tarz,tohum,gun,urun,takvim_yili,raf_kurus,liste_kurus,alis_kurus,stok_ortalama_kurus,bot_hedef_kurus,raf_adet,depo_adet
Temkinli (buyume kapali),21,1,sutas_sut_1l,2011,265,250,187,0,263,32,0
Temkinli (buyume kapali),21,1,pinar_sut_1l,2011,255,245,187,0,257,32,0
Temkinli (buyume kapali),21,1,icim_sut_1l,2011,250,240,182,0,252,32,0
Temkinli (buyume kapali),21,1,torku_sut_1l,2011,235,225,171,0,236,32,0
Temkinli (buyume kapali),21,1,sutas_ayran_200ml,2011,80,75,50,0,79,10,22
Temkinli (buyume kapali),21,1,sutas_yogurt_1kg,2011,370,350,264,0,368,5,27
Temkinli (buyume kapali),21,1,pinar_labne_200g,2011,325,310,231,0,326,7,25
Temkinli (buyume kapali),21,1,danone_danino,2011,250,240,176,0,252,8,24
Temkinli (buyume kapali),21,1,coca_cola_1l,2011,290,275,198,0,289,32,0
Temkinli (buyume kapali),21,1,coca_cola_zero_1l,2011,290,275,198,0,289,32,0
Temkinli (buyume kapali),21,1,coca_cola_kutu_330ml,2011,145,140,99,0,147,12,20
Temkinli (buyume kapali),21,1,fanta_portakal_1l,2011,275,260,187,0,273,32,0
Temkinli (buyume kapali),21,1,sprite_1l,2011,275,260,187,0,273,32,0
Temkinli (buyume kapali),21,1,pepsi_1l,2011,275,260,187,0,273,32,0
Temkinli (buyume kapali),21,1,uludag_gazoz_250ml,2011,105,100,66,0,105,11,21
Temkinli (buyume kapali),21,1,caykur_rize_turist_500g,2011,710,675,528,0,709,32,0
Temkinli (buyume kapali),21,1,caykur_tiryaki_1kg,2011,1260,1200,935,0,1260,32,0
Temkinli (buyume kapali),21,1,lipton_yellow_label_100,2011,1105,1050,825,0,1103,32,0
Temkinli (buyume kapali),21,1,dogus_cay_1kg,2011,1210,1150,880,0,1208,23,9
Temkinli (buyume kapali),21,1,ulker_potibor,2011,185,175,110,0,184,9,23
Temkinli (buyume kapali),21,1,barilla_spagetti_500g,2011,340,325,231,0,341,9,23
Temkinli (buyume kapali),21,1,ariel_toz_4kg,2011,2090,1990,1540,0,2090,32,0
Temkinli (buyume kapali),21,26,sutas_sut_1l,2011,265,250,172,175,263,103,0
Temkinli (buyume kapali),21,26,pinar_sut_1l,2011,255,245,172,173,257,89,0
Temkinli (buyume kapali),21,26,icim_sut_1l,2011,250,240,166,168,252,90,0
Temkinli (buyume kapali),21,26,torku_sut_1l,2011,235,225,157,164,236,175,0
Temkinli (buyume kapali),21,26,sutas_ayran_200ml,2011,80,75,45,45,79,24,14
Temkinli (buyume kapali),21,26,sutas_yogurt_1kg,2011,370,350,242,241,368,1,0
Temkinli (buyume kapali),21,26,pinar_labne_200g,2011,325,310,212,211,326,11,0
Temkinli (buyume kapali),21,26,danone_danino,2011,250,240,161,160,252,0,0
Temkinli (buyume kapali),21,26,coca_cola_1l,2011,290,275,182,184,289,74,0
Temkinli (buyume kapali),21,26,coca_cola_zero_1l,2011,290,275,182,187,289,79,2
Temkinli (buyume kapali),21,26,coca_cola_kutu_330ml,2011,145,140,91,90,147,0,0
Temkinli (buyume kapali),21,26,fanta_portakal_1l,2011,275,260,172,174,273,81,3
Temkinli (buyume kapali),21,26,sprite_1l,2011,275,260,172,174,273,77,0
Temkinli (buyume kapali),21,26,pepsi_1l,2011,275,260,172,175,273,81,0
Temkinli (buyume kapali),21,26,uludag_gazoz_250ml,2011,105,100,61,61,105,23,12
Temkinli (buyume kapali),21,26,caykur_rize_turist_500g,2011,710,680,484,492,714,76,4
Temkinli (buyume kapali),21,26,caykur_tiryaki_1kg,2011,1260,1205,858,864,1265,77,0
Temkinli (buyume kapali),21,26,lipton_yellow_label_100,2011,1105,1055,757,762,1108,74,0
Temkinli (buyume kapali),21,26,dogus_cay_1kg,2011,1210,1155,807,809,1213,48,1
Temkinli (buyume kapali),21,26,ulker_potibor,2011,185,175,101,100,184,12,1
Temkinli (buyume kapali),21,26,barilla_spagetti_500g,2011,340,325,212,211,341,14,3
Temkinli (buyume kapali),21,26,ariel_toz_4kg,2011,2090,2000,1413,1460,2100,95,0
Temkinli (buyume kapali),21,56,sutas_sut_1l,2011,265,255,171,173,268,79,0
Temkinli (buyume kapali),21,56,pinar_sut_1l,2011,255,250,171,172,263,82,0
Temkinli (buyume kapali),21,56,icim_sut_1l,2011,250,245,165,167,257,68,0
Temkinli (buyume kapali),21,56,torku_sut_1l,2011,235,230,156,162,242,175,0
Temkinli (buyume kapali),21,56,sutas_ayran_200ml,2011,80,75,45,45,79,24,4
Temkinli (buyume kapali),21,56,sutas_yogurt_1kg,2011,370,355,241,241,373,8,5
Temkinli (buyume kapali),21,56,pinar_labne_200g,2011,325,315,211,211,331,2,0
Temkinli (buyume kapali),21,56,danone_danino,2011,250,245,161,161,257,9,0
Temkinli (buyume kapali),21,56,coca_cola_1l,2011,290,280,181,184,294,81,8
Temkinli (buyume kapali),21,56,coca_cola_zero_1l,2011,290,280,181,183,294,81,5
Temkinli (buyume kapali),21,56,coca_cola_kutu_330ml,2011,145,140,91,91,147,7,0
Temkinli (buyume kapali),21,56,fanta_portakal_1l,2011,275,265,171,174,278,81,3
Temkinli (buyume kapali),21,56,sprite_1l,2011,275,265,171,174,278,81,1
Temkinli (buyume kapali),21,56,pepsi_1l,2011,275,265,171,174,278,81,0
Temkinli (buyume kapali),21,56,uludag_gazoz_250ml,2011,105,100,60,60,105,20,3
Temkinli (buyume kapali),21,56,caykur_rize_turist_500g,2011,710,685,482,485,719,48,0
Temkinli (buyume kapali),21,56,caykur_tiryaki_1kg,2011,1260,1215,854,859,1276,91,0
Temkinli (buyume kapali),21,56,lipton_yellow_label_100,2011,1105,1065,754,757,1118,78,0
Temkinli (buyume kapali),21,56,dogus_cay_1kg,2011,1210,1165,803,806,1223,41,0
Temkinli (buyume kapali),21,56,ulker_potibor,2011,185,175,100,100,184,12,1
Temkinli (buyume kapali),21,56,barilla_spagetti_500g,2011,340,330,211,211,347,0,0
Temkinli (buyume kapali),21,56,ariel_toz_4kg,2011,2090,2015,1406,1424,2116,89,0
Temkinli (buyume kapali),21,87,sutas_sut_1l,2011,265,255,169,171,268,76,0
Temkinli (buyume kapali),21,87,pinar_sut_1l,2011,270,250,169,172,263,99,0
Temkinli (buyume kapali),21,87,icim_sut_1l,2011,260,245,164,167,257,92,3
Temkinli (buyume kapali),21,87,torku_sut_1l,2011,245,230,154,161,242,168,0
Temkinli (buyume kapali),21,87,sutas_ayran_200ml,2011,80,75,45,45,79,24,0
Temkinli (buyume kapali),21,87,sutas_yogurt_1kg,2011,370,355,239,240,373,1,0
Temkinli (buyume kapali),21,87,pinar_labne_200g,2011,325,315,209,211,331,0,0
Temkinli (buyume kapali),21,87,danone_danino,2011,260,245,159,160,257,11,0
Temkinli (buyume kapali),21,87,coca_cola_1l,2011,290,280,179,181,294,71,0
Temkinli (buyume kapali),21,87,coca_cola_zero_1l,2011,290,280,179,181,294,75,0
Temkinli (buyume kapali),21,87,coca_cola_kutu_330ml,2011,145,145,90,90,152,24,3
Temkinli (buyume kapali),21,87,fanta_portakal_1l,2011,275,265,169,173,278,68,0
Temkinli (buyume kapali),21,87,sprite_1l,2011,275,265,169,173,278,70,0
Temkinli (buyume kapali),21,87,pepsi_1l,2011,275,265,169,173,278,81,0
Temkinli (buyume kapali),21,87,uludag_gazoz_250ml,2011,105,100,60,60,105,24,9
Temkinli (buyume kapali),21,87,caykur_rize_turist_500g,2011,710,690,478,482,725,49,0
Temkinli (buyume kapali),21,87,caykur_tiryaki_1kg,2011,1260,1225,846,853,1286,94,0
Temkinli (buyume kapali),21,87,lipton_yellow_label_100,2011,1105,1070,747,753,1124,63,0
Temkinli (buyume kapali),21,87,dogus_cay_1kg,2011,1210,1175,796,802,1234,38,0
Temkinli (buyume kapali),21,87,ulker_potibor,2011,185,180,100,100,189,8,0
Temkinli (buyume kapali),21,87,barilla_spagetti_500g,2011,340,330,209,211,347,7,0
Temkinli (buyume kapali),21,87,ariel_toz_4kg,2011,2090,2030,1393,1410,2132,94,0
Temkinli (buyume kapali),21,117,sutas_sut_1l,2011,275,255,177,170,268,94,0
Temkinli (buyume kapali),21,117,pinar_sut_1l,2011,265,250,177,171,263,77,0
Temkinli (buyume kapali),21,117,icim_sut_1l,2011,260,245,172,167,257,79,0
Temkinli (buyume kapali),21,117,torku_sut_1l,2011,245,230,161,160,242,182,0
Temkinli (buyume kapali),21,117,sutas_ayran_200ml,2011,80,75,47,45,79,23,1
Temkinli (buyume kapali),21,117,sutas_yogurt_1kg,2011,380,360,250,239,378,8,1
Temkinli (buyume kapali),21,117,pinar_labne_200g,2011,335,320,219,209,336,2,0
Temkinli (buyume kapali),21,117,danone_danino,2011,260,245,166,159,257,5,0
Temkinli (buyume kapali),21,117,coca_cola_1l,2011,300,285,187,180,299,73,0
Temkinli (buyume kapali),21,117,coca_cola_zero_1l,2011,300,285,187,180,299,78,0
Temkinli (buyume kapali),21,117,coca_cola_kutu_330ml,2011,150,145,94,90,152,15,0
Temkinli (buyume kapali),21,117,fanta_portakal_1l,2011,285,265,177,172,278,77,0
Temkinli (buyume kapali),21,117,sprite_1l,2011,285,265,177,172,278,75,0
Temkinli (buyume kapali),21,117,pepsi_1l,2011,285,265,177,172,278,75,0
Temkinli (buyume kapali),21,117,uludag_gazoz_250ml,2011,105,105,62,60,110,12,0
Temkinli (buyume kapali),21,117,caykur_rize_turist_500g,2011,725,695,500,480,730,71,0
Temkinli (buyume kapali),21,117,caykur_tiryaki_1kg,2011,1290,1235,885,852,1297,86,0
Temkinli (buyume kapali),21,117,lipton_yellow_label_100,2011,1130,1080,781,750,1134,76,1
Temkinli (buyume kapali),21,117,dogus_cay_1kg,2011,1235,1180,833,798,1239,45,0
Temkinli (buyume kapali),21,117,ulker_potibor,2011,190,180,104,100,189,12,2
Temkinli (buyume kapali),21,117,barilla_spagetti_500g,2011,350,335,219,209,352,14,4
Temkinli (buyume kapali),21,117,ariel_toz_4kg,2011,2135,2045,1458,1401,2147,92,0
Temkinli (buyume kapali),21,148,sutas_sut_1l,2011,275,260,179,173,273,94,0
Temkinli (buyume kapali),21,148,pinar_sut_1l,2011,265,255,179,175,268,103,0
Temkinli (buyume kapali),21,148,icim_sut_1l,2011,260,250,173,170,263,83,0
Temkinli (buyume kapali),21,148,torku_sut_1l,2011,245,235,162,160,247,184,6
Temkinli (buyume kapali),21,148,sutas_ayran_200ml,2011,85,80,47,47,84,24,5
Temkinli (buyume kapali),21,148,sutas_yogurt_1kg,2011,380,360,252,250,378,4,0
Temkinli (buyume kapali),21,148,pinar_labne_200g,2011,335,320,221,219,336,3,0
Temkinli (buyume kapali),21,148,danone_danino,2011,260,250,168,166,263,14,1
Temkinli (buyume kapali),21,148,coca_cola_1l,2011,300,285,189,185,299,63,0
Temkinli (buyume kapali),21,148,coca_cola_zero_1l,2011,300,285,189,186,299,53,0
Temkinli (buyume kapali),21,148,coca_cola_kutu_330ml,2011,150,145,95,94,152,0,0
Temkinli (buyume kapali),21,148,fanta_portakal_1l,2011,285,270,179,174,284,75,0
Temkinli (buyume kapali),21,148,sprite_1l,2011,285,270,179,175,284,70,0
Temkinli (buyume kapali),21,148,pepsi_1l,2011,285,270,179,175,284,69,0
Temkinli (buyume kapali),21,148,uludag_gazoz_250ml,2011,110,105,63,62,110,0,0
Temkinli (buyume kapali),21,148,caykur_rize_turist_500g,2011,725,700,503,498,735,70,0
Temkinli (buyume kapali),21,148,caykur_tiryaki_1kg,2011,1290,1240,891,875,1302,84,0
Temkinli (buyume kapali),21,148,lipton_yellow_label_100,2011,1130,1085,787,778,1139,72,0
Temkinli (buyume kapali),21,148,dogus_cay_1kg,2011,1235,1190,840,830,1250,35,0
Temkinli (buyume kapali),21,148,ulker_potibor,2011,190,180,105,104,189,9,0
Temkinli (buyume kapali),21,148,barilla_spagetti_500g,2011,350,335,221,219,352,12,2
Temkinli (buyume kapali),21,148,ariel_toz_4kg,2011,2135,2060,1468,1443,2163,91,0
Temkinli (buyume kapali),21,179,sutas_sut_1l,2011,275,260,176,176,273,103,7
Temkinli (buyume kapali),21,179,pinar_sut_1l,2011,265,255,176,178,268,98,0
Temkinli (buyume kapali),21,179,icim_sut_1l,2011,260,250,170,172,263,90,0
Temkinli (buyume kapali),21,179,torku_sut_1l,2011,245,235,160,160,247,184,4
Temkinli (buyume kapali),21,179,sutas_ayran_200ml,2011,85,80,47,47,84,24,17
Temkinli (buyume kapali),21,179,sutas_yogurt_1kg,2011,380,365,247,252,383,7,0
Temkinli (buyume kapali),21,179,pinar_labne_200g,2011,335,325,217,220,341,12,5
Temkinli (buyume kapali),21,179,danone_danino,2011,260,250,165,168,263,14,0
Temkinli (buyume kapali),21,179,coca_cola_1l,2011,300,285,182,186,299,75,0
Temkinli (buyume kapali),21,179,coca_cola_zero_1l,2011,300,285,182,186,299,77,0
Temkinli (buyume kapali),21,179,coca_cola_kutu_330ml,2011,150,145,91,93,152,17,0
Temkinli (buyume kapali),21,179,fanta_portakal_1l,2011,285,270,176,177,284,71,0
Temkinli (buyume kapali),21,179,sprite_1l,2011,285,270,176,177,284,79,0
Temkinli (buyume kapali),21,179,pepsi_1l,2011,285,270,176,176,284,79,0
Temkinli (buyume kapali),21,179,uludag_gazoz_250ml,2011,110,105,62,63,110,22,4
Temkinli (buyume kapali),21,179,caykur_rize_turist_500g,2011,725,705,495,502,740,71,0
Temkinli (buyume kapali),21,179,caykur_tiryaki_1kg,2011,1290,1250,877,884,1313,92,0
Temkinli (buyume kapali),21,179,lipton_yellow_label_100,2011,1130,1095,774,784,1150,78,6
Temkinli (buyume kapali),21,179,dogus_cay_1kg,2011,1235,1200,825,838,1260,39,0
Temkinli (buyume kapali),21,179,ulker_potibor,2011,190,185,101,103,194,8,0
Temkinli (buyume kapali),21,179,barilla_spagetti_500g,2011,350,340,217,220,357,8,0
Temkinli (buyume kapali),21,179,ariel_toz_4kg,2011,2135,2075,1416,1443,2179,96,0
Temkinli (buyume kapali),21,209,sutas_sut_1l,2011,270,265,175,174,278,78,0
Temkinli (buyume kapali),21,209,pinar_sut_1l,2011,275,255,179,178,268,103,0
Temkinli (buyume kapali),21,209,icim_sut_1l,2011,270,250,173,172,263,88,0
Temkinli (buyume kapali),21,209,torku_sut_1l,2011,245,235,162,160,247,174,0
Temkinli (buyume kapali),21,209,sutas_ayran_200ml,2011,85,80,46,46,84,10,0
Temkinli (buyume kapali),21,209,sutas_yogurt_1kg,2011,390,370,246,243,389,7,1
Temkinli (buyume kapali),21,209,pinar_labne_200g,2011,345,325,221,218,341,12,11
Temkinli (buyume kapali),21,209,danone_danino,2011,270,250,168,166,263,5,0
Temkinli (buyume kapali),21,209,coca_cola_1l,2011,295,290,185,185,305,75,0
Temkinli (buyume kapali),21,209,coca_cola_zero_1l,2011,295,290,185,184,305,77,0
Temkinli (buyume kapali),21,209,coca_cola_kutu_330ml,2011,150,145,92,91,152,21,0
Temkinli (buyume kapali),21,209,fanta_portakal_1l,2011,280,275,179,177,289,72,0
Temkinli (buyume kapali),21,209,sprite_1l,2011,280,275,179,177,289,69,0
Temkinli (buyume kapali),21,209,pepsi_1l,2011,280,275,179,176,289,80,0
Temkinli (buyume kapali),21,209,uludag_gazoz_250ml,2011,110,105,63,62,110,24,1
Temkinli (buyume kapali),21,209,caykur_rize_turist_500g,2011,745,710,504,500,746,74,0
Temkinli (buyume kapali),21,209,caykur_tiryaki_1kg,2011,1320,1260,892,883,1323,89,0
Temkinli (buyume kapali),21,209,lipton_yellow_label_100,2011,1155,1105,787,779,1160,74,0
Temkinli (buyume kapali),21,209,dogus_cay_1kg,2011,1265,1210,840,829,1271,31,0
Temkinli (buyume kapali),21,209,ulker_potibor,2011,195,185,103,101,194,12,8
Temkinli (buyume kapali),21,209,barilla_spagetti_500g,2011,360,340,221,218,357,13,0
Temkinli (buyume kapali),21,209,ariel_toz_4kg,2011,2185,2090,1439,1431,2195,95,0
Temkinli (buyume kapali),21,240,sutas_sut_1l,2011,285,265,177,174,278,96,0
Temkinli (buyume kapali),21,240,pinar_sut_1l,2011,275,260,180,178,273,102,0
Temkinli (buyume kapali),21,240,icim_sut_1l,2011,270,255,175,172,268,84,0
Temkinli (buyume kapali),21,240,torku_sut_1l,2011,245,240,165,160,252,147,0
Temkinli (buyume kapali),21,240,sutas_ayran_200ml,2011,85,80,47,46,84,24,6
Temkinli (buyume kapali),21,240,sutas_yogurt_1kg,2011,390,370,250,246,389,8,13
Temkinli (buyume kapali),21,240,pinar_labne_200g,2011,345,330,222,220,347,4,0
Temkinli (buyume kapali),21,240,danone_danino,2011,270,255,170,168,268,8,0
Temkinli (buyume kapali),21,240,coca_cola_1l,2011,310,290,187,185,305,81,1
Temkinli (buyume kapali),21,240,coca_cola_zero_1l,2011,310,290,187,184,305,80,0
Temkinli (buyume kapali),21,240,coca_cola_kutu_330ml,2011,150,150,94,92,158,21,0
Temkinli (buyume kapali),21,240,fanta_portakal_1l,2011,295,275,180,177,289,77,5
Temkinli (buyume kapali),21,240,sprite_1l,2011,295,275,180,177,289,81,1
Temkinli (buyume kapali),21,240,pepsi_1l,2011,295,275,180,176,289,76,0
Temkinli (buyume kapali),21,240,uludag_gazoz_250ml,2011,110,105,63,63,110,18,0
Temkinli (buyume kapali),21,240,caykur_rize_turist_500g,2011,745,715,509,501,751,71,0
Temkinli (buyume kapali),21,240,caykur_tiryaki_1kg,2011,1320,1270,902,886,1334,96,0
Temkinli (buyume kapali),21,240,lipton_yellow_label_100,2011,1155,1110,796,783,1166,73,0
Temkinli (buyume kapali),21,240,dogus_cay_1kg,2011,1265,1215,848,838,1276,41,0
Temkinli (buyume kapali),21,240,ulker_potibor,2011,195,185,104,102,194,12,6
Temkinli (buyume kapali),21,240,barilla_spagetti_500g,2011,360,345,218,216,362,3,0
Temkinli (buyume kapali),21,240,ariel_toz_4kg,2011,2185,2105,1455,1432,2210,90,0
Temkinli (buyume kapali),21,270,sutas_sut_1l,2011,285,265,177,174,278,102,0
Temkinli (buyume kapali),21,270,pinar_sut_1l,2011,275,260,181,179,273,104,7
Temkinli (buyume kapali),21,270,icim_sut_1l,2011,270,255,175,173,268,90,7
Temkinli (buyume kapali),21,270,torku_sut_1l,2011,255,240,165,162,252,184,0
Temkinli (buyume kapali),21,270,sutas_ayran_200ml,2011,85,80,47,47,84,21,0
Temkinli (buyume kapali),21,270,sutas_yogurt_1kg,2011,390,375,250,249,394,8,6
Temkinli (buyume kapali),21,270,pinar_labne_200g,2011,345,330,223,222,347,8,0
Temkinli (buyume kapali),21,270,danone_danino,2011,270,255,170,169,268,9,0
Temkinli (buyume kapali),21,270,coca_cola_1l,2011,310,295,188,185,310,80,0
Temkinli (buyume kapali),21,270,coca_cola_zero_1l,2011,310,295,188,184,310,75,0
Temkinli (buyume kapali),21,270,coca_cola_kutu_330ml,2011,160,150,94,94,158,16,0
Temkinli (buyume kapali),21,270,fanta_portakal_1l,2011,295,275,181,177,289,80,0
Temkinli (buyume kapali),21,270,sprite_1l,2011,295,275,181,177,289,81,0
Temkinli (buyume kapali),21,270,pepsi_1l,2011,295,275,181,177,289,75,0
Temkinli (buyume kapali),21,270,uludag_gazoz_250ml,2011,110,105,64,63,110,12,0
Temkinli (buyume kapali),21,270,caykur_rize_turist_500g,2011,745,720,510,507,756,75,7
Temkinli (buyume kapali),21,270,caykur_tiryaki_1kg,2011,1320,1280,904,898,1344,77,0
Temkinli (buyume kapali),21,270,lipton_yellow_label_100,2011,1155,1120,797,792,1176,58,0
Temkinli (buyume kapali),21,270,dogus_cay_1kg,2011,1265,1225,850,847,1286,45,0
Temkinli (buyume kapali),21,270,ulker_potibor,2011,195,185,104,104,194,11,0
Temkinli (buyume kapali),21,270,barilla_spagetti_500g,2011,360,345,219,218,362,5,0
Temkinli (buyume kapali),21,270,ariel_toz_4kg,2011,2185,2120,1458,1444,2226,94,0
Temkinli (buyume kapali),21,301,sutas_sut_1l,2012,280,270,177,175,284,100,0
Temkinli (buyume kapali),21,301,pinar_sut_1l,2012,270,265,181,180,278,89,0
Temkinli (buyume kapali),21,301,icim_sut_1l,2012,265,260,175,173,273,80,0
Temkinli (buyume kapali),21,301,torku_sut_1l,2012,255,240,164,162,252,184,2
Temkinli (buyume kapali),21,301,sutas_ayran_200ml,2012,85,80,47,47,84,24,2
Temkinli (buyume kapali),21,301,sutas_yogurt_1kg,2012,400,375,250,249,394,8,2
Temkinli (buyume kapali),21,301,pinar_labne_200g,2012,340,335,223,223,352,0,0
Temkinli (buyume kapali),21,301,danone_danino,2012,265,260,170,170,273,3,0
Temkinli (buyume kapali),21,301,coca_cola_1l,2012,305,295,187,185,310,56,0
Temkinli (buyume kapali),21,301,coca_cola_zero_1l,2012,305,295,187,185,310,55,0
Temkinli (buyume kapali),21,301,coca_cola_kutu_330ml,2012,155,150,94,94,158,3,0
Temkinli (buyume kapali),21,301,fanta_portakal_1l,2012,290,280,181,178,294,74,0
Temkinli (buyume kapali),21,301,sprite_1l,2012,290,280,181,178,294,65,0
Temkinli (buyume kapali),21,301,pepsi_1l,2012,290,280,181,178,294,66,0
Temkinli (buyume kapali),21,301,uludag_gazoz_250ml,2012,110,105,64,64,110,3,0
Temkinli (buyume kapali),21,301,caykur_rize_turist_500g,2012,765,725,499,502,761,71,0
Temkinli (buyume kapali),21,301,caykur_tiryaki_1kg,2012,1350,1290,885,888,1355,84,0
Temkinli (buyume kapali),21,301,lipton_yellow_label_100,2012,1185,1125,796,797,1181,70,0
Temkinli (buyume kapali),21,301,dogus_cay_1kg,2012,1295,1235,849,850,1297,29,0
Temkinli (buyume kapali),21,301,ulker_potibor,2012,190,190,104,104,200,8,0
Temkinli (buyume kapali),21,301,barilla_spagetti_500g,2012,355,350,218,218,368,4,0
Temkinli (buyume kapali),21,301,ariel_toz_4kg,2012,2235,2135,1457,1450,2242,93,0
Temkinli (buyume kapali),21,332,sutas_sut_1l,2012,280,270,183,176,284,95,0
Temkinli (buyume kapali),21,332,pinar_sut_1l,2012,285,265,187,180,278,99,0
Temkinli (buyume kapali),21,332,icim_sut_1l,2012,280,260,182,173,273,79,0
Temkinli (buyume kapali),21,332,torku_sut_1l,2012,255,245,170,162,257,184,0
Temkinli (buyume kapali),21,332,sutas_ayran_200ml,2012,85,80,49,47,84,15,0
Temkinli (buyume kapali),21,332,sutas_yogurt_1kg,2012,400,380,259,250,399,7,0
Temkinli (buyume kapali),21,332,pinar_labne_200g,2012,355,335,231,223,352,11,0
Temkinli (buyume kapali),21,332,danone_danino,2012,280,260,176,170,273,12,0
Temkinli (buyume kapali),21,332,coca_cola_1l,2012,305,295,194,186,310,68,0
Temkinli (buyume kapali),21,332,coca_cola_zero_1l,2012,305,295,194,186,310,75,0
Temkinli (buyume kapali),21,332,coca_cola_kutu_330ml,2012,155,150,97,94,158,24,10
Temkinli (buyume kapali),21,332,fanta_portakal_1l,2012,290,280,187,178,294,79,0
Temkinli (buyume kapali),21,332,sprite_1l,2012,290,280,187,178,294,81,4
Temkinli (buyume kapali),21,332,pepsi_1l,2012,290,280,187,179,294,78,0
Temkinli (buyume kapali),21,332,uludag_gazoz_250ml,2012,110,110,66,64,116,24,12
Temkinli (buyume kapali),21,332,caykur_rize_turist_500g,2012,765,730,518,502,767,76,8
Temkinli (buyume kapali),21,332,caykur_tiryaki_1kg,2012,1350,1295,916,886,1360,96,2
Temkinli (buyume kapali),21,332,lipton_yellow_label_100,2012,1185,1135,825,797,1192,66,0
Temkinli (buyume kapali),21,332,dogus_cay_1kg,2012,1295,1240,880,849,1302,43,0
Temkinli (buyume kapali),21,332,ulker_potibor,2012,200,190,108,104,200,5,0
Temkinli (buyume kapali),21,332,barilla_spagetti_500g,2012,375,350,226,218,368,8,0
Temkinli (buyume kapali),21,332,ariel_toz_4kg,2012,2235,2150,1509,1451,2258,94,0
Temkinli (buyume kapali),21,361,sutas_sut_1l,2012,280,270,181,181,284,85,0
Temkinli (buyume kapali),21,361,pinar_sut_1l,2012,285,265,185,183,278,103,3
Temkinli (buyume kapali),21,361,icim_sut_1l,2012,280,260,180,178,273,92,5
Temkinli (buyume kapali),21,361,torku_sut_1l,2012,255,245,169,165,257,182,0
Temkinli (buyume kapali),21,361,sutas_ayran_200ml,2012,85,80,48,49,84,24,7
Temkinli (buyume kapali),21,361,sutas_yogurt_1kg,2012,400,380,256,258,399,5,0
Temkinli (buyume kapali),21,361,pinar_labne_200g,2012,355,335,229,230,352,11,5
Temkinli (buyume kapali),21,361,danone_danino,2012,280,260,174,175,273,15,0
Temkinli (buyume kapali),21,361,coca_cola_1l,2012,305,300,192,191,315,65,0
Temkinli (buyume kapali),21,361,coca_cola_zero_1l,2012,305,300,192,191,315,77,0
Temkinli (buyume kapali),21,361,coca_cola_kutu_330ml,2012,155,150,96,96,158,24,0
Temkinli (buyume kapali),21,361,fanta_portakal_1l,2012,290,280,185,183,294,73,0
Temkinli (buyume kapali),21,361,sprite_1l,2012,290,280,185,183,294,80,0
Temkinli (buyume kapali),21,361,pepsi_1l,2012,290,280,185,183,294,81,0
Temkinli (buyume kapali),21,361,uludag_gazoz_250ml,2012,115,110,66,66,116,24,5
Temkinli (buyume kapali),21,361,caykur_rize_turist_500g,2012,765,735,513,513,772,65,0
Temkinli (buyume kapali),21,361,caykur_tiryaki_1kg,2012,1350,1300,908,910,1365,92,0
Temkinli (buyume kapali),21,361,lipton_yellow_label_100,2012,1185,1140,817,820,1197,77,0
Temkinli (buyume kapali),21,361,dogus_cay_1kg,2012,1295,1250,872,877,1313,31,0
Temkinli (buyume kapali),21,361,ulker_potibor,2012,200,190,107,107,200,7,0
Temkinli (buyume kapali),21,361,barilla_spagetti_500g,2012,375,355,224,225,373,5,0
Temkinli (buyume kapali),21,361,ariel_toz_4kg,2012,2235,2160,1496,1488,2268,93,0
Temkinli (buyume kapali),21,392,sutas_sut_1l,2012,235,275,175,178,242,0,0
Temkinli (buyume kapali),21,392,pinar_sut_1l,2012,240,265,179,183,233,74,0
Temkinli (buyume kapali),21,392,icim_sut_1l,2012,235,260,173,179,229,67,0
Temkinli (buyume kapali),21,392,torku_sut_1l,2012,215,245,163,166,216,142,0
Temkinli (buyume kapali),21,392,sutas_ayran_200ml,2012,70,80,46,47,70,2,0
Temkinli (buyume kapali),21,392,sutas_yogurt_1kg,2012,340,380,247,251,334,0,0
Temkinli (buyume kapali),21,392,pinar_labne_200g,2012,295,340,220,224,299,0,0
Temkinli (buyume kapali),21,392,danone_danino,2012,235,260,168,172,229,0,0
Temkinli (buyume kapali),21,392,coca_cola_1l,2012,260,300,185,190,264,41,0
Temkinli (buyume kapali),21,392,coca_cola_zero_1l,2012,260,300,185,190,264,54,0
Temkinli (buyume kapali),21,392,coca_cola_kutu_330ml,2012,135,155,93,94,136,1,0
Temkinli (buyume kapali),21,392,fanta_portakal_1l,2012,245,285,179,183,251,38,0
Temkinli (buyume kapali),21,392,sprite_1l,2012,245,285,179,183,251,29,0
Temkinli (buyume kapali),21,392,pepsi_1l,2012,245,285,179,183,251,73,0
Temkinli (buyume kapali),21,392,uludag_gazoz_250ml,2012,95,110,63,65,97,0,0
Temkinli (buyume kapali),21,392,caykur_rize_turist_500g,2012,660,735,494,506,647,42,0
Temkinli (buyume kapali),21,392,caykur_tiryaki_1kg,2012,1155,1310,874,898,1153,76,0
Temkinli (buyume kapali),21,392,lipton_yellow_label_100,2012,1020,1145,787,805,1008,58,0
Temkinli (buyume kapali),21,392,dogus_cay_1kg,2012,1100,1255,840,859,1104,26,0
Temkinli (buyume kapali),21,392,ulker_potibor,2012,170,190,103,105,167,5,0
Temkinli (buyume kapali),21,392,barilla_spagetti_500g,2012,315,355,216,220,312,14,3
Temkinli (buyume kapali),21,392,ariel_toz_4kg,2012,1905,2170,1441,1477,1910,80,0
Temkinli (buyume kapali),21,422,sutas_sut_1l,2012,245,275,181,176,242,93,0
Temkinli (buyume kapali),21,422,pinar_sut_1l,2012,235,270,184,180,238,99,0
Temkinli (buyume kapali),21,422,icim_sut_1l,2012,230,265,179,174,233,63,0
Temkinli (buyume kapali),21,422,torku_sut_1l,2012,215,245,168,164,216,164,0
Temkinli (buyume kapali),21,422,sutas_ayran_200ml,2012,70,80,47,46,70,21,8
Temkinli (buyume kapali),21,422,sutas_yogurt_1kg,2012,330,385,255,245,339,0,0
Temkinli (buyume kapali),21,422,pinar_labne_200g,2012,305,340,228,219,299,5,0
Temkinli (buyume kapali),21,422,danone_danino,2012,230,265,174,166,233,5,0
Temkinli (buyume kapali),21,422,coca_cola_1l,2012,270,300,191,185,264,78,0
Temkinli (buyume kapali),21,422,coca_cola_zero_1l,2012,270,300,191,185,264,75,0
Temkinli (buyume kapali),21,422,coca_cola_kutu_330ml,2012,140,155,96,92,136,14,0
Temkinli (buyume kapali),21,422,fanta_portakal_1l,2012,255,285,184,179,251,64,0
Temkinli (buyume kapali),21,422,sprite_1l,2012,255,285,184,179,251,64,0
Temkinli (buyume kapali),21,422,pepsi_1l,2012,255,285,184,179,251,65,0
Temkinli (buyume kapali),21,422,uludag_gazoz_250ml,2012,95,110,65,62,97,9,0
Temkinli (buyume kapali),21,422,caykur_rize_turist_500g,2012,645,740,511,492,651,64,0
Temkinli (buyume kapali),21,422,caykur_tiryaki_1kg,2012,1185,1315,904,871,1157,95,0
Temkinli (buyume kapali),21,422,lipton_yellow_label_100,2012,990,1155,814,784,1016,66,0
Temkinli (buyume kapali),21,422,dogus_cay_1kg,2012,1130,1260,868,835,1109,33,0
Temkinli (buyume kapali),21,422,ulker_potibor,2012,165,190,107,102,167,0,0
Temkinli (buyume kapali),21,422,barilla_spagetti_500g,2012,305,355,223,214,312,0,0
Temkinli (buyume kapali),21,422,ariel_toz_4kg,2012,1955,2185,1489,1436,1923,92,0
Temkinli (buyume kapali),21,453,sutas_sut_1l,2012,245,275,179,178,242,71,0
Temkinli (buyume kapali),21,453,pinar_sut_1l,2012,235,270,183,182,238,62,0
Temkinli (buyume kapali),21,453,icim_sut_1l,2012,230,265,177,178,233,38,0
Temkinli (buyume kapali),21,453,torku_sut_1l,2012,215,250,167,166,220,165,0
Temkinli (buyume kapali),21,453,sutas_ayran_200ml,2012,70,85,47,47,75,0,0
Temkinli (buyume kapali),21,453,sutas_yogurt_1kg,2012,330,385,253,254,339,0,0
Temkinli (buyume kapali),21,453,pinar_labne_200g,2012,305,340,226,227,299,0,0
Temkinli (buyume kapali),21,453,danone_danino,2012,230,265,172,173,233,0,0
Temkinli (buyume kapali),21,453,coca_cola_1l,2012,270,305,190,190,268,62,0
Temkinli (buyume kapali),21,453,coca_cola_zero_1l,2012,270,305,190,190,268,74,0
Temkinli (buyume kapali),21,453,coca_cola_kutu_330ml,2012,140,155,94,95,136,1,0
Temkinli (buyume kapali),21,453,fanta_portakal_1l,2012,255,285,183,184,251,70,0
Temkinli (buyume kapali),21,453,sprite_1l,2012,255,285,183,183,251,69,0
Temkinli (buyume kapali),21,453,pepsi_1l,2012,255,285,183,183,251,72,0
Temkinli (buyume kapali),21,453,uludag_gazoz_250ml,2012,95,110,65,65,97,0,0
Temkinli (buyume kapali),21,453,caykur_rize_turist_500g,2012,645,745,506,508,656,69,0
Temkinli (buyume kapali),21,453,caykur_tiryaki_1kg,2012,1185,1325,896,899,1166,68,0
Temkinli (buyume kapali),21,453,lipton_yellow_label_100,2012,990,1160,806,811,1021,52,0
Temkinli (buyume kapali),21,453,dogus_cay_1kg,2012,1130,1270,860,864,1118,18,0
Temkinli (buyume kapali),21,453,ulker_potibor,2012,165,195,105,106,172,0,0
Temkinli (buyume kapali),21,453,barilla_spagetti_500g,2012,305,360,222,223,317,0,0
Temkinli (buyume kapali),21,453,ariel_toz_4kg,2012,1955,2195,1474,1480,1932,86,0
Temkinli (buyume kapali),21,483,sutas_sut_1l,2012,245,280,178,178,246,84,0
Temkinli (buyume kapali),21,483,pinar_sut_1l,2012,235,270,182,182,238,87,0
Temkinli (buyume kapali),21,483,icim_sut_1l,2012,230,265,176,178,233,53,0
Temkinli (buyume kapali),21,483,torku_sut_1l,2012,215,250,166,166,220,64,0
Temkinli (buyume kapali),21,483,sutas_ayran_200ml,2012,75,85,47,47,75,2,0
Temkinli (buyume kapali),21,483,sutas_yogurt_1kg,2012,330,390,252,253,343,0,0
Temkinli (buyume kapali),21,483,pinar_labne_200g,2012,305,345,225,227,304,0,0
Temkinli (buyume kapali),21,483,danone_danino,2012,230,265,172,173,233,0,0
Temkinli (buyume kapali),21,483,coca_cola_1l,2012,270,305,189,190,268,33,0
Temkinli (buyume kapali),21,483,coca_cola_zero_1l,2012,270,305,189,190,268,53,0
Temkinli (buyume kapali),21,483,coca_cola_kutu_330ml,2012,140,155,95,95,136,18,2
Temkinli (buyume kapali),21,483,fanta_portakal_1l,2012,255,290,182,184,255,74,0
Temkinli (buyume kapali),21,483,sprite_1l,2012,255,290,182,183,255,70,0
Temkinli (buyume kapali),21,483,pepsi_1l,2012,255,290,182,183,255,65,0
Temkinli (buyume kapali),21,483,uludag_gazoz_250ml,2012,95,110,64,65,97,19,18
Temkinli (buyume kapali),21,483,caykur_rize_turist_500g,2012,645,750,504,507,660,59,0
Temkinli (buyume kapali),21,483,caykur_tiryaki_1kg,2012,1185,1330,893,898,1170,86,0
Temkinli (buyume kapali),21,483,lipton_yellow_label_100,2012,1050,1165,804,808,1025,69,0
Temkinli (buyume kapali),21,483,dogus_cay_1kg,2012,1130,1275,858,862,1122,32,0
Temkinli (buyume kapali),21,483,ulker_potibor,2012,175,195,105,106,172,7,0
Temkinli (buyume kapali),21,483,barilla_spagetti_500g,2012,325,360,220,222,317,7,0
Temkinli (buyume kapali),21,483,ariel_toz_4kg,2012,1955,2210,1471,1477,1945,85,0
Temkinli (buyume kapali),21,514,sutas_sut_1l,2012,245,280,180,178,246,86,0
Temkinli (buyume kapali),21,514,pinar_sut_1l,2012,235,275,183,182,242,103,0
Temkinli (buyume kapali),21,514,icim_sut_1l,2012,230,270,178,176,238,55,0
Temkinli (buyume kapali),21,514,torku_sut_1l,2012,215,250,168,166,220,115,0
Temkinli (buyume kapali),21,514,sutas_ayran_200ml,2012,75,85,47,47,75,18,0
Temkinli (buyume kapali),21,514,sutas_yogurt_1kg,2012,350,390,254,252,343,8,5
Temkinli (buyume kapali),21,514,pinar_labne_200g,2012,305,345,227,224,304,12,6
Temkinli (buyume kapali),21,514,danone_danino,2012,230,270,173,171,238,15,5
Temkinli (buyume kapali),21,514,coca_cola_1l,2012,270,305,191,190,268,60,0
Temkinli (buyume kapali),21,514,coca_cola_zero_1l,2012,270,305,191,190,268,68,0
Temkinli (buyume kapali),21,514,coca_cola_kutu_330ml,2012,140,155,95,94,136,0,0
Temkinli (buyume kapali),21,514,fanta_portakal_1l,2012,255,290,183,182,255,22,0
Temkinli (buyume kapali),21,514,sprite_1l,2012,255,290,183,183,255,53,0
Temkinli (buyume kapali),21,514,pepsi_1l,2012,255,290,183,182,255,42,0
Temkinli (buyume kapali),21,514,uludag_gazoz_250ml,2012,95,110,65,64,97,23,0
Temkinli (buyume kapali),21,514,caykur_rize_turist_500g,2012,645,755,509,504,664,49,0
Temkinli (buyume kapali),21,514,caykur_tiryaki_1kg,2012,1185,1340,900,893,1179,85,0
Temkinli (buyume kapali),21,514,lipton_yellow_label_100,2012,1050,1170,810,805,1030,63,0
Temkinli (buyume kapali),21,514,dogus_cay_1kg,2012,1130,1285,865,857,1131,26,0
Temkinli (buyume kapali),21,514,ulker_potibor,2012,175,195,106,104,172,0,0
Temkinli (buyume kapali),21,514,barilla_spagetti_500g,2012,325,365,223,220,321,6,0
Temkinli (buyume kapali),21,514,ariel_toz_4kg,2012,1955,2220,1482,1472,1954,83,0
Temkinli (buyume kapali),21,545,sutas_sut_1l,2012,240,280,184,180,246,0,0
Temkinli (buyume kapali),21,545,pinar_sut_1l,2012,245,275,188,182,242,82,0
Temkinli (buyume kapali),21,545,icim_sut_1l,2012,240,270,183,177,238,67,0
Temkinli (buyume kapali),21,545,torku_sut_1l,2012,220,255,172,166,224,146,0
Temkinli (buyume kapali),21,545,sutas_ayran_200ml,2012,75,85,49,47,75,0,0
Temkinli (buyume kapali),21,545,sutas_yogurt_1kg,2012,340,395,260,254,348,0,0
Temkinli (buyume kapali),21,545,pinar_labne_200g,2012,300,350,233,227,308,0,0
Temkinli (buyume kapali),21,545,danone_danino,2012,240,270,177,173,238,0,0
Temkinli (buyume kapali),21,545,coca_cola_1l,2012,265,310,195,190,273,56,0
Temkinli (buyume kapali),21,545,coca_cola_zero_1l,2012,265,310,195,190,273,57,0
Temkinli (buyume kapali),21,545,coca_cola_kutu_330ml,2012,135,155,97,95,136,10,0
Temkinli (buyume kapali),21,545,fanta_portakal_1l,2012,250,290,188,183,255,13,0
Temkinli (buyume kapali),21,545,sprite_1l,2012,250,290,188,183,255,37,0
Temkinli (buyume kapali),21,545,pepsi_1l,2012,250,290,188,183,255,44,0
Temkinli (buyume kapali),21,545,uludag_gazoz_250ml,2012,95,110,67,65,97,0,0
Temkinli (buyume kapali),21,545,caykur_rize_turist_500g,2012,660,760,521,507,669,63,0
Temkinli (buyume kapali),21,545,caykur_tiryaki_1kg,2012,1150,1350,922,899,1188,77,0
Temkinli (buyume kapali),21,545,lipton_yellow_label_100,2012,1015,1180,830,809,1038,46,0
Temkinli (buyume kapali),21,545,dogus_cay_1kg,2012,1160,1290,885,864,1135,37,0
Temkinli (buyume kapali),21,545,ulker_potibor,2012,170,195,108,106,172,0,0
Temkinli (buyume kapali),21,545,barilla_spagetti_500g,2012,315,365,228,223,321,0,0
Temkinli (buyume kapali),21,545,ariel_toz_4kg,2012,2000,2235,1518,1479,1967,96,1
Temkinli (buyume kapali),21,575,sutas_sut_1l,2012,240,280,178,183,246,0,0
Temkinli (buyume kapali),21,575,pinar_sut_1l,2012,245,275,182,185,242,82,0
Temkinli (buyume kapali),21,575,icim_sut_1l,2012,240,270,176,181,238,73,0
Temkinli (buyume kapali),21,575,torku_sut_1l,2012,220,255,165,170,224,128,0
Temkinli (buyume kapali),21,575,sutas_ayran_200ml,2012,75,85,47,49,75,9,0
Temkinli (buyume kapali),21,575,sutas_yogurt_1kg,2012,340,395,251,259,348,0,0
Temkinli (buyume kapali),21,575,pinar_labne_200g,2012,300,350,224,231,308,0,0
Temkinli (buyume kapali),21,575,danone_danino,2012,240,270,171,176,238,10,0
Temkinli (buyume kapali),21,575,coca_cola_1l,2012,280,310,188,194,273,57,0
Temkinli (buyume kapali),21,575,coca_cola_zero_1l,2012,280,310,188,194,273,51,0
Temkinli (buyume kapali),21,575,coca_cola_kutu_330ml,2012,145,160,94,97,141,0,0
Temkinli (buyume kapali),21,575,fanta_portakal_1l,2012,265,295,182,187,260,43,0
Temkinli (buyume kapali),21,575,sprite_1l,2012,265,295,182,187,260,54,0
Temkinli (buyume kapali),21,575,pepsi_1l,2012,265,295,182,187,260,49,0
Temkinli (buyume kapali),21,575,uludag_gazoz_250ml,2012,100,115,64,66,101,0,0
Temkinli (buyume kapali),21,575,caykur_rize_turist_500g,2012,660,760,502,517,669,58,0
Temkinli (buyume kapali),21,575,caykur_tiryaki_1kg,2012,1220,1355,889,917,1192,81,0
Temkinli (buyume kapali),21,575,lipton_yellow_label_100,2012,1015,1185,800,825,1043,59,0
Temkinli (buyume kapali),21,575,dogus_cay_1kg,2012,1160,1300,853,881,1144,32,0
Temkinli (buyume kapali),21,575,ulker_potibor,2012,180,200,105,108,176,0,0
Temkinli (buyume kapali),21,575,barilla_spagetti_500g,2012,315,365,220,227,321,2,0
Temkinli (buyume kapali),21,575,ariel_toz_4kg,2012,2000,2245,1464,1507,1976,96,1
Temkinli (buyume kapali),21,606,sutas_sut_1l,2012,240,285,179,178,251,51,0
Temkinli (buyume kapali),21,606,pinar_sut_1l,2012,245,280,183,184,246,90,0
Temkinli (buyume kapali),21,606,icim_sut_1l,2012,240,275,178,177,242,66,0
Temkinli (buyume kapali),21,606,torku_sut_1l,2012,220,255,166,167,224,165,0
Temkinli (buyume kapali),21,606,sutas_ayran_200ml,2012,75,85,47,47,75,20,0
Temkinli (buyume kapali),21,606,sutas_yogurt_1kg,2012,340,400,253,252,352,0,0
Temkinli (buyume kapali),21,606,pinar_labne_200g,2012,300,350,227,225,308,0,0
Temkinli (buyume kapali),21,606,danone_danino,2012,240,275,172,171,242,0,0
Temkinli (buyume kapali),21,606,coca_cola_1l,2012,280,310,190,189,273,78,0
Temkinli (buyume kapali),21,606,coca_cola_zero_1l,2012,280,310,190,189,273,77,0
Temkinli (buyume kapali),21,606,coca_cola_kutu_330ml,2012,145,160,95,94,141,10,0
Temkinli (buyume kapali),21,606,fanta_portakal_1l,2012,265,295,183,183,260,72,0
Temkinli (buyume kapali),21,606,sprite_1l,2012,265,295,183,183,260,70,0
Temkinli (buyume kapali),21,606,pepsi_1l,2012,265,295,183,183,260,61,0
Temkinli (buyume kapali),21,606,uludag_gazoz_250ml,2012,100,115,65,64,101,0,0
Temkinli (buyume kapali),21,606,caykur_rize_turist_500g,2012,660,765,506,503,673,36,0
Temkinli (buyume kapali),21,606,caykur_tiryaki_1kg,2012,1220,1365,897,890,1201,82,0
Temkinli (buyume kapali),21,606,lipton_yellow_label_100,2012,1015,1195,807,801,1052,59,0
Temkinli (buyume kapali),21,606,dogus_cay_1kg,2012,1160,1305,862,854,1148,32,0
Temkinli (buyume kapali),21,606,ulker_potibor,2012,180,200,105,105,176,12,2
Temkinli (buyume kapali),21,606,barilla_spagetti_500g,2012,315,370,222,220,326,0,0
Temkinli (buyume kapali),21,606,ariel_toz_4kg,2012,2000,2260,1477,1468,1989,90,0
Temkinli (buyume kapali),21,636,sutas_sut_1l,2012,255,285,187,179,251,82,0
Temkinli (buyume kapali),21,636,pinar_sut_1l,2012,245,280,191,184,246,89,0
Temkinli (buyume kapali),21,636,icim_sut_1l,2012,240,275,185,177,242,67,0
Temkinli (buyume kapali),21,636,torku_sut_1l,2012,220,255,174,167,224,150,0
Temkinli (buyume kapali),21,636,sutas_ayran_200ml,2012,75,85,49,47,75,21,9
Temkinli (buyume kapali),21,636,sutas_yogurt_1kg,2012,360,400,263,253,352,4,0
Temkinli (buyume kapali),21,636,pinar_labne_200g,2012,300,355,235,227,312,0,0
Temkinli (buyume kapali),21,636,danone_danino,2012,240,275,180,172,242,2,0
Temkinli (buyume kapali),21,636,coca_cola_1l,2012,280,315,198,189,277,55,0
Temkinli (buyume kapali),21,636,coca_cola_zero_1l,2012,280,315,198,189,277,75,0
Temkinli (buyume kapali),21,636,coca_cola_kutu_330ml,2012,145,160,99,95,141,0,0
Temkinli (buyume kapali),21,636,fanta_portakal_1l,2012,265,295,191,183,260,78,0
Temkinli (buyume kapali),21,636,sprite_1l,2012,265,295,191,183,260,56,0
Temkinli (buyume kapali),21,636,pepsi_1l,2012,265,295,191,183,260,67,0
Temkinli (buyume kapali),21,636,uludag_gazoz_250ml,2012,100,115,68,65,101,0,0
Temkinli (buyume kapali),21,636,caykur_rize_turist_500g,2012,660,770,527,506,678,59,0
Temkinli (buyume kapali),21,636,caykur_tiryaki_1kg,2012,1220,1370,934,895,1206,69,0
Temkinli (buyume kapali),21,636,lipton_yellow_label_100,2012,1075,1200,841,807,1056,55,0
Temkinli (buyume kapali),21,636,dogus_cay_1kg,2012,1160,1315,896,861,1157,33,0
Temkinli (buyume kapali),21,636,ulker_potibor,2012,180,200,110,105,176,1,0
Temkinli (buyume kapali),21,636,barilla_spagetti_500g,2012,335,370,231,222,326,1,0
Temkinli (buyume kapali),21,636,ariel_toz_4kg,2012,2000,2275,1537,1474,2002,87,0
Temkinli (buyume kapali),21,667,sutas_sut_1l,2013,250,285,185,186,251,85,0
Temkinli (buyume kapali),21,667,pinar_sut_1l,2013,240,280,189,190,246,75,0
Temkinli (buyume kapali),21,667,icim_sut_1l,2013,235,275,183,184,242,0,0
Temkinli (buyume kapali),21,667,torku_sut_1l,2013,230,260,172,172,229,173,0
Temkinli (buyume kapali),21,667,sutas_ayran_200ml,2013,75,85,49,49,75,24,21
Temkinli (buyume kapali),21,667,sutas_yogurt_1kg,2013,350,400,261,262,352,0,0
Temkinli (buyume kapali),21,667,pinar_labne_200g,2013,310,355,233,234,312,1,0
Temkinli (buyume kapali),21,667,danone_danino,2013,235,275,178,179,242,0,0
Temkinli (buyume kapali),21,667,coca_cola_1l,2013,275,315,196,196,277,47,0
Temkinli (buyume kapali),21,667,coca_cola_zero_1l,2013,275,315,196,196,277,54,0
Temkinli (buyume kapali),21,667,coca_cola_kutu_330ml,2013,140,160,97,98,141,0,0
Temkinli (buyume kapali),21,667,fanta_portakal_1l,2013,260,300,189,189,264,64,0
Temkinli (buyume kapali),21,667,sprite_1l,2013,260,300,189,189,264,56,0
Temkinli (buyume kapali),21,667,pepsi_1l,2013,260,300,189,189,264,51,0
Temkinli (buyume kapali),21,667,uludag_gazoz_250ml,2013,100,115,66,67,101,0,0
Temkinli (buyume kapali),21,667,caykur_rize_turist_500g,2013,680,775,521,525,682,59,0
Temkinli (buyume kapali),21,667,caykur_tiryaki_1kg,2013,1180,1380,923,930,1214,74,0
Temkinli (buyume kapali),21,667,lipton_yellow_label_100,2013,1040,1205,831,836,1060,70,0
Temkinli (buyume kapali),21,667,dogus_cay_1kg,2013,1125,1320,886,891,1162,11,0
Temkinli (buyume kapali),21,667,ulker_potibor,2013,175,200,108,109,176,12,22
Temkinli (buyume kapali),21,667,barilla_spagetti_500g,2013,325,375,228,229,330,0,0
Temkinli (buyume kapali),21,667,ariel_toz_4kg,2013,2050,2285,1521,1523,2011,93,0
Temkinli (buyume kapali),21,698,sutas_sut_1l,2013,250,290,186,185,255,84,0
Temkinli (buyume kapali),21,698,pinar_sut_1l,2013,240,285,190,188,251,27,0
Temkinli (buyume kapali),21,698,icim_sut_1l,2013,235,275,185,183,242,0,0
Temkinli (buyume kapali),21,698,torku_sut_1l,2013,230,260,174,172,229,155,0
Temkinli (buyume kapali),21,698,sutas_ayran_200ml,2013,75,85,49,49,75,0,0
Temkinli (buyume kapali),21,698,sutas_yogurt_1kg,2013,350,405,263,260,356,8,6
Temkinli (buyume kapali),21,698,pinar_labne_200g,2013,310,360,235,232,317,6,0
Temkinli (buyume kapali),21,698,danone_danino,2013,235,275,179,177,242,0,0
Temkinli (buyume kapali),21,698,coca_cola_1l,2013,275,320,197,196,282,65,0
Temkinli (buyume kapali),21,698,coca_cola_zero_1l,2013,275,320,197,196,282,80,0
Temkinli (buyume kapali),21,698,coca_cola_kutu_330ml,2013,140,160,99,97,141,24,10
Temkinli (buyume kapali),21,698,fanta_portakal_1l,2013,260,300,190,189,264,63,0
Temkinli (buyume kapali),21,698,sprite_1l,2013,260,300,190,189,264,66,0
Temkinli (buyume kapali),21,698,pepsi_1l,2013,260,300,190,189,264,76,0
Temkinli (buyume kapali),21,698,uludag_gazoz_250ml,2013,100,115,67,66,101,17,0
Temkinli (buyume kapali),21,698,caykur_rize_turist_500g,2013,680,780,525,521,686,49,0
Temkinli (buyume kapali),21,698,caykur_tiryaki_1kg,2013,1180,1385,931,922,1219,64,0
Temkinli (buyume kapali),21,698,lipton_yellow_label_100,2013,1040,1215,838,830,1069,54,0
Temkinli (buyume kapali),21,698,dogus_cay_1kg,2013,1190,1330,894,885,1170,28,0
Temkinli (buyume kapali),21,698,ulker_potibor,2013,175,200,110,108,176,4,0
Temkinli (buyume kapali),21,698,barilla_spagetti_500g,2013,325,375,230,228,330,11,0
Temkinli (buyume kapali),21,698,ariel_toz_4kg,2013,2050,2300,1534,1522,2024,83,0
Temkinli (buyume kapali),21,726,sutas_sut_1l,2013,250,290,186,186,255,62,0
Temkinli (buyume kapali),21,726,pinar_sut_1l,2013,255,285,190,190,251,77,0
Temkinli (buyume kapali),21,726,icim_sut_1l,2013,235,280,184,185,246,55,0
Temkinli (buyume kapali),21,726,torku_sut_1l,2013,230,260,173,172,229,166,0
Temkinli (buyume kapali),21,726,sutas_ayran_200ml,2013,75,85,49,50,75,0,0
Temkinli (buyume kapali),21,726,sutas_yogurt_1kg,2013,350,405,263,264,356,0,0
Temkinli (buyume kapali),21,726,pinar_labne_200g,2013,310,360,234,236,317,3,0
Temkinli (buyume kapali),21,726,danone_danino,2013,235,280,179,180,246,9,0
Temkinli (buyume kapali),21,726,coca_cola_1l,2013,275,320,197,198,282,65,0
Temkinli (buyume kapali),21,726,coca_cola_zero_1l,2013,275,320,197,196,282,48,0
Temkinli (buyume kapali),21,726,coca_cola_kutu_330ml,2013,140,165,98,99,145,14,0
Temkinli (buyume kapali),21,726,fanta_portakal_1l,2013,260,300,190,190,264,52,0
Temkinli (buyume kapali),21,726,sprite_1l,2013,260,300,190,190,264,44,0
Temkinli (buyume kapali),21,726,pepsi_1l,2013,260,300,190,190,264,54,0
Temkinli (buyume kapali),21,726,uludag_gazoz_250ml,2013,100,115,67,67,101,22,0
Temkinli (buyume kapali),21,726,caykur_rize_turist_500g,2013,680,785,525,527,691,50,0
Temkinli (buyume kapali),21,726,caykur_tiryaki_1kg,2013,1250,1395,929,934,1228,79,0
Temkinli (buyume kapali),21,726,lipton_yellow_label_100,2013,1040,1220,837,841,1074,46,0
Temkinli (buyume kapali),21,726,dogus_cay_1kg,2013,1190,1335,920,914,1175,16,0
Temkinli (buyume kapali),21,726,ulker_potibor,2013,175,205,109,110,180,0,0
Temkinli (buyume kapali),21,726,barilla_spagetti_500g,2013,325,380,229,231,334,0,0
Temkinli (buyume kapali),21,726,ariel_toz_4kg,2013,2050,2315,1531,1536,2037,91,0
Temkinli (buyume kapali),21,757,sutas_sut_1l,2013,250,290,187,187,255,37,0
Temkinli (buyume kapali),21,757,pinar_sut_1l,2013,255,285,191,190,251,90,0
Temkinli (buyume kapali),21,757,icim_sut_1l,2013,250,280,185,184,246,75,0
Temkinli (buyume kapali),21,757,torku_sut_1l,2013,230,265,174,173,233,173,0
Temkinli (buyume kapali),21,757,sutas_ayran_200ml,2013,80,90,49,49,79,22,22
Temkinli (buyume kapali),21,757,sutas_yogurt_1kg,2013,370,410,263,264,361,0,0
Temkinli (buyume kapali),21,757,pinar_labne_200g,2013,330,365,235,235,321,0,0
Temkinli (buyume kapali),21,757,danone_danino,2013,250,280,179,179,246,15,5
Temkinli (buyume kapali),21,757,coca_cola_1l,2013,275,320,198,198,282,69,0
Temkinli (buyume kapali),21,757,coca_cola_zero_1l,2013,275,320,198,197,282,54,0
Temkinli (buyume kapali),21,757,coca_cola_kutu_330ml,2013,150,165,99,99,145,0,0
Temkinli (buyume kapali),21,757,fanta_portakal_1l,2013,275,305,191,190,268,49,0
Temkinli (buyume kapali),21,757,sprite_1l,2013,275,305,191,190,268,53,0
Temkinli (buyume kapali),21,757,pepsi_1l,2013,275,305,191,190,268,61,0
Temkinli (buyume kapali),21,757,uludag_gazoz_250ml,2013,100,115,68,68,101,21,2
Temkinli (buyume kapali),21,757,caykur_rize_turist_500g,2013,680,790,527,527,695,62,0
Temkinli (buyume kapali),21,757,caykur_tiryaki_1kg,2013,1250,1405,932,932,1236,82,0
Temkinli (buyume kapali),21,757,lipton_yellow_label_100,2013,1100,1230,839,839,1082,78,0
Temkinli (buyume kapali),21,757,dogus_cay_1kg,2013,1190,1345,922,924,1184,38,0
Temkinli (buyume kapali),21,757,ulker_potibor,2013,185,205,110,110,180,12,9
Temkinli (buyume kapali),21,757,barilla_spagetti_500g,2013,325,380,230,230,334,5,0
Temkinli (buyume kapali),21,757,ariel_toz_4kg,2013,2050,2325,1536,1535,2046,83,0
Temkinli (buyume kapali),21,787,sutas_sut_1l,2013,260,295,192,187,260,95,0
Temkinli (buyume kapali),21,787,pinar_sut_1l,2013,250,290,196,191,255,103,0
Temkinli (buyume kapali),21,787,icim_sut_1l,2013,245,280,190,185,246,81,0
Temkinli (buyume kapali),21,787,torku_sut_1l,2013,240,265,179,173,233,173,0
Temkinli (buyume kapali),21,787,sutas_ayran_200ml,2013,80,90,51,49,79,12,0
Temkinli (buyume kapali),21,787,sutas_yogurt_1kg,2013,360,410,272,263,361,8,4
Temkinli (buyume kapali),21,787,pinar_labne_200g,2013,320,365,242,235,321,12,1
Temkinli (buyume kapali),21,787,danone_danino,2013,245,280,184,180,246,9,0
Temkinli (buyume kapali),21,787,coca_cola_1l,2013,285,325,203,198,286,63,0
Temkinli (buyume kapali),21,787,coca_cola_zero_1l,2013,285,325,203,197,286,80,0
Temkinli (buyume kapali),21,787,coca_cola_kutu_330ml,2013,145,165,102,99,145,0,0
Temkinli (buyume kapali),21,787,fanta_portakal_1l,2013,270,305,196,190,268,74,0
Temkinli (buyume kapali),21,787,sprite_1l,2013,270,305,196,190,268,66,0
Temkinli (buyume kapali),21,787,pepsi_1l,2013,270,305,196,190,268,72,0
Temkinli (buyume kapali),21,787,uludag_gazoz_250ml,2013,100,120,70,68,106,14,0
Temkinli (buyume kapali),21,787,caykur_rize_turist_500g,2013,700,795,542,527,700,76,2
Temkinli (buyume kapali),21,787,caykur_tiryaki_1kg,2013,1210,1410,960,932,1241,71,0
Temkinli (buyume kapali),21,787,lipton_yellow_label_100,2013,1070,1235,865,840,1087,56,0
Temkinli (buyume kapali),21,787,dogus_cay_1kg,2013,1155,1355,950,923,1192,32,0
Temkinli (buyume kapali),21,787,ulker_potibor,2013,180,205,113,110,180,12,6
Temkinli (buyume kapali),21,787,barilla_spagetti_500g,2013,335,380,237,230,334,0,0
Temkinli (buyume kapali),21,787,ariel_toz_4kg,2013,2100,2340,1583,1535,2059,94,0
Temkinli (buyume kapali),21,818,sutas_sut_1l,2013,260,295,193,189,260,83,0
Temkinli (buyume kapali),21,818,pinar_sut_1l,2013,250,290,197,195,255,44,0
Temkinli (buyume kapali),21,818,icim_sut_1l,2013,245,285,191,189,251,56,0
Temkinli (buyume kapali),21,818,torku_sut_1l,2013,240,265,179,175,233,171,0
Temkinli (buyume kapali),21,818,sutas_ayran_200ml,2013,80,90,51,51,79,5,0
Temkinli (buyume kapali),21,818,sutas_yogurt_1kg,2013,360,415,272,271,365,0,0
Temkinli (buyume kapali),21,818,pinar_labne_200g,2013,320,365,243,241,321,12,15
Temkinli (buyume kapali),21,818,danone_danino,2013,245,285,185,184,251,1,0
Temkinli (buyume kapali),21,818,coca_cola_1l,2013,285,325,204,203,286,47,0
Temkinli (buyume kapali),21,818,coca_cola_zero_1l,2013,285,325,204,203,286,69,0
Temkinli (buyume kapali),21,818,coca_cola_kutu_330ml,2013,145,165,102,101,145,12,0
Temkinli (buyume kapali),21,818,fanta_portakal_1l,2013,270,310,197,194,273,70,0
Temkinli (buyume kapali),21,818,sprite_1l,2013,270,310,197,194,273,53,0
Temkinli (buyume kapali),21,818,pepsi_1l,2013,270,310,197,194,273,74,0
Temkinli (buyume kapali),21,818,uludag_gazoz_250ml,2013,105,120,69,69,106,24,7
Temkinli (buyume kapali),21,818,caykur_rize_turist_500g,2013,700,800,544,540,704,34,0
Temkinli (buyume kapali),21,818,caykur_tiryaki_1kg,2013,1210,1420,963,955,1250,68,0
Temkinli (buyume kapali),21,818,lipton_yellow_label_100,2013,1070,1245,868,861,1096,68,0
Temkinli (buyume kapali),21,818,dogus_cay_1kg,2013,1225,1360,953,946,1197,46,0
Temkinli (buyume kapali),21,818,ulker_potibor,2013,180,205,113,112,180,4,0
Temkinli (buyume kapali),21,818,barilla_spagetti_500g,2013,335,385,238,236,339,6,0
Temkinli (buyume kapali),21,818,ariel_toz_4kg,2013,2100,2355,1586,1574,2072,86,0
Temkinli (buyume kapali),21,848,sutas_sut_1l,2013,260,300,194,192,264,69,0
Temkinli (buyume kapali),21,848,pinar_sut_1l,2013,250,290,198,196,255,84,0
Temkinli (buyume kapali),21,848,icim_sut_1l,2013,245,285,193,191,251,0,0
Temkinli (buyume kapali),21,848,torku_sut_1l,2013,240,270,181,177,238,165,0
Temkinli (buyume kapali),21,848,sutas_ayran_200ml,2013,80,90,52,51,79,15,0
Temkinli (buyume kapali),21,848,sutas_yogurt_1kg,2013,360,415,275,271,365,0,0
Temkinli (buyume kapali),21,848,pinar_labne_200g,2013,320,370,245,243,326,8,0
Temkinli (buyume kapali),21,848,danone_danino,2013,245,285,186,185,251,0,0
Temkinli (buyume kapali),21,848,coca_cola_1l,2013,285,325,206,203,286,59,0
Temkinli (buyume kapali),21,848,coca_cola_zero_1l,2013,285,325,206,204,286,40,0
Temkinli (buyume kapali),21,848,coca_cola_kutu_330ml,2013,145,165,103,102,145,1,0
Temkinli (buyume kapali),21,848,fanta_portakal_1l,2013,270,310,198,197,273,18,0
Temkinli (buyume kapali),21,848,sprite_1l,2013,270,310,198,197,273,54,0
Temkinli (buyume kapali),21,848,pepsi_1l,2013,270,310,198,196,273,46,0
Temkinli (buyume kapali),21,848,uludag_gazoz_250ml,2013,105,120,70,69,106,12,0
Temkinli (buyume kapali),21,848,caykur_rize_turist_500g,2013,700,805,549,544,708,58,0
Temkinli (buyume kapali),21,848,caykur_tiryaki_1kg,2013,1280,1430,973,961,1258,83,0
Temkinli (buyume kapali),21,848,lipton_yellow_label_100,2013,1070,1250,876,867,1100,60,0
Temkinli (buyume kapali),21,848,dogus_cay_1kg,2013,1225,1370,962,952,1206,33,0
Temkinli (buyume kapali),21,848,ulker_potibor,2013,180,210,115,113,185,3,0
Temkinli (buyume kapali),21,848,barilla_spagetti_500g,2013,335,385,241,238,339,7,0
Temkinli (buyume kapali),21,848,ariel_toz_4kg,2013,2100,2370,1603,1583,2086,94,0
Temkinli (buyume kapali),21,879,sutas_sut_1l,2013,260,300,195,194,264,86,0
Temkinli (buyume kapali),21,879,pinar_sut_1l,2013,250,295,199,198,260,75,0
Temkinli (buyume kapali),21,879,icim_sut_1l,2013,245,290,193,192,255,19,0
Temkinli (buyume kapali),21,879,torku_sut_1l,2013,240,270,181,179,238,176,0
Temkinli (buyume kapali),21,879,sutas_ayran_200ml,2013,80,90,51,51,79,10,0
Temkinli (buyume kapali),21,879,sutas_yogurt_1kg,2013,360,420,276,275,370,0,0
Temkinli (buyume kapali),21,879,pinar_labne_200g,2013,320,370,246,245,326,2,0
Temkinli (buyume kapali),21,879,danone_danino,2013,245,290,188,186,255,7,0
Temkinli (buyume kapali),21,879,coca_cola_1l,2013,285,330,207,205,290,61,0
Temkinli (buyume kapali),21,879,coca_cola_zero_1l,2013,285,330,207,206,290,45,0
Temkinli (buyume kapali),21,879,coca_cola_kutu_330ml,2013,145,170,104,103,150,0,0
Temkinli (buyume kapali),21,879,fanta_portakal_1l,2013,270,310,199,198,273,29,0
Temkinli (buyume kapali),21,879,sprite_1l,2013,270,310,199,199,273,6,0
Temkinli (buyume kapali),21,879,pepsi_1l,2013,270,310,199,199,273,37,0
Temkinli (buyume kapali),21,879,uludag_gazoz_250ml,2013,105,120,70,70,106,24,22
Temkinli (buyume kapali),21,879,caykur_rize_turist_500g,2013,700,810,552,548,713,64,0
Temkinli (buyume kapali),21,879,caykur_tiryaki_1kg,2013,1280,1440,977,970,1267,63,0
Temkinli (buyume kapali),21,879,lipton_yellow_label_100,2013,1070,1260,880,874,1109,42,0
Temkinli (buyume kapali),21,879,dogus_cay_1kg,2013,1225,1380,967,961,1214,26,0
Temkinli (buyume kapali),21,879,ulker_potibor,2013,180,210,115,115,185,12,14
Temkinli (buyume kapali),21,879,barilla_spagetti_500g,2013,335,390,241,240,343,2,0
Temkinli (buyume kapali),21,879,ariel_toz_4kg,2013,2100,2385,1610,1597,2099,91,0
Temkinli (buyume kapali),21,910,sutas_sut_1l,2013,270,300,192,194,264,92,0
Temkinli (buyume kapali),21,910,pinar_sut_1l,2013,260,295,196,198,260,48,0
Temkinli (buyume kapali),21,910,icim_sut_1l,2013,255,290,191,194,255,51,0
Temkinli (buyume kapali),21,910,torku_sut_1l,2013,235,270,179,181,238,88,0
Temkinli (buyume kapali),21,910,sutas_ayran_200ml,2013,80,90,51,51,79,2,0
Temkinli (buyume kapali),21,910,sutas_yogurt_1kg,2013,370,420,272,276,370,0,0
Temkinli (buyume kapali),21,910,pinar_labne_200g,2013,330,375,242,246,330,0,0
Temkinli (buyume kapali),21,910,danone_danino,2013,255,290,184,188,255,0,0
Temkinli (buyume kapali),21,910,coca_cola_1l,2013,295,330,203,207,290,51,0
Temkinli (buyume kapali),21,910,coca_cola_zero_1l,2013,295,330,203,207,290,48,0
Temkinli (buyume kapali),21,910,coca_cola_kutu_330ml,2013,150,170,102,104,150,0,0
Temkinli (buyume kapali),21,910,fanta_portakal_1l,2013,280,315,196,198,277,34,0
Temkinli (buyume kapali),21,910,sprite_1l,2013,280,315,196,199,277,47,0
Temkinli (buyume kapali),21,910,pepsi_1l,2013,280,315,196,199,277,67,0
Temkinli (buyume kapali),21,910,uludag_gazoz_250ml,2013,105,120,69,70,106,0,0
Temkinli (buyume kapali),21,910,caykur_rize_turist_500g,2013,720,815,543,551,717,53,0
Temkinli (buyume kapali),21,910,caykur_tiryaki_1kg,2013,1245,1445,960,976,1272,79,0
Temkinli (buyume kapali),21,910,lipton_yellow_label_100,2013,1100,1265,865,880,1113,74,0
Temkinli (buyume kapali),21,910,dogus_cay_1kg,2013,1185,1385,951,967,1219,22,0
Temkinli (buyume kapali),21,910,ulker_potibor,2013,185,210,113,115,185,12,19
Temkinli (buyume kapali),21,910,barilla_spagetti_500g,2013,345,390,237,241,343,12,6
Temkinli (buyume kapali),21,910,ariel_toz_4kg,2013,2155,2400,1582,1606,2112,87,0
Temkinli (buyume kapali),21,940,sutas_sut_1l,2013,270,305,194,193,268,90,0
Temkinli (buyume kapali),21,940,pinar_sut_1l,2013,260,295,198,198,260,87,0
Temkinli (buyume kapali),21,940,icim_sut_1l,2013,255,290,193,192,255,47,0
Temkinli (buyume kapali),21,940,torku_sut_1l,2013,235,275,181,180,242,148,0
Temkinli (buyume kapali),21,940,sutas_ayran_200ml,2013,80,90,51,51,79,7,0
Temkinli (buyume kapali),21,940,sutas_yogurt_1kg,2013,370,425,275,272,374,0,0
Temkinli (buyume kapali),21,940,pinar_labne_200g,2013,330,375,245,242,330,0,0
Temkinli (buyume kapali),21,940,danone_danino,2013,255,290,187,184,255,0,0
Temkinli (buyume kapali),21,940,coca_cola_1l,2013,295,335,206,204,295,59,0
Temkinli (buyume kapali),21,940,coca_cola_zero_1l,2013,295,335,206,204,295,52,0
Temkinli (buyume kapali),21,940,coca_cola_kutu_330ml,2013,150,170,103,102,150,24,4
Temkinli (buyume kapali),21,940,fanta_portakal_1l,2013,280,315,198,197,277,75,0
Temkinli (buyume kapali),21,940,sprite_1l,2013,280,315,198,197,277,72,0
Temkinli (buyume kapali),21,940,pepsi_1l,2013,280,315,198,197,277,78,0
Temkinli (buyume kapali),21,940,uludag_gazoz_250ml,2013,105,120,70,69,106,21,0
Temkinli (buyume kapali),21,940,caykur_rize_turist_500g,2013,720,820,549,544,722,56,0
Temkinli (buyume kapali),21,940,caykur_tiryaki_1kg,2013,1245,1455,972,962,1280,71,0
Temkinli (buyume kapali),21,940,lipton_yellow_label_100,2013,1100,1275,875,866,1122,78,0
Temkinli (buyume kapali),21,940,dogus_cay_1kg,2013,1185,1395,962,951,1228,39,0
Temkinli (buyume kapali),21,940,ulker_potibor,2013,185,210,115,113,185,10,0
Temkinli (buyume kapali),21,940,barilla_spagetti_500g,2013,345,395,240,238,348,9,0
Temkinli (buyume kapali),21,940,ariel_toz_4kg,2013,2155,2415,1601,1588,2125,90,0
Temkinli (buyume kapali),21,971,sutas_sut_1l,2013,315,305,194,193,268,46,0
Temkinli (buyume kapali),21,971,pinar_sut_1l,2013,305,300,198,198,264,68,0
Temkinli (buyume kapali),21,971,icim_sut_1l,2013,300,295,192,192,260,62,0
Temkinli (buyume kapali),21,971,torku_sut_1l,2013,295,275,180,180,242,154,0
Temkinli (buyume kapali),21,971,sutas_ayran_200ml,2013,95,90,51,51,79,6,0
Temkinli (buyume kapali),21,971,sutas_yogurt_1kg,2013,450,425,274,274,374,0,0
Temkinli (buyume kapali),21,971,pinar_labne_200g,2013,390,380,245,245,334,0,0
Temkinli (buyume kapali),21,971,danone_danino,2013,300,295,186,187,260,0,0
Temkinli (buyume kapali),21,971,coca_cola_1l,2013,355,335,206,205,295,58,0
Temkinli (buyume kapali),21,971,coca_cola_zero_1l,2013,355,335,206,205,295,77,0
Temkinli (buyume kapali),21,971,coca_cola_kutu_330ml,2013,180,170,103,103,150,0,0
Temkinli (buyume kapali),21,971,fanta_portakal_1l,2013,325,315,198,197,277,51,0
Temkinli (buyume kapali),21,971,sprite_1l,2013,325,315,198,198,277,55,0
Temkinli (buyume kapali),21,971,pepsi_1l,2013,325,315,198,197,277,63,0
Temkinli (buyume kapali),21,971,uludag_gazoz_250ml,2013,125,120,70,70,106,24,8
Temkinli (buyume kapali),21,971,caykur_rize_turist_500g,2013,880,825,548,548,726,58,0
Temkinli (buyume kapali),21,971,caykur_tiryaki_1kg,2013,1545,1465,970,970,1289,64,0
Temkinli (buyume kapali),21,971,lipton_yellow_label_100,2013,1360,1280,874,872,1126,53,0
Temkinli (buyume kapali),21,971,dogus_cay_1kg,2013,1465,1405,960,960,1236,18,0
Temkinli (buyume kapali),21,971,ulker_potibor,2013,225,215,114,114,189,5,0
Temkinli (buyume kapali),21,971,barilla_spagetti_500g,2013,405,395,240,240,348,14,6
Temkinli (buyume kapali),21,971,ariel_toz_4kg,2013,2515,2430,1598,1597,2138,86,0
Temkinli (buyume kapali),21,1001,sutas_sut_1l,2013,315,305,193,193,268,62,0
Temkinli (buyume kapali),21,1001,pinar_sut_1l,2013,320,300,197,198,264,91,0
Temkinli (buyume kapali),21,1001,icim_sut_1l,2013,315,295,191,192,260,76,0
Temkinli (buyume kapali),21,1001,torku_sut_1l,2013,295,275,180,180,242,173,0
Temkinli (buyume kapali),21,1001,sutas_ayran_200ml,2013,95,90,51,51,79,0,0
Temkinli (buyume kapali),21,1001,sutas_yogurt_1kg,2013,450,430,273,274,378,0,0
Temkinli (buyume kapali),21,1001,pinar_labne_200g,2013,390,380,243,245,334,0,0
Temkinli (buyume kapali),21,1001,danone_danino,2013,315,295,185,186,260,12,0
Temkinli (buyume kapali),21,1001,coca_cola_1l,2013,355,340,204,205,299,68,0
Temkinli (buyume kapali),21,1001,coca_cola_zero_1l,2013,355,340,204,205,299,74,0
Temkinli (buyume kapali),21,1001,coca_cola_kutu_330ml,2013,180,170,102,103,150,14,0
Temkinli (buyume kapali),21,1001,fanta_portakal_1l,2013,325,320,197,197,282,52,0
Temkinli (buyume kapali),21,1001,sprite_1l,2013,325,320,197,198,282,58,0
Temkinli (buyume kapali),21,1001,pepsi_1l,2013,325,320,197,197,282,72,0
Temkinli (buyume kapali),21,1001,uludag_gazoz_250ml,2013,125,125,69,70,110,1,0
Temkinli (buyume kapali),21,1001,caykur_rize_turist_500g,2013,880,830,545,548,730,64,0
Temkinli (buyume kapali),21,1001,caykur_tiryaki_1kg,2013,1545,1475,965,970,1298,81,0
Temkinli (buyume kapali),21,1001,lipton_yellow_label_100,2013,1360,1290,869,873,1135,63,0
Temkinli (buyume kapali),21,1001,dogus_cay_1kg,2013,1465,1410,955,959,1241,40,0
Temkinli (buyume kapali),21,1001,ulker_potibor,2013,225,215,114,114,189,12,0
Temkinli (buyume kapali),21,1001,barilla_spagetti_500g,2013,405,400,238,240,352,12,0
Temkinli (buyume kapali),21,1001,ariel_toz_4kg,2013,2515,2440,1590,1597,2147,93,0
Temkinli (buyume kapali),21,1032,sutas_sut_1l,2014,265,310,201,194,273,81,0
Temkinli (buyume kapali),21,1032,pinar_sut_1l,2014,270,305,205,198,268,95,0
Temkinli (buyume kapali),21,1032,icim_sut_1l,2014,265,295,199,192,260,88,0
Temkinli (buyume kapali),21,1032,torku_sut_1l,2014,245,280,187,180,246,161,0
Temkinli (buyume kapali),21,1032,sutas_ayran_200ml,2014,80,95,53,52,84,6,0
Temkinli (buyume kapali),21,1032,sutas_yogurt_1kg,2014,385,430,283,273,378,0,0
Temkinli (buyume kapali),21,1032,pinar_labne_200g,2014,340,385,253,244,339,6,0
Temkinli (buyume kapali),21,1032,danone_danino,2014,265,295,193,185,260,2,0
Temkinli (buyume kapali),21,1032,coca_cola_1l,2014,305,340,213,205,299,60,0
Temkinli (buyume kapali),21,1032,coca_cola_zero_1l,2014,305,340,213,205,299,53,0
Temkinli (buyume kapali),21,1032,coca_cola_kutu_330ml,2014,155,175,106,102,154,22,0
Temkinli (buyume kapali),21,1032,fanta_portakal_1l,2014,275,320,205,197,282,69,0
Temkinli (buyume kapali),21,1032,sprite_1l,2014,275,320,205,198,282,58,0
Temkinli (buyume kapali),21,1032,pepsi_1l,2014,275,320,205,197,282,62,0
Temkinli (buyume kapali),21,1032,uludag_gazoz_250ml,2014,110,125,72,69,110,24,9
Temkinli (buyume kapali),21,1032,caykur_rize_turist_500g,2014,745,835,567,546,735,60,0
Temkinli (buyume kapali),21,1032,caykur_tiryaki_1kg,2014,1285,1480,1003,967,1302,76,0
Temkinli (buyume kapali),21,1032,lipton_yellow_label_100,2014,1135,1295,903,871,1140,61,0
Temkinli (buyume kapali),21,1032,dogus_cay_1kg,2014,1225,1420,992,957,1250,19,0
Temkinli (buyume kapali),21,1032,ulker_potibor,2014,185,215,118,114,189,0,0
Temkinli (buyume kapali),21,1032,barilla_spagetti_500g,2014,355,400,248,239,352,6,0
Temkinli (buyume kapali),21,1032,ariel_toz_4kg,2014,2100,2455,1652,1594,2160,82,0
Temkinli (buyume kapali),21,1063,sutas_sut_1l,2014,280,310,197,201,273,97,0
Temkinli (buyume kapali),21,1063,pinar_sut_1l,2014,270,305,201,203,268,88,0
Temkinli (buyume kapali),21,1063,icim_sut_1l,2014,265,300,194,196,264,73,0
Temkinli (buyume kapali),21,1063,torku_sut_1l,2014,245,280,182,185,246,105,0
Temkinli (buyume kapali),21,1063,sutas_ayran_200ml,2014,85,95,52,53,84,24,1
Temkinli (buyume kapali),21,1063,sutas_yogurt_1kg,2014,385,435,277,283,383,0,0
Temkinli (buyume kapali),21,1063,pinar_labne_200g,2014,340,385,248,252,339,0,0
Temkinli (buyume kapali),21,1063,danone_danino,2014,265,300,189,193,264,8,0
Temkinli (buyume kapali),21,1063,coca_cola_1l,2014,305,340,208,211,299,77,0
Temkinli (buyume kapali),21,1063,coca_cola_zero_1l,2014,305,340,208,211,299,71,0
Temkinli (buyume kapali),21,1063,coca_cola_kutu_330ml,2014,155,175,104,106,154,10,0
Temkinli (buyume kapali),21,1063,fanta_portakal_1l,2014,275,325,201,204,286,35,0
Temkinli (buyume kapali),21,1063,sprite_1l,2014,275,325,201,204,286,79,0
Temkinli (buyume kapali),21,1063,pepsi_1l,2014,275,325,201,204,286,69,0
Temkinli (buyume kapali),21,1063,uludag_gazoz_250ml,2014,110,125,71,72,110,0,0
Temkinli (buyume kapali),21,1063,caykur_rize_turist_500g,2014,745,840,555,565,739,44,0
Temkinli (buyume kapali),21,1063,caykur_tiryaki_1kg,2014,1285,1490,983,1000,1311,79,0
Temkinli (buyume kapali),21,1063,lipton_yellow_label_100,2014,1135,1305,885,901,1148,56,0
Temkinli (buyume kapali),21,1063,dogus_cay_1kg,2014,1225,1430,972,990,1258,16,0
Temkinli (buyume kapali),21,1063,ulker_potibor,2014,185,220,118,120,194,12,1
Temkinli (buyume kapali),21,1063,barilla_spagetti_500g,2014,355,405,243,247,356,0,0
Temkinli (buyume kapali),21,1063,ariel_toz_4kg,2014,2100,2475,1618,1644,2178,79,0
Temkinli (buyume kapali),21,1091,sutas_sut_1l,2014,280,315,201,198,277,91,0
Temkinli (buyume kapali),21,1091,pinar_sut_1l,2014,270,305,205,202,268,71,0
Temkinli (buyume kapali),21,1091,icim_sut_1l,2014,265,300,199,195,264,59,0
Temkinli (buyume kapali),21,1091,torku_sut_1l,2014,245,280,187,183,246,104,0
Temkinli (buyume kapali),21,1091,sutas_ayran_200ml,2014,85,95,53,52,84,1,0
Temkinli (buyume kapali),21,1091,sutas_yogurt_1kg,2014,385,440,284,277,387,0,0
Temkinli (buyume kapali),21,1091,pinar_labne_200g,2014,340,390,253,248,343,0,0
Temkinli (buyume kapali),21,1091,danone_danino,2014,265,300,193,189,264,5,0
Temkinli (buyume kapali),21,1091,coca_cola_1l,2014,305,345,213,208,304,73,0
Temkinli (buyume kapali),21,1091,coca_cola_zero_1l,2014,305,345,213,208,304,62,0
Temkinli (buyume kapali),21,1091,coca_cola_kutu_330ml,2014,155,175,106,104,154,4,0
Temkinli (buyume kapali),21,1091,fanta_portakal_1l,2014,290,325,205,201,286,65,0
Temkinli (buyume kapali),21,1091,sprite_1l,2014,290,325,205,203,286,73,0
Temkinli (buyume kapali),21,1091,pepsi_1l,2014,290,325,205,203,286,73,0
Temkinli (buyume kapali),21,1091,uludag_gazoz_250ml,2014,110,125,73,71,110,4,0
Temkinli (buyume kapali),21,1091,caykur_rize_turist_500g,2014,745,845,568,554,744,67,0
Temkinli (buyume kapali),21,1091,caykur_tiryaki_1kg,2014,1285,1500,1005,982,1320,53,0
Temkinli (buyume kapali),21,1091,lipton_yellow_label_100,2014,1135,1315,905,884,1157,45,0
Temkinli (buyume kapali),21,1091,dogus_cay_1kg,2014,1225,1440,994,970,1267,29,0
Temkinli (buyume kapali),21,1091,ulker_potibor,2014,195,220,121,118,194,7,0
Temkinli (buyume kapali),21,1091,barilla_spagetti_500g,2014,355,405,248,242,356,9,0
Temkinli (buyume kapali),21,1091,ariel_toz_4kg,2014,2225,2490,1656,1619,2191,82,0
Temkinli (buyume kapali),21,1122,sutas_sut_1l,2014,280,315,203,200,277,88,0
Temkinli (buyume kapali),21,1122,pinar_sut_1l,2014,270,310,208,204,273,84,0
Temkinli (buyume kapali),21,1122,icim_sut_1l,2014,265,300,202,198,264,51,0
Temkinli (buyume kapali),21,1122,torku_sut_1l,2014,245,285,189,186,251,130,0
Temkinli (buyume kapali),21,1122,sutas_ayran_200ml,2014,85,95,54,53,84,0,0
Temkinli (buyume kapali),21,1122,sutas_yogurt_1kg,2014,385,440,287,285,387,0,0
Temkinli (buyume kapali),21,1122,pinar_labne_200g,2014,340,390,256,254,343,0,0
Temkinli (buyume kapali),21,1122,danone_danino,2014,265,300,196,194,264,1,0
Temkinli (buyume kapali),21,1122,coca_cola_1l,2014,305,345,215,212,304,65,0
Temkinli (buyume kapali),21,1122,coca_cola_zero_1l,2014,305,345,215,212,304,74,0
Temkinli (buyume kapali),21,1122,coca_cola_kutu_330ml,2014,155,175,108,107,154,18,0
Temkinli (buyume kapali),21,1122,fanta_portakal_1l,2014,290,325,208,204,286,68,0
Temkinli (buyume kapali),21,1122,sprite_1l,2014,290,325,208,204,286,68,0
Temkinli (buyume kapali),21,1122,pepsi_1l,2014,290,325,208,205,286,72,0
Temkinli (buyume kapali),21,1122,uludag_gazoz_250ml,2014,110,125,73,73,110,5,0
Temkinli (buyume kapali),21,1122,caykur_rize_turist_500g,2014,745,850,575,568,748,52,0
Temkinli (buyume kapali),21,1122,caykur_tiryaki_1kg,2014,1285,1510,1018,1004,1329,81,0
Temkinli (buyume kapali),21,1122,lipton_yellow_label_100,2014,1135,1320,916,904,1162,56,0
Temkinli (buyume kapali),21,1122,dogus_cay_1kg,2014,1295,1445,1007,993,1272,42,0
Temkinli (buyume kapali),21,1122,ulker_potibor,2014,195,220,122,121,194,10,4
Temkinli (buyume kapali),21,1122,barilla_spagetti_500g,2014,355,410,251,249,361,3,0
Temkinli (buyume kapali),21,1122,ariel_toz_4kg,2014,2225,2505,1676,1652,2204,74,0
Temkinli (buyume kapali),21,1152,sutas_sut_1l,2014,275,315,202,202,277,93,0
Temkinli (buyume kapali),21,1152,pinar_sut_1l,2014,280,310,207,205,273,85,0
Temkinli (buyume kapali),21,1152,icim_sut_1l,2014,260,305,201,202,268,59,0
Temkinli (buyume kapali),21,1152,torku_sut_1l,2014,255,285,189,187,251,153,0
Temkinli (buyume kapali),21,1152,sutas_ayran_200ml,2014,85,95,53,54,84,7,0
Temkinli (buyume kapali),21,1152,sutas_yogurt_1kg,2014,395,445,287,287,392,0,0
Temkinli (buyume kapali),21,1152,pinar_labne_200g,2014,350,395,256,256,348,1,0
Temkinli (buyume kapali),21,1152,danone_danino,2014,260,305,195,195,268,15,1
Temkinli (buyume kapali),21,1152,coca_cola_1l,2014,300,350,215,215,308,57,0
Temkinli (buyume kapali),21,1152,coca_cola_zero_1l,2014,300,350,215,214,308,67,0
Temkinli (buyume kapali),21,1152,coca_cola_kutu_330ml,2014,150,175,108,107,154,10,0
Temkinli (buyume kapali),21,1152,fanta_portakal_1l,2014,285,330,207,207,290,49,0
Temkinli (buyume kapali),21,1152,sprite_1l,2014,285,330,207,207,290,66,0
Temkinli (buyume kapali),21,1152,pepsi_1l,2014,285,330,207,207,290,52,0
Temkinli (buyume kapali),21,1152,uludag_gazoz_250ml,2014,110,125,73,73,110,15,0
Temkinli (buyume kapali),21,1152,caykur_rize_turist_500g,2014,765,855,572,575,752,63,0
Temkinli (buyume kapali),21,1152,caykur_tiryaki_1kg,2014,1320,1520,1014,1017,1338,82,0
Temkinli (buyume kapali),21,1152,lipton_yellow_label_100,2014,1165,1330,913,915,1170,57,0
Temkinli (buyume kapali),21,1152,dogus_cay_1kg,2014,1260,1455,1003,1006,1280,27,0
Temkinli (buyume kapali),21,1152,ulker_potibor,2014,190,220,119,119,194,0,0
Temkinli (buyume kapali),21,1152,barilla_spagetti_500g,2014,365,410,250,251,361,0,0
Temkinli (buyume kapali),21,1152,ariel_toz_4kg,2014,2160,2520,1670,1674,2218,93,0
Temkinli (buyume kapali),21,1183,sutas_sut_1l,2014,275,320,205,202,282,6,0
Temkinli (buyume kapali),21,1183,pinar_sut_1l,2014,280,310,209,205,273,90,0
Temkinli (buyume kapali),21,1183,icim_sut_1l,2014,275,305,203,201,268,73,0
Temkinli (buyume kapali),21,1183,torku_sut_1l,2014,255,285,191,188,251,136,0
Temkinli (buyume kapali),21,1183,sutas_ayran_200ml,2014,85,95,54,53,84,10,0
Temkinli (buyume kapali),21,1183,sutas_yogurt_1kg,2014,395,445,289,286,392,0,0
Temkinli (buyume kapali),21,1183,pinar_labne_200g,2014,350,395,258,255,348,3,0
Temkinli (buyume kapali),21,1183,danone_danino,2014,275,305,196,194,268,6,0
Temkinli (buyume kapali),21,1183,coca_cola_1l,2014,300,350,217,215,308,28,0
Temkinli (buyume kapali),21,1183,coca_cola_zero_1l,2014,300,350,217,214,308,56,0
Temkinli (buyume kapali),21,1183,coca_cola_kutu_330ml,2014,150,180,108,107,158,16,6
Temkinli (buyume kapali),21,1183,fanta_portakal_1l,2014,285,330,209,207,290,52,0
Temkinli (buyume kapali),21,1183,sprite_1l,2014,285,330,209,207,290,78,0
Temkinli (buyume kapali),21,1183,pepsi_1l,2014,285,330,209,206,290,73,0
Temkinli (buyume kapali),21,1183,uludag_gazoz_250ml,2014,110,125,74,73,110,0,0
Temkinli (buyume kapali),21,1183,caykur_rize_turist_500g,2014,765,860,578,571,757,52,0
Temkinli (buyume kapali),21,1183,caykur_tiryaki_1kg,2014,1320,1530,1023,1012,1346,88,0
Temkinli (buyume kapali),21,1183,lipton_yellow_label_100,2014,1165,1340,921,911,1179,75,0
Temkinli (buyume kapali),21,1183,dogus_cay_1kg,2014,1260,1465,1012,1000,1289,27,0
Temkinli (buyume kapali),21,1183,ulker_potibor,2014,190,225,122,121,198,10,0
Temkinli (buyume kapali),21,1183,barilla_spagetti_500g,2014,365,415,253,250,365,0,0
Temkinli (buyume kapali),21,1183,ariel_toz_4kg,2014,2160,2535,1685,1667,2231,85,0
Temkinli (buyume kapali),21,1213,sutas_sut_1l,2014,275,320,210,206,282,50,0
Temkinli (buyume kapali),21,1213,pinar_sut_1l,2014,280,315,215,208,277,77,0
Temkinli (buyume kapali),21,1213,icim_sut_1l,2014,275,310,208,203,273,74,0
Temkinli (buyume kapali),21,1213,torku_sut_1l,2014,255,290,196,189,255,141,0
Temkinli (buyume kapali),21,1213,sutas_ayran_200ml,2014,85,95,55,54,84,7,0
Temkinli (buyume kapali),21,1213,sutas_yogurt_1kg,2014,395,450,297,290,396,0,0
Temkinli (buyume kapali),21,1213,pinar_labne_200g,2014,350,400,266,259,352,6,0
Temkinli (buyume kapali),21,1213,danone_danino,2014,275,310,203,197,273,7,0
Temkinli (buyume kapali),21,1213,coca_cola_1l,2014,300,355,223,218,312,44,0
Temkinli (buyume kapali),21,1213,coca_cola_zero_1l,2014,300,355,223,217,312,53,0
Temkinli (buyume kapali),21,1213,coca_cola_kutu_330ml,2014,160,180,112,109,158,22,0
Temkinli (buyume kapali),21,1213,fanta_portakal_1l,2014,285,335,215,209,295,71,0
Temkinli (buyume kapali),21,1213,sprite_1l,2014,285,335,215,209,295,44,0
Temkinli (buyume kapali),21,1213,pepsi_1l,2014,285,335,215,209,295,57,0
Temkinli (buyume kapali),21,1213,uludag_gazoz_250ml,2014,110,130,76,74,114,0,0
Temkinli (buyume kapali),21,1213,caykur_rize_turist_500g,2014,765,865,595,578,761,71,0
Temkinli (buyume kapali),21,1213,caykur_tiryaki_1kg,2014,1320,1540,1053,1025,1355,82,0
Temkinli (buyume kapali),21,1213,lipton_yellow_label_100,2014,1165,1345,948,924,1184,77,0
Temkinli (buyume kapali),21,1213,dogus_cay_1kg,2014,1260,1475,1042,1016,1298,40,0
Temkinli (buyume kapali),21,1213,ulker_potibor,2014,200,225,127,123,198,2,0
Temkinli (buyume kapali),21,1213,barilla_spagetti_500g,2014,365,415,260,254,365,7,0
Temkinli (buyume kapali),21,1213,ariel_toz_4kg,2014,2285,2555,1735,1686,2248,82,0
Temkinli (buyume kapali),21,1244,sutas_sut_1l,2014,275,325,206,210,286,33,0
Temkinli (buyume kapali),21,1244,pinar_sut_1l,2014,280,315,210,214,277,81,0
Temkinli (buyume kapali),21,1244,icim_sut_1l,2014,275,310,204,207,273,55,0
Temkinli (buyume kapali),21,1244,torku_sut_1l,2014,255,290,192,194,255,141,0
Temkinli (buyume kapali),21,1244,sutas_ayran_200ml,2014,85,95,54,55,84,0,0
Temkinli (buyume kapali),21,1244,sutas_yogurt_1kg,2014,395,450,290,298,396,0,0
Temkinli (buyume kapali),21,1244,pinar_labne_200g,2014,350,400,259,266,352,0,0
Temkinli (buyume kapali),21,1244,danone_danino,2014,275,310,198,203,273,4,0
Temkinli (buyume kapali),21,1244,coca_cola_1l,2014,320,355,218,223,312,58,0
Temkinli (buyume kapali),21,1244,coca_cola_zero_1l,2014,320,355,218,223,312,72,0
Temkinli (buyume kapali),21,1244,coca_cola_kutu_330ml,2014,160,180,109,111,158,19,0
Temkinli (buyume kapali),21,1244,fanta_portakal_1l,2014,300,335,210,214,295,66,0
Temkinli (buyume kapali),21,1244,sprite_1l,2014,300,335,210,214,295,63,0
Temkinli (buyume kapali),21,1244,pepsi_1l,2014,300,335,210,214,295,69,0
Temkinli (buyume kapali),21,1244,uludag_gazoz_250ml,2014,115,130,74,76,114,4,0
Temkinli (buyume kapali),21,1244,caykur_rize_turist_500g,2014,765,870,582,594,766,67,0
Temkinli (buyume kapali),21,1244,caykur_tiryaki_1kg,2014,1320,1550,1029,1052,1364,67,0
Temkinli (buyume kapali),21,1244,lipton_yellow_label_100,2014,1165,1355,927,948,1192,59,0
Temkinli (buyume kapali),21,1244,dogus_cay_1kg,2014,1335,1485,1018,1042,1307,37,0
Temkinli (buyume kapali),21,1244,ulker_potibor,2014,200,225,121,124,198,9,0
Temkinli (buyume kapali),21,1244,barilla_spagetti_500g,2014,365,420,259,265,370,14,1
Temkinli (buyume kapali),21,1244,ariel_toz_4kg,2014,2285,2570,1695,1729,2262,85,0
Temkinli (buyume kapali),21,1275,sutas_sut_1l,2014,285,325,213,206,286,90,0
Temkinli (buyume kapali),21,1275,pinar_sut_1l,2014,275,320,217,211,282,73,0
Temkinli (buyume kapali),21,1275,icim_sut_1l,2014,270,310,211,204,273,50,0
Temkinli (buyume kapali),21,1275,torku_sut_1l,2014,250,290,198,192,255,111,0
Temkinli (buyume kapali),21,1275,sutas_ayran_200ml,2014,85,95,56,54,84,11,0
Temkinli (buyume kapali),21,1275,sutas_yogurt_1kg,2014,410,455,300,289,400,6,7
Temkinli (buyume kapali),21,1275,pinar_labne_200g,2014,360,405,269,259,356,0,0
Temkinli (buyume kapali),21,1275,danone_danino,2014,270,310,204,198,273,0,0
Temkinli (buyume kapali),21,1275,coca_cola_1l,2014,310,355,225,217,312,0,0
Temkinli (buyume kapali),21,1275,coca_cola_zero_1l,2014,310,355,225,217,312,32,0
Temkinli (buyume kapali),21,1275,coca_cola_kutu_330ml,2014,155,180,113,109,158,0,0
Temkinli (buyume kapali),21,1275,fanta_portakal_1l,2014,295,340,217,210,299,55,0
Temkinli (buyume kapali),21,1275,sprite_1l,2014,295,340,217,211,299,35,0
Temkinli (buyume kapali),21,1275,pepsi_1l,2014,295,340,217,210,299,47,0
Temkinli (buyume kapali),21,1275,uludag_gazoz_250ml,2014,115,130,77,74,114,0,0
Temkinli (buyume kapali),21,1275,caykur_rize_turist_500g,2014,785,875,601,582,770,76,3
Temkinli (buyume kapali),21,1275,caykur_tiryaki_1kg,2014,1355,1560,1065,1029,1373,71,0
Temkinli (buyume kapali),21,1275,lipton_yellow_label_100,2014,1200,1365,958,925,1201,49,0
Temkinli (buyume kapali),21,1275,dogus_cay_1kg,2014,1295,1495,1053,1017,1316,32,0
Temkinli (buyume kapali),21,1275,ulker_potibor,2014,200,225,125,120,198,9,0
Temkinli (buyume kapali),21,1275,barilla_spagetti_500g,2014,375,420,263,253,370,12,0
Temkinli (buyume kapali),21,1275,ariel_toz_4kg,2014,2215,2585,1753,1695,2275,90,0
Temkinli (buyume kapali),21,1305,sutas_sut_1l,2014,285,325,205,211,286,88,0
Temkinli (buyume kapali),21,1305,pinar_sut_1l,2014,275,320,210,216,282,6,0
Temkinli (buyume kapali),21,1305,icim_sut_1l,2014,270,315,204,209,277,66,0
Temkinli (buyume kapali),21,1305,torku_sut_1l,2014,250,295,191,197,260,138,0
Temkinli (buyume kapali),21,1305,sutas_ayran_200ml,2014,85,100,54,56,88,17,0
Temkinli (buyume kapali),21,1305,sutas_yogurt_1kg,2014,410,460,290,299,405,0,0
Temkinli (buyume kapali),21,1305,pinar_labne_200g,2014,360,405,259,267,356,0,0
Temkinli (buyume kapali),21,1305,danone_danino,2014,270,315,198,203,277,0,0
Temkinli (buyume kapali),21,1305,coca_cola_1l,2014,310,360,218,224,317,71,0
Temkinli (buyume kapali),21,1305,coca_cola_zero_1l,2014,310,360,218,224,317,58,0
Temkinli (buyume kapali),21,1305,coca_cola_kutu_330ml,2014,155,185,109,113,163,0,0
Temkinli (buyume kapali),21,1305,fanta_portakal_1l,2014,295,340,210,216,299,35,0
Temkinli (buyume kapali),21,1305,sprite_1l,2014,295,340,210,216,299,52,0
Temkinli (buyume kapali),21,1305,pepsi_1l,2014,295,340,210,216,299,31,0
Temkinli (buyume kapali),21,1305,uludag_gazoz_250ml,2014,115,130,74,76,114,16,0
Temkinli (buyume kapali),21,1305,caykur_rize_turist_500g,2014,785,885,581,598,779,44,0
Temkinli (buyume kapali),21,1305,caykur_tiryaki_1kg,2014,1355,1570,1029,1060,1382,78,0
Temkinli (buyume kapali),21,1305,lipton_yellow_label_100,2014,1200,1375,927,955,1210,63,0
Temkinli (buyume kapali),21,1305,dogus_cay_1kg,2014,1295,1505,1018,1049,1324,20,0
Temkinli (buyume kapali),21,1305,ulker_potibor,2014,200,230,123,127,202,0,0
Temkinli (buyume kapali),21,1305,barilla_spagetti_500g,2014,375,425,254,262,374,13,1
Temkinli (buyume kapali),21,1305,ariel_toz_4kg,2014,2215,2605,1695,1743,2292,86,0
Temkinli (buyume kapali),21,1336,sutas_sut_1l,2014,285,330,214,206,290,72,0
Temkinli (buyume kapali),21,1336,pinar_sut_1l,2014,275,325,218,211,286,69,0
Temkinli (buyume kapali),21,1336,icim_sut_1l,2014,270,315,212,204,277,11,0
Temkinli (buyume kapali),21,1336,torku_sut_1l,2014,265,295,199,193,260,158,0
Temkinli (buyume kapali),21,1336,sutas_ayran_200ml,2014,90,100,57,54,88,17,0
Temkinli (buyume kapali),21,1336,sutas_yogurt_1kg,2014,410,460,302,290,405,0,0
Temkinli (buyume kapali),21,1336,pinar_labne_200g,2014,360,410,270,259,361,12,1
Temkinli (buyume kapali),21,1336,danone_danino,2014,270,315,205,198,277,0,0
Temkinli (buyume kapali),21,1336,coca_cola_1l,2014,310,360,226,218,317,63,0
Temkinli (buyume kapali),21,1336,coca_cola_zero_1l,2014,310,360,226,218,317,48,0
Temkinli (buyume kapali),21,1336,coca_cola_kutu_330ml,2014,165,185,113,109,163,16,0
Temkinli (buyume kapali),21,1336,fanta_portakal_1l,2014,295,340,218,210,299,35,0
Temkinli (buyume kapali),21,1336,sprite_1l,2014,295,340,218,211,299,57,0
Temkinli (buyume kapali),21,1336,pepsi_1l,2014,295,340,218,210,299,53,0
Temkinli (buyume kapali),21,1336,uludag_gazoz_250ml,2014,115,130,77,75,114,14,10
Temkinli (buyume kapali),21,1336,caykur_rize_turist_500g,2014,785,890,604,582,783,59,0
Temkinli (buyume kapali),21,1336,caykur_tiryaki_1kg,2014,1355,1580,1069,1031,1390,48,0
Temkinli (buyume kapali),21,1336,lipton_yellow_label_100,2014,1200,1380,962,928,1214,24,0
Temkinli (buyume kapali),21,1336,dogus_cay_1kg,2014,1295,1515,1057,1019,1333,22,0
Temkinli (buyume kapali),21,1336,ulker_potibor,2014,200,230,128,123,202,3,0
Temkinli (buyume kapali),21,1336,barilla_spagetti_500g,2014,375,430,264,254,378,10,0
Temkinli (buyume kapali),21,1336,ariel_toz_4kg,2014,2345,2620,1760,1702,2306,91,0
Temkinli (buyume kapali),21,1366,sutas_sut_1l,2014,285,330,214,213,290,98,0
Temkinli (buyume kapali),21,1366,pinar_sut_1l,2014,290,325,218,217,286,73,0
Temkinli (buyume kapali),21,1366,icim_sut_1l,2014,285,320,212,211,282,92,0
Temkinli (buyume kapali),21,1366,torku_sut_1l,2014,265,300,199,196,264,164,0
Temkinli (buyume kapali),21,1366,sutas_ayran_200ml,2014,90,100,57,57,88,24,5
Temkinli (buyume kapali),21,1366,sutas_yogurt_1kg,2014,410,465,302,302,409,0,0
Temkinli (buyume kapali),21,1366,pinar_labne_200g,2014,360,410,269,269,361,11,0
Temkinli (buyume kapali),21,1366,danone_danino,2014,285,320,205,205,282,6,0
Temkinli (buyume kapali),21,1366,coca_cola_1l,2014,330,365,226,226,321,53,0
Temkinli (buyume kapali),21,1366,coca_cola_zero_1l,2014,330,365,226,225,321,53,0
Temkinli (buyume kapali),21,1366,coca_cola_kutu_330ml,2014,165,185,113,113,163,19,0
Temkinli (buyume kapali),21,1366,fanta_portakal_1l,2014,310,345,218,217,304,72,0
Temkinli (buyume kapali),21,1366,sprite_1l,2014,310,345,218,218,304,37,0
Temkinli (buyume kapali),21,1366,pepsi_1l,2014,310,345,218,218,304,68,0
Temkinli (buyume kapali),21,1366,uludag_gazoz_250ml,2014,120,135,76,77,119,0,0
Temkinli (buyume kapali),21,1366,caykur_rize_turist_500g,2014,785,895,603,603,788,39,0
Temkinli (buyume kapali),21,1366,caykur_tiryaki_1kg,2014,1435,1590,1068,1065,1399,75,0
Temkinli (buyume kapali),21,1366,lipton_yellow_label_100,2014,1200,1390,962,959,1223,75,0
Temkinli (buyume kapali),21,1366,dogus_cay_1kg,2014,1370,1525,1056,1055,1342,35,0
Temkinli (buyume kapali),21,1366,ulker_potibor,2014,200,230,128,128,202,5,0
Temkinli (buyume kapali),21,1366,barilla_spagetti_500g,2014,375,430,264,264,378,9,0
Temkinli (buyume kapali),21,1366,ariel_toz_4kg,2014,2345,2635,1759,1750,2319,94,0
Temkinli (buyume kapali),21,1397,sutas_sut_1l,2015,295,335,213,214,295,102,0
Temkinli (buyume kapali),21,1397,pinar_sut_1l,2015,285,325,217,217,286,75,0
Temkinli (buyume kapali),21,1397,icim_sut_1l,2015,280,320,211,212,282,62,0
Temkinli (buyume kapali),21,1397,torku_sut_1l,2015,260,300,198,199,264,147,0
Temkinli (buyume kapali),21,1397,sutas_ayran_200ml,2015,90,100,56,57,88,11,0
Temkinli (buyume kapali),21,1397,sutas_yogurt_1kg,2015,400,465,299,301,409,0,0
Temkinli (buyume kapali),21,1397,pinar_labne_200g,2015,370,415,268,268,365,0,0
Temkinli (buyume kapali),21,1397,danone_danino,2015,280,320,204,205,282,0,0
Temkinli (buyume kapali),21,1397,coca_cola_1l,2015,320,365,224,226,321,45,0
Temkinli (buyume kapali),21,1397,coca_cola_zero_1l,2015,320,365,224,225,321,56,0
Temkinli (buyume kapali),21,1397,coca_cola_kutu_330ml,2015,160,185,113,113,163,24,30
Temkinli (buyume kapali),21,1397,fanta_portakal_1l,2015,305,345,217,218,304,55,0
Temkinli (buyume kapali),21,1397,sprite_1l,2015,305,345,217,218,304,36,0
Temkinli (buyume kapali),21,1397,pepsi_1l,2015,305,345,217,218,304,68,0
Temkinli (buyume kapali),21,1397,uludag_gazoz_250ml,2015,120,135,76,76,119,19,0
Temkinli (buyume kapali),21,1397,caykur_rize_turist_500g,2015,810,900,599,603,792,59,0
Temkinli (buyume kapali),21,1397,caykur_tiryaki_1kg,2015,1395,1600,1062,1067,1408,58,0
Temkinli (buyume kapali),21,1397,lipton_yellow_label_100,2015,1235,1400,955,961,1232,66,0
Temkinli (buyume kapali),21,1397,dogus_cay_1kg,2015,1335,1535,1049,1054,1351,22,0
Temkinli (buyume kapali),21,1397,ulker_potibor,2015,200,235,125,125,207,0,0
Temkinli (buyume kapali),21,1397,barilla_spagetti_500g,2015,385,435,262,263,383,0,0
Temkinli (buyume kapali),21,1397,ariel_toz_4kg,2015,2280,2655,1747,1758,2336,82,0
Temkinli (buyume kapali),21,1428,sutas_sut_1l,2015,295,335,217,214,295,58,0
Temkinli (buyume kapali),21,1428,pinar_sut_1l,2015,285,330,222,217,290,58,0
Temkinli (buyume kapali),21,1428,icim_sut_1l,2015,280,320,215,212,282,14,0
Temkinli (buyume kapali),21,1428,torku_sut_1l,2015,260,300,202,199,264,46,0
Temkinli (buyume kapali),21,1428,sutas_ayran_200ml,2015,90,100,58,56,88,24,4
Temkinli (buyume kapali),21,1428,sutas_yogurt_1kg,2015,400,470,307,299,414,0,0
Temkinli (buyume kapali),21,1428,pinar_labne_200g,2015,370,415,274,268,365,0,0
Temkinli (buyume kapali),21,1428,danone_danino,2015,280,320,209,204,282,15,3
Temkinli (buyume kapali),21,1428,coca_cola_1l,2015,320,370,230,225,326,49,0
Temkinli (buyume kapali),21,1428,coca_cola_zero_1l,2015,320,370,230,225,326,73,0
Temkinli (buyume kapali),21,1428,coca_cola_kutu_330ml,2015,160,190,115,113,167,19,0
Temkinli (buyume kapali),21,1428,fanta_portakal_1l,2015,305,350,222,218,308,58,0
Temkinli (buyume kapali),21,1428,sprite_1l,2015,305,350,222,217,308,48,0
Temkinli (buyume kapali),21,1428,pepsi_1l,2015,305,350,222,218,308,52,0
Temkinli (buyume kapali),21,1428,uludag_gazoz_250ml,2015,120,135,78,76,119,4,0
Temkinli (buyume kapali),21,1428,caykur_rize_turist_500g,2015,810,905,613,600,796,23,0
Temkinli (buyume kapali),21,1428,caykur_tiryaki_1kg,2015,1395,1610,1087,1063,1417,63,0
Temkinli (buyume kapali),21,1428,lipton_yellow_label_100,2015,1235,1410,978,956,1241,42,0
Temkinli (buyume kapali),21,1428,dogus_cay_1kg,2015,1335,1545,1075,1051,1360,18,0
Temkinli (buyume kapali),21,1428,ulker_potibor,2015,210,235,128,125,207,0,0
Temkinli (buyume kapali),21,1428,barilla_spagetti_500g,2015,385,435,274,268,383,0,0
Temkinli (buyume kapali),21,1428,ariel_toz_4kg,2015,2280,2675,1790,1750,2354,72,0
Temkinli (buyume kapali),21,1456,sutas_sut_1l,2015,295,340,213,216,299,80,0
Temkinli (buyume kapali),21,1456,pinar_sut_1l,2015,285,330,218,221,290,61,0
Temkinli (buyume kapali),21,1456,icim_sut_1l,2015,280,325,211,214,286,51,0
Temkinli (buyume kapali),21,1456,torku_sut_1l,2015,260,305,199,201,268,154,0
Temkinli (buyume kapali),21,1456,sutas_ayran_200ml,2015,90,100,57,58,88,15,0
Temkinli (buyume kapali),21,1456,sutas_yogurt_1kg,2015,425,475,302,306,418,0,0
Temkinli (buyume kapali),21,1456,pinar_labne_200g,2015,370,420,269,274,370,0,0
Temkinli (buyume kapali),21,1456,danone_danino,2015,280,325,205,209,286,0,0
Temkinli (buyume kapali),21,1456,coca_cola_1l,2015,320,370,226,230,326,52,0
Temkinli (buyume kapali),21,1456,coca_cola_zero_1l,2015,320,370,226,229,326,81,0
Temkinli (buyume kapali),21,1456,coca_cola_kutu_330ml,2015,170,190,113,115,167,0,0
Temkinli (buyume kapali),21,1456,fanta_portakal_1l,2015,305,350,218,221,308,51,0
Temkinli (buyume kapali),21,1456,sprite_1l,2015,305,350,218,220,308,65,0
Temkinli (buyume kapali),21,1456,pepsi_1l,2015,305,350,218,221,308,67,0
Temkinli (buyume kapali),21,1456,uludag_gazoz_250ml,2015,120,135,77,78,119,5,0
Temkinli (buyume kapali),21,1456,caykur_rize_turist_500g,2015,810,910,603,612,801,27,0
Temkinli (buyume kapali),21,1456,caykur_tiryaki_1kg,2015,1395,1620,1067,1084,1426,84,0
Temkinli (buyume kapali),21,1456,lipton_yellow_label_100,2015,1235,1420,960,976,1250,40,0
Temkinli (buyume kapali),21,1456,dogus_cay_1kg,2015,1335,1555,1055,1074,1368,28,0
Temkinli (buyume kapali),21,1456,ulker_potibor,2015,210,235,125,128,207,0,0
Temkinli (buyume kapali),21,1456,barilla_spagetti_500g,2015,385,440,269,274,387,14,6
Temkinli (buyume kapali),21,1456,ariel_toz_4kg,2015,2415,2690,1757,1783,2367,81,0
Temkinli (buyume kapali),21,1487,sutas_sut_1l,2015,295,340,216,215,299,73,0
Temkinli (buyume kapali),21,1487,pinar_sut_1l,2015,285,335,220,218,295,77,0
Temkinli (buyume kapali),21,1487,icim_sut_1l,2015,280,325,214,212,286,64,0
Temkinli (buyume kapali),21,1487,torku_sut_1l,2015,275,305,201,201,268,181,0
Temkinli (buyume kapali),21,1487,sutas_ayran_200ml,2015,90,100,57,57,88,24,13
Temkinli (buyume kapali),21,1487,sutas_yogurt_1kg,2015,425,475,304,302,418,0,0
Temkinli (buyume kapali),21,1487,pinar_labne_200g,2015,370,420,272,270,370,12,4
Temkinli (buyume kapali),21,1487,danone_danino,2015,280,325,207,205,286,0,0
Temkinli (buyume kapali),21,1487,coca_cola_1l,2015,320,375,228,226,330,41,0
Temkinli (buyume kapali),21,1487,coca_cola_zero_1l,2015,320,375,228,227,330,49,0
Temkinli (buyume kapali),21,1487,coca_cola_kutu_330ml,2015,170,190,114,113,167,21,18
Temkinli (buyume kapali),21,1487,fanta_portakal_1l,2015,305,355,220,219,312,47,0
Temkinli (buyume kapali),21,1487,sprite_1l,2015,305,355,220,218,312,45,0
Temkinli (buyume kapali),21,1487,pepsi_1l,2015,305,355,220,219,312,41,0
Temkinli (buyume kapali),21,1487,uludag_gazoz_250ml,2015,120,135,77,77,119,1,0
Temkinli (buyume kapali),21,1487,caykur_rize_turist_500g,2015,810,920,608,604,810,64,0
Temkinli (buyume kapali),21,1487,caykur_tiryaki_1kg,2015,1395,1635,1077,1070,1439,77,0
Temkinli (buyume kapali),21,1487,lipton_yellow_label_100,2015,1235,1430,970,963,1258,64,0
Temkinli (buyume kapali),21,1487,dogus_cay_1kg,2015,1335,1565,1065,1057,1377,19,0
Temkinli (buyume kapali),21,1487,ulker_potibor,2015,210,240,126,125,211,12,7
Temkinli (buyume kapali),21,1487,barilla_spagetti_500g,2015,385,440,272,270,387,0,0
Temkinli (buyume kapali),21,1487,ariel_toz_4kg,2015,2415,2710,1774,1762,2385,81,0
Temkinli (buyume kapali),21,1517,sutas_sut_1l,2015,305,340,216,215,299,77,0
Temkinli (buyume kapali),21,1517,pinar_sut_1l,2015,295,335,220,220,295,35,0
Temkinli (buyume kapali),21,1517,icim_sut_1l,2015,290,330,214,213,290,64,0
Temkinli (buyume kapali),21,1517,torku_sut_1l,2015,270,310,201,201,273,162,0
Temkinli (buyume kapali),21,1517,sutas_ayran_200ml,2015,90,105,57,57,92,5,0
Temkinli (buyume kapali),21,1517,sutas_yogurt_1kg,2015,415,480,304,304,422,0,0
Temkinli (buyume kapali),21,1517,pinar_labne_200g,2015,380,425,272,271,374,0,0
Temkinli (buyume kapali),21,1517,danone_danino,2015,290,330,207,207,290,0,0
Temkinli (buyume kapali),21,1517,coca_cola_1l,2015,330,375,228,228,330,56,0
Temkinli (buyume kapali),21,1517,coca_cola_zero_1l,2015,330,375,228,227,330,62,0
Temkinli (buyume kapali),21,1517,coca_cola_kutu_330ml,2015,165,190,114,114,167,0,0
Temkinli (buyume kapali),21,1517,fanta_portakal_1l,2015,315,355,220,220,312,66,0
Temkinli (buyume kapali),21,1517,sprite_1l,2015,315,355,220,219,312,45,0
Temkinli (buyume kapali),21,1517,pepsi_1l,2015,315,355,220,219,312,63,0
Temkinli (buyume kapali),21,1517,uludag_gazoz_250ml,2015,120,135,77,77,119,10,0
Temkinli (buyume kapali),21,1517,caykur_rize_turist_500g,2015,790,925,608,607,814,65,0
Temkinli (buyume kapali),21,1517,caykur_tiryaki_1kg,2015,1435,1645,1078,1075,1448,83,0
Temkinli (buyume kapali),21,1517,lipton_yellow_label_100,2015,1270,1440,970,969,1267,76,5
Temkinli (buyume kapali),21,1517,dogus_cay_1kg,2015,1375,1575,1066,1064,1386,31,0
Temkinli (buyume kapali),21,1517,ulker_potibor,2015,210,240,126,126,211,12,2
Temkinli (buyume kapali),21,1517,barilla_spagetti_500g,2015,380,445,272,271,392,10,0
Temkinli (buyume kapali),21,1517,ariel_toz_4kg,2015,2350,2725,1775,1772,2398,80,0
Temkinli (buyume kapali),21,1548,sutas_sut_1l,2015,305,345,218,215,304,84,0
Temkinli (buyume kapali),21,1548,pinar_sut_1l,2015,295,340,222,220,299,90,0
Temkinli (buyume kapali),21,1548,icim_sut_1l,2015,290,330,216,213,290,73,0
Temkinli (buyume kapali),21,1548,torku_sut_1l,2015,270,310,203,201,273,121,0
Temkinli (buyume kapali),21,1548,sutas_ayran_200ml,2015,90,105,58,57,92,0,0
Temkinli (buyume kapali),21,1548,sutas_yogurt_1kg,2015,415,485,308,304,427,0,0
Temkinli (buyume kapali),21,1548,pinar_labne_200g,2015,380,430,274,272,378,0,0
Temkinli (buyume kapali),21,1548,danone_danino,2015,290,330,209,207,290,12,9
Temkinli (buyume kapali),21,1548,coca_cola_1l,2015,330,380,231,228,334,49,0
Temkinli (buyume kapali),21,1548,coca_cola_zero_1l,2015,330,380,231,228,334,62,0
Temkinli (buyume kapali),21,1548,coca_cola_kutu_330ml,2015,175,195,116,114,172,0,0
Temkinli (buyume kapali),21,1548,fanta_portakal_1l,2015,315,360,222,220,317,62,0
Temkinli (buyume kapali),21,1548,sprite_1l,2015,315,360,222,219,317,60,0
Temkinli (buyume kapali),21,1548,pepsi_1l,2015,315,360,222,220,317,51,0
Temkinli (buyume kapali),21,1548,uludag_gazoz_250ml,2015,125,140,78,77,123,2,0
Temkinli (buyume kapali),21,1548,caykur_rize_turist_500g,2015,835,930,616,608,818,73,0
Temkinli (buyume kapali),21,1548,caykur_tiryaki_1kg,2015,1435,1655,1089,1076,1456,82,0
Temkinli (buyume kapali),21,1548,lipton_yellow_label_100,2015,1270,1450,981,969,1276,63,0
Temkinli (buyume kapali),21,1548,dogus_cay_1kg,2015,1375,1585,1078,1066,1395,15,0
Temkinli (buyume kapali),21,1548,ulker_potibor,2015,210,240,128,126,211,8,0
Temkinli (buyume kapali),21,1548,barilla_spagetti_500g,2015,400,450,274,272,396,3,0
Temkinli (buyume kapali),21,1548,ariel_toz_4kg,2015,2350,2745,1794,1773,2416,76,0
Temkinli (buyume kapali),21,1578,sutas_sut_1l,2015,305,345,223,217,304,73,0
Temkinli (buyume kapali),21,1578,pinar_sut_1l,2015,295,340,228,222,299,82,0
Temkinli (buyume kapali),21,1578,icim_sut_1l,2015,290,335,221,215,295,79,0
Temkinli (buyume kapali),21,1578,torku_sut_1l,2015,270,310,208,202,273,164,0
Temkinli (buyume kapali),21,1578,sutas_ayran_200ml,2015,90,105,60,58,92,23,15
Temkinli (buyume kapali),21,1578,sutas_yogurt_1kg,2015,415,485,315,308,427,0,0
Temkinli (buyume kapali),21,1578,pinar_labne_200g,2015,380,430,282,274,378,7,0
Temkinli (buyume kapali),21,1578,danone_danino,2015,290,335,215,209,295,2,0
Temkinli (buyume kapali),21,1578,coca_cola_1l,2015,330,380,237,231,334,61,0
Temkinli (buyume kapali),21,1578,coca_cola_zero_1l,2015,330,380,237,230,334,44,0
Temkinli (buyume kapali),21,1578,coca_cola_kutu_330ml,2015,175,195,118,116,172,17,0
Temkinli (buyume kapali),21,1578,fanta_portakal_1l,2015,315,360,228,221,317,73,0
Temkinli (buyume kapali),21,1578,sprite_1l,2015,315,360,228,222,317,50,0
Temkinli (buyume kapali),21,1578,pepsi_1l,2015,315,360,228,221,317,39,0
Temkinli (buyume kapali),21,1578,uludag_gazoz_250ml,2015,125,140,80,78,123,2,0
Temkinli (buyume kapali),21,1578,caykur_rize_turist_500g,2015,835,935,631,614,823,57,0
Temkinli (buyume kapali),21,1578,caykur_tiryaki_1kg,2015,1435,1665,1117,1087,1465,79,0
Temkinli (buyume kapali),21,1578,lipton_yellow_label_100,2015,1270,1460,1006,980,1285,63,0
Temkinli (buyume kapali),21,1578,dogus_cay_1kg,2015,1375,1595,1104,1077,1404,37,0
Temkinli (buyume kapali),21,1578,ulker_potibor,2015,210,245,132,128,216,0,0
Temkinli (buyume kapali),21,1578,barilla_spagetti_500g,2015,400,450,282,274,396,8,0
Temkinli (buyume kapali),21,1578,ariel_toz_4kg,2015,2350,2765,1840,1791,2433,88,0
Temkinli (buyume kapali),21,1609,sutas_sut_1l,2015,300,350,229,223,308,98,0
Temkinli (buyume kapali),21,1609,pinar_sut_1l,2015,305,345,234,226,304,93,0
Temkinli (buyume kapali),21,1609,icim_sut_1l,2015,300,335,228,221,295,78,0
Temkinli (buyume kapali),21,1609,torku_sut_1l,2015,280,315,214,207,277,177,0
Temkinli (buyume kapali),21,1609,sutas_ayran_200ml,2015,90,105,61,60,92,24,33
Temkinli (buyume kapali),21,1609,sutas_yogurt_1kg,2015,425,490,324,316,431,8,3
Temkinli (buyume kapali),21,1609,pinar_labne_200g,2015,370,435,290,283,383,6,0
Temkinli (buyume kapali),21,1609,danone_danino,2015,300,335,220,215,295,15,6
Temkinli (buyume kapali),21,1609,coca_cola_1l,2015,340,385,243,237,339,0,0
Temkinli (buyume kapali),21,1609,coca_cola_zero_1l,2015,340,385,243,236,339,11,0
Temkinli (buyume kapali),21,1609,coca_cola_kutu_330ml,2015,170,195,121,119,172,0,0
Temkinli (buyume kapali),21,1609,fanta_portakal_1l,2015,325,365,234,227,321,38,0
Temkinli (buyume kapali),21,1609,sprite_1l,2015,325,365,234,227,321,46,0
Temkinli (buyume kapali),21,1609,pepsi_1l,2015,325,365,234,227,321,48,0
Temkinli (buyume kapali),21,1609,uludag_gazoz_250ml,2015,125,140,82,80,123,0,0
Temkinli (buyume kapali),21,1609,caykur_rize_turist_500g,2015,810,945,648,631,832,62,0
Temkinli (buyume kapali),21,1609,caykur_tiryaki_1kg,2015,1465,1680,1148,1115,1478,88,0
Temkinli (buyume kapali),21,1609,lipton_yellow_label_100,2015,1300,1470,1033,1007,1294,54,0
Temkinli (buyume kapali),21,1609,dogus_cay_1kg,2015,1405,1610,1135,1107,1417,25,0
Temkinli (buyume kapali),21,1609,ulker_potibor,2015,215,245,138,135,216,0,0
Temkinli (buyume kapali),21,1609,barilla_spagetti_500g,2015,385,455,290,283,400,0,0
Temkinli (buyume kapali),21,1609,ariel_toz_4kg,2015,2400,2785,1890,1837,2451,80,0
Temkinli (buyume kapali),21,1640,sutas_sut_1l,2015,300,350,228,229,308,57,0
Temkinli (buyume kapali),21,1640,pinar_sut_1l,2015,305,345,233,233,304,75,0
Temkinli (buyume kapali),21,1640,icim_sut_1l,2015,300,340,226,226,299,83,0
Temkinli (buyume kapali),21,1640,torku_sut_1l,2015,280,315,212,211,277,156,0
Temkinli (buyume kapali),21,1640,sutas_ayran_200ml,2015,90,105,61,61,92,19,0
Temkinli (buyume kapali),21,1640,sutas_yogurt_1kg,2015,425,495,322,323,436,8,9
Temkinli (buyume kapali),21,1640,pinar_labne_200g,2015,390,435,287,289,383,3,0
Temkinli (buyume kapali),21,1640,danone_danino,2015,300,340,219,220,299,12,0
Temkinli (buyume kapali),21,1640,coca_cola_1l,2015,340,385,242,242,339,57,0
Temkinli (buyume kapali),21,1640,coca_cola_zero_1l,2015,340,385,242,242,339,31,0
Temkinli (buyume kapali),21,1640,coca_cola_kutu_330ml,2015,170,195,120,121,172,0,0
Temkinli (buyume kapali),21,1640,fanta_portakal_1l,2015,325,365,233,233,321,58,0
Temkinli (buyume kapali),21,1640,sprite_1l,2015,325,365,233,234,321,48,0
Temkinli (buyume kapali),21,1640,pepsi_1l,2015,325,365,233,233,321,53,0
Temkinli (buyume kapali),21,1640,uludag_gazoz_250ml,2015,125,140,82,82,123,4,0
Temkinli (buyume kapali),21,1640,caykur_rize_turist_500g,2015,810,950,644,646,836,54,0
Temkinli (buyume kapali),21,1640,caykur_tiryaki_1kg,2015,1465,1690,1141,1142,1487,88,0
Temkinli (buyume kapali),21,1640,lipton_yellow_label_100,2015,1300,1480,1027,1030,1302,64,0
Temkinli (buyume kapali),21,1640,dogus_cay_1kg,2015,1405,1620,1129,1133,1426,36,0
Temkinli (buyume kapali),21,1640,ulker_potibor,2015,215,245,137,138,216,0,0
Temkinli (buyume kapali),21,1640,barilla_spagetti_500g,2015,410,460,287,289,405,10,0
Temkinli (buyume kapali),21,1640,ariel_toz_4kg,2015,2400,2800,1880,1882,2464,86,0
Temkinli (buyume kapali),21,1670,sutas_sut_1l,2015,300,355,227,227,312,60,0
Temkinli (buyume kapali),21,1670,pinar_sut_1l,2015,305,345,231,233,304,93,0
Temkinli (buyume kapali),21,1670,icim_sut_1l,2015,300,340,224,226,299,67,0
Temkinli (buyume kapali),21,1670,torku_sut_1l,2015,280,320,211,211,282,177,0
Temkinli (buyume kapali),21,1670,sutas_ayran_200ml,2015,90,105,60,60,92,16,0
Temkinli (buyume kapali),21,1670,sutas_yogurt_1kg,2015,425,495,320,321,436,0,0
Temkinli (buyume kapali),21,1670,pinar_labne_200g,2015,390,440,286,286,387,6,0
Temkinli (buyume kapali),21,1670,danone_danino,2015,300,340,218,218,299,15,1
Temkinli (buyume kapali),21,1670,coca_cola_1l,2015,340,390,240,241,343,42,0
Temkinli (buyume kapali),21,1670,coca_cola_zero_1l,2015,340,390,240,241,343,49,0
Temkinli (buyume kapali),21,1670,coca_cola_kutu_330ml,2015,170,200,120,120,176,24,1
Temkinli (buyume kapali),21,1670,fanta_portakal_1l,2015,325,370,231,232,326,57,0
Temkinli (buyume kapali),21,1670,sprite_1l,2015,325,370,231,232,326,63,0
Temkinli (buyume kapali),21,1670,pepsi_1l,2015,325,370,231,232,326,54,0
Temkinli (buyume kapali),21,1670,uludag_gazoz_250ml,2015,125,140,82,82,123,7,0
Temkinli (buyume kapali),21,1670,caykur_rize_turist_500g,2015,860,955,640,642,840,67,0
Temkinli (buyume kapali),21,1670,caykur_tiryaki_1kg,2015,1465,1700,1133,1137,1496,80,0
Temkinli (buyume kapali),21,1670,lipton_yellow_label_100,2015,1300,1490,1021,1023,1311,55,0
Temkinli (buyume kapali),21,1670,dogus_cay_1kg,2015,1405,1630,1121,1124,1434,34,0
Temkinli (buyume kapali),21,1670,ulker_potibor,2015,215,250,136,136,220,0,0
Temkinli (buyume kapali),21,1670,barilla_spagetti_500g,2015,410,460,286,286,405,0,0
Temkinli (buyume kapali),21,1670,ariel_toz_4kg,2015,2400,2820,1867,1874,2482,85,0
Temkinli (buyume kapali),21,1701,sutas_sut_1l,2015,310,355,226,227,312,85,0
Temkinli (buyume kapali),21,1701,pinar_sut_1l,2015,300,350,231,232,308,95,0
Temkinli (buyume kapali),21,1701,icim_sut_1l,2015,295,345,224,225,304,60,0
Temkinli (buyume kapali),21,1701,torku_sut_1l,2015,275,320,211,211,282,125,0
Temkinli (buyume kapali),21,1701,sutas_ayran_200ml,2015,90,105,60,60,92,0,0
Temkinli (buyume kapali),21,1701,sutas_yogurt_1kg,2015,435,500,319,319,440,0,0
Temkinli (buyume kapali),21,1701,pinar_labne_200g,2015,380,445,285,285,392,3,0
Temkinli (buyume kapali),21,1701,danone_danino,2015,295,345,217,217,304,0,0
Temkinli (buyume kapali),21,1701,coca_cola_1l,2015,350,395,240,241,348,44,0
Temkinli (buyume kapali),21,1701,coca_cola_zero_1l,2015,350,395,240,240,348,70,0
Temkinli (buyume kapali),21,1701,coca_cola_kutu_330ml,2015,175,200,120,120,176,24,12
Temkinli (buyume kapali),21,1701,fanta_portakal_1l,2015,335,370,231,232,326,66,0
Temkinli (buyume kapali),21,1701,sprite_1l,2015,335,370,231,232,326,59,0
Temkinli (buyume kapali),21,1701,pepsi_1l,2015,335,370,231,232,326,70,0
Temkinli (buyume kapali),21,1701,uludag_gazoz_250ml,2015,125,145,82,82,128,24,9
Temkinli (buyume kapali),21,1701,caykur_rize_turist_500g,2015,830,965,639,639,849,55,0
Temkinli (buyume kapali),21,1701,caykur_tiryaki_1kg,2015,1500,1715,1131,1133,1509,76,0
Temkinli (buyume kapali),21,1701,lipton_yellow_label_100,2015,1330,1500,1018,1019,1320,56,0
Temkinli (buyume kapali),21,1701,dogus_cay_1kg,2015,1435,1640,1119,1119,1443,37,0
Temkinli (buyume kapali),21,1701,ulker_potibor,2015,220,250,136,136,220,12,23
Temkinli (buyume kapali),21,1701,barilla_spagetti_500g,2015,395,465,285,285,409,2,0
Temkinli (buyume kapali),21,1701,ariel_toz_4kg,2015,2450,2840,1863,1865,2499,72,0
Temkinli (buyume kapali),21,1731,sutas_sut_1l,2015,310,360,231,227,317,71,0
Temkinli (buyume kapali),21,1731,pinar_sut_1l,2015,300,350,236,231,308,72,0
Temkinli (buyume kapali),21,1731,icim_sut_1l,2015,310,345,229,224,304,76,0
Temkinli (buyume kapali),21,1731,torku_sut_1l,2015,275,325,215,211,286,155,0
Temkinli (buyume kapali),21,1731,sutas_ayran_200ml,2015,90,110,61,59,97,0,0
Temkinli (buyume kapali),21,1731,sutas_yogurt_1kg,2015,435,505,326,319,444,0,0
Temkinli (buyume kapali),21,1731,pinar_labne_200g,2015,400,445,291,285,392,5,0
Temkinli (buyume kapali),21,1731,danone_danino,2015,310,345,222,217,304,4,0
Temkinli (buyume kapali),21,1731,coca_cola_1l,2015,350,395,244,240,348,65,0
Temkinli (buyume kapali),21,1731,coca_cola_zero_1l,2015,350,395,244,240,348,76,0
Temkinli (buyume kapali),21,1731,coca_cola_kutu_330ml,2015,175,200,123,120,176,21,1
Temkinli (buyume kapali),21,1731,fanta_portakal_1l,2015,335,375,236,232,330,77,0
Temkinli (buyume kapali),21,1731,sprite_1l,2015,335,375,236,232,330,81,1
Temkinli (buyume kapali),21,1731,pepsi_1l,2015,335,375,236,232,330,70,0
Temkinli (buyume kapali),21,1731,uludag_gazoz_250ml,2015,130,145,83,82,128,0,0
Temkinli (buyume kapali),21,1731,caykur_rize_turist_500g,2015,830,970,652,638,854,48,0
Temkinli (buyume kapali),21,1731,caykur_tiryaki_1kg,2015,1500,1725,1155,1131,1518,75,0
Temkinli (buyume kapali),21,1731,lipton_yellow_label_100,2015,1330,1510,1040,1018,1329,64,0
Temkinli (buyume kapali),21,1731,dogus_cay_1kg,2015,1435,1655,1143,1118,1456,35,0
Temkinli (buyume kapali),21,1731,ulker_potibor,2015,220,250,139,136,220,6,0
Temkinli (buyume kapali),21,1731,barilla_spagetti_500g,2015,420,465,291,285,409,0,0
Temkinli (buyume kapali),21,1731,ariel_toz_4kg,2015,2450,2860,1903,1861,2517,87,0
Temkinli (buyume kapali),21,1762,sutas_sut_1l,2016,310,360,230,230,317,63,0
Temkinli (buyume kapali),21,1762,pinar_sut_1l,2016,300,355,235,236,312,33,0
Temkinli (buyume kapali),21,1762,icim_sut_1l,2016,310,345,228,228,304,53,0
Temkinli (buyume kapali),21,1762,torku_sut_1l,2016,290,325,214,213,286,166,0
Temkinli (buyume kapali),21,1762,sutas_ayran_200ml,2016,95,110,61,61,97,7,0
Temkinli (buyume kapali),21,1762,sutas_yogurt_1kg,2016,435,505,325,325,444,6,0
Temkinli (buyume kapali),21,1762,pinar_labne_200g,2016,400,450,290,291,396,0,0
Temkinli (buyume kapali),21,1762,danone_danino,2016,310,345,221,222,304,15,5
Temkinli (buyume kapali),21,1762,coca_cola_1l,2016,350,400,243,244,352,54,0
Temkinli (buyume kapali),21,1762,coca_cola_zero_1l,2016,350,400,243,244,352,48,0
Temkinli (buyume kapali),21,1762,coca_cola_kutu_330ml,2016,175,205,122,123,180,24,5
Temkinli (buyume kapali),21,1762,fanta_portakal_1l,2016,335,375,235,234,330,53,0
Temkinli (buyume kapali),21,1762,sprite_1l,2016,335,375,235,235,330,65,0
Temkinli (buyume kapali),21,1762,pepsi_1l,2016,335,375,235,235,330,52,0
Temkinli (buyume kapali),21,1762,uludag_gazoz_250ml,2016,130,145,83,83,128,14,0
Temkinli (buyume kapali),21,1762,caykur_rize_turist_500g,2016,830,975,650,651,858,28,0
Temkinli (buyume kapali),21,1762,caykur_tiryaki_1kg,2016,1500,1735,1150,1154,1527,47,0
Temkinli (buyume kapali),21,1762,lipton_yellow_label_100,2016,1330,1520,1036,1039,1338,56,0
Temkinli (buyume kapali),21,1762,dogus_cay_1kg,2016,1435,1665,1138,1142,1465,25,0
Temkinli (buyume kapali),21,1762,ulker_potibor,2016,220,255,142,143,224,7,0
Temkinli (buyume kapali),21,1762,barilla_spagetti_500g,2016,420,470,290,291,414,0,0
Temkinli (buyume kapali),21,1762,ariel_toz_4kg,2016,2450,2880,1895,1898,2534,82,0
Temkinli (buyume kapali),21,1793,sutas_sut_1l,2016,320,365,232,230,321,79,0
Temkinli (buyume kapali),21,1793,pinar_sut_1l,2016,310,355,237,234,312,80,0
Temkinli (buyume kapali),21,1793,icim_sut_1l,2016,305,350,231,228,308,63,0
Temkinli (buyume kapali),21,1793,torku_sut_1l,2016,285,330,216,214,290,171,0
Temkinli (buyume kapali),21,1793,sutas_ayran_200ml,2016,95,110,61,61,97,0,0
Temkinli (buyume kapali),21,1793,sutas_yogurt_1kg,2016,445,510,328,324,449,8,8
Temkinli (buyume kapali),21,1793,pinar_labne_200g,2016,385,450,293,289,396,5,0
Temkinli (buyume kapali),21,1793,danone_danino,2016,305,350,223,221,308,4,0
Temkinli (buyume kapali),21,1793,coca_cola_1l,2016,360,400,246,244,352,69,0
Temkinli (buyume kapali),21,1793,coca_cola_zero_1l,2016,360,400,246,244,352,65,0
Temkinli (buyume kapali),21,1793,coca_cola_kutu_330ml,2016,180,205,123,122,180,10,0
Temkinli (buyume kapali),21,1793,fanta_portakal_1l,2016,325,380,237,235,334,66,0
Temkinli (buyume kapali),21,1793,sprite_1l,2016,325,380,237,235,334,63,0
Temkinli (buyume kapali),21,1793,pepsi_1l,2016,325,380,237,235,334,43,0
Temkinli (buyume kapali),21,1793,uludag_gazoz_250ml,2016,130,145,84,83,128,24,3
Temkinli (buyume kapali),21,1793,caykur_rize_turist_500g,2016,850,985,657,650,867,53,0
Temkinli (buyume kapali),21,1793,caykur_tiryaki_1kg,2016,1535,1750,1163,1151,1540,65,0
Temkinli (buyume kapali),21,1793,lipton_yellow_label_100,2016,1360,1530,1047,1035,1346,35,0
Temkinli (buyume kapali),21,1793,dogus_cay_1kg,2016,1465,1675,1150,1137,1474,12,0
Temkinli (buyume kapali),21,1793,ulker_potibor,2016,225,255,144,142,224,0,0
Temkinli (buyume kapali),21,1793,barilla_spagetti_500g,2016,430,475,293,289,418,14,12
Temkinli (buyume kapali),21,1793,ariel_toz_4kg,2016,2505,2900,1915,1896,2552,95,0
Temkinli (buyume kapali),21,1822,sutas_sut_1l,2016,320,365,239,231,321,95,0
Temkinli (buyume kapali),21,1822,pinar_sut_1l,2016,310,360,244,236,317,89,0
Temkinli (buyume kapali),21,1822,icim_sut_1l,2016,305,350,236,230,308,69,0
Temkinli (buyume kapali),21,1822,torku_sut_1l,2016,285,330,221,215,290,166,0
Temkinli (buyume kapali),21,1822,sutas_ayran_200ml,2016,95,110,63,61,97,7,0
Temkinli (buyume kapali),21,1822,sutas_yogurt_1kg,2016,445,515,337,327,453,0,0
Temkinli (buyume kapali),21,1822,pinar_labne_200g,2016,385,455,300,293,400,0,0
Temkinli (buyume kapali),21,1822,danone_danino,2016,305,350,229,223,308,0,0
Temkinli (buyume kapali),21,1822,coca_cola_1l,2016,360,405,252,245,356,70,0
Temkinli (buyume kapali),21,1822,coca_cola_zero_1l,2016,360,405,252,245,356,71,0
Temkinli (buyume kapali),21,1822,coca_cola_kutu_330ml,2016,180,205,126,123,180,7,0
Temkinli (buyume kapali),21,1822,fanta_portakal_1l,2016,325,380,244,236,334,65,0
Temkinli (buyume kapali),21,1822,sprite_1l,2016,325,380,244,236,334,73,0
Temkinli (buyume kapali),21,1822,pepsi_1l,2016,325,380,244,236,334,66,0
Temkinli (buyume kapali),21,1822,uludag_gazoz_250ml,2016,130,145,85,83,128,15,0
Temkinli (buyume kapali),21,1822,caykur_rize_turist_500g,2016,850,990,673,654,871,40,0
Temkinli (buyume kapali),21,1822,caykur_tiryaki_1kg,2016,1535,1760,1191,1160,1549,62,0
Temkinli (buyume kapali),21,1822,lipton_yellow_label_100,2016,1360,1540,1073,1045,1355,60,0
Temkinli (buyume kapali),21,1822,dogus_cay_1kg,2016,1465,1690,1178,1148,1487,14,0
Temkinli (buyume kapali),21,1822,ulker_potibor,2016,225,255,148,144,224,10,6
Temkinli (buyume kapali),21,1822,barilla_spagetti_500g,2016,430,475,300,293,418,0,0
Temkinli (buyume kapali),21,1822,ariel_toz_4kg,2016,2505,2920,1962,1908,2570,88,0
Temkinli (buyume kapali),21,1853,sutas_sut_1l,2016,320,370,241,236,326,86,0
Temkinli (buyume kapali),21,1853,pinar_sut_1l,2016,310,360,246,243,317,58,0
Temkinli (buyume kapali),21,1853,icim_sut_1l,2016,305,355,238,234,312,73,0
Temkinli (buyume kapali),21,1853,torku_sut_1l,2016,285,335,224,219,295,160,0
Temkinli (buyume kapali),21,1853,sutas_ayran_200ml,2016,95,110,64,63,97,0,0
Temkinli (buyume kapali),21,1853,sutas_yogurt_1kg,2016,445,515,340,336,453,0,0
Temkinli (buyume kapali),21,1853,pinar_labne_200g,2016,410,460,304,299,405,3,0
Temkinli (buyume kapali),21,1853,danone_danino,2016,305,355,231,228,312,5,0
Temkinli (buyume kapali),21,1853,coca_cola_1l,2016,360,405,254,251,356,69,0
Temkinli (buyume kapali),21,1853,coca_cola_zero_1l,2016,360,405,254,251,356,67,0
Temkinli (buyume kapali),21,1853,coca_cola_kutu_330ml,2016,180,205,128,126,180,1,0
Temkinli (buyume kapali),21,1853,fanta_portakal_1l,2016,325,385,246,243,339,65,0
Temkinli (buyume kapali),21,1853,sprite_1l,2016,325,385,246,243,339,48,0
Temkinli (buyume kapali),21,1853,pepsi_1l,2016,325,385,246,243,339,57,0
Temkinli (buyume kapali),21,1853,uludag_gazoz_250ml,2016,130,150,86,85,132,0,0
Temkinli (buyume kapali),21,1853,caykur_rize_turist_500g,2016,850,1000,679,671,880,48,0
Temkinli (buyume kapali),21,1853,caykur_tiryaki_1kg,2016,1535,1775,1203,1188,1562,76,0
Temkinli (buyume kapali),21,1853,lipton_yellow_label_100,2016,1360,1550,1083,1070,1364,70,0
Temkinli (buyume kapali),21,1853,dogus_cay_1kg,2016,1465,1700,1190,1175,1496,32,0
Temkinli (buyume kapali),21,1853,ulker_potibor,2016,225,260,148,147,229,0,0
Temkinli (buyume kapali),21,1853,barilla_spagetti_500g,2016,430,480,304,300,422,14,6
Temkinli (buyume kapali),21,1853,ariel_toz_4kg,2016,2505,2940,1981,1954,2587,80,0
Temkinli (buyume kapali),21,1883,sutas_sut_1l,2016,330,370,243,240,326,67,0
Temkinli (buyume kapali),21,1883,pinar_sut_1l,2016,320,365,248,244,321,77,0
Temkinli (buyume kapali),21,1883,icim_sut_1l,2016,315,355,241,238,312,48,0
Temkinli (buyume kapali),21,1883,torku_sut_1l,2016,295,335,226,223,295,124,0
Temkinli (buyume kapali),21,1883,sutas_ayran_200ml,2016,95,110,64,64,97,11,0
Temkinli (buyume kapali),21,1883,sutas_yogurt_1kg,2016,455,520,343,340,458,0,0
Temkinli (buyume kapali),21,1883,pinar_labne_200g,2016,395,460,306,304,405,0,0
Temkinli (buyume kapali),21,1883,danone_danino,2016,315,355,233,231,312,0,0
Temkinli (buyume kapali),21,1883,coca_cola_1l,2016,350,410,257,254,361,49,0
Temkinli (buyume kapali),21,1883,coca_cola_zero_1l,2016,350,410,257,254,361,46,0
Temkinli (buyume kapali),21,1883,coca_cola_kutu_330ml,2016,185,210,129,128,185,14,0
Temkinli (buyume kapali),21,1883,fanta_portakal_1l,2016,335,385,248,245,339,58,0
Temkinli (buyume kapali),21,1883,sprite_1l,2016,335,385,248,245,339,63,0
Temkinli (buyume kapali),21,1883,pepsi_1l,2016,335,385,248,245,339,57,0
Temkinli (buyume kapali),21,1883,uludag_gazoz_250ml,2016,135,150,87,86,132,0,0
Temkinli (buyume kapali),21,1883,caykur_rize_turist_500g,2016,870,1005,686,680,884,51,0
Temkinli (buyume kapali),21,1883,caykur_tiryaki_1kg,2016,1570,1785,1214,1202,1571,73,0
Temkinli (buyume kapali),21,1883,lipton_yellow_label_100,2016,1390,1565,1093,1083,1377,63,0
Temkinli (buyume kapali),21,1883,dogus_cay_1kg,2016,1500,1710,1201,1191,1505,43,0
Temkinli (buyume kapali),21,1883,ulker_potibor,2016,230,260,146,144,229,6,0
Temkinli (buyume kapali),21,1883,barilla_spagetti_500g,2016,415,485,306,304,427,14,3
Temkinli (buyume kapali),21,1883,ariel_toz_4kg,2016,2560,2965,2000,1981,2609,80,0
Temkinli (buyume kapali),21,1914,sutas_sut_1l,2016,330,375,243,242,330,68,0
Temkinli (buyume kapali),21,1914,pinar_sut_1l,2016,320,365,248,248,321,41,0
Temkinli (buyume kapali),21,1914,icim_sut_1l,2016,315,360,241,240,317,63,0
Temkinli (buyume kapali),21,1914,torku_sut_1l,2016,295,335,226,224,295,161,0
Temkinli (buyume kapali),21,1914,sutas_ayran_200ml,2016,95,110,64,64,97,0,0
Temkinli (buyume kapali),21,1914,sutas_yogurt_1kg,2016,455,525,343,343,462,0,0
Temkinli (buyume kapali),21,1914,pinar_labne_200g,2016,395,465,306,306,409,0,0
Temkinli (buyume kapali),21,1914,danone_danino,2016,315,360,233,233,317,0,0
Temkinli (buyume kapali),21,1914,coca_cola_1l,2016,370,410,258,256,361,67,0
Temkinli (buyume kapali),21,1914,coca_cola_zero_1l,2016,370,410,258,256,361,58,0
Temkinli (buyume kapali),21,1914,coca_cola_kutu_330ml,2016,185,210,129,129,185,24,15
Temkinli (buyume kapali),21,1914,fanta_portakal_1l,2016,335,390,248,248,343,38,0
Temkinli (buyume kapali),21,1914,sprite_1l,2016,335,390,248,247,343,47,0
Temkinli (buyume kapali),21,1914,pepsi_1l,2016,335,390,248,247,343,57,0
Temkinli (buyume kapali),21,1914,uludag_gazoz_250ml,2016,135,150,87,87,132,0,0
Temkinli (buyume kapali),21,1914,caykur_rize_turist_500g,2016,870,1010,685,686,889,37,0
Temkinli (buyume kapali),21,1914,caykur_tiryaki_1kg,2016,1570,1800,1214,1214,1584,84,0
Temkinli (buyume kapali),21,1914,lipton_yellow_label_100,2016,1390,1575,1094,1093,1386,68,0
Temkinli (buyume kapali),21,1914,dogus_cay_1kg,2016,1500,1725,1201,1202,1518,36,0
Temkinli (buyume kapali),21,1914,ulker_potibor,2016,230,260,151,150,229,0,0
Temkinli (buyume kapali),21,1914,barilla_spagetti_500g,2016,415,485,306,306,427,0,0
Temkinli (buyume kapali),21,1914,ariel_toz_4kg,2016,2560,2985,2000,2000,2627,81,0
Temkinli (buyume kapali),21,1944,sutas_sut_1l,2016,330,380,242,242,334,78,0
Temkinli (buyume kapali),21,1944,pinar_sut_1l,2016,320,370,247,248,326,53,0
Temkinli (buyume kapali),21,1944,icim_sut_1l,2016,315,365,240,241,321,33,0
Temkinli (buyume kapali),21,1944,torku_sut_1l,2016,295,340,225,224,299,139,0
Temkinli (buyume kapali),21,1944,sutas_ayran_200ml,2016,95,115,64,64,101,0,0
Temkinli (buyume kapali),21,1944,sutas_yogurt_1kg,2016,455,530,342,343,466,0,0
Temkinli (buyume kapali),21,1944,pinar_labne_200g,2016,420,470,305,306,414,0,0
Temkinli (buyume kapali),21,1944,danone_danino,2016,315,365,233,233,321,2,0
Temkinli (buyume kapali),21,1944,coca_cola_1l,2016,370,415,256,257,365,56,0
Temkinli (buyume kapali),21,1944,coca_cola_zero_1l,2016,370,415,256,257,365,61,0
Temkinli (buyume kapali),21,1944,coca_cola_kutu_330ml,2016,185,210,128,129,185,0,0
Temkinli (buyume kapali),21,1944,fanta_portakal_1l,2016,335,395,247,248,348,0,0
Temkinli (buyume kapali),21,1944,sprite_1l,2016,335,395,247,248,348,41,0
Temkinli (buyume kapali),21,1944,pepsi_1l,2016,335,395,247,247,348,44,0
Temkinli (buyume kapali),21,1944,uludag_gazoz_250ml,2016,135,150,87,87,132,24,8
Temkinli (buyume kapali),21,1944,caykur_rize_turist_500g,2016,870,1020,683,686,898,61,0
Temkinli (buyume kapali),21,1944,caykur_tiryaki_1kg,2016,1570,1815,1210,1214,1597,92,0
Temkinli (buyume kapali),21,1944,lipton_yellow_label_100,2016,1390,1585,1090,1094,1395,63,0
Temkinli (buyume kapali),21,1944,dogus_cay_1kg,2016,1500,1735,1197,1201,1527,37,0
Temkinli (buyume kapali),21,1944,ulker_potibor,2016,230,265,145,146,233,3,0
Temkinli (buyume kapali),21,1944,barilla_spagetti_500g,2016,415,490,305,306,431,3,0
Temkinli (buyume kapali),21,1944,ariel_toz_4kg,2016,2560,3005,1993,2000,2644,78,0
Temkinli (buyume kapali),21,1975,sutas_sut_1l,2016,340,380,246,242,334,79,0
Temkinli (buyume kapali),21,1975,pinar_sut_1l,2016,330,375,251,248,330,71,0
Temkinli (buyume kapali),21,1975,icim_sut_1l,2016,325,365,243,240,321,61,0
Temkinli (buyume kapali),21,1975,torku_sut_1l,2016,305,340,229,224,299,149,0
Temkinli (buyume kapali),21,1975,sutas_ayran_200ml,2016,100,115,65,64,101,0,0
Temkinli (buyume kapali),21,1975,sutas_yogurt_1kg,2016,465,535,347,342,471,0,0
Temkinli (buyume kapali),21,1975,pinar_labne_200g,2016,405,470,310,306,414,0,0
Temkinli (buyume kapali),21,1975,danone_danino,2016,325,365,236,233,321,0,0
Temkinli (buyume kapali),21,1975,coca_cola_1l,2016,360,420,260,256,370,26,0
Temkinli (buyume kapali),21,1975,coca_cola_zero_1l,2016,360,420,260,256,370,61,0
Temkinli (buyume kapali),21,1975,coca_cola_kutu_330ml,2016,190,215,130,128,189,13,0
Temkinli (buyume kapali),21,1975,fanta_portakal_1l,2016,345,395,251,248,348,22,0
Temkinli (buyume kapali),21,1975,sprite_1l,2016,345,395,251,248,348,52,0
Temkinli (buyume kapali),21,1975,pepsi_1l,2016,345,395,251,247,348,45,0
Temkinli (buyume kapali),21,1975,uludag_gazoz_250ml,2016,130,150,88,88,132,0,0
Temkinli (buyume kapali),21,1975,caykur_rize_turist_500g,2016,890,1025,694,684,902,52,0
Temkinli (buyume kapali),21,1975,caykur_tiryaki_1kg,2016,1605,1825,1228,1213,1606,65,0
Temkinli (buyume kapali),21,1975,lipton_yellow_label_100,2016,1425,1600,1106,1091,1408,57,0
Temkinli (buyume kapali),21,1975,dogus_cay_1kg,2016,1535,1750,1215,1200,1540,41,0
Temkinli (buyume kapali),21,1975,ulker_potibor,2016,235,265,147,146,233,7,0
Temkinli (buyume kapali),21,1975,barilla_spagetti_500g,2016,425,495,310,306,436,0,0
Temkinli (buyume kapali),21,1975,ariel_toz_4kg,2016,2620,3030,2023,1997,2666,80,0
Temkinli (buyume kapali),21,2006,sutas_sut_1l,2016,340,385,245,245,339,81,0
Temkinli (buyume kapali),21,2006,pinar_sut_1l,2016,330,375,250,251,330,81,0
Temkinli (buyume kapali),21,2006,icim_sut_1l,2016,325,370,243,243,326,88,0
Temkinli (buyume kapali),21,2006,torku_sut_1l,2016,305,345,228,228,304,170,0
Temkinli (buyume kapali),21,2006,sutas_ayran_200ml,2016,100,115,65,65,101,0,0
Temkinli (buyume kapali),21,2006,sutas_yogurt_1kg,2016,465,535,346,347,471,0,0
Temkinli (buyume kapali),21,2006,pinar_labne_200g,2016,405,475,309,310,418,0,0
Temkinli (buyume kapali),21,2006,danone_danino,2016,325,370,235,236,326,0,0
Temkinli (buyume kapali),21,2006,coca_cola_1l,2016,360,420,259,260,370,41,0
Temkinli (buyume kapali),21,2006,coca_cola_zero_1l,2016,360,420,259,259,370,48,0
Temkinli (buyume kapali),21,2006,coca_cola_kutu_330ml,2016,190,215,129,130,189,24,20
Temkinli (buyume kapali),21,2006,fanta_portakal_1l,2016,345,400,250,250,352,45,0
Temkinli (buyume kapali),21,2006,sprite_1l,2016,345,400,250,250,352,56,0
Temkinli (buyume kapali),21,2006,pepsi_1l,2016,345,400,250,250,352,49,0
Temkinli (buyume kapali),21,2006,uludag_gazoz_250ml,2016,130,155,89,88,136,4,0
Temkinli (buyume kapali),21,2006,caykur_rize_turist_500g,2016,890,1035,691,693,911,61,0
Temkinli (buyume kapali),21,2006,caykur_tiryaki_1kg,2016,1605,1840,1224,1227,1619,77,0
Temkinli (buyume kapali),21,2006,lipton_yellow_label_100,2016,1425,1610,1102,1105,1417,73,0
Temkinli (buyume kapali),21,2006,dogus_cay_1kg,2016,1535,1765,1211,1215,1553,18,0
Temkinli (buyume kapali),21,2006,ulker_potibor,2016,235,270,147,148,238,8,0
Temkinli (buyume kapali),21,2006,barilla_spagetti_500g,2016,425,500,309,310,440,0,0
Temkinli (buyume kapali),21,2006,ariel_toz_4kg,2016,2620,3050,2016,2021,2684,85,0
Temkinli (buyume kapali),21,2036,sutas_sut_1l,2016,340,385,244,245,339,66,0
Temkinli (buyume kapali),21,2036,pinar_sut_1l,2016,330,380,249,250,334,82,0
Temkinli (buyume kapali),21,2036,icim_sut_1l,2016,325,370,242,243,326,59,0
Temkinli (buyume kapali),21,2036,torku_sut_1l,2016,305,345,227,228,304,150,0
Temkinli (buyume kapali),21,2036,sutas_ayran_200ml,2016,100,115,64,65,101,14,0
Temkinli (buyume kapali),21,2036,sutas_yogurt_1kg,2016,465,540,344,346,475,0,0
Temkinli (buyume kapali),21,2036,pinar_labne_200g,2016,430,480,307,309,422,0,0
Temkinli (buyume kapali),21,2036,danone_danino,2016,325,370,234,235,326,0,0
Temkinli (buyume kapali),21,2036,coca_cola_1l,2016,360,425,257,260,374,62,0
Temkinli (buyume kapali),21,2036,coca_cola_zero_1l,2016,360,425,257,259,374,66,0
Temkinli (buyume kapali),21,2036,coca_cola_kutu_330ml,2016,190,215,129,129,189,0,0
Temkinli (buyume kapali),21,2036,fanta_portakal_1l,2016,345,400,249,250,352,59,0
Temkinli (buyume kapali),21,2036,sprite_1l,2016,345,400,249,250,352,67,0
Temkinli (buyume kapali),21,2036,pepsi_1l,2016,345,400,249,250,352,39,0
Temkinli (buyume kapali),21,2036,uludag_gazoz_250ml,2016,140,155,88,88,136,0,0
Temkinli (buyume kapali),21,2036,caykur_rize_turist_500g,2016,890,1040,688,691,915,67,0
Temkinli (buyume kapali),21,2036,caykur_tiryaki_1kg,2016,1605,1855,1218,1224,1632,71,0
Temkinli (buyume kapali),21,2036,lipton_yellow_label_100,2016,1425,1620,1096,1102,1426,59,0
Temkinli (buyume kapali),21,2036,dogus_cay_1kg,2016,1535,1775,1205,1211,1562,37,0
Temkinli (buyume kapali),21,2036,ulker_potibor,2016,235,270,147,146,238,10,26
Temkinli (buyume kapali),21,2036,barilla_spagetti_500g,2016,450,500,307,309,440,14,17
Temkinli (buyume kapali),21,2036,ariel_toz_4kg,2016,2620,3070,2006,2018,2702,88,0
Temkinli (buyume kapali),21,2067,sutas_sut_1l,2016,330,390,247,244,343,0,0
Temkinli (buyume kapali),21,2067,pinar_sut_1l,2016,340,380,252,250,334,67,0
Temkinli (buyume kapali),21,2067,icim_sut_1l,2016,335,375,245,243,330,74,0
Temkinli (buyume kapali),21,2067,torku_sut_1l,2016,300,350,230,228,308,143,0
Temkinli (buyume kapali),21,2067,sutas_ayran_200ml,2016,100,115,65,64,101,0,0
Temkinli (buyume kapali),21,2067,sutas_yogurt_1kg,2016,480,545,348,345,480,0,0
Temkinli (buyume kapali),21,2067,pinar_labne_200g,2016,415,480,311,307,422,0,0
Temkinli (buyume kapali),21,2067,danone_danino,2016,335,375,237,235,330,2,0
Temkinli (buyume kapali),21,2067,coca_cola_1l,2016,370,430,262,258,378,50,0
Temkinli (buyume kapali),21,2067,coca_cola_zero_1l,2016,370,430,262,259,378,54,0
Temkinli (buyume kapali),21,2067,coca_cola_kutu_330ml,2016,185,220,131,129,194,0,0
Temkinli (buyume kapali),21,2067,fanta_portakal_1l,2016,355,405,252,250,356,55,0
Temkinli (buyume kapali),21,2067,sprite_1l,2016,355,405,252,250,356,39,0
Temkinli (buyume kapali),21,2067,pepsi_1l,2016,355,405,252,250,356,55,0
Temkinli (buyume kapali),21,2067,uludag_gazoz_250ml,2016,135,155,89,88,136,0,0
Temkinli (buyume kapali),21,2067,caykur_rize_turist_500g,2016,910,1050,698,688,924,43,0
Temkinli (buyume kapali),21,2067,caykur_tiryaki_1kg,2016,1645,1865,1235,1220,1641,88,0
Temkinli (buyume kapali),21,2067,lipton_yellow_label_100,2016,1460,1635,1112,1098,1439,65,0
Temkinli (buyume kapali),21,2067,dogus_cay_1kg,2016,1570,1790,1221,1207,1575,24,0
Temkinli (buyume kapali),21,2067,ulker_potibor,2016,245,270,149,147,238,0,0
Temkinli (buyume kapali),21,2067,barilla_spagetti_500g,2016,435,505,320,317,444,0,0
Temkinli (buyume kapali),21,2067,ariel_toz_4kg,2016,2680,3095,2034,2009,2724,89,0
Temkinli (buyume kapali),21,2097,sutas_sut_1l,2016,350,390,249,246,343,90,0
Temkinli (buyume kapali),21,2097,pinar_sut_1l,2016,340,385,254,251,339,76,0
Temkinli (buyume kapali),21,2097,icim_sut_1l,2016,335,375,247,244,330,65,0
Temkinli (buyume kapali),21,2097,torku_sut_1l,2016,300,350,232,230,308,129,0
Temkinli (buyume kapali),21,2097,sutas_ayran_200ml,2016,100,115,66,65,101,10,0
Temkinli (buyume kapali),21,2097,sutas_yogurt_1kg,2016,480,550,352,347,484,0,0
Temkinli (buyume kapali),21,2097,pinar_labne_200g,2016,415,485,314,310,427,5,0
Temkinli (buyume kapali),21,2097,danone_danino,2016,335,375,240,236,330,4,0
Temkinli (buyume kapali),21,2097,coca_cola_1l,2016,370,430,264,261,378,67,0
Temkinli (buyume kapali),21,2097,coca_cola_zero_1l,2016,370,430,264,260,378,56,0
Temkinli (buyume kapali),21,2097,coca_cola_kutu_330ml,2016,195,220,132,131,194,12,0
Temkinli (buyume kapali),21,2097,fanta_portakal_1l,2016,355,405,254,251,356,52,0
Temkinli (buyume kapali),21,2097,sprite_1l,2016,355,405,254,251,356,54,0
Temkinli (buyume kapali),21,2097,pepsi_1l,2016,355,405,254,251,356,56,0
Temkinli (buyume kapali),21,2097,uludag_gazoz_250ml,2016,135,155,89,88,136,16,0
Temkinli (buyume kapali),21,2097,caykur_rize_turist_500g,2016,910,1055,703,696,928,52,0
Temkinli (buyume kapali),21,2097,caykur_tiryaki_1kg,2016,1645,1880,1246,1233,1654,83,0
Temkinli (buyume kapali),21,2097,lipton_yellow_label_100,2016,1460,1645,1122,1109,1448,66,0
Temkinli (buyume kapali),21,2097,dogus_cay_1kg,2016,1570,1800,1233,1218,1584,16,0
Temkinli (buyume kapali),21,2097,ulker_potibor,2016,245,275,149,148,242,1,0
Temkinli (buyume kapali),21,2097,barilla_spagetti_500g,2016,435,510,324,320,449,0,0
Temkinli (buyume kapali),21,2097,ariel_toz_4kg,2016,2680,3115,2052,2027,2741,94,0
Temkinli (buyume kapali),21,2128,sutas_sut_1l,2017,350,395,255,247,348,68,0
Temkinli (buyume kapali),21,2128,pinar_sut_1l,2017,340,385,260,253,339,76,0
Temkinli (buyume kapali),21,2128,icim_sut_1l,2017,335,380,253,246,334,68,0
Temkinli (buyume kapali),21,2128,torku_sut_1l,2017,300,355,237,232,312,128,0
Temkinli (buyume kapali),21,2128,sutas_ayran_200ml,2017,100,120,68,66,106,10,0
Temkinli (buyume kapali),21,2128,sutas_yogurt_1kg,2017,480,550,361,352,484,0,0
Temkinli (buyume kapali),21,2128,pinar_labne_200g,2017,415,490,322,314,431,0,0
Temkinli (buyume kapali),21,2128,danone_danino,2017,335,380,245,239,334,14,0
Temkinli (buyume kapali),21,2128,coca_cola_1l,2017,370,435,271,262,383,40,0
Temkinli (buyume kapali),21,2128,coca_cola_zero_1l,2017,370,435,271,262,383,50,0
Temkinli (buyume kapali),21,2128,coca_cola_kutu_330ml,2017,195,220,135,132,194,5,0
Temkinli (buyume kapali),21,2128,fanta_portakal_1l,2017,355,410,260,253,361,30,0
Temkinli (buyume kapali),21,2128,sprite_1l,2017,355,410,260,253,361,52,0
Temkinli (buyume kapali),21,2128,pepsi_1l,2017,355,410,260,253,361,43,0
Temkinli (buyume kapali),21,2128,uludag_gazoz_250ml,2017,135,160,92,89,141,17,3
Temkinli (buyume kapali),21,2128,caykur_rize_turist_500g,2017,910,1065,721,702,937,20,0
Temkinli (buyume kapali),21,2128,caykur_tiryaki_1kg,2017,1645,1895,1276,1243,1668,67,0
Temkinli (buyume kapali),21,2128,lipton_yellow_label_100,2017,1460,1655,1150,1120,1456,57,0
Temkinli (buyume kapali),21,2128,dogus_cay_1kg,2017,1570,1815,1263,1230,1597,48,1
Temkinli (buyume kapali),21,2128,ulker_potibor,2017,245,275,154,149,242,0,0
Temkinli (buyume kapali),21,2128,barilla_spagetti_500g,2017,460,515,332,323,453,0,0
Temkinli (buyume kapali),21,2128,ariel_toz_4kg,2017,2680,3140,2103,2047,2763,85,0
Temkinli (buyume kapali),21,2159,sutas_sut_1l,2017,340,400,257,254,352,72,0
Temkinli (buyume kapali),21,2159,pinar_sut_1l,2017,330,390,263,260,343,85,0
Temkinli (buyume kapali),21,2159,icim_sut_1l,2017,325,380,254,253,334,60,0
Temkinli (buyume kapali),21,2159,torku_sut_1l,2017,310,360,239,236,317,180,0
Temkinli (buyume kapali),21,2159,sutas_ayran_200ml,2017,105,120,68,67,106,13,0
Temkinli (buyume kapali),21,2159,sutas_yogurt_1kg,2017,495,555,363,360,488,0,0
Temkinli (buyume kapali),21,2159,pinar_labne_200g,2017,425,495,324,321,436,12,0
Temkinli (buyume kapali),21,2159,danone_danino,2017,325,380,247,244,334,0,0
Temkinli (buyume kapali),21,2159,coca_cola_1l,2017,380,440,272,269,387,64,0
Temkinli (buyume kapali),21,2159,coca_cola_zero_1l,2017,380,440,272,269,387,66,0
Temkinli (buyume kapali),21,2159,coca_cola_kutu_330ml,2017,190,225,136,135,198,6,0
Temkinli (buyume kapali),21,2159,fanta_portakal_1l,2017,365,415,263,259,365,51,0
Temkinli (buyume kapali),21,2159,sprite_1l,2017,365,415,263,259,365,74,0
Temkinli (buyume kapali),21,2159,pepsi_1l,2017,365,415,263,259,365,63,0
Temkinli (buyume kapali),21,2159,uludag_gazoz_250ml,2017,140,160,93,92,141,16,0
Temkinli (buyume kapali),21,2159,caykur_rize_turist_500g,2017,930,1075,726,719,946,50,0
Temkinli (buyume kapali),21,2159,caykur_tiryaki_1kg,2017,1685,1910,1286,1274,1681,64,0
Temkinli (buyume kapali),21,2159,lipton_yellow_label_100,2017,1495,1670,1158,1148,1470,52,0
Temkinli (buyume kapali),21,2159,dogus_cay_1kg,2017,1605,1830,1272,1260,1610,23,0
Temkinli (buyume kapali),21,2159,ulker_potibor,2017,240,280,159,158,246,4,0
Temkinli (buyume kapali),21,2159,barilla_spagetti_500g,2017,450,515,334,331,453,14,0
Temkinli (buyume kapali),21,2159,ariel_toz_4kg,2017,2740,3170,2118,2095,2790,81,0
Temkinli (buyume kapali),21,2187,sutas_sut_1l,2017,360,400,257,256,352,93,0
Temkinli (buyume kapali),21,2187,pinar_sut_1l,2017,350,395,262,262,348,92,0
Temkinli (buyume kapali),21,2187,icim_sut_1l,2017,325,385,255,254,339,53,0
Temkinli (buyume kapali),21,2187,torku_sut_1l,2017,310,360,239,238,317,146,0
Temkinli (buyume kapali),21,2187,sutas_ayran_200ml,2017,105,120,68,68,106,3,0
Temkinli (buyume kapali),21,2187,sutas_yogurt_1kg,2017,495,560,363,362,493,0,0
Temkinli (buyume kapali),21,2187,pinar_labne_200g,2017,425,495,325,324,436,0,0
Temkinli (buyume kapali),21,2187,danone_danino,2017,325,385,247,247,339,1,0
Temkinli (buyume kapali),21,2187,coca_cola_1l,2017,380,440,272,271,387,72,0
Temkinli (buyume kapali),21,2187,coca_cola_zero_1l,2017,380,440,272,271,387,57,0
Temkinli (buyume kapali),21,2187,coca_cola_kutu_330ml,2017,200,225,137,136,198,23,0
Temkinli (buyume kapali),21,2187,fanta_portakal_1l,2017,365,415,262,261,365,73,0
Temkinli (buyume kapali),21,2187,sprite_1l,2017,365,415,262,261,365,66,0
Temkinli (buyume kapali),21,2187,pepsi_1l,2017,365,415,262,261,365,61,0
Temkinli (buyume kapali),21,2187,uludag_gazoz_250ml,2017,140,160,93,93,141,24,8
Temkinli (buyume kapali),21,2187,caykur_rize_turist_500g,2017,930,1085,727,725,955,43,0
Temkinli (buyume kapali),21,2187,caykur_tiryaki_1kg,2017,1685,1925,1287,1283,1694,66,0
Temkinli (buyume kapali),21,2187,lipton_yellow_label_100,2017,1495,1685,1159,1155,1483,54,0
Temkinli (buyume kapali),21,2187,dogus_cay_1kg,2017,1605,1845,1273,1269,1624,19,0
Temkinli (buyume kapali),21,2187,ulker_potibor,2017,240,280,159,159,246,0,0
Temkinli (buyume kapali),21,2187,barilla_spagetti_500g,2017,450,520,335,333,458,0,0
Temkinli (buyume kapali),21,2187,ariel_toz_4kg,2017,2740,3195,2119,2110,2812,71,0
Temkinli (buyume kapali),21,2218,sutas_sut_1l,2017,360,405,264,256,356,86,0
Temkinli (buyume kapali),21,2218,pinar_sut_1l,2017,350,395,269,262,348,63,0
Temkinli (buyume kapali),21,2218,icim_sut_1l,2017,345,390,261,255,343,53,0
Temkinli (buyume kapali),21,2218,torku_sut_1l,2017,310,365,245,239,321,138,0
Temkinli (buyume kapali),21,2218,sutas_ayran_200ml,2017,105,120,70,69,106,9,0
Temkinli (buyume kapali),21,2218,sutas_yogurt_1kg,2017,495,565,372,364,497,0,0
Temkinli (buyume kapali),21,2218,pinar_labne_200g,2017,425,500,333,326,440,0,0
Temkinli (buyume kapali),21,2218,danone_danino,2017,345,390,253,248,343,0,0
Temkinli (buyume kapali),21,2218,coca_cola_1l,2017,380,445,279,272,392,54,0
Temkinli (buyume kapali),21,2218,coca_cola_zero_1l,2017,380,445,279,272,392,54,0
Temkinli (buyume kapali),21,2218,coca_cola_kutu_330ml,2017,200,225,140,137,198,20,0
Temkinli (buyume kapali),21,2218,fanta_portakal_1l,2017,365,420,269,262,370,58,0
Temkinli (buyume kapali),21,2218,sprite_1l,2017,365,420,269,262,370,79,0
Temkinli (buyume kapali),21,2218,pepsi_1l,2017,365,420,269,262,370,66,0
Temkinli (buyume kapali),21,2218,uludag_gazoz_250ml,2017,140,160,95,93,141,24,3
Temkinli (buyume kapali),21,2218,caykur_rize_turist_500g,2017,930,1095,744,728,964,73,0
Temkinli (buyume kapali),21,2218,caykur_tiryaki_1kg,2017,1685,1945,1317,1289,1712,65,0
Temkinli (buyume kapali),21,2218,lipton_yellow_label_100,2017,1495,1700,1186,1160,1496,57,0
Temkinli (buyume kapali),21,2218,dogus_cay_1kg,2017,1605,1860,1304,1276,1637,24,0
Temkinli (buyume kapali),21,2218,ulker_potibor,2017,240,285,163,159,251,0,0
Temkinli (buyume kapali),21,2218,barilla_spagetti_500g,2017,450,525,343,336,462,0,0
Temkinli (buyume kapali),21,2218,ariel_toz_4kg,2017,2740,3220,2170,2121,2834,93,0
Temkinli (buyume kapali),21,2248,sutas_sut_1l,2017,370,410,263,262,361,84,0
Temkinli (buyume kapali),21,2248,pinar_sut_1l,2017,360,400,268,268,352,88,0
Temkinli (buyume kapali),21,2248,icim_sut_1l,2017,335,390,261,261,343,39,0
Temkinli (buyume kapali),21,2248,torku_sut_1l,2017,320,365,245,243,321,147,0
Temkinli (buyume kapali),21,2248,sutas_ayran_200ml,2017,105,120,70,69,106,13,0
Temkinli (buyume kapali),21,2248,sutas_yogurt_1kg,2017,510,570,371,372,502,0,0
Temkinli (buyume kapali),21,2248,pinar_labne_200g,2017,440,505,332,332,444,0,0
Temkinli (buyume kapali),21,2248,danone_danino,2017,335,390,252,253,343,0,0
Temkinli (buyume kapali),21,2248,coca_cola_1l,2017,390,450,278,279,396,72,0
Temkinli (buyume kapali),21,2248,coca_cola_zero_1l,2017,390,450,278,278,396,71,0
Temkinli (buyume kapali),21,2248,coca_cola_kutu_330ml,2017,200,230,139,140,202,13,0
Temkinli (buyume kapali),21,2248,fanta_portakal_1l,2017,375,425,268,268,374,65,0
Temkinli (buyume kapali),21,2248,sprite_1l,2017,375,425,268,268,374,65,0
Temkinli (buyume kapali),21,2248,pepsi_1l,2017,375,425,268,269,374,65,0
Temkinli (buyume kapali),21,2248,uludag_gazoz_250ml,2017,145,165,95,95,145,22,0
Temkinli (buyume kapali),21,2248,caykur_rize_turist_500g,2017,955,1100,742,743,968,57,0
Temkinli (buyume kapali),21,2248,caykur_tiryaki_1kg,2017,1730,1960,1314,1314,1725,90,0
Temkinli (buyume kapali),21,2248,lipton_yellow_label_100,2017,1535,1715,1184,1184,1509,71,0
Temkinli (buyume kapali),21,2248,dogus_cay_1kg,2017,1650,1880,1300,1302,1654,32,0
Temkinli (buyume kapali),21,2248,ulker_potibor,2017,250,285,162,163,251,0,0
Temkinli (buyume kapali),21,2248,barilla_spagetti_500g,2017,465,530,342,342,466,3,0
Temkinli (buyume kapali),21,2248,ariel_toz_4kg,2017,2815,3250,2164,2167,2860,90,0
Temkinli (buyume kapali),21,2279,sutas_sut_1l,2017,370,410,263,262,361,83,0
Temkinli (buyume kapali),21,2279,pinar_sut_1l,2017,360,405,268,268,356,67,0
Temkinli (buyume kapali),21,2279,icim_sut_1l,2017,335,395,261,261,348,41,0
Temkinli (buyume kapali),21,2279,torku_sut_1l,2017,320,370,245,243,326,168,0
Temkinli (buyume kapali),21,2279,sutas_ayran_200ml,2017,105,125,70,70,110,9,0
Temkinli (buyume kapali),21,2279,sutas_yogurt_1kg,2017,510,575,372,372,506,0,0
Temkinli (buyume kapali),21,2279,pinar_labne_200g,2017,440,510,332,333,449,7,0
Temkinli (buyume kapali),21,2279,danone_danino,2017,335,395,253,253,348,8,0
Temkinli (buyume kapali),21,2279,coca_cola_1l,2017,390,455,278,278,400,64,0
Temkinli (buyume kapali),21,2279,coca_cola_zero_1l,2017,390,455,278,278,400,61,0
Temkinli (buyume kapali),21,2279,coca_cola_kutu_330ml,2017,200,230,140,140,202,16,0
Temkinli (buyume kapali),21,2279,fanta_portakal_1l,2017,375,430,268,268,378,47,0
Temkinli (buyume kapali),21,2279,sprite_1l,2017,375,430,268,268,378,51,0
Temkinli (buyume kapali),21,2279,pepsi_1l,2017,375,430,268,269,378,57,0
Temkinli (buyume kapali),21,2279,uludag_gazoz_250ml,2017,145,165,94,95,145,0,0
Temkinli (buyume kapali),21,2279,caykur_rize_turist_500g,2017,955,1110,743,744,977,42,0
Temkinli (buyume kapali),21,2279,caykur_tiryaki_1kg,2017,1730,1975,1315,1317,1738,70,0
Temkinli (buyume kapali),21,2279,lipton_yellow_label_100,2017,1535,1730,1185,1187,1522,59,0
Temkinli (buyume kapali),21,2279,dogus_cay_1kg,2017,1650,1895,1301,1305,1668,22,0
Temkinli (buyume kapali),21,2279,ulker_potibor,2017,250,290,163,163,255,4,0
Temkinli (buyume kapali),21,2279,barilla_spagetti_500g,2017,465,535,342,343,471,0,0
Temkinli (buyume kapali),21,2279,ariel_toz_4kg,2017,2815,3280,2167,2169,2886,94,0
Temkinli (buyume kapali),21,2309,sutas_sut_1l,2017,370,415,264,262,365,94,0
Temkinli (buyume kapali),21,2309,pinar_sut_1l,2017,360,405,269,268,356,90,0
Temkinli (buyume kapali),21,2309,icim_sut_1l,2017,355,400,261,261,352,83,0
Temkinli (buyume kapali),21,2309,torku_sut_1l,2017,320,375,245,244,330,141,0
Temkinli (buyume kapali),21,2309,sutas_ayran_200ml,2017,110,125,70,70,110,5,0
Temkinli (buyume kapali),21,2309,sutas_yogurt_1kg,2017,510,580,372,371,510,0,0
Temkinli (buyume kapali),21,2309,pinar_labne_200g,2017,440,515,332,331,453,0,0
Temkinli (buyume kapali),21,2309,danone_danino,2017,355,400,253,252,352,9,0
Temkinli (buyume kapali),21,2309,coca_cola_1l,2017,390,455,279,278,400,49,0
Temkinli (buyume kapali),21,2309,coca_cola_zero_1l,2017,390,455,279,278,400,61,0
Temkinli (buyume kapali),21,2309,coca_cola_kutu_330ml,2017,200,235,140,139,207,0,0
Temkinli (buyume kapali),21,2309,fanta_portakal_1l,2017,375,430,269,268,378,63,0
Temkinli (buyume kapali),21,2309,sprite_1l,2017,375,430,269,268,378,69,0
Temkinli (buyume kapali),21,2309,pepsi_1l,2017,375,430,269,269,378,67,0
Temkinli (buyume kapali),21,2309,uludag_gazoz_250ml,2017,145,165,95,94,145,1,0
Temkinli (buyume kapali),21,2309,caykur_rize_turist_500g,2017,955,1120,744,743,986,67,0
Temkinli (buyume kapali),21,2309,caykur_tiryaki_1kg,2017,1730,1995,1318,1315,1756,84,0
Temkinli (buyume kapali),21,2309,lipton_yellow_label_100,2017,1535,1745,1187,1184,1536,78,6
Temkinli (buyume kapali),21,2309,dogus_cay_1kg,2017,1650,1910,1303,1299,1681,33,0
Temkinli (buyume kapali),21,2309,ulker_potibor,2017,250,290,163,163,255,12,0
Temkinli (buyume kapali),21,2309,barilla_spagetti_500g,2017,465,540,342,341,475,14,2
Temkinli (buyume kapali),21,2309,ariel_toz_4kg,2017,2815,3305,2170,2165,2908,83,0
Temkinli (buyume kapali),21,2340,sutas_sut_1l,2017,360,420,266,262,370,86,0
Temkinli (buyume kapali),21,2340,pinar_sut_1l,2017,350,410,272,268,361,89,0
Temkinli (buyume kapali),21,2340,icim_sut_1l,2017,345,400,263,260,352,52,0
Temkinli (buyume kapali),21,2340,torku_sut_1l,2017,330,375,248,244,330,146,0
Temkinli (buyume kapali),21,2340,sutas_ayran_200ml,2017,110,125,71,70,110,22,8
Temkinli (buyume kapali),21,2340,sutas_yogurt_1kg,2017,525,585,376,371,515,5,1
Temkinli (buyume kapali),21,2340,pinar_labne_200g,2017,455,520,335,331,458,9,7
Temkinli (buyume kapali),21,2340,danone_danino,2017,345,400,255,253,352,0,0
Temkinli (buyume kapali),21,2340,coca_cola_1l,2017,405,460,282,279,405,76,0
Temkinli (buyume kapali),21,2340,coca_cola_zero_1l,2017,405,460,282,278,405,76,0
Temkinli (buyume kapali),21,2340,coca_cola_kutu_330ml,2017,210,235,140,139,207,20,0
Temkinli (buyume kapali),21,2340,fanta_portakal_1l,2017,385,435,272,269,383,74,0
Temkinli (buyume kapali),21,2340,sprite_1l,2017,385,435,272,268,383,73,0
Temkinli (buyume kapali),21,2340,pepsi_1l,2017,385,435,272,269,383,80,0
Temkinli (buyume kapali),21,2340,uludag_gazoz_250ml,2017,150,170,96,95,150,24,3
Temkinli (buyume kapali),21,2340,caykur_rize_turist_500g,2017,985,1130,750,743,994,68,0
Temkinli (buyume kapali),21,2340,caykur_tiryaki_1kg,2017,1780,2010,1329,1316,1769,90,0
Temkinli (buyume kapali),21,2340,lipton_yellow_label_100,2017,1495,1760,1196,1186,1549,77,0
Temkinli (buyume kapali),21,2340,dogus_cay_1kg,2017,1695,1930,1315,1301,1698,48,0
Temkinli (buyume kapali),21,2340,ulker_potibor,2017,260,295,165,163,260,5,1
Temkinli (buyume kapali),21,2340,barilla_spagetti_500g,2017,480,545,345,341,480,14,10
Temkinli (buyume kapali),21,2340,ariel_toz_4kg,2017,2890,3335,2189,2167,2935,81,0
Temkinli (buyume kapali),21,2371,sutas_sut_1l,2017,360,425,277,267,374,32,0
Temkinli (buyume kapali),21,2371,pinar_sut_1l,2017,370,415,283,272,365,72,0
Temkinli (buyume kapali),21,2371,icim_sut_1l,2017,345,405,275,263,356,62,0
Temkinli (buyume kapali),21,2371,torku_sut_1l,2017,330,380,258,246,334,138,0
Temkinli (buyume kapali),21,2371,sutas_ayran_200ml,2017,110,125,73,71,110,24,0
Temkinli (buyume kapali),21,2371,sutas_yogurt_1kg,2017,525,590,393,376,519,0,0
Temkinli (buyume kapali),21,2371,pinar_labne_200g,2017,455,525,351,336,462,0,0
Temkinli (buyume kapali),21,2371,danone_danino,2017,345,405,267,255,356,0,0
Temkinli (buyume kapali),21,2371,coca_cola_1l,2017,405,465,294,282,409,30,0
Temkinli (buyume kapali),21,2371,coca_cola_zero_1l,2017,405,465,294,282,409,51,0
Temkinli (buyume kapali),21,2371,coca_cola_kutu_330ml,2017,210,235,147,140,207,10,0
Temkinli (buyume kapali),21,2371,fanta_portakal_1l,2017,385,440,283,271,387,24,0
Temkinli (buyume kapali),21,2371,sprite_1l,2017,385,440,283,271,387,55,0
Temkinli (buyume kapali),21,2371,pepsi_1l,2017,385,440,283,271,387,36,0
Temkinli (buyume kapali),21,2371,uludag_gazoz_250ml,2017,150,170,100,96,150,18,0
Temkinli (buyume kapali),21,2371,caykur_rize_turist_500g,2017,985,1140,784,750,1003,29,0
Temkinli (buyume kapali),21,2371,caykur_tiryaki_1kg,2017,1780,2030,1389,1328,1786,77,0
Temkinli (buyume kapali),21,2371,lipton_yellow_label_100,2017,1585,1775,1251,1196,1562,75,0
Temkinli (buyume kapali),21,2371,dogus_cay_1kg,2017,1695,1945,1374,1316,1712,28,0
Temkinli (buyume kapali),21,2371,ulker_potibor,2017,260,295,172,165,260,0,0
Temkinli (buyume kapali),21,2371,barilla_spagetti_500g,2017,480,550,361,346,484,0,0
Temkinli (buyume kapali),21,2371,ariel_toz_4kg,2017,2890,3365,2289,2189,2961,90,0
Temkinli (buyume kapali),21,2401,sutas_sut_1l,2017,380,425,275,276,374,65,0
Temkinli (buyume kapali),21,2401,pinar_sut_1l,2017,370,420,281,281,370,74,0
Temkinli (buyume kapali),21,2401,icim_sut_1l,2017,365,410,273,273,361,54,0
Temkinli (buyume kapali),21,2401,torku_sut_1l,2017,330,385,256,256,339,114,0
Temkinli (buyume kapali),21,2401,sutas_ayran_200ml,2017,110,130,73,73,114,0,0
Temkinli (buyume kapali),21,2401,sutas_yogurt_1kg,2017,525,595,389,391,524,0,0
Temkinli (buyume kapali),21,2401,pinar_labne_200g,2017,455,530,347,349,466,0,0
Temkinli (buyume kapali),21,2401,danone_danino,2017,365,410,264,265,361,0,0
Temkinli (buyume kapali),21,2401,coca_cola_1l,2017,405,470,291,292,414,69,0
Temkinli (buyume kapali),21,2401,coca_cola_zero_1l,2017,405,470,291,292,414,58,0
Temkinli (buyume kapali),21,2401,coca_cola_kutu_330ml,2017,210,240,146,146,211,16,0
Temkinli (buyume kapali),21,2401,fanta_portakal_1l,2017,385,445,281,282,392,43,0
Temkinli (buyume kapali),21,2401,sprite_1l,2017,385,445,281,282,392,61,0
Temkinli (buyume kapali),21,2401,pepsi_1l,2017,385,445,281,282,392,59,0
Temkinli (buyume kapali),21,2401,uludag_gazoz_250ml,2017,150,170,99,99,150,7,0
Temkinli (buyume kapali),21,2401,caykur_rize_turist_500g,2017,985,1150,778,781,1012,20,0
Temkinli (buyume kapali),21,2401,caykur_tiryaki_1kg,2017,1780,2045,1378,1382,1800,64,0
Temkinli (buyume kapali),21,2401,lipton_yellow_label_100,2017,1585,1790,1241,1245,1575,66,0
Temkinli (buyume kapali),21,2401,dogus_cay_1kg,2017,1695,1960,1363,1368,1725,19,0
Temkinli (buyume kapali),21,2401,ulker_potibor,2017,260,300,171,171,264,10,0
Temkinli (buyume kapali),21,2401,barilla_spagetti_500g,2017,480,555,358,359,488,0,0
Temkinli (buyume kapali),21,2401,ariel_toz_4kg,2017,2890,3395,2269,2272,2988,90,0
Temkinli (buyume kapali),21,2432,sutas_sut_1l,2017,375,430,280,276,378,78,0
Temkinli (buyume kapali),21,2432,pinar_sut_1l,2017,380,420,286,281,370,86,0
Temkinli (buyume kapali),21,2432,icim_sut_1l,2017,355,415,277,272,365,47,0
Temkinli (buyume kapali),21,2432,torku_sut_1l,2017,340,385,260,256,339,166,0
Temkinli (buyume kapali),21,2432,sutas_ayran_200ml,2017,115,130,74,73,114,4,0
Temkinli (buyume kapali),21,2432,sutas_yogurt_1kg,2017,510,600,395,389,528,0,0
Temkinli (buyume kapali),21,2432,pinar_labne_200g,2017,470,535,353,347,471,0,0
Temkinli (buyume kapali),21,2432,danone_danino,2017,355,415,268,264,365,0,0
Temkinli (buyume kapali),21,2432,coca_cola_1l,2017,420,475,296,292,418,73,0
Temkinli (buyume kapali),21,2432,coca_cola_zero_1l,2017,420,475,296,292,418,61,0
Temkinli (buyume kapali),21,2432,coca_cola_kutu_330ml,2017,210,240,148,146,211,8,0
Temkinli (buyume kapali),21,2432,fanta_portakal_1l,2017,400,445,286,282,392,74,0
Temkinli (buyume kapali),21,2432,sprite_1l,2017,400,445,286,282,392,71,0
Temkinli (buyume kapali),21,2432,pepsi_1l,2017,400,445,286,282,392,74,0
Temkinli (buyume kapali),21,2432,uludag_gazoz_250ml,2017,155,170,100,99,150,11,0
Temkinli (buyume kapali),21,2432,caykur_rize_turist_500g,2017,1015,1160,790,778,1021,42,0
Temkinli (buyume kapali),21,2432,caykur_tiryaki_1kg,2017,1830,2065,1399,1379,1817,79,0
Temkinli (buyume kapali),21,2432,lipton_yellow_label_100,2017,1540,1805,1259,1242,1588,75,0
Temkinli (buyume kapali),21,2432,dogus_cay_1kg,2017,1745,1980,1383,1364,1742,41,0
Temkinli (buyume kapali),21,2432,ulker_potibor,2017,270,300,173,171,264,12,1
Temkinli (buyume kapali),21,2432,barilla_spagetti_500g,2017,495,560,364,358,493,9,0
Temkinli (buyume kapali),21,2432,ariel_toz_4kg,2017,2975,3425,2304,2271,3014,89,0
Temkinli (buyume kapali),21,2462,sutas_sut_1l,2017,375,435,282,279,383,84,0
Temkinli (buyume kapali),21,2462,pinar_sut_1l,2017,380,425,288,284,374,94,0
Temkinli (buyume kapali),21,2462,icim_sut_1l,2017,355,415,279,277,365,15,0
Temkinli (buyume kapali),21,2462,torku_sut_1l,2017,340,390,263,258,343,166,0
Temkinli (buyume kapali),21,2462,sutas_ayran_200ml,2017,115,130,75,74,114,0,0
Temkinli (buyume kapali),21,2462,sutas_yogurt_1kg,2017,540,610,398,394,537,8,3
Temkinli (buyume kapali),21,2462,pinar_labne_200g,2017,470,540,356,353,475,0,0
Temkinli (buyume kapali),21,2462,danone_danino,2017,355,415,271,268,365,0,0
Temkinli (buyume kapali),21,2462,coca_cola_1l,2017,420,475,299,295,418,66,0
Temkinli (buyume kapali),21,2462,coca_cola_zero_1l,2017,420,475,299,295,418,73,0
Temkinli (buyume kapali),21,2462,coca_cola_kutu_330ml,2017,210,245,149,148,216,19,0
Temkinli (buyume kapali),21,2462,fanta_portakal_1l,2017,400,450,288,285,396,69,0
Temkinli (buyume kapali),21,2462,sprite_1l,2017,400,450,288,285,396,75,0
Temkinli (buyume kapali),21,2462,pepsi_1l,2017,400,450,288,285,396,55,0
Temkinli (buyume kapali),21,2462,uludag_gazoz_250ml,2017,155,175,101,100,154,18,0
Temkinli (buyume kapali),21,2462,caykur_rize_turist_500g,2017,1015,1170,797,788,1030,33,0
Temkinli (buyume kapali),21,2462,caykur_tiryaki_1kg,2017,1830,2085,1411,1397,1835,80,0
Temkinli (buyume kapali),21,2462,lipton_yellow_label_100,2017,1630,1825,1270,1258,1606,63,0
Temkinli (buyume kapali),21,2462,dogus_cay_1kg,2017,1745,1995,1395,1382,1756,41,0
Temkinli (buyume kapali),21,2462,ulker_potibor,2017,270,305,175,173,268,0,0
Temkinli (buyume kapali),21,2462,barilla_spagetti_500g,2017,495,565,366,363,497,0,0
Temkinli (buyume kapali),21,2462,ariel_toz_4kg,2017,2975,3455,2323,2299,3040,75,0
Temkinli (buyume kapali),21,2493,sutas_sut_1l,2018,395,440,279,281,387,59,0
Temkinli (buyume kapali),21,2493,pinar_sut_1l,2018,380,430,284,286,378,76,0
Temkinli (buyume kapali),21,2493,icim_sut_1l,2018,375,420,276,279,370,0,0
Temkinli (buyume kapali),21,2493,torku_sut_1l,2018,340,395,259,262,348,141,0
Temkinli (buyume kapali),21,2493,sutas_ayran_200ml,2018,115,130,74,75,114,0,0
Temkinli (buyume kapali),21,2493,sutas_yogurt_1kg,2018,540,615,394,397,541,5,0
Temkinli (buyume kapali),21,2493,pinar_labne_200g,2018,470,545,351,355,480,12,9
Temkinli (buyume kapali),21,2493,danone_danino,2018,375,420,268,270,370,0,0
Temkinli (buyume kapali),21,2493,coca_cola_1l,2018,420,480,295,298,422,72,0
Temkinli (buyume kapali),21,2493,coca_cola_zero_1l,2018,420,480,295,298,422,47,0
Temkinli (buyume kapali),21,2493,coca_cola_kutu_330ml,2018,220,245,148,149,216,14,0
Temkinli (buyume kapali),21,2493,fanta_portakal_1l,2018,400,455,284,286,400,59,0
Temkinli (buyume kapali),21,2493,sprite_1l,2018,400,455,284,286,400,56,0
Temkinli (buyume kapali),21,2493,pepsi_1l,2018,400,455,284,287,400,59,0
Temkinli (buyume kapali),21,2493,uludag_gazoz_250ml,2018,155,175,100,101,154,24,1
Temkinli (buyume kapali),21,2493,caykur_rize_turist_500g,2018,1015,1180,787,795,1038,63,0
Temkinli (buyume kapali),21,2493,caykur_tiryaki_1kg,2018,1830,2100,1393,1408,1848,50,0
Temkinli (buyume kapali),21,2493,lipton_yellow_label_100,2018,1630,1840,1254,1268,1619,60,0
Temkinli (buyume kapali),21,2493,dogus_cay_1kg,2018,1745,2015,1378,1393,1773,13,0
Temkinli (buyume kapali),21,2493,ulker_potibor,2018,270,305,172,174,268,0,0
Temkinli (buyume kapali),21,2493,barilla_spagetti_500g,2018,495,570,362,365,502,0,0
Temkinli (buyume kapali),21,2493,ariel_toz_4kg,2018,3150,3485,2296,2317,3067,87,0
Temkinli (buyume kapali),21,2524,sutas_sut_1l,2018,390,440,281,280,387,90,0
Temkinli (buyume kapali),21,2524,pinar_sut_1l,2018,375,435,287,284,383,77,0
Temkinli (buyume kapali),21,2524,icim_sut_1l,2018,365,425,279,276,374,49,0
Temkinli (buyume kapali),21,2524,torku_sut_1l,2018,350,400,261,261,352,169,0
Temkinli (buyume kapali),21,2524,sutas_ayran_200ml,2018,115,135,75,74,119,19,14
Temkinli (buyume kapali),21,2524,sutas_yogurt_1kg,2018,555,620,397,394,546,0,0
Temkinli (buyume kapali),21,2524,pinar_labne_200g,2018,485,550,354,351,484,0,0
Temkinli (buyume kapali),21,2524,danone_danino,2018,365,425,271,268,374,0,0
Temkinli (buyume kapali),21,2524,coca_cola_1l,2018,410,485,298,295,427,49,0
Temkinli (buyume kapali),21,2524,coca_cola_zero_1l,2018,410,485,298,296,427,63,0
Temkinli (buyume kapali),21,2524,coca_cola_kutu_330ml,2018,220,245,149,148,216,24,13
Temkinli (buyume kapali),21,2524,fanta_portakal_1l,2018,390,460,287,285,405,68,0
Temkinli (buyume kapali),21,2524,sprite_1l,2018,390,460,287,285,405,73,0
Temkinli (buyume kapali),21,2524,pepsi_1l,2018,390,460,287,285,405,69,0
Temkinli (buyume kapali),21,2524,uludag_gazoz_250ml,2018,150,175,101,100,154,0,0
Temkinli (buyume kapali),21,2524,caykur_rize_turist_500g,2018,1045,1195,794,788,1052,33,0
Temkinli (buyume kapali),21,2524,caykur_tiryaki_1kg,2018,1880,2120,1407,1394,1866,77,0
Temkinli (buyume kapali),21,2524,lipton_yellow_label_100,2018,1585,1855,1266,1255,1632,72,0
Temkinli (buyume kapali),21,2524,dogus_cay_1kg,2018,1795,2030,1391,1379,1786,35,0
Temkinli (buyume kapali),21,2524,ulker_potibor,2018,265,310,174,172,273,0,0
Temkinli (buyume kapali),21,2524,barilla_spagetti_500g,2018,510,575,365,362,506,7,0
Temkinli (buyume kapali),21,2524,ariel_toz_4kg,2018,3060,3515,2317,2300,3093,87,0
Temkinli (buyume kapali),21,2552,sutas_sut_1l,2018,390,445,282,280,392,94,0
Temkinli (buyume kapali),21,2552,pinar_sut_1l,2018,375,435,288,286,383,89,0
Temkinli (buyume kapali),21,2552,icim_sut_1l,2018,365,425,278,278,374,36,0
Temkinli (buyume kapali),21,2552,torku_sut_1l,2018,350,400,262,261,352,164,0
Temkinli (buyume kapali),21,2552,sutas_ayran_200ml,2018,120,135,75,75,119,19,13
Temkinli (buyume kapali),21,2552,sutas_yogurt_1kg,2018,555,625,397,396,550,0,0
Temkinli (buyume kapali),21,2552,pinar_labne_200g,2018,485,550,355,353,484,12,13
Temkinli (buyume kapali),21,2552,danone_danino,2018,365,425,270,270,374,0,0
Temkinli (buyume kapali),21,2552,coca_cola_1l,2018,435,490,298,297,431,69,0
Temkinli (buyume kapali),21,2552,coca_cola_zero_1l,2018,435,490,298,297,431,67,0
Temkinli (buyume kapali),21,2552,coca_cola_kutu_330ml,2018,220,250,149,148,220,14,0
Temkinli (buyume kapali),21,2552,fanta_portakal_1l,2018,415,465,288,286,409,64,0
Temkinli (buyume kapali),21,2552,sprite_1l,2018,415,465,288,286,409,78,0
Temkinli (buyume kapali),21,2552,pepsi_1l,2018,415,465,288,286,409,79,0
Temkinli (buyume kapali),21,2552,uludag_gazoz_250ml,2018,150,180,101,101,158,5,0
Temkinli (buyume kapali),21,2552,caykur_rize_turist_500g,2018,1045,1200,795,793,1056,46,0
Temkinli (buyume kapali),21,2552,caykur_tiryaki_1kg,2018,1880,2135,1407,1403,1879,64,0
Temkinli (buyume kapali),21,2552,lipton_yellow_label_100,2018,1585,1870,1267,1264,1646,47,0
Temkinli (buyume kapali),21,2552,dogus_cay_1kg,2018,1795,2050,1392,1389,1804,28,0
Temkinli (buyume kapali),21,2552,ulker_potibor,2018,280,310,174,174,273,0,0
Temkinli (buyume kapali),21,2552,barilla_spagetti_500g,2018,510,580,365,364,510,1,0
Temkinli (buyume kapali),21,2552,ariel_toz_4kg,2018,3060,3545,2318,2311,3120,79,0
Temkinli (buyume kapali),21,2583,sutas_sut_1l,2018,390,450,293,281,396,91,0
Temkinli (buyume kapali),21,2583,pinar_sut_1l,2018,375,440,299,287,387,67,0
Temkinli (buyume kapali),21,2583,icim_sut_1l,2018,365,430,290,279,378,0,0
Temkinli (buyume kapali),21,2583,torku_sut_1l,2018,350,405,273,261,356,153,0
Temkinli (buyume kapali),21,2583,sutas_ayran_200ml,2018,120,135,78,75,119,16,0
Temkinli (buyume kapali),21,2583,sutas_yogurt_1kg,2018,555,630,413,398,554,0,0
Temkinli (buyume kapali),21,2583,pinar_labne_200g,2018,485,555,369,355,488,0,0
Temkinli (buyume kapali),21,2583,danone_danino,2018,365,430,282,271,378,0,0
Temkinli (buyume kapali),21,2583,coca_cola_1l,2018,435,495,310,298,436,64,0
Temkinli (buyume kapali),21,2583,coca_cola_zero_1l,2018,435,495,310,298,436,40,0
Temkinli (buyume kapali),21,2583,coca_cola_kutu_330ml,2018,220,250,155,149,220,18,0
Temkinli (buyume kapali),21,2583,fanta_portakal_1l,2018,415,465,299,287,409,62,0
Temkinli (buyume kapali),21,2583,sprite_1l,2018,415,465,299,287,409,45,0
Temkinli (buyume kapali),21,2583,pepsi_1l,2018,415,465,299,287,409,55,0
Temkinli (buyume kapali),21,2583,uludag_gazoz_250ml,2018,160,180,106,101,158,15,0
Temkinli (buyume kapali),21,2583,caykur_rize_turist_500g,2018,1045,1215,828,796,1069,18,0
Temkinli (buyume kapali),21,2583,caykur_tiryaki_1kg,2018,1880,2155,1465,1408,1896,63,0
Temkinli (buyume kapali),21,2583,lipton_yellow_label_100,2018,1680,1885,1319,1268,1659,64,0
Temkinli (buyume kapali),21,2583,dogus_cay_1kg,2018,1795,2065,1449,1394,1817,27,0
Temkinli (buyume kapali),21,2583,ulker_potibor,2018,280,315,181,175,277,0,0
Temkinli (buyume kapali),21,2583,barilla_spagetti_500g,2018,510,585,380,366,515,0,0
Temkinli (buyume kapali),21,2583,ariel_toz_4kg,2018,3060,3575,2413,2320,3146,68,0
Temkinli (buyume kapali),21,2613,sutas_sut_1l,2018,405,455,293,292,400,88,0
Temkinli (buyume kapali),21,2613,pinar_sut_1l,2018,385,445,299,298,392,91,0
Temkinli (buyume kapali),21,2613,icim_sut_1l,2018,375,435,290,290,383,50,0
Temkinli (buyume kapali),21,2613,torku_sut_1l,2018,360,410,272,270,361,156,0
Temkinli (buyume kapali),21,2613,sutas_ayran_200ml,2018,120,135,78,78,119,22,0
Temkinli (buyume kapali),21,2613,sutas_yogurt_1kg,2018,540,635,413,414,559,0,0
Temkinli (buyume kapali),21,2613,pinar_labne_200g,2018,500,560,369,370,493,2,0
Temkinli (buyume kapali),21,2613,danone_danino,2018,375,435,282,282,383,0,0
Temkinli (buyume kapali),21,2613,coca_cola_1l,2018,425,500,310,310,440,74,0
Temkinli (buyume kapali),21,2613,coca_cola_zero_1l,2018,425,500,310,310,440,61,0
Temkinli (buyume kapali),21,2613,coca_cola_kutu_330ml,2018,215,255,155,155,224,3,0
Temkinli (buyume kapali),21,2613,fanta_portakal_1l,2018,405,470,299,299,414,62,0
Temkinli (buyume kapali),21,2613,sprite_1l,2018,405,470,299,299,414,58,0
Temkinli (buyume kapali),21,2613,pepsi_1l,2018,405,470,299,299,414,64,0
Temkinli (buyume kapali),21,2613,uludag_gazoz_250ml,2018,155,180,105,106,158,0,0
Temkinli (buyume kapali),21,2613,caykur_rize_turist_500g,2018,1075,1225,828,827,1078,64,0
Temkinli (buyume kapali),21,2613,caykur_tiryaki_1kg,2018,1930,2175,1465,1465,1914,86,0
Temkinli (buyume kapali),21,2613,lipton_yellow_label_100,2018,1630,1905,1319,1318,1676,59,0
Temkinli (buyume kapali),21,2613,dogus_cay_1kg,2018,1845,2085,1449,1450,1835,41,0
Temkinli (buyume kapali),21,2613,ulker_potibor,2018,275,315,176,181,277,0,0
Temkinli (buyume kapali),21,2613,barilla_spagetti_500g,2018,525,590,380,381,519,8,0
Temkinli (buyume kapali),21,2613,ariel_toz_4kg,2018,3140,3605,2413,2410,3172,87,0
Temkinli (buyume kapali),21,2644,sutas_sut_1l,2018,405,455,288,292,400,67,0
Temkinli (buyume kapali),21,2644,pinar_sut_1l,2018,385,450,294,298,396,69,0
Temkinli (buyume kapali),21,2644,icim_sut_1l,2018,375,440,293,294,387,11,0
Temkinli (buyume kapali),21,2644,torku_sut_1l,2018,360,410,268,270,361,156,0
Temkinli (buyume kapali),21,2644,sutas_ayran_200ml,2018,120,135,76,78,119,0,0
Temkinli (buyume kapali),21,2644,sutas_yogurt_1kg,2018,570,640,407,413,563,0,0
Temkinli (buyume kapali),21,2644,pinar_labne_200g,2018,500,565,363,369,497,0,0
Temkinli (buyume kapali),21,2644,danone_danino,2018,375,440,277,281,387,9,0
Temkinli (buyume kapali),21,2644,coca_cola_1l,2018,450,505,304,310,444,66,0
Temkinli (buyume kapali),21,2644,coca_cola_zero_1l,2018,450,505,304,310,444,67,0
Temkinli (buyume kapali),21,2644,coca_cola_kutu_330ml,2018,230,255,153,154,224,22,0
Temkinli (buyume kapali),21,2644,fanta_portakal_1l,2018,405,475,294,299,418,28,0
Temkinli (buyume kapali),21,2644,sprite_1l,2018,405,475,294,299,418,61,0
Temkinli (buyume kapali),21,2644,pepsi_1l,2018,405,475,294,299,418,53,0
Temkinli (buyume kapali),21,2644,uludag_gazoz_250ml,2018,155,185,103,105,163,14,0
Temkinli (buyume kapali),21,2644,caykur_rize_turist_500g,2018,1075,1235,813,826,1087,74,0
Temkinli (buyume kapali),21,2644,caykur_tiryaki_1kg,2018,1930,2195,1439,1463,1932,67,0
Temkinli (buyume kapali),21,2644,lipton_yellow_label_100,2018,1630,1920,1296,1317,1690,54,0
Temkinli (buyume kapali),21,2644,dogus_cay_1kg,2018,1845,2105,1424,1446,1852,44,0
Temkinli (buyume kapali),21,2644,ulker_potibor,2018,275,320,172,176,282,0,0
Temkinli (buyume kapali),21,2644,barilla_spagetti_500g,2018,525,595,374,380,524,3,0
Temkinli (buyume kapali),21,2644,ariel_toz_4kg,2018,3140,3640,2371,2409,3203,85,0
Temkinli (buyume kapali),21,2674,sutas_sut_1l,2018,405,460,301,289,405,74,0
Temkinli (buyume kapali),21,2674,pinar_sut_1l,2018,385,450,308,294,396,39,0
Temkinli (buyume kapali),21,2674,icim_sut_1l,2018,395,445,307,294,392,64,0
Temkinli (buyume kapali),21,2674,torku_sut_1l,2018,360,415,280,269,365,162,0
Temkinli (buyume kapali),21,2674,sutas_ayran_200ml,2018,120,140,80,76,123,8,0
Temkinli (buyume kapali),21,2674,sutas_yogurt_1kg,2018,570,645,424,407,568,0,0
Temkinli (buyume kapali),21,2674,pinar_labne_200g,2018,500,570,380,364,502,0,0
Temkinli (buyume kapali),21,2674,danone_danino,2018,395,445,289,277,392,0,0
Temkinli (buyume kapali),21,2674,coca_cola_1l,2018,450,505,319,305,444,57,0
Temkinli (buyume kapali),21,2674,coca_cola_zero_1l,2018,450,505,319,305,444,52,0
Temkinli (buyume kapali),21,2674,coca_cola_kutu_330ml,2018,230,260,159,153,229,0,0
Temkinli (buyume kapali),21,2674,fanta_portakal_1l,2018,430,480,308,295,422,58,0
Temkinli (buyume kapali),21,2674,sprite_1l,2018,430,480,308,295,422,66,0
Temkinli (buyume kapali),21,2674,pepsi_1l,2018,430,480,308,295,422,61,0
Temkinli (buyume kapali),21,2674,uludag_gazoz_250ml,2018,165,185,108,103,163,24,1
Temkinli (buyume kapali),21,2674,caykur_rize_turist_500g,2018,1075,1245,850,814,1096,58,0
Temkinli (buyume kapali),21,2674,caykur_tiryaki_1kg,2018,1930,2215,1505,1442,1949,94,0
Temkinli (buyume kapali),21,2674,lipton_yellow_label_100,2018,1725,1935,1355,1298,1703,76,0
Temkinli (buyume kapali),21,2674,dogus_cay_1kg,2018,1845,2120,1489,1425,1866,33,0
Temkinli (buyume kapali),21,2674,ulker_potibor,2018,275,325,186,172,286,12,1
Temkinli (buyume kapali),21,2674,barilla_spagetti_500g,2018,525,600,391,374,528,9,0
Temkinli (buyume kapali),21,2674,ariel_toz_4kg,2018,3140,3670,2479,2376,3230,87,0
Temkinli (buyume kapali),21,2705,sutas_sut_1l,2018,395,465,302,301,409,66,0
Temkinli (buyume kapali),21,2705,pinar_sut_1l,2018,400,455,308,307,400,100,0
Temkinli (buyume kapali),21,2705,icim_sut_1l,2018,390,445,307,307,392,77,0
Temkinli (buyume kapali),21,2705,torku_sut_1l,2018,370,420,281,277,370,178,5
Temkinli (buyume kapali),21,2705,sutas_ayran_200ml,2018,125,140,80,80,123,24,15
Temkinli (buyume kapali),21,2705,sutas_yogurt_1kg,2018,560,650,426,424,572,0,0
Temkinli (buyume kapali),21,2705,pinar_labne_200g,2018,515,575,381,379,506,12,8
Temkinli (buyume kapali),21,2705,danone_danino,2018,390,445,290,289,392,5,0
Temkinli (buyume kapali),21,2705,coca_cola_1l,2018,440,510,320,319,449,54,0
Temkinli (buyume kapali),21,2705,coca_cola_zero_1l,2018,440,510,320,318,449,64,0
Temkinli (buyume kapali),21,2705,coca_cola_kutu_330ml,2018,225,260,159,159,229,17,0
Temkinli (buyume kapali),21,2705,fanta_portakal_1l,2018,420,485,308,307,427,47,0
Temkinli (buyume kapali),21,2705,sprite_1l,2018,420,485,308,307,427,59,0
Temkinli (buyume kapali),21,2705,pepsi_1l,2018,420,485,308,308,427,51,0
Temkinli (buyume kapali),21,2705,uludag_gazoz_250ml,2018,160,185,109,108,163,22,0
Temkinli (buyume kapali),21,2705,caykur_rize_turist_500g,2018,1105,1255,852,849,1104,56,0
Temkinli (buyume kapali),21,2705,caykur_tiryaki_1kg,2018,1985,2235,1509,1501,1967,81,0
Temkinli (buyume kapali),21,2705,lipton_yellow_label_100,2018,1680,1955,1358,1353,1720,74,0
Temkinli (buyume kapali),21,2705,dogus_cay_1kg,2018,1895,2140,1492,1488,1883,31,0
Temkinli (buyume kapali),21,2705,ulker_potibor,2018,285,325,181,181,286,10,0
Temkinli (buyume kapali),21,2705,barilla_spagetti_500g,2018,540,605,392,390,532,2,0
Temkinli (buyume kapali),21,2705,ariel_toz_4kg,2018,3225,3705,2485,2472,3260,87,0
Temkinli (buyume kapali),21,2736,sutas_sut_1l,2018,420,470,297,301,414,102,0
Temkinli (buyume kapali),21,2736,pinar_sut_1l,2018,400,460,303,307,405,89,0
Temkinli (buyume kapali),21,2736,icim_sut_1l,2018,390,450,304,307,396,45,0
Temkinli (buyume kapali),21,2736,torku_sut_1l,2018,370,420,277,279,370,160,0
Temkinli (buyume kapali),21,2736,sutas_ayran_200ml,2018,125,140,79,80,123,17,0
Temkinli (buyume kapali),21,2736,sutas_yogurt_1kg,2018,560,655,421,426,576,0,0
Temkinli (buyume kapali),21,2736,pinar_labne_200g,2018,515,580,375,381,510,9,0
Temkinli (buyume kapali),21,2736,danone_danino,2018,390,450,286,290,396,0,0
Temkinli (buyume kapali),21,2736,coca_cola_1l,2018,440,515,315,320,453,29,0
Temkinli (buyume kapali),21,2736,coca_cola_zero_1l,2018,440,515,315,319,453,56,0
Temkinli (buyume kapali),21,2736,coca_cola_kutu_330ml,2018,225,265,158,159,233,0,0
Temkinli (buyume kapali),21,2736,fanta_portakal_1l,2018,420,490,303,307,431,47,0
Temkinli (buyume kapali),21,2736,sprite_1l,2018,420,490,303,307,431,46,0
Temkinli (buyume kapali),21,2736,pepsi_1l,2018,420,490,303,307,431,38,0
Temkinli (buyume kapali),21,2736,uludag_gazoz_250ml,2018,160,190,107,109,167,0,0
Temkinli (buyume kapali),21,2736,caykur_rize_turist_500g,2018,1105,1265,840,850,1113,39,0
Temkinli (buyume kapali),21,2736,caykur_tiryaki_1kg,2018,1985,2255,1488,1506,1984,81,0
Temkinli (buyume kapali),21,2736,lipton_yellow_label_100,2018,1680,1970,1340,1357,1734,66,0
Temkinli (buyume kapali),21,2736,dogus_cay_1kg,2018,1895,2160,1473,1491,1901,27,0
Temkinli (buyume kapali),21,2736,ulker_potibor,2018,285,330,178,181,290,0,0
Temkinli (buyume kapali),21,2736,barilla_spagetti_500g,2018,540,610,387,392,537,7,0
Temkinli (buyume kapali),21,2736,ariel_toz_4kg,2018,3225,3735,2452,2481,3287,79,0
Temkinli (buyume kapali),21,2766,sutas_sut_1l,2018,420,475,301,297,418,67,0
Temkinli (buyume kapali),21,2766,pinar_sut_1l,2018,400,465,307,303,409,78,0
Temkinli (buyume kapali),21,2766,icim_sut_1l,2018,390,455,307,302,400,29,0
Temkinli (buyume kapali),21,2766,torku_sut_1l,2018,370,425,279,278,374,159,0
Temkinli (buyume kapali),21,2766,sutas_ayran_200ml,2018,125,140,79,79,123,22,0
Temkinli (buyume kapali),21,2766,sutas_yogurt_1kg,2018,595,665,425,419,585,0,0
Temkinli (buyume kapali),21,2766,pinar_labne_200g,2018,515,585,379,374,515,0,0
Temkinli (buyume kapali),21,2766,danone_danino,2018,390,455,289,285,400,0,0
Temkinli (buyume kapali),21,2766,coca_cola_1l,2018,465,520,318,315,458,66,0
Temkinli (buyume kapali),21,2766,coca_cola_zero_1l,2018,465,520,318,316,458,73,0
Temkinli (buyume kapali),21,2766,coca_cola_kutu_330ml,2018,240,265,159,157,233,20,0
Temkinli (buyume kapali),21,2766,fanta_portakal_1l,2018,420,490,307,303,431,45,0
Temkinli (buyume kapali),21,2766,sprite_1l,2018,420,490,307,303,431,68,0
Temkinli (buyume kapali),21,2766,pepsi_1l,2018,420,490,307,303,431,70,0
Temkinli (buyume kapali),21,2766,uludag_gazoz_250ml,2018,170,190,108,107,167,8,0
Temkinli (buyume kapali),21,2766,caykur_rize_turist_500g,2018,1105,1280,848,837,1126,53,0
Temkinli (buyume kapali),21,2766,caykur_tiryaki_1kg,2018,1985,2270,1502,1483,1998,69,0
Temkinli (buyume kapali),21,2766,lipton_yellow_label_100,2018,1780,1990,1353,1334,1751,50,0
Temkinli (buyume kapali),21,2766,dogus_cay_1kg,2018,1895,2175,1486,1466,1914,31,0
Temkinli (buyume kapali),21,2766,ulker_potibor,2018,285,330,181,178,290,0,0
Temkinli (buyume kapali),21,2766,barilla_spagetti_500g,2018,540,615,390,385,541,12,0
Temkinli (buyume kapali),21,2766,ariel_toz_4kg,2018,3225,3770,2475,2443,3318,87,0
Temkinli (buyume kapali),21,2797,sutas_sut_1l,2018,410,480,313,301,422,76,0
Temkinli (buyume kapali),21,2797,pinar_sut_1l,2018,415,470,319,305,414,79,0
Temkinli (buyume kapali),21,2797,icim_sut_1l,2018,405,460,319,306,405,57,0
Temkinli (buyume kapali),21,2797,torku_sut_1l,2018,380,430,292,278,378,170,0
Temkinli (buyume kapali),21,2797,sutas_ayran_200ml,2018,125,145,83,80,128,17,0
Temkinli (buyume kapali),21,2797,sutas_yogurt_1kg,2018,580,670,442,425,590,0,0
Temkinli (buyume kapali),21,2797,pinar_labne_200g,2018,530,590,395,379,519,7,0
Temkinli (buyume kapali),21,2797,danone_danino,2018,405,460,301,289,405,12,0
Temkinli (buyume kapali),21,2797,coca_cola_1l,2018,455,525,332,318,462,72,0
Temkinli (buyume kapali),21,2797,coca_cola_zero_1l,2018,455,525,332,317,462,60,0
Temkinli (buyume kapali),21,2797,coca_cola_kutu_330ml,2018,235,265,166,159,233,0,0
Temkinli (buyume kapali),21,2797,fanta_portakal_1l,2018,435,495,319,306,436,71,0
Temkinli (buyume kapali),21,2797,sprite_1l,2018,435,495,319,306,436,43,0
Temkinli (buyume kapali),21,2797,pepsi_1l,2018,435,495,319,306,436,65,0
Temkinli (buyume kapali),21,2797,uludag_gazoz_250ml,2018,165,190,113,108,167,6,0
Temkinli (buyume kapali),21,2797,caykur_rize_turist_500g,2018,1135,1290,884,849,1135,53,0
Temkinli (buyume kapali),21,2797,caykur_tiryaki_1kg,2018,2040,2290,1566,1501,2015,87,0
Temkinli (buyume kapali),21,2797,lipton_yellow_label_100,2018,1730,2005,1409,1354,1764,58,0
Temkinli (buyume kapali),21,2797,dogus_cay_1kg,2018,1950,2195,1548,1487,1932,30,0
Temkinli (buyume kapali),21,2797,ulker_potibor,2018,295,335,188,181,295,0,0
Temkinli (buyume kapali),21,2797,barilla_spagetti_500g,2018,555,620,407,391,546,0,0
Temkinli (buyume kapali),21,2797,ariel_toz_4kg,2018,3315,3800,2579,2474,3344,88,0
Temkinli (buyume kapali),21,2827,sutas_sut_1l,2018,410,480,304,312,422,56,0
Temkinli (buyume kapali),21,2827,pinar_sut_1l,2018,415,470,310,318,414,96,0
Temkinli (buyume kapali),21,2827,icim_sut_1l,2018,405,460,311,318,405,63,0
Temkinli (buyume kapali),21,2827,torku_sut_1l,2018,380,435,283,289,383,153,0
Temkinli (buyume kapali),21,2827,sutas_ayran_200ml,2018,130,145,81,83,128,0,0
Temkinli (buyume kapali),21,2827,sutas_yogurt_1kg,2018,580,675,430,442,594,6,5
Temkinli (buyume kapali),21,2827,pinar_labne_200g,2018,530,595,384,395,524,10,7
Temkinli (buyume kapali),21,2827,danone_danino,2018,405,460,293,301,405,0,0
Temkinli (buyume kapali),21,2827,coca_cola_1l,2018,455,530,322,331,466,62,0
Temkinli (buyume kapali),21,2827,coca_cola_zero_1l,2018,455,530,322,330,466,68,0
Temkinli (buyume kapali),21,2827,coca_cola_kutu_330ml,2018,235,270,161,165,238,22,2
Temkinli (buyume kapali),21,2827,fanta_portakal_1l,2018,435,500,310,318,440,70,0
Temkinli (buyume kapali),21,2827,sprite_1l,2018,435,500,310,318,440,68,0
Temkinli (buyume kapali),21,2827,pepsi_1l,2018,435,500,310,318,440,51,0
Temkinli (buyume kapali),21,2827,uludag_gazoz_250ml,2018,165,195,110,112,172,24,15
Temkinli (buyume kapali),21,2827,caykur_rize_turist_500g,2018,1135,1300,859,882,1144,51,0
Temkinli (buyume kapali),21,2827,caykur_tiryaki_1kg,2018,2040,2310,1522,1562,2033,96,3
Temkinli (buyume kapali),21,2827,lipton_yellow_label_100,2018,1730,2025,1370,1407,1782,62,0
Temkinli (buyume kapali),21,2827,dogus_cay_1kg,2018,1950,2215,1505,1546,1949,39,0
Temkinli (buyume kapali),21,2827,ulker_potibor,2018,295,335,188,193,295,6,0
Temkinli (buyume kapali),21,2827,barilla_spagetti_500g,2018,555,625,396,406,550,12,0
Temkinli (buyume kapali),21,2827,ariel_toz_4kg,2018,3315,3835,2507,2567,3375,84,0
Temkinli (buyume kapali),21,2858,sutas_sut_1l,2019,410,485,313,304,427,22,0
Temkinli (buyume kapali),21,2858,pinar_sut_1l,2019,415,475,320,311,418,53,0
Temkinli (buyume kapali),21,2858,icim_sut_1l,2019,405,465,320,312,409,73,0
Temkinli (buyume kapali),21,2858,torku_sut_1l,2019,380,435,291,285,383,165,0
Temkinli (buyume kapali),21,2858,sutas_ayran_200ml,2019,130,145,83,81,128,24,7
Temkinli (buyume kapali),21,2858,sutas_yogurt_1kg,2019,580,680,442,430,598,0,0
Temkinli (buyume kapali),21,2858,pinar_labne_200g,2019,530,605,395,384,532,0,0
Temkinli (buyume kapali),21,2858,danone_danino,2019,405,465,300,293,409,7,0
Temkinli (buyume kapali),21,2858,coca_cola_1l,2019,455,535,331,323,471,39,0
Temkinli (buyume kapali),21,2858,coca_cola_zero_1l,2019,455,535,331,323,471,59,0
Temkinli (buyume kapali),21,2858,coca_cola_kutu_330ml,2019,235,270,166,161,238,0,0
Temkinli (buyume kapali),21,2858,fanta_portakal_1l,2019,435,505,320,311,444,47,0
Temkinli (buyume kapali),21,2858,sprite_1l,2019,435,505,320,311,444,52,0
Temkinli (buyume kapali),21,2858,pepsi_1l,2019,435,505,320,311,444,61,0
Temkinli (buyume kapali),21,2858,uludag_gazoz_250ml,2019,175,195,113,110,172,0,0
Temkinli (buyume kapali),21,2858,caykur_rize_turist_500g,2019,1135,1310,884,860,1153,24,0
Temkinli (buyume kapali),21,2858,caykur_tiryaki_1kg,2019,2040,2335,1565,1523,2055,63,0
Temkinli (buyume kapali),21,2858,lipton_yellow_label_100,2019,1830,2040,1409,1371,1795,52,0
Temkinli (buyume kapali),21,2858,dogus_cay_1kg,2019,1950,2235,1549,1506,1967,12,0
Temkinli (buyume kapali),21,2858,ulker_potibor,2019,295,340,188,183,299,0,0
Temkinli (buyume kapali),21,2858,barilla_spagetti_500g,2019,555,630,406,396,554,0,0
Temkinli (buyume kapali),21,2858,ariel_toz_4kg,2019,3315,3870,2578,2511,3406,89,0
Temkinli (buyume kapali),21,2889,sutas_sut_1l,2019,425,490,322,312,431,78,0
Temkinli (buyume kapali),21,2889,pinar_sut_1l,2019,430,480,328,318,422,104,5
Temkinli (buyume kapali),21,2889,icim_sut_1l,2019,420,470,329,319,414,78,0
Temkinli (buyume kapali),21,2889,torku_sut_1l,2019,375,445,300,290,392,105,0
Temkinli (buyume kapali),21,2889,sutas_ayran_200ml,2019,130,150,85,83,132,5,0
Temkinli (buyume kapali),21,2889,sutas_yogurt_1kg,2019,600,690,455,442,607,0,0
Temkinli (buyume kapali),21,2889,pinar_labne_200g,2019,545,610,406,395,537,0,0
Temkinli (buyume kapali),21,2889,danone_danino,2019,420,470,309,301,414,0,0
Temkinli (buyume kapali),21,2889,coca_cola_1l,2019,470,540,341,331,475,65,0
Temkinli (buyume kapali),21,2889,coca_cola_zero_1l,2019,470,540,341,330,475,65,0
Temkinli (buyume kapali),21,2889,coca_cola_kutu_330ml,2019,245,275,170,166,242,24,1
Temkinli (buyume kapali),21,2889,fanta_portakal_1l,2019,450,510,328,318,449,74,0
Temkinli (buyume kapali),21,2889,sprite_1l,2019,450,510,328,318,449,64,0
Temkinli (buyume kapali),21,2889,pepsi_1l,2019,450,510,328,319,449,69,0
Temkinli (buyume kapali),21,2889,uludag_gazoz_250ml,2019,170,195,116,113,172,22,0
Temkinli (buyume kapali),21,2889,caykur_rize_turist_500g,2019,1170,1330,909,883,1170,69,0
Temkinli (buyume kapali),21,2889,caykur_tiryaki_1kg,2019,2095,2360,1611,1564,2077,86,0
Temkinli (buyume kapali),21,2889,lipton_yellow_label_100,2019,1780,2065,1451,1410,1817,58,0
Temkinli (buyume kapali),21,2889,dogus_cay_1kg,2019,2005,2260,1593,1549,1989,25,0
Temkinli (buyume kapali),21,2889,ulker_potibor,2019,305,345,193,188,304,9,0
Temkinli (buyume kapali),21,2889,barilla_spagetti_500g,2019,540,640,418,407,563,0,0
Temkinli (buyume kapali),21,2889,ariel_toz_4kg,2019,3405,3915,2654,2572,3445,88,0
Temkinli (buyume kapali),21,2917,sutas_sut_1l,2019,425,495,322,321,436,68,0
Temkinli (buyume kapali),21,2917,pinar_sut_1l,2019,430,485,328,324,427,98,0
Temkinli (buyume kapali),21,2917,icim_sut_1l,2019,420,475,328,327,418,83,0
Temkinli (buyume kapali),21,2917,torku_sut_1l,2019,395,445,299,296,392,169,0
Temkinli (buyume kapali),21,2917,sutas_ayran_200ml,2019,130,150,85,85,132,0,0
Temkinli (buyume kapali),21,2917,sutas_yogurt_1kg,2019,600,695,455,454,612,0,0
Temkinli (buyume kapali),21,2917,pinar_labne_200g,2019,545,615,406,406,541,0,0
Temkinli (buyume kapali),21,2917,danone_danino,2019,420,475,309,309,418,6,0
Temkinli (buyume kapali),21,2917,coca_cola_1l,2019,470,545,341,339,480,69,0
Temkinli (buyume kapali),21,2917,coca_cola_zero_1l,2019,470,545,341,339,480,63,0
Temkinli (buyume kapali),21,2917,coca_cola_kutu_330ml,2019,245,280,170,170,246,22,0
Temkinli (buyume kapali),21,2917,fanta_portakal_1l,2019,450,515,328,327,453,55,0
Temkinli (buyume kapali),21,2917,sprite_1l,2019,450,515,328,327,453,81,2
Temkinli (buyume kapali),21,2917,pepsi_1l,2019,450,515,328,327,453,69,0
Temkinli (buyume kapali),21,2917,uludag_gazoz_250ml,2019,170,200,116,115,176,0,0
Temkinli (buyume kapali),21,2917,caykur_rize_turist_500g,2019,1170,1340,909,908,1179,60,0
Temkinli (buyume kapali),21,2917,caykur_tiryaki_1kg,2019,2095,2385,1610,1607,2099,71,0
Temkinli (buyume kapali),21,2917,lipton_yellow_label_100,2019,1780,2090,1449,1447,1839,64,0
Temkinli (buyume kapali),21,2917,dogus_cay_1kg,2019,2005,2285,1592,1591,2011,23,0
Temkinli (buyume kapali),21,2917,ulker_potibor,2019,305,350,193,193,308,12,19
Temkinli (buyume kapali),21,2917,barilla_spagetti_500g,2019,570,645,418,418,568,0,0
Temkinli (buyume kapali),21,2917,ariel_toz_4kg,2019,3405,3955,2650,2645,3480,91,0
