tarz,tohum,gun,takvim_yili,ay,musteri,alan,kaybolan,satilan_adet,pahali_istek,bos_raf_istek,rafta_yok_istek,bekleme_kaybi,kart_kaybi,ciro_kurus,mal_maliyeti_kurus,brut_kar_kurus,ucret_kurus,sgk_kurus,kira_kurus,isletme_kurus,fire_kurus,aile_diger_gider_kurus,aile_favok_kurus,sirket_favok_kurus,sirket_net_kurus,faiz_kurus,vergi_kurus,vergi_odeme_kurus,toptanci_vade_kurus,kasa_kurus,patron_net_maas_kurus,patron_net_kar_payi_kurus,servet_kurus,mudur_gunluk_maliyet_kurus,aile_mudur_gunluk_maliyet_kurus,calisan,kasiyer,gorevli,ik,musavir,raf_ortalama_kurus,liste_ortalama_kurus,alis_ortalama_kurus,stok_maliyeti_ortalama_kurus,bot_hedef_ortalama_kurus,liste_duzeyi,yerel_pay,butce_carpani,donem_butce,donem_ithal_carpani,donem_talep_carpani,donem,rakip_fiyatlari,mudurler,siparis_kurus,magaza,patron_sirket_maliyeti_kurus,ilk_gun,oynanan_gun,brut_marj_yuzde,raf_alis_marj_yuzde,donemler,aile_mudur_patron_sonrasi_favok_kurus
Temkinli,21,25,2011,3,1342,1222,120,5546,184,68,0,0,94,2336440,1718088,609045,168750,37975,50012,55000,0,9845,287463,166188,113440,0,52748,57593,461764,138381,71527,0,12127,0,0,3.0,1.0,2.0,0.0,0.0,446.51818184,457.7272730000001,320.86909091999996,329.18909096000004,449.8,1.0,28.99997088,1.0,1.0,1.0,1.0,none,0:1.0000|1:0.9100|2:1.0300|3:0.9400|4:0.9500|5:1.1000|6:0.8200|,,1993368,1,121275,1,25,26.067221927376693,28.13974794984354,none,166188
Temkinli,21,55,2011,4,1589,1422,167,6631,205,66,0,2,140,2727650,1910675,792488,202500,45570,60374,66390,0,9994,407660,286385,198427,0,87958,97952,868888,690922,71527,0,24254,0,0,3.0,1.0,2.0,0.0,0.0,449.7727271333333,459.09090899999995,312.1742424,314.46515153333337,443.69393933333333,1.00592,27.8167803,1.0,1.0,1.0,1.0,none,0:1.0000|1:0.9150|2:1.0300|3:0.9400|4:0.9500|5:1.1000|6:0.8200|,,1913858,1,121275,26,30,29.053874214067054,30.592892016892517,none,286385
Temkinli,21,86,2011,5,1753,1602,151,7342,226,75,0,2,127,2985445,2086757,877897,209250,47089,62821,69099,0,7963,481675,360400,236479,0,123921,131884,965502,1038615,71527,0,36381,0,0,3.0,1.0,2.0,0.0,0.0,447.3093839032258,464.31818200000004,310.05278596774195,311.42228741935486,447.3240469032258,1.01307,29.632555032258065,1.0,1.0,1.0,1.0,none,0:1.0000|1:0.9100|2:1.0300|3:0.9300|4:0.9500|5:1.1000|6:0.8200|,,2087964,1,121275,56,31,29.405900962838036,30.68493594696841,none,360400
Temkinli,21,116,2011,6,1609,1468,141,6892,182,44,0,0,119,2609465,1744786,850546,202500,45570,61245,77460,0,7256,456515,324215,221440,0,102775,110031,768616,1064829,78030,0,49611,0,0,3.0,1.0,2.0,0.0,0.0,460.92424216666666,466.818182,307.56363626666666,308.7651515333334,455.06666666666666,1.020512,28.1891393,1.0,1.0,1.0,1.0,none,0:1.0000|1:0.9250|2:1.0300|3:0.9400|4:0.9500|5:1.1000|6:0.8200|,,1754802,1,132300,87,30,32.594650627619075,33.272410489649616,none,324215
Temkinli,21,147,2011,7,1715,1565,150,7640,187,76,0,0,129,2823350,1950385,854240,222750,50220,63751,80600,0,11517,425402,367886,260227,0,107659,92527,857376,1418790,78030,0,62841,0,0,3.0,1.0,2.0,0.0,0.0,460.21994154838706,470.227273,321.1451612580645,317.48826987096777,457.0630498387097,1.027766,27.837997548387097,1.0,1.0,1.0,1.0,none,0:1.0000|1:0.9300|2:1.0300|3:0.9400|4:0.9500|5:1.1000|6:0.8200|,,1984280,1,132300,117,31,30.25625586625817,30.21919906869146,none,293102
Temkinli,21,178,2011,8,1882,1712,170,8948,150,101,0,8,150,3269525,2302718,949668,223200,50220,64216,81189,0,9395,521448,551934,442478,0,109456,135150,1087400,2047355,78030,0,76071,0,0,3.0,1.0,2.0,0.0,0.0,459.13489738709677,474.090909,321.4149560967742,321.13049841935486,457.34604106451616,1.035317,29.44815664516129,1.0,1.0,1.0,1.0,none,0:1.0500|1:0.9250|2:1.0300|3:0.9350|4:0.9450|5:1.1000|6:0.8200|,,2339472,1,132300,148,31,29.04605409042598,29.995528999010258,none,389148
Temkinli,21,208,2011,9,1619,1462,157,6997,263,83,0,0,134,3061280,2096329,944488,216000,48600,62595,68820,0,12444,536029,470846,360687,0,110159,122603,894972,2256584,78030,0,89301,0,0,3.0,1.0,2.0,0.0,0.0,464.8409093,477.272727,315.24242426666666,317.01666670000003,461.44696976666665,1.042922,28.098190666666667,1.0,1.0,1.0,1.0,none,0:1.0500|1:0.9300|2:1.0300|3:0.9400|4:0.9500|5:1.1000|6:0.8200|,,2075816,1,132300,179,30,30.85271520409763,32.18272790547038,none,403729
Temkinli,21,239,2011,10,1708,1550,158,7606,247,77,0,2,130,3144570,2167638,953665,223200,50220,65146,71641,0,7906,535552,403252,263059,0,140193,148099,0,1606794,78030,0,102531,0,0,3.0,1.0,2.0,0.0,0.0,464.25953074193546,481.136364,318.7580646129032,317.7331377419355,466.085044,1.050335,30.968369225806452,1.0,1.0,1.0,1.0,none,0:1.0500|1:0.9300|2:1.0300|3:0.9400|4:0.9500|5:1.1000|6:0.8200|,,2207230,1,132300,209,31,30.32735795355168,31.34054478030977,none,403252
Temkinli,21,269,2011,11,1695,1541,154,7337,216,110,0,9,113,3078675,2132553,931589,163200,36720,63495,69840,0,0,598334,466034,347648,0,118386,118386,0,1975640,78030,0,115761,0,0,2.2666666666666666,0.26666666666666666,2.0,0.0,0.0,468.02272716666664,484.545455,322.41515150000004,320.87878793333334,469.02878799999996,1.058051,30.546697933333334,1.0,1.0,1.0,1.0,none,0:1.0500|1:0.9300|2:1.0300|3:0.9400|4:0.9500|5:1.1000|6:0.8200|,,2124442,1,132300,240,30,30.259413546412013,31.11121901027139,none,466034
Temkinli,21,300,2011,12,1678,1521,157,6962,307,118,0,3,119,3338410,2266289,1055266,148800,33480,66077,79949,0,9109,717851,580039,446750,0,133289,137048,0,2418794,81281,0,129542,0,0,2.0,0.0,2.0,0.0,0.0,478.8856304193548,487.5,321.85190606451613,321.5806451935484,474.43401758064516,1.065572,27.99313635483871,1.0,1.0,1.0,1.0,none,0:1.0500|1:0.9300|2:1.0300|3:0.9400|4:0.9500|5:1.1000|6:0.8200|,,2286740,1,137812,270,31,31.60983821639643,32.791488067271096,none,580039
Temkinli,21,331,2012,1,1637,1488,149,7265,302,91,0,0,121,3412780,2307564,1087568,155700,34875,66569,80538,0,9264,740622,781386,591720,0,189666,195780,0,2980114,81281,0,143323,0,0,2.064516129032258,0.0,2.0,0.0,0.06451612903225806,480.0733136451613,491.81818200000004,321.5571847096774,321.44134896774193,477.48240474193545,1.0734,28.610654870967743,1.0,1.0,1.0,1.0,none,0:1.0500|1:0.9300|2:1.0300|3:0.9400|4:0.9500|5:1.1000|6:0.8200|,,2355612,1,137812,301,31,31.86750977209196,33.01915029016768,none,602810
Temkinli,21,360,2012,2,1591,1421,170,7152,248,109,0,2,131,3248190,2266332,970115,158050,32625,62623,75777,0,0,641040,541013,425408,0,115605,115605,0,3402481,81281,0,157104,0,0,3.0,0.0,2.0,0.0,1.0,478.1583072068965,494.3181819999999,332.4576803103448,329.2993730344828,477.78683386206893,1.079586,30.32586020689655,1.0,1.0,1.0,1.0,none,0:1.0500|1:0.9300|2:1.0300|3:0.9400|4:0.9500|5:1.1000|6:0.8200|,,2281116,1,137812,332,29,29.866325553616015,30.471211040469868,none,503228
Temkinli,21,391,2012,3,1913,1725,188,9903,261,106,0,11,151,4124975,3031917,1077663,168950,34875,67313,74028,0,0,732497,271262,141636,0,129626,129626,0,3478021,81281,0,170885,0,0,3.0,0.0,2.0,0.0,1.0,452.2507328064516,496.590909,329.4090909677419,330.0337242903226,442.62316683870966,1.085405,35.121624483870974,1.0,1.0,1.0,1.0,none,0:1.0500|1:0.9100|2:1.0300|3:0.9200|4:0.9300|5:1.1000|6:0.8200|,,2994696,1,137812,361,31,26.12532197164831,27.162286963342932,none,594685
Temkinli,21,421,2012,4,1747,1582,165,8199,168,121,0,6,136,3274935,2398967,855482,163500,33750,65502,72060,0,0,520670,319876,233306,0,86570,86570,0,3609044,81281,0,184666,0,0,3.0,0.0,2.0,0.0,1.0,443.9166665666667,499.318182,323.03939396666664,324.97575756666663,438.81060613333335,1.09166,36.33677026666667,1.0,1.0,1.0,1.0,none,0:1.0500|1:0.9100|2:1.0300|3:0.9200|4:0.9300|5:1.1000|6:0.8200|,,2452256,2,137812,392,30,26.122106240276526,27.229721635568943,none,382858
Temkinli,21,452,2012,5,1855,1666,189,8790,194,129,0,5,155,3509315,2622706,870507,168950,34875,68058,74865,0,0,523759,578562,430529,0,148033,148033,0,4006364,81281,0,198447,0,0,3.0,0.0,2.0,0.0,1.0,444.090909,502.045455,332.6627565806451,330.4926686774194,441.02785941935485,1.097747,37.369046806451614,1.0,1.0,1.0,1.0,none,0:1.0500|1:0.9100|2:1.0300|3:0.9200|4:0.9300|5:1.1000|6:0.8200|,,2640618,2,137812,422,31,24.805610211679486,25.091293282780278,none,385947
Temkinli,21,482,2012,6,1789,1599,190,9262,128,84,0,6,164,3387860,2504561,870186,163500,33750,66252,83790,0,0,522894,666336,501496,0,164840,164840,0,4504220,84532,0,212779,0,0,3.0,0.0,2.0,0.0,1.0,444.09090899999995,505.227273,329.11818193333335,329.9848484666667,443.6636362,1.104074,38.71549326666666,1.0,1.0,1.0,1.0,none,0:1.0500|1:0.9100|2:1.0300|3:0.9200|4:0.9300|5:1.1000|6:0.8200|,,2516892,2,143325,453,30,25.68541793344471,25.889457481928915,none,379569
Temkinli,21,513,2012,7,1932,1721,211,10694,151,116,0,9,174,3859295,2813167,1018277,174950,36270,68833,87079,0,0,651145,461239,242698,0,218541,218541,0,4598546,84532,0,227111,0,0,3.0,0.0,2.0,0.0,1.0,448.5117301935484,508.18181799999996,327.0205278064516,328.10850445161293,449.71407603225805,1.11023,39.090267806451614,1.0,1.0,1.0,1.0,none,0:1.0500|1:0.9150|2:1.0300|3:0.9250|4:0.9350|5:1.1000|6:0.8200|,,2865656,2,143325,483,31,26.385052192174996,27.087630982286488,none,507820
Temkinli,21,544,2012,8,1651,1477,174,7785,144,99,0,8,146,3132415,2187311,930648,175150,36270,69236,87575,0,0,562417,438781,316267,0,122514,122514,0,4837360,84532,0,241443,0,0,3.0,0.0,2.0,0.0,1.0,471.4956011935484,510.909091,329.82258058064514,328.93108519354837,476.71407616129034,1.116629,33.312776322580646,1.0,1.0,1.0,1.0,none,0:1.0500|1:0.9300|2:1.0300|3:0.9400|4:0.9500|5:1.1000|6:0.8200|,,2183526,3,143325,514,31,29.71023954361092,30.047580561572758,none,419092
Temkinli,21,574,2012,9,1611,1436,175,7674,190,108,0,4,143,3322330,2331296,976584,169500,35100,67393,74130,0,0,630461,850519,557191,0,293328,232789,0,5434543,84532,0,255775,0,0,3.0,0.0,2.0,0.0,1.0,485.3863638,514.090909,336.2545453666666,334.5045454333333,486.540909,1.123064,32.073940066666665,1.0,1.0,1.0,1.0,none,0:1.0500|1:0.9300|2:1.0300|3:0.9400|4:0.9500|5:1.1000|6:0.8200|,,2370430,3,143325,545,30,29.394551414218334,30.724352712714882,none,487136
Temkinli,21,605,2012,10,1681,1505,176,7853,193,84,0,0,160,3467515,2396629,1055667,175150,36270,70042,77035,0,0,697170,1002977,728139,0,274838,335377,0,6118267,84532,0,270107,0,0,3.0,0.0,2.0,0.0,1.0,476.8035191290323,516.818182,324.460410516129,327.4266863548387,480.4164223225806,1.129326,33.39185929032258,1.0,1.0,1.0,1.0,none,0:1.0500|1:0.9300|2:1.0300|3:0.9400|4:0.9500|5:1.1000|6:0.8200|,,2392914,3,143325,575,31,30.44448257613882,31.95091950898044,none,553845
Temkinli,21,635,2012,11,1562,1392,170,7558,166,124,0,0,149,3214980,2176251,1021958,265450,56684,68172,74970,0,23431,533251,436077,175478,0,260599,260599,0,6219552,84532,0,284439,0,0,3.6333333333333333,0.0,2.0,0.6333333333333333,1.0,489.2878786,520.227273,326.5333332,326.10606046666663,490.52424236666667,1.135835,33.22478123333333,1.0,1.0,1.0,1.0,none,0:1.0500|1:0.9300|2:1.0300|3:0.9400|4:0.9500|5:1.1000|6:0.8200|,,2196862,3,143325,606,30,31.78738281420102,33.263555570943176,none,389926
Temkinli,21,666,2012,12,1538,1373,165,6700,186,123,0,2,142,3291405,2255645,1018646,331700,71486,70818,85684,0,0,458958,627377,393041,0,234336,234336,0,6535838,87784,0,299323,0,0,4.0,0.0,2.0,1.0,1.0,497.0234603548387,522.727273,338.2727272903226,335.3856304516129,499.61143687096774,1.142168,30.04135090322581,1.0,1.0,1.0,1.0,none,0:1.0500|1:0.9300|2:1.0300|3:0.9400|4:0.9500|5:1.1000|6:0.8200|,,2271482,4,148837,636,31,30.948667818150607,31.940289689983558,none,310121
Temkinli,21,697,2013,1,1481,1337,144,6331,155,94,0,0,125,3112560,2081791,1015711,337700,72881,71252,86180,0,0,447698,1093159,789946,0,303213,303213,0,7314217,87784,0,314207,0,0,4.0,0.0,2.0,1.0,1.0,505.5645161612903,525.454545,331.1730203870968,332.4354839354839,504.4237536451613,1.148751,29.17313270967742,1.0,1.0,1.0,1.0,none,0:1.0500|1:0.9300|2:1.0300|3:0.9400|4:0.9500|5:1.1000|6:0.8200|,,2097960,4,148837,667,31,32.63265607731257,34.494409753740975,none,298861
Temkinli,21,725,2013,2,1317,1171,146,5558,128,98,0,0,126,2787895,1847883,917761,305200,65828,64749,78316,0,0,403668,502066,236789,0,265277,265277,0,7487430,87784,0,329091,0,0,4.0,0.0,2.0,1.0,1.0,510.2110388928572,528.863636,334.52759746428575,333.14285703571426,507.7256493571429,1.155828,28.554909285714285,1.0,1.0,1.0,1.0,none,0:1.0500|1:0.9300|2:1.0300|3:0.9400|4:0.9500|5:1.1000|6:0.8200|,,1866582,4,148837,698,28,32.91949660944906,34.43348497707915,none,254831
Temkinli,21,756,2013,3,1547,1400,147,7282,124,98,0,0,132,3255215,2168234,1075310,337900,72881,72089,79267,0,0,513173,1040993,665363,0,375630,290931,0,8173083,87784,0,343975,0,0,4.0,0.0,2.0,1.0,1.0,504.34750758064513,531.818182,331.68181812903225,332.45161283870965,505.96920829032257,1.162259,31.296368,1.0,1.0,1.0,1.0,none,0:1.0500|1:0.9300|2:1.0300|3:0.9400|4:0.9500|5:1.1000|6:0.8200|,,2194948,5,148837,726,31,33.03345554748304,34.235460046167404,none,364336
Temkinli,21,786,2013,4,1484,1327,157,6841,151,81,0,0,143,3124705,2012199,1097783,327000,70530,70184,77190,0,0,552879,934566,561448,0,373118,457817,0,8580038,87784,0,358859,0,0,4.0,0.0,2.0,1.0,1.0,516.2196967666666,535.454545,330.2924241666667,331.21666666666664,514.5818182,1.16942,27.3268918,1.0,1.0,1.0,1.0,none,0:1.0500|1:0.9300|2:1.0300|3:0.9400|4:0.9500|5:1.1000|6:0.8200|,,2020788,5,148837,757,30,35.13237249596362,36.017082216070456,none,404042
Temkinli,21,817,2013,5,1473,1320,153,6371,178,65,0,0,134,2936195,1915854,1002706,337900,72881,72957,80228,0,0,438740,1090761,744317,0,346444,346444,0,9247413,87784,0,373743,0,0,4.0,0.0,2.0,1.0,1.0,515.777126032258,538.409091,338.5175950645161,335.9164223225806,517.290322483871,1.176391,28.369067354838712,1.0,1.0,1.0,1.0,none,0:1.0500|1:0.9300|2:1.0300|3:0.9400|4:0.9500|5:1.1000|6:0.8200|,,1924938,6,148837,787,31,34.14984359008853,34.36746649300916,none,289903
Temkinli,21,847,2013,6,1478,1314,164,6391,155,61,0,0,148,2712350,1741294,956033,327000,70530,71024,89850,0,0,397629,712682,254747,0,457935,390720,0,9297376,92660,0,389453,0,0,4.0,0.0,2.0,1.0,1.0,527.2272729666666,542.045455,340.2636364,338.64242420000005,526.9681816333334,1.183639,27.33245713333333,1.0,1.0,1.0,1.0,none,0:1.0500|1:0.9300|2:1.0300|3:0.9400|4:0.9500|5:1.1000|6:0.8200|,,1800080,6,157106,818,30,35.247405386472984,35.46167775324612,none,240523
Temkinli,21,878,2013,7,1600,1406,194,6996,139,67,0,0,172,2957330,1935182,1001079,346900,74989,73826,93372,0,0,411992,167707,-199930,0,367637,434852,889110,9827086,92660,0,405163,986544,0,4.0,0.0,2.0,1.0,1.0,522.4926687419354,545.0,343.090909,341.05718477419356,523.2844575483871,1.190696,28.060275967741937,1.0,1.0,1.0,1.0,none,0:1.0500|1:0.9300|2:1.0300|3:0.9400|4:0.9500|5:1.1000|6:0.8200|,Serap Yıldırım:4:41106,1955104,7,157106,848,31,33.85077079663075,34.335746791223166,none,254886
Temkinli,21,909,2013,8,1417,1273,144,6117,144,60,0,0,125,2666605,1694262,959717,347200,74989,74291,93961,0,0,369276,322326,-72588,0,394914,394914,707560,9566525,92660,0,420873,1274286,0,4.0,0.0,2.0,1.0,1.0,537.4560119677419,549.090909,345.090909,343.43255125806456,535.120234451613,1.198032,24.107281935483872,1.0,1.0,1.0,1.0,none,0:1.0500|1:0.9300|2:1.0300|3:0.9400|4:0.9500|5:1.1000|6:0.8200|,Serap Yıldırım:4:41106,1709716,7,157106,879,31,35.99021977383227,35.79178550137563,none,212170
Temkinli,21,939,2013,9,1384,1222,162,5749,154,72,0,0,140,2898515,1875096,1003432,336000,72570,72344,79560,0,0,442958,919510,384883,0,534627,534627,894684,10167347,92660,0,436583,1233180,0,4.0,0.0,2.0,1.0,1.0,526.9469697333333,551.590909,339.454545,341.07575756666665,530.4151514333333,1.205414,25.94985773333333,1.0,1.0,1.0,1.0,none,0:1.0500|1:0.9300|2:1.0300|3:0.9400|4:0.9500|5:1.1000|6:0.8200|,Serap Yıldırım:4:41106,1865424,7,157106,910,30,34.6188306770881,35.580890583395075,none,285852
Temkinli,21,970,2013,10,1353,1209,144,5420,174,59,0,0,125,2709835,1703091,994559,347200,74989,75190,82708,0,0,414472,603170,175675,0,427495,427495,788158,10204920,92660,0,452293,1274286,0,4.0,0.0,2.0,1.0,1.0,544.3401758387097,555.227273,343.227273,341.93548387096774,539.5718475483872,1.2126,23.529835838709676,1.0,1.0,1.0,1.0,none,0:1.0500|1:0.9300|2:1.0300|3:0.9400|4:0.9500|5:1.1000|6:0.8200|,Serap Yıldırım:4:41106,1750902,7,157106,940,31,36.701828709128044,36.94618030514439,none,257366
Temkinli,21,1000,2013,11,1431,1285,146,5820,183,52,0,0,125,3014455,1900086,1096342,336000,72570,73215,80520,0,0,534037,981236,537228,0,444008,444008,893268,10857535,92660,0,468003,1233180,0,4.0,0.0,2.0,1.0,1.0,544.3106059666667,558.409091,342.954545,342.30757579999994,544.2666666333333,1.220071,23.8781606,1.0,1.0,1.0,1.0,none,0:1.0500|1:0.9300|2:1.0300|3:0.9400|4:0.9500|5:1.1000|6:0.8200|,Serap Yıldırım:4:41106,1922184,7,157106,971,30,36.36949299292907,36.992860098522065,none,376931
Temkinli,21,1031,2013,12,1323,1139,184,5078,211,63,0,0,155,2791515,1735813,1044999,347200,74989,76120,92070,0,0,454620,1221284,604360,0,616924,616924,760026,11336341,95911,0,484264,1276207,0,4.0,0.0,2.0,1.0,1.0,551.8035190967743,562.045455,340.81818200000004,341.4824047741935,548.1671553225807,1.227345,22.846494258064514,1.0,1.0,1.0,1.0,none,0:1.0500|1:0.9300|2:1.0300|3:0.9400|4:0.9500|5:1.1000|6:0.8200|,Serap Yıldırım:4:41106,1738098,7,162619,1001,31,37.43483377305871,38.23559107454189,none,292001
Temkinli,21,1062,2014,1,1309,1139,170,5164,237,51,0,0,137,3010320,1905400,1089793,353200,76384,76586,92628,0,0,490995,877988,397486,0,480502,480502,803510,11742464,95911,0,500525,1333837,0,4.0,0.0,2.0,1.0,1.0,555.9384163870967,565.227273,353.545455,349.620234516129,548.9516128709678,1.234907,22.106450096774193,1.0,1.0,1.0,1.0,none,0:1.0500|1:0.9300|2:1.0300|3:0.9400|4:0.9500|5:1.1000|6:0.8200|,Serap Yıldırım:4:43027,1940214,7,162619,1032,31,36.20189880145632,36.40564411835351,none,328376
Temkinli,21,1090,2014,2,1260,1089,171,4768,237,63,0,0,147,2836660,1783794,1036580,319200,68992,69623,84224,0,0,494541,1007951,519224,0,488727,488727,0,11514223,95911,0,516786,1204756,0,4.0,0.0,2.0,1.0,1.0,558.1818179642858,569.545455,347.136364,348.93668832142856,554.5162338571429,1.243005,22.47488792857143,1.0,1.0,1.0,1.0,none,0:1.0500|1:0.9300|2:1.0300|3:0.9400|4:0.9500|5:1.1000|6:0.8200|,Serap Yıldırım:4:43027,1761552,7,162619,1063,28,36.542271544703986,37.80944616468842,none,331922
Temkinli,21,1121,2014,3,1290,1123,167,5144,208,40,0,0,142,2699530,1711052,974632,353400,76384,77547,85281,0,0,382020,584249,69250,0,514999,514999,0,11620071,95911,0,533047,1333837,0,4.0,0.0,2.0,1.0,1.0,557.6319649354839,572.954545,355.454545,352.8401759032258,555.3900293548387,1.250366,23.745667032258066,1.0,1.0,1.0,1.0,none,0:1.0500|1:0.9200|2:1.0300|3:0.9300|4:0.9400|5:1.1000|6:0.8200|,Serap Yıldırım:4:43027,1759674,7,162619,1091,31,36.103766211155275,36.25642585946003,none,219401
Temkinli,21,1151,2014,4,1306,1129,177,5152,182,41,0,0,153,2794285,1782506,993432,342000,73920,75526,83070,0,0,418916,446155,52151,0,394004,394004,0,11652198,95911,0,549308,1290810,0,4.0,0.0,2.0,1.0,1.0,559.1515154,575.454545,359.09090899999995,356.82575756666665,557.480303,1.258565,23.397308333333335,1.0,1.0,1.0,1.0,none,0:1.0500|1:0.9300|2:1.0300|3:0.9400|4:0.9500|5:1.1000|6:0.8200|,Serap Yıldırım:4:43027,1813980,7,162619,1122,30,35.552279026656194,35.77931935977724,none,256297
Temkinli,21,1182,2014,5,1475,1275,200,5846,198,32,0,0,176,3016615,1942232,1060828,353400,76384,78540,86366,0,0,466138,755099,338822,0,416277,416277,0,11999112,95911,0,565569,1333837,0,4.0,0.0,2.0,1.0,1.0,557.0014661290323,579.772727,357.727273,357.4340176774193,557.6759530645162,1.266552,25.161183193548386,1.0,1.0,1.0,1.0,none,0:1.0500|1:0.9250|2:1.0300|3:0.9350|4:0.9450|5:1.1000|6:0.8200|,Serap Yıldırım:4:43027,1954812,7,162619,1152,31,35.16617135431601,35.77624211905923,none,303519
Temkinli,21,1212,2014,6,1392,1245,147,5914,179,40,0,0,127,2833900,1810932,1013355,342000,73920,76516,96750,0,0,424169,299243,-167897,0,467140,467140,0,11806474,100789,0,582658,1292843,0,4.0,0.0,2.0,1.0,1.0,563.5530302333334,582.954545,361.636364,359.8606061,563.7893939999999,1.274857,25.605376200000002,1.0,1.0,1.0,1.0,none,0:1.0500|1:0.9300|2:1.0300|3:0.9400|4:0.9500|5:1.1000|6:0.8200|,Serap Yıldırım:4:43027,1841284,7,170887,1183,30,35.75831892445041,35.82922198993977,none,253282
Temkinli,21,1243,2014,7,1527,1312,215,6140,165,36,0,0,193,3154745,2024323,1111690,362400,78461,79563,100626,0,0,490640,165900,-225299,0,391199,391199,0,11546280,100789,0,599747,1396860,0,4.0,0.0,2.0,1.0,1.0,573.8416421612903,587.954545,370.409091,367.1920820967742,571.0923752903226,1.282947,24.257288322580646,1.0,1.0,1.0,1.0,none,0:1.0500|1:0.9300|2:1.0300|3:0.9400|4:0.9500|5:1.1000|6:0.8200|,Serap Yıldırım:4:45060,2064228,7,170887,1213,31,35.238664297748315,35.45099139112517,none,319753
Temkinli,21,1274,2014,8,1427,1238,189,5980,154,39,0,0,163,2820270,1796260,1007342,362700,78461,80090,101277,0,0,384814,190620,-264973,0,455593,351581,0,11199183,100789,0,616836,1396860,0,4.0,0.0,2.0,1.0,1.0,570.6231671935484,590.681818,361.863636,364.7595308064516,569.0029325483871,1.291361,24.410202032258066,1.0,1.0,1.0,1.0,none,0:1.0500|1:0.9200|2:1.0300|3:0.9300|4:0.9400|5:1.1000|6:0.8200|,Serap Yıldırım:4:45060,1793724,7,170887,1244,31,35.71792771614065,36.58448222848613,none,213927
Temkinli,21,1304,2014,9,1284,1098,186,5051,200,44,0,0,159,2791410,1791151,984759,351000,75930,78016,85800,0,0,394013,459610,22463,0,437147,541159,821136,11932980,100789,0,633925,1351800,0,4.0,0.0,2.0,1.0,1.0,580.3484847333333,594.3181820000001,375.272727,370.9954545333333,578.0636362666667,1.299829,23.320222233333332,1.0,1.0,1.0,1.0,none,0:1.0500|1:0.9300|2:1.0300|3:0.9400|4:0.9500|5:1.1000|6:0.8200|,Serap Yıldırım:4:45060,1828368,7,170887,1275,30,35.27819274130278,35.33665773721532,none,223126
Temkinli,21,1335,2014,10,1394,1213,181,5699,179,67,0,0,165,3075540,1956037,1096122,362700,78461,81113,89218,0,0,484630,764074,302991,0,461083,461083,0,11417853,100789,0,651014,1396860,0,4.0,0.0,2.0,1.0,1.0,579.8460408064517,599.318182,364.272727,367.62609964516133,580.643695,1.308077,24.624241612903226,1.0,1.0,1.0,1.0,none,0:1.0500|1:0.9200|2:1.0300|3:0.9300|4:0.9400|5:1.1000|6:0.8200|,Serap Yıldırım:4:45060,1959040,7,170887,1305,31,35.63998517333541,37.177681424992,none,313743
Temkinli,21,1365,2014,11,1397,1221,176,5498,188,76,0,0,155,3240240,2086336,1141246,351000,75930,79007,86910,0,0,548399,636023,75514,0,560509,454941,947490,12548345,100789,0,668103,1351800,0,4.0,0.0,2.0,1.0,1.0,583.8939393,602.272727,378.0,374.1727272666667,583.1575756999999,1.316655,25.002793433333334,1.0,1.0,1.0,1.0,none,0:1.0500|1:0.9250|2:1.0300|3:0.9350|4:0.9450|5:1.1000|6:0.8200|,Serap Yıldırım:4:45060,2119386,7,170887,1336,30,35.2210330099005,35.26221552270872,none,377512
Temkinli,21,1396,2014,12,1301,1122,179,5188,244,51,0,0,150,3091085,1969827,1110570,362700,78461,82167,99417,0,0,487825,783800,329226,0,454574,560142,0,11923288,105665,0,686018,1399074,0,4.0,0.0,2.0,1.0,1.0,591.2170090645161,606.818182,377.5,376.6539590645162,590.6862169354838,1.32501,22.596832193548387,1.0,1.0,1.0,1.0,none,0:1.0500|1:0.9300|2:1.0300|3:0.9400|4:0.9500|5:1.1000|6:0.8200|,Serap Yıldırım:4:45060,1961172,7,179156,1366,31,35.92816114729941,36.14865705617654,none,308669
Temkinli,21,1427,2015,1,1431,1220,211,5609,209,76,0,0,186,3420180,2190077,1211433,371700,80569,82696,100068,0,0,576400,953083,526643,0,426440,426440,0,12447967,105665,0,703933,1465494,0,4.0,0.0,2.0,1.0,1.0,587.8152490322581,610.227273,375.3724338709677,375.7800588064516,589.0351906774193,1.3337,22.546820967741937,1.0,1.0,1.0,1.0,none,0:1.0500|1:0.9300|2:1.0300|3:0.9400|4:0.9500|5:1.1000|6:0.8200|,Serap Yıldırım:4:47274,2204198,7,179156,1397,31,35.420153325263584,36.14108608292194,none,397244
Temkinli,21,1455,2015,2,1168,1002,166,4648,159,61,0,0,148,2798015,1782877,997394,336000,72772,75225,91000,0,0,422397,573017,156338,0,416679,416679,0,12569145,105665,0,721848,1323672,0,4.0,0.0,2.0,1.0,1.0,596.3717532500001,614.5454550000001,383.5,380.21753239285715,595.5357143214286,1.342972,21.773697607142857,1.0,1.0,1.0,1.0,none,0:1.0500|1:0.9300|2:1.0300|3:0.9400|4:0.9500|5:1.1000|6:0.8200|,Serap Yıldırım:4:47274,1838676,7,179156,1428,28,35.64648509747089,35.69447279988191,none,243241
Temkinli,21,1486,2015,3,1249,1065,184,4792,183,46,0,0,152,2831900,1795718,1020245,372000,80569,83812,92163,0,0,391701,660969,139038,0,521931,521931,0,12701991,105665,0,739763,1465494,0,4.0,0.0,2.0,1.0,1.0,599.8460411612903,618.409091,377.136364,379.00586512903226,597.0029324838711,1.351403,22.20714758064516,1.0,1.0,1.0,1.0,none,0:1.0500|1:0.9300|2:1.0300|3:0.9400|4:0.9500|5:1.1000|6:0.8200|,Serap Yıldırım:4:47274,1818498,7,179156,1456,31,36.02687241781136,37.12780645015655,none,212545
Temkinli,21,1516,2015,4,1318,1125,193,5327,177,50,0,0,171,3048270,1933703,1093122,360000,77970,81678,89820,0,0,483654,655837,231652,0,424185,424185,0,12919658,105665,0,757678,1418220,0,4.0,0.0,2.0,1.0,1.0,599.2121214,622.954545,379.818182,379.0424242,597.9787878000001,1.360799,23.0431434,1.0,1.0,1.0,1.0,none,0:1.0500|1:0.9300|2:1.0300|3:0.9400|4:0.9500|5:1.1000|6:0.8200|,Serap Yıldırım:4:47274,1955298,7,179156,1487,30,35.860406066391754,36.61373519738014,none,304498
Temkinli,21,1547,2015,5,1368,1189,179,5534,180,50,0,0,161,3157850,1987338,1150133,372000,80569,84959,93434,0,0,519171,845048,282217,0,562831,449766,0,13336583,105665,0,775593,1465494,0,4.0,0.0,2.0,1.0,1.0,603.3211143870968,626.818182,379.909091,379.3885628387096,606.2228738709678,1.369954,23.022617032258065,1.0,1.0,1.0,1.0,none,0:1.0500|1:0.9300|2:1.0300|3:0.9400|4:0.9500|5:1.1000|6:0.8200|,Serap Yıldırım:4:47274,1999626,7,179156,1517,31,36.42139430308596,37.030367089681114,none,340015
Temkinli,21,1577,2015,6,1353,1153,200,5964,149,15,0,0,181,2946025,1849924,1079557,360000,77970,82789,104700,0,0,454098,-43462,-458044,0,414582,527647,0,12517998,110542,0,794335,1420570,0,4.0,0.0,2.0,1.0,1.0,610.5833333666667,632.045455,384.045455,381.93939396666667,610.0696969,1.379479,23.989808999999997,1.0,1.0,1.0,1.0,none,0:1.0500|1:0.9300|2:1.0300|3:0.9400|4:0.9500|5:1.1000|6:0.8200|,Serap Yıldırım:4:47274,1892644,7,187425,1548,30,36.64452949313058,37.10187717007769,none,266673
Temkinli,21,1608,2015,7,1352,1178,174,5745,139,12,0,0,155,2975742,1903842,1053117,381000,82646,86137,108934,0,728,393672,195456,-248877,0,444333,444333,0,12254275,110542,0,813077,1538344,0,4.0,0.0,2.0,1.0,1.0,609.3255133225806,635.227273,393.727273,389.9061583870968,609.5469208064517,1.38876,23.930994612903223,1.0,1.0,1.0,1.0,none,0:1.0500|1:0.9300|2:1.0300|3:0.9400|4:0.9500|5:1.1000|6:0.8200|,Serap Yıldırım:4:49624,1904754,7,187425,1578,31,35.390064057972765,35.38309747559209,none,206247
Temkinli,21,1639,2015,8,1349,1159,190,5475,149,38,0,0,174,2847085,1832528,993379,381300,82646,86726,109678,0,1223,331806,192257,-362948,0,555205,555205,382264,12254148,110542,0,831819,1538344,0,4.0,0.0,2.0,1.0,1.0,618.6803517741936,640.909091,402.9574778387097,399.0087976451613,620.5483870645161,1.398416,22.461395161290323,1.0,1.0,1.0,1.0,none,0:1.0500|1:0.9300|2:1.0300|3:0.9400|4:0.9500|5:1.1000|6:0.8200|,Serap Yıldırım:4:49624,1891898,7,187425,1609,31,34.89109036084275,34.86822772322639,none,144381
Temkinli,21,1669,2015,9,1290,1101,189,5306,199,62,0,0,167,3126824,2008318,1099920,369000,79980,84499,92940,0,1173,472328,530151,51245,0,478906,478906,837822,12775291,110542,0,850561,1488720,0,4.0,0.0,2.0,1.0,1.0,625.7272727,644.090909,401.454545,401.0136363333333,622.9499999666666,1.408139,22.040358033333334,1.0,1.0,1.0,1.0,none,0:1.0500|1:0.9300|2:1.0300|3:0.9400|4:0.9500|5:1.1000|6:0.8200|,Serap Yıldırım:4:49624,2026716,7,187425,1640,30,35.176907942372196,35.84192946110018,none,284903
Temkinli,21,1700,2015,10,1334,1134,200,5396,195,61,0,0,175,3216785,2034810,1164543,381300,82646,87905,96689,0,796,515207,761768,262951,0,498817,498817,905976,13102847,110542,0,869303,1538344,0,4.0,0.0,2.0,1.0,1.0,631.5029323225806,648.8636359999999,399.5,400.24340174193554,626.9266861935483,1.417612,21.818854838709676,1.0,1.0,1.0,1.0,none,0:1.0500|1:0.9300|2:1.0300|3:0.9400|4:0.9500|5:1.1000|6:0.8200|,Serap Yıldırım:4:49624,2071506,7,187425,1670,31,36.202077540152665,36.738219325333276,none,327782
Temkinli,21,1730,2015,11,1332,1160,172,5497,157,43,0,0,160,3207450,2046331,1143184,369000,79980,85669,94200,0,882,513453,816155,206469,0,609686,609686,0,12417670,110542,0,888045,1488720,0,4.0,0.0,2.0,1.0,1.0,626.9545455,653.863636,399.40909100000005,400.0015150666667,628.8818181333334,1.427469,23.371025066666668,1.0,1.0,1.0,1.0,none,0:1.0500|1:0.9300|2:1.0300|3:0.9400|4:0.9500|5:1.1000|6:0.8200|,Serap Yıldırım:4:49624,2046106,7,187425,1701,30,35.64152208140423,36.29377219341014,none,326028
Temkinli,21,1761,2015,12,1349,1165,184,5323,170,79,0,0,163,3431560,2196199,1217563,381300,82646,89114,107818,0,0,556685,958583,466427,0,492156,492156,0,12960108,117045,0,907890,1540912,0,4.0,0.0,2.0,1.0,1.0,633.2404693870967,658.181818,407.727273,404.8181818064516,633.950146516129,1.437072,23.67580112903226,1.0,1.0,1.0,1.0,none,0:1.0500|1:0.9300|2:1.0300|3:0.9400|4:0.9500|5:1.1000|6:0.8200|,Serap Yıldırım:4:49624,2204914,7,198450,1731,31,35.48132627726165,35.61256857215195,none,358235
Temkinli,21,1792,2016,1,1352,1143,209,5411,189,72,0,0,181,3543000,2253917,1278544,393300,85436,89735,108562,0,414,601097,988328,413564,0,574764,455816,0,13495579,117045,0,927735,1617952,0,4.0,0.0,2.0,1.0,1.0,636.1363635806451,662.272727,406.31818200000004,405.78005864516126,637.9501465806452,1.447064,23.242018387096774,1.0,1.0,1.0,1.0,none,0:1.0500|1:0.9300|2:1.0300|3:0.9400|4:0.9500|5:1.1000|6:0.8200|,Serap Yıldırım:4:52192,2258780,7,198450,1762,31,36.08648038385549,36.127188247352926,none,402647
Temkinli,21,1821,2016,2,1256,1045,211,4978,190,55,0,0,187,3234155,2040479,1177021,368300,79924,84555,102312,0,395,541535,751381,293411,0,457970,576918,0,13627721,117045,0,947580,1513568,0,4.0,0.0,2.0,1.0,1.0,648.7539185172413,667.272727,411.045455,408.6927900689655,646.0673981034483,1.4576940000000003,22.29949824137931,1.0,1.0,1.0,1.0,none,0:1.0500|1:0.9300|2:1.0300|3:0.9400|4:0.9500|5:1.1000|6:0.8200|,Serap Yıldırım:4:52192,2106540,7,198450,1793,29,36.39346289834594,36.640774989156995,none,343085
Temkinli,21,1852,2016,3,1421,1206,215,5778,191,57,0,0,186,3620370,2359573,1236918,393700,85436,91007,100099,0,458,566218,407254,-31125,0,438379,438379,0,13587374,117045,0,967425,1617952,0,4.0,0.0,2.0,1.0,1.0,644.8313782903226,671.1363640000001,422.2873900967742,418.06451612903226,644.8181818064517,1.467709,23.572561612903225,1.0,1.0,1.0,1.0,none,0:1.0500|1:0.9300|2:1.0300|3:0.9400|4:0.9500|5:1.1000|6:0.8200|,Serap Yıldırım:4:52192,2404294,7,198450,1822,31,34.16551346961774,34.51196633507379,none,367768
Temkinli,21,1882,2016,4,1274,1051,223,4990,152,48,0,0,199,3227075,2089189,1121336,381000,82680,88731,97590,0,0,471335,183105,-246809,0,429914,429914,0,13323234,117045,0,987270,1565760,0,4.0,0.0,2.0,1.0,1.0,657.6136364333332,676.590909,427.727273,424.96515143333335,653.9893939333334,1.4784910000000002,21.3180807,1.0,1.0,1.0,1.0,none,0:1.0500|1:0.9300|2:1.0300|3:0.9400|4:0.9500|5:1.1000|6:0.8200|,Serap Yıldırım:4:52192,2132456,7,198450,1853,30,34.74775144674357,34.957663694469076,none,272885
Temkinli,21,1913,2016,5,1346,1122,224,5169,170,52,0,0,202,3289560,2151295,1115243,393700,85436,92340,101556,0,0,442211,189768,-338587,0,528355,528355,0,12957888,117045,0,1007115,1617952,0,4.0,0.0,2.0,1.0,1.0,657.0454546451613,680.909091,431.227273,428.9252199354839,651.9736071290322,1.489001,21.4995815483871,1.0,1.0,1.0,1.0,none,0:1.0500|1:0.9300|2:1.0300|3:0.9400|4:0.9500|5:1.1000|6:0.8200|,Serap Yıldırım:4:52192,2189134,7,198450,1883,31,33.902497598463015,34.368730511516105,none,243761
Temkinli,21,1943,2016,6,1408,1209,199,5743,141,36,0,0,183,3242685,2124458,1102634,381000,82680,90021,113850,0,369,434714,-82556,-510766,0,428210,428210,650936,12857086,123547,0,1028062,1568485,0,4.0,0.0,2.0,1.0,1.0,657.0227274666667,685.6818179999999,431.045455,430.0333333666667,661.0969697333334,1.499939,23.981913066666667,1.0,1.0,1.0,1.0,none,0:1.0500|1:0.9300|2:1.0300|3:0.9400|4:0.9500|5:1.1000|6:0.8200|,Serap Yıldırım:4:52192,2124426,7,209475,1914,30,34.003734559477714,34.39413326506751,none,225239
Temkinli,21,1974,2016,7,1471,1259,212,6028,118,27,0,0,205,3257065,2115976,1126472,405700,88226,93673,118482,0,863,419528,86744,-500821,0,587565,471101,942834,12793120,123547,0,1049009,1702427,0,4.0,0.0,2.0,1.0,1.0,659.9266863225806,692.045455,429.272727,429.78152500000004,662.4560117419354,1.510601,24.384464806451614,1.0,1.0,1.0,1.0,none,0:1.0500|1:0.9300|2:1.0300|3:0.9400|4:0.9500|5:1.1000|6:0.8200|,Serap Yıldırım:4:54917,2119998,7,209475,1944,31,34.58549338131109,34.95145204808917,none,210053
Temkinli,21,2005,2016,8,1405,1202,203,5620,128,30,0,0,181,3202255,2066730,1115011,406100,88226,94356,119350,0,426,406553,48523,-435705,0,484228,600692,992016,12263034,123547,0,1069956,1702427,0,4.0,0.0,2.0,1.0,1.0,668.673020483871,696.590909,434.5,432.36363632258065,669.6803519354838,1.521698,23.793197,1.0,1.0,1.0,1.0,none,0:1.0500|1:0.9300|2:1.0300|3:0.9400|4:0.9500|5:1.1000|6:0.8200|,Serap Yıldırım:4:54917,2097804,7,209475,1975,31,34.81955684353682,35.02055762836322,none,197078
Temkinli,21,2035,2016,9,1311,1117,194,5635,164,45,0,0,174,3596940,2310667,1267157,393000,85380,92002,101160,0,0,595615,508135,-6436,0,514571,514571,1093990,12382832,123547,0,1090903,1647510,0,4.0,0.0,2.0,1.0,1.0,673.8409094,702.272727,432.818182,432.7075759,678.6348484333333,1.5328759999999997,24.587740466666666,1.0,1.0,1.0,1.0,none,0:1.0500|1:0.9300|2:1.0300|3:0.9400|4:0.9500|5:1.1000|6:0.8200|,Serap Yıldırım:4:54917,2305036,7,209475,2006,30,35.22874999304965,35.768491351261375,none,386140
Temkinli,21,2066,2016,10,1296,1121,175,5338,167,48,0,0,160,3607175,2275108,1315195,406100,88226,95750,105276,0,442,619401,726153,64508,0,661645,661645,1055722,12399786,123547,0,1111850,1702427,0,4.0,0.0,2.0,1.0,1.0,686.6568913225807,706.1363640000001,430.909091,431.6319646451613,680.3929618387097,1.543772,21.956989677419354,1.0,1.0,1.0,1.0,none,0:1.0500|1:0.9300|2:1.0300|3:0.9400|4:0.9500|5:1.1000|6:0.8200|,Serap Yıldırım:4:54917,2328244,7,209475,2036,31,36.46052658936703,37.24535551226768,none,409926
Temkinli,21,2096,2016,11,1289,1089,200,5170,144,42,0,0,184,3374337,2128873,1226675,393000,85380,93322,102630,0,978,551365,646001,117918,0,528083,528083,991040,12458106,123547,0,1132797,1647510,0,4.0,0.0,2.0,1.0,1.0,689.5000001999999,712.272727,435.90909100000005,433.91515146666666,688.0242424333334,1.555113,22.188701733333335,1.0,1.0,1.0,1.0,none,0:1.0500|1:0.9300|2:1.0300|3:0.9400|4:0.9500|5:1.1000|6:0.8200|,Serap Yıldırım:4:54917,2150732,7,209475,2067,30,36.35306728403239,36.77895708867904,none,341890
Temkinli,21,2127,2016,12,1319,1123,196,4987,190,56,0,0,181,3457000,2215064,1220753,406100,88226,97115,117490,0,0,511822,729950,239213,0,490737,490737,1001612,12809551,130050,0,1154847,1705780,0,4.0,0.0,2.0,1.0,1.0,686.1730204193549,716.1363640000001,440.909091,438.2536657741935,688.4164221935484,1.566167,22.43518429032258,1.0,1.0,1.0,1.0,none,0:1.0500|1:0.9300|2:1.0300|3:0.9400|4:0.9500|5:1.1000|6:0.8200|,Serap Yıldırım:4:54917,2212364,7,220500,2097,31,35.312496384148105,35.743744233700966,none,291322
Temkinli,21,2158,2017,1,1313,1092,221,5013,181,65,0,0,196,3673665,2349106,1305154,301950,64888,97833,118358,0,0,722125,498112,-81122,0,579234,579234,1056666,12718601,130050,0,1176897,1806370,0,3.2580645161290325,0.0,2.0,0.25806451612903225,1.0,704.706745,722.5,452.272727,448.2478005806451,700.3137830322581,1.577672,21.869441903225805,1.0,1.0,1.0,1.0,none,0:1.0500|1:0.9300|2:1.0300|3:0.9400|4:0.9500|5:1.1000|6:0.8200|,Serap Yıldırım:4:58270,2422830,7,220500,2128,31,35.52730039347627,35.821144013599586,none,501625
Temkinli,21,2186,2017,2,1185,987,198,4438,132,45,0,0,180,3247800,2101683,1124674,236600,50400,89150,107856,0,0,640668,514387,46812,0,467575,467575,1009314,12712337,130050,0,1198947,1631560,0,3.0,0.0,2.0,0.0,1.0,704.3749999642857,729.0909089999999,456.409091,453.79707803571426,707.1931817142857,1.591718,21.98166960714286,1.0,1.0,1.0,1.0,none,0:1.0500|1:0.9300|2:1.0300|3:0.9400|4:0.9500|5:1.1000|6:0.8200|,Serap Yıldırım:4:58270,2126238,7,220500,2159,28,34.628794876531806,35.20367829307662,none,420168
Temkinli,21,2217,2017,3,1293,1100,193,5189,156,42,0,0,170,3595850,2311751,1267834,261950,55800,99508,109430,0,629,740517,470543,-3424,0,473967,473967,1021354,12752404,130050,0,1220997,1806370,0,3.0,0.0,2.0,0.0,1.0,709.8607038709677,733.8636359999999,457.31818200000004,455.51026396774193,706.3255131612902,1.604512,21.911562483870966,1.0,1.0,1.0,1.0,none,0:1.0500|1:0.9300|2:1.0300|3:0.9400|4:0.9500|5:1.1000|6:0.8200|,Serap Yıldırım:4:58270,2300796,7,220500,2187,31,35.25825604516317,35.57634906310754,none,520017
Temkinli,21,2247,2017,4,1232,1014,218,4688,165,44,0,0,200,3255501,2081409,1155346,253500,54000,97167,106830,0,403,643446,206979,-357934,0,564913,460381,1002510,12403168,130050,0,1243047,1748100,0,3.0,0.0,2.0,0.0,1.0,724.0909088333334,740.6818179999999,466.40909100000005,462.65606073333333,718.2030303666667,1.618797,20.411061033333333,1.0,1.0,1.0,1.0,none,0:1.0500|1:0.9300|2:1.0300|3:0.9400|4:0.9500|5:1.1000|6:0.8200|,Serap Yıldırım:4:58270,2186826,7,220500,2218,30,35.48903839992677,35.58694283961034,none,422946
Temkinli,21,2278,2017,5,1269,1073,196,5137,175,32,0,0,171,3418660,2245990,1155723,261950,55800,101245,111352,0,947,624429,372478,-104153,0,476631,581163,1043148,12263154,130050,0,1265097,1806370,0,3.0,0.0,2.0,0.0,1.0,705.4985334193549,747.272727,465.227273,464.5674488709678,707.4633430967742,1.632742,23.14040925806452,1.0,1.0,1.0,1.0,none,0:1.0500|1:0.9100|2:1.0300|3:0.9200|4:0.9300|5:1.1000|6:0.8200|,Serap Yıldırım:4:58270,2227604,7,220500,2248,31,33.806315924953054,34.056946830892336,none,403929
Temkinli,21,2308,2017,6,1440,1179,261,5952,106,36,0,3,243,3613295,2380411,1213252,253500,54000,98878,125040,0,489,681345,293475,-157372,0,450847,450847,1113546,12142128,138178,0,1288525,1751701,0,3.0,0.0,2.0,0.0,1.0,706.5075755666668,754.3181820000001,463.772727,464.2606060666667,707.1393939999999,1.647278,25.64669113333333,1.0,1.0,1.0,1.0,none,0:1.0500|1:0.9050|2:1.0300|3:0.9150|4:0.9250|5:1.1000|6:0.8200|,Serap Yıldırım:4:58270,2404606,7,234281,2279,30,33.57744108908904,34.35700577902184,none,447064
Temkinli,21,2339,2017,7,1400,1186,214,5677,141,23,0,0,198,3561525,2259879,1287278,276950,59272,103043,130324,0,0,717689,137357,-448285,0,585642,585642,1004540,11566601,138178,0,1311953,1918001,0,3.0,0.0,2.0,0.0,1.0,729.1788858387096,760.0,464.636364,464.31378316129025,724.6143694516129,1.661468,23.43533377419355,1.0,1.0,1.0,1.0,none,0:1.0500|1:0.9250|2:1.0300|3:0.9350|4:0.9450|5:1.1000|6:0.8200|,Serap Yıldırım:4:61871,2323486,7,234281,2309,31,36.144011343455404,36.27950931881823,none,483408
Temkinli,21,2370,2017,8,1441,1205,236,5842,97,26,0,0,221,3493345,2212574,1262018,277450,59272,103972,131471,0,554,689299,94213,-369096,0,463309,463309,978972,11228271,138178,0,1335381,1918001,0,3.0,0.0,2.0,0.0,1.0,739.6334310645162,766.818182,469.18181799999996,467.13782993548386,739.1085043870968,1.67626,23.57339829032258,1.0,1.0,1.0,1.0,none,0:1.0500|1:0.9300|2:1.0300|3:0.9400|4:0.9500|5:1.1000|6:0.8200|,Serap Yıldırım:4:61871,2193504,7,234281,2340,31,36.12634881467476,36.5656285540351,none,455018
Temkinli,21,2400,2017,9,1339,1119,220,5565,146,30,0,0,208,3840725,2491803,1309187,268500,57360,101490,111630,0,459,769748,130105,-345940,0,476045,476045,1160192,10997259,138178,0,1358809,1856130,0,3.0,0.0,2.0,0.0,1.0,749.098485,773.863636,489.318182,482.4575758333333,750.6272727666667,1.691183,23.513069466666664,1.0,1.0,1.0,1.0,none,0:1.0500|1:0.9300|2:1.0300|3:0.9400|4:0.9500|5:1.1000|6:0.8200|,Serap Yıldırım:4:61871,2584212,7,234281,2371,30,34.086975766294124,34.67905865541832,none,535467
Temkinli,21,2431,2017,10,1323,1106,217,5363,166,45,0,0,204,3866415,2470476,1370419,277450,59272,105802,116343,0,0,811552,408555,-195188,0,603743,603743,1176528,10849346,138178,0,1382237,1918001,0,3.0,0.0,2.0,0.0,1.0,765.2199413548386,781.1363640000001,487.772727,487.2595308064516,755.4956012903226,1.705752,21.999712258064516,1.0,1.0,1.0,1.0,none,0:1.0500|1:0.9300|2:1.0300|3:0.9400|4:0.9500|5:1.1000|6:0.8200|,Serap Yıldırım:4:61871,2461692,7,234281,2401,31,35.444177616732816,36.25718559602777,none,577271
Temkinli,21,2461,2017,11,1292,1072,220,5227,183,32,0,0,201,3681595,2352712,1305165,268500,57360,103290,113580,0,1034,761401,369796,-116666,0,486462,486462,1103310,10592758,138178,0,1405665,1856130,0,3.0,0.0,2.0,0.0,1.0,772.2954545333334,787.272727,494.772727,491.9121212333333,765.8969698,1.720938,21.2967653,1.0,1.0,1.0,1.0,none,0:1.0500|1:0.9300|2:1.0300|3:0.9400|4:0.9500|5:1.1000|6:0.8200|,Serap Yıldırım:4:61871,2435550,7,234281,2432,30,35.45107487379791,35.93478712120986,none,527120
Temkinli,21,2492,2017,12,1354,1125,229,5502,174,78,0,0,205,4227272,2744253,1463520,277450,59272,107662,130231,0,2766,886139,843067,201073,0,641994,514374,1270160,11100683,146306,0,1430471,1921779,0,3.0,0.0,2.0,0.0,1.0,771.2463342903226,794.545455,499.454545,496.8064516451613,770.6290321612903,1.735763,22.53907329032258,1.0,1.0,1.0,1.0,none,0:1.0500|1:0.9300|2:1.0300|3:0.9400|4:0.9500|5:1.1000|6:0.8200|,Serap Yıldırım:4:61871,2763874,7,248062,2462,31,34.6209091820919,35.24059398485402,none,638077
Temkinli,21,2523,2018,1,1346,1080,266,5268,173,74,0,0,234,3908170,2552628,1333871,292450,62775,108594,131378,0,0,738674,683458,155383,0,528075,655695,1316580,11156736,146306,0,1455277,2035119,0,3.0,0.0,2.0,0.0,1.0,763.966275516129,801.590909,494.272727,495.7404693225806,759.4692082258065,1.751216,24.969636129032256,1.0,1.0,1.0,1.0,none,0:1.0500|1:0.9200|2:1.0300|3:0.9300|4:0.9400|5:1.1000|6:0.8200|,Serap Yıldırım:4:65649,2583776,7,248062,2493,31,34.13032186419731,35.3017609754994,none,490612
Temkinli,21,2551,2018,2,1360,1102,258,5516,137,73,0,0,234,4191300,2731373,1436433,264600,56700,98980,119728,0,0,896425,936909,395113,0,541796,541796,1449126,11690285,146306,0,1480083,1838172,0,3.0,0.0,2.0,0.0,1.0,765.211039,809.0909089999999,498.909091,497.36525975,764.10876625,1.766807,26.904849928571426,1.0,1.0,1.0,1.0,none,0:1.0500|1:0.9200|2:1.0300|3:0.9300|4:0.9400|5:1.1000|6:0.8200|,Serap Yıldırım:4:65649,2720436,7,248062,2524,28,34.271777252880966,34.80111164470538,none,648363
Temkinli,21,2582,2018,3,1489,1199,290,6196,154,54,0,0,267,4177845,2753817,1404256,292950,62775,110454,121458,0,1218,815401,824825,294958,0,529867,529867,1239936,11814856,146306,0,1504889,2035119,0,3.0,0.0,2.0,0.0,1.0,763.101173,815.227273,499.81818200000004,498.6715542580645,764.9956011935484,1.781008,28.861435935483872,1.0,1.0,1.0,1.0,none,0:1.0500|1:0.9200|2:1.0300|3:0.9300|4:0.9400|5:1.1000|6:0.8200|,Serap Yıldırım:4:65649,2771388,7,248062,2552,31,33.611969807400705,34.5017148859762,none,567339
Temkinli,21,2612,2018,4,1346,1103,243,5630,142,34,0,0,226,4065824,2660723,1376753,283500,60750,107851,118590,0,465,805597,305419,-331992,0,637411,637411,1204052,11385417,146306,0,1529695,1969470,0,3.0,0.0,2.0,0.0,1.0,790.0378789,822.045455,519.227273,513.2742423666666,784.6757574999999,1.796864,25.8953931,1.0,1.0,1.0,1.0,none,0:1.0500|1:0.9300|2:1.0300|3:0.9400|4:0.9500|5:1.1000|6:0.8200|,Serap Yıldırım:4:65649,2747930,7,248062,2583,30,33.861598534516006,34.278179962340545,none,557535
Temkinli,21,2643,2018,5,1482,1218,264,6256,190,63,0,0,251,4495929,2943565,1531193,292950,62775,112407,123597,0,1697,937767,804271,265968,0,538303,538303,1303636,11755478,146306,0,1554501,2035119,0,3.0,0.0,2.0,0.0,1.0,796.0410557096774,829.772727,517.772727,517.2932552580645,789.2903226774193,1.812343,24.99074351612903,1.0,1.0,1.0,1.0,none,0:1.0500|1:0.9300|2:1.0300|3:0.9400|4:0.9500|5:1.1000|6:0.8200|,Serap Yıldırım:4:65649,2945826,7,248062,2613,31,34.05732163475002,34.9565297811931,none,689705
Temkinli,21,2673,2018,6,1560,1279,281,6862,97,33,0,2,275,4343390,2873923,1436864,283500,60750,109741,138780,0,1792,842301,618302,95672,0,522630,522630,1303768,11858027,156060,0,1580961,1973528,0,3.0,0.0,2.0,0.0,1.0,784.2348486333334,837.272727,509.545455,512.2121212333334,789.3939393666666,1.828478,29.961794233333332,1.0,1.0,1.0,1.0,none,0:1.0500|1:0.9200|2:1.0300|3:0.9300|4:0.9400|5:1.1000|6:0.8200|,Serap Yıldırım:4:65649,2908420,7,264600,2644,30,33.08162518217337,35.026420225016494,none,577701
Temkinli,21,2704,2018,7,1518,1230,288,6460,139,28,0,0,271,4281320,2813462,1450011,310950,66960,114361,144646,0,0,813094,-161431,-777417,0,615986,615986,1246692,10958695,156060,0,1607421,2160917,0,3.0,0.0,2.0,0.0,1.0,811.2536656451614,844.318182,531.8636359999999,525.0630498387097,801.1217007741936,1.84423,26.710392806451615,1.0,1.0,1.0,1.0,none,0:1.0500|1:0.9300|2:1.0300|3:0.9400|4:0.9500|5:1.1000|6:0.8200|,Serap Yıldırım:4:69707,2895024,7,264600,2674,31,33.86831631366027,34.43929334026151,none,548494
Temkinli,21,2735,2018,8,1499,1201,298,6298,120,29,0,0,278,4124785,2753128,1357556,311550,66960,115384,145917,0,560,717185,-374465,-856279,0,481814,481814,1093300,9967820,156060,0,1633881,2160917,0,3.0,0.0,2.0,0.0,1.0,804.3914957096774,851.590909,532.6363640000001,531.0718474516129,809.7771260645161,1.860649,27.908293903225807,1.0,1.0,1.0,1.0,none,0:1.0500|1:0.9300|2:1.0300|3:0.9400|4:0.9500|5:1.1000|6:0.8200|,Serap Yıldırım:4:69707,2720368,7,264600,2705,31,32.912163906724835,33.783938935097815,none,452585
Temkinli,21,2765,2018,9,1455,1191,264,6214,120,63,0,0,256,4513260,2922041,1564580,301500,64800,112653,123900,0,610,961117,863655,169205,0,694450,564412,1363014,10553290,156060,0,1660341,2091210,0,3.0,0.0,2.0,0.0,1.0,819.3560606333334,859.3181820000001,525.090909,527.3530303,822.9030302666666,1.877214,26.834003266666667,1.0,1.0,1.0,1.0,none,0:1.0500|1:0.9300|2:1.0300|3:0.9400|4:0.9500|5:1.1000|6:0.8200|,Serap Yıldırım:4:69707,2974820,7,264600,2736,30,34.66629443019015,35.91419723018547,none,696517
Temkinli,21,2796,2018,10,1351,1105,246,5462,195,27,0,0,226,4304040,2715437,1565844,311550,66960,117430,129115,0,1281,939508,867463,299283,0,568180,698218,1234084,10540682,156060,0,1686801,2160917,0,3.0,0.0,2.0,0.0,1.0,841.9648094193549,866.3636359999999,532.0,529.7932551290322,827.5249267096774,1.893385,23.322289806451614,1.0,1.0,1.0,1.0,none,0:1.0500|1:0.9300|2:1.0300|3:0.9400|4:0.9500|5:1.1000|6:0.8200|,Serap Yıldırım:4:69707,2779012,7,264600,2766,31,36.380795717511916,36.814461358915494,none,674908
Temkinli,21,2826,2018,11,1303,1076,227,5440,125,55,0,0,213,4186200,2745868,1411860,301500,64800,114633,126090,0,0,804837,396656,-139618,0,536274,536274,1179606,10340707,156060,0,1713261,2091210,0,3.0,0.0,2.0,0.0,1.0,839.2045454333334,874.090909,553.590909,546.2166666333334,837.5454544666667,1.910241,24.788299433333336,1.0,1.0,1.0,1.0,none,0:1.0500|1:0.9300|2:1.0300|3:0.9400|4:0.9500|5:1.1000|6:0.8200|,Serap Yıldırım:4:69707,2781970,7,264600,2797,30,33.726530027232336,34.03385241268603,none,540237
Temkinli,21,2857,2018,12,1366,1100,266,5212,164,49,0,0,251,4343610,2806274,1518652,311550,66960,119478,144553,0,507,875604,1183423,490171,0,693252,693252,1330630,11072063,167439,0,1741650,2166483,0,3.0,0.0,2.0,0.0,1.0,840.447213967742,881.3636359999999,537.954545,542.3724340322581,840.2932551290322,1.926697,24.67055735483871,1.0,1.0,1.0,1.0,none,0:1.0500|1:0.9200|2:1.0300|3:0.9300|4:0.9400|5:1.1000|6:0.8200|,Serap Yıldırım:4:69707,2740284,7,283894,2827,31,34.9628995236681,35.99187003543951,none,591710
Temkinli,21,2888,2019,1,1301,1053,248,5407,154,47,0,0,223,4579793,2952510,1599580,332550,71827,120574,145824,0,479,928326,644508,45009,0,599499,599499,1349088,10996557,167439,0,1770039,2333463,0,3.0,0.0,2.0,0.0,1.0,853.4530792903226,889.318182,552.772727,548.5351906129032,851.1495601290322,1.94385,22.323468548387094,1.0,1.0,1.0,1.0,none,0:1.0500|1:0.9300|2:1.0300|3:0.9400|4:0.9500|5:1.1000|6:0.8200|,Serap Yıldırım:4:75273,3102394,7,283894,2858,31,34.926906085056686,35.2310349082517,none,644432
Temkinli,21,2916,2019,2,1141,906,235,4702,133,37,0,0,225,4027585,2616724,1392051,301000,64876,110195,133280,0,761,781939,428060,-144539,0,572599,572599,1285324,10745121,167439,0,1798428,2107644,0,3.0,0.0,2.0,0.0,1.0,873.0032467857143,900.0,568.0,561.7711039642857,864.7207793214285,1.967061,21.14648589285714,1.0,1.0,1.0,1.0,none,0:1.0500|1:0.9300|2:1.0300|3:0.9400|4:0.9500|5:1.1000|6:0.8200|,Serap Yıldırım:4:75273,2633216,7,283894,2889,28,34.56292045977925,34.93724083028294,none,498045
Temkinli,21,2947,2019,3,1203,936,267,4407,151,28,0,0,234,3463935,2233463,1212658,333250,71827,123334,135594,0,0,548653,166544,-513002,0,679546,556665,910950,10040509,167439,0,1826817,2333463,0,3.0,0.0,2.0,0.0,1.0,878.0278591612904,909.090909,567.954545,566.0278591612904,877.9560118709677,1.988265,20.12734135483871,1.0,1.0,1.0,1.0,none,0:1.0500|1:0.9300|2:1.0300|3:0.9400|4:0.9500|5:1.1000|6:0.8200|,Serap Yıldırım:4:75273,2259258,7,283894,2917,31,35.0081049442325,35.31474667073531,none,264759
Temkinli,21,2977,2019,4,1250,1000,250,4727,151,40,0,0,230,3832305,2418726,1391284,322500,69510,120767,132780,0,2142,743585,474612,-111205,0,585817,708698,1213170,10061341,167439,0,1855206,2258190,0,3.0,0.0,2.0,0.0,1.0,897.3484847333333,922.045455,567.863636,566.5439393666667,887.0787878333334,2.012006,19.5419114,1.0,1.0,1.0,1.0,none,0:1.0500|1:0.9300|2:1.0300|3:0.9400|4:0.9500|5:1.1000|6:0.8200|,Serap Yıldırım:4:75273,2475588,7,283894,2948,30,36.30410418794955,36.71760239626937,none,459691
Temkinli,21,3008,2019,5,1316,1036,280,4850,169,27,0,0,256,3949035,2532625,1394443,333250,71827,126249,138818,0,1904,722395,808270,211462,0,596808,596808,1207842,10248021,167439,0,1883595,2333463,0,3.0,0.0,2.0,0.0,1.0,889.1495600967743,931.818182,570.727273,568.5351906774193,887.9222874193548,2.035252,20.78460212903226,1.0,1.0,1.0,1.0,none,0:1.0500|1:0.9200|2:1.0300|3:0.9300|4:0.9400|5:1.1000|6:0.8200|,Serap Yıldırım:4:75273,2552772,7,283894,2978,31,35.310981037139456,35.81200524489013,none,438501
Temkinli,21,3038,2019,6,1289,1053,236,5094,158,41,0,0,210,3954445,2525129,1408444,322500,69510,123618,156330,0,0,736486,306754,-389733,0,696487,567323,1124080,9941922,182070,0,1914465,2264283,0,3.0,0.0,2.0,0.0,1.0,899.0454547333334,942.954545,577.863636,574.4090909333333,896.8242424333333,2.059555,21.00511786666667,1.0,1.0,1.0,1.0,none,0:1.0500|1:0.9200|2:1.0300|3:0.9300|4:0.9400|5:1.1000|6:0.8200|,Serap Yıldırım:4:75273,2524066,7,308700,3009,30,35.61673003417673,35.724758636213714,none,427786
Temkinli,21,3069,2019,7,1247,1001,246,4949,128,26,0,0,224,3871980,2481829,1374572,360250,78120,129226,163401,0,0,643575,-607739,-1156314,0,548575,677739,1194422,8681261,182070,0,1945335,2522346,0,3.0,0.0,2.0,0.0,1.0,918.9442815806452,953.409091,597.8445749354838,589.5674487419354,908.6862169999999,2.08335,19.443609322580645,1.0,1.0,1.0,1.0,none,0:1.0500|1:0.9300|2:1.0300|3:0.9400|4:0.9500|5:1.1000|6:0.8200|,Serap Yıldırım:4:81366,2560738,7,308700,3039,31,35.500493287671944,34.942238945417735,none,334875
Temkinli,21,3100,2019,8,1238,1027,211,5146,120,28,0,0,194,4035755,2606546,1395540,361150,78120,130747,165354,0,572,659597,-843920,-1363660,0,519740,519740,1198970,7329525,182070,0,1976205,2522346,0,3.0,0.0,2.0,0.0,1.0,930.3665688709677,965.454545,605.318182,600.8519061290323,930.4824047741936,2.108227,20.582500806451616,1.0,1.0,1.0,1.0,none,0:1.0500|1:0.9300|2:1.0300|3:0.9400|4:0.9500|5:1.1000|6:0.8200|,Serap Yıldırım:4:81366,2618606,7,308700,3070,31,34.57940335823161,34.93766841444285,none,350897
Temkinli,21,3130,2019,9,1182,928,254,4389,180,33,0,0,237,4018085,2674097,1316962,349500,75600,128059,140790,0,907,622106,-582359,-1267527,0,685168,685168,1168716,6007311,182070,0,2007075,2440980,0,3.0,0.0,2.0,0.0,1.0,937.6439393333334,976.590909,637.7136365333333,622.9893938333333,940.3000001,2.133401,20.077987133333334,1.0,1.0,1.1625,0.95125,0,0:1.0500|1:0.9300|2:1.0300|3:0.9400|4:0.9500|5:1.1000|6:0.8200|,Serap Yıldırım:4:81366,2748838,7,308700,3101,30,32.77586213332968,31.987654398241094,none|0,313406
Temkinli,21,3161,2019,10,1250,996,254,4602,196,62,0,0,230,4317625,2986566,1301554,361150,78120,133848,147188,0,0,581248,-897771,-1441895,0,544124,544124,1216428,4536775,182070,0,2037945,2522346,0,3.0,0.0,2.0,0.0,1.0,950.2859238387097,987.727273,657.1363640000001,650.1964809354838,947.6862169677419,2.158049,20.468926870967742,1.0,1.0,1.25,0.925,0,0:1.0500|1:0.9300|2:1.0300|3:0.9400|4:0.9500|5:1.1000|6:0.8200|,Serap Yıldırım:4:81366,3065556,7,308700,3131,31,30.145137662488057,30.848563835874028,0,272548
Temkinli,21,3191,2019,11,1122,869,253,4097,214,22,0,0,211,3801550,2564969,1211729,349500,75600,131090,144120,0,0,511419,-336119,-881517,0,545398,545398,1334736,3770061,182070,0,2068815,2440980,0,3.0,0.0,2.0,0.0,1.0,968.9924242333333,999.772727,652.363636,652.5787878333334,962.3424242666666,2.183819,17.990925133333334,1.0,1.0,1.25,0.925,0,0:1.0500|1:0.9300|2:1.0300|3:0.9400|4:0.9500|5:1.1000|6:0.8200|,Serap Yıldırım:4:81366,2626220,7,308700,3162,30,31.87460378003709,32.67608500488019,0,202719
Temkinli,21,3222,2019,12,1191,961,230,4397,235,29,0,0,201,4584488,3144999,1416463,361150,78120,137011,165726,0,1126,673330,47480,-687085,0,734565,734565,1390014,3160682,196700,0,2102165,2528876,0,3.0,0.0,2.0,0.0,1.0,966.9134895161291,1010.681818,657.454545,654.7624633870968,966.0850440645161,2.209049,18.79965106451613,1.0,1.0,1.25,0.925,0,0:1.0500|1:0.9300|2:1.0300|3:0.9400|4:0.9500|5:1.1000|6:0.8200|,Serap Yıldırım:4:81366,3122662,7,333506,3192,31,30.89686351016733,32.004822341551055,0,339824
Temkinli,21,3253,2020,1,1241,947,294,4474,212,34,0,0,250,4332360,2926052,1366574,388150,84382,138654,167710,0,1358,586320,-364623,-954942,0,590319,590319,1290754,2070210,196700,0,2135515,2724776,0,3.0,0.0,2.0,0.0,1.0,979.7360703225808,1023.409091,660.590909,658.1378299032258,979.8269793548387,2.235427,20.11294770967742,1.0,1.0,1.25,0.925,0,0:1.0500|1:0.9300|2:1.0300|3:0.9400|4:0.9500|5:1.1000|6:0.8200|,Serap Yıldırım:4:87896,2968702,7,333506,3223,31,31.543408211690625,32.57460565042801,0,252814
Temkinli,21,3282,2020,2,1113,830,283,3845,228,25,0,0,249,4077235,2769814,1271431,363950,78938,131247,158746,0,0,538550,-571834,-1174369,0,602535,602535,1239044,832559,196700,0,2168865,2548984,0,3.0,0.0,2.0,0.0,1.0,998.5423196896552,1035.227273,676.7068967931034,669.8401253448276,1000.6755485517241,2.262121,19.17055975862069,0.9862068965517242,0.9862068965517242,1.2498275862068964,0.9227830344827587,1,0:1.0500|1:0.9300|2:1.0300|3:0.9400|4:0.9500|5:1.1000|6:0.8200|,Serap Yıldırım:4:87896,2834476,7,333506,3254,29,31.18365755223822,32.23052409001328,0|1,205044
Temkinli,21,3313,2020,3,1132,858,274,3980,279,18,0,0,234,3857775,2589633,1240055,389050,84382,141879,155992,0,13016,455736,-346546,-1080975,0,734429,622366,1407311,-5805,0,0,2005515,2724776,0,3.0,0.0,2.0,0.0,1.0,1009.6480939354839,1047.045455,677.0806451290323,675.3768328709677,1006.0953078709678,2.28738,19.709933419354837,0.9,0.9,1.2341666774193547,0.8015934193548386,1,0:1.0500|1:0.9300|2:1.0300|3:0.9400|4:0.9500|5:1.1000|6:0.8200|,Serap Yıldırım:4:87896,2685080,7,0,3283,31,32.14430597948299,32.93894682751736,1,455736
Temkinli,21,3343,2020,4,999,366,633,1485,136,1373,0,0,95,1594285,1093629,500656,376500,81660,138924,152760,0,195155,-444343,-4638300,-5121374,0,483074,289468,896597,-3381303,0,0,1842165,2636880,0,3.0,0.0,2.0,0.0,1.0,1011.7121212000001,1058.863636,703.1181818333333,676.8409091666667,1014.8333333333334,2.314693,11.504585166666667,0.9,0.9,1.20875,0.8,1,0:1.0500|1:0.9300|2:1.0300|3:0.9400|4:0.9500|5:1.1000|6:0.8200|,Serap Yıldırım:4:87896,19656,7,0,3314,30,31.4031681913836,30.50214906989954,1,-444343
Temkinli,21,3374,2020,5,850,6,844,14,16,1914,0,0,0,65524,42714,22810,389050,84382,145229,159681,0,143290,-898822,-9921508,-9927740,0,6232,0,896597,-13117813,0,0,1678815,2724776,0,3.0,0.0,2.0,0.0,1.0,1035.586510483871,1072.045455,732.4413489354839,677.318182,1029.983871064516,2.341436,5.0,0.9,0.9,1.183333322580645,0.8,1,0:1.0500|1:0.9300|2:1.0300|3:0.9400|4:0.9500|5:1.1000|6:0.8200|,Serap Yıldırım:4:87896,0,7,0,3344,31,34.81167205909285,29.27279937305716,1,-898822
Temkinli,21,3404,2020,6,1017,525,492,2920,114,737,0,0,153,2259605,1805287,430440,376500,81660,142225,179850,0,51280,-401075,-4077292,-4077434,0,142,598440,0,3147304,140887,0,1644202,1054752,0,3.0,0.0,2.0,0.0,1.0,997.2272731333334,1084.545455,767.9530302333334,730.5454545666666,988.5803027999999,2.369395,13.932560800000001,0.9,0.9,1.1579166666666665,0.8,1,0:1.0500|1:0.9100|2:1.0300|3:0.9200|4:0.9300|5:1.1000|6:0.8200|,Serap Yıldırım:4:87896,3077728,1,238875,3375,30,19.049347120403787,22.99117253177502,1,-639950
Temkinli,21,3435,2020,7,1574,1188,386,6141,138,49,0,0,357,5197054,4061393,1113776,416050,90675,148671,187984,0,2647,267749,150041,135927,0,14114,14114,0,3294287,140887,0,1609589,0,0,3.0,0.0,2.0,0.0,1.0,963.218475,1097.5,752.6656891612903,758.0777126451613,963.2287391290323,2.39677,26.549622290322578,0.9,0.9,1.1325,0.8,1,0:1.0500|1:0.8900|2:1.0300|3:0.9000|4:0.9100|5:1.1000|6:0.8200|,,4072222,1,238875,3405,31,21.430910665927275,21.859296857725834,1,28874
Temkinli,21,3466,2020,8,1513,1152,361,6125,117,33,0,0,341,5170040,4025163,1103091,416950,90675,150439,190216,0,0,254811,45459,-33770,0,79229,79229,0,3303068,140887,0,1574976,0,0,3.0,0.0,2.0,0.0,1.0,975.1832847741936,1109.545455,760.8445747741936,758.7067448387097,974.1026392258065,2.4253900000000006,26.832856419354837,0.9,0.9,1.1066666774193548,0.8,1,0:1.0500|1:0.8900|2:1.0300|3:0.9000|4:0.9100|5:1.1000|6:0.8200|,,4024398,1,238875,3436,31,21.336217901602307,21.97932566590605,1,15936
Temkinli,21,3496,2020,9,1363,1028,335,5037,138,83,0,0,311,4593321,3557367,994204,403500,87750,147326,162000,0,637,192991,-70424,-134753,0,64329,64329,0,3140862,140887,0,1540363,0,0,3.0,0.0,2.0,0.0,1.0,989.9090906333333,1123.8636359999998,768.8712120333333,765.6606060333332,987.3621211333334,2.454351,25.775682766666666,0.9,0.9,1.08125,0.8,1,0:1.0500|1:0.8950|2:1.0300|3:0.9050|4:0.9150|5:1.1000|6:0.8200|,,3626570,1,238875,3467,30,21.644557391046696,22.329108873884806,1,-45884
Temkinli,21,3527,2020,10,1581,1196,385,6240,200,54,0,0,353,6128050,4782809,1306143,416950,90675,153975,169322,0,2067,473154,462238,384197,0,78041,78041,0,3519810,140887,0,1505750,0,0,3.0,0.0,2.0,0.0,1.0,994.8826979677419,1136.590909,772.6715542258064,771.6392962258064,998.5953081935484,2.482707,27.234192612903225,0.9,0.9,1.055833322580645,0.8,1,0:1.0500|1:0.9000|2:1.0300|3:0.9100|4:0.9200|5:1.1000|6:0.8200|,,4827156,1,238875,3497,31,21.31417008673232,22.335411420446725,1,234279
Temkinli,21,3557,2020,11,1498,1140,358,5873,174,84,0,0,333,5901359,4597252,1269488,403500,87750,150808,165810,0,4810,456810,322984,229918,0,93066,93066,0,3761029,140887,0,1471137,0,0,3.0,0.0,2.0,0.0,1.0,1013.4848483999999,1150.454545,788.3575757,783.1954546333333,1010.9136362333334,2.512353,27.091104733333335,0.9,0.9,1.0304166666666668,0.8,1,0:1.0500|1:0.9050|2:1.0300|3:0.9150|4:0.9250|5:1.1000|6:0.8200|,,4620570,1,238875,3528,30,21.5117907587049,22.213185826646637,1,217935
Temkinli,21,3588,2020,12,1577,1186,391,5872,257,78,0,0,355,6486480,4952882,1499250,416950,90675,157633,190650,0,8207,635135,427097,-138775,469213,96659,96659,0,3583471,150641,0,1434128,0,0,3.0,0.0,2.0,0.0,1.0,1019.4061581935484,1163.409091,763.922287483871,770.1275659677419,1022.3533725806451,2.54138,28.23600990322581,0.9,0.9,1.0062096774193547,0.8,1,0:1.0500|1:0.9100|2:1.0300|3:0.9200|4:0.9300|5:1.1000|6:0.8200|,,4950804,1,255412,3558,31,23.113460613460614,25.0620293644695,1,379723
Temkinli,21,3619,2021,1,1512,1143,369,6117,208,99,0,0,339,6856405,5262136,1551020,443950,96937,159483,192944,0,3859,653847,448109,-133172,467646,113635,87927,2484810,5882646,150641,0,1397119,0,0,3.0,0.0,2.0,0.0,1.0,1038.3577714193548,1176.818182,794.2697946774194,786.9340175161291,1034.3944284516128,2.571726,28.363295548387097,0.9193548387096774,0.9193548387096774,1.0,0.803225806451613,none,0:1.0500|1:0.9200|2:1.0300|3:0.9300|4:0.9400|5:1.1000|6:0.8200|,,5306780,1,255412,3589,31,22.62147583172231,23.507117051600236,1|none,398435
Temkinli,21,3647,2021,2,1520,1166,354,6591,172,109,0,0,339,7449020,5726971,1696450,401800,87556,145450,175952,0,1712,883980,738984,165386,466046,107552,106322,2845328,6248226,150641,0,1360110,0,0,3.0,0.0,2.0,0.0,1.0,1039.318182,1188.863636,791.0698052500001,791.2840909285715,1044.8084415,2.596599,30.002981285714288,1.0,1.0,1.0,0.9285714285714286,none,0:1.0500|1:0.9200|2:1.0300|3:0.9300|4:0.9400|5:1.1000|6:0.8200|,,5835748,1,255412,3620,28,22.774136732080194,23.885695550162126,none,628568
Temkinli,21,3653,2021,3,352,274,78,1708,35,28,0,0,73,1793340,1349822,434630,86100,18762,31434,34572,0,761,263001,257763,257763,0,0,26938,2758134,6472339,0,0,1360110,0,0,3.0,0.0,2.0,0.0,1.0,1053.181818,1198.409091,787.5833331666666,789.2272726666666,1053.0075758333332,2.619271,30.845742333333334,1.0,1.0,1.0,1.0,none,0:1.0500|1:0.9200|2:1.0300|3:0.9300|4:0.9400|5:1.1000|6:0.8200|,,1278228,1,0,3648,6,24.235783510098475,25.218673575062933,none,263001
Temkinli,22,25,2011,3,1390,1222,168,5876,203,80,0,0,119,2468015,1798345,658681,167500,37675,50012,55000,0,12553,335941,214666,153228,0,61438,68991,548180,200559,71527,0,12127,0,0,3.0,1.0,2.0,0.0,0.0,449.98181828,457.7272730000001,320.77454548000003,329.19636363999996,448.61454535999997,1.0,27.245458319999997,1.0,1.0,1.0,1.0,none,0:1.0000|1:0.9200|2:1.0300|3:0.9400|4:0.9500|5:1.1000|6:0.8200|,,2062388,1,121275,1,25,26.688695165953206,28.713887439692307,none,214666
Temkinli,22,55,2011,4,1694,1532,162,7203,198,92,0,3,130,2944165,2055544,865518,201000,45210,60374,66390,0,12951,479593,358318,258428,0,99890,107791,976612,924007,71527,0,24254,0,0,3.0,1.0,2.0,0.0,0.0,443.7727272666667,459.09090899999995,306.49242423333334,309.73333333333335,441.7318181333333,1.00592,28.7426312,1.0,1.0,1.0,1.0,none,0:1.0000|1:0.9100|2:1.0300|3:0.9400|4:0.9500|5:1.1000|6:0.8200|,,2041334,1,121275,26,30,29.397740955415202,30.934821947911303,none,358318
Temkinli,22,86,2011,5,1764,1576,188,7253,207,89,0,0,149,3052055,2090228,943105,207700,46717,62821,69099,0,5783,550985,429710,285016,0,144694,150477,912306,1130228,71527,0,36381,0,0,3.0,1.0,2.0,0.0,0.0,450.60850429032257,464.31818200000004,308.26686212903223,307.8533724516129,449.9589442903226,1.01307,29.493857129032257,1.0,1.0,1.0,1.0,none,0:1.0000|1:0.9150|2:1.0300|3:0.9400|4:0.9500|5:1.1000|6:0.8200|,,2121970,1,121275,56,31,30.90065546000973,31.58876071046831,none,429710
Temkinli,22,116,2011,6,1592,1435,157,6645,170,63,0,0,123,2556475,1705283,832236,201000,45210,61245,77460,0,3952,443369,311069,216507,0,94562,98514,839354,1241298,78030,0,49611,0,0,3.0,1.0,2.0,0.0,0.0,461.62878786666664,466.818182,310.8075756333334,309.4848484666667,456.19545446666666,1.020512,27.0009791,1.0,1.0,1.0,1.0,none,0:1.0000|1:0.9300|2:1.0300|3:0.9400|4:0.9500|5:1.1000|6:0.8200|,,1754640,1,132300,87,30,32.55404414281384,32.67153526761752,none,311069
Temkinli,22,147,2011,7,1774,1610,164,7757,150,73,0,2,145,2950130,2058668,875984,222700,50220,63751,80600,0,5150,453563,365432,251199,0,114233,94583,960534,1637624,78030,0,62841,0,0,3.0,1.0,2.0,0.0,0.0,455.1979471612903,470.227273,320.46920819354835,317.3519061612903,455.56891496774193,1.027766,28.93816241935484,1.0,1.0,1.0,1.0,none,0:1.0000|1:0.9300|2:1.0300|3:0.9400|4:0.9500|5:1.1000|6:0.8200|,,2070092,1,132300,117,31,29.693064373434392,29.597835361064032,none,321263
Temkinli,22,178,2011,8,1746,1577,169,8183,128,66,0,7,146,3028565,2110114,900541,223200,50220,64216,81189,0,6914,474802,403727,304966,0,98761,125325,996228,1951269,78030,0,76071,0,0,3.0,1.0,2.0,0.0,0.0,461.5322579032258,474.090909,321.6055719354839,320.60410548387097,459.561583483871,1.035317,29.557650129032258,1.0,1.0,1.0,1.0,none,0:1.0500|1:0.9300|2:1.0300|3:0.9400|4:0.9500|5:1.1000|6:0.8200|,,2133346,1,132300,148,31,29.734907456171488,30.317856135005357,none,342502
Temkinli,22,208,2011,9,1644,1471,173,6763,170,86,0,0,138,2865480,1994846,846045,216000,48600,62595,68820,0,6644,443386,355696,264087,0,91609,98253,914528,2134159,78030,0,89301,0,0,3.0,1.0,2.0,0.0,0.0,464.49242440000006,477.272727,324.63030299999997,323.45303036666667,463.9272727333333,1.042922,27.546715866666666,1.0,1.0,1.0,1.0,none,0:1.0500|1:0.9300|2:1.0300|3:0.9400|4:0.9500|5:1.1000|6:0.8200|,,2016360,1,132300,179,30,29.525419824950795,30.110743265762522,none,311086
Temkinli,22,239,2011,10,1677,1494,183,6834,158,109,0,5,138,2982340,2049836,913675,223200,50220,65146,71641,0,11414,492054,390587,260442,0,130145,136309,0,1452956,78030,0,102531,0,0,3.0,1.0,2.0,0.0,0.0,472.4193549354839,481.136364,323.3152493548387,323.58944296774195,469.7258065483871,1.050335,26.827309419354837,1.0,1.0,1.0,1.0,none,0:1.0500|1:0.9300|2:1.0300|3:0.9400|4:0.9500|5:1.1000|6:0.8200|,,2094116,1,132300,209,31,30.636178302943325,31.56181134894603,none,359754
Temkinli,22,269,2011,11,1556,1395,161,6581,177,53,0,3,130,2747975,1891036,842527,177600,39960,63495,69840,0,21453,470179,337879,239192,0,98687,109540,0,1690628,78030,0,115761,0,0,2.466666666666667,0.4666666666666667,2.0,0.0,0.0,475.5681815,484.545455,326.9212121666667,325.6121212666667,471.5621212,1.058051,26.435735933333333,1.0,1.0,1.0,1.0,none,0:1.0500|1:0.9300|2:1.0300|3:0.9400|4:0.9500|5:1.1000|6:0.8200|,,1905442,1,132300,240,30,30.659922306425642,31.256710418363703,none,337879
Temkinli,22,300,2011,12,1566,1391,175,6275,228,99,0,3,117,3066140,2088974,961668,148800,33480,66077,79949,0,9083,624279,539746,422539,0,117207,126290,0,2151255,81281,0,129542,0,0,2.0,0.0,2.0,0.0,0.0,482.45601177419354,487.5,328.39589438709675,327.36363645161293,475.91495596774195,1.065572,24.610155483870965,1.0,1.0,1.0,1.0,none,0:1.0500|1:0.9300|2:1.0300|3:0.9400|4:0.9500|5:1.1000|6:0.8200|,,2066384,1,137812,270,31,31.364125578088412,31.93246920492357,none,486467
Temkinli,22,331,2012,1,1541,1355,186,6335,213,89,0,0,145,3124515,2132140,979997,154800,34875,66569,80538,0,0,643215,552096,393613,0,158483,158483,0,2514442,81281,0,143323,0,0,2.0,0.0,2.0,0.0,0.0,480.1759529677419,491.81818200000004,324.3123167419355,325.3079178709678,478.82551335483873,1.0734,25.69567358064516,1.0,1.0,1.0,1.0,none,0:1.0500|1:0.9300|2:1.0300|3:0.9400|4:0.9500|5:1.1000|6:0.8200|,,2174944,1,137812,301,31,31.364771812585314,32.45969217377225,none,505403
Temkinli,22,360,2012,2,1550,1378,172,6552,158,85,0,0,134,3125365,2113627,999696,149500,32625,62623,75777,0,3150,676021,538209,400956,0,137253,137253,0,2905401,81281,0,157104,0,0,2.3448275862068964,0.0,2.0,0.0,0.3448275862068966,483.8871474137931,494.3181819999999,325.8542319655172,325.47962375862073,482.3589341724138,1.079586,26.85635044827586,1.0,1.0,1.0,1.0,none,0:1.0500|1:0.9300|2:1.0300|3:0.9400|4:0.9500|5:1.1000|6:0.8200|,,2135666,1,137812,332,29,31.9865359725984,32.65904380657894,none,538209
Temkinli,22,391,2012,3,1824,1634,190,8895,194,103,0,6,153,3801745,2754793,1027623,168950,34875,67313,74028,0,0,682457,623540,506180,0,117360,117360,0,3445517,81281,0,170885,0,0,3.0,0.0,2.0,0.0,1.0,456.64955993548386,496.590909,328.4281524516129,327.66275651612904,444.9354835483871,1.085405,32.48169451612903,1.0,1.0,1.0,1.0,none,0:1.0500|1:0.9100|2:1.0300|3:0.9200|4:0.9300|5:1.1000|6:0.8200|,,2740186,1,137812,361,31,27.03029792897735,28.078732300100384,none,544645
Temkinli,22,421,2012,4,1783,1601,182,7966,121,87,0,8,148,3226200,2378720,828564,163500,33750,65502,72060,0,0,493752,355940,240744,0,115196,115196,0,3649601,81281,0,184666,0,0,3.0,0.0,2.0,0.0,1.0,444.41666710000004,499.318182,328.5378787,328.13181826666664,438.7136364,1.09166,34.90705813333333,1.0,1.0,1.0,1.0,none,0:1.0500|1:0.8900|2:1.0300|3:0.9000|4:0.9100|5:1.1000|6:0.8200|,,2434296,1,137812,392,30,25.68235075320811,26.074357011890747,none,355940
Temkinli,22,452,2012,5,1921,1732,189,9290,136,115,0,3,159,3820805,2864696,939334,168950,34875,68058,74865,0,0,592586,62537,-40567,0,103104,103104,0,3516549,81281,0,198447,0,0,3.0,0.0,2.0,0.0,1.0,444.545455,502.045455,333.69941335483867,332.34604106451616,441.0586512258065,1.097747,34.92028077419355,1.0,1.0,1.0,1.0,none,0:1.0500|1:0.8950|2:1.0300|3:0.9050|4:0.9150|5:1.1000|6:0.8200|,,2853894,1,137812,422,31,24.584714477708232,24.93469236912147,none,454774
Temkinli,22,482,2012,6,1824,1629,195,9075,111,73,0,11,166,3327875,2510616,804773,163500,33750,66252,83790,0,0,457481,261961,199725,0,62236,62236,0,3617966,84532,0,212779,0,0,3.0,0.0,2.0,0.0,1.0,444.545455,505.227273,337.4893939666666,336.66818173333337,443.6560604333334,1.104074,37.1087116,1.0,1.0,1.0,1.0,none,0:1.0500|1:0.8950|2:1.0300|3:0.9050|4:0.9150|5:1.1000|6:0.8200|,,2524014,2,143325,453,30,24.182789317507417,24.082140494121884,none,314156
Temkinli,22,513,2012,7,1856,1654,202,9299,74,92,0,6,174,3257825,2445067,782753,174950,36270,68833,87079,0,0,415621,432176,322290,0,109886,109886,0,3888859,84532,0,227111,0,0,3.0,0.0,2.0,0.0,1.0,444.545455,508.18181799999996,334.01319641935487,335.1803519032258,445.621701,1.11023,38.020386161290325,1.0,1.0,1.0,1.0,none,0:1.0500|1:0.8950|2:1.0300|3:0.9050|4:0.9150|5:1.1000|6:0.8200|,,2481974,2,143325,483,31,24.026858410135596,24.864107221756466,none,272296
Temkinli,22,544,2012,8,1836,1631,205,9654,113,71,0,11,174,3645750,2641331,989167,175150,36270,69236,87575,0,0,620936,742040,560247,0,181793,181793,0,4448973,84532,0,241443,0,0,3.0,0.0,2.0,0.0,1.0,448.3724343548387,510.909091,324.00293248387095,326.4296187419355,448.9897359677419,1.116629,37.49010267741936,1.0,1.0,1.0,1.0,none,0:1.0500|1:0.9050|2:1.0300|3:0.9150|4:0.9250|5:1.1000|6:0.8200|,,2649982,2,143325,514,31,27.132057875608584,27.737990193336152,none,477611
Temkinli,22,574,2012,9,1854,1656,198,9373,150,174,0,9,140,4004850,2897469,1091948,169500,35100,67393,74130,0,0,745825,882870,624238,0,258632,207974,0,5142050,84532,0,255775,0,0,3.0,0.0,2.0,0.0,1.0,451.0757572666667,514.090909,324.4545454,324.5939394333334,451.59393973333334,1.123064,38.56395343333334,1.0,1.0,1.0,1.0,none,0:1.0500|1:0.9100|2:1.0300|3:0.9200|4:0.9300|5:1.1000|6:0.8200|,,2900818,2,143325,545,30,27.26564041100166,28.07094148307573,none,602500
Temkinli,22,605,2012,10,1754,1558,196,8878,118,112,0,9,157,3690515,2665478,1007214,175150,36270,70042,77035,0,0,648717,329593,161093,0,168500,219158,0,5116339,84532,0,270107,0,0,3.0,0.0,2.0,0.0,1.0,454.8240472580645,516.818182,328.394428032258,327.2448679677419,456.72873880645164,1.129326,38.48804522580645,1.0,1.0,1.0,1.0,none,0:1.0500|1:0.9200|2:1.0300|3:0.9300|4:0.9400|5:1.1000|6:0.8200|,,2697080,2,143325,575,31,27.29196331677286,27.797479044477846,none,505392
Temkinli,22,635,2012,11,1644,1465,179,7988,144,111,0,0,139,3404180,2409903,979086,169500,35100,68172,74970,0,0,631344,568656,420798,0,147858,147858,0,5426823,84532,0,284439,0,0,3.0,0.0,2.0,0.0,1.0,474.4393938,520.227273,333.5833333,332.0666667,479.4060606,1.135835,35.86080973333333,1.0,1.0,1.0,1.0,none,0:1.0500|1:0.9300|2:1.0300|3:0.9400|4:0.9500|5:1.1000|6:0.8200|,,2446254,3,143325,606,30,28.761287593488007,29.688947069049227,none,488019
Temkinli,22,666,2012,12,1570,1408,162,7081,168,120,0,0,137,3456145,2375349,1066027,175150,36270,70818,85684,0,0,698105,1100302,773253,0,327049,327049,0,6239378,87784,0,299323,0,0,3.0,0.0,2.0,0.0,1.0,496.3636363548387,522.727273,333.15395890322577,333.0029325483871,496.62756596774193,1.142168,31.291086096774194,1.0,1.0,1.0,1.0,none,0:1.0500|1:0.9300|2:1.0300|3:0.9400|4:0.9500|5:1.1000|6:0.8200|,,2380326,3,148837,636,31,30.8443945494185,32.88107054944254,none,549268
Temkinli,22,697,2013,1,1493,1316,177,6635,161,137,0,0,133,3421175,2334273,1077938,258550,55071,71252,86180,0,24470,582415,557601,327026,0,230575,230575,0,6494960,87784,0,314207,0,0,3.5806451612903225,0.0,2.0,0.5806451612903226,1.0,496.9794723548387,525.454545,333.9208213548387,332.9354839354839,498.1964811290323,1.148751,30.47142235483871,1.0,1.0,1.0,1.0,none,0:1.0500|1:0.9300|2:1.0300|3:0.9400|4:0.9500|5:1.1000|6:0.8200|,,2346494,3,148837,667,31,31.507829912237753,32.80993684253776,none,433578
Temkinli,22,725,2013,2,1363,1191,172,6090,141,129,0,0,127,2965525,2012865,931395,284200,61096,64749,78316,0,0,443034,693726,486116,0,207610,207610,0,6864194,87784,0,329091,0,0,4.0,0.0,2.0,1.0,1.0,501.96428564285713,528.863636,334.19318171428574,333.7337661428572,501.6168831071428,1.155828,30.945055142857143,1.0,1.0,1.0,1.0,none,0:1.0500|1:0.9300|2:1.0300|3:0.9400|4:0.9500|5:1.1000|6:0.8200|,,2052616,4,148837,698,28,31.407423643368375,33.42291647576277,none,294197
Temkinli,22,756,2013,3,1579,1406,173,7331,122,99,0,0,155,3291690,2208614,1069821,314650,67642,72089,79267,0,0,536173,718173,350406,0,367767,315638,0,7231098,87784,0,343975,0,0,4.0,0.0,2.0,1.0,1.0,498.36510287096775,531.818182,328.92668625806454,330.6011730322581,500.65542516129034,1.162259,31.2897105483871,1.0,1.0,1.0,1.0,none,0:1.0500|1:0.9300|2:1.0300|3:0.9400|4:0.9500|5:1.1000|6:0.8200|,,2204876,4,148837,726,31,32.500660754809836,33.998852575512835,none,387336
Temkinli,22,786,2013,4,1457,1292,165,6605,133,73,0,0,139,3064800,1969331,1082423,304500,65460,70184,77190,0,0,565089,1152353,820693,0,331660,383789,0,7905190,87784,0,358859,0,0,4.0,0.0,2.0,1.0,1.0,515.9242422333333,535.454545,329.02424236666667,329.2227274,514.6515151666666,1.16942,28.776076366666665,1.0,1.0,1.0,1.0,none,0:1.0500|1:0.9300|2:1.0300|3:0.9400|4:0.9500|5:1.1000|6:0.8200|,,2000480,5,148837,757,30,35.31790002610285,36.22624884956244,none,416252
Temkinli,22,817,2013,5,1537,1380,157,6934,151,83,0,0,130,3314183,2140579,1157485,314650,67642,72957,80228,0,259,621749,745421,423425,0,321996,321996,0,8268127,87784,0,373743,0,0,4.0,0.0,2.0,1.0,1.0,515.9017592903226,538.409091,333.1231670645161,331.63049858064517,520.3167154193549,1.176391,28.54676329032258,1.0,1.0,1.0,1.0,none,0:1.0500|1:0.9300|2:1.0300|3:0.9400|4:0.9500|5:1.1000|6:0.8200|,,2140266,5,148837,787,31,34.925198759392586,35.42895307766303,none,472912
Temkinli,22,847,2013,6,1478,1305,173,6369,121,44,0,0,155,2765330,1745137,1005170,304500,65460,71024,89850,0,627,473709,1293268,810801,0,482467,375957,0,8930719,92660,0,389453,0,0,4.0,0.0,2.0,1.0,1.0,524.6969696666667,542.045455,328.99242419999996,330.41363643333335,523.1257577,1.183639,27.592686933333333,1.0,1.0,1.0,1.0,none,0:1.0500|1:0.9300|2:1.0300|3:0.9400|4:0.9500|5:1.1000|6:0.8200|,,1761362,6,157106,818,30,36.34900717093439,37.29858504633548,none,316603
Temkinli,22,878,2013,7,1574,1382,192,7198,82,55,0,0,173,3117624,1970783,1128318,323650,69750,73826,93372,0,572,567148,1598839,1107859,0,490980,597490,0,9920419,92660,0,405163,0,0,4.0,0.0,2.0,1.0,1.0,528.416422516129,545.0,333.24340196774193,331.68475077419356,525.3812316774194,1.190696,28.605927322580644,1.0,1.0,1.0,1.0,none,0:1.0500|1:0.9300|2:1.0300|3:0.9400|4:0.9500|5:1.1000|6:0.8200|,,2005622,6,157106,848,31,36.19159975673782,36.93545700548884,none,410042
Temkinli,22,909,2013,8,1448,1305,143,6568,108,34,0,0,135,2916030,1826779,1075394,323950,69750,74291,93961,0,826,512616,1173074,730101,0,442973,442973,0,10501387,92660,0,420873,0,0,4.0,0.0,2.0,1.0,1.0,534.0689150645161,549.090909,336.1407625806452,334.3607038709677,531.6070382580646,1.198032,25.807903903225807,1.0,1.0,1.0,1.0,none,0:1.0500|1:0.9300|2:1.0300|3:0.9400|4:0.9500|5:1.1000|6:0.8200|,,1840838,7,157106,879,31,36.87870152227515,37.0604142837935,none,355510
Temkinli,22,939,2013,9,1410,1238,172,5816,145,59,0,0,150,2851477,1832061,1001863,313500,67500,72344,79560,0,1114,467845,591823,69297,0,522526,522526,345600,10839438,92660,0,436583,1210228,0,4.0,0.0,2.0,1.0,1.0,536.0833335,551.590909,345.0,341.75757580000004,534.0121212333333,1.205414,26.243024366666667,1.0,1.0,1.0,1.0,none,0:1.0500|1:0.9300|2:1.0300|3:0.9400|4:0.9500|5:1.1000|6:0.8200|,Hüseyin Tekin:4:41732,1881770,7,157106,910,30,35.134879222241665,35.644333923319024,none,310739
Temkinli,22,970,2013,10,1406,1239,167,6068,129,55,0,0,142,2981605,1905455,1063809,323950,69750,75190,82708,0,790,511421,688186,230968,0,457218,457218,733680,11431650,92660,0,452293,1293692,0,4.0,0.0,2.0,1.0,1.0,541.209677483871,555.227273,346.6407623225806,345.2126099354839,537.2859237419356,1.2126,25.505443806451613,1.0,1.0,1.0,1.0,none,0:1.0500|1:0.9300|2:1.0300|3:0.9400|4:0.9500|5:1.1000|6:0.8200|,Hüseyin Tekin:4:41732,1921476,7,157106,940,31,35.67907217756879,35.95074575640583,none,354315
Temkinli,22,1000,2013,11,1474,1311,163,6625,135,71,0,0,144,3266645,2133090,1113559,313500,67500,73215,80520,0,0,578824,884828,417956,0,466872,466872,995034,12128085,92660,0,468003,1251960,0,4.0,0.0,2.0,1.0,1.0,537.25,558.409091,351.0,349.00757573333334,537.1363637,1.220071,26.65932313333333,1.0,1.0,1.0,1.0,none,0:1.0500|1:0.9250|2:1.0300|3:0.9350|4:0.9450|5:1.1000|6:0.8200|,Hüseyin Tekin:4:41732,2165958,7,157106,971,30,34.08876691529076,34.66728711028385,none,421718
Temkinli,22,1031,2013,12,1234,1072,162,4968,195,57,0,0,118,2746105,1775446,960984,323950,69750,76120,92070,0,863,398231,797518,229941,0,567577,567577,0,11335789,95911,0,484264,1295642,0,4.0,0.0,2.0,1.0,1.0,546.5615837419355,562.045455,353.636364,351.7316716129032,544.1187683225806,1.227345,23.49407758064516,1.0,1.0,1.0,1.0,none,0:1.0500|1:0.9300|2:1.0300|3:0.9400|4:0.9500|5:1.1000|6:0.8200|,Hüseyin Tekin:4:41732,1820196,7,162619,1001,31,34.99443757613056,35.29798388337279,none,235612
Temkinli,22,1062,2014,1,1315,1128,187,5380,164,82,0,0,144,2956495,1889065,1052631,329950,71145,76586,92628,0,310,482012,1018817,519380,0,499437,499437,0,11837429,95911,0,500525,1354142,0,4.0,0.0,2.0,1.0,1.0,548.3944280967742,565.227273,348.136364,349.6085043870968,548.8665688709677,1.234907,23.269828903225807,1.0,1.0,1.0,1.0,none,0:1.0500|1:0.9300|2:1.0300|3:0.9400|4:0.9500|5:1.1000|6:0.8200|,Hüseyin Tekin:4:43682,1872408,7,162619,1032,31,35.604017595159135,36.51715878875322,none,319393
Temkinli,22,1090,2014,2,1248,1096,152,5079,145,65,0,0,122,2833465,1779444,1036400,298200,64260,69623,84224,0,0,520093,909508,419539,0,489969,489969,0,12327338,95911,0,516786,1223096,0,4.0,0.0,2.0,1.0,1.0,558.5551948214286,569.545455,350.56980528571427,349.7207793571429,555.6623376785714,1.243005,24.246371107142856,1.0,1.0,1.0,1.0,none,0:1.0500|1:0.9300|2:1.0300|3:0.9400|4:0.9500|5:1.1000|6:0.8200|,Hüseyin Tekin:4:43682,1805526,7,162619,1063,28,36.577123768954266,37.23631817661417,none,357474
Temkinli,22,1121,2014,3,1350,1167,183,5475,128,67,0,0,158,2840065,1777842,1046777,330150,71145,77547,85281,0,0,482654,657718,135626,0,522092,522092,0,12478191,95911,0,533047,1354142,0,4.0,0.0,2.0,1.0,1.0,561.6862169354838,572.954545,351.15689167741937,350.39589435483873,557.6554252903226,1.250366,24.369331096774193,1.0,1.0,1.0,1.0,none,0:1.0500|1:0.9300|2:1.0300|3:0.9400|4:0.9500|5:1.1000|6:0.8200|,Hüseyin Tekin:4:43682,1813060,7,162619,1091,31,36.857501500845935,37.481661274634085,none,320035
Temkinli,22,1151,2014,4,1301,1133,168,5100,152,51,0,0,141,2693115,1664669,1009754,319500,68850,75526,83070,0,0,462808,182947,-219986,0,402933,402933,0,12142809,95911,0,549308,1310460,0,4.0,0.0,2.0,1.0,1.0,567.4393942666667,575.454545,352.363636,351.1030302333333,561.5924243000001,1.258565,21.911483633333333,1.0,1.0,1.0,1.0,none,0:1.0500|1:0.9300|2:1.0300|3:0.9400|4:0.9500|5:1.1000|6:0.8200|,Hüseyin Tekin:4:43682,1655964,8,162619,1122,30,37.49390575597403,37.90285983662115,none,300189
Temkinli,22,1182,2014,5,1442,1255,187,5837,168,43,0,0,160,3101180,1960454,1125736,330150,71145,78540,86366,0,0,559535,879320,436507,0,442813,442813,0,12565474,95911,0,565569,1354142,0,4.0,0.0,2.0,1.0,1.0,563.7170089677419,579.772727,358.3460413548387,355.8475074193549,563.2492669032258,1.266552,22.843532096774194,1.0,1.0,1.0,1.0,none,0:1.0500|1:0.9300|2:1.0300|3:0.9400|4:0.9500|5:1.1000|6:0.8200|,Hüseyin Tekin:4:43682,1987158,8,162619,1152,31,36.30024700275379,36.43157193162772,none,396916
Temkinli,22,1212,2014,6,1344,1180,164,5694,114,37,0,0,135,2645755,1685462,946188,319500,68850,76516,96750,0,0,384572,260007,-253924,0,513931,513931,0,12282539,100789,0,582658,1312524,0,4.0,0.0,2.0,1.0,1.0,567.5227271,582.954545,364.545455,361.35454546666665,566.5075757,1.274857,24.296611133333332,1.0,1.0,1.0,1.0,none,0:1.0500|1:0.9300|2:1.0300|3:0.9400|4:0.9500|5:1.1000|6:0.8200|,Hüseyin Tekin:4:43682,1714080,8,170887,1183,30,35.762495015600464,35.765487866397734,none,213685
Temkinli,22,1243,2014,7,1430,1246,184,5953,133,53,0,0,162,2950620,1885339,1047919,339150,73222,79563,100626,0,511,454847,240575,-197633,0,438208,438208,0,12056878,100789,0,599747,1418126,0,4.0,0.0,2.0,1.0,1.0,572.8079178709677,587.954545,369.227273,366.8475073548387,569.9926686451613,1.282947,23.797361709677418,1.0,1.0,1.0,1.0,none,0:1.0500|1:0.9300|2:1.0300|3:0.9400|4:0.9500|5:1.1000|6:0.8200|,Hüseyin Tekin:4:45746,1924676,8,170887,1213,31,35.51521375168608,35.54082241524231,none,283960
Temkinli,22,1274,2014,8,1407,1254,153,6109,121,28,0,0,129,2890014,1848504,1024393,339450,73222,80090,101277,0,611,429743,206229,-296196,0,502425,391792,341036,11980443,100789,0,616836,1418126,0,4.0,0.0,2.0,1.0,1.0,573.1304985806452,590.681818,371.0014661935483,369.5043987419355,574.6524926129032,1.291361,24.09883941935484,1.0,1.0,1.0,1.0,none,0:1.0500|1:0.9300|2:1.0300|3:0.9400|4:0.9500|5:1.1000|6:0.8200|,Hüseyin Tekin:4:45746,1870812,8,170887,1244,31,35.44595285697578,35.26754079353103,none,258856
Temkinli,22,1304,2014,9,1363,1197,166,5551,166,54,0,0,135,3171150,2000179,1156212,328500,70860,78016,85800,0,384,592652,1303470,758954,0,544516,655149,914800,13187367,100789,0,633925,1372380,0,4.0,0.0,2.0,1.0,1.0,579.3712119666667,594.3181820000001,362.272727,365.0939393666667,579.5833334,1.299829,23.50252083333333,1.0,1.0,1.0,1.0,none,0:1.0500|1:0.9300|2:1.0300|3:0.9400|4:0.9500|5:1.1000|6:0.8200|,Hüseyin Tekin:4:45746,2040356,8,170887,1275,30,36.46033773236838,37.471396659445546,none,421765
Temkinli,22,1335,2014,10,1394,1226,168,5877,122,34,0,0,148,3164300,1979734,1163533,339450,73222,81113,89218,0,0,580530,1247987,718994,0,528993,528993,0,13032228,100789,0,651014,1418126,0,4.0,0.0,2.0,1.0,1.0,581.1583576774194,599.318182,363.363636,363.63489754838713,581.2067448064516,1.308077,24.408513161290323,1.0,1.0,1.0,1.0,none,0:1.0500|1:0.9200|2:1.0300|3:0.9300|4:0.9400|5:1.1000|6:0.8200|,Hüseyin Tekin:4:45746,1954998,8,170887,1305,31,36.77062857504029,37.47596826239048,none,409643
Temkinli,22,1365,2014,11,1350,1193,157,5555,130,55,0,0,131,2966120,1911421,1043103,328500,70860,79007,86910,0,0,477826,1014230,303534,0,710696,572355,0,13459232,100789,0,668103,1372380,0,4.0,0.0,2.0,1.0,1.0,577.6287878333334,602.272727,374.272727,370.5833334333334,579.1181817333332,1.316655,25.354279466666664,1.0,1.0,1.0,1.0,none,0:1.0500|1:0.9200|2:1.0300|3:0.9300|4:0.9400|5:1.1000|6:0.8200|,Hüseyin Tekin:4:45746,1950540,8,170887,1336,30,35.16725553922296,35.205319595672385,none,306939
Temkinli,22,1396,2014,12,1343,1145,198,5387,175,89,0,0,154,3301790,2089263,1197209,339450,73222,82167,99417,0,0,602953,1314124,692040,0,622084,760425,0,14065145,105665,0,686018,1420374,0,4.0,0.0,2.0,1.0,1.0,591.2829912903226,606.818182,375.954545,374.34897367741934,588.6627567096774,1.32501,22.67331470967742,1.0,1.0,1.0,1.0,none,0:1.0500|1:0.9300|2:1.0300|3:0.9400|4:0.9500|5:1.1000|6:0.8200|,Hüseyin Tekin:4:45746,2060144,8,179156,1366,31,36.259392632481166,36.417155484284066,none,423797
Temkinli,22,1427,2015,1,1325,1109,216,5120,181,73,0,0,175,3259050,2098588,1144465,348450,75330,82696,100068,0,0,537921,1011636,426252,0,585384,585384,0,14433868,105665,0,703933,1487814,0,4.0,0.0,2.0,1.0,1.0,591.4369499354839,610.227273,382.454545,379.8079179032258,593.6348974193547,1.3337,21.90818387096774,1.0,1.0,1.0,1.0,none,0:1.0500|1:0.9300|2:1.0300|3:0.9400|4:0.9500|5:1.1000|6:0.8200|,Hüseyin Tekin:4:47994,2158336,8,179156,1397,31,35.116521685767324,35.33468866939755,none,358765
Temkinli,22,1455,2015,2,1149,998,151,4755,146,46,0,0,125,2917625,1868225,1029609,315000,68040,75225,91000,0,0,480344,1170217,596786,0,573431,573431,0,15148349,105665,0,721848,1343832,0,4.0,0.0,2.0,1.0,1.0,594.5616885714286,614.5454550000001,378.954545,379.71590907142854,596.2288960714286,1.342972,22.183146142857144,1.0,1.0,1.0,1.0,none,0:1.0500|1:0.9300|2:1.0300|3:0.9400|4:0.9500|5:1.1000|6:0.8200|,Hüseyin Tekin:4:47994,1866396,8,179156,1428,28,35.28928494923097,36.26320829542085,none,301188
Temkinli,22,1486,2015,3,1350,1167,183,5621,159,31,0,0,156,3223420,2086994,1118726,348750,75330,83812,92163,0,0,518671,721048,130976,0,590072,590072,0,15232324,105665,0,739763,1487814,0,4.0,0.0,2.0,1.0,1.0,597.8005863225807,618.409091,390.090909,386.69501477419357,599.0469207741936,1.351403,22.881106096774193,1.0,1.0,1.0,1.0,none,0:1.0500|1:0.9300|2:1.0300|3:0.9400|4:0.9500|5:1.1000|6:0.8200|,Hüseyin Tekin:4:47994,2146524,8,179156,1456,31,34.70618163317222,34.74564630328046,none,339515
Temkinli,22,1516,2015,4,1290,1116,174,5396,136,64,0,0,144,3188440,2038034,1129935,337500,72900,81678,89820,0,0,548037,802899,290719,0,512180,512180,0,15486866,105665,0,757678,1439820,0,4.0,0.0,2.0,1.0,1.0,606.7651515,622.954545,387.454545,387.8606061333333,599.7287878666667,1.360799,21.293506999999998,1.0,1.0,1.0,1.0,none,0:1.0500|1:0.9300|2:1.0300|3:0.9400|4:0.9500|5:1.1000|6:0.8200|,Hüseyin Tekin:4:47994,2074512,8,179156,1487,30,35.438490296195006,36.144232403234845,none,368881
Temkinli,22,1547,2015,5,1284,1086,198,4952,166,40,0,0,173,2876595,1814511,1046506,348750,75330,84959,93434,0,433,443600,698059,93129,0,604930,483632,0,15728813,105665,0,775593,1487814,0,4.0,0.0,2.0,1.0,1.0,610.0733139032259,626.818182,383.090909,384.8958943870968,609.7653959354839,1.369954,21.000646806451613,1.0,1.0,1.0,1.0,none,0:1.0500|1:0.9300|2:1.0300|3:0.9400|4:0.9500|5:1.1000|6:0.8200|,Hüseyin Tekin:4:47994,1829264,8,179156,1517,31,36.38002569009541,37.20575867365859,none,264444
Temkinli,22,1577,2015,6,1337,1143,194,5450,99,19,0,0,176,2827515,1781000,1024227,337500,72900,82789,104700,0,2023,424315,656030,178170,0,477860,599158,0,15784134,110542,0,794335,1442207,0,4.0,0.0,2.0,1.0,1.0,608.5303029333334,632.045455,383.954545,384.262121,608.5666666666667,1.379479,22.339113666666666,1.0,1.0,1.0,1.0,none,0:1.0500|1:0.9300|2:1.0300|3:0.9400|4:0.9500|5:1.1000|6:0.8200|,Hüseyin Tekin:4:47994,1792892,8,187425,1548,30,36.22357441074583,36.90461376381719,none,236890
Temkinli,22,1608,2015,7,1350,1159,191,5367,99,29,0,0,177,2800052,1744324,1037517,380550,82537,86137,108934,0,31744,347615,176564,-272024,0,448588,448588,0,15474582,110542,0,813077,1561811,0,4.0,0.0,2.0,1.0,1.0,620.4985335806451,635.227273,390.772727,387.97507335483874,615.8416421935483,1.38876,20.672761935483873,1.0,1.0,1.0,1.0,none,0:1.0500|1:0.9300|2:1.0300|3:0.9400|4:0.9500|5:1.1000|6:0.8200|,Hüseyin Tekin:4:50381,1777830,8,187425,1578,31,37.05349043517763,37.02277993390102,none,160190
Temkinli,22,1639,2015,8,1236,1054,182,5069,140,12,0,0,158,2687075,1672268,998856,395250,85777,86726,109678,0,1872,319553,256652,-318191,0,574843,574843,0,14927073,110542,0,831819,1561811,0,4.0,0.0,2.0,1.0,1.0,624.1348977419354,640.909091,392.5,390.6187682903226,620.9912022258064,1.398416,20.30446058064516,1.0,1.0,1.0,1.0,none,0:1.0500|1:0.9300|2:1.0300|3:0.9400|4:0.9500|5:1.1000|6:0.8200|,Hüseyin Tekin:4:50381,1687772,8,187425,1609,31,37.17261334350548,37.11295403925816,none,132128
Temkinli,22,1669,2015,9,1207,1023,184,4856,133,39,0,0,166,2983265,1908928,1053205,382500,83010,84499,92940,0,1589,408667,743061,203237,0,539824,539824,0,15091506,110542,0,850561,1511430,0,4.0,0.0,2.0,1.0,1.0,624.5378788666666,644.090909,404.681818,400.0181818,624.0863637333333,1.408139,20.60278376666667,1.0,1.0,1.0,1.0,none,0:1.0500|1:0.9300|2:1.0300|3:0.9400|4:0.9500|5:1.1000|6:0.8200|,Hüseyin Tekin:4:50381,1970586,8,187425,1640,30,35.30376952768192,35.202998618055624,none,221242
Temkinli,22,1700,2015,10,1328,1113,215,5268,128,44,0,0,174,3025665,1934591,1074617,395250,85777,87905,96689,0,981,408015,893354,338496,0,554858,554858,0,15442489,110542,0,869303,1561811,0,4.0,0.0,2.0,1.0,1.0,630.6818180967742,648.8636359999999,406.20087987096775,404.296187516129,629.1524926451613,1.417612,20.81115651612903,1.0,1.0,1.0,1.0,none,0:1.0500|1:0.9300|2:1.0300|3:0.9400|4:0.9500|5:1.1000|6:0.8200|,Hüseyin Tekin:4:50381,1945336,8,187425,1670,31,35.5167211175064,35.59337399375627,none,220590
Temkinli,22,1730,2015,11,1308,1107,201,5297,147,55,0,0,155,3117740,2017184,1079756,382500,83010,85669,94200,0,1172,433205,948019,252613,0,695406,695406,0,15690058,110542,0,888045,1511430,0,4.0,0.0,2.0,1.0,1.0,627.6060607666666,653.863636,407.181818,406.0121211333334,628.7984848333333,1.427469,22.989844933333334,1.0,1.0,1.0,1.0,none,0:1.0500|1:0.9300|2:1.0300|3:0.9400|4:0.9500|5:1.1000|6:0.8200|,Hüseyin Tekin:4:50381,2050374,8,187425,1701,30,34.63265057381308,35.121433100471066,none,245780
Temkinli,22,1761,2015,12,1402,1202,200,6027,126,74,0,0,167,3681990,2440343,1222878,395250,85777,89114,107818,0,883,544036,1153764,607484,0,546280,546280,0,16352754,117045,0,907890,1564419,0,4.0,0.0,2.0,1.0,1.0,619.2521991290322,658.181818,410.68181799999996,408.79178893548385,622.6906158387097,1.437072,26.45289122580645,1.0,1.0,1.0,1.0,none,0:1.0500|1:0.9150|2:1.0300|3:0.9250|4:0.9350|5:1.1000|6:0.8200|,Hüseyin Tekin:4:50381,2466006,8,198450,1731,31,33.21242045741569,33.68100774165727,none,345586
Temkinli,22,1792,2016,1,1341,1125,216,5587,129,58,0,0,192,3609180,2337416,1260898,407250,88567,89735,108562,0,567,566217,954102,321709,0,632393,502321,0,16791372,117045,0,927735,1642659,0,4.0,0.0,2.0,1.0,1.0,642.6173020322581,662.272727,416.590909,413.8255131935484,637.9442814193549,1.447064,22.95801029032258,1.0,1.0,1.0,1.0,none,0:1.0500|1:0.9300|2:1.0300|3:0.9400|4:0.9500|5:1.1000|6:0.8200|,Hüseyin Tekin:4:52989,2363234,8,198450,1762,31,34.9358580065278,35.17278360191304,none,367767
Temkinli,22,1821,2016,2,1253,1044,209,4998,160,50,0,0,183,3246400,2069724,1160987,381350,82853,84555,102312,0,783,509134,1066986,499787,0,567199,697271,0,17179924,117045,0,947580,1536681,0,4.0,0.0,2.0,1.0,1.0,646.2617554827585,667.272727,407.454545,410.2648903103448,643.7147333793105,1.4576940000000003,22.33212575862069,1.0,1.0,1.0,1.0,none,0:1.0500|1:0.9300|2:1.0300|3:0.9400|4:0.9500|5:1.1000|6:0.8200|,Hüseyin Tekin:4:52989,2076746,8,198450,1793,29,35.76229053721045,36.95208767295369,none,310684
Temkinli,22,1852,2016,3,1353,1152,201,5725,115,59,0,0,168,3407030,2203079,1180873,407650,88567,91007,100099,0,1311,492239,632817,125501,0,507316,507316,0,17326807,117045,0,967425,1642659,0,4.0,0.0,2.0,1.0,1.0,639.4794721290323,671.1363640000001,413.409091,411.7478005806451,642.0439882258065,1.467709,24.36963487096774,1.0,1.0,1.0,1.0,none,0:1.0500|1:0.9200|2:1.0300|3:0.9300|4:0.9400|5:1.1000|6:0.8200|,Hüseyin Tekin:4:52989,2215512,8,198450,1822,31,34.65989439482482,35.352249912944266,none,293789
Temkinli,22,1882,2016,4,1336,1131,205,5708,117,58,0,0,181,3336125,2148438,1169703,394500,85710,88731,97590,0,1002,502170,652182,150611,0,501571,501571,0,17463775,117045,0,987270,1589670,0,4.0,0.0,2.0,1.0,1.0,645.8863634666667,676.590909,417.272727,415.07121216666667,644.9363636333333,1.4784910000000002,24.168736066666668,1.0,1.0,1.0,1.0,none,0:1.0500|1:0.9300|2:1.0300|3:0.9400|4:0.9500|5:1.1000|6:0.8200|,Hüseyin Tekin:4:52989,2178178,8,198450,1853,30,35.06172580463861,35.39533413271469,none,303720
Temkinli,22,1913,2016,5,1394,1166,228,5716,139,49,0,0,189,3316655,2124672,1171973,407650,88567,92340,101556,0,1078,480782,496114,-117683,0,613797,613797,0,17344994,117045,0,1007115,1642659,0,4.0,0.0,2.0,1.0,1.0,657.001465967742,680.909091,422.636364,419.89296180645164,652.7917888387096,1.489001,23.599835548387098,1.0,1.0,1.0,1.0,none,0:1.0500|1:0.9300|2:1.0300|3:0.9400|4:0.9500|5:1.1000|6:0.8200|,Hüseyin Tekin:4:52989,2162634,8,198450,1883,31,35.33599364419875,35.67192983694941,none,282332
Temkinli,22,1943,2016,6,1372,1149,223,5698,100,61,0,0,198,3180305,2064791,1097662,394500,85710,90021,113850,0,537,413044,-245463,-720846,0,475383,475383,0,16300651,123547,0,1028062,1592434,0,4.0,0.0,2.0,1.0,1.0,656.4772728333334,685.6818179999999,431.09090899999995,427.1909091,658.9242424,1.499939,23.991637733333334,1.0,1.0,1.0,1.0,none,0:1.0500|1:0.9300|2:1.0300|3:0.9400|4:0.9500|5:1.1000|6:0.8200|,Hüseyin Tekin:4:52989,2108214,8,209475,1914,30,34.51436261616417,34.332698656965476,none,203569
Temkinli,22,1974,2016,7,1305,1088,217,5390,112,25,0,0,198,3023215,1945443,1061816,419650,91357,93673,118482,0,1151,337503,-181920,-820388,0,638468,511132,0,15586218,123547,0,1049009,1728343,0,4.0,0.0,2.0,1.0,1.0,670.5571846774193,692.045455,437.0,433.90909103225806,669.1422286451613,1.510601,22.33134293548387,1.0,1.0,1.0,1.0,none,0:1.0500|1:0.9300|2:1.0300|3:0.9400|4:0.9500|5:1.1000|6:0.8200|,Hüseyin Tekin:4:55753,1989810,8,209475,1944,31,35.12208030193023,34.83031574552067,none,128028
Temkinli,22,2005,2016,8,1431,1224,207,6481,91,29,0,0,183,3643227,2323345,1295723,420050,91357,94356,119350,0,1741,568869,700685,118227,0,582458,709794,0,15585780,123547,0,1069956,1728343,0,4.0,0.0,2.0,1.0,1.0,670.014662483871,696.590909,423.31818200000004,427.29032251612904,670.7199413225806,1.521698,23.66836506451613,1.0,1.0,1.0,1.0,none,0:1.0500|1:0.9300|2:1.0300|3:0.9400|4:0.9500|5:1.1000|6:0.8200|,Hüseyin Tekin:4:55753,2312628,8,209475,1975,31,35.56525574717139,36.81956445092119,none,359394
Temkinli,22,2035,2016,9,1348,1146,202,5930,127,62,0,0,176,3666795,2382401,1264476,406500,88410,92002,101160,0,754,575650,673704,91588,0,582116,582116,0,15637984,123547,0,1090903,1672590,0,4.0,0.0,2.0,1.0,1.0,675.2348484666667,702.272727,442.363636,437.0969697666667,676.5575757666667,1.5328759999999997,24.29933,1.0,1.0,1.0,1.0,none,0:1.0500|1:0.9300|2:1.0300|3:0.9400|4:0.9500|5:1.1000|6:0.8200|,Hüseyin Tekin:4:55753,2447340,8,209475,2006,30,34.48450213333442,34.48743988783667,none,366175
Temkinli,22,2066,2016,10,1274,1062,212,5074,102,56,0,0,187,3255155,2089834,1148197,420050,91357,95750,105276,0,530,435234,470957,-241270,0,712227,712227,0,15433205,123547,0,1111850,1728343,0,4.0,0.0,2.0,1.0,1.0,686.6202347096773,706.1363640000001,443.590909,441.8196480645161,683.300586451613,1.543772,22.309420258064517,1.0,1.0,1.0,1.0,none,0:1.0500|1:0.9300|2:1.0300|3:0.9400|4:0.9500|5:1.1000|6:0.8200|,Hüseyin Tekin:4:55753,2095352,8,209475,2036,31,35.27318975594096,35.39501363696878,none,225759
Temkinli,22,2096,2016,11,1307,1107,200,5254,112,57,0,0,181,3359680,2155952,1186602,406500,88410,93322,102630,0,611,495129,770078,174512,0,595566,595566,0,15642218,123547,0,1132797,1672590,0,4.0,0.0,2.0,1.0,1.0,686.8106059333334,712.272727,438.90909100000005,440.4075757666667,687.9363635666667,1.555113,22.897352033333334,1.0,1.0,1.0,1.0,none,0:1.0500|1:0.9300|2:1.0300|3:0.9400|4:0.9500|5:1.1000|6:0.8200|,Hüseyin Tekin:4:55753,2145328,8,209475,2067,30,35.31889941899229,36.09459620916168,none,285654
Temkinli,22,2127,2016,12,1326,1121,205,5256,124,92,0,0,166,3539140,2256718,1264635,420050,91357,97115,117490,0,742,537881,998728,435787,0,562941,562941,0,16171608,133301,0,1155398,1733054,0,4.0,0.0,2.0,1.0,1.0,691.151026483871,716.1363640000001,441.045455,440.38123141935483,693.0014662903226,1.566167,23.074653483870968,1.0,1.0,1.0,1.0,none,0:1.0500|1:0.9300|2:1.0300|3:0.9400|4:0.9500|5:1.1000|6:0.8200|,Hüseyin Tekin:4:55753,2281710,8,226012,2097,31,35.73283340020457,36.18681907429787,none,311869
Temkinli,22,2158,2017,1,1222,997,225,4685,136,47,0,0,198,3368555,2145088,1205406,438050,95542,97845,118358,0,971,454640,578501,-93167,0,671668,671668,0,16032031,133301,0,1177999,1874384,0,4.0,0.0,2.0,1.0,1.0,702.4999999032258,722.5,449.045455,445.9076246129032,698.6510263225806,1.577672,21.111285548387094,1.0,1.0,1.0,1.0,none,0:1.0500|1:0.9300|2:1.0300|3:0.9400|4:0.9500|5:1.1000|6:0.8200|,Hüseyin Tekin:4:60464,2200404,8,226012,2128,31,35.78406764918489,36.07893878123002,none,228628
Temkinli,22,2186,2017,2,1077,904,173,4176,96,57,0,0,150,3059585,1947048,1097347,396200,86296,89497,108248,0,664,416442,546208,-52,0,546260,546260,0,15987054,133301,0,1200600,1692992,0,4.0,0.0,2.0,1.0,1.0,709.1720780357143,731.5909089999999,452.772727,450.1233765714286,709.1866884285713,1.597686,21.773364571428573,1.0,1.0,1.0,1.0,none,0:1.0500|1:0.9300|2:1.0300|3:0.9400|4:0.9500|5:1.1000|6:0.8200|,Hüseyin Tekin:4:60464,1991410,8,226012,2159,28,35.86587723498448,36.15474424005762,none,190430
Temkinli,22,2217,2017,3,1201,987,214,4623,139,41,0,0,180,3184800,2016811,1153248,438650,95542,100233,110205,0,793,407825,316235,-206275,0,522510,522510,0,15763716,133301,0,1223201,1874384,0,4.0,0.0,2.0,1.0,1.0,723.2258061935485,739.772727,462.81818200000004,458.21114358064517,715.5894426451613,1.61598,20.60732541935484,1.0,1.0,1.0,1.0,none,0:1.0500|1:0.9300|2:1.0300|3:0.9400|4:0.9500|5:1.1000|6:0.8200|,Hüseyin Tekin:4:60464,2046056,8,226012,2187,31,36.21100226073851,36.00640656949381,none,181813
Temkinli,22,2247,2017,4,1228,1027,201,4776,106,45,0,0,178,3265685,2099381,1145081,424500,92460,98230,108000,0,1038,420853,389463,-276907,0,666370,534199,0,15660089,133301,0,1245802,1813920,0,4.0,0.0,2.0,1.0,1.0,724.1818182000001,749.3181820000001,467.818182,464.8515151666667,722.6787878666668,1.636479,21.268338200000002,1.0,1.0,1.0,1.0,none,0:1.0500|1:0.9300|2:1.0300|3:0.9400|4:0.9500|5:1.1000|6:0.8200|,Hüseyin Tekin:4:60464,2108160,8,226012,2218,30,35.06403710094513,35.400451897178,none,194841
Temkinli,22,2278,2017,5,1261,1000,261,4733,163,29,0,0,224,3312645,2064737,1224839,438650,95542,102745,112964,0,589,474349,788365,214619,0,573746,705917,0,15686433,133301,0,1268403,1874384,0,4.0,0.0,2.0,1.0,1.0,744.7947212258065,758.6363640000001,465.045455,465.40322574193544,733.2023459354839,1.656565,19.287038612903224,1.0,1.0,1.0,1.0,none,0:1.0500|1:0.9300|2:1.0300|3:0.9400|4:0.9500|5:1.1000|6:0.8200|,Hüseyin Tekin:4:60464,2129374,8,226012,2248,31,36.974653184992654,37.56058659564429,none,248337
Temkinli,22,2308,2017,6,1248,1022,226,4969,102,27,0,0,213,3156240,1975448,1161666,424500,92460,100691,127320,0,1596,415099,145667,-397059,0,542726,542726,671916,15662821,144680,0,1292933,1819100,0,4.0,0.0,2.0,1.0,1.0,743.5909094,767.727273,469.59696993333336,467.3969696666666,745.5378788666666,1.677579,21.17424306666667,1.0,1.0,1.0035714,0.9989285999999999,0,0:1.0500|1:0.9300|2:1.0300|3:0.9400|4:0.9500|5:1.1000|6:0.8200|,Hüseyin Tekin:4:60464,1980170,8,245306,2279,30,36.80537601703293,36.847403054960836,none|0,169793
Temkinli,22,2339,2017,7,1274,1036,238,4948,126,12,0,0,207,3056543,1949725,1089652,366150,79394,105319,133176,0,1351,404262,-365009,-1083068,0,718059,718059,937076,14801141,144680,0,1317463,2034964,0,3.4516129032258065,0.0,2.0,0.45161290322580644,1.0,757.3973607096774,777.045455,497.7991203870968,484.2463343548387,751.0337243225806,1.698169,20.94506093548387,1.0,1.0,1.2183179999999998,0.9345045806451613,0,0:1.0500|1:0.9200|2:1.0300|3:0.9300|4:0.9400|5:1.1000|6:0.8200|,Hüseyin Tekin:4:65644,2020174,8,245306,2309,31,35.64981745717302,34.27503894116271,0,158956
Temkinli,22,2370,2017,8,1359,1108,251,5651,128,34,0,0,225,3587437,2370300,1197281,289850,62062,106653,134881,0,2085,601750,-2417416,-3032738,0,615322,615322,1133772,11970427,144680,0,1341993,2034964,0,3.0,0.0,2.0,0.0,1.0,757.1920821935485,787.045455,506.409091,501.4486803225806,752.9076245161291,1.719711,23.55766935483871,1.0,1.0,1.25,0.925,0,0:1.0500|1:0.9200|2:1.0300|3:0.9300|4:0.9400|5:1.1000|6:0.8200|,Hüseyin Tekin:4:65644,2410166,8,245306,2340,31,33.374272495935124,33.12012857649573,0,356444
Temkinli,22,2400,2017,9,1244,1014,230,4702,157,50,0,0,198,3545615,2357381,1148878,280500,60060,104533,114930,0,1578,587277,194909,-424159,0,619068,619068,1241514,11639142,144680,0,1366523,1969320,0,3.0,0.0,2.0,0.0,1.0,772.5151516999999,797.727273,516.318182,511.44090919999996,767.8454547333333,1.741526,21.350714333333332,1.0,1.0,1.25,0.925,0,0:1.0500|1:0.9300|2:1.0300|3:0.9400|4:0.9500|5:1.1000|6:0.8200|,Hüseyin Tekin:4:65644,2393456,8,245306,2371,30,32.40278484832674,33.164005797971974,0,341971
Temkinli,22,2431,2017,10,1270,1034,236,4786,178,56,0,0,210,3477730,2317001,1136239,289850,62062,109351,120218,0,1048,553710,-81909,-850875,0,768966,768966,1046648,10547809,144680,0,1391053,2034964,0,3.0,0.0,2.0,0.0,1.0,785.1246335806452,806.818182,529.318182,523.9912022903226,777.6671554838709,1.762901,20.28784564516129,1.0,1.0,1.25,0.925,0,0:1.0500|1:0.9300|2:1.0300|3:0.9400|4:0.9500|5:1.1000|6:0.8200|,Hüseyin Tekin:4:65644,2390976,8,245306,2401,31,32.67185779229555,32.5816361682619,0,308404
Temkinli,22,2461,2017,11,1175,963,212,4562,155,41,0,0,187,3329285,2220138,1085235,280500,60060,107173,117840,0,500,519162,-189195,-788097,0,598902,598902,1003908,9721449,144680,0,1415583,1969320,0,3.0,0.0,2.0,0.0,1.0,799.7272729666666,817.272727,541.272727,535.5318181333333,791.1393939333334,1.785264,20.17318936666667,1.0,1.0,1.25,0.925,0,0:1.0500|1:0.9300|2:1.0300|3:0.9400|4:0.9500|5:1.1000|6:0.8200|,Hüseyin Tekin:4:65644,2255706,8,245306,2432,30,32.59663861760108,32.31783568014433,0,273856
Temkinli,22,2492,2017,12,1271,1044,227,4679,218,66,0,0,182,3824410,2595337,1207283,289850,62062,112080,135563,0,0,607728,201388,-495055,0,696443,563930,1070996,9497087,154434,0,1441767,2039591,0,3.0,0.0,2.0,0.0,1.0,806.5762463225807,827.272727,547.0703813225806,543.7785923870968,801.186217032258,1.807175,20.70911506451613,0.9580645161290322,0.9580645161290322,1.2479032258064517,0.897454870967742,1,0:1.0500|1:0.9300|2:1.0300|3:0.9400|4:0.9500|5:1.1000|6:0.8200|,Hüseyin Tekin:4:65644,2648702,8,261844,2462,31,31.567823533564653,32.173754952884366,0|1,345884
Temkinli,22,2523,2018,1,1106,856,250,3975,270,34,0,0,193,3506100,2376237,1103715,307850,66247,113498,137299,0,3294,475527,-278663,-832531,0,553868,686381,1146364,8616706,154434,0,1467951,2178401,0,3.0,0.0,2.0,0.0,1.0,823.0865103870967,837.5,554.8035190322581,551.0806451290323,810.601173032258,1.8301,19.151864387096776,0.9,0.9,1.2266666774193549,0.7907742903225806,1,0:1.0500|1:0.9300|2:1.0300|3:0.9400|4:0.9500|5:1.1000|6:0.8200|,Hüseyin Tekin:4:70271,2398060,8,261844,2493,31,31.479849405322152,32.594750122762356,1,213683
Temkinli,22,2551,2018,2,1021,786,235,3711,229,58,0,0,176,3138975,2096324,1024664,278600,59836,103579,125300,0,4324,453025,186290,-397995,0,584285,584285,1108010,8164784,154434,0,1494135,1967588,0,3.0,0.0,2.0,0.0,1.0,822.9788958214286,846.5909089999999,541.7256493928571,546.3814934642858,819.69967525,1.849195,20.71524217857143,0.9,0.9,1.2020833214285713,0.8,1,0:1.0500|1:0.9300|2:1.0300|3:0.9400|4:0.9500|5:1.1000|6:0.8200|,Hüseyin Tekin:4:70271,2115692,8,261844,2524,28,32.64326730859596,34.17502536900999,1,191181
Temkinli,22,2582,2018,3,1180,933,247,4185,234,33,0,0,209,3171005,2096064,1052825,308450,66247,115762,127317,0,1991,433058,-101861,-654831,0,552970,552970,868026,7290143,154434,0,1520319,2178401,0,3.0,0.0,2.0,0.0,1.0,827.0307915806452,854.318182,550.6158357096775,547.4985337419355,828.7448680967742,1.866614,21.184619967741934,0.9,0.9,1.1775,0.8,1,0:1.0500|1:0.9300|2:1.0300|3:0.9400|4:0.9500|5:1.1000|6:0.8200|,Hüseyin Tekin:4:70271,2109426,8,261844,2552,31,33.20161904506615,33.42257128572872,1,171214
Temkinli,22,2612,2018,4,1139,906,233,4138,199,35,0,0,200,3214115,2083456,1111450,298500,64110,113198,124470,0,1151,510021,208320,-519631,0,727951,727951,946290,6799873,154434,0,1546503,2108130,0,3.0,0.0,2.0,0.0,1.0,847.0000000333333,863.863636,552.1075757,550.3742425666666,842.1590909666667,1.886091,20.522293766666667,0.9,0.9,1.1520833333333333,0.8,1,0:1.0500|1:0.9300|2:1.0300|3:0.9400|4:0.9500|5:1.1000|6:0.8200|,Hüseyin Tekin:4:70271,2150162,8,261844,2583,30,34.580281041593096,34.816106767618415,1,248177
Temkinli,22,2643,2018,5,1208,952,256,4215,263,23,0,0,200,3326805,2157202,1156959,308450,66247,118150,129921,0,3061,531130,585226,-29678,0,614904,614904,980908,6820473,154434,0,1572687,2178401,0,3.0,0.0,2.0,0.0,1.0,850.0073313225806,871.590909,551.8900293548387,550.9926687741935,847.431085,1.905133,20.257266387096774,0.9,0.9,1.126666677419355,0.8,1,0:1.0500|1:0.9300|2:1.0300|3:0.9400|4:0.9500|5:1.1000|6:0.8200|,Hüseyin Tekin:4:70271,2151734,8,261844,2613,31,34.7768805204994,35.07232125914516,1,269286
Temkinli,22,2673,2018,6,1177,949,228,4387,231,18,0,0,194,3153588,2017157,1111425,298500,64110,115539,146100,0,3456,483720,-82850,-635994,0,553144,553144,872618,6079246,165814,0,1600801,2113149,0,3.0,0.0,2.0,0.0,1.0,860.0833334333333,880.909091,554.5227272666667,553.0075757,851.4333333333333,1.925011,20.095596033333333,0.9,0.9,1.10125,0.8,1,0:1.0500|1:0.9300|2:1.0300|3:0.9400|4:0.9500|5:1.1000|6:0.8200|,Hüseyin Tekin:4:70271,2040954,8,281137,2644,30,35.24318966206112,35.52686051326109,1,202583
Temkinli,22,2704,2018,7,1215,995,220,4926,235,14,0,0,171,3693561,2386813,1290213,329450,71145,120599,152489,0,4039,612491,-565448,-1262007,0,696559,696559,1032128,4961184,165814,0,1628915,2333990,0,3.0,0.0,2.0,0.0,1.0,869.1642228387096,889.772727,567.6744868387098,562.5542522258065,860.4413489354839,1.944446,20.1468524516129,0.9,0.9,1.0758333225806451,0.8,1,0:1.0500|1:0.9300|2:1.0300|3:0.9400|4:0.9500|5:1.1000|6:0.8200|,Hüseyin Tekin:4:75290,2407494,8,281137,2674,31,34.931411718934655,34.68731547823353,1,331354
Temkinli,22,2735,2018,8,1168,887,281,4296,249,13,0,0,218,3226097,2088560,1123890,330150,71145,121840,154101,0,2868,443786,-741593,-1299228,0,557635,557635,973014,3540701,165814,0,1657029,2333990,0,3.0,0.0,2.0,0.0,1.0,879.0909091935484,899.090909,571.5146627419355,569.0997067419354,868.7052787419354,1.964735,19.551635451612903,0.9,0.9,1.0499999999999998,0.8,1,0:1.0500|1:0.9300|2:1.0300|3:0.9400|4:0.9500|5:1.1000|6:0.8200|,Hüseyin Tekin:4:75290,2140520,8,281137,2705,31,34.837452190681184,34.98799080219976,1,162649
Temkinli,22,2765,2018,9,1171,919,252,4108,211,25,0,0,215,3378325,2216884,1127920,319500,68850,119141,131040,0,4601,484788,148025,-610134,0,758159,613916,883536,3017144,165814,0,1685143,2258700,0,3.0,0.0,2.0,0.0,1.0,877.0757576,908.1818179999999,578.1893939333333,575.1727272333334,868.6924242333333,1.985235,20.9845183,0.9,0.9,1.0245833333333334,0.8,1,0:1.0500|1:0.9250|2:1.0300|3:0.9350|4:0.9450|5:1.1000|6:0.8200|,Hüseyin Tekin:4:75290,2253790,8,281137,2736,30,33.38695951396032,34.077599463531975,1,203651
Temkinli,22,2796,2018,10,1200,947,253,4322,315,30,0,0,196,3888835,2553072,1312995,330150,71145,124382,136772,0,1147,649399,434752,-211065,0,645817,790060,1213560,2978081,165814,0,1713257,2333990,0,3.0,0.0,2.0,0.0,1.0,884.6114371290322,916.818182,578.5718477096774,577.4252200967742,877.5733137096773,2.005278,20.339792741935486,0.9,0.9,1.0028225806451612,0.8,1,0:1.0500|1:0.9300|2:1.0300|3:0.9400|4:0.9500|5:1.1000|6:0.8200|,Hüseyin Tekin:4:75290,2589102,8,281137,2766,31,33.76319643286485,34.59593405355383,1,368262
Temkinli,22,2826,2018,11,1220,987,233,4657,197,35,0,0,194,4209785,2720500,1467549,319500,68850,121601,133740,0,1569,822289,1253317,575106,0,678211,678211,1282206,3698282,165814,0,1741371,2258700,0,3.0,0.0,2.0,0.0,1.0,886.8712122333333,927.045455,566.909091,570.9606060333333,886.0742424333333,2.026201,22.481239300000002,0.9433333333333334,0.9433333333333334,1.0,0.8173333333333334,none,0:1.0500|1:0.9200|2:1.0300|3:0.9300|4:0.9400|5:1.1000|6:0.8200|,Hüseyin Tekin:4:75290,2674340,8,281137,2797,30,34.86042636381668,36.077630756285295,1|none,541152
Temkinli,22,2857,2018,12,1284,1029,255,5096,132,73,0,0,226,4544860,2926110,1596288,330150,71145,126926,153543,0,6885,907639,2130660,1237315,0,893345,893345,1423332,5067956,175567,0,1771138,2338229,0,3.0,0.0,2.0,0.0,1.0,890.8284457741936,936.590909,571.5,570.5322579032259,894.1656891612903,2.046658,23.26095187096774,1.0,1.0,1.0,0.9670967741935484,none,0:1.0500|1:0.9100|2:1.0300|3:0.9200|4:0.9300|5:1.1000|6:0.8200|,Hüseyin Tekin:4:75290,2951478,8,297675,2827,31,35.12293007925437,35.84623361422573,none,609964
Temkinli,22,2888,2019,1,1326,1067,259,5334,98,89,0,0,235,4786205,3138633,1616874,348150,75330,128250,155155,0,4744,905245,1362303,634349,0,727954,727954,1300596,5480601,175567,0,1800905,2465399,0,3.0,0.0,2.0,0.0,1.0,897.2653958064516,946.3636359999999,590.954545,585.048387032258,896.4222873870967,2.068013,22.4350505483871,1.0,1.0,1.0,1.0,2,0:1.0500|1:0.9250|2:1.0300|3:0.9350|4:0.9450|5:1.1000|6:0.8200|,Hüseyin Tekin:4:79529,3193692,8,297675,2858,31,33.781962953947854,34.13826636333645,none|2,607570
Temkinli,22,2916,2019,2,1115,891,224,4572,126,57,0,0,189,4491120,2892005,1580015,315000,68040,116790,141260,0,12057,926868,1698792,935892,0,762900,762900,1224312,6417143,175567,0,1830672,2226812,0,3.0,0.0,2.0,0.0,1.0,915.3327921428572,954.0909089999999,586.4090910000001,587.0292207142858,910.2548701071429,2.084821,21.435163035714286,1.0,1.0,1.0,1.0,2,0:1.0500|1:0.9300|2:1.0300|3:0.9400|4:0.9500|5:1.1000|6:0.8200|,Hüseyin Tekin:4:79529,2941116,8,297675,2889,28,35.18086802401183,35.934875704914276,2,629193
Temkinli,22,2947,2019,3,978,801,177,3904,116,16,0,0,153,3596990,2288167,1289967,348750,75330,130234,143220,0,11327,581106,-538879,-1294868,0,755989,605309,955886,4982350,175567,0,1860439,2465399,0,3.0,0.0,2.0,0.0,1.0,931.6642230322581,962.045455,596.909091,592.7844575483871,925.4252199354839,2.10012,20.503760967741936,1.0,1.0,1.0,1.0,2,0:1.0500|1:0.9300|2:1.0300|3:0.9400|4:0.9500|5:1.1000|6:0.8200|,Hüseyin Tekin:4:79529,2344628,8,297675,2917,31,35.86240161913155,35.93087764417325,2,283431
Temkinli,22,2977,2019,4,856,682,174,3263,102,7,0,0,160,2916000,1863866,1033364,337500,72900,127054,139740,0,8948,347222,-1128031,-1691629,0,563598,714278,837964,3013380,175567,0,1890206,2385870,0,3.0,0.0,2.0,0.0,1.0,937.0530304333333,969.090909,600.863636,597.7015150999999,930.0909090333333,2.117189,19.430181933333333,1.0,1.0,1.0,1.0,2,0:1.0500|1:0.9300|2:1.0300|3:0.9400|4:0.9500|5:1.1000|6:0.8200|,Hüseyin Tekin:4:79529,1879844,8,297675,2948,30,35.43772290809328,35.877307208308686,2,49547
Temkinli,22,3008,2019,5,1092,857,235,4530,130,17,0,0,204,4102610,2628240,1447258,348750,75330,132342,145514,0,15697,729625,860991,161640,0,699351,699351,1213672,3546228,175567,0,1919973,2465399,0,3.0,0.0,2.0,0.0,1.0,933.4090907096775,976.590909,594.5,595.9134897419355,929.2492667741935,2.13384,21.09524841935484,1.0,1.0,1.0,1.0,2,0:1.0500|1:0.9250|2:1.0300|3:0.9350|4:0.9450|5:1.1000|6:0.8200|,Hüseyin Tekin:4:79529,2648440,8,297675,2978,31,35.27651909394264,36.308741159999045,2,431950
Temkinli,22,3038,2019,6,968,765,203,3869,91,2,0,0,186,3300170,2121934,1146503,337500,72900,129094,163260,0,9575,434174,-1105706,-1818694,0,712988,578137,1080924,1641347,185321,0,1951394,2390403,0,3.0,0.0,2.0,0.0,1.0,949.5984847333333,984.3181820000001,621.954545,611.5257574999999,944.5560605666667,2.151183,19.127992433333336,1.0,1.0,1.0,1.0,2,0:1.0500|1:0.9300|2:1.0300|3:0.9400|4:0.9500|5:1.1000|6:0.8200|,Hüseyin Tekin:4:79529,2246040,8,314212,3009,30,34.74072547777842,34.50341855014042,2,119962
Temkinli,22,3069,2019,7,1043,844,199,4173,78,13,0,0,183,3426390,2210409,1198097,366750,79515,134451,170035,0,8112,439234,-765951,-1377109,0,611158,746009,1009716,114466,0,0,1797494,2605922,0,3.0,0.0,2.0,0.0,1.0,949.3695016129032,992.5,607.727273,612.3416422580644,948.643695032258,2.1681009999999996,20.340132806451614,1.0,1.0,1.0,1.0,2,0:1.0500|1:0.9300|2:1.0300|3:0.9400|4:0.9500|5:1.1000|6:0.8200|,Hüseyin Tekin:4:84062,2160930,8,0,3039,31,34.966743423836746,35.98622328108079,2,439234
Temkinli,22,3100,2019,8,935,517,418,2237,51,722,0,0,149,2179813,1390360,786197,367350,79515,135537,171430,0,170361,-137996,-3303290,-3915949,0,612659,180583,956924,-1366673,0,0,1643594,2605922,0,3.0,0.0,2.0,0.0,1.0,961.4662757741935,1000.909091,611.9589444193548,610.3885626774195,956.5205278709677,2.185722,15.116236870967741,1.0,1.0,1.0,1.0,2,0:1.0500|1:0.9300|2:1.0300|3:0.9400|4:0.9500|5:1.1000|6:0.8200|,Hüseyin Tekin:4:84062,411640,8,0,3070,31,36.067176404581495,36.351491483506045,2,-137996
Temkinli,22,3130,2019,9,670,0,670,0,0,1488,0,0,0,3966,0,3966,355500,76950,132245,145440,0,109823,-815992,-10163073,-10200422,0,37349,0,956924,-11422816,0,0,1489694,2521860,0,3.0,0.0,2.0,0.0,1.0,979.2196968000001,1008.863636,647.1121211666667,610.454545,972.4833334666667,2.203487,5.0,1.0,1.0,1.0,1.0,2,0:1.0500|1:0.9300|2:1.0300|3:0.9400|4:0.9500|5:1.1000|6:0.8200|,Hüseyin Tekin:4:84062,0,8,0,3101,30,100.0,33.91553261424687,2,-815992
Temkinli,22,3161,2019,10,1001,629,372,3415,64,548,0,0,122,2987361,2264441,700256,367350,79515,137738,151466,0,41869,-77682,-3486209,-3487096,0,887,662411,0,3134320,123547,0,1459341,840620,0,3.0,0.0,2.0,0.0,1.0,933.4384165483871,1016.1363640000001,684.4296188387096,659.7844572903226,921.4164224193548,2.220816,16.398899967741936,1.0,1.0,1.0,1.0,2,0:1.0500|1:0.9100|2:1.0300|3:0.9200|4:0.9300|5:1.1000|6:0.8200|,Hüseyin Tekin:4:84062,3327406,1,209475,3131,31,23.440622007182927,26.67651055443457,2,-287157
Temkinli,22,3191,2019,11,1214,944,270,4974,64,38,0,0,258,4494759,3435634,1030394,355500,76950,134375,147780,0,4269,311520,146289,121455,0,24834,24834,0,3149280,123547,0,1428988,0,0,3.0,0.0,2.0,0.0,1.0,907.363636,1024.545455,696.8454546666667,693.3318181666667,900.2030304,2.238867,27.0911557,1.0,1.0,1.0,1.0,2,0:1.0500|1:0.8900|2:1.0300|3:0.9000|4:0.9100|5:1.1000|6:0.8200|,,3570860,1,209475,3162,30,22.924343663364375,23.20108201176946,2,102045
Temkinli,22,3222,2019,12,1072,861,211,3919,80,33,0,0,203,3871709,3008937,838939,367350,79515,139940,169291,0,7401,75442,65435,784,0,64651,64651,0,3180166,135469,0,1395707,0,0,3.0,0.0,2.0,0.0,1.0,908.1744866129033,1032.954545,705.6275659354839,701.7961877419355,906.7023459677418,2.256474,26.988801161290322,1.0,1.0,1.0,1.0,2,0:1.0500|1:0.8900|2:1.0300|3:0.9000|4:0.9100|5:1.1000|6:0.8200|,,3002668,1,229687,3192,31,21.66844150735502,22.30264378300601,2,-154245
Temkinli,22,3253,2020,1,1311,978,333,5084,106,68,0,0,311,5097457,3975982,1081036,400350,87172,141121,170655,0,6359,275379,155984,86890,0,69094,69094,0,3306365,135469,0,1362426,0,0,3.0,0.0,2.0,0.0,1.0,911.612902967742,1040.681818,707.8079178064515,706.545454483871,914.3196483548387,2.274814,27.478609161290326,1.0,1.0,1.0,1.0,2,0:1.0500|1:0.8900|2:1.0300|3:0.9000|4:0.9100|5:1.1000|6:0.8200|,,3977112,1,229687,3223,31,21.20735888502836,22.356527041006814,2,45692
Temkinli,22,3282,2020,2,1055,782,273,4000,85,24,0,0,252,3910971,3022483,853192,375550,81548,134076,162139,0,6382,93497,-61129,-113368,0,52239,52239,0,3084500,135469,0,1329145,0,0,3.0,0.0,2.0,0.0,1.0,930.6739815172414,1057.5,718.2711597931035,713.7241378965517,928.9137933448276,2.310313,26.86809975862069,1.0,1.0,1.0,1.0,2,0:1.0500|1:0.9000|2:1.0300|3:0.9100|4:0.9200|5:1.1000|6:0.8200|,,3166276,1,229687,3254,29,21.815349691930724,22.822473384059354,2,-136190
Temkinli,22,3313,2020,3,1063,786,277,4279,76,38,0,0,260,4072725,3096749,952782,401450,87172,145401,159867,0,6439,152453,-32136,-105745,0,73609,73609,0,3033996,135469,0,1295864,0,0,3.0,0.0,2.0,0.0,1.0,946.9721407741935,1072.954545,719.2155425483871,717.7624633225807,942.0014662580645,2.344024,27.71756164516129,1.0,1.0,1.0,1.0,2,0:1.0500|1:0.9050|2:1.0300|3:0.9150|4:0.9250|5:1.1000|6:0.8200|,,3064702,1,229687,3283,31,23.394213947664035,24.051034705160895,2,-77234
Temkinli,22,3343,2020,4,1485,1129,356,6414,104,35,0,0,340,5715673,4312425,1371765,388500,84360,142902,157110,0,6145,592748,339241,-133765,384646,88360,88360,2276368,5069231,135469,0,1262583,0,0,3.0,0.0,2.0,0.0,1.0,962.8257577,1090.0,725.5787878,723.8318182,958.0484851,2.380603,29.0024045,1.0,1.0,1.0,1.0,none,0:1.0500|1:0.9100|2:1.0300|3:0.9200|4:0.9300|5:1.1000|6:0.8200|,,4377132,1,229687,3314,30,24.00006088521859,24.640696201017313,2|none,363061
Temkinli,22,3374,2020,5,1663,1279,384,7615,109,98,0,2,364,6616105,4993735,1581365,401450,87172,149899,164796,0,10788,767260,668584,174884,383225,110475,84964,2244716,5163487,135469,0,1229302,0,0,3.0,0.0,2.0,0.0,1.0,971.7888559032258,1106.363636,735.4692081612903,732.4193548387096,971.8958940645161,2.416546,30.964971387096774,1.0,1.0,1.0,1.0,none,0:1.0500|1:0.9100|2:1.0300|3:0.9200|4:0.9300|5:1.1000|6:0.8200|,,5033662,1,229687,3344,31,23.901751861556008,24.318003474354413,none,537573
Temkinli,22,3404,2020,6,1629,1258,371,6972,82,59,0,0,353,5869309,4347964,1472594,388500,84360,147344,186270,0,10538,655582,448885,-24719,381777,91827,117338,2015570,4759691,149557,0,1192559,0,0,3.0,0.0,2.0,0.0,1.0,994.4015149,1123.6363640000002,745.0727272,741.5257576333333,987.3000001333334,2.454257,29.566214566666666,1.0,1.0,1.0,1.0,none,0:1.0500|1:0.9150|2:1.0300|3:0.9250|4:0.9350|5:1.1000|6:0.8200|,,4444122,1,253575,3375,30,25.089733731858384,25.073250992087765,none,402007
Temkinli,22,3435,2020,7,1629,1229,400,7430,75,41,0,0,387,6098452,4662539,1411011,440450,96255,154550,195393,0,7959,516404,470823,2566,380301,87956,87956,2320316,4919817,149557,0,1155816,0,0,3.0,0.0,2.0,0.0,1.0,1000.278592483871,1140.681818,774.8211143870968,765.3577712580644,1002.626099516129,2.491312,30.675505645161287,0.9790322580645161,0.9790322580645161,1.0,0.9865207419354838,3,0:1.0500|1:0.9150|2:1.0300|3:0.9250|4:0.9350|5:1.1000|6:0.8200|,,4756138,1,253575,3405,31,23.137199407325006,22.539468483167557,none|3,262829
Temkinli,22,3466,2020,8,1598,1227,371,7154,126,34,0,0,361,6420159,4813982,1565743,441750,96255,156939,198431,0,11044,661324,487867,-3067,378796,112138,112138,2105396,4694416,149557,0,1119073,0,0,3.0,0.0,2.0,0.0,1.0,1025.0219937096774,1158.409091,772.6554251935484,772.3797654193548,1018.2023460322581,2.5301889999999996,30.31640787096774,0.95,0.95,1.0,0.9251728064516129,3,0:1.0500|1:0.9300|2:1.0300|3:0.9400|4:0.9500|5:1.1000|6:0.8200|,,4781836,1,253575,3436,31,24.387916249426222,24.620600344660332,3,407749
Temkinli,22,3496,2020,9,1601,1238,363,7567,134,97,0,0,340,7415867,5542316,1823937,427500,93150,154248,169590,0,12419,967030,795531,306724,377263,111544,111544,2595844,5469719,149557,0,1082330,0,0,3.0,0.0,2.0,0.0,1.0,1030.3636362,1176.3636359999998,768.3166666666667,769.8636363666667,1033.6545454,2.569674,32.3287118,0.95,0.95,1.0,0.925,3,0:1.0500|1:0.9300|2:1.0300|3:0.9400|4:0.9500|5:1.1000|6:0.8200|,,5532272,1,253575,3467,30,24.59506083375012,25.432474548477593,3,713455
Temkinli,22,3527,2020,10,1727,1327,400,7685,112,97,0,0,379,7411940,5588257,1775715,441750,96255,161808,177909,0,10461,887532,737442,255340,375701,106401,106401,2670454,5666989,149557,0,1045587,0,0,3.0,0.0,2.0,0.0,1.0,1055.300586516129,1193.863636,800.8211143548388,792.9076246129033,1049.284457483871,2.608471,31.138449,0.95,0.95,1.0,0.925,3,0:1.0500|1:0.9300|2:1.0300|3:0.9400|4:0.9500|5:1.1000|6:0.8200|,,5685816,1,253575,3497,31,23.957492910088316,24.114406398787768,3,633957
Temkinli,22,3557,2020,11,1586,1182,404,7282,105,82,0,0,379,7075385,5483866,1538553,427500,93150,159020,174840,0,10242,673801,506148,9825,374108,122215,122215,2780700,5579788,149557,0,1008844,0,0,3.0,0.0,2.0,0.0,1.0,1055.0,1212.5,818.9060605666667,813.9393939,1064.6212122666666,2.649177,32.07978633333333,0.95,0.95,1.0,0.925,3,0:1.0500|1:0.9300|2:1.0300|3:0.9400|4:0.9500|5:1.1000|6:0.8200|,,5659422,1,253575,3528,30,21.74514885055725,22.378572458135856,3,420226
Temkinli,22,3588,2020,12,1710,1290,420,7367,168,100,0,0,383,7998520,6152795,1804823,441750,96255,166802,201748,0,23426,874842,863887,386704,372485,104698,104698,2596330,5779650,172316,0,966510,0,0,3.0,0.0,2.0,0.0,1.0,1080.1099706451614,1230.909091,827.9706744193549,825.5131963870967,1081.6304982903227,2.689175,30.821445903225808,0.95,0.95,1.0,0.925,3,0:1.0500|1:0.9300|2:1.0300|3:0.9400|4:0.9500|5:1.1000|6:0.8200|,,6109864,1,292162,3558,31,22.56446192545621,23.343854151739848,3,582680
Temkinli,22,3619,2021,1,1657,1272,385,7616,145,138,0,0,349,8890972,6778174,2066079,504750,110887,169445,204879,0,9882,1066236,824118,301835,370831,151452,127769,3228768,6586908,172316,0,924176,0,0,3.0,0.0,2.0,0.0,1.0,1090.7917892580645,1250.227273,824.7082110645161,825.5366569677419,1098.4340176774194,2.731141,31.947166838709677,0.95,0.95,1.0,0.925,3,0:1.0500|1:0.9300|2:1.0300|3:0.9400|4:0.9500|5:1.1000|6:0.8200|,,6887632,1,292162,3589,31,23.237942938072464,24.39361762839572,3,774074
Temkinli,22,3647,2021,2,1437,1049,388,5792,118,93,0,0,357,6839099,5111252,1693714,457800,100156,156494,189224,0,15125,774915,456685,-21956,369145,109496,105998,2899074,6097862,172316,0,881842,0,0,3.0,0.0,2.0,0.0,1.0,1130.6331171071429,1278.1818179999998,844.7629870000001,838.8181819285713,1122.5487014642856,2.792682,29.37991017857143,0.95,0.95,1.0,0.925,3,0:1.0500|1:0.9300|2:1.0300|3:0.9400|4:0.9500|5:1.1000|6:0.8200|,,5196634,1,292162,3620,28,24.765162779483088,25.284075424800488,3,482753
Temkinli,22,3653,2021,3,326,238,88,1344,17,20,0,0,81,1454485,1069586,380925,98100,21462,34194,37614,0,3081,186474,180774,-186653,367427,0,27181,2788532,5727907,0,0,881842,0,0,3.0,0.0,2.0,0.0,1.0,1154.0151516666667,1304.318182,868.6287876666667,850.9090908333334,1146.1212118333333,2.849458,30.264025833333335,0.9499999999999998,0.9499999999999998,1.0,0.9250000000000002,3,0:1.0500|1:0.9300|2:1.0300|3:0.9400|4:0.9500|5:1.1000|6:0.8200|,,1027776,1,0,3648,6,26.189682258668874,24.7298628261367,3,186474
Temkinli,23,25,2011,3,1334,1213,121,5595,213,59,0,0,98,2367435,1726862,630254,171250,38525,50012,55000,0,5000,310467,189192,134541,0,54651,54651,548746,183016,71527,0,12127,0,0,3.0,1.0,2.0,0.0,0.0,450.45454568,457.7272730000001,321.37636363999997,329.9,448.3745454,1.0,27.22310308,1.0,1.0,1.0,1.0,none,0:1.0000|1:0.9200|2:1.0300|3:0.9400|4:0.9500|5:1.1000|6:0.8200|,,1994896,1,121275,1,25,26.62180799050449,28.65509589766608,none,189192
Temkinli,23,55,2011,4,1664,1526,138,7068,187,102,0,2,108,2926070,2042663,860825,205500,46230,60374,66390,0,11997,470334,399355,295331,0,104024,110971,988798,937603,71527,0,24254,0,0,3.0,1.0,2.0,0.0,0.0,443.65151499999996,459.09090899999995,306.5000001,310.0439394333333,442.69696966666663,1.00592,28.385266933333334,1.0,1.0,1.0,1.0,none,0:1.0000|1:0.9150|2:1.0300|3:0.9300|4:0.9500|5:1.1000|6:0.8200|,,2044928,1,121275,26,30,29.419152651850435,30.91424468594454,none,349059
Temkinli,23,86,2011,5,1695,1563,132,7315,220,84,0,0,101,2964680,2049568,891903,212350,47771,62821,69099,0,5464,494398,373123,248647,0,124476,129940,928132,1118508,71527,0,36381,0,0,3.0,1.0,2.0,0.0,0.0,449.7507330322581,464.31818200000004,312.0058650645162,310.4266863225806,448.3049852903226,1.01307,29.591813032258063,1.0,1.0,1.0,1.0,none,0:1.0000|1:0.9150|2:1.0300|3:0.9300|4:0.9500|5:1.1000|6:0.8200|,,2077628,1,121275,56,31,30.08429240255272,30.62693573372392,none,373123
Temkinli,23,116,2011,6,1596,1457,139,6613,163,72,0,0,117,2553670,1759892,777660,205500,46230,61245,77460,0,5100,382125,249825,166693,0,83132,83132,808334,1154516,78030,0,49611,0,0,3.0,1.0,2.0,0.0,0.0,459.71212116666663,466.818182,319.94999996666667,317.12575763333336,455.38181820000005,1.020512,27.335123866666667,1.0,1.0,1.0,1.0,none,0:1.0000|1:0.9300|2:1.0300|3:0.9400|4:0.9500|5:1.1000|6:0.8200|,,1784590,1,132300,87,30,30.45264266722012,30.40209617386395,none,249825
Temkinli,23,147,2011,7,1765,1601,164,7401,131,65,0,0,136,2808635,1933544,858830,224350,50561,63751,80600,0,5150,434418,363348,252032,0,111316,85240,782104,1409333,78030,0,62841,0,0,3.0,1.0,2.0,0.0,0.0,460.8797654516129,470.227273,318.95307922580645,318.79178893548385,458.31818174193546,1.027766,26.793797741935485,1.0,1.0,1.0,1.0,none,0:1.0000|1:0.9300|2:1.0300|3:0.9400|4:0.9500|5:1.1000|6:0.8200|,,1945862,1,132300,117,31,30.578199018384375,30.794731482024055,none,302118
Temkinli,23,178,2011,8,1670,1518,152,7397,128,80,0,2,118,2664860,1841949,804700,224750,50561,64216,81189,0,0,383984,349150,266110,0,83040,109116,852722,1701077,78030,0,76071,0,0,3.0,1.0,2.0,0.0,0.0,457.4633429677419,474.090909,317.5205279032258,318.0821114516129,457.4589442258064,1.035317,27.12647106451613,1.0,1.0,1.0,1.0,none,0:1.0500|1:0.9200|2:1.0300|3:0.9300|4:0.9400|5:1.1000|6:0.8200|,,1876604,1,132300,148,31,30.196708269852824,30.59104455378935,none,251684
Temkinli,23,208,2011,9,1587,1428,159,6730,192,100,0,0,121,2931220,2033577,874327,217500,48930,62595,68820,0,12559,463923,398740,305791,0,92949,100308,887788,2059088,78030,0,89301,0,0,3.0,1.0,2.0,0.0,0.0,464.5833331,477.272727,324.25606053333337,322.2166667666667,464.80151516666666,1.042922,25.9832624,1.0,1.0,1.0,1.0,none,0:1.0500|1:0.9300|2:1.0300|3:0.9400|4:0.9500|5:1.1000|6:0.8200|,,2036340,1,132300,179,30,29.82809205723214,30.204973482434777,none,331623
Temkinli,23,239,2011,10,1631,1486,145,6587,190,87,0,2,110,2939200,2003258,917488,224750,50561,65146,71641,0,5250,500140,367840,236477,0,131363,131363,0,1385178,78030,0,102531,0,0,3.0,1.0,2.0,0.0,0.0,473.8709679032258,481.136364,322.6129031612904,322.7170087419355,471.91788864516127,1.050335,25.58284806451613,1.0,1.0,1.0,1.0,none,0:1.0500|1:0.9300|2:1.0300|3:0.9400|4:0.9500|5:1.1000|6:0.8200|,,2044154,1,132300,209,31,31.21556886227545,31.919673283893903,none,367840
Temkinli,23,269,2011,11,1575,1436,139,6437,207,86,0,3,105,2847275,1967059,864290,217500,48930,63495,69840,0,4350,460175,327875,232180,0,95695,100045,0,1652005,78030,0,115761,0,0,3.0,1.0,2.0,0.0,0.0,469.3030305666667,484.545455,321.7318181666667,322.2136364,470.819697,1.058051,26.979967966666667,1.0,1.0,1.0,1.0,none,0:1.0500|1:0.9300|2:1.0300|3:0.9400|4:0.9500|5:1.1000|6:0.8200|,,1946538,1,132300,240,30,30.354988541675812,31.44476016313234,none,327875
Temkinli,23,300,2011,12,1582,1441,141,6769,209,109,0,0,97,3171880,2103181,1048981,224750,50561,66077,79949,0,14827,612817,475005,350256,0,124749,134226,0,1990424,81281,0,129542,0,0,3.0,1.0,2.0,0.0,0.0,483.22580641935485,487.5,317.9281524193549,319.36070400000006,477.43401758064516,1.065572,24.33412609677419,1.0,1.0,1.0,1.0,none,0:1.0500|1:0.9300|2:1.0300|3:0.9400|4:0.9500|5:1.1000|6:0.8200|,,2134138,1,137812,270,31,33.0712700354364,34.207124661829575,none,475005
Temkinli,23,331,2012,1,1525,1345,180,5889,251,95,0,0,130,2869280,1932834,918777,232250,52297,66569,80538,0,0,487123,479819,352621,0,127198,127198,0,2312603,81281,0,143323,0,0,3.0,1.0,2.0,0.0,0.0,487.360703967742,491.81818200000004,330.3475073548387,326.79472145161293,478.7052786451613,1.0734,23.751582677419357,1.0,1.0,1.0,1.0,none,0:1.0500|1:0.9300|2:1.0300|3:0.9400|4:0.9500|5:1.1000|6:0.8200|,,1978302,1,137812,301,31,32.02116907377461,32.21704075330946,none,349311
Temkinli,23,360,2012,2,1450,1288,162,5927,220,125,0,0,103,2936805,1982456,940936,217500,48923,62623,75777,0,12067,524046,386234,266275,0,119959,126626,0,2580455,81281,0,157104,0,0,3.0,1.0,2.0,0.0,0.0,484.92946706896555,494.3181819999999,324.4576803103448,325.90595603448276,483.59090896551726,1.079586,24.85447017241379,1.0,1.0,1.0,1.0,none,0:1.0500|1:0.9300|2:1.0300|3:0.9400|4:0.9500|5:1.1000|6:0.8200|,,1993414,1,137812,332,29,32.039444225953034,33.09177883714763,none,386234
Temkinli,23,391,2012,3,1712,1558,154,8524,215,99,0,0,118,3498485,2557918,923149,232500,52297,67313,74028,0,0,497011,524225,427903,0,96322,96322,0,3043498,81281,0,170885,0,0,3.0,1.0,2.0,0.0,0.0,457.3607037741935,496.590909,334.8870967096774,332.3841642903226,444.74926654838714,1.085405,31.823301483870967,1.0,1.0,1.0,1.0,none,0:1.0500|1:0.9100|2:1.0300|3:0.9200|4:0.9300|5:1.1000|6:0.8200|,,2539772,1,137812,361,31,26.387107562273385,26.778340608156697,none,359199
Temkinli,23,421,2012,4,1781,1589,192,8184,176,132,0,5,155,3411570,2573431,817377,225000,50610,65502,72060,0,5450,398755,260943,151661,0,109282,109282,0,3179401,81281,0,184666,0,0,3.0,1.0,2.0,0.0,0.0,441.3409092333333,499.318182,331.7727274,332.6484848,438.71060616666665,1.09166,34.838454,1.0,1.0,1.0,1.0,none,0:1.0500|1:0.8900|2:1.0300|3:0.9000|4:0.9100|5:1.1000|6:0.8200|,,2608278,1,137812,392,30,23.95896903771577,24.826201138631703,none,260943
Temkinli,23,452,2012,5,1987,1801,186,9602,164,116,0,7,140,3820805,2844696,956593,230000,51735,68058,74865,0,5500,526435,388623,278871,0,109752,109752,0,3468583,81281,0,198447,0,0,2.967741935483871,0.967741935483871,2.0,0.0,0.0,441.136364,502.045455,325.0117301935484,326.8049852903226,440.6070382903226,1.097747,36.21438235483871,1.0,1.0,1.0,1.0,none,0:1.0500|1:0.8900|2:1.0300|3:0.9000|4:0.9100|5:1.1000|6:0.8200|,,2851368,1,137812,422,31,25.036425570004226,26.323976729891992,none,388623
Temkinli,23,482,2012,6,1924,1753,171,9505,130,69,0,10,136,3567220,2664599,888922,162150,33750,66252,83790,0,5523,537457,14454,-80070,0,94524,96897,0,3260859,84532,0,212779,0,0,2.9,0.0,2.0,0.0,0.9,443.7954545,505.227273,332.7212121333333,330.6803030333333,443.09848470000003,1.104074,36.997777199999994,1.0,1.0,1.0,1.0,none,0:1.0500|1:0.8900|2:1.0300|3:0.9000|4:0.9100|5:1.1000|6:0.8200|,,2685198,1,143325,453,30,24.91918076261066,25.02825147044553,none,394132
Temkinli,23,513,2012,7,1946,1737,209,9629,139,123,0,11,168,3460075,2582313,852455,174950,36270,68833,87079,0,285,485038,794,-86186,0,86980,86980,0,3115227,84532,0,227111,0,0,3.0,0.0,2.0,0.0,1.0,444.090909,508.18181799999996,330.0483871290323,331.0161290967742,445.1217009677419,1.11023,37.907083645161286,1.0,1.0,1.0,1.0,none,0:1.0500|1:0.8900|2:1.0300|3:0.9000|4:0.9100|5:1.1000|6:0.8200|,,2588628,2,143325,483,31,24.636893708951394,25.679994694727636,none,341713
Temkinli,23,544,2012,8,1879,1684,195,9939,140,88,0,10,156,3556030,2585746,953766,175150,36270,69236,87575,0,315,585220,731587,627295,0,104292,104292,0,3788503,84532,0,241443,0,0,3.0,0.0,2.0,0.0,1.0,449.58211135483873,510.909091,325.4838710645161,327.00000006451614,448.7419351612903,1.116629,37.226492935483876,1.0,1.0,1.0,1.0,none,0:1.0500|1:0.8950|2:1.0300|3:0.9050|4:0.9150|5:1.1000|6:0.8200|,,2554848,2,143325,514,31,26.82108981082837,27.60302003928631,none,441895
Temkinli,23,574,2012,9,1782,1610,172,8982,168,113,0,6,136,3608702,2665524,927008,169500,35100,67393,74130,0,967,579918,741721,516305,0,225416,170154,0,4287025,84532,0,255775,0,0,3.0,0.0,2.0,0.0,1.0,450.36363593333334,514.090909,331.39242426666664,330.20303033333334,451.5090913,1.123064,38.26928696666666,1.0,1.0,1.0,1.0,none,0:1.0500|1:0.8950|2:1.0300|3:0.9050|4:0.9150|5:1.1000|6:0.8200|,,2724878,2,143325,545,30,25.688128307629725,26.416700233825683,none,436593
Temkinli,23,605,2012,10,1840,1654,186,8803,180,122,0,5,146,3709158,2715535,975354,175150,36270,70042,77035,0,1219,615638,794486,596789,0,197697,252959,0,4833516,84532,0,270107,0,0,3.0,0.0,2.0,0.0,1.0,451.5982407419355,516.818182,328.13489738709677,328.9956011612903,452.8167154516129,1.129326,37.529658322580644,1.0,1.0,1.0,1.0,none,0:1.0500|1:0.9050|2:1.0300|3:0.9150|4:0.9250|5:1.1000|6:0.8200|,,2728832,2,143325,575,31,26.29583317831163,27.339199362690056,none,472313
Temkinli,23,635,2012,11,1794,1605,189,9261,184,138,0,3,148,3804921,2832443,955262,169500,35100,68172,74970,0,865,606655,336492,145662,0,190830,190830,0,4837952,84532,0,284439,0,0,3.0,0.0,2.0,0.0,1.0,457.727273,520.227273,340.1166666,337.5409090333333,460.04393973333333,1.135835,38.905922366666665,1.0,1.0,1.0,1.0,none,0:1.0500|1:0.9100|2:1.0300|3:0.9200|4:0.9300|5:1.1000|6:0.8200|,,2857140,2,143325,606,30,25.105961464114497,25.694472087967554,none,463330
Temkinli,23,666,2012,12,1699,1498,201,7567,190,163,0,3,158,3669786,2542555,1106800,175150,36270,70818,85684,0,804,738074,884078,650114,0,233964,233964,0,5406636,87784,0,299323,0,0,3.0,0.0,2.0,0.0,1.0,489.5014662258065,522.727273,332.1920820967742,334.4868034516129,494.9618767419355,1.142168,32.45356261290323,1.0,1.0,1.0,1.0,none,0:1.0500|1:0.9300|2:1.0300|3:0.9400|4:0.9500|5:1.1000|6:0.8200|,,2571416,3,148837,636,31,30.15979678379066,32.13665228460535,none,589237
Temkinli,23,697,2013,1,1594,1434,160,7506,174,118,0,0,127,3644385,2420427,1207724,181150,37665,71252,86180,0,306,831171,1357241,1025225,0,332016,332016,0,6408524,87784,0,314207,0,0,3.0,0.0,2.0,0.0,1.0,503.1085044516129,525.454545,326.52932532258063,328.3152493870968,502.91348983870967,1.148751,31.507495935483874,1.0,1.0,1.0,1.0,none,0:1.0500|1:0.9300|2:1.0300|3:0.9400|4:0.9500|5:1.1000|6:0.8200|,,2438738,3,148837,667,31,33.13930882714093,35.097633525695045,none,682334
Temkinli,23,725,2013,2,1452,1281,171,6698,123,126,0,0,145,3220895,2182525,1013653,261900,56088,64749,78316,0,25093,527507,484689,233839,0,250850,250850,0,6578932,87784,0,329091,0,0,3.642857142857143,0.0,2.0,0.6428571428571429,1.0,503.4334417857143,528.863636,338.00974028571426,334.99675325,503.1493506071429,1.155828,31.531761499999998,1.0,1.0,1.0,1.0,none,0:1.0500|1:0.9300|2:1.0300|3:0.9400|4:0.9500|5:1.1000|6:0.8200|,,2238726,3,148837,698,28,31.471159413765427,32.859100681359266,none,378670
Temkinli,23,756,2013,3,1599,1420,179,7710,135,95,0,0,153,3417805,2309596,1093829,350300,75671,72089,79267,0,336,516166,864552,568097,0,296455,228059,0,7189895,87784,0,343975,0,0,4.0,0.0,2.0,1.0,1.0,503.3797654516129,531.818182,335.39002929032256,335.9794720967742,506.117302,1.162259,32.46092874193548,1.0,1.0,1.0,1.0,none,0:1.0500|1:0.9300|2:1.0300|3:0.9400|4:0.9500|5:1.1000|6:0.8200|,,2293172,4,148837,726,31,32.00384457275942,33.37236569502877,none,367329
Temkinli,23,786,2013,4,1426,1281,145,6513,175,74,0,0,114,3061465,1978691,1068157,339000,73230,70184,77190,0,331,508222,628297,341607,0,286690,355086,0,7392144,87784,0,358859,0,0,4.0,0.0,2.0,1.0,1.0,518.7045455,535.454545,332.4363634333333,333.9666665666667,516.1560607,1.16942,28.185288766666666,1.0,1.0,1.0,1.0,none,0:1.0500|1:0.9300|2:1.0300|3:0.9400|4:0.9500|5:1.1000|6:0.8200|,,2001324,4,148837,757,30,34.89038744522639,35.91026600453546,none,359385
Temkinli,23,817,2013,5,1524,1338,186,6785,149,103,0,0,151,3089005,2010195,1061007,350300,75671,72957,80228,0,356,481495,969136,683574,0,285562,285562,0,7989405,87784,0,373743,0,0,4.0,0.0,2.0,1.0,1.0,521.1070381612903,538.409091,339.4120233548387,337.3768328387097,521.002932516129,1.176391,27.971774419354837,1.0,1.0,1.0,1.0,none,0:1.0500|1:0.9300|2:1.0300|3:0.9400|4:0.9500|5:1.1000|6:0.8200|,,2036864,5,148837,787,31,34.347856348565315,34.867119708756334,none,332658
Temkinli,23,847,2013,6,1525,1351,174,6985,129,61,0,0,155,2823605,1816674,993523,339000,73230,71024,89850,0,1042,419377,774114,356148,0,417966,357158,0,8339888,92660,0,389453,0,0,4.0,0.0,2.0,1.0,1.0,521.2499999666667,542.045455,331.5772727666666,334.1,523.1696970666667,1.183639,29.432847499999998,1.0,1.0,1.0,1.0,none,0:1.0500|1:0.9300|2:1.0300|3:0.9400|4:0.9500|5:1.1000|6:0.8200|,,1828766,5,157106,818,30,35.18633094926521,36.3880531821831,none,262271
Temkinli,23,878,2013,7,1643,1478,165,8235,117,80,0,0,143,3370824,2154642,1199818,359300,77779,73826,93372,0,868,594673,1255340,895145,0,360195,421003,0,9138904,92660,0,405163,0,0,4.0,0.0,2.0,1.0,1.0,527.3533722258064,545.0,334.30498532258065,333.81671548387095,524.816715548387,1.190696,29.689891129032258,1.0,1.0,1.0,1.0,none,0:1.0500|1:0.9300|2:1.0300|3:0.9400|4:0.9500|5:1.1000|6:0.8200|,,2125432,6,157106,848,31,35.594204859108636,36.60702615561634,none,437567
Temkinli,23,909,2013,8,1508,1336,172,6903,134,64,0,0,147,3077165,1963834,1097303,359600,77779,74291,93961,0,399,491273,916687,527280,0,389407,389407,0,9316603,92660,0,420873,0,0,4.0,0.0,2.0,1.0,1.0,526.2390029354839,549.090909,336.81818200000004,335.5747800967742,527.9222875483871,1.198032,28.401678967741937,1.0,1.0,1.0,1.0,none,0:1.0500|1:0.9300|2:1.0300|3:0.9400|4:0.9500|5:1.1000|6:0.8200|,,2027610,7,157106,879,31,35.659543768371215,35.99520747775257,none,334167
Temkinli,23,939,2013,9,1393,1244,149,6116,143,64,0,0,124,2812930,1769672,1023463,348000,75270,72344,79560,0,373,447916,571155,78807,0,492348,492348,839366,10207237,92660,0,436583,1078539,0,4.0,0.0,2.0,1.0,1.0,538.0530304333333,551.590909,336.5,336.04697013333333,535.009091,1.205414,26.691576966666666,1.0,1.0,1.0,1.0,none,0:1.0500|1:0.9300|2:1.0300|3:0.9400|4:0.9500|5:1.1000|6:0.8200|,Selin Doğan:4:37191,1782582,7,157106,910,30,36.38423281062806,37.45969616991247,none,290810
Temkinli,23,970,2013,10,1487,1332,155,6953,148,69,0,0,130,3387285,2176936,1196488,359600,77779,75190,82708,0,841,600370,688104,229547,0,458557,458557,975552,10528109,92660,0,452293,1152921,0,4.0,0.0,2.0,1.0,1.0,539.655424967742,555.227273,347.136364,343.7741936129033,538.9486803225807,1.2126,27.691831387096773,1.0,1.0,1.0,1.0,none,0:1.0500|1:0.9300|2:1.0300|3:0.9400|4:0.9500|5:1.1000|6:0.8200|,Selin Doğan:4:37191,2212830,7,157106,940,31,35.32292086435006,35.674441886551925,none,443264
Temkinli,23,1000,2013,11,1419,1280,139,6297,154,78,0,0,119,2946731,1897105,1030688,348000,75270,73215,80520,0,283,453400,806958,364411,0,442547,442547,861714,10791286,92660,0,468003,1115730,0,4.0,0.0,2.0,1.0,1.0,542.4999999666667,558.409091,347.136364,346.1818182,541.3242424333333,1.220071,27.769709266666666,1.0,1.0,1.0,1.0,none,0:1.0500|1:0.9300|2:1.0300|3:0.9400|4:0.9500|5:1.1000|6:0.8200|,Selin Doğan:4:37191,1918710,7,157106,971,30,34.97733590205553,36.011730134317155,none,296294
Temkinli,23,1031,2013,12,1367,1213,154,5443,204,97,0,0,121,3029160,1996721,1021145,359600,77779,76120,92070,0,0,415576,815428,255931,0,559497,559497,933258,11127254,95911,0,484264,1154659,0,4.0,0.0,2.0,1.0,1.0,536.6055718709678,562.045455,354.272727,351.2947213870968,539.6070381290323,1.227345,26.240355935483873,1.0,1.0,1.0,1.0,none,0:1.0500|1:0.9300|2:1.0300|3:0.9400|4:0.9500|5:1.1000|6:0.8200|,Selin Doğan:4:37191,2002794,7,162619,1001,31,33.710500600826634,33.978932465280394,none,252957
Temkinli,23,1062,2014,1,1404,1233,171,5771,185,107,0,0,131,3218015,2088006,1115540,365600,79174,76586,92628,0,0,501552,926411,443486,0,482925,482925,903792,11465060,95911,0,500525,1206799,0,4.0,0.0,2.0,1.0,1.0,546.9208212258064,565.227273,354.363636,353.3343106451613,546.0351906129032,1.234907,25.66160412903226,1.0,1.0,1.0,1.0,none,0:1.0500|1:0.9300|2:1.0300|3:0.9400|4:0.9500|5:1.1000|6:0.8200|,Selin Doğan:4:38929,2143224,7,162619,1032,31,34.66546924113157,35.20750678210249,none,338933
Temkinli,23,1090,2014,2,1308,1160,148,5549,154,105,0,0,108,2982210,1911611,1054662,330400,71512,69623,84224,0,319,498584,993116,490343,0,502773,502773,0,11137828,95911,0,516786,1090012,0,4.0,0.0,2.0,1.0,1.0,553.1737012857143,569.545455,351.272727,352.12824667857143,551.1038960714286,1.243005,25.45407092857143,1.0,1.0,1.0,1.0,none,0:1.0500|1:0.9300|2:1.0300|3:0.9400|4:0.9500|5:1.1000|6:0.8200|,Selin Doğan:4:38929,1897420,7,162619,1063,28,35.36511513273713,36.49865744095315,none,335965
Temkinli,23,1121,2014,3,1409,1244,165,6292,132,104,0,0,143,3084480,1959477,1105933,365800,79174,77547,85281,0,0,498131,792715,256847,0,535868,535868,0,11428123,95911,0,533047,1206799,0,4.0,0.0,2.0,1.0,1.0,554.2082111612904,572.954545,350.81818200000004,351.3900292258064,552.8475073870968,1.250366,26.845104645161292,1.0,1.0,1.0,1.0,none,0:1.0500|1:0.9300|2:1.0300|3:0.9400|4:0.9500|5:1.1000|6:0.8200|,Selin Doğan:4:38929,1997502,7,162619,1091,31,35.85476320157693,36.699208901128685,none,335512
Temkinli,23,1151,2014,4,1352,1175,177,5556,160,71,0,0,141,2955835,1861321,1075768,354000,76620,75526,83070,0,0,486552,804474,347376,0,457098,457098,0,11764925,95911,0,549308,1167870,0,4.0,0.0,2.0,1.0,1.0,562.4772728333334,575.454545,354.40909100000005,352.9803029,556.769697,1.258565,23.352032333333334,1.0,1.0,1.0,1.0,none,0:1.0500|1:0.9300|2:1.0300|3:0.9400|4:0.9500|5:1.1000|6:0.8200|,Selin Doğan:4:38929,1891488,7,162619,1122,30,36.39472433339479,36.99139358737889,none,323933
Temkinli,23,1182,2014,5,1438,1307,131,6072,164,39,0,0,119,3083665,1953717,1115971,365800,79174,78540,86366,0,0,506091,667100,252191,0,414909,414909,0,12014750,95911,0,565569,1206799,0,4.0,0.0,2.0,1.0,1.0,563.7976540322582,579.772727,358.636364,356.5087975483871,562.3973606451614,1.266552,24.411565419354837,1.0,1.0,1.0,1.0,none,0:1.0500|1:0.9200|2:1.0300|3:0.9300|4:0.9400|5:1.1000|6:0.8200|,Selin Doğan:4:38929,1970472,7,162619,1152,31,36.1897612094699,36.389170576527384,none,343472
Temkinli,23,1212,2014,6,1435,1253,182,5646,143,12,0,0,156,2609570,1677296,920315,354000,76620,76516,96750,0,0,316429,138976,-313317,0,452293,452293,0,11666033,100789,0,582658,1169710,0,4.0,0.0,2.0,1.0,1.0,565.1969697666666,582.954545,365.90909100000005,362.44696963333337,562.5833335,1.274857,25.313429199999998,1.0,1.0,1.0,1.0,none,0:1.0500|1:0.9250|2:1.0300|3:0.9350|4:0.9450|5:1.1000|6:0.8200|,Selin Doğan:4:38929,1711104,7,170887,1183,30,35.266921370187426,35.25989865956636,none,145542
Temkinli,23,1243,2014,7,1465,1292,173,6207,123,45,0,0,146,2901135,1828974,1053410,374800,81251,79563,100626,0,619,416551,430696,36661,0,394035,394035,0,11720979,100789,0,599747,1263839,0,4.0,0.0,2.0,1.0,1.0,572.0454544193549,587.954545,360.045455,361.7932552903226,571.0337244516129,1.282947,24.59982951612903,1.0,1.0,1.0,1.0,none,0:1.0500|1:0.9300|2:1.0300|3:0.9400|4:0.9500|5:1.1000|6:0.8200|,Selin Doğan:4:40769,1828980,7,170887,1213,31,36.310271669536235,37.05999196069863,none,245664
Temkinli,23,1274,2014,8,1354,1178,176,5684,143,36,0,0,156,2873007,1824143,1034573,375100,81251,80090,101277,0,985,395870,182358,-266851,0,449209,354393,0,11304781,100789,0,616836,1263839,0,4.0,0.0,2.0,1.0,1.0,578.3577712258063,590.681818,372.0,368.0703812903226,576.8005864193549,1.291361,23.168520322580648,1.0,1.0,1.0,1.0,none,0:1.0500|1:0.9300|2:1.0300|3:0.9400|4:0.9500|5:1.1000|6:0.8200|,Selin Doğan:4:40769,1886570,7,170887,1244,31,36.01011066106,35.67995131948158,none,224983
Temkinli,23,1304,2014,9,1331,1169,162,5562,161,33,0,0,129,3032270,1945183,1071912,363000,78630,78016,85800,0,0,466466,756607,305078,0,451529,546345,0,11554315,100789,0,633925,1223070,0,4.0,0.0,2.0,1.0,1.0,577.8484849666667,594.3181820000001,370.454545,370.2151516,574.9454544333333,1.299829,23.015450633333334,1.0,1.0,1.0,1.0,none,0:1.0500|1:0.9300|2:1.0300|3:0.9400|4:0.9500|5:1.1000|6:0.8200|,Selin Doğan:4:40769,1925406,7,170887,1275,30,35.35015021749383,35.890712766795644,none,295579
Temkinli,23,1335,2014,10,1342,1161,181,5538,185,52,0,0,142,3054650,1916282,1118305,375100,81251,81113,89218,0,0,491623,767390,310996,0,456394,456394,0,11865536,100789,0,651014,1263839,0,4.0,0.0,2.0,1.0,1.0,590.4325510645162,599.318182,368.636364,369.44281522580644,584.4999999032258,1.308077,22.96925993548387,1.0,1.0,1.0,1.0,none,0:1.0500|1:0.9300|2:1.0300|3:0.9400|4:0.9500|5:1.1000|6:0.8200|,Selin Doğan:4:40769,1928264,7,170887,1305,31,36.609922577054654,37.565033747653366,none,320736
Temkinli,23,1365,2014,11,1365,1189,176,5724,185,56,0,0,143,3035530,1934531,1085814,363000,78630,79007,86910,0,0,478267,965700,389813,0,575887,464748,0,12359869,100789,0,668103,1223070,0,4.0,0.0,2.0,1.0,1.0,580.7575755,602.272727,368.5,369.0545457,577.2848484666666,1.316655,24.731287066666667,1.0,1.0,1.0,1.0,none,0:1.0500|1:0.9250|2:1.0300|3:0.9350|4:0.9450|5:1.1000|6:0.8200|,Selin Doğan:4:40769,1974120,7,170887,1336,30,35.77016204748429,36.548395484511424,none,307380
Temkinli,23,1396,2014,12,1394,1215,179,5472,230,72,0,0,145,3276290,2091433,1169166,375100,81251,82167,99417,0,0,531231,1028461,528853,0,499608,610747,0,12820283,105665,0,686018,1265842,0,4.0,0.0,2.0,1.0,1.0,585.6818183548387,606.818182,376.636364,373.84897361290325,588.8445748064516,1.32501,23.837961032258065,1.0,1.0,1.0,1.0,none,0:1.0500|1:0.9300|2:1.0300|3:0.9400|4:0.9500|5:1.1000|6:0.8200|,Selin Doğan:4:40769,2131554,7,179156,1366,31,35.685668851047986,35.69266584748023,none,352075
Temkinli,23,1427,2015,1,1325,1143,182,5258,177,77,0,0,158,3139945,1999122,1126177,384100,83359,82696,100068,0,0,475954,1042603,582367,0,460236,460236,0,13448759,105665,0,703933,1325932,0,4.0,0.0,2.0,1.0,1.0,589.281525032258,610.227273,375.227273,374.9926683870968,591.0630498709678,1.3337,22.714033967741933,1.0,1.0,1.0,1.0,none,0:1.0500|1:0.9300|2:1.0300|3:0.9400|4:0.9500|5:1.1000|6:0.8200|,Selin Doğan:4:42772,1986366,7,179156,1397,31,35.86613778266817,36.324616153635624,none,296798
Temkinli,23,1455,2015,2,1222,1059,163,5169,174,54,0,0,136,3101880,1971600,1112471,347200,75292,75225,91000,0,0,523754,519510,70747,0,448763,448763,0,13346185,105665,0,721848,1197616,0,4.0,0.0,2.0,1.0,1.0,589.6347402142857,614.5454550000001,373.318182,374.00487007142857,593.0405844642856,1.342972,23.06671532142857,1.0,1.0,1.0,1.0,none,0:1.0500|1:0.9300|2:1.0300|3:0.9400|4:0.9500|5:1.1000|6:0.8200|,Selin Doğan:4:42772,1982208,8,179156,1428,28,35.864411260267964,36.686535487320796,none,344598
Temkinli,23,1486,2015,3,1340,1149,191,5365,153,55,0,0,161,2955105,1908007,1032625,384400,83359,83812,92163,0,0,388891,479406,-74288,0,553694,553694,0,13227171,105665,0,739763,1325932,0,4.0,0.0,2.0,1.0,1.0,596.840175967742,618.409091,388.68181799999996,383.7653959032258,596.0586508709678,1.351403,24.518009838709677,1.0,1.0,1.0,1.0,none,0:1.0500|1:0.9300|2:1.0300|3:0.9400|4:0.9500|5:1.1000|6:0.8200|,Selin Doğan:4:42772,1958784,8,179156,1456,31,34.943766803548435,34.87673356275408,none,209735
Temkinli,23,1516,2015,4,1328,1137,191,5158,152,47,0,0,164,2870075,1851999,994910,372000,80670,81678,89820,0,0,370742,589544,127122,0,462422,462422,0,13337936,105665,0,757678,1283160,0,4.0,0.0,2.0,1.0,1.0,604.5909089333334,622.954545,392.818182,390.26212123333335,602.4075757333334,1.360799,22.080308366666667,1.0,1.0,1.0,1.0,none,0:1.0500|1:0.9300|2:1.0300|3:0.9400|4:0.9500|5:1.1000|6:0.8200|,Selin Doğan:4:42772,1878500,8,179156,1487,30,34.664947780110275,35.027441498741595,none,191586
Temkinli,23,1547,2015,5,1320,1123,197,5381,185,33,0,0,166,3026600,1974008,1032577,384400,83359,84959,93434,0,892,385533,691064,123304,0,567760,458204,0,13569770,105665,0,775593,1325932,0,4.0,0.0,2.0,1.0,1.0,603.9149561935484,626.818182,395.863636,393.82991193548384,608.1143695806452,1.369954,23.02202912903226,1.0,1.0,1.0,1.0,none,0:1.0500|1:0.9300|2:1.0300|3:0.9400|4:0.9500|5:1.1000|6:0.8200|,Selin Doğan:4:42772,2019068,8,179156,1517,31,34.1167316460715,34.450433469124114,none,206377
Temkinli,23,1577,2015,6,1326,1132,194,5372,165,50,0,0,153,2785834,1788282,976795,372000,80670,82789,104700,0,728,335908,507160,48934,0,458226,567782,0,13242570,110542,0,794335,1285285,0,4.0,0.0,2.0,1.0,1.0,611.0227274333333,632.045455,389.727273,391.66969696666666,611.4863636666666,1.379479,23.289626166666665,1.0,1.0,1.0,1.0,none,0:1.0500|1:0.9300|2:1.0300|3:0.9400|4:0.9500|5:1.1000|6:0.8200|,Selin Doğan:4:42772,1810488,8,187425,1548,30,35.06292909053447,36.217221471107734,none,148483
Temkinli,23,1608,2015,7,1410,1225,185,5583,127,33,0,0,164,3083725,1977254,1089340,393400,85436,86137,108934,0,1426,414007,466727,-43056,0,509783,509783,693396,13866868,110542,0,813077,1391807,0,4.0,0.0,2.0,1.0,1.0,616.8035187096774,635.227273,399.363636,396.2947213870968,616.7111438064517,1.38876,22.45937335483871,1.0,1.0,1.0,1.0,none,0:1.0500|1:0.9300|2:1.0300|3:0.9400|4:0.9500|5:1.1000|6:0.8200|,Selin Doğan:4:44897,1985958,8,187425,1578,31,35.32545865795426,35.25269816303106,none,226582
Temkinli,23,1639,2015,8,1351,1164,187,5603,129,17,0,0,171,2939615,1888798,1029833,393700,85436,86726,109678,0,693,353600,692511,43150,0,649361,649361,812890,14025811,110542,0,831819,1391807,0,4.0,0.0,2.0,1.0,1.0,618.4237536774193,640.909091,398.81818200000004,397.9618764516129,619.9809383225806,1.398416,23.049266806451616,1.0,1.0,1.0,1.0,none,0:1.0500|1:0.9300|2:1.0300|3:0.9400|4:0.9500|5:1.1000|6:0.8200|,Selin Doğan:4:44897,1934988,8,187425,1609,31,35.03292097774709,35.510533088606,none,166175
Temkinli,23,1669,2015,9,1261,1105,156,5169,159,44,0,0,133,3038115,1943767,1077063,381000,82680,84499,92940,0,1207,434737,910895,364927,0,545968,545968,787108,14420499,110542,0,850561,1346910,0,4.0,0.0,2.0,1.0,1.0,621.2196969333332,644.090909,397.09090899999995,397.4287879333333,622.3045454333334,1.408139,22.950618333333335,1.0,1.0,1.0,1.0,none,0:1.0500|1:0.9300|2:1.0300|3:0.9400|4:0.9500|5:1.1000|6:0.8200|,Selin Doğan:4:44897,1932598,8,187425,1640,30,35.45168632523785,36.07882831786415,none,247312
Temkinli,23,1700,2015,10,1285,1064,221,5104,158,46,0,0,180,2985090,1947998,1018465,393700,85436,87905,96689,0,459,354276,692395,158859,0,533536,533536,352758,14131391,110542,0,869303,1391807,0,4.0,0.0,2.0,1.0,1.0,620.4692081290322,648.8636359999999,406.363636,403.0777126451613,621.2976539032258,1.417612,22.210099516129034,1.0,1.0,1.0,1.0,none,0:1.0500|1:0.9300|2:1.0300|3:0.9400|4:0.9500|5:1.1000|6:0.8200|,Selin Doğan:4:44897,1986676,8,187425,1670,31,34.11840179023078,34.50704230346061,none,166851
Temkinli,23,1730,2015,11,1347,1156,191,5613,153,57,0,0,166,3366810,2193734,1156411,381000,82680,85669,94200,0,924,511938,967647,282611,0,685036,685036,0,14071986,110542,0,888045,1346910,0,4.0,0.0,2.0,1.0,1.0,621.2575756666666,653.863636,404.90909100000005,404.4954545666667,623.8378788333333,1.427469,24.444810933333333,1.0,1.0,1.0,1.0,none,0:1.0500|1:0.9250|2:1.0300|3:0.9350|4:0.9450|5:1.1000|6:0.8200|,Selin Doğan:4:44897,2191938,8,187425,1701,30,34.34737926999148,34.824281125989444,none,324513
Temkinli,23,1761,2015,12,1359,1195,164,5711,195,76,0,0,140,3607270,2299640,1292685,393700,85436,89114,107818,0,3058,613559,1449371,811399,0,637972,637972,0,14953899,118670,0,908165,1395201,0,4.0,0.0,2.0,1.0,1.0,635.7404692258065,658.181818,402.0850439032258,403.1026393225806,630.5923752258064,1.437072,24.382312838709677,1.0,1.0,1.0,1.0,none,0:1.0500|1:0.9300|2:1.0300|3:0.9400|4:0.9500|5:1.1000|6:0.8200|,Selin Doğan:4:44897,2322770,8,201206,1731,31,35.835548766795945,36.75327222870082,none,412353
Temkinli,23,1792,2016,1,1372,1163,209,5418,182,93,0,0,163,3621580,2343185,1270593,408700,88939,89747,108562,0,463,574182,909149,252238,0,656911,522493,0,15345348,118670,0,928285,1497021,0,4.0,0.0,2.0,1.0,1.0,642.2067447096774,662.272727,417.727273,413.1085043548387,639.7404691935484,1.447064,22.537918387096774,1.0,1.0,1.0,1.0,none,0:1.0500|1:0.9300|2:1.0300|3:0.9400|4:0.9500|5:1.1000|6:0.8200|,Selin Doğan:4:48291,2349388,8,201206,1762,31,35.08394126320556,34.954393356793204,none,372976
Temkinli,23,1821,2016,2,1289,1066,223,4913,192,116,0,0,172,3096530,2021076,1062181,382800,83201,84913,102689,0,456,408122,876760,352375,0,524385,658803,0,15514056,118670,0,948405,1400439,0,4.0,0.0,2.0,1.0,1.0,641.5047020689656,669.318182,417.545455,416.2507835862069,644.2100312758621,1.463258,22.886457448275863,1.0,1.0,1.0,1.0,none,0:1.0500|1:0.9300|2:1.0300|3:0.9400|4:0.9500|5:1.1000|6:0.8200|,Selin Doğan:4:48291,2077620,8,201206,1793,29,34.30229967092197,34.91155191016645,none,206916
Temkinli,23,1852,2016,3,1317,1116,201,5503,137,50,0,0,169,3193555,2011485,1156437,409200,88939,91700,100843,0,514,465241,1019781,463713,0,556068,556068,0,15979468,118670,0,968525,1497021,0,4.0,0.0,2.0,1.0,1.0,656.2170087741936,676.590909,412.0,413.76686212903223,653.3299120322581,1.47857,22.174955741935484,1.0,1.0,1.0,1.0,none,0:1.0500|1:0.9300|2:1.0300|3:0.9400|4:0.9500|5:1.1000|6:0.8200|,Selin Doğan:4:48291,2048544,8,201206,1822,31,36.21158865277097,37.21589131473266,none,264035
Temkinli,23,1882,2016,4,1293,1087,206,5139,140,45,0,0,173,3254464,2113743,1121959,396000,86070,89733,98670,0,370,451116,612853,93294,0,519559,519559,0,16079257,118670,0,988645,1448730,0,4.0,0.0,2.0,1.0,1.0,656.1287877,684.545455,430.545455,424.77272726666666,657.4590908666667,1.495116,22.624566166666668,1.0,1.0,1.0,1.0,none,0:1.0500|1:0.9300|2:1.0300|3:0.9400|4:0.9500|5:1.1000|6:0.8200|,Selin Doğan:4:48291,2139956,8,201206,1853,30,34.47446338321764,34.380953393427816,none,249910
Temkinli,23,1913,2016,5,1299,1112,187,5130,174,45,0,0,156,3124585,1989941,1109975,409200,88939,93746,103075,0,1116,413899,741547,111489,0,630058,630058,0,16168281,118670,0,1008765,1497021,0,4.0,0.0,2.0,1.0,1.0,674.8680351612903,692.272727,430.545455,429.0337244516129,668.1554251612904,1.511305,21.35666912903226,1.0,1.0,1.0,1.0,none,0:1.0500|1:0.9300|2:1.0300|3:0.9400|4:0.9500|5:1.1000|6:0.8200|,Selin Doğan:4:48291,2031700,8,201206,1883,31,35.52391757625413,36.20301561666028,none,212693
Temkinli,23,1943,2016,6,1294,1116,178,5582,121,43,0,0,161,3248848,2046378,1183748,396000,86070,91714,115980,0,746,493238,675002,151058,0,523944,523944,0,16033942,128424,0,1030539,1452411,0,4.0,0.0,2.0,1.0,1.0,675.7878788333333,698.863636,424.954545,426.67878779999995,675.9409091,1.528217,21.682702533333334,1.0,1.0,1.0,1.0,none,0:1.0500|1:0.9300|2:1.0300|3:0.9400|4:0.9500|5:1.1000|6:0.8200|,Selin Doğan:4:48291,2052714,8,217744,1914,30,36.435930520602994,37.117169705139865,none,275494
Temkinli,23,1974,2016,7,1293,1127,166,5451,134,25,0,0,145,3307738,2085252,1206689,427200,93124,95824,121148,0,821,468572,326733,-359386,0,686119,559887,0,15738127,128424,0,1052313,1611132,0,4.0,0.0,2.0,1.0,1.0,685.197947483871,706.818182,439.51026358064513,434.0381230645161,684.2932550322581,1.544764,21.347921612903225,1.0,1.0,1.020737322580645,0.9937788064516129,0,0:1.0500|1:0.9300|2:1.0300|3:0.9400|4:0.9500|5:1.1000|6:0.8200|,Selin Doğan:4:51972,2159308,8,217744,1944,31,36.48079140488152,35.85645357015743,none|0,250828
Temkinli,23,2005,2016,8,1252,1050,202,5007,165,39,0,0,164,2916394,1873603,1021371,427800,93124,96879,122512,0,1141,279915,-2485756,-3027236,0,541480,667712,611644,13162253,128424,0,1074087,1611132,0,4.0,0.0,2.0,1.0,1.0,695.5938416774194,715.0,459.99266877419353,450.7404691612903,693.7844575483871,1.562051,20.63406735483871,1.0,1.0,1.2413594516129032,0.9275921612903226,0,0:1.0500|1:0.9300|2:1.0300|3:0.9400|4:0.9500|5:1.1000|6:0.8200|,Selin Doğan:4:51972,1915562,8,217744,1975,31,35.02170831513163,33.87050873467703,0,62171
Temkinli,23,2035,2016,9,1219,1054,165,5183,192,48,0,0,123,3415074,2275623,1117973,414000,90120,94804,104250,0,892,413907,-35163,-590934,0,555771,555771,1056268,13021241,128424,0,1095861,1559160,0,4.0,0.0,2.0,1.0,1.0,703.9848485666666,723.1818179999999,476.5,469.7454545,699.0212120666667,1.579531,20.895847466666666,1.0,1.0,1.25,0.925,0,0:1.0500|1:0.9300|2:1.0300|3:0.9400|4:0.9500|5:1.1000|6:0.8200|,Selin Doğan:4:51972,2303808,8,217744,2006,30,32.73642093846283,32.31388417376202,0,196163
Temkinli,23,2066,2016,10,1350,1121,229,5227,162,65,0,0,202,3345845,2260119,1067719,427800,93124,99019,108903,0,1514,337359,197113,-505934,0,703047,703047,1136676,12589645,128424,0,1117635,1611132,0,4.0,0.0,2.0,1.0,1.0,700.7331380967742,731.1363640000001,473.863636,473.7595308064516,703.1348973225806,1.596634,22.31205729032258,1.0,1.0,1.25,0.925,0,0:1.0500|1:0.9200|2:1.0300|3:0.9300|4:0.9400|5:1.1000|6:0.8200|,Selin Doğan:4:51972,2316180,8,217744,2036,31,31.911789099614598,32.37602016553162,0,119615
Temkinli,23,2096,2016,11,1292,1108,184,5076,171,39,0,0,150,3367270,2242543,1111287,414000,90120,96905,106560,0,594,403108,285082,-297708,0,582790,582790,1003344,12198685,128424,0,1139409,1559160,0,4.0,0.0,2.0,1.0,1.0,711.7500002333333,738.863636,476.09090899999995,474.5136363333333,706.9833334,1.614501,22.520367433333334,1.0,1.0,1.25,0.925,0,0:1.0500|1:0.9250|2:1.0300|3:0.9350|4:0.9450|5:1.1000|6:0.8200|,Selin Doğan:4:51972,2218200,8,217744,2067,30,33.00261042328058,33.10981259656862,0,185364
Temkinli,23,2127,2016,12,1289,1077,212,5043,175,50,0,0,172,3495740,2388307,1087590,427800,93124,101220,122419,0,1501,341526,3836,-511379,0,515215,515215,1186138,11995427,138178,0,1162837,1614795,0,4.0,0.0,2.0,1.0,1.0,716.1436951612902,747.045455,494.81818200000004,487.56598235483875,720.6554251612904,1.631982,22.817702935483872,1.0,1.0,1.25,0.925,0,0:1.0500|1:0.9300|2:1.0300|3:0.9400|4:0.9500|5:1.1000|6:0.8200|,Selin Doğan:4:51972,2395452,8,234281,2097,31,31.111867587406387,30.90518211033655,0,107245
Temkinli,23,2158,2017,1,1233,1027,206,4606,246,55,0,0,166,3445615,2317340,1104027,445800,97309,102335,123814,0,2195,332574,87774,-556368,0,644142,644142,957038,11133010,138178,0,1186265,1724685,0,4.0,0.0,2.0,1.0,1.0,735.2272726451613,755.909091,490.42521974193545,490.68475077419356,727.0483871290322,1.650245,21.53679419354839,0.9419354838709677,0.9419354838709677,1.2458870967741935,0.8729952903225807,1,0:1.0500|1:0.9300|2:1.0300|3:0.9400|4:0.9500|5:1.1000|6:0.8200|,Selin Doğan:4:55635,2407488,8,234281,2128,31,32.04150782951665,33.296106117294876,0|1,98293
Temkinli,23,2186,2017,2,1109,919,190,4168,232,39,0,0,160,3087815,2094396,974765,403200,87892,93411,112980,0,1488,275794,9441,-509896,0,519337,519337,1050792,10633845,138178,0,1209693,1557780,0,4.0,0.0,2.0,1.0,1.0,736.2662335714285,763.4090910000001,500.2629870357143,496.53409089285714,738.4805195,1.667464,21.912226107142857,0.9,0.9,1.2237500000000001,0.7945446428571429,1,0:1.0500|1:0.9300|2:1.0300|3:0.9400|4:0.9500|5:1.1000|6:0.8200|,Selin Doğan:4:55635,2148574,8,234281,2159,28,31.56811531778944,32.054063567593786,1,41513
Temkinli,23,2217,2017,3,1421,1216,205,6130,221,50,0,0,169,3970780,2772616,1181282,446400,97309,104381,114793,0,2968,415431,-121033,-635442,0,514409,514409,1411446,10445599,138178,0,1233121,1724685,0,4.0,0.0,2.0,1.0,1.0,725.4765394838711,770.681818,504.872434,502.4252199354838,731.2184750322581,1.683171,26.74604393548387,0.9,0.9,1.1991666774193548,0.8,1,0:1.0500|1:0.9100|2:1.0300|3:0.9200|4:0.9300|5:1.1000|6:0.8200|,Selin Doğan:4:55635,2748224,8,234281,2187,31,29.749369141579237,30.4081653199725,1,181150
Temkinli,23,2247,2017,4,1286,1076,210,4961,261,34,0,0,159,3382715,2279081,1077691,432000,94170,102065,112260,0,1762,335434,256076,-407230,0,663306,533022,1017294,9763313,138178,0,1256549,1669050,0,4.0,0.0,2.0,1.0,1.0,746.1818180333333,778.863636,496.5833334333333,499.30454553333334,743.6787878333333,1.700734,24.736190266666664,0.9,0.9,1.1737499999999998,0.8,1,0:1.0500|1:0.9300|2:1.0300|3:0.9400|4:0.9500|5:1.1000|6:0.8200|,Selin Doğan:4:55635,2335350,8,234281,2218,30,31.858758423337466,33.45008931708519,1,101153
Temkinli,23,2278,2017,5,1324,1084,240,5462,202,42,0,0,195,3726345,2450182,1251423,446400,97309,106552,117149,0,1709,482304,652364,82320,0,570044,700328,1172542,9881001,138178,0,1279977,1724685,0,4.0,0.0,2.0,1.0,1.0,757.3973604516129,785.681818,494.78005864516126,496.28885641935483,757.2492668709677,1.717904,23.66823087096774,0.9,0.9,1.1483333225806451,0.8,1,0:1.0500|1:0.9300|2:1.0300|3:0.9400|4:0.9500|5:1.1000|6:0.8200|,Selin Doğan:4:55635,2452702,8,234281,2248,31,33.58312233569355,34.673648935066396,1,248023
Temkinli,23,2308,2017,6,1275,1060,215,5137,243,37,0,0,167,3131517,2017956,1092267,432000,94170,104195,131760,0,3269,326873,41102,-477745,0,518847,518847,896858,9122266,147931,0,1305058,1673025,0,4.0,0.0,2.0,1.0,1.0,769.8787880333333,794.545455,498.13484843333333,497.04999983333335,761.1348484666667,1.735829,23.06991586666667,0.9,0.9,1.1229166666666666,0.8,1,0:1.0500|1:0.9300|2:1.0300|3:0.9400|4:0.9500|5:1.1000|6:0.8200|,Selin Doğan:4:55635,2012760,8,250819,2279,30,34.87980426100194,35.29697711170532,1,76054
Temkinli,23,2339,2017,7,1283,1079,204,5436,160,49,0,0,179,3554331,2286306,1254929,322700,69592,108753,137516,0,5853,610515,80851,-595092,0,675943,675943,1014906,8614191,147931,0,1330139,1847910,0,3.161290322580645,0.0,2.0,0.16129032258064516,1.0,774.1568915483871,802.272727,496.8108504516129,497.1700880322581,772.0014662258064,1.753354,23.416934967741934,0.9,0.9,1.0975,0.8,1,0:1.0500|1:0.9300|2:1.0300|3:0.9400|4:0.9500|5:1.1000|6:0.8200|,Selin Doğan:4:59610,2359878,8,250819,2309,31,35.30703808958704,35.82555992520532,1,359696
Temkinli,23,2370,2017,8,1283,1077,206,5302,230,44,0,0,164,3469683,2222415,1230322,296050,63457,109870,138942,0,3640,618363,73557,-462677,0,536234,536234,978590,8109722,147931,0,1355220,1847910,0,3.0,0.0,2.0,0.0,1.0,791.4296188387096,810.681818,513.4428153225806,507.46774200000004,783.7170088387097,1.7716490000000003,22.49568487096774,0.9,0.9,1.0716666774193546,0.8,1,0:1.0500|1:0.9300|2:1.0300|3:0.9400|4:0.9500|5:1.1000|6:0.8200|,Selin Doğan:4:59610,2267784,8,250819,2340,31,35.459204774614854,35.124639879415696,1,367544
Temkinli,23,2400,2017,9,1249,1037,212,4659,210,46,0,0,177,3342962,2204168,1104055,286500,61410,107436,118140,0,1016,529553,836355,263490,0,572865,572865,1011062,8424654,147931,0,1380301,1788300,0,3.0,0.0,2.0,0.0,1.0,772.3484848,819.545455,504.4954545,507.26060609999996,777.7969695333334,1.790134,24.318279733333334,0.9,0.9,1.04625,0.8,1,0:1.0500|1:0.9200|2:1.0300|3:0.9300|4:0.9400|5:1.1000|6:0.8200|,Selin Doğan:4:59610,2202656,8,250819,2371,30,33.026250373172054,34.68033349859691,1,278734
Temkinli,23,2431,2017,10,1216,995,221,4473,272,26,0,0,178,3411055,2199994,1188698,296050,63457,112134,123318,0,1196,592543,763753,30075,0,733678,733678,991388,8380340,147931,0,1405382,1847910,0,3.0,0.0,2.0,0.0,1.0,803.4457479032258,827.727273,521.6788856451612,516.2008797741936,798.8255133548387,1.808208,21.674577322580642,0.9,0.9,1.0208333225806452,0.8,1,0:1.0500|1:0.9300|2:1.0300|3:0.9400|4:0.9500|5:1.1000|6:0.8200|,Selin Doğan:4:59610,2261092,8,250819,2401,31,34.84839734334392,35.069805645670435,1,341724
Temkinli,23,2461,2017,11,1136,959,177,4587,254,13,0,0,144,3447713,2212961,1209119,286500,61410,109657,120600,0,1841,629111,888843,293997,0,594846,594846,1132296,8839567,147931,0,1430463,1788300,0,3.0,0.0,2.0,0.0,1.0,811.0833332,836.136364,521.3530305333333,519.7257575666666,807.6606059666667,1.827075,21.5963197,0.9,0.9,1.00125,0.8,1,0:1.0500|1:0.9300|2:1.0300|3:0.9400|4:0.9500|5:1.1000|6:0.8200|,Selin Doğan:4:59610,2219166,8,250819,2432,30,35.07017550474764,35.721397642777596,1,378292
Temkinli,23,2492,2017,12,1243,1002,241,4412,213,52,0,0,200,3499014,2215584,1257822,296050,63457,114460,138446,0,3658,641751,1717600,937664,0,779936,623961,1011456,9781565,156060,0,1456923,1851548,0,3.0,0.0,2.0,0.0,1.0,821.9648093548387,845.227273,519.545455,519.5161289032259,817.6979471612904,1.845521,21.452257516129034,0.9580645161290322,0.9580645161290322,1.0,0.8329032258064516,none,0:1.0500|1:0.9300|2:1.0300|3:0.9400|4:0.9500|5:1.1000|6:0.8200|,Selin Doğan:4:59610,2272968,8,264600,2462,31,35.947898465110455,36.79225082545908,1|none,377151
Temkinli,23,2523,2018,1,1229,1024,205,4983,169,90,0,0,181,4484475,2868973,1593484,311050,66960,115663,139903,0,5737,954171,1390738,740484,0,650254,806229,1300626,10623333,156060,0,1483383,1960688,0,3.0,0.0,2.0,0.0,1.0,831.268328516129,854.090909,534.3299120967743,529.3255131612902,829.5850439999999,1.864777,20.804899032258064,1.0,1.0,1.0,0.983225806451613,none,0:1.0500|1:0.9300|2:1.0300|3:0.9400|4:0.9500|5:1.1000|6:0.8200|,Selin Doğan:4:63248,2899668,8,264600,2493,31,35.5333455978682,35.72112712984148,none,689571
Temkinli,23,2551,2018,2,1292,1068,224,5187,151,80,0,0,195,4545673,2910838,1616103,281400,60480,105394,127484,0,7534,1033811,2238344,1534902,0,703442,703442,1550028,12505560,156060,0,1509843,1770944,0,3.0,0.0,2.0,0.0,1.0,827.1103893571428,861.363636,525.954545,528.1038961071429,833.775974,1.8813790000000001,22.875350035714288,1.0,1.0,1.0,1.0,2,0:1.0500|1:0.9300|2:1.0300|3:0.9400|4:0.9500|5:1.1000|6:0.8200|,Selin Doğan:4:63248,2853056,8,264600,2524,28,35.55255734409404,36.410598661589894,none|2,769211
Temkinli,23,2582,2018,3,972,787,185,3823,128,11,0,0,166,3157917,1970460,1162823,311550,66960,117617,129332,0,11734,525630,-155920,-720627,0,564707,564707,793878,11015643,156060,0,1536303,1960688,0,3.0,0.0,2.0,0.0,1.0,849.611437,867.954545,532.954545,530.3533723548387,841.5425219677419,1.896501,20.711341806451614,1.0,1.0,1.0,1.0,2,0:1.0500|1:0.9300|2:1.0300|3:0.9400|4:0.9500|5:1.1000|6:0.8200|,Selin Doğan:4:63248,2075286,8,264600,2552,31,36.822468734928755,37.27078970571814,2,261030
Temkinli,23,2612,2018,4,860,703,157,3457,118,14,0,0,135,2870743,1802742,1049338,301500,64800,114843,126270,0,9671,432254,-741128,-1396976,0,655848,655848,815684,9622178,156060,0,1562763,1897440,0,3.0,0.0,2.0,0.0,1.0,853.8333330333334,875.6818179999999,539.363636,535.5242424666667,851.1606060666667,1.9133850000000001,20.736453700000002,1.0,1.0,1.0,1.0,2,0:1.0500|1:0.9300|2:1.0300|3:0.9400|4:0.9500|5:1.1000|6:0.8200|,Selin Doğan:4:63248,1819100,8,264600,2583,30,36.55283666980987,36.83033735824606,2,167654
Temkinli,23,2643,2018,5,1025,852,173,4138,113,13,0,0,157,3333149,2106642,1207252,311550,66960,119694,131626,0,9715,567707,264350,-313454,0,577804,577804,1052778,9499207,156060,0,1589223,1960688,0,3.0,0.0,2.0,0.0,1.0,852.5513194193549,883.409091,538.090909,536.9677418709678,855.3357771290323,1.929868,22.947056999999997,1.0,1.0,1.0,1.0,2,0:1.0500|1:0.9300|2:1.0300|3:0.9400|4:0.9500|5:1.1000|6:0.8200|,Selin Doğan:4:63248,2168880,8,264600,2613,31,36.21956294183068,36.88463125404857,2,303107
Temkinli,23,2673,2018,6,1001,813,188,3987,131,22,0,0,161,2994472,1882870,1089967,301500,64800,116854,147780,0,8645,450388,-548965,-1076042,0,527077,527077,841226,8205067,165814,0,1617337,1901350,0,3.0,0.0,2.0,0.0,1.0,870.9924242333333,890.909091,559.6818179999999,550.0439393333334,863.4000000333333,1.94705,19.727881533333335,1.0,1.0,1.0,1.0,2,0:1.0500|1:0.9300|2:1.0300|3:0.9400|4:0.9500|5:1.1000|6:0.8200|,Selin Doğan:4:63248,1907862,8,281137,2644,30,36.39930511956699,35.7420567127614,2,169251
Temkinli,23,2704,2018,7,1080,883,197,4396,137,6,0,0,173,3437300,2190134,1232841,329550,71145,121803,154008,0,9426,546909,-820605,-1491455,0,670850,670850,1014504,6853180,165814,0,1645451,2081898,0,3.0,0.0,2.0,0.0,1.0,873.7023459999999,898.409091,558.227273,556.4912022903226,867.9750731935484,1.963822,21.247111032258065,1.0,1.0,1.0,1.0,2,0:1.0500|1:0.9300|2:1.0300|3:0.9400|4:0.9500|5:1.1000|6:0.8200|,Selin Doğan:4:67158,2240578,8,281137,2674,31,35.86655223576644,36.10784318530375,2,265772
Temkinli,23,2735,2018,8,1000,793,207,3794,98,12,0,0,192,2787909,1748329,1023745,330150,71145,122888,155403,0,8027,336132,-983115,-1522735,0,539620,539620,889410,5173111,165814,0,1673565,2081898,0,3.0,0.0,2.0,0.0,1.0,882.9692084193548,907.045455,555.409091,556.2580646774193,878.4149559354839,1.9813059999999998,20.131968483870967,1.0,1.0,1.0,1.0,2,0:1.0500|1:0.9300|2:1.0300|3:0.9400|4:0.9500|5:1.1000|6:0.8200|,Selin Doğan:4:67158,1762914,8,281137,2705,31,36.7208901007888,37.09756968827212,2,54995
Temkinli,23,2765,2018,9,1038,840,198,4188,174,14,0,0,167,3530445,2225140,1284514,319500,68850,119974,131940,0,8636,635614,175131,-567414,0,742545,604315,1109898,4944745,165814,0,1701679,2014740,0,3.0,0.0,2.0,0.0,1.0,895.8560606,915.454545,570.7878791333333,564.5621212333333,883.3378789,1.998945,19.894170766666665,1.0,1.0,1.0,1.0,2,0:1.0500|1:0.9300|2:1.0300|3:0.9400|4:0.9500|5:1.1000|6:0.8200|,Selin Doğan:4:67158,2274226,8,281137,2736,30,36.38391194311199,36.285760153138014,2,354477
Temkinli,23,2796,2018,10,1072,880,192,4331,158,26,0,0,162,3787760,2439644,1328394,330150,71145,125028,137516,0,8674,655881,263195,-364091,0,627286,765516,1078440,4463566,165814,0,1729793,2081898,0,3.0,0.0,2.0,0.0,1.0,886.656891451613,922.954545,570.590909,569.0483870645161,884.2331379354838,2.016165,21.239863387096772,1.0,1.0,1.0,1.0,2,0:1.0500|1:0.9250|2:1.0300|3:0.9350|4:0.9450|5:1.1000|6:0.8200|,Selin Doğan:4:67158,2409096,8,281137,2766,31,35.070701417196446,35.646932370215666,2,374744
Temkinli,23,2826,2018,11,1008,830,178,4271,114,14,0,0,163,3477295,2210595,1246196,319500,68850,122075,134250,0,6824,594697,-252034,-814378,0,562344,562344,954702,3496733,165814,0,1757907,2014740,0,3.0,0.0,2.0,0.0,1.0,897.6666665333333,931.8181820000001,572.1818179999999,570.6060605333333,894.7242424666667,2.034115,23.515939933333335,1.0,1.0,1.0,1.0,2,0:1.0500|1:0.9250|2:1.0300|3:0.9350|4:0.9450|5:1.1000|6:0.8200|,Selin Doğan:4:67158,2267646,8,281137,2797,30,35.83808678872514,36.258987959340374,2,313560
Temkinli,23,2857,2018,12,844,690,154,3519,136,10,0,0,137,3245050,2040265,1186208,330150,71145,127230,153915,0,10462,493306,-601848,-1302640,0,700792,700792,950948,2228322,180444,0,1788501,2087884,0,3.0,0.0,2.0,0.0,1.0,922.0894430967742,939.318182,585.681818,579.0073314193548,909.4090909677419,2.051637,20.291581258064518,1.0,1.0,1.0,1.0,2,0:1.0500|1:0.9300|2:1.0300|3:0.9400|4:0.9500|5:1.1000|6:0.8200|,Selin Doğan:4:67158,2021880,8,305944,2827,31,36.55438282923222,36.483188004731105,2,187362
Temkinli,23,2888,2019,1,901,719,182,3628,131,21,0,0,168,3478145,2207994,1249752,357150,77407,128395,155279,0,11024,520497,-90478,-730547,0,640069,640069,1036952,1504095,180444,0,1819095,2267464,0,3.0,0.0,2.0,0.0,1.0,922.0454547419355,947.272727,584.5,582.8651026774194,912.124633419355,2.069903,18.929910548387095,1.0,1.0,1.0,1.0,2,0:1.0500|1:0.9300|2:1.0300|3:0.9400|4:0.9500|5:1.1000|6:0.8200|,Selin Doğan:4:73144,2297452,8,305944,2858,31,35.9315669703247,36.60833129277868,2,214553
Temkinli,23,2916,2019,2,813,637,176,3120,123,24,0,0,147,3193015,2042241,1135133,323400,69916,117511,142128,0,8004,474174,-387513,-977780,0,590267,590267,977792,449423,180444,0,1849689,2048032,0,3.0,0.0,2.0,0.0,1.0,931.7370128571429,959.7727270000001,603.181818,594.823052,926.4691560357143,2.097689,18.601026285714283,1.0,1.0,1.0,1.0,2,0:1.0500|1:0.9300|2:1.0300|3:0.9400|4:0.9500|5:1.1000|6:0.8200|,Selin Doğan:4:73144,2059966,8,305944,2889,28,35.55050633961945,35.26265355173972,2,168230
Temkinli,23,2947,2019,3,781,441,340,2016,49,623,0,0,104,1964899,1284505,676611,358050,77407,131683,144801,0,137421,-172751,-4557486,-5126380,0,568894,137098,670195,-2626167,0,0,1699839,2267464,0,3.0,0.0,2.0,0.0,1.0,931.4809383548387,971.818182,612.3988266451613,603.1158358064516,931.2316716451612,2.1231059999999995,15.647600451612904,1.0,1.0,1.0,1.0,2,0:1.0500|1:0.9300|2:1.0300|3:0.9400|4:0.9500|5:1.1000|6:0.8200|,Selin Doğan:4:73144,322404,8,0,2917,31,34.4348997073132,34.25535602190993,2,-172751
Temkinli,23,2977,2019,4,505,0,505,0,0,1147,0,0,0,3225,0,3225,346500,74910,129146,142020,0,89933,-779284,-9683435,-9685026,0,1591,0,670195,-12222087,0,0,1549989,2194320,0,3.0,0.0,2.0,0.0,1.0,959.2727275333333,984.3181820000001,623.2954546,603.5,948.8636363,2.151607,5.0,1.0,1.0,1.0,1.0,2,0:1.0500|1:0.9300|2:1.0300|3:0.9400|4:0.9500|5:1.1000|6:0.8200|,Selin Doğan:4:73144,0,8,0,2948,30,100.0,35.02416604684079,2,-779284
Temkinli,23,3008,2019,5,1038,627,411,3279,59,610,0,0,137,2737448,2042323,675773,358050,77407,135188,148645,0,34151,-77668,-3038915,-3039350,0,435,603827,0,3011384,120296,0,1520435,658296,0,3.0,0.0,2.0,0.0,1.0,913.2184752903225,997.727273,655.9589443225807,640.183284451613,902.881231451613,2.179552,16.260874774193546,1.0,1.0,1.0,1.0,2,0:1.0500|1:0.9100|2:1.0300|3:0.9200|4:0.9300|5:1.1000|6:0.8200|,Selin Doğan:4:73144,3112636,1,203962,2978,31,24.686240615346847,28.170644586001846,2,-281630
Temkinli,23,3038,2019,6,1447,1161,286,5977,93,27,0,2,265,4458231,3359245,1066414,346500,74910,132597,167640,0,6308,338459,94042,48786,0,45256,26297,0,3065448,131134,0,1488219,0,0,3.0,0.0,2.0,0.0,1.0,892.3636361000001,1010.6818179999999,682.7348483999999,675.0303031,888.0106061,2.20881,27.0641562,1.0,1.0,1.0,1.0,none,0:1.0500|1:0.8900|2:1.0300|3:0.9000|4:0.9100|5:1.1000|6:0.8200|,,3405498,1,222337,3009,30,23.920115400031985,23.491408571528655,2|none,116122
Temkinli,23,3069,2019,7,1529,1263,266,6709,63,36,0,0,253,5245081,3969737,1253084,388050,84382,138785,175491,0,9922,456454,277255,201174,0,76081,95040,0,3284128,131134,0,1456003,0,0,3.0,0.0,2.0,0.0,1.0,901.590909,1024.318182,682.9384164838709,682.3049852580646,898.9178882580645,2.237498,27.232005258064518,1.0,1.0,1.0,1.0,none,0:1.0500|1:0.8900|2:1.0300|3:0.9000|4:0.9100|5:1.1000|6:0.8200|,,3955532,1,222337,3039,31,23.890651069068333,24.251851957851663,none,234117
Temkinli,23,3100,2019,8,1610,1341,269,6822,112,62,0,3,246,5476405,4182047,1248241,389050,84382,140646,177847,0,9693,446623,267114,193448,0,73666,73666,0,3484878,131134,0,1423787,0,0,3.0,0.0,2.0,0.0,1.0,911.0703815806451,1037.727273,701.6583577741936,696.6070380967742,911.4868037096775,2.267534,27.50973012903226,0.9709677419354839,0.9709677419354839,1.0,0.9745967741935483,3,0:1.0500|1:0.8900|2:1.0300|3:0.9000|4:0.9100|5:1.1000|6:0.8200|,,4220862,1,222337,3070,31,22.793073193089263,22.985274029338527,none|3,224286
Temkinli,23,3130,2019,9,1477,1157,320,6252,148,64,0,0,277,5227475,4027663,1161304,376500,81660,137940,151680,0,10075,403449,224396,133954,0,90442,90442,0,3533933,131134,0,1391571,0,0,3.0,0.0,2.0,0.0,1.0,916.3560605333333,1051.136364,705.1606061,703.1378786666667,922.3363639333332,2.297973,28.86473266666667,0.95,0.95,1.0,0.925,3,0:1.0500|1:0.8900|2:1.0300|3:0.9000|4:0.9100|5:1.1000|6:0.8200|,,4151070,1,222337,3101,30,22.215390795747467,23.047313542119678,3,181112
Temkinli,23,3161,2019,10,1503,1225,278,6659,158,71,0,0,248,5852325,4444418,1365043,389050,84382,144398,158751,0,6909,581553,335160,253507,0,81653,81653,0,3824296,131134,0,1359355,0,0,3.0,0.0,2.0,0.0,1.0,931.0337243225806,1065.227273,705.6143694516129,704.9750733225807,935.7536654193548,2.327819,28.92253106451613,0.95,0.95,1.0,0.925,3,0:1.0500|1:0.8950|2:1.0300|3:0.9050|4:0.9150|5:1.1000|6:0.8200|,,4450426,1,222337,3131,31,23.324798263937836,24.21172820941397,3,359216
Temkinli,23,3191,2019,11,1538,1244,294,6595,136,89,0,0,261,5804448,4426318,1336334,376500,81660,141601,155700,0,8439,572434,547858,-30756,499003,79611,79611,0,3715729,131134,0,1327139,0,0,3.0,0.0,2.0,0.0,1.0,948.5227271,1079.772727,726.0909091999999,720.5333333,948.0303033666665,2.359067,29.149897833333334,0.95,0.95,1.0,0.925,3,0:1.0500|1:0.9050|2:1.0300|3:0.9150|4:0.9250|5:1.1000|6:0.8200|,,4494496,1,222337,3162,30,23.022585437926224,23.45034141459741,3,350097
Temkinli,23,3222,2019,12,1555,1256,299,6819,176,114,0,0,265,6361379,4829539,1501046,389050,84382,148214,179273,0,9778,690349,717838,105041,497717,115080,115080,0,3708658,150641,0,1290130,0,0,3.0,0.0,2.0,0.0,1.0,955.9604109032258,1093.863636,721.8401759354839,722.6818182258064,961.1656894516128,2.389707,30.23267858064516,0.95,0.95,1.0,0.925,3,0:1.0500|1:0.9100|2:1.0300|3:0.9200|4:0.9300|5:1.1000|6:0.8200|,,4919730,1,255412,3192,31,23.596235973363637,24.49057851114741,3,434937
Temkinli,23,3253,2020,1,1546,1221,325,6938,124,108,0,0,301,6839274,5130541,1661613,443050,96937,150276,181691,0,9176,780483,709142,112479,496399,100264,100264,0,3783621,150641,0,1253121,0,0,3.0,0.0,2.0,0.0,1.0,970.8137833548387,1108.409091,725.369501516129,724.2360702903227,973.3826981935483,2.421786,30.63054051612903,0.95,0.95,1.0,0.925,3,0:1.0500|1:0.9150|2:1.0300|3:0.9250|4:0.9350|5:1.1000|6:0.8200|,,5161144,1,255412,3223,31,24.295166416786344,25.28232355648356,3,525071
Temkinli,23,3282,2020,2,1506,1174,332,6992,142,152,0,0,305,7413621,5675659,1697327,416150,90683,143831,173913,0,12844,859906,580540,-20352,495048,105844,105844,2321864,5992733,150641,0,1216112,0,0,3.0,0.0,2.0,0.0,1.0,992.5235110000001,1134.318182,761.4717868275862,754.2021944137931,996.8620687931035,2.477969,30.925295724137932,0.95,0.95,1.0,0.925,3,0:1.0500|1:0.9200|2:1.0300|3:0.9300|4:0.9400|5:1.1000|6:0.8200|,,5753310,1,255412,3254,29,22.894709616259046,23.27921924384659,3,604494
Temkinli,23,3313,2020,3,1686,1299,387,7376,160,112,0,0,362,7067625,5364315,1669788,444850,96937,157071,172670,0,8776,789484,582247,-32549,493663,121133,121133,0,3596508,150641,0,1179103,0,0,3.0,0.0,2.0,0.0,1.0,1017.5733138709678,1159.772727,770.2712610322582,767.523460483871,1019.0615838064516,2.531706,30.840466903225806,0.95,0.95,1.0,0.925,3,0:1.0500|1:0.9250|2:1.0300|3:0.9350|4:0.9450|5:1.1000|6:0.8200|,,5382880,1,255412,3283,31,23.625871491484055,24.30311894657926,3,534072
Temkinli,23,3343,2020,4,1623,1251,372,7207,129,111,0,2,342,7016437,5300615,1680180,430500,93810,155546,170970,0,11868,817486,777139,176269,492244,108626,108626,0,3537012,150641,0,1142094,0,0,3.0,0.0,2.0,0.0,1.0,1042.1590912,1186.1363640000002,792.1348484666667,786.8984848,1042.4272728666667,2.590438,31.224271733333335,0.95,0.95,1.0,0.925,3,0:1.0500|1:0.9300|2:1.0300|3:0.9400|4:0.9500|5:1.1000|6:0.8200|,,5513834,1,255412,3314,30,23.946341996657278,23.990986102269805,3,562074
Temkinli,23,3374,2020,5,1747,1354,393,8254,119,140,0,6,365,8014925,6079361,1892435,444850,96937,164330,180637,0,14540,991141,858646,241316,490790,126540,99385,729264,4466025,150641,0,1105085,0,0,3.0,0.0,2.0,0.0,1.0,1066.583577451613,1212.5,813.9530791612902,808.4105572258064,1065.6656891612902,2.648573,31.64600948387097,0.95,0.95,1.0,0.925,3,0:1.0500|1:0.9300|2:1.0300|3:0.9400|4:0.9500|5:1.1000|6:0.8200|,,6131570,1,255412,3344,31,23.61138750518564,23.685954259105753,3,735729
Temkinli,23,3404,2020,6,1756,1368,388,8304,126,87,0,0,363,7476915,5514014,1908573,430500,93810,162722,205680,0,11073,1004788,757812,143994,489299,124519,151674,0,3831057,174484,0,1062219,0,0,3.0,0.0,2.0,0.0,1.0,1096.4318180333332,1240.681818,813.4242424666667,812.8575758666666,1090.1712123666666,2.710017,31.832235466666667,0.95,0.95,1.0,0.925,3,0:1.0500|1:0.9300|2:1.0300|3:0.9400|4:0.9500|5:1.1000|6:0.8200|,,5529752,1,295837,3375,30,25.526209673374648,25.811689419438455,3,708951
Temkinli,23,3435,2020,7,1707,1341,366,8147,128,72,0,0,350,7799983,5885204,1883855,510850,112282,171930,217310,0,13160,858323,774466,175919,487770,110777,110777,0,3808036,174484,0,1019353,0,0,3.0,0.0,2.0,0.0,1.0,1119.2521993870969,1268.409091,858.0645160967741,845.6686216774193,1114.9926687741934,2.770836,31.20483322580645,0.95,0.95,1.0,0.925,3,0:1.0500|1:0.9300|2:1.0300|3:0.9400|4:0.9500|5:1.1000|6:0.8200|,,6052406,1,295837,3405,31,24.15203981854832,23.335909764872408,3,562486
Temkinli,23,3466,2020,8,1681,1303,378,7929,112,75,0,3,361,7769278,5772126,1946071,513050,112282,175902,222363,0,15655,906819,726778,95916,486204,144658,144658,0,3911959,174484,0,976487,0,0,3.0,0.0,2.0,0.0,1.0,1146.8328448387097,1297.272727,855.9134896774194,855.8225807419356,1140.2961876129032,2.835116,30.832651709677418,0.95,0.95,1.0,0.925,3,0:1.0500|1:0.9300|2:1.0300|3:0.9400|4:0.9500|5:1.1000|6:0.8200|,,5750972,1,295837,3436,31,25.048286340120665,25.367197710683378,3,610982
Temkinli,23,3496,2020,9,1667,1284,383,7145,144,116,0,3,346,7805670,5784204,1971736,496500,108660,174190,191460,0,22005,978921,735375,128355,484598,122422,122422,0,3903248,174484,0,933621,0,0,3.0,0.0,2.0,0.0,1.0,1173.5227270666667,1328.409091,870.7984848333333,866.8106061,1167.3,2.900887,30.2995342,0.95,0.95,1.0,0.925,3,0:1.0500|1:0.9300|2:1.0300|3:0.9400|4:0.9500|5:1.1000|6:0.8200|,,5905166,1,295837,3467,30,25.26030436849111,25.796197657800953,3,683084
Temkinli,23,3527,2020,10,1668,1304,364,7211,143,94,0,0,343,8597330,6522184,2025265,513050,112282,184030,202275,0,18172,995456,668960,-404282,964217,109025,109025,3123620,6562186,174484,0,890755,0,0,3.0,0.0,2.0,0.0,1.0,1196.0557188064515,1356.818182,913.2653958064516,901.8665689354838,1192.7214075161291,2.965989,30.897922612903226,0.95,0.95,1.0,0.925,3,0:1.0500|1:0.9300|2:1.0300|3:0.9400|4:0.9500|5:1.1000|6:0.8200|,,6495818,1,295837,3497,31,23.55690662100908,23.643574338008055,3,699619
Temkinli,23,3557,2020,11,1561,1228,333,6812,122,81,0,0,315,8063330,6013213,1997694,496500,108660,182236,200310,0,25771,984217,940245,301052,479536,159657,159657,0,3542446,174484,0,847889,0,0,3.0,0.0,2.0,0.0,1.0,1227.7045457666668,1389.545455,914.8272726666668,913.2303030666667,1220.9818183999998,3.034797,30.792869833333334,0.95,0.95,1.0,0.925,3,0:1.0500|1:0.9300|2:1.0300|3:0.9400|4:0.9500|5:1.1000|6:0.8200|,,6191912,1,295837,3528,30,24.77504951428256,25.484736875729087,3,688380
Temkinli,23,3588,2020,12,1682,1290,392,7330,150,161,0,0,354,9147034,7037403,2062086,513050,112282,192530,232779,0,14872,996573,717237,115397,477764,124076,124076,3334590,6954767,198326,0,799165,0,0,3.0,0.0,2.0,0.0,1.0,1247.7859236774193,1420.681818,962.7595308387097,951.4061583225806,1248.3284455806452,3.102904,31.433958354838712,0.95,0.95,1.0,0.925,3,0:1.0500|1:0.9300|2:1.0300|3:0.9400|4:0.9500|5:1.1000|6:0.8200|,,7049946,1,336262,3558,31,22.543766646106267,22.842571584610642,3,660311
Temkinli,23,3619,2021,1,1622,1251,371,7229,199,112,0,2,345,10012868,7738762,2219400,579050,127627,196984,238173,0,10170,1067396,899721,262949,475947,160825,126050,3355746,7135598,198326,0,750441,0,0,3.0,0.0,2.0,0.0,1.0,1271.1583574193548,1453.409091,975.1554252903226,972.0205280322581,1276.9164226774194,3.174888,31.267159741935487,0.95,0.95,1.0,0.925,3,0:1.0500|1:0.9300|2:1.0300|3:0.9400|4:0.9500|5:1.1000|6:0.8200|,,7857032,1,336262,3589,31,22.16547746359984,23.286078434001197,3,731134
Temkinli,23,3647,2021,2,1516,1181,335,6488,145,109,0,0,301,8855930,6808375,2005315,525000,115276,181676,219688,0,19545,944130,618570,17194,474085,127291,149453,3591122,7193692,198326,0,701717,0,0,3.0,0.0,2.0,0.0,1.0,1302.1022727857144,1484.545455,996.8262987857142,990.7499999285714,1304.5519481785716,3.242156,31.396584571428573,0.95,0.95,1.0,0.925,3,0:1.0500|1:0.9300|2:1.0300|3:0.9400|4:0.9500|5:1.1000|6:0.8200|,,6946582,1,336262,3620,28,22.643753959211512,23.44485378609266,3,607868
Temkinli,23,3653,2021,3,348,266,82,1541,33,16,0,0,76,2029896,1538233,479637,112500,24702,39648,43614,0,1638,257535,250929,250929,0,0,12613,3480340,7414819,0,0,701717,0,0,3.0,0.0,2.0,0.0,1.0,1318.863636,1513.181818,1005.0681816666666,998.3636364999999,1328.325758,3.304138,32.5346665,0.9499999999999998,0.9499999999999998,1.0,0.9250000000000002,3,0:1.0500|1:0.9300|2:1.0300|3:0.9400|4:0.9500|5:1.1000|6:0.8200|,,1456666,1,0,3648,6,23.628648955414466,23.79286574956665,3,257535
Dengeli,21,25,2011,3,1338,1217,121,5567,186,88,0,0,97,2382565,1783024,590636,168750,37975,50012,55000,0,9737,269162,147887,96610,0,51277,56014,523112,94309,71527,0,12127,0,0,3.0,1.0,2.0,0.0,0.0,446.51818184,457.7272730000001,328.7618182,334.40181824,448.12727284,1.0,28.879036160000002,1.0,1.0,1.0,1.0,none,0:1.0000|1:0.9100|2:1.0300|3:0.9400|4:0.9500|5:1.1000|6:0.8200|,,2072572,1,121275,1,25,24.78992178597436,26.37213184796928,none,147887
Dengeli,21,55,2011,4,1585,1426,159,6213,201,53,0,2,140,2621475,1903280,694462,202500,45570,60374,66390,0,7904,311724,190449,123172,0,67277,75181,883942,588029,71527,0,24254,0,0,3.0,1.0,2.0,0.0,0.0,449.7727271333333,459.09090899999995,324.1772727,326.07575770000005,443.680303,1.00592,27.704730933333334,1.0,1.0,1.0,1.0,none,0:1.0000|1:0.9150|2:1.0300|3:0.9400|4:0.9500|5:1.1000|6:0.8200|,,1916682,1,121275,26,30,26.49126922820168,27.9242041272327,none,190449
Dengeli,21,86,2011,5,1765,1609,156,7007,228,70,0,2,133,2890230,2093913,775577,209250,47089,62821,69099,0,4977,382341,261066,163053,0,98013,102990,935610,821770,71527,0,36381,0,0,3.0,1.0,2.0,0.0,0.0,447.3093839032258,464.31818200000004,321.9956011935484,323.48826987096777,447.3328446129032,1.01307,29.44130558064516,1.0,1.0,1.0,1.0,none,0:1.0000|1:0.9100|2:1.0300|3:0.9400|4:0.9500|5:1.1000|6:0.8200|,,2091270,1,121275,56,31,26.834438781688654,28.01501314731835,none,261066
Dengeli,21,116,2011,6,1802,1663,139,8920,153,74,0,10,113,3022175,2253843,750133,202500,45570,61245,77460,0,5955,357403,255495,171084,0,84411,90366,1071746,1146713,78030,0,49611,0,0,3.0,1.0,2.0,0.0,0.0,428.5984847333333,466.818182,318.87272740000003,320.4136364,420.0893938333333,1.020512,36.0551144,1.0,1.0,1.0,1.0,none,0:1.0000|1:0.8900|2:1.0300|3:0.9200|4:0.9500|5:1.1000|6:0.8200|,,2251368,1,132300,87,30,24.820965033461,25.601060489423514,none,225103
Dengeli,21,147,2011,7,2012,1822,190,10010,139,92,0,16,157,3404240,2670144,711945,222750,50220,63751,80600,0,9785,284839,227323,152851,0,74472,65136,1168822,1377731,78030,0,62841,0,0,3.0,1.0,2.0,0.0,0.0,417.5,470.227273,330.5131965483871,328.036656967742,413.4574776774193,1.027766,38.30741929032258,1.0,1.0,1.0,1.0,none,0:1.0500|1:0.8900|2:1.0300|3:0.9000|4:0.9500|5:1.1000|6:0.8200|,,2723052,1,132300,117,31,20.913478485653187,20.835162503380335,none,152539
Dengeli,21,178,2011,8,2158,1959,199,11339,155,102,0,27,154,3799690,2998727,779602,223200,50220,64216,81189,0,9101,351676,382162,304417,0,77745,95617,1403082,1917047,78030,0,76071,0,0,3.0,1.0,2.0,0.0,0.0,417.954545,474.090909,330.2404691612903,330.2653958064516,416.16568893548384,1.035317,38.86130861290323,1.0,1.0,1.0,1.0,none,0:1.0500|1:0.8900|2:1.0300|3:0.9000|4:0.9500|5:1.1000|6:0.8200|,,3002400,1,132300,148,31,20.51751590261311,20.986510827082803,none,219376
Dengeli,21,208,2011,9,1851,1660,191,9169,196,120,0,13,149,3620170,2784586,810124,216000,48600,62595,68820,0,9928,404181,404921,321873,0,83048,92976,1218168,2117933,78030,0,89301,0,0,3.0,1.0,2.0,0.0,0.0,422.68181853333334,477.272727,324.0969697,325.65,419.5015155333333,1.042922,36.5975883,1.0,1.0,1.0,1.0,none,0:1.0500|1:0.9100|2:1.0300|3:0.9200|4:0.9500|5:1.1000|6:0.8200|,,2745366,1,132300,179,30,22.378065118488912,23.323654936333345,none,271881
Dengeli,21,239,2011,10,1912,1727,185,10292,210,127,0,13,147,3923195,3010704,885208,208800,46980,65146,71641,0,8037,484604,352304,228293,0,124011,132048,1278756,2379437,78030,0,102531,0,0,2.806451612903226,0.8064516129032258,2.0,0.0,0.0,426.51026412903224,481.136364,327.1686216129032,326.65395893548384,422.84897332258066,1.050335,38.89889361290323,1.0,1.0,1.0,1.0,none,0:1.0500|1:0.9100|2:1.0300|3:0.9200|4:0.9500|5:1.1000|6:0.8200|,,3063022,1,132300,209,31,22.563446374702252,23.291735480034113,none,352304
Dengeli,21,269,2011,11,1924,1754,170,10038,235,137,0,21,123,3963220,3042478,904485,144000,32400,63495,69840,0,0,594750,462450,350354,0,112096,112096,1497462,2990246,78030,0,115761,0,0,2.0,0.0,2.0,0.0,0.0,431.2651513333333,484.545455,329.59545453333334,328.9121212666667,431.4848486333333,1.058051,39.39438573333334,1.0,1.0,1.0,1.0,none,0:1.0500|1:0.9150|2:1.0300|3:0.9250|4:0.9500|5:1.1000|6:0.8200|,,3016986,1,132300,240,30,22.821973042122316,23.574753602434583,none,462450
Dengeli,21,300,2011,12,1965,1746,219,9526,302,164,0,16,158,4046565,3109668,918915,148800,33480,66077,79949,0,9422,581187,443375,329684,0,113691,117763,1384926,3195626,81281,0,129542,0,0,2.0,0.0,2.0,0.0,0.0,431.18768287096776,487.5,330.98973606451614,330.4853371935484,428.5087976451613,1.065572,38.26633132258065,1.0,1.0,1.0,1.0,none,0:1.0500|1:0.9250|2:1.0300|3:0.9350|4:0.9500|5:1.1000|6:0.8200|,,3139418,1,137812,270,31,22.708519447976247,23.237664429397835,none,443375
Dengeli,21,331,2012,1,1889,1695,194,9901,275,150,0,15,145,4369335,3313516,1038504,154800,34875,66569,80538,0,5383,696339,228624,113673,0,114951,120334,1324102,11939898,81281,0,143323,0,0,2.0,0.0,2.0,0.0,0.0,438.6070383548388,491.81818200000004,329.744868,330.3196480645161,436.1642226774194,1.0734,39.303933032258065,1.0,1.0,1.0,1.0,none,0:1.0500|1:0.9250|2:1.0300|3:0.9350|4:0.9500|5:1.1000|6:0.8200|,,3401572,2,137812,301,31,23.768010463834887,24.81997798374769,none,558527
Dengeli,21,360,2012,2,1622,1455,167,8071,181,124,0,6,130,3403320,2533128,856362,155800,32625,62623,75777,0,3150,526387,-140030,-243707,0,103677,103677,1113482,11289249,81281,0,157104,0,0,2.8275862068965516,0.0,2.0,0.0,0.8275862068965517,457.398119,494.3181819999999,338.1300940689655,336.2852665172414,459.992163,1.079586,37.04826993103448,1.0,1.0,1.0,1.0,none,0:1.0500|1:0.9300|2:1.0300|3:0.9400|4:0.9500|5:1.1000|6:0.8200|,,2557762,3,137812,332,29,25.162547159832165,26.075320377746138,none,388575
Dengeli,21,391,2012,3,1698,1522,176,8707,169,114,0,0,150,3564585,2532779,1015213,168950,34875,67313,74028,0,0,670047,795928,408245,231205,156478,156478,1111972,11551088,81281,0,170885,0,0,3.0,0.0,2.0,0.0,1.0,472.5439882903226,496.590909,330.45894441935485,332.16715545161287,473.62609964516133,1.085405,34.19418051612904,1.0,1.0,1.0,1.0,none,0:1.0500|1:0.9300|2:1.0300|3:0.9400|4:0.9500|5:1.1000|6:0.8200|,,2494230,3,137812,361,31,28.48053840769683,30.068109507653546,none,532235
Dengeli,21,421,2012,4,1483,1355,128,6842,187,87,0,0,106,2964225,2019385,926049,163500,33750,65502,72060,0,0,591237,707211,336075,113644,257492,257492,954652,11591698,81281,0,184666,0,0,3.0,0.0,2.0,0.0,1.0,478.0757576,499.318182,323.67272740000004,325.65909100000005,480.91363636666665,1.09166,29.849215466666667,1.0,1.0,1.0,1.0,none,0:1.0500|1:0.9300|2:1.0300|3:0.9400|4:0.9500|5:1.1000|6:0.8200|,,2073514,3,137812,392,30,31.240847101687624,32.29677048991617,none,453425
Dengeli,21,452,2012,5,1515,1357,158,6651,205,98,0,0,134,2982595,2038153,926979,168950,34875,68058,74865,0,0,580231,623230,311790,112316,199124,199124,886556,11647986,81281,0,198447,0,0,3.0,0.0,2.0,0.0,1.0,489.53812303225806,502.045455,336.83137841935485,333.16129032258067,483.92521999999997,1.097747,27.678145258064518,1.0,1.0,1.0,1.0,none,0:1.0500|1:0.9300|2:1.0300|3:0.9400|4:0.9500|5:1.1000|6:0.8200|,,2083010,3,137812,422,31,31.079613557992285,31.194045453910565,none,442419
Dengeli,21,482,2012,6,1472,1346,126,6892,138,61,0,0,109,2702130,1874125,816466,163500,33750,66252,83790,0,0,469174,451883,185155,110970,155758,155758,918134,11787774,84532,0,212779,0,0,3.0,0.0,2.0,0.0,1.0,484.6515152666667,505.227273,335.57121226666663,335.23484850000006,484.6212122,1.104074,29.308824066666666,1.0,1.0,1.0,1.0,none,0:1.0500|1:0.9300|2:1.0300|3:0.9400|4:0.9500|5:1.1000|6:0.8200|,,1877260,3,143325,453,30,30.215644695110893,30.760308861919594,none,325849
Dengeli,21,513,2012,7,1598,1441,157,7470,178,70,0,0,140,3021540,2057122,935513,174950,36270,68833,87079,0,0,568381,577525,243534,109607,224384,224384,923066,11941800,84532,0,227111,0,0,3.0,0.0,2.0,0.0,1.0,491.9354841935484,508.18181799999996,334.3489737096774,334.755132,489.1583578064516,1.11023,28.890082709677422,1.0,1.0,1.0,1.0,none,0:1.0500|1:0.9300|2:1.0300|3:0.9400|4:0.9500|5:1.1000|6:0.8200|,,2071226,3,143325,483,31,30.961463359743707,32.03397915932199,none,425056
Dengeli,21,544,2012,8,1572,1427,145,6990,129,64,0,3,126,2930395,2024925,891528,175150,36270,69236,87575,0,0,523297,549654,266891,108227,174536,174536,793382,11959469,84532,0,241443,0,0,3.0,0.0,2.0,0.0,1.0,485.2346041935484,510.909091,337.5967741290322,336.3064516451613,485.97507338709676,1.116629,28.25541477419355,1.0,1.0,1.0,1.0,none,0:1.0500|1:0.9300|2:1.0300|3:0.9400|4:0.9500|5:1.1000|6:0.8200|,,2048708,3,143325,514,31,30.42347533353012,30.426072004878495,none,379972
Dengeli,21,574,2012,9,1468,1308,160,6205,185,107,0,0,132,2924120,2029612,881677,169500,35100,67393,74130,0,0,535554,569689,236367,106829,226493,178403,910296,12179772,84532,0,255775,0,0,3.0,0.0,2.0,0.0,1.0,495.81060633333334,514.090909,345.44242436666667,342.61969700000003,497.37575756666666,1.123064,27.511560733333333,1.0,1.0,1.0,1.0,none,0:1.0500|1:0.9300|2:1.0300|3:0.9400|4:0.9500|5:1.1000|6:0.8200|,,2061986,3,143325,545,30,30.15187475206216,30.32774612844288,none,392229
Dengeli,21,605,2012,10,1540,1367,173,6424,199,60,0,0,152,3136835,2147277,971127,175150,36270,70042,77035,0,0,612630,704720,381466,105412,217842,265932,915364,12452285,84532,0,270107,0,0,3.0,0.0,2.0,0.0,1.0,490.8211143870968,516.818182,334.15835783870966,336.7565981612903,491.0938415806452,1.129326,27.94057164516129,1.0,1.0,1.0,1.0,none,0:1.0500|1:0.9300|2:1.0300|3:0.9400|4:0.9500|5:1.1000|6:0.8200|,,2140530,3,143325,575,31,30.958816769131943,31.91850390218373,none,469305
Dengeli,21,635,2012,11,1432,1299,133,6382,197,91,0,0,115,2977715,1983330,976589,169500,35100,68172,74970,0,0,628847,760684,431160,103978,225546,225546,866696,12687679,84532,0,284439,0,0,3.0,0.0,2.0,0.0,1.0,507.6515151333333,520.227273,336.8015150333333,336.1151516,503.30303033333337,1.135835,27.952514833333332,1.0,1.0,1.0,1.0,none,0:1.0500|1:0.9300|2:1.0300|3:0.9400|4:0.9500|5:1.1000|6:0.8200|,,2032682,3,143325,606,30,32.79659067439295,33.65497689002794,none,485522
Dengeli,21,666,2012,12,1440,1268,172,6053,207,92,0,0,149,3251590,2254857,981157,296950,63675,70818,85684,0,23431,440599,-313021,-617997,102525,202451,202451,1006956,11882381,87784,0,299323,0,0,3.935483870967742,0.0,2.0,0.9354838709677419,1.0,501.69354858064514,522.727273,349.72140761290325,345.9868034516129,503.30938412903225,1.142168,26.483443290322583,1.0,1.0,1.0,1.0,none,0:1.0500|1:0.9200|2:1.0300|3:0.9300|4:0.9400|5:1.1000|6:0.8200|,,2285710,4,148837,636,31,30.174683770094017,30.29182683287246,none,291762
Dengeli,21,697,2013,1,1421,1254,167,5832,173,82,0,0,149,2824265,1947334,864531,311350,66960,71252,86180,0,0,328789,-984652,-1307715,101053,222010,222010,808446,9620524,87784,0,314207,0,0,4.0,0.0,2.0,1.0,1.0,503.841642516129,525.454545,343.8680351290323,345.8401759677419,504.7903225483871,1.148751,26.933150612903226,1.0,1.0,1.0,1.0,none,0:1.0500|1:0.9300|2:1.0300|3:0.9400|4:0.9500|5:1.1000|6:0.8200|,,1934856,7,148837,667,31,30.610831490671025,31.750771251896992,none,179952
Dengeli,21,725,2013,2,1275,1150,125,5382,166,85,0,0,109,2727990,1842338,865618,281400,60480,64749,78316,0,0,380673,-289386,-647726,0,358340,358340,890712,9277688,87784,0,329091,1028550,0,4.0,0.0,2.0,1.0,1.0,513.2061688214286,528.863636,343.99350657142855,344.38311685714285,510.91883128571425,1.155828,26.611069964285715,1.0,1.0,1.0,1.0,none,0:1.0500|1:0.9300|2:1.0300|3:0.9400|4:0.9500|5:1.1000|6:0.8200|,Hasan Demir:4:41142,1828290,7,148837,698,28,31.730981418553586,32.97167347746321,none,231836
Dengeli,21,756,2013,3,1519,1360,159,6563,147,82,0,0,142,3074265,2115715,947006,311550,66960,72089,79267,0,0,417140,196208,-383621,117933,461896,375778,920172,8876431,87784,0,343975,1275402,0,4.0,0.0,2.0,1.0,1.0,499.6627566129032,531.818182,341.19501429032255,342.85043990322583,503.6436950322581,1.162259,30.103947612903227,1.0,1.0,1.0,1.0,none,0:1.0500|1:0.9050|2:1.0300|3:0.9150|4:0.9250|5:1.1000|6:0.8200|,Hasan Demir:4:41142,2162432,7,148837,726,31,30.80430606990614,31.71493977193665,none,268303
Dengeli,21,786,2013,4,1460,1284,176,6293,139,46,0,0,161,3025535,2019558,991256,301500,64800,70184,77190,0,0,477582,469191,-45678,116237,398632,484750,935790,8657523,87784,0,358859,1234260,0,4.0,0.0,2.0,1.0,1.0,508.70454556666664,535.454545,338.363636,339.80303026666667,507.8454545,1.16942,26.507341566666664,1.0,1.0,1.0,1.0,none,0:1.0500|1:0.9200|2:1.0300|3:0.9300|4:0.9400|5:1.1000|6:0.8200|,Hasan Demir:4:41142,2025408,7,148837,757,30,32.76299894068322,33.4852344157682,none,328745
Dengeli,21,817,2013,5,1448,1273,175,6267,180,44,0,0,160,2986225,2018189,952584,311550,66960,72957,80228,0,0,420889,204639,-286135,114517,376257,376257,857514,8149099,87784,0,373743,1275402,0,4.0,0.0,2.0,1.0,1.0,511.80351887096776,538.409091,347.8533722903226,345.3519060967742,512.7785923548387,1.176391,27.346692290322583,1.0,1.0,1.0,1.0,none,0:1.0500|1:0.9200|2:1.0300|3:0.9300|4:0.9400|5:1.1000|6:0.8200|,Hasan Demir:4:41142,2030658,7,148837,787,31,31.899270818508317,32.03380604774213,none,272052
Dengeli,21,847,2013,6,1456,1311,145,6257,135,47,0,0,128,2728900,1792042,923894,301500,64800,71024,89850,0,0,396720,-84456,-635757,112770,438531,352953,892710,7510338,92660,0,389453,1236103,0,4.0,0.0,2.0,1.0,1.0,527.9772727666666,542.045455,348.4000002,347.20151516666664,527.0136363666667,1.183639,26.413001366666666,1.0,1.0,1.0,1.0,none,0:1.0500|1:0.9300|2:1.0300|3:0.9400|4:0.9500|5:1.1000|6:0.8200|,Hasan Demir:4:41142,1852692,7,157106,818,30,33.85591263879219,34.0123111030252,none,239614
Dengeli,21,878,2013,7,1534,1348,186,6973,124,34,0,0,175,2859965,1906441,934288,320550,69037,73826,93372,0,0,377503,-184441,-654292,110997,358854,444432,825294,6593726,92660,0,405163,1332535,0,4.0,0.0,2.0,1.0,1.0,525.2859236774194,545.0,351.363636,349.5469208387097,524.4032258387097,1.190696,27.364538870967742,1.0,1.0,1.0,1.0,none,0:1.0500|1:0.9300|2:1.0300|3:0.9400|4:0.9500|5:1.1000|6:0.8200|,Hasan Demir:4:42985,1910702,7,157106,848,31,32.66781236833318,33.11002253017272,none,220397
Dengeli,21,909,2013,8,1385,1241,144,5820,168,37,0,0,128,2649845,1728623,907309,320850,69037,74291,93961,0,0,349170,-455037,-804115,0,349078,349078,762404,5875065,92660,0,420873,1332535,0,4.0,0.0,2.0,1.0,1.0,534.640762451613,549.090909,353.5,351.93401758064516,534.98827,1.198032,23.959289096774196,1.0,1.0,1.0,1.0,none,0:1.0500|1:0.9300|2:1.0300|3:0.9400|4:0.9500|5:1.1000|6:0.8200|,Hasan Demir:4:42985,1749566,7,157106,879,31,34.24007819325281,33.88083647438067,none,192064
Dengeli,21,939,2013,9,1399,1259,140,5659,162,55,0,0,124,2816385,1895453,898170,310500,66810,72344,79560,0,0,368956,477956,-143907,133040,488823,488823,920586,5775942,92660,0,436583,1289550,0,4.0,0.0,2.0,1.0,1.0,518.9848482666667,551.590909,347.636364,349.30757580000005,522.9393939333333,1.205414,26.717404733333336,1.0,1.0,1.0,1.0,none,0:1.0500|1:0.9150|2:1.0300|3:0.9250|4:0.9350|5:1.1000|6:0.8200|,Hasan Demir:4:42985,1913364,7,157106,910,30,31.89088139583189,33.01608608400525,none,211850
Dengeli,21,970,2013,10,1387,1212,175,5352,185,52,0,0,152,2661355,1756885,891038,320850,69037,75190,82708,0,0,343253,208268,-282110,98451,391927,391927,810390,5240849,92660,0,452293,1332535,0,4.0,0.0,2.0,1.0,1.0,531.0703812258065,555.227273,351.409091,350.03665677419355,533.758064483871,1.2126,24.779386161290322,1.0,1.0,1.0,1.0,none,0:1.0500|1:0.9300|2:1.0300|3:0.9400|4:0.9500|5:1.1000|6:0.8200|,Hasan Demir:4:42985,1777436,7,157106,940,31,33.48061419840645,33.830033942227345,none,186147
Dengeli,21,1000,2013,11,1447,1307,140,5894,172,59,0,0,121,3026900,1953044,1054854,310500,66810,73215,80520,0,0,523809,661397,120822,128876,411699,411699,852526,3453273,92660,0,468003,1289550,0,4.0,0.0,2.0,1.0,1.0,544.5151515666666,558.409091,351.272727,350.4121211666667,543.4545455,1.220071,24.4109993,1.0,1.0,1.0,1.0,none,0:1.0500|1:0.9300|2:1.0300|3:0.9400|4:0.9500|5:1.1000|6:0.8200|,Hasan Demir:4:42985,1968570,7,157106,971,30,34.849317783871285,35.48889760196276,none,366703
Dengeli,21,1031,2013,12,1327,1160,167,5140,208,81,0,0,138,2937320,1880743,1042980,320850,69037,76120,92070,0,0,484903,931455,310691,93625,527139,527139,853770,3641525,95911,0,484264,1334544,0,4.0,0.0,2.0,1.0,1.0,547.9105573225805,562.045455,348.909091,349.6099707419355,548.2287391290323,1.227345,23.047246193548386,1.0,1.0,1.0,1.0,none,0:1.0500|1:0.9300|2:1.0300|3:0.9400|4:0.9500|5:1.1000|6:0.8200|,Hasan Demir:4:42985,1871844,7,162619,1001,31,35.507877929541216,36.320064226362234,none,322284
Dengeli,21,1062,2014,1,1320,1153,167,5391,193,61,0,0,150,3163635,2073130,1072579,326850,70432,76586,92628,0,0,506083,555162,45645,91147,418370,418370,890274,3536568,95911,0,500525,1394814,0,4.0,0.0,2.0,1.0,1.0,550.630498516129,565.227273,361.772727,358.0410557096774,548.8782991290323,1.234907,22.653061322580648,1.0,1.0,1.0,1.0,none,0:1.0500|1:0.9300|2:1.0300|3:0.9400|4:0.9500|5:1.1000|6:0.8200|,Hasan Demir:4:44994,2126322,7,162619,1032,31,33.903373808925494,34.29845822653738,none,343464
Dengeli,21,1090,2014,2,1264,1101,163,4713,183,65,0,0,148,2814515,1815785,980661,295400,63616,69623,84224,0,0,467798,612384,194334,0,418050,418050,903360,3810749,95911,0,516786,1259832,0,4.0,0.0,2.0,1.0,1.0,558.07629875,569.545455,355.318182,356.7987013571429,554.4756493571429,1.243005,22.55513607142857,1.0,1.0,1.0,1.0,none,0:1.0500|1:0.9300|2:1.0300|3:0.9400|4:0.9500|5:1.1000|6:0.8200|,Hasan Demir:4:44994,1825746,7,162619,1063,28,34.84298360463526,36.331612219358746,none,305179
Dengeli,21,1121,2014,3,1360,1194,166,5628,180,47,0,0,148,3108870,2015256,1077056,327050,70432,77547,85281,0,0,516746,511798,-93899,79885,525812,525812,820754,3613291,95911,0,533047,1394814,0,4.0,0.0,2.0,1.0,1.0,558.431085,572.954545,363.772727,361.05571851612905,555.0351906129032,1.250366,23.77801093548387,1.0,1.0,1.0,1.0,none,0:1.0500|1:0.9200|2:1.0300|3:0.9300|4:0.9400|5:1.1000|6:0.8200|,Hasan Demir:4:44994,2041898,7,162619,1091,31,34.64461363775263,34.85808065287054,none,354127
Dengeli,21,1151,2014,4,1341,1185,156,5328,162,40,0,0,142,2846255,1849948,977290,316500,68160,75526,83070,0,0,434034,283520,-209078,78762,413836,413836,904768,3384553,95911,0,549308,1349820,0,4.0,0.0,2.0,1.0,1.0,561.5909091666667,575.454545,367.818182,365.6166666666667,557.730303,1.258565,22.99834673333333,1.0,1.0,1.0,1.0,none,0:1.0500|1:0.9300|2:1.0300|3:0.9400|4:0.9500|5:1.1000|6:0.8200|,Hasan Demir:4:44994,1889118,7,162619,1122,30,34.335995896362064,34.50424926824441,none,271415
Dengeli,21,1182,2014,5,1483,1298,185,5988,167,54,0,0,155,3205570,2123317,1065892,327050,70432,78540,86366,0,0,503504,621236,123075,77620,420541,420541,840008,3369422,95911,0,565569,1394814,0,4.0,0.0,2.0,1.0,1.0,555.073313516129,579.772727,366.363636,366.3914952903226,557.332844483871,1.266552,25.45056851612903,1.0,1.0,1.0,1.0,none,0:1.0500|1:0.9200|2:1.0300|3:0.9300|4:0.9400|5:1.1000|6:0.8200|,Hasan Demir:4:44994,2147152,7,162619,1152,31,33.25124704810689,33.997252781032074,none,340885
Dengeli,21,1212,2014,6,1413,1251,162,6109,147,36,0,0,148,2927430,1930651,983316,316500,68160,76516,96750,0,0,425390,33007,-531228,76461,487774,487774,781382,2695629,100789,0,582658,1351946,0,4.0,0.0,2.0,1.0,1.0,557.6439392,582.954545,370.181818,368.440909,560.2893939999999,1.274857,26.382724333333332,1.0,1.0,1.0,1.0,none,0:1.0500|1:0.9200|2:1.0300|3:0.9300|4:0.9400|5:1.1000|6:0.8200|,Hasan Demir:4:44994,1956272,7,170887,1183,30,33.58973570674619,33.61681317095179,none,254503
Dengeli,21,1243,2014,7,1514,1300,214,6068,152,37,0,0,196,3085785,2057701,1005809,336050,72540,79563,100626,0,0,417030,-182314,-658706,75283,401109,401109,944978,2100103,100789,0,599747,1460720,0,4.0,0.0,2.0,1.0,1.0,565.183284451613,587.954545,379.545455,376.0850439677419,567.3284457096775,1.282947,25.639287806451613,1.0,1.0,1.0,1.0,none,0:1.0500|1:0.9300|2:1.0300|3:0.9400|4:0.9500|5:1.1000|6:0.8200|,Hasan Demir:4:47120,2092328,7,170887,1213,31,32.59491507023334,32.84559797831494,none,246143
Dengeli,21,1274,2014,8,1430,1242,188,6205,113,22,0,0,175,3065050,1991758,1054249,336350,72540,80090,101277,0,0,463992,-49577,-529219,0,479642,380769,915340,1788923,100789,0,616836,1460720,0,4.0,0.0,2.0,1.0,1.0,571.810850516129,590.681818,370.31818200000004,372.9809384516129,569.1392962258064,1.291361,24.54949219354839,1.0,1.0,1.0,1.0,none,0:1.0500|1:0.9200|2:1.0300|3:0.9300|4:0.9400|5:1.1000|6:0.8200|,Hasan Demir:4:47120,1972108,7,170887,1244,31,34.39581736023882,35.23764341552058,none,293105
Dengeli,21,1304,2014,9,1291,1116,175,5261,172,42,0,0,155,2973780,1963245,992628,325500,70200,78016,85800,0,0,433112,207826,-270899,69602,409123,507996,886376,1252516,100789,0,633925,1413600,0,4.0,0.0,2.0,1.0,1.0,577.8181817333333,594.3181820000001,383.9439393,380.0757574666667,577.6287879666667,1.299829,23.62186,1.0,1.0,1.0,1.0,none,0:1.0500|1:0.9300|2:1.0300|3:0.9400|4:0.9500|5:1.1000|6:0.8200|,Hasan Demir:4:47120,2038880,7,170887,1275,30,33.37933539132014,33.55281099873861,none,262225
Dengeli,21,1335,2014,10,1407,1236,171,6119,162,61,0,0,158,3338555,2175095,1142647,336350,72540,81113,89218,0,0,563426,506596,1280,68590,436726,436726,943186,1269922,100789,0,651014,1460720,0,4.0,0.0,2.0,1.0,1.0,577.5366569677419,599.318182,372.31818200000004,375.35777129032255,580.568915,1.308077,24.953423419354838,1.0,1.0,1.0,1.0,none,0:1.0500|1:0.9200|2:1.0300|3:0.9300|4:0.9400|5:1.1000|6:0.8200|,Hasan Demir:4:47120,2152498,7,170887,1305,31,34.22579529167559,35.53341116825495,none,392539
Dengeli,21,1365,2014,11,1397,1221,176,5649,173,64,0,0,159,3217160,2119974,1084957,325500,70200,79007,86910,0,0,523340,284782,-307210,67564,524428,425708,958560,988697,100789,0,668103,1413600,0,4.0,0.0,2.0,1.0,1.0,582.1818181666666,602.272727,386.0,382.0272727,582.9909091666667,1.316655,25.06029433333333,1.0,1.0,1.0,1.0,none,0:1.0500|1:0.9250|2:1.0300|3:0.9350|4:0.9450|5:1.1000|6:0.8200|,Hasan Demir:4:47120,2162838,7,170887,1336,30,33.72406097303212,33.697688942684195,none,352453
Dengeli,21,1396,2014,12,1304,1119,185,5067,235,46,0,0,156,3055545,1992161,1050638,336350,72540,82167,99417,0,0,460164,501314,-5215,66523,440006,538726,900192,770560,105665,0,686018,1463035,0,4.0,0.0,2.0,1.0,1.0,592.192082,606.818182,385.545455,384.7082113548387,590.6129032903226,1.32501,22.722869193548387,1.0,1.0,1.0,1.0,none,0:1.0500|1:0.9300|2:1.0300|3:0.9400|4:0.9500|5:1.1000|6:0.8200|,Hasan Demir:4:47120,2001468,7,179156,1366,31,34.38463514692142,34.89520263460733,none,281008
Dengeli,21,1427,2015,1,1414,1215,199,5488,177,68,0,0,184,3325705,2172980,1134695,345350,74617,82696,100068,0,0,531964,633977,124594,65467,443916,443916,950424,889844,105665,0,703933,1532485,0,4.0,0.0,2.0,1.0,1.0,590.3885632580644,610.227273,383.81818200000004,384.0791788709678,588.8944281935484,1.3337,22.710640032258066,1.0,1.0,1.0,1.0,none,0:1.0500|1:0.9300|2:1.0300|3:0.9400|4:0.9500|5:1.1000|6:0.8200|,Hasan Demir:4:49435,2167986,7,179156,1397,31,34.11893117399168,34.98888598351295,none,352808
Dengeli,21,1455,2015,2,1178,1010,168,4692,169,58,0,0,155,2849810,1862904,969249,312200,67396,75225,91000,0,0,423428,236251,-196332,0,432583,432583,1004568,804242,105665,0,721848,1384180,0,4.0,0.0,2.0,1.0,1.0,595.9659091071428,614.5454550000001,392.681818,389.25324675,595.5146103571429,1.342972,21.479341214285714,1.0,1.0,1.0,1.0,none,0:1.0500|1:0.9300|2:1.0300|3:0.9400|4:0.9500|5:1.1000|6:0.8200|,Hasan Demir:4:49435,1907536,7,179156,1428,28,34.01100424238809,34.1100200532773,none,244272
Dengeli,21,1486,2015,3,1268,1103,165,5260,150,38,0,0,145,2966025,1924097,1025852,345650,74617,83812,92163,0,0,429610,488859,-133080,69437,552502,552502,849904,428667,105665,0,739763,1532485,0,4.0,0.0,2.0,1.0,1.0,598.819647967742,618.409091,386.0,387.696481,596.8812315806452,1.351403,22.76041293548387,1.0,1.0,1.0,1.0,none,0:1.0500|1:0.9300|2:1.0300|3:0.9400|4:0.9500|5:1.1000|6:0.8200|,Hasan Demir:4:49435,1961520,7,179156,1456,31,34.5867617434108,35.53985723247451,none,250454
Dengeli,21,1516,2015,4,1340,1139,201,5205,150,59,0,0,183,2933170,1915334,998472,334500,72210,81678,89820,0,0,420264,394350,-121648,68449,447549,447549,869742,252125,105665,0,757678,1483050,0,4.0,0.0,2.0,1.0,1.0,595.8560605333333,622.954545,388.954545,387.93181833333335,594.3454544666668,1.360799,23.702775066666668,1.0,1.0,1.0,1.0,none,0:1.0500|1:0.9200|2:1.0300|3:0.9300|4:0.9400|5:1.1000|6:0.8200|,Hasan Demir:4:49435,1927032,7,179156,1487,30,34.04071363064534,34.72340540568503,none,241108
Dengeli,21,1547,2015,5,1388,1201,187,5616,172,48,0,0,169,3109060,2009890,1079886,345650,74617,84959,93434,0,0,481226,616649,-10572,67446,559775,450249,870804,294774,105665,0,775593,1532485,0,4.0,0.0,2.0,1.0,1.0,601.6202347096773,626.818182,389.045455,388.30645174193546,602.476539451613,1.369954,23.79378383870968,1.0,1.0,1.0,1.0,none,0:1.0500|1:0.9300|2:1.0300|3:0.9400|4:0.9500|5:1.1000|6:0.8200|,Hasan Demir:4:49435,2041194,7,179156,1517,31,34.73352074260387,35.33371509890439,none,302070
Dengeli,21,1577,2015,6,1401,1171,230,6210,168,21,0,0,207,2974500,1931157,1018654,334500,72210,82789,104700,0,1291,423164,326593,-163343,66428,423508,533034,991927,46339,0,0,683793,1485507,0,4.0,0.0,2.0,1.0,1.0,605.1136364333332,632.045455,393.227273,391.10606053333333,607.4,1.379479,25.759983966666667,1.0,1.0,1.0,1.0,none,0:1.0500|1:0.9300|2:1.0300|3:0.9400|4:0.9500|5:1.1000|6:0.8200|,Hasan Demir:4:49435,1986186,7,0,1548,30,34.2462262565137,35.01596240372898,none,423164
Dengeli,21,1608,2015,7,1242,815,427,3659,78,914,0,0,110,1995225,1313193,673236,253850,54045,86137,108934,0,73297,96973,-1265170,-1746394,65395,415829,229829,467138,-2797,0,0,591993,1608652,0,3.225806451612903,0.0,2.0,0.22580645161290322,1.0,609.1055716451614,635.227273,403.22873925806454,398.27565961290327,608.313782967742,1.38876,19.139613322580644,1.0,1.0,1.0,1.0,none,0:1.0500|1:0.9300|2:1.0300|3:0.9400|4:0.9500|5:1.1000|6:0.8200|,Hasan Demir:4:51892,681348,7,0,1578,31,33.74235988422358,33.79986031502463,none,96973
Dengeli,21,1639,2015,8,854,0,854,0,0,1949,0,0,0,0,0,0,224750,47430,86726,109678,0,47520,-516104,-6767864,-6861352,60455,33033,0,467138,-2816,0,0,500193,1608652,0,3.0,0.0,2.0,0.0,1.0,617.2067448064516,640.909091,432.2829912258064,399.363636,618.6099705806452,1.398416,5.0,1.0,1.0,1.0,1.0,none,0:1.0500|1:0.9300|2:1.0300|3:0.9400|4:0.9500|5:1.1000|6:0.8200|,Hasan Demir:4:51892,0,7,0,1609,31,0.0,29.961395454068636,none,-516104
Dengeli,21,1669,2015,9,1006,434,572,2177,79,1138,0,0,65,1172995,927438,232282,217500,45900,84499,92940,0,24090,-232647,-3478149,-3738964,260815,0,305493,0,1952502,73695,0,482088,830272,0,3.0,0.0,2.0,0.0,1.0,599.4545453666667,644.090909,452.33939396666665,423.6075755666667,594.8181819666667,1.408139,11.906330766666667,1.0,1.0,1.0,1.0,none,0:1.0500|1:0.9100|2:1.0300|3:0.9200|4:0.9300|5:1.1000|6:0.8200|,Hasan Demir:4:51892,1636704,1,124950,1640,30,19.80247145128496,24.54150236028564,none,-357597
Dengeli,21,1700,2015,10,1804,1554,250,7928,161,118,0,4,219,4296135,3391607,879717,224750,47430,87905,96689,0,0,422943,297993,281255,0,16738,16738,0,2276093,73695,0,463983,0,0,3.0,0.0,2.0,0.0,1.0,569.2302053548386,648.8636359999999,447.5014662580645,449.60117312903225,570.3240469032257,1.417612,31.77197919354839,1.0,1.0,1.0,1.0,none,0:1.0500|1:0.8900|2:1.0300|3:0.9000|4:0.9100|5:1.1000|6:0.8200|,,3374082,1,124950,1670,31,20.47694031961286,21.38479967360351,none,297993
Dengeli,21,1730,2015,11,1815,1557,258,8149,167,91,0,5,228,4225935,3314163,886828,217500,45900,85669,94200,0,0,443559,318609,250592,0,68017,68017,818514,3325904,73695,0,445878,0,0,3.0,0.0,2.0,0.0,1.0,568.6287882333332,653.863636,444.50757576666666,445.73939386666666,574.4015154333333,1.427469,33.02990483333333,1.0,1.0,1.0,1.0,none,0:1.0500|1:0.8900|2:1.0300|3:0.9000|4:0.9100|5:1.1000|6:0.8200|,,3358402,1,124950,1701,30,20.985367735187598,21.8281618931566,none,318609
Dengeli,21,1761,2015,12,1828,1564,264,8221,178,129,0,8,235,4752400,3770270,958078,224750,47430,89114,107818,0,0,488966,356666,295517,0,61149,61149,1715918,4521609,78030,0,426708,0,0,3.0,0.0,2.0,0.0,1.0,570.2859236774194,658.181818,452.25806448387095,450.71261012903227,577.9868031612904,1.437072,33.28331674193549,1.0,1.0,1.0,1.0,none,0:1.0500|1:0.8900|2:1.0300|3:0.9000|4:0.9100|5:1.1000|6:0.8200|,,3791538,1,132300,1731,31,20.159877114720985,20.69626029561806,none,356666
Dengeli,21,1792,2016,1,1763,1483,280,7793,176,145,0,5,245,4771730,3701984,1055087,236750,50220,89735,108562,0,0,569820,574103,496927,0,77176,57489,1701410,5028048,78030,0,407538,0,0,3.0,0.0,2.0,0.0,1.0,582.7052781935485,662.272727,450.1290322580645,450.5718476451613,582.1055719999999,1.447064,31.568640870967744,1.0,1.0,1.0,1.0,none,0:1.0500|1:0.9050|2:1.0300|3:0.9150|4:0.9250|5:1.1000|6:0.8200|,,3712310,1,132300,1762,31,22.111204950824963,22.751852591156393,none,437520
Dengeli,21,1821,2016,2,1720,1450,270,7815,198,128,0,6,236,4668650,3650734,998021,221850,46980,84555,102312,0,0,542324,566379,500820,0,65559,85246,1681738,5472606,78030,0,388368,0,0,3.0,0.0,2.0,0.0,1.0,582.954545,667.272727,454.6347962413793,453.6410657586207,586.2742950689654,1.4576940000000003,33.55279503448276,1.0,1.0,1.0,1.0,none,0:1.0500|1:0.9050|2:1.0300|3:0.9150|4:0.9250|5:1.1000|6:0.8200|,,3687532,1,132300,1793,29,21.377079027127756,22.011964716497875,none,410024
Dengeli,21,1852,2016,3,1912,1628,284,9002,200,128,0,9,256,5167925,4110264,1027259,237150,50220,91007,100099,0,0,548783,552380,419840,72720,59820,59820,1699430,5862647,78030,0,369198,0,0,3.0,0.0,2.0,0.0,1.0,583.8709675806452,671.1363640000001,464.94721396774196,462.7639295806452,589.454545548387,1.467709,34.217202,1.0,1.0,1.0,1.0,none,0:1.0500|1:0.9050|2:1.0300|3:0.9150|4:0.9250|5:1.1000|6:0.8200|,,4158920,1,132300,1822,31,19.877591102812058,20.368156701759165,none,416483
Dengeli,21,1882,2016,4,1747,1447,300,7834,169,98,0,5,273,4569860,3588996,957711,229500,48600,88731,97590,0,0,493290,360990,227932,72208,60850,60850,1830642,6156431,78030,0,350028,0,0,3.0,0.0,2.0,0.0,1.0,597.3636366,676.590909,471.2590909,469.2833333,594.6530300000001,1.4784910000000002,32.45488556666667,1.0,1.0,1.0,1.0,none,0:1.0500|1:0.9200|2:1.0300|3:0.9300|4:0.9400|5:1.1000|6:0.8200|,,3647760,1,132300,1853,30,20.95711903646939,21.11018113150411,none,360990
Dengeli,21,1913,2016,5,1886,1583,303,9172,216,121,0,8,270,5042125,3985105,1027565,237150,50220,92340,101556,0,0,546299,413999,268339,71687,73973,73973,1774358,6374702,78030,0,330858,0,0,3.0,0.0,2.0,0.0,1.0,597.727273,680.909091,475.055718483871,473.6495601612903,598.4222871612903,1.489001,33.63763590322581,1.0,1.0,1.0,1.0,none,0:1.0500|1:0.9250|2:1.0300|3:0.9350|4:0.9450|5:1.1000|6:0.8200|,,3978074,1,132300,1883,31,20.379601854376876,20.5229977043609,none,413999
Dengeli,21,1943,2016,6,1925,1619,306,9933,177,94,0,11,272,5144390,4077517,1040150,229500,48600,90021,113850,0,0,558179,580154,442858,71158,66138,66138,1835208,6842703,82365,0,310623,0,0,3.0,0.0,2.0,0.0,1.0,597.727273,685.6818179999999,474.54999996666663,474.70303026666664,602.7696965333333,1.499939,35.72845253333333,1.0,1.0,1.0,1.0,none,0:1.0500|1:0.9250|2:1.0300|3:0.9350|4:0.9450|5:1.1000|6:0.8200|,,4109148,1,139650,1914,30,20.219112470088778,20.607604604538988,none,418529
Dengeli,21,1974,2016,7,2039,1685,354,9710,167,114,0,27,305,5095245,3928427,1145141,249150,53010,93673,118482,0,0,630826,588717,435837,70619,82261,69275,1758448,7155776,82365,0,290388,0,0,3.0,0.0,2.0,0.0,1.0,610.6158358387097,692.045455,473.3313783870968,473.9076246774194,608.2829912258064,1.510601,34.65381058064516,1.0,1.0,1.0,1.0,none,0:1.0500|1:0.9300|2:1.0300|3:0.9400|4:0.9500|5:1.1000|6:0.8200|,,3977756,1,139650,1944,31,22.47469945017364,22.48295071860464,none,491176
Dengeli,21,2005,2016,8,1954,1681,273,10423,184,80,0,9,244,5439175,4239421,1174206,249550,53010,94356,119350,0,0,657940,636321,491005,70070,75246,88232,1990202,7845361,82365,0,270153,0,0,3.0,0.0,2.0,0.0,1.0,610.909091,696.590909,479.2829910967742,477.9853372258064,612.2096777419355,1.521698,36.419233193548386,1.0,1.0,1.0,1.0,none,0:1.0500|1:0.9300|2:1.0300|3:0.9400|4:0.9500|5:1.1000|6:0.8200|,,4253270,1,139650,1975,31,21.587943024447643,21.54593896904798,none,518290
Dengeli,21,2035,2016,9,1818,1547,271,9688,203,106,0,9,244,5664255,4431124,1206038,241500,51300,92002,101160,0,0,720076,580426,439875,69512,71039,71039,2165722,8483920,82365,0,249918,0,0,3.0,0.0,2.0,0.0,1.0,611.8939398,702.272727,476.5545454333333,477.3075757666667,617.0575755333334,1.5328759999999997,37.997378733333335,1.0,1.0,1.0,1.0,none,0:1.0500|1:0.9300|2:1.0300|3:0.9400|4:0.9500|5:1.1000|6:0.8200|,,4402608,1,139650,2006,30,21.29208519037367,22.118113215977086,none,580426
Dengeli,21,2066,2016,10,1867,1569,298,8960,206,130,0,10,261,5348095,4095418,1228073,249550,53010,95750,105276,0,0,724487,696761,532657,68944,95160,95160,1838428,8595158,82365,0,229683,0,0,3.0,0.0,2.0,0.0,1.0,622.5513199032257,706.1363640000001,473.93988277419356,474.66568903225806,620.7184751935484,1.543772,36.417866548387096,1.0,1.0,1.0,1.0,none,0:1.0500|1:0.9300|2:1.0300|3:0.9400|4:0.9500|5:1.1000|6:0.8200|,,4181134,1,139650,2036,31,22.962811991933577,23.871355240582172,none,584837
Dengeli,21,2096,2016,11,1856,1545,311,9361,238,118,0,10,279,5589320,4305095,1263837,241500,51300,93322,102630,0,0,775085,635435,487935,68367,79133,79133,1955070,9172052,82365,0,209448,0,0,3.0,0.0,2.0,0.0,1.0,623.090909,712.272727,480.16060600000003,478.8090909,625.7727272,1.555113,36.84021323333333,1.0,1.0,1.0,1.0,none,0:1.0500|1:0.9300|2:1.0300|3:0.9400|4:0.9500|5:1.1000|6:0.8200|,,4319576,1,139650,2067,30,22.61164148769439,22.93891644629981,none,635435
Dengeli,21,2127,2016,12,1901,1599,302,9120,251,135,0,11,254,5648145,4410464,1211814,249550,53010,97115,117490,0,0,694649,602465,464953,67779,69733,69733,2040426,9739816,86700,0,188148,0,0,3.0,0.0,2.0,0.0,1.0,624.1715543870968,716.1363640000001,485.50586512903226,483.96187683870966,629.2199413225806,1.566167,37.22528509677419,1.0,1.0,1.0,1.0,none,0:1.0500|1:0.9300|2:1.0300|3:0.9400|4:0.9500|5:1.1000|6:0.8200|,,4384698,1,147000,2097,31,21.455079499552507,22.21595782176053,none,547649
Dengeli,21,2158,2017,1,1873,1551,322,8994,232,150,0,12,277,5767185,4504579,1232857,261550,55800,97833,118358,0,0,699316,599301,439749,67181,92371,92371,1948356,9947767,86700,0,166848,0,0,3.0,0.0,2.0,0.0,1.0,637.954545548387,722.5,497.2888562580645,495.0278592903226,634.9149561612903,1.577672,35.78072448387097,1.0,1.0,1.0,1.0,none,0:1.0500|1:0.9300|2:1.0300|3:0.9400|4:0.9500|5:1.1000|6:0.8200|,,4639280,1,147000,2128,31,21.377101653579693,22.04948460229341,none,552316
Dengeli,21,2186,2017,2,1708,1425,283,8515,226,141,0,5,248,5427785,4281991,1120245,236600,50400,89150,107856,0,0,636239,572038,433334,66572,72132,72132,2120166,10566440,86700,0,145548,0,0,3.0,0.0,2.0,0.0,1.0,638.7824672500001,729.0909089999999,501.60876639285715,500.3538960357143,640.56493475,1.591718,36.594084714285714,1.0,1.0,1.0,1.0,none,0:1.0500|1:0.9300|2:1.0300|3:0.9400|4:0.9500|5:1.1000|6:0.8200|,,4258626,1,147000,2159,28,20.639082056492658,21.474243250238946,none,489239
Dengeli,21,2217,2017,3,1858,1527,331,9224,203,114,0,9,295,5561440,4381977,1155184,261950,55800,99508,109430,0,0,628496,608707,473060,65953,69694,69694,1827930,10731832,86700,0,124248,0,0,3.0,0.0,2.0,0.0,1.0,638.8636359999999,733.8636359999999,502.7096774193548,501.90175951612906,644.8607037419355,1.604512,36.58343367741936,1.0,1.0,1.0,1.0,none,0:1.0500|1:0.9300|2:1.0300|3:0.9400|4:0.9500|5:1.1000|6:0.8200|,,4385684,1,147000,2187,31,20.771311027359822,21.31189676612696,none,481496
Dengeli,21,2247,2017,4,1800,1476,324,8614,205,103,0,9,286,5435245,4240123,1161126,253500,54000,97167,106830,0,0,649629,454065,302669,65323,86073,73454,1961664,11021253,86700,0,102948,0,0,3.0,0.0,2.0,0.0,1.0,656.4621216333333,740.6818179999999,513.7257576333334,511.6909090333333,651.1969693333334,1.618797,34.8542093,1.0,1.0,1.0,1.0,none,0:1.0500|1:0.9300|2:1.0300|3:0.9400|4:0.9500|5:1.1000|6:0.8200|,,4397086,1,147000,2218,30,21.362900844396158,21.743274942484074,none,502629
Dengeli,21,2278,2017,5,1753,1472,281,8678,202,105,0,6,250,5383765,4209228,1144678,261950,55800,101245,111352,0,1804,612527,502264,365129,64682,72453,85072,1780718,11196443,86700,0,81648,0,0,3.0,0.0,2.0,0.0,1.0,657.045455,747.272727,513.5615836129032,513.3739002903226,656.5146631290322,1.632742,35.09688922580646,1.0,1.0,1.0,1.0,none,0:1.0500|1:0.9300|2:1.0300|3:0.9400|4:0.9500|5:1.1000|6:0.8200|,,4198186,1,147000,2248,31,21.261663538434533,21.837738971514046,none,465527
Dengeli,21,2308,2017,6,1919,1592,327,9668,169,107,0,13,290,5547120,4316560,1199408,253500,54000,98878,125040,0,1441,666549,584490,447274,64029,73187,73187,1881378,11750355,92119,0,59017,0,0,3.0,0.0,2.0,0.0,1.0,657.2424240666667,754.3181820000001,511.89090896666664,512.5409091,662.7530305666666,1.647278,36.40248056666667,1.0,1.0,1.0,1.0,none,0:1.0500|1:0.9300|2:1.0300|3:0.9400|4:0.9500|5:1.1000|6:0.8200|,,4303806,1,156187,2279,30,21.62217511068807,22.115358013659883,none,510362
Dengeli,21,2339,2017,7,1952,1657,295,10111,173,90,0,14,262,5793155,4412457,1356212,276950,59272,103043,130324,0,605,786018,771055,605823,63366,101866,101866,1953204,12288554,92119,0,36386,0,0,3.0,0.0,2.0,0.0,1.0,671.7375370645161,760.0,512.8797653548387,512.6539589677419,667.9442813548387,1.661468,36.54330838709678,1.0,1.0,1.0,1.0,none,0:1.0500|1:0.9300|2:1.0300|3:0.9400|4:0.9500|5:1.1000|6:0.8200|,,4537802,1,156187,2309,31,23.41059405453505,23.648785864176016,none,629831
Dengeli,21,2370,2017,8,2027,1668,359,10563,168,94,0,14,322,5910535,4540034,1344561,277450,59272,103972,131471,0,2943,769453,613266,469757,62690,80819,80819,1964850,12832014,92119,0,13755,0,0,3.0,0.0,2.0,0.0,1.0,672.045455,766.818182,517.6788856129032,516.3049853225807,673.7419353225807,1.67626,37.3280359032258,1.0,1.0,1.0,1.0,none,0:1.0500|1:0.9300|2:1.0300|3:0.9400|4:0.9500|5:1.1000|6:0.8200|,,4464650,1,156187,2340,31,22.748549835167207,22.969661983220583,none,613266
Dengeli,21,2400,2017,9,1902,1572,330,9544,229,127,0,12,291,6071220,4841358,1180445,268500,57360,101490,111630,0,1168,640297,-160210,-293806,62003,71593,71593,2243646,12524599,138178,0,37183,0,0,3.0,0.0,2.0,0.0,1.0,674.4999998000001,773.863636,539.4969695666666,535.1560606,679.4893938,1.691183,37.780460033333334,1.0,1.0,1.0,1.0,none,0:1.0500|1:0.9300|2:1.0300|3:0.9400|4:0.9500|5:1.1000|6:0.8200|,,4958258,1,234281,2371,30,19.443291463659694,20.015275059060635,none,406016
Dengeli,21,2431,2017,10,1677,1378,299,7267,182,99,0,0,287,4911730,3713033,1166870,277450,59272,105802,116343,0,746,607257,-1257699,-1494324,112729,123896,123896,1531830,13266446,138178,0,60611,0,0,3.0,0.0,2.0,0.0,1.0,716.1803520645161,781.1363640000001,535.4120233225807,536.7155425483871,722.4076246451613,1.705752,32.6638360967742,1.0,1.0,1.0,1.0,none,0:1.0500|1:0.9300|2:1.0300|3:0.9400|4:0.9500|5:1.1000|6:0.8200|,,3822638,3,234281,2401,31,23.756802592976406,25.240615470787326,none,372976
Dengeli,21,2461,2017,11,1424,1156,268,5920,168,70,0,0,250,4089576,2921397,1140725,268500,57360,103290,113580,0,1471,596524,252977,-44215,111467,185725,185725,1317318,12981216,138178,0,84039,0,0,3.0,0.0,2.0,0.0,1.0,755.6818179999999,787.272727,537.1242424333334,537.0590909666666,757.1833334,1.720938,25.691044033333334,1.0,1.0,1.0,1.0,none,0:1.0500|1:0.9300|2:1.0300|3:0.9400|4:0.9500|5:1.1000|6:0.8200|,,2910784,3,234281,2432,30,27.893478443731087,28.921904743600244,none,362243
Dengeli,21,2492,2017,12,1460,1204,256,6159,190,111,0,0,234,4819558,3398729,1394034,277450,59272,107662,130231,0,4352,815067,919347,549625,110187,259535,212404,1517420,13696479,146306,0,108845,0,0,3.0,0.0,2.0,0.0,1.0,758.3504399677419,794.545455,531.8870967419355,532.5865103225806,760.765396032258,1.735763,26.327096161290324,1.0,1.0,1.0,1.0,none,0:1.0500|1:0.9300|2:1.0300|3:0.9400|4:0.9500|5:1.1000|6:0.8200|,,3431410,3,248062,2462,31,28.92451963437311,29.86262436076908,none,567005
Dengeli,21,2523,2018,1,1392,1116,276,5635,159,90,0,0,246,4256920,2978005,1252407,292450,62775,108594,131378,0,0,657210,745136,425229,108885,211022,258153,1398288,13837664,146306,0,133651,0,0,3.0,0.0,2.0,0.0,1.0,757.4266861612903,801.590909,525.6730204838709,528.0278591612904,756.0777125806452,1.751216,26.621365677419355,1.0,1.0,1.0,1.0,none,0:1.0500|1:0.9200|2:1.0300|3:0.9300|4:0.9400|5:1.1000|6:0.8200|,,3022332,3,248062,2493,31,29.420496509213233,30.597504670975976,none,409148
Dengeli,21,2551,2018,2,1369,1115,254,5547,153,87,0,0,238,4231195,2935426,1273564,264600,56700,98980,119728,0,2513,731043,866209,546364,107563,212282,212282,1508366,14345421,146306,0,158457,0,0,3.0,0.0,2.0,0.0,1.0,763.2305191785715,809.0909089999999,529.8555195357143,528.6655843928571,762.2759738928571,1.766807,27.31643992857143,1.0,1.0,1.0,1.0,none,0:1.0500|1:0.9250|2:1.0300|3:0.9350|4:0.9450|5:1.1000|6:0.8200|,,2919052,3,248062,2524,28,30.099392724750338,30.577262541077047,none,482981
Dengeli,21,2582,2018,3,1506,1208,298,6320,144,74,0,0,273,4381810,3062672,1294535,292950,62775,110454,121458,0,2167,704731,616269,291769,106218,218282,218282,1371166,14470742,146306,0,183263,0,0,3.0,0.0,2.0,0.0,1.0,766.2609968709678,815.227273,531.3856304193548,530.2228739032258,766.0131963870967,1.781008,29.465429225806453,1.0,1.0,1.0,1.0,none,0:1.0500|1:0.9250|2:1.0300|3:0.9350|4:0.9450|5:1.1000|6:0.8200|,,3094510,3,248062,2552,31,29.543385039515634,30.65213646665147,none,456669
Dengeli,21,2612,2018,4,1411,1167,244,6442,131,36,0,0,230,4532609,3178497,1323652,283500,60750,107851,118590,0,1047,751914,555899,201901,104853,249145,249145,1509082,14687391,146306,0,208069,0,0,3.0,0.0,2.0,0.0,1.0,785.2500000333333,822.045455,552.7136365,546.3893939000001,780.5045455333333,1.796864,28.399507933333332,1.0,1.0,1.0,1.0,none,0:1.0500|1:0.9300|2:1.0300|3:0.9400|4:0.9500|5:1.1000|6:0.8200|,,3244808,3,248062,2583,30,29.202871900046972,29.613035787769793,none,503852
Dengeli,21,2643,2018,5,1557,1272,285,6684,167,46,0,0,267,4731845,3327747,1379581,292950,62775,112407,123597,0,2581,785271,755278,441839,103466,209973,209973,1523790,15037369,146306,0,232875,0,0,3.0,0.0,2.0,0.0,1.0,790.3152492580645,829.772727,551.6026393548386,551.105571967742,783.3533724193549,1.812343,27.507324903225808,1.0,1.0,1.0,1.0,none,0:1.0500|1:0.9300|2:1.0300|3:0.9400|4:0.9500|5:1.1000|6:0.8200|,,3365662,3,248062,2613,31,29.155244941455184,30.20473287429611,none,537209
Dengeli,21,2673,2018,6,1618,1329,289,7416,127,39,0,3,273,4705944,3360657,1306801,283500,60750,109741,138780,0,2103,711927,652541,344890,102056,205595,205595,1495232,15218037,156060,0,259335,0,0,3.0,0.0,2.0,0.0,1.0,777.7045455333333,837.272727,543.0060605,545.6515151,781.2636364666666,1.828478,32.283788,1.0,1.0,1.0,1.0,none,0:1.0500|1:0.9100|2:1.0300|3:0.9200|4:0.9300|5:1.1000|6:0.8200|,,3351730,3,264600,2644,30,27.76915747403709,30.178360970281084,none,447327
Dengeli,21,2704,2018,7,1571,1298,273,6891,122,34,0,0,253,4630043,3290918,1319004,310950,66960,114361,144646,0,429,681658,372009,16906,100624,254479,254479,1418464,15013837,156060,0,285795,0,0,3.0,0.0,2.0,0.0,1.0,800.1392960967743,844.318182,567.2873900967742,560.837243451613,793.7888563225807,1.84423,28.63530287096774,1.0,1.0,1.0,1.0,none,0:1.0500|1:0.9300|2:1.0300|3:0.9400|4:0.9500|5:1.1000|6:0.8200|,,3395776,3,264600,2674,31,28.48794276856608,29.10142110703652,none,417058
Dengeli,21,2735,2018,8,1554,1251,303,6984,112,22,0,0,288,4608135,3330248,1263396,311550,66960,115384,145917,0,1085,622500,295319,6478,99168,189673,189673,1350242,14869537,156060,0,312255,0,0,3.0,0.0,2.0,0.0,1.0,795.2126100645161,851.590909,569.0058651612902,567.4428152258065,801.5879766451612,1.860649,29.95417829032258,1.0,1.0,1.0,1.0,none,0:1.0500|1:0.9250|2:1.0300|3:0.9350|4:0.9450|5:1.1000|6:0.8200|,,3331748,3,264600,2705,31,27.416644694654128,28.446071156350698,none,357900
Dengeli,21,2765,2018,9,1538,1264,274,6771,139,62,0,0,262,4796225,3379905,1385098,301500,64800,112653,123900,0,2023,780222,741460,377316,97689,266455,219219,1551860,15396550,156060,0,338715,0,0,3.0,0.0,2.0,0.0,1.0,809.8333335,859.3181820000001,561.0424242666667,563.3712121666666,814.8878789333334,1.877214,30.03928223333333,1.0,1.0,1.0,1.0,none,0:1.0500|1:0.9300|2:1.0300|3:0.9400|4:0.9500|5:1.1000|6:0.8200|,,3425066,3,264600,2736,30,28.878920400940324,30.721248304029373,none,515622
Dengeli,21,2796,2018,10,1393,1130,263,5766,170,59,0,0,238,4635950,3149643,1457718,311550,66960,117430,129115,0,3095,829568,757080,388905,147206,220969,268205,1374056,15330967,156060,0,365175,0,0,3.0,0.0,2.0,0.0,1.0,837.3093840967742,866.3636359999999,568.0674486774193,565.7683283548388,826.4413490000001,1.893385,24.87504280645161,1.0,1.0,1.0,1.0,none,0:1.0500|1:0.9300|2:1.0300|3:0.9400|4:0.9500|5:1.1000|6:0.8200|,,3167664,3,264600,2766,31,31.443781749156052,32.15560944773033,none,564968
Dengeli,21,2826,2018,11,1328,1092,236,5759,116,60,0,0,223,4414380,3101661,1285908,301500,64800,114633,126090,0,1210,677675,479811,164717,93769,221325,221325,1437482,15430842,156060,0,391635,0,0,3.0,0.0,2.0,0.0,1.0,836.9545452666666,874.090909,591.1909091666668,584.0757576,836.8651516000001,1.910241,25.5401466,1.0,1.0,1.0,1.0,none,0:1.0500|1:0.9300|2:1.0300|3:0.9400|4:0.9500|5:1.1000|6:0.8200|,,3189096,3,264600,2797,30,29.129979748005383,29.364036253808237,none,413075
Dengeli,21,2857,2018,12,1406,1155,251,5560,153,65,0,0,235,4718385,3286117,1416652,311550,66960,119478,144553,0,566,773545,930381,579775,92202,258404,258404,1425630,16002135,167439,0,420024,0,0,3.0,0.0,2.0,0.0,1.0,833.8269793870968,881.3636359999999,575.1378299677419,579.2023459677418,838.143695032258,1.926697,26.173189806451614,1.0,1.0,1.0,1.0,none,0:1.0500|1:0.9200|2:1.0300|3:0.9300|4:0.9400|5:1.1000|6:0.8200|,,3200080,3,283894,2827,31,30.024086631336782,31.024319890620944,none,489651
Dengeli,21,2888,2019,1,1306,1016,290,5280,169,31,0,0,270,4521303,3110106,1381227,332550,71827,120574,145824,0,1171,709281,717363,396106,90610,230647,230647,1344514,16080085,167439,0,448413,0,0,3.0,0.0,2.0,0.0,1.0,857.0454545161291,889.318182,590.133431032258,586.1656891612903,851.0527858387097,1.94385,22.376634935483867,1.0,1.0,1.0,1.0,none,0:1.0500|1:0.9300|2:1.0300|3:0.9400|4:0.9500|5:1.1000|6:0.8200|,,3265852,3,283894,2858,31,30.54931288613039,31.14327508271592,none,425387
Dengeli,21,2916,2019,2,1112,889,223,4299,102,45,0,0,214,3714920,2558731,1136626,301000,64876,110195,133280,0,2221,525054,305083,15119,88993,200971,200971,1196714,15745144,167439,0,476802,0,0,3.0,0.0,2.0,0.0,1.0,872.0048703928571,900.0,607.4204545357143,600.3181818214287,866.0162339642857,1.967061,20.177848285714283,1.0,1.0,1.0,1.0,none,0:1.0500|1:0.9300|2:1.0300|3:0.9400|4:0.9500|5:1.1000|6:0.8200|,,2575470,3,283894,2889,28,30.596244333659943,30.34208005489027,none,241160
Dengeli,21,2947,2019,3,1168,882,286,4190,137,32,0,0,262,3475005,2383890,1075052,333250,71827,123334,135594,0,1688,409359,142598,-200776,87348,256026,210700,959750,15288517,167439,0,505191,0,0,3.0,0.0,2.0,0.0,1.0,883.0205277419356,909.090909,608.633431,605.9750733548387,878.0513197741935,1.988265,19.015606645161288,1.0,1.0,1.0,1.0,none,0:1.0500|1:0.9300|2:1.0300|3:0.9400|4:0.9500|5:1.1000|6:0.8200|,,2408446,3,283894,2917,31,30.936703688196133,31.073693999345586,none,125465
Dengeli,21,2977,2019,4,1244,985,259,4667,124,41,0,0,248,3908060,2652539,1224611,322500,69510,120767,132780,0,3062,575992,414237,115373,85678,213186,258512,1270970,15516485,167439,0,533580,0,0,3.0,0.0,2.0,0.0,1.0,896.6287874666667,922.045455,609.4712121,607.8257575333333,887.1303029,2.012006,19.388388866666666,1.0,1.0,1.0,1.0,none,0:1.0500|1:0.9300|2:1.0300|3:0.9400|4:0.9500|5:1.1000|6:0.8200|,,2732108,3,283894,2948,30,31.335521972538803,32.026361341576056,none,292098
Dengeli,21,3008,2019,5,1294,1029,265,5052,156,33,0,0,238,4236110,2904279,1302600,333250,71827,126249,138818,0,4488,627968,726338,425322,83982,217034,217034,1354056,15939879,167439,0,561969,0,0,3.0,0.0,2.0,0.0,1.0,892.6392962258064,931.818182,612.0102639032258,610.0483871612903,889.0469208387098,2.035252,20.132824806451612,1.0,1.0,1.0,1.0,none,0:1.0500|1:0.9200|2:1.0300|3:0.9300|4:0.9400|5:1.1000|6:0.8200|,,2898044,3,283894,2978,31,30.74990970489435,31.438122151816106,none,344074
Dengeli,21,3038,2019,6,1270,1031,239,4996,114,17,0,0,231,3880080,2634164,1217767,322500,69510,123618,156330,0,0,545809,339358,1008,82257,256093,210232,1147224,15561119,182070,0,592839,0,0,3.0,0.0,2.0,0.0,1.0,905.6439394333333,942.954545,620.2136363000001,616.5075758,900.9500000333334,2.059555,20.33747363333333,1.0,1.0,1.0,1.0,none,0:1.0500|1:0.9250|2:1.0300|3:0.9350|4:0.9450|5:1.1000|6:0.8200|,,2680208,3,308700,3009,30,31.38510030721016,31.51683467477612,none,237109
Dengeli,21,3069,2019,7,1239,992,247,4853,100,27,0,0,231,3734975,2564754,1150869,360250,78120,129226,163401,0,0,419872,-17537,-306822,80505,208780,254641,1172406,15108079,182070,0,623709,0,0,3.0,0.0,2.0,0.0,1.0,921.7448681612904,953.409091,642.5777126774193,633.359237483871,911.7932550645162,2.08335,19.256403612903224,1.0,1.0,1.0,1.0,none,0:1.0500|1:0.9300|2:1.0300|3:0.9400|4:0.9500|5:1.1000|6:0.8200|,,2640766,3,308700,3039,31,30.813298616456603,30.28681418544349,none,111172
Dengeli,21,3100,2019,8,1237,1004,233,4957,107,21,0,0,215,3949335,2742944,1170782,361150,78120,130747,165354,0,1330,434081,-78394,-345705,78724,188587,188587,1285868,14793010,182070,0,654579,0,0,3.0,0.0,2.0,0.0,1.0,929.1348973548387,965.454545,651.3900292903226,646.3225805806452,930.8343108064516,2.108227,20.64637122580645,1.0,1.0,1.0,1.0,none,0:1.0500|1:0.9300|2:1.0300|3:0.9400|4:0.9500|5:1.1000|6:0.8200|,,2738022,3,308700,3070,31,29.645041506987884,29.892846437608803,none,125381
Dengeli,21,3130,2019,9,1168,928,240,4448,160,31,0,0,219,4203030,2996717,1183326,349500,75600,128059,140790,0,1660,487717,38028,-279264,76915,240377,240377,1278916,14282814,182070,0,685449,0,0,3.0,0.0,2.0,0.0,1.0,942.3863636333333,976.590909,684.3590909666667,670.2030302666666,941.7121212000001,2.133401,19.493604233333333,1.0,1.0,1.1625,0.95125,0,0:1.0500|1:0.9300|2:1.0300|3:0.9400|4:0.9500|5:1.1000|6:0.8200|,,3129366,3,308700,3101,30,28.15411738674242,27.380200162473983,none|0,179017
Dengeli,21,3161,2019,10,1308,1041,267,5275,179,37,0,0,250,4802845,3657466,1110109,361150,78120,133848,147188,0,610,389193,-23594,-274025,75077,175354,175354,1473846,14728752,182070,0,716319,0,0,3.0,0.0,2.0,0.0,1.0,925.5425218387097,987.727273,704.8782990645161,697.6656890967743,922.6906159032258,2.158049,21.24468170967742,1.0,1.0,1.25,0.925,0,0:1.0500|1:0.9200|2:1.0300|3:0.9300|4:0.9400|5:1.1000|6:0.8200|,,3354836,1,308700,3131,31,23.113571227053963,23.8416083072894,0,80493
Dengeli,21,3191,2019,11,1580,1287,293,6818,112,75,0,0,277,5570585,4482052,1054201,349500,75600,131090,144120,0,3085,350806,169789,37588,73209,58992,58992,2165268,15292645,182070,0,747189,0,0,3.0,0.0,2.0,0.0,1.0,881.1287878666667,999.772727,712.7772727333333,708.7348485,878.8348485666667,2.183819,28.760415866666666,1.0,1.0,1.25,0.925,0,0:1.0500|1:0.8900|2:1.0300|3:0.9000|4:0.9100|5:1.1000|6:0.8200|,,4562538,1,308700,3162,30,18.924421761807782,19.106346024732137,0,42106
Dengeli,21,3222,2019,12,1631,1325,306,6655,144,66,0,0,288,6128610,5061843,1032228,361150,78120,137011,165726,0,3204,287017,157910,9970,71311,76629,76629,2398160,15466024,196700,0,780539,0,0,3.0,0.0,2.0,0.0,1.0,886.7521994193548,1010.681818,728.4809384838709,725.1612902903225,886.6774190645161,2.209049,27.98001970967742,1.0,1.0,1.25,0.925,0,0:1.0500|1:0.8950|2:1.0300|3:0.9050|4:0.9150|5:1.1000|6:0.8200|,,5045004,1,333506,3192,31,16.84277511540137,17.848420453777273,0,-46489
Dengeli,21,3253,2020,1,1618,1246,372,6281,119,89,0,0,358,5971626,4878958,1042144,388150,84382,138654,167710,0,4585,258663,-40835,-173908,69382,63691,63691,2331710,15048082,196700,0,813889,0,0,3.0,0.0,2.0,0.0,1.0,903.6876828709678,1023.409091,733.5733137741935,731.4428151935484,899.476539516129,2.235427,27.453908870967744,1.0,1.0,1.25,0.925,0,0:1.0500|1:0.9050|2:1.0300|3:0.9150|4:0.9250|5:1.1000|6:0.8200|,,4984276,1,333506,3223,31,17.4515952606543,18.82446472616845,0,-74843
Dengeli,21,3282,2020,2,1551,1207,344,6884,158,65,0,2,332,6487890,5383273,1058471,363950,78938,131247,158746,0,1830,323760,-38883,-174375,67423,68069,68069,2569264,14979737,196700,0,847239,0,0,3.0,0.0,2.0,0.0,1.0,909.7257055517241,1035.227273,750.3918495517241,746.2398119310345,909.7539181724139,2.262121,29.87772396551724,0.9862068965517242,0.9862068965517242,1.2498275862068964,0.9227830344827587,1,0:1.0500|1:0.9050|2:1.0300|3:0.9150|4:0.9250|5:1.1000|6:0.8200|,,5436194,1,333506,3254,29,16.31456451943544,17.514494207170753,0|1,-9746
Dengeli,21,3313,2020,3,1537,1150,387,6043,189,46,0,0,363,5390095,4388146,976145,389050,84382,141879,155992,0,1529,203313,-92976,-227477,65431,69070,69070,2044922,14020721,196700,0,880589,0,0,3.0,0.0,2.0,0.0,1.0,924.5234604193548,1047.045455,752.8489736451613,751.3885630967742,919.914955967742,2.28738,28.764604967741935,0.9,0.9,1.2341666774193547,0.8015934193548386,1,0:1.0500|1:0.9100|2:1.0300|3:0.9200|4:0.9300|5:1.1000|6:0.8200|,,4494406,1,333506,3283,31,18.109977653455086,18.568970299177007,1,-130193
Dengeli,21,3343,2020,4,1677,1279,398,7550,237,72,0,0,379,6712920,5636992,1040272,376500,81660,138924,152760,0,1571,288857,45469,-85033,63408,67094,67094,2623486,14451282,196700,0,913939,0,0,3.0,0.0,2.0,0.0,1.0,925.0,1058.863636,779.9803030666667,773.4545454333334,930.4060605333333,2.314693,30.0296369,0.9,0.9,1.20875,0.8,1,0:1.0500|1:0.9100|2:1.0300|3:0.9200|4:0.9300|5:1.1000|6:0.8200|,,5606854,1,333506,3314,30,15.496564833187346,15.677805073873872,1,-44649
Dengeli,21,3374,2020,5,1719,1341,378,7281,185,66,0,5,347,6332184,5186583,1100292,389050,84382,145229,159681,0,1198,320752,93950,-47265,61352,79863,60800,2281706,13922080,196700,0,947289,0,0,3.0,0.0,2.0,0.0,1.0,948.9736067741936,1072.045455,778.1055718387097,777.9017596451612,942.3079182580645,2.341436,29.601985612903228,0.9,0.9,1.183333322580645,0.8,1,0:1.0500|1:0.9200|2:1.0300|3:0.9300|4:0.9400|5:1.1000|6:0.8200|,,5260292,1,333506,3344,31,17.376184899238556,18.005562400866815,1,-12754
Dengeli,21,3404,2020,6,1552,1186,366,7091,173,44,0,0,350,5575875,4560484,964696,376500,81660,142225,179850,0,2434,182027,-98935,-219582,62717,57930,76993,2208416,13403781,211331,0,983120,0,0,3.0,0.0,2.0,0.0,1.0,949.772727,1084.545455,786.4333333333333,783.8803029666667,952.9999997,2.369395,30.961212966666668,0.9,0.9,1.1579166666666665,0.8,1,0:1.0500|1:0.9250|2:1.0300|3:0.9350|4:0.9450|5:1.1000|6:0.8200|,,4688088,1,358312,3375,30,17.301248682942138,17.197734681495728,1,-176285
Dengeli,21,3435,2020,7,1672,1266,406,7205,182,34,0,0,391,6097079,4888907,1182156,416050,90675,148671,187984,0,2612,336164,54133,-79987,60548,73572,73572,2119550,13108973,211331,0,1018951,0,0,3.0,0.0,2.0,0.0,1.0,963.863636548387,1097.5,774.5674486774193,777.9589442903226,964.7126101290322,2.39677,30.005348612903227,0.9,0.9,1.1325,0.8,1,0:1.0500|1:0.9300|2:1.0300|3:0.9400|4:0.9500|5:1.1000|6:0.8200|,,4909254,1,358312,3405,31,19.388890975498267,19.639312107347546,1,-22148
Dengeli,21,3466,2020,8,1643,1270,373,7810,176,40,0,0,361,6516600,5195085,1285668,416950,90675,150439,190216,0,0,437388,229868,87634,50593,91641,91641,2497120,13465092,211331,0,1054782,0,0,3.0,0.0,2.0,0.0,1.0,973.9956009354838,1109.545455,783.3313781935484,781.2580645483871,975.1011731935483,2.4253900000000006,31.57014335483871,0.9,0.9,1.1066666774193548,0.8,1,0:1.0500|1:0.9300|2:1.0300|3:0.9400|4:0.9500|5:1.1000|6:0.8200|,,5198438,1,358312,3436,31,19.72912254856827,19.575470624180443,1,79076
Dengeli,21,3496,2020,9,1485,1141,344,6337,180,61,0,0,324,5850445,4650642,1159672,403500,87750,147326,162000,0,767,358329,-24523,-154926,55976,74427,74427,1983868,12138822,211331,0,1090613,0,0,3.0,0.0,2.0,0.0,1.0,993.7803028,1123.8636359999998,791.1651515,788.6151515333333,987.5909091,2.454351,30.668686666666666,0.9,0.9,1.08125,0.8,1,0:1.0500|1:0.9300|2:1.0300|3:0.9400|4:0.9500|5:1.1000|6:0.8200|,,4715532,1,358312,3467,30,19.821945168273526,20.38832433377145,1,17
Dengeli,21,3527,2020,10,1688,1296,392,7699,202,73,0,0,370,7251935,5775348,1432690,416950,90675,153975,169322,0,2083,599685,413471,282818,45821,84832,84832,2509360,12834902,211331,0,1126444,0,0,3.0,0.0,2.0,0.0,1.0,999.1202345806452,1136.590909,795.6686217741936,794.7404691935484,999.039589548387,2.482707,30.88716951612903,0.9,0.9,1.055833322580645,0.8,1,0:1.0500|1:0.9300|2:1.0300|3:0.9400|4:0.9500|5:1.1000|6:0.8200|,,5785124,1,358312,3497,31,19.75596857942053,20.363076010751104,1,241373
Dengeli,21,3557,2020,11,1604,1241,363,6956,243,92,0,0,339,7086474,5704253,1336860,403500,87750,150808,165810,0,5129,523863,242889,97795,43375,101719,101719,2434690,12682442,211331,0,1162275,0,0,3.0,0.0,2.0,0.0,1.0,1009.6666666666666,1150.454545,812.5712121666667,808.3954545333333,1011.0484847,2.512353,31.078485433333334,0.9,0.9,1.0304166666666668,0.8,1,0:1.0500|1:0.9300|2:1.0300|3:0.9400|4:0.9500|5:1.1000|6:0.8200|,,5776402,1,358312,3528,30,18.86495314877328,19.52084395840211,1,165551
Dengeli,21,3588,2020,12,1660,1264,396,7079,243,92,0,0,370,7294415,5691211,1555087,416950,90675,157633,190650,0,6715,692464,385444,242637,40888,101919,101919,2343070,12739365,225961,0,1200586,0,0,3.0,0.0,2.0,0.0,1.0,1022.4633427419355,1163.409091,789.0703811935484,794.505865,1021.878299,2.54138,31.106000064516127,0.9,0.9,1.0062096774193547,0.8,1,0:1.0500|1:0.9300|2:1.0300|3:0.9400|4:0.9500|5:1.1000|6:0.8200|,,5682138,1,383119,3558,31,21.318872041143806,22.826535856287837,1,309345
Dengeli,21,3619,2021,1,1596,1232,364,7401,240,123,0,0,343,8152180,6504055,1598918,443950,96937,159483,192944,0,3728,701876,397090,245022,38360,113708,85131,3056100,13551652,225961,0,1238897,0,0,3.0,0.0,2.0,0.0,1.0,1031.0263927741935,1176.818182,820.9853372903226,814.3900293225806,1034.5043990967743,2.571726,31.638745967741933,0.9193548387096774,0.9193548387096774,1.0,0.803225806451613,none,0:1.0500|1:0.9300|2:1.0300|3:0.9400|4:0.9500|5:1.1000|6:0.8200|,,6573792,1,383119,3589,31,19.61337948867665,20.372034795221023,1|none,318757
Dengeli,21,3647,2021,2,1556,1178,378,6927,164,97,0,0,361,7692395,6034911,1629931,401800,87556,145450,175952,0,1705,817468,481346,344181,35789,101376,106045,3167402,13736801,225961,0,1277208,0,0,3.0,0.0,2.0,0.0,1.0,1050.0,1188.863636,819.4480519642857,819.2337662142857,1044.6120126785715,2.596599,31.19093057142857,1.0,1.0,1.0,0.9285714285714286,none,0:1.0500|1:0.9300|2:1.0300|3:0.9400|4:0.9500|5:1.1000|6:0.8200|,,6171746,1,383119,3620,28,21.18886250641055,21.957328384353744,none,434349
Dengeli,21,3653,2021,3,357,288,69,1903,30,23,0,0,66,1865715,1455115,400847,86100,18762,31434,34572,0,761,229218,223980,223980,0,0,23908,3103526,14008087,0,0,1277208,0,0,3.0,0.0,2.0,0.0,1.0,1050.0,1198.409091,816.7424243333334,818.1136363333334,1052.5833336666667,2.619271,32.10218,1.0,1.0,1.0,1.0,none,0:1.0500|1:0.9300|2:1.0300|3:0.9400|4:0.9500|5:1.1000|6:0.8200|,,1329778,1,0,3648,6,21.484899890926535,22.215007206349203,none,229218
Dengeli,22,25,2011,3,1389,1232,157,5699,197,75,0,0,110,2406940,1785680,610338,167500,37675,50012,55000,0,11560,288591,167316,115471,0,51845,58405,595200,207566,71527,0,12127,0,0,3.0,1.0,2.0,0.0,0.0,449.98181828,457.7272730000001,329.10363639999997,334.59454548,447.73999988,1.0,27.26892256,1.0,1.0,1.0,1.0,none,0:1.0000|1:0.9200|2:1.0300|3:0.9400|4:0.9500|5:1.1000|6:0.8200|,,2051986,1,121275,1,25,25.357424780011133,26.862903559535358,none,167316
Dengeli,22,55,2011,4,1692,1514,178,6957,172,81,0,2,147,2832380,2053101,754832,201000,45210,60374,66390,0,11539,370319,249044,168050,0,80994,87483,977886,755630,71527,0,24254,0,0,3.0,1.0,2.0,0.0,0.0,443.8257574,459.09090899999995,318.66363636666665,321.76818173333334,442.31212116666666,1.00592,28.66788473333333,1.0,1.0,1.0,1.0,none,0:1.0000|1:0.9200|2:1.0300|3:0.9400|4:0.9500|5:1.1000|6:0.8200|,,2079266,1,121275,26,30,26.65009638537202,28.200733947158096,none,249044
Dengeli,22,86,2011,5,1766,1605,161,7367,197,65,0,2,133,3017500,2142010,854737,207700,46717,62821,69099,0,3915,464485,343210,221621,0,121589,125504,968246,973416,71527,0,36381,0,0,3.0,1.0,2.0,0.0,0.0,451.22434012903227,464.31818200000004,320.38269809677416,320.1524926774194,451.3607037419355,1.01307,29.70144058064516,1.0,1.0,1.0,1.0,none,0:1.0000|1:0.9250|2:1.0300|3:0.9400|4:0.9500|5:1.1000|6:0.8200|,,2155784,1,121275,56,31,28.32599834299917,28.997026622021895,none,343210
Dengeli,22,116,2011,6,1824,1658,166,8814,146,69,0,7,131,3096285,2326618,750542,201000,45210,61245,77460,0,3090,362537,319309,240476,0,78833,81923,1144310,1406827,78030,0,49611,0,0,3.0,1.0,2.0,0.0,0.0,428.6742424,466.818182,321.8909089333334,321.55606059999997,417.0999999,1.020512,36.02242986666667,1.0,1.0,1.0,1.0,none,0:1.0000|1:0.9000|2:1.0300|3:0.9100|4:0.9500|5:1.1000|6:0.8200|,,2326444,1,132300,87,30,24.240081258669665,24.910135227351986,none,230237
Dengeli,22,147,2011,7,2046,1850,196,10408,112,96,0,22,162,3546380,2774456,752808,222700,50220,63751,80600,0,5150,330387,198087,113892,0,84195,70177,1246284,1596282,78030,0,62841,0,0,3.0,1.0,2.0,0.0,0.0,417.4486802903226,470.227273,329.36803522580647,327.58357777419354,412.96334277419356,1.027766,38.25942516129032,1.0,1.0,1.0,1.0,none,0:1.0500|1:0.8900|2:1.0300|3:0.9000|4:0.9500|5:1.1000|6:0.8200|,,2834154,1,132300,117,31,21.22750523068594,21.099754107081804,none,198087
Dengeli,22,178,2011,8,1983,1761,222,10202,96,107,0,22,179,3505485,2754487,730538,223200,50220,64216,81189,0,3971,307742,250542,181742,0,68800,86789,1301510,1812492,78030,0,76071,0,0,3.0,1.0,2.0,0.0,0.0,417.954545,474.090909,330.20234619354835,329.5630498709677,416.1642226774194,1.035317,38.197764580645156,1.0,1.0,1.0,1.0,none,0:1.0500|1:0.8900|2:1.0300|3:0.9000|4:0.9500|5:1.1000|6:0.8200|,,2779542,1,132300,148,31,20.839855255406885,20.995632146182704,none,175442
Dengeli,22,208,2011,9,1904,1722,182,9169,125,111,0,10,138,3538085,2784870,727498,208800,46980,62595,68820,0,5319,334984,247392,182427,0,64965,70284,1269074,2004037,78030,0,89301,0,0,2.9,0.9,2.0,0.0,0.0,421.89393973333335,477.272727,333.13484843333333,332.32878796666665,419.45909126666663,1.042922,36.872456533333335,1.0,1.0,1.0,1.0,none,0:1.0500|1:0.9050|2:1.0300|3:0.9150|4:0.9500|5:1.1000|6:0.8200|,,2766842,1,132300,179,30,20.561914142820196,21.038247516923803,none,202684
Dengeli,22,239,2011,10,2008,1813,195,10276,155,143,0,14,149,3952180,3072708,858155,148800,33480,65146,71641,0,10569,528519,479569,348253,0,131316,136635,1402382,2445581,78030,0,102531,0,0,2.0,0.0,2.0,0.0,0.0,426.51026412903224,481.136364,330.35777125806453,331.1363636129032,422.772727,1.050335,38.423162741935485,1.0,1.0,1.0,1.0,none,0:1.0500|1:0.9050|2:1.0300|3:0.9150|4:0.9500|5:1.1000|6:0.8200|,,3134042,1,132300,209,31,21.713459407213236,22.544004437341904,none,396219
Dengeli,22,269,2011,11,1874,1684,190,9804,141,124,0,10,150,3797500,2933098,846607,144000,32400,63495,69840,0,19926,516946,384646,281821,0,102825,112151,1418632,2764611,78030,0,115761,0,0,2.0,0.0,2.0,0.0,0.0,433.0606059333333,484.545455,333.5287877666667,332.87727263333335,428.87878809999995,1.058051,38.49848406666667,1.0,1.0,1.0,1.0,none,0:1.0500|1:0.9100|2:1.0300|3:0.9200|4:0.9500|5:1.1000|6:0.8200|,,2929934,1,132300,240,30,22.293798551678737,22.983346165175973,none,384646
Dengeli,22,300,2011,12,1927,1720,207,9313,194,164,0,13,148,3975420,3100659,856172,148800,33480,66077,79949,0,7429,520437,39179,-60937,0,100116,107545,1364072,2597040,81281,0,129542,0,0,2.0,0.0,2.0,0.0,0.0,431.15102661290325,487.5,334.79472145161293,334.29178867741933,428.5117301935484,1.065572,37.24082364516129,1.0,1.0,1.0,1.0,none,0:1.0500|1:0.9150|2:1.0300|3:0.9250|4:0.9500|5:1.1000|6:0.8200|,,3054780,1,137812,270,31,21.536642669202248,22.348620138576432,none,382625
Dengeli,22,331,2012,1,1731,1533,198,8399,196,125,0,5,158,3678770,2732600,933135,168300,34875,66569,80538,0,3150,579703,-109404,-316394,109017,97973,97973,1090662,9514652,81281,380970,524293,0,0,2.967741935483871,0.0,2.0,0.0,0.967741935483871,449.9266861612903,491.81818200000004,329.5850440645161,331.199413516129,453.806451483871,1.0734,36.916648096774196,1.0,1.0,1.0,1.0,none,0:1.0500|1:0.9250|2:1.0300|3:0.9350|4:0.9500|5:1.1000|6:0.8200|,,2823366,3,137812,301,31,25.365407459558494,26.746944735266037,none,441891
Dengeli,22,360,2012,2,1547,1397,150,7567,156,108,0,0,131,3420080,2370820,1036319,158050,32625,62623,75777,0,0,707244,759273,599139,0,160134,160134,1128700,10192545,81281,0,538074,0,0,3.0,0.0,2.0,0.0,1.0,471.7006271034483,494.3181819999999,323.8307208965517,325.62382451724136,472.05956113793104,1.079586,33.40848872413793,1.0,1.0,1.0,1.0,none,0:1.0500|1:0.9300|2:1.0300|3:0.9400|4:0.9500|5:1.1000|6:0.8200|,,2357670,3,137812,332,29,30.301016350494724,31.348253046623014,none,569432
Dengeli,22,391,2012,3,1683,1507,176,8459,151,95,0,0,151,3525910,2444145,1062969,168950,34875,67313,74028,0,0,717803,989870,555764,214376,219730,219730,1140362,10564855,81281,0,551855,0,0,3.0,0.0,2.0,0.0,1.0,473.0498532580645,496.590909,325.3372434193548,325.0366568709677,474.58357777419354,1.085405,33.99178835483871,1.0,1.0,1.0,1.0,none,0:1.0500|1:0.9300|2:1.0300|3:0.9400|4:0.9500|5:1.1000|6:0.8200|,,2470342,3,137812,361,31,30.147366211843185,31.225590457614523,none,579991
Dengeli,22,421,2012,4,1457,1316,141,6578,131,58,0,0,113,2886700,1952509,917515,163500,33750,65502,72060,0,0,582703,726672,349461,105327,271884,271884,997054,10661358,81281,0,565636,0,0,3.0,0.0,2.0,0.0,1.0,480.25000023333337,499.318182,326.0954547,325.4121212333333,480.28484853333333,1.09166,29.127545133333335,1.0,1.0,1.0,1.0,none,0:1.0500|1:0.9300|2:1.0300|3:0.9400|4:0.9500|5:1.1000|6:0.8200|,,1980946,3,137812,392,30,31.78421727231787,32.09881217250101,none,444891
Dengeli,22,452,2012,5,1542,1413,129,7259,152,85,0,0,108,3297630,2244422,1038570,183150,38071,68058,74865,0,22478,651948,414594,83864,104066,226664,226664,991166,10503343,81281,0,579417,0,0,3.129032258064516,0.0,2.0,0.12903225806451613,1.0,486.0630499354839,502.045455,331.5322581612903,329.7052786451613,483.33577722580645,1.097747,28.057461290322582,1.0,1.0,1.0,1.0,none,0:1.0500|1:0.9300|2:1.0300|3:0.9400|4:0.9500|5:1.1000|6:0.8200|,,2271086,3,137812,422,31,31.494436913783534,31.792334717626602,none,514136
Dengeli,22,482,2012,6,1497,1332,165,6918,124,76,0,0,137,2769960,1898551,858012,270000,57720,66252,83790,0,0,380250,-627317,-889053,102787,158949,158949,860508,9098849,84532,0,593749,0,0,4.0,0.0,2.0,1.0,1.0,487.49242426666666,505.227273,336.71666666666664,334.63787866666667,487.6878787333333,1.104074,28.68319596666667,1.0,1.0,1.0,1.0,none,0:1.0500|1:0.9300|2:1.0300|3:0.9400|4:0.9500|5:1.1000|6:0.8200|,,1928408,5,143325,453,30,30.975609756097562,30.928841166467667,none,236925
Dengeli,22,513,2012,7,1535,1363,172,7216,100,46,0,0,159,2818700,1927223,862926,285000,61039,68833,87079,0,0,360975,391519,15758,101493,274268,274268,841978,8935349,84532,0,608081,0,0,4.0,0.0,2.0,1.0,1.0,490.7551320322581,508.18181799999996,333.81818190322576,334.67741925806456,488.72434022580643,1.11023,29.04758941935484,1.0,1.0,1.0,1.0,none,0:1.0500|1:0.9300|2:1.0300|3:0.9400|4:0.9500|5:1.1000|6:0.8200|,,1940202,6,143325,483,31,30.614325753006707,31.978667136733396,none,217650
Dengeli,22,544,2012,8,1484,1326,158,6427,94,52,0,3,141,2673410,1767646,890862,285200,61039,69236,87575,0,0,387812,894248,528748,100182,265318,265318,708838,9226290,84532,0,622413,0,0,4.0,0.0,2.0,1.0,1.0,492.71994122580645,510.909091,323.40909077419354,326.7771259677419,494.3005864516129,1.116629,27.187648096774193,1.0,1.0,1.0,1.0,none,0:1.0500|1:0.9300|2:1.0300|3:0.9400|4:0.9500|5:1.1000|6:0.8200|,,1767808,6,143325,514,31,33.323059313760325,34.362492013291615,none,244487
Dengeli,22,574,2012,9,1465,1303,162,6072,134,101,0,0,135,2889665,1884606,991726,276000,59070,67393,74130,0,0,515133,241538,-226574,98854,369258,295381,858132,8502904,84532,0,636745,0,0,4.0,0.0,2.0,1.0,1.0,498.7651515,514.090909,324.90909100000005,325.11818193333335,498.96515146666667,1.123064,26.765795299999997,1.0,1.0,1.0,1.0,none,0:1.0500|1:0.9300|2:1.0300|3:0.9400|4:0.9500|5:1.1000|6:0.8200|,,1882068,7,143325,545,30,34.31975678841665,34.8572990669337,none,371808
Dengeli,22,605,2012,10,1385,1207,178,5758,128,77,0,0,140,2741450,1787956,936230,285200,61039,70042,77035,0,0,442914,132151,-272927,0,405078,478955,830406,8267168,84532,0,651077,1203451,0,4.0,0.0,2.0,1.0,1.0,502.9912024516129,516.818182,328.96480912903223,327.6598240967742,498.260997,1.129326,26.749320838709675,1.0,1.0,1.0,1.0,none,0:1.0500|1:0.9300|2:1.0300|3:0.9400|4:0.9500|5:1.1000|6:0.8200|,Mustafa Çelik:4:38821,1852544,7,143325,575,31,34.15090554268726,34.598297639076854,none,299589
Dengeli,22,635,2012,11,1440,1298,142,6689,141,86,0,0,119,3059595,2021514,1023370,276000,59070,68172,74970,0,0,545158,1030369,480103,121917,428349,428349,979308,8784754,84532,0,665409,1164630,0,4.0,0.0,2.0,1.0,1.0,502.26515163333335,520.227273,332.9272726,331.2515151333333,498.9666666333333,1.135835,28.160309433333335,1.0,1.0,1.0,1.0,none,0:1.0500|1:0.9200|2:1.0300|3:0.9300|4:0.9400|5:1.1000|6:0.8200|,Mustafa Çelik:4:38821,2021982,7,143325,606,30,33.44789097903481,33.714837368799664,none,401833
Dengeli,22,666,2012,12,1422,1287,135,5864,140,88,0,0,115,3098290,2036848,1043908,285200,61039,70818,85684,0,0,541167,1333806,649866,120202,563738,563738,887844,9260117,87784,0,680293,1205171,0,4.0,0.0,2.0,1.0,1.0,506.59824067741937,522.727273,332.68181799999996,332.2829912258064,506.50293248387095,1.142168,25.64420135483871,1.0,1.0,1.0,1.0,none,0:1.0500|1:0.9300|2:1.0300|3:0.9400|4:0.9500|5:1.1000|6:0.8200|,Mustafa Çelik:4:38821,2052240,7,148837,636,31,33.69303712693131,34.330246083140686,none,392330
Dengeli,22,697,2013,1,1347,1196,151,5567,133,115,0,0,113,2992965,1972308,1008652,291200,62434,71252,86180,0,0,497586,1040058,443516,118460,478082,478082,906570,9579322,87784,0,695177,1256771,0,4.0,0.0,2.0,1.0,1.0,511.77419341935484,525.454545,337.863636,335.8167154193548,509.3401758387097,1.148751,24.93718729032258,1.0,1.0,1.0,1.0,none,0:1.0500|1:0.9300|2:1.0300|3:0.9400|4:0.9500|5:1.1000|6:0.8200|,Mustafa Çelik:4:40541,2009220,7,148837,667,31,33.70076161933066,33.98189272839127,none,348749
Dengeli,22,725,2013,2,1237,1094,143,5137,125,89,0,0,116,2648510,1728801,901779,263200,56392,64749,78316,0,0,439122,953416,349022,116690,487704,487704,846804,9733895,87784,0,710061,1135148,0,4.0,0.0,2.0,1.0,1.0,518.0275974642857,528.863636,338.545455,337.12337675,513.3944805357143,1.155828,25.48340842857143,1.0,1.0,1.0,1.0,none,0:1.0500|1:0.9300|2:1.0300|3:0.9400|4:0.9500|5:1.1000|6:0.8200|,Mustafa Çelik:4:40541,1742508,7,148837,698,28,34.048540500130265,34.64721635349933,none,290285
Dengeli,22,756,2013,3,1439,1240,199,6042,118,68,0,0,172,2830905,1850666,965575,291400,62434,72089,79267,0,0,460385,1106675,369026,114892,622757,506060,854220,10132966,87784,0,724945,1256771,0,4.0,0.0,2.0,1.0,1.0,513.3797653548387,531.818182,334.545455,335.50586512903226,512.1642228387096,1.162259,25.946290806451614,1.0,1.0,1.0,1.0,none,0:1.0500|1:0.9300|2:1.0300|3:0.9400|4:0.9500|5:1.1000|6:0.8200|,Mustafa Çelik:4:40541,1863140,7,148837,726,31,34.108350509819296,34.834701798430196,none,311548
Dengeli,22,786,2013,4,1342,1177,165,5626,116,48,0,0,143,2881930,1846087,1019994,282000,60420,70184,77190,0,0,530200,1079461,531144,0,548317,665014,879426,10691567,87784,0,739829,1216230,0,4.0,0.0,2.0,1.0,1.0,523.1136362666667,535.454545,335.818182,335.3151513,519.9742425,1.16942,24.527441033333332,1.0,1.0,1.0,1.0,none,0:1.0500|1:0.9300|2:1.0300|3:0.9400|4:0.9500|5:1.1000|6:0.8200|,Mustafa Çelik:4:40541,1871852,7,148837,757,30,35.39274028168623,35.80397093131586,none,381363
Dengeli,22,817,2013,5,1442,1282,160,6188,120,66,0,0,132,3114305,2033180,1061448,291400,62434,72957,80228,0,0,554429,1301518,663028,94083,544407,544407,926600,11293816,87784,0,754713,1256771,0,4.0,0.0,2.0,1.0,1.0,519.9193547741935,538.409091,341.2741933870968,339.2434018709678,523.4589443548386,1.176391,25.190659483870967,1.0,1.0,1.0,1.0,none,0:1.0500|1:0.9300|2:1.0300|3:0.9400|4:0.9500|5:1.1000|6:0.8200|,Mustafa Çelik:4:40541,2043104,7,148837,787,31,34.082981596214886,34.36016754265365,none,405592
Dengeli,22,847,2013,6,1386,1231,155,5697,111,41,0,0,139,2551350,1620240,916987,282000,60420,71024,89850,0,0,413693,1113064,401314,92656,619094,490255,756912,11254676,92660,0,770423,1218048,0,4.0,0.0,2.0,1.0,1.0,530.2651514333334,542.045455,337.045455,338.1803030333333,526.1757576,1.183639,24.377576299999998,1.0,1.0,1.0,1.0,none,0:1.0500|1:0.9300|2:1.0300|3:0.9400|4:0.9500|5:1.1000|6:0.8200|,Mustafa Çelik:4:40541,1625708,7,157106,818,30,35.94124679091461,36.4383169271167,none,256587
Dengeli,22,878,2013,7,1472,1312,160,6232,94,40,0,0,137,2815115,1784369,1010925,218750,46134,73826,93372,0,0,578843,1142303,507231,91210,543862,672701,810960,11620989,92660,0,786133,1313129,0,3.2580645161290325,0.0,2.0,0.25806451612903225,1.0,534.7800587419355,545.0,341.272727,339.75513193548386,528.8504399032257,1.190696,25.035386451612904,1.0,1.0,1.0,1.0,none,0:1.0500|1:0.9300|2:1.0300|3:0.9400|4:0.9500|5:1.1000|6:0.8200|,Mustafa Çelik:4:42359,1826472,7,157106,848,31,35.91061111180183,36.184470340416105,none,421737
Dengeli,22,909,2013,8,1375,1236,139,6053,70,51,0,0,124,2726680,1723912,988439,190650,39742,74291,93961,0,0,589795,730443,163569,89746,477128,477128,790500,11630464,92660,0,801843,1313129,0,3.0,0.0,2.0,0.0,1.0,536.7668622903226,549.090909,344.2478008387097,342.66862167741937,533.2800586129032,1.198032,23.375002612903227,1.0,1.0,1.0,1.0,none,0:1.0500|1:0.9300|2:1.0300|3:0.9400|4:0.9500|5:1.1000|6:0.8200|,Mustafa Çelik:4:42359,1760184,7,157106,879,31,36.25064180615254,35.86642078278755,none,432689
Dengeli,22,939,2013,9,1342,1189,153,5559,139,33,0,0,132,2806635,1829328,956483,184500,38460,72344,79560,0,1084,580535,1268960,520703,88263,659994,659994,846436,12078376,92660,0,817553,1270770,0,3.0,0.0,2.0,0.0,1.0,537.4015151666666,551.590909,352.727273,349.4984848666667,535.7818181666667,1.205414,23.738330599999998,1.0,1.0,1.0,1.0,none,0:1.0500|1:0.9300|2:1.0300|3:0.9400|4:0.9500|5:1.1000|6:0.8200|,Mustafa Çelik:4:42359,1862804,7,157106,910,30,34.07935125158775,34.3642950298331,none,423429
Dengeli,22,970,2013,10,1340,1181,159,5582,154,41,0,0,136,2875075,1869815,989728,190650,39742,75190,82708,0,849,600589,1172579,528339,86761,557479,557479,786616,12246462,92660,0,833263,1313129,0,3.0,0.0,2.0,0.0,1.0,542.7639295483871,555.227273,354.636364,352.9310850967742,538.816715516129,1.2126,23.21893922580645,1.0,1.0,1.0,1.0,none,0:1.0500|1:0.9300|2:1.0300|3:0.9400|4:0.9500|5:1.1000|6:0.8200|,Mustafa Çelik:4:42359,1890634,7,157106,940,31,34.42442371068581,34.661029465410635,none,443483
Dengeli,22,1000,2013,11,1403,1242,161,5985,145,59,0,0,137,3096565,2047948,1027983,184500,38460,73215,80520,0,0,651288,1358727,686539,85239,586949,586949,937080,13047458,92660,0,848973,1270770,0,3.0,0.0,2.0,0.0,1.0,541.2196967000001,558.409091,359.045455,357.0545454,539.0196969,1.220071,24.158786533333334,1.0,1.0,1.0,1.0,none,0:1.0500|1:0.9250|2:1.0300|3:0.9350|4:0.9450|5:1.1000|6:0.8200|,Mustafa Çelik:4:42359,2060616,7,157106,971,30,33.19752693710612,33.65994305284493,none,494182
Dengeli,22,1031,2013,12,1216,1068,148,5160,142,60,0,0,121,2923690,1926910,985191,190650,39742,76120,92070,0,865,585744,1458895,662730,83698,712467,712467,860898,13456980,95911,0,865234,1315108,0,3.0,0.0,2.0,0.0,1.0,547.939882451613,562.045455,361.863636,360.01026390322585,544.7536657741936,1.227345,22.798525129032257,1.0,1.0,1.0,1.0,none,0:1.0500|1:0.9300|2:1.0300|3:0.9400|4:0.9500|5:1.1000|6:0.8200|,Mustafa Çelik:4:42359,2015274,7,162619,1001,31,33.69683516378275,33.95924487538008,none,423125
Dengeli,22,1062,2014,1,1299,1131,168,5330,119,74,0,0,138,2986855,1944944,1027598,255450,54373,76586,92628,0,27076,521485,1529124,837691,82137,609296,609296,841338,14169333,95911,0,881495,1374478,0,3.3870967741935485,0.0,2.0,0.3870967741935484,1.0,551.7375366774193,565.227273,356.31818200000004,357.8401759677419,549.7961875806452,1.234907,22.70395722580645,1.0,1.0,1.0,1.0,none,0:1.0500|1:0.9300|2:1.0300|3:0.9400|4:0.9500|5:1.1000|6:0.8200|,Mustafa Çelik:4:44338,1895928,7,162619,1032,31,34.404013586196854,35.41889787927801,none,358866
Dengeli,22,1090,2014,2,1237,1082,155,5003,134,60,0,0,127,2818190,1818093,983711,315000,68040,69623,84224,0,0,446824,1211016,560823,80555,569638,569638,910046,14520356,95911,0,897756,1241464,0,4.0,0.0,2.0,1.0,1.0,557.3214284642858,569.545455,358.5,357.88149364285715,556.2094155714286,1.243005,23.84152217857143,1.0,1.0,1.0,1.0,none,0:1.0500|1:0.9300|2:1.0300|3:0.9400|4:0.9500|5:1.1000|6:0.8200|,Mustafa Çelik:4:44338,1841758,7,162619,1063,28,34.90577285420784,35.67446330067436,none,284205
Dengeli,22,1121,2014,3,1320,1151,169,5545,136,60,0,0,138,3028740,1925189,1087320,348750,75330,77547,85281,0,0,500412,1263517,442685,78953,741879,741879,873376,14856988,95911,0,914017,1374478,0,4.0,0.0,2.0,1.0,1.0,563.7756597741935,572.954545,358.954545,358.3489735483871,558.7888563225807,1.250366,23.28677293548387,1.0,1.0,1.0,1.0,none,0:1.0500|1:0.9300|2:1.0300|3:0.9400|4:0.9500|5:1.1000|6:0.8200|,Mustafa Çelik:4:44338,1968628,7,162619,1091,31,35.90007725985063,36.33025144367346,none,337793
Dengeli,22,1151,2014,4,1293,1126,167,5071,128,49,0,0,132,2686320,1703526,963147,337500,72900,75526,83070,0,0,394151,213538,-454277,77331,590484,590484,930100,14088166,95911,0,930278,1330140,0,4.0,0.0,2.0,1.0,1.0,565.4393939333333,575.454545,360.8939393333333,359.39696956666666,561.3999999333333,1.258565,21.713662366666664,1.0,1.0,1.0,1.0,none,0:1.0500|1:0.9300|2:1.0300|3:0.9400|4:0.9500|5:1.1000|6:0.8200|,Mustafa Çelik:4:44338,1737814,7,162619,1122,30,35.85377021352631,36.17460275930411,none,231532
Dengeli,22,1182,2014,5,1458,1290,168,5897,148,55,0,0,145,3152915,2056886,1080067,348750,75330,78540,86366,0,0,491081,1349551,713001,75688,560862,560862,943300,14247443,95911,0,946539,1374478,0,4.0,0.0,2.0,1.0,1.0,561.1730201935485,579.772727,368.31818200000004,365.39442819354844,563.1290323225807,1.266552,23.477322935483873,1.0,1.0,1.0,1.0,none,0:1.0500|1:0.9300|2:1.0300|3:0.9400|4:0.9500|5:1.1000|6:0.8200|,Mustafa Çelik:4:44338,2042768,8,162619,1152,31,34.25614074594463,34.36637743686125,none,328462
Dengeli,22,1212,2014,6,1356,1201,155,5885,100,49,0,0,141,2730690,1783834,932416,337500,72900,76516,96750,0,0,348750,1374708,569488,0,805220,805220,875894,14798192,100789,0,963628,1332236,0,4.0,0.0,2.0,1.0,1.0,567.7575757333333,582.954545,374.90909100000005,371.6621211666667,566.2439394666667,1.274857,24.892964233333334,1.0,1.0,1.0,1.0,none,0:1.0500|1:0.9300|2:1.0300|3:0.9400|4:0.9500|5:1.1000|6:0.8200|,Mustafa Çelik:4:44338,1837668,8,170887,1183,30,34.14580197678975,33.966695113534,none,177863
Dengeli,22,1243,2014,7,1440,1240,200,6053,116,35,0,0,182,2998925,1966955,1011823,357750,77407,79563,100626,0,522,395955,1543193,709195,80375,753623,753623,805008,15306389,100789,0,980717,1439454,0,4.0,0.0,2.0,1.0,1.0,574.4134898064516,587.954545,379.954545,377.3900292580645,569.7741935483871,1.282947,24.145702967741936,1.0,1.0,1.0,1.0,none,0:1.0500|1:0.9300|2:1.0300|3:0.9400|4:0.9500|5:1.1000|6:0.8200|,Mustafa Çelik:4:46434,1992390,8,170887,1213,31,33.73952332919296,33.85347807064463,none,225068
Dengeli,22,1274,2014,8,1419,1265,154,6300,99,25,0,0,139,2999279,1973046,1014839,358050,77407,80090,101277,0,982,397033,1550320,656155,79181,814984,638604,885248,15952893,100789,0,997806,1439454,0,4.0,0.0,2.0,1.0,1.0,572.976539451613,590.681818,381.636364,380.1173019354839,574.4164221935484,1.291361,24.46286770967742,1.0,1.0,1.0,1.0,none,0:1.0500|1:0.9300|2:1.0300|3:0.9400|4:0.9500|5:1.1000|6:0.8200|,Mustafa Çelik:4:46434,1998746,8,170887,1244,31,33.83609860903237,33.39406804242661,none,226146
Dengeli,22,1304,2014,9,1380,1208,172,5463,123,42,0,0,152,3096755,2017056,1062317,346500,74910,78016,85800,0,381,476710,2586712,1572483,77971,936258,1112638,933708,17336734,100789,0,1014895,1393020,0,4.0,0.0,2.0,1.0,1.0,577.2575759666666,594.3181820000001,372.5,375.28939396666664,579.4272727666666,1.299829,24.196587633333333,1.0,1.0,1.0,1.0,none,0:1.0500|1:0.9300|2:1.0300|3:0.9400|4:0.9500|5:1.1000|6:0.8200|,Mustafa Çelik:4:46434,2055108,8,170887,1275,30,34.3041990729005,35.470747287081124,none,305823
Dengeli,22,1335,2014,10,1417,1223,194,5775,103,61,0,0,174,3086255,1982987,1084122,358050,77407,81113,89218,0,0,478334,2383409,1424815,76745,881849,881849,869820,14139684,100789,0,1031984,1439454,0,4.0,0.0,2.0,1.0,1.0,581.1070382258065,599.318182,373.136364,373.7800584516129,581.6495600967743,1.308077,25.095469741935485,1.0,1.0,1.0,1.0,none,0:1.0500|1:0.9300|2:1.0300|3:0.9400|4:0.9500|5:1.1000|6:0.8200|,Mustafa Çelik:4:46434,1956300,8,170887,1305,31,35.12742790210142,35.788703379117095,none,307447
Dengeli,22,1365,2014,11,1346,1192,154,5690,114,60,0,0,124,3135305,2056609,1066624,346500,74910,79007,86910,0,0,479297,1537498,525424,75502,936572,760897,1032412,14910224,100789,0,1049073,1393020,0,4.0,0.0,2.0,1.0,1.0,582.9242425333333,602.272727,384.545455,380.8060605666667,583.8560606666666,1.316655,25.1677808,1.0,1.0,1.0,1.0,none,0:1.0500|1:0.9300|2:1.0300|3:0.9400|4:0.9500|5:1.1000|6:0.8200|,Mustafa Çelik:4:46434,2094168,8,170887,1336,30,34.01978435909744,34.03165850011624,none,308410
Dengeli,22,1396,2014,12,1343,1164,179,5346,169,70,0,0,145,3339455,2174508,1151423,358050,77407,82167,99417,0,0,534382,1747998,946712,0,801286,976961,982908,15767350,105665,0,1066988,1441735,0,4.0,0.0,2.0,1.0,1.0,593.1158359354839,606.818182,386.227273,384.5615836451613,590.1642229354838,1.32501,22.730234838709677,1.0,1.0,1.0,1.0,none,0:1.0500|1:0.9300|2:1.0300|3:0.9400|4:0.9500|5:1.1000|6:0.8200|,Mustafa Çelik:4:46434,2175498,8,179156,1366,31,34.47936863949357,34.881645439321595,none,355226
Dengeli,22,1427,2015,1,1330,1121,209,5062,146,84,0,0,182,3142425,2090248,1034458,367050,79515,82696,100068,0,0,405129,1343390,536228,75726,731436,731436,864042,16046941,105665,0,1084903,1510165,0,4.0,0.0,2.0,1.0,1.0,590.601173064516,610.227273,393.227273,390.2668621935484,592.8079179032258,1.3337,22.05827080645161,1.0,1.0,1.0,1.0,none,0:1.0500|1:0.9300|2:1.0300|3:0.9400|4:0.9500|5:1.1000|6:0.8200|,Mustafa Çelik:4:48715,2152574,8,179156,1397,31,32.91909910339945,33.41915137763455,none,225973
Dengeli,22,1455,2015,2,1150,992,158,4654,122,40,0,0,138,2908320,1919196,971089,331800,71820,75225,91000,0,0,401244,1567235,775831,74602,716802,716802,914892,16844321,105665,0,1102818,1364020,0,4.0,0.0,2.0,1.0,1.0,593.6444805714285,614.5454550000001,389.454545,390.3327923214286,595.7516233214285,1.342972,22.164427999999997,1.0,1.0,1.0,1.0,none,0:1.0500|1:0.9300|2:1.0300|3:0.9400|4:0.9500|5:1.1000|6:0.8200|,Mustafa Çelik:4:48715,1885206,8,179156,1428,28,33.390032733674424,34.395996636721016,none,222088
Dengeli,22,1486,2015,3,1344,1146,198,5444,128,36,0,0,177,3185235,2117825,1048703,367350,79515,83812,92163,0,0,425863,1305566,362429,73462,869675,869675,878286,17030468,105665,0,1120733,1510165,0,4.0,0.0,2.0,1.0,1.0,598.3870969354838,618.409091,401.090909,397.6524926451613,598.9090909032259,1.351403,22.658406387096775,1.0,1.0,1.0,1.0,none,0:1.0500|1:0.9300|2:1.0300|3:0.9400|4:0.9500|5:1.1000|6:0.8200|,Mustafa Çelik:4:48715,2175814,8,179156,1456,31,32.92388159743316,32.97133058949559,none,246707
Dengeli,22,1516,2015,4,1304,1133,171,5211,133,59,0,0,151,2965315,1946397,1000659,355500,76950,81678,89820,0,0,396711,1420869,586670,72307,761892,761892,907636,17521053,105665,0,1138648,1536726,0,4.0,0.0,2.0,1.0,1.0,606.5454544666667,622.954545,398.181818,398.8348484,599.4272726,1.360799,21.643515533333336,1.0,1.0,1.0,1.0,none,0:1.0500|1:0.9300|2:1.0300|3:0.9400|4:0.9500|5:1.1000|6:0.8200|,Mustafa Çelik:4:48715|Songül Şimşek:6:18820,1981306,8,179156,1487,30,33.74545368704505,34.352518007060176,none,217555
Dengeli,22,1547,2015,5,1304,1112,192,5035,129,28,0,0,179,3020745,1964478,1037646,367350,79515,84959,93434,0,0,412388,1577507,551323,71136,955048,767485,878562,18149352,105665,0,1156563,2093554,0,4.0,0.0,2.0,1.0,1.0,608.5557185806451,626.818182,393.863636,395.76099703225805,609.0777126129033,1.369954,21.76894306451613,1.0,1.0,1.0,1.0,none,0:1.0500|1:0.9300|2:1.0300|3:0.9400|4:0.9500|5:1.1000|6:0.8200|,Mustafa Çelik:4:48715|Songül Şimşek:6:18820,1989228,8,179156,1517,31,34.3506651504844,35.27895244849209,none,233232
Dengeli,22,1577,2015,6,1343,1157,186,5438,88,26,0,0,173,2831459,1833500,976322,355500,76950,82789,104700,0,332,356051,1067379,330362,0,737017,924580,805456,16684570,110542,0,1175305,2029378,0,4.0,0.0,2.0,1.0,1.0,607.7499999333334,632.045455,394.5,394.9106060666666,607.8651514666667,1.379479,22.488268433333335,1.0,1.0,1.0,1.0,none,0:1.0500|1:0.9300|2:1.0300|3:0.9400|4:0.9500|5:1.1000|6:0.8200|,Mustafa Çelik:4:48715|Songül Şimşek:6:18820,1833992,8,187425,1548,30,34.48123387977717,35.08844096367349,none,168626
Dengeli,22,1608,2015,7,1370,1180,190,5557,97,21,0,0,171,2928407,1871833,1039112,376350,81592,86137,108934,0,754,385345,635224,-113363,75671,672916,672916,802904,16462649,110542,0,1194047,2197652,0,4.0,0.0,2.0,1.0,1.0,620.3152492258064,635.227273,401.590909,398.9105570967742,615.5938417096773,1.38876,21.24904180645161,1.0,1.0,1.0,1.0,none,0:1.0500|1:0.9300|2:1.0300|3:0.9400|4:0.9500|5:1.1000|6:0.8200|,Mustafa Çelik:4:51136|Songül Şimşek:6:19756,1898424,8,187425,1578,31,35.48386545995827,35.260190765709616,none,197920
Dengeli,22,1639,2015,8,1258,1075,183,5225,122,23,0,0,163,2829830,1815894,997816,376650,81592,86726,109678,0,1586,341584,927820,6377,74572,846871,846871,846808,16459620,110542,0,1212789,2197652,0,4.0,0.0,2.0,1.0,1.0,622.4413488387097,640.909091,403.636364,401.82111429032256,620.7302054516128,1.398416,21.076569451612905,1.0,1.0,1.0,1.0,none,0:1.0500|1:0.9300|2:1.0300|3:0.9400|4:0.9500|5:1.1000|6:0.8200|,Mustafa Çelik:4:51136|Songül Şimşek:6:19756,1837352,8,187425,1609,31,35.26063403101953,35.15270719834643,none,154159
Dengeli,22,1669,2015,9,1233,1073,160,5102,111,42,0,0,143,3083990,2030919,1034499,364500,78960,84499,92940,0,956,412644,1100761,325024,73456,702281,702281,878242,16665776,110542,0,1231531,2126760,0,4.0,0.0,2.0,1.0,1.0,624.7196969,644.090909,415.954545,411.36212123333337,623.8575757666666,1.408139,21.286758833333334,1.0,1.0,1.0,1.0,none,0:1.0500|1:0.9300|2:1.0300|3:0.9400|4:0.9500|5:1.1000|6:0.8200|,Mustafa Çelik:4:51136|Songül Şimşek:6:19756,2081434,8,187425,1640,30,33.54417491626108,33.417411510464575,none,225219
Dengeli,22,1700,2015,10,1369,1178,191,5607,120,48,0,0,158,3242795,2125231,1098083,376650,81592,87905,96689,0,472,454775,1223247,434346,72324,716577,716577,954848,17117203,110542,0,1250273,2197652,0,4.0,0.0,2.0,1.0,1.0,632.7272726451613,648.8636359999999,416.909091,415.2917888064516,629.2888563225807,1.417612,21.002140129032256,1.0,1.0,1.0,1.0,none,0:1.0500|1:0.9300|2:1.0300|3:0.9400|4:0.9500|5:1.1000|6:0.8200|,Mustafa Çelik:4:51136|Songül Şimşek:6:19756,2152832,8,187425,1670,31,33.86223921031086,34.10919537938014,none,267350
Dengeli,22,1730,2015,11,1344,1168,176,5442,104,46,0,0,155,3261430,2168930,1070800,364500,78960,85669,94200,0,795,446676,1234609,209569,71176,953864,953864,982898,17278350,110542,0,1269015,2126760,0,4.0,0.0,2.0,1.0,1.0,626.6969694333334,653.863636,417.818182,416.60000003333334,629.0787878666667,1.427469,23.246152300000002,1.0,1.0,1.0,1.0,none,0:1.0500|1:0.9300|2:1.0300|3:0.9400|4:0.9500|5:1.1000|6:0.8200|,Mustafa Çelik:4:51136|Songül Şimşek:6:19756,2219418,8,187425,1701,30,32.83222390178541,33.330109705525466,none,259251
Dengeli,22,1761,2015,12,1390,1187,203,5876,135,66,0,0,169,3691705,2502542,1173955,376650,81592,89114,107818,0,1090,517691,1500583,701658,0,798925,798925,1091654,18158410,117045,0,1288860,2201321,0,4.0,0.0,2.0,1.0,1.0,621.5249267741935,658.181818,421.545455,419.6143693225806,626.7023460645162,1.437072,26.04527219354839,1.0,1.0,1.0,1.0,none,0:1.0500|1:0.9300|2:1.0300|3:0.9400|4:0.9500|5:1.1000|6:0.8200|,Mustafa Çelik:4:51136|Songül Şimşek:6:19756,2499722,8,198450,1731,31,31.799805239042666,32.17561567677046,none,319241
Dengeli,22,1792,2016,1,1316,1119,197,5310,145,59,0,0,166,3617985,2389416,1218098,388650,84382,89735,108562,0,468,546301,1142022,152842,71411,917769,733184,1034684,18393905,117045,0,1308705,2311391,0,4.0,0.0,2.0,1.0,1.0,647.1260999032258,662.272727,427.272727,424.6788856129032,640.912023516129,1.447064,22.134999258064518,1.0,1.0,1.0,1.0,none,0:1.0500|1:0.9300|2:1.0300|3:0.9400|4:0.9500|5:1.1000|6:0.8200|,Mustafa Çelik:4:53784|Songül Şimşek:6:20777,2391936,8,198450,1762,31,33.66785655551364,33.973807104381,none,347851
Dengeli,22,1821,2016,2,1239,1030,209,4830,127,35,0,0,193,3262180,2140450,1105034,363950,78938,84555,102312,0,0,475279,1202329,364064,70373,767892,952477,1061898,18524898,117045,0,1328550,2162269,0,4.0,0.0,2.0,1.0,1.0,646.4968652413794,667.272727,418.363636,421.01724137931035,644.1003135172415,1.4576940000000003,21.808414931034484,1.0,1.0,1.0,1.0,none,0:1.0500|1:0.9300|2:1.0300|3:0.9400|4:0.9500|5:1.1000|6:0.8200|,Mustafa Çelik:4:53784|Songül Şimşek:6:20777,2165292,8,198450,1793,29,33.87409646310136,35.28760022002619,none,276829
Dengeli,22,1852,2016,3,1338,1133,205,5428,94,64,0,0,174,3280430,2174018,1080981,389050,84382,91007,100099,0,905,415538,972200,162101,69320,740779,740779,1037196,18574770,117045,0,1348395,2311391,0,4.0,0.0,2.0,1.0,1.0,638.0865101612903,671.1363640000001,424.045455,422.1876832580645,641.9956011612904,1.467709,23.85013777419355,1.0,1.0,1.0,1.0,none,0:1.0500|1:0.9200|2:1.0300|3:0.9300|4:0.9400|5:1.1000|6:0.8200|,Mustafa Çelik:4:53784|Songül Şimşek:6:20777,2204840,8,198450,1822,31,32.952417823273166,33.54420627184028,none,217088
Dengeli,22,1882,2016,4,1315,1112,203,5338,98,39,0,0,184,3330670,2187225,1124583,376500,81660,88731,97590,0,587,479515,1079443,250759,68252,760432,760432,962832,18673376,117045,0,1368240,2236830,0,4.0,0.0,2.0,1.0,1.0,647.5303032333334,676.590909,428.136364,425.9621212,645.7363636666666,1.4784910000000002,23.410380999999997,1.0,1.0,1.0,1.0,none,0:1.0500|1:0.9300|2:1.0300|3:0.9400|4:0.9500|5:1.1000|6:0.8200|,Mustafa Çelik:4:53784|Songül Şimşek:6:20777,2199526,8,198450,1853,30,33.764467809780015,33.8816481850852,none,281065
Dengeli,22,1913,2016,5,1364,1151,213,5423,120,64,0,0,184,3135950,2046854,1067765,389050,84382,92340,101556,0,862,399575,846121,-127556,67168,906509,906509,904414,18401711,117045,0,1388085,2311391,0,4.0,0.0,2.0,1.0,1.0,657.6979472580645,680.909091,433.590909,430.6774193548387,653.140762483871,1.489001,23.02760348387097,1.0,1.0,1.0,1.0,none,0:1.0500|1:0.9300|2:1.0300|3:0.9400|4:0.9500|5:1.1000|6:0.8200|,Mustafa Çelik:4:53784|Songül Şimşek:6:20777,2101724,8,198450,1883,31,34.04917170235495,34.07446217406702,none,201125
Dengeli,22,1943,2016,6,1364,1153,211,5696,89,38,0,0,194,3147705,2088638,1042009,376500,81660,90021,113850,0,536,379442,140446,-553156,0,693602,693602,965052,17940174,123547,0,1409032,2240722,0,4.0,0.0,2.0,1.0,1.0,656.5454546,685.6818179999999,442.136364,438.4015152,659.6363637666667,1.499939,23.785791266666667,1.0,1.0,1.0,1.0,none,0:1.0500|1:0.9300|2:1.0300|3:0.9400|4:0.9500|5:1.1000|6:0.8200|,Mustafa Çelik:4:53784|Songül Şimşek:6:20777,2153682,8,209475,1914,30,33.103769254107355,32.657158632014074,none,169967
Dengeli,22,1974,2016,7,1272,1069,203,5255,100,30,0,0,191,3085490,2025607,1045719,401050,87172,93673,118482,0,0,345342,-191172,-1098311,67390,839749,672483,837834,16817525,123547,0,1429979,2432043,0,4.0,0.0,2.0,1.0,1.0,673.4164219354839,692.045455,448.409091,445.17888558064516,669.9325512903226,1.510601,21.288399032258067,1.0,1.0,1.0,1.0,none,0:1.0500|1:0.9300|2:1.0300|3:0.9400|4:0.9500|5:1.1000|6:0.8200|,Mustafa Çelik:4:56590|Songül Şimşek:6:21863,2046114,8,209475,1944,31,33.89150507698939,33.412807232823994,none,135867
Dengeli,22,2005,2016,8,1385,1165,220,5698,118,29,0,0,194,3232214,2088384,1124681,401450,87172,94356,119350,0,738,421615,686878,-121437,66411,741904,909170,945494,16572607,123547,0,1450926,2432043,0,4.0,0.0,2.0,1.0,1.0,673.4164219354839,696.590909,434.409091,438.8401759032258,671.9486803870968,1.521698,21.851952677419355,1.0,1.0,1.0,1.0,none,0:1.0500|1:0.9300|2:1.0300|3:0.9400|4:0.9500|5:1.1000|6:0.8200|,Mustafa Çelik:4:56590|Songül Şimşek:6:21863,2086120,8,209475,1975,31,34.795994324633206,35.49175861327329,none,212140
Dengeli,22,2035,2016,9,1320,1114,206,5624,106,63,0,0,183,3543115,2347737,1177940,388500,84360,92002,101160,0,415,511503,958787,142038,65417,751332,751332,1136912,16754264,123547,0,1471873,2353590,0,4.0,0.0,2.0,1.0,1.0,677.2196969,702.272727,453.545455,448.09090906666665,677.6803030333334,1.5328759999999997,23.250433633333333,1.0,1.0,1.0,1.0,none,0:1.0500|1:0.9300|2:1.0300|3:0.9400|4:0.9500|5:1.1000|6:0.8200|,Mustafa Çelik:4:56590|Songül Şimşek:6:21863,2395940,8,209475,2006,30,33.245886740904545,33.028313104872424,none,302028
Dengeli,22,2066,2016,10,1249,1051,198,4944,117,44,0,0,181,3241580,2119973,1106063,401450,87172,95750,105276,0,452,415963,662662,-327380,64409,925633,925633,921230,16183220,123547,0,1492820,2432043,0,4.0,0.0,2.0,1.0,1.0,690.6378298709677,706.1363640000001,454.954545,453.1202346451613,683.8284458064516,1.543772,21.443832838709678,1.0,1.0,1.0,1.0,none,0:1.0500|1:0.9300|2:1.0300|3:0.9400|4:0.9500|5:1.1000|6:0.8200|,Mustafa Çelik:4:56590|Songül Şimşek:6:21863,2128172,8,209475,2036,31,34.12110760801831,34.12545254218127,none,206488
Dengeli,22,2096,2016,11,1265,1049,216,4986,135,51,0,0,188,3291815,2150792,1125467,388500,84360,93322,102630,0,433,456222,1036573,203441,63387,769745,769745,985538,16407829,123547,0,1513767,2353590,0,4.0,0.0,2.0,1.0,1.0,690.7803029,712.272727,450.181818,451.54696966666666,688.8242424666666,1.555113,21.391261866666664,1.0,1.0,1.0,1.0,none,0:1.0500|1:0.9300|2:1.0300|3:0.9400|4:0.9500|5:1.1000|6:0.8200|,Mustafa Çelik:4:56590|Songül Şimşek:6:21863,2141680,8,209475,2067,30,34.189861823948185,34.829957352566545,none,246747
Dengeli,22,2127,2016,12,1308,1113,195,5233,124,74,0,0,160,3618515,2361883,1237454,401450,87172,97115,117490,0,367,533860,1364006,577899,0,786107,786107,1034160,17151118,133301,0,1536368,2438670,0,4.0,0.0,2.0,1.0,1.0,693.4897361290322,716.1363640000001,452.363636,451.73753667741937,693.2492669032258,1.566167,22.473387129032258,1.0,1.0,1.0,1.0,none,0:1.0500|1:0.9300|2:1.0300|3:0.9400|4:0.9500|5:1.1000|6:0.8200|,Mustafa Çelik:4:56590|Songül Şimşek:6:21863,2371614,8,226012,2097,31,34.19784082696908,34.769959462553274,none,307848
Dengeli,22,2158,2017,1,1210,980,230,4696,131,63,0,0,199,3385468,2214009,1151747,292050,62705,97845,118358,0,424,580365,715117,-313101,63596,964622,964622,1130278,16780687,133301,0,1558969,2637480,0,3.161290322580645,0.0,2.0,0.16129032258064516,1.0,703.4237536451614,722.5,460.81818200000004,457.35337248387094,698.678885483871,1.577672,20.734773387096773,1.0,1.0,1.0,1.0,none,0:1.0500|1:0.9300|2:1.0300|3:0.9400|4:0.9500|5:1.1000|6:0.8200|,Mustafa Çelik:4:61371|Songül Şimşek:6:23709,2295786,8,226012,2128,31,34.02031860883045,34.48924924527677,none,354353
Dengeli,22,2186,2017,2,1078,894,184,4116,106,60,0,0,160,3068045,2003006,1044271,242200,51660,89497,108248,0,647,552019,715885,-130066,62672,783279,783279,925270,16389852,133301,0,1581570,2382240,0,3.0,0.0,2.0,0.0,1.0,709.42370125,731.5909089999999,464.272727,461.84902585714286,708.7175323928572,1.597686,21.802475821428573,1.0,1.0,1.0,1.0,none,0:1.0500|1:0.9300|2:1.0300|3:0.9400|4:0.9500|5:1.1000|6:0.8200|,Mustafa Çelik:4:61371|Songül Şimşek:6:23709,2018770,8,226012,2159,28,34.037017058094,34.5563552243949,none,326007
Dengeli,22,2217,2017,3,1190,949,241,4462,132,37,0,0,208,3120980,2021334,1086575,268150,57195,100233,110205,0,501,550291,739329,-92307,61734,769902,769902,925158,16177021,133301,0,1604171,2637480,0,3.0,0.0,2.0,0.0,1.0,725.6524926451613,739.772727,474.954545,470.4662756451613,715.5762462903226,1.61598,20.131448419354836,1.0,1.0,1.0,1.0,none,0:1.0500|1:0.9300|2:1.0300|3:0.9400|4:0.9500|5:1.1000|6:0.8200|,Mustafa Çelik:4:61371|Songül Şimşek:6:23709,2077920,8,226012,2187,31,34.8151862555992,34.54793447085294,none,324279
Dengeli,22,2247,2017,4,1214,999,215,4704,121,38,0,0,182,3339430,2200204,1115761,259500,55350,98230,108000,0,559,594122,942485,-106227,60783,987929,793284,968138,16272205,133301,0,1626772,2552400,0,3.0,0.0,2.0,0.0,1.0,726.2727272666667,749.3181820000001,480.136364,477.3833333666667,722.6136364333332,1.636479,20.909962833333335,1.0,1.0,1.0,1.0,none,0:1.0500|1:0.9300|2:1.0300|3:0.9400|4:0.9500|5:1.1000|6:0.8200|,Mustafa Çelik:4:61371|Songül Şimşek:6:23709,2192614,8,226012,2218,30,33.41171996418551,33.890349179571,none,368110
Dengeli,22,2278,2017,5,1257,1015,242,4509,158,27,0,0,209,3216925,2055004,1139900,268150,57195,102745,112964,0,452,598394,1406631,508213,59818,838600,1033245,930554,16423918,133301,0,1649373,2637480,0,3.0,0.0,2.0,0.0,1.0,746.5249266451613,758.6363640000001,477.227273,477.7844574516129,733.1774192258064,1.656565,19.191665967741937,1.0,1.0,1.0,1.0,none,0:1.0500|1:0.9300|2:1.0300|3:0.9400|4:0.9500|5:1.1000|6:0.8200|,Mustafa Çelik:4:61371|Songül Şimşek:6:23709,2112806,8,226012,2248,31,35.434459926793444,36.07349788778908,none,372382
Dengeli,22,2308,2017,6,1247,1042,205,4946,76,41,0,0,191,3159370,2021693,1117138,259500,55350,100691,127320,0,529,573748,900039,108932,0,791107,791107,933368,16600357,144680,0,1673903,2559689,0,3.0,0.0,2.0,0.0,1.0,745.9318183666667,767.727273,481.73030273333336,479.71515153333337,745.4833333666667,1.677579,21.1610468,1.0,1.0,1.0035714,0.9989285999999999,0,0:1.0500|1:0.9300|2:1.0300|3:0.9400|4:0.9500|5:1.1000|6:0.8200|,Mustafa Çelik:4:61371|Songül Şimşek:6:23709,2053470,8,245306,2279,30,35.3595178785644,35.41898993018471,none|0,328442
Dengeli,22,2339,2017,7,1291,1054,237,5157,84,16,0,0,213,3261004,2139539,1105690,289150,62062,105319,133176,0,452,515531,-389067,-1418774,84022,945685,945685,1057992,15247002,144680,0,1698433,2863439,0,3.0,0.0,2.0,0.0,1.0,755.9457478709677,777.045455,510.84310825806455,497.4486803225806,751.0850439999999,1.698169,21.410570903225807,1.0,1.0,1.2183179999999998,0.9345045806451613,0,0:1.0500|1:0.9200|2:1.0300|3:0.9300|4:0.9400|5:1.1000|6:0.8200|,Mustafa Çelik:4:66629|Songül Şimşek:6:25740,2218896,8,245306,2309,31,33.90642881762795,32.42331083985933,0,270225
Dengeli,22,2370,2017,8,1365,1136,229,5919,125,27,0,0,207,3933323,2687347,1224905,289850,62062,106653,134881,0,1778,629681,-4855976,-5740765,82975,801814,801814,1287372,9719147,144680,0,1722963,2863439,0,3.0,0.0,2.0,0.0,1.0,751.818182,787.045455,519.681818,515.5278593225806,747.6642228709677,1.719711,23.769614935483872,1.0,1.0,1.25,0.925,0,0:1.0500|1:0.9100|2:1.0300|3:0.9200|4:0.9300|5:1.1000|6:0.8200|,Mustafa Çelik:4:66629|Songül Şimşek:6:25740,2676162,8,245306,2340,31,31.141734355403816,30.8766626769343,0,384375
Dengeli,22,2400,2017,9,1256,1042,214,4816,123,44,0,0,195,3581425,2473969,1067135,280500,60060,104533,114930,0,1536,505576,169288,-723843,81906,811225,811225,1329132,8914067,144680,0,1747493,2771070,0,3.0,0.0,2.0,0.0,1.0,763.6060607666666,797.727273,530.0,525.3924243333333,760.8045454,1.741526,21.82362893333333,1.0,1.0,1.25,0.925,0,0:1.0500|1:0.9250|2:1.0300|3:0.9350|4:0.9450|5:1.1000|6:0.8200|,Mustafa Çelik:4:66629|Songül Şimşek:6:25740,2525828,8,245306,2371,30,29.79637993256874,30.59248384332155,0,260270
Dengeli,22,2431,2017,10,1285,1061,224,4918,163,49,0,0,190,3549470,2424839,1101701,289850,62062,109351,120218,0,1047,519173,-94642,-1263846,160519,1008685,1008685,1065212,7212552,144680,0,1772023,2863439,0,3.0,0.0,2.0,0.0,1.0,786.4736069354839,806.818182,542.954545,537.8489736451613,777.5425219677419,1.762901,20.66372393548387,1.0,1.0,1.25,0.925,0,0:1.0500|1:0.9300|2:1.0300|3:0.9400|4:0.9500|5:1.1000|6:0.8200|,Mustafa Çelik:4:66629|Songül Şimşek:6:25740,2501324,8,245306,2401,31,31.038464897576258,30.963411840908755,0,273867
Dengeli,22,2461,2017,11,1189,993,196,4638,128,36,0,0,170,3492320,2396515,1065263,280500,60060,107173,117840,0,499,499191,-255565,-1047506,0,791941,791941,1134468,6294388,144680,0,1796553,2771070,0,3.0,0.0,2.0,0.0,1.0,800.1287880666666,817.272727,555.090909,549.6909090666667,791.2833333666666,1.785264,20.466716533333333,1.0,1.0,1.25,0.925,0,0:1.0500|1:0.9300|2:1.0300|3:0.9400|4:0.9500|5:1.1000|6:0.8200|,Mustafa Çelik:4:66629|Songül Şimşek:6:25740,2451116,8,245306,2432,30,30.503018051037706,30.62480474658913,0,253885
Dengeli,22,2492,2017,12,1262,1041,221,4774,210,67,0,0,175,4031450,2805794,1197105,289850,62062,112080,135563,0,0,597550,364575,-728130,83410,1009295,809933,1199682,5823401,154434,0,1822737,2869951,0,3.0,0.0,2.0,0.0,1.0,808.548387032258,827.272727,561.5322578709678,558.3680351290323,801.0322580967742,1.807175,20.296065774193547,0.9580645161290322,0.9580645161290322,1.2479032258064517,0.897454870967742,1,0:1.0500|1:0.9300|2:1.0300|3:0.9400|4:0.9500|5:1.1000|6:0.8200|,Mustafa Çelik:4:66629|Songül Şimşek:6:25740,2846066,8,261844,2462,31,29.694154708603605,30.550568540239414,0|1,335706
Dengeli,22,2523,2018,1,1106,871,235,4124,212,27,0,0,183,3669905,2555779,1085762,307850,66247,113498,137299,0,3449,457419,-574014,-1470558,88856,807688,1007050,1233880,4133364,154434,0,1848921,3065311,0,3.0,0.0,2.0,0.0,1.0,823.8636363548387,837.5,569.2976539354838,565.8739003225807,810.3680351935484,1.8301,19.154625516129034,0.9,0.9,1.2266666774193549,0.7907742903225806,1,0:1.0500|1:0.9300|2:1.0300|3:0.9400|4:0.9500|5:1.1000|6:0.8200|,Mustafa Çelik:4:71326|Songül Şimşek:6:27555,2606892,8,261844,2493,31,29.585561479111856,30.89904338364476,1,195575
Dengeli,22,2551,2018,2,1015,797,218,3749,174,45,0,0,176,3320465,2271418,1029822,278600,59836,103579,125300,0,4285,458222,35667,-901562,87885,849344,849344,1220950,3142317,154434,0,1875105,2768668,0,3.0,0.0,2.0,0.0,1.0,825.9740259285715,846.5909089999999,556.0113636428571,560.6493505714286,819.8425323928572,1.849195,20.458091607142855,0.9,0.9,1.2020833214285713,0.8,1,0:1.0500|1:0.9300|2:1.0300|3:0.9400|4:0.9500|5:1.1000|6:0.8200|,Mustafa Çelik:4:71326|Songül Şimşek:6:27555,2274250,8,261844,2524,28,31.01439105667429,32.6841588005408,1,196378
Dengeli,22,2582,2018,3,1167,930,237,4300,192,36,0,0,202,3450245,2328423,1093670,308450,66247,115762,127317,0,2092,473802,39960,-864288,65168,839080,839080,1031186,2011636,154434,0,1901289,3065311,0,3.0,0.0,2.0,0.0,1.0,831.9354836774194,854.318182,564.8181818387096,562.0058649032259,828.9604105161291,1.866614,20.530372967741936,0.9,0.9,1.1775,0.8,1,0:1.0500|1:0.9300|2:1.0300|3:0.9400|4:0.9500|5:1.1000|6:0.8200|,Mustafa Çelik:4:71326|Songül Şimşek:6:27555,2369378,8,261844,2552,31,31.698328669413332,32.10793469921085,1,211958
Dengeli,22,2612,2018,4,1142,929,213,4206,183,29,0,0,189,3467560,2325680,1114841,298500,64110,113198,124470,0,1183,513380,420049,-756602,85377,1091274,1091274,1068084,224981,154434,0,1927473,2966430,0,3.0,0.0,2.0,0.0,1.0,845.0075760333333,863.863636,566.4409091333333,564.8303030999999,841.9590909333333,1.886091,20.65161506666667,0.9,0.9,1.1520833333333333,0.8,1,0:1.0500|1:0.9300|2:1.0300|3:0.9400|4:0.9500|5:1.1000|6:0.8200|,Mustafa Çelik:4:71326|Songül Şimşek:6:27555,2402850,8,261844,2583,30,32.150590040258855,32.96617389013933,1,251536
Dengeli,22,2643,2018,5,1195,955,240,4331,188,33,0,0,209,3518800,2326233,1171623,308450,66247,118150,129921,0,2594,546261,929995,14889,0,915106,915106,983360,246564,154434,0,1953657,3065311,0,3.0,0.0,2.0,0.0,1.0,854.0029326129032,871.590909,566.0806451612904,565.340175967742,847.6085043548387,1.905133,19.788546032258065,0.9,0.9,1.126666677419355,0.8,1,0:1.0500|1:0.9300|2:1.0300|3:0.9400|4:0.9500|5:1.1000|6:0.8200|,Mustafa Çelik:4:71326|Songül Şimşek:6:27555,2283408,8,261844,2613,31,33.29609525974764,33.714437791295076,1,284417
Dengeli,22,2673,2018,6,1178,901,277,4233,146,131,0,0,216,3179013,2105649,1045957,298500,64110,115539,146100,0,75798,345910,435524,-435611,0,871135,838026,546802,-3889,0,0,1815957,2973492,0,3.0,0.0,2.0,0.0,1.0,855.6287877333333,880.909091,568.9075756999999,567.4515149333333,851.2454546,1.925011,20.237064266666668,0.9,0.9,1.10125,0.8,1,0:1.0500|1:0.9300|2:1.0300|3:0.9400|4:0.9500|5:1.1000|6:0.8200|,Mustafa Çelik:4:71326|Songül Şimşek:6:27555,1620426,8,0,2644,30,32.90194157746445,33.5100006152076,1,345910
Dengeli,22,2704,2018,7,865,122,743,445,29,1732,0,0,22,565609,374757,190852,329450,71145,120599,152489,0,183110,-665941,-9315106,-9955395,0,640289,96908,460678,-7911971,0,0,1678257,3284233,0,3.0,0.0,2.0,0.0,1.0,870.0659825483871,889.772727,584.5674486451612,567.8636359999999,860.4970674516129,1.944446,7.356776322580646,0.9,0.9,1.0758333225806451,0.8,1,0:1.0500|1:0.9300|2:1.0300|3:0.9400|4:0.9500|5:1.1000|6:0.8200|,Mustafa Çelik:4:76420|Songül Şimşek:6:29522,0,8,0,2674,31,33.74274454614407,32.813434800313935,1,-665941
Dengeli,22,2735,2018,8,791,0,791,0,0,1754,0,0,0,2356,0,2356,330150,71145,121840,154101,0,207280,-882160,-14078743,-14119959,0,41216,0,460678,-21630788,0,0,1540557,3284233,0,3.0,0.0,2.0,0.0,1.0,875.6671555806452,899.090909,618.633431,567.8636359999999,868.1466276451613,1.964735,5.0,0.9,0.9,1.0499999999999998,0.8,1,0:1.0500|1:0.9300|2:1.0300|3:0.9400|4:0.9500|5:1.1000|6:0.8200|,Mustafa Çelik:4:76420|Songül Şimşek:6:29522,0,8,0,2705,31,100.0,29.35290229199118,1,-882160
Dengeli,22,2765,2018,9,1235,815,420,4786,85,522,0,0,192,3674312,2972452,672812,319500,68850,119141,131040,0,48892,-14611,-3082164,-3086114,0,3950,1052450,0,2966930,110542,0,1513399,741601,0,3.0,0.0,2.0,0.0,1.0,816.2045454333334,908.1818179999999,647.6696969333333,627.7848484333333,813.5848482666667,1.985235,20.430348166666665,0.9,0.9,1.0245833333333334,0.8,1,0:1.0500|1:0.9000|2:1.0300|3:0.9100|4:0.9200|5:1.1000|6:0.8200|,Mustafa Çelik:4:76420|Songül Şimşek:6:29522,3974068,1,187425,2736,30,18.31123758679176,20.648604500299957,1,-202036
Dengeli,22,2796,2018,10,1658,1346,312,6755,150,91,0,0,291,5297880,4261716,1003736,330150,71145,124382,136772,0,291,340996,192420,149705,0,42715,42715,0,3090509,110542,0,1486241,0,0,3.0,0.0,2.0,0.0,1.0,807.8738998709678,916.818182,644.480938516129,645.3504398709678,805.4076247741936,2.005278,30.691476677419356,0.9,0.9,1.0028225806451612,0.8,1,0:1.0500|1:0.8900|2:1.0300|3:0.9000|4:0.9100|5:1.1000|6:0.8200|,,4320270,1,187425,2766,31,18.945993491736317,20.225057571600672,1,153571
Dengeli,22,2826,2018,11,1628,1310,318,7260,99,90,0,2,286,5570670,4381085,1159752,319500,68850,121601,133740,0,1478,514583,437382,364582,0,72800,72800,2014494,5562533,110542,0,1459083,0,0,3.0,0.0,2.0,0.0,1.0,810.5757572,927.045455,630.8833333,634.5378787999999,813.4939393333334,2.026201,32.1473419,0.9433333333333334,0.9433333333333334,1.0,0.8173333333333334,none,0:1.0500|1:0.8900|2:1.0300|3:0.9000|4:0.9100|5:1.1000|6:0.8200|,,4317970,1,187425,2797,30,20.818896111239763,22.168492248117285,1|none,327158
Dengeli,22,2857,2018,12,1663,1308,355,6956,109,90,0,0,332,5729124,4407738,1297513,330150,71145,126926,153543,0,5862,609887,594606,502654,0,91952,91952,1906766,5891224,117045,0,1430328,0,0,3.0,0.0,2.0,0.0,1.0,826.7668623225806,936.590909,634.7829911935484,634.0087976129032,822.196481032258,2.046658,30.916869903225805,1.0,1.0,1.0,0.9670967741935484,none,0:1.0500|1:0.9000|2:1.0300|3:0.9100|4:0.9200|5:1.1000|6:0.8200|,,4497846,1,198450,2827,31,22.647668299726103,23.22104088566211,none,411437
Dengeli,22,2888,2019,1,1739,1393,346,7779,122,135,0,2,315,6677180,5261470,1380104,348150,75330,128250,155155,0,4489,668730,521301,435236,0,86065,86065,2370710,6820230,117045,0,1401573,0,0,3.0,0.0,2.0,0.0,1.0,829.5674489354838,946.3636359999999,655.2771260967742,650.813782967742,830.303519,2.068013,31.09523729032258,1.0,1.0,1.0,1.0,2,0:1.0500|1:0.9100|2:1.0300|3:0.9200|4:0.9300|5:1.1000|6:0.8200|,,5267250,1,198450,2858,31,20.668965042128562,21.009783238525348,none|2,470280
Dengeli,22,2916,2019,2,1521,1227,294,7197,134,127,0,9,257,6835260,5354943,1455173,315000,68040,116790,141260,0,10908,803175,585265,483702,0,101563,101563,2204026,7121093,117045,0,1372818,0,0,3.0,0.0,2.0,0.0,1.0,830.2272729999999,954.0909089999999,645.9431817857143,647.5292207499999,836.5860387857143,2.084821,32.05801267857143,1.0,1.0,1.0,1.0,2,0:1.0500|1:0.9150|2:1.0300|3:0.9250|4:0.9350|5:1.1000|6:0.8200|,,5396242,1,198450,2889,28,21.28921211482811,22.196824557254168,2,604725
Dengeli,22,2947,2019,3,1370,1114,256,6505,65,53,0,0,237,5239110,4085666,1132226,348750,75330,130234,143220,0,9149,425543,205393,-486809,614984,77218,65424,1856016,6122673,117045,0,1344063,0,0,3.0,0.0,2.0,0.0,1.0,846.165689516129,962.045455,661.7228738709678,657.4486803870968,845.4545454516128,2.10012,32.17734667741936,1.0,1.0,1.0,1.0,2,0:1.0500|1:0.9150|2:1.0300|3:0.9250|4:0.9350|5:1.1000|6:0.8200|,,4199908,1,198450,2917,31,21.61103698910693,21.79748221068062,2,227093
Dengeli,22,2977,2019,4,1219,976,243,5472,80,43,0,0,228,4629245,3613273,988703,337500,72900,127054,139740,0,7084,304425,84795,-586837,613130,58502,70296,1741988,5340797,117045,0,1315308,0,0,3.0,0.0,2.0,0.0,1.0,854.545455,969.090909,669.9560606,666.9181817666666,851.4469699999999,2.117189,31.564769433333332,1.0,1.0,1.0,1.0,2,0:1.0500|1:0.9300|2:1.0300|3:0.9400|4:0.9500|5:1.1000|6:0.8200|,,3625534,1,198450,2948,30,21.357759202634554,21.600886567233566,2,105975
Dengeli,22,3008,2019,5,1540,1245,295,7518,102,73,0,0,272,6439470,5017692,1378979,348750,75330,132342,145514,0,15262,661781,671076,-25143,611235,84984,84984,2381116,5859511,117045,0,1286553,0,0,3.0,0.0,2.0,0.0,1.0,855.1173023548387,976.590909,662.6378299032258,664.6158358709678,857.6935486129032,2.13384,33.4924135483871,1.0,1.0,1.0,1.0,2,0:1.0500|1:0.9300|2:1.0300|3:0.9400|4:0.9500|5:1.1000|6:0.8200|,,5069642,1,198450,2978,31,21.414479763086092,22.509130843401152,2,463331
Dengeli,22,3038,2019,6,1424,1149,275,7272,95,20,0,0,265,5488910,4313353,1145646,337500,72900,129094,163260,0,9153,433739,294852,-400771,609297,86326,78267,2043438,4969089,123547,0,1256200,0,0,3.0,0.0,2.0,0.0,1.0,868.3787880666666,984.3181820000001,691.5742424333333,684.0030303,865.0727275,2.151183,32.93289146666667,1.0,1.0,1.0,1.0,2,0:1.0500|1:0.9300|2:1.0300|3:0.9400|4:0.9500|5:1.1000|6:0.8200|,,4415238,1,209475,3009,30,20.872012840436444,20.360302216382532,2,224264
Dengeli,22,3069,2019,7,1488,1223,265,7581,87,30,0,0,261,5806830,4499093,1287615,366750,79515,134451,170035,0,8147,528717,388927,-304629,607316,86240,94299,1861854,4511135,123547,0,1225847,0,0,3.0,0.0,2.0,0.0,1.0,874.545455,992.5,676.9912023548387,680.8533724193549,871.9853375806451,2.1681009999999996,33.209210322580645,1.0,1.0,1.0,1.0,2,0:1.0500|1:0.9300|2:1.0300|3:0.9400|4:0.9500|5:1.1000|6:0.8200|,,4392858,1,209475,3039,31,22.174146651443213,22.589363596333737,2,319242
Dengeli,22,3100,2019,8,1526,1192,334,7616,108,58,0,3,320,5662070,4390465,1220721,367350,79515,135537,171430,0,7454,459435,227361,-451130,605290,73201,73201,1993842,4063825,123547,0,1195494,0,0,3.0,0.0,2.0,0.0,1.0,874.545455,1000.909091,681.7287389677418,680.4486803548388,879.4340172903226,2.185722,33.70687148387097,1.0,1.0,1.0,1.0,2,0:1.0500|1:0.9300|2:1.0300|3:0.9400|4:0.9500|5:1.1000|6:0.8200|,,4477452,1,209475,3070,31,21.559623953783685,22.047649430898723,2,249960
Dengeli,22,3130,2019,9,1412,1123,289,6738,97,68,0,0,270,5795626,4498627,1257292,355500,76950,132245,145440,0,6153,541004,309509,-384450,603219,90740,90740,2120284,3640095,123547,0,1165141,0,0,3.0,0.0,2.0,0.0,1.0,891.9015151666666,1008.863636,694.7772726999999,691.3863636666666,886.7606062,2.203487,32.089133233333335,1.0,1.0,1.0,1.0,2,0:1.0500|1:0.9300|2:1.0300|3:0.9400|4:0.9500|5:1.1000|6:0.8200|,,4609920,1,209475,3101,30,21.693808399644837,22.10157053380841,2,331529
Dengeli,22,3161,2019,10,1450,1180,270,6780,84,76,0,0,250,5795783,4542946,1214552,367350,79515,137738,151466,0,8988,469495,237080,-434524,601101,70503,70503,2092036,3113582,123547,0,1134788,0,0,3.0,0.0,2.0,0.0,1.0,896.7155427419355,1016.1363640000001,705.7785923548388,702.3768329032257,892.8431083548387,2.220816,32.54747396774194,1.0,1.0,1.0,1.0,2,0:1.0500|1:0.9300|2:1.0300|3:0.9400|4:0.9500|5:1.1000|6:0.8200|,,4548718,1,209475,3131,31,20.95578802726051,21.29292303814189,2,260020
Dengeli,22,3191,2019,11,1333,1037,296,6635,75,74,0,0,276,5849981,4647993,1164007,355500,76950,134375,147780,0,5681,443721,241847,-426397,598935,69309,69309,1900806,2284403,123547,0,1104435,0,0,3.0,0.0,2.0,0.0,1.0,901.2045454,1024.545455,718.1212121666666,714.9924243666667,900.3515149,2.238867,32.78201936666667,1.0,1.0,1.0,1.0,2,0:1.0500|1:0.9300|2:1.0300|3:0.9400|4:0.9500|5:1.1000|6:0.8200|,,4799106,1,209475,3162,30,19.89762018030486,20.31540277596711,2,234246
Dengeli,22,3222,2019,12,1157,921,236,5240,113,60,0,0,223,5077504,4033799,1019286,367350,79515,139940,169291,0,7447,255743,178868,-494066,596721,76213,76213,1857736,1688773,135469,0,1071154,0,0,3.0,0.0,2.0,0.0,1.0,915.4472141612903,1032.954545,724.9486803870968,722.1070381612903,907.856304967742,2.256474,31.362886161290323,1.0,1.0,1.0,1.0,2,0:1.0500|1:0.9300|2:1.0300|3:0.9400|4:0.9500|5:1.1000|6:0.8200|,,4016078,1,229687,3192,31,20.074548439548252,20.809341142484488,2,26056
Dengeli,22,3253,2020,1,1387,1046,341,5965,100,102,0,0,312,5905667,4688317,1172232,400350,87172,141121,170655,0,7237,365697,179678,-1081279,1186597,74360,74360,2166716,716880,135469,0,1037873,0,0,3.0,0.0,2.0,0.0,1.0,921.0557188709677,1040.681818,728.9164222580646,727.2639296451613,914.583577935484,2.274814,30.658604806451613,1.0,1.0,1.0,1.0,2,0:1.0500|1:0.9300|2:1.0300|3:0.9400|4:0.9500|5:1.1000|6:0.8200|,,4724916,1,229687,3223,31,19.849273587555817,20.860767994408405,2,136010
Dengeli,22,3282,2020,2,1123,827,296,5013,86,50,0,0,279,5026706,3995480,993539,375550,81548,134076,162139,0,6315,233911,117304,58133,0,59171,59171,1898204,411538,135469,0,1004592,0,0,3.0,0.0,2.0,0.0,1.0,934.529781,1057.5,740.8949843793104,737.2053292413793,929.4122261034482,2.310313,30.624047103448273,1.0,1.0,1.0,1.0,2,0:1.0500|1:0.9300|2:1.0300|3:0.9400|4:0.9500|5:1.1000|6:0.8200|,,4128130,1,229687,3254,29,19.765210060027382,20.720024183016335,2,4224
Dengeli,22,3313,2020,3,1138,859,279,5098,76,20,0,0,268,4945265,3890181,1030282,401450,87172,145401,159867,0,48835,187557,300899,-373361,590244,84016,84016,1986124,117271,0,0,835842,0,0,3.0,0.0,2.0,0.0,1.0,943.3431088709677,1072.954545,741.8269794516129,740.587976483871,941.7375368064517,2.344024,32.10246916129032,1.0,1.0,1.0,1.0,2,0:1.0500|1:0.9300|2:1.0300|3:0.9400|4:0.9500|5:1.1000|6:0.8200|,,3858540,1,0,3283,31,20.833706585996907,21.361912492320815,2,187557
Dengeli,22,3343,2020,4,1557,1183,374,7333,114,101,0,2,360,6734778,5242366,1460570,388500,84360,142902,157110,0,6117,681581,616413,-651996,1174157,94252,94252,2761964,38636,135469,0,802561,0,0,3.0,0.0,2.0,0.0,1.0,958.6742423,1090.0,749.5363636,747.9151515666667,958.0787881,2.380603,31.960548233333334,1.0,1.0,1.0,1.0,none,0:1.0500|1:0.9300|2:1.0300|3:0.9400|4:0.9500|5:1.1000|6:0.8200|,,5256134,1,229687,3314,30,21.686980625048072,21.81532260616991,2|none,451894
Dengeli,22,3374,2020,5,1708,1328,380,7815,108,106,0,5,359,7252915,5645857,1577958,401450,87172,149899,164796,0,15060,759581,858276,154697,583343,120236,85694,2694038,153250,0,0,633811,0,0,3.0,0.0,2.0,0.0,1.0,973.6290318387098,1106.363636,760.5322580967742,758.0278592903226,971.8225806451613,2.416546,32.508852193548385,1.0,1.0,1.0,1.0,none,0:1.0500|1:0.9300|2:1.0300|3:0.9400|4:0.9500|5:1.1000|6:0.8200|,,5567644,1,0,3344,31,21.756190442049853,21.886854928668253,none,759581
Dengeli,22,3404,2020,6,1354,628,726,2933,19,1559,0,0,180,2247034,1729286,508350,388500,84360,147344,186270,0,243235,-541359,-565899,-667724,0,101825,125890,1930791,-260902,0,0,447511,0,0,3.0,0.0,2.0,0.0,1.0,987.9166667666667,1123.6363640000002,785.6121212333333,767.5924242,987.4696970666666,2.454257,20.17350233333333,1.0,1.0,1.0,1.0,none,0:1.0500|1:0.9300|2:1.0300|3:0.9400|4:0.9500|5:1.1000|6:0.8200|,,719658,1,0,3375,30,22.623155679887354,20.477895792106846,none,-541359
Dengeli,22,3435,2020,7,888,0,888,0,0,1945,0,0,0,3735,0,3735,440450,96255,154550,195393,0,5263,-888176,-913906,-914102,0,196,0,1930791,-1172390,0,0,261211,0,0,3.0,0.0,2.0,0.0,1.0,996.5175950322581,1140.681818,856.7976539032258,769.772727,1001.5483873225807,2.491312,5.032762903225806,0.9790322580645161,0.9790322580645161,1.0,0.9865207419354838,3,0:1.0500|1:0.9300|2:1.0300|3:0.9400|4:0.9500|5:1.1000|6:0.8200|,,0,1,0,3405,31,100.0,14.020820287122927,none|3,-888176
Dengeli,22,3466,2020,8,1025,349,676,2010,31,1285,0,0,99,1642961,1381587,240177,441750,96255,156939,198431,0,28277,-681475,-1037089,-1037238,0,149,15567,0,3404850,149557,0,224468,0,0,3.0,0.0,2.0,0.0,1.0,1017.3900293225806,1158.409091,865.7888560645162,803.8401757096774,1018.2756598387097,2.5301889999999996,10.27726593548387,0.95,0.95,1.0,0.9251728064516129,3,0:1.0500|1:0.9100|2:1.0300|3:0.9200|4:0.9300|5:1.1000|6:0.8200|,,2716508,1,253575,3436,31,14.618545418911344,14.90098869545701,3,-935050
Dengeli,22,3496,2020,9,1477,1136,341,6160,87,41,0,0,327,6150046,4933604,1164958,427500,93150,154248,169590,0,13499,306971,27686,26355,0,1331,1331,0,3439729,149557,0,187725,0,0,3.0,0.0,2.0,0.0,1.0,1032.9545456,1176.3636359999998,819.7924242666667,830.1681817666666,1032.9060605333334,2.569674,28.1574761,0.95,0.95,1.0,0.925,3,0:1.0500|1:0.8900|2:1.0300|3:0.9000|4:0.9100|5:1.1000|6:0.8200|,,4976564,1,253575,3467,30,18.942264822084258,20.636156957856887,3,53396
Dengeli,22,3527,2020,10,1576,1194,382,5875,117,42,0,0,364,5973492,4749489,1190232,441750,96255,161808,177909,0,8441,304069,153979,79865,0,74114,74114,972322,4521222,149557,0,150982,0,0,3.0,0.0,2.0,0.0,1.0,1053.8636363870967,1193.863636,845.6422287419356,838.5894428387097,1048.6290322903226,2.608471,25.874124774193547,0.95,0.95,1.0,0.925,3,0:1.0500|1:0.8900|2:1.0300|3:0.9000|4:0.9100|5:1.1000|6:0.8200|,,4753954,1,253575,3497,31,19.92522966465846,19.757907992631306,3,50494
Dengeli,22,3557,2020,11,1464,1128,336,5727,93,42,0,0,320,5888935,4791008,1051942,427500,93150,159020,174840,0,7688,189744,-55107,-131845,0,76738,76738,2412110,5719814,149557,0,114239,0,0,3.0,0.0,2.0,0.0,1.0,1059.5303027666666,1212.5,861.1227271666667,856.1272728,1064.9757575333333,2.649177,27.292730566666666,0.95,0.95,1.0,0.925,3,0:1.0500|1:0.8900|2:1.0300|3:0.9000|4:0.9100|5:1.1000|6:0.8200|,,4946344,1,253575,3528,30,17.86302616687058,18.725993497487913,3,-63831
Dengeli,22,3588,2020,12,1572,1167,405,5797,150,56,0,0,362,6606594,5307905,1255860,441750,96255,166802,201748,0,17775,331530,126281,52852,0,73429,73429,2245570,5666544,172316,0,71905,0,0,3.0,0.0,2.0,0.0,1.0,1086.092375064516,1230.909091,869.5,866.6554252903226,1081.3475070967743,2.689175,26.070643032258065,0.95,0.95,1.0,0.925,3,0:1.0500|1:0.9050|2:1.0300|3:0.9150|4:0.9250|5:1.1000|6:0.8200|,,5290316,1,292162,3558,31,19.0091899093542,19.94235297450183,3,39368
Dengeli,22,3619,2021,1,1513,1149,364,6621,108,100,0,0,341,7577997,6051068,1478129,504750,110887,169445,204879,0,9132,479036,238139,128121,0,110018,97860,2587818,6128525,172316,0,29571,0,0,3.0,0.0,2.0,0.0,1.0,1093.4604106774193,1250.227273,864.3460410322581,865.4853372580645,1098.5278590967741,2.731141,28.489297387096777,0.95,0.95,1.0,0.925,3,0:1.0500|1:0.9050|2:1.0300|3:0.9150|4:0.9250|5:1.1000|6:0.8200|,,6120414,1,292162,3589,31,19.505536885274566,20.953147220320535,3,186874
Dengeli,22,3647,2021,2,1427,1084,343,5278,105,87,0,0,311,6086524,4738787,1312005,457800,100156,156494,189224,0,11739,396592,157837,-162370,236056,84151,73138,2526222,5845347,172316,0,0,0,0,3.0,0.0,2.0,0.0,1.0,1134.1558443571428,1278.1818179999998,885.6850649642857,878.745129857143,1121.8133117857144,2.792682,26.957511642857146,0.95,0.95,1.0,0.925,3,0:1.0500|1:0.9100|2:1.0300|3:0.9200|4:0.9300|5:1.1000|6:0.8200|,,4824234,1,292162,3620,28,21.55589955777715,21.90799268275994,3,104430
Dengeli,22,3653,2021,3,317,231,86,1078,15,6,0,0,86,1201150,926795,264730,98100,21462,34194,37614,0,3243,70117,64417,64417,0,0,23171,2410578,5740831,0,0,0,0,0,3.0,0.0,2.0,0.0,1.0,1156.5151516666667,1304.318182,910.8560606666666,890.9318181666667,1146.1060603333333,2.849458,28.338187166666668,0.9499999999999998,0.9499999999999998,1.0,0.9250000000000002,3,0:1.0500|1:0.9100|2:1.0300|3:0.9200|4:0.9300|5:1.1000|6:0.8200|,,966538,1,0,3648,6,22.03971194272156,21.241320586762576,3,70117
Dengeli,23,25,2011,3,1333,1190,143,5601,233,60,0,0,107,2427015,1802550,614588,171250,38525,50012,55000,0,5000,294801,173526,121868,0,51658,51658,557222,178624,71527,0,12127,0,0,3.0,1.0,2.0,0.0,0.0,450.49090920000003,457.7272730000001,329.16363636,335.00727268,446.881818,1.0,26.97425184,1.0,1.0,1.0,1.0,none,0:1.0000|1:0.9300|2:1.0300|3:0.9400|4:0.9500|5:1.1000|6:0.8200|,,2070684,1,121275,1,25,25.322793637451767,26.932235559527253,none,173526
Dengeli,23,55,2011,4,1666,1533,133,6799,190,89,0,3,112,2845160,2058936,759712,205500,46230,60374,66390,0,10289,370929,249654,168249,0,81405,86644,981080,775393,71527,0,24254,0,0,3.0,1.0,2.0,0.0,0.0,444.0984846666667,459.09090899999995,318.3924242,321.56060603333333,443.76060606666664,1.00592,28.42692783333333,1.0,1.0,1.0,1.0,none,0:1.0000|1:0.9200|2:1.0300|3:0.9300|4:0.9500|5:1.1000|6:0.8200|,,2079432,1,121275,26,30,26.70190780131873,28.30589718427427,none,249654
Dengeli,23,86,2011,5,1699,1561,138,7356,206,74,0,0,109,2991425,2146348,824367,212350,47771,62821,69099,0,4771,427555,306280,196166,0,110114,114885,993038,993697,71527,0,36381,0,0,3.0,1.0,2.0,0.0,0.0,449.816715516129,464.31818200000004,323.89442822580645,322.21847519354844,449.0747799677419,1.01307,29.77106748387097,1.0,1.0,1.0,1.0,none,0:1.0000|1:0.9200|2:1.0300|3:0.9300|4:0.9500|5:1.1000|6:0.8200|,,2154684,1,121275,56,31,27.557669003902824,27.994132487014568,none,306280
Dengeli,23,116,2011,6,1801,1654,147,9034,170,83,0,6,116,3211130,2465857,727082,205500,46230,61245,77460,0,5100,331547,229639,153916,0,75723,75723,1190924,1339321,78030,0,49611,0,0,3.0,1.0,2.0,0.0,0.0,428.63636356666666,466.818182,330.4681818333333,328.66363643333335,417.67575746666665,1.020512,35.601018100000005,1.0,1.0,1.0,1.0,none,0:1.0000|1:0.9050|2:1.0300|3:0.9150|4:0.9500|5:1.1000|6:0.8200|,,2488610,1,132300,87,30,22.642558849999844,22.902439008319245,none,199247
Dengeli,23,147,2011,7,2116,1911,205,10836,129,81,0,22,168,3643145,2853340,768744,224350,50561,63751,80600,0,5150,344332,273039,182290,0,90749,68267,1173754,1542470,78030,0,62841,0,0,3.0,1.0,2.0,0.0,0.0,417.5,470.227273,327.0469209032258,327.9970673870968,412.9266859032258,1.027766,38.71572248387096,1.0,1.0,1.0,1.0,none,0:1.0500|1:0.8950|2:1.0300|3:0.9050|4:0.9500|5:1.1000|6:0.8200|,,2856636,1,132300,117,31,21.10110906922453,21.66540816689203,none,212032
Dengeli,23,178,2011,8,2004,1811,193,10252,127,92,0,20,155,3484820,2712764,752617,224750,50561,64216,81189,0,0,331901,296844,224430,0,72414,94896,1214482,1767163,78030,0,76071,0,0,3.0,1.0,2.0,0.0,0.0,417.954545,474.090909,324.82991193548384,326.016129,417.05278574193545,1.035317,38.96711248387097,1.0,1.0,1.0,1.0,none,0:1.0500|1:0.8950|2:1.0300|3:0.9050|4:0.9500|5:1.1000|6:0.8200|,,2748198,1,132300,148,31,21.597012184273506,22.28104328055965,none,199601
Dengeli,23,208,2011,9,1910,1734,176,9783,183,122,0,11,137,3720285,2907646,788556,217500,48930,62595,68820,0,9806,380905,367868,288803,0,79065,83671,1372152,2217564,78030,0,89301,0,0,3.0,1.0,2.0,0.0,0.0,422.68181853333334,477.272727,332.65303036666666,330.98484836666665,419.5272731333333,1.042922,37.655051,1.0,1.0,1.0,1.0,none,0:1.0500|1:0.9050|2:1.0300|3:0.9150|4:0.9500|5:1.1000|6:0.8200|,,2924684,1,132300,179,30,21.19611803934376,21.2994229274063,none,248605
Dengeli,23,239,2011,10,2010,1812,198,10482,193,131,0,18,146,3990490,3102080,864645,224750,50561,65146,71641,0,5250,447297,314997,200795,0,114202,114202,1423444,2449604,78030,0,102531,0,0,3.0,1.0,2.0,0.0,0.0,426.51026412903224,481.136364,330.369501516129,330.9780058064516,422.83431054838707,1.050335,38.846043838709676,1.0,1.0,1.0,1.0,none,0:1.0500|1:0.9050|2:1.0300|3:0.9150|4:0.9500|5:1.1000|6:0.8200|,,3145796,1,132300,209,31,21.66763981365697,22.541254149939462,none,314997
Dengeli,23,269,2011,11,1907,1724,183,9718,182,157,0,16,129,3866810,2990111,861243,217500,48930,63495,69840,0,6234,455244,322944,225783,0,97161,103395,1392386,2691575,78030,0,115761,0,0,3.0,1.0,2.0,0.0,0.0,427.18181799999996,484.545455,328.9303029,329.37727276666664,427.0818183,1.058051,39.21858493333333,1.0,1.0,1.0,1.0,none,0:1.0500|1:0.9050|2:1.0300|3:0.9150|4:0.9500|5:1.1000|6:0.8200|,,2956530,1,132300,240,30,22.272700236111937,22.999929060651162,none,322944
Dengeli,23,300,2011,12,1967,1759,208,9865,248,159,0,15,147,4175180,3170601,984028,224750,50561,66077,79949,0,12998,549693,411881,302099,0,109782,117430,1324484,2976778,81281,0,129542,0,0,3.0,1.0,2.0,0.0,0.0,431.18768287096776,487.5,325.1026392903226,326.34164225806455,428.5087976451613,1.065572,37.62746812903226,1.0,1.0,1.0,1.0,none,0:1.0500|1:0.9200|2:1.0300|3:0.9300|4:0.9500|5:1.1000|6:0.8200|,,3140394,1,137812,270,31,23.568516806461037,24.602985612738603,none,411881
Dengeli,23,331,2012,1,1933,1711,222,9608,249,169,0,9,158,4193130,3229866,941660,232250,52297,66569,80538,0,0,510006,58428,-61376,0,119804,119804,1367002,11240417,81281,0,143323,0,0,3.0,1.0,2.0,0.0,0.0,437.49266887096775,491.81818200000004,337.1114369032258,334.9838709032258,432.08357758064517,1.0734,38.431234290322585,1.0,1.0,1.0,1.0,none,0:1.0500|1:0.9250|2:1.0300|3:0.9350|4:0.9500|5:1.1000|6:0.8200|,,3329352,1,137812,301,31,22.45720976931314,22.94466607332978,none,372194
Dengeli,23,360,2012,2,1659,1498,161,8354,185,154,0,10,118,3687240,2722010,950773,228300,48923,62623,75777,0,3150,532000,-166945,-257463,0,90518,90518,1148996,10449483,81281,0,157104,0,0,3.8275862068965516,1.0,2.0,0.0,0.8275862068965517,454.4984326206897,494.3181819999999,329.40282124137934,331.54075234482764,459.6896552068966,1.079586,37.66000889655172,1.0,1.0,1.0,1.0,none,0:1.0500|1:0.9300|2:1.0300|3:0.9400|4:0.9500|5:1.1000|6:0.8200|,,2739076,3,137812,332,29,25.78549267202569,27.523881800426643,none,394188
Dengeli,23,391,2012,3,1614,1477,137,7930,202,81,0,0,114,3265400,2316127,930909,196450,41057,67313,74028,0,0,552061,274076,-86111,217847,142340,142340,964366,10018332,81281,0,170885,0,0,3.3548387096774195,0.3548387096774194,2.0,0.0,1.0,472.82258096774194,496.590909,333.7111437096774,332.58797651612906,474.24486806451614,1.085405,34.108157,1.0,1.0,1.0,1.0,none,0:1.0500|1:0.9300|2:1.0300|3:0.9400|4:0.9500|5:1.1000|6:0.8200|,,2320022,3,137812,361,31,28.50826851228027,29.421487648356486,none,414249
Dengeli,23,421,2012,4,1492,1346,146,6801,133,102,0,0,118,2956472,2067548,871269,163500,33750,65502,72060,0,528,535929,677404,401081,107078,169245,169245,908836,10256838,81281,0,184666,0,0,3.0,0.0,2.0,0.0,1.0,474.21969713333334,499.318182,330.75454556666665,331.7015151,479.25757580000004,1.09166,30.471431833333334,1.0,1.0,1.0,1.0,none,0:1.0500|1:0.9300|2:1.0300|3:0.9400|4:0.9500|5:1.1000|6:0.8200|,,2096580,3,137812,392,30,29.469888434593663,30.252887518995124,none,398117
Dengeli,23,452,2012,5,1580,1408,172,7620,163,108,0,0,138,3209370,2159469,1035186,212950,44775,68058,74865,0,22478,612060,434906,96455,105826,232625,232625,928940,10231001,81281,0,198447,0,0,3.3548387096774195,0.0,2.0,0.3548387096774194,1.0,487.54398838709676,502.045455,324.85190619354836,326.8900293225807,483.73900296774195,1.097747,28.51291780645161,1.0,1.0,1.0,1.0,none,0:1.0500|1:0.9300|2:1.0300|3:0.9400|4:0.9500|5:1.1000|6:0.8200|,,2156022,3,137812,422,31,32.255115489955976,33.369723772365596,none,474248
Dengeli,23,482,2012,6,1504,1357,147,7001,142,61,0,0,121,2830530,1910990,909102,283500,60750,66252,83790,0,0,414810,-478537,-733673,104559,150577,150577,941142,9013861,84532,0,212779,0,0,4.0,0.0,2.0,1.0,1.0,490.3181817,505.227273,332.56666673333336,330.35151510000003,484.6712122,1.104074,28.3524281,1.0,1.0,1.0,1.0,none,0:1.0500|1:0.9300|2:1.0300|3:0.9400|4:0.9500|5:1.1000|6:0.8200|,,1921442,5,143325,453,30,32.11773060168944,32.173294985660256,none,271485
Dengeli,23,513,2012,7,1620,1467,153,7805,160,79,0,0,131,3067623,2048474,993267,298950,64170,68833,87079,0,590,473645,701196,271947,103275,325974,325974,899276,9104621,84532,0,227111,0,0,4.0,0.0,2.0,1.0,1.0,492.9912023870968,508.18181799999996,326.7375366129032,328.6085043548387,488.6832845806452,1.11023,29.97013187096774,1.0,1.0,1.0,1.0,none,0:1.0500|1:0.9300|2:1.0300|3:0.9400|4:0.9500|5:1.1000|6:0.8200|,,2073930,6,143325,483,31,32.37904396987505,33.72345489517502,none,330320
Dengeli,23,544,2012,8,1529,1376,153,6775,92,41,0,3,137,2740340,1797410,929194,299150,64170,69236,87575,0,326,408737,1013159,637180,101974,274005,274005,743502,9483856,84532,0,241443,0,0,4.0,0.0,2.0,1.0,1.0,493.3870965483871,510.909091,323.6994133548388,325.0161292258065,494.40175951612906,1.116629,27.365684580645162,1.0,1.0,1.0,1.0,none,0:1.0500|1:0.9300|2:1.0300|3:0.9400|4:0.9500|5:1.1000|6:0.8200|,,1803742,6,143325,514,31,33.907982221184234,34.39240393205273,none,265412
Dengeli,23,574,2012,9,1429,1297,132,6273,134,84,0,0,105,2922345,1922121,984989,289500,62100,67393,74130,0,734,491132,205689,-305903,100657,410935,331484,836322,8802429,84532,0,255775,0,0,4.0,0.0,2.0,1.0,1.0,500.4015153666667,514.090909,331.272727,329.08484853333334,498.7242424,1.123064,27.317644066666666,1.0,1.0,1.0,1.0,none,0:1.0500|1:0.9300|2:1.0300|3:0.9400|4:0.9500|5:1.1000|6:0.8200|,,1946462,7,143325,545,30,33.70543176798085,33.79861634566363,none,347807
Dengeli,23,605,2012,10,1513,1363,150,6530,148,84,0,0,124,2880920,1925778,936640,299150,64170,70042,77035,0,683,425560,173857,-209874,0,383731,463182,881102,8666572,84532,0,270107,1256864,0,4.0,0.0,2.0,1.0,1.0,492.36803522580647,516.818182,328.51906167741936,329.44281519354837,493.73900306451617,1.129326,28.359766387096773,1.0,1.0,1.0,1.0,none,0:1.0500|1:0.9200|2:1.0300|3:0.9300|4:0.9400|5:1.1000|6:0.8200|,Mehmet Yılmaz:4:40544,1949922,7,143325,575,31,32.511836496674675,33.27774384729175,none,282235
Dengeli,23,635,2012,11,1486,1334,152,6752,132,81,0,0,127,2977760,2039073,919883,289500,62100,68172,74970,0,645,424496,613583,81025,124185,408373,408373,860972,8557899,84532,0,284439,1216320,0,4.0,0.0,2.0,1.0,1.0,491.96212116666663,520.227273,339.0090908,336.26969693333336,494.8257574666667,1.135835,29.721832533333334,1.0,1.0,1.0,1.0,none,0:1.0500|1:0.9100|2:1.0300|3:0.9200|4:0.9300|5:1.1000|6:0.8200|,Mehmet Yılmaz:4:40544,2068360,7,143325,606,30,30.891777712105743,31.090407937087758,none,281171
Dengeli,23,666,2012,12,1507,1316,191,6061,217,106,0,0,144,3129671,2083582,1026341,299150,64170,70818,85684,0,490,506029,1201842,537312,122438,542092,542092,988062,9171329,87784,0,299323,1258660,0,4.0,0.0,2.0,1.0,1.0,500.60850445161293,522.727273,329.909091,332.558651,502.3357771935484,1.142168,25.98891287096774,1.0,1.0,1.0,1.0,none,0:1.0500|1:0.9300|2:1.0300|3:0.9400|4:0.9500|5:1.1000|6:0.8200|,Mehmet Yılmaz:4:40544,2082690,7,148837,636,31,32.793894310296515,34.09838465261473,none,357192
Dengeli,23,697,2013,1,1449,1318,131,6045,166,88,0,0,107,3137780,2048641,1073903,305150,65565,71252,86180,0,335,545421,1214658,554897,120663,539098,539098,833738,9406265,87784,0,314207,1312540,0,4.0,0.0,2.0,1.0,1.0,507.33137848387094,525.454545,329.272727,330.4017596451613,508.3460410322581,1.148751,25.947835258064515,1.0,1.0,1.0,1.0,none,0:1.0500|1:0.9300|2:1.0300|3:0.9400|4:0.9500|5:1.1000|6:0.8200|,Mehmet Yılmaz:4:42340,2072818,7,148837,667,31,34.22492972738688,35.09710990398198,none,396584
Dengeli,23,725,2013,2,1297,1127,170,5113,152,86,0,0,138,2636430,1739154,875108,275800,59220,64749,78316,0,679,396344,758661,196364,118861,443436,443436,873220,9514878,87784,0,329091,1185520,0,4.0,0.0,2.0,1.0,1.0,514.4967530357143,528.863636,341.4545454285714,337.72564942857144,509.8100649285715,1.155828,25.223992035714286,1.0,1.0,1.0,1.0,none,0:1.0500|1:0.9300|2:1.0300|3:0.9400|4:0.9500|5:1.1000|6:0.8200|,Mehmet Yılmaz:4:42340,1806658,7,148837,698,28,33.19291617831689,33.63329439615161,none,247507
Dengeli,23,756,2013,3,1462,1282,180,6165,150,62,0,0,144,3057705,2032128,1010704,305350,65565,72089,79267,0,359,488074,925124,245922,117029,562173,452090,849520,9758217,87784,0,343975,1312540,0,4.0,0.0,2.0,1.0,1.0,509.25953077419354,531.818182,339.5,339.2331378387097,510.2756598064516,1.162259,27.137746838709674,1.0,1.0,1.0,1.0,none,0:1.0500|1:0.9250|2:1.0300|3:0.9350|4:0.9450|5:1.1000|6:0.8200|,Mehmet Yılmaz:4:42340,2025762,7,148837,726,31,33.05433323358532,33.334580997653475,none,339237
Dengeli,23,786,2013,4,1310,1177,133,5513,178,55,0,0,98,2801510,1801235,988396,295500,63450,70184,77190,0,367,481705,740134,246942,0,493192,603275,876952,10071111,87784,0,358859,1270200,0,4.0,0.0,2.0,1.0,1.0,524.4015150666667,535.454545,336.863636,337.9878787,520.0500000666666,1.16942,23.673848200000002,1.0,1.0,1.0,1.0,none,0:1.0500|1:0.9300|2:1.0300|3:0.9400|4:0.9500|5:1.1000|6:0.8200|,Mehmet Yılmaz:4:42340,1812884,7,148837,757,30,35.28083069487526,35.76226873464032,none,332868
Dengeli,23,817,2013,5,1442,1281,161,6198,140,63,0,0,129,3032825,1994708,1019396,305350,65565,72957,80228,0,355,494941,798361,252402,95833,450126,450126,931880,10252395,87784,0,373743,1312540,0,4.0,0.0,2.0,1.0,1.0,521.7228738709678,538.409091,345.136364,342.43255141935487,522.8005865806451,1.176391,25.177266258064517,1.0,1.0,1.0,1.0,none,0:1.0500|1:0.9200|2:1.0300|3:0.9300|4:0.9400|5:1.1000|6:0.8200|,Mehmet Yılmaz:4:42340,1998386,7,148837,787,31,33.61209433449012,33.84680233794791,none,346104
Dengeli,23,847,2013,6,1463,1303,160,6403,131,54,0,0,137,2821655,1845285,959950,295500,63450,71024,89850,0,1171,438955,813306,161600,94379,557327,455056,839850,10323478,92660,0,389453,1272097,0,4.0,0.0,2.0,1.0,1.0,517.3560604333334,542.045455,337.727273,340.0469697,520.8666666333334,1.183639,27.173355366666666,1.0,1.0,1.0,1.0,none,0:1.0500|1:0.9200|2:1.0300|3:0.9300|4:0.9400|5:1.1000|6:0.8200|,Mehmet Yılmaz:4:42340,1870962,7,157106,818,30,34.02081402581109,34.72053411008227,none,281849
Dengeli,23,878,2013,7,1575,1410,165,7417,90,69,0,0,143,3005104,1944895,1044496,314350,67642,73826,93372,0,879,494427,726673,188055,92907,445711,547982,849684,10301034,92660,0,405163,1371347,0,4.0,0.0,2.0,1.0,1.0,526.5615836774193,545.0,341.5,340.3621700967742,522.8592374193548,1.190696,27.375165193548387,1.0,1.0,1.0,1.0,none,0:1.0500|1:0.9250|2:1.0300|3:0.9350|4:0.9450|5:1.1000|6:0.8200|,Mehmet Yılmaz:4:44237,1946760,7,157106,848,31,34.75739941113519,35.14528773348404,none,337321
Dengeli,23,909,2013,8,1447,1287,160,6074,130,38,0,0,143,2712335,1755858,940602,314650,67642,74291,93961,0,438,389620,543186,33669,91415,418102,418102,843836,10199762,92660,0,420873,1371347,0,4.0,0.0,2.0,1.0,1.0,526.0557185806451,549.090909,345.07771290322586,343.11876835483866,528.5249267419355,1.198032,26.21767393548387,1.0,1.0,1.0,1.0,none,0:1.0500|1:0.9300|2:1.0300|3:0.9400|4:0.9500|5:1.1000|6:0.8200|,Mehmet Yılmaz:4:44237,1800160,7,157106,879,31,34.67868091515244,34.40282070608745,none,232514
Dengeli,23,939,2013,9,1355,1203,152,5820,143,66,0,0,127,2775615,1783504,974242,304500,65460,72344,79560,0,409,451969,965765,273463,89905,602397,602397,862958,10364846,92660,0,436583,1327110,0,4.0,0.0,2.0,1.0,1.0,534.7954542666668,551.590909,344.454545,343.76060616666666,535.760606,1.205414,25.3302497,1.0,1.0,1.0,1.0,none,0:1.0500|1:0.9300|2:1.0300|3:0.9400|4:0.9500|5:1.1000|6:0.8200|,Mehmet Yılmaz:4:44237,1804252,7,157106,910,30,35.10004089183838,35.59134763545624,none,294863
Dengeli,23,970,2013,10,1432,1279,153,6345,133,64,0,0,128,3158905,2066486,1077640,314650,67642,75190,82708,0,761,536689,543436,67223,0,476213,476213,928842,10600738,92660,0,452293,1371347,0,4.0,0.0,2.0,1.0,1.0,538.9222873225807,555.227273,355.363636,351.7903225806452,540.0337244516129,1.2126,25.79778758064516,1.0,1.0,1.0,1.0,none,0:1.0500|1:0.9300|2:1.0300|3:0.9400|4:0.9500|5:1.1000|6:0.8200|,Mehmet Yılmaz:4:44237,2105142,7,157106,940,31,34.1143529165961,34.06031920381661,none,379583
Dengeli,23,1000,2013,11,1340,1178,162,5595,184,37,0,0,133,2884711,1873415,991826,304500,65460,73215,80520,0,283,467848,854260,303197,90142,460921,460921,859364,10759674,92660,0,468003,1327110,0,4.0,0.0,2.0,1.0,1.0,546.9090909333333,558.409091,355.5,354.4393940333333,542.9984849,1.220071,24.739422966666666,1.0,1.0,1.0,1.0,none,0:1.0500|1:0.9300|2:1.0300|3:0.9400|4:0.9500|5:1.1000|6:0.8200|,Mehmet Yılmaz:4:44237,1869616,7,157106,971,30,34.38216167928087,34.99833776883873,none,310742
Dengeli,23,1031,2013,12,1360,1208,152,5561,188,69,0,0,126,3146650,2130443,1006366,314650,67642,76120,92070,0,0,455884,884263,198999,88775,596489,596489,968994,10950103,95911,0,484264,1373415,0,4.0,0.0,2.0,1.0,1.0,534.3108504838709,562.045455,362.727273,359.9618768709677,538.516129,1.227345,26.01927677419355,1.0,1.0,1.0,1.0,none,0:1.0500|1:0.9200|2:1.0300|3:0.9300|4:0.9400|5:1.1000|6:0.8200|,Mehmet Yılmaz:4:44237,2153328,7,162619,1001,31,31.98213973590962,32.113062523152045,none,293265
Dengeli,23,1062,2014,1,1392,1212,180,5684,190,91,0,0,137,3210900,2144571,1050674,320650,69037,76586,92628,0,0,491773,847285,276560,87390,483335,483335,905872,10975115,95911,0,500525,1435455,0,4.0,0.0,2.0,1.0,1.0,544.5014661612904,565.227273,362.954545,361.79765383870966,545.9398826774194,1.234907,25.341462258064517,1.0,1.0,1.0,1.0,none,0:1.0500|1:0.9300|2:1.0300|3:0.9400|4:0.9500|5:1.1000|6:0.8200|,Mehmet Yılmaz:4:46305,2198444,7,162619,1032,31,32.72210283721075,33.34186084771959,none,329154
Dengeli,23,1090,2014,2,1273,1105,168,5303,174,84,0,0,125,2928280,1913178,1001083,289800,62356,69623,84224,0,0,495080,964637,365158,85987,513492,513492,929270,11283474,95911,0,516786,1296540,0,4.0,0.0,2.0,1.0,1.0,554.77272725,569.545455,359.454545,360.4415585714286,553.0064935,1.243005,23.981706250000002,1.0,1.0,1.0,1.0,none,0:1.0500|1:0.9300|2:1.0300|3:0.9400|4:0.9500|5:1.1000|6:0.8200|,Mehmet Yılmaz:4:46305,1891826,7,162619,1063,28,34.18672394716352,35.20688250451482,none,332461
Dengeli,23,1121,2014,3,1369,1205,164,5863,151,64,0,0,140,2969080,1917580,1033159,320850,69037,77547,85281,0,0,480444,889476,193981,84566,610929,610929,854020,11331886,95911,0,533047,1435455,0,4.0,0.0,2.0,1.0,1.0,557.947213967742,572.954545,359.18181799999996,359.875366516129,554.026393,1.250366,25.281727322580647,1.0,1.0,1.0,1.0,none,0:1.0500|1:0.9300|2:1.0300|3:0.9400|4:0.9500|5:1.1000|6:0.8200|,Mehmet Yılmaz:4:46305,1947998,7,162619,1091,31,34.79727727107387,35.62440872394673,none,317825
Dengeli,23,1151,2014,4,1336,1149,187,5406,138,74,0,0,162,2969060,1917915,1032666,310500,66810,75526,83070,0,0,496760,814275,280034,0,534241,534241,963572,11814246,95911,0,549308,1389150,0,4.0,0.0,2.0,1.0,1.0,561.2045453666667,575.454545,362.954545,361.53484843333337,557.3393939333333,1.258565,22.738513533333332,1.0,1.0,1.0,1.0,none,0:1.0500|1:0.9300|2:1.0300|3:0.9400|4:0.9500|5:1.1000|6:0.8200|,Mehmet Yılmaz:4:46305,1967952,7,162619,1122,30,34.78090708843877,35.325800905111834,none,334141
Dengeli,23,1182,2014,5,1436,1268,168,5922,161,42,0,0,145,3139245,2035634,1088474,320850,69037,78540,86366,0,0,533681,1030335,428598,90260,511477,511477,903784,12102012,95911,0,565569,1435455,0,4.0,0.0,2.0,1.0,1.0,563.0131964193548,579.772727,367.409091,365.095308,562.173020483871,1.266552,24.25193670967742,1.0,1.0,1.0,1.0,none,0:1.0500|1:0.9200|2:1.0300|3:0.9300|4:0.9400|5:1.1000|6:0.8200|,Mehmet Yılmaz:4:46305,2031154,7,162619,1152,31,34.67311407679235,34.74236601617079,none,371062
Dengeli,23,1212,2014,6,1434,1276,158,5868,120,30,0,0,140,2718205,1784481,923240,310500,66810,76516,96750,0,0,372664,281385,-346448,88919,538914,538914,913524,11622979,100789,0,582658,1391339,0,4.0,0.0,2.0,1.0,1.0,564.2727271,582.954545,374.90909100000005,371.540909,562.4287879333333,1.274857,25.33004813333333,1.0,1.0,1.0,1.0,none,0:1.0500|1:0.9250|2:1.0300|3:0.9350|4:0.9450|5:1.1000|6:0.8200|,Mehmet Yılmaz:4:46305,1834758,7,170887,1183,30,33.96506150198385,33.55888509324341,none,201777
Dengeli,23,1243,2014,7,1415,1265,150,6224,118,21,0,0,135,2874300,1851932,999664,329850,71145,79563,100626,0,687,417793,540443,-9881,87561,462763,462763,785874,11400398,100789,0,599747,1503314,0,4.0,0.0,2.0,1.0,1.0,572.8739002903226,587.954545,368.68181799999996,370.480938483871,571.2536658064516,1.282947,24.838630516129033,1.0,1.0,1.0,1.0,none,0:1.0500|1:0.9300|2:1.0300|3:0.9400|4:0.9500|5:1.1000|6:0.8200|,Mehmet Yılmaz:4:48494,1851824,7,170887,1213,31,34.77938976446439,35.64346048700099,none,246906
Dengeli,23,1274,2014,8,1349,1177,172,5937,129,38,0,0,155,2955962,1911635,1026934,330150,71145,80090,101277,0,1032,443240,404374,-209727,86184,527917,422554,796932,11179891,100789,0,616836,1503314,0,4.0,0.0,2.0,1.0,1.0,578.7683281935484,590.681818,381.045455,377.2668622580645,576.2272726451613,1.291361,22.882621741935484,1.0,1.0,1.0,1.0,none,0:1.0500|1:0.9300|2:1.0300|3:0.9400|4:0.9500|5:1.1000|6:0.8200|,Mehmet Yılmaz:4:48494,1966404,7,170887,1244,31,34.74110966243815,34.162697501205884,none,272353
Dengeli,23,1304,2014,9,1299,1129,170,5225,145,49,0,0,149,2872300,1890567,965748,319500,68850,78016,85800,0,0,413582,809347,251984,84788,472575,577938,869926,11307710,100789,0,633925,1454820,0,4.0,0.0,2.0,1.0,1.0,576.9848485333333,594.3181820000001,379.59090899999995,379.2696971666667,574.7499999333334,1.299829,22.95686476666667,1.0,1.0,1.0,1.0,none,0:1.0500|1:0.9300|2:1.0300|3:0.9400|4:0.9500|5:1.1000|6:0.8200|,Mehmet Yılmaz:4:48494,1876964,7,170887,1275,30,33.622810987710196,34.21128648960175,none,242695
Dengeli,23,1335,2014,10,1307,1154,153,5371,165,40,0,0,128,2890580,1857336,1015173,330150,71145,81113,89218,0,0,443547,644704,170432,0,474272,474272,819072,11536174,100789,0,651014,1503314,0,4.0,0.0,2.0,1.0,1.0,589.4281523870968,599.318182,377.590909,378.4457478387097,584.1070382258065,1.308077,23.448864483870967,1.0,1.0,1.0,1.0,none,0:1.0500|1:0.9300|2:1.0300|3:0.9400|4:0.9500|5:1.1000|6:0.8200|,Mehmet Yılmaz:4:48494,1889046,7,170887,1305,31,35.12004511205364,35.93945123407956,none,272660
Dengeli,23,1365,2014,11,1358,1181,177,5536,178,66,0,0,151,2993815,1955272,1024926,319500,68850,79007,86910,0,0,470659,1004299,286228,85040,633031,508353,794764,11826193,100789,0,668103,1454820,0,4.0,0.0,2.0,1.0,1.0,579.5833332666666,602.272727,377.454545,378.06363616666664,577.2303030333334,1.316655,25.080161133333334,1.0,1.0,1.0,1.0,none,0:1.0500|1:0.9250|2:1.0300|3:0.9350|4:0.9450|5:1.1000|6:0.8200|,Mehmet Yılmaz:4:48494,1988376,7,170887,1336,30,34.234780706222665,34.87484485232205,none,299772
Dengeli,23,1396,2014,12,1398,1229,169,5711,199,75,0,0,144,3382825,2219845,1149730,330150,71145,82167,99417,0,0,566851,1119434,467479,83777,568178,692856,963342,12240658,105665,0,686018,1505695,0,4.0,0.0,2.0,1.0,1.0,585.6598239677419,606.818182,385.727273,382.9648094193548,588.2580646129032,1.32501,24.014605903225807,1.0,1.0,1.0,1.0,none,0:1.0500|1:0.9300|2:1.0300|3:0.9400|4:0.9500|5:1.1000|6:0.8200|,Mehmet Yılmaz:4:48494,2233458,7,179156,1366,31,33.987273950026974,34.1380000446734,none,387695
Dengeli,23,1427,2015,1,1315,1133,182,5380,172,58,0,0,155,3276940,2139072,1121704,231150,48922,82696,100068,0,0,658868,1261109,634150,82497,544462,544462,938056,12773377,105665,0,703933,1577125,0,3.129032258064516,0.0,2.0,0.12903225806451613,1.0,591.3709677419355,610.227273,384.53372406451615,384.3944282580645,590.9164223225807,1.3337,22.38041677419355,1.0,1.0,1.0,1.0,none,0:1.0500|1:0.9300|2:1.0300|3:0.9400|4:0.9500|5:1.1000|6:0.8200|,Mehmet Yılmaz:4:50875,2148132,7,179156,1397,31,34.23022698004846,34.975887380335465,none,479712
Dengeli,23,1455,2015,2,1202,1019,183,4592,184,75,0,0,152,2773765,1800665,955835,194600,40936,75225,91000,0,0,554074,920943,275897,81200,563846,563846,915132,12916472,105665,0,721848,1424500,0,3.0,0.0,2.0,0.0,1.0,591.8993507142857,614.5454550000001,382.681818,383.5129870357143,593.4740259285715,1.342972,22.281201250000002,1.0,1.0,1.0,1.0,none,0:1.0500|1:0.9300|2:1.0300|3:0.9400|4:0.9500|5:1.1000|6:0.8200|,Mehmet Yılmaz:4:50875,1824642,7,179156,1428,28,34.459840685854786,35.346808956929664,none,374918
Dengeli,23,1486,2015,3,1333,1142,191,5458,133,42,0,0,165,2990070,1991948,983387,215450,45322,83812,92163,0,0,546640,652396,-13461,79884,585973,585973,936756,12811522,105665,0,739763,1577125,0,3.0,0.0,2.0,0.0,1.0,591.620234483871,618.409091,398.545455,393.4926686451613,596.1143694193548,1.351403,24.478462935483872,1.0,1.0,1.0,1.0,none,0:1.0500|1:0.9300|2:1.0300|3:0.9400|4:0.9500|5:1.1000|6:0.8200|,Mehmet Yılmaz:4:50875,2012712,7,179156,1456,31,32.888427361232345,32.63491818401195,none,367484
Dengeli,23,1516,2015,4,1357,1202,155,5546,159,29,0,0,125,3249745,2160315,1065921,208500,43860,81678,89820,0,0,642063,605103,113144,0,491959,491959,1042474,13131303,105665,0,757678,1526250,0,3.0,0.0,2.0,0.0,1.0,603.4545454,622.954545,403.045455,400.66515150000004,602.3757575333333,1.360799,23.022965833333334,1.0,1.0,1.0,1.0,none,0:1.0500|1:0.9300|2:1.0300|3:0.9400|4:0.9500|5:1.1000|6:0.8200|,Mehmet Yılmaz:4:50875,2191792,7,179156,1487,30,32.80014278043354,33.21030422716574,none,462907
Dengeli,23,1547,2015,5,1326,1147,179,5693,157,54,0,0,154,3144505,2098834,1028521,215450,45322,84959,93434,0,888,588468,757676,66201,84978,606497,486526,877872,13058080,105665,0,775593,1577125,0,3.0,0.0,2.0,0.0,1.0,605.7331377096774,626.818182,406.045455,404.2331378387097,608.0014662580645,1.369954,23.16654722580645,1.0,1.0,1.0,1.0,none,0:1.0500|1:0.9300|2:1.0300|3:0.9400|4:0.9500|5:1.1000|6:0.8200|,Mehmet Yılmaz:4:50875,2143884,7,179156,1517,31,32.7085185108626,32.9662800791635,none,409312
Dengeli,23,1577,2015,6,1327,1139,188,5503,135,36,0,0,163,2913424,1913992,979058,208500,43860,82789,104700,0,788,538421,718166,164780,83743,469643,589614,933968,13089059,110542,0,794335,1528780,0,3.0,0.0,2.0,0.0,1.0,610.1893936333333,632.045455,399.772727,401.9515151333333,611.3166667,1.379479,23.3021244,1.0,1.0,1.0,1.0,none,0:1.0500|1:0.9300|2:1.0300|3:0.9400|4:0.9500|5:1.1000|6:0.8200|,Mehmet Yılmaz:4:50875,1911740,7,187425,1548,30,33.60506400716133,34.48382892734679,none,350996
Dengeli,23,1608,2015,7,1408,1220,188,5667,121,45,0,0,163,3088465,2029321,1042019,224450,47430,86137,108934,0,1433,573635,246233,-294628,82490,458371,458371,828780,12552669,110542,0,813077,1655555,0,3.0,0.0,2.0,0.0,1.0,617.2360702258064,635.227273,409.727273,406.8812317096774,616.7096775483872,1.38876,22.46907612903226,1.0,1.0,1.0,1.0,none,0:1.0500|1:0.9300|2:1.0300|3:0.9400|4:0.9500|5:1.1000|6:0.8200|,Mehmet Yılmaz:4:53405,2080518,7,187425,1578,31,33.7390580757755,33.61903285235623,none,386210
Dengeli,23,1639,2015,8,1360,1180,180,5878,127,7,0,0,162,3166485,2089794,1056904,224750,47430,86726,109678,0,692,587628,452853,-206956,81219,578590,578590,960054,12437921,110542,0,831819,1655555,0,3.0,0.0,2.0,0.0,1.0,616.8841641290322,640.909091,408.909091,408.27565983870966,619.3870966774193,1.398416,23.43963064516129,1.0,1.0,1.0,1.0,none,0:1.0500|1:0.9300|2:1.0300|3:0.9400|4:0.9500|5:1.1000|6:0.8200|,Mehmet Yılmaz:4:53405,2078570,7,187425,1609,31,33.377830622914686,33.713796725949116,none,400203
Dengeli,23,1669,2015,9,1272,1105,167,5154,151,39,0,0,143,3069202,2017152,1035820,217500,45900,84499,92940,0,1171,593810,776812,197231,79929,499652,499652,837950,12412115,110542,0,850561,1602150,0,3.0,0.0,2.0,0.0,1.0,620.6060606,644.090909,407.181818,407.60757586666665,621.1696968333333,1.408139,23.19175476666667,1.0,1.0,1.0,1.0,none,0:1.0500|1:0.9300|2:1.0300|3:0.9400|4:0.9500|5:1.1000|6:0.8200|,Mehmet Yılmaz:4:53405,2039320,7,187425,1640,30,33.748837645746356,34.389648466156146,none,406385
Dengeli,23,1700,2015,10,1294,1120,174,5313,148,42,0,0,148,3213050,2144635,1048953,224750,47430,87905,96689,0,459,591720,492901,9635,0,483266,483266,1021572,12718639,110542,0,869303,1655555,0,3.0,0.0,2.0,0.0,1.0,621.8328445161291,648.8636359999999,416.909091,413.65102638709675,621.8900293225806,1.417612,22.610950774193547,1.0,1.0,1.0,1.0,none,0:1.0500|1:0.9300|2:1.0300|3:0.9400|4:0.9500|5:1.1000|6:0.8200|,Mehmet Yılmaz:4:53405,2170284,7,187425,1670,31,32.64664415430821,32.95479730981205,none,404295
Dengeli,23,1730,2015,11,1372,1178,194,5428,152,81,0,0,164,3368055,2266083,1082066,217500,45900,85669,94200,0,1052,637745,833067,130070,80193,622804,622804,1020988,12735715,110542,0,888045,1602150,0,3.0,0.0,2.0,0.0,1.0,619.7651516333333,653.863636,415.40909100000005,415.33030293333337,621.4090908666666,1.427469,25.163824233333333,1.0,1.0,1.0,1.0,none,0:1.0500|1:0.9200|2:1.0300|3:0.9300|4:0.9400|5:1.1000|6:0.8200|,Mehmet Yılmaz:4:53405,2310624,7,187425,1701,30,32.12732571172383,32.973144762136414,none,450320
Dengeli,23,1761,2015,12,1370,1203,167,5670,191,55,0,0,148,3703665,2438049,1251092,224750,47430,89114,107818,0,2956,779024,1431207,776555,79028,575624,575624,1212282,13615806,118670,0,908165,1659590,0,3.0,0.0,2.0,0.0,1.0,630.3225804516129,658.181818,412.227273,413.41202345161287,626.741935483871,1.437072,24.923686677419354,1.0,1.0,1.0,1.0,none,0:1.0500|1:0.9250|2:1.0300|3:0.9350|4:0.9450|5:1.1000|6:0.8200|,Mehmet Yılmaz:4:53405,2443272,7,201206,1731,31,33.77983699929664,34.60058614675555,none,577818
Dengeli,23,1792,2016,1,1385,1182,203,5702,189,110,0,0,159,3850985,2560155,1281565,239750,50902,89747,108562,0,468,792136,724942,12590,77846,634506,508745,1093188,13573613,118670,0,928285,1780640,0,3.0,0.0,2.0,0.0,1.0,641.0850442258064,662.272727,428.045455,423.81085038709676,639.1847506774194,1.447064,22.94324941935484,1.0,1.0,1.0,1.0,none,0:1.0500|1:0.9300|2:1.0300|3:0.9400|4:0.9500|5:1.1000|6:0.8200|,Mehmet Yılmaz:4:57440,2562084,7,201206,1762,31,33.278888388295464,33.23109642700828,none,590930
Dengeli,23,1821,2016,2,1287,1088,199,5068,198,99,0,0,151,3507365,2340449,1153317,224750,47618,84913,102689,0,457,692890,773272,168742,76646,527884,653645,1138748,13533903,118670,0,948405,1665760,0,3.0,0.0,2.0,0.0,1.0,644.114420275862,669.318182,427.954545,426.7695923793103,644.6630092068966,1.463258,22.83408324137931,1.0,1.0,1.0,1.0,none,0:1.0500|1:0.9300|2:1.0300|3:0.9400|4:0.9500|5:1.1000|6:0.8200|,Mehmet Yılmaz:4:57440,2400172,7,201206,1793,29,32.88271964851106,33.55923551335566,none,491684
Dengeli,23,1852,2016,3,1314,1123,191,5534,142,50,0,0,163,3433770,2212903,1197129,240250,50902,91700,100843,0,515,712919,923946,280877,75429,567640,567640,1053210,13638340,118670,0,968525,1780640,0,3.0,0.0,2.0,0.0,1.0,657.7052787741935,676.590909,422.636364,424.0997066129032,653.215542483871,1.47857,22.122848483870968,1.0,1.0,1.0,1.0,none,0:1.0500|1:0.9300|2:1.0300|3:0.9400|4:0.9500|5:1.1000|6:0.8200|,Mehmet Yılmaz:4:57440,2242172,7,201206,1822,31,34.86340086843324,35.740767538357936,none,511713
Dengeli,23,1882,2016,4,1316,1116,200,5441,127,48,0,0,176,3414844,2269617,1127343,232500,49260,89733,98670,0,369,656811,532598,-9148,0,541746,541746,1027182,13698785,118670,0,988645,1723200,0,3.0,0.0,2.0,0.0,1.0,655.1893939999999,684.545455,440.954545,435.5151515,656.8348484333333,1.495116,23.53726076666667,1.0,1.0,1.0,1.0,none,0:1.0500|1:0.9300|2:1.0300|3:0.9400|4:0.9500|5:1.1000|6:0.8200|,Mehmet Yılmaz:4:57440,2299194,7,201206,1853,30,33.01301611435252,32.698155825153655,none,455605
Dengeli,23,1913,2016,5,1318,1119,199,5357,172,29,0,0,165,3416295,2227137,1170260,240250,50902,93746,103075,0,1004,681283,844720,76894,97301,670525,670525,1036818,13725410,118670,0,1008765,1780640,0,3.0,0.0,2.0,0.0,1.0,673.5263931935483,692.272727,440.954545,439.80351893548385,667.6422287741937,1.511305,21.939396,1.0,1.0,1.0,1.0,none,0:1.0500|1:0.9300|2:1.0300|3:0.9400|4:0.9500|5:1.1000|6:0.8200|,Mehmet Yılmaz:4:57440,2243928,7,201206,1883,31,34.25523849667549,34.53047282836252,none,480077
Dengeli,23,1943,2016,6,1313,1121,192,5376,118,48,0,0,175,3139648,2030262,1089158,232500,49260,91714,115980,0,741,598963,768793,144450,96033,528310,528310,890960,13625611,128424,0,1030539,1727580,0,3.0,0.0,2.0,0.0,1.0,673.9848485666666,698.863636,435.818182,437.4621211,675.8378787999999,1.528217,22.3907026,1.0,1.0,1.0,1.0,none,0:1.0500|1:0.9300|2:1.0300|3:0.9400|4:0.9500|5:1.1000|6:0.8200|,Mehmet Yılmaz:4:57440,2057146,7,217744,1914,30,34.69044937521659,35.33709505089989,none,381219
Dengeli,23,1974,2016,7,1288,1111,177,5383,115,36,0,0,154,3229203,2081457,1132381,258250,55087,95824,121148,0,812,601260,14284,-693883,94742,613425,501732,995956,13073910,128424,0,1052313,1916420,0,3.0,0.0,2.0,0.0,1.0,687.741935483871,706.818182,450.69208241935485,444.80351903225807,684.4252199032259,1.544764,21.092666838709675,1.0,1.0,1.020737322580645,0.9937788064516129,0,0:1.0500|1:0.9300|2:1.0300|3:0.9400|4:0.9500|5:1.1000|6:0.8200|,Mehmet Yılmaz:4:61820,2122912,7,217744,1944,31,35.066888021595425,34.467849179174486,none|0,383516
Dengeli,23,2005,2016,8,1249,1063,186,5198,140,45,0,0,159,3041655,1997826,1024389,258850,55087,96879,122512,0,1112,489949,-428177,-998496,93426,476893,588586,889374,11754693,128424,0,1074087,1916420,0,3.0,0.0,2.0,0.0,1.0,697.4633431612903,715.0,471.90469180645164,462.5615834193548,693.3387097741936,1.562051,20.642766870967744,1.0,1.0,1.2413594516129032,0.9275921612903226,0,0:1.0500|1:0.9300|2:1.0300|3:0.9400|4:0.9500|5:1.1000|6:0.8200|,Mehmet Yılmaz:4:61820,2036478,7,217744,1975,31,33.67867164422,32.339857508852276,0,272205
Dengeli,23,2035,2016,9,1206,1026,180,4785,174,29,0,0,144,3291425,2251216,1017321,250500,53310,94804,104250,0,980,513477,-341791,-921798,92086,487921,487921,1090128,10881660,128424,0,1095861,1854600,0,3.0,0.0,2.0,0.0,1.0,706.1969695666667,723.1818179999999,488.8818178,482.15454553333336,698.9318181666666,1.579531,20.371911766666667,1.0,1.0,1.25,0.925,0,0:1.0500|1:0.9300|2:1.0300|3:0.9400|4:0.9500|5:1.1000|6:0.8200|,Mehmet Yılmaz:4:61820,2322666,7,217744,2006,30,30.908223641735724,30.7725976082869,0,295733
Dengeli,23,2066,2016,10,1323,1077,246,5204,185,51,0,0,204,3435330,2373742,1043231,258850,55087,99019,108903,0,496,520876,-207919,-825368,0,617449,617449,1035026,10128032,128424,0,1117635,1916420,0,3.0,0.0,2.0,0.0,1.0,704.8167154516129,731.1363640000001,487.7741933870968,486.9985337741935,704.1055717741935,1.596634,21.324795741935485,1.0,1.0,1.25,0.925,0,0:1.0500|1:0.9200|2:1.0300|3:0.9300|4:0.9400|5:1.1000|6:0.8200|,Mehmet Yılmaz:4:61820,2393794,7,217744,2036,31,30.367708487976408,30.794179154143027,0,303132
Dengeli,23,2096,2016,11,1288,1112,176,5133,140,25,0,0,153,3486810,2395670,1075093,250500,53310,96905,106560,0,1026,566792,63307,-552370,92535,523142,523142,1026324,9509329,128424,0,1139409,1854600,0,3.0,0.0,2.0,0.0,1.0,712.7575757666667,738.863636,490.045455,488.76818166666664,707.4181819,1.614501,22.448213133333336,1.0,1.0,1.25,0.925,0,0:1.0500|1:0.9250|2:1.0300|3:0.9350|4:0.9450|5:1.1000|6:0.8200|,Mehmet Yılmaz:4:61820,2390286,7,217744,2067,30,30.833139746645216,31.246545577170448,0,349048
Dengeli,23,2127,2016,12,1283,1073,210,5185,173,51,0,0,159,3723050,2627659,1071874,258850,55087,101220,122419,0,286,534012,-190985,-775015,91329,492701,492701,1310310,8963405,138178,0,1162837,1920777,0,3.0,0.0,2.0,0.0,1.0,717.9472140645162,747.045455,509.31818200000004,502.5938415806452,719.7712610000001,1.631982,22.59719790322581,1.0,1.0,1.25,0.925,0,0:1.0500|1:0.9250|2:1.0300|3:0.9350|4:0.9450|5:1.1000|6:0.8200|,Mehmet Yılmaz:4:61820,2664924,7,234281,2097,31,28.79021232591558,29.05910462182925,0,299731
Dengeli,23,2158,2017,1,1250,1046,204,4663,196,41,0,0,165,3592660,2518767,1050404,276850,59272,102335,123814,0,1084,487049,-274085,-1006850,90101,642664,642664,982784,7469763,138178,0,1186265,2051487,0,3.0,0.0,2.0,0.0,1.0,731.5249266129032,755.909091,505.04692106451614,505.43695009677424,724.4017594838709,1.650245,22.169414903225807,0.9419354838709677,0.9419354838709677,1.2458870967741935,0.8729952903225807,1,0:1.0500|1:0.9300|2:1.0300|3:0.9400|4:0.9500|5:1.1000|6:0.8200|,Mehmet Yılmaz:4:66177,2611666,7,234281,2128,31,29.237500904622202,30.95971132481055,0|1,252768
Dengeli,23,2186,2017,2,1124,953,171,4398,192,29,0,0,151,3212630,2246590,947686,250600,53536,93411,112980,0,1057,436102,-352061,-952086,88850,511175,511175,1140374,6580250,138178,0,1209693,1852956,0,3.0,0.0,2.0,0.0,1.0,738.4659090714285,763.4090910000001,515.1136364642857,511.3993506428571,738.4448051071429,1.667464,22.475791214285714,0.9,0.9,1.2237500000000001,0.7945446428571429,1,0:1.0500|1:0.9300|2:1.0300|3:0.9400|4:0.9500|5:1.1000|6:0.8200|,Mehmet Yılmaz:4:66177,2272016,7,234281,2159,28,29.49875958326978,30.245441240204755,1,201821
Dengeli,23,2217,2017,3,1408,1196,212,5995,229,34,0,0,181,4046110,2895466,1129698,277450,59272,104381,114793,0,395,573407,-309099,-919968,87575,523294,523294,1473768,5970741,138178,0,1233121,2051487,0,3.0,0.0,2.0,0.0,1.0,728.0278592580645,770.681818,519.6686217096774,517.3870966774194,731.4780059032258,1.683171,26.31712222580645,0.9,0.9,1.1991666774193548,0.8,1,0:1.0500|1:0.9100|2:1.0300|3:0.9200|4:0.9300|5:1.1000|6:0.8200|,Mehmet Yılmaz:4:66177,2905578,7,234281,2187,31,27.920595337249853,28.619679164575743,1,339126
Dengeli,23,2247,2017,4,1278,1067,211,5101,207,33,0,0,179,3534295,2455148,1053659,268500,57360,102065,112260,0,857,512617,-59049,-728841,0,669792,538836,1088884,5069349,138178,0,1256549,1985310,0,3.0,0.0,2.0,0.0,1.0,745.1590910333333,778.863636,513.0151515666666,515.0863636333333,743.7227272666667,1.700734,24.430191866666668,0.9,0.9,1.1737499999999998,0.8,1,0:1.0500|1:0.9300|2:1.0300|3:0.9400|4:0.9500|5:1.1000|6:0.8200|,Mehmet Yılmaz:4:66177,2490822,7,234281,2218,30,29.812423694117214,31.153607633605606,1,278336
Dengeli,23,2278,2017,5,1325,1103,222,5350,196,62,0,0,188,3696900,2511705,1164066,277450,59272,106552,117149,0,1260,602383,318050,-373874,125159,566765,697721,1179386,4560690,138178,0,1279977,2051487,0,3.0,0.0,2.0,0.0,1.0,757.785924064516,785.681818,511.62463338709676,512.8519061935484,757.2976540000001,1.717904,23.722788,0.9,0.9,1.1483333225806451,0.8,1,0:1.0500|1:0.9300|2:1.0300|3:0.9400|4:0.9500|5:1.1000|6:0.8200|,Mehmet Yılmaz:4:66177,2536836,7,234281,2248,31,31.48762476669642,32.4842785884819,1,368102
Dengeli,23,2308,2017,6,1272,1060,212,5188,200,39,0,0,178,3333435,2219245,1091701,268500,57360,104195,131760,0,1935,527951,-119937,-738146,92284,525925,525925,982582,3534948,147931,0,1305058,1990036,0,3.0,0.0,2.0,0.0,1.0,770.0606059666667,794.545455,515.2393938666667,513.6424242,761.1772727666666,1.735829,22.9159148,0.9,0.9,1.1229166666666666,0.8,1,0:1.0500|1:0.9300|2:1.0300|3:0.9400|4:0.9500|5:1.1000|6:0.8200|,Mehmet Yılmaz:4:66177,2192732,7,250819,2279,30,32.750031124050714,33.09105934332529,1,277132
Dengeli,23,2339,2017,7,1274,1067,207,5545,151,17,0,0,186,3658020,2427733,1214190,295450,63457,108753,137516,0,4412,604602,-285805,-1095142,120054,689283,689283,1031108,1225901,147931,0,1330139,2197993,0,3.0,0.0,2.0,0.0,1.0,776.5175952903226,802.272727,513.8313783225807,514.0601171935484,773.1876833548387,1.753354,23.04840119354839,0.9,0.9,1.0975,0.8,1,0:1.0500|1:0.9300|2:1.0300|3:0.9400|4:0.9500|5:1.1000|6:0.8200|,Mehmet Yılmaz:4:70903,2479288,7,250819,2309,31,33.19254678760641,33.82875269806724,1,353783
Dengeli,23,2370,2017,8,1314,1136,178,5773,159,15,0,0,156,3809206,2535852,1252128,296050,63457,109870,138942,0,2609,641200,-200455,-838019,86223,551341,551341,1163440,373150,147931,0,1355220,2197993,0,3.0,0.0,2.0,0.0,1.0,790.6598241935484,810.681818,531.117302,525.3328446451612,782.4472141612903,1.7716490000000003,23.648581967741936,0.9,0.9,1.0716666774193546,0.8,1,0:1.0500|1:0.9300|2:1.0300|3:0.9400|4:0.9500|5:1.1000|6:0.8200|,Mehmet Yılmaz:4:70903,2597924,7,250819,2340,31,32.87110227170702,32.82606681808763,1,390381
Dengeli,23,2400,2017,9,1072,554,518,2451,76,1067,0,0,76,1757760,1219261,527744,286500,61410,107436,118140,0,111964,-157706,-1504131,-2191284,83071,604082,410750,323429,-1023302,0,0,1232370,2127090,0,3.0,0.0,2.0,0.0,1.0,775.2196970666666,819.545455,521.5924242666666,526.8787878333334,780.4030302,1.790134,17.341956766666666,0.9,0.9,1.04625,0.8,1,0:1.0500|1:0.9300|2:1.0300|3:0.9400|4:0.9500|5:1.1000|6:0.8200|,Mehmet Yılmaz:4:70903,367464,7,0,2371,30,30.023666484616786,32.71682514772181,1,-157706
Dengeli,23,2431,2017,10,780,0,780,0,0,1792,0,0,0,542,0,542,296050,63457,112134,123318,0,110260,-704677,-8939427,-8993810,0,54383,0,323429,-9684293,0,0,1109520,2197993,0,3.0,0.0,2.0,0.0,1.0,805.1979473225806,827.727273,556.3401759032257,526.590909,800.0909091612904,1.808208,5.0,0.9,0.9,1.0208333225806452,0.8,1,0:1.0500|1:0.9300|2:1.0300|3:0.9400|4:0.9500|5:1.1000|6:0.8200|,Mehmet Yılmaz:4:70903,0,7,0,2401,31,100.0,30.906409069577126,1,-704677
Dengeli,23,2461,2017,11,941,434,507,2580,89,978,0,0,68,1825878,1469291,339916,286500,61410,109657,120600,0,70833,-309084,-4946065,-4948490,0,2425,482522,0,2526604,98621,0,1085291,1205351,0,3.0,0.0,2.0,0.0,1.0,782.4924241666666,836.136364,589.6303029666667,553.3393939333333,775.3409090666667,1.827075,11.7931571,0.9,0.9,1.00125,0.8,1,0:1.0500|1:0.9200|2:1.0300|3:0.9300|4:0.9400|5:1.1000|6:0.8200|,Mehmet Yılmaz:4:70903,2354228,1,167212,2432,30,18.61657788746017,24.647155070592905,1,-476296
Dengeli,23,2492,2017,12,1684,1377,307,7012,165,94,0,0,267,5271069,4159148,1074829,296050,63457,114460,138446,0,3430,458986,360411,328057,0,32354,22458,0,2792495,104040,0,1059731,0,0,3.0,0.0,2.0,0.0,1.0,746.1876836129032,845.227273,583.4369501612903,585.7478005806452,742.8651023548387,1.845521,31.658412774193547,0.9580645161290322,0.9580645161290322,1.0,0.8329032258064516,none,0:1.0500|1:0.8900|2:1.0300|3:0.9000|4:0.9100|5:1.1000|6:0.8200|,,4268302,1,176400,2462,31,20.391100932277684,21.81096485854657,1|none,282586
Dengeli,23,2523,2018,1,1703,1455,248,7962,141,152,0,2,225,6435345,5178006,1229106,311050,66960,115663,139903,0,5859,589671,514622,435690,0,78932,88828,1312272,4570488,104040,0,1034171,0,0,3.0,0.0,2.0,0.0,1.0,746.1363640000001,854.090909,596.662756548387,593.7873899032259,750.1334309354838,1.864777,32.14491064516129,1.0,1.0,1.0,0.983225806451613,none,0:1.0500|1:0.8900|2:1.0300|3:0.9000|4:0.9100|5:1.1000|6:0.8200|,,5166312,1,176400,2493,31,19.09930236840449,20.03301469590524,none,413271
Dengeli,23,2551,2018,2,1746,1429,317,7773,165,148,0,9,279,6223704,4933308,1264233,281400,60480,105394,127484,0,5645,683830,545240,458414,0,86826,86826,2605590,6352029,104040,0,1008611,0,0,3.0,0.0,2.0,0.0,1.0,746.136364,861.363636,585.0,587.448052,755.7987011071428,1.8813790000000001,33.27793185714286,1.0,1.0,1.0,1.0,2,0:1.0500|1:0.8900|2:1.0300|3:0.9000|4:0.9100|5:1.1000|6:0.8200|,,4929662,1,176400,2524,28,20.313192915344302,21.596101165228824,none|2,507430
Dengeli,23,2582,2018,3,1344,1132,212,6298,85,54,0,0,204,4829728,3714675,1080053,311550,66960,117617,129332,0,11526,443068,247076,188663,0,58413,58413,1526688,5389283,104040,0,983051,0,0,3.0,0.0,2.0,0.0,1.0,767.778592483871,867.954545,594.1744867096775,591.143695,762.772727483871,1.896501,32.037650806451616,1.0,1.0,1.0,1.0,2,0:1.0500|1:0.9050|2:1.0300|3:0.9150|4:0.9250|5:1.1000|6:0.8200|,,3822182,1,176400,2552,31,22.362605099086327,22.61121988470139,2,266668
Dengeli,23,2612,2018,4,1209,989,220,5461,90,41,0,0,200,4131305,3245138,858320,301500,64800,114843,126270,0,7876,243031,104386,33746,0,70640,70640,1573352,5448046,104040,0,957491,0,0,3.0,0.0,2.0,0.0,1.0,769.2878789666667,875.6818179999999,607.5318181333333,603.2606060666666,769.6863635999999,1.9133850000000001,33.0810913,1.0,1.0,1.0,1.0,2,0:1.0500|1:0.9050|2:1.0300|3:0.9150|4:0.9250|5:1.1000|6:0.8200|,,3294632,1,176400,2583,30,20.77600177183723,21.026726828272597,2,66631
Dengeli,23,2643,2018,5,1400,1175,225,6675,130,40,0,0,211,5189001,4092032,1068383,311550,66960,119694,131626,0,10741,427812,331932,-110743,377598,65077,65077,1984426,5652553,104040,0,931931,0,0,3.0,0.0,2.0,0.0,1.0,771.7008795806453,883.409091,607.0205278387098,607.1099706451613,775.7683281612904,1.929868,34.22450009677419,1.0,1.0,1.0,1.0,2,0:1.0500|1:0.9050|2:1.0300|3:0.9150|4:0.9250|5:1.1000|6:0.8200|,,4155918,1,176400,2613,31,20.58937741580701,21.33992018143422,2,251412
Dengeli,23,2673,2018,6,1443,1186,257,6380,96,48,0,0,237,4485790,3536923,913189,301500,64800,116854,147780,0,6074,276181,253445,-171425,376337,48533,48533,1506224,4996046,110542,0,904773,0,0,3.0,0.0,2.0,0.0,1.0,787.9469692666667,890.909091,630.6333334666667,623.1787879333333,783.0212118000001,1.94705,33.085292700000004,1.0,1.0,1.0,1.0,2,0:1.0500|1:0.9200|2:1.0300|3:0.9300|4:0.9400|5:1.1000|6:0.8200|,,3517696,1,187425,2644,30,20.357372948800545,19.965002967954806,2,88756
Dengeli,23,2704,2018,7,1533,1260,273,7126,139,47,0,0,258,5123929,4062925,1039064,329550,71145,121803,154008,0,8031,354527,230252,-228455,375050,83657,83657,1914654,5015960,110542,0,877615,0,0,3.0,0.0,2.0,0.0,1.0,791.4736069354839,898.409091,629.558650967742,629.3035190967743,789.4325512580646,1.963822,34.31741370967742,1.0,1.0,1.0,1.0,2,0:1.0500|1:0.9250|2:1.0300|3:0.9350|4:0.9450|5:1.1000|6:0.8200|,,4181854,1,187425,2674,31,20.27865725696043,20.457404334007084,2,167102
Dengeli,23,2735,2018,8,1492,1214,278,7712,118,44,0,0,265,5328244,4202369,1105356,330150,71145,122888,155403,0,6872,418898,281645,-161619,373736,69528,69528,1948854,4843269,110542,0,850457,0,0,3.0,0.0,2.0,0.0,1.0,791.590909,907.045455,625.6979470967742,627.0102639677419,796.8856307741936,1.9813059999999998,35.85680861290323,1.0,1.0,1.0,1.0,2,0:1.0500|1:0.9250|2:1.0300|3:0.9350|4:0.9450|5:1.1000|6:0.8200|,,4203774,1,187425,2705,31,20.745221127260688,20.956905898880883,2,231473
Dengeli,23,2765,2018,9,1547,1285,262,7586,109,74,0,0,236,5840665,4603608,1195856,319500,68850,119974,131940,0,7355,548237,340832,-113577,372394,82015,71303,2391148,5100463,110542,0,823299,0,0,3.0,0.0,2.0,0.0,1.0,809.5757575666667,915.454545,640.8848485333333,637.0833334,804.0863635666667,1.998945,35.2014365,1.0,1.0,1.0,1.0,2,0:1.0500|1:0.9300|2:1.0300|3:0.9400|4:0.9500|5:1.1000|6:0.8200|,,4661316,1,187425,2736,30,20.474654855226245,20.83695163258913,2,360812
Dengeli,23,2796,2018,10,1561,1286,275,8056,126,76,0,0,245,6377415,5025176,1322884,330150,71145,125028,137516,0,7405,651640,503351,40427,371025,91899,102611,2246614,4950916,110542,0,796141,0,0,3.0,0.0,2.0,0.0,1.0,810.0,922.954545,636.042522,637.3533723870968,810.7375363870967,2.016165,36.10260358064516,1.0,1.0,1.0,1.0,2,0:1.0500|1:0.9300|2:1.0300|3:0.9400|4:0.9500|5:1.1000|6:0.8200|,,5022162,1,187425,2766,31,20.74326353232462,21.476231851851857,2,464215
Dengeli,23,2826,2018,11,1435,1204,231,7328,104,58,0,0,219,5752665,4515098,1203086,319500,68850,122075,134250,0,5805,552606,492280,55863,369627,66790,66790,2057056,4755357,110542,0,768983,0,0,3.0,0.0,2.0,0.0,1.0,812.5606056666668,931.8181820000001,637.6015151666667,637.1363636666666,817.9393937333334,2.034115,38.101066466666666,1.0,1.0,1.0,1.0,2,0:1.0500|1:0.9300|2:1.0300|3:0.9400|4:0.9500|5:1.1000|6:0.8200|,,4542948,1,187425,2797,30,20.913541810621687,21.531820430360963,2,365181
Dengeli,23,2857,2018,12,1249,1036,213,6280,139,71,0,0,189,5458615,4286402,1138803,330150,71145,127230,153915,0,10175,446188,399476,-51995,368200,83271,83271,1945296,4559206,120296,0,739429,0,0,3.0,0.0,2.0,0.0,1.0,832.016129032258,939.318182,655.4486802580645,650.1451613870968,825.6407623870969,2.051637,35.73678525806452,1.0,1.0,1.0,1.0,2,0:1.0500|1:0.9300|2:1.0300|3:0.9400|4:0.9500|5:1.1000|6:0.8200|,,4282286,1,203962,2827,31,20.86248984403553,21.221637731898802,2,242226
Dengeli,23,2888,2019,1,1336,1083,253,6524,115,86,0,0,229,5771905,4561383,1179452,357150,77407,128395,155279,0,10921,450300,285433,-154678,366744,73367,73367,2112466,4462247,120296,0,709875,0,0,3.0,0.0,2.0,0.0,1.0,832.5,947.272727,653.7521994193548,654.1436949677419,832.1436947741936,2.069903,33.22325016129032,1.0,1.0,1.0,1.0,2,0:1.0500|1:0.9300|2:1.0300|3:0.9400|4:0.9500|5:1.1000|6:0.8200|,,4630526,1,203962,2858,31,20.434362658429063,21.471207276954374,2,246338
Dengeli,23,2916,2019,2,1227,1005,222,5613,149,76,0,0,205,5373460,4255659,1092904,323400,69916,117511,142128,0,7518,432431,208897,-223615,365257,67255,67255,2010450,4010855,120296,0,680321,0,0,3.0,0.0,2.0,0.0,1.0,847.2159088214286,959.7727270000001,673.573051892857,668.7938311785714,843.5438311071429,2.097689,32.54049267857143,1.0,1.0,1.0,1.0,2,0:1.0500|1:0.9300|2:1.0300|3:0.9400|4:0.9500|5:1.1000|6:0.8200|,,4333452,1,203962,2889,28,20.338925012933938,20.49570305757455,2,228469
Dengeli,23,2947,2019,3,1277,1033,244,6167,101,48,0,0,227,5176617,4158843,994265,358050,77407,131683,144801,0,7989,274335,48425,-390395,363739,75081,62911,1974180,3470021,120296,0,650767,0,0,3.0,0.0,2.0,0.0,1.0,848.7096770645161,971.818182,685.1275659677419,681.4105570967741,853.7844577741935,2.1231059999999995,34.52854554838709,1.0,1.0,1.0,1.0,2,0:1.0500|1:0.9300|2:1.0300|3:0.9400|4:0.9500|5:1.1000|6:0.8200|,,4234308,1,203962,2917,31,19.20684879719709,19.274213022121483,2,70373
Dengeli,23,2977,2019,4,1086,893,193,5359,82,44,0,0,173,4429185,3438265,958465,346500,74910,129146,142020,0,7966,257923,32451,-392368,362189,62630,74800,1935032,3036178,120296,0,621213,0,0,3.0,0.0,2.0,0.0,1.0,870.6818183666667,984.3181820000001,672.9545454666666,676.5727272333334,864.8151517666666,2.151607,33.2646268,1.0,1.0,1.0,1.0,2,0:1.0500|1:0.9300|2:1.0300|3:0.9400|4:0.9500|5:1.1000|6:0.8200|,,3384944,1,203962,2948,30,21.639759910683342,22.709475347828157,2,53961
Dengeli,23,3008,2019,5,1556,1271,285,7866,110,67,0,0,266,6576005,5139519,1399659,358050,77407,135188,148645,0,6253,674116,525704,76477,360607,88620,88620,2262034,3342254,120296,0,591659,0,0,3.0,0.0,2.0,0.0,1.0,872.8958945483871,997.727273,681.9164222903227,680.9266861935483,876.626100032258,2.179552,34.2440939032258,1.0,1.0,1.0,1.0,2,0:1.0500|1:0.9300|2:1.0300|3:0.9400|4:0.9500|5:1.1000|6:0.8200|,,5196234,1,203962,2978,31,21.284336006435517,21.87883726465137,2,470154
Dengeli,23,3038,2019,6,1585,1269,316,8033,126,62,0,3,295,5950876,4640500,1269181,346500,74910,132597,167640,0,6302,541232,296815,-156563,358992,94386,73932,1987306,2843666,131134,0,559443,0,0,3.0,0.0,2.0,0.0,1.0,889.1136365333333,1010.6818179999999,701.7257576,696.7590908666666,888.3590910333334,2.20881,32.62278593333333,1.0,1.0,1.0,1.0,none,0:1.0500|1:0.9300|2:1.0300|3:0.9400|4:0.9500|5:1.1000|6:0.8200|,,4690316,1,222337,3009,30,21.327633108133995,21.075807549635762,2|none,318895
Dengeli,23,3069,2019,7,1705,1405,300,8920,92,65,0,2,282,6675528,5237736,1408078,388050,84382,138785,175491,0,11175,610195,510387,69473,357343,83571,104025,2359218,3173430,131134,0,527227,0,0,3.0,0.0,2.0,0.0,1.0,892.045455,1024.318182,702.3621701290323,701.9076246774193,898.7023457419355,2.237498,34.030197096774195,1.0,1.0,1.0,1.0,none,0:1.0500|1:0.9300|2:1.0300|3:0.9400|4:0.9500|5:1.1000|6:0.8200|,,5277838,1,222337,3039,31,21.09313300760629,21.263858675337083,none,387858
Dengeli,23,3100,2019,8,1775,1464,311,8791,120,72,0,3,287,7007160,5482800,1468232,389050,84382,140646,177847,0,9816,666491,486982,42757,355661,88564,88564,2522520,3310310,131134,0,495011,0,0,3.0,0.0,2.0,0.0,1.0,913.5337240645162,1037.727273,720.6906158709678,716.480938548387,912.1026395483871,2.267534,33.38187277419355,0.9709677419354839,0.9709677419354839,1.0,0.9745967741935483,3,0:1.0500|1:0.9300|2:1.0300|3:0.9400|4:0.9500|5:1.1000|6:0.8200|,,5525646,1,222337,3070,31,20.953310613715114,21.109577360269327,none|3,444154
Dengeli,23,3130,2019,9,1612,1297,315,7884,133,124,0,0,291,6834125,5379672,1413078,376500,81660,137940,151680,0,10201,655097,476044,17459,353943,104642,104642,2306142,2962693,131134,0,462795,0,0,3.0,0.0,2.0,0.0,1.0,919.5757573,1051.136364,724.9106061,723.5409089999999,923.6666665,2.297973,34.195528100000004,0.95,0.95,1.0,0.925,3,0:1.0500|1:0.9300|2:1.0300|3:0.9400|4:0.9500|5:1.1000|6:0.8200|,,5485566,1,222337,3101,30,20.6767947615825,21.169017305497857,3,432760
Dengeli,23,3161,2019,10,1606,1324,282,7874,171,107,0,0,252,6934660,5343104,1547521,389050,84382,144398,158751,0,7269,763671,586217,135931,352189,98097,98097,2416840,3152408,131134,0,430579,0,0,3.0,0.0,2.0,0.0,1.0,940.9604103870968,1065.227273,726.2228739032258,725.241935483871,936.0190612258065,2.327819,32.85048609677419,0.95,0.95,1.0,0.925,3,0:1.0500|1:0.9300|2:1.0300|3:0.9400|4:0.9500|5:1.1000|6:0.8200|,,5358120,1,222337,3131,31,22.31574439121745,22.821102154078,3,541334
Dengeli,23,3191,2019,11,1647,1307,340,8085,184,101,0,0,313,7123083,5602707,1478236,376500,81660,141601,155700,0,8857,713918,620403,183541,350399,86463,86463,2342772,3194877,131134,0,398363,0,0,3.0,0.0,2.0,0.0,1.0,945.7954542000001,1079.772727,748.2424243,743.6181818333333,948.7530300666666,2.359067,33.743028366666664,0.95,0.95,1.0,0.925,3,0:1.0500|1:0.9300|2:1.0300|3:0.9400|4:0.9500|5:1.1000|6:0.8200|,,5624128,1,222337,3162,30,20.752755513307932,20.887500465637157,3,491581
Dengeli,23,3222,2019,12,1597,1279,318,7301,215,133,0,0,277,7115547,5523151,1557204,389050,84382,148214,179273,0,9797,746488,720209,254599,348571,117039,117039,2360992,3323182,150641,0,361354,0,0,3.0,0.0,2.0,0.0,1.0,966.8181818064517,1093.863636,745.3255130967742,745.8475072580645,961.2712613225806,2.389707,31.72655093548387,0.95,0.95,1.0,0.925,3,0:1.0500|1:0.9300|2:1.0300|3:0.9400|4:0.9500|5:1.1000|6:0.8200|,,5613306,1,255412,3192,31,21.884529748731897,22.90944387245898,3,491076
Dengeli,23,3253,2020,1,1592,1248,344,7556,148,117,0,0,314,7407284,5724804,1636877,443050,96937,150276,181691,0,8905,756018,684677,233666,346705,104306,104306,2584606,3674394,150641,0,324345,0,0,3.0,0.0,2.0,0.0,1.0,972.2653957419355,1108.409091,750.6891496129032,749.3005864838709,974.0703815483871,2.421786,32.629214,0.95,0.95,1.0,0.925,3,0:1.0500|1:0.9300|2:1.0300|3:0.9400|4:0.9500|5:1.1000|6:0.8200|,,5785058,1,255412,3223,31,22.09820765613955,22.789687579073775,3,500606
Dengeli,23,3282,2020,2,1515,1195,320,6939,189,155,0,0,280,7736080,6068943,1625020,416150,90683,143831,173913,0,12039,788404,509038,70144,344801,94093,94093,2636580,3618463,150641,0,287336,0,0,3.0,0.0,2.0,0.0,1.0,1004.5611281034484,1134.318182,789.3244513793104,781.5203760689656,997.015673724138,2.477969,31.10453472413793,0.95,0.95,1.0,0.925,3,0:1.0500|1:0.9300|2:1.0300|3:0.9400|4:0.9500|5:1.1000|6:0.8200|,,6195788,1,255412,3254,29,21.005728999700107,21.42594120981886,3,532992
Dengeli,23,3313,2020,3,1693,1329,364,7595,167,124,0,0,337,7654295,5958167,1658871,444850,96937,157071,172670,0,8344,778999,554386,89603,342857,121926,121926,2619246,3629009,150641,0,250327,0,0,3.0,0.0,2.0,0.0,1.0,1027.6686217741935,1159.772727,798.5190615161291,795.8035190967743,1019.2287392580645,2.531706,31.148785903225804,0.95,0.95,1.0,0.925,3,0:1.0500|1:0.9300|2:1.0300|3:0.9400|4:0.9500|5:1.1000|6:0.8200|,,5961882,1,255412,3283,31,21.672420516847076,22.298001067937125,3,523587
Dengeli,23,3343,2020,4,1629,1271,358,7424,137,90,0,2,334,7551057,5874821,1638795,430500,93810,155546,170970,0,12016,775953,624173,173582,340872,109719,109719,3056068,3987423,150641,0,213318,0,0,3.0,0.0,2.0,0.0,1.0,1050.6136364666665,1186.1363640000002,821.2515152333333,815.9045454666666,1042.5318183333334,2.590438,31.457671899999998,0.95,0.95,1.0,0.925,3,0:1.0500|1:0.9300|2:1.0300|3:0.9400|4:0.9500|5:1.1000|6:0.8200|,,6067002,1,255412,3314,30,21.702855639945508,21.83125301939771,3,520541
Dengeli,23,3374,2020,5,1745,1361,384,8043,150,113,0,10,339,8121235,6362328,1715334,444850,96937,164330,180637,0,15013,813567,530782,73377,338846,118559,89013,2733558,3713507,150641,0,176309,0,0,3.0,0.0,2.0,0.0,1.0,1075.1612904193548,1212.5,843.3812316451613,837.9677419354839,1065.7008797419355,2.648573,31.402617193548387,0.95,0.95,1.0,0.925,3,0:1.0500|1:0.9300|2:1.0300|3:0.9400|4:0.9500|5:1.1000|6:0.8200|,,6360954,1,255412,3344,31,21.121590497011844,21.557701234183224,3,558155
Dengeli,23,3404,2020,6,1749,1383,366,8081,156,44,0,0,352,7698776,5906982,1730018,430500,93810,162722,205680,0,9025,828281,600205,157800,336778,105627,135173,2827266,3733035,174484,0,133443,0,0,3.0,0.0,2.0,0.0,1.0,1096.4924242333334,1240.681818,844.5757575333333,843.6575756999999,1090.1696972,2.710017,31.73837723333333,0.95,0.95,1.0,0.925,3,0:1.0500|1:0.9300|2:1.0300|3:0.9400|4:0.9500|5:1.1000|6:0.8200|,,6069848,1,295837,3375,30,22.471338301049414,22.97477493983964,3,532444
Dengeli,23,3435,2020,7,1705,1313,392,7998,114,54,0,0,373,7894973,6195800,1664607,510850,112282,171930,217310,0,13184,639051,492850,48311,334666,109873,109873,2997282,3726362,174484,0,90577,0,0,3.0,0.0,2.0,0.0,1.0,1116.854838483871,1268.409091,891.3914956129032,878.5381232580645,1114.8973608387096,2.770836,31.322733193548387,0.95,0.95,1.0,0.925,3,0:1.0500|1:0.9300|2:1.0300|3:0.9400|4:0.9500|5:1.1000|6:0.8200|,,6351910,1,295837,3405,31,21.084391295575045,20.187345311323888,3,343214
Dengeli,23,3466,2020,8,1696,1331,365,7727,122,51,0,3,348,7670680,5929556,1694063,513050,112282,175902,222363,0,15172,655294,411463,-35570,332511,114522,114522,2858832,3561052,174484,0,47711,0,0,3.0,0.0,2.0,0.0,1.0,1143.4824048387097,1297.272727,890.6818182258064,890.0571847419354,1140.186216935484,2.835116,31.365086580645162,0.95,0.95,1.0,0.925,3,0:1.0500|1:0.9300|2:1.0300|3:0.9400|4:0.9500|5:1.1000|6:0.8200|,,5862296,1,295837,3436,31,22.08491294122555,22.107955972314354,3,359457
Dengeli,23,3496,2020,9,1682,1317,365,7310,159,96,0,3,348,8406120,6480594,1873984,496500,108660,174190,191460,0,21045,882129,638583,190459,330311,117813,117813,3130468,3841488,174484,0,4845,0,0,3.0,0.0,2.0,0.0,1.0,1171.3106063999999,1328.409091,904.5,900.8863636,1167.1772726666668,2.900887,30.798178133333334,0.95,0.95,1.0,0.925,3,0:1.0500|1:0.9300|2:1.0300|3:0.9400|4:0.9500|5:1.1000|6:0.8200|,,6605984,1,295837,3467,30,22.29309122401298,22.778809048783145,3,586292
Dengeli,23,3527,2020,10,1684,1303,381,7431,149,118,0,0,355,8627940,6797021,1771310,513050,112282,184030,202275,0,11851,747822,508353,87660,328065,92628,92628,3322900,4044883,174484,0,0,0,0,3.0,0.0,2.0,0.0,1.0,1193.247800451613,1356.818182,948.1906158709678,936.4677419354839,1192.6217008064516,2.965989,31.498136322580645,0.95,0.95,1.0,0.925,3,0:1.0500|1:0.9300|2:1.0300|3:0.9400|4:0.9500|5:1.1000|6:0.8200|,,6823270,1,295837,3497,31,20.529929508086518,20.536990262030866,3,451985
Dengeli,23,3557,2020,11,1567,1205,362,6849,159,79,0,0,334,8224445,6386491,1781590,496500,108660,182236,200310,0,12191,781693,699786,231861,325772,142153,142153,2694716,3436467,174484,0,0,0,0,3.0,0.0,2.0,0.0,1.0,1224.9848482999998,1389.545455,950.2787878,948.6409091333334,1220.8484850999998,3.034797,31.233234466666666,0.95,0.95,1.0,0.925,3,0:1.0500|1:0.9300|2:1.0300|3:0.9400|4:0.9500|5:1.1000|6:0.8200|,,6542598,1,295837,3528,30,21.662130392993085,22.425261902727147,3,485856
Dengeli,23,3588,2020,12,1665,1275,390,7085,224,156,0,0,337,8968378,7151521,1767090,513050,112282,192530,232779,0,6145,710304,626597,193799,323431,109367,109367,3370268,4204597,198326,0,0,0,0,3.0,0.0,2.0,0.0,1.0,1251.4589443548386,1420.681818,1000.8343108387097,988.3108503225807,1248.247800419355,3.102904,30.68262712903226,0.95,0.95,1.0,0.925,3,0:1.0500|1:0.9300|2:1.0300|3:0.9400|4:0.9500|5:1.1000|6:0.8200|,,7187818,1,336262,3558,31,19.703562896211555,20.02659652932784,3,374042
Dengeli,23,3619,2021,1,1603,1263,340,7237,185,112,0,0,306,9909718,7898670,1956970,579050,127627,196984,238173,0,7497,807639,598994,-176038,639645,135387,111330,3580646,3932377,198326,0,0,0,0,3.0,0.0,2.0,0.0,1.0,1283.5850444193547,1453.409091,1014.457477967742,1010.7624634516129,1276.9970678064515,3.174888,30.460570999999998,0.95,0.95,1.0,0.925,3,0:1.0500|1:0.9300|2:1.0300|3:0.9400|4:0.9500|5:1.1000|6:0.8200|,,8046766,1,336262,3589,31,19.747988792415686,20.966866794039024,3,471377
Dengeli,23,3647,2021,2,1478,1142,336,6261,163,70,0,0,304,8769722,6933630,1790013,525000,115276,181676,219688,0,13581,734792,368262,249472,0,118790,120867,3540676,4131633,198326,0,0,0,0,3.0,0.0,2.0,0.0,1.0,1315.5681815357143,1484.545455,1037.4366882857144,1030.7532467857143,1304.6509741785715,3.242156,29.94850117857143,0.95,0.95,1.0,0.925,3,0:1.0500|1:0.9300|2:1.0300|3:0.9400|4:0.9500|5:1.1000|6:0.8200|,,6987878,1,336262,3620,28,20.411285557284483,21.141549115708024,3,398530
Dengeli,23,3653,2021,3,343,257,86,1550,36,18,0,0,84,2076101,1634219,430124,112500,24702,39648,43614,0,925,208735,202129,-113984,316113,0,21980,3617988,3999477,0,0,0,0,0,3.0,0.0,2.0,0.0,1.0,1326.363636,1513.181818,1045.9166665,1039.1363636666667,1329.5909086666668,3.304138,31.357846166666665,0.9499999999999998,0.9499999999999998,1.0,0.9250000000000002,3,0:1.0500|1:0.9300|2:1.0300|3:0.9400|4:0.9500|5:1.1000|6:0.8200|,,1597472,1,0,3648,6,20.717874515738878,21.14404842594765,3,208735
Atak,21,25,2011,3,1481,1341,140,6065,208,75,0,4,112,2529530,1875968,644021,168750,37975,50012,55000,0,10442,321842,200567,139997,0,60570,66012,490282,140790,71527,0,12127,0,0,3.0,1.0,2.0,0.0,0.0,433.58181832,457.7272730000001,312.31272712,323.31272732,432.97454511999996,1.0,33.17696092,1.0,1.0,1.0,1.0,none,0:1.0000|1:0.9100|2:1.0300|3:0.9400|4:0.9500|5:1.1000|6:0.8200|,,2130312,1,121275,1,25,25.46010523694125,27.9691366372053,none,200567
Atak,21,55,2011,4,1743,1554,189,7301,240,90,0,5,145,2976755,2061953,891707,202500,45570,60374,66390,0,10552,506321,385046,279480,0,105566,116118,935548,899612,71527,0,24254,0,0,3.0,1.0,2.0,0.0,0.0,434.2954547,459.09090899999995,298.52727276666667,301.05303026666667,433.8196969333333,1.00592,30.453901433333332,1.0,1.0,1.0,1.0,none,0:1.0000|1:0.9200|2:1.0300|3:0.9400|4:0.9500|5:1.1000|6:0.8200|,,2049670,1,121275,26,30,29.955673207905924,31.261709157678947,none,385046
Atak,21,86,2011,5,2190,1945,245,11111,244,141,0,36,178,3921535,2901981,995687,209250,47089,62821,69099,0,9544,597884,476609,322059,0,154550,164094,1451066,1764874,71527,0,36381,0,0,3.0,1.0,2.0,0.0,0.0,405.61583593548386,464.31818200000004,295.0469207419355,296.48973606451614,407.2082110967742,1.01307,42.54341583870968,1.0,1.0,1.0,1.0,none,0:1.0000|1:0.8900|2:1.0300|3:0.9100|4:0.9500|5:1.1000|6:0.8200|,,2893388,1,121275,56,31,25.390236221275597,27.259516369359694,none,476609
Atak,21,116,2011,6,2064,1854,210,10632,240,68,0,31,153,3618110,2555856,1043469,202500,45570,61245,77460,0,9214,647480,545572,407461,0,138111,147325,1093608,1825880,78030,0,49611,0,0,3.0,1.0,2.0,0.0,0.0,419.5075758666666,466.818182,291.32727259999996,292.1924242333333,423.3045453666667,1.020512,42.14602576666667,1.0,1.0,1.0,1.0,none,0:1.0500|1:0.8950|2:1.0300|3:0.9050|4:0.9500|5:1.1000|6:0.8200|,,2560704,1,132300,87,30,28.840167932981583,30.554943614988876,none,515180
Atak,21,147,2011,7,2203,1970,233,11658,214,118,0,34,173,3942440,2908780,1012172,222750,50220,63751,80600,0,13410,581441,523925,376056,0,147869,127698,1335448,2454983,78030,0,62841,0,0,3.0,1.0,2.0,0.0,0.0,412.74926709677425,470.227273,303.5014663870968,301.159824,416.85043990322583,1.027766,41.848984967741934,1.0,1.0,1.0,1.0,none,0:1.0500|1:0.8950|2:1.0300|3:0.9050|4:0.9400|5:1.1000|6:0.8200|,,2945446,1,132300,117,31,25.67374519333205,26.468320944120038,none,449141
Atak,21,178,2011,8,2450,2140,310,12729,225,124,0,81,198,4262510,3275189,964956,223200,50220,64216,81189,0,10245,535886,166050,51541,0,114509,147985,1539626,2539353,78030,0,76071,0,0,3.0,1.0,2.0,0.0,0.0,394.3108503225807,474.090909,303.0527858387097,303.1744867741935,404.6979473548387,1.035317,45.28907754838709,1.0,1.0,1.0,1.0,none,0:1.0500|1:0.8950|2:1.0300|3:0.9050|4:0.9350|5:1.1000|6:0.8200|,,3323204,1,132300,148,31,22.63821081944676,23.14368585323328,none,403586
Atak,21,208,2011,9,1931,1741,190,9783,253,109,0,16,149,3702225,2718587,960356,227206,48600,62595,68820,0,7080,546055,-28368,-111427,0,83059,87122,1117560,10033210,78030,0,89301,0,0,3.8666666666666667,1.0,2.0,0.0,0.8666666666666667,409.1666666666667,477.272727,296.90909089999997,298.54393933333336,417.6878786666667,1.042922,41.47992356666667,1.0,1.0,1.0,1.0,none,0:1.0500|1:0.9150|2:1.0300|3:0.9250|4:0.9500|5:1.1000|6:0.8200|,,2689608,3,132300,179,30,25.939968532436577,27.435660065173128,none,413755
Atak,21,239,2011,10,1904,1716,188,9820,251,98,0,13,145,3721990,2681123,1019365,205361,43200,65146,71641,0,0,634017,888490,575194,113575,199721,199721,1130010,10645829,78030,0,102531,0,0,3.5806451612903225,0.5806451612903226,2.0,0.0,1.0,411.466275483871,481.136364,293.5351905483871,294.4897361935484,419.83577745161296,1.050335,43.65347970967742,1.0,1.0,1.0,1.0,none,0:1.0500|1:0.9150|2:1.0300|3:0.9250|4:0.9500|5:1.1000|6:0.8200|,,2690708,3,132300,209,31,27.387634034481554,28.66117880421689,none,501717
Atak,21,269,2011,11,1908,1709,199,9986,248,131,0,21,142,3841720,2758022,1070055,156930,32400,63495,69840,0,0,747390,1059559,680025,113575,265959,265959,1353200,11560334,78030,0,115761,0,0,3.0,0.0,2.0,0.0,1.0,411.59090899999995,484.545455,294.1045454333333,293.99393936666667,420.96818146666664,1.058051,43.885343733333336,1.0,1.0,1.0,1.0,none,0:1.0500|1:0.9200|2:1.0300|3:0.9300|4:0.9500|5:1.1000|6:0.8200|,,2761100,3,132300,240,30,27.853539560405235,28.54445056916129,none,615090
Atak,21,300,2011,12,1899,1699,200,8886,308,141,0,13,154,3805375,2640415,1147939,242161,51480,66077,79949,0,21570,686702,-1037747,-1385017,113575,233695,233695,1119680,4968249,81281,0,129542,0,0,3.6451612903225805,0.0,2.0,0.6451612903225806,1.0,426.96480932258066,487.5,294.67302048387097,294.6759531612903,433.8782992580645,1.065572,40.608881193548385,1.0,1.0,1.0,1.0,none,0:1.0500|1:0.9300|2:1.0300|3:0.9400|4:0.9500|5:1.1000|6:0.8200|,,2666272,5,137812,270,31,30.166251683474034,30.984237096402136,none,548890
Atak,21,331,2012,1,1843,1665,178,9050,235,120,0,6,159,3900270,2654849,1231731,292161,62775,66569,80538,0,0,729688,847984,333260,122867,391857,391857,1024692,5208342,81281,0,143323,0,0,4.0,0.0,2.0,1.0,1.0,429.7507328709677,491.81818200000004,289.03519061290325,290.49266854838714,436.4340175483871,1.0734,41.056119967741935,1.0,1.0,1.0,1.0,none,0:1.0500|1:0.9300|2:1.0300|3:0.9400|4:0.9500|5:1.1000|6:0.8200|,,2681658,5,137812,301,31,31.580659800475352,32.743525838340844,none,591876
Atak,21,360,2012,2,1750,1547,203,8303,250,111,0,15,158,3549095,2461677,1073988,273499,58725,62623,75777,0,0,603364,947013,609615,0,337398,337398,1222626,6011483,81281,0,157104,0,0,4.0,0.0,2.0,1.0,1.0,429.96081499999997,494.3181819999999,297.727273,295.3385579310345,437.93887162068967,1.079586,41.52676344827586,1.0,1.0,1.0,1.0,none,0:1.0500|1:0.9300|2:1.0300|3:0.9400|4:0.9500|5:1.1000|6:0.8200|,,2481222,5,137812,332,29,30.260897496404013,30.754789131190932,none,465552
Atak,21,391,2012,3,1994,1756,238,9745,276,115,0,19,194,3990775,2785810,1188555,292361,62775,67313,74028,0,0,692078,1287487,674137,240353,372997,372997,1220098,6452115,81281,0,170885,0,0,4.0,0.0,2.0,1.0,1.0,430.0,496.590909,295.28885641935483,295.81818177419353,439.4164225483871,1.085405,42.83686570967742,1.0,1.0,1.0,1.0,none,0:1.0500|1:0.9300|2:1.0300|3:0.9400|4:0.9500|5:1.1000|6:0.8200|,,2790112,5,137812,361,31,29.782561031378616,31.328172925731433,none,554266
Atak,21,421,2012,4,1785,1609,176,8704,241,109,0,3,148,3661400,2430204,1213350,282930,60750,65502,72060,0,0,732108,1463607,748475,117433,597699,597699,1151152,7270939,81281,0,184666,0,0,4.0,0.0,2.0,1.0,1.0,440.7651518666667,499.318182,288.863636,290.4545454666667,447.0848486333333,1.09166,39.4298578,1.0,1.0,1.0,1.0,none,0:1.0500|1:0.9300|2:1.0300|3:0.9400|4:0.9500|5:1.1000|6:0.8200|,,2463258,5,137812,392,30,33.138963238105646,34.46314102268629,none,594296
Atak,21,452,2012,5,1908,1725,183,9464,229,119,0,6,155,3917565,2670528,1230836,292361,62775,68058,74865,0,0,732777,1296357,711941,118752,465664,465664,1212590,7898128,81281,0,198447,0,0,4.0,0.0,2.0,1.0,1.0,441.136364,502.045455,300.39442816129036,298.0307918064516,448.3958944516129,1.097747,39.768873,1.0,1.0,1.0,1.0,none,0:1.0500|1:0.9300|2:1.0300|3:0.9400|4:0.9500|5:1.1000|6:0.8200|,,2676756,5,137812,422,31,31.418393823714474,31.904405831007313,none,594965
Atak,21,482,2012,6,1819,1648,171,9438,204,67,0,6,150,3590935,2430817,1148445,282930,60750,66252,83790,0,0,654723,681766,292099,2935,386732,386732,1072226,8190611,84532,0,212779,198415,0,4.0,0.0,2.0,1.0,1.0,442.3636364,505.227273,297.40909100000005,297.98939390000004,450.31666663333334,1.104074,40.414113633333336,1.0,1.0,1.0,1.0,none,0:1.0500|1:0.9300|2:1.0300|3:0.9400|4:0.9500|5:1.1000|6:0.8200|,Volkan Tekin:6:15213,2452452,5,143325,453,30,31.98178190359892,32.76818740791054,none,511398
Atak,21,513,2012,7,1986,1788,198,10139,217,69,0,13,174,3929750,2647006,1255384,298361,64170,68833,87079,0,0,736941,-250160,-822788,118633,453995,453995,1263954,32960968,84532,0,227111,491629,0,4.0,0.0,2.0,1.0,1.0,443.1598238709678,508.18181799999996,296.090909,296.7771261935484,451.32844538709674,1.11023,41.399338354838704,1.0,1.0,1.0,1.0,none,0:1.0500|1:0.9300|2:1.0300|3:0.9400|4:0.9500|5:1.1000|6:0.8200|,Volkan Tekin:6:15859,2701004,5,143325,483,31,31.945645397289905,33.18642777369389,none,593616
Atak,21,544,2012,8,1836,1636,200,8557,213,83,0,19,154,3473095,2258932,1199953,298561,64170,69236,87575,0,0,680411,-3921129,-4923566,559253,443184,443184,849788,23211043,84532,0,241443,950593,0,4.0,0.0,2.0,1.0,1.0,458.53372422580645,510.909091,299.18181799999996,298.2404693870968,463.247800516129,1.116629,35.232956,1.0,1.0,1.0,1.0,none,0:1.0500|1:0.9300|2:1.0300|3:0.9400|4:0.9500|5:1.1000|6:0.8200|,Volkan Tekin:6:15859|Özlem Yavuz:4:38247,2245318,9,143325,514,31,34.549961921571395,34.75249426742996,none,537086
Atak,21,574,2012,9,1747,1563,184,8248,228,111,0,8,151,3701245,2429754,1256031,288930,62100,67393,74130,0,0,763478,2498434,617235,557302,1323897,1015182,1107836,22223668,84532,0,255775,1623180,0,4.0,0.0,2.0,1.0,1.0,465.6515148,514.090909,306.40909100000005,304.4984849333333,470.0954543,1.123064,34.15319533333333,1.0,1.0,1.0,1.0,none,0:1.0500|1:0.9300|2:1.0300|3:0.9400|4:0.9500|5:1.1000|6:0.8200|,Volkan Tekin:6:15859|Özlem Yavuz:4:38247,2478910,11,143325,545,30,33.93536499204997,34.19776780247251,none,620153
Atak,21,605,2012,10,1798,1601,197,8012,234,101,0,8,160,3476625,2232792,1228489,298561,64170,70042,77035,0,0,718681,7713361,5752716,447947,1512698,1821413,914208,26967874,84532,0,270107,1677286,0,4.0,0.0,2.0,1.0,1.0,466.43694987096774,516.818182,296.863636,299.16862170967744,470.5161291612903,1.129326,34.39458264516129,1.0,1.0,1.0,1.0,none,0:1.0500|1:0.9300|2:1.0300|3:0.9400|4:0.9500|5:1.1000|6:0.8200|,Volkan Tekin:6:15859|Özlem Yavuz:4:38247,2234272,11,143325,575,31,35.33567756085284,36.35503446240215,none,575356
Atak,21,635,2012,11,1703,1515,188,8001,202,109,0,2,151,3454540,2211050,1227943,288930,62100,68172,74970,0,0,733771,7648730,4987580,553310,2107840,2107840,973550,24250864,84532,0,284439,1623180,0,4.0,0.0,2.0,1.0,1.0,466.59090899999995,520.227273,298.863636,298.47121223333335,473.83636383333334,1.135835,35.95276596666667,1.0,1.0,1.0,1.0,none,0:1.0500|1:0.9300|2:1.0300|3:0.9400|4:0.9500|5:1.1000|6:0.8200|,Volkan Tekin:6:15859|Özlem Yavuz:4:38247,2212882,11,143325,606,30,35.54577454595981,35.94739412293179,none,590446
Atak,21,666,2012,12,1664,1483,181,7176,285,128,0,6,145,3710610,2398389,1295877,298561,64170,70818,85684,0,0,776644,6956883,4403776,1381,2551726,2551726,1113420,29524180,87784,0,299323,1679684,0,4.0,0.0,2.0,1.0,1.0,477.42668638709677,522.727273,310.772727,308.06451612903226,480.5938416129032,1.142168,32.04511796774194,1.0,1.0,1.0,1.0,none,0:1.0500|1:0.9300|2:1.0300|3:0.9400|4:0.9500|5:1.1000|6:0.8200|,Volkan Tekin:6:15859|Özlem Yavuz:4:38247,2459832,11,148837,636,31,34.92355704318158,34.906712200828686,none,627807
Atak,21,697,2013,1,1616,1429,187,6758,204,123,0,0,153,3298195,2119781,1166885,304561,65565,71252,86180,0,0,639327,5195713,2914714,398808,1882191,1882191,1021530,95929905,87784,0,314207,1751624,0,4.0,0.0,2.0,1.0,1.0,480.05865067741934,525.454545,309.227273,309.41202345161287,482.63049861290324,1.148751,31.510658193548387,1.0,1.0,1.0,1.0,none,0:1.0500|1:0.9300|2:1.0300|3:0.9400|4:0.9500|5:1.1000|6:0.8200|,Volkan Tekin:6:16562|Özlem Yavuz:4:39942,2108380,12,148837,667,31,35.379503031203434,35.58552219324786,none,490490
Atak,21,725,2013,2,1453,1280,173,6320,227,136,0,0,133,3257380,2097778,1138212,275268,59220,64749,78316,0,0,660659,-7020103,-9454077,1313164,1120810,1120810,1050456,46154579,87784,0,329091,1582112,0,4.0,0.0,2.0,1.0,1.0,481.5827925,528.863636,310.31818175,309.72077924999996,484.84253225000003,1.155828,31.37588285714286,1.0,1.0,1.0,1.0,none,0:1.0500|1:0.9300|2:1.0300|3:0.9400|4:0.9500|5:1.1000|6:0.8200|,Volkan Tekin:6:16562|Özlem Yavuz:4:39942,2118284,17,148837,698,28,34.942561199491614,35.56285926682067,none,511822
Atak,21,756,2013,3,1666,1463,203,7374,210,106,0,0,165,3299435,2104905,1184153,304761,65565,72089,79267,0,0,662471,12113984,8597357,1459429,2057198,1390227,946676,44871783,87784,0,343975,1751624,0,4.0,0.0,2.0,1.0,1.0,480.51319664516126,531.818182,305.9252199032258,307.218475032258,485.64662751612906,1.162259,32.81621158064516,1.0,1.0,1.0,1.0,none,0:1.0500|1:0.9300|2:1.0300|3:0.9400|4:0.9500|5:1.1000|6:0.8200|,Volkan Tekin:6:16562|Özlem Yavuz:4:39942,2096432,18,148837,726,31,35.88956897165727,36.333648682465075,none,513634
Atak,21,786,2013,4,1640,1430,210,6849,218,84,0,0,167,3181240,1969835,1198635,294930,63450,70184,77190,0,0,692881,16255920,10668488,1453238,4134194,4801165,910180,47806980,87784,0,358859,1695120,0,4.0,0.0,2.0,1.0,1.0,491.24242446666665,535.454545,304.136364,304.95,492.5318180333333,1.16942,30.287856733333335,1.0,1.0,1.0,1.0,none,0:1.0500|1:0.9300|2:1.0300|3:0.9400|4:0.9500|5:1.1000|6:0.8200|,Volkan Tekin:6:16562|Özlem Yavuz:4:39942,2002098,18,148837,757,30,37.67823238737096,38.08833503535539,none,544044
Atak,21,817,2013,5,1615,1430,185,6788,220,109,0,0,142,3147700,1984490,1145922,304761,65565,72957,80228,0,0,622411,15840596,10194036,1446948,4199612,4199612,860706,55496252,87784,0,373743,1751624,0,4.0,0.0,2.0,1.0,1.0,492.57331416129034,538.409091,312.863636,310.4413489354839,495.7302050645161,1.176391,31.206895451612905,1.0,1.0,1.0,1.0,none,0:1.0500|1:0.9300|2:1.0300|3:0.9400|4:0.9500|5:1.1000|6:0.8200|,Volkan Tekin:6:16562|Özlem Yavuz:4:39942,2027526,18,148837,787,31,36.405057661149414,36.48384372330114,none,473574
Atak,21,847,2013,6,1646,1470,176,6945,196,75,0,3,147,3106865,1942314,1148816,294930,63450,71024,89850,0,0,629562,13615108,7159042,1440842,5015224,3978984,944814,59683798,92660,0,389453,1697651,0,4.0,0.0,2.0,1.0,1.0,496.3939393333333,542.045455,314.363636,313.01666659999995,498.95909083333333,1.183639,30.595448733333335,1.0,1.0,1.0,1.0,none,0:1.0500|1:0.9300|2:1.0300|3:0.9400|4:0.9500|5:1.1000|6:0.8200|,Volkan Tekin:6:16562|Özlem Yavuz:4:39942,1977032,18,157106,818,30,36.97669515733706,36.67053300002082,none,472456
Atak,21,878,2013,7,1739,1553,186,7709,172,101,0,0,155,3325250,2099449,1207426,313761,67642,73826,93372,0,0,658825,16115223,10275502,1437844,4401877,5438117,955044,66706813,92660,0,405163,1830085,0,4.0,0.0,2.0,1.0,1.0,496.14369474193546,545.0,318.18181799999996,316.37536658064516,498.82844561290324,1.190696,30.023310612903224,1.0,1.0,1.0,1.0,none,0:1.0500|1:0.9300|2:1.0300|3:0.9400|4:0.9500|5:1.1000|6:0.8200|,Volkan Tekin:6:17303|Özlem Yavuz:4:41732,2103618,18,157106,848,31,36.31083377189685,35.86901912247433,none,501719
Atak,21,909,2013,8,1619,1454,165,6905,181,62,0,3,139,3100235,1932480,1153935,314061,67642,74291,93961,0,0,603980,17172680,11331510,1431287,4409883,4409883,826360,69775955,92660,0,420873,1830085,0,4.0,0.0,2.0,1.0,1.0,509.1715544193548,549.090909,320.18181799999996,318.79765383870966,508.02639283870974,1.198032,28.505095225806453,1.0,1.0,1.0,1.0,none,0:1.0500|1:0.9300|2:1.0300|3:0.9400|4:0.9500|5:1.1000|6:0.8200|,Volkan Tekin:6:17303|Özlem Yavuz:4:41732,1950196,18,157106,879,31,37.22088809396707,37.11710420172107,none,446874
Atak,21,939,2013,9,1536,1339,197,6193,223,77,0,0,159,3202690,1994247,1188478,303930,65460,72344,79560,0,0,667184,22397984,14500511,1413527,6483946,6483946,1003296,71885108,92660,0,436583,1771050,0,4.0,0.0,2.0,1.0,1.0,506.13636349999996,551.590909,314.5,316.0651514666667,507.8984848333333,1.205414,28.89574256666667,1.0,1.0,1.0,1.0,none,0:1.0500|1:0.9300|2:1.0300|3:0.9400|4:0.9500|5:1.1000|6:0.8200|,Volkan Tekin:6:17303|Özlem Yavuz:4:41732,2032860,18,157106,910,30,37.10874296294677,37.86259540310622,none,510078
Atak,21,970,2013,10,1569,1378,191,6504,244,68,0,0,157,3261865,2018809,1228381,314061,67642,75190,82708,0,0,688780,18236309,11812823,1395486,5028000,5028000,921828,65730535,92660,0,452293,1830085,0,4.0,0.0,2.0,1.0,1.0,510.0513199032259,555.227273,318.227273,316.91202345161287,511.0410558064516,1.2126,28.82298570967742,1.0,1.0,1.0,1.0,none,0:1.0500|1:0.9300|2:1.0300|3:0.9400|4:0.9500|5:1.1000|6:0.8200|,Volkan Tekin:6:17303|Özlem Yavuz:4:41732,2016942,19,157106,940,31,37.65885467362996,37.60877374841838,none,531674
Atak,21,1000,2013,11,1677,1467,210,6961,260,85,0,0,177,3509675,2184085,1305767,303930,65460,73215,80520,0,0,782642,24388723,19006188,2183,5380352,5380352,951664,71400439,92660,0,468003,1771050,0,4.0,0.0,2.0,1.0,1.0,510.6363635,558.409091,317.818182,317.3909091,514.2454543333333,1.220071,29.6284402,1.0,1.0,1.0,1.0,none,0:1.0500|1:0.9300|2:1.0300|3:0.9400|4:0.9500|5:1.1000|6:0.8200|,Volkan Tekin:6:17303|Özlem Yavuz:4:41732,2202302,19,157106,971,30,37.20478391873891,37.76037025220591,none,625536
Atak,21,1031,2013,12,1524,1328,196,5754,329,87,0,0,146,3366920,2040284,1315259,314061,67642,76120,92070,0,0,765366,31832439,21869993,1137933,8824513,8824513,902754,85653925,95911,0,484264,1832844,0,4.0,0.0,2.0,1.0,1.0,522.5586505806452,562.045455,315.909091,316.5205275806452,519.3093838709677,1.227345,27.53410283870968,1.0,1.0,1.0,1.0,none,0:1.0500|1:0.9300|2:1.0300|3:0.9400|4:0.9500|5:1.1000|6:0.8200|,Volkan Tekin:6:17303|Özlem Yavuz:4:41732,2056806,19,162619,1001,31,39.064159528589926,39.54571594040687,none,602747
Atak,21,1062,2014,1,1537,1340,197,6077,293,86,0,0,162,3666515,2300385,1349677,320061,69037,76586,92628,0,0,791365,13378263,7366035,1120436,4891792,4891792,982566,75713306,95911,0,500525,1915614,0,4.0,0.0,2.0,1.0,1.0,522.7712608387096,565.227273,327.86217022580644,324.86510261290323,521.5586511612903,1.234907,27.64433583870968,1.0,1.0,1.0,1.0,none,0:1.0500|1:0.9300|2:1.0300|3:0.9400|4:0.9500|5:1.1000|6:0.8200|,Volkan Tekin:6:18112|Özlem Yavuz:4:43682,2323050,21,162619,1032,31,36.81089535976261,37.283818988098204,none,628746
Atak,21,1090,2014,2,1480,1291,189,5786,304,70,0,0,160,3367845,2089407,1263289,289268,62356,69623,84224,0,0,757818,20230408,12941344,1102714,6186350,6186350,1025134,90962571,95911,0,516786,1730232,0,4.0,0.0,2.0,1.0,1.0,524.7564937857143,569.545455,322.26623367857144,323.63474017857146,525.1055194285715,1.243005,28.145404428571428,1.0,1.0,1.0,1.0,none,0:1.0500|1:0.9300|2:1.0300|3:0.9400|4:0.9500|5:1.1000|6:0.8200|,Volkan Tekin:6:18112|Özlem Yavuz:4:43682,2114540,21,162619,1063,28,37.51030703610172,38.5874710470625,none,595199
Atak,21,1121,2014,3,1587,1384,203,6165,258,57,0,0,174,3309775,2071399,1219544,320261,69037,77547,85281,0,0,667418,30804535,20769083,1084763,8950689,8950689,877700,96091614,95911,0,533047,1915614,0,4.0,0.0,2.0,1.0,1.0,524.3841643548387,572.954545,329.227273,326.8592375483871,527.4648095806451,1.250366,29.137200387096772,1.0,1.0,1.0,1.0,none,0:1.0500|1:0.9300|2:1.0300|3:0.9400|4:0.9500|5:1.1000|6:0.8200|,Volkan Tekin:6:18112|Özlem Yavuz:4:43682,2116626,21,162619,1091,31,36.846734294627275,37.2163967985083,none,504799
Atak,21,1151,2014,4,1619,1405,214,6485,272,82,0,0,173,3613370,2238409,1355299,309930,66810,75526,83070,0,0,819963,25836470,17547285,1066582,7222603,7222603,1132760,105409860,95911,0,549308,1853820,0,4.0,0.0,2.0,1.0,1.0,536.0606061666666,575.454545,332.90909100000005,331.13333320000004,531.6878788333333,1.258565,26.849746566666667,1.0,1.0,1.0,1.0,none,0:1.0500|1:0.9300|2:1.0300|3:0.9400|4:0.9500|5:1.1000|6:0.8200|,Volkan Tekin:6:18112|Özlem Yavuz:4:43682,2247608,21,162619,1122,30,37.50789429258559,37.89711701059129,none,657344
Atak,21,1182,2014,5,1828,1588,240,7400,263,87,0,2,202,4065345,2535478,1515342,320261,69037,78540,86366,0,0,961138,29919482,22227079,563,7691840,7691840,1032642,116874944,95911,0,565569,1915614,0,4.0,0.0,2.0,1.0,1.0,534.4208209032258,579.772727,331.68181799999996,331.64076251612903,534.6876832903225,1.266552,28.562036838709677,1.0,1.0,1.0,1.0,none,0:1.0500|1:0.9300|2:1.0300|3:0.9400|4:0.9500|5:1.1000|6:0.8200|,Volkan Tekin:6:18112|Özlem Yavuz:4:43682,2532222,21,162619,1152,31,37.274622449017244,37.936209626072625,none,798519
Atak,21,1212,2014,6,1753,1531,222,7277,248,66,0,4,192,3432095,2123931,1295665,309930,66810,76516,96750,0,0,745659,18701560,9410837,1137776,8152947,8152947,923010,104200727,100789,0,582658,1856740,0,4.0,0.0,2.0,1.0,1.0,535.7424245333333,582.954545,335.09090899999995,333.7757575333334,536.8560605666667,1.274857,29.580932266666665,1.0,1.0,1.0,1.0,none,0:1.0500|1:0.9300|2:1.0300|3:0.9400|4:0.9500|5:1.1000|6:0.8200|,Volkan Tekin:6:18112|Özlem Yavuz:4:43682,2169840,23,170887,1183,30,37.751431705707446,37.45298231853002,none,574772
Atak,21,1243,2014,7,1908,1679,229,7751,227,97,0,9,193,3851720,2432221,1397949,329261,71145,79563,100626,0,0,817354,27414616,18333916,1120604,7960096,7960096,1037364,111794964,100789,0,599747,2006134,0,4.0,0.0,2.0,1.0,1.0,538.6510263548387,587.954545,343.18181799999996,340.8313782258065,541.479472483871,1.282947,29.70520019354839,1.0,1.0,1.0,1.0,none,0:1.0500|1:0.9300|2:1.0300|3:0.9400|4:0.9500|5:1.1000|6:0.8200|,Volkan Tekin:6:18968|Özlem Yavuz:4:45746,2477670,23,170887,1213,31,36.294149107411755,36.28865421042984,none,646467
Atak,21,1274,2014,8,1826,1582,244,7506,209,47,0,11,208,3723835,2311943,1392718,329561,71145,80090,101277,0,0,810645,32118290,19999631,1103484,11015175,8750401,1087424,135001930,100789,0,616836,2006134,0,4.0,0.0,2.0,1.0,1.0,544.8167153870968,590.681818,335.454545,337.5263929032258,545.052786,1.291361,28.751877387096776,1.0,1.0,1.0,1.0,none,0:1.0500|1:0.9300|2:1.0300|3:0.9400|4:0.9500|5:1.1000|6:0.8200|,Volkan Tekin:6:18968|Özlem Yavuz:4:45746,2312478,23,170887,1244,31,37.40009962847441,38.428000550303096,none,639758
Atak,21,1304,2014,9,1684,1472,212,6749,270,107,0,0,183,3849795,2433543,1401912,318930,68850,78016,85800,0,0,850316,30868269,20410639,1089894,9367736,11632510,1123528,139098996,100789,0,633925,1941420,0,4.0,0.0,2.0,1.0,1.0,547.727273,594.3181820000001,347.90909100000005,344.90454546666666,548.5712118333335,1.299829,29.112993066666665,1.0,1.0,1.0,1.0,none,0:1.0500|1:0.9300|2:1.0300|3:0.9400|4:0.9500|5:1.1000|6:0.8200|,Volkan Tekin:6:18968|Özlem Yavuz:4:45746,2467870,23,170887,1275,30,36.41523769447464,36.481327815859906,none,679429
Atak,21,1335,2014,10,1805,1577,228,7418,247,96,0,3,205,4133885,2559896,1552958,329561,71145,81113,89218,0,0,981921,39106791,28652883,1072005,9381903,9381903,1108872,145229845,100789,0,651014,2006134,0,4.0,0.0,2.0,1.0,1.0,550.4032257741935,599.318182,337.590909,340.1451613548387,552.0527859032259,1.308077,29.594278032258067,1.0,1.0,1.0,1.0,none,0:1.0500|1:0.9300|2:1.0300|3:0.9400|4:0.9500|5:1.1000|6:0.8200|,Volkan Tekin:6:18968|Özlem Yavuz:4:45746,2535472,24,170887,1305,31,37.56655059344902,38.66480187772394,none,811034
Atak,21,1365,2014,11,1777,1533,244,7060,266,92,0,8,206,3889350,2447219,1429640,318930,68850,79007,86910,0,0,875943,46655480,33719041,3174,12933265,10063479,1063058,137941896,100789,0,668103,1941420,0,4.0,0.0,2.0,1.0,1.0,552.2272724666667,602.272727,350.09090899999995,347.2636365,554.9015151,1.316655,29.39405693333333,1.0,1.0,1.0,1.0,none,0:1.0500|1:0.9300|2:1.0300|3:0.9400|4:0.9500|5:1.1000|6:0.8200|,Volkan Tekin:6:18968|Özlem Yavuz:4:45746,2509954,24,170887,1336,30,36.7578130021726,36.603835693186994,none,705056
Atak,21,1396,2014,12,1682,1433,249,6400,311,105,0,0,194,4042440,2507237,1519730,329561,71145,82167,99417,0,0,937440,49169518,35755203,1074584,12339731,15209517,1212844,160683342,105665,0,686018,2009314,0,4.0,0.0,2.0,1.0,1.0,564.4648093548387,606.818182,349.727273,349.2228741290323,561.5689148064516,1.32501,27.336533161290323,1.0,1.0,1.0,1.0,none,0:1.0500|1:0.9300|2:1.0300|3:0.9400|4:0.9500|5:1.1000|6:0.8200|,Volkan Tekin:6:18968|Özlem Yavuz:4:45746,2505636,24,179156,1366,31,37.594373695095044,38.04267915306808,none,758284
Atak,21,1427,2015,1,1732,1488,244,6918,257,122,0,0,204,4152285,2575113,1558886,389861,84778,82696,100068,0,29403,872080,18606599,7785838,1058367,9762394,9762394,1119918,167074225,105665,0,703933,2104714,0,4.0,0.0,2.0,1.0,1.0,563.475073516129,610.227273,348.4193549354839,348.73607022580643,562.8137828387097,1.3337,26.252877548387097,1.0,1.0,1.0,1.0,none,0:1.0500|1:0.9300|2:1.0300|3:0.9400|4:0.9500|5:1.1000|6:0.8200|,Volkan Tekin:6:19900|Özlem Yavuz:4:47994,2575330,26,179156,1397,31,37.54284689032665,38.165968414304544,none,692924
Atak,21,1455,2015,2,1489,1280,209,5600,258,87,0,0,177,3372920,2108263,1245174,359268,78120,75225,91000,0,0,641561,23405792,13774206,1041928,8589658,8589658,1115796,173089025,105665,0,721848,1901032,0,4.0,0.0,2.0,1.0,1.0,566.4610388214286,614.5454550000001,356.863636,354.18181814285714,567.0064937142857,1.342972,25.594917428571428,1.0,1.0,1.0,1.0,none,0:1.0500|1:0.9300|2:1.0300|3:0.9400|4:0.9500|5:1.1000|6:0.8200|,Volkan Tekin:6:19900|Özlem Yavuz:4:47994,2156118,28,179156,1428,28,36.916796129169974,37.00120369399353,none,462405
Atak,21,1486,2015,3,1594,1369,225,6318,293,75,0,0,194,3699005,2299611,1382827,397761,86490,83812,92163,0,0,722601,49263647,33102245,1025265,15136137,15136137,969988,174219969,105665,0,739763,2104714,0,4.0,0.0,2.0,1.0,1.0,568.9589441290324,618.409091,350.636364,352.1202346774193,568.7184751935484,1.351403,26.025555451612906,1.0,1.0,1.0,1.0,none,0:1.0500|1:0.9300|2:1.0300|3:0.9400|4:0.9500|5:1.1000|6:0.8200|,Volkan Tekin:6:19900|Özlem Yavuz:4:47994,2304982,28,179156,1456,31,37.38375590192498,38.37229072182749,none,543445
Atak,21,1516,2015,4,1651,1405,246,6637,259,72,0,0,206,3810815,2350695,1436879,384930,83700,81678,89820,0,0,796751,48896202,34492475,1008372,13395355,13395355,1072260,192922755,105665,0,757678,2036820,0,4.0,0.0,2.0,1.0,1.0,573.3787877666667,622.954545,353.363636,352.51060616666666,574.4803031333333,1.360799,26.0453472,1.0,1.0,1.0,1.0,none,0:1.0500|1:0.9300|2:1.0300|3:0.9400|4:0.9500|5:1.1000|6:0.8200|,Volkan Tekin:6:19900|Özlem Yavuz:4:47994,2408398,28,179156,1487,30,37.70529401191084,38.37169362745953,none,617595
Atak,21,1547,2015,5,1721,1474,247,7195,213,78,0,2,209,3913446,2389829,1501860,397761,86490,84959,93434,0,827,838389,49552881,31596707,991248,16964926,13958355,1006434,214019149,105665,0,775593,2104714,0,4.0,0.0,2.0,1.0,1.0,577.5439884193548,626.818182,353.545455,352.8680350967742,579.2595308709678,1.369954,26.296787161290325,1.0,1.0,1.0,1.0,none,0:1.0500|1:0.9300|2:1.0300|3:0.9400|4:0.9500|5:1.1000|6:0.8200|,Volkan Tekin:6:19900|Özlem Yavuz:4:47994,2419496,28,179156,1517,31,38.376918960936216,38.784670589750725,none,659233
Atak,21,1577,2015,6,1750,1496,254,7189,219,68,0,4,218,3770006,2298721,1451875,384930,83700,82789,104700,0,344,795412,38272309,25397611,991,12873707,15880278,1032498,212606791,110542,0,794335,2040195,0,4.0,0.0,2.0,1.0,1.0,580.6818179999999,632.045455,354.88181840000004,354.3636364,582.0772726666668,1.379479,27.5462983,1.0,1.0,1.0,1.0,none,0:1.0500|1:0.9300|2:1.0300|3:0.9400|4:0.9500|5:1.1000|6:0.8200|,Volkan Tekin:6:19900|Özlem Yavuz:4:47994,2345106,30,187425,1548,30,38.51121191849562,38.88532283957269,none,607987
Atak,21,1608,2015,7,1731,1486,245,7109,199,54,0,7,206,3650585,2234110,1399324,406761,88567,86137,108934,0,746,708179,44644308,31412821,1053164,12178323,12178323,871224,217894388,110542,0,813077,2209339,0,4.0,0.0,2.0,1.0,1.0,584.9926688709677,635.227273,362.272727,359.57624632258063,586.3563049354839,1.38876,26.030851129032257,1.0,1.0,1.0,1.0,none,0:1.0500|1:0.9300|2:1.0300|3:0.9400|4:0.9500|5:1.1000|6:0.8200|,Volkan Tekin:6:20889|Özlem Yavuz:4:50381,2232456,31,187425,1578,31,38.33150029378853,38.07226205087593,none,520754
Atak,21,1639,2015,8,1708,1465,243,6950,208,55,0,3,217,3687468,2293416,1373800,407061,88567,86726,109678,0,1245,680523,43144161,24710762,1037539,17395860,17395860,1056742,232734453,110542,0,831819,2209339,0,4.0,0.0,2.0,1.0,1.0,591.7228743548387,640.909091,370.272727,367.4354838064516,592.774193516129,1.398416,26.251557548387094,1.0,1.0,1.0,1.0,none,0:1.0500|1:0.9300|2:1.0300|3:0.9400|4:0.9500|5:1.1000|6:0.8200|,Volkan Tekin:6:20889|Özlem Yavuz:4:50381,2335602,32,187425,1609,31,37.25591652591968,37.42463861926717,none,493098
Atak,21,1669,2015,9,1663,1447,216,6711,236,94,0,3,180,4057722,2545607,1489653,393930,85710,84499,92940,0,1484,831090,64003596,46874200,1021688,16107708,16107708,1016600,238990782,110542,0,850561,2138070,0,4.0,0.0,2.0,1.0,1.0,592.045455,644.090909,368.727273,368.77424260000004,594.4909089,1.408139,26.5597016,1.0,1.0,1.0,1.0,none,0:1.0500|1:0.9300|2:1.0300|3:0.9400|4:0.9500|5:1.1000|6:0.8200|,Volkan Tekin:6:20889|Özlem Yavuz:4:50381,2558724,33,187425,1640,30,36.71155885001486,37.71976967545506,none,643665
Atak,21,1700,2015,10,1711,1465,246,6825,232,111,0,0,198,4237364,2589717,1627845,407061,88567,87905,96689,0,955,946668,67138090,48982290,1005944,17149856,17149856,1087230,265136898,110542,0,869303,2209339,0,4.0,0.0,2.0,1.0,1.0,598.9076246129033,648.8636359999999,367.090909,367.5073313548387,600.4002933225806,1.417612,25.687826096774195,1.0,1.0,1.0,1.0,none,0:1.0500|1:0.9300|2:1.0300|3:0.9400|4:0.9500|5:1.1000|6:0.8200|,Volkan Tekin:6:20889|Özlem Yavuz:4:50381,2600852,33,187425,1670,31,38.41645419180415,38.70658947825805,none,759243
Atak,21,1730,2015,11,1648,1416,232,6571,200,98,0,0,204,3938077,2391467,1529703,393930,85710,85669,94200,0,1151,869043,75116137,53557378,994402,20564357,20564357,1158752,227800975,110542,0,888045,2138070,0,4.0,0.0,2.0,1.0,1.0,603.4242427,653.863636,367.09090899999995,367.2590908,604.0439392333334,1.427469,25.7925379,1.0,1.0,1.0,1.0,none,0:1.0500|1:0.9300|2:1.0300|3:0.9400|4:0.9500|5:1.1000|6:0.8200|,Volkan Tekin:6:20889|Özlem Yavuz:4:50381,2431522,34,187425,1701,30,38.84390782607856,39.165369399567886,none,681618
Atak,21,1761,2015,12,1674,1457,217,6720,235,141,0,0,190,4150072,2547916,1580624,407061,88567,89114,107818,0,465,887599,90119262,68243412,4086,21871764,21871764,1186464,276371863,117045,0,907890,2213029,0,4.0,0.0,2.0,1.0,1.0,604.7287388709677,658.181818,374.636364,372.2521993548387,606.8665686451612,1.437072,26.357453612903225,1.0,1.0,1.0,1.0,none,0:1.0500|1:0.9300|2:1.0300|3:0.9400|4:0.9500|5:1.1000|6:0.8200|,Volkan Tekin:6:20889|Özlem Yavuz:4:50381,2551168,34,198450,1731,31,38.086664520519165,38.04885729435509,none,689149
Atak,21,1792,2016,1,1679,1390,289,6488,323,70,0,2,241,4528049,2774996,1744337,419061,91357,89735,108562,0,432,1035190,36807971,13925843,996978,21885150,18283085,1227546,314753414,117045,0,927735,2323729,0,4.0,0.0,2.0,1.0,1.0,608.8563051290323,662.272727,373.31818200000004,373.3563050967742,611.7683285806452,1.447064,25.90367406451613,1.0,1.0,1.0,1.0,none,0:1.0500|1:0.9300|2:1.0300|3:0.9400|4:0.9500|5:1.1000|6:0.8200|,Volkan Tekin:6:21970|Özlem Yavuz:4:52989,2781216,36,198450,1762,31,38.52292676161411,38.68533858397273,none,836740
Atak,21,1821,2016,2,1596,1335,261,6292,263,65,0,0,228,4235662,2593533,1627312,392399,85463,84555,102312,0,403,962180,34096782,15873993,982192,17240597,20842662,1162234,298977801,117045,0,947580,2173811,0,4.0,0.0,2.0,1.0,1.0,615.7445142413793,667.272727,377.901253862069,376.20219437931036,616.2257052068966,1.4576940000000003,26.109128620689653,1.0,1.0,1.0,1.0,none,0:1.0500|1:0.9300|2:1.0300|3:0.9400|4:0.9500|5:1.1000|6:0.8200|,Volkan Tekin:6:21970|Özlem Yavuz:4:52989,2643260,40,198450,1793,29,38.419307300724185,38.62693940072568,none,763730
Atak,21,1852,2016,3,1787,1518,269,7165,243,79,0,0,244,4569067,2880278,1664194,419461,91357,91007,100099,0,474,961796,75063453,55575961,967191,18520301,18520301,1259696,287965296,117045,0,967425,2323729,0,4.0,0.0,2.0,1.0,1.0,613.7976540967742,671.1363640000001,388.4530789032258,385.4413489032258,616.7727271612903,1.467709,26.996582,1.0,1.0,1.0,1.0,none,0:1.0500|1:0.9300|2:1.0300|3:0.9400|4:0.9500|5:1.1000|6:0.8200|,Volkan Tekin:6:21970|Özlem Yavuz:4:52989,2914908,41,198450,1822,31,36.423059674983975,36.71316983528574,none,763346
Atak,21,1882,2016,4,1613,1349,264,6645,260,56,0,0,227,4130679,2535461,1576371,405930,88410,88731,97590,0,658,895052,79079375,55977890,951972,22149513,22149513,1230648,315680563,117045,0,987270,2248770,0,4.0,0.0,2.0,1.0,1.0,637.9772725333333,676.590909,393.0,391.1333333333333,636.2075756,1.4784910000000002,24.8415387,1.0,1.0,1.0,1.0,none,0:1.0500|1:0.9300|2:1.0300|3:0.9400|4:0.9500|5:1.1000|6:0.8200|,Volkan Tekin:6:21970|Özlem Yavuz:4:52989,2577240,41,198450,1853,30,38.16251517002411,38.399059508900244,none,696602
Atak,21,1913,2016,5,1686,1412,274,6592,251,74,0,0,239,4028743,2463703,1543058,419461,91357,92340,101556,0,993,837351,89706359,59312401,936532,29457426,29457426,1107450,343047386,117045,0,1007115,2323729,0,4.0,0.0,2.0,1.0,1.0,647.8445746129032,680.909091,396.31818200000004,394.5542522903226,640.6334312258065,1.489001,24.176966548387096,1.0,1.0,1.0,1.0,none,0:1.0500|1:0.9300|2:1.0300|3:0.9400|4:0.9500|5:1.1000|6:0.8200|,Volkan Tekin:6:21970|Özlem Yavuz:4:52989,2479694,41,198450,1883,31,38.30122695838379,38.82511368767639,none,638901
Atak,21,1943,2016,6,1704,1440,264,7029,202,75,0,0,237,3954795,2407744,1525565,405930,88410,90021,113850,0,963,826391,68993317,45915974,1926,23075417,23075417,1023960,359445302,123547,0,1028062,2310689,0,4.0,0.0,2.0,1.0,1.0,649.772727,685.6818179999999,396.136364,395.3469695333333,647.8212118,1.499939,25.309216,1.0,1.0,1.0,1.0,none,0:1.0500|1:0.9300|2:1.0300|3:0.9400|4:0.9500|5:1.1000|6:0.8200|,Volkan Tekin:6:21970|Özlem Yavuz:4:52989|Bülent Güneş:1:14315,2450842,43,209475,1914,30,38.57507152709559,39.03462741057767,none,616916
Atak,21,1974,2016,7,1751,1495,256,7296,223,65,0,3,217,4077069,2461977,1596935,431461,94147,93673,118482,0,959,858213,64076384,38171814,938871,24965699,19466294,1154994,375936120,123547,0,1049009,2911923,0,4.0,0.0,2.0,1.0,1.0,652.8445748709677,692.045455,394.590909,394.96774203225806,652.4721408709677,1.510601,25.009569000000003,1.0,1.0,1.0,1.0,none,0:1.0500|1:0.9300|2:1.0300|3:0.9400|4:0.9500|5:1.1000|6:0.8200|,Volkan Tekin:6:23117|Özlem Yavuz:4:55753|Bülent Güneş:1:15063,2471436,44,209475,1944,31,39.168701829672244,39.558215816070856,none,648738
Atak,21,2005,2016,8,1734,1460,274,6821,233,44,0,0,232,3731933,2266770,1443294,431861,94147,94356,119350,0,528,703052,66128156,42527237,924870,22676049,28175454,1075970,389708319,123547,0,1069956,2958051,0,4.0,0.0,2.0,1.0,1.0,657.5953080967741,696.590909,399.71114348387096,397.7727272903226,656.9633429677419,1.521698,26.181319903225805,1.0,1.0,1.0,1.0,none,0:1.0500|1:0.9300|2:1.0300|3:0.9400|4:0.9500|5:1.1000|6:0.8200|,Volkan Tekin:6:23117|Özlem Yavuz:4:55753|Bülent Güneş:1:15063|Ebru Turan:1:15376,2318766,46,209475,1975,31,38.67416697995382,39.216241575578884,none,493577
Atak,21,2035,2016,9,1610,1366,244,6540,212,42,0,0,219,4131000,2495789,1616851,417930,91110,92002,101160,0,0,914649,95517570,68484159,910666,26122745,26122745,1277406,410551648,123547,0,1090903,3279270,0,4.0,0.0,2.0,1.0,1.0,664.6818184666666,702.272727,398.227273,398.44090873333334,663.2893937000001,1.5328759999999997,26.9297251,1.0,1.0,1.0,1.0,none,0:1.0500|1:0.9300|2:1.0300|3:0.9400|4:0.9500|5:1.1000|6:0.8200|,Volkan Tekin:6:23117|Özlem Yavuz:4:55753|Bülent Güneş:1:15063|Ebru Turan:1:15376,2484582,47,209475,2006,30,39.13945775841201,40.08753332253651,none,705174
Atak,21,2066,2016,10,1622,1352,270,6395,300,53,0,0,231,4222342,2501425,1702730,431861,94147,95750,105276,0,541,975155,84471095,52662563,896256,30912276,30912276,1134504,403196331,123547,0,1111850,3511587,0,4.0,0.0,2.0,1.0,1.0,672.3900292580646,706.1363640000001,396.363636,397.1524927419355,665.8944278709678,1.543772,24.817766451612904,1.0,1.0,1.0,1.0,none,0:1.0500|1:0.9300|2:1.0300|3:0.9400|4:0.9500|5:1.1000|6:0.8200|,Volkan Tekin:6:23117|Özlem Yavuz:4:55753|Bülent Güneş:1:15063|Ebru Turan:1:15376|Cengiz Turan:1:15376,2523270,49,209475,2036,31,40.326671785468825,41.051529803712356,none,765680
Atak,21,2096,2016,11,1599,1326,273,6135,301,51,0,0,226,4036523,2386293,1637860,417930,91110,93322,102630,0,1068,931800,123795247,96837694,881636,26075917,26075917,1118862,347274860,123547,0,1132797,3740550,0,4.0,0.0,2.0,1.0,1.0,676.9545454,712.272727,399.29999990000005,398.2863636666667,671.5757575666667,1.555113,24.7321641,1.0,1.0,1.0,1.0,none,0:1.0500|1:0.9300|2:1.0300|3:0.9400|4:0.9500|5:1.1000|6:0.8200|,Volkan Tekin:6:23117|Özlem Yavuz:4:55753|Bülent Güneş:1:15063|Ebru Turan:1:15376|Cengiz Turan:1:15376,2436090,50,209475,2067,30,40.576010591293546,41.015242070047556,none,722325
Atak,21,2127,2016,12,1646,1354,292,6173,294,72,0,2,245,4231751,2526411,1685617,431861,94147,97115,117490,0,600,944404,145880911,111663487,0,34217424,34217424,1109214,406342178,130050,0,1154847,3872849,0,4.0,0.0,2.0,1.0,1.0,676.5982406451614,716.1363640000001,403.545455,401.68328451612905,674.611437064516,1.566167,25.227138999999998,1.0,1.0,1.0,1.0,none,0:1.0500|1:0.9300|2:1.0300|3:0.9400|4:0.9500|5:1.1000|6:0.8200|,Volkan Tekin:6:23117|Özlem Yavuz:4:55753|Bülent Güneş:1:15063|Ebru Turan:1:15376|Cengiz Turan:1:15376,2519358,50,220500,2097,31,39.83261302472664,40.356709379674925,none,723904
Atak,21,2158,2017,1,1632,1361,271,6276,279,93,0,0,216,4549855,2746624,1782787,443861,96937,97833,118358,0,0,1025798,43999078,9133633,889442,33976003,33976003,1204656,473789219,130050,0,1176897,4847125,0,4.0,0.0,2.0,1.0,1.0,687.9912023225806,722.5,414.136364,410.7272727741935,682.4120234516129,1.577672,24.369871967741936,1.0,1.0,1.0,1.0,none,0:1.0500|1:0.9300|2:1.0300|3:0.9400|4:0.9500|5:1.1000|6:0.8200|,Volkan Tekin:6:24528|Özlem Yavuz:4:59156|Bülent Güneş:1:15983|Ebru Turan:1:16316|Cengiz Turan:1:16316|Serap Korkmaz:1:16871|Can Korkmaz:2:29745,2781016,52,220500,2128,31,39.18338056927089,39.804991313562965,none,805298
Atak,21,2186,2017,2,1461,1189,272,5653,212,99,0,0,236,4122391,2474292,1630483,401268,87556,89150,107856,0,498,944155,24772241,3355222,876207,20540812,20540812,1137854,466356157,130050,0,1198947,5439025,0,4.0,0.0,2.0,1.0,1.0,696.12013025,729.0909089999999,416.72727242857144,415.48863625,689.2987015714285,1.591718,24.143696357142858,1.0,1.0,1.0,1.0,none,0:1.0500|1:0.9300|2:1.0300|3:0.9400|4:0.9500|5:1.1000|6:0.8200|,Volkan Tekin:6:24528|Özlem Yavuz:4:59156|Bülent Güneş:1:15983|Ebru Turan:1:16316|Cengiz Turan:1:16316|Serap Korkmaz:1:16871|Can Korkmaz:2:29745|Meltem Polat:1:15871|Ercan Öztürk:1:16093|Hülya Arslan:1:15316,2507990,57,220500,2159,28,39.551876568719464,40.135724522301814,none,723655
Atak,21,2217,2017,3,1586,1330,256,6131,240,51,0,0,233,4106439,2446672,1646317,444261,96937,99508,109430,0,650,895531,84122642,57370506,862781,25889355,25889355,1098342,448053889,130050,0,1220997,7012045,0,4.0,0.0,2.0,1.0,1.0,698.2258067741935,733.8636359999999,415.73020512903224,415.37096780645163,691.8739004516129,1.604512,24.041899193548385,1.0,1.0,1.0,1.0,none,0:1.0500|1:0.9300|2:1.0300|3:0.9400|4:0.9500|5:1.1000|6:0.8200|,Volkan Tekin:6:24528|Özlem Yavuz:4:59156|Bülent Güneş:1:15983|Ebru Turan:1:16316|Cengiz Turan:1:16316|Serap Korkmaz:1:16871|Can Korkmaz:2:29745|Meltem Polat:1:15871|Ercan Öztürk:1:16093|Hülya Arslan:1:15316,2460402,61,220500,2187,31,40.091110570496724,40.459060507988426,none,675031
Atak,21,2247,2017,4,1578,1291,287,5977,268,56,0,4,249,3944193,2366838,1553965,429930,93810,97167,106830,0,413,825815,101135749,61103043,849160,39183546,31101945,1114392,485901253,130050,0,1243047,6785850,0,4.0,0.0,2.0,1.0,1.0,701.2348483333334,740.6818179999999,422.863636,420.13030313333337,701.0848484666666,1.618797,24.372481233333335,1.0,1.0,1.0,1.0,none,0:1.0500|1:0.9300|2:1.0300|3:0.9400|4:0.9500|5:1.1000|6:0.8200|,Volkan Tekin:6:24528|Özlem Yavuz:4:59156|Bülent Güneş:1:15983|Ebru Turan:1:16316|Cengiz Turan:1:16316|Serap Korkmaz:1:16871|Can Korkmaz:2:29745|Meltem Polat:1:15871|Ercan Öztürk:1:16093|Hülya Arslan:1:15316,2417388,61,220500,2218,30,39.3988073098857,39.697287291833085,none,605315
Atak,21,2278,2017,5,1545,1260,285,5935,286,74,0,2,233,4142064,2495566,1627586,444261,96937,101245,111352,0,1028,872763,120372339,86045921,835341,33491077,41572678,1124940,516242232,130050,0,1265097,7012045,0,4.0,0.0,2.0,1.0,1.0,700.2565982580645,747.272727,421.863636,421.4985335483871,700.2434017419355,1.632742,24.70144529032258,1.0,1.0,1.0,1.0,none,0:1.0500|1:0.9300|2:1.0300|3:0.9400|4:0.9500|5:1.1000|6:0.8200|,Volkan Tekin:6:24528|Özlem Yavuz:4:59156|Bülent Güneş:1:15983|Ebru Turan:1:16316|Cengiz Turan:1:16316|Serap Korkmaz:1:16871|Can Korkmaz:2:29745|Meltem Polat:1:15871|Ercan Öztürk:1:16093|Hülya Arslan:1:15316,2525488,61,220500,2248,31,39.294081404826194,39.755849919955885,none,652263
Atak,21,2308,2017,6,1714,1409,305,6949,227,66,0,5,256,4184112,2486047,1678499,429930,93810,98878,125040,0,1182,929659,105488997,72175359,2943,33310695,33310695,1062484,532986498,138178,0,1288525,7253214,0,4.0,0.0,2.0,1.0,1.0,709.3181818666667,754.3181820000001,420.5,420.9318181,709.3318181,1.647278,26.108458733333336,1.0,1.0,1.0,1.0,none,0:1.0500|1:0.9300|2:1.0300|3:0.9400|4:0.9500|5:1.1000|6:0.8200|,Volkan Tekin:6:24528|Özlem Yavuz:4:59156|Bülent Güneş:1:15983|Ebru Turan:1:16316|Cengiz Turan:1:16316|Serap Korkmaz:1:16871|Can Korkmaz:2:29745|Meltem Polat:1:15871|Ercan Öztürk:1:16093|Hülya Arslan:1:15316|Gülay Bulut:1:14206|Murat Çelik:1:16426,2490396,63,234281,2279,30,40.11601505887032,40.71771868396248,none,695378
Atak,21,2339,2017,7,1697,1416,281,6404,247,57,0,0,241,4053072,2365035,1672918,459261,100440,103043,130324,0,677,879173,77555269,38683572,932684,37939013,37939013,1050778,556441803,138178,0,1311953,8555913,0,4.0,0.0,2.0,1.0,1.0,719.9266863870968,760.0,421.18181799999996,420.9853372258064,718.7727275483871,1.661468,24.970770612903227,1.0,1.0,1.0,1.0,none,0:1.0500|1:0.9300|2:1.0300|3:0.9400|4:0.9500|5:1.1000|6:0.8200|,Volkan Tekin:6:26045|Özlem Yavuz:4:62814|Bülent Güneş:1:16970|Ebru Turan:1:17324|Cengiz Turan:1:17324|Serap Korkmaz:1:17913|Can Korkmaz:2:31584|Meltem Polat:1:16852|Ercan Öztürk:1:17089|Hülya Arslan:1:16263|Gülay Bulut:1:15085|Murat Çelik:1:17442|Hasan Uçar:1:16617|Serkan Demir:2:31348|Kaan Doğan:3:54094,2411870,65,234281,2309,31,41.275309197566685,41.49656819728793,none,644892
Atak,21,2370,2017,8,1751,1428,323,7034,234,46,0,0,281,4543632,2648948,1876373,459761,100440,103972,131471,0,2113,1078616,95886091,60558220,919331,34408540,34408540,1075386,589805358,138178,0,1335381,11688837,0,4.0,0.0,2.0,1.0,1.0,726.4369500967741,766.818182,425.363636,423.6612902258064,724.741935516129,1.67626,25.074360483870965,1.0,1.0,1.0,1.0,none,0:1.0500|1:0.9300|2:1.0300|3:0.9400|4:0.9500|5:1.1000|6:0.8200|,Volkan Tekin:6:26045|Özlem Yavuz:4:62814|Bülent Güneş:1:16970|Ebru Turan:1:17324|Cengiz Turan:1:17324|Serap Korkmaz:1:17913|Can Korkmaz:2:31584|Meltem Polat:1:16852|Ercan Öztürk:1:17089|Hülya Arslan:1:16263|Gülay Bulut:1:15085|Murat Çelik:1:17442|Hasan Uçar:1:16617|Serkan Demir:2:31348|Kaan Doğan:3:54094|Can Demir:1:17796,2613836,67,234281,2340,31,41.29676435063403,41.44520925823857,none,844335
Atak,21,2400,2017,9,1616,1307,309,6314,239,72,0,0,266,4459578,2664474,1758703,444930,97200,101490,111630,0,1783,1001670,110817626,75964839,905763,33947024,33947024,1281588,591441583,138178,0,1358809,12244518,0,4.0,0.0,2.0,1.0,1.0,736.9090911999999,773.863636,443.90909100000005,438.5439395,732.4166666333333,1.691183,24.66321203333333,1.0,1.0,1.0,1.0,none,0:1.0500|1:0.9300|2:1.0300|3:0.9400|4:0.9500|5:1.1000|6:0.8200|,Volkan Tekin:6:26045|Özlem Yavuz:4:62814|Bülent Güneş:1:16970|Ebru Turan:1:17324|Cengiz Turan:1:17324|Serap Korkmaz:1:17913|Can Korkmaz:2:31584|Meltem Polat:1:16852|Ercan Öztürk:1:17089|Hülya Arslan:1:16263|Gülay Bulut:1:15085|Murat Çelik:1:17442|Hasan Uçar:1:16617|Serkan Demir:2:31348|Kaan Doğan:3:54094|Can Demir:1:17796|Hüseyin Kara:1:17324,2754084,68,234281,2371,30,39.43653412946247,39.76067111926545,none,767389
Atak,21,2431,2017,10,1589,1252,337,5718,319,81,0,0,274,3971351,2366212,1583644,459761,100440,105802,116343,0,766,800532,126420155,76845549,1769944,47804662,47804662,1145200,625410241,138178,0,1382237,12706373,0,4.0,0.0,2.0,1.0,1.0,743.6436948387096,781.1363640000001,442.5,442.24486790322584,738.3782991935484,1.705752,22.994654096774195,1.0,1.0,1.0,1.0,none,0:1.0500|1:0.9300|2:1.0300|3:0.9400|4:0.9500|5:1.1000|6:0.8200|,Volkan Tekin:6:26045|Özlem Yavuz:4:62814|Bülent Güneş:1:16970|Ebru Turan:1:17324|Cengiz Turan:1:17324|Serap Korkmaz:1:17913|Can Korkmaz:2:31584|Meltem Polat:1:16852|Ercan Öztürk:1:17089|Hülya Arslan:1:16263|Gülay Bulut:1:15085|Murat Çelik:1:17442|Hasan Uçar:1:16617|Serkan Demir:2:31348|Kaan Doğan:3:54094|Can Demir:1:17796|Hüseyin Kara:1:17324,2400342,68,234281,2401,31,39.8767069443119,40.49569665268597,none,566251
Atak,21,2461,2017,11,1626,1340,286,6384,275,83,0,0,232,4633043,2793914,1810252,444930,97200,103290,113580,0,940,1050312,162036443,125698405,436,36337602,36337602,1330816,547642198,138178,0,1405665,12296490,0,4.0,0.0,2.0,1.0,1.0,746.0984851666667,787.272727,448.636364,446.35454546666665,745.2560605333333,1.720938,24.332111933333334,1.0,1.0,1.0,1.0,none,0:1.0500|1:0.9300|2:1.0300|3:0.9400|4:0.9500|5:1.1000|6:0.8200|,Volkan Tekin:6:26045|Özlem Yavuz:4:62814|Bülent Güneş:1:16970|Ebru Turan:1:17324|Cengiz Turan:1:17324|Serap Korkmaz:1:17913|Can Korkmaz:2:31584|Meltem Polat:1:16852|Ercan Öztürk:1:17089|Hülya Arslan:1:16263|Gülay Bulut:1:15085|Murat Çelik:1:17442|Hasan Uçar:1:16617|Serkan Demir:2:31348|Kaan Doğan:3:54094|Can Demir:1:17796|Hüseyin Kara:1:17324,2848524,69,234281,2432,30,39.07263541478031,39.86901556303499,none,816031
Atak,21,2492,2017,12,1651,1365,286,6145,293,117,0,0,241,4895307,2931043,1944694,459761,100440,107662,130231,0,4080,1142520,189669375,128694948,880561,60093866,47757970,1292268,635369526,146306,0,1430471,12731397,0,4.0,0.0,2.0,1.0,1.0,757.3093842903226,794.545455,452.636364,450.72287403225806,751.4794719677419,1.735763,24.27139358064516,1.0,1.0,1.0,1.0,none,0:1.0500|1:0.9300|2:1.0300|3:0.9400|4:0.9500|5:1.1000|6:0.8200|,Volkan Tekin:6:26045|Özlem Yavuz:4:62814|Bülent Güneş:1:16970|Ebru Turan:1:17324|Cengiz Turan:1:17324|Serap Korkmaz:1:17913|Can Korkmaz:2:31584|Meltem Polat:1:16852|Ercan Öztürk:1:17089|Hülya Arslan:1:16263|Gülay Bulut:1:15085|Murat Çelik:1:17442|Hasan Uçar:1:16617|Serkan Demir:2:31348|Kaan Doğan:3:54094|Can Demir:1:17796|Hüseyin Kara:1:17324,2953878,69,248062,2462,31,39.725680125883834,40.230984404852286,none,894458
Atak,21,2523,2018,1,1608,1287,321,6499,274,109,0,0,268,5064545,3042419,1996039,474761,103912,108594,131378,0,0,1177394,61897718,22335312,868308,38694098,51029994,1504986,719741233,146306,0,1455277,13646802,0,4.0,0.0,2.0,1.0,1.0,753.3577711290322,801.590909,447.954545,449.20674493548387,750.5542522258065,1.751216,25.764058129032257,1.0,1.0,1.0,1.0,none,0:1.0500|1:0.9200|2:1.0300|3:0.9300|4:0.9400|5:1.1000|6:0.8200|,Volkan Tekin:6:27635|Özlem Yavuz:4:66649|Bülent Güneş:1:18006|Ebru Turan:1:18381|Cengiz Turan:1:18381|Serap Korkmaz:1:19007|Can Korkmaz:2:33512|Meltem Polat:1:17881|Ercan Öztürk:1:18131|Hülya Arslan:1:17257|Gülay Bulut:1:16006|Murat Çelik:1:18507|Hasan Uçar:1:17631|Serkan Demir:2:33262|Kaan Doğan:3:57396|Can Demir:1:18882|Hüseyin Kara:1:18381|Nesrin Bozkurt:1:17257|Cengiz Kaplan:2:37638,3073820,71,248062,2493,31,39.4120103582849,40.538936191145226,none,929332
Atak,21,2551,2018,2,1623,1304,319,6673,262,90,0,2,280,5012084,3021285,1971049,429268,93856,98980,119728,0,841,1228376,57017999,19394639,862789,36760571,36760571,1570438,760951417,146306,0,1480083,16602636,0,4.0,0.0,2.0,1.0,1.0,754.0746752857142,809.0909089999999,452.272727,450.9642856785714,756.1412338214286,1.766807,27.741192678571426,1.0,1.0,1.0,1.0,none,0:1.0500|1:0.9200|2:1.0300|3:0.9300|4:0.9400|5:1.1000|6:0.8200|,Volkan Tekin:6:27635|Özlem Yavuz:4:66649|Bülent Güneş:1:18006|Ebru Turan:1:18381|Cengiz Turan:1:18381|Serap Korkmaz:1:19007|Can Korkmaz:2:33512|Meltem Polat:1:17881|Ercan Öztürk:1:18131|Hülya Arslan:1:17257|Gülay Bulut:1:16006|Murat Çelik:1:18507|Hasan Uçar:1:17631|Serkan Demir:2:33262|Kaan Doğan:3:57396|Can Demir:1:18882|Hüseyin Kara:1:18381|Nesrin Bozkurt:1:17257|Cengiz Kaplan:2:37638|Arzu Özkan:1:20258|Emre Koç:2:35013|Kadir Erdoğan:3:51519|Yasemin Şimşek:1:19132,3015340,78,248062,2524,28,39.32593707527647,40.02281977860659,none,980314
Atak,21,2582,2018,3,1807,1456,351,7531,290,95,0,2,301,5294079,3175528,2093633,475261,103912,110454,121458,0,1926,1280622,120047205,82461787,849605,36735813,36735813,1372338,710456110,146306,0,1504889,19570200,0,4.0,0.0,2.0,1.0,1.0,760.410556967742,815.227273,452.954545,452.04105587096774,759.6979473548387,1.781008,28.64808048387097,1.0,1.0,1.0,1.0,none,0:1.0500|1:0.9250|2:1.0300|3:0.9350|4:0.9450|5:1.1000|6:0.8200|,Volkan Tekin:6:27635|Özlem Yavuz:4:66649|Bülent Güneş:1:18006|Ebru Turan:1:18381|Cengiz Turan:1:18381|Serap Korkmaz:1:19007|Can Korkmaz:2:33512|Meltem Polat:1:17881|Ercan Öztürk:1:18131|Hülya Arslan:1:17257|Gülay Bulut:1:16006|Murat Çelik:1:18507|Hasan Uçar:1:17631|Serkan Demir:2:33262|Kaan Doğan:3:57396|Can Demir:1:18882|Hüseyin Kara:1:18381|Nesrin Bozkurt:1:17257|Cengiz Kaplan:2:37638|Arzu Özkan:1:20258|Emre Koç:2:35013|Kadir Erdoğan:3:51519|Yasemin Şimşek:1:19132|Arzu Şimşek:1:17881,3210886,87,248062,2552,31,39.54668980194666,40.43289630193612,none,1032560
Atak,21,2612,2018,4,1630,1316,314,6859,244,71,0,0,278,5003982,3037394,1940739,459930,100560,107851,118590,0,1072,1152736,129621474,71958174,836208,56827092,56827092,1362228,744474461,146306,0,1529695,19008120,0,4.0,0.0,2.0,1.0,1.0,772.9015151,822.045455,470.454545,465.83636366666667,772.9909088666667,1.796864,27.381715866666664,1.0,1.0,1.0,1.0,none,0:1.0500|1:0.9300|2:1.0300|3:0.9400|4:0.9500|5:1.1000|6:0.8200|,Volkan Tekin:6:27635|Özlem Yavuz:4:66649|Bülent Güneş:1:18006|Ebru Turan:1:18381|Cengiz Turan:1:18381|Serap Korkmaz:1:19007|Can Korkmaz:2:33512|Meltem Polat:1:17881|Ercan Öztürk:1:18131|Hülya Arslan:1:17257|Gülay Bulut:1:16006|Murat Çelik:1:18507|Hasan Uçar:1:17631|Serkan Demir:2:33262|Kaan Doğan:3:57396|Can Demir:1:18882|Hüseyin Kara:1:18381|Nesrin Bozkurt:1:17257|Cengiz Kaplan:2:37638|Arzu Özkan:1:20258|Emre Koç:2:35013|Kadir Erdoğan:3:51519|Yasemin Şimşek:1:19132|Arzu Şimşek:1:17881,3102394,87,248062,2583,30,38.78389250800662,39.131372392363424,none,904674
Atak,21,2643,2018,5,1813,1463,350,7403,273,92,0,5,293,5395550,3279757,2094602,475261,103912,112407,123597,0,1578,1277847,161661102,113659902,5319,47995881,47995881,1436118,782268012,146306,0,1554501,19641724,0,4.0,0.0,2.0,1.0,1.0,778.2184751290323,829.772727,469.363636,469.0967741935484,776.7521992903227,1.812343,27.086467096774193,1.0,1.0,1.0,1.0,none,0:1.0500|1:0.9300|2:1.0300|3:0.9400|4:0.9500|5:1.1000|6:0.8200|,Volkan Tekin:6:27635|Özlem Yavuz:4:66649|Bülent Güneş:1:18006|Ebru Turan:1:18381|Cengiz Turan:1:18381|Serap Korkmaz:1:19007|Can Korkmaz:2:33512|Meltem Polat:1:17881|Ercan Öztürk:1:18131|Hülya Arslan:1:17257|Gülay Bulut:1:16006|Murat Çelik:1:18507|Hasan Uçar:1:17631|Serkan Demir:2:33262|Kaan Doğan:3:57396|Can Demir:1:18882|Hüseyin Kara:1:18381|Nesrin Bozkurt:1:17257|Cengiz Kaplan:2:37638|Arzu Özkan:1:20258|Emre Koç:2:35013|Kadir Erdoğan:3:51519|Yasemin Şimşek:1:19132|Arzu Şimşek:1:17881,3321684,87,248062,2613,31,38.820917237353,39.68742056372058,none,1029785
Atak,21,2673,2018,6,1823,1473,350,7736,178,70,0,8,319,4922385,2954086,1940244,459930,100560,109741,138780,0,2306,1128927,146135395,95725529,923884,49485982,49485982,1323524,833493977,156060,0,1580961,19047296,0,4.0,0.0,2.0,1.0,1.0,778.1060603000001,837.272727,461.681818,464.0500001333333,783.2681818666666,1.828478,29.6855079,1.0,1.0,1.0,1.0,none,0:1.0500|1:0.9200|2:1.0300|3:0.9300|4:0.9400|5:1.1000|6:0.8200|,Volkan Tekin:6:27635|Özlem Yavuz:4:66649|Bülent Güneş:1:18006|Ebru Turan:1:18381|Cengiz Turan:1:18381|Serap Korkmaz:1:19007|Can Korkmaz:2:33512|Meltem Polat:1:17881|Ercan Öztürk:1:18131|Hülya Arslan:1:17257|Gülay Bulut:1:16006|Murat Çelik:1:18507|Hasan Uçar:1:17631|Serkan Demir:2:33262|Kaan Doğan:3:57396|Can Demir:1:18882|Hüseyin Kara:1:18381|Nesrin Bozkurt:1:17257|Cengiz Kaplan:2:37638|Arzu Özkan:1:20258|Emre Koç:2:35013|Kadir Erdoğan:3:51519|Yasemin Şimşek:1:19132|Arzu Şimşek:1:17881,2962060,88,264600,2644,30,39.41674615049412,40.665952682337696,none,864327
Atak,21,2704,2018,7,1814,1516,298,8021,232,65,0,2,261,5412021,3279297,2115124,523861,114995,114361,144646,0,43481,1173780,78978490,28179064,911079,49888347,49888347,1572210,816287796,156060,0,1607421,22720350,0,3.903225806451613,0.0,2.0,0.9032258064516129,1.0,793.240468967742,844.318182,481.772727,476.3445748064516,791.2111436129031,1.84423,27.653516161290323,1.0,1.0,1.0,1.0,none,0:1.0500|1:0.9300|2:1.0300|3:0.9400|4:0.9500|5:1.1000|6:0.8200|,Volkan Tekin:6:29344|Özlem Yavuz:4:70769|Bülent Güneş:1:19120|Ebru Turan:1:19518|Cengiz Turan:1:19518|Serap Korkmaz:1:20182|Can Korkmaz:2:35584|Meltem Polat:1:18987|Ercan Öztürk:1:19252|Hülya Arslan:1:18324|Gülay Bulut:1:16996|Murat Çelik:1:19651|Hasan Uçar:1:18722|Serkan Demir:2:35318|Kaan Doğan:3:60945|Can Demir:1:20050|Hüseyin Kara:1:19518|Nesrin Bozkurt:1:18324|Cengiz Kaplan:2:39966|Arzu Özkan:1:21510|Emre Koç:2:37178|Kadir Erdoğan:3:54704|Yasemin Şimşek:1:20315|Arzu Şimşek:1:18987|Emine Uysal:1:21908|Hasan Öztürk:2:40231,3336210,94,264600,2674,31,39.081962172726236,39.26523597227214,none,909180
Atak,21,2735,2018,8,1808,1438,370,7590,205,66,0,9,327,5095526,3115891,1963446,558961,122760,115384,145917,0,1142,1019282,104574732,57211544,898046,46465142,46465142,1283966,872183626,156060,0,1633881,22782489,0,4.0,0.0,2.0,1.0,1.0,793.2991205483871,851.590909,482.81964790322576,481.68914961290324,797.7302052580645,1.860649,29.357172,1.0,1.0,1.0,1.0,none,0:1.0500|1:0.9300|2:1.0300|3:0.9400|4:0.9500|5:1.1000|6:0.8200|,Volkan Tekin:6:29344|Özlem Yavuz:4:70769|Bülent Güneş:1:19120|Ebru Turan:1:19518|Cengiz Turan:1:19518|Serap Korkmaz:1:20182|Can Korkmaz:2:35584|Meltem Polat:1:18987|Ercan Öztürk:1:19252|Hülya Arslan:1:18324|Gülay Bulut:1:16996|Murat Çelik:1:19651|Hasan Uçar:1:18722|Serkan Demir:2:35318|Kaan Doğan:3:60945|Can Demir:1:20050|Hüseyin Kara:1:19518|Nesrin Bozkurt:1:18324|Cengiz Kaplan:2:39966|Arzu Özkan:1:21510|Emre Koç:2:37178|Kadir Erdoğan:3:54704|Yasemin Şimşek:1:20315|Arzu Şimşek:1:18987|Emine Uysal:1:21908|Hasan Öztürk:2:40231,3114606,96,264600,2705,31,38.53274421521939,39.13775581025918,none,754682
Atak,21,2765,2018,9,1784,1454,330,7492,208,70,0,10,298,5417148,3241006,2146830,540930,118800,112653,123900,0,2270,1248277,144053868,83722965,884781,59446122,46471464,1460078,868665164,156060,0,1660341,22047570,0,4.0,0.0,2.0,1.0,1.0,806.3939395666667,859.3181820000001,476.363636,478.19545453333336,805.6196969,1.877214,29.2235251,1.0,1.0,1.0,1.0,none,0:1.0500|1:0.9300|2:1.0300|3:0.9400|4:0.9500|5:1.1000|6:0.8200|,Volkan Tekin:6:29344|Özlem Yavuz:4:70769|Bülent Güneş:1:19120|Ebru Turan:1:19518|Cengiz Turan:1:19518|Serap Korkmaz:1:20182|Can Korkmaz:2:35584|Meltem Polat:1:18987|Ercan Öztürk:1:19252|Hülya Arslan:1:18324|Gülay Bulut:1:16996|Murat Çelik:1:19651|Hasan Uçar:1:18722|Serkan Demir:2:35318|Kaan Doğan:3:60945|Can Demir:1:20050|Hüseyin Kara:1:19518|Nesrin Bozkurt:1:18324|Cengiz Kaplan:2:39966|Arzu Özkan:1:21510|Emre Koç:2:37178|Kadir Erdoğan:3:54704|Yasemin Şimşek:1:20315|Arzu Şimşek:1:18987|Emine Uysal:1:21908|Hasan Öztürk:2:40231,3272372,104,264600,2736,30,39.630263009243976,40.92668451154478,none,983677
Atak,21,2796,2018,10,1717,1413,304,6739,283,70,0,0,259,5339593,3126116,2189854,558961,122760,117430,129115,0,2107,1259481,160430624,106720891,871279,52838454,65813112,1405014,905546360,156060,0,1686801,22782489,0,4.0,0.0,2.0,1.0,1.0,822.8225807419356,866.3636359999999,482.227273,480.53665690322583,815.9765397096775,1.893385,25.48767822580645,1.0,1.0,1.0,1.0,none,0:1.0500|1:0.9300|2:1.0300|3:0.9400|4:0.9500|5:1.1000|6:0.8200|,Volkan Tekin:6:29344|Özlem Yavuz:4:70769|Bülent Güneş:1:19120|Ebru Turan:1:19518|Cengiz Turan:1:19518|Serap Korkmaz:1:20182|Can Korkmaz:2:35584|Meltem Polat:1:18987|Ercan Öztürk:1:19252|Hülya Arslan:1:18324|Gülay Bulut:1:16996|Murat Çelik:1:19651|Hasan Uçar:1:18722|Serkan Demir:2:35318|Kaan Doğan:3:60945|Can Demir:1:20050|Hüseyin Kara:1:19518|Nesrin Bozkurt:1:18324|Cengiz Kaplan:2:39966|Arzu Özkan:1:21510|Emre Koç:2:37178|Kadir Erdoğan:3:54704|Yasemin Şimşek:1:20315|Arzu Şimşek:1:18987|Emine Uysal:1:21908|Hasan Öztürk:2:40231,3158220,104,264600,2766,31,41.011627665254636,41.393529506059764,none,994881
Atak,21,2826,2018,11,1532,1225,307,5810,278,70,0,0,261,4596078,2773758,1797798,540930,118800,114633,126090,0,1272,896073,209019334,161127037,1857,47890440,47890440,1242104,763334141,156060,0,1713261,22047570,0,4.0,0.0,2.0,1.0,1.0,827.1515153,874.090909,501.727273,495.7787879,825.6303032333333,1.910241,24.569370666666668,1.0,1.0,1.0,1.0,none,0:1.0500|1:0.9300|2:1.0300|3:0.9400|4:0.9500|5:1.1000|6:0.8200|,Volkan Tekin:6:29344|Özlem Yavuz:4:70769|Bülent Güneş:1:19120|Ebru Turan:1:19518|Cengiz Turan:1:19518|Serap Korkmaz:1:20182|Can Korkmaz:2:35584|Meltem Polat:1:18987|Ercan Öztürk:1:19252|Hülya Arslan:1:18324|Gülay Bulut:1:16996|Murat Çelik:1:19651|Hasan Uçar:1:18722|Serkan Demir:2:35318|Kaan Doğan:3:60945|Can Demir:1:20050|Hüseyin Kara:1:19518|Nesrin Bozkurt:1:18324|Cengiz Kaplan:2:39966|Arzu Özkan:1:21510|Emre Koç:2:37178|Kadir Erdoğan:3:54704|Yasemin Şimşek:1:20315|Arzu Şimşek:1:18987|Emine Uysal:1:21908|Hasan Öztürk:2:40231,2874906,104,264600,2797,30,39.11591578732998,39.34276082199665,none,631473
Atak,21,2857,2018,12,1627,1322,305,6104,270,111,0,0,264,5032913,2998804,2014984,558961,122760,119478,144553,0,1924,1067308,249590722,168580170,874041,80136511,80136511,1308660,818962504,167439,0,1741650,22841161,0,4.0,0.0,2.0,1.0,1.0,829.3181816451613,881.3636359999999,487.636364,491.49413483870967,829.2052785483871,1.926697,25.39816377419355,1.0,1.0,1.0,1.0,none,0:1.0500|1:0.9200|2:1.0300|3:0.9300|4:0.9400|5:1.1000|6:0.8200|,Volkan Tekin:6:29344|Özlem Yavuz:4:70769|Bülent Güneş:1:19120|Ebru Turan:1:19518|Cengiz Turan:1:19518|Serap Korkmaz:1:20182|Can Korkmaz:2:35584|Meltem Polat:1:18987|Ercan Öztürk:1:19252|Hülya Arslan:1:18324|Gülay Bulut:1:16996|Murat Çelik:1:19651|Hasan Uçar:1:18722|Serkan Demir:2:35318|Kaan Doğan:3:60945|Can Demir:1:20050|Hüseyin Kara:1:19518|Nesrin Bozkurt:1:18324|Cengiz Kaplan:2:39966|Arzu Özkan:1:21510|Emre Koç:2:37178|Kadir Erdoğan:3:54704|Yasemin Şimşek:1:20315|Arzu Şimşek:1:18987|Emine Uysal:1:21908|Hasan Öztürk:2:40231,2896764,104,283894,2827,31,40.03613811722953,41.20032880110616,none,783414
Atak,21,2888,2019,1,1552,1191,361,5599,324,54,0,0,302,4823145,2871270,1930085,579961,127627,120574,145824,0,1711,954388,74688003,21237731,861798,52588474,52588474,1169226,1002445089,167439,0,1770039,24601321,0,4.0,0.0,2.0,1.0,1.0,838.709677483871,889.318182,501.31818200000004,497.6715543548387,838.5469208709678,1.94385,22.97803658064516,1.0,1.0,1.0,1.0,none,0:1.0500|1:0.9300|2:1.0300|3:0.9400|4:0.9500|5:1.1000|6:0.8200|,Volkan Tekin:6:31686|Özlem Yavuz:4:76420|Bülent Güneş:1:20646|Ebru Turan:1:21076|Cengiz Turan:1:21076|Serap Korkmaz:1:21793|Can Korkmaz:2:38425|Meltem Polat:1:20503|Ercan Öztürk:1:20789|Hülya Arslan:1:19786|Gülay Bulut:1:18352|Murat Çelik:1:21219|Hasan Uçar:1:20216|Serkan Demir:2:38138|Kaan Doğan:3:65811|Can Demir:1:21649|Hüseyin Kara:1:21076|Nesrin Bozkurt:1:19786|Cengiz Kaplan:2:43157|Arzu Özkan:1:23227|Emre Koç:2:40146|Kadir Erdoğan:3:59072|Yasemin Şimşek:1:21937|Arzu Şimşek:1:20503|Emine Uysal:1:23657|Hasan Öztürk:2:43443,2871962,103,283894,2858,31,40.017146488442705,40.22744753536712,none,670494
Atak,21,2916,2019,2,1390,1084,306,5074,232,71,0,0,264,4413092,2674250,1720593,524468,115276,110195,133280,0,2956,834418,5873834,-40854963,849336,45879461,45879461,1293824,969891601,167439,0,1798428,22220548,0,4.0,0.0,2.0,1.0,1.0,850.6168828928572,900.0,515.181818,509.84253239285715,849.9805193214286,1.967061,22.785440107142854,1.0,1.0,1.0,1.0,none,0:1.0500|1:0.9300|2:1.0300|3:0.9400|4:0.9500|5:1.1000|6:0.8200|,Volkan Tekin:6:31686|Özlem Yavuz:4:76420|Bülent Güneş:1:20646|Ebru Turan:1:21076|Cengiz Turan:1:21076|Serap Korkmaz:1:21793|Can Korkmaz:2:38425|Meltem Polat:1:20503|Ercan Öztürk:1:20789|Hülya Arslan:1:19786|Gülay Bulut:1:18352|Murat Çelik:1:21219|Hasan Uçar:1:20216|Serkan Demir:2:38138|Kaan Doğan:3:65811|Can Demir:1:21649|Hüseyin Kara:1:21076|Nesrin Bozkurt:1:19786|Cengiz Kaplan:2:43157|Arzu Özkan:1:23227|Emre Koç:2:40146|Kadir Erdoğan:3:59072|Yasemin Şimşek:1:21937|Arzu Şimşek:1:20503|Emine Uysal:1:23657|Hasan Öztürk:2:43443,2701828,114,283894,2889,28,38.98837821645232,39.43432955998691,none,550524
Atak,21,2947,2019,3,1458,1144,314,5418,293,90,0,0,256,4436717,2651452,1769303,580661,127627,123334,135594,0,1744,800343,103290034,49685557,837291,52767186,40581275,1154154,943811514,167439,0,1826817,24601321,0,4.0,0.0,2.0,1.0,1.0,859.6114366129033,909.090909,515.090909,513.7331378387097,860.0703812903225,1.988265,21.391492774193548,1.0,1.0,1.0,1.0,none,0:1.0500|1:0.9300|2:1.0300|3:0.9400|4:0.9500|5:1.1000|6:0.8200|,Volkan Tekin:6:31686|Özlem Yavuz:4:76420|Bülent Güneş:1:20646|Ebru Turan:1:21076|Cengiz Turan:1:21076|Serap Korkmaz:1:21793|Can Korkmaz:2:38425|Meltem Polat:1:20503|Ercan Öztürk:1:20789|Hülya Arslan:1:19786|Gülay Bulut:1:18352|Murat Çelik:1:21219|Hasan Uçar:1:20216|Serkan Demir:2:38138|Kaan Doğan:3:65811|Can Demir:1:21649|Hüseyin Kara:1:21076|Nesrin Bozkurt:1:19786|Cengiz Kaplan:2:43157|Arzu Özkan:1:23227|Emre Koç:2:40146|Kadir Erdoğan:3:59072|Yasemin Şimşek:1:21937|Arzu Şimşek:1:20503|Emine Uysal:1:23657|Hasan Öztürk:2:43443,2718426,116,283894,2917,31,39.87865351790524,40.078634710864876,none,516449
Atak,21,2977,2019,4,1571,1220,351,5786,268,29,0,0,310,4709900,2786563,1896177,561930,123510,120767,132780,0,3833,953357,121856585,66904298,834144,54118143,66304054,1354374,997439202,167439,0,1855206,23807730,0,4.0,0.0,2.0,1.0,1.0,871.5227269666667,922.045455,515.045455,514.2121213333334,869.8212122333333,2.012006,22.3697202,1.0,1.0,1.0,1.0,none,0:1.0500|1:0.9300|2:1.0300|3:0.9400|4:0.9500|5:1.1000|6:0.8200|,Volkan Tekin:6:31686|Özlem Yavuz:4:76420|Bülent Güneş:1:20646|Ebru Turan:1:21076|Cengiz Turan:1:21076|Serap Korkmaz:1:21793|Can Korkmaz:2:38425|Meltem Polat:1:20503|Ercan Öztürk:1:20789|Hülya Arslan:1:19786|Gülay Bulut:1:18352|Murat Çelik:1:21219|Hasan Uçar:1:20216|Serkan Demir:2:38138|Kaan Doğan:3:65811|Can Demir:1:21649|Hüseyin Kara:1:21076|Nesrin Bozkurt:1:19786|Cengiz Kaplan:2:43157|Arzu Özkan:1:23227|Emre Koç:2:40146|Kadir Erdoğan:3:59072|Yasemin Şimşek:1:21937|Arzu Şimşek:1:20503|Emine Uysal:1:23657|Hasan Öztürk:2:43443,2799948,116,283894,2948,30,40.259389795961695,40.90280849099429,none,669463
Atak,21,3008,2019,5,1601,1271,330,5949,263,72,0,0,286,4851797,2856205,1969744,580661,127627,126249,138818,0,4401,991988,184945295,127087366,8428,57849501,57849501,1338216,1041580792,167439,0,1883595,24601321,0,4.0,0.0,2.0,1.0,1.0,877.9618770967742,931.818182,517.545455,515.7507331935484,878.6173019354839,2.035252,22.22532264516129,1.0,1.0,1.0,1.0,none,0:1.0500|1:0.9300|2:1.0300|3:0.9400|4:0.9500|5:1.1000|6:0.8200|,Volkan Tekin:6:31686|Özlem Yavuz:4:76420|Bülent Güneş:1:20646|Ebru Turan:1:21076|Cengiz Turan:1:21076|Serap Korkmaz:1:21793|Can Korkmaz:2:38425|Meltem Polat:1:20503|Ercan Öztürk:1:20789|Hülya Arslan:1:19786|Gülay Bulut:1:18352|Murat Çelik:1:21219|Hasan Uçar:1:20216|Serkan Demir:2:38138|Kaan Doğan:3:65811|Can Demir:1:21649|Hüseyin Kara:1:21076|Nesrin Bozkurt:1:19786|Cengiz Kaplan:2:43157|Arzu Özkan:1:23227|Emre Koç:2:40146|Kadir Erdoğan:3:59072|Yasemin Şimşek:1:21937|Arzu Şimşek:1:20503|Emine Uysal:1:23657|Hasan Öztürk:2:43443,2865460,116,283894,2978,31,40.59823607624144,41.0514888514968,none,708094
Atak,21,3038,2019,6,1561,1221,340,6054,256,73,0,2,286,4703000,2743963,1936535,561930,123510,123618,156330,0,0,971147,129696250,60390329,952177,68353744,55516881,1189944,1075495898,182070,0,1914465,23871973,0,4.0,0.0,2.0,1.0,1.0,892.3787877333333,942.954545,524.318182,521.4878787333333,890.1984847,2.059555,22.174680833333333,1.0,1.0,1.0,1.0,none,0:1.0500|1:0.9300|2:1.0300|3:0.9400|4:0.9500|5:1.1000|6:0.8200|,Volkan Tekin:6:31686|Özlem Yavuz:4:76420|Bülent Güneş:1:20646|Ebru Turan:1:21076|Cengiz Turan:1:21076|Serap Korkmaz:1:21793|Can Korkmaz:2:38425|Meltem Polat:1:20503|Ercan Öztürk:1:20789|Hülya Arslan:1:19786|Gülay Bulut:1:18352|Murat Çelik:1:21219|Hasan Uçar:1:20216|Serkan Demir:2:38138|Kaan Doğan:3:65811|Can Demir:1:21649|Hüseyin Kara:1:21076|Nesrin Bozkurt:1:19786|Cengiz Kaplan:2:43157|Arzu Özkan:1:23227|Emre Koç:2:40146|Kadir Erdoğan:3:59072|Yasemin Şimşek:1:21937|Arzu Şimşek:1:20503|Emine Uysal:1:23657|Hasan Öztürk:2:43443,2781822,119,308700,3009,30,41.17658941101425,41.24488510851063,none,662447
Atak,21,3069,2019,7,1517,1181,336,5803,316,38,0,0,263,4358139,2571432,1772478,607661,133920,129226,163401,0,778,737492,90251769,40471745,939697,48840327,61677190,1264206,1077013162,182070,0,1945335,26592854,0,4.0,0.0,2.0,1.0,1.0,904.1202343870968,953.409091,542.0,534.9002933225806,898.4545453225807,2.08335,20.822360354838708,1.0,1.0,1.0,1.0,none,0:1.0500|1:0.9300|2:1.0300|3:0.9400|4:0.9500|5:1.1000|6:0.8200|,Volkan Tekin:6:34251|Özlem Yavuz:4:82607|Bülent Güneş:1:22317|Ebru Turan:1:22783|Cengiz Turan:1:22783|Serap Korkmaz:1:23558|Can Korkmaz:2:41536|Meltem Polat:1:22163|Ercan Öztürk:1:22473|Hülya Arslan:1:21387|Gülay Bulut:1:19838|Murat Çelik:1:22938|Hasan Uçar:1:21853|Serkan Demir:2:41226|Kaan Doğan:3:71137|Can Demir:1:23402|Hüseyin Kara:1:22783|Nesrin Bozkurt:1:21387|Cengiz Kaplan:2:46650|Arzu Özkan:1:25108|Emre Koç:2:43396|Kadir Erdoğan:3:63853|Yasemin Şimşek:1:23712|Arzu Şimşek:1:22163|Emine Uysal:1:25572|Hasan Öztürk:2:46960,2611110,119,308700,3039,31,40.67052473544327,40.05222100051529,none,428792
Atak,21,3100,2019,8,1515,1202,313,5678,213,42,0,2,276,4438352,2648756,1767985,608561,133920,130747,165354,0,2669,726734,111418854,55366135,926962,55125757,55125757,1010310,1120351086,182070,0,1976205,26592854,0,4.0,0.0,2.0,1.0,1.0,911.8108506451613,965.454545,548.5,545.0043988709677,912.6686218387097,2.108227,22.322145548387095,1.0,1.0,1.0,1.0,none,0:1.0500|1:0.9300|2:1.0300|3:0.9400|4:0.9500|5:1.1000|6:0.8200|,Volkan Tekin:6:34251|Özlem Yavuz:4:82607|Bülent Güneş:1:22317|Ebru Turan:1:22783|Cengiz Turan:1:22783|Serap Korkmaz:1:23558|Can Korkmaz:2:41536|Meltem Polat:1:22163|Ercan Öztürk:1:22473|Hülya Arslan:1:21387|Gülay Bulut:1:19838|Murat Çelik:1:22938|Hasan Uçar:1:21853|Serkan Demir:2:41226|Kaan Doğan:3:71137|Can Demir:1:23402|Hüseyin Kara:1:22783|Nesrin Bozkurt:1:21387|Cengiz Kaplan:2:46650|Arzu Özkan:1:25108|Emre Koç:2:43396|Kadir Erdoğan:3:63853|Yasemin Şimşek:1:23712|Arzu Şimşek:1:22163|Emine Uysal:1:25572|Hasan Öztürk:2:46960,2530422,119,308700,3070,31,39.83426731363353,39.844979952596184,none,418034
Atak,21,3130,2019,9,1444,1116,328,5156,372,47,0,0,239,4759409,2936671,1795894,588930,129600,128059,140790,0,3130,805385,64568235,10613070,913969,53041196,53041196,1241204,964908712,182070,0,2007075,25735020,0,4.0,0.0,2.0,1.0,1.0,921.6060606666666,976.590909,577.9318183333332,566.2742424333334,922.1969696,2.133401,21.622382033333334,1.0,1.0,1.1625,0.95125,0,0:1.0500|1:0.9300|2:1.0300|3:0.9400|4:0.9500|5:1.1000|6:0.8200|,Volkan Tekin:6:34251|Özlem Yavuz:4:82607|Bülent Güneş:1:22317|Ebru Turan:1:22783|Cengiz Turan:1:22783|Serap Korkmaz:1:23558|Can Korkmaz:2:41536|Meltem Polat:1:22163|Ercan Öztürk:1:22473|Hülya Arslan:1:21387|Gülay Bulut:1:19838|Murat Çelik:1:22938|Hasan Uçar:1:21853|Serkan Demir:2:41226|Kaan Doğan:3:71137|Can Demir:1:23402|Hüseyin Kara:1:22783|Nesrin Bozkurt:1:21387|Cengiz Kaplan:2:46650|Arzu Özkan:1:25108|Emre Koç:2:43396|Kadir Erdoğan:3:63853|Yasemin Şimşek:1:23712|Arzu Şimşek:1:22163|Emine Uysal:1:25572|Hasan Öztürk:2:46960,3062840,122,308700,3101,30,37.73355053116889,37.290796686463636,none|0,496685
Atak,21,3161,2019,10,1494,1157,337,5264,459,62,0,0,252,4806524,3052236,1723863,608561,133920,133848,147188,0,1823,698523,-164472554,-200866609,900712,35493343,35493343,817590,1190091228,182070,0,2037945,26592854,0,4.0,0.0,2.0,1.0,1.0,934.772726967742,987.727273,595.5,590.2478007096773,933.3460409677419,2.158049,21.122882161290324,1.0,1.0,1.25,0.925,0,0:1.0500|1:0.9300|2:1.0300|3:0.9400|4:0.9500|5:1.1000|6:0.8200|,Volkan Tekin:6:34251|Özlem Yavuz:4:82607|Bülent Güneş:1:22317|Ebru Turan:1:22783|Cengiz Turan:1:22783|Serap Korkmaz:1:23558|Can Korkmaz:2:41536|Meltem Polat:1:22163|Ercan Öztürk:1:22473|Hülya Arslan:1:21387|Gülay Bulut:1:19838|Murat Çelik:1:22938|Hasan Uçar:1:21853|Serkan Demir:2:41226|Kaan Doğan:3:71137|Can Demir:1:23402|Hüseyin Kara:1:22783|Nesrin Bozkurt:1:21387|Cengiz Kaplan:2:46650|Arzu Özkan:1:25108|Emre Koç:2:43396|Kadir Erdoğan:3:63853|Yasemin Şimşek:1:23712|Arzu Şimşek:1:22163|Emine Uysal:1:25572|Hasan Öztürk:2:46960,2573220,118,308700,3131,31,35.865065897933725,36.29467539861697,0,389823
Atak,21,3191,2019,11,1404,1070,334,5190,409,41,0,0,251,4432126,2762244,1650179,588930,129600,131090,144120,0,4939,651500,20734189,-19099504,887186,38946507,38946507,1112952,1102177235,182070,0,2068815,25735020,0,4.0,0.0,2.0,1.0,1.0,945.9772724666667,999.772727,591.363636,591.6409091666667,945.3681816666667,2.183819,20.479054066666667,1.0,1.0,1.25,0.925,0,0:1.0500|1:0.9300|2:1.0300|3:0.9400|4:0.9500|5:1.1000|6:0.8200|,Volkan Tekin:6:34251|Özlem Yavuz:4:82607|Bülent Güneş:1:22317|Ebru Turan:1:22783|Cengiz Turan:1:22783|Serap Korkmaz:1:23558|Can Korkmaz:2:41536|Meltem Polat:1:22163|Ercan Öztürk:1:22473|Hülya Arslan:1:21387|Gülay Bulut:1:19838|Murat Çelik:1:22938|Hasan Uçar:1:21853|Serkan Demir:2:41226|Kaan Doğan:3:71137|Can Demir:1:23402|Hüseyin Kara:1:22783|Nesrin Bozkurt:1:21387|Cengiz Kaplan:2:46650|Arzu Özkan:1:25108|Emre Koç:2:43396|Kadir Erdoğan:3:63853|Yasemin Şimşek:1:23712|Arzu Şimşek:1:22163|Emine Uysal:1:25572|Hasan Öztürk:2:46960,2606520,119,308700,3162,30,37.232222188629116,37.48648585837586,0,342800
Atak,21,3222,2019,12,1486,1118,368,5001,471,55,0,0,268,5044977,3193546,1827870,608561,133920,137011,165726,0,6327,776325,62154945,2335268,3261,59816416,59816416,1602194,1108322036,196700,0,2102165,26661702,0,4.0,0.0,2.0,1.0,1.0,953.9442816774193,1010.681818,595.909091,593.7859237419356,951.1290321935484,2.209049,21.001973193548384,1.0,1.0,1.25,0.925,0,0:1.0500|1:0.9300|2:1.0300|3:0.9400|4:0.9500|5:1.1000|6:0.8200|,Volkan Tekin:6:34251|Özlem Yavuz:4:82607|Bülent Güneş:1:22317|Ebru Turan:1:22783|Cengiz Turan:1:22783|Serap Korkmaz:1:23558|Can Korkmaz:2:41536|Meltem Polat:1:22163|Ercan Öztürk:1:22473|Hülya Arslan:1:21387|Gülay Bulut:1:19838|Murat Çelik:1:22938|Hasan Uçar:1:21853|Serkan Demir:2:41226|Kaan Doğan:3:71137|Can Demir:1:23402|Hüseyin Kara:1:22783|Nesrin Bozkurt:1:21387|Cengiz Kaplan:2:46650|Arzu Özkan:1:25108|Emre Koç:2:43396|Kadir Erdoğan:3:63853|Yasemin Şimşek:1:23712|Arzu Şimşek:1:22163|Emine Uysal:1:25572|Hasan Öztürk:2:46960,3220876,123,333506,3192,31,36.23148331498835,37.532086260619835,0,442819
Atak,21,3253,2020,1,1475,1060,415,4970,470,60,0,0,304,5073979,3173090,1870973,635561,140182,138654,167710,0,6323,782543,30322745,-18377390,889995,47810140,47810140,1082292,1126619251,196700,0,2135515,28727142,0,4.0,0.0,2.0,1.0,1.0,963.2624635806452,1023.409091,598.772727,596.7228740645161,964.3196481935483,2.235427,20.769799129032258,1.0,1.0,1.25,0.925,0,0:1.0500|1:0.9300|2:1.0300|3:0.9400|4:0.9500|5:1.1000|6:0.8200|,Volkan Tekin:6:37000|Özlem Yavuz:4:89235|Bülent Güneş:1:24109|Ebru Turan:1:24611|Cengiz Turan:1:24611|Serap Korkmaz:1:25448|Can Korkmaz:2:44869|Meltem Polat:1:23941|Ercan Öztürk:1:24276|Hülya Arslan:1:23105|Gülay Bulut:1:21430|Murat Çelik:1:24778|Hasan Uçar:1:23607|Serkan Demir:2:44534|Kaan Doğan:3:76847|Can Demir:1:25280|Hüseyin Kara:1:24611|Nesrin Bozkurt:1:23105|Cengiz Kaplan:2:50394|Arzu Özkan:1:27123|Emre Koç:2:46878|Kadir Erdoğan:3:68977|Yasemin Şimşek:1:25616|Arzu Şimşek:1:23941|Emine Uysal:1:27625|Hasan Öztürk:2:50728,2922784,121,333506,3223,31,36.87388142520889,37.8390885518119,0,449037
Atak,21,3282,2020,2,1451,1058,393,4880,429,56,0,0,310,4965022,3122487,1808217,595399,131138,131247,158746,0,5772,785915,-41563045,-87623922,878127,45182750,45182750,1480890,1191722350,196700,0,2168865,26873778,0,4.0,0.0,2.0,1.0,1.0,979.5454543103449,1035.227273,613.0266461724138,607.6034483448276,980.0721003448275,2.262121,21.35482051724138,0.9862068965517242,0.9862068965517242,1.2498275862068964,0.9227830344827587,1,0:1.0500|1:0.9300|2:1.0300|3:0.9400|4:0.9500|5:1.1000|6:0.8200|,Volkan Tekin:6:37000|Özlem Yavuz:4:89235|Bülent Güneş:1:24109|Ebru Turan:1:24611|Cengiz Turan:1:24611|Serap Korkmaz:1:25448|Can Korkmaz:2:44869|Meltem Polat:1:23941|Ercan Öztürk:1:24276|Hülya Arslan:1:23105|Gülay Bulut:1:21430|Murat Çelik:1:24778|Hasan Uçar:1:23607|Serkan Demir:2:44534|Kaan Doğan:3:76847|Can Demir:1:25280|Hüseyin Kara:1:24611|Nesrin Bozkurt:1:23105|Cengiz Kaplan:2:50394|Arzu Özkan:1:27123|Emre Koç:2:46878|Kadir Erdoğan:3:68977|Yasemin Şimşek:1:25616|Arzu Şimşek:1:23941|Emine Uysal:1:27625|Hasan Öztürk:2:50728,3194100,121,333506,3254,29,36.41911355075567,37.417233322365924,0|1,452409
Atak,21,3313,2020,3,1435,1046,389,4806,546,49,0,0,292,4267024,2662160,1583706,636461,140182,141879,155992,0,6151,503041,-856789,-56277908,866018,54555101,54555101,872624,1092512708,196700,0,2202215,28727142,0,4.0,0.0,2.0,1.0,1.0,985.0733136774194,1047.045455,613.5307917741935,612.1627566129032,986.0014662580645,2.28738,21.8132324516129,0.9,0.9,1.2341666774193547,0.8015934193548386,1,0:1.0500|1:0.9300|2:1.0300|3:0.9400|4:0.9500|5:1.1000|6:0.8200|,Volkan Tekin:6:37000|Özlem Yavuz:4:89235|Bülent Güneş:1:24109|Ebru Turan:1:24611|Cengiz Turan:1:24611|Serap Korkmaz:1:25448|Can Korkmaz:2:44869|Meltem Polat:1:23941|Ercan Öztürk:1:24276|Hülya Arslan:1:23105|Gülay Bulut:1:21430|Murat Çelik:1:24778|Hasan Uçar:1:23607|Serkan Demir:2:44534|Kaan Doğan:3:76847|Can Demir:1:25280|Hüseyin Kara:1:24611|Nesrin Bozkurt:1:23105|Cengiz Kaplan:2:50394|Arzu Özkan:1:27123|Emre Koç:2:46878|Kadir Erdoğan:3:68977|Yasemin Şimşek:1:25616|Arzu Şimşek:1:23941|Emine Uysal:1:27625|Hasan Öztürk:2:50728,2555618,131,333506,3283,31,37.11500099366678,37.717245685623595,1,169535
Atak,21,3343,2020,4,1513,1120,393,5694,507,76,0,0,300,5124757,3277009,1824345,615930,135660,138924,152760,0,5376,775695,50627017,5640302,853664,44133051,44133051,1223558,1071607240,196700,0,2235565,27800460,0,4.0,0.0,2.0,1.0,1.0,992.7272727666666,1058.863636,635.7136363666667,627.6848484999999,996.1227272666667,2.314693,23.045394400000003,0.9,0.9,1.20875,0.8,1,0:1.0500|1:0.9300|2:1.0300|3:0.9400|4:0.9500|5:1.1000|6:0.8200|,Volkan Tekin:6:37000|Özlem Yavuz:4:89235|Bülent Güneş:1:24109|Ebru Turan:1:24611|Cengiz Turan:1:24611|Serap Korkmaz:1:25448|Can Korkmaz:2:44869|Meltem Polat:1:23941|Ercan Öztürk:1:24276|Hülya Arslan:1:23105|Gülay Bulut:1:21430|Murat Çelik:1:24778|Hasan Uçar:1:23607|Serkan Demir:2:44534|Kaan Doğan:3:76847|Can Demir:1:25280|Hüseyin Kara:1:24611|Nesrin Bozkurt:1:23105|Cengiz Kaplan:2:50394|Arzu Özkan:1:27123|Emre Koç:2:46878|Kadir Erdoğan:3:68977|Yasemin Şimşek:1:25616|Arzu Şimşek:1:23941|Emine Uysal:1:27625|Hasan Öztürk:2:50728,2986368,129,333506,3314,30,35.598663507362396,35.96291209014798,1,442189
Atak,21,3374,2020,5,1504,1078,426,5123,653,55,0,3,298,4608494,2898686,1679486,636461,140182,145229,159681,10885,3343,594590,71028386,13447603,841912,56738871,45872700,459742,1117242129,196700,0,2268915,28727142,0,4.0,0.0,2.0,1.0,1.0,1012.2067449677419,1072.045455,635.1480937741936,633.8445748709677,1010.7888562580645,2.341436,21.60942058064516,0.9,0.9,1.183333322580645,0.8,1,0:1.0500|1:0.9300|2:1.0300|3:0.9400|4:0.9500|5:1.1000|6:0.8200|,Volkan Tekin:6:37000|Özlem Yavuz:4:89235|Bülent Güneş:1:24109|Ebru Turan:1:24611|Cengiz Turan:1:24611|Serap Korkmaz:1:25448|Can Korkmaz:2:44869|Meltem Polat:1:23941|Ercan Öztürk:1:24276|Hülya Arslan:1:23105|Gülay Bulut:1:21430|Murat Çelik:1:24778|Hasan Uçar:1:23607|Serkan Demir:2:44534|Kaan Doğan:3:76847|Can Demir:1:25280|Hüseyin Kara:1:24611|Nesrin Bozkurt:1:23105|Cengiz Kaplan:2:50394|Arzu Özkan:1:27123|Emre Koç:2:46878|Kadir Erdoğan:3:68977|Yasemin Şimşek:1:25616|Arzu Şimşek:1:23941|Emine Uysal:1:27625|Hasan Öztürk:2:50728,2308644,125,333506,3344,31,36.44327192353945,37.25114983358116,1,261084
Atak,21,3404,2020,6,1425,984,441,4810,635,19,0,0,315,3874527,2424204,1425940,615930,135660,142225,179850,0,4241,348034,24484695,-20683184,839189,44328690,55194861,800230,1079490400,211331,0,2304746,27875509,0,4.0,0.0,2.0,1.0,1.0,1019.6287876,1084.545455,639.9333333333333,637.4878789333333,1018.0409089999999,2.369395,21.614973666666668,0.9,0.9,1.1579166666666665,0.8,1,0:1.0500|1:0.9300|2:1.0300|3:0.9400|4:0.9500|5:1.1000|6:0.8200|,Volkan Tekin:6:37000|Özlem Yavuz:4:89235|Bülent Güneş:1:24109|Ebru Turan:1:24611|Cengiz Turan:1:24611|Serap Korkmaz:1:25448|Can Korkmaz:2:44869|Meltem Polat:1:23941|Ercan Öztürk:1:24276|Hülya Arslan:1:23105|Gülay Bulut:1:21430|Murat Çelik:1:24778|Hasan Uçar:1:23607|Serkan Demir:2:44534|Kaan Doğan:3:76847|Can Demir:1:25280|Hüseyin Kara:1:24611|Nesrin Bozkurt:1:23105|Cengiz Kaplan:2:50394|Arzu Özkan:1:27123|Emre Koç:2:46878|Kadir Erdoğan:3:68977|Yasemin Şimşek:1:25616|Arzu Şimşek:1:23941|Emine Uysal:1:27625|Hasan Öztürk:2:50728,2151270,127,358312,3375,30,36.802943946448174,37.23859691725584,1,-10278
Atak,21,3435,2020,7,1472,1038,434,4953,636,32,0,0,285,4113624,2498611,1598563,471461,103275,148671,187984,0,3715,683457,-63774011,-105297059,8561,41514487,41514487,1160790,1154826625,211331,0,2340577,31053661,0,3.225806451612903,0.0,2.0,0.22580645161290322,1.0,1036.2023462258064,1097.5,629.1862169999999,633.3093841935483,1033.0777126129033,2.39677,20.934272806451613,0.9,0.9,1.1325,0.8,1,0:1.0500|1:0.9300|2:1.0300|3:0.9400|4:0.9500|5:1.1000|6:0.8200|,Volkan Tekin:6:39996|Özlem Yavuz:4:96463|Bülent Güneş:1:26062|Ebru Turan:1:26605|Cengiz Turan:1:26605|Serap Korkmaz:1:27509|Can Korkmaz:2:48503|Meltem Polat:1:25881|Ercan Öztürk:1:26242|Hülya Arslan:1:24975|Gülay Bulut:1:23166|Murat Çelik:1:26785|Hasan Uçar:1:25518|Serkan Demir:2:48141|Kaan Doğan:3:83071|Can Demir:1:27329|Hüseyin Kara:1:26605|Nesrin Bozkurt:1:24975|Cengiz Kaplan:2:54476|Arzu Özkan:1:29319|Emre Koç:2:50675|Kadir Erdoğan:3:74565|Yasemin Şimşek:1:27690|Arzu Şimşek:1:25881|Emine Uysal:1:29862|Hasan Öztürk:2:54837,2522038,128,358312,3405,31,38.86021182295708,39.27959927019029,1,325145
Atak,21,3466,2020,8,1359,906,453,4370,752,22,0,0,257,3856394,2309280,1521834,426811,93026,150439,190216,0,60574,600768,25514911,-30394326,739753,55169484,55169484,1076460,1125765671,211331,0,2376408,31053661,0,3.032258064516129,0.0,2.0,0.03225806451612903,1.0,1053.3504402903225,1109.545455,635.6173020967741,633.513196483871,1047.5058651935483,2.4253900000000006,19.51417293548387,0.9,0.9,1.1066666774193548,0.8,1,0:1.0500|1:0.9300|2:1.0300|3:0.9400|4:0.9500|5:1.1000|6:0.8200|,Volkan Tekin:6:39996|Özlem Yavuz:4:96463|Bülent Güneş:1:26062|Ebru Turan:1:26605|Cengiz Turan:1:26605|Serap Korkmaz:1:27509|Can Korkmaz:2:48503|Meltem Polat:1:25881|Ercan Öztürk:1:26242|Hülya Arslan:1:24975|Gülay Bulut:1:23166|Murat Çelik:1:26785|Hasan Uçar:1:25518|Serkan Demir:2:48141|Kaan Doğan:3:83071|Can Demir:1:27329|Hüseyin Kara:1:26605|Nesrin Bozkurt:1:24975|Cengiz Kaplan:2:54476|Arzu Özkan:1:29319|Emre Koç:2:50675|Kadir Erdoğan:3:74565|Yasemin Şimşek:1:27690|Arzu Şimşek:1:25881|Emine Uysal:1:29862|Hasan Öztürk:2:54837,2300182,128,358312,3436,31,39.46261714959623,39.65756525230231,1,242456
Atak,21,3496,2020,9,1236,846,390,3822,696,22,0,0,230,3684383,2210032,1453448,716430,158280,147326,162000,0,1680,267732,52911971,7769166,729275,44413530,44413530,846180,1113359169,211331,0,2412239,30051930,0,4.0,0.0,2.0,1.0,1.0,1071.2651515333334,1123.8636359999998,643.0393939999999,639.5090908999999,1061.1757575666666,2.454351,19.144795933333334,0.9,0.9,1.08125,0.8,1,0:1.0500|1:0.9300|2:1.0300|3:0.9400|4:0.9500|5:1.1000|6:0.8200|,Volkan Tekin:6:39996|Özlem Yavuz:4:96463|Bülent Güneş:1:26062|Ebru Turan:1:26605|Cengiz Turan:1:26605|Serap Korkmaz:1:27509|Can Korkmaz:2:48503|Meltem Polat:1:25881|Ercan Öztürk:1:26242|Hülya Arslan:1:24975|Gülay Bulut:1:23166|Murat Çelik:1:26785|Hasan Uçar:1:25518|Serkan Demir:2:48141|Kaan Doğan:3:83071|Can Demir:1:27329|Hüseyin Kara:1:26605|Nesrin Bozkurt:1:24975|Cengiz Kaplan:2:54476|Arzu Özkan:1:29319|Emre Koç:2:50675|Kadir Erdoğan:3:74565|Yasemin Şimşek:1:27690|Arzu Şimşek:1:25881|Emine Uysal:1:29862|Hasan Öztürk:2:54837,2125384,130,358312,3467,30,39.44888465721397,39.973834388283926,1,-90580
Atak,21,3527,2020,10,1438,1051,387,4637,625,33,0,0,271,4352948,2613621,1712489,740311,163556,153975,169322,0,4960,480365,71013741,25355785,718610,44939346,44939346,1192042,1135755179,211331,0,2448070,31053661,0,4.0,0.0,2.0,1.0,1.0,1078.5703815806453,1136.590909,646.7991201935483,644.2624632903227,1071.2697948387095,2.482707,20.328564322580643,0.9,0.9,1.055833322580645,0.8,1,0:1.0500|1:0.9300|2:1.0300|3:0.9400|4:0.9500|5:1.1000|6:0.8200|,Volkan Tekin:6:39996|Özlem Yavuz:4:96463|Bülent Güneş:1:26062|Ebru Turan:1:26605|Cengiz Turan:1:26605|Serap Korkmaz:1:27509|Can Korkmaz:2:48503|Meltem Polat:1:25881|Ercan Öztürk:1:26242|Hülya Arslan:1:24975|Gülay Bulut:1:23166|Murat Çelik:1:26785|Hasan Uçar:1:25518|Serkan Demir:2:48141|Kaan Doğan:3:83071|Can Demir:1:27329|Hüseyin Kara:1:26605|Nesrin Bozkurt:1:24975|Cengiz Kaplan:2:54476|Arzu Özkan:1:29319|Emre Koç:2:50675|Kadir Erdoğan:3:74565|Yasemin Şimşek:1:27690|Arzu Şimşek:1:25881|Emine Uysal:1:29862|Hasan Öztürk:2:54837,2455336,130,358312,3497,31,39.3409018439917,40.0318114386134,1,122053
Atak,21,3557,2020,11,1370,989,381,4621,611,42,0,0,272,4837122,2933068,1871158,716430,158280,150808,165810,0,6363,673467,64838881,7926004,707757,56205120,56205120,1412618,1135097591,211331,0,2483901,30051930,0,4.0,0.0,2.0,1.0,1.0,1087.0909089666666,1150.454545,662.5469696666667,655.9454546,1084.2484847333333,2.512353,20.4006928,0.9,0.9,1.0304166666666668,0.8,1,0:1.0500|1:0.9300|2:1.0300|3:0.9400|4:0.9500|5:1.1000|6:0.8200|,Volkan Tekin:6:39996|Özlem Yavuz:4:96463|Bülent Güneş:1:26062|Ebru Turan:1:26605|Cengiz Turan:1:26605|Serap Korkmaz:1:27509|Can Korkmaz:2:48503|Meltem Polat:1:25881|Ercan Öztürk:1:26242|Hülya Arslan:1:24975|Gülay Bulut:1:23166|Murat Çelik:1:26785|Hasan Uçar:1:25518|Serkan Demir:2:48141|Kaan Doğan:3:83071|Can Demir:1:27329|Hüseyin Kara:1:26605|Nesrin Bozkurt:1:24975|Cengiz Kaplan:2:54476|Arzu Özkan:1:29319|Emre Koç:2:50675|Kadir Erdoğan:3:74565|Yasemin Şimşek:1:27690|Arzu Şimşek:1:25881|Emine Uysal:1:29862|Hasan Öztürk:2:54837,2947930,131,358312,3528,30,38.6832914282501,39.053214022693815,1,315155
Atak,21,3588,2020,12,1433,972,461,4488,638,49,0,0,316,4922337,2936243,1953983,740311,163556,157633,190650,0,5392,696441,98097465,49180657,696710,48220098,48220098,1368326,1164135681,225961,0,2522212,31119552,0,4.0,0.0,2.0,1.0,1.0,1091.3782990645163,1163.409091,643.0073313548387,648.8607038064516,1095.774193548387,2.54138,20.942107258064517,0.9,0.9,1.0062096774193547,0.8,1,0:1.0500|1:0.9300|2:1.0300|3:0.9400|4:0.9500|5:1.1000|6:0.8200|,Volkan Tekin:6:39996|Özlem Yavuz:4:96463|Bülent Güneş:1:26062|Ebru Turan:1:26605|Cengiz Turan:1:26605|Serap Korkmaz:1:27509|Can Korkmaz:2:48503|Meltem Polat:1:25881|Ercan Öztürk:1:26242|Hülya Arslan:1:24975|Gülay Bulut:1:23166|Murat Çelik:1:26785|Hasan Uçar:1:25518|Serkan Demir:2:48141|Kaan Doğan:3:83071|Can Demir:1:27329|Hüseyin Kara:1:26605|Nesrin Bozkurt:1:24975|Cengiz Kaplan:2:54476|Arzu Özkan:1:29319|Emre Koç:2:50675|Kadir Erdoğan:3:74565|Yasemin Şimşek:1:27690|Arzu Şimşek:1:25881|Emine Uysal:1:29862|Hasan Öztürk:2:54837,2964868,133,383119,3558,31,39.69624590920939,41.08300193379348,1,313322
Atak,21,3619,2021,1,1366,987,379,4496,527,60,0,0,287,5200643,3113856,2060688,767311,169849,159483,192944,0,6100,765001,46323473,-12798479,4075,59117877,47636189,1654516,1169023237,225961,0,2560523,33096282,0,4.0,0.0,2.0,1.0,1.0,1109.6994134838708,1176.818182,669.590909,660.5703811935484,1110.702346064516,2.571726,20.81040258064516,0.9193548387096774,0.9193548387096774,1.0,0.803225806451613,none,0:1.0500|1:0.9300|2:1.0300|3:0.9400|4:0.9500|5:1.1000|6:0.8200|,Volkan Tekin:6:42628|Özlem Yavuz:4:102808|Bülent Güneş:1:27776|Ebru Turan:1:28354|Cengiz Turan:1:28354|Serap Korkmaz:1:29319|Can Korkmaz:2:51694|Meltem Polat:1:27582|Ercan Öztürk:1:27968|Hülya Arslan:1:26618|Gülay Bulut:1:24690|Murat Çelik:1:28547|Hasan Uçar:1:27197|Serkan Demir:2:51308|Kaan Doğan:3:88534|Can Demir:1:29126|Hüseyin Kara:1:28354|Nesrin Bozkurt:1:26618|Cengiz Kaplan:2:58059|Arzu Özkan:1:31247|Emre Koç:2:54008|Kadir Erdoğan:3:79469|Yasemin Şimşek:1:29511|Arzu Şimşek:1:27582|Emine Uysal:1:31825|Hasan Öztürk:2:58445,3161816,133,383119,3589,31,39.62371575976278,39.660154735250536,1|none,381882
Atak,21,3647,2021,2,1365,974,391,4650,237,50,0,0,337,5473851,3305704,2146546,693868,153412,145450,175952,0,6266,971598,53748558,5480938,633652,47633968,47653169,1661208,1174040172,225961,0,2598834,29893416,0,4.0,0.0,2.0,1.0,1.0,1114.26136375,1188.863636,670.636364,668.3685064285715,1119.0535714642858,2.596599,21.726495857142858,1.0,1.0,1.0,0.9285714285714286,none,0:1.0500|1:0.9300|2:1.0300|3:0.9400|4:0.9500|5:1.1000|6:0.8200|,Volkan Tekin:6:42628|Özlem Yavuz:4:102808|Bülent Güneş:1:27776|Ebru Turan:1:28354|Cengiz Turan:1:28354|Serap Korkmaz:1:29319|Can Korkmaz:2:51694|Meltem Polat:1:27582|Ercan Öztürk:1:27968|Hülya Arslan:1:26618|Gülay Bulut:1:24690|Murat Çelik:1:28547|Hasan Uçar:1:27197|Serkan Demir:2:51308|Kaan Doğan:3:88534|Can Demir:1:29126|Hüseyin Kara:1:28354|Nesrin Bozkurt:1:26618|Cengiz Kaplan:2:58059|Arzu Özkan:1:31247|Emre Koç:2:54008|Kadir Erdoğan:3:79469|Yasemin Şimşek:1:29511|Arzu Şimşek:1:27582|Emine Uysal:1:31825|Hasan Öztürk:2:58445,3378276,133,383119,3620,28,39.21454931820395,39.813370020925674,none,588479
Atak,21,3653,2021,3,305,231,74,1076,57,22,0,0,68,1115810,651331,457792,148686,32874,31434,34572,0,2915,207311,19427902,19427902,0,0,11462487,1552982,1179569773,0,0,2598834,6405732,0,4.0,0.0,2.0,1.0,1.0,1140.0,1198.409091,669.090909,668.8939393333334,1133.5227276666667,2.619271,21.160538833333334,1.0,1.0,1.0,1.0,none,0:1.0500|1:0.9300|2:1.0300|3:0.9400|4:0.9500|5:1.1000|6:0.8200|,Volkan Tekin:6:42628|Özlem Yavuz:4:102808|Bülent Güneş:1:27776|Ebru Turan:1:28354|Cengiz Turan:1:28354|Serap Korkmaz:1:29319|Can Korkmaz:2:51694|Meltem Polat:1:27582|Ercan Öztürk:1:27968|Hülya Arslan:1:26618|Gülay Bulut:1:24690|Murat Çelik:1:28547|Hasan Uçar:1:27197|Serkan Demir:2:51308|Kaan Doğan:3:88534|Can Demir:1:29126|Hüseyin Kara:1:28354|Nesrin Bozkurt:1:26618|Cengiz Kaplan:2:58059|Arzu Özkan:1:31247|Emre Koç:2:54008|Kadir Erdoğan:3:79469|Yasemin Şimşek:1:29511|Arzu Şimşek:1:27582|Emine Uysal:1:31825|Hasan Öztürk:2:58445,602936,133,0,3648,6,41.02777354567534,41.307815,none,207311
Atak,22,25,2011,3,1552,1382,170,6513,196,109,0,6,120,2702940,1995811,694305,167500,37675,50012,55000,0,14100,370018,248743,180616,0,68127,77227,533876,259246,71527,0,12127,0,0,3.0,1.0,2.0,0.0,0.0,434.25454556,457.7272730000001,311.38727267999997,322.36181816,432.29999991999995,1.0,31.97579588,1.0,1.0,1.0,1.0,none,0:1.0000|1:0.9100|2:1.0300|3:0.9400|4:0.9500|5:1.1000|6:0.8200|,,2215742,1,121275,1,25,25.6870296787942,28.29383690654396,none,248743
Atak,22,55,2011,4,1866,1661,205,7908,237,96,0,14,151,3213625,2211643,977457,201000,45210,60374,66390,0,12935,591548,470273,349461,0,120812,128697,992980,1101493,71527,0,24254,0,0,3.0,1.0,2.0,0.0,0.0,431.0909092333333,459.09090899999995,293.34545453333334,296.3015150333333,431.19696963333337,1.00592,31.808879366666666,1.0,1.0,1.0,1.0,none,0:1.0000|1:0.9050|2:1.0300|3:0.9400|4:0.9500|5:1.1000|6:0.8200|,,2201498,1,121275,26,30,30.41602551635614,31.952762572741594,none,470273
Atak,22,86,2011,5,2218,1965,253,11390,188,167,0,44,171,4033315,2964810,1048528,207700,46717,62821,69099,0,8390,653801,532526,358545,0,173981,182371,1417652,1855552,71527,0,36381,0,0,3.0,1.0,2.0,0.0,0.0,404.6334310967742,464.31818200000004,293.7434017096774,293.954545483871,406.8313782580645,1.01307,43.357124258064516,1.0,1.0,1.0,1.0,none,0:1.0000|1:0.8900|2:1.0300|3:0.9100|4:0.9500|5:1.1000|6:0.8200|,,3012236,1,121275,56,31,25.99668015019903,27.405058718585153,none,532526
Atak,22,116,2011,6,2023,1812,211,10267,215,105,0,28,150,3548985,2523675,1007319,201000,45210,61245,77460,0,9028,613376,481076,354771,0,126305,130233,1190264,1998060,78030,0,49611,0,0,3.0,1.0,2.0,0.0,0.0,419.0303030333333,466.818182,294.0636364,293.5954546,422.19545453333336,1.020512,42.43744316666667,1.0,1.0,1.0,1.0,none,0:1.0500|1:0.8950|2:1.0300|3:0.9150|4:0.9500|5:1.1000|6:0.8200|,,2523874,1,132300,87,30,28.38329832332343,29.82282324898884,none,481076
Atak,22,147,2011,7,2241,1986,255,11567,163,119,0,47,173,4037380,2939734,1079184,222700,50220,63751,80600,0,5150,656763,604827,442614,0,162213,126275,1363000,2618339,78030,0,62841,0,0,3.0,1.0,2.0,0.0,0.0,420.549853483871,470.227273,302.76099712903226,300.91055725806456,426.2844575483871,1.027766,41.99405716129032,1.0,1.0,1.0,1.0,none,0:1.0500|1:0.9100|2:1.0300|3:0.9350|4:0.9500|5:1.1000|6:0.8200|,,2989426,1,132300,117,31,26.729809926239295,28.008298036265085,none,524463
Atak,22,178,2011,8,2243,1992,251,11614,159,124,0,57,166,3994355,2921396,1054095,223200,50220,64216,81189,0,13101,622169,150772,41002,0,109770,153609,1350926,2507511,78030,0,76071,0,0,3.0,1.0,2.0,0.0,0.0,421.136364,474.090909,303.73167151612904,303.10263922580646,428.2390032580645,1.035317,42.717626193548384,1.0,1.0,1.0,1.0,none,0:1.0500|1:0.9100|2:1.0300|3:0.9350|4:0.9500|5:1.1000|6:0.8200|,,2928396,1,132300,148,31,26.389617347481632,27.87807050636714,none,489869
Atak,22,208,2011,9,1885,1682,203,9473,200,114,0,11,144,3547540,2529855,997305,203206,43200,62595,68820,0,3017,616467,-60399,-156607,0,96208,96208,1059068,10720948,78030,0,89301,0,0,3.533333333333333,0.6666666666666666,2.0,0.0,0.8666666666666667,433.7045453,477.272727,303.8772727333333,304.24696969999997,437.07121226666663,1.042922,39.86544636666667,1.0,1.0,1.0,1.0,none,0:1.0500|1:0.9250|2:1.0300|3:0.9400|4:0.9500|5:1.1000|6:0.8200|,,2557776,3,132300,179,30,28.11257942123274,29.934496646066552,none,484167
Atak,22,239,2011,10,1949,1748,201,9883,223,119,0,16,152,3815035,2662234,1134881,162161,33480,65146,71641,0,0,802453,1017730,657625,123063,237042,237042,1151294,11507236,78030,0,102531,0,0,3.0,0.0,2.0,0.0,1.0,435.89442822580645,481.136364,297.35923751612904,298.8445748064516,440.5630498064516,1.050335,40.66316867741936,1.0,1.0,1.0,1.0,none,0:1.0500|1:0.9300|2:1.0300|3:0.9400|4:0.9500|5:1.1000|6:0.8200|,,2658416,3,132300,209,31,29.74759078226019,31.781821867636264,none,670153
Atak,22,269,2011,11,1835,1652,183,9196,198,113,0,10,136,3614860,2509365,1092064,156930,32400,63495,69840,0,0,769399,967956,587392,123063,257501,257501,1160746,12095610,78030,0,115761,0,0,3.0,0.0,2.0,0.0,1.0,435.90909100000005,484.545455,298.63636356666666,298.30303033333337,443.2621213333333,1.058051,41.735407499999994,1.0,1.0,1.0,1.0,none,0:1.0500|1:0.9300|2:1.0300|3:0.9400|4:0.9500|5:1.1000|6:0.8200|,,2528694,3,132300,240,30,30.210409255130212,31.4911366309021,none,637099
Atak,22,300,2011,12,1803,1613,190,8314,224,127,0,7,126,3604930,2412617,1174918,216761,45765,66077,79949,0,21570,744796,-858049,-1225917,123063,244805,244805,977752,9961474,81281,0,129542,0,0,3.4193548387096775,0.0,2.0,0.41935483870967744,1.0,450.64516103225804,487.5,299.646627483871,299.04252196774195,453.2052786451613,1.065572,36.867996387096774,1.0,1.0,1.0,1.0,none,0:1.0500|1:0.9300|2:1.0300|3:0.9400|4:0.9500|5:1.1000|6:0.8200|,,2423274,4,137812,270,31,32.59197820762123,33.5071907135331,none,606984
Atak,22,331,2012,1,1727,1534,193,7689,208,115,0,2,153,3385105,2207065,1165169,298361,64170,66569,80538,0,0,655531,-2919640,-3559958,123063,517255,517255,947848,13233487,81281,337705,481028,586994,0,4.0,0.0,2.0,1.0,1.0,454.52346083870964,491.81818200000004,291.74486819354837,294.0601171935484,457.2844574516129,1.0734,36.470994258064515,1.0,1.0,1.0,1.0,none,0:1.0500|1:0.9300|2:1.0300|3:0.9400|4:0.9500|5:1.1000|6:0.8200|,Tolga Güler:6:12322|Esin Yıldız:4:33732,2215408,8,137812,301,31,34.42046849359178,35.81302323642304,none,517719
Atak,22,360,2012,2,1724,1527,197,8049,195,131,0,6,152,3629385,2335632,1283474,279299,60030,62623,75777,0,0,805745,3117964,2255091,0,862873,862873,1088862,15485410,81281,0,494809,1335566,0,4.0,0.0,2.0,1.0,1.0,454.4043886551724,494.3181819999999,288.636364,289.4937304827586,459.6081503448276,1.079586,37.554211310344826,1.0,1.0,1.0,1.0,none,0:1.0500|1:0.9300|2:1.0300|3:0.9400|4:0.9500|5:1.1000|6:0.8200|,Tolga Güler:6:12322|Esin Yıldız:4:33732,2344692,8,137812,332,29,35.363401788457274,36.48028689726553,none,667933
Atak,22,391,2012,3,1873,1676,197,8965,174,105,0,6,160,3712145,2391110,1305547,298561,64170,67313,74028,0,0,801475,4414228,2754243,761157,898828,898828,1061628,17428363,81281,0,508590,1427674,0,4.0,0.0,2.0,1.0,1.0,454.61876809677415,496.590909,290.98826935483874,290.19941345161294,461.75953096774197,1.085405,38.09011716129033,1.0,1.0,1.0,1.0,none,0:1.0500|1:0.9300|2:1.0300|3:0.9400|4:0.9500|5:1.1000|6:0.8200|,Tolga Güler:6:12322|Esin Yıldız:4:33732,2409834,8,137812,361,31,35.16961217840359,35.99290443440373,none,663663
Atak,22,421,2012,4,1699,1521,178,7904,208,89,0,5,139,3386765,2140558,1228098,288930,62100,65502,72060,0,0,739506,4144033,2098258,423862,1621913,1621913,1080114,12566261,81281,0,522371,1381620,0,4.0,0.0,2.0,1.0,1.0,464.37121219999995,499.318182,292.136364,291.3530302666667,465.30454530000003,1.09166,36.00240733333333,1.0,1.0,1.0,1.0,none,0:1.0500|1:0.9300|2:1.0300|3:0.9400|4:0.9500|5:1.1000|6:0.8200|,Tolga Güler:6:12322|Esin Yıldız:4:33732,2165568,8,137812,392,30,36.26168334679259,37.089906453077056,none,601694
Atak,22,452,2012,5,1826,1612,214,8332,211,110,0,3,171,3580925,2289603,1276579,298561,64170,68058,74865,0,0,770925,4218242,2575508,311147,1331587,1331587,1011436,14654053,81281,0,536152,1427674,0,4.0,0.0,2.0,1.0,1.0,465.909091,502.045455,296.8826975806452,295.4589442903226,468.3152492258065,1.097747,35.53311396774193,1.0,1.0,1.0,1.0,none,0:1.0500|1:0.9300|2:1.0300|3:0.9400|4:0.9500|5:1.1000|6:0.8200|,Tolga Güler:6:12322|Esin Yıldız:4:33732,2315872,8,137812,422,31,35.64942019171024,36.27883565366077,none,633113
Atak,22,482,2012,6,1788,1609,179,8562,157,60,0,8,151,3411110,2216753,1182057,288930,62100,66252,83790,0,0,680985,3558021,2090912,302773,1164336,1164336,1031228,16348546,84532,0,550484,1383571,0,4.0,0.0,2.0,1.0,1.0,467.1363634,505.227273,302.636364,300.84696963333334,471.57424223333334,1.104074,36.99303773333334,1.0,1.0,1.0,1.0,none,0:1.0500|1:0.9300|2:1.0300|3:0.9400|4:0.9500|5:1.1000|6:0.8200|,Tolga Güler:6:12322|Esin Yıldız:4:33732,2236270,8,143325,453,30,34.65314809548798,35.214556666645485,none,537660
Atak,22,513,2012,7,1843,1644,199,9305,151,78,0,6,163,3530425,2302155,1202219,304561,65565,68833,87079,0,0,676181,3218986,1798426,2683,1417877,1417877,988372,18353579,84532,0,564816,1488155,0,4.0,0.0,2.0,1.0,1.0,467.93255087096776,508.18181799999996,302.81818200000004,302.0542523225807,472.64076277419355,1.11023,38.00420125806452,1.0,1.0,1.0,1.0,none,0:1.0500|1:0.9300|2:1.0300|3:0.9400|4:0.9500|5:1.1000|6:0.8200|,Tolga Güler:6:12844|Esin Yıldız:4:35161,2340564,8,143325,483,31,34.053095590474236,35.285933531155,none,532856
Atak,22,544,2012,8,1716,1550,166,8194,133,57,0,7,132,3202390,1977595,1212330,304761,65565,69236,87575,0,0,685193,3742225,2355976,220517,1165732,1165732,708996,31503136,84532,0,579148,1488155,0,4.0,0.0,2.0,1.0,1.0,482.0527859032258,510.909091,295.0,296.81964800000003,480.57624625806454,1.116629,33.116605838709674,1.0,1.0,1.0,1.0,none,0:1.0500|1:0.9300|2:1.0300|3:0.9400|4:0.9500|5:1.1000|6:0.8200|,Tolga Güler:6:12844|Esin Yıldız:4:35161,1994118,10,143325,514,31,37.857038024725284,38.8033824040128,none,541868
Atak,22,574,2012,9,1508,1344,164,6630,153,101,0,0,119,3006730,1850246,1143956,294930,63450,67393,74130,0,0,644053,1629768,-798079,989771,1438076,1112603,841688,28858414,84532,0,593480,1735522,0,4.0,0.0,2.0,1.0,1.0,482.70454540000003,514.090909,296.1287878333333,296.1878786666667,484.26666670000003,1.123064,31.3711487,1.0,1.0,1.0,1.0,none,0:1.0500|1:0.9300|2:1.0300|3:0.9400|4:0.9500|5:1.1000|6:0.8200|,Tolga Güler:6:12844|Esin Yıldız:4:35161|Pınar Uçar:1:10548,1869414,13,143325,545,30,38.04651564989207,38.652165044780766,none,500728
Atak,22,605,2012,10,1438,1275,163,6460,155,88,0,0,134,2853350,1762408,1074984,304761,65565,70042,77035,0,0,557581,6974117,3913733,986228,2074156,2399629,839134,31773508,84532,0,607812,1815174,0,4.0,0.0,2.0,1.0,1.0,483.409091,516.818182,297.954545,296.7126100645161,485.3841642580645,1.129326,32.098294677419354,1.0,1.0,1.0,1.0,none,0:1.0500|1:0.9300|2:1.0300|3:0.9400|4:0.9500|5:1.1000|6:0.8200|,Tolga Güler:6:12844|Esin Yıldız:4:35161|Pınar Uçar:1:10548,1790832,13,143325,575,31,37.67445283613998,38.36389291239043,none,414256
Atak,22,635,2012,11,1444,1290,154,6705,140,101,0,0,117,2989430,1876397,1099747,294930,63450,68172,74970,0,0,598225,7175054,4027527,982637,2164890,2164890,922374,35348249,84532,0,622144,1756620,0,4.0,0.0,2.0,1.0,1.0,481.79545443333336,520.227273,302.818182,300.90303043333336,487.15454539999996,1.135835,33.632962733333336,1.0,1.0,1.0,1.0,none,0:1.0500|1:0.9300|2:1.0300|3:0.9400|4:0.9500|5:1.1000|6:0.8200|,Tolga Güler:6:12844|Esin Yıldız:4:35161|Pınar Uçar:1:10548,1900980,14,143325,606,30,36.78784918864131,37.14797862587529,none,454900
Atak,22,666,2012,12,1390,1224,166,5908,203,81,0,0,115,2915265,1784432,1116425,304761,65565,70818,85684,0,0,589597,1472169,-1967364,978997,2460536,2460536,736688,101754385,87784,0,637028,1817770,0,4.0,0.0,2.0,1.0,1.0,495.21260977419354,522.727273,304.090909,302.9178887096774,493.6158355483871,1.142168,29.810142903225806,1.0,1.0,1.0,1.0,none,0:1.0500|1:0.9300|2:1.0300|3:0.9400|4:0.9500|5:1.1000|6:0.8200|,Tolga Güler:6:12844|Esin Yıldız:4:35161|Pınar Uçar:1:10548,1791154,15,148837,636,31,38.29583245433948,38.593867967405146,none,440760
Atak,22,697,2013,1,1312,1153,159,5606,198,118,0,0,106,2967250,1837974,1119433,310761,66960,71252,86180,0,0,584280,-8375619,-10931913,2031907,524387,524387,883098,51935585,87784,0,651912,1895650,0,4.0,0.0,2.0,1.0,1.0,497.331378483871,525.454545,308.954545,306.66862170967744,495.746334516129,1.148751,28.673782870967745,1.0,1.0,1.0,1.0,none,0:1.0500|1:0.9300|2:1.0300|3:0.9400|4:0.9500|5:1.1000|6:0.8200|,Tolga Güler:6:13414|Esin Yıldız:4:36719|Pınar Uçar:1:11016,1853700,19,148837,667,31,37.726278540736374,37.877528270615706,none,435443
Atak,22,725,2013,2,1206,1059,147,4965,167,66,0,0,109,2523840,1561336,947053,280868,60480,64749,78316,0,0,462640,2767314,842813,838,1923663,1923663,682330,52123783,87784,0,666796,1712200,0,4.0,0.0,2.0,1.0,1.0,498.5795457142857,528.863636,308.2272725357143,307.77272735714286,499.16558453571434,1.155828,29.414381214285715,1.0,1.0,1.0,1.0,none,0:1.0500|1:0.9300|2:1.0300|3:0.9400|4:0.9500|5:1.1000|6:0.8200|,Tolga Güler:6:13414|Esin Yıldız:4:36719|Pınar Uçar:1:11016,1595008,20,148837,698,28,37.524288385951564,38.17891744954456,none,313803
Atak,22,756,2013,3,1397,1204,193,6042,166,79,0,0,152,2802949,1711340,1077802,310961,66960,72089,79267,0,645,547880,17446715,10625577,2398217,4422921,3249020,716094,54494168,87784,0,681680,1895650,0,4.0,0.0,2.0,1.0,1.0,498.49706754838707,531.818182,302.5234603225806,304.4193548064516,500.94281532258066,1.162259,29.570318387096773,1.0,1.0,1.0,1.0,none,0:1.0500|1:0.9300|2:1.0300|3:0.9400|4:0.9500|5:1.1000|6:0.8200|,Tolga Güler:6:13414|Esin Yıldız:4:36719|Pınar Uçar:1:11016,1711714,20,148837,726,31,38.45242992291333,39.31289068351121,none,399043
Atak,22,786,2013,4,1312,1159,153,5554,179,57,0,0,126,2799462,1664547,1122431,300930,64800,70184,77190,0,392,608935,17281868,9909939,2364937,5006992,6180893,841556,60651269,87784,0,696564,1834500,0,4.0,0.0,2.0,1.0,1.0,510.0681821,535.454545,303.4772726666667,303.4757578666667,505.7015154,1.16942,28.373104666666666,1.0,1.0,1.0,1.0,none,0:1.0500|1:0.9300|2:1.0300|3:0.9400|4:0.9500|5:1.1000|6:0.8200|,Tolga Güler:6:13414|Esin Yıldız:4:36719|Pınar Uçar:1:11016,1691990,20,148837,757,30,40.09452530521936,40.50260664815016,none,460098
Atak,22,817,2013,5,1407,1244,163,5805,162,57,0,0,127,2836312,1704621,1114304,310961,66960,72957,80228,0,585,582613,18614582,11213832,2331104,5069646,5069646,771480,68126590,87784,0,711448,1895650,0,4.0,0.0,2.0,1.0,1.0,508.555718483871,538.409091,307.954545,306.0073313225806,508.80058638709676,1.176391,29.015138225806453,1.0,1.0,1.0,1.0,none,0:1.0500|1:0.9300|2:1.0300|3:0.9400|4:0.9500|5:1.1000|6:0.8200|,Tolga Güler:6:13414|Esin Yıldız:4:36719|Pınar Uçar:1:11016,1699266,20,148837,787,31,39.2870742005816,39.44526945482241,none,433776
Atak,22,847,2013,6,1355,1175,180,5620,145,50,0,0,141,2494075,1477408,1004309,300930,64800,71024,89850,0,379,477326,17733807,9141711,2296994,6295102,5052567,625462,71331798,92660,0,727158,1837241,0,4.0,0.0,2.0,1.0,1.0,512.9545452666666,542.045455,304.863636,305.8878788666667,512.1272726000001,1.183639,28.211464766666666,1.0,1.0,1.0,1.0,none,0:1.0500|1:0.9300|2:1.0300|3:0.9400|4:0.9500|5:1.1000|6:0.8200|,Tolga Güler:6:13414|Esin Yıldız:4:36719|Pınar Uçar:1:11016,1503294,20,157106,818,30,40.2677946733759,40.567124550672936,none,320220
Atak,22,878,2013,7,1514,1327,187,6687,143,54,0,0,147,2937537,1752734,1167114,319961,69037,73826,93372,0,321,610597,13991354,7004475,2265522,4721357,5963892,791686,76020473,92660,0,742868,1980621,0,4.0,0.0,2.0,1.0,1.0,513.3504395806452,545.0,309.0,307.45454538709674,514.2008798709677,1.190696,28.578916516129034,1.0,1.0,1.0,1.0,none,0:1.0500|1:0.9300|2:1.0300|3:0.9400|4:0.9500|5:1.1000|6:0.8200|,Tolga Güler:6:14015|Esin Yıldız:4:38366|Pınar Uçar:1:11510,1785014,20,157106,848,31,39.73103998349638,39.807200661516646,none,453491
Atak,22,909,2013,8,1480,1295,185,6059,181,49,0,0,148,2705715,1589572,1101281,320261,69037,74291,93961,0,0,543731,14620176,7864734,2230013,4525429,4525429,690748,78273156,92660,0,758578,1980621,0,4.0,0.0,2.0,1.0,1.0,523.8049856774193,549.090909,311.6290322580645,309.9662758064516,518.9941346451612,1.198032,26.940435032258062,1.0,1.0,1.0,1.0,none,0:1.0500|1:0.9300|2:1.0300|3:0.9400|4:0.9500|5:1.1000|6:0.8200|,Tolga Güler:6:14015|Esin Yıldız:4:38366|Pınar Uçar:1:11510,1602564,20,157106,879,31,40.70203254962182,40.506669317962825,none,386625
Atak,22,939,2013,9,1469,1274,195,5877,196,64,0,0,156,2841436,1716570,1106008,309930,66810,72344,79560,0,1169,576195,12028205,5945972,2700,6079533,6079533,732084,85321617,92660,0,774288,1916730,0,4.0,0.0,2.0,1.0,1.0,523.2651519,551.590909,319.90909100000005,316.75606059999996,521.4863636,1.205414,27.851150433333334,1.0,1.0,1.0,1.0,none,0:1.0500|1:0.9300|2:1.0300|3:0.9400|4:0.9500|5:1.1000|6:0.8200|,Tolga Güler:6:14015|Esin Yıldız:4:38366|Pınar Uçar:1:11510,1752144,20,157106,910,30,38.92426223923397,38.862909207999934,none,419089
Atak,22,970,2013,10,1508,1322,186,6376,165,63,0,0,143,3325358,2030735,1279172,320261,69037,75190,82708,0,797,731179,15955100,9491967,1734599,4728534,4728534,848972,83747682,92660,0,789998,1980621,0,4.0,0.0,2.0,1.0,1.0,524.1348977741935,555.227273,321.5,320.0953079354839,524.806451483871,1.2126,28.491959677419356,1.0,1.0,1.0,1.0,none,0:1.0500|1:0.9300|2:1.0300|3:0.9400|4:0.9500|5:1.1000|6:0.8200|,Tolga Güler:6:14015|Esin Yıldız:4:38366|Pınar Uçar:1:11510,2056096,20,157106,940,31,38.46719661462014,38.66082923207532,none,574073
Atak,22,1000,2013,11,1534,1315,219,6025,200,75,0,0,172,3086325,1900260,1168517,309930,66810,73215,80520,0,0,638042,19184021,12779606,1708065,4696350,4696350,950414,76047479,92660,0,805708,1916730,0,4.0,0.0,2.0,1.0,1.0,525.9999997,558.409091,325.681818,323.6818182,527.7727273333334,1.220071,28.228632366666666,1.0,1.0,1.0,1.0,none,0:1.0500|1:0.9300|2:1.0300|3:0.9400|4:0.9500|5:1.1000|6:0.8200|,Tolga Güler:6:14015|Esin Yıldız:4:38366|Pınar Uçar:1:11510,1924882,20,157106,971,30,37.86111313617328,38.083304527423934,none,480936
Atak,22,1031,2013,12,1322,1125,197,4937,218,29,0,0,150,2743333,1667619,1063037,320261,69037,76120,92070,0,887,504662,18500044,9975223,1681189,6843632,6843632,698706,82519106,95911,0,821969,1983606,0,4.0,0.0,2.0,1.0,1.0,538.1671553870968,562.045455,328.272727,326.4985338064516,530.4794723225807,1.227345,26.17756412903226,1.0,1.0,1.0,1.0,none,0:1.0500|1:0.9300|2:1.0300|3:0.9400|4:0.9500|5:1.1000|6:0.8200|,Tolga Güler:6:14015|Esin Yıldız:4:38366|Pınar Uçar:1:11510,1737178,20,162619,1001,31,38.74983459900785,39.001716527297624,none,342043
Atak,22,1062,2014,1,1416,1188,228,5497,211,79,0,0,159,3048416,1842627,1192587,326261,70432,76586,92628,0,331,626349,14595708,7917639,1653967,5024102,5024102,755826,90178913,95911,0,838230,2073156,0,4.0,0.0,2.0,1.0,1.0,539.1129031935484,565.227273,323.31818200000004,324.63929622580645,533.8885629032259,1.234907,26.004015193548387,1.0,1.0,1.0,1.0,none,0:1.0500|1:0.9300|2:1.0300|3:0.9400|4:0.9500|5:1.1000|6:0.8200|,Tolga Güler:6:14671|Esin Yıldız:4:40158|Pınar Uçar:1:12048,1805604,20,162619,1032,31,39.12153065723313,40.02774185430233,none,463730
Atak,22,1090,2014,2,1346,1141,205,5275,193,83,0,0,153,2953290,1782529,1153982,294868,63616,69623,84224,0,0,641651,9835376,3932672,1626393,4276311,4276311,890298,82349839,95911,0,854491,1872528,0,4.0,0.0,2.0,1.0,1.0,539.2288960714286,569.545455,325.409091,324.81655832142854,538.9870128214286,1.243005,27.43055807142857,1.0,1.0,1.0,1.0,none,0:1.0500|1:0.9300|2:1.0300|3:0.9400|4:0.9500|5:1.1000|6:0.8200|,Tolga Güler:6:14671|Esin Yıldız:4:40158|Pınar Uçar:1:12048,1807590,21,162619,1063,28,39.07445594574187,39.65288333567071,none,479032
Atak,22,1121,2014,3,1482,1293,189,6117,173,58,0,0,159,3180380,1911926,1252697,326461,70432,77547,85281,0,0,692976,16060773,9002398,1115,7057260,7057260,845448,89932807,95911,0,870752,2073156,0,4.0,0.0,2.0,1.0,1.0,540.3885631612903,572.954545,325.545455,325.0703813870968,542.0249267096774,1.250366,28.54154370967742,1.0,1.0,1.0,1.0,none,0:1.0500|1:0.9300|2:1.0300|3:0.9400|4:0.9500|5:1.1000|6:0.8200|,Tolga Güler:6:14671|Esin Yıldız:4:40158|Pınar Uçar:1:12048,1940604,21,162619,1091,31,39.388280645709,39.75715305750575,none,530357
Atak,22,1151,2014,4,1431,1215,216,5644,256,40,0,0,173,3044255,1791109,1233309,315930,68160,75526,83070,0,0,690623,19925399,12139483,1735254,6050662,6050662,870672,95456318,95911,0,887013,2006280,0,4.0,0.0,2.0,1.0,1.0,553.4166666,575.454545,327.09090899999995,325.91666683333335,544.5696968,1.258565,25.5854147,1.0,1.0,1.0,1.0,none,0:1.0500|1:0.9300|2:1.0300|3:0.9400|4:0.9500|5:1.1000|6:0.8200|,Tolga Güler:6:14671|Esin Yıldız:4:40158|Pınar Uçar:1:12048,1813444,21,162619,1122,30,40.51267058771358,40.89608630518249,none,528004
Atak,22,1182,2014,5,1572,1342,230,6687,204,71,0,0,188,3592515,2151309,1427173,326461,70432,78540,86366,0,0,865374,23359874,15459226,1709225,6191423,6191423,971322,98908207,95911,0,903274,2073156,0,4.0,0.0,2.0,1.0,1.0,552.9398826451613,579.772727,333.045455,330.69208203225804,548.3709675161291,1.266552,26.346684903225803,1.0,1.0,1.0,1.0,none,0:1.0500|1:0.9300|2:1.0300|3:0.9400|4:0.9500|5:1.1000|6:0.8200|,Tolga Güler:6:14671|Esin Yıldız:4:40158|Pınar Uçar:1:12048,2151990,21,162619,1152,31,39.72629202661645,39.76823422344349,none,702755
Atak,22,1212,2014,6,1462,1276,186,6318,138,41,0,0,164,2950275,1791630,1147502,315930,68160,76516,96750,0,0,590146,20112440,10593033,1682840,7836567,7836567,845694,101383381,100789,0,920363,2009442,0,4.0,0.0,2.0,1.0,1.0,552.7954544,582.954545,339.045455,336.36515156666667,551.4303032,1.274857,28.003056233333332,1.0,1.0,1.0,1.0,none,0:1.0500|1:0.9300|2:1.0300|3:0.9400|4:0.9500|5:1.1000|6:0.8200|,Tolga Güler:6:14671|Esin Yıldız:4:40158|Pınar Uçar:1:12048,1834086,21,170887,1183,30,38.894747099846626,38.66710511069645,none,419259
Atak,22,1243,2014,7,1606,1398,208,6824,158,73,0,2,167,3173660,1946577,1203477,335461,72540,79563,100626,0,581,614706,19444276,11488887,1656093,6299296,6299296,775732,106540732,100789,0,937452,2171178,0,4.0,0.0,2.0,1.0,1.0,553.9149559032259,587.954545,343.454545,341.2419355806452,555.5879768387097,1.282947,29.07742529032258,1.0,1.0,1.0,1.0,none,0:1.0500|1:0.9300|2:1.0300|3:0.9400|4:0.9500|5:1.1000|6:0.8200|,Tolga Güler:6:15364|Esin Yıldız:4:42057|Pınar Uçar:1:12617,1992630,21,170887,1213,31,37.92079176723404,37.99507643913397,none,443819
Atak,22,1274,2014,8,1521,1324,197,6312,125,53,0,0,171,2831319,1703931,1112785,335761,72540,80090,101277,0,1018,522099,17458941,8904176,1629265,6925500,5239348,717918,103372153,100789,0,954541,2171178,0,4.0,0.0,2.0,1.0,1.0,565.6451611290323,590.681818,345.090909,343.46480938709675,559.3841643225807,1.291361,27.173778580645163,1.0,1.0,1.0,1.0,none,0:1.0500|1:0.9300|2:1.0300|3:0.9400|4:0.9500|5:1.1000|6:0.8200|,Tolga Güler:6:15364|Esin Yıldız:4:42057|Pınar Uçar:1:12617,1736904,22,170887,1244,31,39.30270661836409,38.991627134015296,none,351212
Atak,22,1304,2014,9,1492,1285,207,6031,153,59,0,0,178,3236285,1943797,1278347,324930,70200,78016,85800,0,473,718928,25429639,17794805,3766,7631068,9317220,873736,115262017,100789,0,971630,2101140,0,4.0,0.0,2.0,1.0,1.0,565.6818179999999,594.3181820000001,336.727273,339.3378787333333,562.368182,1.299829,27.368307566666665,1.0,1.0,1.0,1.0,none,0:1.0500|1:0.9300|2:1.0300|3:0.9400|4:0.9500|5:1.1000|6:0.8200|,Tolga Güler:6:15364|Esin Yıldız:4:42057|Pınar Uçar:1:12617,1939220,22,170887,1275,30,39.500445727122305,40.47408591095992,none,548041
Atak,22,1335,2014,10,1522,1341,181,6429,157,56,0,0,150,3453355,2057620,1374577,335761,72540,81113,89218,0,0,795945,26084609,17060813,1637582,7386214,7386214,986472,118704149,100789,0,988719,2171178,0,4.0,0.0,2.0,1.0,1.0,567.8958946774193,599.318182,337.545455,337.863636,566.6055717096775,1.308077,28.17909735483871,1.0,1.0,1.0,1.0,none,0:1.0500|1:0.9300|2:1.0300|3:0.9400|4:0.9500|5:1.1000|6:0.8200|,Tolga Güler:6:15364|Esin Yıldız:4:42057|Pınar Uçar:1:12617,2056818,22,170887,1305,31,39.80410354568239,40.56208925550778,none,625058
Atak,22,1365,2014,11,1439,1243,196,5781,172,69,0,0,165,3172870,1920873,1242273,324930,70200,79007,86910,0,0,681226,29719815,18833978,1613022,9272815,7202701,958226,111965365,100789,0,1005808,2101140,0,4.0,0.0,2.0,1.0,1.0,569.7045456333333,602.272727,347.727273,344.3969696666666,569.5909090333333,1.316655,27.901595733333334,1.0,1.0,1.0,1.0,none,0:1.0500|1:0.9300|2:1.0300|3:0.9400|4:0.9500|5:1.1000|6:0.8200|,Tolga Güler:6:15364|Esin Yıldız:4:42057|Pınar Uçar:1:12617,1958704,22,170887,1336,30,39.15297506673769,38.96357758328292,none,510339
Atak,22,1396,2014,12,1469,1267,202,5687,203,71,0,0,165,3335725,2005002,1318804,335761,72540,82167,99417,0,0,728919,32271541,21807152,1588126,8876263,10946377,823374,124856386,105665,0,1023723,2174618,0,4.0,0.0,2.0,1.0,1.0,580.3372432258064,606.818182,349.31818200000004,347.7096774516129,574.0381234516129,1.32501,26.50025041935484,1.0,1.0,1.0,1.0,none,0:1.0500|1:0.9300|2:1.0300|3:0.9400|4:0.9500|5:1.1000|6:0.8200|,Tolga Güler:6:15364|Esin Yıldız:4:42057|Pınar Uçar:1:12617,2008872,22,179156,1366,31,39.53575309715279,39.807726269933355,none,549763
Atak,22,1427,2015,1,1436,1206,230,5598,172,97,0,0,187,3390590,2072102,1300482,344761,74617,82696,100068,0,0,698340,16605163,7950654,1562888,7091621,7091621,799116,130526138,105665,0,1041638,2277818,0,4.0,0.0,2.0,1.0,1.0,581.6715543870968,610.227273,355.31818200000004,352.8592374193548,577.8460409354839,1.3337,24.853173387096778,1.0,1.0,1.0,1.0,none,0:1.0500|1:0.9300|2:1.0300|3:0.9400|4:0.9500|5:1.1000|6:0.8200|,Tolga Güler:6:16119|Esin Yıldız:4:44122|Pınar Uçar:1:13237,2086290,23,179156,1397,31,38.35562542212417,38.91429289947033,none,519184
Atak,22,1455,2015,2,1226,1036,190,4901,200,54,0,0,150,2892025,1749669,1125409,311668,67396,75225,91000,0,0,580120,8981668,1175464,1537303,6268901,6268901,875410,125764215,105665,0,1059553,2057384,0,4.0,0.0,2.0,1.0,1.0,583.7905840714286,614.5454550000001,352.29545449999995,352.64610392857145,581.6801949642856,1.342972,24.471054535714284,1.0,1.0,1.0,1.0,none,0:1.0500|1:0.9300|2:1.0300|3:0.9400|4:0.9500|5:1.1000|6:0.8200|,Tolga Güler:6:16119|Esin Yıldız:4:44122|Pınar Uçar:1:13237,1783266,25,179156,1428,28,38.91422100431359,39.65379639338351,none,400964
Atak,22,1486,2015,3,1425,1208,217,5672,233,51,0,0,172,3149945,1932527,1200406,345061,74617,83812,92163,0,0,604753,28599665,17679395,1949,10918321,10918321,759154,133702817,105665,0,1077468,2277818,0,4.0,0.0,2.0,1.0,1.0,586.0777122258065,618.409091,362.636364,359.26686206451615,585.175953,1.351403,24.680300645161292,1.0,1.0,1.0,1.0,none,0:1.0500|1:0.9300|2:1.0300|3:0.9400|4:0.9500|5:1.1000|6:0.8200|,Tolga Güler:6:16119|Esin Yıldız:4:44122|Pınar Uçar:1:13237,1969532,25,179156,1456,31,38.108792375739895,38.124866986874615,none,425597
Atak,22,1516,2015,4,1369,1148,221,5494,229,74,0,0,160,3087135,1866702,1203939,333930,72210,81678,89820,0,0,626301,31133063,20085727,1634551,9412785,9412785,856254,145161071,105665,0,1095383,2204340,0,4.0,0.0,2.0,1.0,1.0,595.7196965666667,622.954545,360.318182,360.6454546333334,587.2393938,1.360799,23.167870333333333,1.0,1.0,1.0,1.0,none,0:1.0500|1:0.9300|2:1.0300|3:0.9400|4:0.9500|5:1.1000|6:0.8200|,Tolga Güler:6:16119|Esin Yıldız:4:44122|Pınar Uçar:1:13237,1885392,25,179156,1487,30,38.99858606766468,39.51548285600845,none,447145
Atak,22,1547,2015,5,1394,1162,232,5279,185,47,0,0,197,2974141,1781405,1175275,345061,74617,84959,93434,0,580,576624,35300991,21393560,1610504,12296927,9791334,834000,158347912,105665,0,1113298,2277818,0,4.0,0.0,2.0,1.0,1.0,597.9178883548387,626.818182,356.18181799999996,358.02492667741933,593.3489735483871,1.369954,24.07154329032258,1.0,1.0,1.0,1.0,none,0:1.0500|1:0.9300|2:1.0300|3:0.9400|4:0.9500|5:1.1000|6:0.8200|,Tolga Güler:6:16119|Esin Yıldız:4:44122|Pınar Uçar:1:13237,1807560,25,179156,1517,31,39.51645197722637,40.4296434448502,none,397468
Atak,22,1577,2015,6,1387,1176,211,5615,173,33,0,0,182,2824408,1673296,1130893,333930,72210,82789,104700,0,2046,535218,28462353,17296004,1586107,9580242,12085835,769632,156864074,110542,0,1132040,2207993,0,4.0,0.0,2.0,1.0,1.0,600.1287881999999,632.045455,356.90909100000005,357.3969697666667,596.5757576666667,1.379479,24.7848373,1.0,1.0,1.0,1.0,none,0:1.0500|1:0.9300|2:1.0300|3:0.9400|4:0.9500|5:1.1000|6:0.8200|,Tolga Güler:6:16119|Esin Yıldız:4:44122|Pınar Uçar:1:13237,1695000,26,187425,1548,30,40.040001302927905,40.527917004198784,none,347793
Atak,22,1608,2015,7,1416,1207,209,5965,168,42,0,0,180,3075381,1818438,1242650,240661,51210,86137,108934,0,1378,754330,27549321,17189583,1561355,8798383,8798383,843532,167418031,110542,0,1150782,2391061,0,3.129032258064516,0.0,2.0,0.12903225806451613,1.0,608.3797654193548,635.227273,363.272727,360.960410483871,601.214076548387,1.38876,24.034442709677418,1.0,1.0,1.0,1.0,none,0:1.0500|1:0.9300|2:1.0300|3:0.9400|4:0.9500|5:1.1000|6:0.8200|,Tolga Güler:6:16920|Esin Yıldız:4:46316|Pınar Uçar:1:13895,1826018,27,187425,1578,31,40.40637566532407,40.28849287096245,none,566905
Atak,22,1639,2015,8,1342,1129,213,5420,120,24,0,0,194,2830174,1685417,1129216,224161,47430,86726,109678,0,1953,659268,34295611,20589539,1536243,12169829,12169829,821912,169693744,110542,0,1169524,2391061,0,3.0,0.0,2.0,0.0,1.0,608.5630501935483,640.909091,365.43108519354837,363.5337242580645,606.6260999354839,1.398416,25.43909458064516,1.0,1.0,1.0,1.0,none,0:1.0500|1:0.9300|2:1.0300|3:0.9400|4:0.9500|5:1.1000|6:0.8200|,Tolga Güler:6:16920|Esin Yıldız:4:46316|Pınar Uçar:1:13895,1723982,27,187425,1609,31,39.89917227704021,39.95181188254428,none,471843
Atak,22,1669,2015,9,1305,1116,189,5343,160,56,0,0,157,3158234,1929635,1208218,293430,63104,84499,92940,0,32621,641624,36149663,23675344,1510766,10963553,10963553,906150,180667104,110542,0,1188266,2313930,0,3.566666666666667,0.0,2.0,0.5666666666666667,1.0,609.7272728,644.090909,376.454545,372.0393939,609.2257578333333,1.408139,25.440721366666665,1.0,1.0,1.0,1.0,none,0:1.0500|1:0.9300|2:1.0300|3:0.9400|4:0.9500|5:1.1000|6:0.8200|,Tolga Güler:6:16920|Esin Yıldız:4:46316|Pınar Uçar:1:13895,1954506,27,187425,1640,30,38.25612668345664,38.25853593997215,none,454199
Atak,22,1700,2015,10,1404,1192,212,5582,189,58,0,0,172,3399206,2063039,1319730,363661,78802,87905,96689,0,1008,691665,33260951,21535717,1485257,10239977,10239977,973632,185954049,110542,0,1207008,2391061,0,4.0,0.0,2.0,1.0,1.0,620.7551318064516,648.8636359999999,378.0703815806451,376.3167155483871,613.7976539032258,1.417612,24.3391495483871,1.0,1.0,1.0,1.0,none,0:1.0500|1:0.9300|2:1.0300|3:0.9400|4:0.9500|5:1.1000|6:0.8200|,Tolga Güler:6:16920|Esin Yıldız:4:46316|Pınar Uçar:1:13895,2091882,28,187425,1670,31,38.824654934122854,39.0950856128362,none,504240
Atak,22,1730,2015,11,1330,1126,204,5229,156,47,0,0,171,3086277,1889606,1178590,351930,76260,85669,94200,0,1216,569315,49995977,35875211,4430,14116336,14116336,806214,163090756,110542,0,1225750,2313930,0,4.0,0.0,2.0,1.0,1.0,619.4242423666667,653.863636,379.636364,378.33484846666664,616.9484848666667,1.427469,25.192756866666667,1.0,1.0,1.0,1.0,none,0:1.0500|1:0.9300|2:1.0300|3:0.9400|4:0.9500|5:1.1000|6:0.8200|,Tolga Güler:6:16920|Esin Yıldız:4:46316|Pınar Uçar:1:13895,1912422,28,187425,1701,30,38.188082275181394,38.71141327154013,none,381890
Atak,22,1761,2015,12,1375,1159,216,5804,180,44,0,0,186,3591373,2242219,1333187,363661,78802,89114,107818,0,1053,692739,56988169,41346571,1492649,14148949,14148949,963954,186577957,117045,0,1245595,2395053,0,4.0,0.0,2.0,1.0,1.0,614.6700878387097,658.181818,382.954545,381.0146627741936,617.497067548387,1.437072,27.013776645161293,1.0,1.0,1.0,1.0,none,0:1.0500|1:0.9250|2:1.0300|3:0.9350|4:0.9450|5:1.1000|6:0.8200|,Tolga Güler:6:16920|Esin Yıldız:4:46316|Pınar Uçar:1:13895,2247986,28,198450,1731,31,37.1219308047368,37.69754660641827,none,494289
Atak,22,1792,2016,1,1365,1169,196,5763,205,46,0,0,163,3692644,2268630,1414922,375661,81592,89735,108562,0,498,758874,24694744,8775221,1470670,14448853,12418158,1013084,208752831,117045,0,1265440,2514813,0,4.0,0.0,2.0,1.0,1.0,634.0762467419355,662.272727,387.863636,385.40175951612906,625.5410559677418,1.447064,25.189938806451615,1.0,1.0,1.0,1.0,none,0:1.0500|1:0.9300|2:1.0300|3:0.9400|4:0.9500|5:1.1000|6:0.8200|,Tolga Güler:6:17796|Esin Yıldız:4:48713|Pınar Uçar:1:14614,2310490,29,198450,1762,31,38.31731409797424,38.830126819455245,none,560424
Atak,22,1821,2016,2,1278,1027,251,4802,176,68,0,0,200,2984629,1796300,1172411,351799,76328,84555,102312,0,809,556608,19589759,7706342,1448371,10435046,12465741,877918,207388089,117045,0,1285285,2352567,0,4.0,0.0,2.0,1.0,1.0,635.227273,667.272727,376.43730410344824,380.101881,630.1927898965517,1.4576940000000003,24.480114931034482,1.0,1.0,1.0,1.0,none,0:1.0500|1:0.9300|2:1.0300|3:0.9400|4:0.9500|5:1.1000|6:0.8200|,Tolga Güler:6:17796|Esin Yıldız:4:48713|Pınar Uçar:1:14614,1812924,31,198450,1793,29,39.28163265853143,40.73974463885334,none,358158
Atak,22,1852,2016,3,1355,1131,224,5372,168,20,0,0,186,3117439,1875988,1223232,376061,81592,91007,100099,0,1405,573068,33927785,20199171,1425747,12302867,12302867,897846,224556014,117045,0,1305130,2514813,0,4.0,0.0,2.0,1.0,1.0,632.6539588064517,671.1363640000001,380.81818200000004,379.1158358064516,632.306451548387,1.467709,25.807341290322583,1.0,1.0,1.0,1.0,none,0:1.0500|1:0.9300|2:1.0300|3:0.9400|4:0.9500|5:1.1000|6:0.8200|,Tolga Güler:6:17796|Esin Yıldız:4:48713|Pınar Uçar:1:14614,1871730,31,198450,1822,31,39.238362001630186,39.80624372944072,none,374618
Atak,22,1882,2016,4,1318,1110,208,5288,178,44,0,0,172,3276292,1948746,1312225,401930,87516,88731,97590,0,33524,602934,33867556,20741559,1402795,11723202,11723202,855724,224508379,117045,0,1324975,2433690,0,3.933333333333333,0.0,2.0,0.9333333333333333,1.0,642.8257575666667,676.590909,384.181818,382.1893940333333,636.5969696333334,1.4784910000000002,24.751519499999997,1.0,1.0,1.0,1.0,none,0:1.0500|1:0.9300|2:1.0300|3:0.9400|4:0.9500|5:1.1000|6:0.8200|,Tolga Güler:6:17796|Esin Yıldız:4:48713|Pınar Uçar:1:14614,1998574,32,198450,1853,30,40.05213820990315,40.23546606871038,none,404484
Atak,22,1913,2016,5,1406,1192,214,5872,160,47,0,0,183,3322612,1995227,1310570,448911,97991,92340,101556,0,1495,568277,44210114,26302326,1379508,16528280,16528280,901686,231888578,117045,0,1344820,2514813,0,4.0,0.0,2.0,1.0,1.0,646.1436953548387,680.909091,388.6011727096774,386.23753658064516,640.5395894838709,1.489001,25.820079677419354,1.0,1.0,1.0,1.0,none,0:1.0500|1:0.9300|2:1.0300|3:0.9400|4:0.9500|5:1.1000|6:0.8200|,Tolga Güler:6:17796|Esin Yıldız:4:48713|Pınar Uçar:1:14614,2012296,32,198450,1883,31,39.443967577315675,39.85839752003279,none,369827
Atak,22,1943,2016,6,1365,1165,200,5844,123,26,0,0,179,3189405,1947504,1225054,434430,94830,90021,113850,0,524,491399,36939358,22564508,1355882,13018968,13018968,983034,231104884,123547,0,1365767,2437923,0,4.0,0.0,2.0,1.0,1.0,644.7954548333332,685.6818179999999,395.954545,392.46060603333336,645.7787877666667,1.499939,26.993154266666668,1.0,1.0,1.0,1.0,none,0:1.0500|1:0.9300|2:1.0300|3:0.9400|4:0.9500|5:1.1000|6:0.8200|,Tolga Güler:6:17796|Esin Yıldız:4:48713|Pınar Uçar:1:14614,1956360,34,209475,1914,30,38.41011097681229,38.59222455245961,none,281924
Atak,22,1974,2016,7,1307,1090,217,5176,160,30,0,0,179,2997932,1822326,1161175,460911,100781,93673,118482,0,1199,386129,27830188,13177588,1551,14651049,11875407,859500,240035208,123547,0,1386714,2646036,0,4.0,0.0,2.0,1.0,1.0,654.7214078387098,692.045455,401.636364,398.7008796774193,654.1436953548387,1.510601,25.936315870967743,1.0,1.0,1.0,1.0,none,0:1.0500|1:0.9300|2:1.0300|3:0.9400|4:0.9500|5:1.1000|6:0.8200|,Tolga Güler:6:18724|Esin Yıldız:4:51255|Pınar Uçar:1:15376,1911696,35,209475,1944,31,38.732532959386674,38.655379342820744,none,176654
Atak,22,2005,2016,8,1401,1206,195,6135,133,21,0,0,174,3463466,2061888,1379283,461311,100781,94356,119350,0,1629,601856,43717046,27798768,1358140,14560138,17335780,935014,251538185,123547,0,1407661,2646036,0,4.0,0.0,2.0,1.0,1.0,662.3533726451612,696.590909,389.090909,392.74926677419353,657.3093843548387,1.521698,26.013670064516127,1.0,1.0,1.0,1.0,none,0:1.0500|1:0.9300|2:1.0300|3:0.9400|4:0.9500|5:1.1000|6:0.8200|,Tolga Güler:6:18724|Esin Yıldız:4:51255|Pınar Uçar:1:15376,2062738,35,209475,1975,31,39.82377768397322,41.25629534486489,none,392381
Atak,22,2035,2016,9,1307,1103,204,5396,132,53,0,0,178,3277286,1983850,1273370,446430,97530,92002,101160,0,795,535453,42573270,26042318,1338037,15192915,15192915,996036,266268964,123547,0,1428608,2560680,0,4.0,0.0,2.0,1.0,1.0,665.227273,702.272727,406.181818,400.42424246666667,662.9045456666666,1.5328759999999997,26.288824633333334,1.0,1.0,1.0,1.0,none,0:1.0500|1:0.9300|2:1.0300|3:0.9400|4:0.9500|5:1.1000|6:0.8200|,Tolga Güler:6:18724|Esin Yıldız:4:51255|Pınar Uçar:1:15376,2009442,35,209475,2006,30,38.85440574914731,38.94089516681616,none,325978
Atak,22,2066,2016,10,1302,1073,229,5062,179,23,0,0,182,3294082,1993476,1283360,461311,100781,95750,105276,0,543,519699,39093241,21620859,1317641,16154741,16154741,871494,257116779,123547,0,1449555,2646036,0,4.0,0.0,2.0,1.0,1.0,670.8724338709678,706.1363640000001,407.5,405.6906158387097,668.0777128387097,1.543772,24.85526009677419,1.0,1.0,1.0,1.0,none,0:1.0500|1:0.9300|2:1.0300|3:0.9400|4:0.9500|5:1.1000|6:0.8200|,Tolga Güler:6:18724|Esin Yıldız:4:51255|Pınar Uçar:1:15376,1914384,36,209475,2036,31,38.95956445528678,39.25819881304343,none,310224
Atak,22,2096,2016,11,1325,1103,222,5479,170,59,0,0,188,3507502,2091347,1398567,446430,97530,93322,102630,0,472,658183,69044891,53396738,1296949,14351204,14351204,960722,209224217,123547,0,1470502,2560680,0,4.0,0.0,2.0,1.0,1.0,679.3787879666667,712.272727,403.272727,404.32121206666665,673.3151513333333,1.555113,24.749640333333332,1.0,1.0,1.0,1.0,none,0:1.0500|1:0.9300|2:1.0300|3:0.9400|4:0.9500|5:1.1000|6:0.8200|,Tolga Güler:6:18724|Esin Yıldız:4:51255|Pınar Uçar:1:15376,2093878,36,209475,2067,30,39.87359094877209,40.640959926498866,none,448708
Atak,22,2127,2016,12,1339,1108,231,5391,183,61,0,0,193,3608581,2149265,1443369,461311,100781,97115,117490,0,719,665953,78331103,57538958,1276355,19515790,19515790,1010112,241454954,133301,0,1493103,2653247,0,4.0,0.0,2.0,1.0,1.0,681.6422289032258,716.1363640000001,405.136364,404.4560116774193,677.1275657096775,1.566167,24.789563451612903,1.0,1.0,1.0,1.0,none,0:1.0500|1:0.9300|2:1.0300|3:0.9400|4:0.9500|5:1.1000|6:0.8200|,Tolga Güler:6:18724|Esin Yıldız:4:51255|Pınar Uçar:1:15376,2147668,36,226012,2097,31,39.998243076710764,40.5646618091911,none,439941
Atak,22,2158,2017,1,1258,1019,239,4645,216,58,0,0,195,3367680,2016971,1330052,479311,104966,97845,118358,0,986,528586,23193785,1426760,4894,21762131,21762131,1039630,304418053,133301,0,1515704,2869577,0,4.0,0.0,2.0,1.0,1.0,687.1700877096774,722.5,412.909091,409.79178877419355,682.4398827419354,1.577672,23.84171216129032,1.0,1.0,1.0,1.0,none,0:1.0500|1:0.9300|2:1.0300|3:0.9400|4:0.9500|5:1.1000|6:0.8200|,Tolga Güler:6:20306|Esin Yıldız:4:55586|Pınar Uçar:1:16676,2058630,37,226012,2128,31,39.494607563664005,39.91166111781484,none,302574
Atak,22,2186,2017,2,1087,867,220,4061,171,51,0,0,170,2833209,1680472,1133895,433468,94808,89497,108248,0,795,407079,17236975,3039145,1797312,12400518,12400518,756126,285662273,133301,0,1538305,2591876,0,4.0,0.0,2.0,1.0,1.0,697.9788960357143,731.5909089999999,415.909091,413.6314933928571,692.0016233928571,1.597686,23.430645392857144,1.0,1.0,1.0,1.0,none,0:1.0500|1:0.9300|2:1.0300|3:0.9400|4:0.9500|5:1.1000|6:0.8200|,Tolga Güler:6:20306|Esin Yıldız:4:55586|Pınar Uçar:1:16676,1694596,39,226012,2159,28,40.021579770500516,40.412368717417685,none,181067
Atak,22,2217,2017,3,1237,987,250,4907,212,36,0,0,203,3479186,2083755,1381101,479911,104966,100233,110205,0,807,584979,39517000,23318906,1774585,14423509,14423509,990606,285441667,133301,0,1560906,2869577,0,4.0,0.0,2.0,1.0,1.0,705.2199412258065,739.772727,425.363636,421.3914957096774,699.2859237741935,1.61598,23.076927129032256,1.0,1.0,1.0,1.0,none,0:1.0500|1:0.9300|2:1.0300|3:0.9400|4:0.9500|5:1.1000|6:0.8200|,Tolga Güler:6:20306|Esin Yıldız:4:55586|Pınar Uçar:1:16676,2161618,40,226012,2187,31,39.69609558097785,39.68354960856083,none,358967
Atak,22,2247,2017,4,1280,1039,241,4916,189,45,0,0,202,3508372,2110119,1374717,464430,101580,98230,108000,0,1730,600747,50935729,27635207,1751396,21549126,17133846,998328,294636585,133301,0,1583507,2777010,0,4.0,0.0,2.0,1.0,1.0,712.1515151666666,749.3181820000001,429.681818,427.0863636,707.1742421666667,1.636479,24.385323033333336,1.0,1.0,1.0,1.0,none,0:1.0500|1:0.9300|2:1.0300|3:0.9400|4:0.9500|5:1.1000|6:0.8200|,Tolga Güler:6:20306|Esin Yıldız:4:55586|Pınar Uçar:1:16676,2124732,40,226012,2218,30,39.18390068099962,39.66426963236321,none,374735
Atak,22,2278,2017,5,1334,1086,248,5046,245,42,0,0,197,3478806,2053800,1401912,479911,104966,102745,112964,0,592,600734,64139257,43361263,1727738,19050256,23465536,939382,301603754,133301,0,1606108,2869577,0,4.0,0.0,2.0,1.0,1.0,724.5967742580646,758.6363640000001,427.409091,427.67741948387095,716.6979472903225,1.656565,22.919189677419354,1.0,1.0,1.0,1.0,none,0:1.0500|1:0.9300|2:1.0300|3:0.9400|4:0.9500|5:1.1000|6:0.8200|,Tolga Güler:6:20306|Esin Yıldız:4:55586|Pınar Uçar:1:16676,2110904,40,226012,2248,31,40.298654193421534,41.01421560458416,none,374722
Atak,22,2308,2017,6,1303,1100,203,5315,157,25,0,0,171,3358153,1966316,1372359,464430,101580,100691,127320,0,3597,574741,68010224,46036778,1703599,20269847,20269847,931350,321874105,144680,0,1630638,2784941,0,4.0,0.0,2.0,1.0,1.0,733.8787876,767.727273,431.2999996,429.26666670000003,726.4712122333333,1.677579,24.4463748,1.0,1.0,1.0035714,0.9989285999999999,0,0:1.0500|1:0.9300|2:1.0300|3:0.9400|4:0.9500|5:1.1000|6:0.8200|,Tolga Güler:6:20306|Esin Yıldız:4:55586|Pınar Uçar:1:16676,1957196,40,245306,2279,30,40.866482259742185,41.230076834557636,none|0,329435
Atak,22,2339,2017,7,1338,1085,253,5234,197,21,0,0,217,3292536,2003092,1272751,500911,109864,105319,133176,0,1987,421494,23612560,4971596,2538,18638426,18638426,973856,326940844,144680,0,1655168,3115438,0,4.0,0.0,2.0,1.0,1.0,733.5043988064516,777.045455,457.01173051612903,445.2771260967742,733.935483967742,1.698169,24.41501680645161,1.0,1.0,1.2183179999999998,0.9345045806451613,0,0:1.0500|1:0.9200|2:1.0300|3:0.9300|4:0.9400|5:1.1000|6:0.8200|,Tolga Güler:6:22045|Esin Yıldız:4:60348|Pınar Uçar:1:18104,2075796,40,245306,2309,31,38.65564416000311,37.69475257956567,0,176188
Atak,22,2370,2017,8,1358,1105,253,5279,234,28,0,0,202,3359845,2062234,1281393,501611,109864,106653,134881,0,5365,423019,-48265714,-61105024,1712089,11127221,11127221,923812,374777756,144680,0,1679698,3115438,0,4.0,0.0,2.0,1.0,1.0,748.9296185483871,787.045455,464.954545,460.94868041935484,743.7756598387097,1.719711,24.8718654516129,1.0,1.0,1.25,0.925,0,0:1.0500|1:0.9300|2:1.0300|3:0.9400|4:0.9500|5:1.1000|6:0.8200|,Tolga Güler:6:22045|Esin Yıldız:4:60348|Pınar Uçar:1:18104,2042162,40,245306,2340,31,38.13845579185944,37.917457998096246,0,177713
Atak,22,2400,2017,9,1280,1027,253,4816,265,42,0,0,188,3495619,2183283,1275730,485430,106320,104533,114930,0,1974,462543,-9387527,-26376974,1690364,15299083,15299083,1111524,388247192,144680,0,1704228,3014940,0,4.0,0.0,2.0,1.0,1.0,755.5757575333333,797.727273,474.136364,469.88939393333334,753.4409091333333,1.741526,24.00421126666667,1.0,1.0,1.25,0.925,0,0:1.0500|1:0.9300|2:1.0300|3:0.9400|4:0.9500|5:1.1000|6:0.8200|,Tolga Güler:6:22045|Esin Yıldız:4:60348|Pınar Uçar:1:18104,2271436,41,245306,2371,30,36.495110022001825,37.24833555434939,0,217237
Atak,22,2431,2017,10,1358,1092,266,5057,285,42,0,0,203,3716353,2342562,1352448,501611,109864,109351,120218,0,1090,510314,-4269467,-22989483,3313783,15406233,15406233,1049642,352643883,144680,0,1728758,3517662,0,4.0,0.0,2.0,1.0,1.0,766.1143692258064,806.818182,485.863636,481.02346045161295,761.4486803548388,1.762901,24.509315258064515,1.0,1.0,1.25,0.925,0,0:1.0500|1:0.9300|2:1.0300|3:0.9400|4:0.9500|5:1.1000|6:0.8200|,Tolga Güler:6:22045|Esin Yıldız:4:60348|Pınar Uçar:1:18104|Gamze Soylu:1:17488,2440202,46,245306,2401,31,36.391806698663984,36.5807958293502,0,265008
Atak,22,2461,2017,11,1252,1011,241,4864,243,48,0,0,189,3715651,2365100,1326514,485430,106320,107173,117840,0,1124,508627,30830154,15035524,1622511,14172119,14172119,1193274,354496684,144680,0,1753288,3539580,0,4.0,0.0,2.0,1.0,1.0,776.3939392333334,817.272727,497.0,491.8333333666667,772.3636363333334,1.785264,23.989928033333335,1.0,1.0,1.25,0.925,0,0:1.0500|1:0.9300|2:1.0300|3:0.9400|4:0.9500|5:1.1000|6:0.8200|,Tolga Güler:6:22045|Esin Yıldız:4:60348|Pınar Uçar:1:18104|Gamze Soylu:1:17488,2359170,46,245306,2432,30,35.70071570230896,35.98610513487867,0,263321
Atak,22,2492,2017,12,1353,1101,252,4996,283,72,0,0,188,3915177,2517475,1370653,501611,109864,112080,135563,0,1200,510335,49140644,26825775,0,22314869,17658655,1091920,361431978,154434,0,1779472,3665884,0,4.0,0.0,2.0,1.0,1.0,781.3416424193549,827.272727,502.1950147096774,499.32844577419354,782.0337241935484,1.807175,24.861827967741938,0.9580645161290322,0.9580645161290322,1.2479032258064517,0.897454870967742,1,0:1.0500|1:0.9300|2:1.0300|3:0.9400|4:0.9500|5:1.1000|6:0.8200|,Tolga Güler:6:22045|Esin Yıldız:4:60348|Pınar Uçar:1:18104|Gamze Soylu:1:17488,2561992,46,261844,2462,31,35.00871097270954,35.726577537237716,0|1,248491
Atak,22,2523,2018,1,1164,872,292,3933,432,46,0,0,199,3277276,2092101,1163831,519611,114049,113498,137299,0,4209,275165,17465127,-261400,1630950,16095577,20751791,1025542,376056635,154434,0,1805656,4109224,0,4.0,0.0,2.0,1.0,1.0,802.2873900322581,837.5,509.24486806451614,505.6759530967742,791.120234516129,1.8301,22.361764612903226,0.9,0.9,1.2266666774193549,0.7907742903225806,1,0:1.0500|1:0.9300|2:1.0300|3:0.9400|4:0.9500|5:1.1000|6:0.8200|,Tolga Güler:6:23600|Esin Yıldız:4:64602|Pınar Uçar:1:19381|Gamze Soylu:1:18722|Pınar Özkan:1:19381,2156382,46,261844,2493,31,35.512144842240936,36.52587908130519,1,13321
Atak,22,2551,2018,2,1047,822,225,3603,276,41,0,0,164,3053230,1948158,1089319,469868,103012,103579,125300,0,4437,283123,-10210560,-27516586,1618631,15687395,15687395,981708,374830058,154434,0,1831840,4079152,0,4.0,0.0,2.0,1.0,1.0,796.4448054285714,846.5909089999999,497.39123375,501.5746753214286,800.4659091071428,1.849195,24.650481785714284,0.9,0.9,1.2020833214285713,0.8,1,0:1.0500|1:0.9300|2:1.0300|3:0.9400|4:0.9500|5:1.1000|6:0.8200|,Tolga Güler:6:23600|Esin Yıldız:4:64602|Pınar Uçar:1:19381|Gamze Soylu:1:18722|Pınar Özkan:1:19381,1913152,49,261844,2524,28,35.67759389236972,37.54856201462058,1,21279
Atak,22,2582,2018,3,1192,922,270,4223,317,49,0,0,203,3237187,2010500,1204846,520211,114049,115762,127317,0,1837,325670,18985753,3922029,1597286,13466438,13466438,862242,396532215,154434,0,1858024,4516204,0,4.0,0.0,2.0,1.0,1.0,812.001465967742,854.318182,503.87243403225807,502.105572,806.8651028064517,1.866614,24.6298045483871,0.9,0.9,1.1775,0.8,1,0:1.0500|1:0.9300|2:1.0300|3:0.9400|4:0.9500|5:1.1000|6:0.8200|,Tolga Güler:6:23600|Esin Yıldız:4:64602|Pınar Uçar:1:19381|Gamze Soylu:1:18722|Pınar Özkan:1:19381,2023458,49,261844,2552,31,37.218918771142974,37.94685660674963,1,63826
Atak,22,2612,2018,4,1122,852,270,3840,358,31,0,0,185,2922506,1785418,1119090,503430,110370,113198,124470,0,1835,265787,28636329,5960766,1575506,21100057,21100057,789792,388993904,154434,0,1884208,5767505,0,4.0,0.0,2.0,1.0,1.0,824.4393936666668,863.863636,504.50151516666665,503.55303026666667,818.4348486333333,1.886091,22.9176187,0.9,0.9,1.1520833333333333,0.8,1,0:1.0500|1:0.9300|2:1.0300|3:0.9400|4:0.9500|5:1.1000|6:0.8200|,Tolga Güler:6:23600|Esin Yıldız:4:64602|Pınar Uçar:1:19381|Gamze Soylu:1:18722|Pınar Özkan:1:19381|Dilek Arslan:1:18985|Dilek Şimşek:1:18853|Meltem Duman:2:37574,1882908,50,261844,2583,30,38.29213695369659,38.80671896051535,1,3943
Atak,22,2643,2018,5,1214,954,260,4317,353,39,0,0,195,3414002,2096131,1302613,520211,114049,118150,129921,0,3238,417044,47149772,26167665,1553284,19428823,19428823,913692,406940226,154434,0,1910392,6854007,0,4.0,0.0,2.0,1.0,1.0,824.8240469032257,871.590909,504.07624632258063,503.6480939032258,824.8841643225807,1.905133,23.54845348387097,0.9,0.9,1.126666677419355,0.8,1,0:1.0500|1:0.9300|2:1.0300|3:0.9400|4:0.9500|5:1.1000|6:0.8200|,Tolga Güler:6:23600|Esin Yıldız:4:64602|Pınar Uçar:1:19381|Gamze Soylu:1:18722|Pınar Özkan:1:19381|Dilek Arslan:1:18985|Dilek Şimşek:1:18853|Meltem Duman:2:37574,2051364,50,261844,2613,31,38.155015726411406,38.88681492554466,1,155200
Atak,22,2673,2018,6,1175,886,289,4119,387,12,0,0,212,3081133,1856988,1204252,503430,110370,115539,146100,0,3552,325261,41402034,20860466,1530609,19010959,19010959,885008,417179294,165814,0,1938506,6648702,0,4.0,0.0,2.0,1.0,1.0,837.9696970666666,880.909091,506.5045454333333,504.9409091333334,831.7181815666667,1.925011,23.144584633333334,0.9,0.9,1.10125,0.8,1,0:1.0500|1:0.9300|2:1.0300|3:0.9400|4:0.9500|5:1.1000|6:0.8200|,Tolga Güler:6:23600|Esin Yıldız:4:64602|Pınar Uçar:1:19381|Gamze Soylu:1:18722|Pınar Özkan:1:19381|Dilek Arslan:1:18985|Dilek Şimşek:1:18853|Meltem Duman:2:37574,1924266,53,281137,2644,30,39.084713318120315,39.55574441338811,1,44124
Atak,22,2704,2018,7,1202,935,267,4535,383,28,0,0,172,3311807,2012137,1287320,541211,118916,120599,152489,0,6142,347963,33410329,8980520,1507473,22922336,22922336,952546,418401023,165814,0,1966620,7343559,0,4.0,0.0,2.0,1.0,1.0,843.4604107741935,889.772727,518.5439882580645,513.170088,840.4677418387097,1.944446,22.70539129032258,0.9,0.9,1.0758333225806451,0.8,1,0:1.0500|1:0.9300|2:1.0300|3:0.9400|4:0.9500|5:1.1000|6:0.8200|,Tolga Güler:6:25285|Esin Yıldız:4:69216|Pınar Uçar:1:20765|Gamze Soylu:1:20058|Pınar Özkan:1:20765|Dilek Arslan:1:20341|Dilek Şimşek:1:20200|Meltem Duman:2:40258,2009750,53,281137,2674,31,38.87062259364752,38.52183438199494,1,66826
Atak,22,2735,2018,8,1175,880,295,4078,376,14,0,0,221,3085385,1885555,1186352,541911,118916,121840,154101,0,4443,245141,37520802,15391769,1483868,20645165,20645165,741174,434412016,165814,0,1994734,7343559,0,4.0,0.0,2.0,1.0,1.0,849.9046918064516,899.090909,521.9868035483871,519.3504399677419,849.6876830645161,1.964735,22.48666077419355,0.9,0.9,1.0499999999999998,0.8,1,0:1.0500|1:0.9300|2:1.0300|3:0.9400|4:0.9500|5:1.1000|6:0.8200|,Tolga Güler:6:25285|Esin Yıldız:4:69216|Pınar Uçar:1:20765|Gamze Soylu:1:20058|Pınar Özkan:1:20765|Dilek Arslan:1:20341|Dilek Şimşek:1:20200|Meltem Duman:2:40258,1836162,52,281137,2705,31,38.450695780267296,38.58290128521153,1,-35996
Atak,22,2765,2018,9,1211,932,279,4348,348,39,0,0,185,3542123,2183899,1330409,524430,115080,119141,131040,0,4711,436007,31500919,6109927,1459782,23931210,19434040,1016880,444099384,165814,0,2022848,7106670,0,4.0,0.0,2.0,1.0,1.0,855.0151513000001,908.1818179999999,528.2075757333333,525.1575758666667,857.4530303666667,1.985235,23.66397883333333,0.9,0.9,1.0245833333333334,0.8,1,0:1.0500|1:0.9300|2:1.0300|3:0.9400|4:0.9500|5:1.1000|6:0.8200|,Tolga Güler:6:25285|Esin Yıldız:4:69216|Pınar Uçar:1:20765|Gamze Soylu:1:20058|Pınar Özkan:1:20765|Dilek Arslan:1:20341|Dilek Şimşek:1:20200|Meltem Duman:2:40258,2248618,53,281137,2736,30,37.559649961336746,38.22243092064218,1,154870
Atak,22,2796,2018,10,1226,923,303,4277,499,22,0,0,194,3462388,2107471,1335705,541911,118916,124382,136772,0,2499,411225,31769785,10863692,1435206,19470887,23968057,1026960,440471593,165814,0,2050962,7343559,0,4.0,0.0,2.0,1.0,1.0,869.4868035806452,916.818182,528.5234605161289,526.9633430967742,863.2683284193548,2.005278,22.377737645161293,0.9,0.9,1.0028225806451612,0.8,1,0:1.0500|1:0.9300|2:1.0300|3:0.9400|4:0.9500|5:1.1000|6:0.8200|,Tolga Güler:6:25285|Esin Yıldız:4:69216|Pınar Uçar:1:20765|Gamze Soylu:1:20058|Pınar Özkan:1:20765|Dilek Arslan:1:20341|Dilek Şimşek:1:20200|Meltem Duman:2:40258,2115714,55,281137,2766,31,38.57756554147022,39.21432063838008,1,130088
Atak,22,2826,2018,11,1239,961,278,4670,261,32,0,0,219,3908760,2353237,1530718,524430,115080,121601,133740,0,3905,631962,52771199,28972251,1410130,22388818,22388818,1190278,462868265,165814,0,2079076,7106670,0,4.0,0.0,2.0,1.0,1.0,870.0075757333333,927.045455,517.681818,521.5318181666667,874.0787879666666,2.026201,24.563408933333335,0.9433333333333334,0.9433333333333334,1.0,0.8173333333333334,none,0:1.0500|1:0.9200|2:1.0300|3:0.9300|4:0.9400|5:1.1000|6:0.8200|,Tolga Güler:6:25285|Esin Yıldız:4:69216|Pınar Uçar:1:20765|Gamze Soylu:1:20058|Pınar Özkan:1:20765|Dilek Arslan:1:20341|Dilek Şimşek:1:20200|Meltem Duman:2:40258,2317952,55,281137,2797,30,39.16121736816791,40.49686089645326,1|none,350825
Atak,22,2857,2018,12,1291,1025,266,4920,175,68,0,0,217,4512637,2678526,1814251,541911,118916,126926,153543,0,9786,863169,71547804,40220153,1453,31326198,31326198,1161844,484365479,175567,0,2108843,7356895,0,4.0,0.0,2.0,1.0,1.0,877.2653957096775,936.590909,521.909091,520.815249516129,882.5000000967742,2.046658,24.760519903225806,1.0,1.0,1.0,0.9670967741935484,none,0:1.0500|1:0.9300|2:1.0300|3:0.9400|4:0.9500|5:1.1000|6:0.8200|,Tolga Güler:6:25285|Esin Yıldız:4:69216|Pınar Uçar:1:20765|Gamze Soylu:1:20058|Pınar Özkan:1:20765|Dilek Arslan:1:20341|Dilek Şimşek:1:20200|Meltem Duman:2:40258,2700884,55,297675,2827,31,40.203787718799454,40.50727481644326,none,565494
Atak,22,2888,2019,1,1332,1028,304,5186,186,76,0,0,248,4937027,2976054,1933914,597161,131478,128250,155155,0,54390,867480,30314057,6248112,1353906,22712039,22712039,1344004,489228351,175567,0,2138610,8346350,0,3.967741935483871,0.0,2.0,0.967741935483871,1.0,889.0689146774195,946.3636359999999,538.986803516129,533.9912023225806,892.3372433225807,2.068013,23.989270258064515,1.0,1.0,1.0,1.0,2,0:1.0500|1:0.9300|2:1.0300|3:0.9400|4:0.9500|5:1.1000|6:0.8200|,Tolga Güler:6:26709|Esin Yıldız:4:73113|Pınar Uçar:1:21934|Gamze Soylu:1:21188|Pınar Özkan:1:21934|Dilek Arslan:1:21486|Dilek Şimşek:1:21337|Meltem Duman:2:42525|Pınar Karaca:1:23575,2993234,57,297675,2858,31,39.17163102409608,39.37626267006653,none|2,569805
Atak,22,2916,2019,2,1147,892,255,4386,214,76,0,0,207,4184026,2513783,1651313,574868,126616,116790,141260,0,15155,676624,46732575,21992615,1335930,23404030,23404030,1082280,511692046,175567,0,2168377,9484509,0,4.0,0.0,2.0,1.0,1.0,891.1769481428572,954.0909089999999,532.681818,533.5909091785715,896.4399351785714,2.084821,24.01257492857143,1.0,1.0,1.0,1.0,2,0:1.0500|1:0.9300|2:1.0300|3:0.9400|4:0.9500|5:1.1000|6:0.8200|,Tolga Güler:6:26709|Esin Yıldız:4:73113|Pınar Uçar:1:21934|Gamze Soylu:1:21188|Pınar Özkan:1:21934|Dilek Arslan:1:21486|Dilek Şimşek:1:21337|Meltem Duman:2:42525|Pınar Karaca:1:23575|Murat Avcı:1:19696|Bülent Yavuz:2:44166|İbrahim Koç:1:20144,2584674,58,297675,2889,28,39.46708266153222,40.227154763140234,2,378949
Atak,22,2947,2019,3,989,776,213,3942,166,18,0,0,182,3601959,2132568,1457089,636461,140182,130234,143220,0,14935,392057,6511945,-20032495,1318349,25226091,20097437,1027842,504894720,175567,0,2198144,11384415,0,4.0,0.0,2.0,1.0,1.0,908.9296184193549,962.045455,542.727273,538.6803519354838,908.3152493225806,2.10012,22.05627629032258,1.0,1.0,1.0,1.0,2,0:1.0500|1:0.9300|2:1.0300|3:0.9400|4:0.9500|5:1.1000|6:0.8200|,Tolga Güler:6:26709|Esin Yıldız:4:73113|Pınar Uçar:1:21934|Gamze Soylu:1:21188|Pınar Özkan:1:21934|Dilek Arslan:1:21486|Dilek Şimşek:1:21337|Meltem Duman:2:42525|Pınar Karaca:1:23575|Murat Avcı:1:19696|Bülent Yavuz:2:44166|İbrahim Koç:1:20144|Levent Polat:1:20890,2161256,60,297675,2917,31,40.452681443625536,40.289406132037755,2,94382
Atak,22,2977,2019,4,872,666,206,3183,181,12,0,0,172,2883865,1694644,1170628,615930,135660,127054,139740,0,13405,138839,25660517,3864840,1307862,20487815,25616469,808708,503528822,175567,0,2227911,11695090,0,4.0,0.0,2.0,1.0,1.0,919.4393937666666,969.090909,544.1106060333334,542.2984849,914.1045452333333,2.117189,21.339079599999998,1.0,1.0,1.0,1.0,2,0:1.0500|1:0.9300|2:1.0300|3:0.9400|4:0.9500|5:1.1000|6:0.8200|,Tolga Güler:6:26709|Esin Yıldız:4:73113|Pınar Uçar:1:21934|Gamze Soylu:1:21188|Pınar Özkan:1:21934|Dilek Arslan:1:21486|Dilek Şimşek:1:21337|Meltem Duman:2:42525|Pınar Karaca:1:23575|Murat Avcı:1:19696|Bülent Yavuz:2:44166|İbrahim Koç:1:20144|Levent Polat:1:20890|Hüseyin Kaplan:1:20890,1752198,60,297675,2948,30,40.59233008479939,40.82148212028681,2,-158836
Atak,22,3008,2019,5,1097,848,249,4476,182,26,0,0,212,4087468,2401095,1658981,636461,140182,132342,145514,0,22432,582050,66327114,39357755,1289013,25680346,25680346,1069932,535199356,175567,0,2257678,12387135,0,4.0,0.0,2.0,1.0,1.0,915.5131963870967,976.590909,538.0,539.7565982903226,918.3739004193549,2.13384,22.54674212903226,1.0,1.0,1.0,1.0,2,0:1.0500|1:0.9250|2:1.0300|3:0.9350|4:0.9450|5:1.1000|6:0.8200|,Tolga Güler:6:26709|Esin Yıldız:4:73113|Pınar Uçar:1:21934|Gamze Soylu:1:21188|Pınar Özkan:1:21934|Dilek Arslan:1:21486|Dilek Şimşek:1:21337|Meltem Duman:2:42525|Pınar Karaca:1:23575|Murat Avcı:1:19696|Bülent Yavuz:2:44166|İbrahim Koç:1:20144|Levent Polat:1:20890|Hüseyin Kaplan:1:20890,2389236,60,297675,2978,31,40.587008876889065,41.23514525807849,2,284375
Atak,22,3038,2019,6,989,777,212,3891,174,8,0,0,177,3072857,1817075,1236794,615930,135660,129094,163260,0,11196,181654,41416190,9992414,1269797,30153979,24711020,639716,546870929,185321,0,2289099,12010325,0,4.0,0.0,2.0,1.0,1.0,929.2272724666667,984.3181820000001,562.772727,552.7196969333332,927.819697,2.151183,21.071817099999997,1.0,1.0,1.0,1.0,2,0:1.0500|1:0.9300|2:1.0300|3:0.9400|4:0.9500|5:1.1000|6:0.8200|,Tolga Güler:6:26709|Esin Yıldız:4:73113|Pınar Uçar:1:21934|Gamze Soylu:1:21188|Pınar Özkan:1:21934|Dilek Arslan:1:21486|Dilek Şimşek:1:21337|Meltem Duman:2:42525|Pınar Karaca:1:23575|Murat Avcı:1:19696|Bülent Yavuz:2:44166|İbrahim Koç:1:20144|Levent Polat:1:20890|Hüseyin Kaplan:1:20890,1624632,58,314212,3009,30,40.24899303807499,39.43648193771801,2,-132558
Atak,22,3069,2019,7,1041,824,217,4124,149,13,0,0,169,3402307,1991173,1398042,654461,144367,134451,170035,0,10569,284159,43703499,19139188,5694,24558617,30001576,1002208,551339466,185321,0,2320520,13093160,0,4.0,0.0,2.0,1.0,1.0,938.6656890322581,992.5,550.090909,553.3049853548388,934.92522,2.1681009999999996,21.51093316129032,1.0,1.0,1.0,1.0,2,0:1.0500|1:0.9300|2:1.0300|3:0.9400|4:0.9500|5:1.1000|6:0.8200|,Tolga Güler:6:28231|Esin Yıldız:4:77280|Pınar Uçar:1:23184|Gamze Soylu:1:22395|Pınar Özkan:1:23184|Dilek Arslan:1:22710|Dilek Şimşek:1:22553|Meltem Duman:2:44949|Pınar Karaca:1:24919|Murat Avcı:1:20819|Bülent Yavuz:2:46684|İbrahim Koç:1:21292|Levent Polat:1:22079|Hüseyin Kaplan:1:22079,2003360,60,314212,3039,31,41.091000900271496,41.3965040559722,2,-30053
Atak,22,3100,2019,8,1097,876,221,4464,103,12,0,0,200,3678211,2150244,1501976,655061,144367,135537,171430,0,16611,378970,70406645,40942372,1058432,28405841,28405841,975098,578895193,185321,0,2351941,13093160,0,4.0,0.0,2.0,1.0,1.0,939.5674484193548,1000.909091,553.409091,552.6832843870968,940.8958942903226,2.185722,23.318144612903225,1.0,1.0,1.0,1.0,2,0:1.0500|1:0.9200|2:1.0300|3:0.9300|4:0.9400|5:1.1000|6:0.8200|,Tolga Güler:6:28231|Esin Yıldız:4:77280|Pınar Uçar:1:23184|Gamze Soylu:1:22395|Pınar Özkan:1:23184|Dilek Arslan:1:22710|Dilek Şimşek:1:22553|Meltem Duman:2:44949|Pınar Karaca:1:24919|Murat Avcı:1:20819|Bülent Yavuz:2:46684|İbrahim Koç:1:21292|Levent Polat:1:22079|Hüseyin Kaplan:1:22079,2174148,60,314212,3070,31,40.83441651389765,41.09958875959289,2,64758
Atak,22,3130,2019,9,994,767,227,3684,195,9,0,0,188,3448607,2014832,1406646,633930,139710,132245,145440,0,13308,342013,47457550,12706189,1043169,33708192,33708192,998184,583485799,185321,0,2383362,15661700,0,4.0,0.0,2.0,1.0,1.0,952.6515147000001,1008.863636,563.954545,559.0575757,952.8181821,2.203487,20.936719566666667,1.0,1.0,1.0,1.0,2,0:1.0500|1:0.9300|2:1.0300|3:0.9400|4:0.9500|5:1.1000|6:0.8200|,Tolga Güler:6:28231|Esin Yıldız:4:77280|Pınar Uçar:1:23184|Gamze Soylu:1:22395|Pınar Özkan:1:23184|Dilek Arslan:1:22710|Dilek Şimşek:1:22553|Meltem Duman:2:44949|Pınar Karaca:1:24919|Murat Avcı:1:20819|Bülent Yavuz:2:46684|İbrahim Koç:1:21292|Levent Polat:1:22079|Hüseyin Kaplan:1:22079|Tuğba Kalkan:1:23341|Alper Şahin:2:44633|Hülya Arslan:3:67975,2045382,61,314212,3101,30,40.7888170498987,40.80159047691272,2,27801
Atak,22,3161,2019,10,998,762,236,3725,238,23,0,0,174,3631871,2126066,1480321,655061,144367,137738,151466,0,15053,376636,37957748,11901631,1027660,25028457,25028457,945954,586552265,185321,0,2414783,17397822,0,4.0,0.0,2.0,1.0,1.0,967.4266861290322,1016.1363640000001,572.9017598064517,568.2551319354839,960.7624633225807,2.220816,20.168766096774196,1.0,1.0,1.0,1.0,2,0:1.0500|1:0.9300|2:1.0300|3:0.9400|4:0.9500|5:1.1000|6:0.8200|,Tolga Güler:6:28231|Esin Yıldız:4:77280|Pınar Uçar:1:23184|Gamze Soylu:1:22395|Pınar Özkan:1:23184|Dilek Arslan:1:22710|Dilek Şimşek:1:22553|Meltem Duman:2:44949|Pınar Karaca:1:24919|Murat Avcı:1:20819|Bülent Yavuz:2:46684|İbrahim Koç:1:21292|Levent Polat:1:22079|Hüseyin Kaplan:1:22079|Tuğba Kalkan:1:23341|Alper Şahin:2:44633|Hülya Arslan:3:67975|Selin Avcı:1:22553,2190276,62,314212,3131,31,40.75918445341258,40.78086039792788,2,62424
Atak,22,3191,2019,11,933,743,190,3611,152,16,0,0,158,3506427,2079856,1403547,633930,139710,134375,147780,0,17473,330279,25043177,-987980,1011899,25019258,25019258,832268,583729393,185321,0,2446204,17425890,0,4.0,0.0,2.0,1.0,1.0,969.1287878999999,1024.545455,583.5,578.1803030666667,969.1045454666667,2.238867,21.40120316666667,1.0,1.0,1.0,1.0,2,0:1.0500|1:0.9300|2:1.0300|3:0.9400|4:0.9500|5:1.1000|6:0.8200|,Tolga Güler:6:28231|Esin Yıldız:4:77280|Pınar Uçar:1:23184|Gamze Soylu:1:22395|Pınar Özkan:1:23184|Dilek Arslan:1:22710|Dilek Şimşek:1:22553|Meltem Duman:2:44949|Pınar Karaca:1:24919|Murat Avcı:1:20819|Bülent Yavuz:2:46684|İbrahim Koç:1:21292|Levent Polat:1:22079|Hüseyin Kaplan:1:22079|Tuğba Kalkan:1:23341|Alper Şahin:2:44633|Hülya Arslan:3:67975|Selin Avcı:1:22553,2134498,62,314212,3162,30,40.02784030581558,39.79128395676047,2,16067
Atak,22,3222,2019,12,820,631,189,3115,183,13,0,0,152,3280816,1959292,1302890,655061,144367,139940,169291,0,14309,179922,29668989,-468948,995885,29142052,29142052,875060,576753572,203203,0,2480657,18566022,0,4.0,0.0,2.0,1.0,1.0,976.7961874193549,1032.954545,586.8636359999999,583.6920821612904,973.6642227096775,2.256474,20.79308212903226,1.0,1.0,1.0,1.0,2,0:1.0500|1:0.9300|2:1.0300|3:0.9400|4:0.9500|5:1.1000|6:0.8200|,Tolga Güler:6:28231|Esin Yıldız:4:77280|Pınar Uçar:1:23184|Gamze Soylu:1:22395|Pınar Özkan:1:23184|Dilek Arslan:1:22710|Dilek Şimşek:1:22553|Meltem Duman:2:44949|Pınar Karaca:1:24919|Murat Avcı:1:20819|Bülent Yavuz:2:46684|İbrahim Koç:1:21292|Levent Polat:1:22079|Hüseyin Kaplan:1:22079|Tuğba Kalkan:1:23341|Alper Şahin:2:44633|Hülya Arslan:3:67975|Selin Avcı:1:22553|Halil Özdemir:1:21607,1946048,63,344531,3192,31,39.71237643318004,39.91954068223143,2,-164609
Atak,22,3253,2020,1,1006,760,246,3806,180,26,0,0,204,3908837,2336808,1543615,688061,152055,141121,170655,0,15839,375884,27041946,2297515,1979,24742452,24742452,1048476,576071222,203203,0,2515110,20608118,0,4.0,0.0,2.0,1.0,1.0,984.9193548709677,1040.681818,588.590909,586.2331377741936,982.526393032258,2.274814,21.466454838709677,1.0,1.0,1.0,1.0,2,0:1.0500|1:0.9300|2:1.0300|3:0.9400|4:0.9500|5:1.1000|6:0.8200|,Tolga Güler:6:31151|Esin Yıldız:4:85272|Pınar Uçar:1:25582|Gamze Soylu:1:24712|Pınar Özkan:1:25582|Dilek Arslan:1:25060|Dilek Şimşek:1:24886|Meltem Duman:2:49598|Pınar Karaca:1:27496|Murat Avcı:1:22971|Bülent Yavuz:2:51511|İbrahim Koç:1:23493|Levent Polat:1:24364|Hüseyin Kaplan:1:24364|Tuğba Kalkan:1:25756|Alper Şahin:2:49249|Hülya Arslan:3:75006|Selin Avcı:1:24886|Halil Özdemir:1:23841,2383164,63,344531,3223,31,39.4903906200233,40.23968499663507,2,31353
Atak,22,3282,2020,2,794,587,207,2834,171,8,0,0,164,2925239,1733050,1167630,644699,142245,134076,162139,0,13786,70685,10871125,-14809614,1356476,24324263,24324263,819626,562375802,203203,0,2549563,19278562,0,4.0,0.0,2.0,1.0,1.0,1002.6332291034482,1057.5,597.909091,592.5658306551725,998.661441862069,2.310313,20.16921324137931,1.0,1.0,1.0,1.0,2,0:1.0500|1:0.9300|2:1.0300|3:0.9400|4:0.9500|5:1.1000|6:0.8200|,Tolga Güler:6:31151|Esin Yıldız:4:85272|Pınar Uçar:1:25582|Gamze Soylu:1:24712|Pınar Özkan:1:25582|Dilek Arslan:1:25060|Dilek Şimşek:1:24886|Meltem Duman:2:49598|Pınar Karaca:1:27496|Murat Avcı:1:22971|Bülent Yavuz:2:51511|İbrahim Koç:1:23493|Levent Polat:1:24364|Hüseyin Kaplan:1:24364|Tuğba Kalkan:1:25756|Alper Şahin:2:49249|Hülya Arslan:3:75006|Selin Avcı:1:24886|Halil Özdemir:1:23841,1798830,63,344531,3254,29,39.91571286995695,40.36612056687483,2,-273846
Atak,22,3313,2020,3,831,612,219,3114,199,7,0,0,175,3064773,1787943,1260563,689161,152055,145401,159867,628,16002,98077,9813564,-21647529,1339669,30121424,30121424,841714,539408688,203203,0,2584016,20608118,0,4.0,0.0,2.0,1.0,1.0,1017.4999998709677,1072.954545,595.772727,594.9296185806452,1011.4721405806451,2.344024,20.571342032258062,1.0,1.0,1.0,1.0,2,0:1.0500|1:0.9300|2:1.0300|3:0.9400|4:0.9500|5:1.1000|6:0.8200|,Tolga Güler:6:31151|Esin Yıldız:4:85272|Pınar Uçar:1:25582|Gamze Soylu:1:24712|Pınar Özkan:1:25582|Dilek Arslan:1:25060|Dilek Şimşek:1:24886|Meltem Duman:2:49598|Pınar Karaca:1:27496|Murat Avcı:1:22971|Bülent Yavuz:2:51511|İbrahim Koç:1:23493|Levent Polat:1:24364|Hüseyin Kaplan:1:24364|Tuğba Kalkan:1:25756|Alper Şahin:2:49249|Hülya Arslan:3:75006|Selin Avcı:1:24886|Halil Özdemir:1:23841,1598470,61,344531,3283,31,41.13071343293614,41.447397830412605,2,-246454
Atak,22,3343,2020,4,1178,848,330,3870,243,21,0,0,272,4015089,2319636,1670750,666930,147150,142902,157110,0,17101,539557,65708235,37509116,1322496,26876623,26876623,1086384,568091167,203203,0,2618469,19943340,0,4.0,0.0,2.0,1.0,1.0,1035.9318179333334,1090.0,603.909091,600.1863636333333,1031.2136363,2.380603,20.163506433333335,1.0,1.0,1.0,1.0,none,0:1.0500|1:0.9300|2:1.0300|3:0.9400|4:0.9500|5:1.1000|6:0.8200|,Tolga Güler:6:31151|Esin Yıldız:4:85272|Pınar Uçar:1:25582|Gamze Soylu:1:24712|Pınar Özkan:1:25582|Dilek Arslan:1:25060|Dilek Şimşek:1:24886|Meltem Duman:2:49598|Pınar Karaca:1:27496|Murat Avcı:1:22971|Bülent Yavuz:2:51511|İbrahim Koç:1:23493|Levent Polat:1:24364|Hüseyin Kaplan:1:24364|Tuğba Kalkan:1:25756|Alper Şahin:2:49249|Hülya Arslan:3:75006|Selin Avcı:1:24886|Halil Özdemir:1:23841,2323050,61,344531,3314,30,41.611779963034444,41.703780061047986,2|none,195026
Atak,22,3374,2020,5,1287,964,323,4773,260,15,0,0,268,4696244,2736398,1936813,689161,152055,149899,164796,0,22249,758653,72425775,34601296,1305627,36518852,28882645,1282020,608059992,203203,0,2652922,20608118,0,4.0,0.0,2.0,1.0,1.0,1049.4354841612903,1106.363636,617.272727,611.4457478064515,1046.454545387097,2.416546,20.380389548387097,1.0,1.0,1.0,1.0,none,0:1.0500|1:0.9300|2:1.0300|3:0.9400|4:0.9500|5:1.1000|6:0.8200|,Tolga Güler:6:31151|Esin Yıldız:4:85272|Pınar Uçar:1:25582|Gamze Soylu:1:24712|Pınar Özkan:1:25582|Dilek Arslan:1:25060|Dilek Şimşek:1:24886|Meltem Duman:2:49598|Pınar Karaca:1:27496|Murat Avcı:1:22971|Bülent Yavuz:2:51511|İbrahim Koç:1:23493|Levent Polat:1:24364|Hüseyin Kaplan:1:24364|Tuğba Kalkan:1:25756|Alper Şahin:2:49249|Hülya Arslan:3:75006|Selin Avcı:1:24886|Halil Özdemir:1:23841,2785476,61,344531,3344,31,41.241745531109544,41.18049786611466,none,414122
Atak,22,3404,2020,6,1244,898,346,4477,295,17,0,0,278,4184559,2397940,1751273,666930,147150,147344,186270,0,16187,587392,68695740,35129692,1300467,32265581,39901788,1222122,634251374,224336,0,2690958,20012765,0,4.0,0.0,2.0,1.0,1.0,1076.3333331333333,1123.6363640000002,626.227273,621.2742425,1062.2454546333333,2.454257,19.1734896,1.0,1.0,1.0,1.0,none,0:1.0500|1:0.9300|2:1.0300|3:0.9400|4:0.9500|5:1.1000|6:0.8200|,Tolga Güler:6:31151|Esin Yıldız:4:85272|Pınar Uçar:1:25582|Gamze Soylu:1:24712|Pınar Özkan:1:25582|Dilek Arslan:1:25060|Dilek Şimşek:1:24886|Meltem Duman:2:49598|Pınar Karaca:1:27496|Murat Avcı:1:22971|Bülent Yavuz:2:51511|İbrahim Koç:1:23493|Levent Polat:1:24364|Hüseyin Kaplan:1:24364|Tuğba Kalkan:1:25756|Alper Şahin:2:49249|Hülya Arslan:3:75006|Selin Avcı:1:24886|Halil Özdemir:1:23841,2467440,61,380362,3375,30,41.850837806325586,41.818463321489965,none,207030
Atak,22,3435,2020,7,1343,998,345,5156,149,48,0,0,309,4675351,2774210,1884461,728161,161107,154550,195393,0,19003,626247,56860062,26810042,11181,30038839,30038839,1368624,656891791,224336,0,2728994,22760293,0,4.0,0.0,2.0,1.0,1.0,1073.1451613548388,1140.681818,650.3636359999999,640.6217009032258,1076.5923752903227,2.491312,22.654541096774192,0.9790322580645161,0.9790322580645161,1.0,0.9865207419354838,3,0:1.0500|1:0.9300|2:1.0300|3:0.9400|4:0.9500|5:1.1000|6:0.8200|,Tolga Güler:6:34404|Esin Yıldız:4:94178|Pınar Uçar:1:28253|Gamze Soylu:1:27292|Pınar Özkan:1:28253|Dilek Arslan:1:27676|Dilek Şimşek:1:27484|Meltem Duman:2:54777|Pınar Karaca:1:30368|Murat Avcı:1:25370|Bülent Yavuz:2:56891|İbrahim Koç:1:25947|Levent Polat:1:26908|Hüseyin Kaplan:1:26908|Tuğba Kalkan:1:28446|Alper Şahin:2:54392|Hülya Arslan:3:82838|Selin Avcı:1:27484|Halil Özdemir:1:26331,2863348,61,380362,3405,31,40.30629999758307,39.39648992323461,none|3,245885
Atak,22,3466,2020,8,1338,974,364,5198,352,35,0,0,280,4694631,2755642,1911944,729461,161107,156939,198431,0,23410,642596,51995244,11546695,1306441,39142108,39142108,1256406,668439003,224336,0,2767030,22760293,0,4.0,0.0,2.0,1.0,1.0,1091.840176,1158.409091,648.772727,647.5102639032258,1092.6510263870966,2.5301889999999996,22.28295235483871,0.95,0.95,1.0,0.9251728064516129,3,0:1.0500|1:0.9300|2:1.0300|3:0.9400|4:0.9500|5:1.1000|6:0.8200|,Tolga Güler:6:34404|Esin Yıldız:4:94178|Pınar Uçar:1:28253|Gamze Soylu:1:27292|Pınar Özkan:1:28253|Dilek Arslan:1:27676|Dilek Şimşek:1:27484|Meltem Duman:2:54777|Pınar Karaca:1:30368|Murat Avcı:1:25370|Bülent Yavuz:2:56891|İbrahim Koç:1:25947|Levent Polat:1:26908|Hüseyin Kaplan:1:26908|Tuğba Kalkan:1:28446|Alper Şahin:2:54392|Hülya Arslan:3:82838|Selin Avcı:1:27484|Halil Özdemir:1:26331,2699196,61,380362,3436,31,40.72618273938889,40.57988144594525,3,262234
Atak,22,3496,2020,9,1276,945,331,4917,301,38,0,0,264,4726751,2780299,1914440,705930,155910,154248,169590,0,26942,701820,63804379,29247403,1290058,33266918,33266918,1351948,696597357,224336,0,2805066,22026090,0,4.0,0.0,2.0,1.0,1.0,1106.1212120000002,1176.3636359999998,647.1818179999999,647.3696969666667,1106.4696969666666,2.569674,23.374523366666665,0.95,0.95,1.0,0.925,3,0:1.0500|1:0.9300|2:1.0300|3:0.9400|4:0.9500|5:1.1000|6:0.8200|,Tolga Güler:6:34404|Esin Yıldız:4:94178|Pınar Uçar:1:28253|Gamze Soylu:1:27292|Pınar Özkan:1:28253|Dilek Arslan:1:27676|Dilek Şimşek:1:27484|Meltem Duman:2:54777|Pınar Karaca:1:30368|Murat Avcı:1:25370|Bülent Yavuz:2:56891|İbrahim Koç:1:25947|Levent Polat:1:26908|Hüseyin Kaplan:1:26908|Tuğba Kalkan:1:28446|Alper Şahin:2:54392|Hülya Arslan:3:82838|Selin Avcı:1:27484|Halil Özdemir:1:26331,2881332,61,380362,3467,30,40.50223927598471,41.490877222233415,3,321458
Atak,22,3527,2020,10,1354,989,365,4534,432,23,0,0,262,4479101,2613468,1835676,729461,161107,161808,177909,0,22077,583314,56909534,23737488,1273316,31898730,31898730,1255528,716710298,224336,0,2843102,22760293,0,4.0,0.0,2.0,1.0,1.0,1134.941349,1193.863636,676.272727,664.9061583225806,1126.0571847419355,2.608471,21.03157158064516,0.95,0.95,1.0,0.925,3,0:1.0500|1:0.9300|2:1.0300|3:0.9400|4:0.9500|5:1.1000|6:0.8200|,Tolga Güler:6:34404|Esin Yıldız:4:94178|Pınar Uçar:1:28253|Gamze Soylu:1:27292|Pınar Özkan:1:28253|Dilek Arslan:1:27676|Dilek Şimşek:1:27484|Meltem Duman:2:54777|Pınar Karaca:1:30368|Murat Avcı:1:25370|Bülent Yavuz:2:56891|İbrahim Koç:1:25947|Levent Polat:1:26908|Hüseyin Kaplan:1:26908|Tuğba Kalkan:1:28446|Alper Şahin:2:54392|Hülya Arslan:3:82838|Selin Avcı:1:27484|Halil Özdemir:1:26331,2621952,61,380362,3497,31,40.98313478530625,40.41342069386529,3,202952
Atak,22,3557,2020,11,1177,847,330,4421,355,50,0,0,250,4419032,2628109,1764895,705930,155910,159020,174840,0,19696,549499,64102057,22035645,1256206,40810206,40810206,1383312,735944492,224336,0,2881138,22026090,0,4.0,0.0,2.0,1.0,1.0,1151.4848489333333,1212.5,691.727273,683.7712121000001,1141.5196969666665,2.649177,20.850761033333335,0.95,0.95,1.0,0.925,3,0:1.0500|1:0.9300|2:1.0300|3:0.9400|4:0.9500|5:1.1000|6:0.8200|,Tolga Güler:6:34404|Esin Yıldız:4:94178|Pınar Uçar:1:28253|Gamze Soylu:1:27292|Pınar Özkan:1:28253|Dilek Arslan:1:27676|Dilek Şimşek:1:27484|Meltem Duman:2:54777|Pınar Karaca:1:30368|Murat Avcı:1:25370|Bülent Yavuz:2:56891|İbrahim Koç:1:25947|Levent Polat:1:26908|Hüseyin Kaplan:1:26908|Tuğba Kalkan:1:28446|Alper Şahin:2:54392|Hülya Arslan:3:82838|Selin Avcı:1:27484|Halil Özdemir:1:26331,2700426,61,380362,3528,30,39.93849784296651,39.92736650935748,3,169137
Atak,22,3588,2020,12,1308,911,397,4245,500,43,0,0,284,4979270,2968560,1987929,729461,161107,166802,201748,0,26290,702521,73516649,37561239,1238720,34716690,34716690,1434246,759918280,258474,0,2924962,22868608,0,4.0,0.0,2.0,1.0,1.0,1167.3826980000001,1230.909091,700.727273,695.6436950967742,1156.8328445161292,2.689175,19.864662838709677,0.95,0.95,1.0,0.925,3,0:1.0500|1:0.9300|2:1.0300|3:0.9400|4:0.9500|5:1.1000|6:0.8200|,Tolga Güler:6:34404|Esin Yıldız:4:94178|Pınar Uçar:1:28253|Gamze Soylu:1:27292|Pınar Özkan:1:28253|Dilek Arslan:1:27676|Dilek Şimşek:1:27484|Meltem Duman:2:54777|Pınar Karaca:1:30368|Murat Avcı:1:25370|Bülent Yavuz:2:56891|İbrahim Koç:1:25947|Levent Polat:1:26908|Hüseyin Kaplan:1:26908|Tuğba Kalkan:1:28446|Alper Şahin:2:54392|Hülya Arslan:3:82838|Selin Avcı:1:27484|Halil Özdemir:1:26331,2956596,62,438244,3558,31,39.92410534074272,39.974502431763824,3,264277
Atak,22,3619,2021,1,1303,952,351,4689,400,59,0,0,256,5349986,3188933,2129962,550661,121352,169445,204879,0,23142,1060483,30793651,-8473648,5385,39261914,31658437,1592716,762799946,258474,0,2968786,26118058,0,3.161290322580645,0.0,2.0,0.16129032258064516,1.0,1178.8416421935483,1250.227273,698.909091,698.3973605806452,1173.9266861290323,2.731141,21.736716612903226,0.95,0.95,1.0,0.925,3,0:1.0500|1:0.9300|2:1.0300|3:0.9400|4:0.9500|5:1.1000|6:0.8200|,Tolga Güler:6:39479|Esin Yıldız:4:108072|Pınar Uçar:1:32422|Gamze Soylu:1:31318|Pınar Özkan:1:32422|Dilek Arslan:1:31759|Dilek Şimşek:1:31539|Meltem Duman:2:62858|Pınar Karaca:1:34848|Murat Avcı:1:29113|Bülent Yavuz:2:65284|İbrahim Koç:1:29775|Levent Polat:1:30877|Hüseyin Kaplan:1:30877|Tuğba Kalkan:1:32643|Alper Şahin:2:62417|Hülya Arslan:3:95059|Selin Avcı:1:31539|Halil Özdemir:1:30216,3245260,62,438244,3589,31,39.812478013961154,40.712215620454856,3,622239
Atak,22,3647,2021,2,1094,736,358,3396,598,26,0,0,211,4095729,2374342,1697274,457268,100156,156494,189224,0,22655,771477,36257610,2623969,1758749,31874892,31491002,1450480,763160154,258474,0,3012610,23590504,0,3.0,0.0,2.0,0.0,1.0,1225.38961025,1278.1818179999998,714.818182,707.4009739285714,1200.592532392857,2.792682,18.61025957142857,0.95,0.95,1.0,0.925,3,0:1.0500|1:0.9300|2:1.0300|3:0.9400|4:0.9500|5:1.1000|6:0.8200|,Tolga Güler:6:39479|Esin Yıldız:4:108072|Pınar Uçar:1:32422|Gamze Soylu:1:31318|Pınar Özkan:1:32422|Dilek Arslan:1:31759|Dilek Şimşek:1:31539|Meltem Duman:2:62858|Pınar Karaca:1:34848|Murat Avcı:1:29113|Bülent Yavuz:2:65284|İbrahim Koç:1:29775|Levent Polat:1:30877|Hüseyin Kaplan:1:30877|Tuğba Kalkan:1:32643|Alper Şahin:2:62417|Hülya Arslan:3:95059|Selin Avcı:1:31539|Halil Özdemir:1:30216,2462290,62,438244,3620,28,41.440095279741406,41.66604841262159,3,333233
Atak,22,3653,2021,3,247,166,81,834,103,5,0,0,55,985270,563305,419581,97986,21462,34194,37614,0,5030,223295,9805072,9805072,0,0,7987367,1438668,764373579,0,0,3012610,5055108,0,3.0,0.0,2.0,0.0,1.0,1252.3484846666668,1304.318182,733.681818,716.030303,1229.6136363333333,2.849458,18.878339166666667,0.9499999999999998,0.9499999999999998,1.0,0.9250000000000002,3,0:1.0500|1:0.9300|2:1.0300|3:0.9400|4:0.9500|5:1.1000|6:0.8200|,Tolga Güler:6:39479|Esin Yıldız:4:108072|Pınar Uçar:1:32422|Gamze Soylu:1:31318|Pınar Özkan:1:32422|Dilek Arslan:1:31759|Dilek Şimşek:1:31539|Meltem Duman:2:62858|Pınar Karaca:1:34848|Murat Avcı:1:29113|Bülent Yavuz:2:65284|İbrahim Koç:1:29775|Levent Polat:1:30877|Hüseyin Kaplan:1:30877|Tuğba Kalkan:1:32643|Alper Şahin:2:62417|Hülya Arslan:3:95059|Selin Avcı:1:31539|Halil Özdemir:1:30216,591558,62,0,3648,6,42.5853826869792,41.41552235795761,3,223295
Atak,23,25,2011,3,1510,1361,149,6445,203,84,0,9,107,2713770,2019866,683968,171250,38525,50012,55000,0,5000,364181,242906,174068,0,68838,68838,541522,259990,71527,0,12127,0,0,3.0,1.0,2.0,0.0,0.0,430.90909092000004,457.7272730000001,311.60545460000003,321.92181812,430.71818176,1.0,32.72682492,1.0,1.0,1.0,1.0,none,0:1.0000|1:0.9000|2:1.0300|3:0.9400|4:0.9500|5:1.1000|6:0.8200|,,2242772,1,121275,1,25,25.20360973848189,27.68649787946785,none,242906
Atak,23,55,2011,4,1887,1728,159,8554,225,109,0,6,119,3331075,2307268,999998,205500,46230,60374,66390,0,13927,607577,486302,361142,0,125160,134037,1120458,1212383,71527,0,24254,0,0,3.0,1.0,2.0,0.0,0.0,427.6136363,459.09090899999995,292.8666666666667,295.8833332666666,429.9621212666667,1.00592,32.97791326666667,1.0,1.0,1.0,1.0,none,0:1.0000|1:0.8950|2:1.0300|3:0.9300|4:0.9500|5:1.1000|6:0.8200|,,2316572,1,121275,26,30,30.02027873884557,31.511382751788386,none,486302
Atak,23,86,2011,5,2130,1908,222,10975,221,131,0,31,155,3939455,2926241,990448,212350,47771,62821,69099,0,6927,591480,470205,315805,0,154400,161327,1377330,1791004,71527,0,36381,0,0,3.0,1.0,2.0,0.0,0.0,403.7170090645161,464.31818200000004,296.8196482580645,296.0410557419355,406.2287390322581,1.01307,43.09012483870968,1.0,1.0,1.0,1.0,none,0:1.0000|1:0.8900|2:1.0300|3:0.9000|4:0.9500|5:1.1000|6:0.8200|,,2939574,1,121275,56,31,25.141751841307997,26.478290090910896,none,470205
Atak,23,116,2011,6,2081,1881,200,10745,281,68,0,28,143,3755845,2737064,998570,205500,46230,61245,77460,0,5100,603035,470735,344300,0,126435,126435,1262430,2048782,78030,0,49611,0,0,3.0,1.0,2.0,0.0,0.0,419.4772728,466.818182,302.27121213333334,300.7484849,423.55757566666665,1.020512,42.113254633333334,1.0,1.0,1.0,1.0,none,0:1.0500|1:0.9000|2:1.0300|3:0.9100|4:0.9500|5:1.1000|6:0.8200|,,2726752,1,132300,87,30,26.587092917838728,27.940979944948914,none,470735
Atak,23,147,2011,7,2304,2049,255,11921,204,119,0,47,169,4064740,2955991,1087242,224350,50561,63751,80600,0,5150,662830,591760,427972,0,163788,131214,1242912,2449448,78030,0,62841,0,0,3.0,1.0,2.0,0.0,0.0,420.11730232258066,470.227273,301.0043989032258,301.3841641935484,421.76979474193547,1.027766,41.533368290322585,1.0,1.0,1.0,1.0,none,0:1.0500|1:0.9150|2:1.0300|3:0.9250|4:0.9500|5:1.1000|6:0.8200|,,3015718,1,132300,117,31,26.748131491805132,28.352296551665425,none,530530
Atak,23,178,2011,8,2184,1933,251,11378,170,115,0,57,168,3916310,2838773,1059856,224750,50561,64216,81189,0,0,639140,234376,125904,0,108472,141046,1324312,2525833,78030,0,76071,0,0,3.0,1.0,2.0,0.0,0.0,421.136364,474.090909,299.37096777419356,300.1744868064516,428.34310883870967,1.035317,42.025988322580645,1.0,1.0,1.0,1.0,none,0:1.0500|1:0.9150|2:1.0300|3:0.9250|4:0.9500|5:1.1000|6:0.8200|,,2839130,1,132300,148,31,27.062617617093643,28.91353172859859,none,506840
Atak,23,208,2011,9,2032,1834,198,10814,223,167,0,18,135,4098215,3125216,950024,228706,48930,62595,68820,0,3017,537956,-40926,-136296,0,95370,95370,1358780,11135025,78030,0,89301,0,0,3.8666666666666667,1.0,2.0,0.0,0.8666666666666667,398.8484848,477.272727,302.0651515,302.12272723333336,408.7515151,1.042922,45.989371733333336,1.0,1.0,1.0,1.0,none,0:1.0500|1:0.9000|2:1.0300|3:0.9100|4:0.9300|5:1.1000|6:0.8200|,,3106136,3,132300,179,30,23.181409467292468,24.26568909959163,none,405656
Atak,23,239,2011,10,2053,1822,231,10700,218,134,0,21,161,4050725,3016479,1011675,238111,50561,65146,71641,0,0,586216,869668,523999,123475,222194,222194,1309726,11635548,78030,0,102531,0,0,4.0,1.0,2.0,0.0,1.0,399.70674477419357,481.136364,293.6495601612903,294.96334309677417,408.58504416129034,1.050335,45.852936806451616,1.0,1.0,1.0,1.0,none,0:1.0500|1:0.9050|2:1.0300|3:0.9150|4:0.9350|5:1.1000|6:0.8200|,,3044014,3,132300,209,31,24.975158767874888,26.533749054652098,none,453916
Atak,23,269,2011,11,1956,1737,219,10296,233,113,0,18,149,4137185,3057122,1063543,230430,48930,63495,69840,0,0,650848,983226,594873,123475,264878,264878,1415132,12333153,78030,0,115761,0,0,4.0,1.0,2.0,0.0,1.0,399.8636364,484.545455,291.1409089333334,291.86515146666665,409.68333316666667,1.058051,46.77463846666667,1.0,1.0,1.0,1.0,none,0:1.0500|1:0.9050|2:1.0300|3:0.9150|4:0.9350|5:1.1000|6:0.8200|,,3058462,3,132300,240,30,25.706923910823424,27.189951165728615,none,518548
Atak,23,300,2011,12,2029,1830,199,10648,261,175,0,18,117,4436340,3151805,1268596,328561,70919,66077,79949,0,21570,701520,-1165742,-1515492,123475,226275,226275,1301482,5173553,81281,0,129542,0,0,4.870967741935484,1.0,2.0,0.8709677419354839,1.0,408.7316711935484,487.5,286.5967740967742,287.87536661290324,417.8416421935484,1.065572,45.3803905483871,1.0,1.0,1.0,1.0,none,0:1.0500|1:0.9250|2:1.0300|3:0.9350|4:0.9500|5:1.1000|6:0.8200|,,3147758,5,137812,270,31,28.5955539927057,29.881437066064585,none,563708
Atak,23,331,2012,1,2004,1746,258,10300,250,193,0,14,185,4381770,3165425,1199924,349461,75671,66569,80538,0,0,627685,1209286,607547,133577,468162,468162,1258476,5750475,81281,0,143323,0,0,5.0,1.0,2.0,1.0,1.0,409.52346083870964,491.81818200000004,293.73900258064515,292.87536658064516,418.72873929032255,1.0734,46.79331725806451,1.0,1.0,1.0,1.0,none,0:1.0500|1:0.9300|2:1.0300|3:0.9400|4:0.9500|5:1.1000|6:0.8200|,,3200000,5,137812,301,31,27.384458791766797,28.27297318227785,none,489873
Atak,23,360,2012,2,1899,1666,233,9615,207,173,0,28,159,4038330,2872314,1153288,327149,70789,62623,75777,0,0,616950,1659215,1191993,0,467222,467222,1376702,7032084,81281,0,157104,0,0,5.0,1.0,2.0,1.0,1.0,409.7335421724138,494.3181819999999,287.045455,288.4357366206896,419.6489028275862,1.079586,48.16683472413793,1.0,1.0,1.0,1.0,none,0:1.0500|1:0.9300|2:1.0300|3:0.9400|4:0.9500|5:1.1000|6:0.8200|,,2925440,5,137812,332,29,28.55853781142205,29.943383820108945,none,479138
Atak,23,391,2012,3,2040,1833,207,10639,210,126,0,16,151,4206380,3053755,1132915,349711,75671,67313,74028,0,0,566192,1595322,842471,261303,491548,491548,1269240,7522006,81281,0,170885,0,0,5.0,1.0,2.0,1.0,1.0,409.772727,496.590909,296.4736067419355,295.0190615806452,419.9985338709677,1.085405,49.43382722580645,1.0,1.0,1.0,1.0,none,0:1.0500|1:0.9300|2:1.0300|3:0.9400|4:0.9500|5:1.1000|6:0.8200|,,3040726,5,137812,361,31,26.933253771651636,27.649258428578747,none,428380
Atak,23,421,2012,4,1898,1680,218,9522,228,126,0,19,165,3831185,2677514,1135597,338430,73230,65502,72060,0,0,586375,1610538,826494,127669,656375,656375,1170132,8361166,81281,0,184666,0,0,5.0,1.0,2.0,1.0,1.0,424.9166666333333,499.318182,295.09090899999995,295.3272727333333,433.7045453666667,1.09166,44.7700052,1.0,1.0,1.0,1.0,none,0:1.0500|1:0.9300|2:1.0300|3:0.9400|4:0.9500|5:1.1000|6:0.8200|,,2694888,5,137812,392,30,29.64088134611093,30.55322792159665,none,448563
Atak,23,452,2012,5,2065,1822,243,10331,258,133,0,22,165,4051785,2782053,1250936,349711,75671,68058,74865,0,0,682631,1840163,1129912,128826,581425,581425,1301468,35977065,81281,0,198447,171886,0,5.0,1.0,2.0,1.0,1.0,426.590909,502.045455,290.0,291.28592387096774,435.4472141612903,1.097747,44.28734361290323,1.0,1.0,1.0,1.0,none,0:1.0500|1:0.9300|2:1.0300|3:0.9400|4:0.9500|5:1.1000|6:0.8200|,Ufuk Yıldırım:6:15626,2793008,5,137812,422,31,30.873701343975558,32.019179527334934,none,544819
Atak,23,482,2012,6,2005,1814,191,10991,220,83,0,16,136,4116310,2868432,1232137,338430,73230,66252,83790,0,0,670435,-3656731,-4644208,582477,405000,405000,1360620,28490899,84532,0,212779,709031,0,5.0,1.0,2.0,1.0,1.0,426.59090899999995,505.227273,297.0,295.5454545666667,436.4530304333333,1.104074,45.649939,1.0,1.0,1.0,1.0,none,0:1.0500|1:0.9300|2:1.0300|3:0.9400|4:0.9500|5:1.1000|6:0.8200|,Ufuk Yıldırım:6:15626|Nazlı Koç:4:39651,2872098,8,143325,453,30,29.93304683077805,30.378263171098183,none,527110
Atak,23,513,2012,7,2125,1901,224,11409,218,132,0,24,164,4145270,2875812,1243961,358711,77779,68833,87079,0,329,651230,-2311348,-3313761,2683,999730,999730,1324944,21748350,84532,0,227111,1786282,0,5.0,1.0,2.0,1.0,1.0,427.2507328709677,508.18181799999996,295.272727,295.80498538709674,436.9721407741935,1.11023,46.88897648387096,1.0,1.0,1.0,1.0,none,0:1.0500|1:0.9300|2:1.0300|3:0.9400|4:0.9500|5:1.1000|6:0.8200|,Ufuk Yıldırım:6:16289|Nazlı Koç:4:41333,2911994,12,143325,483,31,30.00916707476232,30.890059563882797,none,507905
Atak,23,544,2012,8,1959,1756,203,9768,157,62,0,14,168,3799682,2525141,1260825,359011,77779,69236,87575,0,325,666899,6627578,4668202,602378,1356998,1356998,984842,24662663,84532,0,241443,1786282,0,5.0,1.0,2.0,1.0,1.0,442.7712611612903,510.909091,292.48387087096773,293.6436950322581,449.87096764516133,1.116629,40.58131264516129,1.0,1.0,1.0,1.0,none,0:1.0500|1:0.9300|2:1.0300|3:0.9400|4:0.9500|5:1.1000|6:0.8200|,Ufuk Yıldırım:6:16289|Nazlı Koç:4:41333,2517922,12,143325,514,31,33.182382104607704,33.94244466006042,none,523574
Atak,23,574,2012,9,1765,1579,186,8603,158,141,0,5,148,3813340,2561860,1236197,347430,75270,67393,74130,0,753,671221,8684655,5360178,782945,2541532,1952602,1188276,20804008,84532,0,255775,1728660,0,5.0,1.0,2.0,1.0,1.0,446.49999993333336,514.090909,298.90909100000005,297.3272727666666,453.01060593333335,1.123064,37.84300033333333,1.0,1.0,1.0,1.0,none,0:1.0500|1:0.9300|2:1.0300|3:0.9400|4:0.9500|5:1.1000|6:0.8200|,Ufuk Yıldırım:6:16289|Nazlı Koç:4:41333,2600080,12,143325,545,30,32.417696822208356,33.05507479403584,none,527896
Atak,23,605,2012,10,1849,1640,209,8581,172,99,0,5,165,3764895,2529603,1218954,359011,77779,70042,77035,0,686,634401,9053102,6049244,563112,2440746,3029676,1164066,25188611,84532,0,270107,1786282,0,5.0,1.0,2.0,1.0,1.0,446.1070382903225,516.818182,296.636364,297.2140762580645,452.8196482258065,1.129326,38.342602451612905,1.0,1.0,1.0,1.0,none,0:1.0500|1:0.9300|2:1.0300|3:0.9400|4:0.9500|5:1.1000|6:0.8200|,Ufuk Yıldırım:6:16289|Nazlı Koç:4:41333,2546766,12,143325,575,31,32.37683919471858,33.50556289431334,none,491076
Atak,23,635,2012,11,1815,1607,208,8902,182,109,0,3,162,3915525,2704262,1194181,347430,75270,68172,74970,0,691,627648,8241934,5363158,542818,2335958,2335958,1268682,29717573,84532,0,284439,1728660,0,5.0,1.0,2.0,1.0,1.0,446.33333346666666,520.227273,308.0,305.5818182333333,455.06666659999996,1.135835,40.21076226666666,1.0,1.0,1.0,1.0,none,0:1.0500|1:0.9300|2:1.0300|3:0.9400|4:0.9500|5:1.1000|6:0.8200|,Ufuk Yıldırım:6:16289|Nazlı Koç:4:41333,2719068,12,143325,606,30,30.498617682175443,30.993278586708506,none,484323
Atak,23,666,2012,12,1897,1702,195,8620,267,161,0,10,129,4173365,2800707,1352650,359011,77779,70818,85684,0,580,758778,6146927,2563240,522071,3061616,3061616,1189218,116108320,87784,0,299323,1788836,0,5.0,1.0,2.0,1.0,1.0,455.3592378709677,522.727273,301.590909,302.92375367741937,462.873900483871,1.142168,37.488183032258064,1.0,1.0,1.0,1.0,none,0:1.0500|1:0.9300|2:1.0300|3:0.9400|4:0.9500|5:1.1000|6:0.8200|,Ufuk Yıldırım:6:16289|Nazlı Koç:4:41333,2799144,12,148837,636,31,32.41149528018757,33.76857568321477,none,609941
Atak,23,697,2013,1,1825,1618,207,8376,251,135,0,6,159,4292427,2881065,1394847,378811,82298,71252,86180,0,24835,751471,-5157081,-7672302,1678547,836674,836674,1291646,70057113,87784,4386935,4701142,1865456,0,4.935483870967742,1.0,2.0,0.9354838709677419,1.0,458.21847509677417,525.454545,301.227273,301.84017603225806,464.46041058064515,1.148751,37.20969870967742,1.0,1.0,1.0,1.0,none,0:1.0500|1:0.9300|2:1.0300|3:0.9400|4:0.9500|5:1.1000|6:0.8200|,Ufuk Yıldırım:6:17012|Nazlı Koç:4:43164,2924024,16,148837,667,31,32.49553224784021,34.261211764457585,none,602634
Atak,23,725,2013,2,1639,1427,212,7425,243,155,0,10,159,3654889,2501062,1132673,352268,76552,64749,78316,0,794,559994,3017989,1753950,838,1263201,1263201,1222562,53157592,87784,0,4716026,1684928,0,5.0,1.0,2.0,1.0,1.0,459.39123396428573,528.863636,310.98863603571425,308.93668832142856,465.1363637857143,1.155828,36.60805799999999,1.0,1.0,1.0,1.0,none,0:1.0500|1:0.9300|2:1.0300|3:0.9400|4:0.9500|5:1.1000|6:0.8200|,Ufuk Yıldırım:6:17012|Nazlı Koç:4:43164,2541756,18,148837,698,28,30.99062652791918,32.30418583479298,none,411157
Atak,23,756,2013,3,1810,1600,210,8345,197,102,0,5,163,3791825,2563628,1211816,390011,84754,72089,79267,0,373,585322,22826195,15223546,1636275,5966374,4522720,1058276,58116006,87784,0,4730910,1865456,0,5.0,1.0,2.0,1.0,1.0,459.8093844193549,531.818182,307.36803525806454,308.31085025806453,467.0161293870968,1.162259,37.62655625806452,1.0,1.0,1.0,1.0,none,0:1.0500|1:0.9300|2:1.0300|3:0.9400|4:0.9500|5:1.1000|6:0.8200|,Ufuk Yıldırım:6:17012|Nazlı Koç:4:43164,2592520,18,148837,726,31,31.95864788063795,33.15316179416229,none,436485
Atak,23,786,2013,4,1664,1478,186,7545,195,90,0,0,146,3575005,2322327,1236593,377430,82020,70184,77190,0,374,629395,23577943,15816144,1612482,6149317,7592971,1156894,68700979,87784,0,4745794,1805280,0,5.0,1.0,2.0,1.0,1.0,475.0454546666667,535.454545,304.6515155,305.92878790000003,479.55151516666666,1.16942,34.82413543333334,1.0,1.0,1.0,1.0,none,0:1.0500|1:0.9300|2:1.0300|3:0.9400|4:0.9500|5:1.1000|6:0.8200|,Ufuk Yıldırım:6:17012|Nazlı Koç:4:43164,2319750,18,148837,757,30,34.589965608439705,35.86897579858541,none,480558
Atak,23,817,2013,5,1798,1579,219,8095,235,72,0,4,178,3813013,2509873,1283236,390011,84754,72957,80228,0,363,654923,24571591,16930975,1588333,6052283,6052283,1099360,80309711,87784,0,4760678,1865456,0,5.0,1.0,2.0,1.0,1.0,478.43108493548385,538.409091,313.045455,311.1568913548387,484.7859236129032,1.176391,35.31224551612903,1.0,1.0,1.0,1.0,none,0:1.0500|1:0.9300|2:1.0300|3:0.9400|4:0.9500|5:1.1000|6:0.8200|,Ufuk Yıldırım:6:17012|Nazlı Koç:4:43164,2512924,18,148837,787,31,33.65412077011015,34.56832867742823,none,506086
Atak,23,847,2013,6,1749,1541,208,8145,150,90,0,2,174,3422250,2186438,1219734,377430,82020,71024,89850,0,1048,598362,24385986,15572594,1564109,7249283,5675917,1004606,82930867,92660,0,4776388,1807977,0,5.0,1.0,2.0,1.0,1.0,480.54545440000004,542.045455,306.045455,307.91818179999996,486.8272727666666,1.183639,35.0891626,1.0,1.0,1.0,1.0,none,0:1.0500|1:0.9300|2:1.0300|3:0.9400|4:0.9500|5:1.1000|6:0.8200|,Ufuk Yıldırım:6:17012|Nazlı Koç:4:43164,2220428,18,157106,818,30,35.64128862590401,36.31290189143032,none,441256
Atak,23,878,2013,7,1884,1692,192,8895,169,98,0,5,157,3712423,2375544,1319504,403511,87885,73826,93372,0,914,659996,21246803,13870965,1542728,5833110,7406476,1121442,80029066,92660,0,4792098,1949063,0,5.0,1.0,2.0,1.0,1.0,481.09970645161286,545.0,309.727273,308.7214075806452,487.70088003225806,1.190696,35.349035225806446,1.0,1.0,1.0,1.0,none,0:1.0500|1:0.9300|2:1.0300|3:0.9400|4:0.9500|5:1.1000|6:0.8200|,Ufuk Yıldırım:6:17774|Nazlı Koç:4:45100,2363780,19,157106,848,31,35.54293247294287,35.62098067271401,none,502890
Atak,23,909,2013,8,1665,1487,178,7418,184,59,0,0,150,3351680,2111902,1223819,403961,87885,74291,93961,0,0,563721,25917788,19592287,2954,6322547,6322547,974584,94457395,92660,0,4807808,1949063,0,5.0,1.0,2.0,1.0,1.0,494.3401760967742,549.090909,312.9134900322581,311.5938417096774,497.2272727096774,1.198032,31.528304129032257,1.0,1.0,1.0,1.0,none,0:1.0500|1:0.9300|2:1.0300|3:0.9400|4:0.9500|5:1.1000|6:0.8200|,Ufuk Yıldırım:6:17774|Nazlı Koç:4:45100,2164928,19,157106,879,31,36.513599150276875,36.70077708371395,none,406615
Atak,23,939,2013,9,1575,1360,215,6869,192,79,0,0,167,3311195,2087220,1204504,390930,85050,72344,79560,0,366,576254,27066410,16342813,1332993,9390604,9390604,1034040,99660358,92660,0,4823518,1886190,0,5.0,1.0,2.0,1.0,1.0,496.4242425666667,551.590909,311.818182,311.6,499.7545455,1.205414,31.128236933333334,1.0,1.0,1.0,1.0,none,0:1.0500|1:0.9300|2:1.0300|3:0.9400|4:0.9500|5:1.1000|6:0.8200|,Ufuk Yıldırım:6:17774|Nazlı Koç:4:45100,2106324,19,157106,910,30,36.376715959041974,37.187156616726924,none,419148
Atak,23,970,2013,10,1701,1501,200,7364,193,76,0,3,168,3600973,2330505,1251183,403961,87885,75190,82708,0,806,600633,29051487,20715099,1312558,7023830,7023830,995024,109080536,92660,0,4839228,1949063,0,5.0,1.0,2.0,1.0,1.0,497.5000001935484,555.227273,321.863636,319.06304990322576,501.92961864516127,1.2126,32.74745709677419,1.0,1.0,1.0,1.0,none,0:1.0500|1:0.9300|2:1.0300|3:0.9400|4:0.9500|5:1.1000|6:0.8200|,Ufuk Yıldırım:6:17774|Nazlı Koç:4:45100,2343104,20,157106,940,31,34.74569234481903,35.30379178396351,none,443527
Atak,23,1000,2013,11,1745,1510,235,7604,211,77,0,9,181,3742565,2439298,1283908,390930,85050,73215,80520,0,288,653905,35285603,26816269,1291859,7177475,7177475,1066878,98140148,92660,0,4854938,1886190,0,5.0,1.0,2.0,1.0,1.0,498.1363635,558.409091,321.954545,321.12272746666673,503.7863638,1.220071,33.29443356666666,1.0,1.0,1.0,1.0,none,0:1.0500|1:0.9300|2:1.0300|3:0.9400|4:0.9500|5:1.1000|6:0.8200|,Ufuk Yıldırım:6:17774|Nazlı Koç:4:45100,2478352,20,157106,971,30,34.30556316323163,35.368190601889275,none,496799
Atak,23,1031,2013,12,1747,1537,210,7514,272,121,0,3,155,4340640,2846269,1479887,403961,87885,76120,92070,0,448,819403,34262113,22174693,1270894,10816526,10816526,1228074,110305626,95911,0,4871199,1952001,0,5.0,1.0,2.0,1.0,1.0,506.46627577419355,562.045455,328.63049822580643,326.7800586451613,509.57331377419354,1.227345,31.2428944516129,1.0,1.0,1.0,1.0,none,0:1.0500|1:0.9300|2:1.0300|3:0.9400|4:0.9500|5:1.1000|6:0.8200|,Ufuk Yıldırım:6:17774|Nazlı Koç:4:45100,2860646,20,162619,1001,31,34.09375115190387,35.113054127156666,none,656784
Atak,23,1062,2014,1,1801,1566,235,7479,277,187,0,5,177,4254642,2782649,1455472,412961,89962,76586,92628,0,830,782505,17395088,8424621,1249658,7720809,7720809,1175852,117177150,95911,0,4887460,2040141,0,5.0,1.0,2.0,1.0,1.0,509.62609941935483,565.227273,329.136364,328.41935464516126,511.77272729032256,1.234907,30.790780451612903,1.0,1.0,1.0,1.0,none,0:1.0500|1:0.9300|2:1.0300|3:0.9400|4:0.9500|5:1.1000|6:0.8200|,Ufuk Yıldırım:6:18604|Nazlı Koç:4:47207,2789138,21,162619,1032,31,34.20903568384837,35.41610910920707,none,619886
Atak,23,1090,2014,2,1704,1465,239,7150,228,138,0,12,185,4027878,2609268,1402914,373268,81256,69623,84224,0,308,794235,20171860,11708682,1228148,7235030,7235030,1305150,132309185,95911,0,4903721,1842708,0,5.0,1.0,2.0,1.0,1.0,511.03896135714285,569.545455,326.17370110714285,326.88311685714285,514.6461040357143,1.243005,31.042031714285713,1.0,1.0,1.0,1.0,none,0:1.0500|1:0.9300|2:1.0300|3:0.9400|4:0.9500|5:1.1000|6:0.8200|,Ufuk Yıldırım:6:18604|Nazlı Koç:4:47207,2635614,22,162619,1063,28,34.83010160685105,36.17439651940857,none,631616
Atak,23,1121,2014,3,1815,1571,244,7975,244,143,0,9,182,4083800,2622494,1440746,413261,89962,77547,85281,0,749,773946,30402648,18840697,1206362,10355589,10355589,1170560,137875748,95911,0,4919982,2040141,0,5.0,1.0,2.0,1.0,1.0,511.10703848387095,572.954545,326.31818200000004,326.89589422580644,516.093841483871,1.250366,32.25622229032258,1.0,1.0,1.0,1.0,none,0:1.0500|1:0.9300|2:1.0300|3:0.9400|4:0.9500|5:1.1000|6:0.8200|,Ufuk Yıldırım:6:18604|Nazlı Koç:4:47207,2620614,22,162619,1091,31,35.27954356236838,36.15462957270589,none,611327
Atak,23,1151,2014,4,1766,1523,243,7122,239,122,0,6,177,3755477,2374531,1359874,399930,87060,75526,83070,0,1295,712993,24134966,14947255,1184295,8003416,8003416,1078214,141735785,95911,0,4936243,1974330,0,5.0,1.0,2.0,1.0,1.0,524.9545452666667,575.454545,329.818182,328.7924242333333,522.4590910333333,1.258565,28.771327566666667,1.0,1.0,1.0,1.0,none,0:1.0500|1:0.9300|2:1.0300|3:0.9400|4:0.9500|5:1.1000|6:0.8200|,Ufuk Yıldırım:6:18604|Nazlı Koç:4:47207,2419230,23,162619,1122,30,36.21042014103668,37.17204947097682,none,550374
Atak,23,1182,2014,5,1872,1598,274,7707,253,92,0,9,210,4103420,2622889,1462563,413261,89962,78540,86366,0,960,793474,31236605,21723711,1161942,8350952,8350952,1132800,140365367,95911,0,4952504,2040141,0,5.0,1.0,2.0,1.0,1.0,524.9120232580646,579.772727,333.81818200000004,332.21994116129036,527.0425218709678,1.266552,29.676360161290322,1.0,1.0,1.0,1.0,none,0:1.0500|1:0.9300|2:1.0300|3:0.9400|4:0.9500|5:1.1000|6:0.8200|,Ufuk Yıldırım:6:18604|Nazlı Koç:4:47207,2636604,24,162619,1152,31,35.64253720067651,36.40492745278885,none,630855
Atak,23,1212,2014,6,1856,1654,202,7971,171,58,0,3,171,3640414,2336578,1289718,399930,87060,76516,96750,0,472,628990,30977196,19044170,283,11932743,11932743,1175586,153594046,100789,0,4969593,1977440,0,5.0,1.0,2.0,1.0,1.0,525.7500003666667,582.954545,340.22121189999996,337.96818186666667,528.6606061,1.274857,30.6861267,1.0,1.0,1.0,1.0,none,0:1.0500|1:0.9300|2:1.0300|3:0.9400|4:0.9500|5:1.1000|6:0.8200|,Ufuk Yıldırım:6:18604|Nazlı Koç:4:47207,2388438,24,170887,1183,30,35.42778376305552,35.28840481926313,none,458103
Atak,23,1243,2014,7,1917,1665,252,8442,192,83,0,11,205,4031853,2550641,1458970,426761,93124,79563,100626,0,1162,757734,28865694,18257898,1236754,9371042,9371042,1057672,161219963,100789,0,4986682,2136551,0,5.0,1.0,2.0,1.0,1.0,527.9692083548387,587.954545,334.227273,335.5351905806452,531.7785926774193,1.282947,30.736046032258063,1.0,1.0,1.0,1.0,none,0:1.0500|1:0.9300|2:1.0300|3:0.9400|4:0.9500|5:1.1000|6:0.8200|,Ufuk Yıldırım:6:19484|Nazlı Koç:4:49437,2555992,25,170887,1213,31,36.186091109968544,36.6956883638237,none,586847
Atak,23,1274,2014,8,1766,1560,206,7426,201,72,0,4,181,3783016,2417886,1344021,427211,93124,80090,101277,0,1230,641089,29571256,16681188,1218392,11671676,9056016,1099968,168105995,100789,0,5003771,2136551,0,5.0,1.0,2.0,1.0,1.0,538.0718471290322,590.681818,345.545455,342.61143703225804,538.4178887741936,1.291361,28.81430993548387,1.0,1.0,1.0,1.0,none,0:1.0500|1:0.9300|2:1.0300|3:0.9400|4:0.9500|5:1.1000|6:0.8200|,Ufuk Yıldırım:6:19484|Nazlı Koç:4:49437,2454244,26,170887,1244,31,35.527764090873525,35.78079640410242,none,470202
Atak,23,1304,2014,9,1729,1504,225,7119,237,100,0,4,173,3840600,2473446,1350495,413430,90120,78016,85800,0,0,683129,35985471,23863901,1203543,10918027,13533687,1156622,181562171,100789,0,5020860,2067630,0,5.0,1.0,2.0,1.0,1.0,539.5227271666666,594.3181820000001,343.954545,344.0499999333333,539.4575757333333,1.299829,29.451862233333333,1.0,1.0,1.0,1.0,none,0:1.0500|1:0.9300|2:1.0300|3:0.9400|4:0.9500|5:1.1000|6:0.8200|,Ufuk Yıldırım:6:19484|Nazlı Koç:4:49437,2517152,27,170887,1275,30,35.163646305264805,36.2483677367409,none,512242
Atak,23,1335,2014,10,1757,1554,203,7428,249,90,0,11,155,4152506,2672653,1455130,427211,93124,81113,89218,0,353,764111,43287759,30212723,1184379,11890657,11890657,1170876,187092986,100789,0,5037949,2136551,0,5.0,1.0,2.0,1.0,1.0,541.5249268387096,599.318182,342.68181799999996,343.0557183225807,543.9208211935484,1.308077,30.625435612903225,1.0,1.0,1.0,1.0,none,0:1.0500|1:0.9300|2:1.0300|3:0.9400|4:0.9500|5:1.1000|6:0.8200|,Ufuk Yıldırım:6:19484|Nazlı Koç:4:49437,2650518,27,170887,1305,31,35.04221306362953,36.71910543426083,none,593224
Atak,23,1365,2014,11,1795,1560,235,7704,226,117,0,9,183,4335763,2792030,1526197,413430,90120,79007,86910,0,437,856293,56184905,40271103,1164951,14748851,11330485,1224334,168467300,100789,0,5055038,2067630,0,5.0,1.0,2.0,1.0,1.0,539.0606059666667,602.272727,342.5,342.6742425666667,543.3166665,1.316655,31.69519,1.0,1.0,1.0,1.0,none,0:1.0500|1:0.9300|2:1.0300|3:0.9400|4:0.9500|5:1.1000|6:0.8200|,Ufuk Yıldırım:6:19484|Nazlı Koç:4:49437,2832424,27,170887,1336,30,35.200194291062495,36.463544876217725,none,685406
Atak,23,1396,2014,12,1836,1591,245,7157,300,98,0,3,197,4242564,2705319,1522208,427211,93124,82167,99417,0,939,819350,59501438,44167280,2873,15331285,18749651,1254264,201715019,105665,0,5072953,2139937,0,5.0,1.0,2.0,1.0,1.0,550.9017591290323,606.818182,349.863636,347.6979471612903,552.501466516129,1.32501,29.849001258064515,1.0,1.0,1.0,1.0,none,0:1.0500|1:0.9300|2:1.0300|3:0.9400|4:0.9500|5:1.1000|6:0.8200|,Ufuk Yıldırım:6:19484|Nazlı Koç:4:49437,2751450,27,179156,1366,31,35.87943517174991,36.492554216358045,none,640194
Atak,23,1427,2015,1,1723,1461,262,7221,273,142,0,0,197,4522370,2896514,1608061,461461,100920,82696,100068,0,29403,833513,24790754,11608063,1167800,12014891,12014891,1331546,213821705,105665,0,5090868,2241517,0,4.838709677419355,1.0,2.0,0.8387096774193549,1.0,552.7126100645161,610.227273,348.590909,348.6143695806452,554.906158516129,1.3337,27.848072225806455,1.0,1.0,1.0,1.0,none,0:1.0500|1:0.9300|2:1.0300|3:0.9400|4:0.9500|5:1.1000|6:0.8200|,Ufuk Yıldırım:6:20440|Nazlı Koç:4:51866,2870980,29,179156,1397,31,35.557926485449,36.930892718494285,none,654357
Atak,23,1455,2015,2,1579,1313,266,6037,266,125,0,0,190,3708685,2349978,1340876,455868,99848,75225,91000,0,0,618935,21125179,9672071,1150191,10302917,10302917,1209606,217015696,105665,0,5108783,2024596,0,5.0,1.0,2.0,1.0,1.0,552.84902625,614.5454550000001,344.58766264285714,345.80357142857144,556.5827921428571,1.342972,27.762324464285715,1.0,1.0,1.0,1.0,none,0:1.0500|1:0.9300|2:1.0300|3:0.9400|4:0.9500|5:1.1000|6:0.8200|,Ufuk Yıldırım:6:20440|Nazlı Koç:4:51866,2373450,32,179156,1428,28,36.15502529872448,37.670567138335954,none,439779
Atak,23,1486,2015,3,1724,1472,252,6970,264,76,0,4,193,3819265,2473109,1330561,504711,110546,83812,92163,0,0,539329,49023011,30712219,1132342,17178450,17178450,1128740,224716124,105665,0,5126698,2241517,0,5.0,1.0,2.0,1.0,1.0,553.1524925806451,618.409091,357.5,353.8416422580645,557.8240467419355,1.351403,29.393543096774195,1.0,1.0,1.0,1.0,none,0:1.0500|1:0.9300|2:1.0300|3:0.9400|4:0.9500|5:1.1000|6:0.8200|,Ufuk Yıldırım:6:20440|Nazlı Koç:4:51866,2504238,32,179156,1456,31,34.838142941115635,35.370443992371705,none,360173
Atak,23,1516,2015,4,1763,1523,240,7074,255,76,0,2,190,4197435,2709935,1463661,488430,106980,81678,89820,0,0,696753,46711907,31077545,1114247,14520115,14520115,1284580,244060016,105665,0,5144613,2169210,0,5.0,1.0,2.0,1.0,1.0,563.5075756333333,622.954545,361.09090899999995,359.5015151,566.8515151333334,1.360799,28.157388766666667,1.0,1.0,1.0,1.0,none,0:1.0500|1:0.9300|2:1.0300|3:0.9400|4:0.9500|5:1.1000|6:0.8200|,Ufuk Yıldırım:6:20440|Nazlı Koç:4:51866,2738412,32,179156,1487,30,34.87036726000522,35.92084212991009,none,517597
Atak,23,1547,2015,5,1732,1507,225,7210,280,84,0,9,181,4249221,2751674,1473457,504711,110546,84959,93434,0,1454,678353,49157778,29943432,1095904,18118442,14814699,1170390,256089652,105665,0,5162528,2241517,0,5.0,1.0,2.0,1.0,1.0,566.260996967742,626.818182,363.863636,362.5879766129032,570.3680354193549,1.369954,28.612607870967743,1.0,1.0,1.0,1.0,none,0:1.0500|1:0.9300|2:1.0300|3:0.9400|4:0.9500|5:1.1000|6:0.8200|,Ufuk Yıldırım:6:20440|Nazlı Koç:4:51866,2798970,32,179156,1517,31,34.67593236501467,35.74276915619387,none,499197
Atak,23,1577,2015,6,1749,1502,247,7361,217,78,0,7,205,3901931,2480085,1398584,488430,106980,82789,104700,0,825,614860,47310829,32609884,991,14699954,18003697,1284964,256588426,110542,0,5181270,2172803,0,5.0,1.0,2.0,1.0,1.0,567.5,632.045455,358.40909100000005,359.8969697333333,572.4348487999999,1.379479,29.3790993,1.0,1.0,1.0,1.0,none,0:1.0500|1:0.9300|2:1.0300|3:0.9400|4:0.9500|5:1.1000|6:0.8200|,Ufuk Yıldırım:6:20440|Nazlı Koç:4:51866,2528298,34,187425,1548,30,35.84338113616053,36.84421303964757,none,427435
Atak,23,1608,2015,7,1821,1572,249,7561,200,91,0,8,208,3999795,2527630,1452804,518211,113677,86137,108934,0,1877,623968,41769259,25163600,1165046,15440613,15440613,1055356,266926079,110542,0,5200012,2352900,0,5.0,1.0,2.0,1.0,1.0,577.7346041290323,635.227273,367.18181799999996,364.91202348387094,579.876833032258,1.38876,27.12555964516129,1.0,1.0,1.0,1.0,none,0:1.0500|1:0.9300|2:1.0300|3:0.9400|4:0.9500|5:1.1000|6:0.8200|,Ufuk Yıldırım:6:21456|Nazlı Koç:4:54444,2523928,35,187425,1578,31,36.3219615005269,36.44455163741708,none,436543
Atak,23,1639,2015,8,1732,1503,229,7161,214,46,0,0,198,4064650,2581234,1461720,518661,113677,86726,109678,0,728,632250,49647837,29854293,1147796,18645748,18645748,1125584,278086083,110542,0,5218754,2352900,0,5.0,1.0,2.0,1.0,1.0,582.1774193548387,640.909091,366.454545,366.2096774193548,583.5410557741935,1.398416,27.41290106451613,1.0,1.0,1.0,1.0,none,0:1.0500|1:0.9300|2:1.0300|3:0.9400|4:0.9500|5:1.1000|6:0.8200|,Ufuk Yıldırım:6:21456|Nazlı Koç:4:54444,2566040,37,187425,1609,31,35.96176792589768,37.054490123285774,none,444825
Atak,23,1669,2015,9,1635,1425,210,6710,264,78,0,0,164,4187779,2653756,1511606,501930,110010,84499,92940,0,1274,720953,55709260,37262782,1130295,17316183,17316183,1152016,293493827,110542,0,5237496,2277000,0,5.0,1.0,2.0,1.0,1.0,582.0227271666666,644.090909,365.045455,365.51969703333333,584.7227273333333,1.408139,27.7747855,1.0,1.0,1.0,1.0,none,0:1.0500|1:0.9300|2:1.0300|3:0.9400|4:0.9500|5:1.1000|6:0.8200|,Ufuk Yıldırım:6:21456|Nazlı Koç:4:54444,2701020,38,187425,1640,30,36.09564879139993,37.27986245879597,none,533528
Atak,23,1700,2015,10,1679,1439,240,6869,251,98,0,4,186,4228772,2723444,1484081,518661,113677,87905,96689,0,423,666726,50129422,32274822,1112878,16741722,16741722,1240018,294547387,110542,0,5256238,2352900,0,5.0,1.0,2.0,1.0,1.0,582.8592375806451,648.8636359999999,373.590909,371.37390032258065,588.2478006451612,1.417612,27.503825677419357,1.0,1.0,1.0,1.0,none,0:1.0500|1:0.9300|2:1.0300|3:0.9400|4:0.9500|5:1.1000|6:0.8200|,Ufuk Yıldırım:6:21456|Nazlı Koç:4:54444,2756826,39,187425,1670,31,35.09484550124717,35.903750869469654,none,479301
Atak,23,1730,2015,11,1744,1497,247,7296,242,114,0,6,202,4434524,2856783,1556295,501930,110010,85669,94200,0,1071,763415,86307009,64572615,1099638,20634756,20634756,1379118,227419430,110542,0,5274980,2277000,0,5.0,1.0,2.0,1.0,1.0,583.2803031999999,653.863636,372.227273,372.3060606333333,590.2469696,1.427469,29.4815422,1.0,1.0,1.0,1.0,none,0:1.0500|1:0.9300|2:1.0300|3:0.9400|4:0.9500|5:1.1000|6:0.8200|,Ufuk Yıldırım:6:21456|Nazlı Koç:4:54444,2895594,40,187425,1701,30,35.09497298920921,36.18380888950271,none,575990
Atak,23,1761,2015,12,1796,1542,254,7456,260,135,0,5,203,5048089,3232189,1794578,518661,113677,89114,107818,0,3040,962268,104260438,79536932,4086,24719420,24719420,1544796,278176611,118670,0,5295100,2358636,0,5.0,1.0,2.0,1.0,1.0,586.8988272580644,658.181818,369.5850439032258,370.32991203225805,592.0381230645161,1.437072,30.75748538709677,1.0,1.0,1.0,1.0,none,0:1.0500|1:0.9300|2:1.0300|3:0.9400|4:0.9500|5:1.1000|6:0.8200|,Ufuk Yıldırım:6:21456|Nazlı Koç:4:54444,3222318,40,201206,1731,31,35.54965057074073,37.02746934597024,none,761062
Atak,23,1792,2016,1,1759,1500,259,7304,270,131,0,5,211,4934080,3099691,1823241,541161,118916,89747,108562,0,986,963869,41228472,13998879,1102562,26127031,22044015,1283568,348426177,118670,0,5315220,2752770,0,5.0,1.0,2.0,1.0,1.0,608.7683282903226,662.272727,383.909091,380.81231667741935,609.4999997419355,1.447064,26.920147806451613,1.0,1.0,1.0,1.0,none,0:1.0500|1:0.9300|2:1.0300|3:0.9400|4:0.9500|5:1.1000|6:0.8200|,Ufuk Yıldırım:6:23078|Nazlı Koç:4:58559|Tuncay Yılmaz:1:15860,3115146,41,201206,1762,31,36.95199510344381,36.936750294126156,none,762663
Atak,23,1821,2016,2,1627,1322,305,6228,258,142,0,0,226,4390799,2760723,1614930,506949,111244,84913,102689,0,1737,807398,33164481,14385727,1086242,17692512,21775528,1335492,346244636,118670,0,5335340,3193708,0,5.0,1.0,2.0,1.0,1.0,612.617554862069,669.318182,383.2774295862069,382.93260193103447,615.622257,1.463258,26.307273862068964,1.0,1.0,1.0,1.0,none,0:1.0500|1:0.9300|2:1.0300|3:0.9400|4:0.9500|5:1.1000|6:0.8200|,Ufuk Yıldırım:6:23078|Nazlı Koç:4:58559|Tuncay Yılmaz:1:15860|Mehmet Korkmaz:1:15962|Songül Duman:1:15860,2817444,46,201206,1793,29,36.779866261243114,37.43610078681113,none,606192
Atak,23,1852,2016,3,1658,1398,260,6881,273,103,0,0,200,4323379,2612648,1684042,541911,118916,91700,100843,0,903,829769,71508024,48352249,1069684,22086091,22086091,1272984,366982108,118670,0,5355460,4008858,0,5.0,1.0,2.0,1.0,1.0,628.7390032580645,676.590909,376.863636,378.7346042258065,625.0659821612903,1.47857,25.24250522580645,1.0,1.0,1.0,1.0,none,0:1.0500|1:0.9300|2:1.0300|3:0.9400|4:0.9500|5:1.1000|6:0.8200|,Ufuk Yıldırım:6:23078|Nazlı Koç:4:58559|Tuncay Yılmaz:1:15860|Mehmet Korkmaz:1:15962|Songül Duman:1:15860,2649048,46,201206,1822,31,38.95198639767645,40.06040120827097,none,628563
Atak,23,1882,2016,4,1654,1415,239,6609,208,96,0,2,200,4096513,2564590,1513995,524430,115080,89733,98670,0,390,685692,73804748,49677767,1052886,23074095,23074095,1253382,392559520,118670,0,5375580,3879540,0,5.0,1.0,2.0,1.0,1.0,625.1136367666666,684.545455,393.681818,389.5212121,629.2757574000001,1.495116,26.747235466666666,1.0,1.0,1.0,1.0,none,0:1.0500|1:0.9300|2:1.0300|3:0.9400|4:0.9500|5:1.1000|6:0.8200|,Ufuk Yıldırım:6:23078|Nazlı Koç:4:58559|Tuncay Yılmaz:1:15860|Mehmet Korkmaz:1:15962|Songül Duman:1:15860,2591436,46,201206,1853,30,36.95813976423363,37.022359640676356,none,484486
Atak,23,1913,2016,5,1696,1447,249,6786,295,86,0,0,197,4285311,2632789,1634571,541911,118916,93746,103075,0,1345,775578,77901397,46714998,1035843,30150556,30150556,1153566,409827097,118670,0,5395700,5302038,0,5.0,1.0,2.0,1.0,1.0,644.7800582258064,692.272727,393.636364,392.8035188709677,638.8724338064517,1.511305,25.318129387096775,1.0,1.0,1.0,1.0,none,0:1.0500|1:0.9300|2:1.0300|3:0.9400|4:0.9500|5:1.1000|6:0.8200|,Ufuk Yıldırım:6:23078|Nazlı Koç:4:58559|Tuncay Yılmaz:1:15860|Mehmet Korkmaz:1:15962|Songül Duman:1:15860|Seda Kocabaş:1:13827|Sinan Şahin:2:29279,2679036,46,201206,1883,31,38.143579310813145,38.95028871036427,none,574372
Atak,23,1943,2016,6,1663,1422,241,6920,188,55,0,2,216,4032905,2437866,1573869,524430,115080,91714,115980,0,2780,723885,80656246,55894905,1018553,23742788,23742788,1197192,422968575,128424,0,5417474,5185864,0,5.0,1.0,2.0,1.0,1.0,645.454545,698.863636,388.818182,390.30606059999997,645.4984849333334,1.528217,25.9030429,1.0,1.0,1.0,1.0,none,0:1.0500|1:0.9300|2:1.0300|3:0.9400|4:0.9500|5:1.1000|6:0.8200|,Ufuk Yıldırım:6:23078|Nazlı Koç:4:58559|Tuncay Yılmaz:1:15860|Mehmet Korkmaz:1:15962|Songül Duman:1:15860|Seda Kocabaş:1:13827|Sinan Şahin:2:29279,2436486,49,217744,1914,30,39.0256899183095,39.760563309690546,none,506141
Atak,23,1974,2016,7,1648,1409,239,6733,203,58,0,2,189,4120058,2506092,1594281,568911,125209,95824,121148,0,1311,681878,58450855,29376347,1001012,28073496,23860932,1130074,438532558,128424,0,5439248,5752608,0,5.0,1.0,2.0,1.0,1.0,659.2375370645161,706.818182,402.35483858064515,397.61876832258065,654.4824047096774,1.544764,24.936862516129032,1.0,1.0,1.020737322580645,0.9937788064516129,0,0:1.0500|1:0.9300|2:1.0300|3:0.9400|4:0.9500|5:1.1000|6:0.8200|,Ufuk Yıldırım:6:24837|Nazlı Koç:4:63023|Tuncay Yılmaz:1:17069|Mehmet Korkmaz:1:17178|Songül Duman:1:17069|Seda Kocabaş:1:14880|Sinan Şahin:2:31512,2561776,50,217744,1944,31,38.69559603287138,38.96663706798771,none|0,464134
Atak,23,2005,2016,8,1609,1317,292,6110,315,51,0,0,222,3468550,2160579,1285807,569811,125209,96879,122512,0,2022,369374,20018182,4107350,1170,15909662,20122226,933358,408973415,128424,0,5461022,5752608,0,5.0,1.0,2.0,1.0,1.0,662.272727,715.0,419.8665690967742,413.9809383870967,660.2771258709678,1.562051,24.636652096774196,1.0,1.0,1.2413594516129032,0.9275921612903226,0,0:1.0500|1:0.9300|2:1.0300|3:0.9400|4:0.9500|5:1.1000|6:0.8200|,Ufuk Yıldırım:6:24837|Nazlı Koç:4:63023|Tuncay Yılmaz:1:17069|Mehmet Korkmaz:1:17178|Songül Duman:1:17069|Seda Kocabaş:1:14880|Sinan Şahin:2:31512,2200416,53,217744,1975,31,37.07044730506984,36.60216524411186,0,151630
Atak,23,2035,2016,9,1531,1236,295,5444,437,63,0,0,195,3697096,2378691,1299049,551430,121170,94804,104250,0,2318,425077,-34390993,-51935277,1288667,16255617,16255617,1187822,459261745,128424,0,5482796,5567040,0,5.0,1.0,2.0,1.0,1.0,668.6818182333334,723.1818179999999,432.272727,427.7318182333333,667.3333332,1.579531,23.7070322,1.0,1.0,1.25,0.925,0,0:1.0500|1:0.9300|2:1.0300|3:0.9400|4:0.9500|5:1.1000|6:0.8200|,Ufuk Yıldırım:6:24837|Nazlı Koç:4:63023|Tuncay Yılmaz:1:17069|Mehmet Korkmaz:1:17178|Songül Duman:1:17069|Seda Kocabaş:1:14880|Sinan Şahin:2:31512,2425466,53,217744,2006,30,35.137010237224025,35.35449668093706,0,207333
Atak,23,2066,2016,10,1689,1386,303,6512,360,81,0,0,224,4293250,2758388,1515400,569811,125209,99019,108903,0,2701,609757,35386616,8944379,1271498,25170739,25170739,1312468,447098795,128424,0,5504570,6590716,0,5.0,1.0,2.0,1.0,1.0,671.5175950645162,731.1363640000001,429.954545,430.1480940645161,673.4061584516129,1.596634,25.303692935483873,1.0,1.0,1.25,0.925,0,0:1.0500|1:0.9200|2:1.0300|3:0.9300|4:0.9400|5:1.1000|6:0.8200|,Ufuk Yıldırım:6:24837|Nazlı Koç:4:63023|Tuncay Yılmaz:1:17069|Mehmet Korkmaz:1:17178|Songül Duman:1:17069|Seda Kocabaş:1:14880|Sinan Şahin:2:31512|Pınar Demir:1:15974|Sevgi Kara:1:15756|Derya Korkmaz:1:17506,2766468,55,217744,2036,31,35.29726896872998,35.97270597821163,0,392013
Atak,23,2096,2016,11,1608,1326,282,6450,354,66,0,0,203,4279904,2722092,1539813,551430,121170,96905,106560,0,906,662842,53709669,29138283,1254010,23317376,23317376,1250544,450097617,128424,0,5526344,7771536,0,5.0,1.0,2.0,1.0,1.0,679.3333336333333,738.863636,431.636364,430.72424243333336,682.5409091666667,1.614501,25.169569266666667,1.0,1.0,1.25,0.925,0,0:1.0500|1:0.9250|2:1.0300|3:0.9350|4:0.9450|5:1.1000|6:0.8200|,Ufuk Yıldırım:6:24837|Nazlı Koç:4:63023|Tuncay Yılmaz:1:17069|Mehmet Korkmaz:1:17178|Songül Duman:1:17069|Seda Kocabaş:1:14880|Sinan Şahin:2:31512|Pınar Demir:1:15974|Sevgi Kara:1:15756|Derya Korkmaz:1:17506|Sinan Doğan:1:14990|Seda Uçar:1:15319,2719830,58,217744,2067,30,35.977746229821975,36.46177176505613,0,445098
Atak,23,2127,2016,12,1608,1344,264,6336,325,98,0,3,198,4520742,2932943,1565920,569811,125209,101220,122419,0,1933,645328,85463086,58058710,1236596,26167780,26167780,1323950,464662954,138178,0,5549772,8237187,0,5.0,1.0,2.0,1.0,1.0,689.2375368064517,747.045455,448.772727,443.8064517096774,689.2756597419354,1.631982,25.6487135483871,1.0,1.0,1.25,0.925,0,0:1.0500|1:0.9250|2:1.0300|3:0.9350|4:0.9450|5:1.1000|6:0.8200|,Ufuk Yıldırım:6:24837|Nazlı Koç:4:63023|Tuncay Yılmaz:1:17069|Mehmet Korkmaz:1:17178|Songül Duman:1:17069|Seda Kocabaş:1:14880|Sinan Şahin:2:31512|Pınar Demir:1:15974|Sevgi Kara:1:15756|Derya Korkmaz:1:17506|Sinan Doğan:1:14990|Seda Uçar:1:15319,2945754,58,234281,2097,31,34.638561545870125,34.88852492286383,0,411047
Atak,23,2158,2017,1,1553,1227,326,5804,509,80,0,0,194,4568205,2975239,1569577,596811,131471,102335,123814,0,3966,611180,27941871,-2374181,1225655,29090397,29090397,1343862,492566856,138178,0,5573200,9681075,0,5.0,1.0,2.0,1.0,1.0,693.2551322903225,755.909091,445.0454545806452,445.6788856129032,697.8064513870968,1.650245,24.754015612903228,0.9419354838709677,0.9419354838709677,1.2458870967741935,0.8729952903225807,1,0:1.0500|1:0.9300|2:1.0300|3:0.9400|4:0.9500|5:1.1000|6:0.8200|,Ufuk Yıldırım:6:26587|Nazlı Koç:4:67464|Tuncay Yılmaz:1:18272|Mehmet Korkmaz:1:18388|Songül Duman:1:18272|Seda Kocabaş:1:15929|Sinan Şahin:2:33733|Pınar Demir:1:17101|Sevgi Kara:1:16866|Derya Korkmaz:1:18740|Sinan Doğan:1:16046|Seda Uçar:1:16398|Esra Bulut:1:16983|Hasan Yıldırım:2:32678|Emre Öztürk:3:48490,3039740,58,234281,2128,31,34.35872514477787,35.803511023374824,0|1,376899
Atak,23,2186,2017,2,1408,1145,263,5222,420,52,0,0,192,3984535,2580208,1382543,539868,118748,93411,112980,0,4442,513094,9241444,-13529500,1207066,21563878,21563878,1265706,485490015,138178,0,5596628,11123834,0,5.0,1.0,2.0,1.0,1.0,704.5373376785714,763.4090910000001,453.7224026071429,451.2207790714286,704.8603895,1.667464,25.541394535714286,0.9,0.9,1.2237500000000001,0.7945446428571429,1,0:1.0500|1:0.9300|2:1.0300|3:0.9400|4:0.9500|5:1.1000|6:0.8200|,Ufuk Yıldırım:6:26587|Nazlı Koç:4:67464|Tuncay Yılmaz:1:18272|Mehmet Korkmaz:1:18388|Songül Duman:1:18272|Seda Kocabaş:1:15929|Sinan Şahin:2:33733|Pınar Demir:1:17101|Sevgi Kara:1:16866|Derya Korkmaz:1:18740|Sinan Doğan:1:16046|Seda Uçar:1:16398|Esra Bulut:1:16983|Hasan Yıldırım:2:32678|Emre Öztürk:3:48490|Osman Kaya:1:17803|Arzu Duman:1:16046,2658198,63,234281,2159,28,34.69772507958896,35.59994930827313,1,278813
Atak,23,2217,2017,3,1721,1408,313,7286,341,114,0,2,238,4799801,3164540,1615429,597711,131471,104381,114793,0,4527,662546,47328230,27968037,5758,19354435,19354435,1542846,464640137,138178,0,5620056,12889738,0,5.0,1.0,2.0,1.0,1.0,697.2800584838709,770.681818,457.9046920645161,456.26099712903226,702.8782992903225,1.683171,29.198684483870966,0.9,0.9,1.1991666774193548,0.8,1,0:1.0500|1:0.9100|2:1.0300|3:0.9200|4:0.9300|5:1.1000|6:0.8200|,Ufuk Yıldırım:6:26587|Nazlı Koç:4:67464|Tuncay Yılmaz:1:18272|Mehmet Korkmaz:1:18388|Songül Duman:1:18272|Seda Kocabaş:1:15929|Sinan Şahin:2:33733|Pınar Demir:1:17101|Sevgi Kara:1:16866|Derya Korkmaz:1:18740|Sinan Doğan:1:16046|Seda Uçar:1:16398|Esra Bulut:1:16983|Hasan Yıldırım:2:32678|Emre Öztürk:3:48490|Osman Kaya:1:17803|Arzu Duman:1:16046,3108510,67,234281,2187,31,33.6561661618888,34.32987413118339,1,428265
Atak,23,2247,2017,4,1616,1311,305,6358,400,46,0,2,216,4440414,2882986,1529552,578430,127230,102065,112260,0,3396,606171,69766734,34872599,1157641,33736494,26687147,1257964,476625600,138178,0,5643484,12473940,0,5.0,1.0,2.0,1.0,1.0,708.3030306666666,778.863636,453.3090909333333,454.4136364,716.8606062,1.700734,28.4634111,0.9,0.9,1.1737499999999998,0.8,1,0:1.0500|1:0.9200|2:1.0300|3:0.9300|4:0.9400|5:1.1000|6:0.8200|,Ufuk Yıldırım:6:26587|Nazlı Koç:4:67464|Tuncay Yılmaz:1:18272|Mehmet Korkmaz:1:18388|Songül Duman:1:18272|Seda Kocabaş:1:15929|Sinan Şahin:2:33733|Pınar Demir:1:17101|Sevgi Kara:1:16866|Derya Korkmaz:1:18740|Sinan Doğan:1:16046|Seda Uçar:1:16398|Esra Bulut:1:16983|Hasan Yıldırım:2:32678|Emre Öztürk:3:48490|Osman Kaya:1:17803|Arzu Duman:1:16046,2957692,67,234281,2218,30,34.446157497927,36.000684550696995,1,371890
Atak,23,2278,2017,5,1683,1330,353,6420,450,82,0,0,244,4504033,2866007,1613444,597711,131471,106552,117149,0,2674,657887,78480936,47252297,1141750,30086889,37136236,1323166,511725759,138178,0,5666912,12889738,0,5.0,1.0,2.0,1.0,1.0,720.3152493225806,785.681818,452.4017594516129,453.1715543225806,721.8753666451613,1.717904,27.614202129032257,0.9,0.9,1.1483333225806451,0.8,1,0:1.0500|1:0.9300|2:1.0300|3:0.9400|4:0.9500|5:1.1000|6:0.8200|,Ufuk Yıldırım:6:26587|Nazlı Koç:4:67464|Tuncay Yılmaz:1:18272|Mehmet Korkmaz:1:18388|Songül Duman:1:18272|Seda Kocabaş:1:15929|Sinan Şahin:2:33733|Pınar Demir:1:17101|Sevgi Kara:1:16866|Derya Korkmaz:1:18740|Sinan Doğan:1:16046|Seda Uçar:1:16398|Esra Bulut:1:16983|Hasan Yıldırım:2:32678|Emre Öztürk:3:48490|Osman Kaya:1:17803|Arzu Duman:1:16046,2882298,67,234281,2248,31,35.82220645363833,37.19392170621496,1,423606
Atak,23,2308,2017,6,1597,1302,295,6100,418,76,0,3,207,4010348,2497422,1491826,578430,127230,104195,131760,0,3140,547071,70366898,38920018,1125575,30321305,30321305,1118826,544582795,147931,0,5691993,12503644,0,5.0,1.0,2.0,1.0,1.0,728.4469695333333,794.545455,455.4909090333333,454.4045455,730.7318183,1.735829,26.327721333333333,0.9,0.9,1.1229166666666666,0.8,1,0:1.0500|1:0.9300|2:1.0300|3:0.9400|4:0.9500|5:1.1000|6:0.8200|,Ufuk Yıldırım:6:26587|Nazlı Koç:4:67464|Tuncay Yılmaz:1:18272|Mehmet Korkmaz:1:18388|Songül Duman:1:18272|Seda Kocabaş:1:15929|Sinan Şahin:2:33733|Pınar Demir:1:17101|Sevgi Kara:1:16866|Derya Korkmaz:1:18740|Sinan Doğan:1:16046|Seda Uçar:1:16398|Esra Bulut:1:16983|Hasan Yıldırım:2:32678|Emre Öztürk:3:48490|Osman Kaya:1:17803|Arzu Duman:1:16046,2491746,67,250819,2279,30,37.199415113102404,37.47095834235737,1,296252
Atak,23,2339,2017,7,1617,1329,288,6578,375,73,0,0,199,4294031,2651010,1622351,624711,137764,108753,137516,0,7913,605694,49512805,16700346,1109110,31703349,31703349,1112328,536894730,147931,0,5717074,13810562,0,5.0,1.0,2.0,1.0,1.0,738.3651025483872,802.272727,454.3255131612903,454.46187683870966,739.4853370322581,1.753354,26.182995258064516,0.9,0.9,1.0975,0.8,1,0:1.0500|1:0.9300|2:1.0300|3:0.9400|4:0.9500|5:1.1000|6:0.8200|,Ufuk Yıldırım:6:28487|Nazlı Koç:4:72284|Tuncay Yılmaz:1:19577|Mehmet Korkmaz:1:19703|Songül Duman:1:19577|Seda Kocabaş:1:17067|Sinan Şahin:2:36142|Pınar Demir:1:18322|Sevgi Kara:1:18071|Derya Korkmaz:1:20079|Sinan Doğan:1:17193|Seda Uçar:1:17569|Esra Bulut:1:18196|Hasan Yıldırım:2:35013|Emre Öztürk:3:51955|Osman Kaya:1:19074|Arzu Duman:1:17193,2690568,68,250819,2309,31,37.78153907132948,38.46871803756231,1,354875
Atak,23,2370,2017,8,1603,1285,318,6026,447,51,0,0,232,4113727,2550323,1542632,625611,137764,109870,138942,0,7434,523011,61429560,31237962,1092351,29099247,29099247,1114280,575189317,147931,0,5742155,15537734,0,5.0,1.0,2.0,1.0,1.0,746.3269794193549,810.681818,469.33577712903224,464.8020528064516,749.0469208064517,1.7716490000000003,25.53590912903226,0.9,0.9,1.0716666774193546,0.8,1,0:1.0500|1:0.9300|2:1.0300|3:0.9400|4:0.9500|5:1.1000|6:0.8200|,Ufuk Yıldırım:6:28487|Nazlı Koç:4:72284|Tuncay Yılmaz:1:19577|Mehmet Korkmaz:1:19703|Songül Duman:1:19577|Seda Kocabaş:1:17067|Sinan Şahin:2:36142|Pınar Demir:1:18322|Sevgi Kara:1:18071|Derya Korkmaz:1:20079|Sinan Doğan:1:17193|Seda Uçar:1:17569|Esra Bulut:1:18196|Hasan Yıldırım:2:35013|Emre Öztürk:3:51955|Osman Kaya:1:19074|Arzu Duman:1:17193|Özlem Güneş:1:18071|Nazlı Karaca:2:34008|Songül Çelik:1:18573|Tolga Kurt:2:35013|Onur Arslan:3:52707,2558338,70,250819,2340,31,37.49962017411462,37.113920564123625,1,272192
Atak,23,2400,2017,9,1534,1222,312,5744,403,69,0,0,215,4503154,2818071,1643056,605430,133320,107436,118140,0,3222,675508,82282167,51406630,2418,30873119,30873119,1282496,580692929,147931,0,5767236,18116250,0,5.0,1.0,2.0,1.0,1.0,743.401515,819.545455,461.0015151,462.91969693333334,753.0272727666667,1.790134,26.378647,0.9,0.9,1.04625,0.8,1,0:1.0500|1:0.9300|2:1.0300|3:0.9400|4:0.9500|5:1.1000|6:0.8200|,Ufuk Yıldırım:6:28487|Nazlı Koç:4:72284|Tuncay Yılmaz:1:19577|Mehmet Korkmaz:1:19703|Songül Duman:1:19577|Seda Kocabaş:1:17067|Sinan Şahin:2:36142|Pınar Demir:1:18322|Sevgi Kara:1:18071|Derya Korkmaz:1:20079|Sinan Doğan:1:17193|Seda Uçar:1:17569|Esra Bulut:1:18196|Hasan Yıldırım:2:35013|Emre Öztürk:3:51955|Osman Kaya:1:19074|Arzu Duman:1:17193|Özlem Güneş:1:18071|Nazlı Karaca:2:34008|Songül Çelik:1:18573|Tolga Kurt:2:35013|Onur Arslan:3:52707,2848946,70,250819,2371,30,36.48678237519747,37.98754699874401,1,424689
Atak,23,2431,2017,10,1518,1170,348,5196,539,63,0,0,209,4161261,2583531,1557079,625611,137764,112134,123318,0,1918,556334,67206390,25864743,2177146,39164501,39164501,1203568,584624439,147931,0,5792317,19135758,0,5.0,1.0,2.0,1.0,1.0,762.5513191935485,827.727273,476.58504403225805,471.65689154838714,766.2668624193548,1.808208,24.399697096774194,0.9,0.9,1.0208333225806452,0.8,1,0:1.0500|1:0.9300|2:1.0300|3:0.9400|4:0.9500|5:1.1000|6:0.8200|,Ufuk Yıldırım:6:28487|Nazlı Koç:4:72284|Tuncay Yılmaz:1:19577|Mehmet Korkmaz:1:19703|Songül Duman:1:19577|Seda Kocabaş:1:17067|Sinan Şahin:2:36142|Pınar Demir:1:18322|Sevgi Kara:1:18071|Derya Korkmaz:1:20079|Sinan Doğan:1:17193|Seda Uçar:1:17569|Esra Bulut:1:18196|Hasan Yıldırım:2:35013|Emre Öztürk:3:51955|Osman Kaya:1:19074|Arzu Duman:1:17193|Özlem Güneş:1:18071|Nazlı Karaca:2:34008|Songül Çelik:1:18573|Tolga Kurt:2:35013|Onur Arslan:3:52707|Merve Taş:1:18071,2587340,71,250819,2401,31,37.41844118886078,37.50124981276274,1,305515
Atak,23,2461,2017,11,1449,1182,267,5619,422,52,0,0,187,4403720,2749699,1630386,605430,133320,109657,120600,0,2967,658412,61817810,29321562,1065541,31430707,31430707,1309776,608098114,147931,0,5817398,18658380,0,5.0,1.0,2.0,1.0,1.0,765.7954541666667,836.136364,476.3060604666667,475.2651515333334,772.3636363666667,1.827075,25.254819066666666,0.9,0.9,1.00125,0.8,1,0:1.0500|1:0.9300|2:1.0300|3:0.9400|4:0.9500|5:1.1000|6:0.8200|,Ufuk Yıldırım:6:28487|Nazlı Koç:4:72284|Tuncay Yılmaz:1:19577|Mehmet Korkmaz:1:19703|Songül Duman:1:19577|Seda Kocabaş:1:17067|Sinan Şahin:2:36142|Pınar Demir:1:18322|Sevgi Kara:1:18071|Derya Korkmaz:1:20079|Sinan Doğan:1:17193|Seda Uçar:1:17569|Esra Bulut:1:18196|Hasan Yıldırım:2:35013|Emre Öztürk:3:51955|Osman Kaya:1:19074|Arzu Duman:1:17193|Özlem Güneş:1:18071|Nazlı Karaca:2:34008|Songül Çelik:1:18573|Tolga Kurt:2:35013|Onur Arslan:3:52707|Merve Taş:1:18071,2705802,72,250819,2432,30,37.022926071594014,37.80244347559106,1,407593
Atak,23,2492,2017,12,1542,1224,318,5559,419,75,0,0,206,4775908,2912260,1838680,625611,137764,114460,138446,0,5907,816492,116148962,69774896,1049819,45324247,35616755,1306482,635435637,156060,0,5843858,19318295,0,5.0,1.0,2.0,1.0,1.0,779.2082112903225,845.227273,474.6920823870968,474.9296187419354,781.7609973225806,1.845521,24.283421161290324,0.9580645161290322,0.9580645161290322,1.0,0.8329032258064516,none,0:1.0500|1:0.9300|2:1.0300|3:0.9400|4:0.9500|5:1.1000|6:0.8200|,Ufuk Yıldırım:6:28487|Nazlı Koç:4:72284|Tuncay Yılmaz:1:19577|Mehmet Korkmaz:1:19703|Songül Duman:1:19577|Seda Kocabaş:1:17067|Sinan Şahin:2:36142|Pınar Demir:1:18322|Sevgi Kara:1:18071|Derya Korkmaz:1:20079|Sinan Doğan:1:17193|Seda Uçar:1:17569|Esra Bulut:1:18196|Hasan Yıldırım:2:35013|Emre Öztürk:3:51955|Osman Kaya:1:19074|Arzu Duman:1:17193|Özlem Güneş:1:18071|Nazlı Karaca:2:34008|Songül Çelik:1:18573|Tolga Kurt:2:35013|Onur Arslan:3:52707|Merve Taş:1:18071,2883688,72,264600,2462,31,38.49906656493383,39.08020019436976,1|none,551892
Atak,23,2523,2018,1,1604,1305,299,6130,285,144,0,0,239,5503821,3421992,2056286,570061,125420,115663,139903,0,50235,1055004,51756172,20681375,1034447,30040350,39747842,1570492,650599802,156060,0,5870318,20457365,0,4.548387096774194,1.0,2.0,0.5483870967741935,1.0,782.5733140967742,854.090909,487.045455,483.5923754516129,789.4794722580644,1.864777,25.010806064516128,1.0,1.0,1.0,0.983225806451613,none,0:1.0500|1:0.9300|2:1.0300|3:0.9400|4:0.9500|5:1.1000|6:0.8200|,Ufuk Yıldırım:6:30226|Nazlı Koç:4:76697|Tuncay Yılmaz:1:20772|Mehmet Korkmaz:1:20905|Songül Duman:1:20772|Seda Kocabaş:1:18109|Sinan Şahin:2:38349|Pınar Demir:1:19441|Sevgi Kara:1:19174|Derya Korkmaz:1:21305|Sinan Doğan:1:18243|Seda Uçar:1:18642|Esra Bulut:1:19307|Hasan Yıldırım:2:37151|Emre Öztürk:3:55126|Osman Kaya:1:20239|Arzu Duman:1:18243|Özlem Güneş:1:19174|Nazlı Karaca:2:36085|Songül Çelik:1:19707|Tolga Kurt:2:37151|Onur Arslan:3:55925|Merve Taş:1:19174,3500936,72,264600,2493,31,37.36106243280804,37.76360039031803,none,790404
Atak,23,2551,2018,2,1623,1316,307,6476,245,118,0,0,260,5657568,3454380,2179952,654668,144592,105394,127484,0,10765,1137049,47756584,14578441,7381,33170762,33170762,1845014,667526120,156060,0,5896778,18477620,0,5.0,1.0,2.0,1.0,1.0,793.6444803214287,861.363636,480.227273,482.06331175,793.8149350357143,1.8813790000000001,25.986126214285715,1.0,1.0,1.0,1.0,2,0:1.0500|1:0.9300|2:1.0300|3:0.9400|4:0.9500|5:1.1000|6:0.8200|,Ufuk Yıldırım:6:30226|Nazlı Koç:4:76697|Tuncay Yılmaz:1:20772|Mehmet Korkmaz:1:20905|Songül Duman:1:20772|Seda Kocabaş:1:18109|Sinan Şahin:2:38349|Pınar Demir:1:19441|Sevgi Kara:1:19174|Derya Korkmaz:1:21305|Sinan Doğan:1:18243|Seda Uçar:1:18642|Esra Bulut:1:19307|Hasan Yıldırım:2:37151|Emre Öztürk:3:55126|Osman Kaya:1:20239|Arzu Duman:1:18243|Özlem Güneş:1:19174|Nazlı Karaca:2:36085|Songül Çelik:1:19707|Tolga Kurt:2:37151|Onur Arslan:3:55925|Merve Taş:1:19174,3408274,74,264600,2524,28,38.53160934168179,39.490882264372786,none|2,872449
Atak,23,2582,2018,3,1263,1026,237,5310,221,32,0,0,207,4493105,2728489,1740048,724811,160084,117617,129332,0,18086,590118,48826104,13803667,1045993,33976444,33976444,1080930,686777977,156060,0,5923238,20975063,0,5.0,1.0,2.0,1.0,1.0,802.5293253870967,867.954545,486.409091,484.6950145483871,803.6950149354839,1.896501,25.556924967741935,1.0,1.0,1.0,1.0,2,0:1.0500|1:0.9300|2:1.0300|3:0.9400|4:0.9500|5:1.1000|6:0.8200|,Ufuk Yıldırım:6:30226|Nazlı Koç:4:76697|Tuncay Yılmaz:1:20772|Mehmet Korkmaz:1:20905|Songül Duman:1:20772|Seda Kocabaş:1:18109|Sinan Şahin:2:38349|Pınar Demir:1:19441|Sevgi Kara:1:19174|Derya Korkmaz:1:21305|Sinan Doğan:1:18243|Seda Uçar:1:18642|Esra Bulut:1:19307|Hasan Yıldırım:2:37151|Emre Öztürk:3:55126|Osman Kaya:1:20239|Arzu Duman:1:18243|Özlem Güneş:1:19174|Nazlı Karaca:2:36085|Songül Çelik:1:19707|Tolga Kurt:2:37151|Onur Arslan:3:55925|Merve Taş:1:19174|Murat Kara:1:19174,2831232,74,264600,2552,31,38.727071813367374,39.39049009014311,2,325518
Atak,23,2612,2018,4,1149,933,216,4574,201,22,0,0,184,3995238,2465827,1506404,701430,154920,114843,126270,0,17239,391702,28024996,-7832534,1031581,34825949,34825949,1085484,636550636,156060,0,5949698,21277455,0,5.0,1.0,2.0,1.0,1.0,801.3484847333333,875.6818179999999,493.045455,490.2393939666666,809.6651514333333,1.9133850000000001,26.785355466666665,1.0,1.0,1.0,1.0,2,0:1.0500|1:0.9300|2:1.0300|3:0.9400|4:0.9500|5:1.1000|6:0.8200|,Ufuk Yıldırım:6:30226|Nazlı Koç:4:76697|Tuncay Yılmaz:1:20772|Mehmet Korkmaz:1:20905|Songül Duman:1:20772|Seda Kocabaş:1:18109|Sinan Şahin:2:38349|Pınar Demir:1:19441|Sevgi Kara:1:19174|Derya Korkmaz:1:21305|Sinan Doğan:1:18243|Seda Uçar:1:18642|Esra Bulut:1:19307|Hasan Yıldırım:2:37151|Emre Öztürk:3:55126|Osman Kaya:1:20239|Arzu Duman:1:18243|Özlem Güneş:1:19174|Nazlı Karaca:2:36085|Songül Çelik:1:19707|Tolga Kurt:2:37151|Onur Arslan:3:55925|Merve Taş:1:19174|Murat Kara:1:19174|Cengiz Duman:1:19307|Onur Güneş:2:41012,2462160,77,264600,2583,30,37.70498778796157,38.4730283524437,2,127102
Atak,23,2643,2018,5,1315,1069,246,5662,175,49,0,0,216,4698525,2888297,1785810,724811,160084,119694,131626,0,16756,632839,69858372,38361671,1016910,30479791,30479791,1333632,645577141,156060,0,5976158,22921648,0,5.0,1.0,2.0,1.0,1.0,807.4999998387098,883.409091,491.954545,491.40175919354834,813.829912,1.929868,27.431261999999997,1.0,1.0,1.0,1.0,2,0:1.0500|1:0.9300|2:1.0300|3:0.9400|4:0.9500|5:1.1000|6:0.8200|,Ufuk Yıldırım:6:30226|Nazlı Koç:4:76697|Tuncay Yılmaz:1:20772|Mehmet Korkmaz:1:20905|Songül Duman:1:20772|Seda Kocabaş:1:18109|Sinan Şahin:2:38349|Pınar Demir:1:19441|Sevgi Kara:1:19174|Derya Korkmaz:1:21305|Sinan Doğan:1:18243|Seda Uçar:1:18642|Esra Bulut:1:19307|Hasan Yıldırım:2:37151|Emre Öztürk:3:55126|Osman Kaya:1:20239|Arzu Duman:1:18243|Özlem Güneş:1:19174|Nazlı Karaca:2:36085|Songül Çelik:1:19707|Tolga Kurt:2:37151|Onur Arslan:3:55925|Merve Taş:1:19174|Murat Kara:1:19174|Cengiz Duman:1:19307|Onur Güneş:2:41012,2948930,77,264600,2613,31,38.00788545341357,39.07683652033894,2,368239
Atak,23,2673,2018,6,1344,1106,238,5701,187,36,0,0,198,4602131,2830936,1740793,701430,154920,116854,147780,0,18085,601724,72351977,36875704,1001979,34474294,34474294,1109612,675313824,165814,0,6004272,22227953,0,5.0,1.0,2.0,1.0,1.0,822.4166667333334,890.909091,511.227273,505.4818181666667,825.1303033,1.94705,25.723769766666667,1.0,1.0,1.0,1.0,2,0:1.0500|1:0.9300|2:1.0300|3:0.9400|4:0.9500|5:1.1000|6:0.8200|,Ufuk Yıldırım:6:30226|Nazlı Koç:4:76697|Tuncay Yılmaz:1:20772|Mehmet Korkmaz:1:20905|Songül Duman:1:20772|Seda Kocabaş:1:18109|Sinan Şahin:2:38349|Pınar Demir:1:19441|Sevgi Kara:1:19174|Derya Korkmaz:1:21305|Sinan Doğan:1:18243|Seda Uçar:1:18642|Esra Bulut:1:19307|Hasan Yıldırım:2:37151|Emre Öztürk:3:55126|Osman Kaya:1:20239|Arzu Duman:1:18243|Özlem Güneş:1:19174|Nazlı Karaca:2:36085|Songül Çelik:1:19707|Tolga Kurt:2:37151|Onur Arslan:3:55925|Merve Taş:1:19174|Murat Kara:1:19174|Cengiz Duman:1:19307|Onur Güneş:2:41012,2798094,76,281137,2644,30,37.825802872625744,37.8384104214945,2,320587
Atak,23,2704,2018,7,1387,1151,236,5842,172,49,0,0,204,4724846,2924441,1780565,751811,166346,121803,154008,0,16051,570546,-2674569,-41022587,986782,37361236,37361236,1331232,724577834,165814,0,6032386,24338751,0,5.0,1.0,2.0,1.0,1.0,826.3856304193548,898.409091,509.954545,509.4677418709677,831.0073314838709,1.963822,25.34478564516129,1.0,1.0,1.0,1.0,2,0:1.0500|1:0.9300|2:1.0300|3:0.9400|4:0.9500|5:1.1000|6:0.8200|,Ufuk Yıldırım:6:32095|Nazlı Koç:4:81439|Tuncay Yılmaz:1:22056|Mehmet Korkmaz:1:22198|Songül Duman:1:22056|Seda Kocabaş:1:19229|Sinan Şahin:2:40719|Pınar Demir:1:20642|Sevgi Kara:1:20359|Derya Korkmaz:1:22622|Sinan Doğan:1:19370|Seda Uçar:1:19794|Esra Bulut:1:20502|Hasan Yıldırım:2:39447|Emre Öztürk:3:58534|Osman Kaya:1:21490|Arzu Duman:1:19370|Özlem Güneş:1:20359|Nazlı Karaca:2:38316|Songül Çelik:1:20925|Tolga Kurt:2:39447|Onur Arslan:3:59382|Merve Taş:1:20359|Murat Kara:1:20359|Cengiz Duman:1:20502|Onur Güneş:2:43548,2903898,75,281137,2674,31,37.6851436004475,38.29097140263436,2,289409
Atak,23,2735,2018,8,1341,1112,229,5639,169,38,0,0,201,4567884,2805865,1748932,752711,166346,122888,155403,0,17949,533635,81353992,47763469,3865,33586658,33586658,1308134,711656170,165814,0,6060500,24338751,0,5.0,1.0,2.0,1.0,1.0,830.5938413225807,907.045455,507.363636,508.3240470322581,837.3328446774193,1.9813059999999998,25.33138441935484,1.0,1.0,1.0,1.0,2,0:1.0500|1:0.9300|2:1.0300|3:0.9400|4:0.9500|5:1.1000|6:0.8200|,Ufuk Yıldırım:6:32095|Nazlı Koç:4:81439|Tuncay Yılmaz:1:22056|Mehmet Korkmaz:1:22198|Songül Duman:1:22056|Seda Kocabaş:1:19229|Sinan Şahin:2:40719|Pınar Demir:1:20642|Sevgi Kara:1:20359|Derya Korkmaz:1:22622|Sinan Doğan:1:19370|Seda Uçar:1:19794|Esra Bulut:1:20502|Hasan Yıldırım:2:39447|Emre Öztürk:3:58534|Osman Kaya:1:21490|Arzu Duman:1:19370|Özlem Güneş:1:20359|Nazlı Karaca:2:38316|Songül Çelik:1:20925|Tolga Kurt:2:39447|Onur Arslan:3:59382|Merve Taş:1:20359|Murat Kara:1:20359|Cengiz Duman:1:20502|Onur Güneş:2:43548,2783290,76,281137,2705,31,38.287574728254924,38.91555526199076,2,252498
Atak,23,2765,2018,9,1366,1101,265,5325,300,30,0,0,210,4835560,2988168,1819418,728430,160980,119974,131940,0,13682,664412,86562751,41265634,990044,44307073,35315014,1438226,657054131,165814,0,6088614,23553630,0,5.0,1.0,2.0,1.0,1.0,846.6060607666666,915.454545,521.272727,517.0848484666666,845.3227273666666,1.998945,24.8858557,1.0,1.0,1.0,1.0,2,0:1.0500|1:0.9300|2:1.0300|3:0.9400|4:0.9500|5:1.1000|6:0.8200|,Ufuk Yıldırım:6:32095|Nazlı Koç:4:81439|Tuncay Yılmaz:1:22056|Mehmet Korkmaz:1:22198|Songül Duman:1:22056|Seda Kocabaş:1:19229|Sinan Şahin:2:40719|Pınar Demir:1:20642|Sevgi Kara:1:20359|Derya Korkmaz:1:22622|Sinan Doğan:1:19370|Seda Uçar:1:19794|Esra Bulut:1:20502|Hasan Yıldırım:2:39447|Emre Öztürk:3:58534|Osman Kaya:1:21490|Arzu Duman:1:19370|Özlem Güneş:1:20359|Nazlı Karaca:2:38316|Songül Çelik:1:20925|Tolga Kurt:2:39447|Onur Arslan:3:59382|Merve Taş:1:20359|Murat Kara:1:20359|Cengiz Duman:1:20502|Onur Güneş:2:43548,3030132,76,281137,2736,30,37.62579721893638,38.42794764214803,2,383275
Atak,23,2796,2018,10,1383,1102,281,5602,236,63,0,0,221,5071565,3148005,1900150,752711,166346,125028,137516,0,14243,704306,66032787,29441818,976272,35614697,44606756,1351430,702467423,165814,0,6116728,24338751,0,5.0,1.0,2.0,1.0,1.0,845.4838713225806,922.954545,519.363636,519.225806548387,850.8929618709677,2.016165,25.492446451612903,1.0,1.0,1.0,1.0,2,0:1.0500|1:0.9300|2:1.0300|3:0.9400|4:0.9500|5:1.1000|6:0.8200|,Ufuk Yıldırım:6:32095|Nazlı Koç:4:81439|Tuncay Yılmaz:1:22056|Mehmet Korkmaz:1:22198|Songül Duman:1:22056|Seda Kocabaş:1:19229|Sinan Şahin:2:40719|Pınar Demir:1:20642|Sevgi Kara:1:20359|Derya Korkmaz:1:22622|Sinan Doğan:1:19370|Seda Uçar:1:19794|Esra Bulut:1:20502|Hasan Yıldırım:2:39447|Emre Öztürk:3:58534|Osman Kaya:1:21490|Arzu Duman:1:19370|Özlem Güneş:1:20359|Nazlı Karaca:2:38316|Songül Çelik:1:20925|Tolga Kurt:2:39447|Onur Arslan:3:59382|Merve Taş:1:20359|Murat Kara:1:20359|Cengiz Duman:1:20502|Onur Güneş:2:43548,3177276,76,281137,2766,31,37.46673857083563,38.57202323829483,2,423169
Atak,23,2826,2018,11,1286,1043,243,5434,158,57,0,0,213,4519599,2777597,1715515,728430,160980,122075,134250,0,13419,556361,32828889,-427030,962255,32293664,32293664,1226406,693711066,165814,0,6144842,23553630,0,5.0,1.0,2.0,1.0,1.0,846.3863637666667,931.8181820000001,521.0,519.8590907333333,857.3560605333333,2.034115,27.7607945,1.0,1.0,1.0,1.0,2,0:1.0500|1:0.9300|2:1.0300|3:0.9400|4:0.9500|5:1.1000|6:0.8200|,Ufuk Yıldırım:6:32095|Nazlı Koç:4:81439|Tuncay Yılmaz:1:22056|Mehmet Korkmaz:1:22198|Songül Duman:1:22056|Seda Kocabaş:1:19229|Sinan Şahin:2:40719|Pınar Demir:1:20642|Sevgi Kara:1:20359|Derya Korkmaz:1:22622|Sinan Doğan:1:19370|Seda Uçar:1:19794|Esra Bulut:1:20502|Hasan Yıldırım:2:39447|Emre Öztürk:3:58534|Osman Kaya:1:21490|Arzu Duman:1:19370|Özlem Güneş:1:20359|Nazlı Karaca:2:38316|Songül Çelik:1:20925|Tolga Kurt:2:39447|Onur Arslan:3:59382|Merve Taş:1:20359|Murat Kara:1:20359|Cengiz Duman:1:20502|Onur Güneş:2:43548,2815548,78,281137,2797,30,37.957239126745534,38.44418786694557,2,275224
Atak,23,2857,2018,12,1108,881,227,4516,190,40,0,0,189,4335754,2641510,1669622,752711,166346,127230,153915,0,14511,454909,33462624,-2777163,947988,35291799,35291799,1119816,696670819,180444,0,6175436,24408712,0,5.0,1.0,2.0,1.0,1.0,868.4677421290322,939.318182,533.409091,528.8460410967742,869.2478003548388,2.051637,25.328300903225806,1.0,1.0,1.0,1.0,2,0:1.0500|1:0.9300|2:1.0300|3:0.9400|4:0.9500|5:1.1000|6:0.8200|,Ufuk Yıldırım:6:32095|Nazlı Koç:4:81439|Tuncay Yılmaz:1:22056|Mehmet Korkmaz:1:22198|Songül Duman:1:22056|Seda Kocabaş:1:19229|Sinan Şahin:2:40719|Pınar Demir:1:20642|Sevgi Kara:1:20359|Derya Korkmaz:1:22622|Sinan Doğan:1:19370|Seda Uçar:1:19794|Esra Bulut:1:20502|Hasan Yıldırım:2:39447|Emre Öztürk:3:58534|Osman Kaya:1:21490|Arzu Duman:1:19370|Özlem Güneş:1:20359|Nazlı Karaca:2:38316|Songül Çelik:1:20925|Tolga Kurt:2:39447|Onur Arslan:3:59382|Merve Taş:1:20359|Murat Kara:1:20359|Cengiz Duman:1:20502|Onur Güneş:2:43548,2617200,78,305944,2827,31,38.50822717340513,38.58043711648314,2,148965
Atak,23,2888,2019,1,1196,957,239,4786,223,43,0,0,203,4837499,2982532,1831142,793211,175770,128395,155279,0,15790,562697,32052804,627560,933467,30491777,30491777,1384380,702410686,180444,0,6206030,26507542,0,5.0,1.0,2.0,1.0,1.0,869.1495601935484,947.272727,532.409091,531.4134896129033,873.9017595483871,2.069903,23.803190677419355,1.0,1.0,1.0,1.0,2,0:1.0500|1:0.9300|2:1.0300|3:0.9400|4:0.9500|5:1.1000|6:0.8200|,Ufuk Yıldırım:6:34955|Nazlı Koç:4:88696|Tuncay Yılmaz:1:24022|Mehmet Korkmaz:1:24175|Songül Duman:1:24022|Seda Kocabaş:1:20943|Sinan Şahin:2:44347|Pınar Demir:1:22482|Sevgi Kara:1:22174|Derya Korkmaz:1:24637|Sinan Doğan:1:21096|Seda Uçar:1:21558|Esra Bulut:1:22328|Hasan Yıldırım:2:42962|Emre Öztürk:3:63750|Osman Kaya:1:23406|Arzu Duman:1:21096|Özlem Güneş:1:22174|Nazlı Karaca:2:41730|Songül Çelik:1:22790|Tolga Kurt:2:42962|Onur Arslan:3:64674|Merve Taş:1:22174|Murat Kara:1:22174|Cengiz Duman:1:22328|Onur Güneş:2:47427,3040044,78,305944,2858,31,37.853072424407735,38.743673657104615,2,256753
Atak,23,2916,2019,2,1077,860,217,4092,225,35,0,0,159,4444163,2759429,1668915,717668,158760,117511,142128,0,14024,518824,23553984,-6538845,0,30092829,30092829,1318512,697518891,180444,0,6236624,23942296,0,5.0,1.0,2.0,1.0,1.0,887.1834411785715,959.7727270000001,549.136364,543.8360389642856,889.7159089642857,2.097689,22.5904245,1.0,1.0,1.0,1.0,2,0:1.0500|1:0.9300|2:1.0300|3:0.9400|4:0.9500|5:1.1000|6:0.8200|,Ufuk Yıldırım:6:34955|Nazlı Koç:4:88696|Tuncay Yılmaz:1:24022|Mehmet Korkmaz:1:24175|Songül Duman:1:24022|Seda Kocabaş:1:20943|Sinan Şahin:2:44347|Pınar Demir:1:22482|Sevgi Kara:1:22174|Derya Korkmaz:1:24637|Sinan Doğan:1:21096|Seda Uçar:1:21558|Esra Bulut:1:22328|Hasan Yıldırım:2:42962|Emre Öztürk:3:63750|Osman Kaya:1:23406|Arzu Duman:1:21096|Özlem Güneş:1:22174|Nazlı Karaca:2:41730|Songül Çelik:1:22790|Tolga Kurt:2:42962|Onur Arslan:3:64674|Merve Taş:1:22174|Murat Kara:1:22174|Cengiz Duman:1:22328|Onur Güneş:2:47427,2862036,78,305944,2889,28,37.55296554154292,38.103402463136106,2,212880
Atak,23,2947,2019,3,1117,893,224,4352,160,33,0,0,180,4145276,2604918,1522877,794561,175770,131683,144801,0,11466,264596,8796372,-27766376,1154981,35407767,28331370,1122864,667386662,180444,0,6267218,26507542,0,5.0,1.0,2.0,1.0,1.0,890.5718471935484,971.818182,556.409091,552.7111436129031,898.3958942580646,2.1231059999999995,23.619612193548388,1.0,1.0,1.0,1.0,2,0:1.0500|1:0.9300|2:1.0300|3:0.9400|4:0.9500|5:1.1000|6:0.8200|,Ufuk Yıldırım:6:34955|Nazlı Koç:4:88696|Tuncay Yılmaz:1:24022|Mehmet Korkmaz:1:24175|Songül Duman:1:24022|Seda Kocabaş:1:20943|Sinan Şahin:2:44347|Pınar Demir:1:22482|Sevgi Kara:1:22174|Derya Korkmaz:1:24637|Sinan Doğan:1:21096|Seda Uçar:1:21558|Esra Bulut:1:22328|Hasan Yıldırım:2:42962|Emre Öztürk:3:63750|Osman Kaya:1:23406|Arzu Duman:1:21096|Özlem Güneş:1:22174|Nazlı Karaca:2:41730|Songül Çelik:1:22790|Tolga Kurt:2:42962|Onur Arslan:3:64674|Merve Taş:1:22174|Murat Kara:1:22174|Cengiz Duman:1:22328|Onur Güneş:2:47427,2506572,77,305944,2917,31,36.73765027949888,37.52226810746294,2,-41348
Atak,23,2977,2019,4,921,728,193,3576,214,9,0,0,152,3536109,2134438,1378417,768930,170100,129146,142020,0,16167,152054,11176318,-18474161,1151834,28498645,35575042,1258758,633708714,180444,0,6297812,25652460,0,5.0,1.0,2.0,1.0,1.0,917.0378784333334,984.3181820000001,543.227273,548.0484848333333,911.1757574333334,2.151607,21.4712778,1.0,1.0,1.0,1.0,2,0:1.0500|1:0.9300|2:1.0300|3:0.9400|4:0.9500|5:1.1000|6:0.8200|,Ufuk Yıldırım:6:34955|Nazlı Koç:4:88696|Tuncay Yılmaz:1:24022|Mehmet Korkmaz:1:24175|Songül Duman:1:24022|Seda Kocabaş:1:20943|Sinan Şahin:2:44347|Pınar Demir:1:22482|Sevgi Kara:1:22174|Derya Korkmaz:1:24637|Sinan Doğan:1:21096|Seda Uçar:1:21558|Esra Bulut:1:22328|Hasan Yıldırım:2:42962|Emre Öztürk:3:63750|Osman Kaya:1:23406|Arzu Duman:1:21096|Özlem Güneş:1:22174|Nazlı Karaca:2:41730|Songül Çelik:1:22790|Tolga Kurt:2:42962|Onur Arslan:3:64674|Merve Taş:1:22174|Murat Kara:1:22174|Cengiz Duman:1:22328|Onur Güneş:2:47427,2120198,77,305944,2948,30,38.98117959599096,40.76283152795728,2,-153890
Atak,23,3008,2019,5,1349,1075,274,5407,247,35,0,0,216,4999447,3022101,1950358,794561,175770,135188,148645,0,14063,682131,93295745,61037432,1136976,31121337,31121337,1323144,653931835,180444,0,6328406,26507542,0,5.0,1.0,2.0,1.0,1.0,915.095307967742,997.727273,553.181818,550.434017483871,921.6319647096775,2.179552,23.24606035483871,1.0,1.0,1.0,1.0,2,0:1.0500|1:0.9300|2:1.0300|3:0.9400|4:0.9500|5:1.1000|6:0.8200|,Ufuk Yıldırım:6:34955|Nazlı Koç:4:88696|Tuncay Yılmaz:1:24022|Mehmet Korkmaz:1:24175|Songül Duman:1:24022|Seda Kocabaş:1:20943|Sinan Şahin:2:44347|Pınar Demir:1:22482|Sevgi Kara:1:22174|Derya Korkmaz:1:24637|Sinan Doğan:1:21096|Seda Uçar:1:21558|Esra Bulut:1:22328|Hasan Yıldırım:2:42962|Emre Öztürk:3:63750|Osman Kaya:1:23406|Arzu Duman:1:21096|Özlem Güneş:1:22174|Nazlı Karaca:2:41730|Songül Çelik:1:22790|Tolga Kurt:2:42962|Onur Arslan:3:64674|Merve Taş:1:22174|Murat Kara:1:22174|Cengiz Duman:1:22328|Onur Güneş:2:47427,3003660,77,305944,2978,31,39.011474669098405,39.549267362269084,2,376187
Atak,23,3038,2019,6,1377,1117,260,5557,283,46,0,0,203,4890870,2954164,1908744,768930,170100,132597,167640,0,14104,655373,93176252,46473479,1121792,45580981,36071192,1265486,692202936,196700,0,6361756,25729748,0,5.0,1.0,2.0,1.0,1.0,937.5984851999999,1010.6818179999999,570.772727,565.4772727,935.3409091666667,2.20881,22.1814582,1.0,1.0,1.0,1.0,none,0:1.0500|1:0.9300|2:1.0300|3:0.9400|4:0.9500|5:1.1000|6:0.8200|,Ufuk Yıldırım:6:34955|Nazlı Koç:4:88696|Tuncay Yılmaz:1:24022|Mehmet Korkmaz:1:24175|Songül Duman:1:24022|Seda Kocabaş:1:20943|Sinan Şahin:2:44347|Pınar Demir:1:22482|Sevgi Kara:1:22174|Derya Korkmaz:1:24637|Sinan Doğan:1:21096|Seda Uçar:1:21558|Esra Bulut:1:22328|Hasan Yıldırım:2:42962|Emre Öztürk:3:63750|Osman Kaya:1:23406|Arzu Duman:1:21096|Özlem Güneş:1:22174|Nazlı Karaca:2:41730|Songül Çelik:1:22790|Tolga Kurt:2:42962|Onur Arslan:3:64674|Merve Taş:1:22174|Murat Kara:1:22174|Cengiz Duman:1:22328|Onur Güneş:2:47427,3011512,77,333506,3009,30,39.02667623551638,39.12397086709798,2|none,321867
Atak,23,3069,2019,7,1451,1155,296,5846,192,27,0,0,265,5051571,3056811,1975025,839561,186217,138785,175491,0,14693,620278,64646280,26058234,1106274,37481772,46991561,1313182,718791009,196700,0,6395106,28903470,0,5.0,1.0,2.0,1.0,1.0,940.6964811290322,1024.318182,571.818182,570.2991203548387,944.3372435806451,2.237498,22.28406870967742,1.0,1.0,1.0,1.0,none,0:1.0500|1:0.9300|2:1.0300|3:0.9400|4:0.9500|5:1.1000|6:0.8200|,Ufuk Yıldırım:6:38115|Nazlı Koç:4:96713|Tuncay Yılmaz:1:26193|Mehmet Korkmaz:1:26361|Songül Duman:1:26193|Seda Kocabaş:1:22835|Sinan Şahin:2:48357|Pınar Demir:1:24513|Sevgi Kara:1:24178|Derya Korkmaz:1:26864|Sinan Doğan:1:23003|Seda Uçar:1:23507|Esra Bulut:1:24346|Hasan Yıldırım:2:46845|Emre Öztürk:3:69513|Osman Kaya:1:25522|Arzu Duman:1:23003|Özlem Güneş:1:24178|Nazlı Karaca:2:45501|Songül Çelik:1:24850|Tolga Kurt:2:46845|Onur Arslan:3:70520|Merve Taş:1:24178|Murat Kara:1:24178|Cengiz Duman:1:24346|Onur Güneş:2:51715,3142180,77,333506,3039,31,39.09724321404173,39.213317635280326,none,286772
Atak,23,3100,2019,8,1505,1150,355,5687,435,44,0,3,245,5391170,3273735,2073130,841061,186217,140646,177847,0,17856,709503,80292597,40562474,7354,39722769,39722769,1450184,754996048,196700,0,6428456,28903470,0,5.0,1.0,2.0,1.0,1.0,961.1510267419354,1037.727273,588.4486805483871,583.1715542580645,961.4677417096775,2.267534,21.597573258064514,0.9709677419354839,0.9709677419354839,1.0,0.9745967741935483,3,0:1.0500|1:0.9300|2:1.0300|3:0.9400|4:0.9500|5:1.1000|6:0.8200|,Ufuk Yıldırım:6:38115|Nazlı Koç:4:96713|Tuncay Yılmaz:1:26193|Mehmet Korkmaz:1:26361|Songül Duman:1:26193|Seda Kocabaş:1:22835|Sinan Şahin:2:48357|Pınar Demir:1:24513|Sevgi Kara:1:24178|Derya Korkmaz:1:26864|Sinan Doğan:1:23003|Seda Uçar:1:23507|Esra Bulut:1:24346|Hasan Yıldırım:2:46845|Emre Öztürk:3:69513|Osman Kaya:1:25522|Arzu Duman:1:23003|Özlem Güneş:1:24178|Nazlı Karaca:2:45501|Songül Çelik:1:24850|Tolga Kurt:2:46845|Onur Arslan:3:70520|Merve Taş:1:24178|Murat Kara:1:24178|Cengiz Duman:1:24346|Onur Güneş:2:51715,3267244,77,333506,3070,31,38.45417599519214,38.776668371974516,none|3,375997
Atak,23,3130,2019,9,1364,1027,337,5161,450,24,0,0,233,5183842,3187827,1964655,813930,180210,137940,151680,0,19169,661726,66131056,18019422,1111219,47000415,47000415,1422330,766007168,196700,0,6461806,27971100,0,5.0,1.0,2.0,1.0,1.0,965.3939389666667,1051.136364,592.863636,590.4606060333333,973.0484846333334,2.297973,22.1997717,0.95,0.95,1.0,0.925,3,0:1.0500|1:0.9300|2:1.0300|3:0.9400|4:0.9500|5:1.1000|6:0.8200|,Ufuk Yıldırım:6:38115|Nazlı Koç:4:96713|Tuncay Yılmaz:1:26193|Mehmet Korkmaz:1:26361|Songül Duman:1:26193|Seda Kocabaş:1:22835|Sinan Şahin:2:48357|Pınar Demir:1:24513|Sevgi Kara:1:24178|Derya Korkmaz:1:26864|Sinan Doğan:1:23003|Seda Uçar:1:23507|Esra Bulut:1:24346|Hasan Yıldırım:2:46845|Emre Öztürk:3:69513|Osman Kaya:1:25522|Arzu Duman:1:23003|Özlem Güneş:1:24178|Nazlı Karaca:2:45501|Songül Çelik:1:24850|Tolga Kurt:2:46845|Onur Arslan:3:70520|Merve Taş:1:24178|Murat Kara:1:24178|Cengiz Duman:1:24346|Onur Güneş:2:51715,3245106,77,333506,3101,30,37.899592618756515,38.58842364034456,3,328220
Atak,23,3161,2019,10,1344,977,367,4700,597,47,0,0,217,5083531,3043210,2005484,841061,186217,144398,158751,0,14459,660598,68646230,28901332,1097181,38647717,38647717,1405728,804289291,196700,0,6495156,28903470,0,5.0,1.0,2.0,1.0,1.0,991.2609972580645,1065.227273,593.409091,591.9794722580644,987.3196479032258,2.327819,20.656702290322578,0.95,0.95,1.0,0.925,3,0:1.0500|1:0.9300|2:1.0300|3:0.9400|4:0.9500|5:1.1000|6:0.8200|,Ufuk Yıldırım:6:38115|Nazlı Koç:4:96713|Tuncay Yılmaz:1:26193|Mehmet Korkmaz:1:26361|Songül Duman:1:26193|Seda Kocabaş:1:22835|Sinan Şahin:2:48357|Pınar Demir:1:24513|Sevgi Kara:1:24178|Derya Korkmaz:1:26864|Sinan Doğan:1:23003|Seda Uçar:1:23507|Esra Bulut:1:24346|Hasan Yıldırım:2:46845|Emre Öztürk:3:69513|Osman Kaya:1:25522|Arzu Duman:1:23003|Özlem Güneş:1:24178|Nazlı Karaca:2:45501|Songül Çelik:1:24850|Tolga Kurt:2:46845|Onur Arslan:3:70520|Merve Taş:1:24178|Murat Kara:1:24178|Cengiz Duman:1:24346|Onur Güneş:2:51715,3158712,77,333506,3131,31,39.450610215615875,40.13593870419255,3,327092
Atak,23,3191,2019,11,1386,1050,336,5126,512,54,0,0,218,5367494,3283519,2054219,813930,180210,141601,155700,0,15684,747094,75489061,36128906,1082836,38277319,38277319,1437930,834602795,196700,0,6528506,27971100,0,5.0,1.0,2.0,1.0,1.0,993.0909094,1079.772727,612.272727,606.0772727,997.8257573666667,2.359067,21.535136933333334,0.95,0.95,1.0,0.925,3,0:1.0500|1:0.9300|2:1.0300|3:0.9400|4:0.9500|5:1.1000|6:0.8200|,Ufuk Yıldırım:6:38115|Nazlı Koç:4:96713|Tuncay Yılmaz:1:26193|Mehmet Korkmaz:1:26361|Songül Duman:1:26193|Seda Kocabaş:1:22835|Sinan Şahin:2:48357|Pınar Demir:1:24513|Sevgi Kara:1:24178|Derya Korkmaz:1:26864|Sinan Doğan:1:23003|Seda Uçar:1:23507|Esra Bulut:1:24346|Hasan Yıldırım:2:46845|Emre Öztürk:3:69513|Osman Kaya:1:25522|Arzu Duman:1:23003|Özlem Güneş:1:24178|Nazlı Karaca:2:45501|Songül Çelik:1:24850|Tolga Kurt:2:46845|Onur Arslan:3:70520|Merve Taş:1:24178|Murat Kara:1:24178|Cengiz Duman:1:24346|Onur Güneş:2:51715,3266292,77,333506,3162,30,38.27147268352792,38.346759475432165,3,413588
Atak,23,3222,2019,12,1368,1008,360,4867,600,46,0,0,204,5347332,3209392,2113846,841061,186217,148214,179273,0,20803,738278,95323172,42282014,1068174,51972984,51972984,1434774,845340910,225961,0,6566817,29045883,0,5.0,1.0,2.0,1.0,1.0,1013.4310849354839,1093.863636,609.1451613225806,609.4765396451613,1011.2082111612904,2.389707,20.870115741935486,0.95,0.95,1.0,0.925,3,0:1.0500|1:0.9300|2:1.0300|3:0.9400|4:0.9500|5:1.1000|6:0.8200|,Ufuk Yıldırım:6:38115|Nazlı Koç:4:96713|Tuncay Yılmaz:1:26193|Mehmet Korkmaz:1:26361|Songül Duman:1:26193|Seda Kocabaş:1:22835|Sinan Şahin:2:48357|Pınar Demir:1:24513|Sevgi Kara:1:24178|Derya Korkmaz:1:26864|Sinan Doğan:1:23003|Seda Uçar:1:23507|Esra Bulut:1:24346|Hasan Yıldırım:2:46845|Emre Öztürk:3:69513|Osman Kaya:1:25522|Arzu Duman:1:23003|Özlem Güneş:1:24178|Nazlı Karaca:2:45501|Songül Çelik:1:24850|Tolga Kurt:2:46845|Onur Arslan:3:70520|Merve Taş:1:24178|Murat Kara:1:24178|Cengiz Duman:1:24346|Onur Güneş:2:51715,3223084,77,383119,3192,31,39.530853891248945,39.89278892492631,3,355159
Atak,23,3253,2020,1,1364,984,380,4821,494,55,0,0,255,5640683,3424536,2179289,751061,166585,150276,181691,0,18972,910704,32651918,-6384802,1053192,37983528,37983528,1392996,860275992,225961,0,6605128,33318273,0,4.354838709677419,1.0,2.0,0.3548387096774194,1.0,1020.0073314516129,1108.409091,613.318182,611.7961877096775,1023.2419355806452,2.421786,21.609551,0.95,0.95,1.0,0.925,3,0:1.0500|1:0.9300|2:1.0300|3:0.9400|4:0.9500|5:1.1000|6:0.8200|,Ufuk Yıldırım:6:43936|Nazlı Koç:4:111485|Tuncay Yılmaz:1:30194|Mehmet Korkmaz:1:30387|Songül Duman:1:30194|Seda Kocabaş:1:26323|Sinan Şahin:2:55742|Pınar Demir:1:28258|Sevgi Kara:1:27871|Derya Korkmaz:1:30968|Sinan Doğan:1:26516|Seda Uçar:1:27097|Esra Bulut:1:28065|Hasan Yıldırım:2:54000|Emre Öztürk:3:80130|Osman Kaya:1:29420|Arzu Duman:1:26516|Özlem Güneş:1:27871|Nazlı Karaca:2:52452|Songül Çelik:1:28645|Tolga Kurt:2:54000|Onur Arslan:3:81291|Merve Taş:1:27871|Murat Kara:1:27871|Cengiz Duman:1:28065|Onur Güneş:2:59613,3501810,78,383119,3223,31,38.63519719154578,39.87119865823292,3,527585
Atak,23,3282,2020,2,1239,857,382,4022,582,79,0,0,232,4907487,2906601,1974571,617149,136039,143831,173913,0,19680,883959,16702428,-19792582,1949,36493061,36493061,1314768,845102804,225961,0,6643439,31168707,0,4.0,1.0,2.0,0.0,1.0,1072.460815137931,1134.318182,646.6363639999998,635.1849530344828,1067.1253918275863,2.477969,19.12153324137931,0.95,0.95,1.0,0.925,3,0:1.0500|1:0.9300|2:1.0300|3:0.9400|4:0.9500|5:1.1000|6:0.8200|,Ufuk Yıldırım:6:43936|Nazlı Koç:4:111485|Tuncay Yılmaz:1:30194|Mehmet Korkmaz:1:30387|Songül Duman:1:30194|Seda Kocabaş:1:26323|Sinan Şahin:2:55742|Pınar Demir:1:28258|Sevgi Kara:1:27871|Derya Korkmaz:1:30968|Sinan Doğan:1:26516|Seda Uçar:1:27097|Esra Bulut:1:28065|Hasan Yıldırım:2:54000|Emre Öztürk:3:80130|Osman Kaya:1:29420|Arzu Duman:1:26516|Özlem Güneş:1:27871|Nazlı Karaca:2:52452|Songül Çelik:1:28645|Tolga Kurt:2:54000|Onur Arslan:3:81291|Merve Taş:1:27871|Murat Kara:1:27871|Cengiz Duman:1:28065|Onur Güneş:2:59613,3025994,78,383119,3254,29,40.23588855151323,39.70536220320228,3,500840
Atak,23,3313,2020,3,1429,1045,384,5093,519,59,0,0,256,5283999,3131408,2127458,659711,145421,157071,172670,0,18112,974473,47328636,12144,1496244,45820248,45820248,1444814,826956516,225961,0,6681750,33318273,0,4.0,1.0,2.0,0.0,1.0,1095.197947516129,1159.772727,653.590909,649.2199413548386,1095.8372433870968,2.531706,20.259344193548387,0.95,0.95,1.0,0.925,3,0:1.0500|1:0.9300|2:1.0300|3:0.9400|4:0.9500|5:1.1000|6:0.8200|,Ufuk Yıldırım:6:43936|Nazlı Koç:4:111485|Tuncay Yılmaz:1:30194|Mehmet Korkmaz:1:30387|Songül Duman:1:30194|Seda Kocabaş:1:26323|Sinan Şahin:2:55742|Pınar Demir:1:28258|Sevgi Kara:1:27871|Derya Korkmaz:1:30968|Sinan Doğan:1:26516|Seda Uçar:1:27097|Esra Bulut:1:28065|Hasan Yıldırım:2:54000|Emre Öztürk:3:80130|Osman Kaya:1:29420|Arzu Duman:1:26516|Özlem Güneş:1:27871|Nazlı Karaca:2:52452|Songül Çelik:1:28645|Tolga Kurt:2:54000|Onur Arslan:3:81291|Merve Taş:1:27871|Murat Kara:1:27871|Cengiz Duman:1:28065|Onur Güneş:2:59613,3159026,78,383119,3283,31,40.262271056447965,40.322120719608584,3,591354
Atak,23,3343,2020,4,1402,1006,396,5039,457,66,0,0,280,5312957,3151709,2140256,638430,140730,155546,170970,0,23753,1010827,63158338,23304597,1481435,38372306,38372306,1667904,838427674,225961,0,6720061,32243490,0,4.0,1.0,2.0,0.0,1.0,1118.5757579333333,1186.1363640000002,671.136364,664.1500000333333,1118.780303,2.590438,21.079816733333335,0.95,0.95,1.0,0.925,3,0:1.0500|1:0.9300|2:1.0300|3:0.9400|4:0.9500|5:1.1000|6:0.8200|,Ufuk Yıldırım:6:43936|Nazlı Koç:4:111485|Tuncay Yılmaz:1:30194|Mehmet Korkmaz:1:30387|Songül Duman:1:30194|Seda Kocabaş:1:26323|Sinan Şahin:2:55742|Pınar Demir:1:28258|Sevgi Kara:1:27871|Derya Korkmaz:1:30968|Sinan Doğan:1:26516|Seda Uçar:1:27097|Esra Bulut:1:28065|Hasan Yıldırım:2:54000|Emre Öztürk:3:80130|Osman Kaya:1:29420|Arzu Duman:1:26516|Özlem Güneş:1:27871|Nazlı Karaca:2:52452|Songül Çelik:1:28645|Tolga Kurt:2:54000|Onur Arslan:3:81291|Merve Taş:1:27871|Murat Kara:1:27871|Cengiz Duman:1:28065|Onur Güneş:2:59613,3198942,78,383119,3314,30,40.28370641810201,40.00081270847643,3,627708
Atak,23,3374,2020,5,1504,1099,405,5475,529,45,0,3,271,5960170,3544242,2379864,659711,145421,164330,180637,0,24878,1204887,85281056,32740952,1467178,51072926,40475421,1470474,855006983,225961,0,6758372,33318273,0,4.0,1.0,2.0,0.0,1.0,1144.4501466129032,1212.5,689.909091,683.4061583225806,1146.4677419677419,2.648573,21.076169258064517,0.95,0.95,1.0,0.925,3,0:1.0500|1:0.9300|2:1.0300|3:0.9400|4:0.9500|5:1.1000|6:0.8200|,Ufuk Yıldırım:6:43936|Nazlı Koç:4:111485|Tuncay Yılmaz:1:30194|Mehmet Korkmaz:1:30387|Songül Duman:1:30194|Seda Kocabaş:1:26323|Sinan Şahin:2:55742|Pınar Demir:1:28258|Sevgi Kara:1:27871|Derya Korkmaz:1:30968|Sinan Doğan:1:26516|Seda Uçar:1:27097|Esra Bulut:1:28065|Hasan Yıldırım:2:54000|Emre Öztürk:3:80130|Osman Kaya:1:29420|Arzu Duman:1:26516|Özlem Güneş:1:27871|Nazlı Karaca:2:52452|Songül Çelik:1:28645|Tolga Kurt:2:54000|Onur Arslan:3:81291|Merve Taş:1:27871|Murat Kara:1:27871|Cengiz Duman:1:28065|Onur Güneş:2:59613,3595922,78,383119,3344,31,39.92946509914986,39.71698172770179,3,821768
Atak,23,3404,2020,6,1445,1035,410,5017,592,31,0,0,279,4873876,2814311,2030112,638430,140730,162722,205680,0,21815,860735,96467241,47335549,1471787,47659905,58257410,1366124,882944215,261725,0,6802747,32409402,0,4.0,1.0,2.0,0.0,1.0,1182.8030304666668,1240.681818,689.8181820000001,688.3681818666666,1173.7681816666666,2.710017,19.781160133333334,0.95,0.95,1.0,0.925,3,0:1.0500|1:0.9300|2:1.0300|3:0.9400|4:0.9500|5:1.1000|6:0.8200|,Ufuk Yıldırım:6:43936|Nazlı Koç:4:111485|Tuncay Yılmaz:1:30194|Mehmet Korkmaz:1:30387|Songül Duman:1:30194|Seda Kocabaş:1:26323|Sinan Şahin:2:55742|Pınar Demir:1:28258|Sevgi Kara:1:27871|Derya Korkmaz:1:30968|Sinan Doğan:1:26516|Seda Uçar:1:27097|Esra Bulut:1:28065|Hasan Yıldırım:2:54000|Emre Öztürk:3:80130|Osman Kaya:1:29420|Arzu Duman:1:26516|Özlem Güneş:1:27871|Nazlı Karaca:2:52452|Songül Çelik:1:28645|Tolga Kurt:2:54000|Onur Arslan:3:81291|Merve Taş:1:27871|Murat Kara:1:27871|Cengiz Duman:1:28065|Onur Güneş:2:59613,2882036,78,443756,3375,30,41.65292674659757,41.67936974866922,3,416979
Atak,23,3435,2020,7,1467,1055,412,5215,556,27,0,0,278,5435658,3224098,2192311,758711,168454,171930,217310,0,24021,851885,54451128,10529916,1455258,42465954,42465954,1612554,889917644,261725,0,6847122,38461545,0,4.0,1.0,2.0,0.0,1.0,1195.300586387097,1268.409091,726.590909,711.9853372580645,1196.9178886129032,2.770836,20.28889529032258,0.95,0.95,1.0,0.925,3,0:1.0500|1:0.9300|2:1.0300|3:0.9400|4:0.9500|5:1.1000|6:0.8200|,Ufuk Yıldırım:6:50719|Nazlı Koç:4:128695|Tuncay Yılmaz:1:34855|Mehmet Korkmaz:1:35078|Songül Duman:1:34855|Seda Kocabaş:1:30386|Sinan Şahin:2:64347|Pınar Demir:1:32621|Sevgi Kara:1:32173|Derya Korkmaz:1:35748|Sinan Doğan:1:30609|Seda Uçar:1:31280|Esra Bulut:1:32398|Hasan Yıldırım:2:62337|Emre Öztürk:3:92499|Osman Kaya:1:33961|Arzu Duman:1:30609|Özlem Güneş:1:32173|Nazlı Karaca:2:60549|Songül Çelik:1:33068|Tolga Kurt:2:62337|Onur Arslan:3:93840|Merve Taş:1:32173|Murat Kara:1:32173|Cengiz Duman:1:32398|Onur Güneş:2:68816,3323418,78,443756,3405,31,40.3320260399017,39.21270371027039,3,408129
Atak,23,3466,2020,8,1433,1065,368,5387,526,56,0,0,244,5251419,3049416,2170137,762011,168454,175902,222363,0,26956,814451,61132138,6212186,16537,54903415,54903415,1521156,891450721,261725,0,6891497,38461545,0,4.0,1.0,2.0,0.0,1.0,1230.8944283225806,1297.272727,724.681818,723.260997032258,1225.0777124516128,2.835116,20.211187612903228,0.95,0.95,1.0,0.925,3,0:1.0500|1:0.9300|2:1.0300|3:0.9400|4:0.9500|5:1.1000|6:0.8200|,Ufuk Yıldırım:6:50719|Nazlı Koç:4:128695|Tuncay Yılmaz:1:34855|Mehmet Korkmaz:1:35078|Songül Duman:1:34855|Seda Kocabaş:1:30386|Sinan Şahin:2:64347|Pınar Demir:1:32621|Sevgi Kara:1:32173|Derya Korkmaz:1:35748|Sinan Doğan:1:30609|Seda Uçar:1:31280|Esra Bulut:1:32398|Hasan Yıldırım:2:62337|Emre Öztürk:3:92499|Osman Kaya:1:33961|Arzu Duman:1:30609|Özlem Güneş:1:32173|Nazlı Karaca:2:60549|Songül Çelik:1:33068|Tolga Kurt:2:62337|Onur Arslan:3:93840|Merve Taş:1:32173|Murat Kara:1:32173|Cengiz Duman:1:32398|Onur Güneş:2:68816,3027510,78,443756,3436,31,41.324773361257215,41.12559116970163,3,370695
Atak,23,3496,2020,9,1415,1031,384,4928,528,53,0,0,255,5875911,3408418,2434272,737430,163020,174190,191460,0,31930,1136242,81954569,32902394,1465202,47586973,47586973,1673106,904638424,261725,0,6935872,37220850,0,4.0,1.0,2.0,0.0,1.0,1258.4545454666666,1328.409091,736.8181820000001,731.7575758,1252.6060606333333,2.900887,20.1094364,0.95,0.95,1.0,0.925,3,0:1.0500|1:0.9300|2:1.0300|3:0.9400|4:0.9500|5:1.1000|6:0.8200|,Ufuk Yıldırım:6:50719|Nazlı Koç:4:128695|Tuncay Yılmaz:1:34855|Mehmet Korkmaz:1:35078|Songül Duman:1:34855|Seda Kocabaş:1:30386|Sinan Şahin:2:64347|Pınar Demir:1:32621|Sevgi Kara:1:32173|Derya Korkmaz:1:35748|Sinan Doğan:1:30609|Seda Uçar:1:31280|Esra Bulut:1:32398|Hasan Yıldırım:2:62337|Emre Öztürk:3:92499|Osman Kaya:1:33961|Arzu Duman:1:30609|Özlem Güneş:1:32173|Nazlı Karaca:2:60549|Songül Çelik:1:33068|Tolga Kurt:2:62337|Onur Arslan:3:93840|Merve Taş:1:32173|Murat Kara:1:32173|Cengiz Duman:1:32398|Onur Güneş:2:68816,3464226,78,443756,3467,30,41.42799303801572,41.45055261199208,3,692486
Atak,23,3527,2020,10,1421,1008,413,4953,563,45,0,0,269,6118005,3632227,2452764,762011,168454,184030,202275,0,32140,1103854,73086189,24797179,1450304,46838706,46838706,1772750,930231265,261725,0,6980247,38461545,0,4.0,1.0,2.0,0.0,1.0,1278.9002936451611,1356.818182,772.409091,759.2170087741936,1278.6847506774195,2.965989,20.308078903225805,0.95,0.95,1.0,0.925,3,0:1.0500|1:0.9300|2:1.0300|3:0.9400|4:0.9500|5:1.1000|6:0.8200|,Ufuk Yıldırım:6:50719|Nazlı Koç:4:128695|Tuncay Yılmaz:1:34855|Mehmet Korkmaz:1:35078|Songül Duman:1:34855|Seda Kocabaş:1:30386|Sinan Şahin:2:64347|Pınar Demir:1:32621|Sevgi Kara:1:32173|Derya Korkmaz:1:35748|Sinan Doğan:1:30609|Seda Uçar:1:31280|Esra Bulut:1:32398|Hasan Yıldırım:2:62337|Emre Öztürk:3:92499|Osman Kaya:1:33961|Arzu Duman:1:30609|Özlem Güneş:1:32173|Nazlı Karaca:2:60549|Songül Çelik:1:33068|Tolga Kurt:2:62337|Onur Arslan:3:93840|Merve Taş:1:32173|Murat Kara:1:32173|Cengiz Duman:1:32398|Onur Güneş:2:68816,3698822,78,443756,3497,31,40.09091198846683,39.603650508324165,3,660098
Atak,23,3557,2020,11,1314,917,397,4300,652,38,0,0,246,5466100,3204411,2221023,737430,163020,182236,200310,0,38743,899284,94560495,30420977,1434944,62704574,62704574,1543582,956623071,261725,0,7024622,37220850,0,4.0,1.0,2.0,0.0,1.0,1313.9545454666666,1389.545455,775.409091,772.1969697000001,1305.8681819,3.034797,19.754932866666664,0.95,0.95,1.0,0.925,3,0:1.0500|1:0.9300|2:1.0300|3:0.9400|4:0.9500|5:1.1000|6:0.8200|,Ufuk Yıldırım:6:50719|Nazlı Koç:4:128695|Tuncay Yılmaz:1:34855|Mehmet Korkmaz:1:35078|Songül Duman:1:34855|Seda Kocabaş:1:30386|Sinan Şahin:2:64347|Pınar Demir:1:32621|Sevgi Kara:1:32173|Derya Korkmaz:1:35748|Sinan Doğan:1:30609|Seda Uçar:1:31280|Esra Bulut:1:32398|Hasan Yıldırım:2:62337|Emre Öztürk:3:92499|Osman Kaya:1:33961|Arzu Duman:1:30609|Özlem Güneş:1:32173|Nazlı Karaca:2:60549|Songül Çelik:1:33068|Tolga Kurt:2:62337|Onur Arslan:3:93840|Merve Taş:1:32173|Murat Kara:1:32173|Cengiz Duman:1:32398|Onur Güneş:2:68816,3262578,78,443756,3528,30,40.632681436490365,40.986612232875665,3,455528
Atak,23,3588,2020,12,1429,985,444,4708,621,108,0,0,281,6468902,3889149,2548274,762011,168454,192530,232779,0,29686,1162814,115471774,61431811,1419107,52620856,52620856,1539030,985316040,297489,0,7075061,38633676,0,4.0,1.0,2.0,0.0,1.0,1335.703812,1420.681818,815.5,802.9384162903226,1334.3709678387097,3.102904,20.287789290322582,0.95,0.95,1.0,0.925,3,0:1.0500|1:0.9300|2:1.0300|3:0.9400|4:0.9500|5:1.1000|6:0.8200|,Ufuk Yıldırım:6:50719|Nazlı Koç:4:128695|Tuncay Yılmaz:1:34855|Mehmet Korkmaz:1:35078|Songül Duman:1:34855|Seda Kocabaş:1:30386|Sinan Şahin:2:64347|Pınar Demir:1:32621|Sevgi Kara:1:32173|Derya Korkmaz:1:35748|Sinan Doğan:1:30609|Seda Uçar:1:31280|Esra Bulut:1:32398|Hasan Yıldırım:2:62337|Emre Öztürk:3:92499|Osman Kaya:1:33961|Arzu Duman:1:30609|Özlem Güneş:1:32173|Nazlı Karaca:2:60549|Songül Çelik:1:33068|Tolga Kurt:2:62337|Onur Arslan:3:93840|Merve Taş:1:32173|Murat Kara:1:32173|Cengiz Duman:1:32398|Onur Güneş:2:68816,3984970,78,504394,3558,31,39.39268209659073,38.94604532280844,3,658420
Atak,23,3619,2021,1,1368,883,485,4184,881,50,0,0,254,5640357,3363830,2247748,861011,191456,196984,238173,0,31727,728397,34368588,-28271899,1402779,61237708,49295175,1428570,997206733,297489,0,7125500,43797606,0,4.0,1.0,2.0,0.0,1.0,1376.2463342258063,1453.409091,828.5,822.029325483871,1362.6583578709678,3.174888,18.800264612903227,0.95,0.95,1.0,0.925,3,0:1.0500|1:0.9300|2:1.0300|3:0.9400|4:0.9500|5:1.1000|6:0.8200|,Ufuk Yıldırım:6:57755|Nazlı Koç:4:146549|Tuncay Yılmaz:1:39690|Mehmet Korkmaz:1:39945|Songül Duman:1:39690|Seda Kocabaş:1:34601|Sinan Şahin:2:73275|Pınar Demir:1:37146|Sevgi Kara:1:36637|Derya Korkmaz:1:40708|Sinan Doğan:1:34856|Seda Uçar:1:35619|Esra Bulut:1:36892|Hasan Yıldırım:2:70985|Emre Öztürk:3:105332|Osman Kaya:1:38673|Arzu Duman:1:34856|Özlem Güneş:1:36637|Nazlı Karaca:2:68949|Songül Çelik:1:37655|Tolga Kurt:2:70985|Onur Arslan:3:106859|Merve Taş:1:36637|Murat Kara:1:36637|Cengiz Duman:1:36892|Onur Güneş:2:78363,3473262,78,504394,3589,31,39.851165449279186,39.80002130461155,3,224003
Atak,23,3647,2021,2,1194,809,385,3800,683,30,0,0,222,5564181,3319552,2221592,780668,172928,181676,219688,0,30792,835840,24548523,-22711252,7190,47252585,47455301,1851198,976293837,297489,0,7175939,39559128,0,4.0,1.0,2.0,0.0,1.0,1414.0097404642856,1484.545455,847.7727270000001,837.9675325714286,1397.4188312499998,3.242156,18.08302732142857,0.95,0.95,1.0,0.925,3,0:1.0500|1:0.9300|2:1.0300|3:0.9400|4:0.9500|5:1.1000|6:0.8200|,Ufuk Yıldırım:6:57755|Nazlı Koç:4:146549|Tuncay Yılmaz:1:39690|Mehmet Korkmaz:1:39945|Songül Duman:1:39690|Seda Kocabaş:1:34601|Sinan Şahin:2:73275|Pınar Demir:1:37146|Sevgi Kara:1:36637|Derya Korkmaz:1:40708|Sinan Doğan:1:34856|Seda Uçar:1:35619|Esra Bulut:1:36892|Hasan Yıldırım:2:70985|Emre Öztürk:3:105332|Osman Kaya:1:38673|Arzu Duman:1:34856|Özlem Güneş:1:36637|Nazlı Karaca:2:68949|Songül Çelik:1:37655|Tolga Kurt:2:70985|Onur Arslan:3:106859|Merve Taş:1:36637|Murat Kara:1:36637|Cengiz Duman:1:36892|Onur Güneş:2:78363,3350722,78,504394,3620,28,39.92666665588341,40.04477460518506,3,331446
Atak,23,3653,2021,3,229,168,61,831,107,3,0,0,40,1105825,652123,444832,167286,37056,39648,43614,0,5784,151444,15881539,15881539,0,0,11739817,1738734,969448904,0,0,7175939,8476956,0,4.0,1.0,2.0,0.0,1.0,1438.636364,1513.181818,854.681818,846.1893936666667,1428.2196968333335,3.304138,18.802710833333332,0.9499999999999998,0.9499999999999998,1.0,0.9250000000000002,3,0:1.0500|1:0.9300|2:1.0300|3:0.9400|4:0.9500|5:1.1000|6:0.8200|,Ufuk Yıldırım:6:57755|Nazlı Koç:4:146549|Tuncay Yılmaz:1:39690|Mehmet Korkmaz:1:39945|Songül Duman:1:39690|Seda Kocabaş:1:34601|Sinan Şahin:2:73275|Pınar Demir:1:37146|Sevgi Kara:1:36637|Derya Korkmaz:1:40708|Sinan Doğan:1:34856|Seda Uçar:1:35619|Esra Bulut:1:36892|Hasan Yıldırım:2:70985|Emre Öztürk:3:105332|Osman Kaya:1:38673|Arzu Duman:1:34856|Özlem Güneş:1:36637|Nazlı Karaca:2:68949|Songül Çelik:1:37655|Tolga Kurt:2:70985|Onur Arslan:3:106859|Merve Taş:1:36637|Murat Kara:1:36637|Cengiz Duman:1:36892|Onur Güneş:2:78363,679060,78,0,3648,6,40.22625641489386,40.59083731043518,3,151444
