tarz,tohum,gun,takvim_yili,ay,musteri,alan,kaybolan,satilan_adet,pahali_istek,bos_raf_istek,rafta_yok_istek,bekleme_kaybi,kart_kaybi,ciro_kurus,mal_maliyeti_kurus,brut_kar_kurus,ucret_kurus,sgk_kurus,kira_kurus,isletme_kurus,fire_kurus,aile_diger_gider_kurus,aile_favok_kurus,sirket_favok_kurus,sirket_net_kurus,faiz_kurus,vergi_kurus,vergi_odeme_kurus,toptanci_vade_kurus,kasa_kurus,patron_net_maas_kurus,patron_net_kar_payi_kurus,servet_kurus,mudur_gunluk_maliyet_kurus,aile_mudur_gunluk_maliyet_kurus,calisan,kasiyer,gorevli,ik,musavir,raf_ortalama_kurus,liste_ortalama_kurus,alis_ortalama_kurus,stok_maliyeti_ortalama_kurus,bot_hedef_ortalama_kurus,liste_duzeyi,yerel_pay,butce_carpani,donem_butce,donem_ithal_carpani,donem_talep_carpani,donem,rakip_fiyatlari,mudurler,siparis_kurus,magaza,patron_sirket_maliyeti_kurus,oyun_yili,ilk_gun,oynanan_gun,brut_marj_yuzde,raf_alis_marj_yuzde,donemler,aile_mudur_patron_sonrasi_favok_kurus
Temkinli,21,366,2012,3,20192,18263,1929,88121,2760,953,0,32,1597,36857415,25533694,11109940,2319952,518396,761950,890631,0,94910,6524101,5438784,4025614,0,1413170,1484258,0,3528350,921726,0,156276,0,0,2.7759562841530054,0.674863387978142,2.0,0.0,0.10109289617486339,463.4215101584699,476.3158222868853,318.84090909836067,319.1013413060109,461.3828862431694,1.040633426229508,29.079650308743172,1.0,1.0,1.0,1.0,none,0:1.0500|1:0.9300|2:1.0300|3:0.9400|4:0.9500|5:1.1000|6:0.8200|,,25985184,1,1562793,1,1,366,30.14302549432726,31.19850889326846,none,4961308
Temkinli,21,731,2013,3,19978,17939,2039,95025,2115,1295,0,49,1694,40308775,28385671,11715062,2639290,557120,818544,956726,0,23127,6720255,9731503,6605009,0,3126494,3126494,0,9143940,994875,0,324951,0,0,3.372602739726027,0.0,2.0,0.3726027397260274,1.0,472.79016191506855,513.0136986821918,328.47683687945204,328.5185554109589,472.3790784273973,1.1210992712328767,33.72446359452054,1.0,1.0,1.0,1.0,none,0:1.0500|1:0.9300|2:1.0300|3:0.9400|4:0.9500|5:1.1000|6:0.8200|,,28614186,6,1686825,2,367,365,29.063304454179022,30.523758034868074,none,5033430
Temkinli,21,1096,2014,3,16910,14939,1971,69932,2174,720,0,0,1691,33876605,21617198,12073141,3845090,828480,878505,1026742,0,0,5494324,15887579,8647939,0,7239640,7239640,0,17052353,1077786,0,507687,13436479,0,4.0,0.0,2.0,1.0,1.0,535.0790784739726,550.8779577835616,341.3738480493151,340.4452055232877,533.5422166849315,1.2031732383561644,25.204920589041095,1.0,1.0,1.0,1.0,none,0:1.0500|1:0.9300|2:1.0300|3:0.9400|4:0.9500|5:1.1000|6:0.8200|,Derya Soylu:4:38859|Derya Soylu:4:40402|Derya Soylu:4:42079,21840270,9,1827393,3,732,365,35.638580076132186,36.201234213286426,none,3666931
Temkinli,21,1461,2015,3,16387,14255,2132,66204,2300,588,0,0,1870,35455855,22373866,12883718,4027590,869660,947218,1107115,0,0,5932135,49770236,32605767,0,17164469,17164469,0,37529221,1175322,0,706959,18131201,0,4.0,0.0,2.0,1.0,1.0,574.7795765808219,593.7247819671232,362.9576587342466,362.1169364904109,574.0535492054794,1.2972740301369863,24.190205723287672,1.0,1.0,1.0,1.0,none,0:1.0500|1:0.9300|2:1.0300|3:0.9400|4:0.9500|5:1.1000|6:0.8200|,Derya Soylu:4:42079|Derya Soylu:4:43853|Osman Kurt:6:16444|Derya Soylu:4:45777|Osman Kurt:6:17167,22600700,14,1992768,4,1097,365,36.33734964225231,36.85272171753831,none,3939367
Temkinli,21,1827,2016,3,16075,13721,2354,64686,2369,596,0,0,2070,37077324,22993882,13882489,4221936,913170,1028970,1202786,0,4391,6511236,197842737,141182677,0,56660060,55022317,0,164394110,1272858,0,922767,23946512,0,4.0,0.0,2.0,1.0,1.0,621.1071783715847,643.3525831393442,386.3555637677595,385.01055634972676,620.7396919808743,1.4053722759562843,22.97393499180328,1.0,1.0,1.0,1.0,none,0:1.0500|1:0.9300|2:1.0300|3:0.9400|4:0.9500|5:1.1000|6:0.8200|,Derya Soylu:4:45777|Osman Kurt:6:17167|Derya Soylu:4:47818|Osman Kurt:6:17932|Derya Soylu:4:50042|Osman Kurt:6:18766,23250860,26,2158143,5,1462,366,37.441992847164485,37.79566921433683,none,4353093
Temkinli,21,2192,2017,3,16009,13502,2507,63306,2057,496,0,0,2295,39703064,24640351,14847920,5003940,1089495,1116944,1305503,0,36127,6295911,390844131,282190762,0,108653369,110291112,0,352806296,1404537,0,1160904,26188608,0,3.989041095890411,0.0,2.0,0.989041095890411,1.0,674.5722290767123,700.1220423863014,419.37322524383563,417.8931507068493,674.2937733534246,1.5297444164383562,22.761053068493148,1.0,1.0,1.0,1.0,none,0:1.0500|1:0.9300|2:1.0300|3:0.9400|4:0.9500|5:1.1000|6:0.8200|,Derya Soylu:4:50042|Osman Kurt:6:18766|Derya Soylu:4:52394|Osman Kurt:6:19648|Derya Soylu:4:55316|Osman Kurt:6:20744,24971854,38,2381400,6,1828,365,37.39741597776937,37.8312347933694,none,3914511
Temkinli,21,2557,2018,3,16058,13297,2761,63939,1994,570,0,3,2533,43025534,26517530,16248553,5671340,1239695,1231749,1439665,0,10312,6655792,1003981356,735251252,0,268730104,268730104,0,846029799,1560597,0,1425501,29134396,0,4.0,0.0,2.0,1.0,1.0,742.5958903671233,771.9694893890411,457.88455787671234,456.06936488767127,739.7689912849315,1.6867796027397262,23.302499709589043,1.0,1.0,1.0,1.0,none,0:1.0500|1:0.9200|2:1.0300|3:0.9300|4:0.9400|5:1.1000|6:0.8200|,Derya Soylu:4:55316|Osman Kurt:6:20744|Derya Soylu:4:58448|Osman Kurt:6:21919|Derya Soylu:4:61708|Osman Kurt:6:23140,26893866,50,2646000,7,2193,365,37.7649072292746,38.34000917371841,none,4009792
Temkinli,21,2922,2019,3,16976,13727,3249,71091,2111,492,0,2,3029,51484769,32306493,18912291,6007340,1315293,1367651,1598486,0,15047,8608474,1754608749,1284977198,0,469631551,469631551,0,1845004602,1745916,0,1721517,32611570,0,4.0,0.0,2.0,1.0,1.0,815.9277708273972,857.1550435643836,509.1236612493151,506.8125778191781,813.6313823178082,1.872964882191781,26.07082137534247,1.0,1.0,1.0,1.0,none,0:1.0500|1:0.9300|2:1.0300|3:0.9400|4:0.9500|5:1.1000|6:0.8200|,Derya Soylu:4:61708|Osman Kurt:6:23140|Derya Soylu:4:65203|Osman Kurt:6:24451|Derya Soylu:4:70058|Osman Kurt:6:26271,32678124,63,2960211,8,2558,365,36.73375906571514,37.601871213056675,none,5648263
Temkinli,21,3288,2020,3,14621,11533,3088,54683,2419,403,0,0,2770,47226386,29541123,17397974,6520036,1430584,1557438,1820505,0,28370,6041041,2272287788,1637619273,0,634668515,634668515,0,2739556001,2014146,346443593,348506606,48837071,0,4.0,0.0,2.0,1.0,1.0,936.2580725901639,973.5506706338798,587.5999750874316,583.5337804508197,933.9586438278689,2.126791852459016,19.80280206557377,0.9972677595628415,0.9972677595628415,1.1211407103825135,0.962290568306011,1,0:1.0500|1:0.9300|2:1.0300|3:0.9400|4:0.9500|5:1.1000|6:0.8200|,Derya Soylu:4:70058|Osman Kurt:6:26271|Derya Soylu:4:75358|Osman Kurt:6:28260|Esin Karaca:1:21123|Esra Yıldırım:1:20695|Tuğba Yıldız:1:18983|Özlem Tunç:2:39820|Derya Soylu:4:81001|Osman Kurt:6:30375|Esin Karaca:1:22704|Esra Yıldırım:1:22245|Tuğba Yıldız:1:20404|Özlem Tunç:2:42801|Osman Turan:1:20864|Onur Demir:1:20557,30027342,78,3414996,9,2923,366,36.83952017840196,37.23952911168685,none|0|1,2626045
Temkinli,21,3653,2021,3,13859,10314,3545,48877,3465,296,0,0,2979,48106883,29950989,17849829,7853090,1730535,1786026,2087541,0,84099,4308538,2242410215,1492668848,0,749741367,749741367,0,3764022578,2316513,301342678,650242047,195590242,0,3.9972602739726026,0.0,2.0,0.9972602739726028,1.0,1075.0460771561643,1119.5062266876712,669.9769614739727,667.012328750685,1072.7377334849316,2.4456721561643837,19.532113315068493,0.910958904109589,0.910958904109589,1.0963356164383562,0.812669194520548,none,0:1.0500|1:0.9300|2:1.0300|3:0.9400|4:0.9500|5:1.1000|6:0.8200|,Derya Soylu:4:81001|Osman Kurt:6:30375|Esin Karaca:1:22704|Esra Yıldırım:1:22245|Tuğba Yıldız:1:20404|Özlem Tunç:2:42801|Osman Turan:1:20864|Onur Demir:1:20557|Ebru Akgül:1:24239|Dilek Sarı:2:41113|Osman Demir:1:20096|Dilek Er:1:21478|Derya Soylu:4:87129|Osman Kurt:6:32673|Esin Karaca:1:24423|Esra Yıldırım:1:23928|Tuğba Yıldız:1:21947|Özlem Tunç:2:46040|Osman Turan:1:22442|Onur Demir:1:22112|Ebru Akgül:1:26073|Dilek Sarı:2:44225|Osman Demir:1:21618|Dilek Er:1:23102|Pınar Kara:1:24257|Gamze Tekin:2:44720|Esin Uçar:1:24588|Gülay Yavuz:2:47196|Dilek Çelik:3:73598|Arzu Yılmaz:1:23102|Songül Yıldırım:1:23763|Esin Aktaş:1:22773|Yasemin Yavuz:1:25247|Derya Soylu:4:92398|Osman Kurt:6:34649|Esin Karaca:1:25899|Esra Yıldırım:1:25375|Tuğba Yıldız:1:23275|Özlem Tunç:2:48824|Osman Turan:1:23799|Onur Demir:1:23450|Ebru Akgül:1:27649|Dilek Sarı:2:46899|Osman Demir:1:22925|Dilek Er:1:24500|Pınar Kara:1:25725|Gamze Tekin:2:47425|Esin Uçar:1:26074|Gülay Yavuz:2:50049|Dilek Çelik:3:78048|Arzu Yılmaz:1:24500|Songül Yıldırım:1:25199|Esin Aktaş:1:24150|Yasemin Yavuz:1:26775|Gamze Taş:1:22749|Ercan Aydın:1:25375|Tuncay Demir:2:51799|Burak Kaplan:3:71224,30371586,114,3927657,10,3289,365,37.10452202858373,37.679232945412636,1|none,380881
Temkinli,21,4018,2022,3,11507,8665,2842,42262,1731,149,0,0,2610,49533451,29888395,19248453,8832990,1951245,2020716,2361751,83956,131741,3950010,2440249299,1517954295,0,922295004,907469911,0,4043839976,2633514,370189277,1020877838,422184459,0,4.0,0.0,2.0,1.0,1.0,1225.1600248958905,1266.5896637890412,743.7405977726028,739.2688666986302,1221.7921543835616,2.767170980821918,18.8683696739726,1.0,1.0,1.0,1.0,2,0:1.0500|1:0.9250|2:1.0300|3:0.9350|4:0.9450|5:1.1000|6:0.8200|,Derya Soylu:4:92398|Osman Kurt:6:34649|Esin Karaca:1:25899|Esra Yıldırım:1:25375|Tuğba Yıldız:1:23275|Özlem Tunç:2:48824|Osman Turan:1:23799|Onur Demir:1:23450|Ebru Akgül:1:27649|Dilek Sarı:2:46899|Osman Demir:1:22925|Dilek Er:1:24500|Pınar Kara:1:25725|Gamze Tekin:2:47425|Esin Uçar:1:26074|Gülay Yavuz:2:50049|Dilek Çelik:3:78048|Arzu Yılmaz:1:24500|Songül Yıldırım:1:25199|Esin Aktaş:1:24150|Yasemin Yavuz:1:26775|Gamze Taş:1:22749|Ercan Aydın:1:25375|Tuncay Demir:2:51799|Burak Kaplan:3:71224|Ebru Çetin:1:27649|Levent Öztürk:1:25899|Esra Koç:1:25550|Emre Kalkan:2:47249|Derya Güneş:1:23624|Hülya Kaplan:2:53899|Derya Soylu:4:98073|Osman Kurt:6:36777|Esin Karaca:1:27490|Esra Yıldırım:1:26933|Tuğba Yıldız:1:24705|Özlem Tunç:2:51822|Osman Turan:1:25261|Onur Demir:1:24890|Ebru Akgül:1:29347|Dilek Sarı:2:49779|Osman Demir:1:24332|Dilek Er:1:26004|Pınar Kara:1:27304|Gamze Tekin:2:50336|Esin Uçar:1:27676|Gülay Yavuz:2:53123|Dilek Çelik:3:82842|Arzu Yılmaz:1:26004|Songül Yıldırım:1:26747|Esin Aktaş:1:25633|Yasemin Yavuz:1:28419|Gamze Taş:1:24147|Ercan Aydın:1:26933|Tuncay Demir:2:54980|Burak Kaplan:3:75598|Ebru Çetin:1:29347|Levent Öztürk:1:27490|Esra Koç:1:27119|Emre Kalkan:2:50151|Derya Güneş:1:25076|Hülya Kaplan:2:57209|Mehmet Kocabaş:1:26562|Derya Soylu:4:107178|Osman Kurt:6:40192|Esin Karaca:1:30042|Esra Yıldırım:1:29433|Tuğba Yıldız:1:26998|Özlem Tunç:2:56634|Osman Turan:1:27607|Onur Demir:1:27200|Ebru Akgül:1:32072|Dilek Sarı:2:54401|Osman Demir:1:26591|Dilek Er:1:28419|Pınar Kara:1:29840|Gamze Tekin:2:55010|Esin Uçar:1:30245|Gülay Yavuz:2:58055|Dilek Çelik:3:90532|Arzu Yılmaz:1:28419|Songül Yıldırım:1:29230|Esin Aktaş:1:28012|Yasemin Yavuz:1:31057|Gamze Taş:1:26389|Ercan Aydın:1:29433|Tuncay Demir:2:60085|Burak Kaplan:3:82616|Ebru Çetin:1:32072|Levent Öztürk:1:30042|Esra Koç:1:29636|Emre Kalkan:2:54806|Derya Güneş:1:27403|Hülya Kaplan:2:62520|Mehmet Kocabaş:1:29028,28014016,145,4465119,11,3654,365,38.85950324761342,39.29441194134594,none|2,-515109
Temkinli,21,4383,2023,3,12122,9071,3051,44331,2494,184,0,0,2704,59495721,35731183,23412608,10049540,2225343,2355118,2752604,55854,232585,5797418,3396317419,2164082376,0,1232235043,1247060136,0,4929203252,3160215,0,1021413653,530923658,0,3.9917808219178084,0.0,2.0,0.9917808219178083,1.0,1429.0927770301369,1475.9140722849313,866.963511789041,858.5438356082191,1421.1094644849316,3.224446906849315,18.30514283287671,0.9778082191780821,0.9778082191780821,1.0,0.9682534246575343,3,0:1.0500|1:0.9300|2:1.0300|3:0.9400|4:0.9500|5:1.1000|6:0.8200|,Derya Soylu:4:107178|Osman Kurt:6:40192|Esin Karaca:1:30042|Esra Yıldırım:1:29433|Tuğba Yıldız:1:26998|Özlem Tunç:2:56634|Osman Turan:1:27607|Onur Demir:1:27200|Ebru Akgül:1:32072|Dilek Sarı:2:54401|Osman Demir:1:26591|Dilek Er:1:28419|Pınar Kara:1:29840|Gamze Tekin:2:55010|Esin Uçar:1:30245|Gülay Yavuz:2:58055|Dilek Çelik:3:90532|Arzu Yılmaz:1:28419|Songül Yıldırım:1:29230|Esin Aktaş:1:28012|Yasemin Yavuz:1:31057|Gamze Taş:1:26389|Ercan Aydın:1:29433|Tuncay Demir:2:60085|Burak Kaplan:3:82616|Ebru Çetin:1:32072|Levent Öztürk:1:30042|Esra Koç:1:29636|Emre Kalkan:2:54806|Derya Güneş:1:27403|Hülya Kaplan:2:62520|Mehmet Kocabaş:1:29028|Derya Soylu:4:117290|Osman Kurt:6:43984|Esin Karaca:1:32877|Esra Yıldırım:1:32210|Tuğba Yıldız:1:29545|Özlem Tunç:2:61978|Osman Turan:1:30211|Onur Demir:1:29767|Ebru Akgül:1:35099|Dilek Sarı:2:59534|Osman Demir:1:29100|Dilek Er:1:31100|Pınar Kara:1:32655|Gamze Tekin:2:60200|Esin Uçar:1:33099|Gülay Yavuz:2:63532|Dilek Çelik:3:99074|Arzu Yılmaz:1:31100|Songül Yıldırım:1:31988|Esin Aktaş:1:30656|Yasemin Yavuz:1:33988|Gamze Taş:1:28878|Ercan Aydın:1:32210|Tuncay Demir:2:65754|Burak Kaplan:3:90411|Ebru Çetin:1:35099|Levent Öztürk:1:32877|Esra Koç:1:32433|Emre Kalkan:2:59978|Derya Güneş:1:29989|Hülya Kaplan:2:68420|Mehmet Kocabaş:1:31767|Derya Soylu:4:133924|Osman Kurt:6:50221|Esin Karaca:1:37539|Esra Yıldırım:1:36778|Tuğba Yıldız:1:33734|Özlem Tunç:2:70767|Osman Turan:1:34496|Onur Demir:1:33989|Ebru Akgül:1:40076|Dilek Sarı:2:67976|Osman Demir:1:33227|Dilek Er:1:35510|Pınar Kara:1:37285|Gamze Tekin:2:68737|Esin Uçar:1:37792|Gülay Yavuz:2:72542|Dilek Çelik:3:113125|Arzu Yılmaz:1:35510|Songül Yıldırım:1:36525|Esin Aktaş:1:35003|Yasemin Yavuz:1:38808|Gamze Taş:1:32973|Ercan Aydın:1:36778|Tuncay Demir:2:75079|Burak Kaplan:3:103233|Ebru Çetin:1:40076|Levent Öztürk:1:37539|Esra Koç:1:37032|Emre Kalkan:2:68484|Derya Güneş:1:34242|Hülya Kaplan:2:78122|Mehmet Kocabaş:1:36271,32423544,174,5358147,12,4019,365,39.35175102760751,39.334693609555735,2|none|3,439271
Temkinli,21,4749,2024,3,13959,10233,3726,50344,3231,464,0,0,3192,83095558,50166431,32431936,13449736,2990722,2976693,3479760,40939,243435,9291590,4578938449,2846929629,0,1732008820,1732008820,0,6451846602,4086819,0,1022106572,687209707,0,4.0,0.0,2.0,1.0,1.0,1788.0160208333334,1860.2167163060108,1089.8055142868852,1076.7235469453553,1775.6507700382515,4.063567980874317,19.045481836065573,0.95,0.95,1.0,0.925,3,0:1.0500|1:0.9300|2:1.0300|3:0.9400|4:0.9500|5:1.1000|6:0.8200|,Derya Soylu:4:133924|Osman Kurt:6:50221|Esin Karaca:1:37539|Esra Yıldırım:1:36778|Tuğba Yıldız:1:33734|Özlem Tunç:2:70767|Osman Turan:1:34496|Onur Demir:1:33989|Ebru Akgül:1:40076|Dilek Sarı:2:67976|Osman Demir:1:33227|Dilek Er:1:35510|Pınar Kara:1:37285|Gamze Tekin:2:68737|Esin Uçar:1:37792|Gülay Yavuz:2:72542|Dilek Çelik:3:113125|Arzu Yılmaz:1:35510|Songül Yıldırım:1:36525|Esin Aktaş:1:35003|Yasemin Yavuz:1:38808|Gamze Taş:1:32973|Ercan Aydın:1:36778|Tuncay Demir:2:75079|Burak Kaplan:3:103233|Ebru Çetin:1:40076|Levent Öztürk:1:37539|Esra Koç:1:37032|Emre Kalkan:2:68484|Derya Güneş:1:34242|Hülya Kaplan:2:78122|Mehmet Kocabaş:1:36271|Derya Soylu:4:153240|Osman Kurt:6:57465|Esin Karaca:1:42953|Esra Yıldırım:1:42082|Tuğba Yıldız:1:38600|Özlem Tunç:2:80974|Osman Turan:1:39471|Onur Demir:1:38890|Ebru Akgül:1:45855|Dilek Sarı:2:77781|Osman Demir:1:38020|Dilek Er:1:40632|Pınar Kara:1:42663|Gamze Tekin:2:78651|Esin Uçar:1:43244|Gülay Yavuz:2:83005|Dilek Çelik:3:129441|Arzu Yılmaz:1:40632|Songül Yıldırım:1:41793|Esin Aktaş:1:40051|Yasemin Yavuz:1:44405|Gamze Taş:1:37730|Ercan Aydın:1:42082|Tuncay Demir:2:85907|Burak Kaplan:3:118122|Ebru Çetin:1:45855|Levent Öztürk:1:42953|Esra Koç:1:42373|Emre Kalkan:2:78361|Derya Güneş:1:39180|Hülya Kaplan:2:89389|Mehmet Kocabaş:1:41503|Derya Soylu:4:175098|Osman Kurt:6:65661|Esin Karaca:1:49081|Esra Yıldırım:1:48085|Tuğba Yıldız:1:44106|Özlem Tunç:2:92523|Osman Turan:1:45101|Onur Demir:1:44438|Ebru Akgül:1:52397|Dilek Sarı:2:88875|Osman Demir:1:43442|Dilek Er:1:46427|Pınar Kara:1:48749|Gamze Tekin:2:89870|Esin Uçar:1:49412|Gülay Yavuz:2:94844|Dilek Çelik:3:147904|Arzu Yılmaz:1:46427|Songül Yıldırım:1:47754|Esin Aktaş:1:45764|Yasemin Yavuz:1:50738|Gamze Taş:1:43111|Ercan Aydın:1:48085|Tuncay Demir:2:98160|Burak Kaplan:3:134970|Ebru Çetin:1:52397|Levent Öztürk:1:49081|Esra Koç:1:48417|Emre Kalkan:2:89539|Derya Güneş:1:44769|Hülya Kaplan:2:102140|Mehmet Kocabaş:1:47422,47560450,217,6929208,13,4384,366,39.029686761354924,39.04945472586068,3,2362382
Temkinli,21,5114,2025,3,12895,9311,3584,45040,3472,228,0,0,2972,99310498,59374897,39335713,17999340,4014758,3858922,4510733,38508,477469,8474491,5547905029,3269501140,0,2278403889,2278403889,0,7928926255,5310912,0,1023007034,891904521,0,3.9945205479452053,0.0,2.0,0.9945205479452055,1.0,2345.6363636465753,2417.810087145205,1420.1735988821918,1402.7393524328766,2328.3526774438355,5.2824687753424655,17.87457128219178,0.9554794520547946,0.9554794520547946,1.0,0.9300342465753425,none,0:1.0500|1:0.9300|2:1.0300|3:0.9400|4:0.9500|5:1.1000|6:0.8200|,Derya Soylu:4:175098|Osman Kurt:6:65661|Esin Karaca:1:49081|Esra Yıldırım:1:48085|Tuğba Yıldız:1:44106|Özlem Tunç:2:92523|Osman Turan:1:45101|Onur Demir:1:44438|Ebru Akgül:1:52397|Dilek Sarı:2:88875|Osman Demir:1:43442|Dilek Er:1:46427|Pınar Kara:1:48749|Gamze Tekin:2:89870|Esin Uçar:1:49412|Gülay Yavuz:2:94844|Dilek Çelik:3:147904|Arzu Yılmaz:1:46427|Songül Yıldırım:1:47754|Esin Aktaş:1:45764|Yasemin Yavuz:1:50738|Gamze Taş:1:43111|Ercan Aydın:1:48085|Tuncay Demir:2:98160|Burak Kaplan:3:134970|Ebru Çetin:1:52397|Levent Öztürk:1:49081|Esra Koç:1:48417|Emre Kalkan:2:89539|Derya Güneş:1:44769|Hülya Kaplan:2:102140|Mehmet Kocabaş:1:47422|Derya Soylu:4:200355|Osman Kurt:6:75133|Esin Karaca:1:56160|Esra Yıldırım:1:55022|Tuğba Yıldız:1:50468|Özlem Tunç:2:105869|Osman Turan:1:51607|Onur Demir:1:50847|Ebru Akgül:1:59955|Dilek Sarı:2:101695|Osman Demir:1:49709|Dilek Er:1:53125|Pınar Kara:1:55780|Gamze Tekin:2:102834|Esin Uçar:1:56540|Gülay Yavuz:2:108525|Dilek Çelik:3:169239|Arzu Yılmaz:1:53125|Songül Yıldırım:1:54642|Esin Aktaş:1:52365|Yasemin Yavuz:1:58058|Gamze Taş:1:49330|Ercan Aydın:1:55022|Tuncay Demir:2:112320|Burak Kaplan:3:154441|Ebru Çetin:1:59955|Levent Öztürk:1:56160|Esra Koç:1:55401|Emre Kalkan:2:102454|Derya Güneş:1:51227|Hülya Kaplan:2:116874|Mehmet Kocabaş:1:54263|Derya Soylu:4:224361|Osman Kurt:6:84135|Esin Karaca:1:62889|Esra Yıldırım:1:61614|Tuğba Yıldız:1:56515|Özlem Tunç:2:118554|Osman Turan:1:57791|Onur Demir:1:56940|Ebru Akgül:1:67139|Dilek Sarı:2:113881|Osman Demir:1:55665|Dilek Er:1:59490|Pınar Kara:1:62464|Gamze Tekin:2:115155|Esin Uçar:1:63314|Gülay Yavuz:2:121529|Dilek Çelik:3:189517|Arzu Yılmaz:1:59490|Songül Yıldırım:1:61190|Esin Aktaş:1:58640|Yasemin Yavuz:1:65014|Gamze Taş:1:55240|Ercan Aydın:1:61614|Tuncay Demir:2:125778|Burak Kaplan:3:172945|Ebru Çetin:1:67139|Levent Öztürk:1:62889|Esra Koç:1:62039|Emre Kalkan:2:114730|Derya Güneş:1:57366|Hülya Kaplan:2:130878|Mehmet Kocabaş:1:60765,54135898,252,9004665,14,4750,365,39.60881658251276,39.454656276117746,3|none,-530174
Temkinli,21,5479,2026,3,13743,10361,3382,51124,1719,264,0,0,3156,145325942,88038298,56552218,21673990,4841268,4885747,5710984,7472,468577,18971652,8510809698,5210637970,0,3300171728,3300171728,0,11196084176,6608166,0,1024127450,1116416057,0,4.0,0.0,2.0,1.0,1.0,2953.218555446575,3061.834371060274,1803.061892890411,1787.134744712329,2938.0068492794517,6.689046424657534,18.271871304109588,1.0473972602739727,1.0473972602739727,1.0,1.104332191780822,4,0:1.0500|1:0.9300|2:1.0300|3:0.9400|4:0.9500|5:1.1000|6:0.8200|,Derya Soylu:4:224361|Osman Kurt:6:84135|Esin Karaca:1:62889|Esra Yıldırım:1:61614|Tuğba Yıldız:1:56515|Özlem Tunç:2:118554|Osman Turan:1:57791|Onur Demir:1:56940|Ebru Akgül:1:67139|Dilek Sarı:2:113881|Osman Demir:1:55665|Dilek Er:1:59490|Pınar Kara:1:62464|Gamze Tekin:2:115155|Esin Uçar:1:63314|Gülay Yavuz:2:121529|Dilek Çelik:3:189517|Arzu Yılmaz:1:59490|Songül Yıldırım:1:61190|Esin Aktaş:1:58640|Yasemin Yavuz:1:65014|Gamze Taş:1:55240|Ercan Aydın:1:61614|Tuncay Demir:2:125778|Burak Kaplan:3:172945|Ebru Çetin:1:67139|Levent Öztürk:1:62889|Esra Koç:1:62039|Emre Kalkan:2:114730|Derya Güneş:1:57366|Hülya Kaplan:2:130878|Mehmet Kocabaş:1:60765|Derya Soylu:4:251696|Osman Kurt:6:94386|Esin Karaca:1:70551|Esra Yıldırım:1:69121|Tuğba Yıldız:1:63401|Özlem Tunç:2:132998|Osman Turan:1:64831|Onur Demir:1:63878|Ebru Akgül:1:75318|Dilek Sarı:2:127754|Osman Demir:1:62447|Dilek Er:1:66738|Pınar Kara:1:70075|Gamze Tekin:2:129185|Esin Uçar:1:71028|Gülay Yavuz:2:136335|Dilek Çelik:3:212606|Arzu Yılmaz:1:66738|Songül Yıldırım:1:68644|Esin Aktaş:1:65784|Yasemin Yavuz:1:72934|Gamze Taş:1:61970|Ercan Aydın:1:69121|Tuncay Demir:2:141102|Burak Kaplan:3:194015|Ebru Çetin:1:75318|Levent Öztürk:1:70551|Esra Koç:1:69597|Emre Kalkan:2:128708|Derya Güneş:1:64354|Hülya Kaplan:2:146822|Mehmet Kocabaş:1:68168|Derya Soylu:4:269268|Osman Kurt:6:100976|Esin Karaca:1:75477|Esra Yıldırım:1:73947|Tuğba Yıldız:1:67827|Özlem Tunç:2:142284|Osman Turan:1:69357|Onur Demir:1:68337|Ebru Akgül:1:80577|Dilek Sarı:2:136674|Osman Demir:1:66808|Dilek Er:1:71397|Pınar Kara:1:74966|Gamze Tekin:2:138204|Esin Uçar:1:75987|Gülay Yavuz:2:145853|Dilek Çelik:3:227451|Arzu Yılmaz:1:71397|Songül Yıldırım:1:73438|Esin Aktaş:1:70377|Yasemin Yavuz:1:78026|Gamze Taş:1:66297|Ercan Aydın:1:73947|Tuncay Demir:2:150954|Burak Kaplan:3:207562|Ebru Çetin:1:80577|Levent Öztürk:1:75477|Esra Koç:1:74457|Emre Kalkan:2:137695|Derya Güneş:1:68847|Hülya Kaplan:2:157073|Mehmet Kocabaş:1:72927,82316298,288,11204151,15,5115,365,38.91405568869459,38.945870106191364,none|4,7767501
Temkinli,21,5844,2027,3,13562,10216,3346,50359,2044,289,0,0,3062,166927790,101983799,64018873,24215940,5412917,5754744,6726246,96754,753217,21155809,9165919308,5363403435,0,3802515873,3802515873,0,14071270266,7637187,0,1025422337,1294319405,0,3.989041095890411,0.0,2.0,0.989041095890411,1.0,3465.1382316547943,3607.179950112329,2126.8022416027397,2114.3697384849315,3454.4331257671233,7.880437986301369,18.58613622191781,1.0026027397260273,1.0026027397260273,1.0,1.0106335616438358,none,0:1.0500|1:0.9300|2:1.0300|3:0.9400|4:0.9500|5:1.1000|6:0.8200|,Derya Soylu:4:269268|Osman Kurt:6:100976|Esin Karaca:1:75477|Esra Yıldırım:1:73947|Tuğba Yıldız:1:67827|Özlem Tunç:2:142284|Osman Turan:1:69357|Onur Demir:1:68337|Ebru Akgül:1:80577|Dilek Sarı:2:136674|Osman Demir:1:66808|Dilek Er:1:71397|Pınar Kara:1:74966|Gamze Tekin:2:138204|Esin Uçar:1:75987|Gülay Yavuz:2:145853|Dilek Çelik:3:227451|Arzu Yılmaz:1:71397|Songül Yıldırım:1:73438|Esin Aktaş:1:70377|Yasemin Yavuz:1:78026|Gamze Taş:1:66297|Ercan Aydın:1:73947|Tuncay Demir:2:150954|Burak Kaplan:3:207562|Ebru Çetin:1:80577|Levent Öztürk:1:75477|Esra Koç:1:74457|Emre Kalkan:2:137695|Derya Güneş:1:68847|Hülya Kaplan:2:157073|Mehmet Kocabaş:1:72927|Derya Soylu:4:288367|Osman Kurt:6:108138|Esin Karaca:1:80830|Esra Yıldırım:1:79191|Tuğba Yıldız:1:72638|Özlem Tunç:2:152377|Osman Turan:1:74277|Onur Demir:1:73184|Ebru Akgül:1:86291|Dilek Sarı:2:146368|Osman Demir:1:71546|Dilek Er:1:76461|Pınar Kara:1:80284|Gamze Tekin:2:148007|Esin Uçar:1:81377|Gülay Yavuz:2:156199|Dilek Çelik:3:243583|Arzu Yılmaz:1:76461|Songül Yıldırım:1:78646|Esin Aktaş:1:75369|Yasemin Yavuz:1:83561|Gamze Taş:1:71000|Ercan Aydın:1:79191|Tuncay Demir:2:161661|Burak Kaplan:3:222284|Ebru Çetin:1:86291|Levent Öztürk:1:80830|Esra Koç:1:79738|Emre Kalkan:2:147461|Derya Güneş:1:73730|Hülya Kaplan:2:168215|Mehmet Kocabaş:1:78100|Derya Soylu:4:305805|Osman Kurt:6:114677|Esin Karaca:1:85718|Esra Yıldırım:1:83981|Tuğba Yıldız:1:77030|Özlem Tunç:2:161591|Osman Turan:1:78767|Onur Demir:1:77610|Ebru Akgül:1:91510|Dilek Sarı:2:155220|Osman Demir:1:75872|Dilek Er:1:81085|Pınar Kara:1:85139|Gamze Tekin:2:156957|Esin Uçar:1:86298|Gülay Yavuz:2:165644|Dilek Çelik:3:258313|Arzu Yılmaz:1:81085|Songül Yıldırım:1:83402|Esin Aktaş:1:79926|Yasemin Yavuz:1:88614|Gamze Taş:1:75293|Ercan Aydın:1:83981|Tuncay Demir:2:171436|Burak Kaplan:3:235726|Ebru Çetin:1:91510|Levent Öztürk:1:85718|Esra Koç:1:84559|Emre Kalkan:2:156377|Derya Güneş:1:78189|Hülya Kaplan:2:178387|Mehmet Kocabaş:1:82822,90204724,312,12948861,16,5480,365,38.351237382343584,38.62287448812469,4|none,8206948
Temkinli,21,6210,2028,3,13379,10049,3330,48988,2046,220,0,0,3041,180753246,110825806,68774062,30087136,6733958,6504092,7602820,272701,469047,17377009,9566223721,5205961462,0,4360262259,4360262259,0,16827556823,8593050,0,1026879287,1462568395,0,4.0,0.0,2.0,1.0,1.0,3896.430079442623,4065.9817435983605,2389.450198781421,2376.063089885246,3880.1367361939892,8.882704980874315,18.850241352459015,1.0,1.0,1.0,1.0,none,0:1.0500|1:0.9300|2:1.0300|3:0.9400|4:0.9500|5:1.1000|6:0.8200|,Derya Soylu:4:305805|Osman Kurt:6:114677|Esin Karaca:1:85718|Esra Yıldırım:1:83981|Tuğba Yıldız:1:77030|Özlem Tunç:2:161591|Osman Turan:1:78767|Onur Demir:1:77610|Ebru Akgül:1:91510|Dilek Sarı:2:155220|Osman Demir:1:75872|Dilek Er:1:81085|Pınar Kara:1:85139|Gamze Tekin:2:156957|Esin Uçar:1:86298|Gülay Yavuz:2:165644|Dilek Çelik:3:258313|Arzu Yılmaz:1:81085|Songül Yıldırım:1:83402|Esin Aktaş:1:79926|Yasemin Yavuz:1:88614|Gamze Taş:1:75293|Ercan Aydın:1:83981|Tuncay Demir:2:171436|Burak Kaplan:3:235726|Ebru Çetin:1:91510|Levent Öztürk:1:85718|Esra Koç:1:84559|Emre Kalkan:2:156377|Derya Güneş:1:78189|Hülya Kaplan:2:178387|Mehmet Kocabaş:1:82822|Derya Soylu:4:324587|Osman Kurt:6:121720|Esin Karaca:1:90983|Esra Yıldırım:1:89138|Tuğba Yıldız:1:81761|Özlem Tunç:2:171515|Osman Turan:1:83606|Onur Demir:1:82376|Ebru Akgül:1:97130|Dilek Sarı:2:164753|Osman Demir:1:80531|Dilek Er:1:86065|Pınar Kara:1:90368|Gamze Tekin:2:166596|Esin Uçar:1:91597|Gülay Yavuz:2:175818|Dilek Çelik:3:274177|Arzu Yılmaz:1:86065|Songül Yıldırım:1:88523|Esin Aktaş:1:84835|Yasemin Yavuz:1:94057|Gamze Taş:1:79917|Ercan Aydın:1:89138|Tuncay Demir:2:181965|Burak Kaplan:3:250203|Ebru Çetin:1:97130|Levent Öztürk:1:90983|Esra Koç:1:89753|Emre Kalkan:2:165981|Derya Güneş:1:82991|Hülya Kaplan:2:189342|Mehmet Kocabaş:1:87908|Derya Soylu:4:341242|Osman Kurt:6:127966|Esin Karaca:1:95652|Esra Yıldırım:1:93712|Tuğba Yıldız:1:85957|Özlem Tunç:2:180315|Osman Turan:1:87896|Onur Demir:1:86603|Ebru Akgül:1:102114|Dilek Sarı:2:173206|Osman Demir:1:84665|Dilek Er:1:90481|Pınar Kara:1:95005|Gamze Tekin:2:175144|Esin Uçar:1:96297|Gülay Yavuz:2:184839|Dilek Çelik:3:288246|Arzu Yılmaz:1:90481|Songül Yıldırım:1:93066|Esin Aktaş:1:89189|Yasemin Yavuz:1:98882|Gamze Taş:1:84018|Ercan Aydın:1:93712|Tuncay Demir:2:191302|Burak Kaplan:3:263041|Ebru Çetin:1:102114|Levent Öztürk:1:95652|Esra Koç:1:94358|Emre Kalkan:2:174499|Derya Güneş:1:87249|Hülya Kaplan:2:199058|Mehmet Kocabaş:1:92420,93248046,331,14569536,17,5845,366,38.04859028645051,38.6759123078316,none,2807473
Temkinli,21,6575,2029,3,13353,9996,3357,49066,2013,217,0,0,3064,200080117,122223132,76592742,31729440,7103495,7181924,8394101,260863,459141,21724641,10879071834,5977229430,0,4901842404,4901842404,0,19554656993,9514782,0,1028492519,1615548814,0,4.0,0.0,2.0,1.0,1.0,4331.537982561644,4502.095267715068,2653.896014928767,2643.1886674684933,4317.89999999726,9.835676753424657,18.69838917260274,1.0,1.0,1.0,1.0,none,0:1.0500|1:0.9300|2:1.0300|3:0.9400|4:0.9500|5:1.1000|6:0.8200|,Derya Soylu:4:341242|Osman Kurt:6:127966|Esin Karaca:1:95652|Esra Yıldırım:1:93712|Tuğba Yıldız:1:85957|Özlem Tunç:2:180315|Osman Turan:1:87896|Onur Demir:1:86603|Ebru Akgül:1:102114|Dilek Sarı:2:173206|Osman Demir:1:84665|Dilek Er:1:90481|Pınar Kara:1:95005|Gamze Tekin:2:175144|Esin Uçar:1:96297|Gülay Yavuz:2:184839|Dilek Çelik:3:288246|Arzu Yılmaz:1:90481|Songül Yıldırım:1:93066|Esin Aktaş:1:89189|Yasemin Yavuz:1:98882|Gamze Taş:1:84018|Ercan Aydın:1:93712|Tuncay Demir:2:191302|Burak Kaplan:3:263041|Ebru Çetin:1:102114|Levent Öztürk:1:95652|Esra Koç:1:94358|Emre Kalkan:2:174499|Derya Güneş:1:87249|Hülya Kaplan:2:199058|Mehmet Kocabaş:1:92420|Derya Soylu:4:358929|Osman Kurt:6:134598|Esin Karaca:1:100609|Esra Yıldırım:1:98570|Tuğba Yıldız:1:90412|Özlem Tunç:2:189662|Osman Turan:1:92452|Onur Demir:1:91092|Ebru Akgül:1:107407|Dilek Sarı:2:182183|Osman Demir:1:89053|Dilek Er:1:95170|Pınar Kara:1:99929|Gamze Tekin:2:184223|Esin Uçar:1:101289|Gülay Yavuz:2:194420|Dilek Çelik:3:303186|Arzu Yılmaz:1:95170|Songül Yıldırım:1:97890|Esin Aktaş:1:93810|Yasemin Yavuz:1:104007|Gamze Taş:1:88373|Ercan Aydın:1:98570|Tuncay Demir:2:201217|Burak Kaplan:3:276675|Ebru Çetin:1:107407|Levent Öztürk:1:100609|Esra Koç:1:99249|Emre Kalkan:2:183543|Derya Güneş:1:91772|Hülya Kaplan:2:209376|Mehmet Kocabaş:1:97210|Derya Soylu:4:375543|Osman Kurt:6:140828|Esin Karaca:1:105265|Esra Yıldırım:1:103133|Tuğba Yıldız:1:94597|Özlem Tunç:2:198440|Osman Turan:1:96731|Onur Demir:1:95309|Ebru Akgül:1:112379|Dilek Sarı:2:190616|Osman Demir:1:93175|Dilek Er:1:99575|Pınar Kara:1:104555|Gamze Tekin:2:192750|Esin Uçar:1:105977|Gülay Yavuz:2:203420|Dilek Çelik:3:317220|Arzu Yılmaz:1:99575|Songül Yıldırım:1:102421|Esin Aktaş:1:98153|Yasemin Yavuz:1:108822|Gamze Taş:1:92463|Ercan Aydın:1:103133|Tuncay Demir:2:210532|Burak Kaplan:3:289481|Ebru Çetin:1:112379|Levent Öztürk:1:105265|Esra Koç:1:103843|Emre Kalkan:2:192040|Derya Güneş:1:96019|Hülya Kaplan:2:219067|Mehmet Kocabaş:1:101709,101265086,343,16132332,18,6211,365,38.28103619111738,38.73086128730494,none,5592309
Temkinli,21,6940,2030,3,13280,9972,3308,48928,2109,235,0,0,3033,222657480,137763096,83292054,33438540,7488170,7853561,9179123,444899,531095,24801565,11402101315,5988748520,0,5413352795,5413352795,0,22543736887,10426755,0,1030260374,1770686205,0,4.0,0.0,2.0,1.0,1.0,4690.0280199534245,4923.471980035616,2914.8535490986305,2903.1551681232877,4683.541095863014,10.755794057534246,18.61701139178082,1.0,1.0,1.0,1.0,none,0:1.0500|1:0.9300|2:1.0300|3:0.9400|4:0.9500|5:1.1000|6:0.8200|,Derya Soylu:4:375543|Osman Kurt:6:140828|Esin Karaca:1:105265|Esra Yıldırım:1:103133|Tuğba Yıldız:1:94597|Özlem Tunç:2:198440|Osman Turan:1:96731|Onur Demir:1:95309|Ebru Akgül:1:112379|Dilek Sarı:2:190616|Osman Demir:1:93175|Dilek Er:1:99575|Pınar Kara:1:104555|Gamze Tekin:2:192750|Esin Uçar:1:105977|Gülay Yavuz:2:203420|Dilek Çelik:3:317220|Arzu Yılmaz:1:99575|Songül Yıldırım:1:102421|Esin Aktaş:1:98153|Yasemin Yavuz:1:108822|Gamze Taş:1:92463|Ercan Aydın:1:103133|Tuncay Demir:2:210532|Burak Kaplan:3:289481|Ebru Çetin:1:112379|Levent Öztürk:1:105265|Esra Koç:1:103843|Emre Kalkan:2:192040|Derya Güneş:1:96019|Hülya Kaplan:2:219067|Mehmet Kocabaş:1:101709|Derya Soylu:4:393189|Osman Kurt:6:147446|Esin Karaca:1:110212|Esra Yıldırım:1:107978|Tuğba Yıldız:1:99042|Özlem Tunç:2:207765|Osman Turan:1:101276|Onur Demir:1:99786|Ebru Akgül:1:117659|Dilek Sarı:2:199573|Osman Demir:1:97553|Dilek Er:1:104255|Pınar Kara:1:109467|Gamze Tekin:2:201808|Esin Uçar:1:110957|Gülay Yavuz:2:212977|Dilek Çelik:3:332126|Arzu Yılmaz:1:104255|Songül Yıldırım:1:107233|Esin Aktaş:1:102765|Yasemin Yavuz:1:113936|Gamze Taş:1:96808|Ercan Aydın:1:107978|Tuncay Demir:2:220424|Burak Kaplan:3:303083|Ebru Çetin:1:117659|Levent Öztürk:1:110212|Esra Koç:1:108722|Emre Kalkan:2:201063|Derya Güneş:1:100531|Hülya Kaplan:2:229360|Mehmet Kocabaş:1:106489|Derya Soylu:4:409513|Osman Kurt:6:153567|Esin Karaca:1:114787|Esra Yıldırım:1:112461|Tuğba Yıldız:1:103154|Özlem Tunç:2:216390|Osman Turan:1:105481|Onur Demir:1:103929|Ebru Akgül:1:122544|Dilek Sarı:2:207859|Osman Demir:1:101603|Dilek Er:1:108583|Pınar Kara:1:114012|Gamze Tekin:2:210185|Esin Uçar:1:115563|Gülay Yavuz:2:221819|Dilek Çelik:3:345914|Arzu Yılmaz:1:108583|Songül Yıldırım:1:111686|Esin Aktaş:1:107032|Yasemin Yavuz:1:118666|Gamze Taş:1:100827|Ercan Aydın:1:112461|Tuncay Demir:2:229576|Burak Kaplan:3:315667|Ebru Çetin:1:122544|Levent Öztürk:1:114787|Esra Koç:1:113237|Emre Kalkan:2:209410|Derya Güneş:1:104704|Hülya Kaplan:2:238882|Mehmet Kocabaş:1:110910,116810134,365,17678589,19,6576,365,37.408154444216294,37.84997580616635,none,7122976
Temkinli,21,7305,2031,3,13954,10517,3437,51652,2076,260,0,0,3187,255291476,161568814,91821419,36599540,8199323,8510372,9946631,524138,885051,27680502,12059615731,6165241711,0,5894374020,5894374020,0,25638347396,11319222,0,1032179546,1924614007,0,4.0,0.0,2.0,1.0,1.0,4965.27584070137,5335.001245315068,3149.959526849315,3142.203860550685,4975.499750950685,11.655541671232877,19.720154947945204,1.0,1.0,1.0,1.0,none,0:1.0500|1:0.9300|2:1.0300|3:0.9400|4:0.9500|5:1.1000|6:0.8200|,Derya Soylu:4:409513|Osman Kurt:6:153567|Esin Karaca:1:114787|Esra Yıldırım:1:112461|Tuğba Yıldız:1:103154|Özlem Tunç:2:216390|Osman Turan:1:105481|Onur Demir:1:103929|Ebru Akgül:1:122544|Dilek Sarı:2:207859|Osman Demir:1:101603|Dilek Er:1:108583|Pınar Kara:1:114012|Gamze Tekin:2:210185|Esin Uçar:1:115563|Gülay Yavuz:2:221819|Dilek Çelik:3:345914|Arzu Yılmaz:1:108583|Songül Yıldırım:1:111686|Esin Aktaş:1:107032|Yasemin Yavuz:1:118666|Gamze Taş:1:100827|Ercan Aydın:1:112461|Tuncay Demir:2:229576|Burak Kaplan:3:315667|Ebru Çetin:1:122544|Levent Öztürk:1:114787|Esra Koç:1:113237|Emre Kalkan:2:209410|Derya Güneş:1:104704|Hülya Kaplan:2:238882|Mehmet Kocabaş:1:110910|Derya Soylu:4:426767|Osman Kurt:6:160038|Esin Karaca:1:119624|Esra Yıldırım:1:117199|Tuğba Yıldız:1:107500|Özlem Tunç:2:225508|Osman Turan:1:109925|Onur Demir:1:108308|Ebru Akgül:1:127706|Dilek Sarı:2:216617|Osman Demir:1:105884|Dilek Er:1:113158|Pınar Kara:1:118816|Gamze Tekin:2:219041|Esin Uçar:1:120432|Gülay Yavuz:2:231166|Dilek Çelik:3:360489|Arzu Yılmaz:1:113158|Songül Yıldırım:1:116391|Esin Aktaş:1:111541|Yasemin Yavuz:1:123665|Gamze Taş:1:105076|Ercan Aydın:1:117199|Tuncay Demir:2:239249|Burak Kaplan:3:328966|Ebru Çetin:1:127706|Levent Öztürk:1:119624|Esra Koç:1:118008|Emre Kalkan:2:218234|Derya Güneş:1:109117|Hülya Kaplan:2:248947|Mehmet Kocabaş:1:115582|Derya Soylu:4:444485|Osman Kurt:6:166682|Esin Karaca:1:124591|Esra Yıldırım:1:122065|Tuğba Yıldız:1:111964|Özlem Tunç:2:234870|Osman Turan:1:114488|Onur Demir:1:112805|Ebru Akgül:1:133009|Dilek Sarı:2:225609|Osman Demir:1:110279|Dilek Er:1:117856|Pınar Kara:1:123748|Gamze Tekin:2:228135|Esin Uçar:1:125433|Gülay Yavuz:2:240763|Dilek Çelik:3:375455|Arzu Yılmaz:1:117856|Songül Yıldırım:1:121224|Esin Aktaş:1:116173|Yasemin Yavuz:1:128800|Gamze Taş:1:109438|Ercan Aydın:1:122065|Tuncay Demir:2:249181|Burak Kaplan:3:342624|Ebru Çetin:1:133009|Levent Öztürk:1:124591|Esra Koç:1:122907|Emre Kalkan:2:227294|Derya Güneş:1:113647|Hülya Kaplan:2:259283|Mehmet Kocabaş:1:120382,141070028,386,19191768,20,6941,365,35.96728744676144,36.5602309336279,none,8488734
Temkinli,21,7671,2032,3,13639,10315,3324,51645,1866,241,0,0,3107,279182547,176378761,100510282,46184236,10356156,9219846,10776838,1003033,665244,23307962,11919453188,5665600054,0,6253853134,6253853134,0,26893661998,12333615,0,1034270711,2100577302,0,4.0,0.0,2.0,1.0,1.0,5377.114381448087,5763.971063,3406.7545951803277,3396.5463238715847,5394.014157948087,12.59260405464481,19.796258049180327,1.0,1.0,1.0,1.0,none,0:1.0500|1:0.9300|2:1.0300|3:0.9400|4:0.9500|5:1.1000|6:0.8200|,Derya Soylu:4:444485|Osman Kurt:6:166682|Esin Karaca:1:124591|Esra Yıldırım:1:122065|Tuğba Yıldız:1:111964|Özlem Tunç:2:234870|Osman Turan:1:114488|Onur Demir:1:112805|Ebru Akgül:1:133009|Dilek Sarı:2:225609|Osman Demir:1:110279|Dilek Er:1:117856|Pınar Kara:1:123748|Gamze Tekin:2:228135|Esin Uçar:1:125433|Gülay Yavuz:2:240763|Dilek Çelik:3:375455|Arzu Yılmaz:1:117856|Songül Yıldırım:1:121224|Esin Aktaş:1:116173|Yasemin Yavuz:1:128800|Gamze Taş:1:109438|Ercan Aydın:1:122065|Tuncay Demir:2:249181|Burak Kaplan:3:342624|Ebru Çetin:1:133009|Levent Öztürk:1:124591|Esra Koç:1:122907|Emre Kalkan:2:227294|Derya Güneş:1:113647|Hülya Kaplan:2:259283|Mehmet Kocabaş:1:120382|Derya Soylu:4:463213|Osman Kurt:6:173705|Esin Karaca:1:129840|Esra Yıldırım:1:127208|Tuğba Yıldız:1:116680|Özlem Tunç:2:244766|Osman Turan:1:119313|Onur Demir:1:117558|Ebru Akgül:1:138612|Dilek Sarı:2:235115|Osman Demir:1:114926|Dilek Er:1:122822|Pınar Kara:1:128963|Gamze Tekin:2:237748|Esin Uçar:1:130717|Gülay Yavuz:2:250907|Dilek Çelik:3:391275|Arzu Yılmaz:1:122822|Songül Yıldırım:1:126331|Esin Aktaş:1:121067|Yasemin Yavuz:1:134227|Gamze Taş:1:114049|Ercan Aydın:1:127208|Tuncay Demir:2:259680|Burak Kaplan:3:357061|Ebru Çetin:1:138612|Levent Öztürk:1:129840|Esra Koç:1:128086|Emre Kalkan:2:236871|Derya Güneş:1:118435|Hülya Kaplan:2:270208|Mehmet Kocabaş:1:125453|Derya Soylu:4:489184|Osman Kurt:6:183444|Esin Karaca:1:137119|Esra Yıldırım:1:134341|Tuğba Yıldız:1:123223|Özlem Tunç:2:258490|Osman Turan:1:126002|Onur Demir:1:124149|Ebru Akgül:1:146385|Dilek Sarı:2:248298|Osman Demir:1:121369|Dilek Er:1:129708|Pınar Kara:1:136193|Gamze Tekin:2:251077|Esin Uçar:1:138046|Gülay Yavuz:2:264975|Dilek Çelik:3:413212|Arzu Yılmaz:1:129708|Songül Yıldırım:1:133414|Esin Aktaş:1:127854|Yasemin Yavuz:1:141752|Gamze Taş:1:120443|Ercan Aydın:1:134341|Tuncay Demir:2:274240|Burak Kaplan:3:377079|Ebru Çetin:1:146385|Levent Öztürk:1:137119|Esra Koç:1:135267|Emre Kalkan:2:250151|Derya Güneş:1:125075|Hülya Kaplan:2:285358|Mehmet Kocabaş:1:132487,145679154,394,20911665,21,7306,366,36.00163515952163,36.64344193729296,none,2396297
Temkinli,21,8036,2033,3,13429,10098,3331,49930,2092,167,0,0,3074,292657455,188500460,101067023,48636040,10908235,10108361,11814547,1742663,760331,18839509,8967665186,2679498106,0,6288167080,6159756588,0,29108861196,13743027,0,1036600838,2330749208,0,4.0,0.0,2.0,1.0,1.0,5906.361768315069,6336.404732241096,3832.7520548712328,3806.4481942876714,5918.328518032877,13.843021863013698,19.687947838356166,0.9972602739726028,0.9972602739726028,1.1071232876712327,0.9729897260273973,3,0:1.0500|1:0.9300|2:1.0300|3:0.9400|4:0.9500|5:1.1000|6:0.8200|,Derya Soylu:4:489184|Osman Kurt:6:183444|Esin Karaca:1:137119|Esra Yıldırım:1:134341|Tuğba Yıldız:1:123223|Özlem Tunç:2:258490|Osman Turan:1:126002|Onur Demir:1:124149|Ebru Akgül:1:146385|Dilek Sarı:2:248298|Osman Demir:1:121369|Dilek Er:1:129708|Pınar Kara:1:136193|Gamze Tekin:2:251077|Esin Uçar:1:138046|Gülay Yavuz:2:264975|Dilek Çelik:3:413212|Arzu Yılmaz:1:129708|Songül Yıldırım:1:133414|Esin Aktaş:1:127854|Yasemin Yavuz:1:141752|Gamze Taş:1:120443|Ercan Aydın:1:134341|Tuncay Demir:2:274240|Burak Kaplan:3:377079|Ebru Çetin:1:146385|Levent Öztürk:1:137119|Esra Koç:1:135267|Emre Kalkan:2:250151|Derya Güneş:1:125075|Hülya Kaplan:2:285358|Mehmet Kocabaş:1:132487|Derya Soylu:4:516892|Osman Kurt:6:193834|Esin Karaca:1:144887|Esra Yıldırım:1:141949|Tuğba Yıldız:1:130202|Özlem Tunç:2:273131|Osman Turan:1:133139|Onur Demir:1:131182|Ebru Akgül:1:154676|Dilek Sarı:2:262362|Osman Demir:1:128244|Dilek Er:1:137054|Pınar Kara:1:143908|Gamze Tekin:2:265299|Esin Uçar:1:145866|Gülay Yavuz:2:279984|Dilek Çelik:3:436617|Arzu Yılmaz:1:137054|Songül Yıldırım:1:140971|Esin Aktaş:1:135097|Yasemin Yavuz:1:149781|Gamze Taş:1:127265|Ercan Aydın:1:141949|Tuncay Demir:2:289773|Burak Kaplan:3:398437|Ebru Çetin:1:154676|Levent Öztürk:1:144887|Esra Koç:1:142928|Emre Kalkan:2:264319|Derya Güneş:1:132160|Hülya Kaplan:2:301520|Mehmet Kocabaş:1:139992|Derya Soylu:4:549845|Osman Kurt:6:206192|Esin Karaca:1:154123|Esra Yıldırım:1:151000|Tuğba Yıldız:1:138502|Özlem Tunç:2:290543|Osman Turan:1:141627|Onur Demir:1:139545|Ebru Akgül:1:164537|Dilek Sarı:2:279088|Osman Demir:1:136420|Dilek Er:1:145792|Pınar Kara:1:153082|Gamze Tekin:2:282212|Esin Uçar:1:155165|Gülay Yavuz:2:297833|Dilek Çelik:3:464453|Arzu Yılmaz:1:145792|Songül Yıldırım:1:149958|Esin Aktaş:1:143710|Yasemin Yavuz:1:159330|Gamze Taş:1:135378|Ercan Aydın:1:151000|Tuncay Demir:2:308247|Burak Kaplan:3:423839|Ebru Çetin:1:164537|Levent Öztürk:1:154123|Esra Koç:1:152041|Emre Kalkan:2:281171|Derya Güneş:1:140586|Hülya Kaplan:2:320743|Mehmet Kocabaş:1:148916,143196330,382,23301339,22,7672,365,34.53423832992739,35.108071513123434,none|0|3,-4461830
Temkinli,21,8401,2034,3,13335,9989,3346,48727,2312,179,0,0,3040,320032854,202078377,116129757,52042640,11675587,11334038,13247014,219306,878699,26951779,10901991069,3939286874,0,6962704195,7091114687,0,28367569315,15610872,0,1039247660,2643426808,0,4.0,0.0,2.0,1.0,1.0,6632.840597797261,7104.1618928,4219.278704838356,4198.496513035617,6640.752179328767,15.520692986301368,19.46270551780822,0.975,0.975,1.0272602739726027,0.9625,3,0:1.0500|1:0.9300|2:1.0300|3:0.9400|4:0.9500|5:1.1000|6:0.8200|,Derya Soylu:4:549845|Osman Kurt:6:206192|Esin Karaca:1:154123|Esra Yıldırım:1:151000|Tuğba Yıldız:1:138502|Özlem Tunç:2:290543|Osman Turan:1:141627|Onur Demir:1:139545|Ebru Akgül:1:164537|Dilek Sarı:2:279088|Osman Demir:1:136420|Dilek Er:1:145792|Pınar Kara:1:153082|Gamze Tekin:2:282212|Esin Uçar:1:155165|Gülay Yavuz:2:297833|Dilek Çelik:3:464453|Arzu Yılmaz:1:145792|Songül Yıldırım:1:149958|Esin Aktaş:1:143710|Yasemin Yavuz:1:159330|Gamze Taş:1:135378|Ercan Aydın:1:151000|Tuncay Demir:2:308247|Burak Kaplan:3:423839|Ebru Çetin:1:164537|Levent Öztürk:1:154123|Esra Koç:1:152041|Emre Kalkan:2:281171|Derya Güneş:1:140586|Hülya Kaplan:2:320743|Mehmet Kocabaş:1:148916|Derya Soylu:4:585451|Osman Kurt:6:219543|Esin Karaca:1:164103|Esra Yıldırım:1:160778|Tuğba Yıldız:1:147472|Özlem Tunç:2:309358|Osman Turan:1:150797|Onur Demir:1:148580|Ebru Akgül:1:175192|Dilek Sarı:2:297160|Osman Demir:1:145253|Dilek Er:1:155233|Pınar Kara:1:162995|Gamze Tekin:2:300486|Esin Uçar:1:165212|Gülay Yavuz:2:317119|Dilek Çelik:3:494528|Arzu Yılmaz:1:155233|Songül Yıldırım:1:159668|Esin Aktaş:1:153016|Yasemin Yavuz:1:169648|Gamze Taş:1:144145|Ercan Aydın:1:160778|Tuncay Demir:2:328207|Burak Kaplan:3:451285|Ebru Çetin:1:175192|Levent Öztürk:1:164103|Esra Koç:1:161886|Emre Kalkan:2:299378|Derya Güneş:1:149689|Hülya Kaplan:2:341513|Mehmet Kocabaş:1:158559|Derya Soylu:4:634446|Osman Kurt:6:237917|Esin Karaca:1:177837|Esra Yıldırım:1:174232|Tuğba Yıldız:1:159813|Özlem Tunç:2:335247|Osman Turan:1:163417|Onur Demir:1:161015|Ebru Akgül:1:189853|Dilek Sarı:2:322029|Osman Demir:1:157410|Dilek Er:1:168224|Pınar Kara:1:176635|Gamze Tekin:2:325634|Esin Uçar:1:179039|Gülay Yavuz:2:343658|Dilek Çelik:3:535914|Arzu Yılmaz:1:168224|Songül Yıldırım:1:173031|Esin Aktaş:1:165821|Yasemin Yavuz:1:183846|Gamze Taş:1:156208|Ercan Aydın:1:174232|Tuncay Demir:2:355674|Burak Kaplan:3:489052|Ebru Çetin:1:189853|Levent Öztürk:1:177837|Esra Koç:1:175433|Emre Kalkan:2:324433|Derya Güneş:1:162216|Hülya Kaplan:2:370093|Mehmet Kocabaş:1:171830,172190646,392,26468268,23,8037,365,36.28682353968571,36.38805813847598,3,483511
Temkinli,21,8766,2035,3,13527,10194,3333,50749,1985,214,0,0,3072,390617055,245247004,142740530,57432990,12889215,13082392,15291101,777379,1493265,42551567,13098304921,4997572631,0,8100732290,8100732290,0,23395902764,18259020,0,1042343480,3088406740,0,3.9863013698630136,0.0,2.0,0.9863013698630136,1.0,7655.168742241095,8199.468244109588,4842.838107104109,4809.436114567124,7673.290161893151,17.91340310410959,19.649350912328767,0.9903424657534248,0.9903424657534248,1.0,0.9839212328767124,none,0:1.0500|1:0.9300|2:1.0300|3:0.9400|4:0.9500|5:1.1000|6:0.8200|,Derya Soylu:4:634446|Osman Kurt:6:237917|Esin Karaca:1:177837|Esra Yıldırım:1:174232|Tuğba Yıldız:1:159813|Özlem Tunç:2:335247|Osman Turan:1:163417|Onur Demir:1:161015|Ebru Akgül:1:189853|Dilek Sarı:2:322029|Osman Demir:1:157410|Dilek Er:1:168224|Pınar Kara:1:176635|Gamze Tekin:2:325634|Esin Uçar:1:179039|Gülay Yavuz:2:343658|Dilek Çelik:3:535914|Arzu Yılmaz:1:168224|Songül Yıldırım:1:173031|Esin Aktaş:1:165821|Yasemin Yavuz:1:183846|Gamze Taş:1:156208|Ercan Aydın:1:174232|Tuncay Demir:2:355674|Burak Kaplan:3:489052|Ebru Çetin:1:189853|Levent Öztürk:1:177837|Esra Koç:1:175433|Emre Kalkan:2:324433|Derya Güneş:1:162216|Hülya Kaplan:2:370093|Mehmet Kocabaş:1:171830|Derya Soylu:4:688402|Osman Kurt:6:258150|Esin Karaca:1:192961|Esra Yıldırım:1:189049|Tuğba Yıldız:1:173404|Özlem Tunç:2:363758|Osman Turan:1:177315|Onur Demir:1:174708|Ebru Akgül:1:205998|Dilek Sarı:2:349417|Osman Demir:1:170797|Dilek Er:1:182531|Pınar Kara:1:191657|Gamze Tekin:2:353328|Esin Uçar:1:194265|Gülay Yavuz:2:372884|Dilek Çelik:3:581490|Arzu Yılmaz:1:182531|Songül Yıldırım:1:187746|Esin Aktaş:1:179923|Yasemin Yavuz:1:199480|Gamze Taş:1:169493|Ercan Aydın:1:189049|Tuncay Demir:2:385922|Burak Kaplan:3:530643|Ebru Çetin:1:205998|Levent Öztürk:1:192961|Esra Koç:1:190354|Emre Kalkan:2:352023|Derya Güneş:1:176012|Hülya Kaplan:2:401567|Mehmet Kocabaş:1:186443|Derya Soylu:4:742845|Osman Kurt:6:278566|Esin Karaca:1:208222|Esra Yıldırım:1:204000|Tuğba Yıldız:1:187118|Özlem Tunç:2:392526|Osman Turan:1:191339|Onur Demir:1:188525|Ebru Akgül:1:222291|Dilek Sarı:2:377050|Osman Demir:1:184304|Dilek Er:1:196967|Pınar Kara:1:206814|Gamze Tekin:2:381270|Esin Uçar:1:209628|Gülay Yavuz:2:402375|Dilek Çelik:3:627478|Arzu Yılmaz:1:196967|Songül Yıldırım:1:202594|Esin Aktaş:1:194153|Yasemin Yavuz:1:215256|Gamze Taş:1:182897|Ercan Aydın:1:204000|Tuncay Demir:2:416444|Burak Kaplan:3:572609|Ebru Çetin:1:222291|Levent Öztürk:1:208222|Esra Koç:1:205408|Emre Kalkan:2:379864|Derya Güneş:1:189931|Hülya Kaplan:2:433327|Mehmet Kocabaş:1:201187,199112612,408,30958197,24,8402,365,36.54231892153301,36.73767006099541,3|none,11593370
Temkinli,21,9132,2036,3,13183,9888,3295,48804,1975,190,0,0,3060,441449749,277718066,160013827,68617236,15405424,15261295,17839760,1341094,1184281,41705831,15197798386,5402720394,0,9795077992,9795077992,0,25032307044,21209523,0,1045939553,3603591237,0,4.0,0.0,2.0,1.0,1.0,8927.635991125682,9539.40077004918,5659.404620128415,5621.09898162295,8936.373075005466,20.84061592896175,19.249978450819672,1.0,1.0,1.0,1.0,none,0:1.0500|1:0.9300|2:1.0300|3:0.9400|4:0.9500|5:1.1000|6:0.8200|,Derya Soylu:4:742845|Osman Kurt:6:278566|Esin Karaca:1:208222|Esra Yıldırım:1:204000|Tuğba Yıldız:1:187118|Özlem Tunç:2:392526|Osman Turan:1:191339|Onur Demir:1:188525|Ebru Akgül:1:222291|Dilek Sarı:2:377050|Osman Demir:1:184304|Dilek Er:1:196967|Pınar Kara:1:206814|Gamze Tekin:2:381270|Esin Uçar:1:209628|Gülay Yavuz:2:402375|Dilek Çelik:3:627478|Arzu Yılmaz:1:196967|Songül Yıldırım:1:202594|Esin Aktaş:1:194153|Yasemin Yavuz:1:215256|Gamze Taş:1:182897|Ercan Aydın:1:204000|Tuncay Demir:2:416444|Burak Kaplan:3:572609|Ebru Çetin:1:222291|Levent Öztürk:1:208222|Esra Koç:1:205408|Emre Kalkan:2:379864|Derya Güneş:1:189931|Hülya Kaplan:2:433327|Mehmet Kocabaş:1:201187|Derya Soylu:4:802539|Osman Kurt:6:300952|Esin Karaca:1:224954|Esra Yıldırım:1:220395|Tuğba Yıldız:1:202154|Özlem Tunç:2:424069|Osman Turan:1:206715|Onur Demir:1:203675|Ebru Akgül:1:240154|Dilek Sarı:2:407349|Osman Demir:1:199115|Dilek Er:1:212795|Pınar Kara:1:223434|Gamze Tekin:2:411909|Esin Uçar:1:226474|Gülay Yavuz:2:434708|Dilek Çelik:3:677902|Arzu Yılmaz:1:212795|Songül Yıldırım:1:218874|Esin Aktaş:1:209754|Yasemin Yavuz:1:232554|Gamze Taş:1:197595|Ercan Aydın:1:220395|Tuncay Demir:2:449908|Burak Kaplan:3:618624|Ebru Çetin:1:240154|Levent Öztürk:1:224954|Esra Koç:1:221914|Emre Kalkan:2:410390|Derya Güneş:1:205195|Hülya Kaplan:2:468147|Mehmet Kocabaş:1:217354|Derya Soylu:4:851333|Osman Kurt:6:319250|Esin Karaca:1:238631|Esra Yıldırım:1:233794|Tuğba Yıldız:1:214446|Özlem Tunç:2:449852|Osman Turan:1:219282|Onur Demir:1:216058|Ebru Akgül:1:254755|Dilek Sarı:2:432116|Osman Demir:1:211221|Dilek Er:1:225732|Pınar Kara:1:237019|Gamze Tekin:2:436953|Esin Uçar:1:240243|Gülay Yavuz:2:461139|Dilek Çelik:3:719118|Arzu Yılmaz:1:225732|Songül Yıldırım:1:232182|Esin Aktaş:1:222508|Yasemin Yavuz:1:246693|Gamze Taş:1:209609|Ercan Aydın:1:233794|Tuncay Demir:2:477262|Burak Kaplan:3:656236|Ebru Çetin:1:254755|Levent Öztürk:1:238631|Esra Koç:1:235407|Emre Kalkan:2:435340|Derya Güneş:1:217670|Hülya Kaplan:2:496611|Mehmet Kocabaş:1:230569,224255200,397,35960793,25,8767,366,36.24734805319824,36.608026741300606,none,5745038
Temkinli,21,9497,2037,3,13520,10187,3333,50246,1918,232,0,0,3100,508286142,321099816,183268728,77941890,17502956,17258546,20172087,1055103,1989950,48403299,21680034310,10332120217,0,11347914093,11347914093,0,23479202753,23857668,0,1049984621,4052631801,0,3.9835616438356163,0.0,2.0,0.9835616438356164,1.0,10081.70049819726,10818.361145723287,6406.5800746904115,6379.2853050986305,10105.475342482192,23.634955742465756,19.805070652054795,1.0,1.0,1.0,1.0,none,0:1.0500|1:0.9300|2:1.0300|3:0.9400|4:0.9500|5:1.1000|6:0.8200|,Derya Soylu:4:851333|Osman Kurt:6:319250|Esin Karaca:1:238631|Esra Yıldırım:1:233794|Tuğba Yıldız:1:214446|Özlem Tunç:2:449852|Osman Turan:1:219282|Onur Demir:1:216058|Ebru Akgül:1:254755|Dilek Sarı:2:432116|Osman Demir:1:211221|Dilek Er:1:225732|Pınar Kara:1:237019|Gamze Tekin:2:436953|Esin Uçar:1:240243|Gülay Yavuz:2:461139|Dilek Çelik:3:719118|Arzu Yılmaz:1:225732|Songül Yıldırım:1:232182|Esin Aktaş:1:222508|Yasemin Yavuz:1:246693|Gamze Taş:1:209609|Ercan Aydın:1:233794|Tuncay Demir:2:477262|Burak Kaplan:3:656236|Ebru Çetin:1:254755|Levent Öztürk:1:238631|Esra Koç:1:235407|Emre Kalkan:2:435340|Derya Güneş:1:217670|Hülya Kaplan:2:496611|Mehmet Kocabaş:1:230569|Derya Soylu:4:903630|Osman Kurt:6:338862|Esin Karaca:1:253291|Esra Yıldırım:1:248156|Tuğba Yıldız:1:227618|Özlem Tunç:2:477487|Osman Turan:1:232754|Onur Demir:1:229331|Ebru Akgül:1:270404|Dilek Sarı:2:458661|Osman Demir:1:224196|Dilek Er:1:239599|Pınar Kara:1:251579|Gamze Tekin:2:463795|Esin Uçar:1:255002|Gülay Yavuz:2:489466|Dilek Çelik:3:763294|Arzu Yılmaz:1:239599|Songül Yıldırım:1:246444|Esin Aktaş:1:236176|Yasemin Yavuz:1:261847|Gamze Taş:1:222484|Ercan Aydın:1:248156|Tuncay Demir:2:506580|Burak Kaplan:3:696548|Ebru Çetin:1:270404|Levent Öztürk:1:253291|Esra Koç:1:249867|Emre Kalkan:2:462083|Derya Güneş:1:231042|Hülya Kaplan:2:527117|Mehmet Kocabaş:1:244733|Derya Soylu:4:941147|Osman Kurt:6:352930|Esin Karaca:1:263806|Esra Yıldırım:1:258459|Tuğba Yıldız:1:237069|Özlem Tunç:2:497311|Osman Turan:1:242416|Onur Demir:1:238852|Ebru Akgül:1:281631|Dilek Sarı:2:477703|Osman Demir:1:233505|Dilek Er:1:249546|Pınar Kara:1:262024|Gamze Tekin:2:483051|Esin Uçar:1:265589|Gülay Yavuz:2:509787|Dilek Çelik:3:794983|Arzu Yılmaz:1:249546|Songül Yıldırım:1:256677|Esin Aktaş:1:245981|Yasemin Yavuz:1:272718|Gamze Taş:1:231722|Ercan Aydın:1:258459|Tuncay Demir:2:527612|Burak Kaplan:3:725467|Ebru Çetin:1:281631|Levent Öztürk:1:263806|Esra Koç:1:260241|Emre Kalkan:2:481268|Derya Güneş:1:240634|Hülya Kaplan:2:549002|Mehmet Kocabaş:1:254894,280786856,398,40450725,26,9133,365,36.05621181779141,36.453378318112186,none,7952574
Temkinli,21,9862,2038,3,13493,10208,3285,50605,1932,244,0,0,3072,561794886,354811293,203795880,86533990,19435940,18886949,22074535,0,1584259,55280207,25252627006,11679005652,0,13573621354,13573621354,0,27616746241,26008371,0,1054394342,4423165977,0,4.0,0.0,2.0,1.0,1.0,11042.44333750411,11840.164383526026,7011.928020030137,6989.157783284932,11077.40435869041,25.86710098630137,19.576170926027398,1.0,1.0,1.0,1.0,none,0:1.0500|1:0.9300|2:1.0300|3:0.9400|4:0.9500|5:1.1000|6:0.8200|,Derya Soylu:4:941147|Osman Kurt:6:352930|Esin Karaca:1:263806|Esra Yıldırım:1:258459|Tuğba Yıldız:1:237069|Özlem Tunç:2:497311|Osman Turan:1:242416|Onur Demir:1:238852|Ebru Akgül:1:281631|Dilek Sarı:2:477703|Osman Demir:1:233505|Dilek Er:1:249546|Pınar Kara:1:262024|Gamze Tekin:2:483051|Esin Uçar:1:265589|Gülay Yavuz:2:509787|Dilek Çelik:3:794983|Arzu Yılmaz:1:249546|Songül Yıldırım:1:256677|Esin Aktaş:1:245981|Yasemin Yavuz:1:272718|Gamze Taş:1:231722|Ercan Aydın:1:258459|Tuncay Demir:2:527612|Burak Kaplan:3:725467|Ebru Çetin:1:281631|Levent Öztürk:1:263806|Esra Koç:1:260241|Emre Kalkan:2:481268|Derya Güneş:1:240634|Hülya Kaplan:2:549002|Mehmet Kocabaş:1:254894|Derya Soylu:4:980800|Osman Kurt:6:367800|Esin Karaca:1:274922|Esra Yıldırım:1:269348|Tuğba Yıldız:1:247058|Özlem Tunç:2:518264|Osman Turan:1:252631|Onur Demir:1:248915|Ebru Akgül:1:293497|Dilek Sarı:2:497830|Osman Demir:1:243343|Dilek Er:1:260060|Pınar Kara:1:273064|Gamze Tekin:2:503403|Esin Uçar:1:276779|Gülay Yavuz:2:531267|Dilek Çelik:3:828480|Arzu Yılmaz:1:260060|Songül Yıldırım:1:267491|Esin Aktaş:1:256346|Yasemin Yavuz:1:284210|Gamze Taş:1:241485|Ercan Aydın:1:269348|Tuncay Demir:2:549842|Burak Kaplan:3:756033|Ebru Çetin:1:293497|Levent Öztürk:1:274922|Esra Koç:1:271206|Emre Kalkan:2:501546|Derya Güneş:1:250773|Hülya Kaplan:2:572134|Mehmet Kocabaş:1:265634|Derya Soylu:4:1021520|Osman Kurt:6:383070|Esin Karaca:1:286335|Esra Yıldırım:1:280531|Tuğba Yıldız:1:257315|Özlem Tunç:2:539780|Osman Turan:1:263119|Onur Demir:1:259249|Ebru Akgül:1:305683|Dilek Sarı:2:518500|Osman Demir:1:253445|Dilek Er:1:270857|Pınar Kara:1:284401|Gamze Tekin:2:524304|Esin Uçar:1:288269|Gülay Yavuz:2:553324|Dilek Çelik:3:862875|Arzu Yılmaz:1:270857|Songül Yıldırım:1:278597|Esin Aktaş:1:266989|Yasemin Yavuz:1:296009|Gamze Taş:1:251511|Ercan Aydın:1:280531|Tuncay Demir:2:572670|Burak Kaplan:3:787423|Ebru Çetin:1:305683|Levent Öztürk:1:286335|Esra Koç:1:282465|Emre Kalkan:2:522368|Derya Güneş:1:261185|Hülya Kaplan:2:595887|Mehmet Kocabaş:1:276661,346707620,403,44097243,27,9498,365,36.27585175276943,36.50021280874399,none,11182964
Temkinli,21,10227,2039,3,13364,10077,3287,50725,1882,253,0,0,3088,600515972,380900827,216340790,90668490,20366402,20397905,23840511,0,1694557,59372925,26182187776,11476343754,0,14705844022,14397552165,0,30136768627,28232223,0,1059181115,4800904547,0,4.0,0.0,2.0,1.0,1.0,11901.140099635615,12787.33499390959,7594.297384901371,7575.8397260465745,11923.105105841096,27.936468931506848,19.71197146849315,1.0,1.0,1.0,1.0,none,0:1.0500|1:0.9100|2:1.0300|3:0.9200|4:0.9300|5:1.1000|6:0.8200|,Derya Soylu:4:1021520|Osman Kurt:6:383070|Esin Karaca:1:286335|Esra Yıldırım:1:280531|Tuğba Yıldız:1:257315|Özlem Tunç:2:539780|Osman Turan:1:263119|Onur Demir:1:259249|Ebru Akgül:1:305683|Dilek Sarı:2:518500|Osman Demir:1:253445|Dilek Er:1:270857|Pınar Kara:1:284401|Gamze Tekin:2:524304|Esin Uçar:1:288269|Gülay Yavuz:2:553324|Dilek Çelik:3:862875|Arzu Yılmaz:1:270857|Songül Yıldırım:1:278597|Esin Aktaş:1:266989|Yasemin Yavuz:1:296009|Gamze Taş:1:251511|Ercan Aydın:1:280531|Tuncay Demir:2:572670|Burak Kaplan:3:787423|Ebru Çetin:1:305683|Levent Öztürk:1:286335|Esra Koç:1:282465|Emre Kalkan:2:522368|Derya Güneş:1:261185|Hülya Kaplan:2:595887|Mehmet Kocabaş:1:276661|Derya Soylu:4:1064561|Osman Kurt:6:399210|Esin Karaca:1:298400|Esra Yıldırım:1:292351|Tuğba Yıldız:1:268156|Özlem Tunç:2:562524|Osman Turan:1:274205|Onur Demir:1:270173|Ebru Akgül:1:318561|Dilek Sarı:2:540345|Osman Demir:1:264123|Dilek Er:1:282269|Pınar Kara:1:296384|Gamze Tekin:2:546394|Esin Uçar:1:300415|Gülay Yavuz:2:576637|Dilek Çelik:3:899231|Arzu Yılmaz:1:282269|Songül Yıldırım:1:290335|Esin Aktaş:1:278238|Yasemin Yavuz:1:308481|Gamze Taş:1:262108|Ercan Aydın:1:292351|Tuncay Demir:2:596799|Burak Kaplan:3:820599|Ebru Çetin:1:318561|Levent Öztürk:1:298400|Esra Koç:1:294367|Emre Kalkan:2:544378|Derya Güneş:1:272189|Hülya Kaplan:2:620994|Mehmet Kocabaş:1:288318|Derya Soylu:4:1108759|Osman Kurt:6:415785|Esin Karaca:1:310789|Esra Yıldırım:1:304488|Tuğba Yıldız:1:279289|Özlem Tunç:2:585878|Osman Turan:1:285589|Onur Demir:1:281390|Ebru Akgül:1:331788|Dilek Sarı:2:562778|Osman Demir:1:275090|Dilek Er:1:293989|Pınar Kara:1:308689|Gamze Tekin:2:569079|Esin Uçar:1:312888|Gülay Yavuz:2:600577|Dilek Çelik:3:936565|Arzu Yılmaz:1:293989|Songül Yıldırım:1:302389|Esin Aktaş:1:289790|Yasemin Yavuz:1:321288|Gamze Taş:1:272990|Ercan Aydın:1:304488|Tuncay Demir:2:621577|Burak Kaplan:3:854668|Ebru Çetin:1:331788|Levent Öztürk:1:310789|Esra Koç:1:306588|Emre Kalkan:2:566979|Derya Güneş:1:283489|Hülya Kaplan:2:646775|Mehmet Kocabaş:1:300289,367607394,406,47867796,28,9863,365,36.02581781122051,36.18848848662919,none,11505129
Temkinli,21,10593,2040,3,13164,9906,3258,48698,2021,230,0,0,3019,642817837,406093193,233190445,96490736,21676494,22092314,25823419,17316,2529847,64577635,27441510901,11675081242,0,15766429659,16074721516,0,33709463205,30641400,0,1064376365,5226060317,0,4.0,0.0,2.0,1.0,1.0,12908.726403341529,13811.561102934425,8185.191505254099,8158.719200221311,12902.91517632787,30.17436927595628,19.184984021857925,1.0,1.0,1.0,1.0,none,0:1.0500|1:0.9300|2:1.0300|3:0.9400|4:0.9500|5:1.1000|6:0.8200|,Derya Soylu:4:1108759|Osman Kurt:6:415785|Esin Karaca:1:310789|Esra Yıldırım:1:304488|Tuğba Yıldız:1:279289|Özlem Tunç:2:585878|Osman Turan:1:285589|Onur Demir:1:281390|Ebru Akgül:1:331788|Dilek Sarı:2:562778|Osman Demir:1:275090|Dilek Er:1:293989|Pınar Kara:1:308689|Gamze Tekin:2:569079|Esin Uçar:1:312888|Gülay Yavuz:2:600577|Dilek Çelik:3:936565|Arzu Yılmaz:1:293989|Songül Yıldırım:1:302389|Esin Aktaş:1:289790|Yasemin Yavuz:1:321288|Gamze Taş:1:272990|Ercan Aydın:1:304488|Tuncay Demir:2:621577|Burak Kaplan:3:854668|Ebru Çetin:1:331788|Levent Öztürk:1:310789|Esra Koç:1:306588|Emre Kalkan:2:566979|Derya Güneş:1:283489|Hülya Kaplan:2:646775|Mehmet Kocabaş:1:300289|Derya Soylu:4:1155474|Osman Kurt:6:433303|Esin Karaca:1:323883|Esra Yıldırım:1:317318|Tuğba Yıldız:1:291058|Özlem Tunç:2:610563|Osman Turan:1:297622|Onur Demir:1:293245|Ebru Akgül:1:345767|Dilek Sarı:2:586491|Osman Demir:1:286681|Dilek Er:1:306376|Pınar Kara:1:321695|Gamze Tekin:2:593056|Esin Uçar:1:326072|Gülay Yavuz:2:625882|Dilek Çelik:3:976026|Arzu Yılmaz:1:306376|Songül Yıldırım:1:315129|Esin Aktaş:1:301999|Yasemin Yavuz:1:334824|Gamze Taş:1:284492|Ercan Aydın:1:317318|Tuncay Demir:2:647765|Burak Kaplan:3:890678|Ebru Çetin:1:345767|Levent Öztürk:1:323883|Esra Koç:1:319506|Emre Kalkan:2:590868|Derya Güneş:1:295433|Hülya Kaplan:2:674027|Mehmet Kocabaş:1:312941|Derya Soylu:4:1203700|Osman Kurt:6:451388|Esin Karaca:1:337401|Esra Yıldırım:1:330561|Tuğba Yıldız:1:303205|Özlem Tunç:2:636046|Osman Turan:1:310044|Onur Demir:1:305484|Ebru Akgül:1:360198|Dilek Sarı:2:610969|Osman Demir:1:298645|Dilek Er:1:319163|Pınar Kara:1:335121|Gamze Tekin:2:617808|Esin Uçar:1:339680|Gülay Yavuz:2:652004|Dilek Çelik:3:1016762|Arzu Yılmaz:1:319163|Songül Yıldırım:1:328282|Esin Aktaş:1:314603|Yasemin Yavuz:1:348799|Gamze Taş:1:296365|Ercan Aydın:1:330561|Tuncay Demir:2:674801|Burak Kaplan:3:927852|Ebru Çetin:1:360198|Levent Öztürk:1:337401|Esra Koç:1:332841|Emre Kalkan:2:615528|Derya Güneş:1:307764|Hülya Kaplan:2:702159|Mehmet Kocabaş:1:326002,386910280,407,51952554,29,10228,366,36.27628724309963,36.591796514214636,none,12625081
Temkinli,21,10958,2041,3,13170,9851,3319,49366,2045,208,0,0,3029,700587348,444098521,251069008,106766590,23988950,23797216,27813470,1426608,1962892,66739890,20211980062,5051595066,0,15160384996,15160384996,0,34955042184,33255408,0,1070014823,5657157759,0,4.0,0.0,2.0,1.0,1.0,13953.38978839726,14918.203611394521,8881.706849432878,8850.412577849314,13964.452801964384,32.591969005479456,19.05548013150685,1.0,1.0,1.0,1.0,none,0:1.0500|1:0.9300|2:1.0300|3:0.9400|4:0.9500|5:1.1000|6:0.8200|,Derya Soylu:4:1203700|Osman Kurt:6:451388|Esin Karaca:1:337401|Esra Yıldırım:1:330561|Tuğba Yıldız:1:303205|Özlem Tunç:2:636046|Osman Turan:1:310044|Onur Demir:1:305484|Ebru Akgül:1:360198|Dilek Sarı:2:610969|Osman Demir:1:298645|Dilek Er:1:319163|Pınar Kara:1:335121|Gamze Tekin:2:617808|Esin Uçar:1:339680|Gülay Yavuz:2:652004|Dilek Çelik:3:1016762|Arzu Yılmaz:1:319163|Songül Yıldırım:1:328282|Esin Aktaş:1:314603|Yasemin Yavuz:1:348799|Gamze Taş:1:296365|Ercan Aydın:1:330561|Tuncay Demir:2:674801|Burak Kaplan:3:927852|Ebru Çetin:1:360198|Levent Öztürk:1:337401|Esra Koç:1:332841|Emre Kalkan:2:615528|Derya Güneş:1:307764|Hülya Kaplan:2:702159|Mehmet Kocabaş:1:326002|Derya Soylu:4:1254433|Osman Kurt:6:470412|Esin Karaca:1:351622|Esra Yıldırım:1:344494|Tuğba Yıldız:1:315984|Özlem Tunç:2:662854|Osman Turan:1:323112|Onur Demir:1:318360|Ebru Akgül:1:375379|Dilek Sarı:2:636719|Osman Demir:1:311232|Dilek Er:1:332614|Pınar Kara:1:349246|Gamze Tekin:2:643848|Esin Uçar:1:353997|Gülay Yavuz:2:679484|Dilek Çelik:3:1059616|Arzu Yılmaz:1:332614|Songül Yıldırım:1:342118|Esin Aktaş:1:327863|Yasemin Yavuz:1:363500|Gamze Taş:1:308857|Ercan Aydın:1:344494|Tuncay Demir:2:703243|Burak Kaplan:3:966959|Ebru Çetin:1:375379|Levent Öztürk:1:351622|Esra Koç:1:346870|Emre Kalkan:2:641471|Derya Güneş:1:320736|Hülya Kaplan:2:731753|Mehmet Kocabaş:1:339743|Derya Soylu:4:1306514|Osman Kurt:6:489942|Esin Karaca:1:366220|Esra Yıldırım:1:358796|Tuğba Yıldız:1:329102|Özlem Tunç:2:690374|Osman Turan:1:336526|Onur Demir:1:331577|Ebru Akgül:1:390965|Dilek Sarı:2:663155|Osman Demir:1:324155|Dilek Er:1:346424|Pınar Kara:1:363745|Gamze Tekin:2:670578|Esin Uçar:1:368694|Gülay Yavuz:2:707695|Dilek Çelik:3:1103609|Arzu Yılmaz:1:346424|Songül Yıldırım:1:356322|Esin Aktaş:1:341475|Yasemin Yavuz:1:378592|Gamze Taş:1:321680|Ercan Aydın:1:358796|Tuncay Demir:2:732440|Burak Kaplan:3:1007104|Ebru Çetin:1:390965|Levent Öztürk:1:366220|Esra Koç:1:361271|Emre Kalkan:2:668104|Derya Güneş:1:334051|Hülya Kaplan:2:762134|Mehmet Kocabaş:1:353847,403609560,413,56384607,30,10594,365,35.836931499939105,36.3473178623711,none,10355283
Dengeli,21,366,2012,3,21921,19826,2095,105863,2535,1257,0,125,1697,41396030,31230639,9925048,2282040,507056,761950,890631,0,84457,5398914,3833570,2408061,220159,1205350,1265985,1133882,10528793,921726,398225,554501,0,0,2.7950819672131146,0.6174863387978142,2.0,0.0,0.17759562841530055,437.08643806557376,476.3158222868853,327.1207153688524,327.6762295136612,435.0086934590164,1.040633426229508,35.38591907650273,1.0,1.0,1.0,1.0,none,0:1.0500|1:0.9300|2:1.0300|3:0.9400|4:0.9500|5:1.1000|6:0.8200|,,31732066,3,1562793,1,1,366,23.975845026684926,25.15880455669132,none,3836121
Dengeli,21,731,2013,3,17860,16040,1820,79359,2190,990,0,3,1560,35891250,24004868,11676549,3134940,668885,818544,956726,0,22296,6075158,7803234,1812196,1180411,4810627,4810627,1014990,10673960,994875,0,723176,11185758,0,3.8904109589041096,0.0,2.0,0.8904109589041096,1.0,492.9445829068493,513.0136986821918,328.6339975178082,328.46836860547944,492.7618929150685,1.1210992712328767,28.56750876438356,1.0,1.0,1.0,1.0,none,0:1.0500|1:0.9200|2:1.0300|3:0.9300|4:0.9400|5:1.1000|6:0.8200|,Kadir Bulut:4:39808|Kadir Bulut:4:41291|Kadir Bulut:4:42907,24185954,7,1686825,2,367,365,32.53313551353045,33.332465978247804,none,4388333
Dengeli,21,1096,2014,3,16858,14971,1887,69842,2120,642,0,0,1695,34689180,22654900,11831555,3027940,644713,878505,1026742,0,24986,6228669,15092306,6834930,1054775,7202601,7202601,887726,14938228,1077786,0,905912,16209287,0,3.5726027397260274,0.0,2.0,0.5726027397260274,1.0,533.779576630137,550.8779577835616,348.93349938082196,347.95093407945205,532.9143213041095,1.2031732383561644,25.247365654794518,1.0,1.0,1.0,1.0,none,0:1.0500|1:0.9300|2:1.0300|3:0.9400|4:0.9500|5:1.1000|6:0.8200|,Kadir Bulut:4:42907|Kadir Bulut:4:44611|Kadir Bulut:4:46463,22937624,8,1827393,3,732,365,34.107335486166,34.629664629787314,none,4401276
Dengeli,21,1461,2015,3,16473,14376,2097,66723,2173,548,0,0,1885,36002815,23533804,12271243,4191840,906590,947218,1107115,0,0,5118480,24782064,13158482,889363,10734219,10734219,900676,20752963,1175322,0,1105184,21314349,0,4.0,0.0,2.0,1.0,1.0,575.3343711589041,593.7247819671232,376.63075960821914,375.42166872876714,574.5906600328767,1.2972740301369863,24.069146600000003,1.0,1.0,1.0,1.0,none,0:1.0500|1:0.9300|2:1.0300|3:0.9400|4:0.9500|5:1.1000|6:0.8200|,Kadir Bulut:4:46463|Kadir Bulut:4:48421|Yasemin Akgül:6:18272|Kadir Bulut:4:50546|Yasemin Akgül:6:19074,23793650,8,1992768,4,1097,365,34.08412092221122,34.537066010923965,none,3125712
Dengeli,21,1827,2016,3,16467,14075,2392,66565,2191,554,0,0,2149,38430781,25132491,13069644,4386636,950436,1028970,1202786,0,5832,5494984,46985307,27561830,803576,18619901,17971582,1022154,41820427,1272858,0,1320992,26486250,0,4.0,0.0,2.0,1.0,1.0,618.6183557950819,643.3525831393442,405.0033531748634,403.74056135519123,618.6294087978142,1.4053722759562843,23.70220094535519,1.0,1.0,1.0,1.0,none,0:1.0500|1:0.9250|2:1.0300|3:0.9350|4:0.9450|5:1.1000|6:0.8200|,Kadir Bulut:4:50546|Yasemin Akgül:6:19074|Kadir Bulut:4:52799|Yasemin Akgül:6:19923|Kadir Bulut:4:55255|Yasemin Akgül:6:20851,25428764,13,2158143,5,1462,366,34.00827060995716,34.53098354084061,none,3336841
Dengeli,21,2192,2017,3,16961,14351,2610,66899,2128,545,0,0,2427,43057554,27925705,14896508,4612840,1001350,1116944,1305503,0,4150,6855721,220541692,152116118,762631,67662943,68311262,1129360,122613815,1404537,0,1559129,28966428,0,4.0,0.0,2.0,1.0,1.0,675.0933998273972,700.1220423863014,438.7841841890411,437.28493149863016,674.2458281397261,1.5297444164383562,22.60014581369863,1.0,1.0,1.0,1.0,none,0:1.0500|1:0.9300|2:1.0300|3:0.9400|4:0.9500|5:1.1000|6:0.8200|,Kadir Bulut:4:55255|Yasemin Akgül:6:20851|Kadir Bulut:4:57853|Yasemin Akgül:6:21831|Kadir Bulut:4:61078|Yasemin Akgül:6:23048,28276394,25,2381400,6,1828,365,34.596735337079295,35.00392918946827,none,4474321
Dengeli,21,2557,2018,3,17997,14870,3127,71660,2167,641,0,3,2888,49286752,31808061,17187289,5165940,1125798,1231749,1439665,0,50259,8173878,659966589,464373056,475367,195118166,195118166,1413214,312498115,1560597,0,1823726,32224635,0,3.9945205479452053,0.0,2.0,0.9945205479452055,1.0,740.9458281945206,771.9694893890411,478.1393524273972,476.6511830767123,738.7871731123288,1.6867796027397262,23.345877202739725,1.0,1.0,1.0,1.0,none,0:1.0500|1:0.9100|2:1.0300|3:0.9200|4:0.9300|5:1.1000|6:0.8200|,Kadir Bulut:4:61078|Yasemin Akgül:6:23048|Kadir Bulut:4:64538|Yasemin Akgül:6:24354|Kadir Bulut:4:68136|Yasemin Akgül:6:25712,32190094,42,2646000,7,2193,365,34.872026056819486,35.46905398030377,none,5527878
Dengeli,21,2922,2019,3,18841,15235,3606,76808,2188,716,0,13,3364,57053089,36818492,19930881,5678840,1241382,1367651,1598486,0,19596,10024926,1509763733,1047100931,213063,462449739,462449739,1243320,888879244,1745916,0,2119742,41737917,0,4.0,0.0,2.0,1.0,1.0,817.8057285369863,857.1550435643836,524.8216687643836,523.1946450821919,815.1085928027397,1.872964882191781,25.6075007369863,1.0,1.0,1.0,1.0,none,0:1.0500|1:0.9300|2:1.0300|3:0.9400|4:0.9500|5:1.1000|6:0.8200|,Kadir Bulut:4:68136|Yasemin Akgül:6:25712|Kadir Bulut:4:71994|Yasemin Akgül:6:27168|Ayşe Kocabaş:1:17288|Kadir Bulut:4:77355|Yasemin Akgül:6:29191|Ayşe Kocabaş:1:18576|Ayşe Doğan:1:20301|Meltem Yıldız:1:17912|Erdem Aktaş:2:41265|Hülya Güneş:1:19638|Ufuk Özdemir:1:18178,37259204,70,2960211,8,2558,365,34.93392093108228,35.82563065396186,none,7064715
Dengeli,21,3288,2020,3,16331,12921,3410,61194,2278,498,0,0,3114,53935918,34891303,18687270,6820186,1498181,1557438,1820505,0,86578,6904382,1771706536,1086099783,6643,685600110,685600110,1453454,1151094458,2014146,0,2461238,268608414,0,3.9863387978142075,0.0,2.0,0.9863387978142076,1.0,937.0504222677596,973.5506706338798,607.9754098142076,604.0425981147541,934.4663437704918,2.126791852459016,19.62865269125683,0.9972677595628415,0.9972677595628415,1.1211407103825135,0.962290568306011,1,0:1.0500|1:0.9300|2:1.0300|3:0.9400|4:0.9500|5:1.1000|6:0.8200|,Kadir Bulut:4:77355|Yasemin Akgül:6:29191|Ayşe Kocabaş:1:18576|Ayşe Doğan:1:20301|Meltem Yıldız:1:17912|Erdem Aktaş:2:41265|Hülya Güneş:1:19638|Ufuk Özdemir:1:18178|Sinan Kara:1:18708|Dilek Er:2:36886|Tuncay Şahin:1:20567|Mustafa Aksoy:1:20965|Onur Tekin:1:18178|Hasan Kalkan:2:38877|Dilek Öztürk:1:19106|Ahmet Yıldırım:2:37284|Seda Güneş:3:55728|Burak Öztürk:1:19770|Onur Korkmaz:1:20301|Kadir Bulut:4:83208|Yasemin Akgül:6:31399|Ayşe Kocabaş:1:19981|Ayşe Doğan:1:21837|Meltem Yıldız:1:19268|Erdem Aktaş:2:44387|Hülya Güneş:1:21123|Ufuk Özdemir:1:19553|Sinan Kara:1:20124|Dilek Er:2:39677|Tuncay Şahin:1:22122|Mustafa Aksoy:1:22550|Onur Tekin:1:19553|Hasan Kalkan:2:41818|Dilek Öztürk:1:20552|Ahmet Yıldırım:2:40105|Seda Güneş:3:59944|Burak Öztürk:1:21266|Onur Korkmaz:1:21837|Tuğba Turan:1:21123|Seda Uysal:1:19125|Hasan Er:1:20124|Halil Kalkan:1:18839|Kadir Şahin:2:40962|Yusuf Bulut:3:62798|Ayşe Tekin:1:22550|Ayşe Soylu:1:19696|Pınar Koç:1:21266|Zeynep Şahin:2:38678|Meltem Özkan:1:20410|Murat Arslan:2:39677|Emine Bulut:1:20695|Kadir Bulut:4:89438|Yasemin Akgül:6:33750|Ayşe Kocabaş:1:21478|Ayşe Doğan:1:23472|Meltem Yıldız:1:20710|Erdem Aktaş:2:47710|Hülya Güneş:1:22704|Ufuk Özdemir:1:21017|Sinan Kara:1:21631|Dilek Er:2:42648|Tuncay Şahin:1:23778|Mustafa Aksoy:1:24239|Onur Tekin:1:21017|Hasan Kalkan:2:44949|Dilek Öztürk:1:22090|Ahmet Yıldırım:2:43108|Seda Güneş:3:64433|Burak Öztürk:1:22858|Onur Korkmaz:1:23472|Tuğba Turan:1:22704|Seda Uysal:1:20557|Hasan Er:1:21631|Halil Kalkan:1:20250|Kadir Şahin:2:44029|Yusuf Bulut:3:67500|Ayşe Tekin:1:24239|Ayşe Soylu:1:21170|Pınar Koç:1:22858|Zeynep Şahin:2:41574|Meltem Özkan:1:21937|Murat Arslan:2:42648|Emine Bulut:1:22245,35427696,129,3414996,9,2923,366,34.64717148227643,35.118175568093356,none|0|1,3489386
Dengeli,21,3653,2021,3,15498,11705,3793,55200,3149,407,0,2,3437,55936060,36224244,19386083,7760740,1709935,1786026,2087541,0,46014,5995827,1752509669,861331210,0,891178459,891178459,1557184,1616790850,2316513,0,2854001,399020634,0,4.0,0.0,2.0,1.0,1.0,1076.2889165095892,1119.5062266876712,696.7443338273972,694.2805728246575,1072.0515566657534,2.4456721561643837,19.46647207671233,0.910958904109589,0.910958904109589,1.0963356164383562,0.812669194520548,none,0:1.0500|1:0.9300|2:1.0300|3:0.9400|4:0.9500|5:1.1000|6:0.8200|,Kadir Bulut:4:89438|Yasemin Akgül:6:33750|Ayşe Kocabaş:1:21478|Ayşe Doğan:1:23472|Meltem Yıldız:1:20710|Erdem Aktaş:2:47710|Hülya Güneş:1:22704|Ufuk Özdemir:1:21017|Sinan Kara:1:21631|Dilek Er:2:42648|Tuncay Şahin:1:23778|Mustafa Aksoy:1:24239|Onur Tekin:1:21017|Hasan Kalkan:2:44949|Dilek Öztürk:1:22090|Ahmet Yıldırım:2:43108|Seda Güneş:3:64433|Burak Öztürk:1:22858|Onur Korkmaz:1:23472|Tuğba Turan:1:22704|Seda Uysal:1:20557|Hasan Er:1:21631|Halil Kalkan:1:20250|Kadir Şahin:2:44029|Yusuf Bulut:3:67500|Ayşe Tekin:1:24239|Ayşe Soylu:1:21170|Pınar Koç:1:22858|Zeynep Şahin:2:41574|Meltem Özkan:1:21937|Murat Arslan:2:42648|Emine Bulut:1:22245|Kadir Bulut:4:96205|Yasemin Akgül:6:36304|Ayşe Kocabaş:1:23102|Ayşe Doğan:1:25247|Meltem Yıldız:1:22278|Erdem Aktaş:2:51320|Hülya Güneş:1:24423|Ufuk Özdemir:1:22607|Sinan Kara:1:23268|Dilek Er:2:45875|Tuncay Şahin:1:25578|Mustafa Aksoy:1:26073|Onur Tekin:1:22607|Hasan Kalkan:2:48351|Dilek Öztürk:1:23763|Ahmet Yıldırım:2:46370|Seda Güneş:3:69308|Burak Öztürk:1:24588|Onur Korkmaz:1:25247|Tuğba Turan:1:24423|Seda Uysal:1:22112|Hasan Er:1:23268|Halil Kalkan:1:21783|Kadir Şahin:2:47360|Yusuf Bulut:3:72608|Ayşe Tekin:1:26073|Ayşe Soylu:1:22773|Pınar Koç:1:24588|Zeynep Şahin:2:44720|Meltem Özkan:1:23597|Murat Arslan:2:45875|Emine Bulut:1:23928|Kadir Bulut:4:102023|Yasemin Akgül:6:38499|Ayşe Kocabaş:1:24500|Ayşe Doğan:1:26775|Meltem Yıldız:1:23624|Erdem Aktaş:2:54424|Hülya Güneş:1:25899|Ufuk Özdemir:1:23974|Sinan Kara:1:24674|Dilek Er:2:48650|Tuncay Şahin:1:27124|Mustafa Aksoy:1:27649|Onur Tekin:1:23974|Hasan Kalkan:2:51274|Dilek Öztürk:1:25199|Ahmet Yıldırım:2:49174|Seda Güneş:3:73499|Burak Öztürk:1:26074|Onur Korkmaz:1:26775|Tuğba Turan:1:25899|Seda Uysal:1:23450|Hasan Er:1:24674|Halil Kalkan:1:23100|Kadir Şahin:2:50224|Yusuf Bulut:3:76999|Ayşe Tekin:1:27649|Ayşe Soylu:1:24150|Pınar Koç:1:26074|Zeynep Şahin:2:47425|Meltem Özkan:1:25024|Murat Arslan:2:48650|Emine Bulut:1:25375,36180134,189,3927657,10,3289,365,34.65757688331999,35.26419132077074,1|none,2068170
Dengeli,21,4018,2022,3,12835,9719,3116,47847,1727,209,0,0,2919,57608016,36104077,20975776,8411090,1856227,2020716,2361751,214340,266121,6059871,1773344908,698889594,0,1074455314,1056442120,1642038,1813300495,2633514,0,3300515,453581651,0,3.9917808219178084,0.0,2.0,0.9917808219178083,1.0,1226.003113328767,1266.5896637890412,773.5054794575343,769.2234122219178,1222.0616438136985,2.767170980821918,18.792635079452054,1.0,1.0,1.0,1.0,2,0:1.0500|1:0.9300|2:1.0300|3:0.9400|4:0.9500|5:1.1000|6:0.8200|,Kadir Bulut:4:102023|Yasemin Akgül:6:38499|Ayşe Kocabaş:1:24500|Ayşe Doğan:1:26775|Meltem Yıldız:1:23624|Erdem Aktaş:2:54424|Hülya Güneş:1:25899|Ufuk Özdemir:1:23974|Sinan Kara:1:24674|Dilek Er:2:48650|Tuncay Şahin:1:27124|Mustafa Aksoy:1:27649|Onur Tekin:1:23974|Hasan Kalkan:2:51274|Dilek Öztürk:1:25199|Ahmet Yıldırım:2:49174|Seda Güneş:3:73499|Burak Öztürk:1:26074|Onur Korkmaz:1:26775|Tuğba Turan:1:25899|Seda Uysal:1:23450|Hasan Er:1:24674|Halil Kalkan:1:23100|Kadir Şahin:2:50224|Yusuf Bulut:3:76999|Ayşe Tekin:1:27649|Ayşe Soylu:1:24150|Pınar Koç:1:26074|Zeynep Şahin:2:47425|Meltem Özkan:1:25024|Murat Arslan:2:48650|Emine Bulut:1:25375|Kadir Bulut:4:108289|Yasemin Akgül:6:40864|Ayşe Kocabaş:1:26004|Ayşe Doğan:1:28419|Meltem Yıldız:1:25076|Erdem Aktaş:2:57766|Hülya Güneş:1:27490|Ufuk Özdemir:1:25447|Sinan Kara:1:26190|Dilek Er:2:51637|Tuncay Şahin:1:28790|Mustafa Aksoy:1:29347|Onur Tekin:1:25447|Hasan Kalkan:2:54423|Dilek Öztürk:1:26747|Ahmet Yıldırım:2:52194|Seda Güneş:3:78013|Burak Öztürk:1:27676|Onur Korkmaz:1:28419|Tuğba Turan:1:27490|Seda Uysal:1:24890|Hasan Er:1:26190|Halil Kalkan:1:24518|Kadir Şahin:2:53308|Yusuf Bulut:3:81727|Ayşe Tekin:1:29347|Ayşe Soylu:1:25633|Pınar Koç:1:27676|Zeynep Şahin:2:50336|Meltem Özkan:1:26562|Murat Arslan:2:51637|Emine Bulut:1:26933|Kadir Bulut:4:118342|Yasemin Akgül:6:44657|Ayşe Kocabaş:1:28419|Ayşe Doğan:1:31057|Meltem Yıldız:1:27403|Erdem Aktaş:2:63129|Hülya Güneş:1:30042|Ufuk Özdemir:1:27810|Sinan Kara:1:28621|Dilek Er:2:56431|Tuncay Şahin:1:31463|Mustafa Aksoy:1:32072|Onur Tekin:1:27810|Hasan Kalkan:2:59475|Dilek Öztürk:1:29230|Ahmet Yıldırım:2:57040|Seda Güneş:3:85255|Burak Öztürk:1:30245|Onur Korkmaz:1:31057|Tuğba Turan:1:30042|Seda Uysal:1:27200|Hasan Er:1:28621|Halil Kalkan:1:26794|Kadir Şahin:2:58257|Yusuf Bulut:3:89315|Ayşe Tekin:1:32072|Ayşe Soylu:1:28012|Pınar Koç:1:30245|Zeynep Şahin:2:55010|Meltem Özkan:1:29028|Murat Arslan:2:56431|Emine Bulut:1:29433,31426822,188,4465119,11,3654,365,36.4112105509761,36.90835928162037,none|2,1594752
Dengeli,21,4383,2023,3,13645,10244,3401,50891,2134,240,0,0,3136,71404779,44596775,26217162,10147340,2247257,2355118,2752604,201089,303525,8411318,2161153650,942792027,0,1218361623,1236374817,1550766,2361251073,3160215,0,3836330,542419558,0,3.9972602739726026,0.0,2.0,0.9972602739726028,1.0,1428.3773349150686,1475.9140722849313,900.8767122164382,893.0684931534247,1421.0488168986303,3.224446906849315,18.387064421917806,0.9778082191780821,0.9778082191780821,1.0,0.9682534246575343,3,0:1.0500|1:0.9300|2:1.0300|3:0.9400|4:0.9500|5:1.1000|6:0.8200|,Kadir Bulut:4:118342|Yasemin Akgül:6:44657|Ayşe Kocabaş:1:28419|Ayşe Doğan:1:31057|Meltem Yıldız:1:27403|Erdem Aktaş:2:63129|Hülya Güneş:1:30042|Ufuk Özdemir:1:27810|Sinan Kara:1:28621|Dilek Er:2:56431|Tuncay Şahin:1:31463|Mustafa Aksoy:1:32072|Onur Tekin:1:27810|Hasan Kalkan:2:59475|Dilek Öztürk:1:29230|Ahmet Yıldırım:2:57040|Seda Güneş:3:85255|Burak Öztürk:1:30245|Onur Korkmaz:1:31057|Tuğba Turan:1:30042|Seda Uysal:1:27200|Hasan Er:1:28621|Halil Kalkan:1:26794|Kadir Şahin:2:58257|Yusuf Bulut:3:89315|Ayşe Tekin:1:32072|Ayşe Soylu:1:28012|Pınar Koç:1:30245|Zeynep Şahin:2:55010|Meltem Özkan:1:29028|Murat Arslan:2:56431|Emine Bulut:1:29433|Kadir Bulut:4:129508|Yasemin Akgül:6:48871|Ayşe Kocabaş:1:31100|Ayşe Doğan:1:33988|Meltem Yıldız:1:29989|Erdem Aktaş:2:69086|Hülya Güneş:1:32877|Ufuk Özdemir:1:30434|Sinan Kara:1:31322|Dilek Er:2:61755|Tuncay Şahin:1:34432|Mustafa Aksoy:1:35099|Onur Tekin:1:30434|Hasan Kalkan:2:65087|Dilek Öztürk:1:31988|Ahmet Yıldırım:2:62421|Seda Güneş:3:93300|Burak Öztürk:1:33099|Onur Korkmaz:1:33988|Tuğba Turan:1:32877|Seda Uysal:1:29767|Hasan Er:1:31322|Halil Kalkan:1:29323|Kadir Şahin:2:63754|Yusuf Bulut:3:97742|Ayşe Tekin:1:35099|Ayşe Soylu:1:30656|Pınar Koç:1:33099|Zeynep Şahin:2:60200|Meltem Özkan:1:31767|Murat Arslan:2:61755|Emine Bulut:1:32210|Kadir Bulut:4:147875|Yasemin Akgül:6:55801|Ayşe Kocabaş:1:35510|Ayşe Doğan:1:38808|Meltem Yıldız:1:34242|Erdem Aktaş:2:78883|Hülya Güneş:1:37539|Ufuk Özdemir:1:34750|Sinan Kara:1:35764|Dilek Er:2:70513|Tuncay Şahin:1:39315|Mustafa Aksoy:1:40076|Onur Tekin:1:34750|Hasan Kalkan:2:74317|Dilek Öztürk:1:36525|Ahmet Yıldırım:2:71274|Seda Güneş:3:106531|Burak Öztürk:1:37792|Onur Korkmaz:1:38808|Tuğba Turan:1:37539|Seda Uysal:1:33989|Hasan Er:1:35764|Halil Kalkan:1:33480|Kadir Şahin:2:72796|Yusuf Bulut:3:111604|Ayşe Tekin:1:40076|Ayşe Soylu:1:35003|Pınar Koç:1:37792|Zeynep Şahin:2:68737|Meltem Özkan:1:36271|Murat Arslan:2:70513|Emine Bulut:1:36778,40433590,182,5358147,12,4019,365,36.716256764830824,36.930061112317745,2|none|3,3053171
Dengeli,21,4749,2024,3,15418,11503,3915,57078,2714,405,0,0,3529,97766054,61150479,36057536,13305286,2958144,2976693,3479760,0,476695,12860958,3493426387,1669706579,0,1823719808,1823719808,2161750,3449403993,4086819,0,4529249,702090798,0,3.9945355191256833,0.0,2.0,0.994535519125683,1.0,1791.6089169672132,1860.2167163060108,1131.943988896175,1121.1785891639345,1781.2586934945357,4.063567980874317,18.610499827868853,0.95,0.95,1.0,0.925,3,0:1.0500|1:0.9300|2:1.0300|3:0.9400|4:0.9500|5:1.1000|6:0.8200|,Kadir Bulut:4:147875|Yasemin Akgül:6:55801|Ayşe Kocabaş:1:35510|Ayşe Doğan:1:38808|Meltem Yıldız:1:34242|Erdem Aktaş:2:78883|Hülya Güneş:1:37539|Ufuk Özdemir:1:34750|Sinan Kara:1:35764|Dilek Er:2:70513|Tuncay Şahin:1:39315|Mustafa Aksoy:1:40076|Onur Tekin:1:34750|Hasan Kalkan:2:74317|Dilek Öztürk:1:36525|Ahmet Yıldırım:2:71274|Seda Güneş:3:106531|Burak Öztürk:1:37792|Onur Korkmaz:1:38808|Tuğba Turan:1:37539|Seda Uysal:1:33989|Hasan Er:1:35764|Halil Kalkan:1:33480|Kadir Şahin:2:72796|Yusuf Bulut:3:111604|Ayşe Tekin:1:40076|Ayşe Soylu:1:35003|Pınar Koç:1:37792|Zeynep Şahin:2:68737|Meltem Özkan:1:36271|Murat Arslan:2:70513|Emine Bulut:1:36778|Kadir Bulut:4:169202|Yasemin Akgül:6:63849|Ayşe Kocabaş:1:40632|Ayşe Doğan:1:44405|Meltem Yıldız:1:39180|Erdem Aktaş:2:90260|Hülya Güneş:1:42953|Ufuk Özdemir:1:39761|Sinan Kara:1:40922|Dilek Er:2:80683|Tuncay Şahin:1:44986|Mustafa Aksoy:1:45855|Onur Tekin:1:39761|Hasan Kalkan:2:85037|Dilek Öztürk:1:41793|Ahmet Yıldırım:2:81554|Seda Güneş:3:121895|Burak Öztürk:1:43244|Onur Korkmaz:1:44405|Tuğba Turan:1:42953|Seda Uysal:1:38890|Hasan Er:1:40922|Halil Kalkan:1:38309|Kadir Şahin:2:83295|Yusuf Bulut:3:127700|Ayşe Tekin:1:45855|Ayşe Soylu:1:40051|Pınar Koç:1:43244|Zeynep Şahin:2:78651|Meltem Özkan:1:41503|Murat Arslan:2:80683|Emine Bulut:1:42082|Kadir Bulut:4:193337|Yasemin Akgül:6:72957|Ayşe Kocabaş:1:46427|Ayşe Doğan:1:50738|Meltem Yıldız:1:44769|Erdem Aktaş:2:103135|Hülya Güneş:1:49081|Ufuk Özdemir:1:45433|Sinan Kara:1:46759|Dilek Er:2:92191|Tuncay Şahin:1:51402|Mustafa Aksoy:1:52397|Onur Tekin:1:45433|Hasan Kalkan:2:97166|Dilek Öztürk:1:47754|Ahmet Yıldırım:2:93186|Seda Güneş:3:139282|Burak Öztürk:1:49412|Onur Korkmaz:1:50738|Tuğba Turan:1:49081|Seda Uysal:1:44438|Hasan Er:1:46759|Halil Kalkan:1:43774|Kadir Şahin:2:95176|Yusuf Bulut:3:145915|Ayşe Tekin:1:52397|Ayşe Soylu:1:45764|Pınar Koç:1:49412|Zeynep Şahin:2:89870|Meltem Özkan:1:47422|Murat Arslan:2:92191|Emine Bulut:1:48085,58825248,192,6929208,13,4384,366,36.881447623937035,36.819694400031295,3,5931750
Dengeli,21,5114,2025,3,14638,10857,3781,53841,2805,317,0,0,3355,120900185,75207358,44853463,19029340,4246448,3858922,4510733,170895,571262,12636758,4317535035,1931716989,0,2385818046,2385818046,437316,4532099601,5310912,0,5429711,911217864,0,4.0,0.0,2.0,1.0,1.0,2343.894769608219,2417.810087145205,1475.5902863260276,1462.0338729780822,2327.841095843836,5.2824687753424655,17.95833762191781,0.9554794520547946,0.9554794520547946,1.0,0.9300342465753425,none,0:1.0500|1:0.9300|2:1.0300|3:0.9400|4:0.9500|5:1.1000|6:0.8200|,Kadir Bulut:4:193337|Yasemin Akgül:6:72957|Ayşe Kocabaş:1:46427|Ayşe Doğan:1:50738|Meltem Yıldız:1:44769|Erdem Aktaş:2:103135|Hülya Güneş:1:49081|Ufuk Özdemir:1:45433|Sinan Kara:1:46759|Dilek Er:2:92191|Tuncay Şahin:1:51402|Mustafa Aksoy:1:52397|Onur Tekin:1:45433|Hasan Kalkan:2:97166|Dilek Öztürk:1:47754|Ahmet Yıldırım:2:93186|Seda Güneş:3:139282|Burak Öztürk:1:49412|Onur Korkmaz:1:50738|Tuğba Turan:1:49081|Seda Uysal:1:44438|Hasan Er:1:46759|Halil Kalkan:1:43774|Kadir Şahin:2:95176|Yusuf Bulut:3:145915|Ayşe Tekin:1:52397|Ayşe Soylu:1:45764|Pınar Koç:1:49412|Zeynep Şahin:2:89870|Meltem Özkan:1:47422|Murat Arslan:2:92191|Emine Bulut:1:48085|Kadir Bulut:4:221225|Yasemin Akgül:6:83481|Ayşe Kocabaş:1:53125|Ayşe Doğan:1:58058|Meltem Yıldız:1:51227|Erdem Aktaş:2:118012|Hülya Güneş:1:56160|Ufuk Özdemir:1:51987|Sinan Kara:1:53504|Dilek Er:2:105490|Tuncay Şahin:1:58816|Mustafa Aksoy:1:59955|Onur Tekin:1:51987|Hasan Kalkan:2:111182|Dilek Öztürk:1:54642|Ahmet Yıldırım:2:106628|Seda Güneş:3:159372|Burak Öztürk:1:56540|Onur Korkmaz:1:58058|Tuğba Turan:1:56160|Seda Uysal:1:50847|Hasan Er:1:53504|Halil Kalkan:1:50089|Kadir Şahin:2:108905|Yusuf Bulut:3:166963|Ayşe Tekin:1:59955|Ayşe Soylu:1:52365|Pınar Koç:1:56540|Zeynep Şahin:2:102834|Meltem Özkan:1:54263|Murat Arslan:2:105490|Emine Bulut:1:55022|Kadir Bulut:4:247733|Yasemin Akgül:6:93483|Ayşe Kocabaş:1:59490|Ayşe Doğan:1:65014|Meltem Yıldız:1:57366|Erdem Aktaş:2:132152|Hülya Güneş:1:62889|Ufuk Özdemir:1:58214|Sinan Kara:1:59915|Dilek Er:2:118129|Tuncay Şahin:1:65863|Mustafa Aksoy:1:67139|Onur Tekin:1:58214|Hasan Kalkan:2:124504|Dilek Öztürk:1:61190|Ahmet Yıldırım:2:119404|Seda Güneş:3:178469|Burak Öztürk:1:63314|Onur Korkmaz:1:65014|Tuğba Turan:1:62889|Seda Uysal:1:56940|Hasan Er:1:59915|Halil Kalkan:1:56090|Kadir Şahin:2:121954|Yusuf Bulut:3:186968|Ayşe Tekin:1:67139|Ayşe Soylu:1:58640|Pınar Koç:1:63314|Zeynep Şahin:2:115155|Meltem Özkan:1:60765|Murat Arslan:2:118129|Emine Bulut:1:61614,71578176,199,9004665,14,4750,365,37.09958177483351,37.04536972141152,3|none,3632093
Dengeli,21,5479,2026,3,15430,11654,3776,58298,1526,353,0,0,3592,166876142,105235683,60770336,21473240,4796257,4885747,5710984,0,731438,23172670,6628941578,3401114417,0,3227827161,3227827161,4682930,5958758377,6608166,0,6550127,1140589705,0,4.0,0.0,2.0,1.0,1.0,2949.671232893151,3061.834371060274,1874.726276471233,1860.4308841726029,2937.220049819178,6.689046424657534,18.35954395068493,1.0473972602739727,1.0473972602739727,1.0,1.104332191780822,4,0:1.0500|1:0.9300|2:1.0300|3:0.9400|4:0.9500|5:1.1000|6:0.8200|,Kadir Bulut:4:247733|Yasemin Akgül:6:93483|Ayşe Kocabaş:1:59490|Ayşe Doğan:1:65014|Meltem Yıldız:1:57366|Erdem Aktaş:2:132152|Hülya Güneş:1:62889|Ufuk Özdemir:1:58214|Sinan Kara:1:59915|Dilek Er:2:118129|Tuncay Şahin:1:65863|Mustafa Aksoy:1:67139|Onur Tekin:1:58214|Hasan Kalkan:2:124504|Dilek Öztürk:1:61190|Ahmet Yıldırım:2:119404|Seda Güneş:3:178469|Burak Öztürk:1:63314|Onur Korkmaz:1:65014|Tuğba Turan:1:62889|Seda Uysal:1:56940|Hasan Er:1:59915|Halil Kalkan:1:56090|Kadir Şahin:2:121954|Yusuf Bulut:3:186968|Ayşe Tekin:1:67139|Ayşe Soylu:1:58640|Pınar Koç:1:63314|Zeynep Şahin:2:115155|Meltem Özkan:1:60765|Murat Arslan:2:118129|Emine Bulut:1:61614|Kadir Bulut:4:277913|Yasemin Akgül:6:104873|Ayşe Kocabaş:1:66738|Ayşe Doğan:1:72934|Meltem Yıldız:1:64354|Erdem Aktaş:2:148252|Hülya Güneş:1:70551|Ufuk Özdemir:1:65307|Sinan Kara:1:67215|Dilek Er:2:132522|Tuncay Şahin:1:73888|Mustafa Aksoy:1:75318|Onur Tekin:1:65307|Hasan Kalkan:2:139672|Dilek Öztürk:1:68644|Ahmet Yıldırım:2:133951|Seda Güneş:3:200213|Burak Öztürk:1:71028|Onur Korkmaz:1:72934|Tuğba Turan:1:70551|Seda Uysal:1:63878|Hasan Er:1:67215|Halil Kalkan:1:62923|Kadir Şahin:2:136812|Yusuf Bulut:3:209746|Ayşe Tekin:1:75318|Ayşe Soylu:1:65784|Pınar Koç:1:71028|Zeynep Şahin:2:129185|Meltem Özkan:1:68168|Murat Arslan:2:132522|Emine Bulut:1:69121|Kadir Bulut:4:297317|Yasemin Akgül:6:112195|Ayşe Kocabaş:1:71397|Ayşe Doğan:1:78026|Meltem Yıldız:1:68847|Erdem Aktaş:2:158603|Hülya Güneş:1:75477|Ufuk Özdemir:1:69867|Sinan Kara:1:71907|Dilek Er:2:141774|Tuncay Şahin:1:79047|Mustafa Aksoy:1:80577|Onur Tekin:1:69867|Hasan Kalkan:2:149424|Dilek Öztürk:1:73438|Ahmet Yıldırım:2:143304|Seda Güneş:3:214191|Burak Öztürk:1:75987|Onur Korkmaz:1:78026|Tuğba Turan:1:75477|Seda Uysal:1:68337|Hasan Er:1:71907|Halil Kalkan:1:67317|Kadir Şahin:2:146364|Yusuf Bulut:3:224391|Ayşe Tekin:1:80577|Ayşe Soylu:1:70377|Pınar Koç:1:75987|Zeynep Şahin:2:138204|Meltem Özkan:1:72927|Murat Arslan:2:141774|Emine Bulut:1:73947,102130858,219,11204151,15,5115,365,36.41643153519213,36.44287351195986,none|4,11968519
Dengeli,21,5844,2027,3,15220,11482,3738,56659,1799,379,0,0,3516,188730344,119950789,67776556,24222190,5414484,5754744,6726246,0,1165898,24492994,7555608491,3565047675,0,3990560816,3990560816,5003752,7345547656,7637187,0,7845014,1322345501,0,3.9808219178082194,0.0,2.0,0.9808219178082191,1.0,3459.457658720548,3607.179950112329,2210.437110890411,2199.7006226739727,3454.458032405479,7.880437986301369,18.677579515068494,1.0026027397260273,1.0026027397260273,1.0,1.0106335616438358,none,0:1.0500|1:0.9300|2:1.0300|3:0.9400|4:0.9500|5:1.1000|6:0.8200|,Kadir Bulut:4:297317|Yasemin Akgül:6:112195|Ayşe Kocabaş:1:71397|Ayşe Doğan:1:78026|Meltem Yıldız:1:68847|Erdem Aktaş:2:158603|Hülya Güneş:1:75477|Ufuk Özdemir:1:69867|Sinan Kara:1:71907|Dilek Er:2:141774|Tuncay Şahin:1:79047|Mustafa Aksoy:1:80577|Onur Tekin:1:69867|Hasan Kalkan:2:149424|Dilek Öztürk:1:73438|Ahmet Yıldırım:2:143304|Seda Güneş:3:214191|Burak Öztürk:1:75987|Onur Korkmaz:1:78026|Tuğba Turan:1:75477|Seda Uysal:1:68337|Hasan Er:1:71907|Halil Kalkan:1:67317|Kadir Şahin:2:146364|Yusuf Bulut:3:224391|Ayşe Tekin:1:80577|Ayşe Soylu:1:70377|Pınar Koç:1:75987|Zeynep Şahin:2:138204|Meltem Özkan:1:72927|Murat Arslan:2:141774|Emine Bulut:1:73947|Kadir Bulut:4:318406|Yasemin Akgül:6:120153|Ayşe Kocabaş:1:76461|Ayşe Doğan:1:83561|Meltem Yıldız:1:73730|Erdem Aktaş:2:169852|Hülya Güneş:1:80830|Ufuk Özdemir:1:74823|Sinan Kara:1:77007|Dilek Er:2:151830|Tuncay Şahin:1:84654|Mustafa Aksoy:1:86291|Onur Tekin:1:74823|Hasan Kalkan:2:160022|Dilek Öztürk:1:78646|Ahmet Yıldırım:2:153468|Seda Güneş:3:229384|Burak Öztürk:1:81377|Onur Korkmaz:1:83561|Tuğba Turan:1:80830|Seda Uysal:1:73184|Hasan Er:1:77007|Halil Kalkan:1:72092|Kadir Şahin:2:156745|Yusuf Bulut:3:240306|Ayşe Tekin:1:86291|Ayşe Soylu:1:75369|Pınar Koç:1:81377|Zeynep Şahin:2:148007|Meltem Özkan:1:78100|Murat Arslan:2:151830|Emine Bulut:1:79191|Kadir Bulut:4:337660|Yasemin Akgül:6:127418|Ayşe Kocabaş:1:81085|Ayşe Doğan:1:88614|Meltem Yıldız:1:78189|Erdem Aktaş:2:180124|Hülya Güneş:1:85718|Ufuk Özdemir:1:79347|Sinan Kara:1:81663|Dilek Er:2:161012|Tuncay Şahin:1:89773|Mustafa Aksoy:1:91510|Onur Tekin:1:79347|Hasan Kalkan:2:169699|Dilek Öztürk:1:83402|Ahmet Yıldırım:2:162749|Seda Güneş:3:243254|Burak Öztürk:1:86298|Onur Korkmaz:1:88614|Tuğba Turan:1:85718|Seda Uysal:1:77610|Hasan Er:1:81663|Halil Kalkan:1:76451|Kadir Şahin:2:166224|Yusuf Bulut:3:254838|Ayşe Tekin:1:91510|Ayşe Soylu:1:79926|Pınar Koç:1:86298|Zeynep Şahin:2:156957|Meltem Özkan:1:82822|Murat Arslan:2:161012|Emine Bulut:1:83981,114247902,231,12948861,16,5480,365,35.91184891815807,36.10451900405906,4|none,11544133
Dengeli,21,6210,2028,3,14942,11329,3613,56190,1891,353,0,2,3403,213304803,135689647,76344512,31734136,7104532,6504092,7602820,35700,814004,22584928,7748713261,3133018682,0,4615694579,4615694579,5489092,8105046074,8593050,0,9301964,1494237231,0,4.0,0.0,2.0,1.0,1.0,3896.488450068306,4065.9817435983605,2483.4542970846996,2473.1924987322404,3885.6813213825135,8.882704980874315,18.793751713114755,1.0,1.0,1.0,1.0,none,0:1.0500|1:0.9300|2:1.0300|3:0.9400|4:0.9500|5:1.1000|6:0.8200|,Kadir Bulut:4:337660|Yasemin Akgül:6:127418|Ayşe Kocabaş:1:81085|Ayşe Doğan:1:88614|Meltem Yıldız:1:78189|Erdem Aktaş:2:180124|Hülya Güneş:1:85718|Ufuk Özdemir:1:79347|Sinan Kara:1:81663|Dilek Er:2:161012|Tuncay Şahin:1:89773|Mustafa Aksoy:1:91510|Onur Tekin:1:79347|Hasan Kalkan:2:169699|Dilek Öztürk:1:83402|Ahmet Yıldırım:2:162749|Seda Güneş:3:243254|Burak Öztürk:1:86298|Onur Korkmaz:1:88614|Tuğba Turan:1:85718|Seda Uysal:1:77610|Hasan Er:1:81663|Halil Kalkan:1:76451|Kadir Şahin:2:166224|Yusuf Bulut:3:254838|Ayşe Tekin:1:91510|Ayşe Soylu:1:79926|Pınar Koç:1:86298|Zeynep Şahin:2:156957|Meltem Özkan:1:82822|Murat Arslan:2:161012|Emine Bulut:1:83981|Kadir Bulut:4:358398|Yasemin Akgül:6:135245|Ayşe Kocabaş:1:86065|Ayşe Doğan:1:94057|Meltem Yıldız:1:82991|Erdem Aktaş:2:191187|Hülya Güneş:1:90983|Ufuk Özdemir:1:84220|Sinan Kara:1:86680|Dilek Er:2:170900|Tuncay Şahin:1:95285|Mustafa Aksoy:1:97130|Onur Tekin:1:84220|Hasan Kalkan:2:180122|Dilek Öztürk:1:88523|Ahmet Yıldırım:2:172745|Seda Güneş:3:258194|Burak Öztürk:1:91597|Onur Korkmaz:1:94057|Tuğba Turan:1:90983|Seda Uysal:1:82376|Hasan Er:1:86680|Halil Kalkan:1:81146|Kadir Şahin:2:176433|Yusuf Bulut:3:270489|Ayşe Tekin:1:97130|Ayşe Soylu:1:84835|Pınar Koç:1:91597|Zeynep Şahin:2:166596|Meltem Özkan:1:87908|Murat Arslan:2:170900|Emine Bulut:1:89138|Kadir Bulut:4:376788|Yasemin Akgül:6:142185|Ayşe Kocabaş:1:90481|Ayşe Doğan:1:98882|Meltem Yıldız:1:87249|Erdem Aktaş:2:200997|Hülya Güneş:1:95652|Ufuk Özdemir:1:88542|Sinan Kara:1:91127|Dilek Er:2:179670|Tuncay Şahin:1:100176|Mustafa Aksoy:1:102114|Onur Tekin:1:88542|Hasan Kalkan:2:189363|Dilek Öztürk:1:93066|Ahmet Yıldırım:2:181607|Seda Güneş:3:271443|Burak Öztürk:1:96297|Onur Korkmaz:1:98882|Tuğba Turan:1:95652|Seda Uysal:1:86603|Hasan Er:1:91127|Halil Kalkan:1:85310|Kadir Şahin:2:185486|Yusuf Bulut:3:284368|Ayşe Tekin:1:102114|Ayşe Soylu:1:89189|Pınar Koç:1:96297|Zeynep Şahin:2:175144|Meltem Özkan:1:92420|Murat Arslan:2:179670|Emine Bulut:1:93712,128775960,242,14569536,17,5845,366,35.79127657992774,36.264297227901075,none,8015392
Dengeli,21,6575,2029,3,15016,11252,3764,55595,1877,326,0,0,3529,229272358,145629616,82284649,33371940,7473175,7181924,8394101,0,777055,25086454,9240428740,3921726304,0,5318702436,5318702436,3545280,9435607175,9514782,0,10915196,1650529815,0,4.0,0.0,2.0,1.0,1.0,4327.808841890411,4502.095267715068,2758.107222961644,2749.6368617972603,4318.574719772602,9.835676753424657,18.686567783561646,1.0,1.0,1.0,1.0,none,0:1.0500|1:0.9300|2:1.0300|3:0.9400|4:0.9500|5:1.1000|6:0.8200|,Kadir Bulut:4:376788|Yasemin Akgül:6:142185|Ayşe Kocabaş:1:90481|Ayşe Doğan:1:98882|Meltem Yıldız:1:87249|Erdem Aktaş:2:200997|Hülya Güneş:1:95652|Ufuk Özdemir:1:88542|Sinan Kara:1:91127|Dilek Er:2:179670|Tuncay Şahin:1:100176|Mustafa Aksoy:1:102114|Onur Tekin:1:88542|Hasan Kalkan:2:189363|Dilek Öztürk:1:93066|Ahmet Yıldırım:2:181607|Seda Güneş:3:271443|Burak Öztürk:1:96297|Onur Korkmaz:1:98882|Tuğba Turan:1:95652|Seda Uysal:1:86603|Hasan Er:1:91127|Halil Kalkan:1:85310|Kadir Şahin:2:185486|Yusuf Bulut:3:284368|Ayşe Tekin:1:102114|Ayşe Soylu:1:89189|Pınar Koç:1:96297|Zeynep Şahin:2:175144|Meltem Özkan:1:92420|Murat Arslan:2:179670|Emine Bulut:1:93712|Kadir Bulut:4:396318|Yasemin Akgül:6:149554|Ayşe Kocabaş:1:95170|Ayşe Doğan:1:104007|Meltem Yıldız:1:91772|Erdem Aktaş:2:211414|Hülya Güneş:1:100609|Ufuk Özdemir:1:93131|Sinan Kara:1:95850|Dilek Er:2:188982|Tuncay Şahin:1:105367|Mustafa Aksoy:1:107407|Onur Tekin:1:93131|Hasan Kalkan:2:199179|Dilek Öztürk:1:97890|Ahmet Yıldırım:2:191020|Seda Güneş:3:285512|Burak Öztürk:1:101289|Onur Korkmaz:1:104007|Tuğba Turan:1:100609|Seda Uysal:1:91092|Hasan Er:1:95850|Halil Kalkan:1:89732|Kadir Şahin:2:195100|Yusuf Bulut:3:299107|Ayşe Tekin:1:107407|Ayşe Soylu:1:93810|Pınar Koç:1:101289|Zeynep Şahin:2:184223|Meltem Özkan:1:97210|Murat Arslan:2:188982|Emine Bulut:1:98570|Kadir Bulut:4:414662|Yasemin Akgül:6:156477|Ayşe Kocabaş:1:99575|Ayşe Doğan:1:108822|Meltem Yıldız:1:96019|Erdem Aktaş:2:221201|Hülya Güneş:1:105265|Ufuk Özdemir:1:97443|Sinan Kara:1:100287|Dilek Er:2:197730|Tuncay Şahin:1:110245|Mustafa Aksoy:1:112379|Onur Tekin:1:97443|Hasan Kalkan:2:208398|Dilek Öztürk:1:102421|Ahmet Yıldırım:2:199862|Seda Güneş:3:298727|Burak Öztürk:1:105977|Onur Korkmaz:1:108822|Tuğba Turan:1:105265|Seda Uysal:1:95309|Hasan Er:1:100287|Halil Kalkan:1:93885|Kadir Şahin:2:204130|Yusuf Bulut:3:312953|Ayşe Tekin:1:112379|Ayşe Soylu:1:98153|Pınar Koç:1:105977|Zeynep Şahin:2:192750|Meltem Özkan:1:101709|Murat Arslan:2:197730|Emine Bulut:1:103133,138956576,256,16132332,18,6211,365,35.88947648019566,36.270123664776115,none,8954122
Dengeli,21,6940,2030,3,14790,11154,3636,56295,1966,341,0,0,3436,260360211,167646084,91183838,35081040,7857550,7853561,9179123,3042,852873,30359691,9405225522,3492196352,0,5913029170,5913029170,7021026,10551691957,10426755,0,12683051,1809026879,0,4.0,0.0,2.0,1.0,1.0,4683.158779613698,4923.471980035616,3029.3493151945204,3019.5185553945207,4682.904483178082,10.755794057534246,18.700865810958902,1.0,1.0,1.0,1.0,none,0:1.0500|1:0.9300|2:1.0300|3:0.9400|4:0.9500|5:1.1000|6:0.8200|,Kadir Bulut:4:414662|Yasemin Akgül:6:156477|Ayşe Kocabaş:1:99575|Ayşe Doğan:1:108822|Meltem Yıldız:1:96019|Erdem Aktaş:2:221201|Hülya Güneş:1:105265|Ufuk Özdemir:1:97443|Sinan Kara:1:100287|Dilek Er:2:197730|Tuncay Şahin:1:110245|Mustafa Aksoy:1:112379|Onur Tekin:1:97443|Hasan Kalkan:2:208398|Dilek Öztürk:1:102421|Ahmet Yıldırım:2:199862|Seda Güneş:3:298727|Burak Öztürk:1:105977|Onur Korkmaz:1:108822|Tuğba Turan:1:105265|Seda Uysal:1:95309|Hasan Er:1:100287|Halil Kalkan:1:93885|Kadir Şahin:2:204130|Yusuf Bulut:3:312953|Ayşe Tekin:1:112379|Ayşe Soylu:1:98153|Pınar Koç:1:105977|Zeynep Şahin:2:192750|Meltem Özkan:1:101709|Murat Arslan:2:197730|Emine Bulut:1:103133|Kadir Bulut:4:434146|Yasemin Akgül:6:163829|Ayşe Kocabaş:1:104255|Ayşe Doğan:1:113936|Meltem Yıldız:1:100531|Erdem Aktaş:2:231595|Hülya Güneş:1:110212|Ufuk Özdemir:1:102020|Sinan Kara:1:105000|Dilek Er:2:207020|Tuncay Şahin:1:115424|Mustafa Aksoy:1:117659|Onur Tekin:1:102020|Hasan Kalkan:2:218190|Dilek Öztürk:1:107233|Ahmet Yıldırım:2:209254|Seda Güneş:3:312763|Burak Öztürk:1:110957|Onur Korkmaz:1:113936|Tuğba Turan:1:110212|Seda Uysal:1:99786|Hasan Er:1:105000|Halil Kalkan:1:98298|Kadir Şahin:2:213722|Yusuf Bulut:3:327657|Ayşe Tekin:1:117659|Ayşe Soylu:1:102765|Pınar Koç:1:110957|Zeynep Şahin:2:201808|Meltem Özkan:1:106489|Murat Arslan:2:207020|Emine Bulut:1:107978|Kadir Bulut:4:452171|Yasemin Akgül:6:170630|Ayşe Kocabaş:1:108583|Ayşe Doğan:1:118666|Meltem Yıldız:1:104704|Erdem Aktaş:2:241210|Hülya Güneş:1:114787|Ufuk Özdemir:1:106256|Sinan Kara:1:109358|Dilek Er:2:215615|Tuncay Şahin:1:120217|Mustafa Aksoy:1:122544|Onur Tekin:1:106256|Hasan Kalkan:2:227249|Dilek Öztürk:1:111686|Ahmet Yıldırım:2:217941|Seda Güneş:3:325750|Burak Öztürk:1:115563|Onur Korkmaz:1:118666|Tuğba Turan:1:114787|Seda Uysal:1:103929|Hasan Er:1:109358|Halil Kalkan:1:102378|Kadir Şahin:2:222595|Yusuf Bulut:3:341260|Ayşe Tekin:1:122544|Ayşe Soylu:1:107032|Pınar Koç:1:115563|Zeynep Şahin:2:210185|Meltem Özkan:1:110910|Murat Arslan:2:215615|Emine Bulut:1:112461,162865302,270,17678589,19,6576,365,35.02218624335037,35.31397379944475,none,12681102
Dengeli,21,7305,2031,3,15584,11854,3730,59006,1958,339,0,0,3525,297257479,195700686,99657731,36748040,8232772,8510372,9946631,213744,999980,35219936,10694009658,4043176192,0,6650833466,6650833466,5994604,12691030181,11319222,0,14602223,1966286872,0,4.0,0.0,2.0,1.0,1.0,4962.38293890411,5335.001245315068,3274.047447021918,3266.897633854795,4975.823661265753,11.655541671232877,19.779502463013696,1.0,1.0,1.0,1.0,none,0:1.0500|1:0.9300|2:1.0300|3:0.9400|4:0.9500|5:1.1000|6:0.8200|,Kadir Bulut:4:452171|Yasemin Akgül:6:170630|Ayşe Kocabaş:1:108583|Ayşe Doğan:1:118666|Meltem Yıldız:1:104704|Erdem Aktaş:2:241210|Hülya Güneş:1:114787|Ufuk Özdemir:1:106256|Sinan Kara:1:109358|Dilek Er:2:215615|Tuncay Şahin:1:120217|Mustafa Aksoy:1:122544|Onur Tekin:1:106256|Hasan Kalkan:2:227249|Dilek Öztürk:1:111686|Ahmet Yıldırım:2:217941|Seda Güneş:3:325750|Burak Öztürk:1:115563|Onur Korkmaz:1:118666|Tuğba Turan:1:114787|Seda Uysal:1:103929|Hasan Er:1:109358|Halil Kalkan:1:102378|Kadir Şahin:2:222595|Yusuf Bulut:3:341260|Ayşe Tekin:1:122544|Ayşe Soylu:1:107032|Pınar Koç:1:115563|Zeynep Şahin:2:210185|Meltem Özkan:1:110910|Murat Arslan:2:215615|Emine Bulut:1:112461|Kadir Bulut:4:471222|Yasemin Akgül:6:177820|Ayşe Kocabaş:1:113158|Ayşe Doğan:1:123665|Meltem Yıldız:1:109117|Erdem Aktaş:2:251372|Hülya Güneş:1:119624|Ufuk Özdemir:1:110733|Sinan Kara:1:113967|Dilek Er:2:224699|Tuncay Şahin:1:125282|Mustafa Aksoy:1:127706|Onur Tekin:1:110733|Hasan Kalkan:2:236823|Dilek Öztürk:1:116391|Ahmet Yıldırım:2:227125|Seda Güneş:3:339474|Burak Öztürk:1:120432|Onur Korkmaz:1:123665|Tuğba Turan:1:119624|Seda Uysal:1:108308|Hasan Er:1:113967|Halil Kalkan:1:106691|Kadir Şahin:2:231973|Yusuf Bulut:3:355640|Ayşe Tekin:1:127706|Ayşe Soylu:1:111541|Pınar Koç:1:120432|Zeynep Şahin:2:219041|Meltem Özkan:1:115582|Murat Arslan:2:224699|Emine Bulut:1:117199|Kadir Bulut:4:490786|Yasemin Akgül:6:185203|Ayşe Kocabaş:1:117856|Ayşe Doğan:1:128800|Meltem Yıldız:1:113647|Erdem Aktaş:2:261808|Hülya Güneş:1:124591|Ufuk Özdemir:1:115330|Sinan Kara:1:118698|Dilek Er:2:234029|Tuncay Şahin:1:130483|Mustafa Aksoy:1:133009|Onur Tekin:1:115330|Hasan Kalkan:2:246656|Dilek Öztürk:1:121224|Ahmet Yıldırım:2:236554|Seda Güneş:3:353568|Burak Öztürk:1:125433|Onur Korkmaz:1:128800|Tuğba Turan:1:124591|Seda Uysal:1:112805|Hasan Er:1:118698|Halil Kalkan:1:111121|Kadir Şahin:2:241604|Yusuf Bulut:3:370404|Ayşe Tekin:1:133009|Ayşe Soylu:1:116173|Pınar Koç:1:125433|Zeynep Şahin:2:228135|Meltem Özkan:1:120382|Murat Arslan:2:234029|Emine Bulut:1:122065,187375812,278,19191768,20,6941,365,33.52572703477715,34.02267645743284,none,16028168
Dengeli,21,7671,2032,3,15084,11392,3692,57226,1868,302,0,0,3511,313259879,205443985,105943387,38810536,8697060,9219846,10776838,119721,1345711,37093396,10506846102,3311017810,0,7195828292,7195828292,6630870,13992087655,12333615,0,16693388,2146060452,0,3.9836065573770494,0.0,2.0,0.9836065573770492,1.0,5379.512543415301,5763.971063,3540.259562748634,3531.629905639344,5397.82451565847,12.59260405464481,19.617981379781423,1.0,1.0,1.0,1.0,none,0:1.0500|1:0.9300|2:1.0300|3:0.9400|4:0.9500|5:1.1000|6:0.8200|,Kadir Bulut:4:490786|Yasemin Akgül:6:185203|Ayşe Kocabaş:1:117856|Ayşe Doğan:1:128800|Meltem Yıldız:1:113647|Erdem Aktaş:2:261808|Hülya Güneş:1:124591|Ufuk Özdemir:1:115330|Sinan Kara:1:118698|Dilek Er:2:234029|Tuncay Şahin:1:130483|Mustafa Aksoy:1:133009|Onur Tekin:1:115330|Hasan Kalkan:2:246656|Dilek Öztürk:1:121224|Ahmet Yıldırım:2:236554|Seda Güneş:3:353568|Burak Öztürk:1:125433|Onur Korkmaz:1:128800|Tuğba Turan:1:124591|Seda Uysal:1:112805|Hasan Er:1:118698|Halil Kalkan:1:111121|Kadir Şahin:2:241604|Yusuf Bulut:3:370404|Ayşe Tekin:1:133009|Ayşe Soylu:1:116173|Pınar Koç:1:125433|Zeynep Şahin:2:228135|Meltem Özkan:1:120382|Murat Arslan:2:234029|Emine Bulut:1:122065|Kadir Bulut:4:511464|Yasemin Akgül:6:193005|Ayşe Kocabaş:1:122822|Ayşe Doğan:1:134227|Meltem Yıldız:1:118435|Erdem Aktaş:2:272839|Hülya Güneş:1:129840|Ufuk Özdemir:1:120190|Sinan Kara:1:123699|Dilek Er:2:243889|Tuncay Şahin:1:135981|Mustafa Aksoy:1:138612|Onur Tekin:1:120190|Hasan Kalkan:2:257048|Dilek Öztürk:1:126331|Ahmet Yıldırım:2:246520|Seda Güneş:3:368465|Burak Öztürk:1:130717|Onur Korkmaz:1:134227|Tuğba Turan:1:129840|Seda Uysal:1:117558|Hasan Er:1:123699|Halil Kalkan:1:115803|Kadir Şahin:2:251784|Yusuf Bulut:3:386011|Ayşe Tekin:1:138612|Ayşe Soylu:1:121067|Pınar Koç:1:130717|Zeynep Şahin:2:237748|Meltem Özkan:1:125453|Murat Arslan:2:243889|Emine Bulut:1:127208|Kadir Bulut:4:540140|Yasemin Akgül:6:203827|Ayşe Kocabaş:1:129708|Ayşe Doğan:1:141752|Meltem Yıldız:1:125075|Erdem Aktaş:2:288137|Hülya Güneş:1:137119|Ufuk Özdemir:1:126928|Sinan Kara:1:130634|Dilek Er:2:257562|Tuncay Şahin:1:143606|Mustafa Aksoy:1:146385|Onur Tekin:1:126928|Hasan Kalkan:2:271460|Dilek Öztürk:1:133414|Ahmet Yıldırım:2:260342|Seda Güneş:3:389124|Burak Öztürk:1:138046|Onur Korkmaz:1:141752|Tuğba Turan:1:137119|Seda Uysal:1:124149|Hasan Er:1:130634|Halil Kalkan:1:122295|Kadir Şahin:2:265901|Yusuf Bulut:3:407653|Ayşe Tekin:1:146385|Ayşe Soylu:1:127854|Pınar Koç:1:138046|Zeynep Şahin:2:251077|Meltem Özkan:1:132487|Murat Arslan:2:257562|Emine Bulut:1:134341,191198708,282,20911665,21,7306,366,33.81964755212078,34.18995616838876,none,16181731
Dengeli,21,8036,2033,3,15060,11373,3687,57391,1939,267,0,0,3467,345493263,231737153,111753214,43836290,9828200,10108361,11814547,202341,1235260,34930556,9743030279,1935716293,0,7807313986,7653042608,9452314,14953329237,13743027,0,19023515,2381217075,0,4.0,0.0,2.0,1.0,1.0,5913.04483189863,6336.404732241096,3981.6024906438356,3964.5560398493153,5921.435990046576,13.843021863013698,19.546972060273973,0.9972602739726028,0.9972602739726028,1.1071232876712327,0.9729897260273973,3,0:1.0500|1:0.9300|2:1.0300|3:0.9400|4:0.9500|5:1.1000|6:0.8200|,Kadir Bulut:4:540140|Yasemin Akgül:6:203827|Ayşe Kocabaş:1:129708|Ayşe Doğan:1:141752|Meltem Yıldız:1:125075|Erdem Aktaş:2:288137|Hülya Güneş:1:137119|Ufuk Özdemir:1:126928|Sinan Kara:1:130634|Dilek Er:2:257562|Tuncay Şahin:1:143606|Mustafa Aksoy:1:146385|Onur Tekin:1:126928|Hasan Kalkan:2:271460|Dilek Öztürk:1:133414|Ahmet Yıldırım:2:260342|Seda Güneş:3:389124|Burak Öztürk:1:138046|Onur Korkmaz:1:141752|Tuğba Turan:1:137119|Seda Uysal:1:124149|Hasan Er:1:130634|Halil Kalkan:1:122295|Kadir Şahin:2:265901|Yusuf Bulut:3:407653|Ayşe Tekin:1:146385|Ayşe Soylu:1:127854|Pınar Koç:1:138046|Zeynep Şahin:2:251077|Meltem Özkan:1:132487|Murat Arslan:2:257562|Emine Bulut:1:134341|Kadir Bulut:4:570735|Yasemin Akgül:6:215372|Ayşe Kocabaş:1:137054|Ayşe Doğan:1:149781|Meltem Yıldız:1:132160|Erdem Aktaş:2:304458|Hülya Güneş:1:144887|Ufuk Özdemir:1:134118|Sinan Kara:1:138034|Dilek Er:2:272152|Tuncay Şahin:1:151740|Mustafa Aksoy:1:154676|Onur Tekin:1:134118|Hasan Kalkan:2:286836|Dilek Öztürk:1:140971|Ahmet Yıldırım:2:275088|Seda Güneş:3:411164|Burak Öztürk:1:145866|Onur Korkmaz:1:149781|Tuğba Turan:1:144887|Seda Uysal:1:131182|Hasan Er:1:138034|Halil Kalkan:1:129223|Kadir Şahin:2:280962|Yusuf Bulut:3:430743|Ayşe Tekin:1:154676|Ayşe Soylu:1:135097|Pınar Koç:1:145866|Zeynep Şahin:2:265299|Meltem Özkan:1:139992|Murat Arslan:2:272152|Emine Bulut:1:141949|Kadir Bulut:4:607121|Yasemin Akgül:6:229102|Ayşe Kocabaş:1:145792|Ayşe Doğan:1:159330|Meltem Yıldız:1:140586|Erdem Aktaş:2:323867|Hülya Güneş:1:154123|Ufuk Özdemir:1:142668|Sinan Kara:1:146833|Dilek Er:2:289502|Tuncay Şahin:1:161413|Mustafa Aksoy:1:164537|Onur Tekin:1:142668|Hasan Kalkan:2:305123|Dilek Öztürk:1:149958|Ahmet Yıldırım:2:292626|Seda Güneş:3:437376|Burak Öztürk:1:155165|Onur Korkmaz:1:159330|Tuğba Turan:1:154123|Seda Uysal:1:139545|Hasan Er:1:146833|Halil Kalkan:1:137461|Kadir Şahin:2:298874|Yusuf Bulut:3:458204|Ayşe Tekin:1:164537|Ayşe Soylu:1:143710|Pınar Koç:1:155165|Zeynep Şahin:2:282212|Meltem Özkan:1:148916|Murat Arslan:2:289502|Emine Bulut:1:151000,213076010,285,23301339,22,7672,365,32.34598933409593,32.664090940684176,none|0|3,11629217
Dengeli,21,8401,2034,3,14908,11182,3726,55827,2142,265,0,0,3489,378760714,248958167,127755989,54770790,12289217,11334038,13247014,0,1742586,34372344,11476589937,2677464014,0,8799125923,8953397301,8697656,16894445106,15610872,0,21670337,2700664580,0,3.9945205479452053,0.0,2.0,0.9945205479452055,1.0,6644.447073517808,7104.1618928,4382.432876676712,4367.565130764384,6647.052552926028,15.520692986301368,19.324859575342465,0.975,0.975,1.0272602739726027,0.9625,3,0:1.0500|1:0.9300|2:1.0300|3:0.9400|4:0.9500|5:1.1000|6:0.8200|,Kadir Bulut:4:607121|Yasemin Akgül:6:229102|Ayşe Kocabaş:1:145792|Ayşe Doğan:1:159330|Meltem Yıldız:1:140586|Erdem Aktaş:2:323867|Hülya Güneş:1:154123|Ufuk Özdemir:1:142668|Sinan Kara:1:146833|Dilek Er:2:289502|Tuncay Şahin:1:161413|Mustafa Aksoy:1:164537|Onur Tekin:1:142668|Hasan Kalkan:2:305123|Dilek Öztürk:1:149958|Ahmet Yıldırım:2:292626|Seda Güneş:3:437376|Burak Öztürk:1:155165|Onur Korkmaz:1:159330|Tuğba Turan:1:154123|Seda Uysal:1:139545|Hasan Er:1:146833|Halil Kalkan:1:137461|Kadir Şahin:2:298874|Yusuf Bulut:3:458204|Ayşe Tekin:1:164537|Ayşe Soylu:1:143710|Pınar Koç:1:155165|Zeynep Şahin:2:282212|Meltem Özkan:1:148916|Murat Arslan:2:289502|Emine Bulut:1:151000|Kadir Bulut:4:646435|Yasemin Akgül:6:243938|Ayşe Kocabaş:1:155233|Ayşe Doğan:1:169648|Meltem Yıldız:1:149689|Erdem Aktaş:2:344839|Hülya Güneş:1:164103|Ufuk Özdemir:1:151906|Sinan Kara:1:156342|Dilek Er:2:308248|Tuncay Şahin:1:171865|Mustafa Aksoy:1:175192|Onur Tekin:1:151906|Hasan Kalkan:2:324881|Dilek Öztürk:1:159668|Ahmet Yıldırım:2:311575|Seda Güneş:3:465700|Burak Öztürk:1:165212|Onur Korkmaz:1:169648|Tuğba Turan:1:164103|Seda Uysal:1:148580|Hasan Er:1:156342|Halil Kalkan:1:146363|Kadir Şahin:2:318228|Yusuf Bulut:3:487875|Ayşe Tekin:1:175192|Ayşe Soylu:1:153016|Pınar Koç:1:165212|Zeynep Şahin:2:300486|Meltem Özkan:1:158559|Murat Arslan:2:308248|Emine Bulut:1:160778|Kadir Bulut:4:700535|Yasemin Akgül:6:264353|Ayşe Kocabaş:1:168224|Ayşe Doğan:1:183846|Meltem Yıldız:1:162216|Erdem Aktaş:2:373698|Hülya Güneş:1:177837|Ufuk Özdemir:1:164619|Sinan Kara:1:169426|Dilek Er:2:334045|Tuncay Şahin:1:186248|Mustafa Aksoy:1:189853|Onur Tekin:1:164619|Hasan Kalkan:2:352070|Dilek Öztürk:1:173031|Ahmet Yıldırım:2:337650|Seda Güneş:3:504673|Burak Öztürk:1:179039|Onur Korkmaz:1:183846|Tuğba Turan:1:177837|Seda Uysal:1:161015|Hasan Er:1:169426|Halil Kalkan:1:158612|Kadir Şahin:2:344860|Yusuf Bulut:3:528705|Ayşe Tekin:1:189853|Ayşe Soylu:1:165821|Pınar Koç:1:179039|Zeynep Şahin:2:325634|Meltem Özkan:1:171830|Murat Arslan:2:334045|Emine Bulut:1:174232,235886538,271,26468268,23,8037,365,33.73000004430238,34.043678455301546,3,7904076
Dengeli,21,8766,2035,3,15197,11451,3746,57854,1903,332,0,0,3530,456443285,298138033,155224949,64485090,14475665,13082392,15291101,426590,1711863,46178838,14763824789,4650598832,0,10113225957,10113225957,9096576,20133126556,18259020,0,24766157,3155280413,0,4.0,0.0,2.0,1.0,1.0,7661.339975115069,8199.468244109588,5033.01419679726,5006.983312589041,7679.631257805479,17.91340310410959,19.56929318630137,0.9903424657534248,0.9903424657534248,1.0,0.9839212328767124,none,0:1.0500|1:0.9300|2:1.0300|3:0.9400|4:0.9500|5:1.1000|6:0.8200|,Kadir Bulut:4:700535|Yasemin Akgül:6:264353|Ayşe Kocabaş:1:168224|Ayşe Doğan:1:183846|Meltem Yıldız:1:162216|Erdem Aktaş:2:373698|Hülya Güneş:1:177837|Ufuk Özdemir:1:164619|Sinan Kara:1:169426|Dilek Er:2:334045|Tuncay Şahin:1:186248|Mustafa Aksoy:1:189853|Onur Tekin:1:164619|Hasan Kalkan:2:352070|Dilek Öztürk:1:173031|Ahmet Yıldırım:2:337650|Seda Güneş:3:504673|Burak Öztürk:1:179039|Onur Korkmaz:1:183846|Tuğba Turan:1:177837|Seda Uysal:1:161015|Hasan Er:1:169426|Halil Kalkan:1:158612|Kadir Şahin:2:344860|Yusuf Bulut:3:528705|Ayşe Tekin:1:189853|Ayşe Soylu:1:165821|Pınar Koç:1:179039|Zeynep Şahin:2:325634|Meltem Özkan:1:171830|Murat Arslan:2:334045|Emine Bulut:1:174232|Kadir Bulut:4:760110|Yasemin Akgül:6:286834|Ayşe Kocabaş:1:182531|Ayşe Doğan:1:199480|Meltem Yıldız:1:176012|Erdem Aktaş:2:405479|Hülya Güneş:1:192961|Ufuk Özdemir:1:178620|Sinan Kara:1:183835|Dilek Er:2:362454|Tuncay Şahin:1:202087|Mustafa Aksoy:1:205998|Onur Tekin:1:178620|Hasan Kalkan:2:382011|Dilek Öztürk:1:187746|Ahmet Yıldırım:2:366366|Seda Güneş:3:547592|Burak Öztürk:1:194265|Onur Korkmaz:1:199480|Tuğba Turan:1:192961|Seda Uysal:1:174708|Hasan Er:1:183835|Halil Kalkan:1:172100|Kadir Şahin:2:374188|Yusuf Bulut:3:573667|Ayşe Tekin:1:205998|Ayşe Soylu:1:179923|Pınar Koç:1:194265|Zeynep Şahin:2:353328|Meltem Özkan:1:186443|Murat Arslan:2:362454|Emine Bulut:1:189049|Kadir Bulut:4:820224|Yasemin Akgül:6:309518|Ayşe Kocabaş:1:196967|Ayşe Doğan:1:215256|Meltem Yıldız:1:189931|Erdem Aktaş:2:437547|Hülya Güneş:1:208222|Ufuk Özdemir:1:192745|Sinan Kara:1:198373|Dilek Er:2:391119|Tuncay Şahin:1:218070|Mustafa Aksoy:1:222291|Onur Tekin:1:192745|Hasan Kalkan:2:412222|Dilek Öztürk:1:202594|Ahmet Yıldırım:2:395339|Seda Güneş:3:590900|Burak Öztürk:1:209628|Onur Korkmaz:1:215256|Tuğba Turan:1:208222|Seda Uysal:1:188525|Hasan Er:1:198373|Halil Kalkan:1:185711|Kadir Şahin:2:403781|Yusuf Bulut:3:619037|Ayşe Tekin:1:222291|Ayşe Soylu:1:194153|Pınar Koç:1:209628|Zeynep Şahin:2:381270|Meltem Özkan:1:201187|Murat Arslan:2:391119|Emine Bulut:1:204000,270478180,277,30958197,24,8402,365,34.00749974884612,34.3063457156962,3|none,15220641
Dengeli,21,9132,2036,3,14769,11128,3641,56266,1800,323,0,0,3436,522296858,342577156,176861594,70209336,15763622,15261295,17839760,0,1938758,55848823,17294489880,5339800109,0,11954689771,11954689771,9683362,23152066701,21209523,0,28362230,3681618730,0,4.0,0.0,2.0,1.0,1.0,8935.73770496175,9539.40077004918,5881.582215606557,5855.5264530273225,8941.200322893443,20.84061592896175,19.257431076502733,1.0,1.0,1.0,1.0,none,0:1.0500|1:0.9300|2:1.0300|3:0.9400|4:0.9500|5:1.1000|6:0.8200|,Kadir Bulut:4:820224|Yasemin Akgül:6:309518|Ayşe Kocabaş:1:196967|Ayşe Doğan:1:215256|Meltem Yıldız:1:189931|Erdem Aktaş:2:437547|Hülya Güneş:1:208222|Ufuk Özdemir:1:192745|Sinan Kara:1:198373|Dilek Er:2:391119|Tuncay Şahin:1:218070|Mustafa Aksoy:1:222291|Onur Tekin:1:192745|Hasan Kalkan:2:412222|Dilek Öztürk:1:202594|Ahmet Yıldırım:2:395339|Seda Güneş:3:590900|Burak Öztürk:1:209628|Onur Korkmaz:1:215256|Tuğba Turan:1:208222|Seda Uysal:1:188525|Hasan Er:1:198373|Halil Kalkan:1:185711|Kadir Şahin:2:403781|Yusuf Bulut:3:619037|Ayşe Tekin:1:222291|Ayşe Soylu:1:194153|Pınar Koç:1:209628|Zeynep Şahin:2:381270|Meltem Özkan:1:201187|Murat Arslan:2:391119|Emine Bulut:1:204000|Kadir Bulut:4:886137|Yasemin Akgül:6:334391|Ayşe Kocabaş:1:212795|Ayşe Doğan:1:232554|Meltem Yıldız:1:205195|Erdem Aktaş:2:472708|Hülya Güneş:1:224954|Ufuk Özdemir:1:208234|Sinan Kara:1:214314|Dilek Er:2:422549|Tuncay Şahin:1:235593|Mustafa Aksoy:1:240154|Onur Tekin:1:208234|Hasan Kalkan:2:445349|Dilek Öztürk:1:218874|Ahmet Yıldırım:2:427108|Seda Güneş:3:638383|Burak Öztürk:1:226474|Onur Korkmaz:1:232554|Tuğba Turan:1:224954|Seda Uysal:1:203675|Hasan Er:1:214314|Halil Kalkan:1:200634|Kadir Şahin:2:436229|Yusuf Bulut:3:668783|Ayşe Tekin:1:240154|Ayşe Soylu:1:209754|Pınar Koç:1:226474|Zeynep Şahin:2:411909|Meltem Özkan:1:217354|Murat Arslan:2:422549|Emine Bulut:1:220395|Kadir Bulut:4:940014|Yasemin Akgül:6:354722|Ayşe Kocabaş:1:225732|Ayşe Doğan:1:246693|Meltem Yıldız:1:217670|Erdem Aktaş:2:501448|Hülya Güneş:1:238631|Ufuk Özdemir:1:220896|Sinan Kara:1:227344|Dilek Er:2:448240|Tuncay Şahin:1:249918|Mustafa Aksoy:1:254755|Onur Tekin:1:220896|Hasan Kalkan:2:472425|Dilek Öztürk:1:232182|Ahmet Yıldırım:2:453077|Seda Güneş:3:677197|Burak Öztürk:1:240243|Onur Korkmaz:1:246693|Tuğba Turan:1:238631|Seda Uysal:1:216058|Hasan Er:1:227344|Halil Kalkan:1:212833|Kadir Şahin:2:462751|Yusuf Bulut:3:709444|Ayşe Tekin:1:254755|Ayşe Soylu:1:222508|Pınar Koç:1:240243|Zeynep Şahin:2:436953|Meltem Özkan:1:230569|Murat Arslan:2:448240|Emine Bulut:1:233794,319393828,282,35960793,25,8767,366,33.862274162866974,34.17910854365512,none,19888030
Dengeli,21,9497,2037,3,15133,11415,3718,57884,1815,343,0,0,3521,593169395,389380181,200413827,75030990,16847998,17258546,20172087,6788,2347706,68756500,19959552086,6104355614,0,13855196472,13855196472,14200382,27861688708,23857668,0,32407298,4140383716,0,4.0,0.0,2.0,1.0,1.0,10088.382316331506,10818.361145723287,6658.067621380822,6639.090037339725,10108.592403490411,23.634955742465756,19.68351377260274,1.0,1.0,1.0,1.0,none,0:1.0500|1:0.9300|2:1.0300|3:0.9400|4:0.9500|5:1.1000|6:0.8200|,Kadir Bulut:4:940014|Yasemin Akgül:6:354722|Ayşe Kocabaş:1:225732|Ayşe Doğan:1:246693|Meltem Yıldız:1:217670|Erdem Aktaş:2:501448|Hülya Güneş:1:238631|Ufuk Özdemir:1:220896|Sinan Kara:1:227344|Dilek Er:2:448240|Tuncay Şahin:1:249918|Mustafa Aksoy:1:254755|Onur Tekin:1:220896|Hasan Kalkan:2:472425|Dilek Öztürk:1:232182|Ahmet Yıldırım:2:453077|Seda Güneş:3:677197|Burak Öztürk:1:240243|Onur Korkmaz:1:246693|Tuğba Turan:1:238631|Seda Uysal:1:216058|Hasan Er:1:227344|Halil Kalkan:1:212833|Kadir Şahin:2:462751|Yusuf Bulut:3:709444|Ayşe Tekin:1:254755|Ayşe Soylu:1:222508|Pınar Koç:1:240243|Zeynep Şahin:2:436953|Meltem Özkan:1:230569|Murat Arslan:2:448240|Emine Bulut:1:233794|Kadir Bulut:4:997759|Yasemin Akgül:6:376512|Ayşe Kocabaş:1:239599|Ayşe Doğan:1:261847|Meltem Yıldız:1:231042|Erdem Aktaş:2:532251|Hülya Güneş:1:253291|Ufuk Özdemir:1:234465|Sinan Kara:1:241310|Dilek Er:2:475775|Tuncay Şahin:1:265270|Mustafa Aksoy:1:270404|Onur Tekin:1:234465|Hasan Kalkan:2:501446|Dilek Öztürk:1:246444|Ahmet Yıldırım:2:480909|Seda Güneş:3:718797|Burak Öztürk:1:255002|Onur Korkmaz:1:261847|Tuğba Turan:1:253291|Seda Uysal:1:229331|Hasan Er:1:241310|Halil Kalkan:1:225907|Kadir Şahin:2:491178|Yusuf Bulut:3:753026|Ayşe Tekin:1:270404|Ayşe Soylu:1:236176|Pınar Koç:1:255002|Zeynep Şahin:2:463795|Meltem Özkan:1:244733|Murat Arslan:2:475775|Emine Bulut:1:248156|Kadir Bulut:4:1039182|Yasemin Akgül:6:392145|Ayşe Kocabaş:1:249546|Ayşe Doğan:1:272718|Meltem Yıldız:1:240634|Erdem Aktaş:2:554349|Hülya Güneş:1:263806|Ufuk Özdemir:1:244199|Sinan Kara:1:251328|Dilek Er:2:495528|Tuncay Şahin:1:276284|Mustafa Aksoy:1:281631|Onur Tekin:1:244199|Hasan Kalkan:2:522265|Dilek Öztürk:1:256677|Ahmet Yıldırım:2:500876|Seda Güneş:3:748639|Burak Öztürk:1:265589|Onur Korkmaz:1:272718|Tuğba Turan:1:263806|Seda Uysal:1:238852|Hasan Er:1:251328|Halil Kalkan:1:235287|Kadir Şahin:2:511570|Yusuf Bulut:3:784289|Ayşe Tekin:1:281631|Ayşe Soylu:1:245981|Pınar Koç:1:265589|Zeynep Şahin:2:483051|Meltem Özkan:1:254894|Murat Arslan:2:495528|Emine Bulut:1:258459,370657004,295,40450725,26,9133,365,33.78694664447413,34.00262388348966,none,28305775
Dengeli,21,9862,2038,3,15123,11536,3587,58769,1862,360,0,0,3390,666834052,437883115,225414170,85712590,19251186,18886949,22074535,0,3249440,76239470,20039961061,4648908255,0,15391052806,15391052806,16984340,30131642675,26008371,0,36817019,4518940275,0,4.0,0.0,2.0,1.0,1.0,11054.607721,11840.164383526026,7285.140473199999,7265.007347460273,11085.589663789042,25.86710098630137,19.64400005479452,1.0,1.0,1.0,1.0,none,0:1.0500|1:0.9300|2:1.0300|3:0.9400|4:0.9500|5:1.1000|6:0.8200|,Kadir Bulut:4:1039182|Yasemin Akgül:6:392145|Ayşe Kocabaş:1:249546|Ayşe Doğan:1:272718|Meltem Yıldız:1:240634|Erdem Aktaş:2:554349|Hülya Güneş:1:263806|Ufuk Özdemir:1:244199|Sinan Kara:1:251328|Dilek Er:2:495528|Tuncay Şahin:1:276284|Mustafa Aksoy:1:281631|Onur Tekin:1:244199|Hasan Kalkan:2:522265|Dilek Öztürk:1:256677|Ahmet Yıldırım:2:500876|Seda Güneş:3:748639|Burak Öztürk:1:265589|Onur Korkmaz:1:272718|Tuğba Turan:1:263806|Seda Uysal:1:238852|Hasan Er:1:251328|Halil Kalkan:1:235287|Kadir Şahin:2:511570|Yusuf Bulut:3:784289|Ayşe Tekin:1:281631|Ayşe Soylu:1:245981|Pınar Koç:1:265589|Zeynep Şahin:2:483051|Meltem Özkan:1:254894|Murat Arslan:2:495528|Emine Bulut:1:258459|Kadir Bulut:4:1082967|Yasemin Akgül:6:408667|Ayşe Kocabaş:1:260060|Ayşe Doğan:1:284210|Meltem Yıldız:1:250773|Erdem Aktaş:2:577706|Hülya Güneş:1:274922|Ufuk Özdemir:1:254488|Sinan Kara:1:261918|Dilek Er:2:516406|Tuncay Şahin:1:287924|Mustafa Aksoy:1:293497|Onur Tekin:1:254488|Hasan Kalkan:2:544270|Dilek Öztürk:1:267491|Ahmet Yıldırım:2:521979|Seda Güneş:3:780182|Burak Öztürk:1:276779|Onur Korkmaz:1:284210|Tuğba Turan:1:274922|Seda Uysal:1:248915|Hasan Er:1:261918|Halil Kalkan:1:245200|Kadir Şahin:2:533125|Yusuf Bulut:3:817333|Ayşe Tekin:1:293497|Ayşe Soylu:1:256346|Pınar Koç:1:276779|Zeynep Şahin:2:503403|Meltem Özkan:1:265634|Murat Arslan:2:516406|Emine Bulut:1:269348|Kadir Bulut:4:1127929|Yasemin Akgül:6:425634|Ayşe Kocabaş:1:270857|Ayşe Doğan:1:296009|Meltem Yıldız:1:261185|Erdem Aktaş:2:601691|Hülya Güneş:1:286335|Ufuk Özdemir:1:265053|Sinan Kara:1:272793|Dilek Er:2:537846|Tuncay Şahin:1:299879|Mustafa Aksoy:1:305683|Onur Tekin:1:265053|Hasan Kalkan:2:566866|Dilek Öztürk:1:278597|Ahmet Yıldırım:2:543650|Seda Güneş:3:812573|Burak Öztürk:1:288269|Onur Korkmaz:1:296009|Tuğba Turan:1:286335|Seda Uysal:1:259249|Hasan Er:1:272793|Halil Kalkan:1:255381|Kadir Şahin:2:555258|Yusuf Bulut:3:851267|Ayşe Tekin:1:305683|Ayşe Soylu:1:266989|Pınar Koç:1:288269|Zeynep Şahin:2:524304|Meltem Özkan:1:276661|Murat Arslan:2:537846|Emine Bulut:1:280531,408855562,303,44097243,27,9498,365,33.803638150140536,34.09860705087973,none,32142227
Dengeli,21,10227,2039,3,15047,11467,3580,59000,1803,388,0,0,3413,714912147,471875020,239517627,93132240,20920837,20397905,23840511,139268,2794520,78431614,22195200803,5069550448,0,17125650355,16786406075,18967638,33984083665,28232223,0,41603792,4904858059,0,4.0,0.0,2.0,1.0,1.0,11917.095890449315,12787.33499390959,7887.0499378301365,7870.0393524027395,11933.293648827397,27.936468931506848,19.84917228493151,1.0,1.0,1.0,1.0,none,0:1.0500|1:0.9200|2:1.0300|3:0.9300|4:0.9400|5:1.1000|6:0.8200|,Kadir Bulut:4:1127929|Yasemin Akgül:6:425634|Ayşe Kocabaş:1:270857|Ayşe Doğan:1:296009|Meltem Yıldız:1:261185|Erdem Aktaş:2:601691|Hülya Güneş:1:286335|Ufuk Özdemir:1:265053|Sinan Kara:1:272793|Dilek Er:2:537846|Tuncay Şahin:1:299879|Mustafa Aksoy:1:305683|Onur Tekin:1:265053|Hasan Kalkan:2:566866|Dilek Öztürk:1:278597|Ahmet Yıldırım:2:543650|Seda Güneş:3:812573|Burak Öztürk:1:288269|Onur Korkmaz:1:296009|Tuğba Turan:1:286335|Seda Uysal:1:259249|Hasan Er:1:272793|Halil Kalkan:1:255381|Kadir Şahin:2:555258|Yusuf Bulut:3:851267|Ayşe Tekin:1:305683|Ayşe Soylu:1:266989|Pınar Koç:1:288269|Zeynep Şahin:2:524304|Meltem Özkan:1:276661|Murat Arslan:2:537846|Emine Bulut:1:280531|Kadir Bulut:4:1175452|Yasemin Akgül:6:443568|Ayşe Kocabaş:1:282269|Ayşe Doğan:1:308481|Meltem Yıldız:1:272189|Erdem Aktaş:2:627042|Hülya Güneş:1:298400|Ufuk Özdemir:1:276222|Sinan Kara:1:284286|Dilek Er:2:560507|Tuncay Şahin:1:312513|Mustafa Aksoy:1:318561|Onur Tekin:1:276222|Hasan Kalkan:2:590750|Dilek Öztürk:1:290335|Ahmet Yıldırım:2:566556|Seda Güneş:3:846809|Burak Öztürk:1:300415|Onur Korkmaz:1:308481|Tuğba Turan:1:298400|Seda Uysal:1:270173|Hasan Er:1:284286|Halil Kalkan:1:266140|Kadir Şahin:2:578653|Yusuf Bulut:3:887134|Ayşe Tekin:1:318561|Ayşe Soylu:1:278238|Pınar Koç:1:300415|Zeynep Şahin:2:546394|Meltem Özkan:1:288318|Murat Arslan:2:560507|Emine Bulut:1:292351|Kadir Bulut:4:1224254|Yasemin Akgül:6:461983|Ayşe Kocabaş:1:293989|Ayşe Doğan:1:321288|Meltem Yıldız:1:283489|Erdem Aktaş:2:653076|Hülya Güneş:1:310789|Ufuk Özdemir:1:287689|Sinan Kara:1:296089|Dilek Er:2:583779|Tuncay Şahin:1:325487|Mustafa Aksoy:1:331788|Onur Tekin:1:287689|Hasan Kalkan:2:615277|Dilek Öztürk:1:302389|Ahmet Yıldırım:2:590078|Seda Güneş:3:881967|Burak Öztürk:1:312888|Onur Korkmaz:1:321288|Tuğba Turan:1:310789|Seda Uysal:1:281390|Hasan Er:1:296089|Halil Kalkan:1:277189|Kadir Şahin:2:602678|Yusuf Bulut:3:923965|Ayşe Tekin:1:331788|Ayşe Soylu:1:289790|Pınar Koç:1:312888|Zeynep Şahin:2:569079|Meltem Özkan:1:300289|Murat Arslan:2:583779|Emine Bulut:1:304488,436711164,310,47867796,28,9863,365,33.50308537980402,33.81734937493426,none,30563818
Dengeli,21,10593,2040,3,14774,11148,3626,56471,1925,258,0,0,3425,752723496,493323318,255659140,97888236,21990994,22092314,25823419,0,2943179,84920998,22317840249,3706721240,0,18611119009,18950363289,11876570,36087401947,30641400,0,46799042,5339218759,0,4.0,0.0,2.0,1.0,1.0,12927.811723816938,13811.561102934425,8500.687903666667,8477.567809254098,12921.38077498907,30.17436927595628,19.24564262021858,1.0,1.0,1.0,1.0,none,0:1.0500|1:0.9300|2:1.0300|3:0.9400|4:0.9500|5:1.1000|6:0.8200|,Kadir Bulut:4:1224254|Yasemin Akgül:6:461983|Ayşe Kocabaş:1:293989|Ayşe Doğan:1:321288|Meltem Yıldız:1:283489|Erdem Aktaş:2:653076|Hülya Güneş:1:310789|Ufuk Özdemir:1:287689|Sinan Kara:1:296089|Dilek Er:2:583779|Tuncay Şahin:1:325487|Mustafa Aksoy:1:331788|Onur Tekin:1:287689|Hasan Kalkan:2:615277|Dilek Öztürk:1:302389|Ahmet Yıldırım:2:590078|Seda Güneş:3:881967|Burak Öztürk:1:312888|Onur Korkmaz:1:321288|Tuğba Turan:1:310789|Seda Uysal:1:281390|Hasan Er:1:296089|Halil Kalkan:1:277189|Kadir Şahin:2:602678|Yusuf Bulut:3:923965|Ayşe Tekin:1:331788|Ayşe Soylu:1:289790|Pınar Koç:1:312888|Zeynep Şahin:2:569079|Meltem Özkan:1:300289|Murat Arslan:2:583779|Emine Bulut:1:304488|Kadir Bulut:4:1275836|Yasemin Akgül:6:481447|Ayşe Kocabaş:1:306376|Ayşe Doğan:1:334824|Meltem Yıldız:1:295433|Erdem Aktaş:2:680592|Hülya Güneş:1:323883|Ufuk Özdemir:1:299810|Sinan Kara:1:308564|Dilek Er:2:608374|Tuncay Şahin:1:339201|Mustafa Aksoy:1:345767|Onur Tekin:1:299810|Hasan Kalkan:2:641201|Dilek Öztürk:1:315129|Ahmet Yıldırım:2:614940|Seda Güneş:3:919127|Burak Öztürk:1:326072|Onur Korkmaz:1:334824|Tuğba Turan:1:323883|Seda Uysal:1:293245|Hasan Er:1:308564|Halil Kalkan:1:288868|Kadir Şahin:2:628070|Yusuf Bulut:3:962895|Ayşe Tekin:1:345767|Ayşe Soylu:1:301999|Pınar Koç:1:326072|Zeynep Şahin:2:593056|Meltem Özkan:1:312941|Murat Arslan:2:608374|Emine Bulut:1:317318|Kadir Bulut:4:1329086|Yasemin Akgül:6:501542|Ayşe Kocabaş:1:319163|Ayşe Doğan:1:348799|Meltem Yıldız:1:307764|Erdem Aktaş:2:708998|Hülya Güneş:1:337401|Ufuk Özdemir:1:312324|Sinan Kara:1:321442|Dilek Er:2:633766|Tuncay Şahin:1:353359|Mustafa Aksoy:1:360198|Onur Tekin:1:312324|Hasan Kalkan:2:667962|Dilek Öztürk:1:328282|Ahmet Yıldırım:2:640605|Seda Güneş:3:957488|Burak Öztürk:1:339680|Onur Korkmaz:1:348799|Tuğba Turan:1:337401|Seda Uysal:1:305484|Hasan Er:1:321442|Halil Kalkan:1:300925|Kadir Şahin:2:654284|Yusuf Bulut:3:1003084|Ayşe Tekin:1:360198|Ayşe Soylu:1:314603|Pınar Koç:1:339680|Zeynep Şahin:2:617808|Meltem Özkan:1:326002|Murat Arslan:2:633766|Emine Bulut:1:330561,462643510,303,51952554,29,10228,366,33.96454891584784,34.244958966985656,none,32968444
Dengeli,21,10958,2041,3,14790,11196,3594,57048,1827,350,0,0,3374,825178199,544033814,275730267,105491040,23701880,23797216,27813470,796363,4006845,90919816,24058286047,4320924506,0,19737361541,19737361541,16627770,38741819466,33255408,0,52437500,5779652487,0,3.9972602739726026,0.0,2.0,0.9972602739726028,1.0,13960.051681230138,14918.203611394521,9223.98331260548,9205.011830627398,13973.198630136987,32.591969005479456,19.214589227397262,1.0,1.0,1.0,1.0,none,0:1.0500|1:0.9300|2:1.0300|3:0.9400|4:0.9500|5:1.1000|6:0.8200|,Kadir Bulut:4:1329086|Yasemin Akgül:6:501542|Ayşe Kocabaş:1:319163|Ayşe Doğan:1:348799|Meltem Yıldız:1:307764|Erdem Aktaş:2:708998|Hülya Güneş:1:337401|Ufuk Özdemir:1:312324|Sinan Kara:1:321442|Dilek Er:2:633766|Tuncay Şahin:1:353359|Mustafa Aksoy:1:360198|Onur Tekin:1:312324|Hasan Kalkan:2:667962|Dilek Öztürk:1:328282|Ahmet Yıldırım:2:640605|Seda Güneş:3:957488|Burak Öztürk:1:339680|Onur Korkmaz:1:348799|Tuğba Turan:1:337401|Seda Uysal:1:305484|Hasan Er:1:321442|Halil Kalkan:1:300925|Kadir Şahin:2:654284|Yusuf Bulut:3:1003084|Ayşe Tekin:1:360198|Ayşe Soylu:1:314603|Pınar Koç:1:339680|Zeynep Şahin:2:617808|Meltem Özkan:1:326002|Murat Arslan:2:633766|Emine Bulut:1:330561|Kadir Bulut:4:1385104|Yasemin Akgül:6:522681|Ayşe Kocabaş:1:332614|Ayşe Doğan:1:363500|Meltem Yıldız:1:320736|Erdem Aktaş:2:738881|Hülya Güneş:1:351622|Ufuk Özdemir:1:325487|Sinan Kara:1:334991|Dilek Er:2:660478|Tuncay Şahin:1:368252|Mustafa Aksoy:1:375379|Onur Tekin:1:325487|Hasan Kalkan:2:696116|Dilek Öztürk:1:342118|Ahmet Yıldırım:2:667605|Seda Güneş:3:997845|Burak Öztürk:1:353997|Onur Korkmaz:1:363500|Tuğba Turan:1:351622|Seda Uysal:1:318360|Hasan Er:1:334991|Halil Kalkan:1:313609|Kadir Şahin:2:681861|Yusuf Bulut:3:1045361|Ayşe Tekin:1:375379|Ayşe Soylu:1:327863|Pınar Koç:1:353997|Zeynep Şahin:2:643848|Meltem Özkan:1:339743|Murat Arslan:2:660478|Emine Bulut:1:344494|Kadir Bulut:4:1442609|Yasemin Akgül:6:544381|Ayşe Kocabaş:1:346424|Ayşe Doğan:1:378592|Meltem Yıldız:1:334051|Erdem Aktaş:2:769556|Hülya Güneş:1:366220|Ufuk Özdemir:1:339000|Sinan Kara:1:348898|Dilek Er:2:687900|Tuncay Şahin:1:383541|Mustafa Aksoy:1:390965|Onur Tekin:1:339000|Hasan Kalkan:2:725016|Dilek Öztürk:1:356322|Ahmet Yıldırım:2:695322|Seda Güneş:3:1039273|Burak Öztürk:1:368694|Onur Korkmaz:1:378592|Tuğba Turan:1:366220|Seda Uysal:1:331577|Hasan Er:1:348898|Halil Kalkan:1:326629|Kadir Şahin:2:710169|Yusuf Bulut:3:1088762|Ayşe Tekin:1:390965|Ayşe Soylu:1:341475|Pınar Koç:1:368694|Zeynep Şahin:2:670578|Meltem Özkan:1:353847|Murat Arslan:2:687900|Emine Bulut:1:358796,496325216,313,56384607,30,10594,365,33.41463302522368,33.92586558252142,none,34535209
Atak,21,366,2012,3,24125,21585,2540,120806,2844,1404,0,294,1904,45738440,33358748,12150173,2692970,588236,761950,890631,0,92562,7123824,6386217,3322612,600247,2463358,2516058,1409268,7351172,921726,0,156276,0,0,3.3743169398907105,0.6366120218579235,2.0,0.23497267759562843,0.5027322404371585,412.9986339945355,476.3158222868853,296.91480373224044,298.0427222978142,418.77111279234975,1.040633426229508,42.193318846994536,1.0,1.0,1.0,1.0,none,0:1.0500|1:0.9100|2:1.0300|3:0.9200|4:0.9500|5:1.1000|6:0.8200|,,33726578,5,1562793,1,1,366,26.564467437017967,28.107557920840726,none,5561031
Atak,21,731,2013,3,22661,20224,2437,111411,2770,1392,0,156,1928,47024190,32526802,14303097,3467850,744860,818544,956726,0,0,8315117,50240548,22769361,6800352,20670835,20670835,1254774,60515449,994875,0,324951,15216136,0,4.0,0.0,2.0,1.0,1.0,438.8586551506849,513.0136986821918,300.8261520547945,300.6383562191781,447.3306350821918,1.1210992712328767,41.72746218904109,1.0,1.0,1.0,1.0,none,0:1.0500|1:0.9300|2:1.0300|3:0.9400|4:0.9500|5:1.1000|6:0.8200|,Emine Yıldız:6:13179|Ayşe Akgül:4:35984|Emine Yıldız:6:13670|Ayşe Akgül:4:37326|Emine Yıldız:6:14204|Ayşe Akgül:4:38786,32773114,20,1686825,2,367,365,30.41646650372925,31.45261041929231,none,6628292
Atak,21,1096,2014,3,21924,19203,2721,93841,3068,1171,0,102,2213,45968565,29719249,16050885,3620250,779205,878505,1026742,0,0,9746183,289339137,184037330,16605425,88696382,88696382,1183212,143336877,1077786,0,507687,20018226,0,4.0,0.0,2.0,1.0,1.0,491.818804569863,550.8779577835616,316.4841842109589,315.951930230137,496.3377334356164,1.2031732383561644,32.67911349863014,1.0,1.0,1.0,1.0,none,0:1.0500|1:0.9300|2:1.0300|3:0.9400|4:0.9500|5:1.1000|6:0.8200|,Emine Yıldız:6:14204|Ayşe Akgül:4:38786|Emine Yıldız:6:14769|Ayşe Akgül:4:40326|Emine Yıldız:6:15381|Ayşe Akgül:4:41999,29954176,24,1827393,3,732,365,34.91708953716523,35.65024735323998,none,7918790
Atak,21,1461,2015,3,21603,18765,2838,89613,3075,1116,0,64,2375,48442055,30893359,17344002,3842700,829409,947218,1107115,0,28310,10589250,531388572,357263798,11806554,162318220,162318220,1118002,275123719,1175322,0,706959,21721582,0,4.0,0.0,2.0,1.0,1.0,535.3779577808219,593.7247819671232,339.82752177534246,339.16077210958906,538.2368617287672,1.2972740301369863,30.229823534246574,1.0,1.0,1.0,1.0,none,0:1.0500|1:0.9300|2:1.0300|3:0.9400|4:0.9500|5:1.1000|6:0.8200|,Emine Yıldız:6:15381|Ayşe Akgül:4:41999|Emine Yıldız:6:16029|Ayşe Akgül:4:43769|Emine Yıldız:6:16733|Ayşe Akgül:4:45691,31146858,37,1992768,4,1097,365,35.8036049461568,36.52567931934466,none,8596482
Atak,21,1827,2016,3,20672,17554,3118,83154,3155,971,0,47,2608,48682803,30281831,18181099,4307580,933966,1028970,1202786,0,8893,10698904,1014631655,682324812,11033035,321273808,315190542,1211398,526268893,1272858,0,922767,46658734,0,4.0,0.0,2.0,1.0,1.0,583.1271732650273,643.3525831393442,361.0055886775956,360.2876304125683,586.1137605983606,1.4053722759562843,27.496361027322404,1.0,1.0,1.0,1.0,none,0:1.0500|1:0.9300|2:1.0300|3:0.9400|4:0.9500|5:1.1000|6:0.8200|,Emine Yıldız:6:16733|Ayşe Akgül:4:45691|Songül Kurt:1:12311|Emine Yıldız:6:17478|Ayşe Akgül:4:47727|Songül Kurt:1:12860|Murat Kaya:1:12407|Hüseyin Sarı:1:13675|Tuğba Kurt:1:13765|Kaan Bulut:2:27351|Emine Yıldız:6:18292|Ayşe Akgül:4:49948|Songül Kurt:1:13458|Murat Kaya:1:12985|Hüseyin Sarı:1:14312|Tuğba Kurt:1:14406|Kaan Bulut:2:28623|Ahmet Güler:1:12227|Meltem Özdemir:1:14690|Can Taş:1:14216|Merve Korkmaz:1:13648|Ahmet Tunç:1:14406|Hasan Özkan:1:12605|Songül Er:2:26727|Ufuk Kurt:3:37247|Emine Özdemir:1:13838|Mehmet Uysal:1:13553,30581974,65,2158143,5,1462,366,37.34603983258729,38.091448104490745,none,8540761
Atak,21,2192,2017,3,20147,16833,3314,79801,3062,905,0,24,2829,50295952,30617122,19447835,4591450,997874,1116944,1305503,0,40689,11395375,1494883680,962612835,10877303,521393542,527476808,1194242,846837792,1404537,0,1160904,184817265,0,3.9863013698630136,0.0,2.0,0.9863013698630136,1.0,644.7061022082191,700.1220423863014,392.81344947945206,391.5648816712329,645.3265255342466,1.5297444164383562,26.047447334246577,1.0,1.0,1.0,1.0,none,0:1.0500|1:0.9300|2:1.0300|3:0.9400|4:0.9500|5:1.1000|6:0.8200|,Emine Yıldız:6:18292|Ayşe Akgül:4:49948|Songül Kurt:1:13458|Murat Kaya:1:12985|Hüseyin Sarı:1:14312|Tuğba Kurt:1:14406|Kaan Bulut:2:28623|Ahmet Güler:1:12227|Meltem Özdemir:1:14690|Can Taş:1:14216|Merve Korkmaz:1:13648|Ahmet Tunç:1:14406|Hasan Özkan:1:12605|Songül Er:2:26727|Ufuk Kurt:3:37247|Emine Özdemir:1:13838|Mehmet Uysal:1:13553|Murat Erdoğan:1:13932|Elif Kalkan:2:28908|Songül Kara:1:13269|Ebru Sarı:2:28908|Levent Taş:3:42081|Volkan Tunç:1:12985|Seda Doğan:1:13458|Emine Yıldız:6:19152|Ayşe Akgül:4:52295|Songül Kurt:1:14091|Murat Kaya:1:13595|Hüseyin Sarı:1:14984|Tuğba Kurt:1:15083|Kaan Bulut:2:29968|Ahmet Güler:1:12801|Meltem Özdemir:1:15381|Can Taş:1:14885|Merve Korkmaz:1:14290|Ahmet Tunç:1:15083|Hasan Özkan:1:13198|Songül Er:2:27984|Ufuk Kurt:3:38998|Emine Özdemir:1:14488|Mehmet Uysal:1:14190|Murat Erdoğan:1:14587|Elif Kalkan:2:30266|Songül Kara:1:13893|Ebru Sarı:2:30266|Levent Taş:3:44060|Volkan Tunç:1:13595|Seda Doğan:1:14091|Tuğba Tekin:1:15282|Ayşe Duman:2:27885|Emine Yıldız:6:20220|Ayşe Akgül:4:55212|Songül Kurt:1:14876|Murat Kaya:1:14353|Hüseyin Sarı:1:15820|Tuğba Kurt:1:15925|Kaan Bulut:2:31639|Ahmet Güler:1:13515|Meltem Özdemir:1:16239|Can Taş:1:15714|Merve Korkmaz:1:15086|Ahmet Tunç:1:15925|Hasan Özkan:1:13934|Songül Er:2:29545|Ufuk Kurt:3:41173|Emine Özdemir:1:15295|Mehmet Uysal:1:14982|Murat Erdoğan:1:15401|Elif Kalkan:2:31954|Songül Kara:1:14667|Ebru Sarı:2:31954|Levent Taş:3:46516|Volkan Tunç:1:14353|Seda Doğan:1:14876|Tuğba Tekin:1:16134|Ayşe Duman:2:29439,30927062,121,2381400,6,1828,365,38.66679966610434,39.07092733665702,none,9013975
Atak,21,2557,2018,3,20040,16361,3679,78046,3207,858,0,20,3182,54427807,33196995,20958275,5519500,1206845,1231749,1439665,0,15320,11545196,1907477340,1157231810,9652518,740593012,740593012,1513740,1235018661,1560597,0,1425501,220154791,0,4.0,0.0,2.0,1.0,1.0,708.3748443726028,771.9694893890411,433.0684931643836,431.699626339726,710.7404732054795,1.6867796027397262,26.027234120547945,1.0,1.0,1.0,1.0,none,0:1.0500|1:0.9200|2:1.0300|3:0.9300|4:0.9400|5:1.1000|6:0.8200|,Emine Yıldız:6:20220|Ayşe Akgül:4:55212|Songül Kurt:1:14876|Murat Kaya:1:14353|Hüseyin Sarı:1:15820|Tuğba Kurt:1:15925|Kaan Bulut:2:31639|Ahmet Güler:1:13515|Meltem Özdemir:1:16239|Can Taş:1:15714|Merve Korkmaz:1:15086|Ahmet Tunç:1:15925|Hasan Özkan:1:13934|Songül Er:2:29545|Ufuk Kurt:3:41173|Emine Özdemir:1:15295|Mehmet Uysal:1:14982|Murat Erdoğan:1:15401|Elif Kalkan:2:31954|Songül Kara:1:14667|Ebru Sarı:2:31954|Levent Taş:3:46516|Volkan Tunç:1:14353|Seda Doğan:1:14876|Tuğba Tekin:1:16134|Ayşe Duman:2:29439|Emine Yıldız:6:21365|Ayşe Akgül:4:58338|Songül Kurt:1:15719|Murat Kaya:1:15165|Hüseyin Sarı:1:16715|Tuğba Kurt:1:16827|Kaan Bulut:2:33431|Ahmet Güler:1:14280|Meltem Özdemir:1:17159|Can Taş:1:16605|Merve Korkmaz:1:15941|Ahmet Tunç:1:16827|Hasan Özkan:1:14723|Songül Er:2:31217|Ufuk Kurt:3:43505|Emine Özdemir:1:16161|Mehmet Uysal:1:15829|Murat Erdoğan:1:16273|Elif Kalkan:2:33763|Songül Kara:1:15497|Ebru Sarı:2:33763|Levent Taş:3:49151|Volkan Tunç:1:15165|Seda Doğan:1:15719|Tuğba Tekin:1:17047|Ayşe Duman:2:31106|Emine Yıldız:6:22556|Ayşe Akgül:4:61592|Songül Kurt:1:16596|Murat Kaya:1:16012|Hüseyin Sarı:1:17647|Tuğba Kurt:1:17765|Kaan Bulut:2:35295|Ahmet Güler:1:15076|Meltem Özdemir:1:18115|Can Taş:1:17531|Merve Korkmaz:1:16829|Ahmet Tunç:1:17765|Hasan Özkan:1:15544|Songül Er:2:32957|Ufuk Kurt:3:45930|Emine Özdemir:1:17063|Mehmet Uysal:1:16713|Murat Erdoğan:1:17181|Elif Kalkan:2:35646|Songül Kara:1:16362|Ebru Sarı:2:35646|Levent Taş:3:51891|Volkan Tunç:1:16012|Seda Doğan:1:16596|Tuğba Tekin:1:17998|Ayşe Duman:2:32841,33179588,158,2646000,7,2193,365,38.50655787031802,38.864501385852286,none,8899196
Atak,21,2922,2019,3,20807,16744,4063,85433,3279,918,0,54,3550,64053314,39522755,24252765,5855500,1282443,1367651,1598486,7872,22790,14125895,2234092546,1279823483,9456632,944812431,944812431,939564,1575721280,1745916,0,1721517,246429218,0,4.0,0.0,2.0,1.0,1.0,781.3125779342466,857.1550435643836,481.6268991287671,479.99066004931507,785.9098381095891,1.872964882191781,28.134630383561646,1.0,1.0,1.0,1.0,none,0:1.0500|1:0.9300|2:1.0300|3:0.9400|4:0.9500|5:1.1000|6:0.8200|,Emine Yıldız:6:22556|Ayşe Akgül:4:61592|Songül Kurt:1:16596|Murat Kaya:1:16012|Hüseyin Sarı:1:17647|Tuğba Kurt:1:17765|Kaan Bulut:2:35295|Ahmet Güler:1:15076|Meltem Özdemir:1:18115|Can Taş:1:17531|Merve Korkmaz:1:16829|Ahmet Tunç:1:17765|Hasan Özkan:1:15544|Songül Er:2:32957|Ufuk Kurt:3:45930|Emine Özdemir:1:17063|Mehmet Uysal:1:16713|Murat Erdoğan:1:17181|Elif Kalkan:2:35646|Songül Kara:1:16362|Ebru Sarı:2:35646|Levent Taş:3:51891|Volkan Tunç:1:16012|Seda Doğan:1:16596|Tuğba Tekin:1:17998|Ayşe Duman:2:32841|Emine Yıldız:6:23834|Ayşe Akgül:4:65079|Songül Kurt:1:17536|Murat Kaya:1:16918|Hüseyin Sarı:1:18647|Tuğba Kurt:1:18771|Kaan Bulut:2:37294|Ahmet Güler:1:15930|Meltem Özdemir:1:19141|Can Taş:1:18523|Merve Korkmaz:1:17782|Ahmet Tunç:1:18771|Hasan Özkan:1:16424|Songül Er:2:34824|Ufuk Kurt:3:48532|Emine Özdemir:1:18030|Mehmet Uysal:1:17660|Murat Erdoğan:1:18153|Elif Kalkan:2:37664|Songül Kara:1:17288|Ebru Sarı:2:37664|Levent Taş:3:54830|Volkan Tunç:1:16918|Seda Doğan:1:17536|Tuğba Tekin:1:19017|Ayşe Duman:2:34701|Emine Yıldız:6:25609|Ayşe Akgül:4:69925|Songül Kurt:1:18842|Murat Kaya:1:18178|Hüseyin Sarı:1:20035|Tuğba Kurt:1:20168|Kaan Bulut:2:40071|Ahmet Güler:1:17117|Meltem Özdemir:1:20567|Can Taş:1:19903|Merve Korkmaz:1:19106|Ahmet Tunç:1:20168|Hasan Özkan:1:17647|Songül Er:2:37418|Ufuk Kurt:3:52146|Emine Özdemir:1:19372|Mehmet Uysal:1:18974|Murat Erdoğan:1:19504|Elif Kalkan:2:40469|Songül Kara:1:18576|Ebru Sarı:2:40469|Levent Taş:3:58913|Volkan Tunç:1:18178|Seda Doğan:1:18842|Tuğba Tekin:1:20433|Ayşe Duman:2:37284,38051728,198,2960211,8,2558,365,37.863403913808426,38.35669452523525,none,11165684
Atak,21,3288,2020,3,18095,13894,4201,65351,4519,600,0,4,3334,56719423,34899204,21429068,6461280,1418678,1557438,1820505,88727,92882,10078285,1022334925,101039511,9675867,911619547,911619547,1425698,1729946957,2014146,0,2063013,284165917,0,3.9617486338797816,0.0,2.0,0.9617486338797814,1.0,910.4911823333333,973.5506706338798,561.951068057377,557.9551664153006,912.5730253442623,2.126791852459016,21.751254344262296,0.9972677595628415,0.9972677595628415,1.1211407103825135,0.962290568306011,1,0:1.0500|1:0.9300|2:1.0300|3:0.9400|4:0.9500|5:1.1000|6:0.8200|,Emine Yıldız:6:25609|Ayşe Akgül:4:69925|Songül Kurt:1:18842|Murat Kaya:1:18178|Hüseyin Sarı:1:20035|Tuğba Kurt:1:20168|Kaan Bulut:2:40071|Ahmet Güler:1:17117|Meltem Özdemir:1:20567|Can Taş:1:19903|Merve Korkmaz:1:19106|Ahmet Tunç:1:20168|Hasan Özkan:1:17647|Songül Er:2:37418|Ufuk Kurt:3:52146|Emine Özdemir:1:19372|Mehmet Uysal:1:18974|Murat Erdoğan:1:19504|Elif Kalkan:2:40469|Songül Kara:1:18576|Ebru Sarı:2:40469|Levent Taş:3:58913|Volkan Tunç:1:18178|Seda Doğan:1:18842|Tuğba Tekin:1:20433|Ayşe Duman:2:37284|Emine Yıldız:6:27545|Ayşe Akgül:4:75215|Songül Kurt:1:20266|Murat Kaya:1:19553|Hüseyin Sarı:1:21551|Tuğba Kurt:1:21694|Kaan Bulut:2:43103|Ahmet Güler:1:18412|Meltem Özdemir:1:22122|Can Taş:1:21408|Merve Korkmaz:1:20552|Ahmet Tunç:1:21694|Hasan Özkan:1:18983|Songül Er:2:40249|Ufuk Kurt:3:56090|Emine Özdemir:1:20837|Mehmet Uysal:1:20410|Murat Erdoğan:1:20981|Elif Kalkan:2:43530|Songül Kara:1:19981|Ebru Sarı:2:43530|Levent Taş:3:63369|Volkan Tunç:1:19553|Seda Doğan:1:20266|Tuğba Tekin:1:21979|Ayşe Duman:2:40105|Emine Yıldız:6:29608|Ayşe Akgül:4:80848|Songül Kurt:1:21784|Murat Kaya:1:21017|Hüseyin Sarı:1:23165|Tuğba Kurt:1:23318|Kaan Bulut:2:46329|Ahmet Güler:1:19790|Meltem Özdemir:1:23778|Can Taş:1:23012|Merve Korkmaz:1:22090|Ahmet Tunç:1:23318|Hasan Özkan:1:20404|Songül Er:2:43262|Ufuk Kurt:3:60290|Emine Özdemir:1:22398|Mehmet Uysal:1:21937|Murat Erdoğan:1:22551|Elif Kalkan:2:46790|Songül Kara:1:21478|Ebru Sarı:2:46790|Levent Taş:3:68114|Volkan Tunç:1:21017|Seda Doğan:1:21784|Tuğba Tekin:1:23625|Ayşe Duman:2:43108,30858806,209,3414996,9,2923,366,37.78082862373265,38.28044917280207,none|0|1,6663289
Atak,21,3653,2021,3,16854,11866,4988,55273,7243,415,0,3,3491,52589717,32103914,20165757,8375400,1849430,1786026,2087541,79387,58954,6008406,1475293896,515114818,10381453,949797625,949797625,1609158,1933045754,2316513,0,2455776,326719610,0,4.0,0.0,2.0,1.0,1.0,1054.9570360986302,1119.5062266876712,644.3803237972602,641.430635139726,1055.148443350685,2.4456721561643837,21.12485765479452,0.910958904109589,0.910958904109589,1.0963356164383562,0.812669194520548,none,0:1.0500|1:0.9300|2:1.0300|3:0.9400|4:0.9500|5:1.1000|6:0.8200|,Emine Yıldız:6:29608|Ayşe Akgül:4:80848|Songül Kurt:1:21784|Murat Kaya:1:21017|Hüseyin Sarı:1:23165|Tuğba Kurt:1:23318|Kaan Bulut:2:46329|Ahmet Güler:1:19790|Meltem Özdemir:1:23778|Can Taş:1:23012|Merve Korkmaz:1:22090|Ahmet Tunç:1:23318|Hasan Özkan:1:20404|Songül Er:2:43262|Ufuk Kurt:3:60290|Emine Özdemir:1:22398|Mehmet Uysal:1:21937|Murat Erdoğan:1:22551|Elif Kalkan:2:46790|Songül Kara:1:21478|Ebru Sarı:2:46790|Levent Taş:3:68114|Volkan Tunç:1:21017|Seda Doğan:1:21784|Tuğba Tekin:1:23625|Ayşe Duman:2:43108|Emine Yıldız:6:31849|Ayşe Akgül:4:86964|Songül Kurt:1:23433|Murat Kaya:1:22607|Hüseyin Sarı:1:24918|Tuğba Kurt:1:25083|Kaan Bulut:2:49835|Ahmet Güler:1:21287|Meltem Özdemir:1:25578|Can Taş:1:24752|Merve Korkmaz:1:23763|Ahmet Tunç:1:25083|Hasan Özkan:1:21947|Songül Er:2:46535|Ufuk Kurt:3:64851|Emine Özdemir:1:24092|Mehmet Uysal:1:23597|Murat Erdoğan:1:24257|Elif Kalkan:2:50330|Songül Kara:1:23102|Ebru Sarı:2:50330|Levent Taş:3:73268|Volkan Tunç:1:22607|Seda Doğan:1:23433|Tuğba Tekin:1:25413|Ayşe Duman:2:46370|Emine Yıldız:6:33774|Ayşe Akgül:4:92223|Songül Kurt:1:24849|Murat Kaya:1:23974|Hüseyin Sarı:1:26424|Tuğba Kurt:1:26600|Kaan Bulut:2:52849|Ahmet Güler:1:22574|Meltem Özdemir:1:27124|Can Taş:1:26249|Merve Korkmaz:1:25199|Ahmet Tunç:1:26600|Hasan Özkan:1:23275|Songül Er:2:49349|Ufuk Kurt:3:68774|Emine Özdemir:1:25550|Mehmet Uysal:1:25024|Murat Erdoğan:1:25725|Elif Kalkan:2:53374|Songül Kara:1:24500|Ebru Sarı:2:53374|Levent Taş:3:77698|Volkan Tunç:1:23974|Seda Doğan:1:24849|Tuğba Tekin:1:26950|Ayşe Duman:2:49174,28220626,235,3927657,10,3289,365,38.34543737894615,38.91880884739502,1|none,2080749
Atak,21,4018,2022,3,14320,10546,3774,52172,3185,335,0,2,3241,60547451,36076249,24021258,8954900,1980080,2020716,2361751,125788,248608,8455203,1513560899,373228356,7139308,1133193235,1113281248,1641016,2048455591,2633514,0,2902290,371395728,0,4.0,0.0,2.0,1.0,1.0,1196.0821916657535,1266.5896637890412,715.4414694739726,711.7540473178083,1196.9982565342466,2.767170980821918,21.19069379452055,1.0,1.0,1.0,1.0,2,0:1.0500|1:0.9300|2:1.0300|3:0.9400|4:0.9500|5:1.1000|6:0.8200|,Emine Yıldız:6:33774|Ayşe Akgül:4:92223|Songül Kurt:1:24849|Murat Kaya:1:23974|Hüseyin Sarı:1:26424|Tuğba Kurt:1:26600|Kaan Bulut:2:52849|Ahmet Güler:1:22574|Meltem Özdemir:1:27124|Can Taş:1:26249|Merve Korkmaz:1:25199|Ahmet Tunç:1:26600|Hasan Özkan:1:23275|Songül Er:2:49349|Ufuk Kurt:3:68774|Emine Özdemir:1:25550|Mehmet Uysal:1:25024|Murat Erdoğan:1:25725|Elif Kalkan:2:53374|Songül Kara:1:24500|Ebru Sarı:2:53374|Levent Taş:3:77698|Volkan Tunç:1:23974|Seda Doğan:1:24849|Tuğba Tekin:1:26950|Ayşe Duman:2:49174|Emine Yıldız:6:35848|Ayşe Akgül:4:97887|Songül Kurt:1:26375|Murat Kaya:1:25447|Hüseyin Sarı:1:28048|Tuğba Kurt:1:28233|Kaan Bulut:2:56095|Ahmet Güler:1:23961|Meltem Özdemir:1:28790|Can Taş:1:27861|Merve Korkmaz:1:26747|Ahmet Tunç:1:28233|Hasan Özkan:1:24705|Songül Er:2:52380|Ufuk Kurt:3:72998|Emine Özdemir:1:27119|Mehmet Uysal:1:26562|Murat Erdoğan:1:27304|Elif Kalkan:2:56653|Songül Kara:1:26004|Ebru Sarı:2:56653|Levent Taş:3:82471|Volkan Tunç:1:25447|Seda Doğan:1:26375|Tuğba Tekin:1:28605|Ayşe Duman:2:52194|Emine Yıldız:6:39177|Ayşe Akgül:4:106974|Songül Kurt:1:28824|Murat Kaya:1:27810|Hüseyin Sarı:1:30651|Tuğba Kurt:1:30854|Kaan Bulut:2:61303|Ahmet Güler:1:26186|Meltem Özdemir:1:31463|Can Taş:1:30449|Merve Korkmaz:1:29230|Ahmet Tunç:1:30854|Hasan Özkan:1:26998|Songül Er:2:57243|Ufuk Kurt:3:79774|Emine Özdemir:1:29636|Mehmet Uysal:1:29028|Murat Erdoğan:1:29840|Elif Kalkan:2:61911|Songül Kara:1:28419|Ebru Sarı:2:61911|Levent Taş:3:90127|Volkan Tunç:1:27810|Seda Doğan:1:28824|Tuğba Tekin:1:31261|Ayşe Duman:2:57040,31600872,215,4465119,11,3654,365,39.673442239542005,40.18458978328277,none|2,3990084
Atak,21,4383,2023,3,15100,10783,4317,52305,5003,425,0,0,3322,70303701,41787964,28116651,10144100,2247981,2355118,2752604,43769,345418,10271430,2147817962,821374658,7055075,1319388229,1339300216,1185638,2648307691,3160215,0,3438105,444137226,0,3.9945205479452053,0.0,2.0,0.9945205479452055,1.0,1395.579701131507,1475.9140722849313,835.3397259150685,828.1803237917808,1393.4846823808218,3.224446906849315,20.341394920547945,0.9778082191780821,0.9778082191780821,1.0,0.9682534246575343,3,0:1.0500|1:0.9300|2:1.0300|3:0.9400|4:0.9500|5:1.1000|6:0.8200|,Emine Yıldız:6:39177|Ayşe Akgül:4:106974|Songül Kurt:1:28824|Murat Kaya:1:27810|Hüseyin Sarı:1:30651|Tuğba Kurt:1:30854|Kaan Bulut:2:61303|Ahmet Güler:1:26186|Meltem Özdemir:1:31463|Can Taş:1:30449|Merve Korkmaz:1:29230|Ahmet Tunç:1:30854|Hasan Özkan:1:26998|Songül Er:2:57243|Ufuk Kurt:3:79774|Emine Özdemir:1:29636|Mehmet Uysal:1:29028|Murat Erdoğan:1:29840|Elif Kalkan:2:61911|Songül Kara:1:28419|Ebru Sarı:2:61911|Levent Taş:3:90127|Volkan Tunç:1:27810|Seda Doğan:1:28824|Tuğba Tekin:1:31261|Ayşe Duman:2:57040|Emine Yıldız:6:42874|Ayşe Akgül:4:117068|Songül Kurt:1:31544|Murat Kaya:1:30434|Hüseyin Sarı:1:33543|Tuğba Kurt:1:33766|Kaan Bulut:2:67087|Ahmet Güler:1:28656|Meltem Özdemir:1:34432|Can Taş:1:33321|Merve Korkmaz:1:31988|Ahmet Tunç:1:33766|Hasan Özkan:1:29545|Songül Er:2:62644|Ufuk Kurt:3:87301|Emine Özdemir:1:32433|Mehmet Uysal:1:31767|Murat Erdoğan:1:32655|Elif Kalkan:2:67754|Songül Kara:1:31100|Ebru Sarı:2:67754|Levent Taş:3:98631|Volkan Tunç:1:30434|Seda Doğan:1:31544|Tuğba Tekin:1:34209|Ayşe Duman:2:62421|Emine Yıldız:6:48953|Ayşe Akgül:4:133671|Songül Kurt:1:36017|Murat Kaya:1:34750|Hüseyin Sarı:1:38300|Tuğba Kurt:1:38554|Kaan Bulut:2:76600|Ahmet Güler:1:32720|Meltem Özdemir:1:39315|Can Taş:1:38046|Merve Korkmaz:1:36525|Ahmet Tunç:1:38554|Hasan Özkan:1:33734|Songül Er:2:71528|Ufuk Kurt:3:99682|Emine Özdemir:1:37032|Mehmet Uysal:1:36271|Murat Erdoğan:1:37285|Elif Kalkan:2:77361|Songül Kara:1:35510|Ebru Sarı:2:77361|Levent Taş:3:112618|Volkan Tunç:1:34750|Seda Doğan:1:36017|Tuğba Tekin:1:39062|Ayşe Duman:2:71274,38107540,215,5358147,12,4019,365,39.99313066036168,40.143889651175606,2|none|3,4913283
Atak,21,4749,2024,3,16607,11533,5074,54591,7535,462,0,0,3512,92075359,54328371,37164370,13334080,2966018,2976693,3479760,116670,439428,13968391,3250515507,1376507555,8255944,1865752008,1865752008,1158468,3698013078,4086819,0,4131024,574876972,0,4.0,0.0,2.0,1.0,1.0,1765.380650784153,1860.2167163060108,1050.193989079235,1036.8458767896175,1753.3445106584697,4.063567980874317,19.630671469945355,0.95,0.95,1.0,0.925,3,0:1.0500|1:0.9300|2:1.0300|3:0.9400|4:0.9500|5:1.1000|6:0.8200|,Emine Yıldız:6:48953|Ayşe Akgül:4:133671|Songül Kurt:1:36017|Murat Kaya:1:34750|Hüseyin Sarı:1:38300|Tuğba Kurt:1:38554|Kaan Bulut:2:76600|Ahmet Güler:1:32720|Meltem Özdemir:1:39315|Can Taş:1:38046|Merve Korkmaz:1:36525|Ahmet Tunç:1:38554|Hasan Özkan:1:33734|Songül Er:2:71528|Ufuk Kurt:3:99682|Emine Özdemir:1:37032|Mehmet Uysal:1:36271|Murat Erdoğan:1:37285|Elif Kalkan:2:77361|Songül Kara:1:35510|Ebru Sarı:2:77361|Levent Taş:3:112618|Volkan Tunç:1:34750|Seda Doğan:1:36017|Tuğba Tekin:1:39062|Ayşe Duman:2:71274|Emine Yıldız:6:56014|Ayşe Akgül:4:152950|Songül Kurt:1:41213|Murat Kaya:1:39761|Hüseyin Sarı:1:43824|Tuğba Kurt:1:44115|Kaan Bulut:2:87649|Ahmet Güler:1:37440|Meltem Özdemir:1:44986|Can Taş:1:43534|Merve Korkmaz:1:41793|Ahmet Tunç:1:44115|Hasan Özkan:1:38600|Songül Er:2:81843|Ufuk Kurt:3:114060|Emine Özdemir:1:42373|Mehmet Uysal:1:41503|Murat Erdoğan:1:42663|Elif Kalkan:2:88520|Songül Kara:1:40632|Ebru Sarı:2:88520|Levent Taş:3:128861|Volkan Tunç:1:39761|Seda Doğan:1:41213|Tuğba Tekin:1:44695|Ayşe Duman:2:81554|Emine Yıldız:6:64004|Ayşe Akgül:4:174766|Songül Kurt:1:47090|Murat Kaya:1:45433|Hüseyin Sarı:1:50076|Tuğba Kurt:1:50406|Kaan Bulut:2:100150|Ahmet Güler:1:42779|Meltem Özdemir:1:51402|Can Taş:1:49744|Merve Korkmaz:1:47754|Ahmet Tunç:1:50406|Hasan Özkan:1:44106|Songül Er:2:93518|Ufuk Kurt:3:130328|Emine Özdemir:1:48417|Mehmet Uysal:1:47422|Murat Erdoğan:1:48749|Elif Kalkan:2:101146|Songül Kara:1:46427|Ebru Sarı:2:101146|Levent Taş:3:147241|Volkan Tunç:1:45433|Seda Doğan:1:47090|Tuğba Tekin:1:51070|Ayşe Duman:2:93186,49086284,227,6929208,13,4384,366,40.36299223117881,40.51175373352165,3,7039183
Atak,21,5114,2025,3,16148,11239,4909,55157,6735,331,0,2,3497,119124176,70749217,47579881,15862350,3535072,3858922,4510733,209348,816864,18995940,4222294593,1693815201,8089057,2520390335,2520390335,713112,4970028388,5310912,0,5031486,746109077,0,3.8575342465753426,0.0,2.0,0.8575342465753425,1.0,2294.952054843836,2417.810087145205,1366.1511830958905,1351.6653798465754,2283.503736052055,5.2824687753424655,19.857610608219176,0.9554794520547946,0.9554794520547946,1.0,0.9300342465753425,none,0:1.0500|1:0.9300|2:1.0300|3:0.9400|4:0.9500|5:1.1000|6:0.8200|,Emine Yıldız:6:64004|Ayşe Akgül:4:174766|Songül Kurt:1:47090|Murat Kaya:1:45433|Hüseyin Sarı:1:50076|Tuğba Kurt:1:50406|Kaan Bulut:2:100150|Ahmet Güler:1:42779|Meltem Özdemir:1:51402|Can Taş:1:49744|Merve Korkmaz:1:47754|Ahmet Tunç:1:50406|Hasan Özkan:1:44106|Songül Er:2:93518|Ufuk Kurt:3:130328|Emine Özdemir:1:48417|Mehmet Uysal:1:47422|Murat Erdoğan:1:48749|Elif Kalkan:2:101146|Songül Kara:1:46427|Ebru Sarı:2:101146|Levent Taş:3:147241|Volkan Tunç:1:45433|Seda Doğan:1:47090|Tuğba Tekin:1:51070|Ayşe Duman:2:93186|Emine Yıldız:6:73235|Ayşe Akgül:4:199975|Songül Kurt:1:53883|Murat Kaya:1:51987|Hüseyin Sarı:1:57298|Tuğba Kurt:1:57678|Kaan Bulut:2:114596|Ahmet Güler:1:48950|Meltem Özdemir:1:58816|Can Taş:1:56918|Merve Korkmaz:1:54642|Ahmet Tunç:1:57678|Hasan Özkan:1:50468|Songül Er:2:107007|Ufuk Kurt:3:149128|Emine Özdemir:1:55401|Mehmet Uysal:1:54263|Murat Erdoğan:1:55780|Elif Kalkan:2:115736|Songül Kara:1:53125|Ebru Sarı:2:115736|Levent Taş:3:168480|Volkan Tunç:1:51987|Seda Doğan:1:53883|Tuğba Tekin:1:58436|Ayşe Duman:2:106628|Emine Yıldız:6:82011|Ayşe Akgül:4:223936|Songül Kurt:1:60340|Murat Kaya:1:58214|Hüseyin Sarı:1:64164|Tuğba Kurt:1:64589|Kaan Bulut:2:128329|Ahmet Güler:1:54815|Meltem Özdemir:1:65863|Can Taş:1:63739|Merve Korkmaz:1:61190|Ahmet Tunç:1:64589|Hasan Özkan:1:56515|Songül Er:2:119829|Ufuk Kurt:3:166997|Emine Özdemir:1:62039|Mehmet Uysal:1:60765|Murat Erdoğan:1:62464|Elif Kalkan:2:129603|Songül Kara:1:59490|Ebru Sarı:2:129603|Levent Taş:3:188667|Volkan Tunç:1:58214|Seda Doğan:1:60340|Tuğba Tekin:1:65438|Ayşe Duman:2:119404,63268864,235,9004665,14,4750,365,39.94141457901879,40.471471714956905,3|none,9991275
Atak,21,5479,2026,3,17193,12657,4536,64507,3086,487,0,0,3995,181444396,108388240,72217916,20979850,4686467,4885747,5710984,0,1099663,34855205,6043770487,2602725650,7548703,3433496134,3433496134,5613508,6819758744,6608166,0,6151902,933921995,0,3.9095890410958902,0.0,2.0,0.9095890410958904,1.0,2901.5367373287672,3061.834371060274,1739.3242840136986,1726.9826899041097,2889.401369868493,6.689046424657534,20.490058745205477,1.0473972602739727,1.0473972602739727,1.0,1.104332191780822,4,0:1.0500|1:0.9300|2:1.0300|3:0.9400|4:0.9500|5:1.1000|6:0.8200|,Emine Yıldız:6:82011|Ayşe Akgül:4:223936|Songül Kurt:1:60340|Murat Kaya:1:58214|Hüseyin Sarı:1:64164|Tuğba Kurt:1:64589|Kaan Bulut:2:128329|Ahmet Güler:1:54815|Meltem Özdemir:1:65863|Can Taş:1:63739|Merve Korkmaz:1:61190|Ahmet Tunç:1:64589|Hasan Özkan:1:56515|Songül Er:2:119829|Ufuk Kurt:3:166997|Emine Özdemir:1:62039|Mehmet Uysal:1:60765|Murat Erdoğan:1:62464|Elif Kalkan:2:129603|Songül Kara:1:59490|Ebru Sarı:2:129603|Levent Taş:3:188667|Volkan Tunç:1:58214|Seda Doğan:1:60340|Tuğba Tekin:1:65438|Ayşe Duman:2:119404|Emine Yıldız:6:92002|Ayşe Akgül:4:251219|Songül Kurt:1:67691|Murat Kaya:1:65307|Hüseyin Sarı:1:71981|Tuğba Kurt:1:72458|Kaan Bulut:2:143962|Ahmet Güler:1:61494|Meltem Özdemir:1:73888|Can Taş:1:71504|Merve Korkmaz:1:68644|Ahmet Tunç:1:72458|Hasan Özkan:1:63401|Songül Er:2:134428|Ufuk Kurt:3:187342|Emine Özdemir:1:69597|Mehmet Uysal:1:68168|Murat Erdoğan:1:70075|Elif Kalkan:2:145393|Songül Kara:1:66738|Ebru Sarı:2:145393|Levent Taş:3:211653|Volkan Tunç:1:65307|Seda Doğan:1:67691|Tuğba Tekin:1:73412|Ayşe Duman:2:133951|Emine Yıldız:6:98426|Ayşe Akgül:4:268759|Songül Kurt:1:72417|Murat Kaya:1:69867|Hüseyin Sarı:1:77007|Tuğba Kurt:1:77517|Kaan Bulut:2:154013|Ahmet Güler:1:65787|Meltem Özdemir:1:79047|Can Taş:1:76496|Merve Korkmaz:1:73438|Ahmet Tunç:1:77517|Hasan Özkan:1:67827|Songül Er:2:143814|Ufuk Kurt:3:200422|Emine Özdemir:1:74457|Mehmet Uysal:1:72927|Murat Erdoğan:1:74966|Elif Kalkan:2:155543|Songül Kara:1:71397|Ebru Sarı:2:155543|Levent Taş:3:226430|Volkan Tunç:1:69867|Seda Doğan:1:72417|Tuğba Tekin:1:78537|Ayşe Duman:2:143304,103529956,260,11204151,15,5115,365,39.80167896725783,40.05506593671575,none|4,23651054
Atak,21,5844,2027,3,16718,12175,4543,61693,3621,552,0,0,3867,199237553,120011571,78259221,24826350,5551740,5754744,6726246,0,942031,34458110,6715252580,2430541009,6622050,4278089521,4278089521,4860540,8377594397,7637187,0,7446789,1082743710,0,4.0,0.0,2.0,1.0,1.0,3409.0417184109588,3607.179950112329,2052.1860523616438,2042.4692403643835,3398.33138229863,7.880437986301369,20.688453578082193,1.0026027397260273,1.0026027397260273,1.0,1.0106335616438358,none,0:1.0500|1:0.9300|2:1.0300|3:0.9400|4:0.9500|5:1.1000|6:0.8200|,Emine Yıldız:6:98426|Ayşe Akgül:4:268759|Songül Kurt:1:72417|Murat Kaya:1:69867|Hüseyin Sarı:1:77007|Tuğba Kurt:1:77517|Kaan Bulut:2:154013|Ahmet Güler:1:65787|Meltem Özdemir:1:79047|Can Taş:1:76496|Merve Korkmaz:1:73438|Ahmet Tunç:1:77517|Hasan Özkan:1:67827|Songül Er:2:143814|Ufuk Kurt:3:200422|Emine Özdemir:1:74457|Mehmet Uysal:1:72927|Murat Erdoğan:1:74966|Elif Kalkan:2:155543|Songül Kara:1:71397|Ebru Sarı:2:155543|Levent Taş:3:226430|Volkan Tunç:1:69867|Seda Doğan:1:72417|Tuğba Tekin:1:78537|Ayşe Duman:2:143304|Emine Yıldız:6:105408|Ayşe Akgül:4:287821|Songül Kurt:1:77554|Murat Kaya:1:74823|Hüseyin Sarı:1:82468|Tuğba Kurt:1:83015|Kaan Bulut:2:164938|Ahmet Güler:1:70453|Meltem Özdemir:1:84654|Can Taş:1:81923|Merve Korkmaz:1:78646|Ahmet Tunç:1:83015|Hasan Özkan:1:72638|Songül Er:2:154014|Ufuk Kurt:3:214637|Emine Özdemir:1:79738|Mehmet Uysal:1:78100|Murat Erdoğan:1:80284|Elif Kalkan:2:166575|Songül Kara:1:76461|Ebru Sarı:2:166575|Levent Taş:3:242491|Volkan Tunç:1:74823|Seda Doğan:1:77554|Tuğba Tekin:1:84107|Ayşe Duman:2:153468|Emine Yıldız:6:111781|Ayşe Akgül:4:305226|Songül Kurt:1:82243|Murat Kaya:1:79347|Hüseyin Sarı:1:87455|Tuğba Kurt:1:88035|Kaan Bulut:2:174912|Ahmet Güler:1:74714|Meltem Özdemir:1:89773|Can Taş:1:86877|Merve Korkmaz:1:83402|Ahmet Tunç:1:88035|Hasan Özkan:1:77030|Songül Er:2:163328|Ufuk Kurt:3:227616|Emine Özdemir:1:84559|Mehmet Uysal:1:82822|Murat Erdoğan:1:85139|Elif Kalkan:2:176649|Songül Kara:1:81085|Ebru Sarı:2:176649|Levent Taş:3:257154|Volkan Tunç:1:79347|Seda Doğan:1:82243|Tuğba Tekin:1:89193|Ayşe Duman:2:162749,108511620,279,12948861,16,5480,365,39.279352622846154,39.80167384639047,4|none,21509249
Atak,21,6210,2028,3,16434,11981,4453,59531,3813,379,0,7,3793,217701000,130707089,85588996,27738880,6206797,6504092,7602820,295170,1199273,36337134,7314685529,2278699665,3484307,5032501557,5032501557,4958426,9504782165,8593050,0,8903739,1223490036,0,4.0,0.0,2.0,1.0,1.0,3847.4155489071036,4065.9817435983605,2304.979011434426,2294.912940901639,3830.9849727431692,8.882704980874315,20.61841763114754,1.0,1.0,1.0,1.0,none,0:1.0500|1:0.9300|2:1.0300|3:0.9400|4:0.9500|5:1.1000|6:0.8200|,Emine Yıldız:6:111781|Ayşe Akgül:4:305226|Songül Kurt:1:82243|Murat Kaya:1:79347|Hüseyin Sarı:1:87455|Tuğba Kurt:1:88035|Kaan Bulut:2:174912|Ahmet Güler:1:74714|Meltem Özdemir:1:89773|Can Taş:1:86877|Merve Korkmaz:1:83402|Ahmet Tunç:1:88035|Hasan Özkan:1:77030|Songül Er:2:163328|Ufuk Kurt:3:227616|Emine Özdemir:1:84559|Mehmet Uysal:1:82822|Murat Erdoğan:1:85139|Elif Kalkan:2:176649|Songül Kara:1:81085|Ebru Sarı:2:176649|Levent Taş:3:257154|Volkan Tunç:1:79347|Seda Doğan:1:82243|Tuğba Tekin:1:89193|Ayşe Duman:2:162749|Emine Yıldız:6:118646|Ayşe Akgül:4:323972|Songül Kurt:1:87295|Murat Kaya:1:84220|Hüseyin Sarı:1:92827|Tuğba Kurt:1:93442|Kaan Bulut:2:185654|Ahmet Güler:1:79303|Meltem Özdemir:1:95285|Can Taş:1:92212|Merve Korkmaz:1:88523|Ahmet Tunç:1:93442|Hasan Özkan:1:81761|Songül Er:2:173358|Ufuk Kurt:3:241596|Emine Özdemir:1:89753|Mehmet Uysal:1:87908|Murat Erdoğan:1:90368|Elif Kalkan:2:187498|Songül Kara:1:86065|Ebru Sarı:2:187498|Levent Taş:3:272948|Volkan Tunç:1:84220|Seda Doğan:1:87295|Tuğba Tekin:1:94672|Ayşe Duman:2:172745|Emine Yıldız:6:124734|Ayşe Akgül:4:340595|Songül Kurt:1:91773|Murat Kaya:1:88542|Hüseyin Sarı:1:97590|Tuğba Kurt:1:98236|Kaan Bulut:2:195180|Ahmet Güler:1:83371|Meltem Özdemir:1:100176|Can Taş:1:96944|Merve Korkmaz:1:93066|Ahmet Tunç:1:98236|Hasan Özkan:1:85957|Songül Er:2:182254|Ufuk Kurt:3:253993|Emine Özdemir:1:94358|Mehmet Uysal:1:92420|Murat Erdoğan:1:95005|Elif Kalkan:2:197118|Songül Kara:1:90481|Ebru Sarı:2:197118|Levent Taş:3:286954|Volkan Tunç:1:88542|Seda Doğan:1:91773|Tuğba Tekin:1:99529|Ayşe Duman:2:181607,115102404,288,14569536,17,5845,366,39.31493011056449,40.09019867663689,none,21767598
Atak,21,6575,2029,3,16617,12209,4408,60861,3687,486,0,0,3750,245742711,147274797,97134101,35026850,7846635,7181924,8394101,102508,978842,37705749,8861491915,3013013757,2848129,5845630029,5845630029,3727416,11167057102,9514782,0,10516971,1380819611,0,4.0,0.0,2.0,1.0,1.0,4258.374221610959,4502.095267715068,2550.7189289342464,2542.927646345205,4246.764009947945,9.835676753424657,20.74388584109589,1.0,1.0,1.0,1.0,none,0:1.0500|1:0.9300|2:1.0300|3:0.9400|4:0.9500|5:1.1000|6:0.8200|,Emine Yıldız:6:124734|Ayşe Akgül:4:340595|Songül Kurt:1:91773|Murat Kaya:1:88542|Hüseyin Sarı:1:97590|Tuğba Kurt:1:98236|Kaan Bulut:2:195180|Ahmet Güler:1:83371|Meltem Özdemir:1:100176|Can Taş:1:96944|Merve Korkmaz:1:93066|Ahmet Tunç:1:98236|Hasan Özkan:1:85957|Songül Er:2:182254|Ufuk Kurt:3:253993|Emine Özdemir:1:94358|Mehmet Uysal:1:92420|Murat Erdoğan:1:95005|Elif Kalkan:2:197118|Songül Kara:1:90481|Ebru Sarı:2:197118|Levent Taş:3:286954|Volkan Tunç:1:88542|Seda Doğan:1:91773|Tuğba Tekin:1:99529|Ayşe Duman:2:181607|Can Uysal:1:100821|Emine Yıldız:6:131200|Ayşe Akgül:4:358249|Songül Kurt:1:96530|Murat Kaya:1:93131|Hüseyin Sarı:1:102649|Tuğba Kurt:1:103328|Kaan Bulut:2:205297|Ahmet Güler:1:87693|Meltem Özdemir:1:105367|Can Taş:1:101969|Merve Korkmaz:1:97890|Ahmet Tunç:1:103328|Hasan Özkan:1:90412|Songül Er:2:191700|Ufuk Kurt:3:267158|Emine Özdemir:1:99249|Mehmet Uysal:1:97210|Murat Erdoğan:1:99929|Elif Kalkan:2:207336|Songül Kara:1:95170|Ebru Sarı:2:207336|Levent Taş:3:301827|Volkan Tunç:1:93131|Seda Doğan:1:96530|Tuğba Tekin:1:104687|Ayşe Duman:2:191020|Can Uysal:1:106047|Emine Yıldız:6:137272|Ayşe Akgül:4:374832|Songül Kurt:1:100999|Murat Kaya:1:97443|Hüseyin Sarı:1:107399|Tuğba Kurt:1:108111|Kaan Bulut:2:214799|Ahmet Güler:1:91752|Meltem Özdemir:1:110245|Can Taş:1:106689|Merve Korkmaz:1:102421|Ahmet Tunç:1:108111|Hasan Özkan:1:94597|Songül Er:2:200574|Ufuk Kurt:3:279524|Emine Özdemir:1:103843|Mehmet Uysal:1:101709|Murat Erdoğan:1:104555|Elif Kalkan:2:216933|Songül Kara:1:99575|Ebru Sarı:2:216933|Levent Taş:3:315798|Volkan Tunç:1:97443|Seda Doğan:1:100999|Tuğba Tekin:1:109533|Ayşe Duman:2:199862|Can Uysal:1:110956,133801574,305,16132332,18,6211,365,39.52674755020506,40.10110910427924,none,21573417
Atak,21,6940,2030,3,16385,12085,4300,60748,3740,372,0,0,3667,272734108,165741008,105497615,36735950,8231310,7853561,9179123,163609,1082359,42415312,9744621509,3003993638,2301948,6738325923,6738325923,4166532,13006551796,10426755,0,12284826,1523362498,0,4.0,0.0,2.0,1.0,1.0,4614.475093430137,4923.471980035616,2796.0341221616436,2787.631631389041,4602.407596512329,10.755794057534246,20.79308182739726,1.0,1.0,1.0,1.0,none,0:1.0500|1:0.9300|2:1.0300|3:0.9400|4:0.9500|5:1.1000|6:0.8200|,Emine Yıldız:6:137272|Ayşe Akgül:4:374832|Songül Kurt:1:100999|Murat Kaya:1:97443|Hüseyin Sarı:1:107399|Tuğba Kurt:1:108111|Kaan Bulut:2:214799|Ahmet Güler:1:91752|Meltem Özdemir:1:110245|Can Taş:1:106689|Merve Korkmaz:1:102421|Ahmet Tunç:1:108111|Hasan Özkan:1:94597|Songül Er:2:200574|Ufuk Kurt:3:279524|Emine Özdemir:1:103843|Mehmet Uysal:1:101709|Murat Erdoğan:1:104555|Elif Kalkan:2:216933|Songül Kara:1:99575|Ebru Sarı:2:216933|Levent Taş:3:315798|Volkan Tunç:1:97443|Seda Doğan:1:100999|Tuğba Tekin:1:109533|Ayşe Duman:2:199862|Can Uysal:1:110956|Emine Yıldız:6:143722|Ayşe Akgül:4:392445|Songül Kurt:1:105744|Murat Kaya:1:102020|Hüseyin Sarı:1:112446|Tuğba Kurt:1:113191|Kaan Bulut:2:224892|Ahmet Güler:1:96063|Meltem Özdemir:1:115424|Can Taş:1:111702|Merve Korkmaz:1:107233|Ahmet Tunç:1:113191|Hasan Özkan:1:99042|Songül Er:2:209998|Ufuk Kurt:3:292657|Emine Özdemir:1:108722|Mehmet Uysal:1:106489|Murat Erdoğan:1:109467|Elif Kalkan:2:227126|Songül Kara:1:104255|Ebru Sarı:2:227126|Levent Taş:3:330636|Volkan Tunç:1:102020|Seda Doğan:1:105744|Tuğba Tekin:1:114680|Ayşe Duman:2:209254|Can Uysal:1:116169|Emine Yıldız:6:149689|Ayşe Akgül:4:408737|Songül Kurt:1:110134|Murat Kaya:1:106256|Hüseyin Sarı:1:117115|Tuğba Kurt:1:117890|Kaan Bulut:2:234229|Ahmet Güler:1:100052|Meltem Özdemir:1:120217|Can Taş:1:116339|Merve Korkmaz:1:111686|Ahmet Tunç:1:117890|Hasan Özkan:1:103154|Songül Er:2:218718|Ufuk Kurt:3:304808|Emine Özdemir:1:113237|Mehmet Uysal:1:110910|Murat Erdoğan:1:114012|Elif Kalkan:2:236556|Songül Kara:1:108583|Ebru Sarı:2:236556|Levent Taş:3:344363|Volkan Tunç:1:106256|Seda Doğan:1:110134|Tuğba Tekin:1:119441|Ayşe Duman:2:217941|Can Uysal:1:120992,145220538,315,17678589,19,6576,365,38.68148937205903,39.40732010575809,none,24736723
Atak,21,7305,2031,3,17161,12684,4477,64772,3500,515,0,2,3877,323707989,200434750,121593296,38402950,8606283,8510372,9946631,209880,1250799,54876261,10385495870,2847437168,1899404,7536159298,7536159298,6097422,14554678442,11319222,0,14203998,1655790125,0,4.0,0.0,2.0,1.0,1.0,4892.7963884630135,5335.001245315068,3021.3985056273973,3015.732876720548,4904.319178043836,11.655541671232877,21.67153667671233,1.0,1.0,1.0,1.0,none,0:1.0500|1:0.9300|2:1.0300|3:0.9400|4:0.9500|5:1.1000|6:0.8200|,Emine Yıldız:6:149689|Ayşe Akgül:4:408737|Songül Kurt:1:110134|Murat Kaya:1:106256|Hüseyin Sarı:1:117115|Tuğba Kurt:1:117890|Kaan Bulut:2:234229|Ahmet Güler:1:100052|Meltem Özdemir:1:120217|Can Taş:1:116339|Merve Korkmaz:1:111686|Ahmet Tunç:1:117890|Hasan Özkan:1:103154|Songül Er:2:218718|Ufuk Kurt:3:304808|Emine Özdemir:1:113237|Mehmet Uysal:1:110910|Murat Erdoğan:1:114012|Elif Kalkan:2:236556|Songül Kara:1:108583|Ebru Sarı:2:236556|Levent Taş:3:344363|Volkan Tunç:1:106256|Seda Doğan:1:110134|Tuğba Tekin:1:119441|Ayşe Duman:2:217941|Can Uysal:1:120992|Emine Yıldız:6:155996|Ayşe Akgül:4:425959|Songül Kurt:1:114774|Murat Kaya:1:110733|Hüseyin Sarı:1:122049|Tuğba Kurt:1:122858|Kaan Bulut:2:244098|Ahmet Güler:1:104267|Meltem Özdemir:1:125282|Can Taş:1:121241|Merve Korkmaz:1:116391|Ahmet Tunç:1:122858|Hasan Özkan:1:107500|Songül Er:2:227932|Ufuk Kurt:3:317651|Emine Özdemir:1:118008|Mehmet Uysal:1:115582|Murat Erdoğan:1:118816|Elif Kalkan:2:246523|Songül Kara:1:113158|Ebru Sarı:2:246523|Levent Taş:3:358872|Volkan Tunç:1:110733|Seda Doğan:1:114774|Tuğba Tekin:1:124473|Ayşe Duman:2:227125|Can Uysal:1:126090|Emine Yıldız:6:162473|Ayşe Akgül:4:443644|Songül Kurt:1:119539|Murat Kaya:1:115330|Hüseyin Sarı:1:127116|Tuğba Kurt:1:127957|Kaan Bulut:2:254232|Ahmet Güler:1:108596|Meltem Özdemir:1:130483|Can Taş:1:126274|Merve Korkmaz:1:121224|Ahmet Tunç:1:127957|Hasan Özkan:1:111964|Songül Er:2:237395|Ufuk Kurt:3:330838|Emine Özdemir:1:122907|Mehmet Uysal:1:120382|Murat Erdoğan:1:123748|Elif Kalkan:2:256758|Songül Kara:1:117856|Ebru Sarı:2:256758|Levent Taş:3:373772|Volkan Tunç:1:115330|Seda Doğan:1:119539|Tuğba Tekin:1:129642|Ayşe Duman:2:236554|Can Uysal:1:131325,178416440,329,19191768,20,6941,365,37.56264909482972,38.24802289439809,none,35684493
Atak,21,7671,2032,3,16631,12260,4371,62141,3507,425,0,0,3822,336066795,208071939,126308649,40377280,9050700,9219846,10776838,152640,1425231,55458754,10582240830,2345600058,1586692,8235054080,8235054080,7382050,15909439876,12333615,0,16295163,1807174615,0,4.0,0.0,2.0,1.0,1.0,5294.761549789618,5763.971063,3267.9210135136614,3260.604694491803,5302.791728759563,12.59260405464481,21.615144404371584,1.0,1.0,1.0,1.0,none,0:1.0500|1:0.9300|2:1.0300|3:0.9400|4:0.9500|5:1.1000|6:0.8200|,Emine Yıldız:6:162473|Ayşe Akgül:4:443644|Songül Kurt:1:119539|Murat Kaya:1:115330|Hüseyin Sarı:1:127116|Tuğba Kurt:1:127957|Kaan Bulut:2:254232|Ahmet Güler:1:108596|Meltem Özdemir:1:130483|Can Taş:1:126274|Merve Korkmaz:1:121224|Ahmet Tunç:1:127957|Hasan Özkan:1:111964|Songül Er:2:237395|Ufuk Kurt:3:330838|Emine Özdemir:1:122907|Mehmet Uysal:1:120382|Murat Erdoğan:1:123748|Elif Kalkan:2:256758|Songül Kara:1:117856|Ebru Sarı:2:256758|Levent Taş:3:373772|Volkan Tunç:1:115330|Seda Doğan:1:119539|Tuğba Tekin:1:129642|Ayşe Duman:2:236554|Can Uysal:1:131325|Emine Yıldız:6:169318|Ayşe Akgül:4:462336|Songül Kurt:1:124576|Murat Kaya:1:120190|Hüseyin Sarı:1:132471|Tuğba Kurt:1:133350|Kaan Bulut:2:264944|Ahmet Güler:1:113172|Meltem Özdemir:1:135981|Can Taş:1:131594|Merve Korkmaz:1:126331|Ahmet Tunç:1:133350|Hasan Özkan:1:116680|Songül Er:2:247397|Ufuk Kurt:3:344777|Emine Özdemir:1:128086|Mehmet Uysal:1:125453|Murat Erdoğan:1:128963|Elif Kalkan:2:267576|Songül Kara:1:122822|Ebru Sarı:2:267576|Levent Taş:3:389521|Volkan Tunç:1:120190|Seda Doğan:1:124576|Tuğba Tekin:1:135104|Ayşe Duman:2:246520|Can Uysal:1:136858|Emine Yıldız:6:178812|Ayşe Akgül:4:488258|Songül Kurt:1:131561|Murat Kaya:1:126928|Hüseyin Sarı:1:139899|Tuğba Kurt:1:140826|Kaan Bulut:2:279799|Ahmet Güler:1:119517|Meltem Özdemir:1:143606|Can Taş:1:138973|Merve Korkmaz:1:133414|Ahmet Tunç:1:140826|Hasan Özkan:1:123223|Songül Er:2:261269|Ufuk Kurt:3:364108|Emine Özdemir:1:135267|Mehmet Uysal:1:132487|Murat Erdoğan:1:136193|Elif Kalkan:2:282578|Songül Kara:1:129708|Ebru Sarı:2:282578|Levent Taş:3:411359|Volkan Tunç:1:126928|Seda Doğan:1:131561|Tuğba Tekin:1:142678|Ayşe Duman:2:260342|Can Uysal:1:144532,182133604,330,20911665,21,7306,366,37.58438824639013,38.28010982584269,none,34547089
Atak,21,8036,2033,3,16565,12127,4438,61307,4091,438,0,0,3765,358894117,227014718,129820556,40113150,8991961,10108361,11814547,431317,1600478,57192059,10680039744,1674544769,1487666,9004007309,8825160441,9658554,17288770682,13743027,0,18625290,2005198255,0,3.841095890410959,0.0,2.0,0.8410958904109589,1.0,5819.705479402739,6336.404732241096,3675.342341134247,3659.0500622849318,5821.107347394521,13.843021863013698,21.54594371780822,0.9972602739726028,0.9972602739726028,1.1071232876712327,0.9729897260273973,3,0:1.0500|1:0.9300|2:1.0300|3:0.9400|4:0.9500|5:1.1000|6:0.8200|,Emine Yıldız:6:178812|Ayşe Akgül:4:488258|Songül Kurt:1:131561|Murat Kaya:1:126928|Hüseyin Sarı:1:139899|Tuğba Kurt:1:140826|Kaan Bulut:2:279799|Ahmet Güler:1:119517|Meltem Özdemir:1:143606|Can Taş:1:138973|Merve Korkmaz:1:133414|Ahmet Tunç:1:140826|Hasan Özkan:1:123223|Songül Er:2:261269|Ufuk Kurt:3:364108|Emine Özdemir:1:135267|Mehmet Uysal:1:132487|Murat Erdoğan:1:136193|Elif Kalkan:2:282578|Songül Kara:1:129708|Ebru Sarı:2:282578|Levent Taş:3:411359|Volkan Tunç:1:126928|Seda Doğan:1:131561|Tuğba Tekin:1:142678|Ayşe Duman:2:260342|Can Uysal:1:144532|Emine Yıldız:6:188940|Ayşe Akgül:4:515914|Songül Kurt:1:139013|Murat Kaya:1:134118|Hüseyin Sarı:1:147823|Tuğba Kurt:1:148802|Kaan Bulut:2:295646|Ahmet Güler:1:126286|Meltem Özdemir:1:151740|Can Taş:1:146844|Merve Korkmaz:1:140971|Ahmet Tunç:1:148802|Hasan Özkan:1:130202|Songül Er:2:276067|Ufuk Kurt:3:384732|Emine Özdemir:1:142928|Mehmet Uysal:1:139992|Murat Erdoğan:1:143908|Elif Kalkan:2:298584|Songül Kara:1:137054|Ebru Sarı:2:298584|Levent Taş:3:434659|Volkan Tunç:1:134118|Seda Doğan:1:139013|Tuğba Tekin:1:150761|Ayşe Duman:2:275088|Can Uysal:1:152718|Emine Yıldız:6:200985|Ayşe Akgül:4:548804|Songül Kurt:1:147875|Murat Kaya:1:142668|Hüseyin Sarı:1:157247|Tuğba Kurt:1:158288|Kaan Bulut:2:314494|Ahmet Güler:1:134337|Meltem Özdemir:1:161413|Can Taş:1:156206|Merve Korkmaz:1:149958|Ahmet Tunç:1:158288|Hasan Özkan:1:138502|Songül Er:2:293667|Ufuk Kurt:3:409260|Emine Özdemir:1:152041|Mehmet Uysal:1:148916|Murat Erdoğan:1:153082|Elif Kalkan:2:317619|Songül Kara:1:145792|Ebru Sarı:2:317619|Levent Taş:3:462370|Volkan Tunç:1:142668|Seda Doğan:1:147875|Tuğba Tekin:1:160372|Ayşe Duman:2:292626|Can Uysal:1:162455,202838674,321,23301339,22,7672,365,36.17238339964207,36.84659208026731,none|0|3,33890720
Atak,21,8401,2034,3,16403,11883,4520,59654,4686,470,0,0,3672,394510365,245250087,147361142,46875550,10514200,11334038,13247014,63682,2478386,62911954,12843644338,2768481381,1739768,10073423189,10252270057,8810166,19392362378,15610872,0,21272112,2274200784,0,3.8904109589041096,0.0,2.0,0.8904109589041096,1.0,6532.6531756,7104.1618928,4045.3636363178084,4032.096263994521,6533.305977608219,15.520692986301368,21.13563473972603,0.975,0.975,1.0272602739726027,0.9625,3,0:1.0500|1:0.9300|2:1.0300|3:0.9400|4:0.9500|5:1.1000|6:0.8200|,Emine Yıldız:6:200985|Ayşe Akgül:4:548804|Songül Kurt:1:147875|Murat Kaya:1:142668|Hüseyin Sarı:1:157247|Tuğba Kurt:1:158288|Kaan Bulut:2:314494|Ahmet Güler:1:134337|Meltem Özdemir:1:161413|Can Taş:1:156206|Merve Korkmaz:1:149958|Ahmet Tunç:1:158288|Hasan Özkan:1:138502|Songül Er:2:293667|Ufuk Kurt:3:409260|Emine Özdemir:1:152041|Mehmet Uysal:1:148916|Murat Erdoğan:1:153082|Elif Kalkan:2:317619|Songül Kara:1:145792|Ebru Sarı:2:317619|Levent Taş:3:462370|Volkan Tunç:1:142668|Seda Doğan:1:147875|Tuğba Tekin:1:160372|Ayşe Duman:2:292626|Can Uysal:1:162455|Emine Yıldız:6:214000|Ayşe Akgül:4:584341|Songül Kurt:1:157450|Murat Kaya:1:151906|Hüseyin Sarı:1:167429|Tuğba Kurt:1:168539|Kaan Bulut:2:334860|Ahmet Güler:1:143036|Meltem Özdemir:1:171865|Can Taş:1:166321|Merve Korkmaz:1:159668|Ahmet Tunç:1:168539|Hasan Özkan:1:147472|Songül Er:2:312684|Ufuk Kurt:3:435761|Emine Özdemir:1:161886|Mehmet Uysal:1:158559|Murat Erdoğan:1:162995|Elif Kalkan:2:338186|Songül Kara:1:155233|Ebru Sarı:2:338186|Levent Taş:3:492310|Volkan Tunç:1:151906|Seda Doğan:1:157450|Tuğba Tekin:1:170756|Ayşe Duman:2:311575|Can Uysal:1:172974|Emine Yıldız:6:231910|Ayşe Akgül:4:633244|Songül Kurt:1:170628|Murat Kaya:1:164619|Hüseyin Sarı:1:181442|Tuğba Kurt:1:182644|Kaan Bulut:2:362884|Ahmet Güler:1:155007|Meltem Özdemir:1:186248|Can Taş:1:180240|Merve Korkmaz:1:173031|Ahmet Tunç:1:182644|Hasan Özkan:1:159813|Songül Er:2:338852|Ufuk Kurt:3:472230|Emine Özdemir:1:175433|Mehmet Uysal:1:171830|Murat Erdoğan:1:176635|Elif Kalkan:2:366488|Songül Kara:1:168224|Ebru Sarı:2:366488|Levent Taş:3:533512|Volkan Tunç:1:164619|Seda Doğan:1:170628|Tuğba Tekin:1:185047|Ayşe Duman:2:337650|Can Uysal:1:187449,232609384,312,26468268,23,8037,365,37.352920245834355,38.07472205278591,3,36443686
Atak,21,8766,2035,3,16667,12140,4527,61233,4044,427,0,0,3794,473575117,292128066,178675332,53683200,12046699,13082392,15291101,433820,2606834,81965106,15449314704,3915802204,1890990,11531621510,11531621510,7661774,22505510219,18259020,0,24367932,2657028844,0,3.780821917808219,0.0,2.0,0.7808219178082192,1.0,7541.752179164383,8199.468244109588,4645.82528020274,4622.632254054794,7545.970734728767,17.91340310410959,21.310493865753426,0.9903424657534248,0.9903424657534248,1.0,0.9839212328767124,none,0:1.0500|1:0.9300|2:1.0300|3:0.9400|4:0.9500|5:1.1000|6:0.8200|,Emine Yıldız:6:231910|Ayşe Akgül:4:633244|Songül Kurt:1:170628|Murat Kaya:1:164619|Hüseyin Sarı:1:181442|Tuğba Kurt:1:182644|Kaan Bulut:2:362884|Ahmet Güler:1:155007|Meltem Özdemir:1:186248|Can Taş:1:180240|Merve Korkmaz:1:173031|Ahmet Tunç:1:182644|Hasan Özkan:1:159813|Songül Er:2:338852|Ufuk Kurt:3:472230|Emine Özdemir:1:175433|Mehmet Uysal:1:171830|Murat Erdoğan:1:176635|Elif Kalkan:2:366488|Songül Kara:1:168224|Ebru Sarı:2:366488|Levent Taş:3:533512|Volkan Tunç:1:164619|Seda Doğan:1:170628|Tuğba Tekin:1:185047|Ayşe Duman:2:337650|Can Uysal:1:187449|Emine Yıldız:6:251632|Ayşe Akgül:4:687098|Songül Kurt:1:185138|Murat Kaya:1:178620|Hüseyin Sarı:1:196872|Tuğba Kurt:1:198177|Kaan Bulut:2:393744|Ahmet Güler:1:168189|Meltem Özdemir:1:202087|Can Taş:1:195569|Merve Korkmaz:1:187746|Ahmet Tunç:1:198177|Hasan Özkan:1:173404|Songül Er:2:367669|Ufuk Kurt:3:512389|Emine Özdemir:1:190354|Mehmet Uysal:1:186443|Murat Erdoğan:1:191657|Elif Kalkan:2:397656|Songül Kara:1:182531|Ebru Sarı:2:397656|Levent Taş:3:578884|Volkan Tunç:1:178620|Seda Doğan:1:185138|Tuğba Tekin:1:200784|Ayşe Duman:2:366366|Can Uysal:1:203392|Emine Yıldız:6:271532|Ayşe Akgül:4:741437|Songül Kurt:1:199780|Murat Kaya:1:192745|Hüseyin Sarı:1:212442|Tuğba Kurt:1:213849|Kaan Bulut:2:424885|Ahmet Güler:1:181490|Meltem Özdemir:1:218070|Can Taş:1:211036|Merve Korkmaz:1:202594|Ahmet Tunç:1:213849|Hasan Özkan:1:187118|Songül Er:2:396747|Ufuk Kurt:3:552912|Emine Özdemir:1:205408|Mehmet Uysal:1:201187|Murat Erdoğan:1:206814|Elif Kalkan:2:429105|Songül Kara:1:196967|Ebru Sarı:2:429105|Levent Taş:3:624664|Volkan Tunç:1:192745|Seda Doğan:1:199780|Tuğba Tekin:1:216663|Ayşe Duman:2:395339|Can Uysal:1:219477,270329324,315,30958197,24,8402,365,37.729037186723644,38.39859531531979,3|none,51006909
Atak,21,9132,2036,3,16290,12008,4282,61773,3475,512,0,0,3633,555160047,343479746,208375813,67915980,15249026,15261295,17839760,288147,2540696,89569056,18153746847,4695454939,1782869,13456509039,13456509039,13892174,26238206818,21209523,0,27964005,3100252807,0,4.0,0.0,2.0,1.0,1.0,8788.773596647541,9539.40077004918,5429.123323404371,5405.384624920765,8779.981743704919,20.84061592896175,21.215824587431694,1.0,1.0,1.0,1.0,none,0:1.0500|1:0.9300|2:1.0300|3:0.9400|4:0.9500|5:1.1000|6:0.8200|,Emine Yıldız:6:271532|Ayşe Akgül:4:741437|Songül Kurt:1:199780|Murat Kaya:1:192745|Hüseyin Sarı:1:212442|Tuğba Kurt:1:213849|Kaan Bulut:2:424885|Ahmet Güler:1:181490|Meltem Özdemir:1:218070|Can Taş:1:211036|Merve Korkmaz:1:202594|Ahmet Tunç:1:213849|Hasan Özkan:1:187118|Songül Er:2:396747|Ufuk Kurt:3:552912|Emine Özdemir:1:205408|Mehmet Uysal:1:201187|Murat Erdoğan:1:206814|Elif Kalkan:2:429105|Songül Kara:1:196967|Ebru Sarı:2:429105|Levent Taş:3:624664|Volkan Tunç:1:192745|Seda Doğan:1:199780|Tuğba Tekin:1:216663|Ayşe Duman:2:395339|Can Uysal:1:219477|Emine Yıldız:6:293352|Ayşe Akgül:4:801019|Songül Kurt:1:215834|Murat Kaya:1:208234|Hüseyin Sarı:1:229514|Tuğba Kurt:1:231034|Kaan Bulut:2:459028|Ahmet Güler:1:196075|Meltem Özdemir:1:235593|Can Taş:1:227995|Merve Korkmaz:1:218874|Ahmet Tunç:1:231034|Hasan Özkan:1:202154|Songül Er:2:428629|Ufuk Kurt:3:597344|Emine Özdemir:1:221914|Mehmet Uysal:1:217354|Murat Erdoğan:1:223434|Elif Kalkan:2:463588|Songül Kara:1:212795|Ebru Sarı:2:463588|Levent Taş:3:674862|Volkan Tunç:1:208234|Seda Doğan:1:215834|Tuğba Tekin:1:234074|Ayşe Duman:2:427108|Can Uysal:1:237113|Emine Yıldız:6:311188|Ayşe Akgül:4:849721|Songül Kurt:1:228957|Murat Kaya:1:220896|Hüseyin Sarı:1:243469|Tuğba Kurt:1:245081|Kaan Bulut:2:486936|Ahmet Güler:1:207996|Meltem Özdemir:1:249918|Can Taş:1:241855|Merve Korkmaz:1:232182|Ahmet Tunç:1:245081|Hasan Özkan:1:214446|Songül Er:2:454689|Ufuk Kurt:3:633663|Emine Özdemir:1:235407|Mehmet Uysal:1:230569|Murat Erdoğan:1:237019|Elif Kalkan:2:491774|Songül Kara:1:225732|Ebru Sarı:2:491774|Levent Taş:3:715894|Volkan Tunç:1:220896|Seda Doğan:1:228957|Tuğba Tekin:1:248305|Ayşe Duman:2:453077|Can Uysal:1:251530,331489780,321,35960793,25,8767,366,37.53436763434815,38.22661075857844,none,53608263
Atak,21,9497,2037,3,16729,12397,4332,63443,3322,488,0,0,3760,640541475,397712904,239504848,68486500,15376881,17258546,20172087,14420,3556496,114654338,20587536907,5165078224,1493433,15420965250,15420965250,17876220,30184035764,23857668,0,32009073,3486574402,0,3.734246575342466,0.0,2.0,0.7342465753424657,1.0,9913.243461821918,10818.361145723287,6145.954919041096,6128.531631389041,9943.59688668767,23.634955742465756,21.82007216712329,1.0,1.0,1.0,1.0,none,0:1.0500|1:0.9300|2:1.0300|3:0.9400|4:0.9500|5:1.1000|6:0.8200|,Emine Yıldız:6:311188|Ayşe Akgül:4:849721|Songül Kurt:1:228957|Murat Kaya:1:220896|Hüseyin Sarı:1:243469|Tuğba Kurt:1:245081|Kaan Bulut:2:486936|Ahmet Güler:1:207996|Meltem Özdemir:1:249918|Can Taş:1:241855|Merve Korkmaz:1:232182|Ahmet Tunç:1:245081|Hasan Özkan:1:214446|Songül Er:2:454689|Ufuk Kurt:3:633663|Emine Özdemir:1:235407|Mehmet Uysal:1:230569|Murat Erdoğan:1:237019|Elif Kalkan:2:491774|Songül Kara:1:225732|Ebru Sarı:2:491774|Levent Taş:3:715894|Volkan Tunç:1:220896|Seda Doğan:1:228957|Tuğba Tekin:1:248305|Ayşe Duman:2:453077|Can Uysal:1:251530|Emine Yıldız:6:330304|Ayşe Akgül:4:901918|Songül Kurt:1:243022|Murat Kaya:1:234465|Hüseyin Sarı:1:258425|Tuğba Kurt:1:260136|Kaan Bulut:2:516850|Ahmet Güler:1:220773|Meltem Özdemir:1:265270|Can Taş:1:256713|Merve Korkmaz:1:246444|Ahmet Tunç:1:260136|Hasan Özkan:1:227618|Songül Er:2:482621|Ufuk Kurt:3:672589|Emine Özdemir:1:249867|Mehmet Uysal:1:244733|Murat Erdoğan:1:251579|Elif Kalkan:2:521984|Songül Kara:1:239599|Ebru Sarı:2:521984|Levent Taş:3:759871|Volkan Tunç:1:234465|Seda Doğan:1:243022|Tuğba Tekin:1:263559|Ayşe Duman:2:480909|Can Uysal:1:266981|Emine Yıldız:6:344018|Ayşe Akgül:4:939364|Songül Kurt:1:253112|Murat Kaya:1:244199|Hüseyin Sarı:1:269153|Tuğba Kurt:1:270936|Kaan Bulut:2:538308|Ahmet Güler:1:229939|Meltem Özdemir:1:276284|Can Taş:1:267371|Merve Korkmaz:1:256677|Ahmet Tunç:1:270936|Hasan Özkan:1:237069|Songül Er:2:502658|Ufuk Kurt:3:700513|Emine Özdemir:1:260241|Mehmet Uysal:1:254894|Murat Erdoğan:1:262024|Elif Kalkan:2:543655|Songül Kara:1:249546|Ebru Sarı:2:543655|Levent Taş:3:791419|Volkan Tunç:1:244199|Seda Doğan:1:253112|Tuğba Tekin:1:274502|Ayşe Duman:2:500876|Can Uysal:1:278066,375969480,326,40450725,26,9133,365,37.390997671150025,38.0025826793166,none,74203613
Atak,21,9862,2038,3,16687,12408,4279,63451,3488,456,0,0,3663,699675825,434076777,261860909,84995150,19091015,18886949,22074535,313324,3316006,113497254,21145373795,4119333804,1081509,17024958482,17024958482,17055264,33121236354,26008371,0,36418794,3805352482,0,4.0,0.0,2.0,1.0,1.0,10860.038605230136,11840.164383526026,6724.787048627397,6707.563511852055,10887.666998780822,25.86710098630137,21.657962424657534,1.0,1.0,1.0,1.0,none,0:1.0500|1:0.9300|2:1.0300|3:0.9400|4:0.9500|5:1.1000|6:0.8200|,Emine Yıldız:6:344018|Ayşe Akgül:4:939364|Songül Kurt:1:253112|Murat Kaya:1:244199|Hüseyin Sarı:1:269153|Tuğba Kurt:1:270936|Kaan Bulut:2:538308|Ahmet Güler:1:229939|Meltem Özdemir:1:276284|Can Taş:1:267371|Merve Korkmaz:1:256677|Ahmet Tunç:1:270936|Hasan Özkan:1:237069|Songül Er:2:502658|Ufuk Kurt:3:700513|Emine Özdemir:1:260241|Mehmet Uysal:1:254894|Murat Erdoğan:1:262024|Elif Kalkan:2:543655|Songül Kara:1:249546|Ebru Sarı:2:543655|Levent Taş:3:791419|Volkan Tunç:1:244199|Seda Doğan:1:253112|Tuğba Tekin:1:274502|Ayşe Duman:2:500876|Can Uysal:1:278066|Emine Yıldız:6:358512|Ayşe Akgül:4:978943|Songül Kurt:1:263776|Murat Kaya:1:254488|Hüseyin Sarı:1:280494|Tuğba Kurt:1:282351|Kaan Bulut:2:560988|Ahmet Güler:1:239627|Meltem Özdemir:1:287924|Can Taş:1:278636|Merve Korkmaz:1:267491|Ahmet Tunç:1:282351|Hasan Özkan:1:247058|Songül Er:2:523837|Ufuk Kurt:3:730028|Emine Özdemir:1:271206|Mehmet Uysal:1:265634|Murat Erdoğan:1:273064|Elif Kalkan:2:566561|Songül Kara:1:260060|Ebru Sarı:2:566561|Levent Taş:3:824764|Volkan Tunç:1:254488|Seda Doğan:1:263776|Tuğba Tekin:1:286067|Ayşe Duman:2:521979|Can Uysal:1:289782|Emine Yıldız:6:373397|Ayşe Akgül:4:1019586|Songül Kurt:1:274727|Murat Kaya:1:265053|Hüseyin Sarı:1:292139|Tuğba Kurt:1:294073|Kaan Bulut:2:584278|Ahmet Güler:1:249577|Meltem Özdemir:1:299879|Can Taş:1:290205|Merve Korkmaz:1:278597|Ahmet Tunç:1:294073|Hasan Özkan:1:257315|Songül Er:2:545584|Ufuk Kurt:3:760337|Emine Özdemir:1:282465|Mehmet Uysal:1:276661|Murat Erdoğan:1:284401|Elif Kalkan:2:590082|Songül Kara:1:270857|Ebru Sarı:2:590082|Levent Taş:3:859006|Volkan Tunç:1:265053|Seda Doğan:1:274727|Tuğba Tekin:1:297943|Ayşe Duman:2:543650|Can Uysal:1:301813,399734924,328,44097243,27,9498,365,37.42603354917972,38.077687445891996,none,69400011
Atak,21,10227,2039,3,16537,12277,4260,63499,3347,431,0,0,3700,757810057,471849679,282058328,89129650,20021477,20397905,23840511,502792,3567049,125101736,22705377077,4126200646,998268,18578178163,18207938001,18845264,35831186587,28232223,0,41205567,4130329711,0,4.0,0.0,2.0,1.0,1.0,11715.075965128768,12787.33499390959,7280.371232986301,7265.016313816439,11747.382067265755,27.936468931506848,21.7584005369863,1.0,1.0,1.0,1.0,none,0:1.0500|1:0.9300|2:1.0300|3:0.9400|4:0.9500|5:1.1000|6:0.8200|,Emine Yıldız:6:373397|Ayşe Akgül:4:1019586|Songül Kurt:1:274727|Murat Kaya:1:265053|Hüseyin Sarı:1:292139|Tuğba Kurt:1:294073|Kaan Bulut:2:584278|Ahmet Güler:1:249577|Meltem Özdemir:1:299879|Can Taş:1:290205|Merve Korkmaz:1:278597|Ahmet Tunç:1:294073|Hasan Özkan:1:257315|Songül Er:2:545584|Ufuk Kurt:3:760337|Emine Özdemir:1:282465|Mehmet Uysal:1:276661|Murat Erdoğan:1:284401|Elif Kalkan:2:590082|Songül Kara:1:270857|Ebru Sarı:2:590082|Levent Taş:3:859006|Volkan Tunç:1:265053|Seda Doğan:1:274727|Tuğba Tekin:1:297943|Ayşe Duman:2:543650|Can Uysal:1:301813|Emine Yıldız:6:389130|Ayşe Akgül:4:1062544|Songül Kurt:1:286302|Murat Kaya:1:276222|Hüseyin Sarı:1:304448|Tuğba Kurt:1:306464|Kaan Bulut:2:608896|Ahmet Güler:1:260092|Meltem Özdemir:1:312513|Can Taş:1:302432|Merve Korkmaz:1:290335|Ahmet Tunç:1:306464|Hasan Özkan:1:268156|Songül Er:2:568573|Ufuk Kurt:3:792372|Emine Özdemir:1:294367|Mehmet Uysal:1:288318|Murat Erdoğan:1:296384|Elif Kalkan:2:614945|Songül Kara:1:282269|Ebru Sarı:2:614945|Levent Taş:3:895199|Volkan Tunç:1:276222|Seda Doğan:1:286302|Tuğba Tekin:1:310497|Ayşe Duman:2:566556|Can Uysal:1:314530|Emine Yıldız:6:405285|Ayşe Akgül:4:1106659|Songül Kurt:1:298188|Murat Kaya:1:287689|Hüseyin Sarı:1:317088|Tuğba Kurt:1:319188|Kaan Bulut:2:634176|Ahmet Güler:1:270890|Meltem Özdemir:1:325487|Can Taş:1:314988|Merve Korkmaz:1:302389|Ahmet Tunç:1:319188|Hasan Özkan:1:279289|Songül Er:2:592177|Ufuk Kurt:3:825269|Emine Özdemir:1:306588|Mehmet Uysal:1:300289|Murat Erdoğan:1:308689|Elif Kalkan:2:640477|Songül Kara:1:293989|Ebru Sarı:2:640477|Levent Taş:3:932365|Volkan Tunç:1:287689|Seda Doğan:1:298188|Tuğba Tekin:1:323388|Ayşe Duman:2:590078|Can Uysal:1:327588,432136730,330,47867796,28,9863,365,37.2201880134193,37.85468182487985,none,77233940
Atak,21,10593,2040,3,16434,12213,4221,63440,3550,512,0,0,3631,821439428,509432885,307971475,99677830,22395056,22092314,25823419,303766,4516518,133466338,24180376141,4299922090,1058824,19879395227,20249635389,14166126,38701021309,30641400,0,46400817,4496101192,0,3.9863387978142075,0.0,2.0,0.9863387978142076,1.0,12671.752980622952,13811.561102934425,7846.786885210383,7824.853576734972,12698.807004513661,30.17436927595628,21.610601579234974,1.0,1.0,1.0,1.0,none,0:1.0500|1:0.9300|2:1.0300|3:0.9400|4:0.9500|5:1.1000|6:0.8200|,Emine Yıldız:6:405285|Ayşe Akgül:4:1106659|Songül Kurt:1:298188|Murat Kaya:1:287689|Hüseyin Sarı:1:317088|Tuğba Kurt:1:319188|Kaan Bulut:2:634176|Ahmet Güler:1:270890|Meltem Özdemir:1:325487|Can Taş:1:314988|Merve Korkmaz:1:302389|Ahmet Tunç:1:319188|Hasan Özkan:1:279289|Songül Er:2:592177|Ufuk Kurt:3:825269|Emine Özdemir:1:306588|Mehmet Uysal:1:300289|Murat Erdoğan:1:308689|Elif Kalkan:2:640477|Songül Kara:1:293989|Ebru Sarı:2:640477|Levent Taş:3:932365|Volkan Tunç:1:287689|Seda Doğan:1:298188|Tuğba Tekin:1:323388|Ayşe Duman:2:590078|Can Uysal:1:327588|Emine Yıldız:6:422360|Ayşe Akgül:4:1153286|Songül Kurt:1:310753|Murat Kaya:1:299810|Hüseyin Sarı:1:330449|Tuğba Kurt:1:332636|Kaan Bulut:2:660896|Ahmet Güler:1:282304|Meltem Özdemir:1:339201|Can Taş:1:328260|Merve Korkmaz:1:315129|Ahmet Tunç:1:332636|Hasan Özkan:1:291058|Songül Er:2:617128|Ufuk Kurt:3:860041|Emine Özdemir:1:319506|Mehmet Uysal:1:312941|Murat Erdoğan:1:321695|Elif Kalkan:2:667462|Songül Kara:1:306376|Ebru Sarı:2:667462|Levent Taş:3:971649|Volkan Tunç:1:299810|Seda Doğan:1:310753|Tuğba Tekin:1:337013|Ayşe Duman:2:614940|Can Uysal:1:341390|Emine Yıldız:6:439989|Ayşe Akgül:4:1201420|Songül Kurt:1:323722|Murat Kaya:1:312324|Hüseyin Sarı:1:344240|Tuğba Kurt:1:346519|Kaan Bulut:2:688479|Ahmet Güler:1:294086|Meltem Özdemir:1:353359|Can Taş:1:341960|Merve Korkmaz:1:328282|Ahmet Tunç:1:346519|Hasan Özkan:1:303205|Songül Er:2:642885|Ufuk Kurt:3:895936|Emine Özdemir:1:332841|Mehmet Uysal:1:326002|Murat Erdoğan:1:335121|Elif Kalkan:2:695320|Songül Kara:1:319163|Ebru Sarı:2:695320|Levent Taş:3:1012203|Volkan Tunç:1:312324|Seda Doğan:1:323722|Tuğba Tekin:1:351079|Ayşe Duman:2:640605|Can Uysal:1:355638,460172898,325,51952554,29,10228,366,37.491684049039826,38.076547915593686,none,81513784
Atak,21,10958,2041,3,16370,12052,4318,61566,3710,351,0,0,3690,871618130,542706308,323678772,108348500,24346285,23797216,27813470,831445,4199156,135174145,24857054572,3798191391,889721,21057973460,21057973460,15508864,41122914516,33255408,0,52039275,4866985307,0,4.0,0.0,2.0,1.0,1.0,13706.53673719726,14918.203611394521,8514.433250435617,8493.120174364383,13725.67546700822,32.591969005479456,21.321228342465755,1.0,1.0,1.0,1.0,none,0:1.0500|1:0.9300|2:1.0300|3:0.9400|4:0.9500|5:1.1000|6:0.8200|,Emine Yıldız:6:439989|Ayşe Akgül:4:1201420|Songül Kurt:1:323722|Murat Kaya:1:312324|Hüseyin Sarı:1:344240|Tuğba Kurt:1:346519|Kaan Bulut:2:688479|Ahmet Güler:1:294086|Meltem Özdemir:1:353359|Can Taş:1:341960|Merve Korkmaz:1:328282|Ahmet Tunç:1:346519|Hasan Özkan:1:303205|Songül Er:2:642885|Ufuk Kurt:3:895936|Emine Özdemir:1:332841|Mehmet Uysal:1:326002|Murat Erdoğan:1:335121|Elif Kalkan:2:695320|Songül Kara:1:319163|Ebru Sarı:2:695320|Levent Taş:3:1012203|Volkan Tunç:1:312324|Seda Doğan:1:323722|Tuğba Tekin:1:351079|Ayşe Duman:2:640605|Can Uysal:1:355638|Emine Yıldız:6:458533|Ayşe Akgül:4:1252058|Songül Kurt:1:337366|Murat Kaya:1:325487|Hüseyin Sarı:1:358749|Tuğba Kurt:1:361125|Kaan Bulut:2:717498|Ahmet Güler:1:306480|Meltem Özdemir:1:368252|Can Taş:1:356373|Merve Korkmaz:1:342118|Ahmet Tunç:1:361125|Hasan Özkan:1:315984|Songül Er:2:669982|Ufuk Kurt:3:933697|Emine Özdemir:1:346870|Mehmet Uysal:1:339743|Murat Erdoğan:1:349246|Elif Kalkan:2:724625|Songül Kara:1:332614|Ebru Sarı:2:724625|Levent Taş:3:1054865|Volkan Tunç:1:325487|Seda Doğan:1:337366|Tuğba Tekin:1:365877|Ayşe Duman:2:667605|Can Uysal:1:370629|Emine Yıldız:6:477570|Ayşe Akgül:4:1304039|Songül Kurt:1:351373|Murat Kaya:1:339000|Hüseyin Sarı:1:373643|Tuğba Kurt:1:376118|Kaan Bulut:2:747287|Ahmet Güler:1:319206|Meltem Özdemir:1:383541|Can Taş:1:371169|Merve Korkmaz:1:356322|Ahmet Tunç:1:376118|Hasan Özkan:1:329102|Songül Er:2:697797|Ufuk Kurt:3:972463|Emine Özdemir:1:361271|Mehmet Uysal:1:353847|Murat Erdoğan:1:363745|Elif Kalkan:2:754710|Songül Kara:1:346424|Ebru Sarı:2:754710|Levent Taş:3:1098660|Volkan Tunç:1:339000|Seda Doğan:1:351373|Tuğba Tekin:1:381067|Ayşe Duman:2:695322|Can Uysal:1:386016,488933500,325,56384607,30,10594,365,37.135387718472536,37.8804915224948,none,78789538
