tarz,tohum,gun,takvim_yili,ay,musteri,alan,kaybolan,satilan_adet,pahali_istek,bos_raf_istek,rafta_yok_istek,bekleme_kaybi,kart_kaybi,ciro_kurus,mal_maliyeti_kurus,brut_kar_kurus,ucret_kurus,sgk_kurus,kira_kurus,isletme_kurus,fire_kurus,aile_diger_gider_kurus,aile_favok_kurus,sirket_favok_kurus,sirket_net_kurus,faiz_kurus,vergi_kurus,vergi_odeme_kurus,toptanci_vade_kurus,kasa_kurus,patron_net_maas_kurus,patron_net_kar_payi_kurus,servet_kurus,mudur_gunluk_maliyet_kurus,aile_mudur_gunluk_maliyet_kurus,calisan,kasiyer,gorevli,ik,musavir,raf_ortalama_kurus,liste_ortalama_kurus,alis_ortalama_kurus,stok_maliyeti_ortalama_kurus,bot_hedef_ortalama_kurus,liste_duzeyi,yerel_pay,butce_carpani,donem_butce,donem_ithal_carpani,donem_talep_carpani,donem,rakip_fiyatlari,mudurler,siparis_kurus,magaza,patron_sirket_maliyeti_kurus,ilk_gun,oynanan_gun,brut_marj_yuzde,raf_alis_marj_yuzde,donemler,aile_mudur_patron_sonrasi_favok_kurus
Temkinli,21,25,2011,3,1342,1222,120,5546,184,68,0,0,94,2336440,1718088,609045,168750,37975,50012,55000,0,9845,287463,166188,113440,0,52748,57593,461764,138381,71527,0,12127,0,0,3.0,1.0,2.0,0.0,0.0,446.51818184,457.7272730000001,320.86909091999996,329.18909096000004,449.8,1.0,28.99997088,1.0,1.0,1.0,1.0,none,0:1.0000|1:0.9100|2:1.0300|3:0.9400|4:0.9500|5:1.1000|6:0.8200|,,1993368,1,121275,1,25,26.067221927376693,28.13974794984354,none,166188
Temkinli,21,55,2011,4,1589,1422,167,6631,205,66,0,2,140,2727650,1910675,792488,202500,45570,60374,66390,0,9994,407660,286385,198427,0,87958,97952,868888,690922,71527,0,24254,0,0,3.0,1.0,2.0,0.0,0.0,449.7727271333333,459.09090899999995,312.1742424,314.46515153333337,443.69393933333333,1.00592,27.8167803,1.0,1.0,1.0,1.0,none,0:1.0000|1:0.9150|2:1.0300|3:0.9400|4:0.9500|5:1.1000|6:0.8200|,,1913858,1,121275,26,30,29.053874214067054,30.592892016892517,none,286385
Temkinli,21,86,2011,5,1753,1602,151,7342,226,75,0,2,127,2985445,2086757,877897,209250,47089,62821,69099,0,7963,481675,360400,236479,0,123921,131884,965502,1038615,71527,0,36381,0,0,3.0,1.0,2.0,0.0,0.0,447.3093839032258,464.31818200000004,310.05278596774195,311.42228741935486,447.3240469032258,1.01307,29.632555032258065,1.0,1.0,1.0,1.0,none,0:1.0000|1:0.9100|2:1.0300|3:0.9300|4:0.9500|5:1.1000|6:0.8200|,,2087964,1,121275,56,31,29.405900962838036,30.68493594696841,none,360400
Temkinli,21,116,2011,6,1609,1468,141,6892,182,44,0,0,119,2609465,1744786,850546,202500,45570,61245,77460,0,7256,456515,324215,221440,0,102775,110031,768616,1064829,78030,0,49611,0,0,3.0,1.0,2.0,0.0,0.0,460.92424216666666,466.818182,307.56363626666666,308.7651515333334,455.06666666666666,1.020512,28.1891393,1.0,1.0,1.0,1.0,none,0:1.0000|1:0.9250|2:1.0300|3:0.9400|4:0.9500|5:1.1000|6:0.8200|,,1754802,1,132300,87,30,32.594650627619075,33.272410489649616,none,324215
Temkinli,21,147,2011,7,1715,1565,150,7640,187,76,0,0,129,2823350,1950385,854240,222750,50220,63751,80600,0,11517,425402,367886,260227,0,107659,92527,857376,1418790,78030,0,62841,0,0,3.0,1.0,2.0,0.0,0.0,460.21994154838706,470.227273,321.1451612580645,317.48826987096777,457.0630498387097,1.027766,27.837997548387097,1.0,1.0,1.0,1.0,none,0:1.0000|1:0.9300|2:1.0300|3:0.9400|4:0.9500|5:1.1000|6:0.8200|,,1984280,1,132300,117,31,30.25625586625817,30.21919906869146,none,293102
Temkinli,21,178,2011,8,1882,1712,170,8948,150,101,0,8,150,3269525,2302718,949668,223200,50220,64216,81189,0,9395,521448,551934,442478,0,109456,135150,1087400,2047355,78030,0,76071,0,0,3.0,1.0,2.0,0.0,0.0,459.13489738709677,474.090909,321.4149560967742,321.13049841935486,457.34604106451616,1.035317,29.44815664516129,1.0,1.0,1.0,1.0,none,0:1.0500|1:0.9250|2:1.0300|3:0.9350|4:0.9450|5:1.1000|6:0.8200|,,2339472,1,132300,148,31,29.04605409042598,29.995528999010258,none,389148
Temkinli,21,208,2011,9,1619,1462,157,6997,263,83,0,0,134,3061280,2096329,944488,216000,48600,62595,68820,0,12444,536029,470846,360687,0,110159,122603,894972,2256584,78030,0,89301,0,0,3.0,1.0,2.0,0.0,0.0,464.8409093,477.272727,315.24242426666666,317.01666670000003,461.44696976666665,1.042922,28.098190666666667,1.0,1.0,1.0,1.0,none,0:1.0500|1:0.9300|2:1.0300|3:0.9400|4:0.9500|5:1.1000|6:0.8200|,,2075816,1,132300,179,30,30.85271520409763,32.18272790547038,none,403729
Temkinli,21,239,2011,10,1708,1550,158,7606,247,77,0,2,130,3144570,2167638,953665,223200,50220,65146,71641,0,7906,535552,403252,263059,0,140193,148099,0,1606794,78030,0,102531,0,0,3.0,1.0,2.0,0.0,0.0,464.25953074193546,481.136364,318.7580646129032,317.7331377419355,466.085044,1.050335,30.968369225806452,1.0,1.0,1.0,1.0,none,0:1.0500|1:0.9300|2:1.0300|3:0.9400|4:0.9500|5:1.1000|6:0.8200|,,2207230,1,132300,209,31,30.32735795355168,31.34054478030977,none,403252
Temkinli,21,269,2011,11,1695,1541,154,7337,216,110,0,9,113,3078675,2132553,931589,163200,36720,63495,69840,0,0,598334,466034,347648,0,118386,118386,0,1975640,78030,0,115761,0,0,2.2666666666666666,0.26666666666666666,2.0,0.0,0.0,468.02272716666664,484.545455,322.41515150000004,320.87878793333334,469.02878799999996,1.058051,30.546697933333334,1.0,1.0,1.0,1.0,none,0:1.0500|1:0.9300|2:1.0300|3:0.9400|4:0.9500|5:1.1000|6:0.8200|,,2124442,1,132300,240,30,30.259413546412013,31.11121901027139,none,466034
Temkinli,21,300,2011,12,1678,1521,157,6962,307,118,0,3,119,3338410,2266289,1055266,148800,33480,66077,79949,0,9109,717851,580039,446750,0,133289,137048,0,2418794,81281,0,129542,0,0,2.0,0.0,2.0,0.0,0.0,478.8856304193548,487.5,321.85190606451613,321.5806451935484,474.43401758064516,1.065572,27.99313635483871,1.0,1.0,1.0,1.0,none,0:1.0500|1:0.9300|2:1.0300|3:0.9400|4:0.9500|5:1.1000|6:0.8200|,,2286740,1,137812,270,31,31.60983821639643,32.791488067271096,none,580039
Temkinli,21,331,2012,1,1637,1488,149,7265,302,91,0,0,121,3412780,2307564,1087568,155700,34875,66569,80538,0,9264,740622,781386,591720,0,189666,195780,0,2980114,81281,0,143323,0,0,2.064516129032258,0.0,2.0,0.0,0.06451612903225806,480.0733136451613,491.81818200000004,321.5571847096774,321.44134896774193,477.48240474193545,1.0734,28.610654870967743,1.0,1.0,1.0,1.0,none,0:1.0500|1:0.9300|2:1.0300|3:0.9400|4:0.9500|5:1.1000|6:0.8200|,,2355612,1,137812,301,31,31.86750977209196,33.01915029016768,none,602810
Temkinli,21,360,2012,2,1591,1421,170,7152,248,109,0,2,131,3248190,2266332,970115,158050,32625,62623,75777,0,0,641040,541013,425408,0,115605,115605,0,3402481,81281,0,157104,0,0,3.0,0.0,2.0,0.0,1.0,478.1583072068965,494.3181819999999,332.4576803103448,329.2993730344828,477.78683386206893,1.079586,30.32586020689655,1.0,1.0,1.0,1.0,none,0:1.0500|1:0.9300|2:1.0300|3:0.9400|4:0.9500|5:1.1000|6:0.8200|,,2281116,1,137812,332,29,29.866325553616015,30.471211040469868,none,503228
Temkinli,21,391,2012,3,1913,1725,188,9903,261,106,0,11,151,4124975,3031917,1077663,168950,34875,67313,74028,0,0,732497,271262,141636,0,129626,129626,0,3478021,81281,0,170885,0,0,3.0,0.0,2.0,0.0,1.0,452.2507328064516,496.590909,329.4090909677419,330.0337242903226,442.62316683870966,1.085405,35.121624483870974,1.0,1.0,1.0,1.0,none,0:1.0500|1:0.9100|2:1.0300|3:0.9200|4:0.9300|5:1.1000|6:0.8200|,,2994696,1,137812,361,31,26.12532197164831,27.162286963342932,none,594685
Temkinli,21,421,2012,4,1747,1582,165,8199,168,121,0,6,136,3274935,2398967,855482,163500,33750,65502,72060,0,0,520670,323114,236372,0,86742,86742,0,3612123,81281,0,184666,0,0,3.0,0.0,2.0,0.0,1.0,443.9166665666667,499.318182,323.03636366666666,324.97575756666663,438.81060613333335,1.09166,36.33677026666667,1.0,1.0,1.0,1.0,none,0:1.0500|1:0.9100|2:1.0300|3:0.9200|4:0.9300|5:1.1000|6:0.8200|,,2452244,2,137812,392,30,26.122106240276526,27.230404263689984,none,382858
Temkinli,21,452,2012,5,1855,1666,189,8790,194,129,0,5,155,3509315,2622460,870754,168950,34875,68058,74865,0,0,524006,589883,439527,0,150356,150356,0,4018490,81281,0,198447,0,0,3.0,0.0,2.0,0.0,1.0,444.090909,502.045455,332.61583583870964,330.4648094193548,441.02785941935485,1.097747,37.369046806451614,1.0,1.0,1.0,1.0,none,0:1.0500|1:0.9100|2:1.0300|3:0.9200|4:0.9300|5:1.1000|6:0.8200|,,2640320,2,137812,422,31,24.81264862230948,25.101858854149693,none,386194
Temkinli,21,482,2012,6,1789,1599,190,9262,128,84,0,6,164,3387860,2504053,870697,163500,33750,66252,83790,0,0,523405,672788,506568,0,166220,166220,0,4521372,84532,0,212779,0,0,3.0,0.0,2.0,0.0,1.0,444.09090899999995,505.227273,329.0515151333333,329.9257576333333,443.6636362,1.104074,38.71549326666666,1.0,1.0,1.0,1.0,none,0:1.0500|1:0.9100|2:1.0300|3:0.9200|4:0.9300|5:1.1000|6:0.8200|,,2516436,2,143325,453,30,25.700501201348345,25.90446945327284,none,380080
Temkinli,21,513,2012,7,1932,1721,211,10694,151,116,0,9,174,3859295,2812709,1018743,174950,36270,68833,87079,0,0,651611,486404,263784,0,222620,222620,0,4636360,84532,0,227111,0,0,3.0,0.0,2.0,0.0,1.0,448.5117301935484,508.18181799999996,326.93108506451614,328.0366568064516,449.71407603225805,1.11023,39.090267806451614,1.0,1.0,1.0,1.0,none,0:1.0500|1:0.9150|2:1.0300|3:0.9250|4:0.9350|5:1.1000|6:0.8200|,,2864860,2,143325,483,31,26.397126936396415,27.107573101057127,none,508286
Temkinli,21,544,2012,8,1651,1477,174,7785,144,99,0,8,146,3132415,2186740,931224,175150,36270,69236,87575,0,0,562993,476359,346923,0,129436,129436,0,4904119,84532,0,241443,0,0,3.0,0.0,2.0,0.0,1.0,471.4956011935484,510.909091,329.6906157419355,328.8343110322581,476.71407616129034,1.116629,33.312776322580646,1.0,1.0,1.0,1.0,none,0:1.0500|1:0.9300|2:1.0300|3:0.9400|4:0.9500|5:1.1000|6:0.8200|,,2182632,3,143325,514,31,29.728627911691138,30.07556912358173,none,419668
Temkinli,21,574,2012,9,1611,1436,175,7674,190,108,0,4,143,3322330,2330067,977822,169500,35100,67393,74130,0,0,631699,886050,584375,0,301675,239589,0,5532116,84532,0,255775,0,0,3.0,0.0,2.0,0.0,1.0,485.3863638,514.090909,336.0590909666667,334.3378787666667,486.540909,1.123064,32.073940066666665,1.0,1.0,1.0,1.0,none,0:1.0500|1:0.9300|2:1.0300|3:0.9400|4:0.9500|5:1.1000|6:0.8200|,,2369216,3,143325,545,30,29.431814419398435,30.764620510612975,none,488374
Temkinli,21,605,2012,10,1681,1505,176,7853,193,84,0,0,160,3467515,2394933,1057375,175150,36270,70042,77035,0,0,698878,1041940,760242,0,281698,343784,0,6246295,84532,0,270107,0,0,3.0,0.0,2.0,0.0,1.0,476.8035191290323,516.818182,324.1436950967742,327.2272727096774,480.4164223225806,1.129326,33.39185929032258,1.0,1.0,1.0,1.0,none,0:1.0500|1:0.9300|2:1.0300|3:0.9400|4:0.9500|5:1.1000|6:0.8200|,,2390702,3,143325,575,31,30.493739753108493,32.017344232508776,none,555553
Temkinli,21,635,2012,11,1562,1392,170,7558,166,124,0,0,149,3214980,2154161,1044235,277400,59384,68172,74970,0,23431,540878,502140,231188,0,270952,270952,0,6406257,84532,0,284439,0,0,3.8666666666666667,0.0,2.0,0.8666666666666667,1.0,489.2878786,520.227273,322.6651516,322.99696983333337,490.52424236666667,1.135835,33.22478123333333,1.0,1.0,1.0,1.0,none,0:1.0500|1:0.9300|2:1.0300|3:0.9400|4:0.9500|5:1.1000|6:0.8200|,,2168928,3,143325,606,30,32.48029536731177,34.05412933522037,none,397553
Temkinli,21,666,2012,12,1538,1373,165,6700,186,123,0,2,142,3291405,2224258,1050183,303800,65224,70818,85684,0,0,524657,777417,512977,0,264440,264440,0,6846825,87784,0,299323,0,0,4.0,0.0,2.0,1.0,1.0,497.0234603548387,522.727273,334.62170083870967,331.54838703225806,499.61143687096774,1.142168,30.04135090322581,1.0,1.0,1.0,1.0,none,0:1.0500|1:0.9300|2:1.0300|3:0.9400|4:0.9500|5:1.1000|6:0.8200|,,2240804,4,148837,636,31,31.906830061934038,32.6748679831302,none,375820
Temkinli,21,697,2013,1,1481,1337,144,6331,155,94,0,0,125,3112560,2077527,1020001,309800,66619,71252,86180,0,0,486150,814560,521304,0,293256,293256,0,7285794,87784,0,314207,0,0,4.0,0.0,2.0,1.0,1.0,505.5645161612903,525.454545,330.9824046451613,331.7653959354839,504.4237536451613,1.148751,29.17313270967742,1.0,1.0,1.0,1.0,none,0:1.0500|1:0.9300|2:1.0300|3:0.9400|4:0.9500|5:1.1000|6:0.8200|,,2096782,4,148837,667,31,32.77048474567559,34.53211329816353,none,337313
Temkinli,21,725,2013,2,1317,1171,146,5558,128,98,0,0,126,2787895,1845122,920557,280000,60172,64749,78316,0,0,437320,1004302,700865,0,303437,303437,0,7897143,87784,0,329091,0,0,4.0,0.0,2.0,1.0,1.0,510.2110388928572,528.863636,333.36850649999997,332.72077910714285,507.7256493571429,1.155828,28.554909285714285,1.0,1.0,1.0,1.0,none,0:1.0500|1:0.9300|2:1.0300|3:0.9400|4:0.9500|5:1.1000|6:0.8200|,,1859952,5,148837,698,28,33.01978733058454,34.66066370821773,none,288483
Temkinli,21,756,2013,3,1547,1400,147,7282,124,98,0,0,132,3255215,2159627,1083962,310000,66619,72089,79267,0,0,555987,1056998,590076,0,466922,406237,0,8482107,87784,0,343975,0,0,4.0,0.0,2.0,1.0,1.0,504.34750758064513,531.818182,329.88416435483873,331.06305000000003,505.96920829032257,1.162259,31.296368,1.0,1.0,1.0,1.0,none,0:1.0500|1:0.9300|2:1.0300|3:0.9400|4:0.9500|5:1.1000|6:0.8200|,,2183176,5,148837,726,31,33.29924444314738,34.59189162304122,none,407150
Temkinli,21,786,2013,4,1484,1327,157,6841,151,81,0,0,143,3124705,2006424,1103603,300000,64470,70184,77190,0,0,591759,1115114,716715,0,398399,459084,0,8977467,87784,0,358859,0,0,4.0,0.0,2.0,1.0,1.0,516.2196967666666,535.454545,329.3136361333333,330.1848486333334,514.5818182,1.16942,27.3268918,1.0,1.0,1.0,1.0,none,0:1.0500|1:0.9300|2:1.0300|3:0.9400|4:0.9500|5:1.1000|6:0.8200|,,2014834,6,148837,757,30,35.318630078679426,36.20668909071395,none,442922
Temkinli,21,817,2013,5,1473,1320,153,6371,178,65,0,0,134,2936195,1913776,1004811,310000,66619,72957,80228,0,0,475007,419505,78264,0,341241,341241,782950,9749035,87784,0,373743,1069692,0,4.0,0.0,2.0,1.0,1.0,515.777126032258,538.409091,338.363636,335.5234603870968,517.290322483871,1.176391,28.369067354838712,1.0,1.0,1.0,1.0,none,0:1.0500|1:0.9300|2:1.0300|3:0.9400|4:0.9500|5:1.1000|6:0.8200|,Zeynep Yıldız:4:41142,1924058,7,148837,787,31,34.221535013852964,34.39731641398191,none,326170
Temkinli,21,847,2013,6,1478,1314,164,6391,155,61,0,0,148,2712350,1740863,956465,300000,64470,71024,89850,0,0,431121,210040,-218230,0,428270,344694,855380,9674053,92660,0,389453,1236103,0,4.0,0.0,2.0,1.0,1.0,527.2272729666666,542.045455,340.2636364,338.5621213,526.9681816333334,1.183639,27.33245713333333,1.0,1.0,1.0,1.0,none,0:1.0500|1:0.9300|2:1.0300|3:0.9400|4:0.9500|5:1.1000|6:0.8200|,Zeynep Yıldız:4:41142,1800080,7,157106,818,30,35.263332534518035,35.46167775324612,none,274015
Temkinli,21,878,2013,7,1600,1406,194,6996,139,67,0,0,172,2957330,1935028,1001235,319000,68696,73826,93372,0,0,446341,261880,-97867,0,359747,443323,889110,9521570,92660,0,405163,1332535,0,4.0,0.0,2.0,1.0,1.0,522.4926687419354,545.0,343.090909,341.02052783870965,523.2844575483871,1.190696,28.060275967741937,1.0,1.0,1.0,1.0,none,0:1.0500|1:0.9300|2:1.0300|3:0.9400|4:0.9500|5:1.1000|6:0.8200|,Zeynep Yıldız:4:42985,1955104,7,157106,848,31,33.85604582511928,34.335746791223166,none,289235
Temkinli,21,909,2013,8,1417,1273,144,6117,144,60,0,0,125,2666605,1694262,959717,319300,68696,74291,93961,0,0,403469,190714,-158478,0,349192,349192,707560,9190481,92660,0,420873,1332535,0,4.0,0.0,2.0,1.0,1.0,537.4560119677419,549.090909,345.090909,343.43255125806456,535.120234451613,1.198032,24.107281935483872,1.0,1.0,1.0,1.0,none,0:1.0500|1:0.9300|2:1.0300|3:0.9400|4:0.9500|5:1.1000|6:0.8200|,Zeynep Yıldız:4:42985,1709716,7,157106,879,31,35.99021977383227,35.79178550137563,none,246363
Temkinli,21,939,2013,9,1384,1222,162,5749,154,72,0,0,140,2898515,1875096,1003432,309000,66480,72344,79560,0,0,476048,885574,401518,0,484056,484056,894684,9807051,92660,0,436583,1289550,0,4.0,0.0,2.0,1.0,1.0,526.9469697333333,551.590909,339.454545,341.07575756666665,530.4151514333333,1.205414,25.94985773333333,1.0,1.0,1.0,1.0,none,0:1.0500|1:0.9300|2:1.0300|3:0.9400|4:0.9500|5:1.1000|6:0.8200|,Zeynep Yıldız:4:42985,1865424,7,157106,910,30,34.6188306770881,35.580890583395075,none,318942
Temkinli,21,970,2013,10,1353,1209,144,5420,174,59,0,0,125,2709835,1703091,994559,319300,68696,75190,82708,0,0,448665,604204,214845,0,389359,389359,788158,9875548,92660,0,452293,1332535,0,4.0,0.0,2.0,1.0,1.0,544.3401758387097,555.227273,343.227273,341.93548387096774,539.5718475483872,1.2126,23.529835838709676,1.0,1.0,1.0,1.0,none,0:1.0500|1:0.9300|2:1.0300|3:0.9400|4:0.9500|5:1.1000|6:0.8200|,Zeynep Yıldız:4:42985,1750902,7,157106,940,31,36.701828709128044,36.94618030514439,none,291559
Temkinli,21,1000,2013,11,1431,1285,146,5820,183,52,0,0,125,3014455,1900086,1096342,309000,66480,73215,80520,0,0,567127,980755,574387,0,406368,406368,893268,10562142,92660,0,468003,1289550,0,4.0,0.0,2.0,1.0,1.0,544.3106059666667,558.409091,342.954545,342.30757579999994,544.2666666333333,1.220071,23.8781606,1.0,1.0,1.0,1.0,none,0:1.0500|1:0.9300|2:1.0300|3:0.9400|4:0.9500|5:1.1000|6:0.8200|,Zeynep Yıldız:4:42985,1922184,7,157106,971,30,36.36949299292907,36.992860098522065,none,410021
Temkinli,21,1031,2013,12,1323,1139,184,5078,211,63,0,0,155,2791515,1735813,1044999,319300,68696,76120,92070,0,0,488813,1176302,592958,0,583344,583344,760026,10822514,95911,0,484264,1334544,0,4.0,0.0,2.0,1.0,1.0,551.8035190967743,562.045455,340.81818200000004,341.4824047741935,548.1671553225807,1.227345,22.846494258064514,1.0,1.0,1.0,1.0,none,0:1.0500|1:0.9300|2:1.0300|3:0.9400|4:0.9500|5:1.1000|6:0.8200|,Zeynep Yıldız:4:42985,1738098,7,162619,1001,31,37.43483377305871,38.23559107454189,none,326194
Temkinli,21,1062,2014,1,1309,1139,170,5164,237,51,0,0,137,3010320,1905400,1089793,325300,70091,76586,92628,0,0,525188,1018207,519001,0,499206,499206,803510,11364012,95911,0,500525,1394814,0,4.0,0.0,2.0,1.0,1.0,555.9384163870967,565.227273,353.545455,349.620234516129,548.9516128709678,1.234907,22.106450096774193,1.0,1.0,1.0,1.0,none,0:1.0500|1:0.9300|2:1.0300|3:0.9400|4:0.9500|5:1.1000|6:0.8200|,Zeynep Yıldız:4:44994,1940214,7,162619,1032,31,36.20189880145632,36.40564411835351,none,362569
Temkinli,21,1090,2014,2,1260,1089,171,4768,237,63,0,0,147,2836660,1783794,1036580,294000,63308,69623,84224,0,0,525425,1240025,702887,0,537138,537138,0,11305403,95911,0,516786,1259832,0,4.0,0.0,2.0,1.0,1.0,558.1818179642858,569.545455,347.136364,348.93668832142856,554.5162338571429,1.243005,22.47488792857143,1.0,1.0,1.0,1.0,none,0:1.0500|1:0.9300|2:1.0300|3:0.9400|4:0.9500|5:1.1000|6:0.8200|,Zeynep Yıldız:4:44994,1761552,7,162619,1063,28,36.542271544703986,37.80944616468842,none,362806
Temkinli,21,1121,2014,3,1290,1123,167,5144,208,40,0,0,142,2699530,1711052,974632,325500,70091,77547,85281,0,0,416213,803290,237093,0,566197,566197,0,11597691,95911,0,533047,1394814,0,4.0,0.0,2.0,1.0,1.0,557.6319649354839,572.954545,355.454545,352.8401759032258,555.3900293548387,1.250366,23.745667032258066,1.0,1.0,1.0,1.0,none,0:1.0500|1:0.9200|2:1.0300|3:0.9300|4:0.9400|5:1.1000|6:0.8200|,Zeynep Yıldız:4:44994,1759674,7,162619,1091,31,36.103766211155275,36.25642585946003,none,253594
Temkinli,21,1151,2014,4,1306,1129,177,5152,182,41,0,0,153,2794285,1782506,993432,315000,67830,75526,83070,0,0,452006,652976,217626,0,435350,435350,0,11795162,95911,0,549308,1349820,0,4.0,0.0,2.0,1.0,1.0,559.1515154,575.454545,359.09090899999995,356.82575756666665,557.480303,1.258565,23.397308333333335,1.0,1.0,1.0,1.0,none,0:1.0500|1:0.9300|2:1.0300|3:0.9400|4:0.9500|5:1.1000|6:0.8200|,Zeynep Yıldız:4:44994,1813980,7,162619,1122,30,35.552279026656194,35.77931935977724,none,289387
Temkinli,21,1182,2014,5,1475,1275,200,5846,198,32,0,0,176,3016615,1942232,1060828,325500,70091,78540,86366,0,0,500331,910524,459767,0,450757,450757,0,12261865,95911,0,565569,1394814,0,4.0,0.0,2.0,1.0,1.0,557.0014661290323,579.772727,357.727273,357.4340176774193,557.6759530645162,1.266552,25.161183193548386,1.0,1.0,1.0,1.0,none,0:1.0500|1:0.9250|2:1.0300|3:0.9350|4:0.9450|5:1.1000|6:0.8200|,Zeynep Yıldız:4:44994,1954812,7,162619,1152,31,35.16617135431601,35.77624211905923,none,337712
Temkinli,21,1212,2014,6,1392,1245,147,5914,179,40,0,0,127,2833900,1810932,1013355,315000,67830,76516,96750,0,0,457259,411890,-72200,0,484090,484090,0,12166465,100789,0,582658,1351946,0,4.0,0.0,2.0,1.0,1.0,563.5530302333334,582.954545,361.636364,359.8606061,563.7893939999999,1.274857,25.605376200000002,1.0,1.0,1.0,1.0,none,0:1.0500|1:0.9300|2:1.0300|3:0.9400|4:0.9500|5:1.1000|6:0.8200|,Zeynep Yıldız:4:44994,1841284,7,170887,1183,30,35.75831892445041,35.82922198993977,none,286372
Temkinli,21,1243,2014,7,1527,1312,215,6140,165,36,0,0,193,3154745,2024323,1111690,334500,72199,79563,100626,0,0,524802,400012,-9330,0,409342,409342,0,12117763,100789,0,599747,1460720,0,4.0,0.0,2.0,1.0,1.0,573.8416421612903,587.954545,370.409091,367.1920820967742,571.0923752903226,1.282947,24.257288322580646,1.0,1.0,1.0,1.0,none,0:1.0500|1:0.9300|2:1.0300|3:0.9400|4:0.9500|5:1.1000|6:0.8200|,Zeynep Yıldız:4:47120,2064228,7,170887,1213,31,35.238664297748315,35.45099139112517,none,353915
Temkinli,21,1274,2014,8,1427,1238,189,5980,154,39,0,0,163,2820270,1796260,1007342,334800,72199,80090,101277,0,0,418976,465737,-10356,0,476093,367702,0,12031663,100789,0,616836,1460720,0,4.0,0.0,2.0,1.0,1.0,570.6231671935484,590.681818,361.863636,364.7595308064516,569.0029325483871,1.291361,24.410202032258066,1.0,1.0,1.0,1.0,none,0:1.0500|1:0.9200|2:1.0300|3:0.9300|4:0.9400|5:1.1000|6:0.8200|,Zeynep Yıldız:4:47120,1793724,7,170887,1244,31,35.71792771614065,36.58448222848613,none,248089
Temkinli,21,1304,2014,9,1284,1098,186,5051,200,44,0,0,159,2791410,1789924,986000,324000,69870,78016,85800,0,0,428314,736314,279327,0,456987,565378,0,12199040,100789,0,633925,1413600,0,4.0,0.0,2.0,1.0,1.0,580.3484847333333,594.3181820000001,374.8984847333333,370.8075757,578.0636362666667,1.299829,23.320222233333332,1.0,1.0,1.0,1.0,none,0:1.0500|1:0.9300|2:1.0300|3:0.9400|4:0.9500|5:1.1000|6:0.8200|,Zeynep Yıldız:4:47120,1826316,7,170887,1275,30,35.3226505601112,35.40114352058713,none,257427
Temkinli,21,1335,2014,10,1394,1213,181,5699,179,67,0,0,165,3075540,1950879,1101332,334800,72199,81113,89218,0,0,524002,1048897,551984,0,496913,496913,0,12747060,100789,0,651014,1460720,0,4.0,0.0,2.0,1.0,1.0,579.8460408064517,599.318182,363.454545,366.8181818387097,580.643695,1.308077,24.624241612903226,1.0,1.0,1.0,1.0,none,0:1.0500|1:0.9200|2:1.0300|3:0.9300|4:0.9400|5:1.1000|6:0.8200|,Zeynep Yıldız:4:47120,1953748,7,170887,1305,31,35.809386319150455,37.318784742497115,none,353115
Temkinli,21,1365,2014,11,1397,1221,176,5498,188,76,0,0,155,3240240,2079727,1147855,324000,69870,79007,86910,0,0,588068,882917,248598,0,634319,515338,0,13120776,100789,0,668103,1413600,0,4.0,0.0,2.0,1.0,1.0,583.8939393,602.272727,377.136364,373.3166667,583.1575756999999,1.316655,25.002793433333334,1.0,1.0,1.0,1.0,none,0:1.0500|1:0.9250|2:1.0300|3:0.9350|4:0.9450|5:1.1000|6:0.8200|,Zeynep Yıldız:4:47120,2112888,7,170887,1336,30,35.42499938276177,35.4101252614252,none,417181
Temkinli,21,1396,2014,12,1301,1122,179,5188,244,51,0,0,150,3091085,1964146,1116251,334800,72199,82167,99417,0,0,527668,1013071,486554,0,526517,645498,0,13589867,105665,0,686018,1463035,0,4.0,0.0,2.0,1.0,1.0,591.2170090645161,606.818182,376.636364,375.79032251612904,590.6862169354838,1.32501,22.596832193548387,1.0,1.0,1.0,1.0,none,0:1.0500|1:0.9300|2:1.0300|3:0.9400|4:0.9500|5:1.1000|6:0.8200|,Zeynep Yıldız:4:47120,1955472,7,179156,1366,31,36.11194774650325,36.29473472085106,none,348512
Temkinli,21,1427,2015,1,1431,1220,211,5609,209,76,0,0,186,3420180,2185718,1215796,331500,71510,82696,100068,0,29403,600619,1303641,786733,0,516908,516908,0,14369640,105665,0,703933,1532485,0,3.806451612903226,0.0,2.0,0.8064516129032258,1.0,587.8152490322581,610.227273,374.954545,375.2404693225806,589.0351906774193,1.3337,22.546820967741937,1.0,1.0,1.0,1.0,none,0:1.0500|1:0.9300|2:1.0300|3:0.9400|4:0.9500|5:1.1000|6:0.8200|,Zeynep Yıldız:4:49435,2200436,7,179156,1397,31,35.547719710658505,36.2121779560327,none,421463
Temkinli,21,1455,2015,2,1168,1002,166,4648,159,61,0,0,148,2798015,1782877,997394,369600,80332,75225,91000,0,0,381237,218756,-226026,0,444782,444782,0,13941806,105665,0,721848,1384180,0,4.0,0.0,2.0,1.0,1.0,596.3717532500001,614.5454550000001,383.5,380.21753239285715,595.5357143214286,1.342972,21.773697607142857,1.0,1.0,1.0,1.0,none,0:1.0500|1:0.9300|2:1.0300|3:0.9400|4:0.9500|5:1.1000|6:0.8200|,Zeynep Yıldız:4:49435,1838676,8,179156,1428,28,35.64648509747089,35.69447279988191,none,202081
Temkinli,21,1486,2015,3,1249,1065,184,4792,183,46,0,0,152,2831900,1795718,1020245,409200,88939,83812,92163,0,0,346131,1028877,414985,0,613892,613892,0,14349355,105665,0,739763,1532485,0,4.0,0.0,2.0,1.0,1.0,599.8460411612903,618.409091,377.136364,379.00586512903226,597.0029324838711,1.351403,22.20714758064516,1.0,1.0,1.0,1.0,none,0:1.0500|1:0.9300|2:1.0300|3:0.9400|4:0.9500|5:1.1000|6:0.8200|,Zeynep Yıldız:4:49435,1818498,8,179156,1456,31,36.02687241781136,37.12780645015655,none,166975
Temkinli,21,1516,2015,4,1318,1125,193,5327,177,50,0,0,171,3048270,1933703,1093122,396000,86070,81678,89820,0,0,439554,1172038,588747,0,583291,583291,0,14919531,105665,0,757678,1483050,0,4.0,0.0,2.0,1.0,1.0,599.2121214,622.954545,379.818182,379.0424242,597.9787878000001,1.360799,23.0431434,1.0,1.0,1.0,1.0,none,0:1.0500|1:0.9300|2:1.0300|3:0.9400|4:0.9500|5:1.1000|6:0.8200|,Zeynep Yıldız:4:49435,1955298,8,179156,1487,30,35.860406066391754,36.61373519738014,none,260398
Temkinli,21,1547,2015,5,1368,1189,179,5534,180,50,0,0,161,3157850,1987338,1150133,409200,88939,84959,93434,0,0,473601,1331501,601618,0,729883,589320,0,15691085,105665,0,775593,1532485,0,4.0,0.0,2.0,1.0,1.0,603.3211143870968,626.818182,379.909091,379.3885628387096,606.2228738709678,1.369954,23.022617032258065,1.0,1.0,1.0,1.0,none,0:1.0500|1:0.9300|2:1.0300|3:0.9400|4:0.9500|5:1.1000|6:0.8200|,Zeynep Yıldız:4:49435,1999626,8,179156,1517,31,36.42139430308596,37.030367089681114,none,294445
Temkinli,21,1577,2015,6,1353,1153,200,5964,149,15,0,0,181,2946025,1849924,1079557,396000,86070,82789,104700,0,0,409998,326686,-172711,0,499397,639960,0,15089478,110542,0,794335,1485507,0,4.0,0.0,2.0,1.0,1.0,610.5833333666667,632.045455,384.045455,381.93939396666667,610.0696969,1.379479,23.989808999999997,1.0,1.0,1.0,1.0,none,0:1.0500|1:0.9300|2:1.0300|3:0.9400|4:0.9500|5:1.1000|6:0.8200|,Zeynep Yıldız:4:49435,1892644,8,187425,1548,30,36.64452949313058,37.10187717007769,none,222573
Temkinli,21,1608,2015,7,1352,1178,174,5745,139,12,0,0,155,2975742,1903842,1053117,418200,91016,86137,108934,0,728,348102,698024,162002,0,536022,536022,0,15218732,110542,0,813077,1608652,0,4.0,0.0,2.0,1.0,1.0,609.3255133225806,635.227273,393.727273,389.9061583870968,609.5469208064517,1.38876,23.930994612903223,1.0,1.0,1.0,1.0,none,0:1.0500|1:0.9300|2:1.0300|3:0.9400|4:0.9500|5:1.1000|6:0.8200|,Zeynep Yıldız:4:51892,1904754,8,187425,1578,31,35.390064057972765,35.38309747559209,none,160677
Temkinli,21,1639,2015,8,1349,1159,190,5475,149,38,0,0,174,2847085,1829467,996455,418500,91016,86726,109678,0,1223,289312,690021,22517,0,667504,667504,0,15229575,110542,0,831819,1608652,0,4.0,0.0,2.0,1.0,1.0,618.6803517741936,640.909091,402.00293232258065,398.5879765806452,620.5483870645161,1.398416,22.461395161290323,1.0,1.0,1.0,1.0,none,0:1.0500|1:0.9300|2:1.0300|3:0.9400|4:0.9500|5:1.1000|6:0.8200|,Zeynep Yıldız:4:51892,1885814,8,187425,1609,31,34.999130689810805,35.02251507264547,none,101887
Temkinli,21,1669,2015,9,1290,1101,189,5324,199,62,0,0,167,3132649,2003056,1110981,405000,88080,84499,92940,0,1556,438906,1142875,562115,0,580760,580760,0,15816506,110542,0,850561,1556760,0,4.0,0.0,2.0,1.0,1.0,625.7272727,644.090909,399.681818,399.6090908666667,622.9499999666666,1.408139,22.040358033333334,1.0,1.0,1.0,1.0,none,0:1.0500|1:0.9300|2:1.0300|3:0.9400|4:0.9500|5:1.1000|6:0.8200|,Zeynep Yıldız:4:51892,2019816,8,187425,1640,30,35.46458604203663,36.12523611518778,none,251481
Temkinli,21,1700,2015,10,1333,1131,202,5269,201,60,0,0,175,3123460,1966344,1142702,418500,91016,87905,96689,0,796,447796,1386107,751530,0,634577,634577,0,16570421,110542,0,869303,1608652,0,4.0,0.0,2.0,1.0,1.0,631.5029323225806,648.8636359999999,397.727273,398.56011722580644,626.9266861935483,1.417612,21.753714451612904,1.0,1.0,1.0,1.0,none,0:1.0500|1:0.9300|2:1.0300|3:0.9400|4:0.9500|5:1.1000|6:0.8200|,Zeynep Yıldız:4:51892,2004474,8,187425,1670,31,36.5844928380706,37.018934886459824,none,260371
Temkinli,21,1730,2015,11,1327,1147,180,5505,162,50,0,0,163,3223830,2047009,1158846,405000,88080,85669,94200,0,882,485015,1427527,590111,0,837416,837416,0,17167596,110542,0,888045,1556760,0,4.0,0.0,2.0,1.0,1.0,626.9545455,653.863636,397.636364,398.2545454,628.8818181333334,1.427469,23.213705433333335,1.0,1.0,1.0,1.0,none,0:1.0500|1:0.9300|2:1.0300|3:0.9400|4:0.9500|5:1.1000|6:0.8200|,Zeynep Yıldız:4:51892,2051604,8,187425,1701,30,35.94625026753892,36.57652427053023,none,297590
Temkinli,21,1761,2015,12,1354,1173,181,5528,162,73,0,0,159,3523820,2248897,1259673,418500,91016,89114,107818,0,0,553225,1678811,954385,0,724426,724426,0,18122523,117045,0,907890,1611339,0,4.0,0.0,2.0,1.0,1.0,633.2404693870967,658.181818,405.954545,403.18914948387095,633.950146516129,1.437072,23.83895190322581,1.0,1.0,1.0,1.0,none,0:1.0500|1:0.9300|2:1.0300|3:0.9400|4:0.9500|5:1.1000|6:0.8200|,Zeynep Yıldız:4:51892,2242284,8,198450,1731,31,35.74737075105993,35.8925140408482,none,354775
Temkinli,21,1792,2016,1,1368,1175,193,5588,184,61,0,0,168,3643715,2310035,1322475,430500,93806,89735,108562,0,414,599458,1938697,1008211,0,930486,736194,0,19313855,117045,0,927735,1691949,0,4.0,0.0,2.0,1.0,1.0,636.1363635806451,662.272727,404.8064516451613,404.346041,637.9472140322581,1.447064,23.717669225806453,1.0,1.0,1.0,1.0,none,0:1.0500|1:0.9300|2:1.0300|3:0.9400|4:0.9500|5:1.1000|6:0.8200|,Zeynep Yıldız:4:54579,2319968,8,198450,1762,31,36.294688250864844,36.36483074688394,none,401008
Temkinli,21,1821,2016,2,1256,1041,215,4990,171,47,0,0,191,3240825,2035064,1190558,403100,87754,84555,102312,0,404,512433,1492026,807794,0,684232,878524,0,20003222,117045,0,947580,1582791,0,4.0,0.0,2.0,1.0,1.0,648.7539185172413,667.272727,408.3463951724138,406.7147335517242,646.0689655172414,1.4576940000000003,22.26359379310345,1.0,1.0,1.0,1.0,none,0:1.0500|1:0.9300|2:1.0300|3:0.9400|4:0.9500|5:1.1000|6:0.8200|,Zeynep Yıldız:4:54579,2075148,8,198450,1793,29,36.73626314287257,37.056812526742135,none,313983
Temkinli,21,1852,2016,3,1415,1190,225,5743,199,33,0,0,196,3623495,2339210,1264447,430900,93806,91007,100099,0,458,548177,-214003,-776461,0,562458,562458,0,18806451,117045,0,967425,1691949,0,4.0,0.0,2.0,1.0,1.0,644.8313782903226,671.1363640000001,418.6510264193549,414.725806483871,644.8181818064517,1.467709,23.439611225806452,1.0,1.0,1.0,1.0,none,0:1.0500|1:0.9300|2:1.0300|3:0.9400|4:0.9500|5:1.1000|6:0.8200|,Zeynep Yıldız:4:54579,2394032,9,198450,1822,31,34.895784318730946,35.075891075687466,none,349727
Temkinli,21,1882,2016,4,1274,1062,212,5022,148,41,0,0,189,3193225,2050166,1126548,417000,90780,88731,97590,0,0,432447,1427489,782331,0,645158,645158,0,19387466,117045,0,987270,1637370,0,4.0,0.0,2.0,1.0,1.0,657.6136364333332,676.590909,424.045455,421.4212121333333,653.9878788,1.4784910000000002,21.4598236,1.0,1.0,1.0,1.0,none,0:1.0500|1:0.9300|2:1.0300|3:0.9400|4:0.9500|5:1.1000|6:0.8200|,Zeynep Yıldız:4:54579,2088090,9,198450,1853,30,35.279317930931896,35.517539249965296,none,233997
Temkinli,21,1913,2016,5,1346,1112,234,5131,170,47,0,0,212,3237845,2095460,1123671,430900,93806,92340,101556,0,0,405069,1707560,799404,0,908156,908156,0,20148487,117045,0,1007115,1691949,0,4.0,0.0,2.0,1.0,1.0,657.0454546451613,680.909091,427.454545,425.14076238709674,651.9765396774194,1.489001,21.502531548387097,1.0,1.0,1.0,1.0,none,0:1.0500|1:0.9300|2:1.0300|3:0.9400|4:0.9500|5:1.1000|6:0.8200|,Zeynep Yıldız:4:54579,2126208,9,198450,1883,31,34.70428633859866,34.942926402124236,none,206619
Temkinli,21,1943,2016,6,1409,1208,201,5868,145,27,0,0,185,3333550,2158075,1156817,417000,90780,90021,113850,0,369,444797,1336179,598067,0,738112,738112,0,20668684,123547,0,1028062,1640218,0,4.0,0.0,2.0,1.0,1.0,657.0227274666667,685.6818179999999,425.9196971,425.8606061333333,661.0969697333334,1.499939,23.931579499999998,1.0,1.0,1.0,1.0,none,0:1.0500|1:0.9300|2:1.0300|3:0.9400|4:0.9500|5:1.1000|6:0.8200|,Zeynep Yıldız:4:54579,2153908,9,209475,1914,30,34.702254353467026,35.174282518010976,none,235322
Temkinli,21,1974,2016,7,1472,1267,205,6123,115,25,0,0,194,3326990,2131802,1178846,442900,96596,93673,118482,0,854,426341,1716279,788850,0,927429,735560,0,21648966,123547,0,1049009,1780237,0,4.0,0.0,2.0,1.0,1.0,659.9266863225806,692.045455,423.363636,424.2214077096774,662.4560117419354,1.510601,24.450828967741934,1.0,1.0,1.0,1.0,none,0:1.0500|1:0.9300|2:1.0300|3:0.9400|4:0.9500|5:1.1000|6:0.8200|,Zeynep Yıldız:4:57427,2167878,9,209475,1944,31,35.432808634832085,35.84686833030201,none,216866
Temkinli,21,2005,2016,8,1407,1207,200,5668,119,22,0,0,182,3257290,2073137,1162125,443300,96596,94356,119350,0,482,408041,1466752,692044,0,774708,966577,0,21753271,123547,0,1069956,1780237,0,4.0,0.0,2.0,1.0,1.0,668.673020483871,696.590909,428.590909,426.45454551612903,669.6803519354838,1.521698,23.80111177419355,1.0,1.0,1.0,1.0,none,0:1.0500|1:0.9300|2:1.0300|3:0.9400|4:0.9500|5:1.1000|6:0.8200|,Zeynep Yıldız:4:57427,2073220,9,209475,1975,31,35.677664561644804,35.90426174367566,none,198566
Temkinli,21,2035,2016,9,1319,1128,191,5607,164,51,0,0,167,3608520,2292046,1294804,429000,93480,92002,101160,0,0,579162,2785208,1773639,0,1011569,1011569,0,23494174,123547,0,1090903,1722810,0,4.0,0.0,2.0,1.0,1.0,673.8409094,702.272727,427.0,426.95151496666665,678.6318181333334,1.5328759999999997,24.836792199999998,1.0,1.0,1.0,1.0,none,0:1.0500|1:0.9300|2:1.0300|3:0.9400|4:0.9500|5:1.1000|6:0.8200|,Zeynep Yıldız:4:57427,2323252,9,209475,2006,30,35.881857381973774,36.631926906870575,none,369687
Temkinli,21,2066,2016,10,1295,1107,188,5240,160,33,0,0,176,3520045,2190301,1311627,443300,96596,95750,105276,0,442,570263,2803485,1519318,0,1284167,1284167,0,25005742,123547,0,1111850,1780237,0,4.0,0.0,2.0,1.0,1.0,686.6568913225807,706.1363640000001,425.045455,425.85483867741937,680.3900292903226,1.543772,21.967907806451613,1.0,1.0,1.0,1.0,none,0:1.0500|1:0.9300|2:1.0300|3:0.9400|4:0.9500|5:1.1000|6:0.8200|,Zeynep Yıldız:4:57427,2231958,9,209475,2036,31,37.26165432544186,38.09929524171625,none,360788
Temkinli,21,2096,2016,11,1286,1068,218,5036,153,53,0,0,201,3274827,2039497,1219047,429000,93480,93322,102630,0,978,499637,1116040,296619,0,819421,819421,0,24518184,123547,0,1132797,1722810,0,4.0,0.0,2.0,1.0,1.0,689.5000001999999,712.272727,430.136364,428.08030313333336,688.0257575666667,1.555113,22.033090266666665,1.0,1.0,1.0,1.0,none,0:1.0500|1:0.9300|2:1.0300|3:0.9400|4:0.9500|5:1.1000|6:0.8200|,Zeynep Yıldız:4:57427,2077572,10,209475,2067,30,37.22477553776123,37.61619088103953,none,290162
Temkinli,21,2127,2016,12,1319,1125,194,5036,201,49,0,0,178,3536195,2242142,1278890,443300,96596,97115,117490,0,0,524389,3963374,2735010,0,1228364,1228364,0,27202332,130050,0,1154847,1783743,0,4.0,0.0,2.0,1.0,1.0,686.1730204193549,716.1363640000001,434.909091,432.3137830645161,688.4193547741935,1.566167,22.406274741935484,1.0,1.0,1.0,1.0,none,0:1.0500|1:0.9300|2:1.0300|3:0.9400|4:0.9500|5:1.1000|6:0.8200|,Zeynep Yıldız:4:57427,2226852,10,220500,2097,31,36.16570918741755,36.618159260443505,none,303889
Temkinli,21,2158,2017,1,1311,1085,226,5010,198,72,0,0,198,3615795,2284810,1310988,455300,99386,97833,118358,0,0,540111,3548616,1986479,0,1562137,1562137,0,29089333,130050,0,1176897,1888923,0,4.0,0.0,2.0,1.0,1.0,704.706745,722.5,446.045455,442.029325516129,700.3152492903225,1.577672,21.82816329032258,1.0,1.0,1.0,1.0,none,0:1.0500|1:0.9300|2:1.0300|3:0.9400|4:0.9500|5:1.1000|6:0.8200|,Zeynep Yıldız:4:60933,2364396,10,220500,2128,31,36.25725462865013,36.704812581295776,none,319611
Temkinli,21,2186,2017,2,1185,989,196,4395,136,43,0,0,179,3219110,2059310,1141266,411600,89768,89150,107856,0,0,442892,1765413,695030,0,1070383,1070383,0,28997790,130050,0,1198947,1706124,0,4.0,0.0,2.0,1.0,1.0,704.3749999642857,729.0909089999999,450.136364,447.59415589285715,707.1931817142857,1.591718,21.941240785714285,1.0,1.0,1.0,1.0,none,0:1.0500|1:0.9300|2:1.0300|3:0.9400|4:0.9500|5:1.1000|6:0.8200|,Zeynep Yıldız:4:60933,2050432,11,220500,2159,28,35.452842555861714,36.094216287797906,none,222392
Temkinli,21,2217,2017,3,1296,1108,188,5148,153,33,0,0,171,3506605,2225701,1264924,455700,99386,99508,109430,0,636,500264,5130431,3496714,0,1633717,1633717,0,32435565,130050,0,1220997,1888923,0,4.0,0.0,2.0,1.0,1.0,709.8607038709677,733.8636359999999,451.045455,449.51759525806455,706.3240469032257,1.604512,22.06932358064516,1.0,1.0,1.0,1.0,none,0:1.0500|1:0.9300|2:1.0300|3:0.9400|4:0.9500|5:1.1000|6:0.8200|,Zeynep Yıldız:4:60933,2217868,11,220500,2187,31,36.07261154307371,36.46000510517242,none,279764
Temkinli,21,2247,2017,4,1232,1008,224,4672,163,41,0,0,204,3266875,2062237,1179676,441000,96180,97167,106830,0,417,438082,4473519,2495051,0,1978468,1601279,0,34976004,130050,0,1243047,1827990,0,4.0,0.0,2.0,1.0,1.0,724.0909088333334,740.6818179999999,460.09090899999995,456.4727272666667,718.2030303666667,1.618797,20.38957913333333,1.0,1.0,1.0,1.0,none,0:1.0500|1:0.9300|2:1.0300|3:0.9400|4:0.9500|5:1.1000|6:0.8200|,Zeynep Yıldız:4:60933,2170388,11,220500,2218,30,36.11022766405204,36.459510347767576,none,217582
Temkinli,21,2278,2017,5,1262,1058,204,4981,163,46,0,0,178,3311635,2148039,1146657,455700,99386,101245,111352,0,1014,377960,4229804,2565160,0,1664644,2041833,0,36263142,130050,0,1265097,1888923,0,4.0,0.0,2.0,1.0,1.0,705.4985334193549,747.272727,458.863636,458.13929635483873,707.4662756774194,1.632742,22.943326193548387,1.0,1.0,1.0,1.0,none,0:1.0500|1:0.9100|2:1.0300|3:0.9200|4:0.9300|5:1.1000|6:0.8200|,Zeynep Yıldız:4:60933,2120472,12,220500,2248,31,34.62510210213384,34.95895253303848,none,157460
Temkinli,21,2308,2017,6,1442,1189,253,5887,101,22,0,3,239,3531730,2292092,1220758,441000,96180,98878,125040,0,555,459105,5161649,3306291,0,1855358,1855358,0,33720678,138178,0,1288525,2206226,0,4.0,0.0,2.0,1.0,1.0,706.5075755666668,754.3181820000001,457.40909100000005,457.75303023333333,707.1393939999999,1.647278,25.7201452,1.0,1.0,1.0,1.0,none,0:1.0500|1:0.9050|2:1.0300|3:0.9150|4:0.9250|5:1.1000|6:0.8200|,Zeynep Yıldız:4:60933|Gamze Kocabaş:6:19645,2327394,12,234281,2279,30,34.56543960042246,35.25772308483358,none,224824
Temkinli,21,2339,2017,7,1397,1171,226,5498,148,27,0,0,203,3455795,2160194,1279070,470700,102889,103043,130324,0,0,472114,5279989,2948171,0,2331818,2331818,0,34690182,138178,0,1311953,2652329,0,4.0,0.0,2.0,1.0,1.0,729.1788858387096,760.0,458.227273,457.72580670967744,724.6143694516129,1.661468,23.36752912903226,1.0,1.0,1.0,1.0,none,0:1.0500|1:0.9250|2:1.0300|3:0.9350|4:0.9450|5:1.1000|6:0.8200|,Zeynep Yıldız:4:64700|Gamze Kocabaş:6:20859,2225124,12,234281,2309,31,37.01232277956302,37.15845564110898,none,237833
Temkinli,21,2370,2017,8,1434,1192,242,5977,93,34,0,0,227,3521590,2193795,1306223,471200,102889,103972,131471,0,2056,494635,6095277,4109887,0,1985390,1985390,0,38967655,138178,0,1335381,2652329,0,4.0,0.0,2.0,1.0,1.0,739.6334310645162,766.818182,462.772727,460.5571846774194,739.1114369354839,1.67626,23.343388258064515,1.0,1.0,1.0,1.0,none,0:1.0500|1:0.9300|2:1.0300|3:0.9400|4:0.9500|5:1.1000|6:0.8200|,Zeynep Yıldız:4:64700|Gamze Kocabaş:6:20859,2167094,12,234281,2340,31,37.09185339576725,37.4321511760285,none,260354
Temkinli,21,2400,2017,9,1332,1090,242,5394,156,57,0,0,220,3774377,2414967,1322010,456000,99570,101490,111630,0,955,552365,5427589,3453841,0,1973748,1973748,0,42288508,138178,0,1358809,2566770,0,4.0,0.0,2.0,1.0,1.0,749.098485,773.863636,482.636364,475.52727273333335,750.6287878999999,1.691183,23.1141661,1.0,1.0,1.0,1.0,none,0:1.0500|1:0.9300|2:1.0300|3:0.9400|4:0.9500|5:1.1000|6:0.8200|,Zeynep Yıldız:4:64700|Gamze Kocabaş:6:20859,2473824,12,234281,2371,30,35.025912885755716,35.57103990138226,none,318084
Temkinli,21,2431,2017,10,1316,1091,225,5507,162,48,0,0,213,3983160,2514984,1445294,471200,102889,105802,116343,0,0,649060,4481514,2097065,0,2384449,2384449,0,41498005,138178,0,1382237,2652329,0,4.0,0.0,2.0,1.0,1.0,765.2199413548386,781.1363640000001,481.18181799999996,480.4765395806451,755.4956012903226,1.705752,21.789264612903228,1.0,1.0,1.0,1.0,none,0:1.0500|1:0.9300|2:1.0300|3:0.9400|4:0.9500|5:1.1000|6:0.8200|,Zeynep Yıldız:4:64700|Gamze Kocabaş:6:20859,2553708,13,234281,2401,31,36.285110314423726,37.11849469734714,none,414779
Temkinli,21,2461,2017,11,1293,1057,236,5259,193,47,0,0,219,3780415,2388515,1369341,456000,99570,103290,113580,0,1066,595835,5437770,3120788,0,2316982,2316982,0,44187997,138178,0,1405665,2566770,0,4.0,0.0,2.0,1.0,1.0,772.2954545333334,787.272727,488.045455,485.2575757,765.8984849333334,1.720938,21.223766366666666,1.0,1.0,1.0,1.0,none,0:1.0500|1:0.9300|2:1.0300|3:0.9400|4:0.9500|5:1.1000|6:0.8200|,Zeynep Yıldız:4:64700|Gamze Kocabaş:6:20859,2447626,13,234281,2432,30,36.22197562965971,36.805862039560246,none,361554
Temkinli,21,2492,2017,12,1347,1129,218,5480,187,88,0,0,196,4158587,2648247,1489975,471200,102889,107662,130231,0,3970,674023,6670053,3978657,0,2691396,2207981,0,47972502,146306,0,1430471,2657554,0,4.0,0.0,2.0,1.0,1.0,771.2463342903226,794.545455,488.4076242580645,487.16862158064515,770.6290321612903,1.735763,22.386881193548387,1.0,1.0,1.0,1.0,none,0:1.0500|1:0.9300|2:1.0300|3:0.9400|4:0.9500|5:1.1000|6:0.8200|,Zeynep Yıldız:4:64700|Gamze Kocabaş:6:20859,2674296,14,248062,2462,31,35.828876490981195,36.67294059718516,none,425961
Temkinli,21,2523,2018,1,1344,1083,261,5257,179,79,0,0,231,3937025,2511578,1398073,486200,106361,108594,131378,0,0,565540,8601413,5639351,0,2962062,3445477,0,51979266,146306,0,1455277,2814304,0,4.0,0.0,2.0,1.0,1.0,763.966275516129,801.590909,483.045455,484.5865102258065,759.470674516129,1.751216,24.91759358064516,1.0,1.0,1.0,1.0,none,0:1.0500|1:0.9200|2:1.0300|3:0.9300|4:0.9400|5:1.1000|6:0.8200|,Zeynep Yıldız:4:68650|Gamze Kocabaş:6:22133,2537370,15,248062,2493,31,35.510899727586185,36.77136406660639,none,317478
Temkinli,21,2551,2018,2,1361,1110,251,5625,144,62,0,0,234,4138745,2635914,1479159,439600,96068,98980,119728,0,0,724783,10267444,6989642,0,3277802,3277802,0,57872630,146306,0,1480083,2541952,0,4.0,0.0,2.0,1.0,1.0,765.211039,809.0909089999999,487.318182,485.7321429285715,764.1055195,1.766807,26.965932428571428,1.0,1.0,1.0,1.0,none,0:1.0500|1:0.9200|2:1.0300|3:0.9300|4:0.9400|5:1.1000|6:0.8200|,Zeynep Yıldız:4:68650|Gamze Kocabaş:6:22133,2636430,16,248062,2524,28,35.73931227944703,36.31584528147405,none,476721
Temkinli,21,2582,2018,3,1489,1197,292,6298,142,61,0,0,273,4187345,2699411,1467012,486700,106361,110454,121458,0,1987,640052,13732917,9983497,0,3749420,3749420,0,66759382,146306,0,1504889,2814304,0,4.0,0.0,2.0,1.0,1.0,763.101173,815.227273,488.409091,487.2565981612903,764.9941349354839,1.781008,28.875722967741936,1.0,1.0,1.0,1.0,none,0:1.0500|1:0.9200|2:1.0300|3:0.9300|4:0.9400|5:1.1000|6:0.8200|,Zeynep Yıldız:4:68650|Gamze Kocabaş:6:22133,2729532,17,248062,2552,31,35.034419184471304,35.996810346928925,none,391990
Temkinli,21,2612,2018,4,1350,1110,240,5787,152,28,0,0,229,4145870,2652754,1467917,471000,102930,107851,118590,0,1061,666485,13190645,8296596,0,4894049,4894049,0,71816604,146306,0,1529695,2723520,0,4.0,0.0,2.0,1.0,1.0,790.0378789,822.045455,507.181818,501.31060603333333,784.6757574999999,1.796864,26.015425466666667,1.0,1.0,1.0,1.0,none,0:1.0500|1:0.9300|2:1.0300|3:0.9400|4:0.9500|5:1.1000|6:0.8200|,Zeynep Yıldız:4:68650|Gamze Kocabaş:6:22133,2733154,18,248062,2583,30,35.40673007113103,35.80284799683672,none,418423
Temkinli,21,2643,2018,5,1486,1213,273,6177,171,46,0,0,258,4446100,2845252,1582210,486700,106361,112407,123597,0,1497,751648,17268183,12354052,0,4914131,4914131,0,83050409,146306,0,1554501,2814304,0,4.0,0.0,2.0,1.0,1.0,796.0410557096774,829.772727,505.772727,505.2346041935484,789.2917889354839,1.812343,25.162445967741938,1.0,1.0,1.0,1.0,none,0:1.0500|1:0.9300|2:1.0300|3:0.9400|4:0.9500|5:1.1000|6:0.8200|,Zeynep Yıldız:4:68650|Gamze Kocabaş:6:22133,2846532,19,248062,2613,31,35.586469040282495,36.463989718583136,none,503586
Temkinli,21,2673,2018,6,1562,1286,276,6867,110,28,0,2,265,4295869,2778160,1479447,471000,102930,109741,138780,0,1821,655175,16549285,11823395,0,4725890,4725890,0,90074138,156060,0,1580961,2729132,0,4.0,0.0,2.0,1.0,1.0,784.2348486333334,837.272727,497.727273,500.41818193333336,789.3939393666666,1.828478,30.009583266666667,1.0,1.0,1.0,1.0,none,0:1.0500|1:0.9200|2:1.0300|3:0.9300|4:0.9400|5:1.1000|6:0.8200|,Zeynep Yıldız:4:68650|Gamze Kocabaş:6:22133,2809654,20,264600,2644,30,34.438829489446725,36.5333899829398,none,390575
Temkinli,21,2704,2018,7,1514,1243,271,6719,146,26,0,0,256,4616200,2960506,1638942,504700,110546,114361,144646,0,123,764566,18033514,11827603,0,6205911,6205911,0,100385200,156060,0,1607421,2988276,0,4.0,0.0,2.0,1.0,1.0,811.2536656451614,844.318182,519.5,513.3577712580645,801.1231670645162,1.84423,26.626762258064517,1.0,1.0,1.0,1.0,none,0:1.0500|1:0.9300|2:1.0300|3:0.9400|4:0.9500|5:1.1000|6:0.8200|,Zeynep Yıldız:4:72895|Gamze Kocabaş:6:23502,3028640,21,264600,2674,31,35.50413760235692,35.9633093815533,none,499966
Temkinli,21,2735,2018,8,1502,1212,290,6305,124,38,0,0,270,4080635,2660611,1404369,505300,110546,115384,145917,0,565,526657,20550884,14710034,0,5840850,5840850,0,113899004,156060,0,1633881,2988276,0,4.0,0.0,2.0,1.0,1.0,804.3914957096774,851.590909,520.363636,519.1363637096774,809.7683284193548,1.860649,27.97333729032258,1.0,1.0,1.0,1.0,none,0:1.0500|1:0.9300|2:1.0300|3:0.9400|4:0.9500|5:1.1000|6:0.8200|,Zeynep Yıldız:4:72895|Gamze Kocabaş:6:23502,2630268,22,264600,2705,31,34.41545249697657,35.30965471720866,none,262057
Temkinli,21,2765,2018,9,1450,1180,270,6159,127,60,0,0,257,4552235,2878235,1647154,489000,106980,112653,123900,0,1958,812663,27454995,18846350,0,8608645,7012934,0,133495435,156060,0,1660341,2891880,0,4.0,0.0,2.0,1.0,1.0,819.3560606333334,859.3181820000001,512.8863632,515.2015151666667,822.9030302666666,1.877214,26.59734243333333,1.0,1.0,1.0,1.0,none,0:1.0500|1:0.9300|2:1.0300|3:0.9400|4:0.9500|5:1.1000|6:0.8200|,Zeynep Yıldız:4:72895|Gamze Kocabaş:6:23502,2940234,23,264600,2736,30,36.18341320252579,37.40372618912993,none,548063
Temkinli,21,2796,2018,10,1353,1113,240,5485,184,36,0,0,218,4213685,2593128,1596615,505300,110546,117430,129115,0,1294,732930,28422198,20969799,0,7452399,9048110,0,149512678,156060,0,1686801,2988276,0,4.0,0.0,2.0,1.0,1.0,841.9648094193549,866.3636359999999,517.590909,516.3445748064516,827.5249267096774,1.893385,23.39635751612903,1.0,1.0,1.0,1.0,none,0:1.0500|1:0.9300|2:1.0300|3:0.9400|4:0.9500|5:1.1000|6:0.8200|,Zeynep Yıldız:4:72895|Gamze Kocabaş:6:23502,2641722,24,264600,2766,31,37.89118075983373,38.52582635170384,none,468330
Temkinli,21,2826,2018,11,1297,1049,248,5349,127,44,0,0,233,4091090,2606455,1460520,489000,106980,114633,126090,0,458,623359,27798154,20388906,0,7409248,7409248,0,168777492,156060,0,1713261,2891880,0,4.0,0.0,2.0,1.0,1.0,839.2045454333334,874.090909,538.5575759333333,531.7333333333333,837.5515150666666,1.910241,24.377758433333334,1.0,1.0,1.0,1.0,none,0:1.0500|1:0.9300|2:1.0300|3:0.9400|4:0.9500|5:1.1000|6:0.8200|,Zeynep Yıldız:4:72895|Gamze Kocabaş:6:23502,2658380,25,264600,2797,30,35.70002126572625,35.82523130219193,none,358759
Temkinli,21,2857,2018,12,1358,1098,260,5168,160,60,0,0,247,4314505,2700202,1593218,505300,110546,119478,144553,0,567,712774,33797498,23637180,0,10160318,10160318,0,191521639,167439,0,1741650,2995972,0,4.0,0.0,2.0,1.0,1.0,840.447213967742,881.3636359999999,519.590909,525.4090909677419,840.2976539354838,1.926697,24.468691806451613,1.0,1.0,1.0,1.0,none,0:1.0500|1:0.9200|2:1.0300|3:0.9300|4:0.9400|5:1.1000|6:0.8200|,Zeynep Yıldız:4:72895|Gamze Kocabaş:6:23502,2647308,26,283894,2827,31,36.92701712015631,38.17685389817439,none,428880
Temkinli,21,2888,2019,1,1305,1058,247,5440,157,49,0,0,227,4573288,2862654,1680561,561300,123319,120574,145824,0,48009,681535,33315640,24700243,0,8615397,8615397,0,214733128,167439,0,1770039,3226852,0,4.0,0.0,2.0,1.0,1.0,853.4530792903226,889.318182,534.1363640000001,530.0938416129032,851.1524927096774,1.94385,22.339689838709678,1.0,1.0,1.0,1.0,none,0:1.0500|1:0.9300|2:1.0300|3:0.9400|4:0.9500|5:1.1000|6:0.8200|,Zeynep Yıldız:4:78714|Gamze Kocabaş:6:25378,2960342,27,283894,2858,31,36.74732490059668,37.414677272691556,none,397641
Temkinli,21,2916,2019,2,1147,925,222,4744,114,47,0,0,213,4067925,2559432,1490684,515200,113092,110195,133280,0,1176,617741,29718555,20857143,0,8861412,8861412,0,234342162,167439,0,1798428,2914576,0,4.0,0.0,2.0,1.0,1.0,873.0032467857143,900.0,548.772727,542.8636364285715,864.7191559642857,1.967061,21.43161635714286,1.0,1.0,1.0,1.0,none,0:1.0500|1:0.9300|2:1.0300|3:0.9400|4:0.9500|5:1.1000|6:0.8200|,Zeynep Yıldız:4:78714|Gamze Kocabaş:6:25378,2615302,28,283894,2889,28,36.644825064375574,37.13966940896146,none,333847
Temkinli,21,2947,2019,3,1198,918,280,4191,150,27,0,0,257,3326735,2073551,1239655,570400,125209,123334,135594,0,1693,283425,37903809,26011953,0,11891856,9730304,0,261224311,167439,0,1826817,3226852,0,4.0,0.0,2.0,1.0,1.0,878.0278591612904,909.090909,548.727273,546.8519061290323,877.9560118709677,1.988265,20.0150925483871,1.0,1.0,1.0,1.0,none,0:1.0500|1:0.9300|2:1.0300|3:0.9400|4:0.9500|5:1.1000|6:0.8200|,Zeynep Yıldız:4:78714|Gamze Kocabaş:6:25378,2085806,29,283894,2917,31,37.26341292588679,37.504571492280995,none,-469
Temkinli,21,2977,2019,4,1248,989,259,4763,143,21,0,0,239,3935785,2400326,1511725,552000,121170,120767,132780,0,3028,581980,38101431,27765226,0,10336205,12497757,0,282225436,167439,0,1855206,3122760,0,4.0,0.0,2.0,1.0,1.0,897.3484847333333,922.045455,548.636364,547.3757575333333,887.0803030000001,2.012006,19.458665466666666,1.0,1.0,1.0,1.0,none,0:1.0500|1:0.9300|2:1.0300|3:0.9400|4:0.9500|5:1.1000|6:0.8200|,Zeynep Yıldız:4:78714|Gamze Kocabaş:6:25378,2438220,30,283894,2948,30,38.409745451034546,38.860278550195666,none,298086
Temkinli,21,3008,2019,5,1318,1053,265,5119,161,32,0,0,242,4326045,2680741,1616948,570400,125209,126249,138818,0,4146,652126,43961468,32945227,0,11016241,11016241,0,308882433,167439,0,1883595,3226852,0,4.0,0.0,2.0,1.0,1.0,889.1495600967743,931.818182,551.181818,549.2903224838709,887.9222874193548,2.035252,20.906883483870967,1.0,1.0,1.0,1.0,none,0:1.0500|1:0.9200|2:1.0300|3:0.9300|4:0.9400|5:1.1000|6:0.8200|,Zeynep Yıldız:4:78714|Gamze Kocabaş:6:25378,2689260,31,283894,2978,31,37.37704993822302,38.01022429342372,none,368232
Temkinli,21,3038,2019,6,1296,1066,230,5193,132,39,0,0,209,4004030,2468956,1508668,552000,121170,123618,156330,0,0,555550,35414865,22880647,0,12534218,9909966,0,330344295,182070,0,1914465,3131187,0,4.0,0.0,2.0,1.0,1.0,899.0454547333334,942.954545,558.227273,555.0045455333333,896.8242424,2.059555,21.1822284,1.0,1.0,1.0,1.0,none,0:1.0500|1:0.9200|2:1.0300|3:0.9300|4:0.9400|5:1.1000|6:0.8200|,Zeynep Yıldız:4:78714|Gamze Kocabaş:6:25378,2513244,32,308700,3009,30,37.67873867078918,37.90889325328092,none,246850
Temkinli,21,3069,2019,7,1249,1000,249,4926,129,28,0,0,229,3791310,2342802,1431798,597400,131471,129226,163401,0,0,410300,28379244,18856570,0,9522674,12146926,0,341763971,182070,0,1945335,3488089,0,4.0,0.0,2.0,1.0,1.0,918.9442815806452,953.409091,577.5718471935484,569.4002932580646,908.6847507419355,2.08335,19.502491096774193,1.0,1.0,1.0,1.0,none,0:1.0500|1:0.9300|2:1.0300|3:0.9400|4:0.9500|5:1.1000|6:0.8200|,Zeynep Yıldız:4:85086|Gamze Kocabaş:6:27433,2414130,34,308700,3039,31,37.765257918766864,37.14832783984613,none,101600
Temkinli,21,3100,2019,8,1237,1028,209,5206,121,24,0,0,192,4102090,2554905,1522505,598300,131471,130747,165354,0,1365,495268,34223009,23850909,0,10372100,10372100,0,362368328,182070,0,1976205,3488089,0,4.0,0.0,2.0,1.0,1.0,930.3665688709677,965.454545,584.681818,580.5674485806452,930.4809384838709,2.108227,20.661362322580647,1.0,1.0,1.0,1.0,none,0:1.0500|1:0.9300|2:1.0300|3:0.9400|4:0.9500|5:1.1000|6:0.8200|,Zeynep Yıldız:4:85086|Gamze Kocabaş:6:27433,2547120,35,308700,3070,31,37.11534851746305,37.15575800304908,none,186568
Temkinli,21,3130,2019,9,1189,955,234,4563,156,31,0,0,212,4195115,2698241,1472553,579000,127230,128059,140790,0,1669,495805,32667395,20606623,0,12060772,12060772,0,338064375,182070,0,2007075,3375570,0,4.0,0.0,2.0,1.0,1.0,937.6439393333334,976.590909,614.5757576,601.3333334,940.3015152666667,2.133401,20.3295195,1.0,1.0,1.1625,0.95125,0,0:1.0500|1:0.9300|2:1.0300|3:0.9400|4:0.9500|5:1.1000|6:0.8200|,Zeynep Yıldız:4:85086|Gamze Kocabaş:6:27433,2639672,35,308700,3101,30,35.101612232322594,34.455315944668236,none|0,187105
Temkinli,21,3161,2019,10,1249,984,265,4776,207,58,0,0,233,4437832,2933614,1474811,598300,131471,133848,147188,0,1171,462833,36301329,25493348,0,10807981,10807981,0,358792417,182070,0,2037945,3488089,0,4.0,0.0,2.0,1.0,1.0,950.2859238387097,987.727273,627.1363640000001,621.6598240967743,947.6862169677419,2.158049,20.39142293548387,1.0,1.0,1.25,0.925,0,0:1.0500|1:0.9300|2:1.0300|3:0.9400|4:0.9500|5:1.1000|6:0.8200|,Zeynep Yıldız:4:85086|Gamze Kocabaş:6:27433,3003010,36,308700,3131,31,33.23269109781533,34.00550841933308,0,154133
Temkinli,21,3191,2019,11,1122,870,252,4235,224,30,0,0,207,3900640,2506618,1375541,579000,127230,131090,144120,0,3215,390886,41632896,30331174,0,11301722,11301722,0,369516993,182070,0,2068815,3375570,0,4.0,0.0,2.0,1.0,1.0,968.9924242333333,999.772727,622.909091,623.0575756666666,962.3424242666666,2.183819,17.958106266666668,1.0,1.0,1.25,0.925,0,0:1.0500|1:0.9300|2:1.0300|3:0.9400|4:0.9500|5:1.1000|6:0.8200|,Zeynep Yıldız:4:85086|Gamze Kocabaş:6:27433,2379968,36,308700,3162,30,35.26449505722138,35.71579349623445,0,82186
Temkinli,21,3222,2019,12,1187,935,252,4208,237,32,0,0,221,4551970,2986246,1541395,598300,131471,137011,165726,0,3407,505480,47987103,31943766,0,16043337,16043337,0,392589724,196700,0,2102165,3497118,0,4.0,0.0,2.0,1.0,1.0,966.9134895161291,1010.681818,627.3636359999999,624.8914956129032,966.095307967742,2.209049,18.53930587096774,1.0,1.0,1.25,0.925,0,0:1.0500|1:0.9300|2:1.0300|3:0.9400|4:0.9500|5:1.1000|6:0.8200|,Zeynep Yıldız:4:85086|Gamze Kocabaş:6:27433,2981766,37,333506,3192,31,33.86215199133562,35.11688038255103,0,171974
Temkinli,21,3253,2020,1,1235,939,296,4435,218,23,0,0,256,4412850,2851928,1525541,632850,139462,138654,167710,0,59662,387203,31661600,17486250,0,14175350,14175350,0,441634030,196700,0,2135515,3767988,0,3.967741935483871,0.0,2.0,0.967741935483871,1.0,979.7360703225808,1023.409091,630.545455,628.1583577741936,979.8269793548387,2.235427,19.94135641935484,1.0,1.0,1.25,0.925,0,0:1.0500|1:0.9300|2:1.0300|3:0.9400|4:0.9500|5:1.1000|6:0.8200|,Zeynep Yıldız:4:91914|Gamze Kocabaş:6:29634,2910318,38,333506,3223,31,34.57042500878117,35.641294211777755,0,53697
Temkinli,21,3282,2020,2,1113,837,276,4090,188,36,0,0,245,4177809,2702365,1444799,609000,134096,131247,158746,0,3393,408317,44357373,30026014,0,14331359,14331359,0,467691997,196700,0,2168865,3524892,0,4.0,0.0,2.0,1.0,1.0,998.5423196896552,1035.227273,645.753918275862,639.059561137931,1000.6818181034482,2.262121,19.162871517241378,0.9862068965517242,0.9862068965517242,1.2498275862068964,0.9227830344827587,1,0:1.0500|1:0.9300|2:1.0300|3:0.9400|4:0.9500|5:1.1000|6:0.8200|,Zeynep Yıldız:4:91914|Gamze Kocabaş:6:29634,2743178,39,333506,3254,29,34.58269633676408,35.33034048305925,0|1,74811
Temkinli,21,3313,2020,3,1130,845,285,3887,285,15,0,0,235,3836605,2463837,1351126,651000,143344,141879,155992,0,2462,256449,53761122,34016545,0,19744577,19744577,0,489719474,196700,0,2202215,3767988,0,4.0,0.0,2.0,1.0,1.0,1009.6480939354839,1047.045455,646.2932551290322,644.5953077741935,1006.0967741290323,2.28738,19.672292677419357,0.9,0.9,1.2341666774193547,0.8015934193548386,1,0:1.0500|1:0.9300|2:1.0300|3:0.9400|4:0.9500|5:1.1000|6:0.8200|,Zeynep Yıldız:4:91914|Gamze Kocabaş:6:29634,2526636,40,333506,3283,31,35.21670852224818,35.98826571247604,1,-77057
Temkinli,21,3343,2020,4,1265,951,314,4620,320,40,0,0,265,4229060,2782050,1426745,630000,138720,138924,152760,0,1549,364792,56716725,39514584,0,17202141,17202141,0,524274669,196700,0,2235565,3646440,0,4.0,0.0,2.0,1.0,1.0,1011.7121212000001,1058.863636,669.5121212,660.5530302333334,1014.7651515333333,2.314693,21.362140800000002,0.9,0.9,1.20875,0.8,1,0:1.0500|1:0.9300|2:1.0300|3:0.9400|4:0.9500|5:1.1000|6:0.8200|,Zeynep Yıldız:4:91914|Gamze Kocabaş:6:29634,2810072,41,333506,3314,30,33.73669326044085,33.82385095812768,1,31286
Temkinli,21,3374,2020,5,1252,936,316,4660,290,47,0,0,255,4185452,2700708,1457512,651000,143344,145229,159681,0,1258,357000,65569712,44428145,0,21141567,16736297,0,532139667,196700,0,2268915,3767988,0,4.0,0.0,2.0,1.0,1.0,1035.586510483871,1072.045455,668.9472140645162,667.4941349032258,1029.8958945161291,2.341436,19.563570548387098,0.9,0.9,1.183333322580645,0.8,1,0:1.0500|1:0.9300|2:1.0300|3:0.9400|4:0.9500|5:1.1000|6:0.8200|,Zeynep Yıldız:4:91914|Gamze Kocabaş:6:29634,2739702,42,333506,3344,31,34.823287902955286,35.40402397169552,1,23494
Temkinli,21,3404,2020,6,1109,821,288,3906,252,15,0,0,255,3244710,2097732,1126419,630000,138720,142225,179850,0,2891,32733,65586111,46045500,0,19540611,23945881,0,564984025,211331,0,2304746,3656284,0,4.0,0.0,2.0,1.0,1.0,1032.8863638999999,1084.545455,674.0636364000001,671.2151514,1032.4727272333334,2.369395,19.821374366666664,0.9,0.9,1.1579166666666665,0.8,1,0:1.0500|1:0.9300|2:1.0300|3:0.9400|4:0.9500|5:1.1000|6:0.8200|,Zeynep Yıldız:4:91914|Gamze Kocabaş:6:29634,2176010,43,358312,3375,30,34.715552391430975,34.739806821066686,1,-325579
Temkinli,21,3435,2020,7,1216,908,308,4501,246,26,0,0,256,4005725,2531411,1459521,678000,149606,148671,187984,0,2962,292298,75900710,54621620,0,21279090,21279090,0,601741836,211331,0,2340577,4073152,0,4.0,0.0,2.0,1.0,1.0,1050.718475032258,1097.5,662.7961876774194,666.7903226774193,1047.5557185806451,2.39677,19.770593419354842,0.9,0.9,1.1325,0.8,1,0:1.0500|1:0.9200|2:1.0300|3:0.9300|4:0.9400|5:1.1000|6:0.8200|,Zeynep Yıldız:4:99359|Gamze Kocabaş:6:32034,2558766,44,358312,3405,31,36.43587615225708,36.91971699107404,1,-66014
Temkinli,21,3466,2020,8,1173,875,298,4253,231,13,0,0,257,3867135,2447271,1397617,678900,149606,150439,190216,0,0,228456,72237014,44124007,0,28113007,28113007,0,637303711,211331,0,2376408,4073152,0,4.0,0.0,2.0,1.0,1.0,1059.3475072258066,1109.545455,669.5073313870968,667.2082111935484,1056.8137830645162,2.4253900000000006,20.12653570967742,0.9,0.9,1.1066666774193548,0.8,1,0:1.0500|1:0.9300|2:1.0300|3:0.9400|4:0.9500|5:1.1000|6:0.8200|,Zeynep Yıldız:4:99359|Gamze Kocabaş:6:32034,2425882,45,358312,3436,31,36.14088983187812,36.80002767548996,1,-129856
Temkinli,21,3496,2020,9,1061,814,247,3814,243,22,0,0,215,3646010,2256062,1359386,657000,144780,147326,162000,0,751,247529,85205747,60673975,0,24531772,24531772,0,670703141,211331,0,2412239,3941760,0,4.0,0.0,2.0,1.0,1.0,1089.1893937666666,1123.8636359999998,677.2590908333333,673.4106061333333,1081.2651513666667,2.454351,19.501931666666668,0.9,0.9,1.08125,0.8,1,0:1.0500|1:0.9300|2:1.0300|3:0.9400|4:0.9500|5:1.1000|6:0.8200|,Zeynep Yıldız:4:99359|Gamze Kocabaş:6:32034,2314716,46,358312,3467,30,37.28420931374297,37.81989663971882,1,-110783
Temkinli,21,3527,2020,10,1176,868,308,3993,314,28,0,0,253,4173605,2595478,1553113,678900,149606,153975,169322,0,2429,398881,93323989,67504605,0,25819384,25819384,0,729023798,211331,0,2448070,4073152,0,4.0,0.0,2.0,1.0,1.0,1095.601173,1136.590909,681.1862170645161,678.4017594516129,1090.039589548387,2.482707,18.693620580645163,0.9,0.9,1.055833322580645,0.8,1,0:1.0500|1:0.9300|2:1.0300|3:0.9400|4:0.9500|5:1.1000|6:0.8200|,Zeynep Yıldız:4:99359|Gamze Kocabaş:6:32034,2609298,47,358312,3497,31,37.212745336465716,37.82534795948817,1,40569
Temkinli,21,3557,2020,11,1100,817,283,3920,290,16,0,0,236,4180080,2611773,1550120,657000,144780,150808,165810,0,5426,426296,87608136,55666902,0,31941234,31941234,0,752048610,211331,0,2483901,3941760,0,4.0,0.0,2.0,1.0,1.0,1112.6742425666666,1150.454545,697.9606060666666,690.5727273333333,1103.0893938333334,2.512353,18.279044833333334,0.9,0.9,1.0304166666666668,0.8,1,0:1.0500|1:0.9300|2:1.0300|3:0.9400|4:0.9500|5:1.1000|6:0.8200|,Zeynep Yıldız:4:99359|Gamze Kocabaş:6:32034,2659498,48,358312,3528,30,37.08350079424317,37.27179264466097,1,67984
Temkinli,21,3588,2020,12,1206,912,294,4127,250,28,0,0,252,4714945,2922413,1768961,678900,149606,157633,190650,0,5220,586952,124478988,93420599,0,31058389,31058389,0,816617307,225961,0,2522212,4081795,0,4.0,0.0,2.0,1.0,1.0,1104.6260996129033,1163.409091,677.1920821935485,683.4032258064516,1104.9237536451612,2.54138,20.461674967741935,0.9,0.9,1.0062096774193547,0.8,1,0:1.0500|1:0.9200|2:1.0300|3:0.9300|4:0.9400|5:1.1000|6:0.8200|,Zeynep Yıldız:4:99359|Gamze Kocabaş:6:32034,2908784,49,383119,3558,31,37.518168292525154,38.69490477991979,1,203833
Temkinli,21,3619,2021,1,1108,814,294,3767,229,42,0,0,264,4565560,2819861,1715703,733950,162190,159483,192944,0,67591,399545,85879205,52599981,0,33279224,26509312,0,848506717,225961,0,2560523,4341085,0,3.806451612903226,0.0,2.0,0.8064516129032258,1.0,1132.5439881290322,1176.818182,706.0806451612904,696.3372433870968,1131.2639296774194,2.571726,18.874777387096774,0.9193548387096774,0.9193548387096774,1.0,0.803225806451613,none,0:1.0500|1:0.9300|2:1.0300|3:0.9400|4:0.9500|5:1.1000|6:0.8200|,Zeynep Yıldız:4:105894|Gamze Kocabaş:6:34141,2882994,50,383119,3589,31,37.57924548138673,37.65534473166567,1|none,16426
Temkinli,21,3647,2021,2,1100,834,266,4222,129,27,0,0,249,5040845,3138447,1882686,743400,164416,145450,175952,0,3209,650259,84645584,55997709,0,28647875,28446493,0,898124357,225961,0,2598834,3920980,0,4.0,0.0,2.0,1.0,1.0,1138.522727,1188.863636,707.636364,705.0405843571428,1139.860389607143,2.596599,19.55604539285714,1.0,1.0,1.0,0.9285714285714286,none,0:1.0500|1:0.9300|2:1.0300|3:0.9400|4:0.9500|5:1.1000|6:0.8200|,Zeynep Yıldız:4:105894|Gamze Kocabaş:6:34141,3224316,51,383119,3620,28,37.34861913032438,37.84609237756569,none,267140
Temkinli,21,3653,2021,3,251,201,50,979,25,12,0,0,49,1096745,671668,418035,159300,35232,31434,34572,0,848,156649,24413942,24413942,0,0,6971294,0,912071888,0,0,2598834,840210,0,4.0,0.0,2.0,1.0,1.0,1152.5,1198.409091,705.909091,705.8181818333333,1157.2727275,2.619271,19.665752166666667,1.0,1.0,1.0,1.0,none,0:1.0500|1:0.9300|2:1.0300|3:0.9400|4:0.9500|5:1.1000|6:0.8200|,Zeynep Yıldız:4:105894|Gamze Kocabaş:6:34141,573454,51,0,3648,6,38.115970439801416,38.74975349240781,none,156649
Temkinli,22,25,2011,3,1390,1222,168,5876,203,80,0,0,119,2468015,1798345,658681,167500,37675,50012,55000,0,12553,335941,214666,153228,0,61438,68991,548180,200559,71527,0,12127,0,0,3.0,1.0,2.0,0.0,0.0,449.98181828,457.7272730000001,320.77454548000003,329.19636363999996,448.61454535999997,1.0,27.245458319999997,1.0,1.0,1.0,1.0,none,0:1.0000|1:0.9200|2:1.0300|3:0.9400|4:0.9500|5:1.1000|6:0.8200|,,2062388,1,121275,1,25,26.688695165953206,28.713887439692307,none,214666
Temkinli,22,55,2011,4,1694,1532,162,7203,198,92,0,3,130,2944165,2055544,865518,201000,45210,60374,66390,0,12951,479593,358318,258428,0,99890,107791,976612,924007,71527,0,24254,0,0,3.0,1.0,2.0,0.0,0.0,443.7727272666667,459.09090899999995,306.49242423333334,309.73333333333335,441.7318181333333,1.00592,28.7426312,1.0,1.0,1.0,1.0,none,0:1.0000|1:0.9100|2:1.0300|3:0.9400|4:0.9500|5:1.1000|6:0.8200|,,2041334,1,121275,26,30,29.397740955415202,30.934821947911303,none,358318
Temkinli,22,86,2011,5,1764,1576,188,7253,207,89,0,0,149,3052055,2090228,943105,207700,46717,62821,69099,0,5783,550985,429710,285016,0,144694,150477,912306,1130228,71527,0,36381,0,0,3.0,1.0,2.0,0.0,0.0,450.60850429032257,464.31818200000004,308.26686212903223,307.8533724516129,449.9589442903226,1.01307,29.493857129032257,1.0,1.0,1.0,1.0,none,0:1.0000|1:0.9150|2:1.0300|3:0.9400|4:0.9500|5:1.1000|6:0.8200|,,2121970,1,121275,56,31,30.90065546000973,31.58876071046831,none,429710
Temkinli,22,116,2011,6,1592,1435,157,6645,170,63,0,0,123,2556475,1705283,832236,201000,45210,61245,77460,0,3952,443369,311069,216507,0,94562,98514,839354,1241298,78030,0,49611,0,0,3.0,1.0,2.0,0.0,0.0,461.62878786666664,466.818182,310.8075756333334,309.4848484666667,456.19545446666666,1.020512,27.0009791,1.0,1.0,1.0,1.0,none,0:1.0000|1:0.9300|2:1.0300|3:0.9400|4:0.9500|5:1.1000|6:0.8200|,,1754640,1,132300,87,30,32.55404414281384,32.67153526761752,none,311069
Temkinli,22,147,2011,7,1774,1610,164,7757,150,73,0,2,145,2950130,2058668,875984,222700,50220,63751,80600,0,5150,453563,365432,251199,0,114233,94583,960534,1637624,78030,0,62841,0,0,3.0,1.0,2.0,0.0,0.0,455.1979471612903,470.227273,320.46920819354835,317.3519061612903,455.56891496774193,1.027766,28.93816241935484,1.0,1.0,1.0,1.0,none,0:1.0000|1:0.9300|2:1.0300|3:0.9400|4:0.9500|5:1.1000|6:0.8200|,,2070092,1,132300,117,31,29.693064373434392,29.597835361064032,none,321263
Temkinli,22,178,2011,8,1746,1577,169,8183,128,66,0,7,146,3028565,2110114,900541,223200,50220,64216,81189,0,6914,474802,403727,304966,0,98761,125325,996228,1951269,78030,0,76071,0,0,3.0,1.0,2.0,0.0,0.0,461.5322579032258,474.090909,321.6055719354839,320.60410548387097,459.561583483871,1.035317,29.557650129032258,1.0,1.0,1.0,1.0,none,0:1.0500|1:0.9300|2:1.0300|3:0.9400|4:0.9500|5:1.1000|6:0.8200|,,2133346,1,132300,148,31,29.734907456171488,30.317856135005357,none,342502
Temkinli,22,208,2011,9,1644,1471,173,6763,170,86,0,0,138,2865480,1994846,846045,216000,48600,62595,68820,0,6644,443386,355696,264087,0,91609,98253,914528,2134159,78030,0,89301,0,0,3.0,1.0,2.0,0.0,0.0,464.49242440000006,477.272727,324.63030299999997,323.45303036666667,463.9272727333333,1.042922,27.546715866666666,1.0,1.0,1.0,1.0,none,0:1.0500|1:0.9300|2:1.0300|3:0.9400|4:0.9500|5:1.1000|6:0.8200|,,2016360,1,132300,179,30,29.525419824950795,30.110743265762522,none,311086
Temkinli,22,239,2011,10,1677,1494,183,6834,158,109,0,5,138,2982340,2049836,913675,223200,50220,65146,71641,0,11414,492054,390587,260442,0,130145,136309,0,1452956,78030,0,102531,0,0,3.0,1.0,2.0,0.0,0.0,472.4193549354839,481.136364,323.3152493548387,323.58944296774195,469.7258065483871,1.050335,26.827309419354837,1.0,1.0,1.0,1.0,none,0:1.0500|1:0.9300|2:1.0300|3:0.9400|4:0.9500|5:1.1000|6:0.8200|,,2094116,1,132300,209,31,30.636178302943325,31.56181134894603,none,359754
Temkinli,22,269,2011,11,1556,1395,161,6581,177,53,0,3,130,2747975,1891036,842527,177600,39960,63495,69840,0,21453,470179,337879,239192,0,98687,109540,0,1690628,78030,0,115761,0,0,2.466666666666667,0.4666666666666667,2.0,0.0,0.0,475.5681815,484.545455,326.9212121666667,325.6121212666667,471.5621212,1.058051,26.435735933333333,1.0,1.0,1.0,1.0,none,0:1.0500|1:0.9300|2:1.0300|3:0.9400|4:0.9500|5:1.1000|6:0.8200|,,1905442,1,132300,240,30,30.659922306425642,31.256710418363703,none,337879
Temkinli,22,300,2011,12,1566,1391,175,6275,228,99,0,3,117,3066140,2088974,961668,148800,33480,66077,79949,0,9083,624279,539746,422539,0,117207,126290,0,2151255,81281,0,129542,0,0,2.0,0.0,2.0,0.0,0.0,482.45601177419354,487.5,328.39589438709675,327.36363645161293,475.91495596774195,1.065572,24.610155483870965,1.0,1.0,1.0,1.0,none,0:1.0500|1:0.9300|2:1.0300|3:0.9400|4:0.9500|5:1.1000|6:0.8200|,,2066384,1,137812,270,31,31.364125578088412,31.93246920492357,none,486467
Temkinli,22,331,2012,1,1541,1355,186,6335,213,89,0,0,145,3124515,2132140,979997,154800,34875,66569,80538,0,0,643215,552096,393613,0,158483,158483,0,2514442,81281,0,143323,0,0,2.0,0.0,2.0,0.0,0.0,480.1759529677419,491.81818200000004,324.3123167419355,325.3079178709678,478.82551335483873,1.0734,25.69567358064516,1.0,1.0,1.0,1.0,none,0:1.0500|1:0.9300|2:1.0300|3:0.9400|4:0.9500|5:1.1000|6:0.8200|,,2174944,1,137812,301,31,31.364771812585314,32.45969217377225,none,505403
Temkinli,22,360,2012,2,1550,1378,172,6552,158,85,0,0,134,3125365,2113627,999696,149500,32625,62623,75777,0,3150,676021,538209,400956,0,137253,137253,0,2905401,81281,0,157104,0,0,2.3448275862068964,0.0,2.0,0.0,0.3448275862068966,483.8871474137931,494.3181819999999,325.8542319655172,325.47962375862073,482.3589341724138,1.079586,26.85635044827586,1.0,1.0,1.0,1.0,none,0:1.0500|1:0.9300|2:1.0300|3:0.9400|4:0.9500|5:1.1000|6:0.8200|,,2135666,1,137812,332,29,31.9865359725984,32.65904380657894,none,538209
Temkinli,22,391,2012,3,1824,1634,190,8895,194,103,0,6,153,3801745,2754793,1027623,168950,34875,67313,74028,0,0,682457,623540,506180,0,117360,117360,0,3445517,81281,0,170885,0,0,3.0,0.0,2.0,0.0,1.0,456.64955993548386,496.590909,328.4281524516129,327.66275651612904,444.9354835483871,1.085405,32.48169451612903,1.0,1.0,1.0,1.0,none,0:1.0500|1:0.9100|2:1.0300|3:0.9200|4:0.9300|5:1.1000|6:0.8200|,,2740186,1,137812,361,31,27.03029792897735,28.078732300100384,none,544645
Temkinli,22,421,2012,4,1783,1601,182,7966,121,87,0,8,148,3226200,2378720,828564,163500,33750,65502,72060,0,0,493752,355940,240744,0,115196,115196,0,3649601,81281,0,184666,0,0,3.0,0.0,2.0,0.0,1.0,444.41666710000004,499.318182,328.5378787,328.13181826666664,438.7136364,1.09166,34.90705813333333,1.0,1.0,1.0,1.0,none,0:1.0500|1:0.8900|2:1.0300|3:0.9000|4:0.9100|5:1.1000|6:0.8200|,,2434296,1,137812,392,30,25.68235075320811,26.074357011890747,none,355940
Temkinli,22,452,2012,5,1921,1732,189,9290,136,115,0,3,159,3820805,2864696,939334,168950,34875,68058,74865,0,0,592586,62537,-40567,0,103104,103104,0,3516549,81281,0,198447,0,0,3.0,0.0,2.0,0.0,1.0,444.545455,502.045455,333.69941335483867,332.34604106451616,441.0586512258065,1.097747,34.92028077419355,1.0,1.0,1.0,1.0,none,0:1.0500|1:0.8950|2:1.0300|3:0.9050|4:0.9150|5:1.1000|6:0.8200|,,2853894,1,137812,422,31,24.584714477708232,24.93469236912147,none,454774
Temkinli,22,482,2012,6,1824,1629,195,9075,111,73,0,11,166,3327875,2510245,805144,163500,33750,66252,83790,0,0,457852,270068,207483,0,62585,62585,0,3625623,84532,0,212779,0,0,3.0,0.0,2.0,0.0,1.0,444.545455,505.227273,337.45909083333333,336.6348485,443.6560604333334,1.104074,37.1087116,1.0,1.0,1.0,1.0,none,0:1.0500|1:0.8950|2:1.0300|3:0.9050|4:0.9150|5:1.1000|6:0.8200|,,2523744,2,143325,453,30,24.19393757277542,24.088957149874958,none,314527
Temkinli,22,513,2012,7,1856,1654,202,9299,74,92,0,6,174,3257825,2443448,784387,174950,36270,68833,87079,0,0,417255,458097,342909,0,115188,115188,0,3914746,84532,0,227111,0,0,3.0,0.0,2.0,0.0,1.0,444.545455,508.18181799999996,333.8841640967742,335.0146628064516,445.621701,1.11023,38.020386161290325,1.0,1.0,1.0,1.0,none,0:1.0500|1:0.8950|2:1.0300|3:0.9050|4:0.9150|5:1.1000|6:0.8200|,,2480950,2,143325,483,31,24.077014572605957,24.89313289756292,none,273930
Temkinli,22,544,2012,8,1836,1631,205,9654,113,71,0,11,174,3645750,2640165,990341,175150,36270,69236,87575,0,0,622110,762636,576865,0,185771,185771,0,4491271,84532,0,241443,0,0,3.0,0.0,2.0,0.0,1.0,448.3724343548387,510.909091,323.8753665483871,326.2712609354839,448.9897359677419,1.116629,37.49010267741936,1.0,1.0,1.0,1.0,none,0:1.0500|1:0.9050|2:1.0300|3:0.9150|4:0.9250|5:1.1000|6:0.8200|,,2649022,2,143325,514,31,27.164259754508674,27.766441080524924,none,478785
Temkinli,22,574,2012,9,1854,1656,198,9373,150,174,0,9,140,4004850,2896250,1093175,169500,35100,67393,74130,0,0,747052,903100,639563,0,263537,211150,0,5195966,84532,0,255775,0,0,3.0,0.0,2.0,0.0,1.0,451.0757572666667,514.090909,324.3106061666667,324.44090919999996,451.59393973333334,1.123064,38.56395343333334,1.0,1.0,1.0,1.0,none,0:1.0500|1:0.9100|2:1.0300|3:0.9200|4:0.9300|5:1.1000|6:0.8200|,,2899494,2,143325,545,30,27.296278262606588,28.10285169572061,none,603727
Temkinli,22,605,2012,10,1754,1558,196,8878,118,112,0,9,157,3690515,2664025,1008677,175150,36270,70042,77035,0,0,650180,349414,178161,0,171253,223640,0,5186693,84532,0,270107,0,0,3.0,0.0,2.0,0.0,1.0,454.8240472580645,516.818182,328.27126103225805,327.0601172903226,456.72873880645164,1.129326,38.48804522580645,1.0,1.0,1.0,1.0,none,0:1.0500|1:0.9200|2:1.0300|3:0.9300|4:0.9400|5:1.1000|6:0.8200|,,2696230,2,143325,575,31,27.331605480535913,27.82455918695107,none,506855
Temkinli,22,635,2012,11,1644,1465,179,7988,144,111,0,0,139,3404180,2409434,979560,169500,35100,68172,74970,0,0,631818,589456,437856,0,151600,151600,0,5517301,84532,0,284439,0,0,3.0,0.0,2.0,0.0,1.0,474.4393938,520.227273,333.4484849,331.99696969999997,479.4060606,1.135835,35.86080973333333,1.0,1.0,1.0,1.0,none,0:1.0500|1:0.9300|2:1.0300|3:0.9400|4:0.9500|5:1.1000|6:0.8200|,,2445304,3,143325,606,30,28.77521165155779,29.71736975101076,none,488493
Temkinli,22,666,2012,12,1570,1408,162,7081,168,120,0,0,137,3456145,2373524,1067863,175150,36270,70818,85684,0,0,699941,1127227,794144,0,333083,333083,0,6353209,87784,0,299323,0,0,3.0,0.0,2.0,0.0,1.0,496.3636363548387,522.727273,333.01759532258063,332.7478005806451,496.62756596774193,1.142168,31.291086096774194,1.0,1.0,1.0,1.0,none,0:1.0500|1:0.9300|2:1.0300|3:0.9400|4:0.9500|5:1.1000|6:0.8200|,,2379308,3,148837,636,31,30.897517320598528,32.90854306569022,none,551104
Temkinli,22,697,2013,1,1493,1316,177,6635,161,137,0,0,133,3421175,2332930,1079287,299900,64390,71252,86180,0,24470,533095,563404,330637,0,232767,232767,0,6608113,87784,0,314207,0,0,3.806451612903226,0.0,2.0,0.8064516129032258,1.0,496.9794723548387,525.454545,333.7243402580645,332.73607032258064,498.1964811290323,1.148751,30.47142235483871,1.0,1.0,1.0,1.0,none,0:1.0500|1:0.9300|2:1.0300|3:0.9400|4:0.9500|5:1.1000|6:0.8200|,,2345226,3,148837,667,31,31.547260809517198,32.84947189533244,none,384258
Temkinli,22,725,2013,2,1363,1191,172,6090,141,129,0,0,127,2965525,2011562,932709,296800,63952,64749,78316,0,0,428892,755412,534360,0,221052,221052,0,7027959,87784,0,329091,0,0,4.0,0.0,2.0,1.0,1.0,501.96428564285713,528.863636,333.9366883928571,333.50487014285716,501.6168831071428,1.155828,30.945055142857143,1.0,1.0,1.0,1.0,none,0:1.0500|1:0.9300|2:1.0300|3:0.9400|4:0.9500|5:1.1000|6:0.8200|,,2051146,4,148837,698,28,31.45173282976876,33.474014398217584,none,280055
Temkinli,22,756,2013,3,1579,1406,173,7331,122,99,0,0,155,3291690,2206405,1072041,328600,70804,72089,79267,0,0,521281,798560,414834,0,383726,330403,0,7462580,87784,0,343975,0,0,4.0,0.0,2.0,1.0,1.0,498.36510287096775,531.818182,328.58797632258063,330.2829912903226,500.65542516129034,1.162259,31.2897105483871,1.0,1.0,1.0,1.0,none,0:1.0500|1:0.9300|2:1.0300|3:0.9400|4:0.9500|5:1.1000|6:0.8200|,,2202546,4,148837,726,31,32.56810331471068,34.06681679161318,none,372444
Temkinli,22,786,2013,4,1457,1292,165,6605,133,73,0,0,139,3064800,1967685,1084078,318000,68520,70184,77190,0,0,550184,800463,494683,0,305780,359103,0,7734099,87784,0,358859,0,0,4.0,0.0,2.0,1.0,1.0,515.9242422333333,535.454545,328.72575746666666,328.93181819999995,514.6515151666666,1.16942,28.776076366666665,1.0,1.0,1.0,1.0,none,0:1.0500|1:0.9300|2:1.0300|3:0.9400|4:0.9500|5:1.1000|6:0.8200|,,1998686,5,148837,757,30,35.3719002871313,36.28410325444714,none,401347
Temkinli,22,817,2013,5,1537,1380,157,6934,151,83,0,0,130,3314183,2137033,1161057,328600,70804,72957,80228,0,259,608209,1259797,876589,0,383208,383208,0,8523999,87784,0,373743,0,0,4.0,0.0,2.0,1.0,1.0,515.9017592903226,538.409091,332.34164212903227,331.08651016129033,520.3167154193549,1.176391,28.54676329032258,1.0,1.0,1.0,1.0,none,0:1.0500|1:0.9300|2:1.0300|3:0.9400|4:0.9500|5:1.1000|6:0.8200|,,2134982,6,148837,787,31,35.03297796168769,35.58044023997838,none,459372
Temkinli,22,847,2013,6,1478,1305,173,6369,121,44,0,0,155,2765330,1741535,1008801,318000,68520,71024,89850,0,627,460780,1270975,718324,0,552651,475636,0,9085599,92660,0,389453,0,0,4.0,0.0,2.0,1.0,1.0,524.6969696666667,542.045455,328.3090912,329.6742424,523.1257577,1.183639,27.592686933333333,1.0,1.0,1.0,1.0,none,0:1.0500|1:0.9300|2:1.0300|3:0.9400|4:0.9500|5:1.1000|6:0.8200|,,1757262,6,157106,818,30,36.480311572217424,37.42881888405596,none,303674
Temkinli,22,878,2013,7,1574,1382,192,7198,82,55,0,0,173,3117624,1970062,1129047,337600,72881,73826,93372,0,572,550796,752496,339442,0,413054,490069,939186,10162048,92660,0,405163,1052304,0,4.0,0.0,2.0,1.0,1.0,528.416422516129,545.0,333.227273,331.5337243225806,525.3812316774194,1.190696,28.605927322580644,1.0,1.0,1.0,1.0,none,0:1.0500|1:0.9300|2:1.0300|3:0.9400|4:0.9500|5:1.1000|6:0.8200|,Esra Yılmaz:4:43846,2005562,7,157106,848,31,36.21498294855313,36.938509326926,none,393690
Temkinli,22,909,2013,8,1448,1305,143,6568,108,34,0,0,135,2916030,1826718,1075455,337900,72881,74291,93961,0,826,495596,756942,325353,0,431589,431589,814288,10354085,92660,0,420873,1359226,0,4.0,0.0,2.0,1.0,1.0,534.0689150645161,549.090909,336.1407625806452,334.3504399677419,531.6070382580646,1.198032,25.807903903225807,1.0,1.0,1.0,1.0,none,0:1.0500|1:0.9300|2:1.0300|3:0.9400|4:0.9500|5:1.1000|6:0.8200|,Esra Yılmaz:4:43846,1840838,7,157106,879,31,36.88079340747523,37.0604142837935,none,338490
Temkinli,22,939,2013,9,1410,1238,172,5816,145,59,0,0,150,2851477,1832061,1001863,327000,70530,72344,79560,0,1114,451315,913155,302021,0,611134,611134,831950,10647599,92660,0,436583,1315380,0,4.0,0.0,2.0,1.0,1.0,536.0833335,551.590909,345.0,341.75757580000004,534.0121212333333,1.205414,26.243024366666667,1.0,1.0,1.0,1.0,none,0:1.0500|1:0.9300|2:1.0300|3:0.9400|4:0.9500|5:1.1000|6:0.8200|,Esra Yılmaz:4:43846,1881770,7,157106,910,30,35.134879222241665,35.644333923319024,none,294209
Temkinli,22,970,2013,10,1406,1239,167,6068,129,55,0,0,142,2981605,1905734,1063530,337900,72881,75190,82708,0,790,494061,774011,296662,0,477349,477349,734328,10832504,92660,0,452293,1359226,0,4.0,0.0,2.0,1.0,1.0,541.209677483871,555.227273,346.772727,345.2829912580645,537.2859237419356,1.2126,25.505443806451613,1.0,1.0,1.0,1.0,none,0:1.0500|1:0.9300|2:1.0300|3:0.9400|4:0.9500|5:1.1000|6:0.8200|,Esra Yılmaz:4:43846,1922124,7,157106,940,31,35.66971480125637,35.92636247522858,none,336955
Temkinli,22,1000,2013,11,1474,1311,163,6625,135,71,0,0,144,3266645,2134862,1111768,327000,70530,73215,80520,0,0,560503,967266,479423,0,487843,487843,995346,11583653,92660,0,468003,1315380,0,4.0,0.0,2.0,1.0,1.0,537.25,558.409091,351.35,349.3863636666667,537.1363637,1.220071,26.65932313333333,1.0,1.0,1.0,1.0,none,0:1.0500|1:0.9250|2:1.0300|3:0.9350|4:0.9450|5:1.1000|6:0.8200|,Esra Yılmaz:4:43846,2167602,7,157106,971,30,34.03394002103075,34.60214053047929,none,403397
Temkinli,22,1031,2013,12,1234,1072,162,4968,195,57,0,0,118,2746105,1776236,960194,337900,72881,76120,92070,0,863,380360,844400,259876,0,584524,584524,767400,11588987,95911,0,484264,1361275,0,4.0,0.0,2.0,1.0,1.0,546.5615837419355,562.045455,353.636364,351.8812316774194,544.1187683225806,1.227345,23.49407758064516,1.0,1.0,1.0,1.0,none,0:1.0500|1:0.9300|2:1.0300|3:0.9400|4:0.9500|5:1.1000|6:0.8200|,Esra Yılmaz:4:43846,1820196,7,162619,1001,31,34.9656695574277,35.29798388337279,none,217741
Temkinli,22,1062,2014,1,1315,1128,187,5380,164,82,0,0,144,2956495,1889668,1052025,343900,74276,76586,92628,0,310,464325,1211289,675675,0,535614,535614,0,11478746,95911,0,500525,1422745,0,4.0,0.0,2.0,1.0,1.0,548.3944280967742,565.227273,348.136364,349.703812483871,548.8665688709677,1.234907,23.269828903225807,1.0,1.0,1.0,1.0,none,0:1.0500|1:0.9300|2:1.0300|3:0.9400|4:0.9500|5:1.1000|6:0.8200|,Esra Yılmaz:4:45895,1872408,7,162619,1032,31,35.583520350956114,36.51715878875322,none,301706
Temkinli,22,1090,2014,2,1248,1096,152,5079,145,65,0,0,122,2833465,1779696,1036148,310800,67088,69623,84224,0,0,504413,1072084,544705,0,527379,527379,0,12081564,95911,0,516786,1285060,0,4.0,0.0,2.0,1.0,1.0,558.5551948214286,569.545455,350.56980528571427,349.75487000000004,555.6623376785714,1.243005,24.246371107142856,1.0,1.0,1.0,1.0,none,0:1.0500|1:0.9300|2:1.0300|3:0.9400|4:0.9500|5:1.1000|6:0.8200|,Esra Yılmaz:4:45895,1805526,7,162619,1063,28,36.56823006460288,37.23631817661417,none,341794
Temkinli,22,1121,2014,3,1350,1167,183,5475,128,67,0,0,158,2840065,1777578,1047048,344100,74276,77547,85281,0,0,465844,792254,234786,0,557468,557468,0,12346006,95911,0,533047,1422745,0,4.0,0.0,2.0,1.0,1.0,561.6862169354838,572.954545,350.89296199999995,350.30938412903225,557.6554252903226,1.250366,24.369331096774193,1.0,1.0,1.0,1.0,none,0:1.0500|1:0.9300|2:1.0300|3:0.9400|4:0.9500|5:1.1000|6:0.8200|,Esra Yılmaz:4:45895,1812304,7,162619,1091,31,36.86704353597541,37.52865008608462,none,303225
Temkinli,22,1151,2014,4,1301,1133,168,5100,152,51,0,0,141,2693115,1661708,1012742,333000,71880,75526,83070,0,0,449266,341586,-83572,0,425158,425158,0,12141913,95911,0,549308,1376850,0,4.0,0.0,2.0,1.0,1.0,567.4393942666667,575.454545,351.545455,350.45757580000003,561.5924243000001,1.258565,21.911483633333333,1.0,1.0,1.0,1.0,none,0:1.0500|1:0.9300|2:1.0300|3:0.9400|4:0.9500|5:1.1000|6:0.8200|,Esra Yılmaz:4:45895,1652508,8,162619,1122,30,37.604855344090396,38.04704809853365,none,286647
Temkinli,22,1182,2014,5,1442,1255,187,5837,168,43,0,0,160,3101180,1957487,1128726,344100,74276,78540,86366,0,0,545444,1031748,554953,0,476795,476795,0,12687809,95911,0,565569,1422745,0,4.0,0.0,2.0,1.0,1.0,563.7170089677419,579.772727,357.81818200000004,355.2170087419355,563.2492669032258,1.266552,22.843532096774194,1.0,1.0,1.0,1.0,none,0:1.0500|1:0.9300|2:1.0300|3:0.9400|4:0.9500|5:1.1000|6:0.8200|,Esra Yılmaz:4:45895,1984674,8,162619,1152,31,36.39666191578689,36.52521099989094,none,382825
Temkinli,22,1212,2014,6,1344,1180,164,5694,114,37,0,0,135,2645755,1685152,946503,333000,71880,76516,96750,0,0,368357,314852,-212927,0,527779,527779,0,12443048,100789,0,582658,1379019,0,4.0,0.0,2.0,1.0,1.0,567.5227271,582.954545,364.545455,361.2712121,566.5075757,1.274857,24.296611133333332,1.0,1.0,1.0,1.0,none,0:1.0500|1:0.9300|2:1.0300|3:0.9400|4:0.9500|5:1.1000|6:0.8200|,Esra Yılmaz:4:45895,1714080,8,170887,1183,30,35.774400879900064,35.765487866397734,none,197470
Temkinli,22,1243,2014,7,1430,1246,184,5953,133,53,0,0,162,2950620,1885339,1047919,353100,76384,79563,100626,0,511,437735,436170,-20647,0,456817,456817,0,12393483,100789,0,599747,1489984,0,4.0,0.0,2.0,1.0,1.0,572.8079178709677,587.954545,369.227273,366.8475073548387,569.9926686451613,1.282947,23.797361709677418,1.0,1.0,1.0,1.0,none,0:1.0500|1:0.9300|2:1.0300|3:0.9400|4:0.9500|5:1.1000|6:0.8200|,Esra Yılmaz:4:48064,1924676,8,170887,1213,31,35.51521375168608,35.54082241524231,none,266848
Temkinli,22,1274,2014,8,1407,1254,153,6109,121,28,0,0,129,2890014,1847043,1025857,353400,76384,80090,101277,0,611,414095,364619,-158066,0,522685,405555,109360,12229506,100789,0,616836,1489984,0,4.0,0.0,2.0,1.0,1.0,573.1304985806452,590.681818,370.5615832903226,369.3460409354838,574.6524926129032,1.291361,24.09883941935484,1.0,1.0,1.0,1.0,none,0:1.0500|1:0.9300|2:1.0300|3:0.9400|4:0.9500|5:1.1000|6:0.8200|,Esra Yılmaz:4:48064,1867104,8,170887,1244,31,35.49661005102397,35.344291708778975,none,243208
Temkinli,22,1304,2014,9,1363,1197,166,5551,166,54,0,0,135,3171150,1992640,1163777,342000,73920,78016,85800,0,384,583657,1573138,989162,0,583976,701106,58804,13035103,100789,0,633925,1441920,0,4.0,0.0,2.0,1.0,1.0,579.3712119666667,594.3181820000001,361.0,363.8939393666667,579.5833334,1.299829,23.50252083333333,1.0,1.0,1.0,1.0,none,0:1.0500|1:0.9300|2:1.0300|3:0.9400|4:0.9500|5:1.1000|6:0.8200|,Esra Yılmaz:4:48064,2032220,8,170887,1275,30,36.69889472273466,37.69107050131279,none,412770
Temkinli,22,1335,2014,10,1394,1226,168,5877,122,34,0,0,148,3164300,1970621,1172691,353400,76384,81113,89218,0,0,572576,1502693,864709,0,637984,637984,0,13888660,100789,0,651014,1489984,0,4.0,0.0,2.0,1.0,1.0,581.1583576774194,599.318182,361.88563061290324,362.24046929032255,581.2067448064516,1.308077,24.408513161290323,1.0,1.0,1.0,1.0,none,0:1.0500|1:0.9200|2:1.0300|3:0.9300|4:0.9400|5:1.1000|6:0.8200|,Esra Yılmaz:4:48064,1945578,8,170887,1305,31,37.060044875643904,37.73028885635105,none,401689
Temkinli,22,1365,2014,11,1350,1193,157,5555,130,55,0,0,131,2966120,1900926,1053675,342000,73920,79007,86910,0,0,471838,1227285,448764,0,778521,628808,0,14471635,100789,0,668103,1441920,0,4.0,0.0,2.0,1.0,1.0,577.6287878333334,602.272727,372.272727,368.6530303,579.1181817333332,1.316655,25.354279466666664,1.0,1.0,1.0,1.0,none,0:1.0500|1:0.9200|2:1.0300|3:0.9300|4:0.9400|5:1.1000|6:0.8200|,Esra Yılmaz:4:48064,1939596,8,170887,1336,30,35.523680768141546,35.55156272657691,none,300951
Temkinli,22,1396,2014,12,1343,1145,198,5387,175,89,0,0,154,3301790,2077768,1208798,353400,76384,82167,99417,0,0,597430,1578315,905349,0,672966,822679,0,15282585,105665,0,686018,1492346,0,4.0,0.0,2.0,1.0,1.0,591.2829912903226,606.818182,373.079179032258,371.9780059032258,588.6627567096774,1.32501,22.67331470967742,1.0,1.0,1.0,1.0,none,0:1.0500|1:0.9300|2:1.0300|3:0.9400|4:0.9500|5:1.1000|6:0.8200|,Esra Yılmaz:4:48064,2046590,8,179156,1366,31,36.61038406440143,36.903448174940905,none,418274
Temkinli,22,1427,2015,1,1325,1109,216,5120,181,73,0,0,175,3259050,2082218,1160898,362400,78461,82696,100068,0,0,537273,1487064,815920,0,671144,671144,0,16033748,105665,0,703933,1563206,0,4.0,0.0,2.0,1.0,1.0,591.4369499354839,610.227273,378.772727,376.4662756774194,593.6348974193547,1.3337,21.90818387096774,1.0,1.0,1.0,1.0,none,0:1.0500|1:0.9300|2:1.0300|3:0.9400|4:0.9500|5:1.1000|6:0.8200|,Esra Yılmaz:4:50426,2139628,8,179156,1397,31,35.6207483775947,35.95720946394744,none,358117
Temkinli,22,1455,2015,2,1149,998,151,4755,146,46,0,0,125,2917625,1853619,1044279,327600,70868,75225,91000,0,0,479586,1564439,907061,0,657378,657378,0,17063608,105665,0,721848,1411928,0,4.0,0.0,2.0,1.0,1.0,594.5616885714286,614.5454550000001,375.5,376.3376623214286,596.2288960714286,1.342972,22.183146142857144,1.0,1.0,1.0,1.0,none,0:1.0500|1:0.9300|2:1.0300|3:0.9400|4:0.9500|5:1.1000|6:0.8200|,Esra Yılmaz:4:50426,1851498,8,179156,1428,28,35.79209117004413,36.8442321095015,none,300430
Temkinli,22,1486,2015,3,1350,1167,183,5621,159,31,0,0,156,3223420,2067758,1138087,362700,78461,83812,92163,0,0,520951,1121913,438789,0,683124,683124,0,17460599,105665,0,739763,1563206,0,4.0,0.0,2.0,1.0,1.0,597.8005863225807,618.409091,386.727273,383.3885630322581,599.0469207741936,1.351403,22.881106096774193,1.0,1.0,1.0,1.0,none,0:1.0500|1:0.9300|2:1.0300|3:0.9400|4:0.9500|5:1.1000|6:0.8200|,Esra Yılmaz:4:50426,2126538,8,179156,1456,31,35.30681698320417,35.308314871521866,none,341795
Temkinli,22,1516,2015,4,1290,1116,174,5396,136,64,0,0,144,3188440,2020753,1147311,351000,75930,81678,89820,0,0,548883,1174089,590252,0,583837,583837,0,18007481,105665,0,757678,1512780,0,4.0,0.0,2.0,1.0,1.0,606.7651515,622.954545,383.954545,384.4545455,599.7287878666667,1.360799,21.293506999999998,1.0,1.0,1.0,1.0,none,0:1.0500|1:0.9300|2:1.0300|3:0.9400|4:0.9500|5:1.1000|6:0.8200|,Esra Yılmaz:4:50426,2056548,8,179156,1487,30,35.98345899562168,36.721061839030156,none,369727
Temkinli,22,1547,2015,5,1284,1086,198,4952,166,40,0,0,173,2876595,1797710,1063491,362700,78461,84959,93434,0,433,443504,-184600,-833937,0,649337,509276,0,16998929,105665,0,775593,1563206,0,4.0,0.0,2.0,1.0,1.0,610.0733139032259,626.818182,379.772727,381.5865102258065,609.7653959354839,1.369954,21.000646806451613,1.0,1.0,1.0,1.0,none,0:1.0500|1:0.9300|2:1.0300|3:0.9400|4:0.9500|5:1.1000|6:0.8200|,Esra Yılmaz:4:50426,1812248,9,179156,1517,31,36.970480724606695,37.749657566526146,none,264348
Temkinli,22,1577,2015,6,1337,1143,194,5450,99,19,0,0,176,2827515,1761749,1043648,351000,75930,82789,104700,0,2023,427206,1236597,644899,0,591698,731759,0,17300361,110542,0,794335,1515286,0,4.0,0.0,2.0,1.0,1.0,608.5303029333334,632.045455,380.727273,380.98787876666665,608.5666666666667,1.379479,22.339113666666666,1.0,1.0,1.0,1.0,none,0:1.0500|1:0.9300|2:1.0300|3:0.9400|4:0.9500|5:1.1000|6:0.8200|,Esra Yılmaz:4:50426,1773848,9,187425,1548,30,36.91043195173147,37.434952513497095,none,239781
Temkinli,22,1608,2015,7,1350,1159,191,5367,99,29,0,0,177,2800052,1724222,1057789,371700,80569,86137,108934,0,880,409569,1204034,596357,0,607677,607677,0,17847333,110542,0,813077,1640892,0,4.0,0.0,2.0,1.0,1.0,620.4985335806451,635.227273,387.1348974516129,384.5249267419355,615.8416421935483,1.38876,20.672761935483873,1.0,1.0,1.0,1.0,none,0:1.0500|1:0.9300|2:1.0300|3:0.9400|4:0.9500|5:1.1000|6:0.8200|,Esra Yılmaz:4:52932,1756752,9,187425,1578,31,37.77747698971305,37.609055219258195,none,222144
Temkinli,22,1639,2015,8,1236,1054,182,5069,140,12,0,0,158,2687075,1652223,1019052,372000,80569,86726,109678,0,1872,368207,1405215,570558,0,834657,834657,0,18125511,110542,0,831819,1640892,0,4.0,0.0,2.0,1.0,1.0,624.1348977419354,640.909091,388.68181799999996,386.9662755483871,620.9912022258064,1.398416,20.30446058064516,1.0,1.0,1.0,1.0,none,0:1.0500|1:0.9300|2:1.0300|3:0.9400|4:0.9500|5:1.1000|6:0.8200|,Esra Yılmaz:4:52932,1666676,9,187425,1609,31,37.92421127061954,37.72470992950142,none,180782
Temkinli,22,1669,2015,9,1207,1023,184,4856,133,39,0,0,166,2983265,1890237,1072056,360000,77970,84499,92940,0,1589,455058,2100297,1225906,0,874391,874391,0,19287512,110542,0,850561,1587960,0,4.0,0.0,2.0,1.0,1.0,624.5378788666666,644.090909,400.545455,396.0181817666667,624.0863637333333,1.408139,20.60278376666667,1.0,1.0,1.0,1.0,none,0:1.0500|1:0.9300|2:1.0300|3:0.9400|4:0.9500|5:1.1000|6:0.8200|,Esra Yılmaz:4:52932,1951266,9,187425,1640,30,35.93566109614801,35.86530640433533,none,267633
Temkinli,22,1700,2015,10,1328,1113,215,5268,128,44,0,0,174,3025665,1914394,1094903,372000,80569,87905,96689,0,981,456759,2221567,1318479,0,903088,903088,0,20518243,110542,0,869303,1640892,0,4.0,0.0,2.0,1.0,1.0,630.6818180967742,648.8636359999999,402.5527860967742,400.44574780645166,629.1524926451613,1.417612,20.81115651612903,1.0,1.0,1.0,1.0,none,0:1.0500|1:0.9300|2:1.0300|3:0.9400|4:0.9500|5:1.1000|6:0.8200|,Esra Yılmaz:4:52932,1926208,9,187425,1670,31,36.18718529645549,36.17181048415686,none,269334
Temkinli,22,1730,2015,11,1308,1107,201,5297,147,55,0,0,155,3117740,1996902,1100180,360000,77970,85669,94200,0,1172,481169,2272615,1114842,0,1157773,1157773,0,21634520,110542,0,888045,1587960,0,4.0,0.0,2.0,1.0,1.0,627.6060607666666,653.863636,403.772727,402.44696983333336,628.7984848333333,1.427469,22.989844933333334,1.0,1.0,1.0,1.0,none,0:1.0500|1:0.9300|2:1.0300|3:0.9400|4:0.9500|5:1.1000|6:0.8200|,Esra Yılmaz:4:52932,2031378,9,187425,1701,30,35.28774047868007,35.66462272420344,none,293744
Temkinli,22,1761,2015,12,1402,1202,200,6027,126,74,0,0,167,3681990,2419526,1243880,372000,80569,89114,107818,0,883,593496,2497660,1571111,0,926549,926549,0,23243986,117045,0,907890,1643633,0,4.0,0.0,2.0,1.0,1.0,619.2521991290322,658.181818,407.227273,405.28885638709676,622.6906158387097,1.437072,26.45289122580645,1.0,1.0,1.0,1.0,none,0:1.0500|1:0.9150|2:1.0300|3:0.9250|4:0.9350|5:1.1000|6:0.8200|,Esra Yılmaz:4:52932,2445642,9,198450,1731,31,33.782818530196984,34.23886526801869,none,395046
Temkinli,22,1792,2016,1,1341,1128,213,5563,128,58,0,0,189,3581990,2300288,1271003,384000,83359,89735,108562,0,550,604797,778004,-172158,0,950162,743756,0,22576951,117045,0,927735,1725863,0,4.0,0.0,2.0,1.0,1.0,642.6173020322581,662.272727,412.954545,410.24633432258065,637.9442814193549,1.447064,22.962339064516126,1.0,1.0,1.0,1.0,none,0:1.0500|1:0.9300|2:1.0300|3:0.9400|4:0.9500|5:1.1000|6:0.8200|,Esra Yılmaz:4:55673,2322540,10,198450,1762,31,35.483153219299886,35.73865134131255,none,406347
Temkinli,22,1821,2016,2,1262,1065,197,5055,133,48,0,0,170,3280175,2070696,1192873,359600,77981,84555,102312,0,783,567642,2755942,1728137,0,1027805,1234211,0,23851598,117045,0,947580,1614517,0,4.0,0.0,2.0,1.0,1.0,646.2617554827585,667.272727,402.81974913793107,406.1912225172414,643.713166,1.4576940000000003,22.593660379310343,1.0,1.0,1.0,1.0,none,0:1.0500|1:0.9300|2:1.0300|3:0.9400|4:0.9500|5:1.1000|6:0.8200|,Esra Yılmaz:4:55673,2092554,10,198450,1793,29,36.36613900173009,37.669257739532476,none,369192
Temkinli,22,1852,2016,3,1352,1142,210,5609,111,73,0,0,173,3314580,2115555,1177282,384400,83359,91007,100099,0,1383,517034,2969118,1858819,0,1110299,1110299,0,25699262,117045,0,967425,1725863,0,4.0,0.0,2.0,1.0,1.0,639.4794721290323,671.1363640000001,407.636364,406.50439887096775,642.0439882258065,1.467709,24.235690580645162,1.0,1.0,1.0,1.0,none,0:1.0500|1:0.9200|2:1.0300|3:0.9300|4:0.9400|5:1.1000|6:0.8200|,Esra Yılmaz:4:55673,2145548,10,198450,1822,31,35.51828587634029,36.25497271353405,none,318584
Temkinli,22,1882,2016,4,1334,1118,216,5581,107,37,0,0,197,3287465,2083846,1184602,372000,80670,88731,97590,0,1043,544568,1554818,623043,0,931775,931775,0,25618362,117045,0,987270,1670190,0,4.0,0.0,2.0,1.0,1.0,645.8863634666667,676.590909,411.454545,409.35000003333334,644.9363636333333,1.4784910000000002,24.012777533333335,1.0,1.0,1.0,1.0,none,0:1.0500|1:0.9300|2:1.0300|3:0.9400|4:0.9500|5:1.1000|6:0.8200|,Esra Yılmaz:4:55673,2094072,11,198450,1853,30,36.03390454347043,36.29613996003887,none,346118
Temkinli,22,1913,2016,5,1383,1156,227,5709,134,51,0,0,188,3305305,2088025,1195081,384400,83359,92340,101556,0,1085,532341,3519502,1920098,0,1599404,1599404,0,27494930,117045,0,1007115,1725863,0,4.0,0.0,2.0,1.0,1.0,657.001465967742,680.909091,416.909091,414.24780061290323,652.7917888387096,1.489001,23.620265645161293,1.0,1.0,1.0,1.0,none,0:1.0500|1:0.9300|2:1.0300|3:0.9400|4:0.9500|5:1.1000|6:0.8200|,Esra Yılmaz:4:55673,2129776,11,198450,1883,31,36.15645152262802,36.54365894208374,none,333891
Temkinli,22,1943,2016,6,1377,1169,208,6028,97,46,0,0,182,3332705,2130496,1187750,372000,80670,90021,113850,0,435,530774,2439935,1280243,0,1159692,1159692,0,28476574,123547,0,1028062,1673094,0,4.0,0.0,2.0,1.0,1.0,656.4772728333334,685.6818179999999,425.09090899999995,421.47575763333333,658.9227272666667,1.499939,24.2233564,1.0,1.0,1.0,1.0,none,0:1.0500|1:0.9300|2:1.0300|3:0.9400|4:0.9500|5:1.1000|6:0.8200|,Esra Yılmaz:4:55673,2154996,11,209475,1914,30,35.639217992591604,35.24666784497776,none,321299
Temkinli,22,1974,2016,7,1303,1078,225,5227,126,25,0,0,204,2992250,1899467,1080815,433100,94406,93673,118482,0,35307,305847,2441512,1036240,0,1405272,1114968,0,29774714,123547,0,1049009,1815887,0,3.935483870967742,0.0,2.0,0.9354838709677419,1.0,670.5571846774193,692.045455,431.136364,428.1099708064516,669.1392960967743,1.510601,22.357982290322578,1.0,1.0,1.0,1.0,none,0:1.0500|1:0.9300|2:1.0300|3:0.9400|4:0.9500|5:1.1000|6:0.8200|,Esra Yılmaz:4:58577,1944668,11,209475,1944,31,36.12047790124488,35.704758094955906,none,96372
Temkinli,22,2005,2016,8,1424,1213,211,6182,114,27,0,0,190,3458037,2169685,1269316,465000,101494,94356,119350,0,1508,487608,3793304,2392996,0,1400308,1690612,0,31870840,123547,0,1069956,1815887,0,4.0,0.0,2.0,1.0,1.0,670.014662483871,696.590909,417.590909,421.8651026451613,670.7170087741936,1.521698,23.500340322580644,1.0,1.0,1.0,1.0,none,0:1.0500|1:0.9300|2:1.0300|3:0.9400|4:0.9500|5:1.1000|6:0.8200|,Esra Yılmaz:4:58577,2154846,11,209475,1975,31,36.7062584928964,37.67436260992982,none,278133
Temkinli,22,2035,2016,9,1349,1137,212,5823,137,59,0,0,179,3608795,2311369,1278283,450000,98220,92002,101160,0,929,535972,2646766,1367075,0,1279691,1279691,0,32334181,123547,0,1090903,1757310,0,4.0,0.0,2.0,1.0,1.0,675.2348484666667,702.272727,436.272727,430.9166666666667,676.5575757666667,1.5328759999999997,24.325564966666665,1.0,1.0,1.0,1.0,none,0:1.0500|1:0.9300|2:1.0300|3:0.9400|4:0.9500|5:1.1000|6:0.8200|,Esra Yılmaz:4:58577,2384330,12,209475,2006,30,35.42132484665934,35.38948293461237,none,326497
Temkinli,22,2066,2016,10,1277,1080,197,5173,100,47,0,0,180,3336495,2114112,1205244,465000,101494,95750,105276,0,530,437194,3916869,1979758,0,1937111,1937111,1043700,30083088,123547,0,1111850,2004175,0,4.0,0.0,2.0,1.0,1.0,686.6202347096773,706.1363640000001,437.5,435.5601172580645,683.300586451613,1.543772,22.448382774193547,1.0,1.0,1.0,1.0,none,0:1.0500|1:0.9300|2:1.0300|3:0.9400|4:0.9500|5:1.1000|6:0.8200|,Esra Yılmaz:4:58577|Can Aksoy:6:23536,2101686,12,209475,2036,31,36.12305728016976,36.28209920364675,none,227719
Temkinli,22,2096,2016,11,1308,1092,216,5167,114,53,0,0,191,3309285,2093984,1199800,450000,98220,93322,102630,0,632,454996,4578239,2873584,0,1704655,1704655,984614,31041623,123547,0,1132797,2463390,0,4.0,0.0,2.0,1.0,1.0,686.8106059333334,712.272727,432.90909100000005,434.1045454333333,687.9378787333334,1.555113,22.822609833333335,1.0,1.0,1.0,1.0,none,0:1.0500|1:0.9300|2:1.0300|3:0.9400|4:0.9500|5:1.1000|6:0.8200|,Esra Yılmaz:4:58577|Can Aksoy:6:23536,2085560,12,209475,2067,30,36.255565779314864,36.96819949195408,none,245521
Temkinli,22,2127,2016,12,1324,1113,211,5275,124,82,0,0,168,3456730,2174459,1262748,465000,101494,97115,117490,0,682,480967,4827159,3155631,0,1671528,1671528,0,33335217,133301,0,1155398,2552440,0,4.0,0.0,2.0,1.0,1.0,691.151026483871,716.1363640000001,434.954545,434.13782993548386,693.0014662903226,1.566167,23.08769203225806,1.0,1.0,1.0,1.0,none,0:1.0500|1:0.9300|2:1.0300|3:0.9400|4:0.9500|5:1.1000|6:0.8200|,Esra Yılmaz:4:58577|Can Aksoy:6:23536,2204908,12,226012,2097,31,36.53013107763696,37.06808955883822,none,254955
Temkinli,22,2158,2017,1,1216,990,226,4619,117,47,0,0,205,3262930,2048713,1195104,483000,105679,97845,118358,0,918,389304,4251507,2249385,0,2002122,2002122,0,35504608,133301,0,1177999,2760550,0,4.0,0.0,2.0,1.0,1.0,702.4999999032258,722.5,443.045455,439.5615836451613,698.6510263225806,1.577672,20.929414387096774,1.0,1.0,1.0,1.0,none,0:1.0500|1:0.9300|2:1.0300|3:0.9400|4:0.9500|5:1.1000|6:0.8200|,Esra Yılmaz:4:63526|Can Aksoy:6:25524,2100438,12,226012,2128,31,36.62671280107143,36.93303130803807,none,163292
Temkinli,22,2186,2017,2,1074,895,179,4096,101,38,0,0,158,3078655,1924093,1135900,436800,95452,89497,108248,0,697,405206,4136141,2479794,0,1656347,1656347,0,37970382,133301,0,1200600,2493400,0,4.0,0.0,2.0,1.0,1.0,709.1720780357143,731.5909089999999,443.25974007142855,441.7759740714286,709.1883117857143,1.597686,21.67340671428571,1.0,1.0,1.0,1.0,none,0:1.0500|1:0.9300|2:1.0300|3:0.9400|4:0.9500|5:1.1000|6:0.8200|,Esra Yılmaz:4:63526|Can Aksoy:6:25524,1948850,12,226012,2159,28,36.89598217403379,37.49616576851384,none,179194
Temkinli,22,2217,2017,3,1202,982,220,4621,130,40,0,0,185,3172215,1964928,1194962,483600,105679,100233,110205,0,793,394452,2998613,1549275,0,1449338,1449338,0,38617281,133301,0,1223201,2760550,0,4.0,0.0,2.0,1.0,1.0,723.2258061935485,739.772727,452.272727,448.05131958064516,715.5894426451613,1.61598,20.626328064516127,1.0,1.0,1.0,1.0,none,0:1.0500|1:0.9300|2:1.0300|3:0.9400|4:0.9500|5:1.1000|6:0.8200|,Esra Yılmaz:4:63526|Can Aksoy:6:25524,2001768,13,226012,2187,31,37.66964092912996,37.464520330049794,none,168440
Temkinli,22,2247,2017,4,1229,1029,200,4795,109,36,0,0,179,3261265,2050959,1185361,468000,102270,98230,108000,0,984,407877,5994490,3493852,0,2500638,2002923,0,40614368,133301,0,1245802,2671500,0,4.0,0.0,2.0,1.0,1.0,724.1818182000001,749.3181820000001,457.0,454.2803031,722.6787878666668,1.636479,21.288212866666665,1.0,1.0,1.0,1.0,none,0:1.0500|1:0.9300|2:1.0300|3:0.9400|4:0.9500|5:1.1000|6:0.8200|,Esra Yılmaz:4:63526|Can Aksoy:6:25524,2086118,13,226012,2218,30,36.346663027996804,36.89430077989219,none,181865
Temkinli,22,2278,2017,5,1264,1017,247,4882,148,21,0,0,220,3347260,2037287,1288395,483600,105679,102745,112964,0,589,482818,7296657,4976610,0,2320047,2817762,0,45001650,133301,0,1268403,2760550,0,4.0,0.0,2.0,1.0,1.0,744.7947212258065,758.6363640000001,454.31818200000004,454.8211143870968,733.2023459354839,1.656565,19.378263870967743,1.0,1.0,1.0,1.0,none,0:1.0500|1:0.9300|2:1.0300|3:0.9400|4:0.9500|5:1.1000|6:0.8200|,Esra Yılmaz:4:63526|Can Aksoy:6:25524,2082010,13,226012,2248,31,38.491034458034335,39.000885874665045,none,256806
Temkinli,22,2308,2017,6,1254,1045,209,5215,87,37,0,0,196,3398930,2081870,1299448,468000,102270,100691,127320,0,1656,499511,4228179,2357401,0,1870778,1870778,0,46201474,144680,0,1292933,2679129,0,4.0,0.0,2.0,1.0,1.0,743.5909094,767.727273,458.8515151666667,456.7560606,745.5363637333334,1.677579,21.440066566666665,1.0,1.0,1.0035714,0.9989285999999999,0,0:1.0500|1:0.9300|2:1.0300|3:0.9400|4:0.9500|5:1.1000|6:0.8200|,Esra Yılmaz:4:63526|Can Aksoy:6:25524,2086842,14,245306,2279,30,38.23109037255842,38.29247918900571,none|0,254205
Temkinli,22,2339,2017,7,1271,1036,235,5026,128,11,0,0,204,3132300,1952311,1164285,504600,110546,105319,133176,0,1108,309536,4328373,1798367,0,2530006,2530006,0,47154628,144680,0,1317463,2997049,0,4.0,0.0,2.0,1.0,1.0,757.3973607096774,777.045455,486.4428153225806,473.0835776774194,751.0337243225806,1.698169,20.86429593548387,1.0,1.0,1.2183179999999998,0.9345045806451613,0,0:1.0500|1:0.9200|2:1.0300|3:0.9300|4:0.9400|5:1.1000|6:0.8200|,Esra Yılmaz:4:68969|Can Aksoy:6:27711,2017010,15,245306,2309,31,37.17029020208792,35.77442429073344,0,64230
Temkinli,22,2370,2017,8,1354,1092,262,5452,135,23,0,0,238,3421402,2204406,1195327,505300,110546,106653,134881,0,2193,335754,6202602,3840469,0,2362133,2362133,0,50888928,144680,0,1341993,2997049,0,4.0,0.0,2.0,1.0,1.0,757.1920821935485,787.045455,494.772727,490.0381230967742,752.9076245161291,1.719711,23.402691225806453,1.0,1.0,1.25,0.925,0,0:1.0500|1:0.9200|2:1.0300|3:0.9300|4:0.9400|5:1.1000|6:0.8200|,Esra Yılmaz:4:68969|Can Aksoy:6:27711,2251866,15,245306,2340,31,34.936759842894816,34.65690692820406,0,90448
Temkinli,22,2400,2017,9,1245,1014,231,4870,165,46,0,0,204,3716225,2417699,1266798,489000,106980,104533,114930,0,1455,449900,9332750,6347608,0,2985142,2985142,0,57034419,144680,0,1366523,2900370,0,4.0,0.0,2.0,1.0,1.0,772.5151516999999,797.727273,504.318182,499.63030299999997,767.8454547333333,1.741526,21.476999966666664,1.0,1.0,1.25,0.925,0,0:1.0500|1:0.9300|2:1.0300|3:0.9400|4:0.9500|5:1.1000|6:0.8200|,Esra Yılmaz:4:68969|Can Aksoy:6:27711,2438382,15,245306,2371,30,34.08830197310443,34.71737338870372,0,204594
Temkinli,22,2431,2017,10,1274,1047,227,4897,177,49,0,0,196,3518840,2290852,1200844,505300,110546,109351,120218,0,1079,354350,6098334,2520622,0,3577712,3577712,0,58168262,144680,0,1391053,2997049,0,4.0,0.0,2.0,1.0,1.0,785.1246335806452,806.818182,517.227273,511.85483870967744,777.6671554838709,1.762901,20.38261712903226,1.0,1.0,1.25,0.925,0,0:1.0500|1:0.9300|2:1.0300|3:0.9400|4:0.9500|5:1.1000|6:0.8200|,Esra Yılmaz:4:68969|Can Aksoy:6:27711,2372502,16,245306,2401,31,34.126132475474876,34.121634849090206,0,109044
Temkinli,22,2461,2017,11,1176,951,225,4531,160,53,0,0,189,3383336,2205952,1154486,489000,106980,107173,117840,0,464,333029,8021600,5038373,0,2983227,2983227,0,62097287,144680,0,1415583,2900370,0,4.0,0.0,2.0,1.0,1.0,799.7272729666666,817.272727,528.772727,523.0515152,791.1409091,1.785264,20.145826033333332,1.0,1.0,1.25,0.925,0,0:1.0500|1:0.9300|2:1.0300|3:0.9400|4:0.9500|5:1.1000|6:0.8200|,Esra Yılmaz:4:68969|Can Aksoy:6:27711,2263122,17,245306,2432,30,34.122712021507766,33.88086853178512,0,87723
Temkinli,22,2492,2017,12,1277,1058,219,4758,215,55,0,0,172,3838420,2541849,1273206,505300,110546,112080,135563,0,0,409717,12206864,7989069,0,4217795,3328429,0,68390768,154434,0,1441767,3003865,0,4.0,0.0,2.0,1.0,1.0,806.5762463225807,827.272727,534.5234602580646,531.3328446129032,801.186217032258,1.807175,20.811566322580646,0.9580645161290322,0.9580645161290322,1.2479032258064517,0.897454870967742,1,0:1.0500|1:0.9300|2:1.0300|3:0.9400|4:0.9500|5:1.1000|6:0.8200|,Esra Yılmaz:4:68969|Can Aksoy:6:27711,2574092,18,261844,2462,31,33.170054345277485,33.7293327574281,0|1,147873
Temkinli,22,2523,2018,1,1108,866,242,4034,277,46,0,0,179,3499575,2316763,1156880,523300,114731,113498,137299,0,3342,264710,11139352,7287220,0,3852132,4741498,0,74433959,154434,0,1467951,3208345,0,4.0,0.0,2.0,1.0,1.0,823.0865103870967,837.5,542.156891483871,538.4105571290322,810.6026392903226,1.8301,19.213296290322578,0.9,0.9,1.2266666774193549,0.7907742903225806,1,0:1.0500|1:0.9300|2:1.0300|3:0.9400|4:0.9500|5:1.1000|6:0.8200|,Esra Yılmaz:4:73831|Can Aksoy:6:29665,2336448,18,261844,2493,31,33.05772843845324,34.13123837628013,1,2866
Temkinli,22,2551,2018,2,1020,795,225,3800,216,70,0,0,163,3323690,2172952,1133700,473200,103628,103579,125300,0,3867,324126,11355408,7350126,0,4005282,4005282,0,80651490,154434,0,1494135,2897860,0,4.0,0.0,2.0,1.0,1.0,822.9788958214286,846.5909089999999,529.27272725,533.6136363571429,819.69967525,1.849195,20.7104085,0.9,0.9,1.2020833214285713,0.8,1,0:1.0500|1:0.9300|2:1.0300|3:0.9400|4:0.9500|5:1.1000|6:0.8200|,Esra Yılmaz:4:73831|Can Aksoy:6:29665,2181250,19,261844,2524,28,34.10967930222132,35.6881774323357,1,62282
Temkinli,22,2582,2018,3,1190,940,250,4495,201,30,0,0,209,3340300,2159089,1154205,523900,114731,115762,127317,0,2004,270491,14516532,10222634,0,4293898,4293898,0,85990277,154434,0,1520319,3208345,0,4.0,0.0,2.0,1.0,1.0,827.0307915806452,854.318182,537.9252199354839,535.0850439999999,828.7419355483871,1.866614,21.44409641935484,0.9,0.9,1.1775,0.8,1,0:1.0500|1:0.9300|2:1.0300|3:0.9400|4:0.9500|5:1.1000|6:0.8200|,Esra Yılmaz:4:73831|Can Aksoy:6:29665,2173344,20,261844,2552,31,34.5539322815316,34.95705052197806,1,8647
Temkinli,22,2612,2018,4,1145,920,225,4083,198,17,0,0,192,3164690,2002307,1140834,507000,111030,113198,124470,0,1193,283943,18860981,12422818,0,6438163,6438163,0,97089653,154434,0,1546503,3104850,0,4.0,0.0,2.0,1.0,1.0,847.0000000333333,863.863636,539.4863636333333,537.9742424,842.1606061333333,1.886091,20.759296,0.9,0.9,1.1520833333333333,0.8,1,0:1.0500|1:0.9300|2:1.0300|3:0.9400|4:0.9500|5:1.1000|6:0.8200|,Esra Yılmaz:4:73831|Can Aksoy:6:29665,2110078,21,261844,2583,30,36.04883890681236,36.306214449574725,1,22099
Temkinli,22,2643,2018,5,1208,960,248,4143,255,35,0,0,208,3252160,2059894,1176219,523900,114731,118150,129921,0,3202,286315,23794497,17505092,0,6289405,6289405,0,113461916,154434,0,1572687,3208345,0,4.0,0.0,2.0,1.0,1.0,850.0073313225806,871.590909,539.3665688709677,538.4780059032258,847.431084967742,1.905133,20.215306548387094,0.9,0.9,1.126666677419355,0.8,1,0:1.0500|1:0.9300|2:1.0300|3:0.9400|4:0.9500|5:1.1000|6:0.8200|,Esra Yılmaz:4:73831|Can Aksoy:6:29665,1986984,22,261844,2613,31,36.167316491193546,36.54565684372005,1,24471
Temkinli,22,2673,2018,6,1173,930,243,4493,234,11,0,0,206,3339503,2092049,1222154,507000,111030,115539,146100,0,3432,339053,20484193,14646116,0,5838077,5838077,0,126823279,165814,0,1600801,3112242,0,4.0,0.0,2.0,1.0,1.0,860.0833334333333,880.909091,541.7984848,540.3818183666666,851.4333333333333,1.925011,19.996007766666665,0.9,0.9,1.10125,0.8,1,0:1.0500|1:0.9300|2:1.0300|3:0.9400|4:0.9500|5:1.1000|6:0.8200|,Esra Yılmaz:4:73831|Can Aksoy:6:29665,2141514,23,281137,2644,30,36.596882829570745,37.00628023598416,1,57916
Temkinli,22,2704,2018,7,1207,961,246,4763,247,18,0,0,188,3498836,2207255,1272747,544900,119629,120599,152489,0,5411,329719,20854128,13393002,0,7461126,7461126,0,136530535,165814,0,1628915,3437497,0,4.0,0.0,2.0,1.0,1.0,869.1642228387096,889.772727,554.6070380967742,549.7038123548386,860.4413489354839,1.944446,19.750108451612906,0.9,0.9,1.0758333225806451,0.8,1,0:1.0500|1:0.9300|2:1.0300|3:0.9400|4:0.9500|5:1.1000|6:0.8200|,Esra Yılmaz:4:79104|Can Aksoy:6:31783,2259010,24,281137,2674,31,36.37629771729798,36.19076539006457,1,48582
Temkinli,22,2735,2018,8,1173,913,260,4289,243,6,0,0,211,3090498,1938495,1135714,545600,119629,121840,154101,0,3170,191374,24488949,17468140,0,7020809,7020809,0,152398891,165814,0,1657029,3437497,0,4.0,0.0,2.0,1.0,1.0,879.0909091935484,899.090909,554.5689149677419,553.4560117096775,868.7052787419354,1.964735,19.654528258064516,0.9,0.9,1.0499999999999998,0.8,1,0:1.0500|1:0.9300|2:1.0300|3:0.9400|4:0.9500|5:1.1000|6:0.8200|,Esra Yılmaz:4:79104|Can Aksoy:6:31783,1956962,25,281137,2705,31,36.74857579587497,36.91563532644346,1,-89763
Temkinli,22,2765,2018,9,1184,946,238,4442,203,39,0,0,199,3636840,2310483,1296639,528000,115770,119141,131040,0,4708,397980,31028211,20937118,0,10091093,8150105,0,174201484,165814,0,1685143,3326610,0,4.0,0.0,2.0,1.0,1.0,877.0757576,908.1818179999999,560.9590909333333,558.0363636666666,868.6909091,1.985235,21.252655866666665,0.9,0.9,1.0245833333333334,0.8,1,0:1.0500|1:0.9300|2:1.0300|3:0.9400|4:0.9500|5:1.1000|6:0.8200|,Esra Yılmaz:4:79104|Can Aksoy:6:31783,2338284,26,281137,2736,30,35.65290196984195,36.04211653639561,1,116843
Temkinli,22,2796,2018,10,1201,945,256,4323,286,30,0,0,197,3851965,2443072,1386097,545600,119629,124382,136772,0,596,459118,35241727,26134424,0,9107303,11048291,0,197086026,165814,0,1713257,3437497,0,4.0,0.0,2.0,1.0,1.0,885.2785924516129,916.818182,558.904692032258,558.8343109032257,879.3211143225807,2.005278,20.247091967741934,0.9,0.9,1.0028225806451612,0.8,1,0:1.0500|1:0.9300|2:1.0300|3:0.9400|4:0.9500|5:1.1000|6:0.8200|,Esra Yılmaz:4:79104|Can Aksoy:6:31783,2505338,27,281137,2766,31,35.98415354241277,36.866801389099855,1,177981
Temkinli,22,2826,2018,11,1219,983,236,4737,170,38,0,0,202,4118405,2571705,1520143,528000,115770,121601,133740,0,1632,619400,39603682,29540989,0,10062693,10062693,0,225514287,165814,0,1741371,3326610,0,4.0,0.0,2.0,1.0,1.0,886.8712122333333,927.045455,547.5303028333333,551.7424241666666,886.0757575666667,2.026201,22.440853566666664,0.9433333333333334,0.9433333333333334,1.0,0.8173333333333334,none,0:1.0500|1:0.9200|2:1.0300|3:0.9300|4:0.9400|5:1.1000|6:0.8200|,Esra Yılmaz:4:79104|Can Aksoy:6:31783,2532458,28,281137,2797,30,36.9109643174967,38.26270429338509,1|none,338263
Temkinli,22,2857,2018,12,1286,1025,261,5044,137,63,0,0,226,4546780,2827139,1694339,545600,119629,126926,153543,0,7446,741195,46475431,32948005,0,13527426,13527426,0,257000433,175567,0,1771138,3443740,0,4.0,0.0,2.0,1.0,1.0,890.8284457741936,936.590909,551.0,550.2683284193548,894.1656891612903,2.046658,23.232453161290323,1.0,1.0,1.0,0.9670967741935484,none,0:1.0500|1:0.9100|2:1.0300|3:0.9200|4:0.9300|5:1.1000|6:0.8200|,Esra Yılmaz:4:79104|Can Aksoy:6:31783,2860932,29,297675,2827,31,37.264591645076294,38.14746232972595,none,443520
Temkinli,22,2888,2019,1,1328,1068,260,5324,85,72,0,0,237,4847525,3069770,1747623,563600,123814,128250,155155,0,4922,771882,41146104,30442589,0,10703515,10703515,0,282710860,175567,0,1800905,3631030,0,4.0,0.0,2.0,1.0,1.0,897.2653958064516,946.3636359999999,569.1598244193548,564.1202347419354,896.4222873870967,2.068013,22.52871890322581,1.0,1.0,1.0,1.0,2,0:1.0500|1:0.9250|2:1.0300|3:0.9350|4:0.9450|5:1.1000|6:0.8200|,Esra Yılmaz:4:83557|Can Aksoy:6:33572,3107468,30,297675,2858,31,36.05186151695968,36.56728242508443,none|2,474207
Temkinli,22,2916,2019,2,1119,905,214,4661,140,68,0,0,176,4615615,2842105,1754136,509600,111832,116790,141260,0,12314,862340,39112540,27762322,0,11350218,11350218,0,309634908,175567,0,1830672,3279640,0,4.0,0.0,2.0,1.0,1.0,915.3327921428572,954.0909089999999,558.636364,560.5730518928572,910.2516233214285,2.084821,21.582727357142858,1.0,1.0,1.0,1.0,2,0:1.0500|1:0.9300|2:1.0300|3:0.9400|4:0.9500|5:1.1000|6:0.8200|,Esra Yılmaz:4:83557|Can Aksoy:6:33572,2903664,31,297675,2889,28,38.004382947884515,38.96904286667217,2,564665
Temkinli,22,2947,2019,3,979,810,169,4001,98,15,0,0,148,3615560,2190501,1409886,564200,123814,130234,143220,0,11966,436452,27096278,16392502,0,10703776,9274131,0,318171188,175567,0,1860439,3631030,0,4.0,0.0,2.0,1.0,1.0,931.6642230322581,962.045455,568.6363640000001,564.7170087741936,925.4281524838709,2.10012,20.459938322580648,1.0,1.0,1.0,1.0,2,0:1.0500|1:0.9300|2:1.0300|3:0.9400|4:0.9500|5:1.1000|6:0.8200|,Esra Yılmaz:4:83557|Can Aksoy:6:33572,2235566,32,297675,2917,31,38.994955138346484,38.965525353192454,2,138777
Temkinli,22,2977,2019,4,858,677,181,3261,100,10,0,0,164,2907180,1769503,1117613,546000,119820,127054,139740,0,8605,176394,19812857,11604861,0,8207996,9637641,0,322193095,175567,0,1890206,3513900,0,4.0,0.0,2.0,1.0,1.0,937.0530304333333,969.090909,572.590909,569.5393939,930.0878787333334,2.117189,19.484998233333332,1.0,1.0,1.0,1.0,2,0:1.0500|1:0.9300|2:1.0300|3:0.9400|4:0.9500|5:1.1000|6:0.8200|,Esra Yılmaz:4:83557|Can Aksoy:6:33572,1758490,33,297675,2948,30,38.44319925150833,38.894503256106056,2,-121281
Temkinli,22,3008,2019,5,1092,863,229,4467,100,22,0,0,200,4149245,2531358,1591691,564200,123814,132342,145514,0,15586,610235,39089168,28244754,0,10844414,10844414,0,346154237,175567,0,1919973,3631030,0,4.0,0.0,2.0,1.0,1.0,933.4090907096775,976.590909,566.5,567.9428151290323,929.2507330645161,2.13384,21.022732774193546,1.0,1.0,1.0,1.0,2,0:1.0500|1:0.9250|2:1.0300|3:0.9350|4:0.9450|5:1.1000|6:0.8200|,Esra Yılmaz:4:83557|Can Aksoy:6:33572,2561574,34,297675,2978,31,38.360978925081554,39.30849767390994,2,312560
Temkinli,22,3038,2019,6,969,760,209,3922,95,5,0,0,187,3396320,2085271,1293108,546000,119820,129094,163260,0,10155,324779,26746343,14565013,0,12181330,9598224,0,363646641,185321,0,1951394,3520576,0,4.0,0.0,2.0,1.0,1.0,949.5984847333333,984.3181820000001,592.772727,583.0106060333333,944.5545454333334,2.151183,19.127700566666665,1.0,1.0,1.0,1.0,2,0:1.0500|1:0.9300|2:1.0300|3:0.9400|4:0.9500|5:1.1000|6:0.8200|,Esra Yılmaz:4:83557|Can Aksoy:6:33572,2026332,34,314212,3009,30,38.07379752202384,37.57648769137803,2,10567
Temkinli,22,3069,2019,7,1043,845,198,4192,71,9,0,0,179,3514180,2161854,1334495,647750,142747,134451,170035,0,60004,179508,33012342,24040841,0,8971501,11554607,0,337762658,185321,0,1982815,3837986,0,3.903225806451613,0.0,2.0,0.9032258064516129,1.0,949.3695016129032,992.5,579.318182,583.5777126774193,948.643695032258,2.1681009999999996,20.383217032258063,1.0,1.0,1.0,1.0,2,0:1.0500|1:0.9300|2:1.0300|3:0.9400|4:0.9500|5:1.1000|6:0.8200|,Esra Yılmaz:4:88320|Can Aksoy:6:35486,2127264,36,314212,3039,31,37.97457728403212,38.97863992725861,2,-134704
Temkinli,22,3100,2019,8,1081,842,239,4321,94,10,0,0,221,3407406,2066370,1313856,694400,153109,135537,171430,0,9441,149939,38889709,28119819,0,10769890,10769890,0,353833971,185321,0,2014236,3837986,0,4.0,0.0,2.0,1.0,1.0,959.0469209354839,1000.909091,582.545455,581.8299118709679,954.931085,2.185722,21.130712967741935,1.0,1.0,1.0,1.0,2,0:1.0500|1:0.9200|2:1.0300|3:0.9300|4:0.9400|5:1.1000|6:0.8200|,Esra Yılmaz:4:88320|Can Aksoy:6:35486,2109246,37,314212,3070,31,38.558833317778976,39.257877557047244,2,-164273
Temkinli,22,3130,2019,9,991,760,231,3673,110,16,0,0,210,3404311,2058235,1320015,672000,148170,132245,145440,0,7385,214775,44865373,28104582,0,16760791,16760791,0,366850179,185321,0,2045657,3714180,0,4.0,0.0,2.0,1.0,1.0,974.0151514666667,1008.863636,594.045455,588.9121212666666,968.5878789666666,2.203487,19.43784713333333,1.0,1.0,1.0,1.0,2,0:1.0500|1:0.9300|2:1.0300|3:0.9400|4:0.9500|5:1.1000|6:0.8200|,Esra Yılmaz:4:88320|Can Aksoy:6:35486,2097374,38,314212,3101,30,38.77480641457258,39.010655624248805,2,-99437
Temkinli,22,3161,2019,10,994,792,202,3791,98,5,0,0,188,3715328,2276059,1416348,694400,153109,137738,151466,0,9873,269762,47368553,33429286,0,13939267,13939267,0,387526902,185321,0,2077078,3837986,0,4.0,0.0,2.0,1.0,1.0,979.1568917096774,1016.1363640000001,603.3636359999999,598.3621700967742,978.9868036129033,2.220816,19.180786903225805,1.0,1.0,1.0,1.0,2,0:1.0500|1:0.9300|2:1.0300|3:0.9400|4:0.9500|5:1.1000|6:0.8200|,Esra Yılmaz:4:88320|Can Aksoy:6:35486,2261126,39,314212,3131,31,38.121748604699235,38.37926882723726,2,-44450
Temkinli,22,3191,2019,11,923,731,192,3598,91,19,0,0,179,3538915,2178500,1333122,672000,148170,134375,147780,0,6709,224088,45511962,32319630,0,13192332,13192332,0,379166289,185321,0,2108499,3714180,0,4.0,0.0,2.0,1.0,1.0,991.4696971,1024.545455,615.045455,609.6787878666668,986.5621212666666,2.238867,19.6115985,1.0,1.0,1.0,1.0,2,0:1.0500|1:0.9300|2:1.0300|3:0.9400|4:0.9500|5:1.1000|6:0.8200|,Esra Yılmaz:4:88320|Can Aksoy:6:35486,2294102,40,314212,3162,30,37.67035941807023,37.96628814789019,2,-90124
Temkinli,22,3222,2019,12,806,647,159,3076,98,3,0,0,141,3226572,1998455,1214959,694400,153109,139940,169291,0,7843,50376,42155450,25740211,0,16415239,16415239,0,392330823,203203,0,2142952,3850790,0,4.0,0.0,2.0,1.0,1.0,992.6759530967743,1032.954545,618.590909,615.4090909032259,991.0850440645161,2.256474,18.942042967741937,1.0,1.0,1.0,1.0,2,0:1.0500|1:0.9300|2:1.0300|3:0.9400|4:0.9500|5:1.1000|6:0.8200|,Esra Yılmaz:4:88320|Can Aksoy:6:35486,1980366,41,344531,3192,31,37.65479276458111,37.68450751020714,2,-294155
Temkinli,22,3253,2020,1,969,721,248,3691,112,28,0,0,226,3902725,2416053,1455411,727400,160766,141121,170655,0,7230,248239,50112455,33626637,0,16485818,16485818,0,415711671,203203,0,2177405,4234910,0,4.0,0.0,2.0,1.0,1.0,1005.3665688709677,1040.681818,620.7712606129032,618.1862169677419,1002.9076246774193,2.274814,18.818761,1.0,1.0,1.0,1.0,2,0:1.0500|1:0.9300|2:1.0300|3:0.9400|4:0.9500|5:1.1000|6:0.8200|,Esra Yılmaz:4:97454|Can Aksoy:6:39156,2470722,42,344531,3223,31,37.29217405786982,38.25423682925594,2,-96292
Temkinli,22,3282,2020,2,772,594,178,2870,103,14,0,0,159,3072136,1884507,1162593,681500,150394,134076,162139,0,6783,27701,37028050,21955645,0,15072405,15072405,0,428646721,203203,0,2211858,3961690,0,4.0,0.0,2.0,1.0,1.0,1025.6034480689655,1057.5,631.181818,625.565830724138,1019.6018809310345,2.310313,18.087802586206898,1.0,1.0,1.0,1.0,2,0:1.0500|1:0.9300|2:1.0300|3:0.9400|4:0.9500|5:1.1000|6:0.8200|,Esra Yılmaz:4:97454|Can Aksoy:6:39156,1942330,43,344531,3254,29,37.843148871013526,38.45751794337211,2,-316830
Temkinli,22,3313,2020,3,790,580,210,2975,88,7,0,0,192,3034445,1843649,1179922,728500,160766,145401,159867,0,8013,-22625,39867016,22983915,0,16883101,16883101,0,395553550,203203,0,2246311,4234910,0,4.0,0.0,2.0,1.0,1.0,1034.5821116451611,1072.954545,628.909091,628.2800586129032,1031.7302053225806,2.344024,19.051895677419356,1.0,1.0,1.0,1.0,2,0:1.0500|1:0.9300|2:1.0300|3:0.9400|4:0.9500|5:1.1000|6:0.8200|,Esra Yılmaz:4:97454|Can Aksoy:6:39156,1882326,44,344531,3283,31,38.884277025947085,39.21129276052069,2,-367156
Temkinli,22,3343,2020,4,1077,800,277,3840,125,7,0,0,247,3804498,2282633,1498474,705000,155580,142902,157110,0,6416,331466,88902781,64175831,0,24726950,24726950,0,436994036,203203,0,2280764,4098300,0,4.0,0.0,2.0,1.0,1.0,1055.3257576,1090.0,637.3181820000001,633.1318181333334,1052.6575758000001,2.380603,18.9783826,1.0,1.0,1.0,1.0,none,0:1.0500|1:0.9300|2:1.0300|3:0.9400|4:0.9500|5:1.1000|6:0.8200|,Esra Yılmaz:4:97454|Can Aksoy:6:39156,2309832,45,344531,3314,30,39.38690465864353,39.60934077366065,2|none,-13065
Temkinli,22,3374,2020,5,1153,896,257,4398,120,25,0,0,233,4306115,2598151,1682156,728500,160766,149899,164796,0,11131,467064,100421494,68411546,0,32009948,26077189,0,474248915,203203,0,2315217,4234910,0,4.0,0.0,2.0,1.0,1.0,1072.2873900322581,1106.363636,651.545455,645.3328445806451,1067.9486802258064,2.416546,18.60805193548387,1.0,1.0,1.0,1.0,none,0:1.0500|1:0.9300|2:1.0300|3:0.9400|4:0.9500|5:1.1000|6:0.8200|,Esra Yılmaz:4:97454|Can Aksoy:6:39156,2628194,46,344531,3344,31,39.06435383170213,39.23779566405241,none,122533
Temkinli,22,3404,2020,6,1109,821,288,4151,151,18,0,0,251,3966039,2347700,1583120,705000,155580,147344,186270,0,10820,378106,92391670,65822159,0,26569511,32502270,0,510656444,224336,0,2353253,4112567,0,4.0,0.0,2.0,1.0,1.0,1099.2727275,1123.6363640000002,661.136364,655.9590909,1084.2409090333333,2.454257,17.0773936,1.0,1.0,1.0,1.0,none,0:1.0500|1:0.9300|2:1.0300|3:0.9400|4:0.9500|5:1.1000|6:0.8200|,Esra Yılmaz:4:97454|Can Aksoy:6:39156,2434086,47,380362,3375,30,39.91690449841769,39.85693018114106,none,-2256
Temkinli,22,3435,2020,7,1194,911,283,4777,77,15,0,0,267,4405537,2733046,1657763,767500,169849,154550,195393,0,9439,361032,88005067,62350071,0,25654996,25654996,0,546828828,224336,0,2391289,4677187,0,4.0,0.0,2.0,1.0,1.0,1094.2375368064515,1140.681818,686.681818,675.3020528064516,1097.5454545483872,2.491312,20.691829967741935,0.9790322580645161,0.9790322580645161,1.0,0.9865207419354838,3,0:1.0500|1:0.9300|2:1.0300|3:0.9400|4:0.9500|5:1.1000|6:0.8200|,Esra Yılmaz:4:107632|Can Aksoy:6:43245,2780986,48,380362,3405,31,37.62907904303153,37.245634983050294,none|3,-19330
Temkinli,22,3466,2020,8,1191,916,275,4549,141,13,0,0,259,4166153,2554372,1589105,768800,169849,156939,198431,0,13300,281786,88011741,53368490,0,34643251,34643251,0,584665961,224336,0,2429325,4677187,0,4.0,0.0,2.0,1.0,1.0,1112.3387096774193,1158.409091,684.954545,683.457477967742,1111.7859238387098,2.5301889999999996,21.099594677419354,0.95,0.95,1.0,0.9251728064516129,3,0:1.0500|1:0.9300|2:1.0300|3:0.9400|4:0.9500|5:1.1000|6:0.8200|,Esra Yılmaz:4:107632|Can Aksoy:6:43245,2550908,49,380362,3436,31,38.143222296444705,38.42212457043427,3,-98576
Temkinli,22,3496,2020,9,1165,880,285,4645,158,25,0,0,255,4697836,2876861,1784942,744000,164370,154248,169590,0,14198,538536,106181496,76322847,0,29858649,29858649,0,606581768,224336,0,2467361,4526310,0,4.0,0.0,2.0,1.0,1.0,1124.9242424333331,1176.3636359999998,683.090909,683.5181818,1126.1499999666667,2.569674,21.350219833333334,0.95,0.95,1.0,0.925,3,0:1.0500|1:0.9300|2:1.0300|3:0.9400|4:0.9500|5:1.1000|6:0.8200|,Esra Yılmaz:4:107632|Can Aksoy:6:43245,2895036,50,380362,3467,30,37.994983222062245,39.276718979546544,3,158174
Temkinli,22,3527,2020,10,1204,914,290,4538,194,36,0,0,244,4656691,2841230,1786338,768800,169849,161808,177909,0,10817,497155,116722080,84424981,0,32297099,32297099,0,666169060,224336,0,2505397,4677187,0,4.0,0.0,2.0,1.0,1.0,1154.2082112258065,1193.863636,714.0,701.9926685483871,1147.079178935484,2.608471,18.885794548387096,0.95,0.95,1.0,0.925,3,0:1.0500|1:0.9300|2:1.0300|3:0.9400|4:0.9500|5:1.1000|6:0.8200|,Esra Yılmaz:4:107632|Can Aksoy:6:43245,2884614,51,380362,3497,31,38.36067284687775,38.139410805117315,3,116793
Temkinli,22,3557,2020,11,1080,804,276,3976,217,14,0,0,229,4490415,2793355,1672243,744000,164370,159020,174840,0,11165,418848,145932595,103999113,0,41933482,41933482,0,643198321,224336,0,2543433,4526310,0,4.0,0.0,2.0,1.0,1.0,1170.3333334333333,1212.5,730.363636,722.4121213666666,1160.7621211666667,2.649177,18.4694514,0.95,0.95,1.0,0.925,3,0:1.0500|1:0.9300|2:1.0300|3:0.9400|4:0.9500|5:1.1000|6:0.8200|,Esra Yılmaz:4:107632|Can Aksoy:6:43245,2898712,52,380362,3528,30,37.24027734630318,37.59353723119394,3,38486
Temkinli,22,3588,2020,12,1158,839,319,4082,325,41,0,0,245,4777301,2956003,1789558,768800,169849,166802,201748,0,21215,461144,168898260,127566688,0,41331572,41331572,0,728281559,258474,0,2587257,4699445,0,4.0,0.0,2.0,1.0,1.0,1191.202346,1230.909091,739.818182,734.3621701290323,1173.9970675161292,2.689175,17.60444670967742,0.95,0.95,1.0,0.925,3,0:1.0500|1:0.9300|2:1.0300|3:0.9400|4:0.9500|5:1.1000|6:0.8200|,Esra Yılmaz:4:107632|Can Aksoy:6:43245,2949316,53,438244,3558,31,37.459603236220616,37.89315606334442,3,22900
Temkinli,22,3619,2021,1,1194,890,304,4554,196,29,0,0,267,5590905,3485453,2070766,831800,184481,169445,204879,0,12929,667232,88902786,46085728,0,42817058,34839482,0,790674470,258474,0,2631081,5367185,0,4.0,0.0,2.0,1.0,1.0,1189.0542520967742,1250.227273,738.227273,737.3577712258063,1190.914956032258,2.731141,20.823771225806453,0.95,0.95,1.0,0.925,3,0:1.0500|1:0.9300|2:1.0300|3:0.9400|4:0.9500|5:1.1000|6:0.8200|,Esra Yılmaz:4:123511|Can Aksoy:6:49625,3528706,54,438244,3589,31,37.03811815797263,37.91475269541213,3,228988
Temkinli,22,3647,2021,2,1005,714,291,3346,270,25,0,0,228,4261918,2564519,1666932,753200,166628,156494,189224,0,14877,386509,86436708,51251244,0,35185464,33955648,0,847014303,258474,0,2674905,4847780,0,4.0,0.0,2.0,1.0,1.0,1245.4383116071429,1278.1818179999998,754.5909089999999,746.8457791071429,1221.0470779285715,2.792682,17.77650632142857,0.95,0.95,1.0,0.925,3,0:1.0500|1:0.9300|2:1.0300|3:0.9400|4:0.9500|5:1.1000|6:0.8200|,Esra Yılmaz:4:123511|Can Aksoy:6:49625,2637534,55,438244,3620,28,39.112249461392736,39.411619028624706,3,-51735
Temkinli,22,3653,2021,3,224,153,71,783,60,1,0,0,61,997315,597036,393631,161400,35706,34194,37614,0,1278,123439,24554207,24554207,0,0,9207392,0,857497352,0,0,2674905,1038810,0,4.0,0.0,2.0,1.0,1.0,1265.7575756666668,1304.318182,774.681818,756.3333333333334,1250.742424,2.849458,17.709474,0.9499999999999998,0.9499999999999998,1.0,0.9250000000000002,3,0:1.0500|1:0.9300|2:1.0300|3:0.9400|4:0.9500|5:1.1000|6:0.8200|,Esra Yılmaz:4:123511|Can Aksoy:6:49625,696226,55,0,3648,6,39.46907446493836,38.796983490935865,3,123439
Temkinli,23,25,2011,3,1334,1213,121,5595,213,59,0,0,98,2367435,1726862,630254,171250,38525,50012,55000,0,5000,310467,189192,134541,0,54651,54651,548746,183016,71527,0,12127,0,0,3.0,1.0,2.0,0.0,0.0,450.45454568,457.7272730000001,321.37636363999997,329.9,448.3745454,1.0,27.22310308,1.0,1.0,1.0,1.0,none,0:1.0000|1:0.9200|2:1.0300|3:0.9400|4:0.9500|5:1.1000|6:0.8200|,,1994896,1,121275,1,25,26.62180799050449,28.65509589766608,none,189192
Temkinli,23,55,2011,4,1664,1526,138,7068,187,102,0,2,108,2926070,2042663,860825,205500,46230,60374,66390,0,11997,470334,399355,295331,0,104024,110971,988798,937603,71527,0,24254,0,0,3.0,1.0,2.0,0.0,0.0,443.65151499999996,459.09090899999995,306.5000001,310.0439394333333,442.69696966666663,1.00592,28.385266933333334,1.0,1.0,1.0,1.0,none,0:1.0000|1:0.9150|2:1.0300|3:0.9300|4:0.9500|5:1.1000|6:0.8200|,,2044928,1,121275,26,30,29.419152651850435,30.91424468594454,none,349059
Temkinli,23,86,2011,5,1695,1563,132,7315,220,84,0,0,101,2964680,2049568,891903,212350,47771,62821,69099,0,5464,494398,373123,248647,0,124476,129940,928132,1118508,71527,0,36381,0,0,3.0,1.0,2.0,0.0,0.0,449.7507330322581,464.31818200000004,312.0058650645162,310.4266863225806,448.3049852903226,1.01307,29.591813032258063,1.0,1.0,1.0,1.0,none,0:1.0000|1:0.9150|2:1.0300|3:0.9300|4:0.9500|5:1.1000|6:0.8200|,,2077628,1,121275,56,31,30.08429240255272,30.62693573372392,none,373123
Temkinli,23,116,2011,6,1596,1457,139,6613,163,72,0,0,117,2553670,1759892,777660,205500,46230,61245,77460,0,5100,382125,249825,166693,0,83132,83132,808334,1154516,78030,0,49611,0,0,3.0,1.0,2.0,0.0,0.0,459.71212116666663,466.818182,319.94999996666667,317.12575763333336,455.38181820000005,1.020512,27.335123866666667,1.0,1.0,1.0,1.0,none,0:1.0000|1:0.9300|2:1.0300|3:0.9400|4:0.9500|5:1.1000|6:0.8200|,,1784590,1,132300,87,30,30.45264266722012,30.40209617386395,none,249825
Temkinli,23,147,2011,7,1765,1601,164,7401,131,65,0,0,136,2808635,1933544,858830,224350,50561,63751,80600,0,5150,434418,363348,252032,0,111316,85240,782104,1409333,78030,0,62841,0,0,3.0,1.0,2.0,0.0,0.0,460.8797654516129,470.227273,318.95307922580645,318.79178893548385,458.31818174193546,1.027766,26.793797741935485,1.0,1.0,1.0,1.0,none,0:1.0000|1:0.9300|2:1.0300|3:0.9400|4:0.9500|5:1.1000|6:0.8200|,,1945862,1,132300,117,31,30.578199018384375,30.794731482024055,none,302118
Temkinli,23,178,2011,8,1670,1518,152,7397,128,80,0,2,118,2664860,1841949,804700,224750,50561,64216,81189,0,0,383984,349150,266110,0,83040,109116,852722,1701077,78030,0,76071,0,0,3.0,1.0,2.0,0.0,0.0,457.4633429677419,474.090909,317.5205279032258,318.0821114516129,457.4589442258064,1.035317,27.12647106451613,1.0,1.0,1.0,1.0,none,0:1.0500|1:0.9200|2:1.0300|3:0.9300|4:0.9400|5:1.1000|6:0.8200|,,1876604,1,132300,148,31,30.196708269852824,30.59104455378935,none,251684
Temkinli,23,208,2011,9,1587,1428,159,6730,192,100,0,0,121,2931220,2033577,874327,217500,48930,62595,68820,0,12559,463923,398740,305791,0,92949,100308,887788,2059088,78030,0,89301,0,0,3.0,1.0,2.0,0.0,0.0,464.5833331,477.272727,324.25606053333337,322.2166667666667,464.80151516666666,1.042922,25.9832624,1.0,1.0,1.0,1.0,none,0:1.0500|1:0.9300|2:1.0300|3:0.9400|4:0.9500|5:1.1000|6:0.8200|,,2036340,1,132300,179,30,29.82809205723214,30.204973482434777,none,331623
Temkinli,23,239,2011,10,1631,1486,145,6587,190,87,0,2,110,2939200,2003258,917488,224750,50561,65146,71641,0,5250,500140,367840,236477,0,131363,131363,0,1385178,78030,0,102531,0,0,3.0,1.0,2.0,0.0,0.0,473.8709679032258,481.136364,322.6129031612904,322.7170087419355,471.91788864516127,1.050335,25.58284806451613,1.0,1.0,1.0,1.0,none,0:1.0500|1:0.9300|2:1.0300|3:0.9400|4:0.9500|5:1.1000|6:0.8200|,,2044154,1,132300,209,31,31.21556886227545,31.919673283893903,none,367840
Temkinli,23,269,2011,11,1575,1436,139,6437,207,86,0,3,105,2847275,1967059,864290,217500,48930,63495,69840,0,4350,460175,327875,232180,0,95695,100045,0,1652005,78030,0,115761,0,0,3.0,1.0,2.0,0.0,0.0,469.3030305666667,484.545455,321.7318181666667,322.2136364,470.819697,1.058051,26.979967966666667,1.0,1.0,1.0,1.0,none,0:1.0500|1:0.9300|2:1.0300|3:0.9400|4:0.9500|5:1.1000|6:0.8200|,,1946538,1,132300,240,30,30.354988541675812,31.44476016313234,none,327875
Temkinli,23,300,2011,12,1582,1441,141,6769,209,109,0,0,97,3171880,2103181,1048981,224750,50561,66077,79949,0,14827,612817,475005,350256,0,124749,134226,0,1990424,81281,0,129542,0,0,3.0,1.0,2.0,0.0,0.0,483.22580641935485,487.5,317.9281524193549,319.36070400000006,477.43401758064516,1.065572,24.33412609677419,1.0,1.0,1.0,1.0,none,0:1.0500|1:0.9300|2:1.0300|3:0.9400|4:0.9500|5:1.1000|6:0.8200|,,2134138,1,137812,270,31,33.0712700354364,34.207124661829575,none,475005
Temkinli,23,331,2012,1,1525,1345,180,5889,251,95,0,0,130,2869280,1932834,918777,232250,52297,66569,80538,0,0,487123,479819,352621,0,127198,127198,0,2312603,81281,0,143323,0,0,3.0,1.0,2.0,0.0,0.0,487.360703967742,491.81818200000004,330.3475073548387,326.79472145161293,478.7052786451613,1.0734,23.751582677419357,1.0,1.0,1.0,1.0,none,0:1.0500|1:0.9300|2:1.0300|3:0.9400|4:0.9500|5:1.1000|6:0.8200|,,1978302,1,137812,301,31,32.02116907377461,32.21704075330946,none,349311
Temkinli,23,360,2012,2,1450,1288,162,5927,220,125,0,0,103,2936805,1982456,940936,217500,48923,62623,75777,0,12067,524046,386234,266275,0,119959,126626,0,2580455,81281,0,157104,0,0,3.0,1.0,2.0,0.0,0.0,484.92946706896555,494.3181819999999,324.4576803103448,325.90595603448276,483.59090896551726,1.079586,24.85447017241379,1.0,1.0,1.0,1.0,none,0:1.0500|1:0.9300|2:1.0300|3:0.9400|4:0.9500|5:1.1000|6:0.8200|,,1993414,1,137812,332,29,32.039444225953034,33.09177883714763,none,386234
Temkinli,23,391,2012,3,1712,1558,154,8524,215,99,0,0,118,3498485,2557918,923149,232500,52297,67313,74028,0,0,497011,524225,427903,0,96322,96322,0,3043498,81281,0,170885,0,0,3.0,1.0,2.0,0.0,0.0,457.3607037741935,496.590909,334.8870967096774,332.3841642903226,444.74926654838714,1.085405,31.823301483870967,1.0,1.0,1.0,1.0,none,0:1.0500|1:0.9100|2:1.0300|3:0.9200|4:0.9300|5:1.1000|6:0.8200|,,2539772,1,137812,361,31,26.387107562273385,26.778340608156697,none,359199
Temkinli,23,421,2012,4,1781,1589,192,8184,176,132,0,5,155,3411570,2573431,817377,225000,50610,65502,72060,0,5450,398755,260943,151661,0,109282,109282,0,3179401,81281,0,184666,0,0,3.0,1.0,2.0,0.0,0.0,441.3409092333333,499.318182,331.7727274,332.6484848,438.71060616666665,1.09166,34.838454,1.0,1.0,1.0,1.0,none,0:1.0500|1:0.8900|2:1.0300|3:0.9000|4:0.9100|5:1.1000|6:0.8200|,,2608278,1,137812,392,30,23.95896903771577,24.826201138631703,none,260943
Temkinli,23,452,2012,5,1987,1801,186,9602,164,116,0,7,140,3820805,2844696,956593,230000,51735,68058,74865,0,5500,526435,388623,278871,0,109752,109752,0,3468583,81281,0,198447,0,0,2.967741935483871,0.967741935483871,2.0,0.0,0.0,441.136364,502.045455,325.0117301935484,326.8049852903226,440.6070382903226,1.097747,36.21438235483871,1.0,1.0,1.0,1.0,none,0:1.0500|1:0.8900|2:1.0300|3:0.9000|4:0.9100|5:1.1000|6:0.8200|,,2851368,1,137812,422,31,25.036425570004226,26.323976729891992,none,388623
Temkinli,23,482,2012,6,1924,1753,171,9505,130,69,0,10,136,3567220,2664599,888922,162150,33750,66252,83790,0,5523,537457,14454,-80070,0,94524,96897,0,3260859,84532,0,212779,0,0,2.9,0.0,2.0,0.0,0.9,443.7954545,505.227273,332.7212121333333,330.6803030333333,443.09848470000003,1.104074,36.997777199999994,1.0,1.0,1.0,1.0,none,0:1.0500|1:0.8900|2:1.0300|3:0.9000|4:0.9100|5:1.1000|6:0.8200|,,2685198,1,143325,453,30,24.91918076261066,25.02825147044553,none,394132
Temkinli,23,513,2012,7,1946,1737,209,9629,139,123,0,11,168,3460075,2582095,852674,174950,36270,68833,87079,0,285,485257,20297,-67758,0,88055,88055,0,3132275,84532,0,227111,0,0,3.0,0.0,2.0,0.0,1.0,444.090909,508.18181799999996,329.99266858064516,330.99413483870967,445.1217009677419,1.11023,37.907083645161286,1.0,1.0,1.0,1.0,none,0:1.0500|1:0.8900|2:1.0300|3:0.9000|4:0.9100|5:1.1000|6:0.8200|,,2588140,2,143325,483,31,24.64322305152345,25.692541348410003,none,341932
Temkinli,23,544,2012,8,1879,1684,195,9939,140,88,0,10,156,3556030,2584176,955344,175150,36270,69236,87575,0,315,586798,762038,655725,0,106313,106313,0,3833837,84532,0,241443,0,0,3.0,0.0,2.0,0.0,1.0,449.58211135483873,510.909091,325.3152492580645,326.80351903225807,448.7419351612903,1.116629,37.226492935483876,1.0,1.0,1.0,1.0,none,0:1.0500|1:0.8950|2:1.0300|3:0.9050|4:0.9150|5:1.1000|6:0.8200|,,2553302,2,143325,514,31,26.86546513949545,27.64052638177477,none,443473
Temkinli,23,574,2012,9,1782,1610,172,8982,168,113,0,6,136,3608702,2662705,929844,169500,35100,67393,74130,0,967,582754,769268,532210,0,237058,180643,0,4349947,84532,0,255775,0,0,3.0,0.0,2.0,0.0,1.0,450.36363593333334,514.090909,331.20606053333336,329.88636336666667,451.5090913,1.123064,38.26928696666666,1.0,1.0,1.0,1.0,none,0:1.0500|1:0.8950|2:1.0300|3:0.9050|4:0.9150|5:1.1000|6:0.8200|,,2723338,2,143325,545,30,25.766716121198147,26.458080957859284,none,439429
Temkinli,23,605,2012,10,1840,1654,186,8803,180,122,0,5,146,3709158,2714398,976497,175150,36270,70042,77035,0,1219,616781,816532,614854,0,201678,258093,0,4912908,84532,0,270107,0,0,3.0,0.0,2.0,0.0,1.0,451.5982407419355,516.818182,328.0161289677419,328.8475074193549,452.8167154516129,1.129326,37.529658322580644,1.0,1.0,1.0,1.0,none,0:1.0500|1:0.9050|2:1.0300|3:0.9150|4:0.9250|5:1.1000|6:0.8200|,,2727906,2,143325,575,31,26.32664879738205,27.365498937985066,none,473456
Temkinli,23,635,2012,11,1794,1605,189,9261,184,138,0,3,148,3804921,2831562,956149,169500,35100,68172,74970,0,865,607542,354989,160244,0,194745,194745,0,4932276,84532,0,284439,0,0,3.0,0.0,2.0,0.0,1.0,457.727273,520.227273,339.9833331666667,337.44696966666663,460.04393973333333,1.135835,38.905922366666665,1.0,1.0,1.0,1.0,none,0:1.0500|1:0.9100|2:1.0300|3:0.9200|4:0.9300|5:1.1000|6:0.8200|,,2856000,2,143325,606,30,25.129273380446005,25.7236015371392,none,464217
Temkinli,23,666,2012,12,1699,1498,201,7567,190,163,0,3,158,3669786,2541568,1107793,175150,36270,70818,85684,0,804,739067,904666,666787,0,237879,237879,0,5517732,87784,0,299323,0,0,3.0,0.0,2.0,0.0,1.0,489.5014662258065,522.727273,332.0718474516129,334.37243403225807,494.9618767419355,1.142168,32.45356261290323,1.0,1.0,1.0,1.0,none,0:1.0500|1:0.9300|2:1.0300|3:0.9400|4:0.9500|5:1.1000|6:0.8200|,,2570378,3,148837,636,31,30.18685558231461,32.16121495774468,none,590230
Temkinli,23,697,2013,1,1594,1434,160,7506,174,118,0,0,127,3644385,2419067,1209092,198750,41625,71252,86180,0,24776,786509,1379321,1035841,0,343480,343480,0,6528613,87784,0,314207,0,0,3.129032258064516,0.0,2.0,0.12903225806451613,1.0,503.1085044516129,525.454545,326.35923748387097,328.1378299032258,502.91348983870967,1.148751,31.507495935483874,1.0,1.0,1.0,1.0,none,0:1.0500|1:0.9300|2:1.0300|3:0.9400|4:0.9500|5:1.1000|6:0.8200|,,2437442,3,148837,667,31,33.1768460247751,35.131440912611524,none,637672
Temkinli,23,725,2013,2,1452,1281,171,6698,123,126,0,0,145,3220895,2180827,1015370,287000,61740,64749,78316,0,623,522942,534479,283820,0,250659,250659,0,6750071,87784,0,329091,0,0,4.0,0.0,2.0,1.0,1.0,503.4334417857143,528.863636,337.75162339285714,334.7126622142857,503.1493506071429,1.155828,31.531761499999998,1.0,1.0,1.0,1.0,none,0:1.0500|1:0.9300|2:1.0300|3:0.9400|4:0.9500|5:1.1000|6:0.8200|,,2237214,3,148837,698,28,31.524467578111054,32.91037198585218,none,374105
Temkinli,23,756,2013,3,1599,1420,179,7710,135,95,0,0,153,3417805,2307579,1095862,317750,68355,72089,79267,0,336,558065,568003,269344,0,298659,248948,0,6978207,87784,0,343975,0,0,4.0,0.0,2.0,1.0,1.0,503.3797654516129,531.818182,335.08357770967746,335.6583577741935,506.117302,1.162259,32.46092874193548,1.0,1.0,1.0,1.0,none,0:1.0500|1:0.9300|2:1.0300|3:0.9400|4:0.9500|5:1.1000|6:0.8200|,,2291090,4,148837,726,31,32.06332719391539,33.43324449900099,none,409228
Temkinli,23,786,2013,4,1426,1281,145,6513,175,74,0,0,114,3061465,1974420,1072463,307500,66150,70184,77190,0,331,551108,1131273,806534,0,324739,374450,0,7640122,87784,0,358859,0,0,4.0,0.0,2.0,1.0,1.0,518.7045455,535.454545,331.4045455,333.2393939666666,516.1560607,1.16942,28.185288766666666,1.0,1.0,1.0,1.0,none,0:1.0500|1:0.9300|2:1.0300|3:0.9400|4:0.9500|5:1.1000|6:0.8200|,,1995344,5,148837,757,30,35.03103906136441,36.109188096559684,none,402271
Temkinli,23,817,2013,5,1524,1338,186,6785,149,103,0,0,151,3089005,1998748,1072554,317750,68355,72957,80228,0,356,532908,1423794,1030665,0,393129,393129,0,8636111,87784,0,373743,0,0,4.0,0.0,2.0,1.0,1.0,521.1070381612903,538.409091,337.40175954838713,335.4706744516129,521.002932516129,1.176391,27.971774419354837,1.0,1.0,1.0,1.0,none,0:1.0500|1:0.9300|2:1.0300|3:0.9400|4:0.9500|5:1.1000|6:0.8200|,,2024782,5,148837,787,31,34.721666038093176,35.2528876334316,none,384071
Temkinli,23,847,2013,6,1525,1351,174,6985,129,61,0,0,155,2823605,1808507,1001750,307500,66150,71024,89850,0,1042,466184,925211,478472,0,446739,384302,0,9118567,92660,0,389453,0,0,4.0,0.0,2.0,1.0,1.0,521.2499999666667,542.045455,330.18333336666666,332.54393940000006,523.1696970666667,1.183639,29.432847499999998,1.0,1.0,1.0,1.0,none,0:1.0500|1:0.9300|2:1.0300|3:0.9400|4:0.9500|5:1.1000|6:0.8200|,,1821250,5,157106,818,30,35.4776960658449,36.655475609058705,none,309078
Temkinli,23,878,2013,7,1643,1478,165,8235,117,80,0,0,143,3370824,2146639,1207878,326750,70432,73826,93372,0,868,642630,1079258,723230,0,356028,418465,0,9664905,92660,0,405163,0,0,4.0,0.0,2.0,1.0,1.0,527.3533722258064,545.0,333.4721406129032,332.6495601935484,524.816715548387,1.190696,29.689891129032258,1.0,1.0,1.0,1.0,none,0:1.0500|1:0.9300|2:1.0300|3:0.9400|4:0.9500|5:1.1000|6:0.8200|,,2120192,6,157106,848,31,35.83331553353127,36.7649553077828,none,485524
Temkinli,23,909,2013,8,1508,1336,172,6903,134,64,0,0,147,3077165,1962320,1098825,327050,70432,74291,93961,0,399,532692,524618,165350,0,359268,359268,898032,10420131,92660,0,420873,1048545,0,4.0,0.0,2.0,1.0,1.0,526.2390029354839,549.090909,336.81818200000004,335.2639296451613,527.9222875483871,1.198032,28.401678967741937,1.0,1.0,1.0,1.0,none,0:1.0500|1:0.9300|2:1.0300|3:0.9400|4:0.9500|5:1.1000|6:0.8200|,Osman Uysal:4:38835,2027610,7,157106,879,31,35.70900487949135,35.99520747775257,none,375586
Temkinli,23,939,2013,9,1393,1244,149,6116,143,64,0,0,124,2812930,1769424,1023714,316500,68160,72344,79560,0,373,486777,964901,377199,0,587702,587702,839366,10758992,92660,0,436583,1165050,0,4.0,0.0,2.0,1.0,1.0,538.0530304333333,551.590909,336.5,336.00151516666665,535.009091,1.205414,26.691576966666666,1.0,1.0,1.0,1.0,none,0:1.0500|1:0.9300|2:1.0300|3:0.9400|4:0.9500|5:1.1000|6:0.8200|,Osman Uysal:4:38835,1782582,7,157106,910,30,36.39315589083269,37.45969616991247,none,329671
Temkinli,23,970,2013,10,1487,1332,155,6953,148,69,0,0,130,3387285,2176898,1196526,327050,70432,75190,82708,0,841,640305,840965,353328,0,487637,487637,975552,11208258,92660,0,452293,1203885,0,4.0,0.0,2.0,1.0,1.0,539.655424967742,555.227273,347.136364,343.7653959354839,538.9486803225807,1.2126,27.691831387096773,1.0,1.0,1.0,1.0,none,0:1.0500|1:0.9300|2:1.0300|3:0.9400|4:0.9500|5:1.1000|6:0.8200|,Osman Uysal:4:38835,2212830,7,157106,940,31,35.32404270676958,35.674441886551925,none,483199
Temkinli,23,1000,2013,11,1419,1280,139,6297,154,78,0,0,119,2946731,1897105,1030688,316500,68160,73215,80520,0,283,492010,922001,457138,0,464863,464863,861714,11565938,92660,0,468003,1165050,0,4.0,0.0,2.0,1.0,1.0,542.4999999666667,558.409091,347.136364,346.1818182,541.3242424333333,1.220071,27.769709266666666,1.0,1.0,1.0,1.0,none,0:1.0500|1:0.9300|2:1.0300|3:0.9400|4:0.9500|5:1.1000|6:0.8200|,Osman Uysal:4:38835,1918710,7,157106,971,30,34.97733590205553,36.011730134317155,none,334904
Temkinli,23,1031,2013,12,1367,1213,154,5443,204,97,0,0,121,3029160,1996721,1021145,327050,70432,76120,92070,0,0,455473,955493,365726,0,589767,589767,48174,11130003,95911,0,484264,1205700,0,4.0,0.0,2.0,1.0,1.0,536.6055718709678,562.045455,354.272727,351.2947213870968,539.6070381290323,1.227345,26.240355935483873,1.0,1.0,1.0,1.0,none,0:1.0500|1:0.9300|2:1.0300|3:0.9400|4:0.9500|5:1.1000|6:0.8200|,Osman Uysal:4:38835,2002794,7,162619,1001,31,33.710500600826634,33.978932465280394,none,292854
Temkinli,23,1062,2014,1,1404,1233,171,5771,185,107,0,0,131,3218015,2088006,1115540,333050,71827,76586,92628,0,0,541449,1162108,638728,0,523380,523380,0,11621461,95911,0,500525,1260150,0,4.0,0.0,2.0,1.0,1.0,546.9208212258064,565.227273,354.363636,353.3343106451613,546.0351906129032,1.234907,25.66160412903226,1.0,1.0,1.0,1.0,none,0:1.0500|1:0.9300|2:1.0300|3:0.9400|4:0.9500|5:1.1000|6:0.8200|,Osman Uysal:4:40650,2143224,7,162619,1032,31,34.66546924113157,35.20750678210249,none,378830
Temkinli,23,1090,2014,2,1308,1160,148,5549,154,105,0,0,108,2982210,1911611,1054662,301000,64876,69623,84224,0,319,534620,1193449,649075,0,544374,544374,0,12370284,95911,0,516786,1138200,0,4.0,0.0,2.0,1.0,1.0,553.1737012857143,569.545455,351.272727,352.12824667857143,551.1038960714286,1.243005,25.45407092857143,1.0,1.0,1.0,1.0,none,0:1.0500|1:0.9300|2:1.0300|3:0.9400|4:0.9500|5:1.1000|6:0.8200|,Osman Uysal:4:40650,1897420,7,162619,1063,28,35.36511513273713,36.49865744095315,none,372001
Temkinli,23,1121,2014,3,1409,1244,165,6292,132,104,0,0,143,3084480,1959477,1105933,333250,71827,77547,85281,0,0,538028,983656,406320,0,577336,577336,0,12814889,95911,0,533047,1260150,0,4.0,0.0,2.0,1.0,1.0,554.2082111612904,572.954545,350.81818200000004,351.3900292258064,552.8475073870968,1.250366,26.845104645161292,1.0,1.0,1.0,1.0,none,0:1.0500|1:0.9300|2:1.0300|3:0.9400|4:0.9500|5:1.1000|6:0.8200|,Osman Uysal:4:40650,1997502,7,162619,1091,31,35.85476320157693,36.699208901128685,none,375409
Temkinli,23,1151,2014,4,1352,1175,177,5556,160,71,0,0,141,2955835,1861321,1075768,322500,69510,75526,83070,0,0,525162,475881,33533,0,442348,442348,0,12697677,95911,0,549308,1219500,0,4.0,0.0,2.0,1.0,1.0,562.4772728333334,575.454545,354.40909100000005,352.9803029,556.769697,1.258565,23.352032333333334,1.0,1.0,1.0,1.0,none,0:1.0500|1:0.9300|2:1.0300|3:0.9400|4:0.9500|5:1.1000|6:0.8200|,Osman Uysal:4:40650,1891488,8,162619,1122,30,36.39472433339479,36.99139358737889,none,362543
Temkinli,23,1182,2014,5,1438,1307,131,6072,164,39,0,0,119,3083665,1953717,1115971,333250,71827,78540,86366,0,0,545988,887464,430534,0,456930,456930,0,13124228,95911,0,565569,1260150,0,4.0,0.0,2.0,1.0,1.0,563.7976540322582,579.772727,358.636364,356.5087975483871,562.3973606451614,1.266552,24.411565419354837,1.0,1.0,1.0,1.0,none,0:1.0500|1:0.9200|2:1.0300|3:0.9300|4:0.9400|5:1.1000|6:0.8200|,Osman Uysal:4:40650,1970472,8,162619,1152,31,36.1897612094699,36.389170576527384,none,383369
Temkinli,23,1212,2014,6,1435,1253,182,5646,143,12,0,0,156,2609570,1676202,921409,322500,69510,76516,96750,0,0,356133,479416,-57832,0,537248,537248,0,13023907,100789,0,582658,1221421,0,4.0,0.0,2.0,1.0,1.0,565.1969697666666,582.954545,365.4121214,362.2318181333333,562.5833335,1.274857,25.313429199999998,1.0,1.0,1.0,1.0,none,0:1.0500|1:0.9250|2:1.0300|3:0.9350|4:0.9450|5:1.1000|6:0.8200|,Osman Uysal:4:40650,1708686,8,170887,1183,30,35.308843985790766,35.34782722723104,none,185246
Temkinli,23,1243,2014,7,1465,1292,173,6207,123,45,0,0,146,2901135,1820536,1061900,342250,73935,79563,100626,0,619,464907,1026108,488248,0,537860,537860,0,13532190,100789,0,599747,1319701,0,4.0,0.0,2.0,1.0,1.0,572.0454544193549,587.954545,358.272727,360.3841642903226,571.0337244516129,1.282947,24.59982951612903,1.0,1.0,1.0,1.0,none,0:1.0500|1:0.9300|2:1.0300|3:0.9400|4:0.9500|5:1.1000|6:0.8200|,Osman Uysal:4:42571,1817838,8,170887,1213,31,36.60291575538539,37.36988481734224,none,294020
Temkinli,23,1274,2014,8,1354,1178,176,5684,143,36,0,0,156,2873007,1813834,1044950,342550,73935,80090,101277,0,985,446113,737533,196647,0,540886,426854,0,13570136,100789,0,616836,1319701,0,4.0,0.0,2.0,1.0,1.0,578.3577712258063,590.681818,369.8328444193548,366.2947213548387,576.8005864193549,1.291361,23.168520322580648,1.0,1.0,1.0,1.0,none,0:1.0500|1:0.9300|2:1.0300|3:0.9400|4:0.9500|5:1.1000|6:0.8200|,Osman Uysal:4:42571,1872980,8,170887,1244,31,36.37130017434695,36.05465979379706,none,275226
Temkinli,23,1304,2014,9,1331,1169,162,5562,161,33,0,0,129,3032270,1929549,1087637,331500,71550,78016,85800,0,0,520771,1411967,802618,0,609349,723381,0,14300908,100789,0,633925,1277130,0,4.0,0.0,2.0,1.0,1.0,577.8484849666667,594.3181820000001,367.272727,367.4863636,574.9454544333333,1.299829,23.015450633333334,1.0,1.0,1.0,1.0,none,0:1.0500|1:0.9300|2:1.0300|3:0.9400|4:0.9500|5:1.1000|6:0.8200|,Osman Uysal:4:42571,1907676,8,170887,1275,30,35.868738601773586,36.44134465089301,none,349884
Temkinli,23,1335,2014,10,1299,1147,152,5392,190,45,0,0,119,2904460,1804907,1081484,342550,73935,81113,89218,0,0,494668,1357207,725576,0,631631,631631,0,15014467,100789,0,651014,1319701,0,4.0,0.0,2.0,1.0,1.0,590.4325510645162,599.318182,365.5,366.4838709354839,584.4970673548387,1.308077,23.11799,1.0,1.0,1.0,1.0,none,0:1.0500|1:0.9300|2:1.0300|3:0.9400|4:0.9500|5:1.1000|6:0.8200|,Osman Uysal:4:42571,1818916,8,170887,1305,31,37.23528642157234,38.09623142541441,none,323781
Temkinli,23,1365,2014,11,1349,1175,174,5644,176,55,0,0,138,2990065,1883623,1093397,331500,71550,79007,86910,0,0,524430,1642758,814481,0,828277,671317,0,15990385,100789,0,668103,1277130,0,4.0,0.0,2.0,1.0,1.0,580.7575755,602.272727,365.363636,366.06666673333336,577.2863636333333,1.316655,24.731888966666666,1.0,1.0,1.0,1.0,none,0:1.0500|1:0.9250|2:1.0300|3:0.9350|4:0.9450|5:1.1000|6:0.8200|,Osman Uysal:4:42571,1922940,8,170887,1336,30,36.56766658918786,37.088442507970356,none,353543
Temkinli,23,1396,2014,12,1393,1215,178,5666,208,79,0,0,140,3468035,2199318,1256283,342550,73935,82167,99417,0,0,658214,1806560,1096408,0,710152,867112,0,16903902,105665,0,686018,1321792,0,4.0,0.0,2.0,1.0,1.0,585.6818183548387,606.818182,373.136364,370.4530790967742,588.8416422580644,1.32501,23.883475161290324,1.0,1.0,1.0,1.0,none,0:1.0500|1:0.9300|2:1.0300|3:0.9400|4:0.9500|5:1.1000|6:0.8200|,Osman Uysal:4:42571,2233608,8,179156,1366,31,36.22463441112907,36.29025994897229,none,479058
Temkinli,23,1427,2015,1,1323,1134,189,5220,186,62,0,0,156,3194660,2020358,1156387,351550,76012,82696,100068,0,0,546061,1972108,1277569,0,694539,694539,0,18249577,105665,0,703933,1384522,0,4.0,0.0,2.0,1.0,1.0,589.281525032258,610.227273,372.0,371.6290325806452,591.0659824193548,1.3337,22.579927,1.0,1.0,1.0,1.0,none,0:1.0500|1:0.9300|2:1.0300|3:0.9400|4:0.9500|5:1.1000|6:0.8200|,Osman Uysal:4:44662,1990986,8,179156,1397,31,36.19749832533039,36.872278495471875,none,366905
Temkinli,23,1455,2015,2,1220,1049,171,5032,178,55,0,0,147,3068745,1936467,1116347,317800,68656,75225,91000,0,0,563666,540348,-86755,0,627103,627103,0,17859969,105665,0,721848,1250536,0,4.0,0.0,2.0,1.0,1.0,589.6347402142857,614.5454550000001,370.136364,370.64610392857145,593.0454546071429,1.342972,22.931213000000003,1.0,1.0,1.0,1.0,none,0:1.0500|1:0.9300|2:1.0300|3:0.9400|4:0.9500|5:1.1000|6:0.8200|,Osman Uysal:4:44662,1965708,9,179156,1428,28,36.37796558527997,37.22616074733238,none,384510
Temkinli,23,1486,2015,3,1340,1149,191,5364,154,55,0,0,161,2954555,1888198,1052519,351850,76012,83812,92163,0,0,448682,1359036,610847,0,748189,748189,0,18411072,105665,0,739763,1384522,0,4.0,0.0,2.0,1.0,1.0,596.840175967742,618.409091,385.227273,380.2023460645161,596.0586508709678,1.351403,24.519800129032255,1.0,1.0,1.0,1.0,none,0:1.0500|1:0.9300|2:1.0300|3:0.9400|4:0.9500|5:1.1000|6:0.8200|,Osman Uysal:4:44662,1935852,9,179156,1456,31,35.62360490835337,35.45553926972557,none,269526
Temkinli,23,1516,2015,4,1326,1136,190,5138,157,45,0,0,164,2904615,1857170,1026139,340500,73560,81678,89820,0,0,440581,1558340,851502,0,706838,706838,0,19072490,105665,0,757678,1339860,0,4.0,0.0,2.0,1.0,1.0,604.5909089333334,622.954545,388.7,386.71363643333336,602.4075757333334,1.360799,22.047590500000002,1.0,1.0,1.0,1.0,none,0:1.0500|1:0.9300|2:1.0300|3:0.9400|4:0.9500|5:1.1000|6:0.8200|,Osman Uysal:4:44662,1876712,9,179156,1487,30,35.32788338557778,35.70859332209031,none,261425
Temkinli,23,1547,2015,5,1320,1127,193,5545,180,49,0,0,165,3092740,1992200,1079913,351850,76012,84959,93434,0,892,472766,1845869,924415,0,921454,738520,0,20214907,105665,0,775593,1384522,0,4.0,0.0,2.0,1.0,1.0,603.9149561935484,626.818182,390.5,388.9882696774194,608.1173021290322,1.369954,22.93506574193548,1.0,1.0,1.0,1.0,none,0:1.0500|1:0.9300|2:1.0300|3:0.9400|4:0.9500|5:1.1000|6:0.8200|,Osman Uysal:4:44662,2025708,9,179156,1517,31,34.91767817533967,35.33857772602524,none,293610
Temkinli,23,1577,2015,6,1334,1167,167,5385,151,37,0,0,144,2772589,1750307,1005400,340500,73560,82789,104700,0,746,403105,359283,-271488,0,630771,813705,0,19082902,110542,0,794335,1342081,0,4.0,0.0,2.0,1.0,1.0,611.0227274333333,632.045455,384.363636,386.50909083333335,611.4848485,1.379479,23.533290833333336,1.0,1.0,1.0,1.0,none,0:1.0500|1:0.9300|2:1.0300|3:0.9400|4:0.9500|5:1.1000|6:0.8200|,Osman Uysal:4:44662,1770162,10,187425,1548,30,36.26213621997346,37.09503448184967,none,215680
Temkinli,23,1608,2015,7,1409,1232,177,5735,140,24,0,0,163,3047625,1925647,1103311,360850,78120,86137,108934,0,1426,467844,1653827,916789,0,737038,737038,0,19927380,110542,0,813077,1453373,0,4.0,0.0,2.0,1.0,1.0,616.8035187096774,635.227273,393.909091,390.8504397741935,616.7096775483872,1.38876,22.54492741935484,1.0,1.0,1.0,1.0,none,0:1.0500|1:0.9300|2:1.0300|3:0.9400|4:0.9500|5:1.1000|6:0.8200|,Osman Uysal:4:46883,1956186,10,187425,1578,31,36.20232147984086,36.13702272256189,none,280419
Temkinli,23,1639,2015,8,1352,1159,193,5696,141,8,0,0,175,3094825,1961997,1113255,361150,78120,86726,109678,0,714,476867,2244068,1116900,0,1127168,1127168,0,20586521,110542,0,831819,1453373,0,4.0,0.0,2.0,1.0,1.0,618.4237536774193,640.909091,393.363636,392.4912022580645,619.9809383225806,1.398416,23.08141512903226,1.0,1.0,1.0,1.0,none,0:1.0500|1:0.9300|2:1.0300|3:0.9400|4:0.9500|5:1.1000|6:0.8200|,Osman Uysal:4:46883,1979982,10,187425,1609,31,35.97150081183912,36.392540929922724,none,289442
Temkinli,23,1669,2015,9,1256,1088,168,5109,171,48,0,0,141,3013745,1900980,1095938,349500,75600,84499,92940,0,1249,492150,2934083,1792177,0,1141906,1141906,0,22389673,110542,0,850561,1406490,0,4.0,0.0,2.0,1.0,1.0,621.2196969333332,644.090909,391.681818,392.0045455333333,622.3060605666667,1.408139,22.683248166666665,1.0,1.0,1.0,1.0,none,0:1.0500|1:0.9300|2:1.0300|3:0.9400|4:0.9500|5:1.1000|6:0.8200|,Osman Uysal:4:46883,1911822,10,187425,1640,30,36.36465593472573,36.94954942131629,none,304725
Temkinli,23,1700,2015,10,1295,1086,209,5157,166,39,0,0,175,3025555,1951226,1053855,361150,78120,87905,96689,0,459,429532,2788698,1704882,0,1083816,1083816,0,23860994,110542,0,869303,1453373,0,4.0,0.0,2.0,1.0,1.0,620.4692081290322,648.8636359999999,400.909091,397.6348973225807,621.2976539032258,1.417612,22.46501158064516,1.0,1.0,1.0,1.0,none,0:1.0500|1:0.9300|2:1.0300|3:0.9400|4:0.9500|5:1.1000|6:0.8200|,Osman Uysal:4:46883,1977108,10,187425,1670,31,34.83179119202923,35.386142334298185,none,242107
Temkinli,23,1730,2015,11,1346,1150,196,5702,152,67,0,0,162,3504480,2256778,1232717,349500,75600,85669,94200,0,1021,626727,3195886,1739486,0,1456400,1456400,0,25586595,110542,0,888045,1406490,0,4.0,0.0,2.0,1.0,1.0,620.9545453333334,653.863636,399.272727,398.8636362666667,623.2303030666667,1.427469,24.353431266666668,1.0,1.0,1.0,1.0,none,0:1.0500|1:0.9200|2:1.0300|3:0.9300|4:0.9400|5:1.1000|6:0.8200|,Osman Uysal:4:46883,2276874,10,187425,1701,30,35.17546112404693,35.700168393860906,none,439302
Temkinli,23,1761,2015,12,1352,1180,172,5699,209,74,0,0,135,3563610,2251059,1293823,361150,78120,89114,107818,0,3141,654480,2527256,1438323,0,1088933,1088933,0,26383514,118670,0,908165,1456915,0,4.0,0.0,2.0,1.0,1.0,633.753665516129,658.181818,396.6143697096774,397.5278591612903,627.9633430645162,1.437072,24.220896516129034,1.0,1.0,1.0,1.0,none,0:1.0500|1:0.9250|2:1.0300|3:0.9350|4:0.9450|5:1.1000|6:0.8200|,Osman Uysal:4:46883,2259878,11,201206,1731,31,36.3065262472605,37.41821289717122,none,453274
Temkinli,23,1792,2016,1,1377,1189,188,5593,156,89,0,0,160,3762475,2409813,1344328,412100,89686,89747,108562,0,33672,610561,4076241,2399568,0,1676673,1327003,0,29107483,118670,0,928285,1563175,0,3.870967741935484,0.0,2.0,0.8709677419354839,1.0,640.8431083225806,662.272727,412.045455,407.8401759677419,639.4501465806452,1.447064,22.773990322580644,1.0,1.0,1.0,1.0,none,0:1.0500|1:0.9300|2:1.0300|3:0.9400|4:0.9500|5:1.1000|6:0.8200|,Osman Uysal:4:50425,2420454,11,201206,1762,31,35.729885248406966,35.70260027005096,none,409355
Temkinli,23,1821,2016,2,1284,1061,223,5092,198,103,0,0,165,3289960,2116867,1158070,426300,92974,84913,102689,0,470,450724,4403314,2942672,0,1460642,1810312,0,31620056,118670,0,948405,1462325,0,4.0,0.0,2.0,1.0,1.0,641.5047020689656,669.318182,411.8181819999999,410.77272737931037,644.2115986551725,1.463258,22.743807310344827,1.0,1.0,1.0,1.0,none,0:1.0500|1:0.9300|2:1.0300|3:0.9400|4:0.9500|5:1.1000|6:0.8200|,Osman Uysal:4:50425,2190964,11,201206,1793,29,35.20012401366582,35.80433928670923,none,249518
Temkinli,23,1852,2016,3,1315,1125,190,5486,140,61,0,0,164,3310040,2060463,1228527,455700,99386,91700,100843,0,724,480174,3755643,2372044,0,1383599,1383599,0,33211191,118670,0,968525,1563175,0,4.0,0.0,2.0,1.0,1.0,656.2170087741936,676.590909,406.409091,408.189149516129,653.3299120322581,1.47857,22.18170519354839,1.0,1.0,1.0,1.0,none,0:1.0500|1:0.9300|2:1.0300|3:0.9400|4:0.9500|5:1.1000|6:0.8200|,Osman Uysal:4:50425,2071836,12,201206,1822,31,37.115170813645754,38.06788218440606,none,278968
Temkinli,23,1882,2016,4,1296,1100,196,5213,128,41,0,0,170,3263560,2091979,1155824,441000,96180,89733,98670,0,401,429840,4807206,3145051,0,1662155,1662155,0,31127134,118670,0,988645,1974290,0,4.0,0.0,2.0,1.0,1.0,656.1287877,684.545455,424.636364,419.20303036666667,657.4590908666667,1.495116,22.727084833333333,1.0,1.0,1.0,1.0,none,0:1.0500|1:0.9300|2:1.0300|3:0.9400|4:0.9500|5:1.1000|6:0.8200|,Osman Uysal:4:50425|Murat Özdemir:6:23078,2125658,12,201206,1853,30,35.416048732059465,35.28155265241077,none,228634
Temkinli,23,1913,2016,5,1319,1108,211,5158,180,48,0,0,172,3121560,1961516,1134781,455700,99386,93746,103075,0,772,382102,5461795,3313933,0,2147862,2147862,0,32590470,118670,0,1008765,2278562,0,4.0,0.0,2.0,1.0,1.0,674.8680351612903,692.272727,424.636364,423.2697947096774,668.1554251612904,1.511305,21.22335970967742,1.0,1.0,1.0,1.0,none,0:1.0500|1:0.9300|2:1.0300|3:0.9400|4:0.9500|5:1.1000|6:0.8200|,Osman Uysal:4:50425|Murat Özdemir:6:23078,2000920,12,201206,1883,31,36.35300939273953,37.0786076868326,none,180896
Temkinli,23,1943,2016,6,1294,1117,177,5602,136,35,0,0,158,3214480,1995044,1200201,441000,96180,91714,115980,0,836,454491,5031440,3341998,0,1689442,1689442,0,35638092,128424,0,1030539,2210665,0,4.0,0.0,2.0,1.0,1.0,675.7878788333333,698.863636,419.181818,420.9969696333334,675.9424242333333,1.528217,21.699444266666667,1.0,1.0,1.0,1.0,none,0:1.0500|1:0.9300|2:1.0300|3:0.9400|4:0.9500|5:1.1000|6:0.8200|,Osman Uysal:4:50425|Murat Özdemir:6:23078,1999450,12,217744,1914,30,37.337329832507905,37.97139144850198,none,236747
Temkinli,23,1974,2016,7,1292,1118,174,5377,141,24,0,0,156,3239258,2012546,1212497,473700,103571,95824,121148,0,830,417424,2996951,1157939,0,1839012,1461168,0,36414749,128424,0,1052313,2452317,0,4.0,0.0,2.0,1.0,1.0,685.197947483871,706.818182,433.5674490322581,427.8680351612903,684.2932550322581,1.544764,21.273282967741935,1.0,1.0,1.020737322580645,0.9937788064516129,0,0:1.0500|1:0.9300|2:1.0300|3:0.9400|4:0.9500|5:1.1000|6:0.8200|,Osman Uysal:4:54270|Murat Özdemir:6:24837,2070236,13,217744,1944,31,37.43131914778014,36.72376710637127,none|0,199680
Temkinli,23,2005,2016,8,1251,1036,215,4926,197,20,0,0,171,2855775,1805493,1032947,474300,103571,96879,122512,0,1292,234393,2321411,709378,0,1612033,1989877,622398,35346573,128424,0,1074087,2452317,0,4.0,0.0,2.0,1.0,1.0,695.5938416774194,715.0,453.90469229032266,443.7917888064516,693.7844575483871,1.562051,20.605421870967742,1.0,1.0,1.2413594516129032,0.9275921612903226,0,0:1.0500|1:0.9300|2:1.0300|3:0.9400|4:0.9500|5:1.1000|6:0.8200|,Osman Uysal:4:54270|Murat Özdemir:6:24837,1844160,13,217744,1975,31,36.17046160849507,34.745728743696915,0,16649
Temkinli,23,2035,2016,9,1218,1054,164,5081,209,34,0,0,124,3418200,2247644,1150362,459000,100230,94804,104250,0,811,391267,5580809,3748110,0,1832699,1832699,0,38317236,128424,0,1095861,2373210,0,4.0,0.0,2.0,1.0,1.0,703.9848485666666,723.1818179999999,470.045455,463.36818186666665,699.0242423666666,1.579531,20.857892933333336,1.0,1.0,1.25,0.925,0,0:1.0500|1:0.9300|2:1.0300|3:0.9400|4:0.9500|5:1.1000|6:0.8200|,Osman Uysal:4:54270|Murat Özdemir:6:24837,2281134,13,217744,2006,30,33.654028436018955,33.23074268472879,0,173523
Temkinli,23,2066,2016,10,1352,1131,221,5437,163,65,0,0,186,3525090,2339285,1168627,474300,103571,99019,108903,0,1508,381326,6362924,3754901,0,2608023,2608023,0,42158960,128424,0,1117635,2452317,0,4.0,0.0,2.0,1.0,1.0,700.7331380967742,731.1363640000001,464.4750732903226,465.2580645483871,703.1348973225806,1.596634,22.37636764516129,1.0,1.0,1.25,0.925,0,0:1.0500|1:0.9200|2:1.0300|3:0.9300|4:0.9400|5:1.1000|6:0.8200|,Osman Uysal:4:54270|Murat Özdemir:6:24837,2392060,13,217744,2036,31,33.15169258089865,33.71584016251039,0,163582
Temkinli,23,2096,2016,11,1295,1100,195,5111,166,47,0,0,159,3298045,2141238,1143882,459000,100230,96905,106560,0,594,380593,6467951,4262845,0,2205106,2205106,0,46400808,128424,0,1139409,2373210,0,4.0,0.0,2.0,1.0,1.0,712.6363639333333,738.863636,465.045455,463.89393939999997,708.0045455333333,1.614501,22.530859933333332,1.0,1.0,1.25,0.925,0,0:1.0500|1:0.9300|2:1.0300|3:0.9400|4:0.9500|5:1.1000|6:0.8200|,Osman Uysal:4:54270|Murat Özdemir:6:24837,2106480,13,217744,2067,30,34.68363833725738,34.74295187054127,0,162849
Temkinli,23,2127,2016,12,1282,1059,223,5032,168,52,0,0,178,3511195,2339984,1150059,474300,103571,101220,122419,0,1519,347030,4613463,2833105,0,1780358,1780358,0,48586957,138178,0,1162837,2457892,0,4.0,0.0,2.0,1.0,1.0,717.697947483871,747.045455,483.5,476.6304985483871,722.8093841612903,1.631982,22.69806961290323,1.0,1.0,1.25,0.925,0,0:1.0500|1:0.9300|2:1.0300|3:0.9400|4:0.9500|5:1.1000|6:0.8200|,Osman Uysal:4:54270|Murat Özdemir:6:24837,2373614,14,234281,2097,31,32.754062363383404,32.631826286382704,0,112749
Temkinli,23,2158,2017,1,1234,1031,203,4673,248,58,0,0,159,3566050,2349737,1193439,492300,107756,102335,123814,0,2291,364943,6569918,3714863,0,2855055,2855055,0,51248555,138178,0,1186265,2625142,0,4.0,0.0,2.0,1.0,1.0,735.2272726451613,755.909091,479.27126087096775,479.36217003225806,727.0513196774193,1.650245,21.626542290322583,0.9419354838709677,0.9419354838709677,1.2458870967741935,0.8729952903225807,1,0:1.0500|1:0.9300|2:1.0300|3:0.9400|4:0.9500|5:1.1000|6:0.8200|,Osman Uysal:4:58094|Murat Özdemir:6:26587,2413154,15,234281,2128,31,33.46669283941616,34.81318243994523,0|1,130662
Temkinli,23,2186,2017,2,1110,916,194,4237,221,30,0,0,165,3208105,2130083,1060650,445200,97328,93411,112980,0,1675,310056,6776940,4187210,0,2589730,2589730,0,54518862,138178,0,1209693,2371096,0,4.0,0.0,2.0,1.0,1.0,736.2662335714285,763.4090910000001,488.90746753571426,485.2337662142857,738.4821428928572,1.667464,21.95386332142857,0.9,0.9,1.2237500000000001,0.7945446428571429,1,0:1.0500|1:0.9300|2:1.0300|3:0.9400|4:0.9500|5:1.1000|6:0.8200|,Osman Uysal:4:58094|Murat Özdemir:6:26587,2164294,16,234281,2159,28,33.06157373277994,33.59637516389197,1,75775
Temkinli,23,2217,2017,3,1417,1194,223,6001,212,44,0,0,186,3913760,2670470,1222836,492900,107756,104381,114793,0,2586,400420,9441219,6507509,0,2933710,2933710,0,59934314,138178,0,1233121,2625142,0,4.0,0.0,2.0,1.0,1.0,725.4765394838711,770.681818,493.3299120645162,490.94868025806454,731.2199412903226,1.683171,26.59841141935484,0.9,0.9,1.1991666774193548,0.8,1,0:1.0500|1:0.9100|2:1.0300|3:0.9200|4:0.9300|5:1.1000|6:0.8200|,Osman Uysal:4:58094|Murat Özdemir:6:26587,2702856,17,234281,2187,31,31.244532112342096,31.99919153616077,1,166139
Temkinli,23,2247,2017,4,1283,1065,218,4967,230,35,0,0,173,3365945,2221591,1119595,477000,104280,102065,112260,0,1905,322085,13547993,8863243,0,4684750,3749460,0,69621532,138178,0,1256549,2540460,0,4.0,0.0,2.0,1.0,1.0,746.1818180333333,778.863636,487.03484846666663,488.98484840000003,743.680303,1.700734,24.626452633333333,0.9,0.9,1.1737499999999998,0.8,1,0:1.0500|1:0.9300|2:1.0300|3:0.9400|4:0.9500|5:1.1000|6:0.8200|,Osman Uysal:4:58094|Murat Özdemir:6:26587,2263052,17,234281,2218,30,33.26242704500519,34.72973520712215,1,87804
Temkinli,23,2278,2017,5,1318,1068,250,5271,220,33,0,0,210,3491780,2250420,1216815,492900,107756,106552,117149,0,1688,390770,13141242,9304609,0,3836633,4771923,0,77031239,138178,0,1279977,2625142,0,4.0,0.0,2.0,1.0,1.0,757.3973604516129,785.681818,485.75219938709677,486.7785923548387,757.2521994193548,1.717904,23.49707351612903,0.9,0.9,1.1483333225806451,0.8,1,0:1.0500|1:0.9300|2:1.0300|3:0.9400|4:0.9500|5:1.1000|6:0.8200|,Osman Uysal:4:58094|Murat Özdemir:6:26587,2255054,18,234281,2248,31,34.84798584103237,35.86560704443734,1,156489
Temkinli,23,2308,2017,6,1273,1069,204,5170,221,36,0,0,164,3253485,2064052,1164552,477000,104280,104195,131760,0,2883,344434,11294932,7555460,0,3739472,3739472,0,81241351,147931,0,1305058,2546510,0,4.0,0.0,2.0,1.0,1.0,769.8787880333333,794.545455,489.02727276666667,487.61818179999995,761.1348484666667,1.735829,23.03584353333333,0.9,0.9,1.1229166666666666,0.8,1,0:1.0500|1:0.9300|2:1.0300|3:0.9400|4:0.9500|5:1.1000|6:0.8200|,Osman Uysal:4:58094|Murat Özdemir:6:26587,2070708,19,250819,2279,30,35.7939870631031,36.4799653701469,1,93615
Temkinli,23,2339,2017,7,1281,1069,212,5408,183,42,0,0,190,3504466,2214094,1271413,510900,111941,108753,137516,0,6138,396165,13785303,8535352,0,5249951,5249951,0,88794714,147931,0,1330139,2812692,0,4.0,0.0,2.0,1.0,1.0,774.1568915483871,802.272727,487.7463342580645,488.01612903225805,772.0014662258064,1.753354,23.30151864516129,0.9,0.9,1.0975,0.8,1,0:1.0500|1:0.9300|2:1.0300|3:0.9400|4:0.9500|5:1.1000|6:0.8200|,Osman Uysal:4:62245|Murat Özdemir:6:28487,2251414,20,250819,2309,31,36.27979269880204,36.99644870660188,1,145346
Temkinli,23,2370,2017,8,1274,1057,217,5115,231,40,0,0,172,3304257,2078161,1210882,511500,111941,109870,138942,0,3856,334773,17924335,13028579,0,4895756,4895756,0,97383186,147931,0,1355220,2812692,0,4.0,0.0,2.0,1.0,1.0,791.4296188387096,810.681818,504.1246334516129,498.22727274193545,783.7170088387097,1.7716490000000003,22.28241029032258,0.9,0.9,1.0716666774193546,0.8,1,0:1.0500|1:0.9300|2:1.0300|3:0.9400|4:0.9500|5:1.1000|6:0.8200|,Osman Uysal:4:62245|Murat Özdemir:6:28487,2150240,21,250819,2340,31,36.64612044402115,36.302025922237874,1,83954
Temkinli,23,2400,2017,9,1251,1023,228,4795,218,35,0,0,190,3471555,2247951,1186059,495000,108330,107436,118140,0,1121,356032,23228618,17304591,0,5924027,5924027,0,113133442,147931,0,1380301,2721960,0,4.0,0.0,2.0,1.0,1.0,772.3484848,819.545455,495.2939394333333,497.92727283333335,777.7969695333334,1.790134,24.193601933333333,0.9,0.9,1.04625,0.8,1,0:1.0500|1:0.9200|2:1.0300|3:0.9300|4:0.9400|5:1.1000|6:0.8200|,Osman Uysal:4:62245|Murat Özdemir:6:28487,2251514,22,250819,2371,30,34.16506435876718,35.87170180548876,1,105213
Temkinli,23,2431,2017,10,1212,991,221,4518,260,37,0,0,176,3493445,2204918,1270128,511500,111941,112134,123318,0,1189,410046,22910769,14807880,0,8102889,8102889,0,126640435,147931,0,1405382,2812692,0,4.0,0.0,2.0,1.0,1.0,803.4457479032258,827.727273,510.4882698064516,505.5850439677419,798.8255133548387,1.808208,21.618679258064518,0.9,0.9,1.0208333225806452,0.8,1,0:1.0500|1:0.9300|2:1.0300|3:0.9400|4:0.9500|5:1.1000|6:0.8200|,Osman Uysal:4:62245|Murat Özdemir:6:28487,2245616,23,250819,2401,31,36.35746376427853,36.46263345861413,1,159227
Temkinli,23,2461,2017,11,1132,949,183,4511,263,17,0,0,147,3356318,2109627,1226811,495000,108330,109657,120600,0,1896,391328,24847339,18140194,0,6707145,6707145,0,141558755,147931,0,1430463,2721960,0,4.0,0.0,2.0,1.0,1.0,811.0833332,836.136364,509.8939392,508.4757577666667,807.6636362333334,1.827075,21.3453492,0.9,0.9,1.00125,0.8,1,0:1.0500|1:0.9300|2:1.0300|3:0.9400|4:0.9500|5:1.1000|6:0.8200|,Osman Uysal:4:62245|Murat Özdemir:6:28487,2107422,24,250819,2432,30,36.55228735775335,37.13421071195055,1,140509
Temkinli,23,2492,2017,12,1245,1000,245,4557,220,48,0,0,196,3637029,2253631,1355279,511500,111941,114460,138446,0,4491,474441,31276756,22102898,0,9173858,7377055,0,164456620,156060,0,1456923,2818230,0,4.0,0.0,2.0,1.0,1.0,821.9648093548387,845.227273,508.18181799999996,507.9721406129032,817.6979471612904,1.845521,21.43327119354839,0.9580645161290322,0.9580645161290322,1.0,0.8329032258064516,none,0:1.0500|1:0.9300|2:1.0300|3:0.9400|4:0.9500|5:1.1000|6:0.8200|,Osman Uysal:4:62245|Murat Özdemir:6:28487,2343316,25,264600,2462,31,37.26335423775835,38.1747476027748,1|none,209841
Temkinli,23,2523,2018,1,1227,1016,211,4960,171,79,0,0,189,4432340,2772081,1637574,526500,115444,115663,139903,0,6073,733991,29542206,21676872,0,7865334,9662137,0,183158983,156060,0,1483383,2984370,0,4.0,0.0,2.0,1.0,1.0,831.268328516129,854.090909,522.4662760967741,517.5117301290323,829.5835777419354,1.864777,20.736013,1.0,1.0,1.0,0.983225806451613,none,0:1.0500|1:0.9300|2:1.0300|3:0.9400|4:0.9500|5:1.1000|6:0.8200|,Osman Uysal:4:66045|Murat Özdemir:6:30226,2774496,26,264600,2493,31,36.94603753322173,37.14829999244501,none,469391
Temkinli,23,2551,2018,2,1292,1055,237,5171,149,89,0,0,201,4597983,2874866,1702518,476000,104272,105394,127484,0,7747,881621,34294936,25511104,0,8783832,8783832,0,207331634,156060,0,1509843,2695560,0,4.0,0.0,2.0,1.0,1.0,827.1103893571428,861.363636,512.2126626785714,515.3214285714286,833.775974,1.8813790000000001,22.735436535714285,1.0,1.0,1.0,1.0,2,0:1.0500|1:0.9300|2:1.0300|3:0.9400|4:0.9500|5:1.1000|6:0.8200|,Osman Uysal:4:66045|Murat Özdemir:6:30226,2832120,27,264600,2524,28,37.02749662188834,38.072031343158464,none|2,617021
Temkinli,23,2582,2018,3,972,798,174,3938,122,16,0,0,156,3260417,1979482,1255899,527000,115444,117617,129332,0,12022,354484,26072720,18210939,0,7861781,7861781,0,226316099,156060,0,1536303,2984370,0,4.0,0.0,2.0,1.0,1.0,849.611437,867.954545,518.818182,516.4340177419355,841.5454545483872,1.896501,20.746524709677416,1.0,1.0,1.0,1.0,2,0:1.0500|1:0.9300|2:1.0300|3:0.9400|4:0.9500|5:1.1000|6:0.8200|,Osman Uysal:4:66045|Murat Özdemir:6:30226,2089588,28,264600,2552,31,38.51958200438778,38.934651841321674,2,89884
Temkinli,23,2612,2018,4,861,711,150,3527,111,7,0,0,129,2841298,1735198,1091368,510000,111720,114843,126270,0,9940,218595,18930801,11131865,0,7798936,7798936,0,234993251,156060,0,1562763,2888100,0,4.0,0.0,2.0,1.0,1.0,853.8333330333334,875.6818179999999,525.318182,521.4287878333333,851.1606060666667,1.9133850000000001,20.819665999999998,1.0,1.0,1.0,1.0,2,0:1.0500|1:0.9300|2:1.0300|3:0.9400|4:0.9500|5:1.1000|6:0.8200|,Osman Uysal:4:66045|Murat Özdemir:6:30226,1762740,29,264600,2583,30,38.410895302076725,38.47532513942136,2,-46005
Temkinli,23,2643,2018,5,1023,847,176,4162,106,15,0,0,161,3396076,2089818,1287733,527000,115444,119694,131626,0,11475,382494,26331820,18063729,0,8268091,8268091,0,248517615,156060,0,1589223,2984370,0,4.0,0.0,2.0,1.0,1.0,852.5513194193549,883.409091,524.045455,522.9648091290322,855.3357771290323,1.929868,22.91168835483871,1.0,1.0,1.0,1.0,2,0:1.0500|1:0.9300|2:1.0300|3:0.9400|4:0.9500|5:1.1000|6:0.8200|,Osman Uysal:4:66045|Murat Özdemir:6:30226,2127224,30,264600,2613,31,37.918262135476354,38.53209266547023,2,117894
Temkinli,23,2673,2018,6,1004,824,180,4066,109,16,0,0,164,3057942,1865958,1164067,510000,111720,116854,147780,0,8906,268807,24944787,17046777,0,7898010,7898010,0,264050732,165814,0,1617337,2894053,0,4.0,0.0,2.0,1.0,1.0,870.9924242333333,890.909091,543.4166663000001,534.4212120666667,863.3939394333333,1.94705,19.902657933333334,1.0,1.0,1.0,1.0,2,0:1.0500|1:0.9300|2:1.0300|3:0.9400|4:0.9500|5:1.1000|6:0.8200|,Osman Uysal:4:66045|Murat Özdemir:6:30226,1905916,31,281137,2644,30,38.06700715710108,37.60948417222717,2,-12330
Temkinli,23,2704,2018,7,1081,880,201,4363,133,10,0,0,180,3371605,2080048,1275827,545000,119629,121803,154008,0,8725,326662,27401740,17511142,0,9890598,9890598,0,279630894,165814,0,1645451,3168913,0,4.0,0.0,2.0,1.0,1.0,873.7023459999999,898.409091,542.045455,540.4002932580646,867.9750731935484,1.963822,21.23045470967742,1.0,1.0,1.0,1.0,2,0:1.0500|1:0.9300|2:1.0300|3:0.9400|4:0.9500|5:1.1000|6:0.8200|,Osman Uysal:4:70128|Murat Özdemir:6:32095,2114130,32,281137,2674,31,37.84034606663592,37.95994053562951,2,45525
Temkinli,23,2735,2018,8,1000,794,206,3767,97,19,0,0,184,2811149,1712300,1089021,545600,119629,122888,155403,0,8280,137221,28581796,19370792,0,9211004,9211004,0,285093325,165814,0,1673565,3168913,0,4.0,0.0,2.0,1.0,1.0,882.9692084193548,907.045455,539.227273,540.2859237741935,878.4149559354839,1.9813059999999998,20.099505548387096,1.0,1.0,1.0,1.0,2,0:1.0500|1:0.9300|2:1.0300|3:0.9400|4:0.9500|5:1.1000|6:0.8200|,Osman Uysal:4:70128|Murat Özdemir:6:32095,1711110,33,281137,2705,31,38.73935533121866,38.93022906593806,2,-143916
Temkinli,23,2765,2018,9,1039,846,193,4041,185,23,0,0,161,3388120,2073768,1285861,528000,115770,119974,131940,0,7680,382497,35149498,23104253,0,12045245,10136020,0,300773254,165814,0,1701679,3066690,0,4.0,0.0,2.0,1.0,1.0,895.8560606,915.454545,553.9727268666667,548.2121212000001,883.3363637666666,1.998945,19.9061558,1.0,1.0,1.0,1.0,2,0:1.0500|1:0.9300|2:1.0300|3:0.9400|4:0.9500|5:1.1000|6:0.8200|,Osman Uysal:4:70128|Murat Özdemir:6:32095,2136774,34,281137,2736,30,37.95205010448272,38.16275278691052,2,101360
Temkinli,23,2796,2018,10,1072,887,185,4421,161,29,0,0,157,3766140,2328915,1415071,545600,119629,125028,137516,0,9055,478243,40432576,28939519,0,11493057,13402282,0,322262152,165814,0,1729793,3168913,0,4.0,0.0,2.0,1.0,1.0,886.656891451613,922.954545,547.318182,547.9926687096774,884.2331379354838,2.016165,21.243031064516128,1.0,1.0,1.0,1.0,2,0:1.0500|1:0.9250|2:1.0300|3:0.9350|4:0.9450|5:1.1000|6:0.8200|,Osman Uysal:4:70128|Murat Özdemir:6:32095,2328770,35,281137,2766,31,37.57351027842831,38.27170495410643,2,197106
Temkinli,23,2826,2018,11,1007,835,172,4261,98,31,0,0,158,3473200,2120367,1330951,528000,115770,122075,134250,0,6659,424197,32058745,21233589,0,10825156,10825156,0,295419248,165814,0,1757907,3066690,0,4.0,0.0,2.0,1.0,1.0,897.6666665333333,931.8181820000001,548.8181820000001,547.5393940333332,894.7242424666667,2.034115,23.5147126,1.0,1.0,1.0,1.0,2,0:1.0500|1:0.9250|2:1.0300|3:0.9350|4:0.9450|5:1.1000|6:0.8200|,Osman Uysal:4:70128|Murat Özdemir:6:32095,2149548,36,281137,2797,30,38.32059771968214,38.86169527498873,2,143060
Temkinli,23,2857,2018,12,846,677,169,3390,135,14,0,0,152,3141150,1898699,1223408,545600,119629,127230,153915,0,10594,266440,30059176,20374063,0,9685113,9685113,0,302370568,180444,0,1788501,3178023,0,4.0,0.0,2.0,1.0,1.0,919.6260997419355,939.318182,561.818182,555.6231671612903,908.4589442580645,2.051637,20.403945806451613,1.0,1.0,1.0,1.0,2,0:1.0500|1:0.9300|2:1.0300|3:0.9400|4:0.9500|5:1.1000|6:0.8200|,Osman Uysal:4:70128|Murat Özdemir:6:32095,1902826,37,305944,2827,31,38.94777390446174,38.907977692492985,2,-39504
Temkinli,23,2888,2019,1,901,716,185,3689,119,30,0,0,169,3503370,2131367,1345598,552350,121336,128395,155279,0,61739,326499,31767708,20033758,0,11733950,11733950,0,322624113,180444,0,1819095,3451323,0,3.806451612903226,0.0,2.0,0.8064516129032258,1.0,922.0454547419355,947.272727,560.545455,559.0689148709678,912.124633419355,2.069903,18.821086129032256,1.0,1.0,1.0,1.0,2,0:1.0500|1:0.9300|2:1.0300|3:0.9400|4:0.9500|5:1.1000|6:0.8200|,Osman Uysal:4:76378|Murat Özdemir:6:34955,2202442,38,305944,2858,31,38.408675075712814,39.20631004499806,2,20555
Temkinli,23,2916,2019,2,814,637,177,3146,129,14,0,0,156,3239345,1985981,1241966,572600,126000,117511,142128,0,7914,275813,35145087,22556042,0,12589045,12589045,0,338727459,180444,0,1849689,3117324,0,4.0,0.0,2.0,1.0,1.0,931.7370128571429,959.7727270000001,578.318182,570.387987,926.4707793928571,2.097689,18.50258092857143,1.0,1.0,1.0,1.0,2,0:1.0500|1:0.9300|2:1.0300|3:0.9400|4:0.9500|5:1.1000|6:0.8200|,Osman Uysal:4:76378|Murat Özdemir:6:34955,1988990,39,305944,2889,28,38.34003479098398,37.93117864593518,2,-30131
Temkinli,23,2947,2019,3,870,699,171,3485,101,12,0,0,150,3071075,1916333,1132835,633950,139500,131683,144801,0,8276,74625,31388687,17184337,0,14204350,11863751,0,337359537,180444,0,1880283,3451323,0,4.0,0.0,2.0,1.0,1.0,931.4809383548387,971.818182,585.772727,580.9090908709678,931.2126100645161,2.1231059999999995,20.025973387096773,1.0,1.0,1.0,1.0,2,0:1.0500|1:0.9300|2:1.0300|3:0.9400|4:0.9500|5:1.1000|6:0.8200|,Osman Uysal:4:76378|Murat Özdemir:6:34955,1990320,40,305944,2917,31,36.88724632254178,37.11382564257525,2,-231319
Temkinli,23,2977,2019,4,730,593,137,2968,127,5,0,0,111,2911515,1756160,1140161,613500,135000,129146,142020,0,8339,112156,29152710,17772493,0,11380217,13720816,0,338891868,180444,0,1910877,3339990,0,4.0,0.0,2.0,1.0,1.0,959.2727275333333,984.3181820000001,572.3181820000001,577.6439394,948.7530303,2.151607,18.550120699999997,1.0,1.0,1.0,1.0,2,0:1.0500|1:0.9300|2:1.0300|3:0.9400|4:0.9500|5:1.1000|6:0.8200|,Osman Uysal:4:76378|Murat Özdemir:6:34955,1752384,41,305944,2948,30,39.1604027456496,40.33832448550322,2,-193788
Temkinli,23,3008,2019,5,1041,836,205,3997,135,19,0,0,175,3504199,2105573,1379318,633950,139500,135188,148645,0,6699,315336,77498252,58259505,0,19238747,19238747,0,361077381,180444,0,1941471,3451323,0,4.0,0.0,2.0,1.0,1.0,964.5161292903225,997.727273,582.772727,579.1671553870968,959.8489736774194,2.179552,19.165434032258066,1.0,1.0,1.0,1.0,2,0:1.0500|1:0.9300|2:1.0300|3:0.9400|4:0.9500|5:1.1000|6:0.8200|,Osman Uysal:4:76378|Murat Özdemir:6:34955,2132676,42,305944,2978,31,39.361862725261894,39.57874738405919,2,9392
Temkinli,23,3038,2019,6,1096,884,212,4416,122,20,0,0,191,3531163,2129009,1380139,613500,135000,132597,167640,0,6652,324750,77119031,51340726,0,25778305,20149049,0,403053460,196700,0,1974821,3350052,0,4.0,0.0,2.0,1.0,1.0,979.590909,1010.6818179999999,601.227273,592.8015152,971.2272727333333,2.20881,19.461940733333332,1.0,1.0,1.0,1.0,none,0:1.0500|1:0.9300|2:1.0300|3:0.9400|4:0.9500|5:1.1000|6:0.8200|,Osman Uysal:4:76378|Murat Özdemir:6:34955,2127208,43,333506,3009,30,39.084545233397606,38.624657754964936,2|none,-8756
Temkinli,23,3069,2019,7,1159,937,222,4788,113,5,0,0,201,4046216,2455281,1570708,663950,146475,138785,175491,0,12614,433393,77800366,57796202,0,20004164,25633420,0,407058200,196700,0,2008171,3763245,0,4.0,0.0,2.0,1.0,1.0,986.781525064516,1024.318182,602.4237538709677,599.7507330645161,978.6524925806451,2.237498,19.62695764516129,1.0,1.0,1.0,1.0,none,0:1.0500|1:0.9300|2:1.0300|3:0.9400|4:0.9500|5:1.1000|6:0.8200|,Osman Uysal:4:83280|Murat Özdemir:6:38115,2520434,45,333506,3039,31,38.81918315779484,38.95064524727688,none,99887
Temkinli,23,3100,2019,8,1250,1032,218,4905,158,14,0,0,198,4278960,2632843,1608147,664950,146475,140646,177847,0,9186,469043,88571636,64432493,0,24139143,24139143,0,447476458,196700,0,2041521,3763245,0,4.0,0.0,2.0,1.0,1.0,993.7023461290323,1037.727273,620.0,612.9266861935483,996.1436951612902,2.267534,20.591794258064517,0.9709677419354839,0.9709677419354839,1.0,0.9745967741935483,3,0:1.0500|1:0.9300|2:1.0300|3:0.9400|4:0.9500|5:1.1000|6:0.8200|,Osman Uysal:4:83280|Murat Özdemir:6:38115,2663640,46,333506,3070,31,37.5826602725896,37.6070709287132,none|3,135537
Temkinli,23,3130,2019,9,1091,842,249,3863,228,36,0,0,204,3675955,2252166,1394355,643500,141750,137940,151680,0,11195,308290,91086775,58939418,0,32147357,32147357,0,475598618,196700,0,2074871,3641850,0,4.0,0.0,2.0,1.0,1.0,1013.9545454333334,1051.136364,624.6818179999999,621.2287878999999,1016.0833332666666,2.297973,19.71015913333333,0.95,0.95,1.0,0.925,3,0:1.0500|1:0.9300|2:1.0300|3:0.9400|4:0.9500|5:1.1000|6:0.8200|,Osman Uysal:4:83280|Murat Özdemir:6:38115,2335230,47,333506,3101,30,37.93177555220344,38.39153630569999,3,-25216
Temkinli,23,3161,2019,10,1082,862,220,4147,224,39,0,0,151,4099300,2471568,1600368,664950,146475,144398,158751,0,8525,477269,104900125,76861942,0,28038183,28038183,0,532185071,196700,0,2108221,3763245,0,4.0,0.0,2.0,1.0,1.0,1036.3782993225807,1065.227273,625.1363640000001,623.2668622258064,1027.0043988387097,2.327819,18.781224387096774,0.95,0.95,1.0,0.925,3,0:1.0500|1:0.9300|2:1.0300|3:0.9400|4:0.9500|5:1.1000|6:0.8200|,Osman Uysal:4:83280|Murat Özdemir:6:38115,2507088,48,333506,3131,31,39.04003122484327,39.680677952383334,3,143763
Temkinli,23,3191,2019,11,1112,871,241,4370,218,19,0,0,200,4180553,2573294,1587244,643500,141750,141601,155700,0,9297,495396,128675769,100299104,0,28376665,28376665,0,534022087,196700,0,2141571,3641850,0,4.0,0.0,2.0,1.0,1.0,1039.4090906,1079.772727,645.045455,636.8787878333334,1040.8439395,2.359067,19.2396944,0.95,0.95,1.0,0.925,3,0:1.0500|1:0.9300|2:1.0300|3:0.9400|4:0.9500|5:1.1000|6:0.8200|,Osman Uysal:4:83280|Murat Özdemir:6:38115,2620818,49,333506,3162,30,37.967321548130116,37.94113782210171,3,161890
Temkinli,23,3222,2019,12,1108,874,234,4180,233,42,0,0,174,4527227,2764448,1738629,664950,146475,148214,179273,0,11212,588505,136319921,93393837,0,42926084,42926084,0,614555089,225961,0,2179882,3781787,0,4.0,0.0,2.0,1.0,1.0,1055.498533451613,1093.863636,641.681818,641.0747801290322,1048.085044,2.389707,19.08898870967742,0.95,0.95,1.0,0.925,3,0:1.0500|1:0.9300|2:1.0300|3:0.9400|4:0.9500|5:1.1000|6:0.8200|,Osman Uysal:4:83280|Murat Özdemir:6:38115,2796216,50,383119,3192,31,38.40383970143313,39.2058067668157,3,205386
Temkinli,23,3253,2020,1,1083,798,285,3911,242,32,0,0,224,4367315,2657910,1678397,741850,164179,150276,181691,0,73543,366858,101045753,68602115,0,32443638,32443638,0,700457258,225961,0,2218193,4338047,0,3.967741935483871,0.0,2.0,0.967741935483871,1.0,1064.4574781935485,1108.409091,645.8636359999999,643.5659823225806,1063.2126099032257,2.421786,18.86878,0.95,0.95,1.0,0.925,3,0:1.0500|1:0.9300|2:1.0300|3:0.9400|4:0.9500|5:1.1000|6:0.8200|,Osman Uysal:4:96001|Murat Özdemir:6:43936,2661352,50,383119,3223,31,38.430866562178366,39.324618481137335,3,-16261
Temkinli,23,3282,2020,2,1018,769,249,3505,254,26,0,0,204,4142980,2518315,1594074,751100,166054,143831,173913,0,13442,345734,81389348,51107896,0,30281452,30281452,0,751872125,225961,0,2256504,4058173,0,4.0,0.0,2.0,1.0,1.0,1103.832288413793,1134.318182,681.045455,667.318181862069,1094.617554862069,2.477969,17.607140172413793,0.95,0.95,1.0,0.925,3,0:1.0500|1:0.9300|2:1.0300|3:0.9400|4:0.9500|5:1.1000|6:0.8200|,Osman Uysal:4:96001|Murat Özdemir:6:43936,2589426,51,383119,3254,29,38.47650724840574,38.301727341328075,3,-37385
Temkinli,23,3313,2020,3,1190,907,283,4399,232,36,0,0,237,4705560,2862777,1814382,802900,177506,157071,172670,0,9849,494386,99798171,62387326,0,37410845,37410845,0,777530557,225961,0,2294815,4338047,0,4.0,0.0,2.0,1.0,1.0,1125.7991201935486,1159.772727,688.181818,682.8328446451612,1119.346041129032,2.531706,19.142387806451616,0.95,0.95,1.0,0.925,3,0:1.0500|1:0.9300|2:1.0300|3:0.9400|4:0.9500|5:1.1000|6:0.8200|,Osman Uysal:4:96001|Murat Özdemir:6:43936,2948874,52,383119,3283,31,38.55825874072374,38.871704049503336,3,111267
Temkinli,23,3343,2020,4,1115,853,262,4087,243,25,0,0,206,4362487,2636505,1699881,777000,171780,155546,170970,0,15349,409236,114015103,79144859,0,34870244,34870244,0,833383221,225961,0,2333126,4198110,0,4.0,0.0,2.0,1.0,1.0,1159.1287878333335,1186.1363640000002,707.045455,698.2999999,1145.0469697,2.590438,18.297654233333333,0.95,0.95,1.0,0.925,3,0:1.0500|1:0.9300|2:1.0300|3:0.9400|4:0.9500|5:1.1000|6:0.8200|,Osman Uysal:4:96001|Murat Özdemir:6:43936,2741394,53,383119,3314,30,38.96586969772059,39.00199335730214,3,26117
Temkinli,23,3374,2020,5,1204,927,277,4532,215,39,0,0,229,4874225,2987598,1862021,802900,177506,164330,180637,0,15191,521457,137872728,95200762,0,42671966,33812988,0,837979184,225961,0,2371437,4338047,0,4.0,0.0,2.0,1.0,1.0,1174.464809451613,1212.5,726.6363640000001,717.9486803870968,1169.800586451613,2.648573,18.736876032258063,0.95,0.95,1.0,0.925,3,0:1.0500|1:0.9300|2:1.0300|3:0.9400|4:0.9500|5:1.1000|6:0.8200|,Osman Uysal:4:96001|Murat Özdemir:6:43936,3026750,54,383119,3344,31,38.20137560330104,38.130426884456014,3,138338
Temkinli,23,3404,2020,6,1164,875,289,4262,242,21,0,0,248,4382826,2611869,1743762,777000,171780,162722,205680,0,9779,416801,148033835,106880898,0,41152937,50011915,0,902107086,261725,0,2415812,4219711,0,4.0,0.0,2.0,1.0,1.0,1209.3030303333333,1240.681818,727.0242423333333,724.4878788333333,1199.0818182,2.710017,17.715425133333333,0.95,0.95,1.0,0.925,3,0:1.0500|1:0.9300|2:1.0300|3:0.9400|4:0.9500|5:1.1000|6:0.8200|,Osman Uysal:4:96001|Murat Özdemir:6:43936,2660984,55,443756,3375,30,39.786247503323196,39.8807226892555,3,-26955
Temkinli,23,3435,2020,7,1182,886,296,4376,251,7,0,0,252,4522832,2795759,1710063,868900,192851,171930,217310,0,14358,244714,119990458,82734435,0,37256023,37256023,0,949704156,261725,0,2460187,5007678,0,4.0,0.0,2.0,1.0,1.0,1212.9765393548387,1268.409091,766.318182,748.4002932580646,1211.614369548387,2.770836,18.852216774193547,0.95,0.95,1.0,0.925,3,0:1.0500|1:0.9200|2:1.0300|3:0.9300|4:0.9400|5:1.1000|6:0.8200|,Osman Uysal:4:110820|Murat Özdemir:6:50719,2889216,56,443756,3405,31,37.80956268108123,36.82333028406374,3,-199042
Temkinli,23,3466,2020,8,1156,880,276,4512,224,18,0,0,224,4698236,2843908,1816909,871100,192851,175902,222363,0,17938,336755,132771000,81132970,0,51638030,51638030,0,1017692235,261725,0,2504562,5007678,0,4.0,0.0,2.0,1.0,1.0,1254.9999999032257,1297.272727,764.1363640000001,761.1187683225806,1245.8079177741936,2.835116,18.157965419354838,0.95,0.95,1.0,0.925,3,0:1.0500|1:0.9300|2:1.0300|3:0.9400|4:0.9500|5:1.1000|6:0.8200|,Osman Uysal:4:110820|Murat Özdemir:6:50719,2802224,57,443756,3436,31,38.672152697310224,39.11264031403001,3,-107001
Temkinli,23,3496,2020,9,1133,855,278,3924,241,16,0,0,224,4611125,2771023,1808671,843000,186630,174190,191460,0,23316,390075,140680882,96759454,0,43921428,43921428,0,1082063299,261725,0,2548937,4846140,0,4.0,0.0,2.0,1.0,1.0,1281.9015148666667,1328.409091,777.136364,771.0803030666667,1274.5772725666668,2.900887,17.839439966666664,0.95,0.95,1.0,0.925,3,0:1.0500|1:0.9300|2:1.0300|3:0.9400|4:0.9500|5:1.1000|6:0.8200|,Osman Uysal:4:110820|Murat Özdemir:6:50719,2887344,58,443756,3467,30,39.22407221664995,39.37628164197688,3,-53681
Temkinli,23,3527,2020,10,1176,891,285,4400,268,36,0,0,232,5722185,3545748,2144451,871100,192851,184030,202275,0,17898,676297,161774932,116304687,0,45470245,45470245,0,1159790155,261725,0,2593312,5007678,0,4.0,0.0,2.0,1.0,1.0,1291.9061584193548,1356.818182,814.6363640000001,798.8240469032257,1287.6744868387098,2.965989,19.237180483870965,0.95,0.95,1.0,0.925,3,0:1.0500|1:0.9250|2:1.0300|3:0.9350|4:0.9450|5:1.1000|6:0.8200|,Osman Uysal:4:110820|Murat Özdemir:6:50719,3570610,59,443756,3497,31,37.47608649493157,36.94306984365595,3,232541
Temkinli,23,3557,2020,11,1115,857,258,4183,247,31,0,0,209,5333110,3292741,2000201,843000,186630,182236,200310,0,24506,563519,210365091,150531452,0,59833639,59833639,0,1110194535,261725,0,2637687,4846140,0,4.0,0.0,2.0,1.0,1.0,1320.6515154,1389.545455,817.909091,814.2121212666666,1311.9621211666667,3.034797,19.6990391,0.95,0.95,1.0,0.925,3,0:1.0500|1:0.9250|2:1.0300|3:0.9350|4:0.9450|5:1.1000|6:0.8200|,Osman Uysal:4:110820|Murat Özdemir:6:50719,3361104,60,443756,3528,30,37.5053392860826,38.06775811314077,3,119763
Temkinli,23,3588,2020,12,1194,883,311,4172,285,42,0,0,240,5957042,3754091,2165356,871100,192851,192530,232779,0,17683,658413,243071842,182645068,0,60426774,60426774,0,1251360443,297489,0,2688126,5030090,0,4.0,0.0,2.0,1.0,1.0,1345.4032259032258,1420.681818,859.6363640000001,844.7448680322581,1343.702346064516,3.102904,19.50234358064516,0.95,0.95,1.0,0.925,3,0:1.0500|1:0.9300|2:1.0300|3:0.9400|4:0.9500|5:1.1000|6:0.8200|,Osman Uysal:4:110820|Murat Özdemir:6:50719,3810906,61,504394,3558,31,36.34951709254358,36.10567096545424,3,154019
Temkinli,23,3619,2021,1,1123,853,270,4116,246,44,0,0,217,5685232,3517595,2138378,918550,204021,196984,238173,0,94239,486411,145585583,78295077,0,67290506,54918317,0,1434056638,297489,0,2738565,5702450,0,3.838709677419355,0.0,2.0,0.8387096774193549,1.0,1398.7463340322581,1453.409091,871.4589446451613,864.4853371612903,1382.4369501612903,3.174888,18.764117548387095,0.95,0.95,1.0,0.925,3,0:1.0500|1:0.9300|2:1.0300|3:0.9400|4:0.9500|5:1.1000|6:0.8200|,Osman Uysal:4:126195|Murat Özdemir:6:57755,3616756,61,504394,3589,31,37.612853793829345,37.697141830359676,3,-17983
Temkinli,23,3647,2021,2,1031,768,263,3868,249,29,0,0,208,5650426,3494855,2131307,926800,205688,181676,219688,0,23300,574155,116201874,68553416,0,47648458,48404519,0,1515503875,297489,0,2789004,5150600,0,4.0,0.0,2.0,1.0,1.0,1438.0275974642857,1484.545455,889.363636,880.0487012857144,1419.9951299285715,3.242156,18.007274392857145,0.95,0.95,1.0,0.925,3,0:1.0500|1:0.9300|2:1.0300|3:0.9400|4:0.9500|5:1.1000|6:0.8200|,Osman Uysal:4:126195|Murat Özdemir:6:57755,3586442,62,504394,3620,28,37.719403811323254,38.15392433578884,3,69761
Temkinli,23,3653,2021,3,231,180,51,850,40,8,0,0,44,1250895,764437,484058,198600,44076,39648,43614,0,1604,156516,36468673,36468673,0,0,11616128,0,1529889152,0,0,2789004,1103700,0,4.0,0.0,2.0,1.0,1.0,1462.9545449999998,1513.181818,896.590909,887.8333331666666,1455.0757576666667,3.304138,17.896669666666668,0.9499999999999998,0.9499999999999998,1.0,0.9250000000000002,3,0:1.0500|1:0.9300|2:1.0300|3:0.9400|4:0.9500|5:1.1000|6:0.8200|,Osman Uysal:4:126195|Murat Özdemir:6:57755,669582,62,0,3648,6,38.69693299597488,38.713686487094506,3,156516
Dengeli,21,25,2011,3,1338,1217,121,5567,186,88,0,0,97,2382565,1783024,590636,168750,37975,50012,55000,0,9737,269162,147887,96610,0,51277,56014,523112,94309,71527,0,12127,0,0,3.0,1.0,2.0,0.0,0.0,446.51818184,457.7272730000001,328.7618182,334.40181824,448.12727284,1.0,28.879036160000002,1.0,1.0,1.0,1.0,none,0:1.0000|1:0.9100|2:1.0300|3:0.9400|4:0.9500|5:1.1000|6:0.8200|,,2072572,1,121275,1,25,24.78992178597436,26.37213184796928,none,147887
Dengeli,21,55,2011,4,1585,1426,159,6213,201,53,0,2,140,2621475,1903280,694462,202500,45570,60374,66390,0,7904,311724,190449,123172,0,67277,75181,883942,588029,71527,0,24254,0,0,3.0,1.0,2.0,0.0,0.0,449.7727271333333,459.09090899999995,324.1772727,326.07575770000005,443.680303,1.00592,27.704730933333334,1.0,1.0,1.0,1.0,none,0:1.0000|1:0.9150|2:1.0300|3:0.9400|4:0.9500|5:1.1000|6:0.8200|,,1916682,1,121275,26,30,26.49126922820168,27.9242041272327,none,190449
Dengeli,21,86,2011,5,1765,1609,156,7007,228,70,0,2,133,2890230,2093913,775577,209250,47089,62821,69099,0,4977,382341,261066,163053,0,98013,102990,935610,821770,71527,0,36381,0,0,3.0,1.0,2.0,0.0,0.0,447.3093839032258,464.31818200000004,321.9956011935484,323.48826987096777,447.3328446129032,1.01307,29.44130558064516,1.0,1.0,1.0,1.0,none,0:1.0000|1:0.9100|2:1.0300|3:0.9400|4:0.9500|5:1.1000|6:0.8200|,,2091270,1,121275,56,31,26.834438781688654,28.01501314731835,none,261066
Dengeli,21,116,2011,6,1802,1663,139,8920,153,74,0,10,113,3022175,2253843,750133,202500,45570,61245,77460,0,5955,357403,255495,171084,0,84411,90366,1071746,1146713,78030,0,49611,0,0,3.0,1.0,2.0,0.0,0.0,428.5984847333333,466.818182,318.87272740000003,320.4136364,420.0893938333333,1.020512,36.0551144,1.0,1.0,1.0,1.0,none,0:1.0000|1:0.8900|2:1.0300|3:0.9200|4:0.9500|5:1.1000|6:0.8200|,,2251368,1,132300,87,30,24.820965033461,25.601060489423514,none,225103
Dengeli,21,147,2011,7,2012,1822,190,10010,139,92,0,16,157,3404240,2670144,711945,222750,50220,63751,80600,0,9785,284839,227323,152851,0,74472,65136,1168822,1377731,78030,0,62841,0,0,3.0,1.0,2.0,0.0,0.0,417.5,470.227273,330.5131965483871,328.036656967742,413.4574776774193,1.027766,38.30741929032258,1.0,1.0,1.0,1.0,none,0:1.0500|1:0.8900|2:1.0300|3:0.9000|4:0.9500|5:1.1000|6:0.8200|,,2723052,1,132300,117,31,20.913478485653187,20.835162503380335,none,152539
Dengeli,21,178,2011,8,2158,1959,199,11339,155,102,0,27,154,3799690,2998727,779602,223200,50220,64216,81189,0,9101,351676,382162,304417,0,77745,95617,1403082,1917047,78030,0,76071,0,0,3.0,1.0,2.0,0.0,0.0,417.954545,474.090909,330.2404691612903,330.2653958064516,416.16568893548384,1.035317,38.86130861290323,1.0,1.0,1.0,1.0,none,0:1.0500|1:0.8900|2:1.0300|3:0.9000|4:0.9500|5:1.1000|6:0.8200|,,3002400,1,132300,148,31,20.51751590261311,20.986510827082803,none,219376
Dengeli,21,208,2011,9,1851,1660,191,9169,196,120,0,13,149,3620170,2784586,810124,216000,48600,62595,68820,0,9928,404181,404921,321873,0,83048,92976,1218168,2117933,78030,0,89301,0,0,3.0,1.0,2.0,0.0,0.0,422.68181853333334,477.272727,324.0969697,325.65,419.5015155333333,1.042922,36.5975883,1.0,1.0,1.0,1.0,none,0:1.0500|1:0.9100|2:1.0300|3:0.9200|4:0.9500|5:1.1000|6:0.8200|,,2745366,1,132300,179,30,22.378065118488912,23.323654936333345,none,271881
Dengeli,21,239,2011,10,1912,1727,185,10292,210,127,0,13,147,3923195,3010704,885208,208800,46980,65146,71641,0,8037,484604,352304,228293,0,124011,132048,1278756,2379437,78030,0,102531,0,0,2.806451612903226,0.8064516129032258,2.0,0.0,0.0,426.51026412903224,481.136364,327.1686216129032,326.65395893548384,422.84897332258066,1.050335,38.89889361290323,1.0,1.0,1.0,1.0,none,0:1.0500|1:0.9100|2:1.0300|3:0.9200|4:0.9500|5:1.1000|6:0.8200|,,3063022,1,132300,209,31,22.563446374702252,23.291735480034113,none,352304
Dengeli,21,269,2011,11,1924,1754,170,10038,235,137,0,21,123,3963220,3042478,904485,144000,32400,63495,69840,0,0,594750,462450,350354,0,112096,112096,1497462,2990246,78030,0,115761,0,0,2.0,0.0,2.0,0.0,0.0,431.2651513333333,484.545455,329.59545453333334,328.9121212666667,431.4848486333333,1.058051,39.39438573333334,1.0,1.0,1.0,1.0,none,0:1.0500|1:0.9150|2:1.0300|3:0.9250|4:0.9500|5:1.1000|6:0.8200|,,3016986,1,132300,240,30,22.821973042122316,23.574753602434583,none,462450
Dengeli,21,300,2011,12,1965,1746,219,9526,302,164,0,16,158,4046565,3109668,918915,148800,33480,66077,79949,0,9422,581187,443375,329684,0,113691,117763,1384926,3195626,81281,0,129542,0,0,2.0,0.0,2.0,0.0,0.0,431.18768287096776,487.5,330.98973606451614,330.4853371935484,428.5087976451613,1.065572,38.26633132258065,1.0,1.0,1.0,1.0,none,0:1.0500|1:0.9250|2:1.0300|3:0.9350|4:0.9500|5:1.1000|6:0.8200|,,3139418,1,137812,270,31,22.708519447976247,23.237664429397835,none,443375
Dengeli,21,331,2012,1,1889,1695,194,9901,275,150,0,15,145,4369335,3313423,1038597,154800,34875,66569,80538,0,5383,696432,233712,118293,0,115419,120802,1324044,11944421,81281,0,143323,0,0,2.0,0.0,2.0,0.0,0.0,438.6070383548388,491.81818200000004,329.7346040645161,330.3093841612903,436.1642226774194,1.0734,39.303933032258065,1.0,1.0,1.0,1.0,none,0:1.0500|1:0.9250|2:1.0300|3:0.9350|4:0.9500|5:1.1000|6:0.8200|,,3401514,2,137812,301,31,23.77013893418564,24.822318104764086,none,558620
Dengeli,21,360,2012,2,1622,1455,167,8071,181,124,0,6,130,3403320,2532708,856783,155800,32625,62623,75777,0,3150,526808,-120150,-225011,0,104861,104861,1113202,11312452,81281,0,157104,0,0,2.8275862068965516,0.0,2.0,0.0,0.8275862068965517,457.398119,494.3181819999999,338.03605017241375,336.2178683448276,459.992163,1.079586,37.04826993103448,1.0,1.0,1.0,1.0,none,0:1.0500|1:0.9300|2:1.0300|3:0.9400|4:0.9500|5:1.1000|6:0.8200|,,2557124,3,137812,332,29,25.17491743356487,26.0958809993677,none,388996
Dengeli,21,391,2012,3,1698,1522,176,8707,169,114,0,0,150,3564585,2531720,1016282,168950,34875,67313,74028,0,0,671116,821637,427039,231205,163393,163393,1111608,11592853,81281,0,170885,0,0,3.0,0.0,2.0,0.0,1.0,472.5439882903226,496.590909,330.32258067741935,332.019061516129,473.62609964516133,1.085405,34.19418051612904,1.0,1.0,1.0,1.0,none,0:1.0500|1:0.9300|2:1.0300|3:0.9400|4:0.9500|5:1.1000|6:0.8200|,,2493306,3,137812,361,31,28.510527873511222,30.09696687232532,none,533304
Dengeli,21,421,2012,4,1483,1355,128,6842,187,87,0,0,106,2964225,2018680,926759,163500,33750,65502,72060,0,0,591947,730359,353613,113644,263102,263102,954098,11651110,81281,0,184666,0,0,3.0,0.0,2.0,0.0,1.0,478.0757576,499.318182,323.5318183333333,325.5454546,480.91363636666665,1.09166,29.849215466666667,1.0,1.0,1.0,1.0,none,0:1.0500|1:0.9300|2:1.0300|3:0.9400|4:0.9500|5:1.1000|6:0.8200|,,2072504,3,137812,392,30,31.264799399505772,32.326244702826294,none,454135
Dengeli,21,452,2012,5,1515,1357,158,6651,205,98,0,0,134,2982595,2037230,927918,168950,34875,68058,74865,0,0,581170,637322,323484,112316,201522,201522,886396,11719262,81281,0,198447,0,0,3.0,0.0,2.0,0.0,1.0,489.53812303225806,502.045455,336.70527870967743,333.01612903225805,483.92521999999997,1.097747,27.678145258064518,1.0,1.0,1.0,1.0,none,0:1.0500|1:0.9300|2:1.0300|3:0.9400|4:0.9500|5:1.1000|6:0.8200|,,2082296,3,137812,422,31,31.111096209844114,31.21980436904803,none,443358
Dengeli,21,482,2012,6,1472,1346,126,6892,138,61,0,0,109,2702130,1873974,816619,163500,33750,66252,83790,0,0,469327,482251,210023,110970,161258,161258,917828,11884324,84532,0,212779,0,0,3.0,0.0,2.0,0.0,1.0,484.6515152666667,505.227273,335.45909093333336,335.2106060666667,484.6212122,1.104074,29.308824066666666,1.0,1.0,1.0,1.0,none,0:1.0500|1:0.9300|2:1.0300|3:0.9400|4:0.9500|5:1.1000|6:0.8200|,,1876554,3,143325,453,30,30.221306894931036,30.783443285273574,none,326002
Dengeli,21,513,2012,7,1598,1441,157,7470,178,70,0,0,140,3021540,2056111,936536,174950,36270,68833,87079,0,0,569404,634953,290086,109607,235260,235260,922410,12082355,84532,0,227111,0,0,3.0,0.0,2.0,0.0,1.0,491.9354841935484,508.18181799999996,334.0967741935484,334.57478003225805,489.1583578064516,1.11023,28.890082709677422,1.0,1.0,1.0,1.0,none,0:1.0500|1:0.9300|2:1.0300|3:0.9400|4:0.9500|5:1.1000|6:0.8200|,,2069842,3,143325,483,31,30.99532026714854,32.08524594617361,none,426079
Dengeli,21,544,2012,8,1572,1427,145,6990,129,64,0,3,126,2930395,2023872,892589,175150,36270,69236,87575,0,0,524358,600545,308855,108227,183463,183463,792604,12143605,84532,0,241443,0,0,3.0,0.0,2.0,0.0,1.0,485.2346041935484,510.909091,337.3313782580645,336.1026393225806,485.97507338709676,1.116629,28.25541477419355,1.0,1.0,1.0,1.0,none,0:1.0500|1:0.9300|2:1.0300|3:0.9400|4:0.9500|5:1.1000|6:0.8200|,,2047134,3,143325,514,31,30.459682056514566,30.48076634627008,none,381033
Dengeli,21,574,2012,9,1468,1308,160,6205,185,107,0,0,132,2924120,2027867,883429,169500,35100,67393,74130,0,0,537306,604866,263305,106829,234732,185339,909952,12393261,84532,0,255775,0,0,3.0,0.0,2.0,0.0,1.0,495.81060633333334,514.090909,345.20606046666666,342.3121212666667,497.37575756666666,1.123064,27.511560733333333,1.0,1.0,1.0,1.0,none,0:1.0500|1:0.9300|2:1.0300|3:0.9400|4:0.9500|5:1.1000|6:0.8200|,,2060686,3,143325,545,30,30.211790213807916,30.375418343797044,none,393981
Dengeli,21,605,2012,10,1540,1367,173,6424,199,60,0,0,152,3136835,2145744,972671,187150,38970,70042,77035,0,23431,576043,304716,-26053,105412,225357,274750,914772,12192427,84532,0,270107,0,0,3.096774193548387,0.0,2.0,0.0967741935483871,1.0,490.8211143870968,516.818182,333.9076246774194,336.5249267419355,491.0938415806452,1.129326,27.94057164516129,1.0,1.0,1.0,1.0,none,0:1.0500|1:0.9300|2:1.0300|3:0.9400|4:0.9500|5:1.1000|6:0.8200|,,2138972,3,143325,575,31,31.008038357133863,31.96958833069357,none,432718
Dengeli,21,635,2012,11,1432,1299,133,6382,197,91,0,0,115,2977715,1981014,978925,289500,62100,68172,74970,0,0,484183,-305242,-584249,103978,175029,175029,862070,11138813,84532,0,284439,0,0,4.0,0.0,2.0,1.0,1.0,507.6515151333333,520.227273,335.6545453,335.7030303,503.30303033333337,1.135835,27.952514833333332,1.0,1.0,1.0,1.0,none,0:1.0500|1:0.9300|2:1.0300|3:0.9400|4:0.9500|5:1.1000|6:0.8200|,,2026366,5,143325,606,30,32.87504008946457,33.88091332459803,none,340858
Dengeli,21,666,2012,12,1440,1268,172,6053,207,92,0,0,149,3251590,2229078,1007110,299150,64170,70818,85684,0,0,487288,-521550,-957213,102525,333138,333138,987588,9635549,87784,0,299323,300173,0,4.0,0.0,2.0,1.0,1.0,501.69354858064514,522.727273,344.32111441935484,342.1920821935484,503.30938412903225,1.142168,26.483443290322583,1.0,1.0,1.0,1.0,none,0:1.0500|1:0.9200|2:1.0300|3:0.9300|4:0.9400|5:1.1000|6:0.8200|,Emre Kalkan:4:37315,2250268,7,148837,636,31,30.97284713017324,31.368239557099532,none,338451
Dengeli,21,697,2013,1,1421,1254,167,5832,173,82,0,0,149,2824265,1919074,892969,305150,65565,71252,86180,0,0,364822,588310,177983,0,410327,410327,798966,9728648,87784,0,314207,1208008,0,4.0,0.0,2.0,1.0,1.0,503.841642516129,525.454545,339.4061586129032,340.91348974193545,504.7903225483871,1.148751,26.933150612903226,1.0,1.0,1.0,1.0,none,0:1.0500|1:0.9300|2:1.0300|3:0.9400|4:0.9500|5:1.1000|6:0.8200|,Emre Kalkan:4:38968,1909062,7,148837,667,31,31.61774833452243,32.63634245912135,none,215985
Dengeli,21,725,2013,2,1275,1150,125,5382,166,85,0,0,109,2727990,1820969,887167,275800,59220,64749,78316,0,0,409082,848710,306539,119699,422472,422472,882444,10031689,87784,0,329091,1091104,0,4.0,0.0,2.0,1.0,1.0,513.2061688214286,528.863636,341.090909,340.45616878571434,510.91883128571425,1.155828,26.611069964285715,1.0,1.0,1.0,1.0,none,0:1.0500|1:0.9300|2:1.0300|3:0.9400|4:0.9500|5:1.1000|6:0.8200|,Emre Kalkan:4:38968,1811728,7,148837,698,28,32.52090366900172,33.53725467031877,none,260245
Dengeli,21,756,2013,3,1519,1360,159,6563,147,82,0,0,142,3074265,2096590,966211,305350,65565,72089,79267,0,0,443940,1044522,388315,117978,538229,437286,914748,10400297,87784,0,343975,1208008,0,4.0,0.0,2.0,1.0,1.0,499.6627566129032,531.818182,338.74633461290324,339.8665689032258,503.6436950322581,1.162259,30.103947612903227,1.0,1.0,1.0,1.0,none,0:1.0500|1:0.9050|2:1.0300|3:0.9150|4:0.9250|5:1.1000|6:0.8200|,Emre Kalkan:4:38968,2145776,7,148837,726,31,31.42900823448857,32.205006250778965,none,295103
Dengeli,21,786,2013,4,1461,1298,163,6292,148,42,0,0,147,3036520,2017736,1003931,295500,63450,70184,77190,0,0,497607,1241459,668703,116232,456524,557467,939402,10881981,87784,0,358859,1169040,0,4.0,0.0,2.0,1.0,1.0,508.70454556666664,535.454545,336.90606046666664,338.1636363,507.8454545,1.16942,26.5448296,1.0,1.0,1.0,1.0,none,0:1.0500|1:0.9200|2:1.0300|3:0.9300|4:0.9400|5:1.1000|6:0.8200|,Emre Kalkan:4:38968,2025588,7,148837,757,30,33.061893219870115,33.771761348943066,none,348770
Dengeli,21,817,2013,5,1445,1275,170,6101,172,74,0,0,156,2864900,1919774,929588,305350,65565,72957,80228,0,0,405488,998723,413570,114459,470694,470694,803086,11010861,87784,0,373743,1208008,0,4.0,0.0,2.0,1.0,1.0,511.80351887096776,538.409091,345.545455,342.813783,512.7785923548387,1.176391,27.329404483870967,1.0,1.0,1.0,1.0,none,0:1.0500|1:0.9200|2:1.0300|3:0.9300|4:0.9400|5:1.1000|6:0.8200|,Emre Kalkan:4:38968,1937240,7,148837,787,31,32.447485078013194,32.48474419201552,none,256651
Dengeli,21,847,2013,6,1451,1292,159,6098,161,44,0,0,138,2642405,1727335,900565,295500,63450,71024,89850,0,0,380741,581188,-63115,112660,531643,427986,784542,10733359,92660,0,389453,1170786,0,4.0,0.0,2.0,1.0,1.0,527.9772727666666,542.045455,347.5,345.8333333333333,527.0136363666667,1.183639,26.319389633333333,1.0,1.0,1.0,1.0,none,0:1.0500|1:0.9300|2:1.0300|3:0.9400|4:0.9500|5:1.1000|6:0.8200|,Emre Kalkan:4:38968,1785120,7,157106,818,30,34.08126309176678,34.18277302372188,none,223635
Dengeli,21,878,2013,7,1582,1402,180,7060,137,35,0,0,161,2891620,1926063,945252,314350,67642,73826,93372,0,0,396062,540751,88748,0,452003,555660,817036,10965791,92660,0,405163,1262134,0,4.0,0.0,2.0,1.0,1.0,525.2859236774194,545.0,351.363636,349.17008806451616,524.4032258387097,1.190696,27.41753290322581,1.0,1.0,1.0,1.0,none,0:1.0500|1:0.9300|2:1.0300|3:0.9400|4:0.9500|5:1.1000|6:0.8200|,Emre Kalkan:4:40714,1940974,7,157106,848,31,32.6893575227727,33.11002253017272,none,238956
Dengeli,21,909,2013,8,1412,1266,146,6049,164,25,0,0,133,2698000,1757837,928106,314650,67642,74291,93961,0,0,377562,558006,41533,103629,412844,412844,789644,10875213,92660,0,420873,1262134,0,4.0,0.0,2.0,1.0,1.0,534.640762451613,549.090909,353.5,351.7492669354839,534.98827,1.198032,23.987318387096774,1.0,1.0,1.0,1.0,none,0:1.0500|1:0.9300|2:1.0300|3:0.9400|4:0.9500|5:1.1000|6:0.8200|,Emre Kalkan:4:40714,1775668,7,157106,879,31,34.3997776130467,33.88083647438067,none,220456
Dengeli,21,939,2013,9,1382,1225,157,5556,164,70,0,0,137,2864905,1905901,936534,304500,65460,72344,79560,0,0,414670,1313662,567764,102091,643807,643807,927120,11469227,92660,0,436583,1221420,0,4.0,0.0,2.0,1.0,1.0,524.8106060333333,551.590909,347.636364,349.3787878,529.4287878333333,1.205414,25.91628036666667,1.0,1.0,1.0,1.0,none,0:1.0500|1:0.9300|2:1.0300|3:0.9400|4:0.9500|5:1.1000|6:0.8200|,Emre Kalkan:4:40714,1910640,7,157106,910,30,32.6898797691372,33.75965348194204,none,257564
Dengeli,21,970,2013,10,1358,1198,160,5390,193,52,0,0,141,2822220,1828966,979111,314650,67642,75190,82708,0,0,438921,1108006,480934,100531,526541,526541,816878,11710715,92660,0,452293,1262134,0,4.0,0.0,2.0,1.0,1.0,542.434017483871,555.227273,351.409091,350.1436950322581,538.6715542580645,1.2126,23.851148677419356,1.0,1.0,1.0,1.0,none,0:1.0500|1:0.9300|2:1.0300|3:0.9400|4:0.9500|5:1.1000|6:0.8200|,Emre Kalkan:4:40714,1849794,7,157106,940,31,34.69293676609194,35.21625125392344,none,281815
Dengeli,21,1000,2013,11,1441,1292,149,6042,183,52,0,0,130,3091725,1993960,1076868,304500,65460,73215,80520,0,0,553173,1374491,702757,98950,572784,572784,897014,12098573,92660,0,468003,1221420,0,4.0,0.0,2.0,1.0,1.0,545.0833333666667,558.409091,351.272727,350.46212083333336,543.5106061,1.220071,24.137345633333332,1.0,1.0,1.0,1.0,none,0:1.0500|1:0.9300|2:1.0300|3:0.9400|4:0.9500|5:1.1000|6:0.8200|,Emre Kalkan:4:40714,2010538,7,157106,971,30,34.83065279091769,35.55614242864663,none,396067
Dengeli,21,1031,2013,12,1325,1161,164,5126,211,86,0,0,131,2879060,1844120,1023593,314650,67642,76120,92070,0,0,473111,1682944,804423,97347,781174,781174,842124,12776127,95911,0,484264,1264037,0,4.0,0.0,2.0,1.0,1.0,547.9105573225805,562.045455,348.909091,349.6686217419355,548.2302054193548,1.227345,22.987446258064516,1.0,1.0,1.0,1.0,none,0:1.0500|1:0.9300|2:1.0300|3:0.9400|4:0.9500|5:1.1000|6:0.8200|,Emre Kalkan:4:40714,1859778,7,162619,1001,31,35.55302772432669,36.320064226362234,none,310492
Dengeli,21,1062,2014,1,1327,1166,161,5391,189,61,0,0,140,3136375,2050747,1069624,320650,69037,76586,92628,0,0,510723,1461825,775599,95722,590504,590504,865908,13425211,95911,0,500525,1321127,0,4.0,0.0,2.0,1.0,1.0,550.630498516129,565.227273,361.772727,357.9985337741935,548.8782991290323,1.234907,22.739661258064515,1.0,1.0,1.0,1.0,none,0:1.0500|1:0.9300|2:1.0300|3:0.9400|4:0.9500|5:1.1000|6:0.8200|,Emre Kalkan:4:42617,2089152,7,162619,1032,31,34.103830058586745,34.29845822653738,none,348104
Dengeli,21,1090,2014,2,1267,1103,164,4845,171,61,0,0,145,2869110,1852729,998462,289800,62356,69623,84224,0,0,492459,1551031,855717,94075,601239,601239,954894,14231403,95911,0,516786,1193276,0,4.0,0.0,2.0,1.0,1.0,558.07629875,569.545455,355.318182,357.07305189285717,554.4756493571429,1.243005,22.610753785714284,1.0,1.0,1.0,1.0,none,0:1.0500|1:0.9300|2:1.0300|3:0.9400|4:0.9500|5:1.1000|6:0.8200|,Emre Kalkan:4:42617,1850814,7,162619,1063,28,34.80040848904364,36.331612219358746,none,329840
Dengeli,21,1121,2014,3,1365,1213,152,5746,181,54,0,0,132,3144995,2038858,1089343,320850,69037,77547,85281,0,0,536628,1402283,554852,92405,755026,755026,858454,14438517,95911,0,533047,1321127,0,4.0,0.0,2.0,1.0,1.0,558.431085,572.954545,363.772727,361.16275648387096,555.0337243225806,1.250366,23.944589935483872,1.0,1.0,1.0,1.0,none,0:1.0500|1:0.9200|2:1.0300|3:0.9300|4:0.9400|5:1.1000|6:0.8200|,Emre Kalkan:4:42617,2074242,7,162619,1091,31,34.63735236463015,34.85808065287054,none,374009
Dengeli,21,1151,2014,4,1325,1138,187,4940,184,33,0,0,169,2668295,1729517,918501,310500,66810,75526,83070,0,0,382595,1101800,423051,90712,588037,588037,794326,14703003,95911,0,549308,1278510,0,4.0,0.0,2.0,1.0,1.0,562.5454546,575.454545,367.818182,365.57575753333333,558.2681818333333,1.258565,22.56728233333333,1.0,1.0,1.0,1.0,none,0:1.0500|1:0.9300|2:1.0300|3:0.9400|4:0.9500|5:1.1000|6:0.8200|,Emre Kalkan:4:42617,1772962,7,162619,1122,30,34.42276809723063,34.61538458940381,none,219976
Dengeli,21,1182,2014,5,1483,1322,161,6072,170,39,0,0,143,3223335,2133754,1072271,320850,69037,78540,86366,0,0,517478,1591742,895124,88995,607623,607623,846386,15542138,95911,0,565569,1321127,0,4.0,0.0,2.0,1.0,1.0,555.073313516129,579.772727,366.363636,366.37536648387095,557.332844483871,1.266552,25.54100183870968,1.0,1.0,1.0,1.0,none,0:1.0500|1:0.9200|2:1.0300|3:0.9300|4:0.9400|5:1.1000|6:0.8200|,Emre Kalkan:4:42617,2132268,7,162619,1152,31,33.26588765983058,33.997252781032074,none,354859
Dengeli,21,1212,2014,6,1421,1275,146,6094,146,42,0,0,136,2891015,1905996,971523,310500,66810,76516,96750,0,0,420947,-277458,-1008151,87256,643437,643437,795796,13674111,100789,0,582658,1280525,0,4.0,0.0,2.0,1.0,1.0,557.6439392,582.954545,369.86515146666665,368.3787878333333,560.2848485333333,1.274857,26.64065726666667,1.0,1.0,1.0,1.0,none,0:1.0500|1:0.9200|2:1.0300|3:0.9300|4:0.9400|5:1.1000|6:0.8200|,Emre Kalkan:4:42617,1948730,8,170887,1183,30,33.60491038614466,33.673599681316745,none,250060
Dengeli,21,1243,2014,7,1513,1298,215,6268,142,38,0,0,203,3151810,2094984,1035765,329850,71145,79563,100626,0,0,454581,1288833,664985,0,623848,623848,908804,14503316,100789,0,599747,1383592,0,4.0,0.0,2.0,1.0,1.0,565.183284451613,587.954545,378.636364,375.32697948387096,567.329912,1.282947,25.57055819354839,1.0,1.0,1.0,1.0,none,0:1.0500|1:0.9300|2:1.0300|3:0.9400|4:0.9500|5:1.1000|6:0.8200|,Emre Kalkan:4:44632,2124882,8,170887,1213,31,32.86254564837348,33.006446861324996,none,283694
Dengeli,21,1274,2014,8,1435,1257,178,6119,123,22,0,0,161,3014290,1954892,1044146,330150,71145,80090,101277,0,0,461484,1927694,980314,87202,860178,675921,861412,15537475,100789,0,616836,1383592,0,4.0,0.0,2.0,1.0,1.0,571.810850516129,590.681818,369.6642224193548,372.22140761290325,569.1392962258064,1.291361,24.698659,1.0,1.0,1.0,1.0,none,0:1.0500|1:0.9200|2:1.0300|3:0.9300|4:0.9400|5:1.1000|6:0.8200|,Emre Kalkan:4:44632,1959566,8,170887,1244,31,34.63986544094961,35.352009832326935,none,290597
Dengeli,21,1304,2014,9,1294,1120,174,5205,177,41,0,0,155,3011880,1986523,1007590,319500,68850,78016,85800,0,0,455424,2019199,1128030,85907,805262,989519,913486,16209593,100789,0,633925,1338960,0,4.0,0.0,2.0,1.0,1.0,577.8181817333333,594.3181820000001,383.954545,379.6954546,577.6287879666667,1.299829,23.688242333333335,1.0,1.0,1.0,1.0,none,0:1.0500|1:0.9300|2:1.0300|3:0.9400|4:0.9500|5:1.1000|6:0.8200|,Emre Kalkan:4:44632,2037014,8,170887,1275,30,33.453856063322576,33.55097552517006,none,284537
Dengeli,21,1335,2014,10,1406,1239,167,6082,158,48,0,0,154,3304950,2155982,1129329,330150,71145,81113,89218,0,0,557703,2394598,1414639,84595,895364,895364,938226,17663068,100789,0,651014,1383592,0,4.0,0.0,2.0,1.0,1.0,577.5366569677419,599.318182,372.772727,375.7096774193548,580.5703812903225,1.308077,24.95913251612903,1.0,1.0,1.0,1.0,none,0:1.0500|1:0.9200|2:1.0300|3:0.9300|4:0.9400|5:1.1000|6:0.8200|,Emre Kalkan:4:44632,2125240,8,170887,1305,31,34.17083465710525,35.45470707310946,none,386816
Dengeli,21,1365,2014,11,1402,1234,168,5670,169,58,0,0,155,3184745,2098724,1071867,319500,68850,79007,86910,0,0,517600,1895031,814698,83264,997069,825425,930204,13971820,100789,0,668103,1338960,0,4.0,0.0,2.0,1.0,1.0,582.1818181666666,602.272727,386.5,382.75303023333333,582.9909091666667,1.316655,25.21254636666667,1.0,1.0,1.0,1.0,none,0:1.0500|1:0.9250|2:1.0300|3:0.9350|4:0.9450|5:1.1000|6:0.8200|,Emre Kalkan:4:44632,2159190,8,170887,1336,30,33.65628959304434,33.61180512007109,none,346713
Dengeli,21,1396,2014,12,1311,1138,173,5099,235,38,0,0,147,3083490,2011968,1058878,330150,71145,82167,99417,0,0,475999,1545248,723472,81915,739861,911505,892932,14425844,105665,0,686018,1385784,0,4.0,0.0,2.0,1.0,1.0,592.192082,606.818182,386.045455,385.16862167741937,590.611437,1.32501,22.919036225806455,1.0,1.0,1.0,1.0,none,0:1.0500|1:0.9300|2:1.0300|3:0.9400|4:0.9500|5:1.1000|6:0.8200|,Emre Kalkan:4:44632,2014776,8,179156,1366,31,34.34024433353116,34.81077057021509,none,296843
Dengeli,21,1427,2015,1,1416,1204,212,5444,195,65,0,0,193,3289165,2151969,1117413,247150,52522,82696,100068,0,0,634977,1754359,999139,0,755220,755220,910824,15564428,105665,0,703933,1451544,0,3.2580645161290325,0.0,2.0,0.25806451612903225,1.0,590.3885632580644,610.227273,384.31818200000004,384.6759531612903,588.8944281935484,1.3337,22.682247161290324,1.0,1.0,1.0,1.0,none,0:1.0500|1:0.9300|2:1.0300|3:0.9400|4:0.9500|5:1.1000|6:0.8200|,Emre Kalkan:4:46824,2159416,8,179156,1397,31,33.97254318345234,34.90419599608489,none,455821
Dengeli,21,1455,2015,2,1170,992,178,4601,167,45,0,0,165,2785635,1823841,943675,194600,40936,75225,91000,0,0,541914,1384507,590605,87138,706764,706764,1005158,16147067,105665,0,721848,1311072,0,3.0,0.0,2.0,0.0,1.0,595.9659091071428,614.5454550000001,393.227273,389.8652596785714,595.5146103571429,1.342972,21.301673321428574,1.0,1.0,1.0,1.0,none,0:1.0500|1:0.9300|2:1.0300|3:0.9400|4:0.9500|5:1.1000|6:0.8200|,Emre Kalkan:4:46824,1853532,8,179156,1428,28,33.87647699716582,34.01849552281931,none,362758
Dengeli,21,1486,2015,3,1264,1109,155,5225,171,40,0,0,140,2963085,1924458,1022327,215450,45322,83812,92163,0,0,585580,1851432,789813,85872,975747,975747,824680,16629958,105665,0,739763,1484682,0,3.0,0.0,2.0,0.0,1.0,598.819647967742,618.409091,386.5,388.24046929032255,596.8812315806452,1.351403,22.724673741935483,1.0,1.0,1.0,1.0,none,0:1.0500|1:0.9300|2:1.0300|3:0.9400|4:0.9500|5:1.1000|6:0.8200|,Emre Kalkan:4:46824|Nesrin Özdemir:6:16568,1968474,8,179156,1456,31,34.50211519413044,35.45635963821606,none,406424
Dengeli,21,1516,2015,4,1339,1148,191,5329,153,54,0,0,176,2993435,1951114,1024422,208500,43860,81678,89820,0,0,600564,1399375,563580,84587,751208,751208,938766,17194660,105665,0,757678,1901790,0,3.0,0.0,2.0,0.0,1.0,597.5909091666667,622.954545,389.5,388.48333336666667,597.3712122,1.360799,23.762757833333335,1.0,1.0,1.0,1.0,none,0:1.0500|1:0.9300|2:1.0300|3:0.9400|4:0.9500|5:1.1000|6:0.8200|,Emre Kalkan:4:46824|Nesrin Özdemir:6:16568,1970976,8,179156,1487,30,34.22228977746302,34.82163231981674,none,421408
Dengeli,21,1547,2015,5,1377,1194,183,5584,160,60,0,0,164,3141280,2018391,1101374,215450,45322,84959,93434,0,0,662209,1676012,621590,83284,971138,787121,802236,16137860,105665,0,775593,1965183,0,3.0,0.0,2.0,0.0,1.0,605.2272729354838,626.818182,389.30938435483876,388.7390030967742,606.1114368064516,1.369954,23.222093322580648,1.0,1.0,1.0,1.0,none,0:1.0500|1:0.9300|2:1.0300|3:0.9400|4:0.9500|5:1.1000|6:0.8200|,Emre Kalkan:4:46824|Nesrin Özdemir:6:16568,2046982,8,179156,1517,31,35.06131258595222,35.6755054235075,none,483053
Dengeli,21,1577,2015,6,1346,1139,207,5849,157,21,0,0,192,2809630,1805356,984144,208500,43860,82789,104700,0,0,544295,907879,169462,81961,656456,840473,860158,16057745,110542,0,794335,1904940,0,3.0,0.0,2.0,0.0,1.0,608.7499999666667,632.045455,393.5181818,391.20757580000003,609.8515152333333,1.379479,23.880209633333333,1.0,1.0,1.0,1.0,none,0:1.0500|1:0.9300|2:1.0300|3:0.9400|4:0.9500|5:1.1000|6:0.8200|,Emre Kalkan:4:46824|Nesrin Özdemir:6:16568,1852482,8,187425,1548,30,35.02753031537961,35.35635616894491,none,356870
Dengeli,21,1608,2015,7,1354,1187,167,5588,136,21,0,0,152,2849305,1860474,969731,224450,47430,86137,108934,0,0,502780,348928,-286861,0,635789,635789,683226,15712692,110542,0,813077,2062833,0,3.0,0.0,2.0,0.0,1.0,611.2170088064516,635.227273,403.772727,399.62463338709676,609.7800585806451,1.38876,24.077037741935484,1.0,1.0,1.0,1.0,none,0:1.0500|1:0.9300|2:1.0300|3:0.9400|4:0.9500|5:1.1000|6:0.8200|,Emre Kalkan:4:49151|Nesrin Özdemir:6:17393,1851360,8,187425,1578,31,34.03394862957809,33.939546645067445,none,315355
Dengeli,21,1639,2015,8,1373,1192,181,5616,124,23,0,0,170,2935370,1935373,977595,224750,47430,86726,109678,0,0,509011,296601,-563762,82232,778131,778131,800522,15185305,110542,0,831819,2062833,0,3.0,0.0,2.0,0.0,1.0,619.8460410322581,640.909091,412.9105571935484,409.23313793548385,620.2991200967742,1.398416,23.223338580645162,1.0,1.0,1.0,1.0,none,0:1.0500|1:0.9300|2:1.0300|3:0.9400|4:0.9500|5:1.1000|6:0.8200|,Emre Kalkan:4:49151|Nesrin Özdemir:6:17393,1994708,8,187425,1609,31,33.303978714778715,33.38498113081282,none,321586
Dengeli,21,1669,2015,9,1309,1125,184,5305,176,54,0,0,167,3274495,2170281,1081057,217500,45900,84499,92940,0,0,640218,1121861,352814,81037,688010,688010,976190,15573688,110542,0,850561,1996290,0,3.0,0.0,2.0,0.0,1.0,622.0151518333333,644.090909,410.90909100000005,410.83787886666664,622.1848485666667,1.408139,22.733858033333334,1.0,1.0,1.0,1.0,none,0:1.0500|1:0.9300|2:1.0300|3:0.9400|4:0.9500|5:1.1000|6:0.8200|,Emre Kalkan:4:49151|Nesrin Özdemir:6:17393,2197790,8,187425,1640,30,33.014464825873915,33.93905441227875,none,452793
Dengeli,21,1700,2015,10,1340,1155,185,5340,183,65,0,0,163,3239875,2102792,1120815,224750,47430,87905,96689,0,0,664041,1409145,617893,79825,711427,711427,859716,16027961,110542,0,869303,2062833,0,3.0,0.0,2.0,0.0,1.0,631.3709676129032,648.8636359999999,408.727273,409.73900290322587,626.6539589677419,1.417612,21.925404806451613,1.0,1.0,1.0,1.0,none,0:1.0500|1:0.9300|2:1.0300|3:0.9400|4:0.9500|5:1.1000|6:0.8200|,Emre Kalkan:4:49151|Nesrin Özdemir:6:17393,2124504,8,187425,1670,31,34.5943902156719,35.2635306394714,none,476616
Dengeli,21,1730,2015,11,1350,1172,178,5344,161,42,0,0,158,3110345,2030236,1059941,217500,45900,85669,94200,0,0,616672,1486230,487419,78595,920216,920216,952836,16538497,110542,0,888045,1996290,0,3.0,0.0,2.0,0.0,1.0,629.5833332666666,653.863636,408.9651513666667,409.68333326666664,630.4469697000001,1.427469,22.7905434,1.0,1.0,1.0,1.0,none,0:1.0500|1:0.9300|2:1.0300|3:0.9400|4:0.9500|5:1.1000|6:0.8200|,Emre Kalkan:4:49151|Nesrin Özdemir:6:17393,2020770,8,187425,1701,30,34.07792383160067,35.04193491833666,none,429247
Dengeli,21,1761,2015,12,1364,1170,194,5335,176,66,0,0,178,3507045,2307317,1181209,224750,47430,89114,107818,0,0,712097,1582837,695918,77347,809572,809572,1011916,17165568,117045,0,907890,2066279,0,3.0,0.0,2.0,0.0,1.0,633.4824047741936,658.181818,417.727273,415.0703812903226,635.274193516129,1.437072,23.105741322580645,1.0,1.0,1.0,1.0,none,0:1.0500|1:0.9300|2:1.0300|3:0.9400|4:0.9500|5:1.1000|6:0.8200|,Emre Kalkan:4:49151|Nesrin Özdemir:6:17393,2355038,8,198450,1731,31,33.68103346264448,34.058583182132736,none,513647
Dengeli,21,1792,2016,1,1348,1141,207,5345,186,67,0,0,176,3683570,2415889,1258167,236750,50220,89735,108562,0,0,772900,1676943,663346,0,1013597,802367,1149852,18290487,117045,0,927735,2169659,0,3.0,0.0,2.0,0.0,1.0,635.0879764516129,662.272727,416.409091,416.0293256129032,635.0527859032259,1.447064,23.168918870967744,1.0,1.0,1.0,1.0,none,0:1.0500|1:0.9200|2:1.0300|3:0.9300|4:0.9400|5:1.1000|6:0.8200|,Emre Kalkan:4:51696|Nesrin Özdemir:6:18293,2409372,8,198450,1762,31,34.15618543966858,34.4328492366402,none,574450
Dengeli,21,1821,2016,2,1283,1080,203,5254,178,46,0,0,185,3447760,2257129,1174337,221850,46980,84555,102312,0,0,718640,1398338,533283,77602,787453,998683,1022784,18395278,117045,0,947580,2029681,0,3.0,0.0,2.0,0.0,1.0,642.217868551724,667.272727,421.5,419.25548568965513,641.1316613448276,1.4576940000000003,23.321397344827584,1.0,1.0,1.0,1.0,none,0:1.0500|1:0.9250|2:1.0300|3:0.9350|4:0.9450|5:1.1000|6:0.8200|,Emre Kalkan:4:51696|Nesrin Özdemir:6:18293,2304410,8,198450,1793,29,34.06086850592849,34.36806718714764,none,520190
Dengeli,21,1852,2016,3,1453,1219,234,5853,201,39,0,0,203,3723500,2507161,1189413,237150,50220,91007,100099,0,0,710937,1141682,322004,76475,743203,743203,1120028,18707356,117045,0,967425,2169659,0,3.0,0.0,2.0,0.0,1.0,638.9002932580646,671.1363640000001,431.81818200000004,427.9838709032258,640.869501483871,1.467709,24.586521322580644,1.0,1.0,1.0,1.0,none,0:1.0500|1:0.9250|2:1.0300|3:0.9350|4:0.9450|5:1.1000|6:0.8200|,Emre Kalkan:4:51696|Nesrin Özdemir:6:18293,2553874,8,198450,1822,31,31.943413455082585,32.412273627556466,none,512487
Dengeli,21,1882,2016,4,1307,1095,212,5282,147,30,0,0,200,3374715,2245482,1110621,229500,48600,88731,97590,0,0,646200,910669,117319,75331,718019,718019,1156626,18766570,117045,0,987270,2099670,0,3.0,0.0,2.0,0.0,1.0,655.2954547,676.590909,437.8045457,434.7106060666667,652.7530303,1.4784910000000002,22.4428001,1.0,1.0,1.0,1.0,none,0:1.0500|1:0.9300|2:1.0300|3:0.9400|4:0.9500|5:1.1000|6:0.8200|,Emre Kalkan:4:51696|Nesrin Özdemir:6:18293,2299788,8,198450,1853,30,32.91006796129451,33.18974783665625,none,447750
Dengeli,21,1913,2016,5,1364,1166,198,5557,151,50,0,0,185,3523855,2356620,1143688,237150,50220,92340,101556,0,0,662422,1046523,68926,74170,903427,903427,1054936,18616916,117045,0,1007115,2169659,0,3.0,0.0,2.0,0.0,1.0,658.005865,680.909091,441.81818200000004,439.5747800322581,652.2228739999999,1.489001,21.835215967741938,1.0,1.0,1.0,1.0,none,0:1.0500|1:0.9300|2:1.0300|3:0.9400|4:0.9500|5:1.1000|6:0.8200|,Emre Kalkan:4:51696|Nesrin Özdemir:6:18293,2391924,8,198450,1883,31,32.45559195823892,32.85497812394118,none,463972
Dengeli,21,1943,2016,6,1399,1200,199,5844,157,28,0,0,185,3244910,2170131,1057352,229500,48600,90021,113850,0,0,575381,582434,-177164,72992,686606,686606,884422,18214269,123547,0,1028062,2103322,0,3.0,0.0,2.0,0.0,1.0,659.0681817000001,685.6818179999999,441.318182,440.5984849,661.9848485666666,1.499939,23.56384063333333,1.0,1.0,1.0,1.0,none,0:1.0500|1:0.9300|2:1.0300|3:0.9400|4:0.9500|5:1.1000|6:0.8200|,Emre Kalkan:4:51696|Nesrin Özdemir:6:18293,2163842,8,209475,1914,30,32.584940722547,33.03907027317506,none,365906
Dengeli,21,1974,2016,7,1511,1296,215,6200,122,29,0,0,203,3556240,2359590,1183216,249150,53010,93673,118482,0,0,668901,393454,-464086,0,857540,688532,1073586,18230694,123547,0,1049009,2282871,0,3.0,0.0,2.0,0.0,1.0,661.8695014193548,692.045455,440.30058658064513,440.7155425483871,664.2609970645161,1.510601,23.78002116129032,1.0,1.0,1.0,1.0,none,0:1.0500|1:0.9300|2:1.0300|3:0.9400|4:0.9500|5:1.1000|6:0.8200|,Emre Kalkan:4:54394|Nesrin Özdemir:6:19247,2357712,8,209475,1944,31,33.2715452275437,33.476223691160165,none,459426
Dengeli,21,2005,2016,8,1407,1223,184,5742,127,31,0,0,169,3352780,2214715,1119037,249550,53010,94356,119350,0,0,602771,349288,-420347,73233,696402,865410,1057020,17492711,123547,0,1069956,2282871,0,3.0,0.0,2.0,0.0,1.0,670.9750732580645,696.590909,445.863636,443.8020528064516,670.6774193548387,1.521698,23.43075351612903,1.0,1.0,1.0,1.0,none,0:1.0500|1:0.9300|2:1.0300|3:0.9400|4:0.9500|5:1.1000|6:0.8200|,Emre Kalkan:4:54394|Nesrin Özdemir:6:19247,2275644,8,209475,1975,31,33.37639212832336,33.549895701041066,none,393296
Dengeli,21,2035,2016,9,1305,1122,183,5661,158,38,0,0,174,3628140,2397278,1209127,241500,51300,92002,101160,0,0,723165,1256133,431991,72169,751973,751973,1163226,17948733,123547,0,1090903,2209230,0,3.0,0.0,2.0,0.0,1.0,674.5075757333333,702.272727,444.40909100000005,444.30454530000003,678.8045454999999,1.5328759999999997,24.425543533333332,1.0,1.0,1.0,1.0,none,0:1.0500|1:0.9300|2:1.0300|3:0.9400|4:0.9500|5:1.1000|6:0.8200|,Emre Kalkan:4:54394|Nesrin Özdemir:6:19247,2391012,8,209475,2006,30,33.32636006328311,34.11355083494314,none,513690
Dengeli,21,2066,2016,10,1283,1104,179,5086,152,38,0,0,167,3563675,2299272,1244659,249550,53010,95750,105276,0,0,741073,1492831,459812,71089,961930,961930,1077180,18245980,123547,0,1111850,2282871,0,3.0,0.0,2.0,0.0,1.0,687.6319646451614,706.1363640000001,441.47800548387096,442.7360702903226,680.967741967742,1.543772,21.511444096774195,1.0,1.0,1.0,1.0,none,0:1.0500|1:0.9300|2:1.0300|3:0.9400|4:0.9500|5:1.1000|6:0.8200|,Emre Kalkan:4:54394|Nesrin Özdemir:6:19247,2341818,8,209475,2036,31,34.92627694725248,35.7973409930577,none,531598
Dengeli,21,2096,2016,11,1250,1040,210,4913,160,30,0,0,193,3246615,2075844,1155466,241500,51300,93322,102630,0,0,666714,1373463,534708,69994,768761,768761,967330,18596988,123547,0,1132797,2209230,0,3.0,0.0,2.0,0.0,1.0,695.8181817999999,712.272727,447.045455,444.76060613333334,688.8803030333333,1.555113,20.824620666666664,1.0,1.0,1.0,1.0,none,0:1.0500|1:0.9300|2:1.0300|3:0.9400|4:0.9500|5:1.1000|6:0.8200|,Emre Kalkan:4:54394|Nesrin Özdemir:6:19247,2109994,8,209475,2067,30,35.58986821658866,35.75254762047955,none,457239
Dengeli,21,2127,2016,12,1274,1077,197,4642,170,52,0,0,185,3339610,2190505,1128033,249550,53010,97115,117490,0,0,610868,1501470,676290,68883,756297,756297,979200,19270412,130050,0,1154847,2287367,0,3.0,0.0,2.0,0.0,1.0,688.5630499032259,716.1363640000001,452.5483873870968,449.54545461290326,688.2551318387096,1.566167,21.07229635483871,1.0,1.0,1.0,1.0,none,0:1.0500|1:0.9300|2:1.0300|3:0.9400|4:0.9500|5:1.1000|6:0.8200|,Emre Kalkan:4:54394|Nesrin Özdemir:6:19247,2161926,8,220500,2097,31,33.77738717994017,34.27640541404302,none,390368
Dengeli,21,2158,2017,1,1319,1101,218,5439,171,53,0,0,202,3939980,2602316,1313370,261550,55800,97833,118358,0,0,779829,947391,-5962,0,953353,953353,1130198,19429278,130050,0,1176897,2422247,0,3.0,0.0,2.0,0.0,1.0,699.2448678709677,722.5,464.090909,460.0425219354839,694.2727272258064,1.577672,22.06957219354839,1.0,1.0,1.0,1.0,none,0:1.0500|1:0.9300|2:1.0300|3:0.9400|4:0.9500|5:1.1000|6:0.8200|,Emre Kalkan:4:57715|Nesrin Özdemir:6:20422,2674502,8,220500,2128,31,33.334433169711524,33.62970107838687,none,559329
Dengeli,21,2186,2017,2,1194,984,210,4455,151,65,0,0,190,3352685,2227749,1109350,236600,50400,89150,107856,0,0,625344,794347,-37980,77008,755319,755319,1126450,19282147,130050,0,1198947,2187836,0,3.0,0.0,2.0,0.0,1.0,705.1785716785714,729.0909089999999,468.363636,465.80681814285714,706.1590909285715,1.591718,22.405104607142857,1.0,1.0,1.0,1.0,none,0:1.0500|1:0.9300|2:1.0300|3:0.9400|4:0.9500|5:1.1000|6:0.8200|,Emre Kalkan:4:57715|Nesrin Özdemir:6:20422,2281524,8,220500,2159,28,33.08840526324423,33.58226486021393,none,404844
Dengeli,21,2217,2017,3,1315,1107,208,5232,162,28,0,0,192,3527385,2346587,1163500,261950,55800,99508,109430,0,0,636812,1055483,200166,75937,779380,779380,1006554,19305073,130050,0,1220997,2422247,0,3.0,0.0,2.0,0.0,1.0,706.3269797419355,733.8636359999999,469.363636,467.7521994193549,705.1788854516129,1.604512,22.860964225806452,1.0,1.0,1.0,1.0,none,0:1.0500|1:0.9300|2:1.0300|3:0.9400|4:0.9500|5:1.1000|6:0.8200|,Emre Kalkan:4:57715|Nesrin Özdemir:6:20422,2339628,8,220500,2187,31,32.98477484028537,33.54867512331367,none,416312
Dengeli,21,2247,2017,4,1257,1030,227,4802,157,16,0,0,212,3362955,2208646,1126407,253500,54000,97167,106830,0,0,614910,776135,-245876,74848,947163,766831,1073332,19205707,130050,0,1243047,2344110,0,3.0,0.0,2.0,0.0,1.0,723.4924239666667,740.6818179999999,478.818182,474.90454539999996,718.0484849000001,1.618797,21.13788153333333,1.0,1.0,1.0,1.0,none,0:1.0500|1:0.9300|2:1.0300|3:0.9400|4:0.9500|5:1.1000|6:0.8200|,Emre Kalkan:4:57715|Nesrin Özdemir:6:20422,2300916,8,220500,2218,30,33.4945605873406,33.81849399682719,none,394410
Dengeli,21,2278,2017,5,1282,1077,205,5041,133,44,0,0,190,3330535,2247825,1061278,261950,55800,101245,111352,0,0,530931,1071330,206809,73741,790780,971112,1005876,19066638,130050,0,1265097,2422247,0,3.0,0.0,2.0,0.0,1.0,705.6744864193548,747.272727,477.636364,477.04252225806454,707.5395893548387,1.632742,23.573970967741936,1.0,1.0,1.0,1.0,none,0:1.0500|1:0.9100|2:1.0300|3:0.9200|4:0.9300|5:1.1000|6:0.8200|,Emre Kalkan:4:57715|Nesrin Özdemir:6:20422,2262834,8,220500,2248,31,31.865090743679318,32.31491669430155,none,310431
Dengeli,21,2308,2017,6,1435,1183,252,5665,94,32,0,3,237,3452375,2322558,1106954,253500,54000,98878,125040,0,0,575536,748147,-82038,72617,757568,757568,1120738,19022091,138178,0,1288525,2348940,0,3.0,0.0,2.0,0.0,1.0,708.4924242666667,754.3181820000001,476.181818,476.7484849666667,707.6318182,1.647278,25.431282166666666,1.0,1.0,1.0,1.0,none,0:1.0500|1:0.9050|2:1.0300|3:0.9150|4:0.9250|5:1.1000|6:0.8200|,Emre Kalkan:4:57715|Nesrin Özdemir:6:20422,2319254,8,234281,2279,30,32.06355045439734,32.78942700158332,none,341255
Dengeli,21,2339,2017,7,1390,1175,215,5646,118,13,0,0,193,3629780,2365751,1246741,276950,59272,103043,130324,0,0,677152,697014,-290599,0,987613,987613,1036596,18710590,138178,0,1311953,2571977,0,3.0,0.0,2.0,0.0,1.0,729.853372483871,760.0,476.81818200000004,476.7243404516129,724.4354838387096,1.661468,23.11917964516129,1.0,1.0,1.0,1.0,none,0:1.0500|1:0.9250|2:1.0300|3:0.9350|4:0.9450|5:1.1000|6:0.8200|,Emre Kalkan:4:61282|Nesrin Özdemir:6:21685,2438100,8,234281,2309,31,34.34756376419507,34.66931852664184,none,442871
Dengeli,21,2370,2017,8,1436,1188,248,6030,107,24,0,0,236,3684070,2386627,1279805,277450,59272,103972,131471,0,0,707640,880648,10824,72903,796921,796921,1109796,18826829,138178,0,1335381,2571977,0,3.0,0.0,2.0,0.0,1.0,740.234603967742,766.818182,481.454545,479.2595307741936,739.183284483871,1.67626,23.338684354838712,1.0,1.0,1.0,1.0,none,0:1.0500|1:0.9300|2:1.0300|3:0.9400|4:0.9500|5:1.1000|6:0.8200|,Emre Kalkan:4:61282|Nesrin Özdemir:6:21685,2353620,8,234281,2340,31,34.73888932620716,34.95919504176803,none,473359
Dengeli,21,2400,2017,9,1325,1109,216,5461,131,41,0,0,205,3771410,2508627,1224048,268500,57360,101490,111630,0,0,685068,698309,-178361,71889,804781,804781,1164444,18578605,138178,0,1358809,2489010,0,3.0,0.0,2.0,0.0,1.0,750.3106060666667,773.863636,502.545455,495.1121212666667,750.6515152,1.691183,22.93037186666667,1.0,1.0,1.0,1.0,none,0:1.0500|1:0.9300|2:1.0300|3:0.9400|4:0.9500|5:1.1000|6:0.8200|,Emre Kalkan:4:61282|Nesrin Özdemir:6:21685,2561290,8,234281,2371,30,32.45597800292198,33.021677830934486,none,450787
Dengeli,21,2431,2017,10,1319,1097,222,5277,138,28,0,0,212,3779940,2481781,1271033,277450,59272,105802,116343,0,0,712166,976961,-177004,140668,1013297,1013297,1185758,18261749,138178,0,1382237,2571977,0,3.0,0.0,2.0,0.0,1.0,765.3958943225807,781.1363640000001,500.863636,500.46480932258066,755.3592376451612,1.705752,21.83520835483871,1.0,1.0,1.0,1.0,none,0:1.0500|1:0.9300|2:1.0300|3:0.9400|4:0.9500|5:1.1000|6:0.8200|,Emre Kalkan:4:61282|Nesrin Özdemir:6:21685,2541328,8,234281,2401,31,33.625745382201835,34.56149429135715,none,477885
Dengeli,21,2461,2017,11,1310,1078,232,5220,161,24,0,0,213,3729055,2457936,1245025,268500,57360,103290,113580,0,0,702295,973424,91613,68746,813065,813065,1118908,18191628,138178,0,1405665,2489010,0,3.0,0.0,2.0,0.0,1.0,769.1666666333333,787.272727,507.90909100000005,504.9439394333333,765.5393940666667,1.720938,21.82420343333333,1.0,1.0,1.0,1.0,none,0:1.0500|1:0.9300|2:1.0300|3:0.9400|4:0.9500|5:1.1000|6:0.8200|,Emre Kalkan:4:61282|Nesrin Özdemir:6:21685,2504918,8,234281,2432,30,33.387145000543036,33.966315360085204,none,468014
Dengeli,21,2492,2017,12,1355,1135,220,5367,158,44,0,0,208,4119315,2742016,1353979,277450,59272,107662,130231,0,0,779364,1234559,200123,0,1034436,828585,1227276,18818809,146306,0,1430471,2577041,0,3.0,0.0,2.0,0.0,1.0,772.5806451612904,794.545455,512.272727,509.6847507096774,770.1466274193549,1.735763,22.678293548387096,1.0,1.0,1.0,1.0,none,0:1.0500|1:0.9300|2:1.0300|3:0.9400|4:0.9500|5:1.1000|6:0.8200|,Emre Kalkan:4:61282|Nesrin Özdemir:6:21685,2785628,8,248062,2462,31,32.86903283677019,33.69330047181628,none,531302
Dengeli,21,2523,2018,1,1351,1097,254,5555,185,68,0,0,229,4319300,2919220,1369791,292450,62775,108594,131378,0,0,774594,1345284,400886,69017,875381,1081232,1444280,19124088,146306,0,1455277,2728961,0,3.0,0.0,2.0,0.0,1.0,757.8445751612902,801.590909,507.18181799999996,508.470674483871,756.9809384193549,1.751216,25.05634,1.0,1.0,1.0,1.0,none,0:1.0500|1:0.9100|2:1.0300|3:0.9200|4:0.9300|5:1.1000|6:0.8200|,Emre Kalkan:4:65023|Nesrin Özdemir:6:23008,2926856,8,248062,2493,31,31.713263723288495,33.075747373126255,none,526532
Dengeli,21,2551,2018,2,1367,1113,254,5627,182,72,0,0,228,4158245,2835741,1299923,264600,56700,98980,119728,0,0,759915,1570708,624881,68056,877771,877771,1447290,19642106,146306,0,1480083,2464868,0,3.0,0.0,2.0,0.0,1.0,752.2240260357142,809.0909089999999,511.590909,510.0876625,757.8019480357143,1.766807,27.253322,1.0,1.0,1.0,1.0,none,0:1.0500|1:0.9100|2:1.0300|3:0.9200|4:0.9300|5:1.1000|6:0.8200|,Emre Kalkan:4:65023|Nesrin Özdemir:6:23008,2885184,8,248062,2524,28,31.26133741518357,31.989554801097167,none,511853
Dengeli,21,2582,2018,3,1480,1194,286,6134,143,28,0,0,273,4233990,2871135,1337798,292950,62775,110454,121458,0,0,750161,1810975,804140,67081,939754,939754,1318126,20330411,146306,0,1504889,2728961,0,3.0,0.0,2.0,0.0,1.0,759.3181819354838,815.227273,512.6129035806451,511.372433967742,759.6935485161291,1.781008,28.47848970967742,1.0,1.0,1.0,1.0,none,0:1.0500|1:0.9100|2:1.0300|3:0.9200|4:0.9300|5:1.1000|6:0.8200|,Emre Kalkan:4:65023|Nesrin Özdemir:6:23008,2857756,8,248062,2552,31,31.596626350085852,32.49036888936241,none,502099
Dengeli,21,2612,2018,4,1351,1107,244,5786,148,38,0,0,224,4171460,2834497,1312826,283500,60750,107851,118590,0,0,742135,1056798,-115126,66089,1105835,1105835,1246574,20006755,146306,0,1529695,2640930,0,3.0,0.0,2.0,0.0,1.0,778.7803029,822.045455,531.727273,525.9787879666667,779.4393939999999,1.796864,26.113610866666665,1.0,1.0,1.0,1.0,none,0:1.0500|1:0.9300|2:1.0300|3:0.9400|4:0.9500|5:1.1000|6:0.8200|,Emre Kalkan:4:65023|Nesrin Özdemir:6:23008,2928854,8,248062,2583,30,31.47161904944552,31.723071189657855,none,494073
Dengeli,21,2643,2018,5,1489,1223,266,6238,147,39,0,0,252,4565515,3055448,1491312,292950,62775,112407,123597,0,0,899583,1720303,681186,65081,974036,974036,1448170,20804914,146306,0,1554501,2728961,0,3.0,0.0,2.0,0.0,1.0,797.5953078064516,829.772727,530.409091,529.9750733870968,789.3460411290323,1.812343,25.24560183870968,1.0,1.0,1.0,1.0,none,0:1.0500|1:0.9300|2:1.0300|3:0.9400|4:0.9500|5:1.1000|6:0.8200|,Emre Kalkan:4:65023|Nesrin Özdemir:6:23008,3071640,8,248062,2613,31,32.664704858049966,33.498970491848524,none,651521
Dengeli,21,2673,2018,6,1536,1255,281,6692,109,39,0,2,271,4191340,2823933,1332205,283500,60750,109741,138780,0,0,739434,1103740,243437,0,860303,860303,1300644,21057219,156060,0,1580961,2646374,0,3.0,0.0,2.0,0.0,1.0,788.0075758,837.272727,521.8212118666667,524.7939393333334,790.9484848333334,1.828478,29.018247933333335,1.0,1.0,1.0,1.0,none,0:1.0500|1:0.9200|2:1.0300|3:0.9300|4:0.9400|5:1.1000|6:0.8200|,Emre Kalkan:4:65023|Nesrin Özdemir:6:23008,2843574,8,264600,2644,30,31.784703698578497,33.77967066662982,none,474834
Dengeli,21,2704,2018,7,1522,1249,273,6621,118,26,0,0,261,4567455,3071949,1478700,310950,66960,114361,144646,0,0,841783,368679,-759302,72039,1055942,1055942,1423726,20264033,156060,0,1607421,2897725,0,3.0,0.0,2.0,0.0,1.0,810.5278591935485,844.318182,545.4032254516129,538.7668622580645,801.470674548387,1.84423,26.903350838709677,1.0,1.0,1.0,1.0,none,0:1.0500|1:0.9300|2:1.0300|3:0.9400|4:0.9500|5:1.1000|6:0.8200|,Emre Kalkan:4:69043|Nesrin Özdemir:6:24431,3136914,8,264600,2674,31,32.374703199046294,32.71011979843935,none,577183
Dengeli,21,2735,2018,8,1514,1204,310,6508,123,27,0,0,295,4484740,3091422,1381528,311550,66960,115384,145917,0,0,741717,412946,-508590,71079,850457,850457,1232052,19497537,156060,0,1633881,2897725,0,3.0,0.0,2.0,0.0,1.0,798.1011729032258,851.590909,547.0527859354838,545.4677420322581,804.1979470967742,1.860649,28.511759741935485,1.0,1.0,1.0,1.0,none,0:1.0500|1:0.9250|2:1.0300|3:0.9350|4:0.9450|5:1.1000|6:0.8200|,Emre Kalkan:4:69043|Nesrin Özdemir:6:24431,3056322,8,264600,2705,31,30.8050856905863,31.455709563050974,none,477117
Dengeli,21,2765,2018,9,1491,1223,268,6293,134,42,0,0,258,4648630,3116726,1503369,301500,64800,112653,123900,0,0,900516,1843584,605965,70103,1167516,942845,1362020,20427161,156060,0,1660341,2804250,0,3.0,0.0,2.0,0.0,1.0,814.2272727333333,859.3181820000001,539.409091,541.6075758333333,817.3333332333333,1.877214,28.116875466666666,1.0,1.0,1.0,1.0,none,0:1.0500|1:0.9300|2:1.0300|3:0.9400|4:0.9500|5:1.1000|6:0.8200|,Emre Kalkan:4:69043|Nesrin Özdemir:6:24431,3189400,8,264600,2736,30,32.34004427110783,33.7520236592884,none,635916
Dengeli,21,2796,2018,10,1367,1110,257,5516,171,37,0,0,236,4427595,2885069,1514842,311550,66960,117430,129115,0,0,889787,1600762,585427,69109,946226,1170897,1339768,20693014,156060,0,1686801,2897725,0,3.0,0.0,2.0,0.0,1.0,839.420821032258,866.3636359999999,546.454545,544.124633419355,827.1495600645162,1.893385,23.889781548387095,1.0,1.0,1.0,1.0,none,0:1.0500|1:0.9300|2:1.0300|3:0.9400|4:0.9500|5:1.1000|6:0.8200|,Emre Kalkan:4:69043|Nesrin Özdemir:6:24431,2925802,8,264600,2766,31,34.213653236124806,34.90100182075417,none,625187
Dengeli,21,2826,2018,11,1315,1067,248,5454,136,37,0,0,235,4348190,2928760,1396222,301500,64800,114633,126090,0,0,789199,1171420,194350,68097,908973,908973,1316196,20759736,156060,0,1713261,2804250,0,3.0,0.0,2.0,0.0,1.0,839.0681821,874.090909,568.363636,561.1500000333333,837.6454545333333,1.910241,24.932775433333333,1.0,1.0,1.0,1.0,none,0:1.0500|1:0.9300|2:1.0300|3:0.9400|4:0.9500|5:1.1000|6:0.8200|,Emre Kalkan:4:69043|Nesrin Özdemir:6:24431,2991648,8,264600,2797,30,32.110418357983434,32.26252071941126,none,524599
Dengeli,21,2857,2018,12,1378,1114,264,5413,156,55,0,0,247,4711845,3140455,1555406,311550,66960,119478,144553,0,0,912865,1904636,758257,0,1146379,1146379,1327354,21770627,167439,0,1741650,2905188,0,3.0,0.0,2.0,0.0,1.0,837.2140761612903,881.3636359999999,552.6246337096774,556.6363635806451,839.6129031612903,1.926697,25.225396032258065,1.0,1.0,1.0,1.0,none,0:1.0500|1:0.9200|2:1.0300|3:0.9300|4:0.9400|5:1.1000|6:0.8200|,Emre Kalkan:4:69043|Nesrin Özdemir:6:24431,3015676,8,283894,2827,31,33.010551068636595,33.992434020756534,none,628971
Dengeli,21,2888,2019,1,1308,1041,267,5334,164,31,0,0,249,4548055,3016689,1502026,332550,71827,120574,145824,0,0,831251,1214769,172273,68408,974088,974088,1349592,21720551,167439,0,1770039,3129078,0,3.0,0.0,2.0,0.0,1.0,855.7771261290322,889.318182,567.909091,563.6129032258065,851.3914955806453,1.94385,22.534878193548387,1.0,1.0,1.0,1.0,none,0:1.0500|1:0.9300|2:1.0300|3:0.9400|4:0.9500|5:1.1000|6:0.8200|,Emre Kalkan:4:74556|Nesrin Özdemir:6:26382,3193506,8,283894,2858,31,33.0256780096107,33.63820162279357,none,547357
Dengeli,21,2916,2019,2,1105,869,236,4214,126,30,0,0,224,3739445,2473709,1248013,301000,64876,110195,133280,0,0,638662,496012,-502941,67497,931456,931456,1177608,20942530,167439,0,1798428,2826264,0,3.0,0.0,2.0,0.0,1.0,875.5600647857143,900.0,584.181818,577.3084415000001,865.9399351785714,1.967061,19.857475464285717,1.0,1.0,1.0,1.0,none,0:1.0500|1:0.9300|2:1.0300|3:0.9400|4:0.9500|5:1.1000|6:0.8200|,Emre Kalkan:4:74556|Nesrin Özdemir:6:26382,2506612,8,283894,2889,28,33.37428415179258,33.279069992419835,none,354768
Dengeli,21,2947,2019,3,1163,879,284,4132,135,28,0,0,261,3260770,2153759,1092847,333250,71827,123334,135594,0,0,428842,731684,-489741,66569,1154856,936002,883476,20388666,167439,0,1826817,3129078,0,3.0,0.0,2.0,0.0,1.0,880.8284461290322,909.090909,584.045455,581.8269794516129,878.1920822903226,1.988265,18.768593258064517,1.0,1.0,1.0,1.0,none,0:1.0500|1:0.9300|2:1.0300|3:0.9400|4:0.9500|5:1.1000|6:0.8200|,Emre Kalkan:4:74556|Nesrin Özdemir:6:26382,2183880,8,283894,2917,31,33.514997991272,33.693620186008005,none,144948
Dengeli,21,2977,2019,4,1255,1014,241,4782,132,33,0,0,227,3943530,2565207,1351557,322500,69510,120767,132780,0,0,706000,1378991,323879,65625,989487,1208341,1200180,20705470,167439,0,1855206,3028140,0,3.0,0.0,2.0,0.0,1.0,897.5378786,922.045455,583.772727,582.3803029333334,886.6939393666667,2.012006,19.772230966666665,1.0,1.0,1.0,1.0,none,0:1.0500|1:0.9300|2:1.0300|3:0.9400|4:0.9500|5:1.1000|6:0.8200|,Emre Kalkan:4:74556|Nesrin Özdemir:6:26382,2601510,8,283894,2948,30,34.272770842367116,34.95843006530465,none,422106
Dengeli,21,3008,2019,5,1301,1038,263,5064,148,49,0,0,241,4331400,2846805,1458100,333250,71827,126249,138818,0,0,787956,2073067,992143,64664,1016260,1016260,1234328,21657175,167439,0,1883595,3129078,0,3.0,0.0,2.0,0.0,1.0,893.0351906774193,931.818182,586.318182,584.3475072903226,888.6348972903226,2.035252,20.33775712903226,1.0,1.0,1.0,1.0,none,0:1.0500|1:0.9200|2:1.0300|3:0.9300|4:0.9400|5:1.1000|6:0.8200|,Emre Kalkan:4:74556|Nesrin Özdemir:6:26382,2843046,8,283894,2978,31,33.66348062981946,34.345456022260066,none,504062
Dengeli,21,3038,2019,6,1265,1010,255,5115,117,27,0,0,242,3863670,2513132,1322773,322500,69510,123618,156330,0,0,650815,702154,-468324,0,1170478,955178,1161402,21429757,182070,0,1914465,3036310,0,3.0,0.0,2.0,0.0,1.0,903.3484848666667,942.954545,594.1818179999999,590.6424241666666,900.4606061666667,2.059555,20.186192533333333,1.0,1.0,1.0,1.0,none,0:1.0500|1:0.9250|2:1.0300|3:0.9350|4:0.9450|5:1.1000|6:0.8200|,Emre Kalkan:4:74556|Nesrin Özdemir:6:26382,2569372,8,308700,3009,30,34.23617959090709,34.224518228123166,none,342115
Dengeli,21,3069,2019,7,1244,1002,242,4901,106,14,0,0,229,3781325,2477678,1287418,360250,78120,129226,163401,0,0,556421,-142859,-1166870,74024,949987,1165287,1181516,19977124,182070,0,1945335,3382348,0,3.0,0.0,2.0,0.0,1.0,923.4824047096774,953.409091,614.454545,605.7815247741936,911.5161290645161,2.08335,19.334774612903225,1.0,1.0,1.0,1.0,none,0:1.0500|1:0.9300|2:1.0300|3:0.9400|4:0.9500|5:1.1000|6:0.8200|,Emre Kalkan:4:80592|Nesrin Özdemir:6:28517,2550746,8,308700,3039,31,34.0467428745215,33.46331864404379,none,247721
Dengeli,21,3100,2019,8,1227,984,243,4889,112,12,0,0,225,3897670,2582964,1276229,361150,78120,130747,165354,0,0,540858,-272281,-1270633,73102,925250,925250,1201248,18683930,182070,0,1976205,3382348,0,3.0,0.0,2.0,0.0,1.0,927.6173019677419,965.454545,621.5,617.0571847419354,930.5073312903226,2.108227,20.340522806451613,1.0,1.0,1.0,1.0,none,0:1.0500|1:0.9300|2:1.0300|3:0.9400|4:0.9500|5:1.1000|6:0.8200|,Emre Kalkan:4:80592|Nesrin Özdemir:6:28517,2604240,8,308700,3070,31,32.74338258498026,33.000387262977895,none,232158
Dengeli,21,3130,2019,9,1185,937,248,4538,157,26,0,0,230,4232630,2896093,1307624,349500,75600,128059,140790,0,0,613675,93215,-1176829,72160,1197884,1197884,1258808,17419871,182070,0,2007075,3273240,0,3.0,0.0,2.0,0.0,1.0,939.0151516000001,976.590909,655.0227271333333,640.3363636666667,940.1893940333333,2.133401,20.135533233333334,1.0,1.0,1.1625,0.95125,0,0:1.0500|1:0.9300|2:1.0300|3:0.9400|4:0.9500|5:1.1000|6:0.8200|,Emre Kalkan:4:80592|Nesrin Özdemir:6:28517,2994820,8,308700,3101,30,30.893888669692366,30.243646652854153,none|0,304975
Dengeli,21,3161,2019,10,1253,1006,247,4809,166,39,0,0,225,4528385,3230931,1258462,361150,78120,133848,147188,0,0,538156,-490625,-1502745,71200,940920,940920,1460476,15999361,182070,0,2037945,3382348,0,3.0,0.0,2.0,0.0,1.0,945.5498530000001,987.727273,675.181818,668.3240469032257,947.843108483871,2.158049,20.462560870967742,1.0,1.0,1.25,0.925,0,0:1.0500|1:0.9300|2:1.0300|3:0.9400|4:0.9500|5:1.1000|6:0.8200|,Emre Kalkan:4:80592|Nesrin Özdemir:6:28517,3325116,8,308700,3131,31,27.790525761391756,28.59373666467061,0,229456
Dengeli,21,3191,2019,11,1144,915,229,4113,159,23,0,0,200,3688140,2549724,1113561,349500,75600,131090,144120,0,0,413251,271078,-747102,70220,947960,947960,1272408,15090721,182070,0,2068815,3273240,0,3.0,0.0,2.0,0.0,1.0,968.5454543,999.772727,670.3181820000001,670.8681819333334,962.3515150000001,2.183819,18.722027833333335,1.0,1.0,1.25,0.925,0,0:1.0500|1:0.9300|2:1.0300|3:0.9400|4:0.9500|5:1.1000|6:0.8200|,Emre Kalkan:4:80592|Nesrin Özdemir:6:28517,2591448,8,308700,3162,30,30.193024125982202,30.791252075571265,0,104551
Dengeli,21,3222,2019,12,1195,945,250,4359,219,25,0,0,215,4633860,3284106,1321528,361150,78120,137011,165726,0,0,579521,399940,-823377,0,1223317,1223317,1466846,14462860,196700,0,2102165,3391105,0,3.0,0.0,2.0,0.0,1.0,966.1730205483871,1010.681818,675.318182,673.1246334516129,966.0703812903225,2.209049,18.824907032258064,1.0,1.0,1.25,0.925,0,0:1.0500|1:0.9300|2:1.0300|3:0.9400|4:0.9500|5:1.1000|6:0.8200|,Emre Kalkan:4:80592|Nesrin Özdemir:6:28517,3286312,8,333506,3192,31,28.518945328516615,30.10380463566471,0,246015
Dengeli,21,3253,2020,1,1240,950,290,4480,161,29,0,0,269,4590945,3201076,1353951,388150,84382,138654,167710,0,0,575055,248473,-840685,70604,1018554,1018554,1482790,13558127,196700,0,2135515,3653815,0,3.0,0.0,2.0,0.0,1.0,980.7111438709678,1023.409091,678.8636359999999,676.6055719032258,980.0806451612904,2.235427,20.086596322580643,1.0,1.0,1.25,0.925,0,0:1.0500|1:0.9300|2:1.0300|3:0.9400|4:0.9500|5:1.1000|6:0.8200|,Emre Kalkan:4:87060|Nesrin Özdemir:6:30805,3214942,8,333506,3223,31,29.491771301986844,30.77843152465309,0,241549
Dengeli,21,3282,2020,2,1122,846,276,4188,163,33,0,0,256,4448230,3130725,1282336,363950,78938,131247,158746,0,0,549455,-271172,-1355085,69724,1014189,1014189,1433964,12170341,196700,0,2168865,3418085,0,3.0,0.0,2.0,0.0,1.0,993.879310275862,1035.227273,695.0282135517241,688.8354231724138,1000.6238243448277,2.262121,19.59179551724138,0.9862068965517242,0.9862068965517242,1.2498275862068964,0.9227830344827587,1,0:1.0500|1:0.9300|2:1.0300|3:0.9400|4:0.9500|5:1.1000|6:0.8200|,Emre Kalkan:4:87060|Nesrin Özdemir:6:30805,3175326,8,333506,3254,29,28.828005746105756,30.06915363206309,0|1,215949
Dengeli,21,3313,2020,3,1139,833,306,3906,227,19,0,0,271,3797110,2629217,1145760,389050,84382,141879,155992,0,0,374457,-332117,-1663967,68826,1263024,1263024,1175834,10121486,196700,0,2202215,3653815,0,3.0,0.0,2.0,0.0,1.0,1007.9105571935484,1047.045455,695.6510264193549,694.3900293225806,1005.4897361290322,2.28738,19.830615387096778,0.9,0.9,1.2341666774193547,0.8015934193548386,1,0:1.0500|1:0.9300|2:1.0300|3:0.9400|4:0.9500|5:1.1000|6:0.8200|,Emre Kalkan:4:87060|Nesrin Özdemir:6:30805,2747536,8,333506,3283,31,30.174527469575544,30.98087707739234,1,40951
Dengeli,21,3343,2020,4,1268,955,313,4735,234,14,0,0,287,4528970,3218607,1280481,376500,81660,138924,152760,0,0,530637,-267127,-1353169,67910,1018132,1018132,1480954,9000460,196700,0,2235565,3535950,0,3.0,0.0,2.0,0.0,1.0,1011.0909090333333,1058.863636,720.6242424333334,711.5060606000001,1014.3606059666668,2.314693,21.494277933333333,0.9,0.9,1.20875,0.8,1,0:1.0500|1:0.9300|2:1.0300|3:0.9400|4:0.9500|5:1.1000|6:0.8200|,Emre Kalkan:4:87060|Nesrin Özdemir:6:30805,3224478,8,333506,3314,30,28.273117287153593,28.728046509458224,1,197131
Dengeli,21,3374,2020,5,1247,921,326,4457,251,32,0,0,288,4225665,2944420,1249840,389050,84382,145229,159681,0,0,471498,71876,-1252642,66975,1257543,1007912,1216124,7712766,196700,0,2268915,3653815,0,3.0,0.0,2.0,0.0,1.0,1037.0967741290322,1072.045455,720.0967742258065,718.8460411290323,1029.967742,2.341436,19.4651524516129,0.9,0.9,1.183333322580645,0.8,1,0:1.0500|1:0.9300|2:1.0300|3:0.9400|4:0.9500|5:1.1000|6:0.8200|,Emre Kalkan:4:87060|Nesrin Özdemir:6:30805,2989034,8,333506,3344,31,29.57735646342055,30.566096415587307,1,137992
Dengeli,21,3404,2020,6,1114,856,258,4104,187,11,0,0,228,3521685,2454071,1030530,376500,81660,142225,179850,0,0,250295,-871026,-1850002,0,978976,1228607,1292132,5686571,211331,0,2304746,3545496,0,3.0,0.0,2.0,0.0,1.0,1033.1136361333333,1084.545455,725.3030302666666,722.4363635666667,1031.9651514666666,2.369395,20.072122233333335,0.9,0.9,1.1579166666666665,0.8,1,0:1.0500|1:0.9200|2:1.0300|3:0.9300|4:0.9400|5:1.1000|6:0.8200|,Emre Kalkan:4:87060|Nesrin Özdemir:6:30805,2539684,8,358312,3375,30,29.262412737084663,29.79445775381681,1,-108017
Dengeli,21,3435,2020,7,1214,933,281,4622,176,15,0,0,254,4147895,2808498,1322432,416050,90675,148671,187984,0,0,479052,-311221,-1462750,87956,1063573,1063573,1212876,4105552,211331,0,2340577,3949741,0,3.0,0.0,2.0,0.0,1.0,1053.0058651290324,1097.5,713.2551319677419,717.6627566129032,1045.488269935484,2.39677,19.763492967741936,0.9,0.9,1.1325,0.8,1,0:1.0500|1:0.9200|2:1.0300|3:0.9300|4:0.9400|5:1.1000|6:0.8200|,Emre Kalkan:4:94111|Nesrin Özdemir:6:33300,2807116,8,358312,3405,31,31.8820027990101,32.26484717819291,1,120740
Dengeli,21,3466,2020,8,1180,901,279,4461,167,8,0,0,250,4057710,2750385,1280048,416950,90675,150439,190216,0,0,431768,-988885,-2351764,64853,1298026,1298026,1330984,1738833,211331,0,2376408,3949741,0,3.0,0.0,2.0,0.0,1.0,1060.2859238064516,1109.545455,720.5175952580645,718.2771260967742,1056.464809483871,2.4253900000000006,20.24741203225806,0.9,0.9,1.1066666774193548,0.8,1,0:1.0500|1:0.9300|2:1.0300|3:0.9400|4:0.9500|5:1.1000|6:0.8200|,Emre Kalkan:4:94111|Nesrin Özdemir:6:33300,2818792,8,358312,3436,31,31.54606908822957,32.04497210795846,1,73456
Dengeli,21,3496,2020,9,1039,767,272,3538,220,13,0,0,236,3584870,2382339,1175494,403500,87750,147326,162000,0,0,374918,1069576,-175465,84370,1160671,1160671,956722,282600,0,0,2200908,3822330,0,3.0,0.0,2.0,0.0,1.0,1093.3030302333332,1123.8636359999998,728.85,724.8454545333334,1081.1333333666666,2.454351,18.667266700000003,0.9,0.9,1.08125,0.8,1,0:1.0500|1:0.9300|2:1.0300|3:0.9400|4:0.9500|5:1.1000|6:0.8200|,Emre Kalkan:4:94111|Nesrin Özdemir:6:33300,2397884,8,0,3467,30,32.79042196788168,33.33504254127526,1,374918
Dengeli,21,3527,2020,10,1161,870,291,4150,242,23,0,0,258,4247805,2834876,1374702,416950,90675,153975,169322,0,0,543780,1293458,80584,60594,1152280,1152280,1213404,614907,211331,0,2236739,3949741,0,3.0,0.0,2.0,0.0,1.0,1097.1847507096775,1136.590909,733.1143695806452,730.3064516451612,1089.8988270322582,2.482707,18.297266677419355,0.9,0.9,1.055833322580645,0.8,1,0:1.0500|1:0.9300|2:1.0300|3:0.9400|4:0.9500|5:1.1000|6:0.8200|,Emre Kalkan:4:94111|Nesrin Özdemir:6:33300,2850714,8,358312,3497,31,32.36264376542709,33.18223124168883,1,185468
Dengeli,21,3557,2020,11,1100,823,277,3849,255,25,0,0,239,4270690,2869949,1374468,403500,87750,150808,165810,0,0,566600,1024305,-473974,58379,1439900,1439900,1325354,97145,211331,0,2272570,3822330,0,3.0,0.0,2.0,0.0,1.0,1114.6439394000001,1150.454545,750.9106061333333,743.0424242666667,1103.1045453333334,2.512353,18.231837133333332,0.9,0.9,1.0304166666666668,0.8,1,0:1.0500|1:0.9300|2:1.0300|3:0.9400|4:0.9500|5:1.1000|6:0.8200|,Emre Kalkan:4:94111|Nesrin Özdemir:6:33300,2929928,8,358312,3528,30,32.18374548375087,32.63224428981871,1,208288
Dengeli,21,3588,2020,12,1191,893,298,4114,245,19,0,0,263,4874395,3259406,1580485,416950,90675,157633,190650,0,0,724577,2526099,1261694,0,1264405,1264405,1373544,1431869,225961,0,2310881,3958121,0,3.0,0.0,2.0,0.0,1.0,1106.4002931290322,1163.409091,728.8988268709678,735.1950147096774,1106.0278593225808,2.54138,20.03328893548387,0.9,0.9,1.0062096774193547,0.8,1,0:1.0500|1:0.9250|2:1.0300|3:0.9350|4:0.9450|5:1.1000|6:0.8200|,Emre Kalkan:4:94111|Nesrin Özdemir:6:33300,3243118,8,383119,3558,31,32.4242290581703,34.11979087518543,1,341458
Dengeli,21,3619,2021,1,1080,800,280,3764,217,51,0,0,252,4539370,3010697,1498919,443950,96937,159483,192944,0,0,605605,875846,-661102,42920,1494028,1204675,1400620,1134137,225961,0,2349192,4209521,0,3.0,0.0,2.0,0.0,1.0,1138.5337242580645,1176.818182,759.090909,748.853372483871,1133.7463341935486,2.571726,18.003247967741935,0.9193548387096774,0.9193548387096774,1.0,0.803225806451613,none,0:1.0500|1:0.9300|2:1.0300|3:0.9400|4:0.9500|5:1.1000|6:0.8200|,Emre Kalkan:4:100301|Nesrin Özdemir:6:35491,3073114,8,383119,3589,31,33.020419133051504,33.32732330834835,1|none,222486
Dengeli,21,3647,2021,2,1088,803,285,3807,134,24,0,0,271,4553845,3058578,1476619,401800,87556,145450,175952,0,0,665861,1011115,-249277,42380,1218012,1231153,1519596,861745,225961,0,2387503,3802148,0,3.0,0.0,2.0,0.0,1.0,1138.9772727499999,1188.863636,760.363636,757.2987013571428,1140.163961142857,2.596599,19.100298642857144,1.0,1.0,1.0,0.9285714285714286,none,0:1.0500|1:0.9300|2:1.0300|3:0.9400|4:0.9500|5:1.1000|6:0.8200|,Emre Kalkan:4:100301|Nesrin Özdemir:6:35491,3121544,8,383119,3620,28,32.425763283554886,33.2415444810288,none,282742
Dengeli,21,3653,2021,3,248,191,57,898,21,12,0,0,54,1027165,677555,342715,86100,18762,31434,34572,0,0,171847,475409,475409,0,0,276212,1428912,1025904,0,0,2387503,814746,0,3.0,0.0,2.0,0.0,1.0,1153.409091,1198.409091,758.545455,758.1666668333334,1157.742424,2.619271,19.038945166666668,1.0,1.0,1.0,1.0,none,0:1.0500|1:0.9300|2:1.0300|3:0.9400|4:0.9500|5:1.1000|6:0.8200|,Emre Kalkan:4:100301|Nesrin Özdemir:6:35491,690258,8,0,3648,6,33.365136078429465,34.23448272439531,none,171847
Dengeli,22,25,2011,3,1389,1232,157,5699,197,75,0,0,110,2406940,1785680,610338,167500,37675,50012,55000,0,11560,288591,167316,115471,0,51845,58405,595200,207566,71527,0,12127,0,0,3.0,1.0,2.0,0.0,0.0,449.98181828,457.7272730000001,329.10363639999997,334.59454548,447.73999988,1.0,27.26892256,1.0,1.0,1.0,1.0,none,0:1.0000|1:0.9200|2:1.0300|3:0.9400|4:0.9500|5:1.1000|6:0.8200|,,2051986,1,121275,1,25,25.357424780011133,26.862903559535358,none,167316
Dengeli,22,55,2011,4,1692,1514,178,6957,172,81,0,2,147,2832380,2053101,754832,201000,45210,60374,66390,0,11539,370319,249044,168050,0,80994,87483,977886,755630,71527,0,24254,0,0,3.0,1.0,2.0,0.0,0.0,443.8257574,459.09090899999995,318.66363636666665,321.76818173333334,442.31212116666666,1.00592,28.66788473333333,1.0,1.0,1.0,1.0,none,0:1.0000|1:0.9200|2:1.0300|3:0.9400|4:0.9500|5:1.1000|6:0.8200|,,2079266,1,121275,26,30,26.65009638537202,28.200733947158096,none,249044
Dengeli,22,86,2011,5,1766,1605,161,7367,197,65,0,2,133,3017500,2142010,854737,207700,46717,62821,69099,0,3915,464485,343210,221621,0,121589,125504,968246,973416,71527,0,36381,0,0,3.0,1.0,2.0,0.0,0.0,451.22434012903227,464.31818200000004,320.38269809677416,320.1524926774194,451.3607037419355,1.01307,29.70144058064516,1.0,1.0,1.0,1.0,none,0:1.0000|1:0.9250|2:1.0300|3:0.9400|4:0.9500|5:1.1000|6:0.8200|,,2155784,1,121275,56,31,28.32599834299917,28.997026622021895,none,343210
Dengeli,22,116,2011,6,1824,1658,166,8814,146,69,0,7,131,3096285,2326618,750542,201000,45210,61245,77460,0,3090,362537,319309,240476,0,78833,81923,1144310,1406827,78030,0,49611,0,0,3.0,1.0,2.0,0.0,0.0,428.6742424,466.818182,321.8909089333334,321.55606059999997,417.0999999,1.020512,36.02242986666667,1.0,1.0,1.0,1.0,none,0:1.0000|1:0.9000|2:1.0300|3:0.9100|4:0.9500|5:1.1000|6:0.8200|,,2326444,1,132300,87,30,24.240081258669665,24.910135227351986,none,230237
Dengeli,22,147,2011,7,2046,1850,196,10408,112,96,0,22,162,3546380,2774456,752808,222700,50220,63751,80600,0,5150,330387,198087,113892,0,84195,70177,1246284,1596282,78030,0,62841,0,0,3.0,1.0,2.0,0.0,0.0,417.4486802903226,470.227273,329.36803522580647,327.58357777419354,412.96334277419356,1.027766,38.25942516129032,1.0,1.0,1.0,1.0,none,0:1.0500|1:0.8900|2:1.0300|3:0.9000|4:0.9500|5:1.1000|6:0.8200|,,2834154,1,132300,117,31,21.22750523068594,21.099754107081804,none,198087
Dengeli,22,178,2011,8,1983,1761,222,10202,96,107,0,22,179,3505485,2754487,730538,223200,50220,64216,81189,0,3971,307742,250542,181742,0,68800,86789,1301510,1812492,78030,0,76071,0,0,3.0,1.0,2.0,0.0,0.0,417.954545,474.090909,330.20234619354835,329.5630498709677,416.1642226774194,1.035317,38.197764580645156,1.0,1.0,1.0,1.0,none,0:1.0500|1:0.8900|2:1.0300|3:0.9000|4:0.9500|5:1.1000|6:0.8200|,,2779542,1,132300,148,31,20.839855255406885,20.995632146182704,none,175442
Dengeli,22,208,2011,9,1904,1722,182,9169,125,111,0,10,138,3538085,2784870,727498,208800,46980,62595,68820,0,5319,334984,247392,182427,0,64965,70284,1269074,2004037,78030,0,89301,0,0,2.9,0.9,2.0,0.0,0.0,421.89393973333335,477.272727,333.13484843333333,332.32878796666665,419.45909126666663,1.042922,36.872456533333335,1.0,1.0,1.0,1.0,none,0:1.0500|1:0.9050|2:1.0300|3:0.9150|4:0.9500|5:1.1000|6:0.8200|,,2766842,1,132300,179,30,20.561914142820196,21.038247516923803,none,202684
Dengeli,22,239,2011,10,2008,1813,195,10276,155,143,0,14,149,3952180,3072708,858155,148800,33480,65146,71641,0,10569,528519,479569,348253,0,131316,136635,1402382,2445581,78030,0,102531,0,0,2.0,0.0,2.0,0.0,0.0,426.51026412903224,481.136364,330.35777125806453,331.1363636129032,422.772727,1.050335,38.423162741935485,1.0,1.0,1.0,1.0,none,0:1.0500|1:0.9050|2:1.0300|3:0.9150|4:0.9500|5:1.1000|6:0.8200|,,3134042,1,132300,209,31,21.713459407213236,22.544004437341904,none,396219
Dengeli,22,269,2011,11,1874,1684,190,9804,141,124,0,10,150,3797500,2933098,846607,144000,32400,63495,69840,0,19926,516946,384646,281821,0,102825,112151,1418632,2764611,78030,0,115761,0,0,2.0,0.0,2.0,0.0,0.0,433.0606059333333,484.545455,333.5287877666667,332.87727263333335,428.87878809999995,1.058051,38.49848406666667,1.0,1.0,1.0,1.0,none,0:1.0500|1:0.9100|2:1.0300|3:0.9200|4:0.9500|5:1.1000|6:0.8200|,,2929934,1,132300,240,30,22.293798551678737,22.983346165175973,none,384646
Dengeli,22,300,2011,12,1927,1720,207,9313,194,164,0,13,148,3975420,3100659,856172,148800,33480,66077,79949,0,7429,520437,39179,-60937,0,100116,107545,1364072,2597040,81281,0,129542,0,0,2.0,0.0,2.0,0.0,0.0,431.15102661290325,487.5,334.79472145161293,334.29178867741933,428.5117301935484,1.065572,37.24082364516129,1.0,1.0,1.0,1.0,none,0:1.0500|1:0.9150|2:1.0300|3:0.9250|4:0.9500|5:1.1000|6:0.8200|,,3054780,1,137812,270,31,21.536642669202248,22.348620138576432,none,382625
Dengeli,22,331,2012,1,1731,1533,198,8399,196,125,0,5,158,3678770,2732328,933407,168300,34875,66569,80538,0,3150,579975,-91412,-299442,109017,99013,99013,1090268,9531474,81281,380970,524293,0,0,2.967741935483871,0.0,2.0,0.0,0.967741935483871,449.9266861612903,491.81818200000004,329.52346048387096,331.16862167741937,453.806451483871,1.0734,36.916648096774196,1.0,1.0,1.0,1.0,none,0:1.0500|1:0.9250|2:1.0300|3:0.9350|4:0.9500|5:1.1000|6:0.8200|,,2822850,3,137812,301,31,25.37280123519546,26.76063220536713,none,442163
Dengeli,22,360,2012,2,1547,1397,150,7567,156,108,0,0,131,3420080,2369286,1037859,158050,32625,62623,75777,0,0,708784,793415,629608,0,163807,163807,1128012,10239167,81281,0,538074,0,0,3.0,0.0,2.0,0.0,1.0,471.7006271034483,494.3181819999999,323.68495296551725,325.4043886551724,472.05956113793104,1.079586,33.40848872413793,1.0,1.0,1.0,1.0,none,0:1.0500|1:0.9300|2:1.0300|3:0.9400|4:0.9500|5:1.1000|6:0.8200|,,2356468,3,137812,332,29,30.346044536969895,31.379155683307975,none,570972
Dengeli,22,391,2012,3,1683,1507,176,8459,151,95,0,0,151,3525910,2442769,1064358,168950,34875,67313,74028,0,0,719192,1021101,576959,214376,229766,229766,1139820,10632861,81281,0,551855,0,0,3.0,0.0,2.0,0.0,1.0,473.0498532580645,496.590909,325.14809374193544,324.86656903225804,474.58357777419354,1.085405,33.99178835483871,1.0,1.0,1.0,1.0,none,0:1.0500|1:0.9300|2:1.0300|3:0.9400|4:0.9500|5:1.1000|6:0.8200|,,2468912,3,137812,361,31,30.186760297341678,31.265575604236307,none,581380
Dengeli,22,421,2012,4,1457,1316,141,6578,131,58,0,0,113,2886700,1951322,918706,167300,34605,65502,72060,0,22478,556761,332454,-50392,105327,277519,277519,996658,10266382,81281,0,565636,0,0,3.033333333333333,0.0,2.0,0.03333333333333333,1.0,480.25000023333337,499.318182,325.95,325.25,480.28484853333333,1.09166,29.127545133333335,1.0,1.0,1.0,1.0,none,0:1.0500|1:0.9300|2:1.0300|3:0.9400|4:0.9500|5:1.1000|6:0.8200|,,1980130,3,137812,392,30,31.825475456403506,32.1290994603572,none,418949
Dengeli,22,452,2012,5,1542,1413,129,7259,152,85,0,0,108,3297630,2241467,1041535,286750,61380,68058,74865,0,0,550482,-258883,-527764,104066,164815,164815,986470,9215497,81281,0,579417,0,0,4.0,0.0,2.0,1.0,1.0,486.0630499354839,502.045455,330.6114370645161,329.2976539354839,483.33577722580645,1.097747,28.057461290322582,1.0,1.0,1.0,1.0,none,0:1.0500|1:0.9300|2:1.0300|3:0.9400|4:0.9500|5:1.1000|6:0.8200|,,2264944,5,137812,422,31,31.584349972556048,31.98177950198049,none,412670
Dengeli,22,482,2012,6,1497,1332,165,6918,124,76,0,0,137,2769960,1883804,872863,277500,59400,66252,83790,0,0,385921,-954917,-1203833,0,248916,248916,849422,7723906,84532,0,593749,202983,0,4.0,0.0,2.0,1.0,1.0,487.49242426666666,505.227273,333.07121209999997,332.08181820000004,487.6878787333333,1.104074,28.68319596666667,1.0,1.0,1.0,1.0,none,0:1.0500|1:0.9300|2:1.0300|3:0.9400|4:0.9500|5:1.1000|6:0.8200|,Kaan Çetin:4:33593,1907930,7,143325,453,30,31.511754682378086,31.676638339346923,none,242596
Dengeli,22,513,2012,7,1535,1363,172,7216,100,46,0,0,159,2818700,1909214,881187,292750,62775,68833,87079,0,0,369750,-6804,-546710,128518,411388,411388,834870,7038386,84532,0,608081,1085558,0,4.0,0.0,2.0,1.0,1.0,490.7551320322581,508.18181799999996,331.0337244193548,331.675953,488.72434022580643,1.11023,29.04758941935484,1.0,1.0,1.0,1.0,none,0:1.0500|1:0.9300|2:1.0300|3:0.9400|4:0.9500|5:1.1000|6:0.8200|,Kaan Çetin:4:35018,1922334,7,143325,483,31,31.262177599602655,32.546049381385686,none,226425
Dengeli,22,544,2012,8,1484,1326,158,6427,94,52,0,3,141,2673410,1746408,912254,292950,62775,69236,87575,0,0,399718,388478,-113655,140048,362085,362085,700588,6688281,84532,0,622413,1085558,0,4.0,0.0,2.0,1.0,1.0,492.71994122580645,510.909091,320.454545,323.5967741935484,494.3005864516129,1.116629,27.187648096774193,1.0,1.0,1.0,1.0,none,0:1.0500|1:0.9300|2:1.0300|3:0.9400|4:0.9500|5:1.1000|6:0.8200|,Kaan Çetin:4:35018,1747290,7,143325,514,31,34.123235867300565,34.962131996776584,none,256393
Dengeli,22,574,2012,9,1465,1303,162,6072,134,101,0,0,135,2889665,1867771,1008679,283500,60750,67393,74130,0,0,522906,971956,337626,138251,496079,401010,849768,7200483,84532,0,636745,1050540,0,4.0,0.0,2.0,1.0,1.0,498.7651515,514.090909,321.8636366666667,322.2318181333333,498.96515146666667,1.123064,26.765795299999997,1.0,1.0,1.0,1.0,none,0:1.0500|1:0.9300|2:1.0300|3:0.9400|4:0.9500|5:1.1000|6:0.8200|,Kaan Çetin:4:35018,1864752,7,143325,545,30,34.90643379076813,35.46789792777519,none,379581
Dengeli,22,605,2012,10,1385,1207,178,5758,128,77,0,0,140,2741450,1767670,956757,292950,62775,70042,77035,0,0,453955,667770,146195,136423,385152,480221,821298,7066718,84532,0,651077,1085558,0,4.0,0.0,2.0,1.0,1.0,502.9912024516129,516.818182,324.863636,323.8328446129032,498.260997,1.129326,26.749320838709675,1.0,1.0,1.0,1.0,none,0:1.0500|1:0.9300|2:1.0300|3:0.9400|4:0.9500|5:1.1000|6:0.8200|,Kaan Çetin:4:35018,1830256,7,143325,575,31,34.89966988272629,35.41365447017903,none,310630
Dengeli,22,635,2012,11,1440,1298,142,6689,141,86,0,0,119,3059595,2002968,1042066,283500,60750,68172,74970,0,0,554674,862243,328689,134564,398990,398990,972492,7446090,84532,0,665409,1050540,0,4.0,0.0,2.0,1.0,1.0,502.26515163333335,520.227273,330.272727,328.0590909333333,498.9666666333333,1.135835,28.160309433333335,1.0,1.0,1.0,1.0,none,0:1.0500|1:0.9200|2:1.0300|3:0.9300|4:0.9400|5:1.1000|6:0.8200|,Kaan Çetin:4:35018,2006506,7,143325,606,30,34.05895224694772,34.24335215653032,none,411349
Dengeli,22,666,2012,12,1422,1287,135,5864,140,88,0,0,115,3098290,2025617,1055272,292950,62775,70818,85684,0,0,543045,882313,388935,0,493378,493378,884988,7918737,87784,0,680293,1087110,0,4.0,0.0,2.0,1.0,1.0,506.59824067741937,522.727273,331.409091,330.18181812903225,506.50293248387095,1.142168,25.64420135483871,1.0,1.0,1.0,1.0,none,0:1.0500|1:0.9300|2:1.0300|3:0.9400|4:0.9500|5:1.1000|6:0.8200|,Kaan Çetin:4:35018,2045484,7,148837,636,31,34.05982009431009,34.58147613050487,none,394208
Dengeli,22,697,2013,1,1347,1196,151,5567,133,115,0,0,113,2992965,1964718,1016277,298950,64170,71252,86180,0,0,495725,859077,337183,122437,399457,399457,903702,8130283,87784,0,695177,1133670,0,4.0,0.0,2.0,1.0,1.0,511.77419341935484,525.454545,336.68181799999996,334.34750722580645,509.3401758387097,1.148751,24.93718729032258,1.0,1.0,1.0,1.0,none,0:1.0500|1:0.9300|2:1.0300|3:0.9400|4:0.9500|5:1.1000|6:0.8200|,Kaan Çetin:4:36570,2002872,7,148837,667,31,33.95552570778476,34.2128184013143,none,346888
Dengeli,22,725,2013,2,1237,1094,143,5137,125,89,0,0,116,2648510,1723507,907132,270200,57960,64749,78316,0,0,435907,820931,297653,120714,402564,402564,844176,8242389,87784,0,710061,1023960,0,4.0,0.0,2.0,1.0,1.0,518.0275974642857,528.863636,337.227273,335.86525975,513.3944805357143,1.155828,25.48340842857143,1.0,1.0,1.0,1.0,none,0:1.0500|1:0.9300|2:1.0300|3:0.9400|4:0.9500|5:1.1000|6:0.8200|,Kaan Çetin:4:36570,1736772,7,148837,698,28,34.250654141385155,34.90167808612755,none,287070
Dengeli,22,756,2013,3,1439,1240,199,6042,118,68,0,0,172,2830905,1842412,973905,299150,64170,72089,79267,0,0,459229,955654,327630,118965,509059,413139,850176,8580570,87784,0,724945,1133670,0,4.0,0.0,2.0,1.0,1.0,513.3797653548387,531.818182,333.18181799999996,334.239003,512.1642228387096,1.162259,25.946290806451614,1.0,1.0,1.0,1.0,none,0:1.0500|1:0.9300|2:1.0300|3:0.9400|4:0.9500|5:1.1000|6:0.8200|,Kaan Çetin:4:36570,1854236,7,148837,726,31,34.40260270125631,35.1003213440423,none,310392
Dengeli,22,786,2013,4,1342,1177,165,5626,116,48,0,0,143,2881930,1837985,1028145,289500,62100,70184,77190,0,0,529171,1031863,453354,117188,461321,557241,875586,8833971,87784,0,739829,1097100,0,4.0,0.0,2.0,1.0,1.0,523.1136362666667,535.454545,334.636364,334.0833335666667,519.9742425,1.16942,24.527441033333332,1.0,1.0,1.0,1.0,none,0:1.0500|1:0.9300|2:1.0300|3:0.9400|4:0.9500|5:1.1000|6:0.8200|,Kaan Çetin:4:36570,1864088,7,148837,757,30,35.6755715787684,36.029890868795285,none,380334
Dengeli,22,817,2013,5,1442,1282,160,6188,120,66,0,0,132,3114305,2025242,1069431,299150,64170,72957,80228,0,0,552926,1074049,469706,115382,488961,488961,924776,9235541,87784,0,754713,1133670,0,4.0,0.0,2.0,1.0,1.0,519.9193547741935,538.409091,340.363636,338.08211135483873,523.4589443548386,1.176391,25.190659483870967,1.0,1.0,1.0,1.0,none,0:1.0500|1:0.9300|2:1.0300|3:0.9400|4:0.9500|5:1.1000|6:0.8200|,Kaan Çetin:4:36570,2036936,7,148837,787,31,34.339314871215244,34.53530189353626,none,404089
Dengeli,22,847,2013,6,1386,1231,155,5697,111,41,0,0,139,2551350,1619724,917505,289500,62100,71024,89850,0,0,405031,635239,115681,0,519558,413971,756912,9453455,92660,0,770423,1098739,0,4.0,0.0,2.0,1.0,1.0,530.2651514333334,542.045455,337.045455,338.1090909,526.1757576,1.183639,24.377576299999998,1.0,1.0,1.0,1.0,none,0:1.0500|1:0.9300|2:1.0300|3:0.9400|4:0.9500|5:1.1000|6:0.8200|,Kaan Çetin:4:36570,1625708,7,157106,818,30,35.96154976777,36.4383169271167,none,247925
Dengeli,22,878,2013,7,1472,1312,160,6232,94,40,0,0,137,2815115,1784369,1010925,308150,66247,73826,93372,0,0,469330,661811,157779,94484,409548,515135,810960,9417326,92660,0,786133,1184479,0,4.0,0.0,2.0,1.0,1.0,534.7800587419355,545.0,341.272727,339.75513193548386,528.8504399032257,1.190696,25.035386451612904,1.0,1.0,1.0,1.0,none,0:1.0500|1:0.9300|2:1.0300|3:0.9400|4:0.9500|5:1.1000|6:0.8200|,Kaan Çetin:4:38209,1826472,7,157106,848,31,35.91061111180183,36.184470340416105,none,312224
Dengeli,22,909,2013,8,1375,1236,139,6053,70,51,0,0,124,2726680,1723992,988352,308450,66247,74291,93961,0,0,445403,525108,41988,93051,390069,390069,791040,9318821,92660,0,801843,1184479,0,4.0,0.0,2.0,1.0,1.0,536.7668622903226,549.090909,344.45894432258063,342.7096774193548,533.2800586129032,1.198032,23.375002612903227,1.0,1.0,1.0,1.0,none,0:1.0500|1:0.9300|2:1.0300|3:0.9400|4:0.9500|5:1.1000|6:0.8200|,Kaan Çetin:4:38209,1760724,7,157106,879,31,36.2474511127085,35.827084620534535,none,288297
Dengeli,22,939,2013,9,1342,1192,150,5604,143,36,0,0,129,2862245,1870484,972011,298500,64110,72344,79560,0,0,457497,743000,116043,91599,535358,535358,879770,9384986,92660,0,817553,1146270,0,4.0,0.0,2.0,1.0,1.0,537.4015151666666,551.590909,353.545455,350.2030302333333,535.7818181666667,1.205414,23.753696133333335,1.0,1.0,1.0,1.0,none,0:1.0500|1:0.9300|2:1.0300|3:0.9400|4:0.9500|5:1.1000|6:0.8200|,Kaan Çetin:4:38209,1907850,7,157106,910,30,33.95974139180957,34.21204722685729,none,300391
Dengeli,22,970,2013,10,1351,1203,148,5772,147,32,0,0,132,2961390,1930452,1013924,308450,66247,75190,82708,0,0,481329,695716,158824,90129,446763,446763,814218,9339837,92660,0,833263,1184479,0,4.0,0.0,2.0,1.0,1.0,542.7639295483871,555.227273,355.21700858064514,353.83431083870965,538.8152492258064,1.2126,23.428567258064515,1.0,1.0,1.0,1.0,none,0:1.0500|1:0.9300|2:1.0300|3:0.9400|4:0.9500|5:1.1000|6:0.8200|,Kaan Çetin:4:38209,1958608,7,157106,940,31,34.23811115726061,34.55405025234313,none,324223
Dengeli,22,1000,2013,11,1402,1236,166,5938,143,52,0,0,142,3034950,2007237,1007867,298500,64110,73215,80520,0,0,491522,824438,289499,88639,446300,446300,934068,9646247,92660,0,848973,1146270,0,4.0,0.0,2.0,1.0,1.0,541.2196967000001,558.409091,359.045455,357.06363626666666,539.0196969,1.220071,24.108000933333333,1.0,1.0,1.0,1.0,none,0:1.0500|1:0.9250|2:1.0300|3:0.9350|4:0.9450|5:1.1000|6:0.8200|,Kaan Çetin:4:38209,2029140,7,157106,971,30,33.20868548081517,33.65994305284493,none,334416
Dengeli,22,1031,2013,12,1220,1075,145,5170,146,56,0,0,115,2851880,1876213,963715,308450,66247,76120,92070,0,0,420828,711563,157332,0,554231,554231,811226,9785550,95911,0,865234,1186264,0,4.0,0.0,2.0,1.0,1.0,547.939882451613,562.045455,361.863636,359.9472140967742,544.7536657741936,1.227345,22.874375096774195,1.0,1.0,1.0,1.0,none,0:1.0500|1:0.9300|2:1.0300|3:0.9400|4:0.9500|5:1.1000|6:0.8200|,Kaan Çetin:4:38209,1930648,7,162619,1001,31,33.79227036200682,33.95924487538008,none,258209
Dengeli,22,1062,2014,1,1306,1141,165,5259,124,60,0,0,140,2934590,1911480,1006924,314450,67642,76586,92628,0,0,455618,1208870,616203,88873,503794,503794,848598,10318438,95911,0,881495,1239814,0,4.0,0.0,2.0,1.0,1.0,551.7375366774193,565.227273,356.31818200000004,357.8592375806452,549.7932550322581,1.234907,22.853914516129034,1.0,1.0,1.0,1.0,none,0:1.0500|1:0.9300|2:1.0300|3:0.9400|4:0.9500|5:1.1000|6:0.8200|,Kaan Çetin:4:39994,1895484,7,162619,1032,31,34.31225486354141,35.41889787927801,none,292999
Dengeli,22,1090,2014,2,1234,1078,156,4992,136,67,0,0,130,2788485,1798376,974211,215800,45706,69623,84224,0,0,558858,1214176,619559,87525,507092,507092,862890,10840039,95911,0,897756,1119832,0,3.357142857142857,0.0,2.0,0.35714285714285715,1.0,557.3214284642858,569.545455,358.5,357.8262986428571,556.2094155714286,1.243005,23.74533242857143,1.0,1.0,1.0,1.0,none,0:1.0500|1:0.9300|2:1.0300|3:0.9400|4:0.9500|5:1.1000|6:0.8200|,Kaan Çetin:4:39994,1810732,7,162619,1063,28,34.93692811688067,35.67446330067436,none,396239
Dengeli,22,1121,2014,3,1321,1152,169,5440,139,59,0,0,139,2911020,1850248,1043296,196850,41137,77547,85281,0,0,642481,1140900,410493,86160,644247,644247,801982,11099245,95911,0,914017,1239814,0,3.0,0.0,2.0,0.0,1.0,563.7756597741935,572.954545,358.954545,358.2961877741935,558.7888563225807,1.250366,23.325871774193548,1.0,1.0,1.0,1.0,none,0:1.0500|1:0.9300|2:1.0300|3:0.9400|4:0.9500|5:1.1000|6:0.8200|,Kaan Çetin:4:39994,1898214,7,162619,1091,31,35.83953390907654,36.33025144367346,none,479862
Dengeli,22,1151,2014,4,1298,1140,158,4957,133,46,0,0,133,2672450,1698356,956553,190500,39810,75526,83070,0,0,567647,990402,396351,84777,509274,509274,890068,11309707,95911,0,930278,1199820,0,3.0,0.0,2.0,0.0,1.0,565.4393939333333,575.454545,360.8939393333333,359.4090907666667,561.3999999333333,1.258565,21.7824531,1.0,1.0,1.0,1.0,none,0:1.0500|1:0.9300|2:1.0300|3:0.9400|4:0.9500|5:1.1000|6:0.8200|,Kaan Çetin:4:39994,1700072,7,162619,1122,30,35.79311119010646,36.17460275930411,none,405028
Dengeli,22,1182,2014,5,1457,1276,181,5766,157,50,0,0,153,3076215,2008707,1050290,196850,41137,78540,86366,0,0,647397,1084829,476259,83376,525194,525194,922448,11795636,95911,0,946539,1239814,0,3.0,0.0,2.0,0.0,1.0,561.1730201935485,579.772727,368.31818200000004,365.46480938709675,563.1290323225807,1.266552,23.382026645161293,1.0,1.0,1.0,1.0,none,0:1.0500|1:0.9300|2:1.0300|3:0.9400|4:0.9500|5:1.1000|6:0.8200|,Kaan Çetin:4:39994,2017642,7,162619,1152,31,34.142281992643554,34.36637743686125,none,484778
Dengeli,22,1212,2014,6,1356,1196,160,5813,100,42,0,0,139,2764095,1808617,941847,190500,39810,76516,96750,0,0,538271,357883,-220283,81957,496209,496209,895782,11225362,100789,0,963628,1201711,0,3.0,0.0,2.0,0.0,1.0,567.7575757333333,582.954545,374.90909100000005,371.6348485,566.2439394666667,1.274857,24.860013433333332,1.0,1.0,1.0,1.0,none,0:1.0500|1:0.9300|2:1.0300|3:0.9400|4:0.9500|5:1.1000|6:0.8200|,Kaan Çetin:4:39994,1864738,7,170887,1183,30,34.07433536112181,33.966695113534,none,367384
Dengeli,22,1243,2014,7,1441,1254,187,6156,112,31,0,0,173,3019275,1975936,1024135,205850,43245,79563,100626,0,0,594851,473794,33329,0,440465,440465,796680,11274014,100789,0,980717,1298435,0,3.0,0.0,2.0,0.0,1.0,574.4134898064516,587.954545,379.954545,377.3665689677419,569.7727272580645,1.282947,24.219387806451614,1.0,1.0,1.0,1.0,none,0:1.0500|1:0.9300|2:1.0300|3:0.9400|4:0.9500|5:1.1000|6:0.8200|,Kaan Çetin:4:41885,1989648,7,170887,1213,31,33.91989798875558,33.85347807064463,none,423964
Dengeli,22,1274,2014,8,1416,1257,159,6270,105,37,0,0,146,3073600,2026248,1032078,206150,43245,80090,101277,0,0,601316,706991,111675,87428,507888,407065,917042,11490104,100789,0,997806,1298435,0,3.0,0.0,2.0,0.0,1.0,572.976539451613,590.681818,381.636364,380.01466264516125,574.4164221935484,1.291361,24.338454677419357,1.0,1.0,1.0,1.0,none,0:1.0500|1:0.9300|2:1.0300|3:0.9400|4:0.9500|5:1.1000|6:0.8200|,Kaan Çetin:4:41885,2071178,7,170887,1244,31,33.57880010411244,33.39406804242661,none,430429
Dengeli,22,1304,2014,9,1378,1203,175,5589,117,55,0,0,148,3198635,2081915,1098429,199500,41850,78016,85800,0,0,693263,1467417,813701,86130,567586,668409,946602,12118025,100789,0,1014895,1256550,0,3.0,0.0,2.0,0.0,1.0,577.2575759666666,594.3181820000001,372.5,375.2393939333333,579.4272727666666,1.299829,24.062979166666665,1.0,1.0,1.0,1.0,none,0:1.0500|1:0.9300|2:1.0300|3:0.9400|4:0.9500|5:1.1000|6:0.8200|,Kaan Çetin:4:41885,2109426,7,170887,1275,30,34.340554642839834,35.470747287081124,none,522376
Dengeli,22,1335,2014,10,1414,1220,194,5935,100,55,0,0,177,3201810,2060340,1119496,206150,43245,81113,89218,0,0,699770,1272188,626716,84814,560658,560658,921744,12312746,100789,0,1031984,1298435,0,3.0,0.0,2.0,0.0,1.0,581.1070382258065,599.318182,373.136364,373.91495596774195,581.6466275483871,1.308077,25.05721806451613,1.0,1.0,1.0,1.0,none,0:1.0500|1:0.9300|2:1.0300|3:0.9400|4:0.9500|5:1.1000|6:0.8200|,Kaan Çetin:4:41885,2041272,7,170887,1305,31,34.96447321983503,35.788703379117095,none,528883
Dengeli,22,1365,2014,11,1343,1184,159,5575,115,49,0,0,134,3048610,1998572,1038316,199500,41850,79007,86910,0,0,631049,1208482,388835,83481,736166,595894,1007236,12890688,100789,0,1049073,1256550,0,3.0,0.0,2.0,0.0,1.0,582.9242425333333,602.272727,384.545455,380.81060606666665,583.8575758333334,1.316655,25.024464166666668,1.0,1.0,1.0,1.0,none,0:1.0500|1:0.9300|2:1.0300|3:0.9400|4:0.9500|5:1.1000|6:0.8200|,Kaan Çetin:4:41885,2029954,7,170887,1336,30,34.05866936079065,34.03165850011624,none,460162
Dengeli,22,1396,2014,12,1344,1173,171,5312,163,73,0,0,138,3296880,2145996,1138094,206150,43245,82167,99417,0,0,707115,1182499,519830,82128,580541,720813,961698,13016602,105665,0,1066988,1300492,0,3.0,0.0,2.0,0.0,1.0,593.1158359354839,606.818182,386.227273,384.548386967742,590.1656892258064,1.32501,22.80650693548387,1.0,1.0,1.0,1.0,none,0:1.0500|1:0.9300|2:1.0300|3:0.9400|4:0.9500|5:1.1000|6:0.8200|,Kaan Çetin:4:41885,2123574,7,179156,1366,31,34.520334376744074,34.881645439321595,none,527959
Dengeli,22,1427,2015,1,1328,1118,210,5254,155,91,0,0,178,3269155,2175840,1075788,215150,45322,82696,100068,0,0,632552,1390518,723957,80757,585804,585804,938548,13520282,105665,0,1084903,1362202,0,3.0,0.0,2.0,0.0,1.0,590.601173064516,610.227273,393.227273,390.4912022903226,592.8079179032258,1.3337,21.970813903225807,1.0,1.0,1.0,1.0,none,0:1.0500|1:0.9300|2:1.0300|3:0.9400|4:0.9500|5:1.1000|6:0.8200|,Kaan Çetin:4:43942,2257744,7,179156,1397,31,32.907219143784864,33.41915137763455,none,453396
Dengeli,22,1455,2015,2,1150,994,156,4735,126,31,0,0,140,2960125,1951705,992752,194600,40936,75225,91000,0,0,590991,1316515,658306,79367,578842,578842,938004,13978551,105665,0,1102818,1230376,0,3.0,0.0,2.0,0.0,1.0,593.6444805714285,614.5454550000001,389.454545,390.39123375,595.7516233214285,1.342972,22.25769142857143,1.0,1.0,1.0,1.0,none,0:1.0500|1:0.9300|2:1.0300|3:0.9400|4:0.9500|5:1.1000|6:0.8200|,Kaan Çetin:4:43942,1918236,7,179156,1428,28,33.537502639246654,34.395996636721016,none,411835
Dengeli,22,1486,2015,3,1349,1157,192,5441,130,32,0,0,175,3157355,2102039,1037104,215450,45322,83812,92163,0,0,600357,1265826,444074,77959,743793,743793,881454,14271031,105665,0,1120733,1362202,0,3.0,0.0,2.0,0.0,1.0,598.3870969354838,618.409091,401.090909,397.5894427741935,598.9090909032259,1.351403,22.84030970967742,1.0,1.0,1.0,1.0,none,0:1.0500|1:0.9300|2:1.0300|3:0.9400|4:0.9500|5:1.1000|6:0.8200|,Kaan Çetin:4:43942,2168264,7,179156,1456,31,32.84724080757469,32.97133058949559,none,421201
Dengeli,22,1516,2015,4,1300,1120,180,5305,127,66,0,0,153,3062900,2010047,1039522,208500,43860,81678,89820,0,0,615664,1400007,700610,76530,622867,622867,958984,14902829,105665,0,1138648,1318260,0,3.0,0.0,2.0,0.0,1.0,606.5454544666667,622.954545,398.181818,398.79242439999996,599.4272726,1.360799,21.50410133333333,1.0,1.0,1.0,1.0,none,0:1.0500|1:0.9300|2:1.0300|3:0.9400|4:0.9500|5:1.1000|6:0.8200|,Kaan Çetin:4:43942,2032158,7,179156,1487,30,33.93914264259362,34.352518007060176,none,436508
Dengeli,22,1547,2015,5,1302,1107,195,5126,138,37,0,0,178,3066025,1994151,1051968,293150,62808,84959,93434,0,29942,487675,1551114,678867,75082,797165,643389,877908,15572693,105665,0,1156563,1362202,0,3.4516129032258065,0.0,2.0,0.45161290322580644,1.0,608.5557185806451,626.818182,393.863636,395.67741925806456,609.0777126129033,1.369954,21.693576451612902,1.0,1.0,1.0,1.0,none,0:1.0500|1:0.9300|2:1.0300|3:0.9400|4:0.9500|5:1.1000|6:0.8200|,Kaan Çetin:4:43942,2021520,7,179156,1517,31,34.31048344354661,35.27895244849209,none,308519
Dengeli,22,1577,2015,6,1342,1153,189,5506,84,25,0,0,173,2937329,1902753,1010470,375000,81330,82789,104700,0,1958,364693,1071827,414563,73615,583649,737425,862894,15527255,110542,0,1175305,1320444,0,4.0,0.0,2.0,1.0,1.0,607.7499999333334,632.045455,394.5,394.90909093333335,607.8651514666667,1.379479,22.4943675,1.0,1.0,1.0,1.0,none,0:1.0500|1:0.9300|2:1.0300|3:0.9400|4:0.9500|5:1.1000|6:0.8200|,Kaan Çetin:4:43942,1904990,7,187425,1548,30,34.40098129967736,35.08844096367349,none,177268
Dengeli,22,1608,2015,7,1366,1172,194,5625,115,37,0,0,172,2958062,1891516,1048161,396500,86149,86137,108934,0,900,369541,965165,333548,72127,559490,559490,759604,15696055,110542,0,1194047,1429906,0,4.0,0.0,2.0,1.0,1.0,620.3152492258064,635.227273,401.590909,398.9677419032258,615.595308,1.38876,21.139543032258064,1.0,1.0,1.0,1.0,none,0:1.0500|1:0.9300|2:1.0300|3:0.9400|4:0.9500|5:1.1000|6:0.8200|,Kaan Çetin:4:46126,1916066,7,187425,1578,31,35.4340443168534,35.260190765709616,none,182116
Dengeli,22,1639,2015,8,1261,1086,175,5253,114,23,0,0,161,2789630,1787893,983483,396800,86149,86726,109678,0,1871,302259,1078443,327517,70618,680308,680308,774884,15950504,110542,0,1212789,1429906,0,4.0,0.0,2.0,1.0,1.0,622.4413488387097,640.909091,403.636364,401.7829912580645,620.7302054516128,1.398416,21.19887529032258,1.0,1.0,1.0,1.0,none,0:1.0500|1:0.9300|2:1.0300|3:0.9400|4:0.9500|5:1.1000|6:0.8200|,Kaan Çetin:4:46126,1801244,7,187425,1609,31,35.254962127593984,35.15270719834643,none,114834
Dengeli,22,1669,2015,9,1225,1051,174,4998,118,39,0,0,155,3057220,2013704,1023745,384000,83370,84499,92940,0,1592,377344,1212778,543995,69089,599694,599694,910880,16453254,110542,0,1231531,1383780,0,4.0,0.0,2.0,1.0,1.0,624.7196969,644.090909,415.954545,411.19242426666665,623.8606060666666,1.408139,21.164202566666667,1.0,1.0,1.0,1.0,none,0:1.0500|1:0.9300|2:1.0300|3:0.9400|4:0.9500|5:1.1000|6:0.8200|,Kaan Çetin:4:46126,2092046,7,187425,1640,30,33.48614100391859,33.417411510464575,none,189919
Dengeli,22,1700,2015,10,1361,1162,199,5482,128,56,0,0,166,3236950,2120369,1098564,396800,86149,87905,96689,0,985,430036,1216029,531425,67539,617065,617065,956856,16758632,110542,0,1250273,1429906,0,4.0,0.0,2.0,1.0,1.0,632.7272726451613,648.8636359999999,416.909091,415.12170083870967,629.2888563225807,1.417612,20.77540251612903,1.0,1.0,1.0,1.0,none,0:1.0500|1:0.9300|2:1.0300|3:0.9400|4:0.9500|5:1.1000|6:0.8200|,Kaan Çetin:4:46126,2125140,7,187425,1670,31,33.93824433494493,34.10919537938014,none,242611
Dengeli,22,1730,2015,11,1339,1158,181,5355,102,47,0,0,159,3218715,2140286,1058702,384000,83370,85669,94200,0,1183,410280,1290145,415666,65967,808512,808512,907612,17057006,110542,0,1269015,1383780,0,4.0,0.0,2.0,1.0,1.0,626.6969694333334,653.863636,417.818182,416.52575756666664,629.0818181666667,1.427469,23.045735233333335,1.0,1.0,1.0,1.0,none,0:1.0500|1:0.9300|2:1.0300|3:0.9400|4:0.9500|5:1.1000|6:0.8200|,Kaan Çetin:4:46126,2197990,7,187425,1701,30,32.89207028270599,33.330109705525466,none,222855
Dengeli,22,1761,2015,12,1393,1195,198,5960,136,73,0,0,164,3757765,2550067,1188695,396800,86149,89114,107818,0,1066,507748,323850,-367711,64374,627187,627187,1091584,15988794,117045,0,1288860,1432295,0,4.0,0.0,2.0,1.0,1.0,621.5249267741935,658.181818,421.545455,419.5337242903226,626.7023460645162,1.437072,26.075063677419354,1.0,1.0,1.0,1.0,none,0:1.0500|1:0.9300|2:1.0300|3:0.9400|4:0.9500|5:1.1000|6:0.8200|,Kaan Çetin:4:46126,2559686,8,198450,1731,31,31.63303186867726,32.17561567677046,none,309298
Dengeli,22,1792,2016,1,1311,1104,207,5121,132,56,0,0,179,3519925,2324225,1184588,408800,88939,89735,108562,0,490,488062,1379243,550218,0,829025,650407,1011438,16719238,117045,0,1308705,1503965,0,4.0,0.0,2.0,1.0,1.0,647.1260999032258,662.272727,427.272727,424.5601172903226,640.912023516129,1.447064,21.936420741935486,1.0,1.0,1.0,1.0,none,0:1.0500|1:0.9300|2:1.0300|3:0.9400|4:0.9500|5:1.1000|6:0.8200|,Kaan Çetin:4:48515,2329584,8,198450,1762,31,33.653785236901356,33.973807104381,none,289612
Dengeli,22,1821,2016,2,1237,1027,210,4856,131,46,0,0,182,3230675,2121358,1094993,382800,83201,84555,102312,0,787,441338,2130302,1261329,67894,801079,979697,1089210,17788921,117045,0,1328550,1406935,0,4.0,0.0,2.0,1.0,1.0,646.4968652413794,667.272727,418.363636,420.9843261379311,644.1018809310345,1.4576940000000003,21.764724,1.0,1.0,1.0,1.0,none,0:1.0500|1:0.9300|2:1.0300|3:0.9400|4:0.9500|5:1.1000|6:0.8200|,Kaan Çetin:4:48515,2160954,8,198450,1793,29,33.89362904037082,35.28760022002619,none,242888
Dengeli,22,1852,2016,3,1337,1132,205,5466,102,38,0,0,179,3325380,2204554,1096180,409200,88939,91007,100099,0,1277,405658,1911216,983304,66907,861005,861005,1012042,18453206,117045,0,1348395,1503965,0,4.0,0.0,2.0,1.0,1.0,638.0865101612903,671.1363640000001,424.045455,422.2375366129032,641.9956011612904,1.467709,23.80665838709677,1.0,1.0,1.0,1.0,none,0:1.0500|1:0.9200|2:1.0300|3:0.9300|4:0.9400|5:1.1000|6:0.8200|,Kaan Çetin:4:48515,2210184,8,198450,1822,31,32.96405222861748,33.54420627184028,none,207208
Dengeli,22,1882,2016,4,1314,1106,208,5398,117,46,0,0,189,3326540,2187132,1120880,396000,86070,88731,97590,0,1003,451486,2026397,1066140,65906,894351,894351,951110,19442531,117045,0,1368240,1455450,0,4.0,0.0,2.0,1.0,1.0,647.5303032333334,676.590909,428.136364,425.99848476666665,645.7378788,1.4784910000000002,23.359403966666665,1.0,1.0,1.0,1.0,none,0:1.0500|1:0.9300|2:1.0300|3:0.9400|4:0.9500|5:1.1000|6:0.8200|,Kaan Çetin:4:48515,2205896,8,198450,1853,30,33.69507055378862,33.8816481850852,none,253036
Dengeli,22,1913,2016,5,1360,1138,222,5308,127,51,0,0,190,3193610,2087356,1083884,409200,88939,92340,101556,0,1050,390799,1864771,745577,64891,1054303,1054303,976206,20110262,117045,0,1388085,1503965,0,4.0,0.0,2.0,1.0,1.0,657.6979472580645,680.909091,433.590909,430.70674493548387,653.140762483871,1.489001,22.88216258064516,1.0,1.0,1.0,1.0,none,0:1.0500|1:0.9300|2:1.0300|3:0.9400|4:0.9500|5:1.1000|6:0.8200|,Kaan Çetin:4:48515,2150726,8,198450,1883,31,33.93914723463416,34.07446217406702,none,192349
Dengeli,22,1943,2016,6,1361,1144,217,5653,99,39,0,0,198,3189820,2118042,1054423,396000,86070,90021,113850,0,487,367995,873152,108960,63860,700332,700332,989952,14973534,123547,0,1409032,1457981,0,4.0,0.0,2.0,1.0,1.0,656.5454546,685.6818179999999,442.136364,438.35757573333336,659.6363637666667,1.499939,23.6608008,1.0,1.0,1.0,1.0,none,0:1.0500|1:0.9300|2:1.0300|3:0.9400|4:0.9500|5:1.1000|6:0.8200|,Kaan Çetin:4:48515,2132082,8,209475,1914,30,33.05587776112759,32.657158632014074,none,158520
Dengeli,22,1974,2016,7,1273,1071,202,5282,97,28,0,0,190,3032910,1992992,1024655,421200,91729,93673,118482,0,1158,298413,82921,-715770,0,798691,638262,794472,14271525,123547,0,1429979,1582426,0,4.0,0.0,2.0,1.0,1.0,673.4164219354839,692.045455,448.409091,445.3636363548387,669.9325512903226,1.510601,21.322255903225805,1.0,1.0,1.0,1.0,none,0:1.0500|1:0.9300|2:1.0300|3:0.9400|4:0.9500|5:1.1000|6:0.8200|,Kaan Çetin:4:51046,2049936,8,209475,1944,31,33.78455015150466,33.412807232823994,none,88938
Dengeli,22,2005,2016,8,1389,1169,220,5755,118,21,0,0,195,3368012,2177648,1165151,421600,91729,94356,119350,0,1481,436635,986612,219787,64071,702754,863183,976266,14470069,123547,0,1450926,1582426,0,4.0,0.0,2.0,1.0,1.0,673.4164219354839,696.590909,434.409091,438.4780058064516,671.9457478387096,1.521698,21.947077032258065,1.0,1.0,1.0,1.0,none,0:1.0500|1:0.9300|2:1.0300|3:0.9400|4:0.9500|5:1.1000|6:0.8200|,Kaan Çetin:4:51046,2173946,8,209475,1975,31,34.594621396835876,35.49175861327329,none,227160
Dengeli,22,2035,2016,9,1321,1106,215,5565,117,50,0,0,193,3493450,2313679,1160684,408000,88770,92002,101160,0,758,469994,1228231,449193,63140,715898,715898,1101132,14910689,123547,0,1471873,1531380,0,4.0,0.0,2.0,1.0,1.0,677.2196969,702.272727,453.545455,448.2393939333333,677.6803030333334,1.5328759999999997,23.1873034,1.0,1.0,1.0,1.0,none,0:1.0500|1:0.9300|2:1.0300|3:0.9400|4:0.9500|5:1.1000|6:0.8200|,Kaan Çetin:4:51046,2357164,8,209475,2006,30,33.22457742346391,33.028313104872424,none,260519
Dengeli,22,2066,2016,10,1251,1053,198,4905,132,57,0,0,175,3191040,2088585,1085481,421600,91729,95750,105276,0,547,370579,1019656,73249,62196,884211,884211,978718,14806275,123547,0,1492820,1582426,0,4.0,0.0,2.0,1.0,1.0,690.6378298709677,706.1363640000001,454.954545,453.12023458064516,683.8284458064516,1.543772,21.4121944516129,1.0,1.0,1.0,1.0,none,0:1.0500|1:0.9300|2:1.0300|3:0.9400|4:0.9500|5:1.1000|6:0.8200|,Kaan Çetin:4:51046,2124402,8,209475,2036,31,34.01652752707581,34.12545254218127,none,161104
Dengeli,22,2096,2016,11,1267,1060,207,4907,140,55,0,0,181,3182970,2080336,1086708,408000,88770,93322,102630,0,608,393378,1324053,526423,61237,736393,736393,997726,15335219,123547,0,1513767,1531380,0,4.0,0.0,2.0,1.0,1.0,690.7803029,712.272727,450.181818,451.6181818333333,688.8242424666666,1.555113,21.441789866666667,1.0,1.0,1.0,1.0,none,0:1.0500|1:0.9300|2:1.0300|3:0.9400|4:0.9500|5:1.1000|6:0.8200|,Kaan Çetin:4:51046,2049496,8,209475,2067,30,34.14132084185525,34.829957352566545,none,183903
Dengeli,22,2127,2016,12,1314,1115,199,5215,123,69,0,0,166,3586660,2338658,1229093,421600,91729,97115,117490,0,663,500496,1573189,732373,60265,780551,780551,1072938,16084987,133301,0,1536368,1586739,0,4.0,0.0,2.0,1.0,1.0,693.4897361290322,716.1363640000001,452.363636,451.7052784838709,693.2492669032258,1.566167,22.59854529032258,1.0,1.0,1.0,1.0,none,0:1.0500|1:0.9300|2:1.0300|3:0.9400|4:0.9500|5:1.1000|6:0.8200|,Kaan Çetin:4:51046,2367642,8,226012,2097,31,34.268455889323214,34.769959462553274,none,274484
Dengeli,22,2158,2017,1,1210,983,227,4677,126,74,0,0,198,3352420,2196488,1134722,439600,95914,97845,118358,0,890,382115,1011743,56209,0,955534,955534,1119660,16183655,133301,0,1558969,1716129,0,4.0,0.0,2.0,1.0,1.0,703.4237536451614,722.5,460.81818200000004,457.40909093548385,698.6803517419355,1.577672,20.743529032258063,1.0,1.0,1.0,1.0,none,0:1.0500|1:0.9300|2:1.0300|3:0.9400|4:0.9500|5:1.1000|6:0.8200|,Kaan Çetin:4:55359,2272638,8,226012,2128,31,33.847847226779464,34.48924924527677,none,156103
Dengeli,22,2186,2017,2,1077,889,188,4069,114,57,0,0,167,3015555,1968746,1029863,397600,86632,89497,108248,0,647,347239,1113460,265162,84650,763648,763648,913492,16199370,133301,0,1581570,1550052,0,4.0,0.0,2.0,1.0,1.0,709.42370125,731.5909089999999,464.272727,461.8571429285715,708.7256492500001,1.597686,21.75047210714286,1.0,1.0,1.0,1.0,none,0:1.0500|1:0.9300|2:1.0300|3:0.9400|4:0.9500|5:1.1000|6:0.8200|,Kaan Çetin:4:55359,1973936,8,226012,2159,28,34.15169015322221,34.5563552243949,none,121227
Dengeli,22,2217,2017,3,1193,964,229,4562,125,44,0,0,203,3216755,2087503,1117615,440200,95914,100233,110205,0,797,370266,1067879,237983,83595,746301,746301,917952,16334110,133301,0,1604171,1716129,0,4.0,0.0,2.0,1.0,1.0,725.6524926451613,739.772727,474.954545,470.44281522580644,715.5762462903226,1.61598,20.24167909677419,1.0,1.0,1.0,1.0,none,0:1.0500|1:0.9300|2:1.0300|3:0.9400|4:0.9500|5:1.1000|6:0.8200|,Kaan Çetin:4:55359,2140236,8,226012,2187,31,34.743553674432775,34.54793447085294,none,144254
Dengeli,22,2247,2017,4,1218,1004,214,4756,126,31,0,0,189,3345865,2204334,1116753,426000,92820,98230,108000,0,1041,390662,1193893,136177,82518,975198,785487,981612,16700688,133301,0,1626772,1660770,0,4.0,0.0,2.0,1.0,1.0,726.2727272666667,749.3181820000001,480.136364,477.3000000666667,722.6136364333332,1.636479,20.985779666666666,1.0,1.0,1.0,1.0,none,0:1.0500|1:0.9300|2:1.0300|3:0.9400|4:0.9500|5:1.1000|6:0.8200|,Kaan Çetin:4:55359,2216328,8,226012,2218,30,33.37710875961822,33.890349179571,none,164650
Dengeli,22,2278,2017,5,1262,1034,228,4632,139,32,0,0,201,3237610,2064575,1151164,440200,95914,102745,112964,0,588,398753,1651588,663594,81420,906574,1096285,959018,17057964,133301,0,1649373,1716129,0,4.0,0.0,2.0,1.0,1.0,746.5249266451613,758.6363640000001,477.227273,477.7096775806452,733.1774192258064,1.656565,19.33642125806452,1.0,1.0,1.0,1.0,none,0:1.0500|1:0.9300|2:1.0300|3:0.9400|4:0.9500|5:1.1000|6:0.8200|,Kaan Çetin:4:55359,2109400,8,226012,2248,31,35.55598110952215,36.07349788778908,none,172741
Dengeli,22,2308,2017,6,1246,1040,206,5172,83,47,0,0,186,3315760,2124007,1171208,426000,92820,100691,127320,0,1639,422738,1158993,296626,80299,782068,782068,924794,17231465,144680,0,1673903,1665513,0,4.0,0.0,2.0,1.0,1.0,745.9318183666667,767.727273,481.73030273333336,479.6545455666666,745.4848485,1.677579,21.100373633333334,1.0,1.0,1.0035714,0.9989285999999999,0,0:1.0500|1:0.9300|2:1.0300|3:0.9400|4:0.9500|5:1.1000|6:0.8200|,Kaan Çetin:4:55359,2157228,8,245306,2279,30,35.32246000916834,35.41898993018471,none|0,177432
Dengeli,22,2339,2017,7,1283,1033,250,5047,90,15,0,0,223,3148233,2064825,1065331,339100,73303,105319,133176,0,1444,412989,216170,-694073,0,910243,910243,1072608,16739861,144680,0,1698433,1863162,0,3.2903225806451615,0.0,2.0,0.2903225806451613,1.0,755.9457478709677,777.045455,510.84310825806455,497.09530790322583,751.0879765483871,1.698169,21.27391480645161,1.0,1.0,1.2183179999999998,0.9345045806451613,0,0:1.0500|1:0.9200|2:1.0300|3:0.9300|4:0.9400|5:1.1000|6:0.8200|,Kaan Çetin:4:60102,2154784,8,245306,2309,31,33.839013821403945,32.42331083985933,0,167683
Dengeli,22,2370,2017,8,1368,1147,221,6114,128,24,0,0,206,3965327,2707043,1237416,289850,62062,106653,134881,0,2657,641313,-4361300,-5208196,80738,766158,766158,1324134,11776568,144680,0,1722963,1863162,0,3.0,0.0,2.0,0.0,1.0,751.818182,787.045455,519.681818,515.3211143870968,747.659824032258,1.719711,23.880479129032256,1.0,1.0,1.25,0.925,0,0:1.0500|1:0.9100|2:1.0300|3:0.9200|4:0.9300|5:1.1000|6:0.8200|,Kaan Çetin:4:60102,2703636,8,245306,2340,31,31.205900547420175,30.8766626769343,0,396007
Dengeli,22,2400,2017,9,1251,1021,230,4916,129,52,0,0,206,3792500,2625938,1130740,280500,60060,104533,114930,0,1870,568847,706688,-153758,79732,780714,780714,1290832,11497640,144680,0,1747493,1803060,0,3.0,0.0,2.0,0.0,1.0,763.6060607666666,797.727273,530.0,525.4545454333334,760.8075757,1.741526,21.623242233333333,1.0,1.0,1.25,0.925,0,0:1.0500|1:0.9250|2:1.0300|3:0.9350|4:0.9450|5:1.1000|6:0.8200|,Kaan Çetin:4:60102,2635588,8,245306,2371,30,29.81516150296638,30.59248384332155,0,323541
Dengeli,22,2431,2017,10,1286,1067,219,4930,164,36,0,0,184,3631190,2484836,1125058,289850,62062,109351,120218,0,1049,542528,458254,-666480,156363,968371,968371,1119804,10497046,144680,0,1772023,1863162,0,3.0,0.0,2.0,0.0,1.0,786.4736069354839,806.818182,542.954545,537.9046920967742,777.5439882258065,1.762901,20.801296258064518,1.0,1.0,1.25,0.925,0,0:1.0500|1:0.9300|2:1.0300|3:0.9400|4:0.9500|5:1.1000|6:0.8200|,Kaan Çetin:4:60102,2566324,8,245306,2401,31,30.983176314100888,30.963411840908755,0,297222
Dengeli,22,2461,2017,11,1185,978,207,4420,118,46,0,0,180,3335270,2292488,1018859,280500,60060,107173,117840,0,1098,452188,270872,-562618,76589,756901,756901,1085444,9813163,144680,0,1796553,1803060,0,3.0,0.0,2.0,0.0,1.0,800.1287880666666,817.272727,555.090909,549.5136364000001,791.2833333666666,1.785264,20.363112233333332,1.0,1.0,1.25,0.925,0,0:1.0500|1:0.9300|2:1.0300|3:0.9400|4:0.9500|5:1.1000|6:0.8200|,Kaan Çetin:4:60102,2353244,8,245306,2432,30,30.54802159945072,30.62480474658913,0,206882
Dengeli,22,2492,2017,12,1251,1016,235,4590,216,74,0,0,186,3902220,2714676,1162389,289850,62062,112080,135563,0,524,562310,614533,-339419,0,953952,764853,1139592,9808131,154434,0,1822737,1867398,0,3.0,0.0,2.0,0.0,1.0,808.548387032258,827.272727,561.5322578709678,558.2697947419355,801.0322580967742,1.807175,20.040626225806452,0.9580645161290322,0.9580645161290322,1.2479032258064517,0.897454870967742,1,0:1.0500|1:0.9300|2:1.0300|3:0.9400|4:0.9500|5:1.1000|6:0.8200|,Kaan Çetin:4:60102,2764866,8,261844,2462,31,29.787889970324585,30.550568540239414,0|1,300466
Dengeli,22,2523,2018,1,1106,889,217,4238,221,27,0,0,177,3723200,2593788,1100020,307850,66247,113498,137299,0,3836,471290,270828,-584494,77008,778314,967413,1272904,9098299,154434,0,1848921,1994478,0,3.0,0.0,2.0,0.0,1.0,823.8636363548387,837.5,569.2976539354838,565.8357771612904,810.3680351935484,1.8301,19.25195306451613,0.9,0.9,1.2266666774193549,0.7907742903225806,1,0:1.0500|1:0.9300|2:1.0300|3:0.9400|4:0.9500|5:1.1000|6:0.8200|,Kaan Çetin:4:64338,2648546,8,261844,2493,31,29.545015040825096,30.89904338364476,1,209446
Dengeli,22,2551,2018,2,1019,810,209,3838,174,54,0,0,169,3389960,2323012,1047129,278600,59836,103579,125300,0,4310,475504,612332,-279497,76048,815781,815781,1227530,8712958,154434,0,1875105,1801464,0,3.0,0.0,2.0,0.0,1.0,825.9740259285715,846.5909089999999,556.0113636428571,560.6347402499999,819.8425323928572,1.849195,20.636649607142857,0.9,0.9,1.2020833214285713,0.8,1,0:1.0500|1:0.9300|2:1.0300|3:0.9400|4:0.9500|5:1.1000|6:0.8200|,Kaan Çetin:4:64338,2314070,8,261844,2524,28,30.88912553540455,32.6841588005408,1,213660
Dengeli,22,2582,2018,3,1169,942,227,4201,184,35,0,0,196,3390755,2287770,1074708,308450,66247,115762,127317,0,1999,454933,620047,-263487,75069,808465,808465,995932,8180213,154434,0,1901289,1994478,0,3.0,0.0,2.0,0.0,1.0,831.9354836774194,854.318182,564.8181818387096,561.9017595483871,828.957477967742,1.866614,20.659903322580643,0.9,0.9,1.1775,0.8,1,0:1.0500|1:0.9300|2:1.0300|3:0.9400|4:0.9500|5:1.1000|6:0.8200|,Kaan Çetin:4:64338,2319426,8,261844,2552,31,31.695241915148692,32.10793469921085,1,193089
Dengeli,22,2612,2018,4,1142,925,217,4168,187,30,0,0,189,3443525,2307511,1108542,298500,64110,113198,124470,0,1114,507150,969472,-157893,74069,1053296,1053296,1028830,7945068,154434,0,1927473,1930140,0,3.0,0.0,2.0,0.0,1.0,845.0075760333333,863.863636,566.4409091333333,564.8212121333332,841.9590909333333,1.886091,20.61339986666667,0.9,0.9,1.1520833333333333,0.8,1,0:1.0500|1:0.9300|2:1.0300|3:0.9400|4:0.9500|5:1.1000|6:0.8200|,Kaan Çetin:4:64338,2384214,8,261844,2583,30,32.19207062530401,32.96617389013933,1,245306
Dengeli,22,2643,2018,5,1189,943,246,4190,190,32,0,0,215,3458415,2293041,1143057,308450,66247,118150,129921,0,2834,517455,1511066,559054,73050,878962,878962,972520,8439149,154434,0,1953657,1994478,0,3.0,0.0,2.0,0.0,1.0,854.0029326129032,871.590909,566.0806451612904,565.5102639677419,847.6114369354839,1.905133,19.62727029032258,0.9,0.9,1.126666677419355,0.8,1,0:1.0500|1:0.9300|2:1.0300|3:0.9400|4:0.9500|5:1.1000|6:0.8200|,Kaan Çetin:4:64338,2254936,8,261844,2613,31,33.051470109862464,33.714437791295076,1,255611
Dengeli,22,2673,2018,6,1180,933,247,4604,172,18,0,0,217,3420618,2258934,1133404,298500,64110,115539,146100,0,3317,505838,726190,-99315,0,825505,825505,1007838,8460428,165814,0,1981771,1934735,0,3.0,0.0,2.0,0.0,1.0,855.6287877333333,880.909091,568.9075756999999,567.5484848333333,851.2454546,1.925011,20.399968166666667,0.9,0.9,1.10125,0.8,1,0:1.0500|1:0.9300|2:1.0300|3:0.9400|4:0.9500|5:1.1000|6:0.8200|,Kaan Çetin:4:64338,2280362,8,281137,2644,30,33.13448037752242,33.5100006152076,1,224701
Dengeli,22,2704,2018,7,1216,991,225,4646,178,13,0,0,193,3578441,2367808,1196038,329450,71145,120599,152489,0,5428,516927,256635,-853145,73449,1036331,1036331,1044816,7510809,165814,0,2009885,2136923,0,3.0,0.0,2.0,0.0,1.0,870.0659825483871,889.772727,582.4530791290322,577.3621700967742,860.4105571612903,1.944446,19.995115548387094,0.9,0.9,1.0758333225806451,0.8,1,0:1.0500|1:0.9300|2:1.0300|3:0.9400|4:0.9500|5:1.1000|6:0.8200|,Kaan Çetin:4:68933,2448122,8,281137,2674,31,33.42343774844967,33.056447348619315,1,235790
Dengeli,22,2735,2018,8,1183,913,270,4466,161,16,0,0,240,3341125,2225115,1100604,330150,71145,121840,154101,0,3646,419722,417432,-504361,72534,849259,849259,1065548,6907673,165814,0,2037999,2136923,0,3.0,0.0,2.0,0.0,1.0,875.6671555806452,899.090909,586.2917888064516,583.7419355483871,868.0645162258065,1.964735,20.060485483870966,0.9,0.9,1.0499999999999998,0.8,1,0:1.0500|1:0.9300|2:1.0300|3:0.9400|4:0.9500|5:1.1000|6:0.8200|,Kaan Çetin:4:68933,2256482,8,281137,2705,31,32.941120131692166,33.0462739101265,1,138585
Dengeli,22,2765,2018,9,1205,970,235,4428,136,33,0,0,217,3730940,2539630,1155749,319500,68850,119141,131040,0,4534,512684,1191155,-3424,71600,1122979,904547,1102100,7166500,165814,0,2066113,2067990,0,3.0,0.0,2.0,0.0,1.0,871.25,908.1818179999999,593.1560606,589.9772727333333,868.8727272666667,1.985235,22.0667901,0.9,0.9,1.0245833333333334,0.8,1,0:1.0500|1:0.9250|2:1.0300|3:0.9350|4:0.9450|5:1.1000|6:0.8200|,Kaan Çetin:4:68933,2567606,8,281137,2736,30,30.977421239687587,31.918960045911042,1,231547
Dengeli,22,2796,2018,10,1223,978,245,4617,210,53,0,0,201,4077740,2748064,1304953,330150,71145,124382,136772,0,1696,640808,1609859,609663,70647,929549,1147981,1273848,7633761,165814,0,2094227,2136923,0,3.0,0.0,2.0,0.0,1.0,884.1422289354839,916.818182,593.4369500967741,592.0395896129032,878.3592374193548,2.005278,20.972654161290322,0.9,0.9,1.0028225806451612,0.8,1,0:1.0500|1:0.9300|2:1.0300|3:0.9400|4:0.9500|5:1.1000|6:0.8200|,Kaan Çetin:4:68933,2812156,8,281137,2766,31,32.001868682162176,32.879922406683576,1,359671
Dengeli,22,2826,2018,11,1238,992,246,4885,115,22,0,0,223,4386820,2907108,1451454,319500,68850,121601,133740,0,1787,805976,2632318,1590492,69674,972152,972152,1344730,9339503,165814,0,2122341,2067990,0,3.0,0.0,2.0,0.0,1.0,884.6515149,927.045455,581.545455,585.3530302666666,886.1,2.026201,23.178832800000002,0.9433333333333334,0.9433333333333334,1.0,0.8173333333333334,none,0:1.0500|1:0.9200|2:1.0300|3:0.9300|4:0.9400|5:1.1000|6:0.8200|,Kaan Çetin:4:68933,2844910,8,281137,2797,30,33.086700616847736,34.26276390136096,1|none,524839
Dengeli,22,2857,2018,12,1282,1012,270,4937,118,69,0,0,238,4501353,2960311,1519396,330150,71145,126926,153543,0,7077,830555,3104881,1859907,0,1244974,1244974,1437720,11315921,175567,0,2152108,2140804,0,3.0,0.0,2.0,0.0,1.0,893.7243402903225,936.590909,586.272727,584.9618767741936,895.5689148387097,2.046658,23.084645548387098,1.0,1.0,1.0,0.9670967741935484,none,0:1.0500|1:0.9200|2:1.0300|3:0.9300|4:0.9400|5:1.1000|6:0.8200|,Kaan Çetin:4:68933,3014454,8,297675,2827,31,33.754206790713816,34.40116817121129,none,532880
Dengeli,22,2888,2019,1,1325,1051,274,5267,103,72,0,0,245,4968925,3327915,1609689,348150,75330,128250,155155,0,5357,897447,2192268,1105278,67196,1019794,1019794,1368354,12219974,175567,0,2181875,2257234,0,3.0,0.0,2.0,0.0,1.0,903.1304986451613,946.3636359999999,606.045455,600.0307917741935,903.3797653870968,2.068013,22.476771322580642,1.0,1.0,1.0,1.0,2,0:1.0500|1:0.9300|2:1.0300|3:0.9400|4:0.9500|5:1.1000|6:0.8200|,Kaan Çetin:4:72814,3374994,8,297675,2858,31,32.39511564372575,32.895029465933874,none|2,599772
Dengeli,22,2916,2019,2,1131,917,214,4723,114,66,0,0,187,4669670,3090199,1558786,315000,68040,116790,141260,0,13531,904165,2263016,1149090,66340,1047586,1047586,1350774,13419380,175567,0,2211642,2038792,0,3.0,0.0,2.0,0.0,1.0,914.1071430714285,954.0909089999999,601.318182,602.0162336428572,910.3457792500001,2.084821,22.18189596428571,1.0,1.0,1.0,1.0,2,0:1.0500|1:0.9300|2:1.0300|3:0.9400|4:0.9500|5:1.1000|6:0.8200|,Kaan Çetin:4:72814,3135252,8,297675,2889,28,33.381074037351674,34.21797580756757,2,606490
Dengeli,22,2947,2019,3,983,822,161,4048,90,12,0,0,146,3738225,2440229,1280297,348750,75330,130234,143220,0,12973,569790,-73390,-1241040,65467,1102183,872144,1139366,12133366,175567,0,2241409,2257234,0,3.0,0.0,2.0,0.0,1.0,931.9281526451612,962.045455,612.590909,608.3005865483871,925.4941349032258,2.10012,20.694819612903224,1.0,1.0,1.0,1.0,2,0:1.0500|1:0.9300|2:1.0300|3:0.9400|4:0.9500|5:1.1000|6:0.8200|,Kaan Çetin:4:72814,2507972,8,297675,2917,31,34.248794548214725,34.266294320947644,2,272115
Dengeli,22,2977,2019,4,862,686,176,3251,85,1,0,0,160,2979240,1950457,1008741,337500,72900,127054,139740,0,9426,322121,-780293,-1679377,64577,834507,1064546,922074,10005225,175567,0,2271176,2184420,0,3.0,0.0,2.0,0.0,1.0,937.8030301333333,969.090909,616.272727,613.2500001000001,930.0651514333333,2.117189,19.7618817,1.0,1.0,1.0,1.0,2,0:1.0500|1:0.9300|2:1.0300|3:0.9400|4:0.9500|5:1.1000|6:0.8200|,Kaan Çetin:4:72814,1946202,8,297675,2948,30,33.85900430982398,34.2854834972776,2,24446
Dengeli,22,3008,2019,5,1094,874,220,4399,99,19,0,0,203,4144835,2714391,1400328,348750,75330,132342,145514,0,16550,681842,2373226,1296799,63669,1012758,1012758,1259194,11502488,175567,0,2300943,2257234,0,3.0,0.0,2.0,0.0,1.0,935.5645163225806,976.590909,609.818182,611.353372548387,930.6627565806451,2.13384,21.0958205483871,1.0,1.0,1.0,1.0,2,0:1.0500|1:0.9300|2:1.0300|3:0.9400|4:0.9500|5:1.1000|6:0.8200|,Kaan Çetin:4:72814,2744016,8,297675,2978,31,33.78489131654216,34.81815830328734,2,384167
Dengeli,22,3038,2019,6,959,756,203,3854,75,5,0,0,194,3317465,2181273,1108220,337500,72900,129094,163260,0,9826,395640,-456850,-1538447,0,1081597,871623,1179720,10149265,185321,0,2332364,2188570,0,3.0,0.0,2.0,0.0,1.0,952.7727272,984.3181820000001,638.090909,626.6636363666668,944.7318181666667,2.151183,18.79913326666667,1.0,1.0,1.0,1.0,2,0:1.0500|1:0.9300|2:1.0300|3:0.9400|4:0.9500|5:1.1000|6:0.8200|,Kaan Çetin:4:72814,2275932,8,314212,3009,30,33.405627489664546,33.028004393532974,2,81428
Dengeli,22,3069,2019,7,1035,827,208,4029,65,10,0,0,195,3428490,2257665,1158377,366750,79515,134451,170035,0,9350,398276,-21230,-1011155,53105,936820,1146794,979956,8647266,185321,0,2363785,2385884,0,3.0,0.0,2.0,0.0,1.0,951.898827,992.5,623.318182,628.0777126774193,949.5469209032259,2.1681009999999996,20.053443161290325,1.0,1.0,1.0,1.0,2,0:1.0500|1:0.9300|2:1.0300|3:0.9400|4:0.9500|5:1.1000|6:0.8200|,Kaan Çetin:4:76964,2250078,8,314212,3039,31,33.78679826979224,34.518442052875855,2,84064
Dengeli,22,3100,2019,8,1088,871,217,4530,63,17,0,0,205,3616563,2358304,1233173,367350,79515,135537,171430,0,11514,467827,179145,-799230,52366,926009,926009,1130552,7938890,185321,0,2395206,2385884,0,3.0,0.0,2.0,0.0,1.0,959.0102641935483,1000.909091,627.272727,626.3313783548388,954.4677418709678,2.185722,21.535423580645162,1.0,1.0,1.0,1.0,2,0:1.0500|1:0.9200|2:1.0300|3:0.9300|4:0.9400|5:1.1000|6:0.8200|,Kaan Çetin:4:76964,2393988,8,314212,3070,31,34.09792667789832,34.591656583833675,2,153615
Dengeli,22,3130,2019,9,988,784,204,3891,100,15,0,0,188,3756597,2445207,1283266,355500,76950,132245,145440,0,7509,565622,1203700,-96022,51615,1248107,1248107,1073340,7698861,185321,0,2426627,2308920,0,3.0,0.0,2.0,0.0,1.0,973.7575755,1008.863636,639.363636,634.2393939333334,968.6227273999999,2.203487,19.509420566666666,1.0,1.0,1.0,1.0,2,0:1.0500|1:0.9300|2:1.0300|3:0.9400|4:0.9500|5:1.1000|6:0.8200|,Kaan Çetin:4:76964,2489934,8,314212,3101,30,34.160331810944854,34.340573866991186,2,251410
Dengeli,22,3161,2019,10,1000,812,188,3890,84,12,0,0,172,3866315,2543138,1290432,367350,79515,137738,151466,0,10597,543766,506036,-498731,50852,953915,953915,1205820,7309687,185321,0,2458048,2385884,0,3.0,0.0,2.0,0.0,1.0,980.6085046129033,1016.1363640000001,649.590909,644.4384164193548,979.1026393548386,2.220816,19.37542329032258,1.0,1.0,1.0,1.0,2,0:1.0500|1:0.9300|2:1.0300|3:0.9400|4:0.9500|5:1.1000|6:0.8200|,Kaan Çetin:4:76964,2576064,8,314212,3131,31,33.37627689414856,33.75634558090774,2,229554
Dengeli,22,3191,2019,11,926,724,202,3586,86,11,0,0,191,3506906,2329704,1152268,355500,76950,134375,147780,0,8201,429462,-919608,-1869318,50077,899633,899633,888634,5157474,185321,0,2489469,2308920,0,3.0,0.0,2.0,0.0,1.0,989.4924241666666,1024.545455,662.1818179999999,656.6696969999999,987.1257576666667,2.238867,19.67077116666667,1.0,1.0,1.0,1.0,2,0:1.0500|1:0.9300|2:1.0300|3:0.9400|4:0.9500|5:1.1000|6:0.8200|,Kaan Çetin:4:76964,2428378,8,314212,3162,30,32.857111083102886,33.078636902381746,2,115250
Dengeli,22,3222,2019,12,809,658,151,3094,103,13,0,0,131,3413864,2285705,1113926,367350,79515,139940,169291,0,8169,349661,-1553264,-2585169,0,1031905,1031905,1056364,2766908,203203,0,2523922,2393844,0,3.0,0.0,2.0,0.0,1.0,994.1862169999999,1032.954545,665.8636359999999,662.5205278709677,991.1656892258064,2.256474,18.963539225806453,1.0,1.0,1.0,1.0,2,0:1.0500|1:0.9300|2:1.0300|3:0.9400|4:0.9500|5:1.1000|6:0.8200|,Kaan Çetin:4:76964,2248414,8,344531,3192,31,32.62947791710508,33.02425394617998,2,5130
Dengeli,22,3253,2020,1,989,776,213,3927,107,25,0,0,200,4273849,2856776,1383658,400350,87172,141121,170655,0,10422,573938,-56834,-1106053,50274,998945,998945,1415868,1888347,203203,0,2558375,2632644,0,3.0,0.0,2.0,0.0,1.0,1004.4428153225807,1040.681818,668.272727,665.8944281612903,1002.630498483871,2.274814,19.554192064516126,1.0,1.0,1.0,1.0,2,0:1.0500|1:0.9300|2:1.0300|3:0.9400|4:0.9500|5:1.1000|6:0.8200|,Kaan Çetin:4:84924,2893812,8,344531,3223,31,32.374985639408415,33.46831528827436,2,229407
Dengeli,22,3282,2020,2,765,554,211,2655,96,67,0,0,175,2842317,1871590,947564,375550,81548,134076,162139,0,104894,89357,-1517844,-2467284,49575,899865,622061,639886,-4688,0,0,2389625,2462796,0,3.0,0.0,2.0,0.0,1.0,1027.9780564482758,1057.5,678.3636360000002,672.7884014482759,1019.4670846896552,2.310313,17.590266344827587,1.0,1.0,1.0,1.0,2,0:1.0500|1:0.9300|2:1.0300|3:0.9400|4:0.9500|5:1.1000|6:0.8200|,Kaan Çetin:4:84924,1343280,8,0,3254,29,33.337731153843855,34.0099108395576,2,89357
Dengeli,22,3313,2020,3,604,156,448,629,11,962,0,0,47,777109,505368,271741,401450,87172,145401,159867,0,208516,-730665,-12133139,-12792854,150305,509410,0,665022,-6370075,0,0,2220875,2632644,0,3.0,0.0,2.0,0.0,1.0,1037.4340176451612,1072.954545,683.5117303225807,674.545455,1031.395894483871,2.344024,9.061120838709677,1.0,1.0,1.0,1.0,2,0:1.0500|1:0.9300|2:1.0300|3:0.9400|4:0.9500|5:1.1000|6:0.8200|,Kaan Çetin:4:84924,0,8,0,3283,31,34.96819622472523,34.11516118643744,2,-730665
Dengeli,22,3343,2020,4,924,376,548,2244,39,947,0,0,109,1926730,1482102,435576,388500,84360,142902,157110,0,133570,-470866,-8281952,-8302936,0,20984,1155833,0,3611695,135469,0,2187594,1443708,0,3.0,0.0,2.0,0.0,1.0,1015.1742425,1090.0,727.5181818666666,699.7636366333334,1010.6227273666666,2.380603,11.029535066666666,1.0,1.0,1.0,1.0,none,0:1.0500|1:0.9200|2:1.0300|3:0.9300|4:0.9400|5:1.1000|6:0.8200|,Kaan Çetin:4:84924,2639624,1,229687,3314,30,22.607007728119665,28.335634277416506,2|none,-700553
Dengeli,22,3374,2020,5,1638,1267,371,6998,106,72,0,0,354,6200525,4807266,1354192,401450,87172,149899,164796,0,8134,542741,215572,171964,0,43608,26450,0,3727936,135469,0,2154313,0,0,3.0,0.0,2.0,0.0,1.0,970.9237539032258,1106.363636,757.3357771290323,751.9281525483871,971.4442817096774,2.416546,30.062822032258065,1.0,1.0,1.0,1.0,none,0:1.0500|1:0.8900|2:1.0300|3:0.9000|4:0.9100|5:1.1000|6:0.8200|,,4919214,1,229687,3344,31,21.83995710040682,21.998429425126858,none,313054
Dengeli,22,3404,2020,6,1551,1209,342,6266,75,31,0,0,329,5499309,4242896,1204794,388500,84360,147344,186270,0,11411,386909,267189,188916,0,78273,95431,1025366,4860589,149557,0,2117570,0,0,3.0,0.0,2.0,0.0,1.0,989.5454546,1123.6363640000002,772.9515151666667,767.8378787666667,987.0575758333333,2.454257,27.12859436666667,1.0,1.0,1.0,1.0,none,0:1.0500|1:0.8900|2:1.0300|3:0.9000|4:0.9100|5:1.1000|6:0.8200|,,4358986,1,253575,3375,30,21.908097908300842,21.88822538939216,none,133334
Dengeli,22,3435,2020,7,1550,1198,352,6390,66,36,0,0,345,5547537,4375511,1146723,440450,96255,154550,195393,0,8429,251646,77460,12088,0,65372,65372,2014900,5865347,149557,0,2080827,0,0,3.0,0.0,2.0,0.0,1.0,1005.659824032258,1140.681818,805.6642228064517,795.1950146451612,1001.8651024516129,2.491312,27.508178032258066,0.9790322580645161,0.9790322580645161,1.0,0.9865207419354838,3,0:1.0500|1:0.8900|2:1.0300|3:0.9000|4:0.9100|5:1.1000|6:0.8200|,,4397678,1,253575,3405,31,20.670849063287005,19.88700318403007,none|3,-1929
Dengeli,22,3466,2020,8,1552,1193,359,6330,87,38,0,0,344,5983763,4707533,1233220,441750,96255,156939,198431,0,10712,329133,252478,161053,0,91425,91425,2218672,6244797,149557,0,2044084,0,0,3.0,0.0,2.0,0.0,1.0,1017.9032259677418,1158.409091,805.6187683870967,804.8225808064516,1018.005865032258,2.5301889999999996,27.25728035483871,0.95,0.95,1.0,0.9251728064516129,3,0:1.0500|1:0.9000|2:1.0300|3:0.9100|4:0.9200|5:1.1000|6:0.8200|,,4735918,1,253575,3436,31,20.609439244167927,20.855072679313093,3,75558
Dengeli,22,3496,2020,9,1491,1145,346,6492,86,72,0,0,320,6229271,4851205,1325840,427500,93150,154248,169590,0,13613,467739,262082,178852,0,83230,83230,2355740,6540508,149557,0,2007341,0,0,3.0,0.0,2.0,0.0,1.0,1029.727273,1176.3636359999998,801.730303,802.8499999,1032.5484848333333,2.569674,28.72188003333333,0.95,0.95,1.0,0.925,3,0:1.0500|1:0.9000|2:1.0300|3:0.9100|4:0.9200|5:1.1000|6:0.8200|,,4923640,1,253575,3467,30,21.28403147013511,22.141490856676565,3,214164
Dengeli,22,3527,2020,10,1633,1249,384,6529,144,66,0,0,365,6863112,5399971,1430805,441750,96255,161808,177909,0,9411,543672,393582,-163495,473698,83379,83379,2639556,6663639,149557,0,1970598,0,0,3.0,0.0,2.0,0.0,1.0,1054.0835777741936,1193.863636,836.4677419032258,827.3020528064516,1049.1788856451612,2.608471,27.896506677419353,0.95,0.95,1.0,0.925,3,0:1.0500|1:0.9100|2:1.0300|3:0.9200|4:0.9300|5:1.1000|6:0.8200|,,5380676,1,253575,3497,31,20.847758276420375,20.645026680947456,3,290097
Dengeli,22,3557,2020,11,1510,1145,365,6443,109,58,0,0,347,6419510,5130323,1241073,427500,93150,159020,174840,0,8768,377795,157336,-413470,472477,98329,98329,2736832,6175526,149557,0,1933855,0,0,3.0,0.0,2.0,0.0,1.0,1067.0303030333334,1212.5,854.95,848.9545454666666,1065.6696966000002,2.649177,29.008336933333332,0.95,0.95,1.0,0.925,3,0:1.0500|1:0.9100|2:1.0300|3:0.9200|4:0.9300|5:1.1000|6:0.8200|,,5300314,1,253575,3528,30,19.332830698916272,19.8757525845738,3,124220
Dengeli,22,3588,2020,12,1658,1263,395,7072,164,122,0,0,356,7603974,6072868,1486012,441750,96255,166802,201748,0,20464,558993,379036,-176257,471226,84067,84067,2713780,5974640,172316,0,1891521,0,0,3.0,0.0,2.0,0.0,1.0,1083.0791787096773,1230.909091,862.7023461290323,860.388563032258,1081.6730203225807,2.689175,28.92579925806452,0.95,0.95,1.0,0.925,3,0:1.0500|1:0.9200|2:1.0300|3:0.9300|4:0.9400|5:1.1000|6:0.8200|,,6068246,1,292162,3558,31,19.542570766286154,20.347250405384965,3,266831
Dengeli,22,3619,2021,1,1580,1198,382,7075,137,97,0,0,344,8310708,6610326,1651435,504750,110887,169445,204879,0,9245,652229,411332,-184825,469944,126213,106568,2818276,5883300,172316,0,1849187,0,0,3.0,0.0,2.0,0.0,1.0,1089.2155427419355,1250.227273,857.5425219677419,858.6906158709678,1098.211143967742,2.731141,31.117531225806452,0.95,0.95,1.0,0.925,3,0:1.0500|1:0.9200|2:1.0300|3:0.9300|4:0.9400|5:1.1000|6:0.8200|,,6637354,1,292162,3589,31,19.87117102417748,21.26971308093821,3,360067
Dengeli,22,3647,2021,2,1490,1121,369,5992,122,94,0,0,343,6981089,5431250,1511724,457800,100156,156494,189224,0,14242,593808,355053,-210599,468629,97023,88576,2863572,5616179,172316,0,1806853,0,0,3.0,0.0,2.0,0.0,1.0,1128.38474,1278.1818179999998,878.3685064642857,872.7792207142858,1122.1217534285713,2.792682,29.535758464285713,0.95,0.95,1.0,0.925,3,0:1.0500|1:0.9300|2:1.0300|3:0.9400|4:0.9500|5:1.1000|6:0.8200|,,5525740,1,292162,3620,28,21.654558479343265,22.157002365674874,3,301646
Dengeli,22,3653,2021,3,330,242,88,1337,18,14,0,0,85,1382630,1058784,313645,98100,21462,34194,37614,0,3088,119187,113487,113487,0,0,28092,2811436,5628061,0,0,1806853,0,0,3.0,0.0,2.0,0.0,1.0,1159.4696966666668,1304.318182,902.9469696666666,884.712121,1145.992424,2.849458,31.075344166666667,0.9499999999999998,0.9499999999999998,1.0,0.9250000000000002,3,0:1.0500|1:0.9300|2:1.0300|3:0.9400|4:0.9500|5:1.1000|6:0.8200|,,1090362,1,0,3648,6,22.684666179672075,22.124142419372543,3,119187
Dengeli,23,25,2011,3,1333,1190,143,5601,233,60,0,0,107,2427015,1802550,614588,171250,38525,50012,55000,0,5000,294801,173526,121868,0,51658,51658,557222,178624,71527,0,12127,0,0,3.0,1.0,2.0,0.0,0.0,450.49090920000003,457.7272730000001,329.16363636,335.00727268,446.881818,1.0,26.97425184,1.0,1.0,1.0,1.0,none,0:1.0000|1:0.9300|2:1.0300|3:0.9400|4:0.9500|5:1.1000|6:0.8200|,,2070684,1,121275,1,25,25.322793637451767,26.932235559527253,none,173526
Dengeli,23,55,2011,4,1666,1533,133,6799,190,89,0,3,112,2845160,2058936,759712,205500,46230,60374,66390,0,10289,370929,249654,168249,0,81405,86644,981080,775393,71527,0,24254,0,0,3.0,1.0,2.0,0.0,0.0,444.0984846666667,459.09090899999995,318.3924242,321.56060603333333,443.76060606666664,1.00592,28.42692783333333,1.0,1.0,1.0,1.0,none,0:1.0000|1:0.9200|2:1.0300|3:0.9300|4:0.9500|5:1.1000|6:0.8200|,,2079432,1,121275,26,30,26.70190780131873,28.30589718427427,none,249654
Dengeli,23,86,2011,5,1699,1561,138,7356,206,74,0,0,109,2991425,2146348,824367,212350,47771,62821,69099,0,4771,427555,306280,196166,0,110114,114885,993038,993697,71527,0,36381,0,0,3.0,1.0,2.0,0.0,0.0,449.816715516129,464.31818200000004,323.89442822580645,322.21847519354844,449.0747799677419,1.01307,29.77106748387097,1.0,1.0,1.0,1.0,none,0:1.0000|1:0.9200|2:1.0300|3:0.9300|4:0.9500|5:1.1000|6:0.8200|,,2154684,1,121275,56,31,27.557669003902824,27.994132487014568,none,306280
Dengeli,23,116,2011,6,1801,1654,147,9034,170,83,0,6,116,3211130,2465857,727082,205500,46230,61245,77460,0,5100,331547,229639,153916,0,75723,75723,1190924,1339321,78030,0,49611,0,0,3.0,1.0,2.0,0.0,0.0,428.63636356666666,466.818182,330.4681818333333,328.66363643333335,417.67575746666665,1.020512,35.601018100000005,1.0,1.0,1.0,1.0,none,0:1.0000|1:0.9050|2:1.0300|3:0.9150|4:0.9500|5:1.1000|6:0.8200|,,2488610,1,132300,87,30,22.642558849999844,22.902439008319245,none,199247
Dengeli,23,147,2011,7,2116,1911,205,10836,129,81,0,22,168,3643145,2853340,768744,224350,50561,63751,80600,0,5150,344332,273039,182290,0,90749,68267,1173754,1542470,78030,0,62841,0,0,3.0,1.0,2.0,0.0,0.0,417.5,470.227273,327.0469209032258,327.9970673870968,412.9266859032258,1.027766,38.71572248387096,1.0,1.0,1.0,1.0,none,0:1.0500|1:0.8950|2:1.0300|3:0.9050|4:0.9500|5:1.1000|6:0.8200|,,2856636,1,132300,117,31,21.10110906922453,21.66540816689203,none,212032
Dengeli,23,178,2011,8,2004,1811,193,10252,127,92,0,20,155,3484820,2712764,752617,224750,50561,64216,81189,0,0,331901,296844,224430,0,72414,94896,1214482,1767163,78030,0,76071,0,0,3.0,1.0,2.0,0.0,0.0,417.954545,474.090909,324.82991193548384,326.016129,417.05278574193545,1.035317,38.96711248387097,1.0,1.0,1.0,1.0,none,0:1.0500|1:0.8950|2:1.0300|3:0.9050|4:0.9500|5:1.1000|6:0.8200|,,2748198,1,132300,148,31,21.597012184273506,22.28104328055965,none,199601
Dengeli,23,208,2011,9,1910,1734,176,9783,183,122,0,11,137,3720285,2907646,788556,217500,48930,62595,68820,0,9806,380905,367868,288803,0,79065,83671,1372152,2217564,78030,0,89301,0,0,3.0,1.0,2.0,0.0,0.0,422.68181853333334,477.272727,332.65303036666666,330.98484836666665,419.5272731333333,1.042922,37.655051,1.0,1.0,1.0,1.0,none,0:1.0500|1:0.9050|2:1.0300|3:0.9150|4:0.9500|5:1.1000|6:0.8200|,,2924684,1,132300,179,30,21.19611803934376,21.2994229274063,none,248605
Dengeli,23,239,2011,10,2010,1812,198,10482,193,131,0,18,146,3990490,3102080,864645,224750,50561,65146,71641,0,5250,447297,314997,200795,0,114202,114202,1423444,2449604,78030,0,102531,0,0,3.0,1.0,2.0,0.0,0.0,426.51026412903224,481.136364,330.369501516129,330.9780058064516,422.83431054838707,1.050335,38.846043838709676,1.0,1.0,1.0,1.0,none,0:1.0500|1:0.9050|2:1.0300|3:0.9150|4:0.9500|5:1.1000|6:0.8200|,,3145796,1,132300,209,31,21.66763981365697,22.541254149939462,none,314997
Dengeli,23,269,2011,11,1907,1724,183,9718,182,157,0,16,129,3866810,2990111,861243,217500,48930,63495,69840,0,6234,455244,322944,225783,0,97161,103395,1392386,2691575,78030,0,115761,0,0,3.0,1.0,2.0,0.0,0.0,427.18181799999996,484.545455,328.9303029,329.37727276666664,427.0818183,1.058051,39.21858493333333,1.0,1.0,1.0,1.0,none,0:1.0500|1:0.9050|2:1.0300|3:0.9150|4:0.9500|5:1.1000|6:0.8200|,,2956530,1,132300,240,30,22.272700236111937,22.999929060651162,none,322944
Dengeli,23,300,2011,12,1967,1759,208,9865,248,159,0,15,147,4175180,3170601,984028,224750,50561,66077,79949,0,12998,549693,411881,302099,0,109782,117430,1324484,2976778,81281,0,129542,0,0,3.0,1.0,2.0,0.0,0.0,431.18768287096776,487.5,325.1026392903226,326.34164225806455,428.5087976451613,1.065572,37.62746812903226,1.0,1.0,1.0,1.0,none,0:1.0500|1:0.9200|2:1.0300|3:0.9300|4:0.9500|5:1.1000|6:0.8200|,,3140394,1,137812,270,31,23.568516806461037,24.602985612738603,none,411881
Dengeli,23,331,2012,1,1933,1711,222,9608,249,169,0,9,158,4193130,3229866,941660,232250,52297,66569,80538,0,0,510006,58428,-61376,0,119804,119804,1367002,11240417,81281,0,143323,0,0,3.0,1.0,2.0,0.0,0.0,437.49266887096775,491.81818200000004,337.1114369032258,334.9838709032258,432.08357758064517,1.0734,38.431234290322585,1.0,1.0,1.0,1.0,none,0:1.0500|1:0.9250|2:1.0300|3:0.9350|4:0.9500|5:1.1000|6:0.8200|,,3329352,1,137812,301,31,22.45720976931314,22.94466607332978,none,372194
Dengeli,23,360,2012,2,1659,1498,161,8354,185,154,0,10,118,3687240,2721968,950816,228300,48923,62623,75777,0,3150,532043,-154942,-246215,0,91273,91273,1148850,10460721,81281,0,157104,0,0,3.8275862068965516,1.0,2.0,0.0,0.8275862068965517,454.4984326206897,494.3181819999999,329.38244513793103,331.5297805517241,459.6896552068966,1.079586,37.66000889655172,1.0,1.0,1.0,1.0,none,0:1.0500|1:0.9300|2:1.0300|3:0.9400|4:0.9500|5:1.1000|6:0.8200|,,2738900,3,137812,332,29,25.786658855946452,27.52836500696507,none,394231
Dengeli,23,391,2012,3,1614,1477,137,7930,202,81,0,0,114,3265400,2314983,932060,196450,41057,67313,74028,0,0,553212,312682,-50005,217847,144840,144840,963744,10065027,81281,0,170885,0,0,3.3548387096774195,0.3548387096774194,2.0,0.0,1.0,472.82258096774194,496.590909,333.5601172903226,332.470674483871,474.24486806451614,1.085405,34.108157,1.0,1.0,1.0,1.0,none,0:1.0500|1:0.9300|2:1.0300|3:0.9400|4:0.9500|5:1.1000|6:0.8200|,,2318924,3,137812,361,31,28.543516873889875,29.45342910492688,none,415400
Dengeli,23,421,2012,4,1492,1346,146,6801,133,102,0,0,118,2956472,2066671,872150,163500,33750,65502,72060,0,528,536810,706125,423165,107078,175882,175882,908442,10321251,81281,0,184666,0,0,3.0,0.0,2.0,0.0,1.0,474.21969713333334,499.318182,330.5651514333333,331.53787876666667,479.25757580000004,1.09166,30.471431833333334,1.0,1.0,1.0,1.0,none,0:1.0500|1:0.9300|2:1.0300|3:0.9400|4:0.9500|5:1.1000|6:0.8200|,,2095294,3,137812,392,30,29.4996874653303,30.292825576076737,none,398998
Dengeli,23,452,2012,5,1580,1408,172,7620,163,108,0,0,138,3209370,2158382,1036280,238250,50463,68058,74865,0,22478,582166,-52993,-349864,105826,191045,191045,928300,9721952,81281,0,198447,0,0,3.5806451612903225,0.0,2.0,0.5806451612903226,1.0,487.54398838709676,502.045455,324.6656892258065,326.73167148387097,483.73900296774195,1.097747,28.51291780645161,1.0,1.0,1.0,1.0,none,0:1.0500|1:0.9300|2:1.0300|3:0.9400|4:0.9500|5:1.1000|6:0.8200|,,2154904,4,137812,422,31,32.2892031769475,33.40791867829766,none,444354
Dengeli,23,482,2012,6,1504,1357,147,7001,142,61,0,0,121,2830530,1903733,916395,279000,59730,66252,83790,0,0,427623,-915039,-1205255,104559,185657,185657,934762,7836363,84532,0,212779,0,0,4.0,0.0,2.0,1.0,1.0,490.3181817,505.227273,330.7833333666667,329.1863635333333,484.6712122,1.104074,28.3524281,1.0,1.0,1.0,1.0,none,0:1.0500|1:0.9300|2:1.0300|3:0.9400|4:0.9500|5:1.1000|6:0.8200|,,1910842,6,143325,453,30,32.37538552850526,32.53700439584032,none,284298
Dengeli,23,513,2012,7,1623,1480,143,7826,156,77,0,0,122,3093835,2052153,1015639,294300,63116,68833,87079,0,316,501995,933372,510258,0,423114,423114,913462,8460780,84532,0,227111,0,0,4.0,0.0,2.0,1.0,1.0,492.9912023870968,508.18181799999996,324.5234604193549,326.6392961290323,488.6832845806452,1.11023,30.07123829032258,1.0,1.0,1.0,1.0,none,0:1.0500|1:0.9300|2:1.0300|3:0.9400|4:0.9500|5:1.1000|6:0.8200|,,2079102,7,143325,483,31,32.82783341710208,34.17256558575685,none,358670
Dengeli,23,544,2012,8,1532,1383,149,6892,109,42,0,3,134,2783255,1807968,961441,294500,63116,69236,87575,0,305,446709,1061412,515489,183496,362427,362427,790530,8703732,84532,0,241443,454656,0,4.0,0.0,2.0,1.0,1.0,493.3870965483871,510.909091,320.8548383548387,322.3695014516129,494.4002932258064,1.116629,27.518318032258065,1.0,1.0,1.0,1.0,none,0:1.0500|1:0.9300|2:1.0300|3:0.9400|4:0.9500|5:1.1000|6:0.8200|,Hatice Bulut:4:37888,1812474,7,143325,514,31,34.543762608887796,34.96894414153532,none,303384
Dengeli,23,574,2012,9,1431,1297,134,6355,140,80,0,0,107,2956585,1928466,1014517,285000,61080,67393,74130,0,737,526177,747539,87076,180133,480330,384014,882048,8829892,84532,0,255775,1136640,0,4.0,0.0,2.0,1.0,1.0,500.4015153666667,514.090909,328.03787900000003,326.3227272666666,498.72272723333333,1.123064,27.4030098,1.0,1.0,1.0,1.0,none,0:1.0500|1:0.9300|2:1.0300|3:0.9400|4:0.9500|5:1.1000|6:0.8200|,Hatice Bulut:4:37888,1955904,7,143325,545,30,34.31381137359487,34.445066826060284,none,382852
Dengeli,23,605,2012,10,1513,1370,143,6391,149,98,0,0,119,2937525,1943499,976705,294500,63116,70042,77035,0,692,471320,791911,213646,176695,401570,497886,945102,8848982,84532,0,270107,1174528,0,4.0,0.0,2.0,1.0,1.0,492.36803522580647,516.818182,324.5,325.7096774193548,493.7404693548387,1.129326,28.320748032258063,1.0,1.0,1.0,1.0,none,0:1.0500|1:0.9200|2:1.0300|3:0.9300|4:0.9400|5:1.1000|6:0.8200|,Hatice Bulut:4:37888,1956852,7,143325,575,31,33.24924894256219,34.09401569880952,none,327995
Dengeli,23,635,2012,11,1480,1328,152,6797,150,100,0,0,118,3053505,2075707,958812,285000,61080,68172,74970,0,649,468941,599553,18446,173179,407928,407928,901224,8610018,84532,0,284439,1136640,0,4.0,0.0,2.0,1.0,1.0,491.96212116666663,520.227273,336.681818,333.40303033333333,495.5848484,1.135835,29.536269933333337,1.0,1.0,1.0,1.0,none,0:1.0500|1:0.9150|2:1.0300|3:0.9250|4:0.9350|5:1.1000|6:0.8200|,Hatice Bulut:4:37888,2113380,7,143325,606,30,31.40037432393266,31.563467284519014,none,325616
Dengeli,23,666,2012,12,1509,1330,179,6137,200,101,0,0,143,3189621,2118252,1055089,294500,63116,70818,85684,0,508,540463,1095950,345440,169585,580925,580925,956760,8918343,87784,0,299323,1176207,0,4.0,0.0,2.0,1.0,1.0,500.60850445161293,522.727273,329.909091,331.7668621935484,502.4354839032258,1.142168,26.11955638709677,1.0,1.0,1.0,1.0,none,0:1.0500|1:0.9300|2:1.0300|3:0.9400|4:0.9500|5:1.1000|6:0.8200|,Hatice Bulut:4:37888,2111820,7,148837,636,31,33.07882033633463,34.09838465261473,none,391626
Dengeli,23,697,2013,1,1455,1331,124,6353,155,82,0,0,100,3303995,2155585,1132996,300500,64511,71252,86180,0,335,610218,1150171,617915,0,532256,532256,882574,9549934,87784,0,314207,1226577,0,4.0,0.0,2.0,1.0,1.0,507.33137848387094,525.454545,329.272727,330.2023460645161,508.3460410322581,1.148751,26.123234870967742,1.0,1.0,1.0,1.0,none,0:1.0500|1:0.9300|2:1.0300|3:0.9400|4:0.9500|5:1.1000|6:0.8200|,Hatice Bulut:4:39567,2173464,7,148837,667,31,34.2916983833208,35.09710990398198,none,461381
Dengeli,23,725,2013,2,1300,1138,162,5245,164,103,0,0,129,2708070,1784816,901598,271600,58268,64749,78316,0,679,427986,801198,256619,112818,431761,431761,892878,9694240,87784,0,329091,1107876,0,4.0,0.0,2.0,1.0,1.0,514.4967530357143,528.863636,341.4545454285714,338.03084410714285,509.8100649285715,1.155828,25.32227907142857,1.0,1.0,1.0,1.0,none,0:1.0500|1:0.9300|2:1.0300|3:0.9400|4:0.9500|5:1.1000|6:0.8200|,Hatice Bulut:4:39567,1859078,7,148837,698,28,33.2930094126075,33.63329439615161,none,279149
Dengeli,23,756,2013,3,1465,1293,172,6345,155,69,0,0,142,3131755,2086482,1029165,300700,64511,72089,79267,0,359,512239,924417,275683,111196,537538,434289,888810,9993838,87784,0,343975,1226577,0,4.0,0.0,2.0,1.0,1.0,509.25953077419354,531.818182,339.5,339.2888564516129,510.2756598064516,1.162259,27.274356838709675,1.0,1.0,1.0,1.0,none,0:1.0500|1:0.9250|2:1.0300|3:0.9350|4:0.9450|5:1.1000|6:0.8200|,Hatice Bulut:4:39567,2085430,7,148837,726,31,32.8622449712701,33.334580997653475,none,363402
Dengeli,23,786,2013,4,1305,1164,141,5454,171,63,0,0,108,2671405,1715299,942596,291000,62430,70184,77190,0,367,441425,766565,204331,109550,452684,555933,820228,9912759,87784,0,358859,1187010,0,4.0,0.0,2.0,1.0,1.0,524.4015150666667,535.454545,336.863636,337.9954546,520.0500000666666,1.16942,23.587103066666668,1.0,1.0,1.0,1.0,none,0:1.0500|1:0.9300|2:1.0300|3:0.9400|4:0.9500|5:1.1000|6:0.8200|,Hatice Bulut:4:39567,1730390,7,148837,757,30,35.28465358116796,35.76226873464032,none,292588
Dengeli,23,817,2013,5,1439,1277,162,6171,143,54,0,0,134,2957035,1944884,993385,300700,64511,72957,80228,0,355,474634,687434,169134,107879,410421,410421,940742,10049372,87784,0,373743,1226577,0,4.0,0.0,2.0,1.0,1.0,521.7228738709678,538.409091,345.136364,342.26979464516126,522.8005865806451,1.176391,25.125733258064518,1.0,1.0,1.0,1.0,none,0:1.0500|1:0.9200|2:1.0300|3:0.9300|4:0.9400|5:1.1000|6:0.8200|,Hatice Bulut:4:39567,1971992,7,148837,787,31,33.5939547553546,33.84680233794791,none,325797
Dengeli,23,847,2013,6,1465,1302,163,6523,137,62,0,0,135,2776975,1813779,950285,291000,62430,71024,89850,0,1059,434922,645330,43481,106184,495665,404311,848928,10017027,92660,0,389453,1188784,0,4.0,0.0,2.0,1.0,1.0,517.3560604333334,542.045455,337.727273,340.14393939999997,520.8666666333334,1.183639,27.1195257,1.0,1.0,1.0,1.0,none,0:1.0500|1:0.9200|2:1.0300|3:0.9300|4:0.9400|5:1.1000|6:0.8200|,Hatice Bulut:4:39567,1819512,7,157106,818,30,34.22014962324112,34.72053411008227,none,277816
Dengeli,23,878,2013,7,1572,1420,152,7648,95,66,0,0,134,3242979,2101111,1125864,309700,66619,73826,93372,0,918,581429,620901,189496,0,431405,522759,917600,10341173,92660,0,405163,1281571,0,4.0,0.0,2.0,1.0,1.0,526.5615836774193,545.0,341.5,340.42522009677424,522.8592374193548,1.190696,27.273865774193546,1.0,1.0,1.0,1.0,none,0:1.0500|1:0.9250|2:1.0300|3:0.9350|4:0.9450|5:1.1000|6:0.8200|,Hatice Bulut:4:41341,2083024,7,157106,848,31,34.716968565013836,35.14528773348404,none,424323
Dengeli,23,909,2013,8,1455,1304,151,6157,127,43,0,0,128,2851130,1850810,985154,310000,66619,74291,93961,0,435,439848,496147,15045,91753,389349,389349,886980,10200752,92660,0,420873,1281571,0,4.0,0.0,2.0,1.0,1.0,526.0557185806451,549.090909,345.07771290322586,343.2639295806452,528.5249267419355,1.198032,26.40076019354839,1.0,1.0,1.0,1.0,none,0:1.0500|1:0.9300|2:1.0300|3:0.9400|4:0.9500|5:1.1000|6:0.8200|,Hatice Bulut:4:41341,1907710,7,157106,879,31,34.55310701371035,34.40282070608745,none,282742
Dengeli,23,939,2013,9,1354,1206,148,5863,150,72,0,0,121,2787940,1792500,978079,300000,64470,72344,79560,0,407,461298,885231,236909,90361,557961,557961,852384,10289567,92660,0,436583,1240230,0,4.0,0.0,2.0,1.0,1.0,534.7954542666668,551.590909,344.454545,343.82424216666664,535.760606,1.205414,25.228903666666668,1.0,1.0,1.0,1.0,none,0:1.0500|1:0.9300|2:1.0300|3:0.9400|4:0.9500|5:1.1000|6:0.8200|,Hatice Bulut:4:41341,1804532,7,157106,910,30,35.08249818862673,35.59134763545624,none,304192
Dengeli,23,970,2013,10,1438,1291,147,6279,152,64,0,0,120,3117325,2040258,1063937,310000,66619,75190,82708,0,767,528653,531871,17204,88951,425716,425716,921900,10220362,92660,0,452293,1281571,0,4.0,0.0,2.0,1.0,1.0,538.9222873225807,555.227273,355.363636,351.8152492580645,540.0337244516129,1.2126,25.917345741935485,1.0,1.0,1.0,1.0,none,0:1.0500|1:0.9300|2:1.0300|3:0.9400|4:0.9500|5:1.1000|6:0.8200|,Hatice Bulut:4:41341,2080998,7,157106,940,31,34.12980680551434,34.06031920381661,none,371547
Dengeli,23,1000,2013,11,1341,1181,160,5587,168,57,0,0,132,2805931,1820221,969426,300000,64470,73215,80520,0,277,450944,731856,224104,87523,420229,420229,858728,10288720,92660,0,468003,1240230,0,4.0,0.0,2.0,1.0,1.0,546.9090909333333,558.409091,355.5,354.4015151666666,543.0000000666666,1.220071,24.764359566666666,1.0,1.0,1.0,1.0,none,0:1.0500|1:0.9300|2:1.0300|3:0.9400|4:0.9500|5:1.1000|6:0.8200|,Hatice Bulut:4:41341,1827546,7,157106,971,30,34.54917458768587,34.99833776883873,none,293838
Dengeli,23,1031,2013,12,1360,1213,147,5697,179,61,0,0,122,3209485,2170788,1025793,310000,66619,76120,92070,0,0,480984,814778,175341,86077,553360,553360,990948,10478283,95911,0,484264,1283503,0,4.0,0.0,2.0,1.0,1.0,534.3108504838709,562.045455,362.727273,359.87390032258065,538.516129032258,1.227345,26.071395677419353,1.0,1.0,1.0,1.0,none,0:1.0500|1:0.9200|2:1.0300|3:0.9300|4:0.9400|5:1.1000|6:0.8200|,Hatice Bulut:4:41341,2188008,7,162619,1001,31,31.96129597116048,32.113062523152045,none,318365
Dengeli,23,1062,2014,1,1393,1228,165,5763,195,96,0,0,125,3288815,2196057,1077832,316000,68014,76586,92628,0,0,524604,830146,354512,0,475634,475634,904044,10806095,95911,0,500525,1341463,0,4.0,0.0,2.0,1.0,1.0,544.5014661612904,565.227273,362.954545,361.7551320322581,545.9369501290322,1.234907,25.305125451612902,1.0,1.0,1.0,1.0,none,0:1.0500|1:0.9300|2:1.0300|3:0.9400|4:0.9500|5:1.1000|6:0.8200|,Hatice Bulut:4:43273,2224820,7,162619,1032,31,32.77265519647654,33.34186084771959,none,361985
Dengeli,23,1090,2014,2,1278,1118,160,5290,177,87,0,0,120,3017878,1972877,1030453,285600,61432,69623,84224,0,297,529277,1064812,457683,91872,515257,515257,910016,11180748,95911,0,516786,1211644,0,4.0,0.0,2.0,1.0,1.0,554.77272725,569.545455,359.454545,360.4350649285715,553.0064935,1.243005,24.145243214285717,1.0,1.0,1.0,1.0,none,0:1.0500|1:0.9300|2:1.0300|3:0.9400|4:0.9500|5:1.1000|6:0.8200|,Hatice Bulut:4:43273,1974660,7,162619,1063,28,34.14495218163226,35.20688250451482,none,366658
Dengeli,23,1121,2014,3,1366,1207,159,5948,156,79,0,0,130,3025885,1951480,1053518,316200,68014,77547,85281,0,0,506476,932493,247965,90508,594020,594020,918952,11380920,95911,0,533047,1341463,0,4.0,0.0,2.0,1.0,1.0,557.947213967742,572.954545,359.18181799999996,359.9105569677419,554.026393,1.250366,25.173598741935486,1.0,1.0,1.0,1.0,none,0:1.0500|1:0.9300|2:1.0300|3:0.9400|4:0.9500|5:1.1000|6:0.8200|,Hatice Bulut:4:43273,1994780,7,162619,1091,31,34.81685523408854,35.62440872394673,none,343857
Dengeli,23,1151,2014,4,1332,1147,185,5383,144,73,0,0,152,2800365,1804282,978172,306000,65820,75526,83070,0,0,447756,869422,283136,89126,497160,497160,844696,11454548,95911,0,549308,1298190,0,4.0,0.0,2.0,1.0,1.0,561.2045453666667,575.454545,362.954545,361.5227271333333,557.3393939333333,1.258565,22.638771266666666,1.0,1.0,1.0,1.0,none,0:1.0500|1:0.9300|2:1.0300|3:0.9400|4:0.9500|5:1.1000|6:0.8200|,Hatice Bulut:4:43273,1854516,7,162619,1122,30,34.93016088974116,35.325800905111834,none,285137
Dengeli,23,1182,2014,5,1435,1273,162,5992,161,35,0,0,131,3192830,2071174,1106009,316200,68014,78540,86366,0,0,556889,931546,369147,87724,474675,474675,922470,11596240,95911,0,565569,1341463,0,4.0,0.0,2.0,1.0,1.0,563.0131964193548,579.772727,367.409091,365.15982393548387,562.173020483871,1.266552,24.261742548387097,1.0,1.0,1.0,1.0,none,0:1.0500|1:0.9200|2:1.0300|3:0.9300|4:0.9400|5:1.1000|6:0.8200|,Hatice Bulut:4:43273,2061572,7,162619,1152,31,34.640397390402875,34.74236601617079,none,394270
Dengeli,23,1212,2014,6,1457,1306,151,5922,122,28,0,0,134,2719500,1785560,920974,306000,65820,76516,96750,0,0,375888,328717,-302904,86303,545318,545318,911118,11198382,100789,0,582658,1300235,0,4.0,0.0,2.0,1.0,1.0,564.2727271,582.954545,374.90909100000005,371.5651514333333,562.3772727666667,1.274857,25.38214006666667,1.0,1.0,1.0,1.0,none,0:1.0500|1:0.9200|2:1.0300|3:0.9300|4:0.9400|5:1.1000|6:0.8200|,Hatice Bulut:4:43273,1823214,7,170887,1183,30,33.86556352270638,33.55888509324341,none,205001
Dengeli,23,1243,2014,7,1519,1318,201,6626,131,39,0,0,181,3123685,2023555,1080299,232800,49307,79563,100626,0,687,617316,810578,305416,0,505162,505162,847364,11546634,100789,0,599747,1404858,0,3.225806451612903,0.0,2.0,0.22580645161290322,1.0,569.9486802258065,587.954545,368.68181799999996,370.37976538709677,569.7536658709678,1.282947,24.77679006451613,1.0,1.0,1.0,1.0,none,0:1.0500|1:0.9300|2:1.0300|3:0.9400|4:0.9500|5:1.1000|6:0.8200|,Hatice Bulut:4:45318,2041366,7,170887,1213,31,34.584120998116006,35.313155238129006,none,446429
Dengeli,23,1274,2014,8,1338,1178,160,5986,135,37,0,0,141,2906637,1876824,1008509,206150,43245,80090,101277,0,1048,576699,665996,67023,86559,512414,413284,859080,11629805,100789,0,616836,1404858,0,3.0,0.0,2.0,0.0,1.0,578.7683281935484,590.681818,381.045455,376.8445747741936,576.2272726451613,1.291361,22.837938096774195,1.0,1.0,1.0,1.0,none,0:1.0500|1:0.9300|2:1.0300|3:0.9400|4:0.9500|5:1.1000|6:0.8200|,Hatice Bulut:4:45318,1921428,7,170887,1244,31,34.69676468028172,34.162697501205884,none,405812
Dengeli,23,1304,2014,9,1305,1145,160,5397,137,48,0,0,141,2955920,1943645,997617,199500,41850,78016,85800,0,0,592451,1099619,515884,85274,498461,597591,951396,12039053,100789,0,633925,1359540,0,3.0,0.0,2.0,0.0,1.0,576.9848485333333,594.3181820000001,379.59090899999995,379.03939410000004,574.7499999333334,1.299829,23.130372666666666,1.0,1.0,1.0,1.0,none,0:1.0500|1:0.9300|2:1.0300|3:0.9400|4:0.9500|5:1.1000|6:0.8200|,Hatice Bulut:4:45318,1948138,7,170887,1275,30,33.74979701751062,34.21128648960175,none,421564
Dengeli,23,1335,2014,10,1306,1143,163,5274,156,48,0,0,136,2805050,1799278,986762,206150,43245,81113,89218,0,0,567036,780136,186721,83971,509444,509444,835734,12029968,100789,0,651014,1404858,0,3.0,0.0,2.0,0.0,1.0,589.4281523870968,599.318182,377.590909,378.3900293225807,584.1129033225807,1.308077,23.28489458064516,1.0,1.0,1.0,1.0,none,0:1.0500|1:0.9300|2:1.0300|3:0.9400|4:0.9500|5:1.1000|6:0.8200|,Hatice Bulut:4:45318,1799010,7,170887,1305,31,35.17805386713249,35.93945123407956,none,396149
Dengeli,23,1365,2014,11,1356,1176,180,5518,165,50,0,0,152,2995315,1953137,1027508,199500,41850,79007,86910,0,0,620241,1104892,371130,82651,651111,521140,788030,12063344,100789,0,668103,1359540,0,3.0,0.0,2.0,0.0,1.0,581.2272727666666,602.272727,377.454545,378.0424242333333,577.8030302999999,1.316655,24.940491833333333,1.0,1.0,1.0,1.0,none,0:1.0500|1:0.9300|2:1.0300|3:0.9400|4:0.9500|5:1.1000|6:0.8200|,Hatice Bulut:4:45318,1996342,7,170887,1336,30,34.303837826739425,35.05904442451569,none,449354
Dengeli,23,1396,2014,12,1384,1201,183,5508,203,65,0,0,150,3394770,2222412,1160635,206150,43245,82167,99417,0,0,729656,1334622,648254,81312,605056,735027,1016278,12752432,105665,0,686018,1407085,0,3.0,0.0,2.0,0.0,1.0,587.6759531612904,606.818182,385.727273,382.88416422580644,589.6583579354839,1.32501,23.58274706451613,1.0,1.0,1.0,1.0,none,0:1.0500|1:0.9300|2:1.0300|3:0.9400|4:0.9500|5:1.1000|6:0.8200|,Hatice Bulut:4:45318,2262026,7,179156,1366,31,34.18891412378453,34.36395160886643,none,550500
Dengeli,23,1427,2015,1,1307,1110,197,5126,168,61,0,0,166,3064775,1999165,1047903,215150,45322,82696,100068,0,0,604667,1460044,819367,79954,560723,560723,880872,13274448,105665,0,703933,1473895,0,3.0,0.0,2.0,0.0,1.0,591.5982407419355,610.227273,384.53372406451615,384.3079180322581,590.9164223225807,1.3337,22.071673193548385,1.0,1.0,1.0,1.0,none,0:1.0500|1:0.9300|2:1.0300|3:0.9400|4:0.9500|5:1.1000|6:0.8200|,Hatice Bulut:4:47545,1974704,7,179156,1397,31,34.19184116289124,35.00086755121777,none,425511
Dengeli,23,1455,2015,2,1201,1023,178,4724,178,62,0,0,145,2875205,1864902,992499,194600,40936,75225,91000,0,0,590738,1456399,769718,78578,608103,608103,934026,13804065,105665,0,721848,1331260,0,3.0,0.0,2.0,0.0,1.0,592.1266234642857,614.5454550000001,382.681818,383.51136364285713,593.5032467857143,1.342972,22.240355642857143,1.0,1.0,1.0,1.0,none,0:1.0500|1:0.9300|2:1.0300|3:0.9400|4:0.9500|5:1.1000|6:0.8200|,Hatice Bulut:4:47545,1877772,7,179156,1428,28,34.51924297571826,35.371624440548125,none,411582
Dengeli,23,1486,2015,3,1334,1144,190,5474,131,49,0,0,167,2999700,1997510,988851,215450,45322,83812,92163,0,0,552104,897911,149854,77184,670873,670873,911832,13612037,105665,0,739763,1473895,0,3.0,0.0,2.0,0.0,1.0,591.7888562258064,618.409091,398.545455,393.5410557096774,596.1246333225806,1.351403,24.37596651612903,1.0,1.0,1.0,1.0,none,0:1.0500|1:0.9300|2:1.0300|3:0.9400|4:0.9500|5:1.1000|6:0.8200|,Hatice Bulut:4:47545,2031294,7,179156,1456,31,32.96499649964996,32.65411289733231,none,372948
Dengeli,23,1516,2015,4,1354,1191,163,5433,160,37,0,0,133,3197485,2124949,1050520,208500,43860,81678,89820,0,0,626662,1070910,406587,75769,588554,588554,981192,14022596,105665,0,757678,1426350,0,3.0,0.0,2.0,0.0,1.0,603.530303,622.954545,403.045455,400.62727259999997,602.3848484666667,1.360799,22.915987700000002,1.0,1.0,1.0,1.0,none,0:1.0500|1:0.9300|2:1.0300|3:0.9400|4:0.9500|5:1.1000|6:0.8200|,Hatice Bulut:4:47545,2167954,7,179156,1487,30,32.85457163989823,33.21868794382641,none,447506
Dengeli,23,1547,2015,5,1320,1129,191,5388,154,57,0,0,167,3065300,2046741,1001355,215450,45322,84959,93434,0,891,561299,1088048,338526,74336,675186,542736,838944,14268896,105665,0,775593,1473895,0,3.0,0.0,2.0,0.0,1.0,605.9604107096774,626.818182,406.045455,404.19208199999997,608.0307918064516,1.369954,22.95354164516129,1.0,1.0,1.0,1.0,none,0:1.0500|1:0.9300|2:1.0300|3:0.9400|4:0.9500|5:1.1000|6:0.8200|,Hatice Bulut:4:47545,2065764,7,179156,1517,31,32.66743874987766,32.99142191080515,none,382143
Dengeli,23,1577,2015,6,1323,1150,173,5420,157,35,0,0,148,2845669,1867965,956068,208500,43860,82789,104700,0,786,515433,1013069,417973,72883,522213,654663,915708,14494984,110542,0,794335,1428713,0,3.0,0.0,2.0,0.0,1.0,610.4166666333333,632.045455,399.772727,401.66818173333337,611.3181818333334,1.379479,23.145057866666665,1.0,1.0,1.0,1.0,none,0:1.0500|1:0.9300|2:1.0300|3:0.9400|4:0.9500|5:1.1000|6:0.8200|,Hatice Bulut:4:47545,1902486,7,187425,1548,30,33.59730172412884,34.508222194375875,none,328008
Dengeli,23,1608,2015,7,1411,1232,179,5769,115,30,0,0,157,3169735,2081708,1070136,224450,47430,86137,108934,0,1435,601750,626653,57114,71410,498129,498129,859538,14169647,110542,0,813077,1547148,0,3.0,0.0,2.0,0.0,1.0,617.4633430967742,635.227273,409.727273,406.74780061290323,616.7111438064517,1.38876,22.519239677419357,1.0,1.0,1.0,1.0,none,0:1.0500|1:0.9300|2:1.0300|3:0.9400|4:0.9500|5:1.1000|6:0.8200|,Hatice Bulut:4:49908,2112736,7,187425,1578,31,33.76105573494314,33.64346603231732,none,414325
Dengeli,23,1639,2015,8,1362,1176,186,5729,116,9,0,0,170,3125210,2063045,1041419,224750,47430,86726,109678,0,692,572143,893296,188385,69916,634995,634995,913796,14394664,110542,0,831819,1547148,0,3.0,0.0,2.0,0.0,1.0,616.906158516129,640.909091,408.909091,408.2947213225806,619.3636362903226,1.398416,23.48586206451613,1.0,1.0,1.0,1.0,none,0:1.0500|1:0.9300|2:1.0300|3:0.9400|4:0.9500|5:1.1000|6:0.8200|,Hatice Bulut:4:49908,2086730,7,187425,1609,31,33.323168683064495,33.71616000988438,none,384718
Dengeli,23,1669,2015,9,1271,1103,168,5219,146,43,0,0,144,3156757,2076945,1060259,217500,45900,84499,92940,0,1170,618250,1248636,574601,68402,605633,605633,845162,14810923,110542,0,850561,1497240,0,3.0,0.0,2.0,0.0,1.0,620.6212121333333,644.090909,407.181818,407.68787876666664,621.1439393,1.408139,23.098497833333333,1.0,1.0,1.0,1.0,none,0:1.0500|1:0.9300|2:1.0300|3:0.9400|4:0.9500|5:1.1000|6:0.8200|,Hatice Bulut:4:49908,2079536,7,187425,1640,30,33.58696915853834,34.39125024419537,none,430825
Dengeli,23,1700,2015,10,1295,1101,194,5162,147,42,0,0,165,3070540,2051536,999908,224750,47430,87905,96689,0,371,542763,1014307,394409,66867,553031,553031,988416,15226694,110542,0,869303,1547148,0,3.0,0.0,2.0,0.0,1.0,621.473606967742,648.8636359999999,416.909091,413.5527859354839,621.8900293225806,1.417612,22.689427032258067,1.0,1.0,1.0,1.0,none,0:1.0500|1:0.9300|2:1.0300|3:0.9400|4:0.9500|5:1.1000|6:0.8200|,Hatice Bulut:4:49908,2086164,7,187425,1670,31,32.56456519048767,32.91604239894294,none,355338
Dengeli,23,1730,2015,11,1367,1177,190,5522,139,69,0,0,161,3366405,2260047,1087888,217500,45900,85669,94200,0,903,643716,1109807,305517,65311,738979,738979,1023468,15249953,110542,0,888045,1497240,0,3.0,0.0,2.0,0.0,1.0,619.9621213666667,653.863636,415.40909100000005,415.16060600000003,621.5257574999999,1.427469,25.173834833333334,1.0,1.0,1.0,1.0,none,0:1.0500|1:0.9200|2:1.0300|3:0.9300|4:0.9400|5:1.1000|6:0.8200|,Hatice Bulut:4:49908,2283256,7,187425,1701,30,32.31601664089734,32.994440033810875,none,456291
Dengeli,23,1761,2015,12,1364,1188,176,5559,201,70,0,0,146,3618015,2379509,1222635,244150,51794,89114,107818,0,33895,695864,1797962,1037252,63734,696976,696976,1119684,16348130,118670,0,908165,1550918,0,3.129032258064516,0.0,2.0,0.12903225806451613,1.0,630.5498533225806,658.181818,412.227273,413.3739003225806,626.7668622258064,1.437072,24.65499912903226,1.0,1.0,1.0,1.0,none,0:1.0500|1:0.9250|2:1.0300|3:0.9350|4:0.9450|5:1.1000|6:0.8200|,Hatice Bulut:4:49908,2351406,7,201206,1731,31,33.792977641054556,34.624158450305714,none,494658
Dengeli,23,1792,2016,1,1379,1168,211,5579,191,106,0,0,171,3821315,2543128,1268677,390100,84754,89747,108562,0,463,595051,1194369,387462,62135,744772,594783,1073022,16698631,118670,0,928285,1664018,0,4.0,0.0,2.0,1.0,1.0,641.312316451613,662.272727,428.045455,423.99266874193546,639.1994134516129,1.447064,22.79078029032258,1.0,1.0,1.0,1.0,none,0:1.0500|1:0.9300|2:1.0300|3:0.9400|4:0.9500|5:1.1000|6:0.8200|,Hatice Bulut:4:53678,2586252,7,201206,1762,31,33.20001099098085,33.254758404083134,none,393845
Dengeli,23,1821,2016,2,1285,1088,197,5077,196,85,0,0,147,3441615,2292294,1135280,365400,79286,84913,102689,0,457,502535,1172943,500092,60514,612337,762326,1078062,16880586,118670,0,948405,1556662,0,4.0,0.0,2.0,1.0,1.0,644.3416927586208,669.318182,427.954545,426.81347948275857,644.664576586207,1.463258,22.760894206896552,1.0,1.0,1.0,1.0,none,0:1.0500|1:0.9300|2:1.0300|3:0.9400|4:0.9500|5:1.1000|6:0.8200|,Hatice Bulut:4:53678,2358646,7,201206,1793,29,32.98683902760768,33.582670528769015,none,301329
Dengeli,23,1852,2016,3,1309,1115,194,5482,135,51,0,0,160,3371050,2170716,1180805,390600,84754,91700,100843,0,515,512393,1168111,470409,58871,638831,638831,966560,16962912,118670,0,968525,1664018,0,4.0,0.0,2.0,1.0,1.0,657.9325512258065,676.590909,422.636364,424.1466274516129,653.2434017741936,1.47857,21.98866006451613,1.0,1.0,1.0,1.0,none,0:1.0500|1:0.9300|2:1.0300|3:0.9400|4:0.9500|5:1.1000|6:0.8200|,Hatice Bulut:4:53678,2178304,7,201206,1822,31,35.0278103261595,35.762964879518684,none,311187
Dengeli,23,1882,2016,4,1312,1112,200,5415,132,53,0,0,174,3417759,2271013,1131033,378000,82020,89733,98670,0,369,482241,949339,268769,57205,623365,623365,1051068,17239089,118670,0,988645,1610340,0,4.0,0.0,2.0,1.0,1.0,655.4166666666666,684.545455,440.954545,435.4878787,656.8348484333333,1.495116,23.446324233333332,1.0,1.0,1.0,1.0,none,0:1.0500|1:0.9300|2:1.0300|3:0.9400|4:0.9500|5:1.1000|6:0.8200|,Hatice Bulut:4:53678,2316972,7,201206,1853,30,33.09282485979848,32.72149345200254,none,281035
Dengeli,23,1913,2016,5,1316,1111,205,5342,175,42,0,0,167,3380080,2204016,1154923,390600,84754,93746,103075,0,1110,481638,1144067,339656,55516,748895,748895,1021062,17422717,118670,0,1008765,1664018,0,4.0,0.0,2.0,1.0,1.0,672.9105571935484,692.272727,440.954545,439.6041055483871,667.6304985806452,1.511305,21.92154729032258,1.0,1.0,1.0,1.0,none,0:1.0500|1:0.9300|2:1.0300|3:0.9400|4:0.9500|5:1.1000|6:0.8200|,Hatice Bulut:4:53678,2231736,7,201206,1883,31,34.168510804478004,34.47055625950466,none,280432
Dengeli,23,1943,2016,6,1323,1146,177,5581,119,45,0,0,166,3272108,2117202,1132348,378000,82020,91714,115980,0,746,463888,1008892,375941,53804,579147,579147,951556,17578770,128424,0,1030539,1614433,0,4.0,0.0,2.0,1.0,1.0,673.7575759666666,698.863636,435.818182,437.3696971,675.8303030000001,1.528217,22.647400766666667,1.0,1.0,1.0,1.0,none,0:1.0500|1:0.9300|2:1.0300|3:0.9400|4:0.9500|5:1.1000|6:0.8200|,Hatice Bulut:4:53678,2139530,7,217744,1914,30,34.606070459777,35.315282893151235,none,246144
Dengeli,23,1974,2016,7,1290,1115,175,5319,113,27,0,0,155,3190578,2054952,1119229,448250,97843,95824,121148,0,36543,319621,242036,-493067,52069,683034,554927,966852,16872063,128424,0,1052313,1790901,0,3.935483870967742,0.0,2.0,0.9354838709677419,1.0,687.7126100967741,706.818182,450.69208241935485,444.81964816129033,684.4281524193548,1.544764,21.16692364516129,1.0,1.0,1.020737322580645,0.9937788064516129,0,0:1.0500|1:0.9300|2:1.0300|3:0.9400|4:0.9500|5:1.1000|6:0.8200|,Hatice Bulut:4:57771,2114256,7,217744,1944,31,35.07919254755721,34.46505476234703,none|0,101877
Dengeli,23,2005,2016,8,1258,1081,177,5232,143,33,0,0,152,3034805,1993877,1023178,482050,105307,96879,122512,0,1198,215232,-127278,-698095,50309,520508,648615,913416,15901119,128424,0,1074087,1790901,0,4.0,0.0,2.0,1.0,1.0,696.8108504838709,715.0,471.90469180645164,462.25219938709677,693.3387097741936,1.562051,20.919234258064517,1.0,1.0,1.2413594516129032,0.9275921612903226,0,0:1.0500|1:0.9300|2:1.0300|3:0.9400|4:0.9500|5:1.1000|6:0.8200|,Hatice Bulut:4:57771,2034694,7,217744,1975,31,33.714785628730674,32.27650064881204,0,-2512
Dengeli,23,2035,2016,9,1212,1031,181,4984,178,37,0,0,141,3419160,2339545,1056461,466500,101910,94804,104250,0,982,288015,7482,-563453,48526,522409,522409,1108164,15334183,128424,0,1095861,1733130,0,4.0,0.0,2.0,1.0,1.0,706.2727273666666,723.1818179999999,488.8818178,482.0590909333333,698.9318181666666,1.579531,20.514871033333336,1.0,1.0,1.25,0.925,0,0:1.0500|1:0.9300|2:1.0300|3:0.9400|4:0.9500|5:1.1000|6:0.8200|,Hatice Bulut:4:57771,2399514,7,217744,2006,30,30.898261561319153,30.78002323227278,0,70271
Dengeli,23,2066,2016,10,1322,1097,225,5247,156,46,0,0,195,3505575,2421878,1062283,482050,105307,99019,108903,0,450,266554,143171,-522376,0,665547,665547,1099680,14916795,128424,0,1117635,1790901,0,4.0,0.0,2.0,1.0,1.0,705.0439884193548,731.1363640000001,487.7741933870968,486.99999993548386,704.1612902903225,1.596634,21.41319383870968,1.0,1.0,1.25,0.925,0,0:1.0500|1:0.9200|2:1.0300|3:0.9300|4:0.9400|5:1.1000|6:0.8200|,Hatice Bulut:4:57771,2440000,7,217744,2036,31,30.302675024781955,30.81648785054637,0,48810
Dengeli,23,2096,2016,11,1294,1109,185,5201,139,48,0,0,164,3558845,2446267,1096929,466500,101910,96905,106560,0,1026,324028,320077,-299251,64980,554348,554348,1095816,14561773,128424,0,1139409,1733130,0,4.0,0.0,2.0,1.0,1.0,712.4545453,738.863636,490.045455,488.798485,707.4181819,1.614501,22.482221566666666,1.0,1.0,1.25,0.925,0,0:1.0500|1:0.9250|2:1.0300|3:0.9350|4:0.9450|5:1.1000|6:0.8200|,Hatice Bulut:4:57771,2443128,7,217744,2067,30,30.822612392503746,31.2173024605167,0,106284
Dengeli,23,2127,2016,12,1282,1084,198,5303,168,48,0,0,161,3737230,2633970,1081742,482050,105307,101220,122419,0,475,270271,76566,-509917,64133,522350,522350,1304064,14233557,138178,0,1162837,1794973,0,4.0,0.0,2.0,1.0,1.0,717.6979470967742,747.045455,509.31818200000004,502.470674483871,719.6055718064516,1.631982,22.714634612903225,1.0,1.0,1.25,0.925,0,0:1.0500|1:0.9250|2:1.0300|3:0.9350|4:0.9450|5:1.1000|6:0.8200|,Hatice Bulut:4:57771,2657682,7,234281,2097,31,28.94502077742071,29.034465813885948,0,35990
Dengeli,23,2158,2017,1,1253,1056,197,4726,199,39,0,0,164,3603640,2529326,1057370,500050,109492,102335,123814,0,1114,220565,163190,-593113,63271,693032,693032,987474,13172836,138178,0,1186265,1917133,0,4.0,0.0,2.0,1.0,1.0,731.2390029999999,755.909091,505.04692106451614,505.55571841935483,724.3636363225806,1.650245,22.39239593548387,0.9419354838709677,0.9419354838709677,1.2458870967741935,0.8729952903225807,1,0:1.0500|1:0.9300|2:1.0300|3:0.9400|4:0.9500|5:1.1000|6:0.8200|,Hatice Bulut:4:61843,2621758,7,234281,2128,31,29.3417211486164,30.93271570683488,0|1,-13716
Dengeli,23,2186,2017,2,1124,960,164,4471,200,41,0,0,141,3338230,2339072,979186,452200,98896,93411,112980,0,1045,220654,53616,-564856,62392,556080,556080,1163718,12718297,138178,0,1209693,1731604,0,4.0,0.0,2.0,1.0,1.0,738.4659090714285,763.4090910000001,515.1136364642857,511.5616882857143,738.4448051071429,1.667464,22.55161617857143,0.9,0.9,1.2237500000000001,0.7945446428571429,1,0:1.0500|1:0.9300|2:1.0300|3:0.9400|4:0.9500|5:1.1000|6:0.8200|,Hatice Bulut:4:61843,2346778,7,234281,2159,28,29.332490571350686,30.245441240204755,1,-13627
Dengeli,23,2217,2017,3,1411,1199,212,5990,218,30,0,0,182,4061365,2909371,1134365,500650,109492,104381,114793,0,379,304670,50007,-569336,61497,557846,557846,1415482,12439285,138178,0,1233121,1917133,0,4.0,0.0,2.0,1.0,1.0,728.0278592580645,770.681818,519.6686217096774,517.5630498709678,731.4765396451613,1.683171,26.43672648387097,0.9,0.9,1.1991666774193548,0.8,1,0:1.0500|1:0.9100|2:1.0300|3:0.9200|4:0.9300|5:1.1000|6:0.8200|,Hatice Bulut:4:61843,2890012,7,234281,2187,31,27.93063415871265,28.619679164575743,1,70389
Dengeli,23,2247,2017,4,1275,1058,217,4994,201,35,0,0,187,3444520,2390692,1032198,484500,105960,102065,112260,0,872,226541,272482,-444776,0,717258,578474,1046656,11783510,138178,0,1256549,1855290,0,4.0,0.0,2.0,1.0,1.0,745.1590910333333,778.863636,513.0151515666666,515.0333332333333,743.7227272666667,1.700734,24.315362466666667,0.9,0.9,1.1737499999999998,0.8,1,0:1.0500|1:0.9300|2:1.0300|3:0.9400|4:0.9500|5:1.1000|6:0.8200|,Hatice Bulut:4:61843,2460654,7,234281,2218,30,29.96638138260193,31.153607633605606,1,-7740
Dengeli,23,2278,2017,5,1316,1061,255,5130,218,57,0,0,214,3407070,2310884,1068937,500650,109492,106552,117149,0,1260,233834,547194,-111836,59050,599980,738764,1115968,11548833,138178,0,1279977,1917133,0,4.0,0.0,2.0,1.0,1.0,757.785924064516,785.681818,511.62463338709676,512.7741935806451,757.3005865483871,1.717904,23.45706748387097,0.9,0.9,1.1483333225806451,0.8,1,0:1.0500|1:0.9300|2:1.0300|3:0.9400|4:0.9500|5:1.1000|6:0.8200|,Hatice Bulut:4:61843,2335038,7,234281,2248,31,31.37408389026348,32.4842785884819,1,-447
Dengeli,23,2308,2017,6,1272,1062,210,5098,177,42,0,0,177,3280276,2183922,1075007,484500,105960,104195,131760,0,1881,246711,44282,-565820,58264,551838,551838,1000958,10830753,147931,0,1305058,1859707,0,4.0,0.0,2.0,1.0,1.0,770.0606059666667,794.545455,515.2393938666667,513.7075759333333,761.1772727666666,1.735829,23.0634427,0.9,0.9,1.1229166666666666,0.8,1,0:1.0500|1:0.9300|2:1.0300|3:0.9400|4:0.9500|5:1.1000|6:0.8200|,Hatice Bulut:4:61843,2171894,7,250819,2279,30,32.771846027590364,33.09105934332529,1,-4108
Dengeli,23,2339,2017,7,1272,1070,202,5581,153,9,0,0,185,3738386,2483645,1234543,518650,113677,108753,137516,0,4446,351501,197124,-605148,57463,744809,744809,1100880,10305749,147931,0,1330139,2054060,0,4.0,0.0,2.0,1.0,1.0,776.5175952903226,802.272727,513.8313783225807,513.9472140967742,773.1891496451613,1.753354,23.020297451612905,0.9,0.9,1.0975,0.8,1,0:1.0500|1:0.9300|2:1.0300|3:0.9400|4:0.9500|5:1.1000|6:0.8200|,Hatice Bulut:4:66260,2523336,7,250819,2309,31,33.02342240742395,33.82875269806724,1,100682
Dengeli,23,2370,2017,8,1311,1135,176,5629,168,18,0,0,154,3679432,2448540,1209426,519250,113677,109870,138942,0,2626,325061,135459,-507916,56648,586727,586727,1074274,9680815,147931,0,1355220,2054060,0,4.0,0.0,2.0,1.0,1.0,790.6598241935484,810.681818,531.117302,525.4340176129033,782.4457478709677,1.7716490000000003,23.614170451612903,0.9,0.9,1.0716666774193546,0.8,1,0:1.0500|1:0.9300|2:1.0300|3:0.9400|4:0.9500|5:1.1000|6:0.8200|,Hatice Bulut:4:66260,2534998,7,250819,2340,31,32.86991035572882,32.82606681808763,1,74242
Dengeli,23,2400,2017,9,1279,1071,208,5064,178,40,0,0,179,3664180,2501136,1124573,502500,110010,107436,118140,0,0,286487,899501,217295,55819,626387,626387,1136062,9940436,147931,0,1380301,1987800,0,4.0,0.0,2.0,1.0,1.0,774.9924244666666,819.545455,520.3499999666667,523.7893939,779.1939392333334,1.790134,25.288991866666667,0.9,0.9,1.04625,0.8,1,0:1.0500|1:0.9250|2:1.0300|3:0.9350|4:0.9450|5:1.1000|6:0.8200|,Hatice Bulut:4:66260,2471210,7,250819,2371,30,30.690986796500173,32.85740820953695,1,35668
Dengeli,23,2431,2017,10,1228,1018,210,4811,199,27,0,0,181,3599685,2382382,1195514,519250,113677,112134,123318,0,1209,325926,645678,-214602,58682,801598,801598,1112402,9641830,147931,0,1405382,2054060,0,4.0,0.0,2.0,1.0,1.0,805.1612904516129,827.727273,538.0175953225806,532.3812316451613,799.8284458709677,1.808208,22.20456374193548,0.9,0.9,1.0208333225806452,0.8,1,0:1.0500|1:0.9300|2:1.0300|3:0.9400|4:0.9500|5:1.1000|6:0.8200|,Hatice Bulut:4:66260,2476486,7,250819,2401,31,33.2116282396932,33.17890443779184,1,75107
Dengeli,23,2461,2017,11,1144,977,167,4696,200,25,0,0,140,3730153,2475442,1227582,502500,110010,109657,120600,0,1897,382918,912857,209531,57918,645408,645408,1277682,10013870,147931,0,1430463,1987800,0,4.0,0.0,2.0,1.0,1.0,809.7575757333333,836.136364,537.4560607333333,535.9378789,807.3757575,1.827075,21.791944633333333,0.9,0.9,1.00125,0.8,1,0:1.0500|1:0.9300|2:1.0300|3:0.9400|4:0.9500|5:1.1000|6:0.8200|,Hatice Bulut:4:66260,2452134,7,250819,2432,30,32.90969566127716,33.627535346415016,1,132099
Dengeli,23,2492,2017,12,1237,1007,230,4458,173,54,0,0,194,3545974,2312224,1205198,519250,113677,114460,138446,0,2470,316895,1557080,669713,57139,830228,666808,1045796,10514438,156060,0,1456923,2058105,0,4.0,0.0,2.0,1.0,1.0,823.6436949677419,845.227273,535.772727,535.7126100967741,817.4354838387096,1.845521,21.17829012903226,0.9580645161290322,0.9580645161290322,1.0,0.8329032258064516,none,0:1.0500|1:0.9300|2:1.0300|3:0.9400|4:0.9500|5:1.1000|6:0.8200|,Hatice Bulut:4:66260,2415652,7,264600,2462,31,33.98778445640041,34.950910172270106,1|none,52295
Dengeli,23,2523,2018,1,1238,1030,208,5040,143,72,0,0,185,4578734,3031781,1522586,534250,117180,115663,139903,0,2997,612593,1213617,460377,56345,696895,860315,1359260,11028913,156060,0,1483383,2179455,0,4.0,0.0,2.0,1.0,1.0,830.8797654516129,854.090909,551.090909,545.9941349354839,829.2844575483871,1.864777,21.162522096774193,1.0,1.0,1.0,0.983225806451613,none,0:1.0500|1:0.9300|2:1.0300|3:0.9400|4:0.9500|5:1.1000|6:0.8200|,Hatice Bulut:4:70305,3047598,7,264600,2493,31,33.25342769420543,33.673807942541195,none,347993
Dengeli,23,2551,2018,2,1283,1050,233,5119,164,78,0,0,198,4635854,3063785,1551287,483000,105840,105394,127484,0,7442,722127,2043094,1246429,55537,741128,741128,1597512,12546600,156060,0,1509843,1968540,0,4.0,0.0,2.0,1.0,1.0,829.7240258928571,861.363636,543.5,545.5584416071429,833.8717531785715,1.8813790000000001,22.440524250000003,1.0,1.0,1.0,1.0,2,0:1.0500|1:0.9300|2:1.0300|3:0.9400|4:0.9500|5:1.1000|6:0.8200|,Hatice Bulut:4:70305,3022278,7,264600,2524,28,33.46280965707721,34.49629237683632,none|2,457527
Dengeli,23,2582,2018,3,971,793,178,3886,110,19,0,0,164,3211844,2063993,1122689,534750,117180,117617,129332,0,9475,214335,-582289,-1181688,0,599399,599399,806906,10693018,156060,0,1536303,2179455,0,4.0,0.0,2.0,1.0,1.0,850.0439881612904,867.954545,550.3636359999999,547.8856304516129,841.790322548387,1.896501,20.62682406451613,1.0,1.0,1.0,1.0,2,0:1.0500|1:0.9300|2:1.0300|3:0.9400|4:0.9500|5:1.1000|6:0.8200|,Hatice Bulut:4:70305,2178010,7,264600,2552,31,34.95465533195261,35.25468756146629,2,-50265
Dengeli,23,2612,2018,4,862,709,153,3565,98,9,0,0,139,2877123,1863687,993111,517500,113400,114843,126270,0,4533,116565,-1268920,-2004130,53327,681883,681883,825872,8629657,156060,0,1562763,2109150,0,4.0,0.0,2.0,1.0,1.0,853.7499998666666,875.6818179999999,557.590909,553.5909091,851.1924242333333,1.9133850000000001,20.984676166666667,1.0,1.0,1.0,1.0,2,0:1.0500|1:0.9300|2:1.0300|3:0.9400|4:0.9500|5:1.1000|6:0.8200|,Hatice Bulut:4:70305,1867234,7,264600,2583,30,34.51750237998167,34.68920537779431,2,-148035
Dengeli,23,2643,2018,5,1017,838,179,4137,107,18,0,0,165,3477173,2266744,1189226,534750,117180,119694,131626,0,6900,279076,-225931,-876385,52617,597837,597837,1127252,7964567,156060,0,1589223,2179455,0,4.0,0.0,2.0,1.0,1.0,854.2375367741936,883.409091,556.227273,555.2038121612903,855.2771260967742,1.929868,22.582860354838708,1.0,1.0,1.0,1.0,2,0:1.0500|1:0.9300|2:1.0300|3:0.9400|4:0.9500|5:1.1000|6:0.8200|,Hatice Bulut:4:70305,2309330,7,264600,2613,31,34.200944272833134,34.886111994042324,2,14476
Dengeli,23,2673,2018,6,998,815,183,3879,98,19,0,0,169,3007808,1948960,1027640,517500,113400,116854,147780,0,5966,126140,-802453,-1416051,51894,561704,561704,841290,6250518,165814,0,1617337,2113498,0,4.0,0.0,2.0,1.0,1.0,872.0378785,890.909091,578.3181820000001,568.8787878999999,863.5227274,1.94705,19.69786966666667,1.0,1.0,1.0,1.0,2,0:1.0500|1:0.9300|2:1.0300|3:0.9400|4:0.9500|5:1.1000|6:0.8200|,Hatice Bulut:4:70305,1988394,7,281137,2644,30,34.16574462199715,33.681988333491866,2,-154997
Dengeli,23,2704,2018,7,1070,872,198,4287,112,6,0,0,184,3360360,2195350,1149345,552750,121365,121803,154008,0,7698,191721,-898907,-1687603,51158,737538,737538,1034436,4627135,165814,0,1645451,2314243,0,4.0,0.0,2.0,1.0,1.0,876.7228739032258,898.409091,576.909091,575.2199413225806,868.4369500967741,1.963822,20.88423151612903,1.0,1.0,1.0,1.0,2,0:1.0500|1:0.9300|2:1.0300|3:0.9400|4:0.9500|5:1.1000|6:0.8200|,Hatice Bulut:4:74653,2258250,7,281137,2674,31,34.2030318180195,34.19709828813247,2,-89416
Dengeli,23,2735,2018,8,993,786,207,3824,102,6,0,0,190,2938950,1896626,1029538,553350,121365,122888,155403,0,5149,71383,-875939,-1526066,50409,599718,599718,873030,2879610,165814,0,1673565,2314243,0,4.0,0.0,2.0,1.0,1.0,885.8651028064517,907.045455,574.0,574.895894483871,878.4868034193548,1.9813059999999998,19.74100525806452,1.0,1.0,1.0,1.0,2,0:1.0500|1:0.9300|2:1.0300|3:0.9400|4:0.9500|5:1.1000|6:0.8200|,Hatice Bulut:4:74653,1886526,7,281137,2705,31,35.030810323414826,35.204581580022975,2,-209754
Dengeli,23,2765,2018,9,1036,829,207,3959,126,19,0,0,185,3465900,2257621,1182348,535500,117450,119974,131940,0,3304,274180,-35715,-841887,0,806172,652421,1111920,2505914,165814,0,1701679,2239590,0,4.0,0.0,2.0,1.0,1.0,897.4469695333333,915.454545,589.5,583.3696969333333,883.2863637666667,1.998945,19.748349666666666,1.0,1.0,1.0,1.0,2,0:1.0500|1:0.9300|2:1.0300|3:0.9400|4:0.9500|5:1.1000|6:0.8200|,Hatice Bulut:4:74653,2288584,7,281137,2736,30,34.11373669176837,34.31366754667006,2,-6957
Dengeli,23,2796,2018,10,1075,898,177,4430,143,19,0,0,152,4019695,2672733,1320287,553350,121365,125028,137516,0,4198,378830,244050,-492626,52995,683681,837432,1171262,1833745,165814,0,1729793,2314243,0,4.0,0.0,2.0,1.0,1.0,887.2360703548387,922.954545,587.681818,586.9750730645162,884.4970673870968,2.016165,21.32274980645161,1.0,1.0,1.0,1.0,2,0:1.0500|1:0.9250|2:1.0300|3:0.9350|4:0.9450|5:1.1000|6:0.8200|,Hatice Bulut:4:74653,2747474,7,281137,2766,31,32.84545220470707,33.762632332456434,2,97693
Dengeli,23,2826,2018,11,984,813,171,4005,112,16,0,0,160,3548270,2312613,1214812,535500,117450,122075,134250,0,5104,300433,-441264,-1101248,52304,607680,607680,982572,517219,165814,0,1757907,2239590,0,4.0,0.0,2.0,1.0,1.0,901.1287879333333,931.8181820000001,589.272727,587.8166666333333,895.6272726999999,2.034115,22.414710300000003,1.0,1.0,1.0,1.0,2,0:1.0500|1:0.9250|2:1.0300|3:0.9350|4:0.9450|5:1.1000|6:0.8200|,Hatice Bulut:4:74653,2314920,7,281137,2797,30,34.23674072153472,34.60726869558237,2,19296
Dengeli,23,2857,2018,12,824,624,200,2934,86,246,0,0,130,2738330,1784294,943685,553350,121365,127230,153915,0,145747,-157922,-2316081,-3054934,10509,728344,308132,992994,-94829,0,0,1608057,2320894,0,4.0,0.0,2.0,1.0,1.0,916.6568913870968,939.318182,604.6788857419355,595.8519060645161,908.9428152903226,2.051637,19.452719387096774,1.0,1.0,1.0,1.0,2,0:1.0500|1:0.9300|2:1.0300|3:0.9400|4:0.9500|5:1.1000|6:0.8200|,Hatice Bulut:4:74653,889152,7,0,2827,31,34.46206264402026,34.03432719226845,2,-157922
Dengeli,23,2888,2019,1,631,25,606,62,3,1390,0,0,4,98086,61748,36338,580350,127627,128395,155279,0,109510,-1064823,-10514635,-10584727,11989,58103,0,992994,-10101840,0,0,1458207,2520424,0,4.0,0.0,2.0,1.0,1.0,919.0322578064516,947.272727,626.5219940967742,597.681818,911.6451613225806,2.069903,5.862293322580645,1.0,1.0,1.0,1.0,2,0:1.0500|1:0.9300|2:1.0300|3:0.9400|4:0.9500|5:1.1000|6:0.8200|,Hatice Bulut:4:81304,0,7,0,2858,31,37.047081132883385,31.828073631260956,2,-1064823
Dengeli,23,2916,2019,2,712,330,382,1623,54,727,0,0,70,1437895,1133655,291529,417000,90976,117511,142128,0,45152,-521238,-4509849,-4510226,0,377,659431,0,2850636,120296,0,1428653,1056952,0,3.4642857142857144,0.0,2.0,0.4642857142857143,1.0,899.77272725,959.7727270000001,678.5535713928572,639.8084415000001,883.8603896071428,2.097689,12.105895535714286,1.0,1.0,1.0,1.0,2,0:1.0500|1:0.9200|2:1.0300|3:0.9300|4:0.9400|5:1.1000|6:0.8200|,Hatice Bulut:4:81304,2234982,1,203962,2889,28,20.274707123955505,24.58611482182406,2,-725200
Dengeli,23,2947,2019,3,1183,981,202,5153,80,41,0,0,187,4323105,3485574,815331,358050,77407,131683,144801,0,8026,95364,-130546,-130546,0,0,0,0,2641080,120296,0,1399099,0,0,3.0,0.0,2.0,0.0,1.0,855.1539588064517,971.818182,690.4046920967742,687.454545516129,853.9340172580645,2.1231059999999995,29.62272319354839,1.0,1.0,1.0,1.0,2,0:1.0500|1:0.8900|2:1.0300|3:0.9000|4:0.9100|5:1.1000|6:0.8200|,,3586784,1,203962,2917,31,18.859847262557814,19.265450976759784,2,-108598
Dengeli,23,2977,2019,4,1003,843,160,4415,70,16,0,0,147,3785805,2988103,773041,346500,74910,129146,142020,0,7731,72734,-152738,-202123,0,49385,49385,1596724,4153489,120296,0,1369545,0,0,3.0,0.0,2.0,0.0,1.0,867.5151513000001,984.3181820000001,678.0121211666667,682.5166667333334,864.2712123333333,2.151607,28.116437233333333,1.0,1.0,1.0,1.0,2,0:1.0500|1:0.8900|2:1.0300|3:0.9000|4:0.9100|5:1.1000|6:0.8200|,,2894956,1,203962,2948,30,20.419461646862423,21.844348176438974,2,-131228
Dengeli,23,3008,2019,5,1445,1189,256,6583,80,40,0,0,242,5446930,4284872,1126218,358050,77407,135188,148645,0,5514,401414,253002,181903,0,71099,71099,1874506,4640560,120296,0,1339991,0,0,3.0,0.0,2.0,0.0,1.0,871.825513,997.727273,685.9017595483871,684.6847507096775,875.6759534193548,2.179552,29.432925258064518,1.0,1.0,1.0,1.0,2,0:1.0500|1:0.8900|2:1.0300|3:0.9000|4:0.9100|5:1.1000|6:0.8200|,,4293326,1,203962,2978,31,20.67619741762791,21.32579864654786,2,197452
Dengeli,23,3038,2019,6,1491,1212,279,6627,97,42,0,2,261,5134916,4060321,1038698,346500,74910,132597,167640,0,6372,310679,130810,51155,0,79655,61291,1843996,4657989,131134,0,1307775,0,0,3.0,0.0,2.0,0.0,1.0,882.3106064666666,1010.6818179999999,705.659091,700.1257575666666,887.9515152333333,2.20881,28.937648799999998,1.0,1.0,1.0,1.0,none,0:1.0500|1:0.9000|2:1.0300|3:0.9100|4:0.9200|5:1.1000|6:0.8200|,,4117798,1,222337,3009,30,20.22814005136598,20.021465702887987,2|none,88342
Dengeli,23,3069,2019,7,1618,1327,291,7647,80,65,0,0,275,5574547,4392710,1152381,388050,84382,138785,175491,0,9670,356003,270399,203736,0,66663,85027,1934730,4863023,131134,0,1275559,0,0,3.0,0.0,2.0,0.0,1.0,890.909091,1024.318182,705.4354839032259,704.9530792258064,898.5557185483872,2.237498,30.46965312903226,1.0,1.0,1.0,1.0,none,0:1.0500|1:0.9050|2:1.0300|3:0.9150|4:0.9250|5:1.1000|6:0.8200|,,4493238,1,222337,3039,31,20.672190942151893,20.818466100574803,none,133666
Dengeli,23,3100,2019,8,1698,1395,303,7639,110,54,0,3,285,6143100,4846938,1246315,389050,84382,140646,177847,0,8574,445816,317327,-243765,488550,72542,72542,2274926,4987521,131134,0,1243343,0,0,3.0,0.0,2.0,0.0,1.0,909.4281526451612,1037.727273,724.6744869032258,719.6803518709677,912.0014664838709,2.267534,30.560281903225807,0.9709677419354839,0.9709677419354839,1.0,0.9745967741935483,3,0:1.0500|1:0.9150|2:1.0300|3:0.9250|4:0.9350|5:1.1000|6:0.8200|,,4818366,1,222337,3070,31,20.288046751640053,20.31536688242619,none|3,223479
Dengeli,23,3130,2019,9,1558,1234,324,7091,150,95,0,0,287,6089670,4829414,1221053,376500,81660,137940,151680,0,10100,463173,284120,-295377,487291,92206,92206,2085020,4372466,131134,0,1211127,0,0,3.0,0.0,2.0,0.0,1.0,915.0303033,1051.136364,726.9590909,725.6257575666666,922.2212118000001,2.297973,32.224615666666665,0.95,0.95,1.0,0.925,3,0:1.0500|1:0.9150|2:1.0300|3:0.9250|4:0.9350|5:1.1000|6:0.8200|,,4946778,1,222337,3101,30,20.051217882085563,20.553550163500912,3,240836
Dengeli,23,3161,2019,10,1573,1259,314,7398,177,105,0,0,273,6560720,5109310,1407445,389050,84382,144398,158751,0,7665,623199,376806,-197328,486001,88133,88133,2421794,4471098,131134,0,1178911,0,0,3.0,0.0,2.0,0.0,1.0,934.4354841290323,1065.227273,727.7844574516129,727.140762451613,935.9134894193548,2.327819,31.59711458064516,0.95,0.95,1.0,0.925,3,0:1.0500|1:0.9250|2:1.0300|3:0.9350|4:0.9450|5:1.1000|6:0.8200|,,5141188,1,222337,3131,31,21.452599714665464,22.115066281973924,3,400862
Dengeli,23,3191,2019,11,1638,1299,339,7822,163,95,0,0,314,6761781,5322350,1399285,376500,81660,141601,155700,0,8401,635423,420932,-145760,484678,82014,82014,2245222,4110402,131134,0,1146695,0,0,3.0,0.0,2.0,0.0,1.0,945.2954545,1079.772727,748.1803030333334,743.5499999333333,948.6454542666667,2.359067,33.2795396,0.95,0.95,1.0,0.925,3,0:1.0500|1:0.9250|2:1.0300|3:0.9350|4:0.9450|5:1.1000|6:0.8200|,,5346636,1,222337,3162,30,20.69403016749581,20.852226732744388,3,413086
Dengeli,23,3222,2019,12,1610,1309,301,7717,212,147,0,0,256,7456507,5825890,1596041,389050,84382,148214,179273,0,9891,785231,814553,213541,483323,117689,117689,2544186,4571130,150641,0,1109686,0,0,3.0,0.0,2.0,0.0,1.0,959.1275664193548,1093.863636,744.074780032258,745.0571847741935,961.2609974193548,2.389707,32.27051703225806,0.95,0.95,1.0,0.925,3,0:1.0500|1:0.9300|2:1.0300|3:0.9400|4:0.9500|5:1.1000|6:0.8200|,,5856664,1,255412,3192,31,21.404673796993688,22.421708427163516,3,529819
Dengeli,23,3253,2020,1,1603,1253,350,7518,154,121,0,0,327,7551964,5834726,1666171,443050,96937,150276,181691,0,9004,785213,714809,123910,481933,108966,108966,2649718,4670254,150641,0,1072677,0,0,3.0,0.0,2.0,0.0,1.0,969.8387099032258,1108.409091,747.9354838387096,746.9692082580646,973.7082108387098,2.421786,33.03947851612903,0.95,0.95,1.0,0.925,3,0:1.0500|1:0.9300|2:1.0300|3:0.9400|4:0.9500|5:1.1000|6:0.8200|,,5959142,1,255412,3223,31,22.062750828791028,22.88042576550265,3,529801
Dengeli,23,3282,2020,2,1536,1210,326,7367,194,161,0,0,284,8299510,6537191,1720643,416150,90683,143831,173913,0,12453,883613,675019,92207,480509,102303,102303,2876554,4890989,150641,0,1035668,0,0,3.0,0.0,2.0,0.0,1.0,996.003134448276,1134.318182,785.8605016551725,778.6144200344827,996.9529777931035,2.477969,32.03272962068966,0.95,0.95,1.0,0.925,3,0:1.0500|1:0.9300|2:1.0300|3:0.9400|4:0.9500|5:1.1000|6:0.8200|,,6618782,1,255412,3254,29,20.731862483447816,21.098591512918233,3,628201
Dengeli,23,3313,2020,3,1708,1352,356,7997,165,123,0,0,328,8045910,6269496,1740600,444850,96937,157071,172670,0,8879,860193,578617,-26877,479049,126445,126445,2944830,4889211,150641,0,998659,0,0,3.0,0.0,2.0,0.0,1.0,1019.6774189032259,1159.772727,795.2478007419354,792.5527858709678,1019.1436952580646,2.531706,31.580824193548388,0.95,0.95,1.0,0.925,3,0:1.0500|1:0.9300|2:1.0300|3:0.9400|4:0.9500|5:1.1000|6:0.8200|,,6288634,1,255412,3283,31,21.633351603485497,22.009864492506757,3,604781
Dengeli,23,3343,2020,4,1633,1261,372,7619,161,78,0,2,342,7735697,6014275,1683879,430500,93810,155546,170970,0,12569,820484,539182,-50895,477553,112524,112524,2994776,4685705,150641,0,961650,0,0,3.0,0.0,2.0,0.0,1.0,1044.9318179666668,1186.1363640000002,817.7212121,812.5000000333333,1042.4651517,2.590438,31.554642066666666,0.95,0.95,1.0,0.925,3,0:1.0500|1:0.9300|2:1.0300|3:0.9400|4:0.9500|5:1.1000|6:0.8200|,,6193026,1,255412,3314,30,21.76764420840165,21.744060421932218,3,565072
Dengeli,23,3374,2020,5,1754,1363,391,8345,184,105,0,8,349,8435170,6627094,1766051,444850,96937,164330,180637,0,15729,863568,790925,190919,476019,123987,92377,2846254,4775926,150641,0,924641,0,0,3.0,0.0,2.0,0.0,1.0,1066.0190612258066,1212.5,840.8284457419355,835.3123167096775,1065.6656891290322,2.648573,31.912814419354838,0.95,0.95,1.0,0.925,3,0:1.0500|1:0.9300|2:1.0300|3:0.9400|4:0.9500|5:1.1000|6:0.8200|,,6590022,1,255412,3344,31,20.936756461339844,21.12444548833172,3,608156
Dengeli,23,3404,2020,6,1762,1384,378,8229,180,62,0,0,357,7851977,6015586,1781371,430500,93810,162722,205680,0,11048,877611,649535,68336,474447,106752,138362,2898632,4663563,174484,0,881775,0,0,3.0,0.0,2.0,0.0,1.0,1093.9772724666666,1240.681818,841.6242424333334,840.7666665666667,1090.0863638666667,2.710017,32.065259833333336,0.95,0.95,1.0,0.925,3,0:1.0500|1:0.9300|2:1.0300|3:0.9400|4:0.9500|5:1.1000|6:0.8200|,,6207618,1,295837,3375,30,22.68691057042067,23.06748379372958,3,581774
Dengeli,23,3435,2020,7,1716,1354,362,8303,128,71,0,0,349,8158929,6382429,1741247,510850,112282,171930,217310,0,13003,715872,632015,52715,472836,106464,106464,3100070,4749666,174484,0,838909,0,0,3.0,0.0,2.0,0.0,1.0,1116.4002934516127,1268.409091,888.0938416451613,875.6598240967743,1114.9516130322581,2.770836,31.719686677419354,0.95,0.95,1.0,0.925,3,0:1.0500|1:0.9300|2:1.0300|3:0.9400|4:0.9500|5:1.1000|6:0.8200|,,6519666,1,295837,3405,31,21.341612361132203,20.450232156477544,3,420035
Dengeli,23,3466,2020,8,1684,1289,395,7901,119,58,0,3,371,8152667,6286471,1810825,513050,112282,175902,222363,0,15699,771529,527698,-73920,471184,130434,130434,2985180,4576240,174484,0,796043,0,0,3.0,0.0,2.0,0.0,1.0,1143.6510268387096,1297.272727,886.3401759354839,886.068915,1140.2419354193548,2.835116,31.047440387096774,0.95,0.95,1.0,0.925,3,0:1.0500|1:0.9300|2:1.0300|3:0.9400|4:0.9500|5:1.1000|6:0.8200|,,6258740,1,295837,3436,31,22.211443200120893,22.499070508814796,3,475692
Dengeli,23,3496,2020,9,1680,1314,366,7390,147,84,0,3,340,8658610,6634015,1975532,496500,108660,174190,191460,0,22679,982043,883541,289370,469491,124680,124680,3047484,4836579,174484,0,753177,0,0,3.0,0.0,2.0,0.0,1.0,1172.6666670333332,1328.409091,900.3651513333333,896.8060605666667,1167.2590909,2.900887,30.7120585,0.95,0.95,1.0,0.925,3,0:1.0500|1:0.9300|2:1.0300|3:0.9400|4:0.9500|5:1.1000|6:0.8200|,,6705002,1,295837,3467,30,22.815809927921457,23.22070912008448,3,686206
Dengeli,23,3527,2020,10,1676,1293,383,7457,144,100,0,0,361,8747670,6844195,1849301,513050,112282,184030,202275,0,16943,820721,494225,-74054,467756,100523,100523,3209688,4813330,174484,0,710311,0,0,3.0,0.0,2.0,0.0,1.0,1196.0483874516128,1356.818182,944.7375365483871,933.1466275806451,1192.708211064516,2.965989,31.12240470967742,0.95,0.95,1.0,0.925,3,0:1.0500|1:0.9300|2:1.0300|3:0.9400|4:0.9500|5:1.1000|6:0.8200|,,6938622,1,295837,3497,31,21.140497984034607,21.0117628634312,3,524884
Dengeli,23,3557,2020,11,1565,1214,351,6835,161,82,0,0,320,8107520,6263594,1787967,496500,108660,182236,200310,0,25806,774455,626218,20614,465977,139627,139627,2747660,4264302,174484,0,667445,0,0,3.0,0.0,2.0,0.0,1.0,1227.5151512000002,1389.545455,948.3121212000001,946.3545455,1220.9530305,3.034797,31.0360564,0.95,0.95,1.0,0.925,3,0:1.0500|1:0.9300|2:1.0300|3:0.9400|4:0.9500|5:1.1000|6:0.8200|,,6354242,1,295837,3528,30,22.05319259156931,22.74538360907851,3,478618
Dengeli,23,3588,2020,12,1668,1288,380,7368,213,134,0,0,339,9483408,7524489,1918241,513050,112282,192530,232779,0,15305,852295,811511,232479,464154,114878,114878,3456822,5110748,198326,0,618721,0,0,3.0,0.0,2.0,0.0,1.0,1253.7316713548387,1420.681818,996.7302053548386,985.4956011612904,1248.3431082903228,3.102904,30.84930412903226,0.95,0.95,1.0,0.925,3,0:1.0500|1:0.9300|2:1.0300|3:0.9400|4:0.9500|5:1.1000|6:0.8200|,,7585614,1,336262,3558,31,20.227338104613867,20.498921090688626,3,516033
Dengeli,23,3619,2021,1,1589,1221,368,6941,183,122,0,0,339,9561153,7594107,1908484,579050,127627,196984,238173,0,9951,756699,589024,-11822,462285,138561,109972,3442836,4966065,198326,0,569997,0,0,3.0,0.0,2.0,0.0,1.0,1283.819648516129,1453.409091,1011.8724339677419,1007.4266862903227,1277.0645165161288,3.174888,30.02751964516129,0.95,0.95,1.0,0.925,3,0:1.0500|1:0.9300|2:1.0300|3:0.9400|4:0.9500|5:1.1000|6:0.8200|,,7723516,1,336262,3589,31,19.960814349482746,21.182664937611023,3,420437
Dengeli,23,3647,2021,2,1476,1134,342,6417,159,100,0,0,303,8914490,7025518,1846272,525000,115276,181676,219688,0,20841,783791,458231,-119485,460370,117346,133102,3630274,4853662,198326,0,521273,0,0,3.0,0.0,2.0,0.0,1.0,1315.5681815357143,1484.545455,1034.6331168214285,1028.55519475,1304.6477274285714,3.242156,29.829046285714288,0.95,0.95,1.0,0.925,3,0:1.0500|1:0.9300|2:1.0300|3:0.9400|4:0.9500|5:1.1000|6:0.8200|,,7154286,1,336262,3620,28,20.710909990364,21.354656387807985,3,447529
Dengeli,23,3653,2021,3,344,261,83,1626,34,17,0,0,79,2182090,1720374,451577,112500,24702,39648,43614,0,1092,230021,223415,-234992,458407,0,12833,3886442,4819383,0,0,521273,0,0,3.0,0.0,2.0,0.0,1.0,1317.272727,1513.181818,1042.9696968333335,1036.3484848333335,1329.1363636666667,3.304138,31.7685595,0.9499999999999998,0.9499999999999998,1.0,0.9250000000000002,3,0:1.0500|1:0.9300|2:1.0300|3:0.9400|4:0.9500|5:1.1000|6:0.8200|,,1692640,1,0,3648,6,20.69470095183975,20.823556469689706,3,230021
Atak,21,25,2011,3,1481,1341,140,6065,208,75,0,4,112,2529530,1875968,644021,168750,37975,50012,55000,0,10442,321842,200567,139997,0,60570,66012,490282,140790,71527,0,12127,0,0,3.0,1.0,2.0,0.0,0.0,433.58181832,457.7272730000001,312.31272712,323.31272732,432.97454511999996,1.0,33.17696092,1.0,1.0,1.0,1.0,none,0:1.0000|1:0.9100|2:1.0300|3:0.9400|4:0.9500|5:1.1000|6:0.8200|,,2130312,1,121275,1,25,25.46010523694125,27.9691366372053,none,200567
Atak,21,55,2011,4,1743,1554,189,7301,240,90,0,5,145,2976755,2061953,891707,202500,45570,60374,66390,0,10552,506321,385046,279480,0,105566,116118,935548,899612,71527,0,24254,0,0,3.0,1.0,2.0,0.0,0.0,434.2954547,459.09090899999995,298.52727276666667,301.05303026666667,433.8196969333333,1.00592,30.453901433333332,1.0,1.0,1.0,1.0,none,0:1.0000|1:0.9200|2:1.0300|3:0.9400|4:0.9500|5:1.1000|6:0.8200|,,2049670,1,121275,26,30,29.955673207905924,31.261709157678947,none,385046
Atak,21,86,2011,5,2190,1945,245,11111,244,141,0,36,178,3921535,2901981,995687,209250,47089,62821,69099,0,9544,597884,476609,322059,0,154550,164094,1451066,1764874,71527,0,36381,0,0,3.0,1.0,2.0,0.0,0.0,405.61583593548386,464.31818200000004,295.0469207419355,296.48973606451614,407.2082110967742,1.01307,42.54341583870968,1.0,1.0,1.0,1.0,none,0:1.0000|1:0.8900|2:1.0300|3:0.9100|4:0.9500|5:1.1000|6:0.8200|,,2893388,1,121275,56,31,25.390236221275597,27.259516369359694,none,476609
Atak,21,116,2011,6,2064,1854,210,10632,240,68,0,31,153,3618110,2555856,1043469,202500,45570,61245,77460,0,9214,647480,545572,407461,0,138111,147325,1093608,1825880,78030,0,49611,0,0,3.0,1.0,2.0,0.0,0.0,419.5075758666666,466.818182,291.32727259999996,292.1924242333333,423.3045453666667,1.020512,42.14602576666667,1.0,1.0,1.0,1.0,none,0:1.0500|1:0.8950|2:1.0300|3:0.9050|4:0.9500|5:1.1000|6:0.8200|,,2560704,1,132300,87,30,28.840167932981583,30.554943614988876,none,515180
Atak,21,147,2011,7,2203,1970,233,11658,214,118,0,34,173,3942440,2908780,1012172,222750,50220,63751,80600,0,13410,581441,523925,376056,0,147869,127698,1335448,2454983,78030,0,62841,0,0,3.0,1.0,2.0,0.0,0.0,412.74926709677425,470.227273,303.5014663870968,301.159824,416.85043990322583,1.027766,41.848984967741934,1.0,1.0,1.0,1.0,none,0:1.0500|1:0.8950|2:1.0300|3:0.9050|4:0.9400|5:1.1000|6:0.8200|,,2945446,1,132300,117,31,25.67374519333205,26.468320944120038,none,449141
Atak,21,178,2011,8,2450,2140,310,12729,225,124,0,81,198,4262510,3275189,964956,223200,50220,64216,81189,0,10245,535886,166050,51541,0,114509,147985,1539626,2539353,78030,0,76071,0,0,3.0,1.0,2.0,0.0,0.0,394.3108503225807,474.090909,303.0527858387097,303.1744867741935,404.6979473548387,1.035317,45.28907754838709,1.0,1.0,1.0,1.0,none,0:1.0500|1:0.8950|2:1.0300|3:0.9050|4:0.9350|5:1.1000|6:0.8200|,,3323204,1,132300,148,31,22.63821081944676,23.14368585323328,none,403586
Atak,21,208,2011,9,1931,1741,190,9783,253,109,0,16,149,3702225,2709232,969819,227206,48600,62595,68820,0,7080,555518,2998,-81862,0,84860,88923,1104444,10053382,78030,0,89301,0,0,3.8666666666666667,1.0,2.0,0.0,0.8666666666666667,409.1666666666667,477.272727,295.28787876666667,297.4727272,417.6878786666667,1.042922,41.47992356666667,1.0,1.0,1.0,1.0,none,0:1.0500|1:0.9150|2:1.0300|3:0.9250|4:0.9500|5:1.1000|6:0.8200|,,2676438,3,132300,179,30,26.195571581954095,27.831882989816705,none,423218
Atak,21,239,2011,10,1904,1716,188,9820,251,98,0,13,145,3721990,2675781,1024751,205361,43200,65146,71641,0,0,639403,916620,593876,113575,209169,209169,1129778,10693742,78030,0,102531,0,0,3.5806451612903225,0.5806451612903226,2.0,0.0,1.0,411.466275483871,481.136364,293.39149558064514,293.7492668387097,419.83577745161296,1.050335,43.65347970967742,1.0,1.0,1.0,1.0,none,0:1.0500|1:0.9150|2:1.0300|3:0.9250|4:0.9500|5:1.1000|6:0.8200|,,2689134,3,132300,209,31,27.532341569966604,28.696101464056504,none,507103
Atak,21,269,2011,11,1908,1709,199,9986,248,131,0,21,142,3841720,2756559,1071527,156930,32400,63495,69840,0,0,748862,1081291,697428,113575,270288,270288,1352892,11624971,78030,0,115761,0,0,3.0,0.0,2.0,0.0,1.0,411.59090899999995,484.545455,294.0151515,293.86969693333333,420.96818146666664,1.058051,43.885343733333336,1.0,1.0,1.0,1.0,none,0:1.0500|1:0.9200|2:1.0300|3:0.9300|4:0.9500|5:1.1000|6:0.8200|,,2760136,3,132300,240,30,27.891855731287027,28.566169691566234,none,616562
Atak,21,300,2011,12,1899,1699,200,8886,308,141,0,13,154,3805375,2639197,1149163,242161,51480,66077,79949,0,21570,687926,-1025283,-1373769,113575,234911,234911,1119602,5043648,81281,0,129542,0,0,3.6451612903225805,0.0,2.0,0.6451612903225806,1.0,426.96480932258066,487.5,294.62316712903225,294.565982483871,433.8782992580645,1.065572,40.608881193548385,1.0,1.0,1.0,1.0,none,0:1.0500|1:0.9300|2:1.0300|3:0.9400|4:0.9500|5:1.1000|6:0.8200|,,2665880,5,137812,270,31,30.19841671320172,30.9959133174279,none,550114
Atak,21,331,2012,1,1843,1665,178,9050,235,120,0,6,159,3900270,2654098,1232483,292161,62775,66569,80538,0,0,730440,934895,414553,122867,397475,397475,1024692,5362023,81281,0,143323,0,0,4.0,0.0,2.0,1.0,1.0,429.7507328709677,491.81818200000004,288.98973606451614,290.4076246774194,436.4340175483871,1.0734,41.056119967741935,1.0,1.0,1.0,1.0,none,0:1.0500|1:0.9300|2:1.0300|3:0.9400|4:0.9500|5:1.1000|6:0.8200|,,2681270,5,137812,301,31,31.59994051693857,32.754102794913656,none,592628
Atak,21,360,2012,2,1750,1547,203,8303,250,111,0,15,158,3549095,2461656,1074009,273499,58725,62623,75777,0,0,603385,1004383,663103,0,341280,341280,1222626,6220614,81281,0,157104,0,0,4.0,0.0,2.0,1.0,1.0,429.96081499999997,494.3181819999999,297.727273,295.3307208965517,437.93887162068967,1.079586,41.52676344827586,1.0,1.0,1.0,1.0,none,0:1.0500|1:0.9300|2:1.0300|3:0.9400|4:0.9500|5:1.1000|6:0.8200|,,2481222,5,137812,332,29,30.261489196541653,30.754789131190932,none,465573
Atak,21,391,2012,3,1994,1756,238,9745,276,115,0,19,194,3990775,2785810,1188555,292361,62775,67313,74028,0,0,692078,1381443,734904,240353,406186,406186,1220098,6722679,81281,0,170885,0,0,4.0,0.0,2.0,1.0,1.0,430.0,496.590909,295.28885641935483,295.81818177419353,439.4164225483871,1.085405,42.83686570967742,1.0,1.0,1.0,1.0,none,0:1.0500|1:0.9300|2:1.0300|3:0.9400|4:0.9500|5:1.1000|6:0.8200|,,2790112,5,137812,361,31,29.782561031378616,31.328172925731433,none,554266
Atak,21,421,2012,4,1785,1609,176,8704,241,109,0,3,148,3661400,2430204,1213350,282930,60750,65502,72060,0,0,732108,1540631,806961,117433,616237,616237,1151152,7598535,81281,0,184666,0,0,4.0,0.0,2.0,1.0,1.0,440.7651518666667,499.318182,288.863636,290.4545454666667,447.0848486333333,1.09166,39.4298578,1.0,1.0,1.0,1.0,none,0:1.0500|1:0.9300|2:1.0300|3:0.9400|4:0.9500|5:1.1000|6:0.8200|,,2463258,5,137812,392,30,33.138963238105646,34.46314102268629,none,594296
Atak,21,452,2012,5,1908,1725,183,9464,229,119,0,6,155,3917565,2670528,1230836,292361,62775,68058,74865,0,0,732777,1211831,628639,118752,464440,464440,1212590,8142860,81281,0,198447,167343,0,4.0,0.0,2.0,1.0,1.0,441.136364,502.045455,300.39442816129036,298.0307918064516,448.3958944516129,1.097747,39.768873,1.0,1.0,1.0,1.0,none,0:1.0500|1:0.9300|2:1.0300|3:0.9400|4:0.9500|5:1.1000|6:0.8200|,Kaan Turan:6:15213,2676756,5,137812,422,31,31.418393823714474,31.904405831007313,none,594965
Atak,21,482,2012,6,1819,1648,171,9438,204,67,0,6,150,3590935,2430817,1148445,282930,60750,66252,83790,0,0,654723,494253,132923,2935,358395,358395,1072226,8276718,84532,0,212779,457036,0,4.0,0.0,2.0,1.0,1.0,442.3636364,505.227273,297.40909100000005,297.98939390000004,450.31666663333334,1.104074,40.414113633333336,1.0,1.0,1.0,1.0,none,0:1.0500|1:0.9300|2:1.0300|3:0.9400|4:0.9500|5:1.1000|6:0.8200|,Kaan Turan:6:15213,2452452,5,143325,453,30,31.98178190359892,32.76818740791054,none,511398
Atak,21,513,2012,7,1986,1788,198,10139,217,69,0,13,174,3929750,2647006,1255384,298361,64170,68833,87079,0,0,736941,-147062,-733598,112007,474529,474529,1263954,33722506,84532,0,227111,491629,0,4.0,0.0,2.0,1.0,1.0,443.1598238709678,508.18181799999996,296.090909,296.7771261935484,451.32844538709674,1.11023,41.399338354838704,1.0,1.0,1.0,1.0,none,0:1.0500|1:0.9300|2:1.0300|3:0.9400|4:0.9500|5:1.1000|6:0.8200|,Kaan Turan:6:15859,2701004,5,143325,483,31,31.945645397289905,33.18642777369389,none,593616
Atak,21,544,2012,8,1836,1636,200,8557,213,83,0,19,154,3473095,2258932,1199953,298561,64170,69236,87575,0,0,680411,-3772197,-4761546,530493,458856,458856,849788,24210146,84532,0,241443,950593,0,4.0,0.0,2.0,1.0,1.0,458.53372422580645,510.909091,299.18181799999996,298.2404693870968,463.247800516129,1.116629,35.232956,1.0,1.0,1.0,1.0,none,0:1.0500|1:0.9300|2:1.0300|3:0.9400|4:0.9500|5:1.1000|6:0.8200|,Kaan Turan:6:15859|Özlem Yavuz:4:38247,2245318,9,143325,514,31,34.549961921571395,34.75249426742996,none,537086
Atak,21,574,2012,9,1747,1563,184,8248,228,111,0,8,151,3701245,2428544,1257256,288930,62100,67393,74130,0,0,764703,1771884,-116090,528591,1359383,1038395,1103948,22744713,84532,0,255775,1623180,0,4.0,0.0,2.0,1.0,1.0,465.6515148,514.090909,305.9242425,304.3666667333334,470.0954543,1.123064,34.15319533333333,1.0,1.0,1.0,1.0,none,0:1.0500|1:0.9300|2:1.0300|3:0.9400|4:0.9500|5:1.1000|6:0.8200|,Kaan Turan:6:15859|Özlem Yavuz:4:38247,2475022,12,143325,545,30,33.968461963474454,34.3018904101716,none,621378
Atak,21,605,2012,10,1798,1601,197,8012,234,101,0,8,160,3476625,2213925,1247458,298561,64170,70042,77035,0,0,737650,8621095,6585729,424835,1610531,1931519,906048,28358551,84532,0,270107,1677286,0,4.0,0.0,2.0,1.0,1.0,466.43694987096774,516.818182,294.0,296.57038116129036,470.5161291612903,1.129326,34.39458264516129,1.0,1.0,1.0,1.0,none,0:1.0500|1:0.9300|2:1.0300|3:0.9400|4:0.9500|5:1.1000|6:0.8200|,Kaan Turan:6:15859|Özlem Yavuz:4:38247,2213926,12,143325,575,31,35.88129292057671,36.96897295951138,none,594325
Atak,21,635,2012,11,1703,1515,188,8001,202,109,0,2,151,3454540,2190021,1249114,288930,62100,68172,74970,0,0,754942,8572499,5782786,524703,2265010,2265010,964274,25042683,84532,0,284439,1623180,0,4.0,0.0,2.0,1.0,1.0,466.59090899999995,520.227273,295.954545,295.578788,473.83636383333334,1.135835,35.95276596666667,1.0,1.0,1.0,1.0,none,0:1.0500|1:0.9300|2:1.0300|3:0.9400|4:0.9500|5:1.1000|6:0.8200|,Kaan Turan:6:15859|Özlem Yavuz:4:38247,2191606,12,143325,606,30,36.158620250453026,36.57087197984819,none,611617
Atak,21,666,2012,12,1664,1483,181,7176,285,128,0,6,145,3710610,2372512,1321875,298561,64170,70818,85684,0,0,802642,8311462,5392535,1381,2917546,2917546,1102230,31365413,87784,0,299323,1679684,0,4.0,0.0,2.0,1.0,1.0,477.42668638709677,522.727273,307.909091,305.1979471612903,480.5938416129032,1.142168,32.04511796774194,1.0,1.0,1.0,1.0,none,0:1.0500|1:0.9300|2:1.0300|3:0.9400|4:0.9500|5:1.1000|6:0.8200|,Kaan Turan:6:15859|Özlem Yavuz:4:38247,2433528,12,148837,636,31,35.62419656067331,35.50651863847682,none,653805
Atak,21,697,2013,1,1616,1429,187,6758,204,123,0,0,153,3298195,2096105,1190686,304561,65565,71252,86180,0,0,663128,5765552,2955111,405880,2404561,2404561,1010412,107161535,87784,0,314207,1751624,0,4.0,0.0,2.0,1.0,1.0,480.05865067741934,525.454545,306.272727,306.47507312903224,482.63049861290324,1.148751,31.510658193548387,1.0,1.0,1.0,1.0,none,0:1.0500|1:0.9300|2:1.0300|3:0.9400|4:0.9500|5:1.1000|6:0.8200|,Kaan Turan:6:16562|Özlem Yavuz:4:39942,2084938,12,148837,667,31,36.10114016909249,36.200977408111896,none,514291
Atak,21,725,2013,2,1453,1280,173,6320,227,136,0,0,133,3257380,2086700,1149367,275268,59220,64749,78316,0,0,671814,-6853372,-9115879,1359434,903073,903073,1050456,51249747,87784,0,329091,1582112,0,4.0,0.0,2.0,1.0,1.0,481.5827925,528.863636,309.590909,308.26785710714285,484.84253225000003,1.155828,31.37588285714286,1.0,1.0,1.0,1.0,none,0:1.0500|1:0.9300|2:1.0300|3:0.9400|4:0.9500|5:1.1000|6:0.8200|,Kaan Turan:6:16562|Özlem Yavuz:4:39942,2111630,17,148837,698,28,35.28501433667549,35.713876446281034,none,522977
Atak,21,756,2013,3,1666,1463,203,7374,210,106,0,0,165,3299435,2104399,1184661,304761,65565,72089,79267,0,0,662979,14281998,10243027,1521929,2517042,1693391,946676,46508514,87784,0,343975,1751624,0,4.0,0.0,2.0,1.0,1.0,480.51319664516126,531.818182,305.9252199032258,307.1319648064516,485.64662751612906,1.162259,32.81621158064516,1.0,1.0,1.0,1.0,none,0:1.0500|1:0.9300|2:1.0300|3:0.9400|4:0.9500|5:1.1000|6:0.8200|,Kaan Turan:6:16562|Özlem Yavuz:4:39942,2096432,18,148837,726,31,35.90496554713155,36.333648682465075,none,514142
Atak,21,786,2013,4,1640,1430,210,6849,218,84,0,0,167,3181240,1969835,1198635,294930,63450,70184,77190,0,0,692881,20848697,14220822,1515633,5112242,5935893,910180,51188850,87784,0,358859,1695120,0,4.0,0.0,2.0,1.0,1.0,491.24242446666665,535.454545,304.136364,304.95,492.5318180333333,1.16942,30.287856733333335,1.0,1.0,1.0,1.0,none,0:1.0500|1:0.9300|2:1.0300|3:0.9400|4:0.9500|5:1.1000|6:0.8200|,Kaan Turan:6:16562|Özlem Yavuz:4:39942,2002098,18,148837,757,30,37.67823238737096,38.08833503535539,none,544044
Atak,21,817,2013,5,1615,1430,185,6788,220,109,0,0,142,3147700,1984490,1145922,304761,65565,72957,80228,0,0,622411,20420718,13649777,1509236,5261705,5261705,860706,62786166,87784,0,373743,1751624,0,4.0,0.0,2.0,1.0,1.0,492.57331416129034,538.409091,312.863636,310.4413489354839,495.7302050645161,1.176391,31.206895451612905,1.0,1.0,1.0,1.0,none,0:1.0500|1:0.9300|2:1.0300|3:0.9400|4:0.9500|5:1.1000|6:0.8200|,Kaan Turan:6:16562|Özlem Yavuz:4:39942,2027526,18,148837,787,31,36.405057661149414,36.48384372330114,none,473574
Atak,21,847,2013,6,1646,1470,176,6945,196,75,0,3,147,3106865,1942314,1148816,294930,63450,71024,89850,0,0,629562,17821512,10085922,1503022,6232568,4999004,944814,70878122,92660,0,389453,1697651,0,4.0,0.0,2.0,1.0,1.0,496.3939393333333,542.045455,314.363636,313.01666659999995,498.95909083333333,1.183639,30.595448733333335,1.0,1.0,1.0,1.0,none,0:1.0500|1:0.9300|2:1.0300|3:0.9400|4:0.9500|5:1.1000|6:0.8200|,Kaan Turan:6:16562|Özlem Yavuz:4:39942,1977032,18,157106,818,30,36.97669515733706,36.67053300002082,none,472456
Atak,21,878,2013,7,1739,1553,186,7709,172,101,0,0,155,3325250,2099449,1207426,313761,67642,73826,93372,0,0,658825,16388122,10273988,1499913,4614221,5847785,955044,74582951,92660,0,405163,1830085,0,4.0,0.0,2.0,1.0,1.0,496.14369474193546,545.0,318.18181799999996,316.37536658064516,498.82844561290324,1.190696,30.023310612903224,1.0,1.0,1.0,1.0,none,0:1.0500|1:0.9300|2:1.0300|3:0.9400|4:0.9500|5:1.1000|6:0.8200|,Kaan Turan:6:17303|Özlem Yavuz:4:41732,2103618,18,157106,848,31,36.31083377189685,35.86901912247433,none,501719
Atak,21,909,2013,8,1619,1454,165,6905,181,62,0,3,139,3100235,1932480,1153935,314061,67642,74291,93961,0,0,603980,15522969,9414682,1493244,4615043,4615043,826360,70915341,92660,0,420873,1830085,0,4.0,0.0,2.0,1.0,1.0,509.1715544193548,549.090909,320.18181799999996,318.79765383870966,508.02639283870974,1.198032,28.505095225806453,1.0,1.0,1.0,1.0,none,0:1.0500|1:0.9300|2:1.0300|3:0.9400|4:0.9500|5:1.1000|6:0.8200|,Kaan Turan:6:17303|Özlem Yavuz:4:41732,1950196,19,157106,879,31,37.22088809396707,37.11710420172107,none,446874
Atak,21,939,2013,9,1536,1339,197,6193,223,77,0,0,159,3202690,1994247,1188478,303930,65460,72344,79560,0,0,667184,23756722,16622639,2700,7131383,7131383,1003296,80493913,92660,0,436583,1771050,0,4.0,0.0,2.0,1.0,1.0,506.13636349999996,551.590909,314.5,316.0651514666667,507.8984848333333,1.205414,28.89574256666667,1.0,1.0,1.0,1.0,none,0:1.0500|1:0.9300|2:1.0300|3:0.9400|4:0.9500|5:1.1000|6:0.8200|,Kaan Turan:6:17303|Özlem Yavuz:4:41732,2032860,19,157106,910,30,37.10874296294677,37.86259540310622,none,510078
Atak,21,970,2013,10,1569,1378,191,6504,244,68,0,0,157,3261865,2018809,1228381,314061,67642,75190,82708,0,0,688780,26086537,18480646,1294821,6311070,6311070,921828,86598415,92660,0,452293,1830085,0,4.0,0.0,2.0,1.0,1.0,510.0513199032259,555.227273,318.227273,316.91202345161287,511.0410558064516,1.2126,28.82298570967742,1.0,1.0,1.0,1.0,none,0:1.0500|1:0.9300|2:1.0300|3:0.9400|4:0.9500|5:1.1000|6:0.8200|,Kaan Turan:6:17303|Özlem Yavuz:4:41732,2016942,19,157106,940,31,37.65885467362996,37.60877374841838,none,531674
Atak,21,1000,2013,11,1677,1467,210,6961,260,85,0,0,177,3509675,2184085,1305767,303930,65460,73215,80520,0,0,782642,31268473,23303254,1274958,6690261,6690261,951664,88351854,92660,0,468003,1771050,0,4.0,0.0,2.0,1.0,1.0,510.6363635,558.409091,317.818182,317.3909091,514.2454543333333,1.220071,29.6284402,1.0,1.0,1.0,1.0,none,0:1.0500|1:0.9300|2:1.0300|3:0.9400|4:0.9500|5:1.1000|6:0.8200|,Kaan Turan:6:17303|Özlem Yavuz:4:41732,2202302,19,157106,971,30,37.20478391873891,37.76037025220591,none,625536
Atak,21,1031,2013,12,1524,1328,196,5754,329,87,0,0,146,3366920,2040284,1315259,314061,67642,76120,92070,0,0,765366,29347919,19353707,1254839,8739373,8739373,902754,90433282,95911,0,484264,1832844,0,4.0,0.0,2.0,1.0,1.0,522.5586505806452,562.045455,315.909091,316.5205275806452,519.3093838709677,1.227345,27.53410283870968,1.0,1.0,1.0,1.0,none,0:1.0500|1:0.9300|2:1.0300|3:0.9400|4:0.9500|5:1.1000|6:0.8200|,Kaan Turan:6:17303|Özlem Yavuz:4:41732,2056806,20,162619,1001,31,39.064159528589926,39.54571594040687,none,602747
Atak,21,1062,2014,1,1537,1340,197,6077,293,86,0,0,162,3666515,2299574,1350488,320061,69037,76586,92628,0,0,792176,22849585,14807189,1234461,6807935,6807935,981642,102827345,95911,0,500525,1915614,0,4.0,0.0,2.0,1.0,1.0,522.7712608387096,565.227273,327.636364,324.6803518064516,521.5586511612903,1.234907,27.64433583870968,1.0,1.0,1.0,1.0,none,0:1.0500|1:0.9300|2:1.0300|3:0.9400|4:0.9500|5:1.1000|6:0.8200|,Kaan Turan:6:18112|Özlem Yavuz:4:43682,2322126,20,162619,1032,31,36.833014456507065,37.32701306602898,none,629557
Atak,21,1090,2014,2,1564,1339,225,6004,311,95,0,3,186,3525920,2181175,1329389,289268,62356,69623,84224,0,0,823918,13773582,6469685,1213819,6090078,6090078,1079004,108202197,95911,0,516786,1730232,0,4.0,0.0,2.0,1.0,1.0,524.7564937857143,569.545455,321.863636,323.13311699999997,525.1071428214285,1.243005,27.856679928571427,1.0,1.0,1.0,1.0,none,0:1.0500|1:0.9300|2:1.0300|3:0.9400|4:0.9500|5:1.1000|6:0.8200|,Kaan Turan:6:18112|Özlem Yavuz:4:43682,2205408,21,162619,1063,28,37.703322820710625,38.664191903943575,none,661299
Atak,21,1121,2014,3,1741,1504,237,6618,276,75,0,3,206,3541200,2217885,1303674,320261,69037,77547,85281,0,0,751548,25577933,15611721,1192913,8773299,8773299,914936,108827945,95911,0,533047,1915614,0,4.0,0.0,2.0,1.0,1.0,524.3841643548387,572.954545,329.409091,327.3504398387097,527.4692083870967,1.250366,28.69096212903226,1.0,1.0,1.0,1.0,none,0:1.0500|1:0.9300|2:1.0300|3:0.9400|4:0.9500|5:1.1000|6:0.8200|,Kaan Turan:6:18112|Özlem Yavuz:4:43682,2255096,21,162619,1091,31,36.814469671297864,37.18172412676131,none,588929
Atak,21,1151,2014,4,1693,1451,242,6667,301,96,0,0,185,3650030,2261539,1371520,309930,66810,75526,83070,0,0,836184,26007115,17113524,1171737,7721854,7721854,1114574,121616720,95911,0,549308,1853820,0,4.0,0.0,2.0,1.0,1.0,536.0606061666666,575.454545,333.045455,331.2818181666667,531.689394,1.258565,26.6737854,1.0,1.0,1.0,1.0,none,0:1.0500|1:0.9300|2:1.0300|3:0.9400|4:0.9500|5:1.1000|6:0.8200|,Kaan Turan:6:18112|Özlem Yavuz:4:43682,2290068,21,162619,1122,30,37.575581570562434,37.87167884213957,none,673565
Atak,21,1182,2014,5,1828,1591,237,7227,286,82,0,2,196,3959100,2469802,1474762,320261,69037,78540,86366,0,0,920558,27389288,19251469,1150286,6987533,6987533,987156,116298616,95911,0,565569,1915614,0,4.0,0.0,2.0,1.0,1.0,534.4208209032258,579.772727,331.81818200000004,331.8123166129032,534.3841642580645,1.266552,28.118031806451615,1.0,1.0,1.0,1.0,none,0:1.0500|1:0.9250|2:1.0300|3:0.9350|4:0.9450|5:1.1000|6:0.8200|,Kaan Turan:6:18112|Özlem Yavuz:4:43682,2471028,22,162619,1152,31,37.24993053976914,37.91069340464816,none,757939
Atak,21,1212,2014,6,1749,1544,205,7376,247,54,0,4,176,3527835,2188739,1327666,309930,66810,76516,96750,0,0,777660,27584247,15861740,1128561,10593946,10593946,930906,130530230,100789,0,582658,1856740,0,4.0,0.0,2.0,1.0,1.0,535.7424245333333,582.954545,335.4772729333334,333.9272726666667,536.5863636333333,1.274857,29.165066366666668,1.0,1.0,1.0,1.0,none,0:1.0500|1:0.9250|2:1.0300|3:0.9350|4:0.9450|5:1.1000|6:0.8200|,Kaan Turan:6:18112|Özlem Yavuz:4:43682,2213808,22,170887,1183,30,37.634016330128816,37.38086483900243,none,606773
Atak,21,1243,2014,7,1908,1699,209,8011,238,87,0,9,184,3985100,2527477,1436986,329261,71145,79563,100626,0,0,856391,19427536,12382125,0,7045411,7045411,1099002,130507494,100789,0,599747,2006134,0,4.0,0.0,2.0,1.0,1.0,538.6510263548387,587.954545,343.68328438709676,341.39589438709675,541.4193551290323,1.282947,29.555037032258063,1.0,1.0,1.0,1.0,none,0:1.0500|1:0.9250|2:1.0300|3:0.9350|4:0.9450|5:1.1000|6:0.8200|,Kaan Turan:6:18968|Özlem Yavuz:4:45746,2562504,23,170887,1213,31,36.058969661990915,36.19555749983962,none,685504
Atak,21,1274,2014,8,1822,1579,243,7416,203,39,0,10,205,3685710,2289321,1375950,329561,71145,80090,101277,0,0,793877,24930307,14197940,1201505,9530862,7277700,1072356,132879447,100789,0,616836,2006134,0,4.0,0.0,2.0,1.0,1.0,544.8167153870968,590.681818,335.454545,337.5058650645162,545.052786,1.291361,28.60888,1.0,1.0,1.0,1.0,none,0:1.0500|1:0.9300|2:1.0300|3:0.9400|4:0.9500|5:1.1000|6:0.8200|,Kaan Turan:6:18968|Özlem Yavuz:4:45746,2308446,24,170887,1244,31,37.332020153511806,38.428000550303096,none,622990
Atak,21,1304,2014,9,1698,1516,182,6902,246,90,0,0,159,3972985,2514486,1441339,318930,68850,78016,85800,0,0,889743,32648374,22070842,1187432,9390100,11643262,1137662,145770503,100789,0,633925,1941420,0,4.0,0.0,2.0,1.0,1.0,547.727273,594.3181820000001,347.90909100000005,344.9257576,548.5712118333335,1.299829,29.546423166666667,1.0,1.0,1.0,1.0,none,0:1.0500|1:0.9300|2:1.0300|3:0.9400|4:0.9500|5:1.1000|6:0.8200|,Kaan Turan:6:18968|Özlem Yavuz:4:45746,2545680,24,170887,1275,30,36.27849085762972,36.481327815859906,none,718856
Atak,21,1335,2014,10,1816,1594,222,7627,240,96,0,3,195,4327830,2678493,1627464,329561,71145,81113,89218,0,0,1056427,37764580,26568211,1169054,10027315,10027315,1169038,145385695,100789,0,651014,2006134,0,4.0,0.0,2.0,1.0,1.0,550.4032257741935,599.318182,337.590909,339.9413489354839,552.0527859032259,1.308077,29.887589032258067,1.0,1.0,1.0,1.0,none,0:1.0500|1:0.9300|2:1.0300|3:0.9400|4:0.9500|5:1.1000|6:0.8200|,Kaan Turan:6:18968|Özlem Yavuz:4:45746,2673288,24,170887,1305,31,37.60461940510602,38.66480187772394,none,885540
Atak,21,1365,2014,11,1781,1548,233,7004,260,94,0,8,193,3863250,2433026,1416957,318930,68850,79007,86910,0,0,863260,41064991,27914322,1150423,12000246,9237313,1079166,142467725,100789,0,668103,1941420,0,4.0,0.0,2.0,1.0,1.0,552.2272724666667,602.272727,350.09090899999995,347.00000009999997,554.9030302333334,1.316655,29.519243766666666,1.0,1.0,1.0,1.0,none,0:1.0500|1:0.9300|2:1.0300|3:0.9400|4:0.9500|5:1.1000|6:0.8200|,Kaan Turan:6:18968|Özlem Yavuz:4:45746,2460948,24,170887,1336,30,36.67784896136673,36.603835693186994,none,692373
Atak,21,1396,2014,12,1685,1457,228,6639,278,115,0,2,186,4070515,2524320,1528667,329561,71145,82167,99417,0,0,946377,44797804,31897712,1131537,11768555,14531488,1191012,164479402,105665,0,686018,2009314,0,4.0,0.0,2.0,1.0,1.0,564.4648093548387,606.818182,349.727273,349.1143697096774,561.5718473548388,1.32501,27.397772580645164,1.0,1.0,1.0,1.0,none,0:1.0500|1:0.9300|2:1.0300|3:0.9400|4:0.9500|5:1.1000|6:0.8200|,Kaan Turan:6:18968|Özlem Yavuz:4:45746,2544840,24,179156,1366,31,37.554633750274846,38.04267915306808,none,767221
Atak,21,1427,2015,1,1731,1490,241,6880,250,129,0,0,204,4106785,2544518,1542641,389861,84778,82696,100068,0,29403,855835,15833479,6410741,1112392,8310346,8310346,1081190,158699584,105665,0,703933,2104714,0,4.0,0.0,2.0,1.0,1.0,563.475073516129,610.227273,348.4193549354839,348.6275658709677,562.8137828387097,1.3337,26.209328032258064,1.0,1.0,1.0,1.0,none,0:1.0500|1:0.9300|2:1.0300|3:0.9400|4:0.9500|5:1.1000|6:0.8200|,Kaan Turan:6:19900|Özlem Yavuz:4:47994,2556804,27,179156,1397,31,37.56322768296855,38.165968414304544,none,676679
Atak,21,1455,2015,2,1486,1276,210,5848,238,94,0,0,187,3550430,2219924,1310241,359268,78120,75225,91000,0,0,706628,23661024,12694787,1092985,9873252,9873252,1169790,170271979,105665,0,721848,1901032,0,4.0,0.0,2.0,1.0,1.0,566.4610388214286,614.5454550000001,356.863636,354.3246752857143,567.0064937142857,1.342972,25.502852285714287,1.0,1.0,1.0,1.0,none,0:1.0500|1:0.9300|2:1.0300|3:0.9400|4:0.9500|5:1.1000|6:0.8200|,Kaan Turan:6:19900|Özlem Yavuz:4:47994,2258226,28,179156,1428,28,36.90372715417569,37.00120369399353,none,527472
Atak,21,1486,2015,3,1603,1396,207,6438,281,76,0,0,178,3701725,2297381,1388003,397761,86490,83812,92163,0,0,727777,42590777,28500824,1949,14088004,14088004,1007596,179084720,105665,0,739763,2104714,0,4.0,0.0,2.0,1.0,1.0,568.9589441290324,618.409091,350.636364,352.31818190322576,568.7170089032257,1.351403,26.287193838709676,1.0,1.0,1.0,1.0,none,0:1.0500|1:0.9300|2:1.0300|3:0.9400|4:0.9500|5:1.1000|6:0.8200|,Kaan Turan:6:19900|Özlem Yavuz:4:47994,2313862,28,179156,1456,31,37.49611329852974,38.37229072182749,none,548621
Atak,21,1516,2015,4,1655,1403,252,6502,282,54,0,0,216,3729180,2302669,1402002,384930,83700,81678,89820,0,0,761874,44623660,30759265,1160653,12703742,12703742,1033406,194456999,105665,0,757678,2036820,0,4.0,0.0,2.0,1.0,1.0,573.3787877666667,622.954545,353.363636,352.76818153333335,574.4772728333334,1.360799,26.066595866666667,1.0,1.0,1.0,1.0,none,0:1.0500|1:0.9300|2:1.0300|3:0.9400|4:0.9500|5:1.1000|6:0.8200|,Kaan Turan:6:19900|Özlem Yavuz:4:47994,2348380,28,179156,1487,30,37.595449938056085,38.37169362745953,none,582718
Atak,21,1547,2015,5,1723,1462,261,6887,231,90,0,2,217,3885904,2384020,1481206,397761,86490,84959,93434,0,356,818206,40067724,23847447,1143492,15076785,12706626,960566,197510128,105665,0,775593,2104714,0,4.0,0.0,2.0,1.0,1.0,577.5439884193548,626.818182,353.545455,353.1041058709677,579.2595308709678,1.369954,26.374170612903225,1.0,1.0,1.0,1.0,none,0:1.0500|1:0.9300|2:1.0300|3:0.9400|4:0.9500|5:1.1000|6:0.8200|,Kaan Turan:6:19900|Özlem Yavuz:4:47994,2405652,29,179156,1517,31,38.11741103228489,38.784670589750725,none,639050
Atak,21,1577,2015,6,1745,1494,251,7188,218,61,0,3,217,3697001,2247745,1427805,384930,83700,82789,104700,0,344,771342,44747130,30292420,1126082,13328628,15698787,989868,212069139,110542,0,794335,2040195,0,4.0,0.0,2.0,1.0,1.0,580.6818179999999,632.045455,354.88181840000004,354.3863636,582.0742423666667,1.379479,27.418897533333332,1.0,1.0,1.0,1.0,none,0:1.0500|1:0.9300|2:1.0300|3:0.9400|4:0.9500|5:1.1000|6:0.8200|,Kaan Turan:6:19900|Özlem Yavuz:4:47994,2271222,30,187425,1548,30,38.62062790894566,38.88532283957269,none,583917
Atak,21,1608,2015,7,1731,1477,254,6949,221,47,0,4,222,3644092,2244604,1380032,406761,88567,86137,108934,0,744,688889,40097600,26712878,1108419,12276303,12276303,905280,225379497,110542,0,813077,2209339,0,4.0,0.0,2.0,1.0,1.0,584.9926688709677,635.227273,362.272727,359.69501467741935,586.3563049354839,1.38876,26.052321451612904,1.0,1.0,1.0,1.0,none,0:1.0500|1:0.9300|2:1.0300|3:0.9400|4:0.9500|5:1.1000|6:0.8200|,Kaan Turan:6:20889|Özlem Yavuz:4:50381,2279664,30,187425,1578,31,37.8703940515223,38.07226205087593,none,501464
Atak,21,1639,2015,8,1710,1466,244,6949,223,42,0,3,213,3726083,2317867,1385369,407061,88567,86726,109678,0,1254,692083,34186177,18366763,1090499,14728915,14728915,1017618,217298030,110542,0,831819,2209339,0,4.0,0.0,2.0,1.0,1.0,591.7228743548387,640.909091,370.272727,367.5190616451613,592.774193516129,1.398416,26.357306516129032,1.0,1.0,1.0,1.0,none,0:1.0500|1:0.9300|2:1.0300|3:0.9400|4:0.9500|5:1.1000|6:0.8200|,Kaan Turan:6:20889|Özlem Yavuz:4:50381,2340106,32,187425,1609,31,37.18030435714932,37.42463861926717,none,504658
Atak,21,1669,2015,9,1661,1440,221,6491,254,110,0,3,182,3972662,2493629,1455414,393930,85710,84499,92940,0,1603,796732,59966024,44753268,0,15212756,15212756,1026136,220769215,110542,0,850561,2138070,0,4.0,0.0,2.0,1.0,1.0,592.045455,644.090909,368.727273,368.81969673333333,594.4909089,1.408139,26.45111746666667,1.0,1.0,1.0,1.0,none,0:1.0500|1:0.9300|2:1.0300|3:0.9400|4:0.9500|5:1.1000|6:0.8200|,Kaan Turan:6:20889|Özlem Yavuz:4:50381,2529048,32,187425,1640,30,36.63573694414476,37.71976967545506,none,609307
Atak,21,1700,2015,10,1719,1504,215,6881,255,96,0,0,189,4260550,2612389,1628314,407061,88567,87905,96689,0,884,947208,55829204,39055372,1093765,15680067,15680067,1109636,244908401,110542,0,869303,2209339,0,4.0,0.0,2.0,1.0,1.0,598.9076246129033,648.8636359999999,367.090909,367.5615834516129,600.3988270645161,1.417612,25.98049122580645,1.0,1.0,1.0,1.0,none,0:1.0500|1:0.9300|2:1.0300|3:0.9400|4:0.9500|5:1.1000|6:0.8200|,Kaan Turan:6:20889|Özlem Yavuz:4:50381,2620176,32,187425,1670,31,38.2183990329887,38.70658947825805,none,759783
Atak,21,1730,2015,11,1651,1405,246,6582,206,103,0,0,212,3955591,2409411,1526633,393930,85710,85669,94200,0,1048,866076,69473371,49213464,1082302,19177605,19177605,1122472,218768374,110542,0,888045,2138070,0,4.0,0.0,2.0,1.0,1.0,603.4242427,653.863636,367.09090899999995,367.318182,604.0439392666667,1.427469,25.761398233333335,1.0,1.0,1.0,1.0,none,0:1.0500|1:0.9300|2:1.0300|3:0.9400|4:0.9500|5:1.1000|6:0.8200|,Kaan Turan:6:20889|Özlem Yavuz:4:50381,2449888,32,187425,1701,30,38.594308663357765,39.165369399567886,none,678651
Atak,21,1761,2015,12,1670,1430,240,6538,226,115,0,0,209,4102731,2525724,1556788,407061,88567,89114,107818,0,465,863763,75105363,54757524,1065832,19282007,19282007,1138388,264193697,117045,0,907890,2213029,0,4.0,0.0,2.0,1.0,1.0,604.7287388709677,658.181818,374.636364,372.3020528709677,606.8665686451612,1.437072,26.277815870967743,1.0,1.0,1.0,1.0,none,0:1.0500|1:0.9300|2:1.0300|3:0.9400|4:0.9500|5:1.1000|6:0.8200|,Kaan Turan:6:20889|Özlem Yavuz:4:50381,2513180,32,198450,1731,31,37.9451638433034,38.04885729435509,none,665313
Atak,21,1792,2016,1,1674,1409,265,6541,307,96,0,2,219,4551659,2780002,1761697,419061,91357,89735,108562,0,432,1052550,19657458,1432717,1049123,17175618,14182472,1214508,269999160,117045,0,927735,2323729,0,4.0,0.0,2.0,1.0,1.0,608.8563051290323,662.272727,373.31818200000004,373.2228737419355,611.7697948387097,1.447064,25.730137032258064,1.0,1.0,1.0,1.0,none,0:1.0500|1:0.9300|2:1.0300|3:0.9400|4:0.9500|5:1.1000|6:0.8200|,Kaan Turan:6:21970|Özlem Yavuz:4:52989,2791836,35,198450,1762,31,38.70450312732127,38.68533858397273,none,854100
Atak,21,1821,2016,2,1596,1336,260,6198,256,69,0,0,224,4103919,2505008,1584304,392399,85463,84555,102312,0,411,919164,22978740,6259769,1032171,15686800,18679946,1181286,289072598,117045,0,947580,2173811,0,4.0,0.0,2.0,1.0,1.0,615.7445142413793,667.272727,377.6818180000001,376.03448272413794,616.2257052068966,1.4576940000000003,26.088526172413793,1.0,1.0,1.0,1.0,none,0:1.0500|1:0.9300|2:1.0300|3:0.9400|4:0.9500|5:1.1000|6:0.8200|,Kaan Turan:6:21970|Özlem Yavuz:4:52989,2557720,37,198450,1793,29,38.60466056956777,38.66257688624015,none,720714
Atak,21,1852,2016,3,1800,1540,260,7229,221,74,0,4,230,4654494,2933541,1698787,419461,91357,91007,100099,0,461,996402,58569776,42855743,3026,15711007,15711007,1297236,270878511,117045,0,967425,2323729,0,4.0,0.0,2.0,1.0,1.0,613.7976540967742,671.1363640000001,387.272727,384.57917896774194,616.7712608709677,1.467709,27.32988687096774,1.0,1.0,1.0,1.0,none,0:1.0500|1:0.9300|2:1.0300|3:0.9400|4:0.9500|5:1.1000|6:0.8200|,Kaan Turan:6:21970|Özlem Yavuz:4:52989,2990304,39,198450,1822,31,36.49778042468204,36.90547293311408,none,797952
Atak,21,1882,2016,4,1605,1318,287,6281,295,67,0,0,240,3940321,2406662,1513554,405930,88410,88731,97590,0,596,832297,67766364,47198078,1034849,19533437,19533437,1164612,288327273,117045,0,987270,2248770,0,4.0,0.0,2.0,1.0,1.0,637.9772725333333,676.590909,391.454545,389.45909093333336,636.2075756,1.4784910000000002,24.5946073,1.0,1.0,1.0,1.0,none,0:1.0500|1:0.9300|2:1.0300|3:0.9400|4:0.9500|5:1.1000|6:0.8200|,Kaan Turan:6:21970|Özlem Yavuz:4:52989,2431032,39,198450,1853,30,38.4119466408955,38.641302464337066,none,633847
Atak,21,1913,2016,5,1679,1402,277,6509,276,95,0,0,229,3955133,2409487,1524962,419461,91357,92340,101556,0,993,819255,76288354,49035781,1019483,26233090,26233090,1055048,310514183,117045,0,1007115,2323729,0,4.0,0.0,2.0,1.0,1.0,647.8445746129032,680.909091,394.772727,392.95894419354835,640.6363637741935,1.489001,24.01716364516129,1.0,1.0,1.0,1.0,none,0:1.0500|1:0.9300|2:1.0300|3:0.9400|4:0.9500|5:1.1000|6:0.8200|,Kaan Turan:6:21970|Özlem Yavuz:4:52989,2396266,39,198450,1883,31,38.55652894605567,39.063667047627504,none,620805
Atak,21,1943,2016,6,1699,1416,283,6888,230,62,0,0,234,3834478,2331197,1480422,405930,88410,90021,113850,0,786,781425,62845780,40355370,1003894,21486516,21486516,1050170,335023371,123547,0,1028062,2252681,0,4.0,0.0,2.0,1.0,1.0,649.772727,685.6818179999999,394.59090899999995,393.7681816,647.8242421,1.499939,25.1655562,1.0,1.0,1.0,1.0,none,0:1.0500|1:0.9300|2:1.0300|3:0.9400|4:0.9500|5:1.1000|6:0.8200|,Kaan Turan:6:21970|Özlem Yavuz:4:52989,2405318,40,209475,1914,30,38.608175610865416,39.27247288112172,none,571950
Atak,21,1974,2016,7,1750,1471,279,7253,228,59,0,5,231,4094748,2460676,1619260,431461,94147,93673,118482,0,948,880549,53837372,30890116,988080,21959176,17125087,1087158,349594904,123547,0,1049009,2846210,0,4.0,0.0,2.0,1.0,1.0,652.8445748709677,692.045455,393.045455,393.3607036129032,652.4721408709677,1.510601,25.079362225806452,1.0,1.0,1.0,1.0,none,0:1.0500|1:0.9300|2:1.0300|3:0.9400|4:0.9500|5:1.1000|6:0.8200|,Kaan Turan:6:23117|Özlem Yavuz:4:55753|Barış Soylu:1:14330,2463054,41,209475,1944,31,39.544802268662195,39.79494199248205,none,671074
Atak,21,2005,2016,8,1727,1458,269,7016,222,48,0,0,237,3865954,2337550,1509427,431861,94147,94356,119350,0,538,769175,49495737,28606311,972034,19917392,24751481,1100286,364826499,123547,0,1069956,2889200,0,4.0,0.0,2.0,1.0,1.0,657.5953080967741,696.590909,397.909091,396.06451612903226,656.9633429677419,1.521698,26.05313964516129,1.0,1.0,1.0,1.0,none,0:1.0500|1:0.9300|2:1.0300|3:0.9400|4:0.9500|5:1.1000|6:0.8200|,Kaan Turan:6:23117|Özlem Yavuz:4:55753|Barış Soylu:1:14330,2381968,44,209475,1975,31,39.04410140420708,39.49027827591461,none,559700
Atak,21,2035,2016,9,1608,1375,233,6700,216,53,0,0,214,4261235,2557388,1685291,417930,91110,92002,101160,0,0,983089,76817904,54994167,955756,20867981,20867981,1286028,355799721,123547,0,1090903,2796000,0,4.0,0.0,2.0,1.0,1.0,664.6818184666666,702.272727,396.6272726,396.62121229999997,663.2863634,1.5328759999999997,26.903828933333333,1.0,1.0,1.0,1.0,none,0:1.0500|1:0.9300|2:1.0300|3:0.9400|4:0.9500|5:1.1000|6:0.8200|,Kaan Turan:6:23117|Özlem Yavuz:4:55753|Barış Soylu:1:14330,2557218,46,209475,2006,30,39.54935599655968,40.32825006181652,none,773614
Atak,21,2066,2016,10,1622,1360,262,6204,307,60,0,0,217,4070127,2391983,1661819,431861,94147,95750,105276,0,541,934244,88811321,58218156,395,30592770,30592770,1067238,375834609,123547,0,1111850,2889200,0,4.0,0.0,2.0,1.0,1.0,672.3900292580646,706.1363640000001,393.03665667741933,394.2697947741936,665.8944278709678,1.543772,24.883617451612903,1.0,1.0,1.0,1.0,none,0:1.0500|1:0.9300|2:1.0300|3:0.9400|4:0.9500|5:1.1000|6:0.8200|,Kaan Turan:6:23117|Özlem Yavuz:4:55753|Barış Soylu:1:14330,2407368,46,209475,2036,31,40.82965961504395,41.54632883073715,none,724769
Atak,21,2096,2016,11,1606,1339,267,6241,288,57,0,0,211,4126144,2424152,1688470,417930,91110,93322,102630,0,999,982479,113891377,88957687,957624,23976066,23976066,1172786,331444874,123547,0,1132797,2796000,0,4.0,0.0,2.0,1.0,1.0,676.9545454,712.272727,397.545455,396.16060600000003,671.5772727333333,1.555113,24.869447233333336,1.0,1.0,1.0,1.0,none,0:1.0500|1:0.9300|2:1.0300|3:0.9400|4:0.9500|5:1.1000|6:0.8200|,Kaan Turan:6:23117|Özlem Yavuz:4:55753|Barış Soylu:1:14330,2476830,46,209475,2067,30,40.92125723193374,41.27442415426908,none,773004
Atak,21,2127,2016,12,1640,1344,296,6083,296,72,0,3,239,4063030,2414535,1630546,431861,94147,97115,117490,0,602,889331,125892990,94325958,943708,30623324,30623324,1087356,393768785,130050,0,1154847,2894891,0,4.0,0.0,2.0,1.0,1.0,676.5982406451614,716.1363640000001,401.954545,399.9281525806452,674.611437064516,1.566167,25.05445038709677,1.0,1.0,1.0,1.0,none,0:1.0500|1:0.9300|2:1.0300|3:0.9400|4:0.9500|5:1.1000|6:0.8200|,Kaan Turan:6:23117|Özlem Yavuz:4:55753|Barış Soylu:1:14330,2404674,46,220500,2097,31,40.13128133437361,40.591843009121405,none,668831
Atak,21,2158,2017,1,1640,1386,254,6512,271,115,0,0,205,4736090,2850760,1864504,443861,96937,97833,118358,0,0,1107515,33752647,4524849,934484,28293314,28293314,1236676,427694787,130050,0,1176897,3920462,0,4.0,0.0,2.0,1.0,1.0,687.9912023225806,722.5,413.6422288387096,410.30791787096774,682.4105571935484,1.577672,24.658904806451613,1.0,1.0,1.0,1.0,none,0:1.0500|1:0.9300|2:1.0300|3:0.9400|4:0.9500|5:1.1000|6:0.8200|,Kaan Turan:6:24528|Özlem Yavuz:4:59156|Barış Soylu:1:15206|Hülya Uçar:1:17092|Yusuf Yıldırım:1:15983|Nazlı Kocabaş:1:14983|Dilek Kaya:2:32075,2888168,48,220500,2128,31,39.36800187496437,39.87681420310316,none,887015
Atak,21,2186,2017,2,1478,1200,278,5492,241,90,0,0,230,4030156,2420622,1590299,401268,87556,89150,107856,0,498,903971,18675290,-2870462,919779,20625973,20625973,1095432,438864876,130050,0,1198947,5012672,0,4.0,0.0,2.0,1.0,1.0,696.12013025,729.0909089999999,417.409091,415.3360389285714,689.2987015714285,1.591718,24.054622107142855,1.0,1.0,1.0,1.0,none,0:1.0500|1:0.9300|2:1.0300|3:0.9400|4:0.9500|5:1.1000|6:0.8200|,Kaan Turan:6:24528|Özlem Yavuz:4:59156|Barış Soylu:1:15206|Hülya Uçar:1:17092|Yusuf Yıldırım:1:15983|Nazlı Kocabaş:1:14983|Dilek Kaya:2:32075,2444322,54,220500,2159,28,39.45998616430729,40.037778989368626,none,683471
Atak,21,2217,2017,3,1584,1312,272,6037,269,46,0,0,244,4005418,2392017,1598752,444261,96937,99508,109430,0,531,848085,89989620,64651936,904861,24432823,24432823,1094164,421913218,130050,0,1220997,5549744,0,4.0,0.0,2.0,1.0,1.0,698.2258067741935,733.8636359999999,416.750733,416.3152492580645,691.8739004516129,1.604512,23.89204041935484,1.0,1.0,1.0,1.0,none,0:1.0500|1:0.9300|2:1.0300|3:0.9400|4:0.9500|5:1.1000|6:0.8200|,Kaan Turan:6:24528|Özlem Yavuz:4:59156|Barış Soylu:1:15206|Hülya Uçar:1:17092|Yusuf Yıldırım:1:15983|Nazlı Kocabaş:1:14983|Dilek Kaya:2:32075,2440734,55,220500,2187,31,39.914735490777744,40.3129003602158,none,627585
Atak,21,2247,2017,4,1560,1272,288,5876,271,48,0,2,258,3891878,2336359,1530238,429930,93810,97167,106830,0,413,802088,92197508,55874995,3738,36318775,28843874,1061448,456468927,130050,0,1243047,5370720,0,4.0,0.0,2.0,1.0,1.0,701.2348483333334,740.6818179999999,422.59090899999995,420.0363635333333,701.0848484666666,1.618797,24.480052466666667,1.0,1.0,1.0,1.0,none,0:1.0500|1:0.9300|2:1.0300|3:0.9400|4:0.9500|5:1.1000|6:0.8200|,Kaan Turan:6:24528|Özlem Yavuz:4:59156|Barış Soylu:1:15206|Hülya Uçar:1:17092|Yusuf Yıldırım:1:15983|Nazlı Kocabaş:1:14983|Dilek Kaya:2:32075,2341656,55,220500,2218,30,39.318755623891605,39.736179682969706,none,581588
Atak,21,2278,2017,5,1570,1270,300,6111,280,64,0,2,251,4125645,2475398,1629339,444261,96937,101245,111352,0,977,874567,108404290,76564904,1010332,30829054,38303955,1063430,486330895,130050,0,1265097,5549744,0,4.0,0.0,2.0,1.0,1.0,700.2565982580645,747.272727,421.590909,421.15982422580646,700.2434017419355,1.632742,24.712389774193547,1.0,1.0,1.0,1.0,none,0:1.0500|1:0.9300|2:1.0300|3:0.9400|4:0.9500|5:1.1000|6:0.8200|,Kaan Turan:6:24528|Özlem Yavuz:4:59156|Barış Soylu:1:15206|Hülya Uçar:1:17092|Yusuf Yıldırım:1:15983|Nazlı Kocabaş:1:14983|Dilek Kaya:2:32075,2530424,55,220500,2248,31,39.492952011140076,39.794796643296785,none,654067
Atak,21,2308,2017,6,1712,1404,308,6996,217,76,0,5,261,4294335,2546819,1727110,429930,93810,98878,125040,0,1146,978306,85989957,55074993,995920,29919044,29919044,1109596,494206311,138178,0,1288525,5926223,0,4.0,0.0,2.0,1.0,1.0,709.3181818666667,754.3181820000001,420.181818,420.6151514,709.3348483999999,1.647278,25.998918566666664,1.0,1.0,1.0,1.0,none,0:1.0500|1:0.9300|2:1.0300|3:0.9400|4:0.9500|5:1.1000|6:0.8200|,Kaan Turan:6:24528|Özlem Yavuz:4:59156|Barış Soylu:1:15206|Hülya Uçar:1:17092|Yusuf Yıldırım:1:15983|Nazlı Kocabaş:1:14983|Dilek Kaya:2:32075|Nesrin Polat:1:17981|Levent Özdemir:1:14983,2543898,57,234281,2279,30,40.218334154182195,40.76257612708661,none,744025
Atak,21,2339,2017,7,1695,1411,284,6572,221,71,0,0,251,4080737,2377896,1685343,459261,100440,103043,130324,0,486,891789,62280241,28302646,981275,32996320,32996320,1077878,511391712,138178,0,1311953,7508270,0,4.0,0.0,2.0,1.0,1.0,719.9266863870968,760.0,420.909091,420.5733137419355,718.7727275483871,1.661468,24.914950516129032,1.0,1.0,1.0,1.0,none,0:1.0500|1:0.9300|2:1.0300|3:0.9400|4:0.9500|5:1.1000|6:0.8200|,Kaan Turan:6:26045|Özlem Yavuz:4:62814|Barış Soylu:1:16145|Hülya Uçar:1:18150|Yusuf Yıldırım:1:16970|Nazlı Kocabaş:1:15910|Dilek Kaya:2:34059|Nesrin Polat:1:19092|Levent Özdemir:1:15910|Sinan Tunç:1:16145|Özlem Kalkan:1:19209,2457780,58,234281,2309,31,41.2999661580739,41.534450804664054,none,657508
Atak,21,2370,2017,8,1750,1428,322,6951,241,57,0,0,276,4514932,2630219,1864015,459761,100440,103972,131471,0,2113,1066258,82555992,52804071,966395,28785526,28785526,1076014,529533661,138178,0,1335381,8883930,0,4.0,0.0,2.0,1.0,1.0,726.4369500967741,766.818182,425.045455,423.3240469032258,724.741935516129,1.67626,25.005567161290323,1.0,1.0,1.0,1.0,none,0:1.0500|1:0.9300|2:1.0300|3:0.9400|4:0.9500|5:1.1000|6:0.8200|,Kaan Turan:6:26045|Özlem Yavuz:4:62814|Barış Soylu:1:16145|Hülya Uçar:1:18150|Yusuf Yıldırım:1:16970|Nazlı Kocabaş:1:15910|Dilek Kaya:2:34059|Nesrin Polat:1:19092|Levent Özdemir:1:15910|Sinan Tunç:1:16145|Özlem Kalkan:1:19209|Yasemin Arslan:1:17089|Murat Güneş:1:15202|Tolga Özdemir:2:32527|Ufuk Bozkurt:3:47965,2594370,65,234281,2340,31,41.2855608899536,41.48900948067461,none,831977
Atak,21,2400,2017,9,1624,1330,294,6391,223,80,0,0,244,4501013,2688239,1775532,444930,97200,101490,111630,0,1783,1018499,97424968,65168619,951273,31305076,31305076,1243020,540685235,138178,0,1358809,11196990,0,4.0,0.0,2.0,1.0,1.0,736.9090911999999,773.863636,443.59090899999995,438.1424242333333,732.4151515,1.691183,24.7981488,1.0,1.0,1.0,1.0,none,0:1.0500|1:0.9300|2:1.0300|3:0.9400|4:0.9500|5:1.1000|6:0.8200|,Kaan Turan:6:26045|Özlem Yavuz:4:62814|Barış Soylu:1:16145|Hülya Uçar:1:18150|Yusuf Yıldırım:1:16970|Nazlı Kocabaş:1:15910|Dilek Kaya:2:34059|Nesrin Polat:1:19092|Levent Özdemir:1:15910|Sinan Tunç:1:16145|Özlem Kalkan:1:19209|Yasemin Arslan:1:17089|Murat Güneş:1:15202|Tolga Özdemir:2:32527|Ufuk Bozkurt:3:47965,2760092,65,234281,2371,30,39.44738662163384,39.803849036840326,none,784218
Atak,21,2431,2017,10,1601,1296,305,5794,297,84,0,0,254,4111646,2452728,1636068,459761,100440,105802,116343,0,766,852956,108992542,65739197,955468,42297877,42297877,1178250,568631452,138178,0,1382237,11602985,0,4.0,0.0,2.0,1.0,1.0,743.6436948387096,781.1363640000001,442.18181799999996,441.9824043870968,738.3768329032257,1.705752,23.346318838709678,1.0,1.0,1.0,1.0,none,0:1.0500|1:0.9300|2:1.0300|3:0.9400|4:0.9500|5:1.1000|6:0.8200|,Kaan Turan:6:26045|Özlem Yavuz:4:62814|Barış Soylu:1:16145|Hülya Uçar:1:18150|Yusuf Yıldırım:1:16970|Nazlı Kocabaş:1:15910|Dilek Kaya:2:34059|Nesrin Polat:1:19092|Levent Özdemir:1:15910|Sinan Tunç:1:16145|Özlem Kalkan:1:19209|Yasemin Arslan:1:17089|Murat Güneş:1:15202|Tolga Özdemir:2:32527|Ufuk Bozkurt:3:47965|Dilek Koç:1:16381,2499216,65,234281,2401,31,39.7910715076152,40.53848354138124,none,618675
Atak,21,2461,2017,11,1629,1354,275,6534,239,74,0,0,226,4717121,2838443,1853226,444930,97200,103290,113580,0,956,1093270,144653532,111732586,940479,31980467,31980467,1346664,488676639,138178,0,1405665,11688420,0,4.0,0.0,2.0,1.0,1.0,746.0984851666667,787.272727,448.318182,446.0030301666667,745.2530302333333,1.720938,24.571429766666665,1.0,1.0,1.0,1.0,none,0:1.0500|1:0.9300|2:1.0300|3:0.9400|4:0.9500|5:1.1000|6:0.8200|,Kaan Turan:6:26045|Özlem Yavuz:4:62814|Barış Soylu:1:16145|Hülya Uçar:1:18150|Yusuf Yıldırım:1:16970|Nazlı Kocabaş:1:15910|Dilek Kaya:2:34059|Nesrin Polat:1:19092|Levent Özdemir:1:15910|Sinan Tunç:1:16145|Özlem Kalkan:1:19209|Yasemin Arslan:1:17089|Murat Güneş:1:15202|Tolga Özdemir:2:32527|Ufuk Bozkurt:3:47965|Dilek Koç:1:16381,2871716,65,234281,2432,30,39.287226255167084,39.91166167562279,none,858989
Atak,21,2492,2017,12,1662,1367,295,6231,287,103,0,0,246,4976313,2979807,1973707,459761,100440,107662,130231,0,3959,1171654,164594404,110179092,926562,53488750,42556918,1331040,573033222,146306,0,1430471,12101821,0,4.0,0.0,2.0,1.0,1.0,757.3093842903226,794.545455,452.31818200000004,450.4046921612903,751.4794719677419,1.735763,24.58984429032258,1.0,1.0,1.0,1.0,none,0:1.0500|1:0.9300|2:1.0300|3:0.9400|4:0.9500|5:1.1000|6:0.8200|,Kaan Turan:6:26045|Özlem Yavuz:4:62814|Barış Soylu:1:16145|Hülya Uçar:1:18150|Yusuf Yıldırım:1:16970|Nazlı Kocabaş:1:15910|Dilek Kaya:2:34059|Nesrin Polat:1:19092|Levent Özdemir:1:15910|Sinan Tunç:1:16145|Özlem Kalkan:1:19209|Yasemin Arslan:1:17089|Murat Güneş:1:15202|Tolga Özdemir:2:32527|Ufuk Bozkurt:3:47965|Dilek Koç:1:16381,3008798,65,248062,2462,31,39.66203492425014,40.27299920179002,none,923592
Atak,21,2523,2018,1,1607,1275,332,6366,286,102,0,0,281,4823475,2896570,1902332,474761,103912,108594,131378,0,0,1083687,49145064,16489321,912863,31742880,42674712,1341502,602782123,146306,0,1455277,12871327,0,4.0,0.0,2.0,1.0,1.0,753.3577711290322,801.590909,447.6568918064516,448.9457477741936,750.5557185161291,1.751216,25.697957548387098,1.0,1.0,1.0,1.0,none,0:1.0500|1:0.9200|2:1.0300|3:0.9300|4:0.9400|5:1.1000|6:0.8200|,Kaan Turan:6:27635|Özlem Yavuz:4:66649|Barış Soylu:1:17132|Hülya Uçar:1:19257|Yusuf Yıldırım:1:18006|Nazlı Kocabaş:1:16882|Dilek Kaya:2:36137|Nesrin Polat:1:20258|Levent Özdemir:1:16882|Sinan Tunç:1:17132|Özlem Kalkan:1:20383|Yasemin Arslan:1:18131|Murat Güneş:1:16131|Tolga Özdemir:2:34512|Ufuk Bozkurt:3:50894|Dilek Koç:1:17382|Hasan Kaplan:1:18632,2901392,67,248062,2493,31,39.439035135457324,40.578446395321166,none,835625
Atak,21,2551,2018,2,1626,1331,295,6711,259,84,0,2,255,5042974,3039298,1981972,429268,93856,98980,119728,0,852,1239288,25254967,-7842226,905873,32191320,32191320,1562206,669891892,146306,0,1480083,14141168,0,4.0,0.0,2.0,1.0,1.0,754.0746752857142,809.0909089999999,452.272727,450.8149350714286,756.1396104642856,1.766807,27.887201785714286,1.0,1.0,1.0,1.0,none,0:1.0500|1:0.9200|2:1.0300|3:0.9300|4:0.9400|5:1.1000|6:0.8200|,Kaan Turan:6:27635|Özlem Yavuz:4:66649|Barış Soylu:1:17132|Hülya Uçar:1:19257|Yusuf Yıldırım:1:18006|Nazlı Kocabaş:1:16882|Dilek Kaya:2:36137|Nesrin Polat:1:20258|Levent Özdemir:1:16882|Sinan Tunç:1:17132|Özlem Kalkan:1:20383|Yasemin Arslan:1:18131|Murat Güneş:1:16131|Tolga Özdemir:2:34512|Ufuk Bozkurt:3:50894|Dilek Koç:1:17382|Hasan Kaplan:1:18632|Ahmet Şimşek:1:18006|Erdem Kalkan:2:36514|Gamze Koç:1:17881|Nazlı Kaya:2:33137|Hasan Tekin:3:54645|Emine Kurt:1:20258,3081716,77,248062,2524,28,39.30165017705822,40.02281977860659,none,991226
Atak,21,2582,2018,3,1819,1493,326,7727,272,102,0,4,278,5490716,3292102,2175198,475261,103912,110454,121458,0,2355,1361758,109830810,75686167,6403,34138240,34138240,1362782,649643616,146306,0,1504889,18986694,0,4.0,0.0,2.0,1.0,1.0,760.410556967742,815.227273,452.954545,452.0410558387097,759.504398967742,1.781008,29.021574451612903,1.0,1.0,1.0,1.0,none,0:1.0500|1:0.9200|2:1.0300|3:0.9300|4:0.9400|5:1.1000|6:0.8200|,Kaan Turan:6:27635|Özlem Yavuz:4:66649|Barış Soylu:1:17132|Hülya Uçar:1:19257|Yusuf Yıldırım:1:18006|Nazlı Kocabaş:1:16882|Dilek Kaya:2:36137|Nesrin Polat:1:20258|Levent Özdemir:1:16882|Sinan Tunç:1:17132|Özlem Kalkan:1:20383|Yasemin Arslan:1:18131|Murat Güneş:1:16131|Tolga Özdemir:2:34512|Ufuk Bozkurt:3:50894|Dilek Koç:1:17382|Hasan Kaplan:1:18632|Ahmet Şimşek:1:18006|Erdem Kalkan:2:36514|Gamze Koç:1:17881|Nazlı Kaya:2:33137|Hasan Tekin:3:54645|Emine Kurt:1:20258,3314016,83,248062,2552,31,39.61592622892898,40.43289630193612,none,1113696
Atak,21,2612,2018,4,1624,1311,313,6709,246,65,0,0,277,4855662,2948523,1882025,459930,100560,107851,118590,0,1072,1094022,110575029,59976992,1000916,49597121,49597121,1348502,683427362,146306,0,1529695,18374220,0,4.0,0.0,2.0,1.0,1.0,772.9015151,822.045455,470.454545,465.75000009999997,772.8272724666666,1.796864,27.268983600000002,1.0,1.0,1.0,1.0,none,0:1.0500|1:0.9300|2:1.0300|3:0.9400|4:0.9500|5:1.1000|6:0.8200|,Kaan Turan:6:27635|Özlem Yavuz:4:66649|Barış Soylu:1:17132|Hülya Uçar:1:19257|Yusuf Yıldırım:1:18006|Nazlı Kocabaş:1:16882|Dilek Kaya:2:36137|Nesrin Polat:1:20258|Levent Özdemir:1:16882|Sinan Tunç:1:17132|Özlem Kalkan:1:20383|Yasemin Arslan:1:18131|Murat Güneş:1:16131|Tolga Özdemir:2:34512|Ufuk Bozkurt:3:50894|Dilek Koç:1:17382|Hasan Kaplan:1:18632|Ahmet Şimşek:1:18006|Erdem Kalkan:2:36514|Gamze Koç:1:17881|Nazlı Kaya:2:33137|Hasan Tekin:3:54645|Emine Kurt:1:20258,3034870,83,248062,2583,30,38.75939058361146,39.131372392363424,none,845960
Atak,21,2643,2018,5,1813,1455,358,7338,287,106,0,5,302,5271915,3197346,2053493,475261,103912,112407,123597,0,1635,1236681,130503775,88199034,987117,41317624,41317624,1369688,716470719,146306,0,1554501,18986694,0,4.0,0.0,2.0,1.0,1.0,778.2184751290323,829.772727,469.363636,468.99266854838714,776.7521992903227,1.812343,26.985417838709676,1.0,1.0,1.0,1.0,none,0:1.0500|1:0.9300|2:1.0300|3:0.9400|4:0.9500|5:1.1000|6:0.8200|,Kaan Turan:6:27635|Özlem Yavuz:4:66649|Barış Soylu:1:17132|Hülya Uçar:1:19257|Yusuf Yıldırım:1:18006|Nazlı Kocabaş:1:16882|Dilek Kaya:2:36137|Nesrin Polat:1:20258|Levent Özdemir:1:16882|Sinan Tunç:1:17132|Özlem Kalkan:1:20383|Yasemin Arslan:1:18131|Murat Güneş:1:16131|Tolga Özdemir:2:34512|Ufuk Bozkurt:3:50894|Dilek Koç:1:17382|Hasan Kaplan:1:18632|Ahmet Şimşek:1:18006|Erdem Kalkan:2:36514|Gamze Koç:1:17881|Nazlı Kaya:2:33137|Hasan Tekin:3:54645|Emine Kurt:1:20258,3218586,83,248062,2613,31,38.95155745113493,39.68742056372058,none,988619
Atak,21,2673,2018,6,1834,1466,368,8052,193,64,0,8,328,5214331,3130452,2052015,459930,100560,109741,138780,0,2386,1240618,104558784,63123448,973073,40462263,40462263,1350988,754652897,156060,0,1580961,18412084,0,4.0,0.0,2.0,1.0,1.0,778.1060603000001,837.272727,461.681818,464.01212116666665,783.3409091999999,1.828478,30.101652933333334,1.0,1.0,1.0,1.0,none,0:1.0500|1:0.9300|2:1.0300|3:0.9400|4:0.9500|5:1.1000|6:0.8200|,Kaan Turan:6:27635|Özlem Yavuz:4:66649|Barış Soylu:1:17132|Hülya Uçar:1:19257|Yusuf Yıldırım:1:18006|Nazlı Kocabaş:1:16882|Dilek Kaya:2:36137|Nesrin Polat:1:20258|Levent Özdemir:1:16882|Sinan Tunç:1:17132|Özlem Kalkan:1:20383|Yasemin Arslan:1:18131|Murat Güneş:1:16131|Tolga Özdemir:2:34512|Ufuk Bozkurt:3:50894|Dilek Koç:1:17382|Hasan Kaplan:1:18632|Ahmet Şimşek:1:18006|Erdem Kalkan:2:36514|Gamze Koç:1:17881|Nazlı Kaya:2:33137|Hasan Tekin:3:54645|Emine Kurt:1:20258,3029430,84,264600,2644,30,39.353370547439354,40.665952682337696,none,976018
Atak,21,2704,2018,7,1831,1509,322,8007,206,74,0,2,282,5473801,3310796,2146415,546161,120011,114361,144646,0,43481,1177755,60196890,17890507,958777,41347606,41347606,1366836,737412994,156060,0,1607421,21626318,0,4.0,0.0,2.0,1.0,1.0,793.240468967742,844.318182,481.772727,476.59970687096774,791.649559967742,1.84423,28.10798664516129,1.0,1.0,1.0,1.0,none,0:1.0500|1:0.9300|2:1.0300|3:0.9400|4:0.9500|5:1.1000|6:0.8200|,Kaan Turan:6:29344|Özlem Yavuz:4:70769|Barış Soylu:1:18190|Hülya Uçar:1:20448|Yusuf Yıldırım:1:19120|Nazlı Kocabaş:1:17925|Dilek Kaya:2:38372|Nesrin Polat:1:21510|Levent Özdemir:1:17925|Sinan Tunç:1:18190|Özlem Kalkan:1:21642|Yasemin Arslan:1:19252|Murat Güneş:1:17128|Tolga Özdemir:2:36646|Ufuk Bozkurt:3:54040|Dilek Koç:1:18456|Hasan Kaplan:1:19784|Ahmet Şimşek:1:19120|Erdem Kalkan:2:38771|Gamze Koç:1:18987|Nazlı Kaya:2:35186|Hasan Tekin:3:58023|Emine Kurt:1:21510|Arzu Karaca:1:19120|Kaan Öztürk:1:19784|Merve Öztürk:2:35982,3269328,88,264600,2674,31,39.21251430221888,39.26523597227214,none,913155
Atak,21,2735,2018,8,1805,1440,365,7688,195,75,0,9,324,5165915,3163081,1989582,565161,124155,115384,145917,0,1124,1037841,97203736,56250913,944228,40008595,40008595,1332396,771175370,156060,0,1633881,22481913,0,4.0,0.0,2.0,1.0,1.0,793.2991205483871,851.590909,482.81964790322576,481.7023460967742,797.7302052580645,1.860649,29.17004990322581,1.0,1.0,1.0,1.0,none,0:1.0500|1:0.9300|2:1.0300|3:0.9400|4:0.9500|5:1.1000|6:0.8200|,Kaan Turan:6:29344|Özlem Yavuz:4:70769|Barış Soylu:1:18190|Hülya Uçar:1:20448|Yusuf Yıldırım:1:19120|Nazlı Kocabaş:1:17925|Dilek Kaya:2:38372|Nesrin Polat:1:21510|Levent Özdemir:1:17925|Sinan Tunç:1:18190|Özlem Kalkan:1:21642|Yasemin Arslan:1:19252|Murat Güneş:1:17128|Tolga Özdemir:2:36646|Ufuk Bozkurt:3:54040|Dilek Koç:1:18456|Hasan Kaplan:1:19784|Ahmet Şimşek:1:19120|Erdem Kalkan:2:38771|Gamze Koç:1:18987|Nazlı Kaya:2:35186|Hasan Tekin:3:58023|Emine Kurt:1:21510|Arzu Karaca:1:19120|Kaan Öztürk:1:19784|Merve Öztürk:2:35982,3141928,90,264600,2705,31,38.51364182337495,39.13775581025918,none,773241
Atak,21,2765,2018,9,1788,1477,311,7808,219,88,0,10,269,5617197,3366902,2221991,546930,120150,112653,123900,0,2293,1316065,136081538,81750952,3048,54327538,42895024,1517494,790551074,156060,0,1660341,21756690,0,4.0,0.0,2.0,1.0,1.0,806.3939395666667,859.3181820000001,476.363636,478.2272726,805.6166666,1.877214,29.416114466666667,1.0,1.0,1.0,1.0,none,0:1.0500|1:0.9300|2:1.0300|3:0.9400|4:0.9500|5:1.1000|6:0.8200|,Kaan Turan:6:29344|Özlem Yavuz:4:70769|Barış Soylu:1:18190|Hülya Uçar:1:20448|Yusuf Yıldırım:1:19120|Nazlı Kocabaş:1:17925|Dilek Kaya:2:38372|Nesrin Polat:1:21510|Levent Özdemir:1:17925|Sinan Tunç:1:18190|Özlem Kalkan:1:21642|Yasemin Arslan:1:19252|Murat Güneş:1:17128|Tolga Özdemir:2:36646|Ufuk Bozkurt:3:54040|Dilek Koç:1:18456|Hasan Kaplan:1:19784|Ahmet Şimşek:1:19120|Erdem Kalkan:2:38771|Gamze Koç:1:18987|Nazlı Kaya:2:35186|Hasan Tekin:3:58023|Emine Kurt:1:21510|Arzu Karaca:1:19120|Kaan Öztürk:1:19784|Merve Öztürk:2:35982,3416814,90,264600,2736,30,39.55693560329111,40.92668451154478,none,1051465
Atak,21,2796,2018,10,1722,1403,319,6904,291,50,0,0,282,5421750,3179171,2222152,565161,124155,117430,129115,0,2115,1284176,146327917,99211706,947355,46168856,57601370,1419162,817806991,156060,0,1686801,22481913,0,4.0,0.0,2.0,1.0,1.0,822.8225807419356,866.3636359999999,482.227273,480.72140761290325,815.9765397096775,1.893385,25.645830612903225,1.0,1.0,1.0,1.0,none,0:1.0500|1:0.9300|2:1.0300|3:0.9400|4:0.9500|5:1.1000|6:0.8200|,Kaan Turan:6:29344|Özlem Yavuz:4:70769|Barış Soylu:1:18190|Hülya Uçar:1:20448|Yusuf Yıldırım:1:19120|Nazlı Kocabaş:1:17925|Dilek Kaya:2:38372|Nesrin Polat:1:21510|Levent Özdemir:1:17925|Sinan Tunç:1:18190|Özlem Kalkan:1:21642|Yasemin Arslan:1:19252|Murat Güneş:1:17128|Tolga Özdemir:2:36646|Ufuk Bozkurt:3:54040|Dilek Koç:1:18456|Hasan Kaplan:1:19784|Ahmet Şimşek:1:19120|Erdem Kalkan:2:38771|Gamze Koç:1:18987|Nazlı Kaya:2:35186|Hasan Tekin:3:58023|Emine Kurt:1:21510|Arzu Karaca:1:19120|Kaan Öztürk:1:19784|Merve Öztürk:2:35982,3216816,90,264600,2766,31,40.98588094250012,41.393529506059764,none,1019576
Atak,21,2826,2018,11,1545,1258,287,6008,269,77,0,0,251,4928685,2977730,1925142,546930,120150,114633,126090,0,1221,1016118,184035608,141452734,934170,41648704,41648704,1293834,684991835,156060,0,1713261,21756690,0,4.0,0.0,2.0,1.0,1.0,827.1515153,874.090909,501.727273,496.2924241666667,825.6272729333333,1.910241,24.897419533333334,1.0,1.0,1.0,1.0,none,0:1.0500|1:0.9300|2:1.0300|3:0.9400|4:0.9500|5:1.1000|6:0.8200|,Kaan Turan:6:29344|Özlem Yavuz:4:70769|Barış Soylu:1:18190|Hülya Uçar:1:20448|Yusuf Yıldırım:1:19120|Nazlı Kocabaş:1:17925|Dilek Kaya:2:38372|Nesrin Polat:1:21510|Levent Özdemir:1:17925|Sinan Tunç:1:18190|Özlem Kalkan:1:21642|Yasemin Arslan:1:19252|Murat Güneş:1:17128|Tolga Özdemir:2:36646|Ufuk Bozkurt:3:54040|Dilek Koç:1:18456|Hasan Kaplan:1:19784|Ahmet Şimşek:1:19120|Erdem Kalkan:2:38771|Gamze Koç:1:18987|Nazlı Kaya:2:35186|Hasan Tekin:3:58023|Emine Kurt:1:21510|Arzu Karaca:1:19120|Kaan Öztürk:1:19784|Merve Öztürk:2:35982,3077414,91,264600,2797,30,39.05995209675603,39.34276082199665,none,751518
Atak,21,2857,2018,12,1623,1297,326,6063,291,85,0,0,286,4979735,2968445,1994277,565161,124155,119478,144553,0,595,1040335,211376419,140540875,920751,69914793,69914793,1295256,758639899,167439,0,1741650,22539817,0,4.0,0.0,2.0,1.0,1.0,829.3181816451613,881.3636359999999,487.636364,491.659824,829.2082110967742,1.926697,25.318588193548386,1.0,1.0,1.0,1.0,none,0:1.0500|1:0.9200|2:1.0300|3:0.9300|4:0.9400|5:1.1000|6:0.8200|,Kaan Turan:6:29344|Özlem Yavuz:4:70769|Barış Soylu:1:18190|Hülya Uçar:1:20448|Yusuf Yıldırım:1:19120|Nazlı Kocabaş:1:17925|Dilek Kaya:2:38372|Nesrin Polat:1:21510|Levent Özdemir:1:17925|Sinan Tunç:1:18190|Özlem Kalkan:1:21642|Yasemin Arslan:1:19252|Murat Güneş:1:17128|Tolga Özdemir:2:36646|Ufuk Bozkurt:3:54040|Dilek Koç:1:18456|Hasan Kaplan:1:19784|Ahmet Şimşek:1:19120|Erdem Kalkan:2:38771|Gamze Koç:1:18987|Nazlı Kaya:2:35186|Hasan Tekin:3:58023|Emine Kurt:1:21510|Arzu Karaca:1:19120|Kaan Öztürk:1:19784|Merve Öztürk:2:35982,2861100,91,283894,2827,31,40.04785395206773,41.20032880110616,none,756441
Atak,21,2888,2019,1,1559,1223,336,5737,296,49,0,0,284,5045620,3007225,2013244,586161,129022,120574,145824,0,1755,1029908,65847474,19970506,907092,44969876,44969876,1350644,886526311,167439,0,1770039,24276937,0,4.0,0.0,2.0,1.0,1.0,838.709677483871,889.318182,501.31818200000004,497.725806483871,838.5410557419355,1.94385,23.18485970967742,1.0,1.0,1.0,1.0,none,0:1.0500|1:0.9300|2:1.0300|3:0.9400|4:0.9500|5:1.1000|6:0.8200|,Kaan Turan:6:31686|Özlem Yavuz:4:76420|Barış Soylu:1:19643|Hülya Uçar:1:22081|Yusuf Yıldırım:1:20646|Nazlı Kocabaş:1:19356|Dilek Kaya:2:41436|Nesrin Polat:1:23227|Levent Özdemir:1:19356|Sinan Tunç:1:19643|Özlem Kalkan:1:23371|Yasemin Arslan:1:20789|Murat Güneş:1:18496|Tolga Özdemir:2:39572|Ufuk Bozkurt:3:58354|Dilek Koç:1:19930|Hasan Kaplan:1:21363|Ahmet Şimşek:1:20646|Erdem Kalkan:2:41866|Gamze Koç:1:20503|Nazlı Kaya:2:37995|Hasan Tekin:3:62656|Emine Kurt:1:23227|Arzu Karaca:1:20646|Kaan Öztürk:1:21363|Merve Öztürk:2:38856,3138076,92,283894,2858,31,39.900824873850986,40.22744753536712,none,746014
Atak,21,2916,2019,2,1393,1091,302,5282,235,56,0,0,258,4451209,2692271,1742387,530068,116536,110195,133280,0,2940,849368,18023529,-21551919,893190,38682258,38682258,1314712,861262738,167439,0,1798428,21927556,0,4.0,0.0,2.0,1.0,1.0,850.6168828928572,900.0,515.181818,509.8879870357143,849.9805193214286,1.967061,22.92660307142857,1.0,1.0,1.0,1.0,none,0:1.0500|1:0.9300|2:1.0300|3:0.9400|4:0.9500|5:1.1000|6:0.8200|,Kaan Turan:6:31686|Özlem Yavuz:4:76420|Barış Soylu:1:19643|Hülya Uçar:1:22081|Yusuf Yıldırım:1:20646|Nazlı Kocabaş:1:19356|Dilek Kaya:2:41436|Nesrin Polat:1:23227|Levent Özdemir:1:19356|Sinan Tunç:1:19643|Özlem Kalkan:1:23371|Yasemin Arslan:1:20789|Murat Güneş:1:18496|Tolga Özdemir:2:39572|Ufuk Bozkurt:3:58354|Dilek Koç:1:19930|Hasan Kaplan:1:21363|Ahmet Şimşek:1:20646|Erdem Kalkan:2:41866|Gamze Koç:1:20503|Nazlı Kaya:2:37995|Hasan Tekin:3:62656|Emine Kurt:1:23227|Arzu Karaca:1:20646|Kaan Öztürk:1:21363|Merve Öztürk:2:38856,2727768,105,283894,2889,28,39.14412915682009,39.43432955998691,none,565474
Atak,21,2947,2019,3,1466,1152,314,5417,285,81,0,0,270,4502897,2693064,1792829,586861,129022,123334,135594,0,1744,816274,78985765,31103188,0,47882577,36703180,1168368,869428489,167439,0,1826817,24276937,0,4.0,0.0,2.0,1.0,1.0,859.6114366129033,909.090909,515.090909,513.6803518387097,860.0703812903225,1.988265,21.633139129032255,1.0,1.0,1.0,1.0,none,0:1.0500|1:0.9300|2:1.0300|3:0.9400|4:0.9500|5:1.1000|6:0.8200|,Kaan Turan:6:31686|Özlem Yavuz:4:76420|Barış Soylu:1:19643|Hülya Uçar:1:22081|Yusuf Yıldırım:1:20646|Nazlı Kocabaş:1:19356|Dilek Kaya:2:41436|Nesrin Polat:1:23227|Levent Özdemir:1:19356|Sinan Tunç:1:19643|Özlem Kalkan:1:23371|Yasemin Arslan:1:20789|Murat Güneş:1:18496|Tolga Özdemir:2:39572|Ufuk Bozkurt:3:58354|Dilek Koç:1:19930|Hasan Kaplan:1:21363|Ahmet Şimşek:1:20646|Erdem Kalkan:2:41866|Gamze Koç:1:20503|Nazlı Kaya:2:37995|Hasan Tekin:3:62656|Emine Kurt:1:23227|Arzu Karaca:1:20646|Kaan Öztürk:1:21363|Merve Öztürk:2:38856,2728254,110,283894,2917,31,39.81501242422378,40.078634710864876,none,532380
Atak,21,2977,2019,4,1560,1201,359,5818,283,62,0,0,311,4723732,2797791,1897955,567930,124860,120767,132780,0,3709,947909,140765220,89185418,1031586,50548216,61727613,1296504,893852779,167439,0,1855206,23493810,0,4.0,0.0,2.0,1.0,1.0,871.5227269666667,922.045455,515.045455,514.1318182666666,869.8287879666666,2.012006,22.047164666666667,1.0,1.0,1.0,1.0,none,0:1.0500|1:0.9300|2:1.0300|3:0.9400|4:0.9500|5:1.1000|6:0.8200|,Kaan Turan:6:31686|Özlem Yavuz:4:76420|Barış Soylu:1:19643|Hülya Uçar:1:22081|Yusuf Yıldırım:1:20646|Nazlı Kocabaş:1:19356|Dilek Kaya:2:41436|Nesrin Polat:1:23227|Levent Özdemir:1:19356|Sinan Tunç:1:19643|Özlem Kalkan:1:23371|Yasemin Arslan:1:20789|Murat Güneş:1:18496|Tolga Özdemir:2:39572|Ufuk Bozkurt:3:58354|Dilek Koç:1:19930|Hasan Kaplan:1:21363|Ahmet Şimşek:1:20646|Erdem Kalkan:2:41866|Gamze Koç:1:20503|Nazlı Kaya:2:37995|Hasan Tekin:3:62656|Emine Kurt:1:23227|Arzu Karaca:1:20646|Kaan Öztürk:1:21363|Merve Öztürk:2:38856,2838798,110,283894,2948,30,40.17914225447168,40.90280849099429,none,664015
Atak,21,3008,2019,5,1593,1243,350,5864,286,65,0,0,304,4901484,2888653,1986807,586861,129022,126249,138818,0,4403,1001454,173263268,117926974,1018159,54318135,54318135,1365672,945846336,167439,0,1883595,24276937,0,4.0,0.0,2.0,1.0,1.0,877.9618770967742,931.818182,517.545455,515.771261032258,878.6187682258064,2.035252,21.965451516129033,1.0,1.0,1.0,1.0,none,0:1.0500|1:0.9300|2:1.0300|3:0.9400|4:0.9500|5:1.1000|6:0.8200|,Kaan Turan:6:31686|Özlem Yavuz:4:76420|Barış Soylu:1:19643|Hülya Uçar:1:22081|Yusuf Yıldırım:1:20646|Nazlı Kocabaş:1:19356|Dilek Kaya:2:41436|Nesrin Polat:1:23227|Levent Özdemir:1:19356|Sinan Tunç:1:19643|Özlem Kalkan:1:23371|Yasemin Arslan:1:20789|Murat Güneş:1:18496|Tolga Özdemir:2:39572|Ufuk Bozkurt:3:58354|Dilek Koç:1:19930|Hasan Kaplan:1:21363|Ahmet Şimşek:1:20646|Erdem Kalkan:2:41866|Gamze Koç:1:20503|Nazlı Kaya:2:37995|Hasan Tekin:3:62656|Emine Kurt:1:23227|Arzu Karaca:1:20646|Kaan Öztürk:1:21363|Merve Öztürk:2:38856,2881988,110,283894,2978,31,40.53480537731022,41.0514888514968,none,717560
Atak,21,3038,2019,6,1562,1256,306,6114,266,61,0,2,258,4683150,2731271,1924834,567930,124860,123618,156330,0,0,952096,132534608,66433082,1004457,65097069,53261582,1269624,1000342388,182070,0,1914465,23557202,0,4.0,0.0,2.0,1.0,1.0,892.3787877333333,942.954545,524.318182,521.5696968999999,890.1984847,2.059555,22.326621133333333,1.0,1.0,1.0,1.0,none,0:1.0500|1:0.9300|2:1.0300|3:0.9400|4:0.9500|5:1.1000|6:0.8200|,Kaan Turan:6:31686|Özlem Yavuz:4:76420|Barış Soylu:1:19643|Hülya Uçar:1:22081|Yusuf Yıldırım:1:20646|Nazlı Kocabaş:1:19356|Dilek Kaya:2:41436|Nesrin Polat:1:23227|Levent Özdemir:1:19356|Sinan Tunç:1:19643|Özlem Kalkan:1:23371|Yasemin Arslan:1:20789|Murat Güneş:1:18496|Tolga Özdemir:2:39572|Ufuk Bozkurt:3:58354|Dilek Koç:1:19930|Hasan Kaplan:1:21363|Ahmet Şimşek:1:20646|Erdem Kalkan:2:41866|Gamze Koç:1:20503|Nazlı Kaya:2:37995|Hasan Tekin:3:62656|Emine Kurt:1:23227|Arzu Karaca:1:20646|Kaan Öztürk:1:21363|Merve Öztürk:2:38856,2775546,112,308700,3009,30,41.101267309396455,41.24488510851063,none,643396
Atak,21,3069,2019,7,1526,1215,311,5859,290,28,0,0,260,4512455,2664618,1832700,613861,135315,129226,163401,0,0,790897,70952965,27018737,990478,42943750,54779237,1158924,995042981,182070,0,1945335,26242089,0,4.0,0.0,2.0,1.0,1.0,904.1202343870968,953.409091,542.0,535.4780058709678,898.4530790322581,2.08335,21.172890612903224,1.0,1.0,1.0,1.0,none,0:1.0500|1:0.9300|2:1.0300|3:0.9400|4:0.9500|5:1.1000|6:0.8200|,Kaan Turan:6:34251|Özlem Yavuz:4:82607|Barış Soylu:1:21233|Hülya Uçar:1:23868|Yusuf Yıldırım:1:22317|Nazlı Kocabaş:1:20923|Dilek Kaya:2:44790|Nesrin Polat:1:25108|Levent Özdemir:1:20923|Sinan Tunç:1:21233|Özlem Kalkan:1:25262|Yasemin Arslan:1:22473|Murat Güneş:1:19993|Tolga Özdemir:2:42776|Ufuk Bozkurt:3:63078|Dilek Koç:1:21543|Hasan Kaplan:1:23092|Ahmet Şimşek:1:22317|Erdem Kalkan:2:45255|Gamze Koç:1:22163|Nazlı Kaya:2:41071|Hasan Tekin:3:67728|Emine Kurt:1:25108|Arzu Karaca:1:22317|Kaan Öztürk:1:23092|Merve Öztürk:2:42000,2616828,114,308700,3039,31,40.614255433018165,40.05222100051529,none,482197
Atak,21,3100,2019,8,1516,1201,315,5935,222,41,0,2,270,4665606,2780638,1859310,614761,135315,130747,165354,0,1940,811193,102678247,51454554,976216,50247477,50247477,1180886,1041969403,182070,0,1976205,26242089,0,4.0,0.0,2.0,1.0,1.0,911.8108506451613,965.454545,548.5,545.1451613225806,912.6642230322581,2.108227,22.39564125806452,1.0,1.0,1.0,1.0,none,0:1.0500|1:0.9300|2:1.0300|3:0.9400|4:0.9500|5:1.1000|6:0.8200|,Kaan Turan:6:34251|Özlem Yavuz:4:82607|Barış Soylu:1:21233|Hülya Uçar:1:23868|Yusuf Yıldırım:1:22317|Nazlı Kocabaş:1:20923|Dilek Kaya:2:44790|Nesrin Polat:1:25108|Levent Özdemir:1:20923|Sinan Tunç:1:21233|Özlem Kalkan:1:25262|Yasemin Arslan:1:22473|Murat Güneş:1:19993|Tolga Özdemir:2:42776|Ufuk Bozkurt:3:63078|Dilek Koç:1:21543|Hasan Kaplan:1:23092|Ahmet Şimşek:1:22317|Erdem Kalkan:2:45255|Gamze Koç:1:22163|Nazlı Kaya:2:41071|Hasan Tekin:3:67728|Emine Kurt:1:25108|Arzu Karaca:1:22317|Kaan Öztürk:1:23092|Merve Öztürk:2:42000,2690758,114,308700,3070,31,39.85141480013529,39.844979952596184,none,502493
Atak,21,3130,2019,9,1429,1078,351,5167,409,45,0,0,250,4600793,2830313,1744151,594930,130950,128059,140790,0,3128,746294,52480522,3833336,5556,48641630,48641630,1006588,914333781,182070,0,2007075,25395570,0,4.0,0.0,2.0,1.0,1.0,921.6060606666666,976.590909,577.9318183333332,565.1636363,922.1999999,2.133401,21.216267266666666,1.0,1.0,1.1625,0.95125,0,0:1.0500|1:0.9300|2:1.0300|3:0.9400|4:0.9500|5:1.1000|6:0.8200|,Kaan Turan:6:34251|Özlem Yavuz:4:82607|Barış Soylu:1:21233|Hülya Uçar:1:23868|Yusuf Yıldırım:1:22317|Nazlı Kocabaş:1:20923|Dilek Kaya:2:44790|Nesrin Polat:1:25108|Levent Özdemir:1:20923|Sinan Tunç:1:21233|Özlem Kalkan:1:25262|Yasemin Arslan:1:22473|Murat Güneş:1:19993|Tolga Özdemir:2:42776|Ufuk Bozkurt:3:63078|Dilek Koç:1:21543|Hasan Kaplan:1:23092|Ahmet Şimşek:1:22317|Erdem Kalkan:2:45255|Gamze Koç:1:22163|Nazlı Kaya:2:41071|Hasan Tekin:3:67728|Emine Kurt:1:25108|Arzu Karaca:1:22317|Kaan Öztürk:1:23092|Merve Öztürk:2:42000,2695634,119,308700,3101,30,37.909790768678356,37.290796686463636,none|0,437594
Atak,21,3161,2019,10,1495,1157,338,5333,448,67,0,0,254,4884926,3108283,1744134,614761,135315,133848,147188,0,1771,711251,-138476166,-173021030,980034,33564830,33564830,1307094,1109308183,182070,0,2037945,26242089,0,4.0,0.0,2.0,1.0,1.0,934.772726967742,987.727273,595.5,589.7111436129031,933.3460409677419,2.158049,21.139954741935487,1.0,1.0,1.25,0.925,0,0:1.0500|1:0.9300|2:1.0300|3:0.9400|4:0.9500|5:1.1000|6:0.8200|,Kaan Turan:6:34251|Özlem Yavuz:4:82607|Barış Soylu:1:21233|Hülya Uçar:1:23868|Yusuf Yıldırım:1:22317|Nazlı Kocabaş:1:20923|Dilek Kaya:2:44790|Nesrin Polat:1:25108|Levent Özdemir:1:20923|Sinan Tunç:1:21233|Özlem Kalkan:1:25262|Yasemin Arslan:1:22473|Murat Güneş:1:19993|Tolga Özdemir:2:42776|Ufuk Bozkurt:3:63078|Dilek Koç:1:21543|Hasan Kaplan:1:23092|Ahmet Şimşek:1:22317|Erdem Kalkan:2:45255|Gamze Koç:1:22163|Nazlı Kaya:2:41071|Hasan Tekin:3:67728|Emine Kurt:1:25108|Arzu Karaca:1:22317|Kaan Öztürk:1:23092|Merve Öztürk:2:42000,3193554,119,308700,3131,31,35.70440985185856,36.29467539861697,0,402551
Atak,21,3191,2019,11,1404,1075,329,5204,437,38,0,0,244,4558349,2850897,1689708,594930,130950,131090,144120,0,4730,683888,15718225,-25239890,967115,39991000,39991000,1004184,1075757251,182070,0,2068815,25395570,0,4.0,0.0,2.0,1.0,1.0,945.9772724666667,999.772727,591.363636,591.7651517666667,945.3681816666667,2.183819,20.4653488,1.0,1.0,1.25,0.925,0,0:1.0500|1:0.9300|2:1.0300|3:0.9400|4:0.9500|5:1.1000|6:0.8200|,Kaan Turan:6:34251|Özlem Yavuz:4:82607|Barış Soylu:1:21233|Hülya Uçar:1:23868|Yusuf Yıldırım:1:22317|Nazlı Kocabaş:1:20923|Dilek Kaya:2:44790|Nesrin Polat:1:25108|Levent Özdemir:1:20923|Sinan Tunç:1:21233|Özlem Kalkan:1:25262|Yasemin Arslan:1:22473|Murat Güneş:1:19993|Tolga Özdemir:2:42776|Ufuk Bozkurt:3:63078|Dilek Koç:1:21543|Hasan Kaplan:1:23092|Ahmet Şimşek:1:22317|Erdem Kalkan:2:45255|Gamze Koç:1:22163|Nazlı Kaya:2:41071|Hasan Tekin:3:67728|Emine Kurt:1:25108|Arzu Karaca:1:22317|Kaan Öztürk:1:23092|Merve Öztürk:2:42000,2519016,119,308700,3162,30,37.06842104454925,37.48648585837586,0,375188
Atak,21,3222,2019,12,1479,1103,376,4892,550,76,0,0,279,4815195,3042740,1749605,614761,135315,137011,165726,0,6096,690696,63719173,5690514,953934,57074725,57074725,1481242,1077009607,196700,0,2102165,26310029,0,4.0,0.0,2.0,1.0,1.0,953.9442816774193,1010.681818,595.909091,593.9120235483871,951.1319647419356,2.209049,20.701557,1.0,1.0,1.25,0.925,0,0:1.0500|1:0.9300|2:1.0300|3:0.9400|4:0.9500|5:1.1000|6:0.8200|,Kaan Turan:6:34251|Özlem Yavuz:4:82607|Barış Soylu:1:21233|Hülya Uçar:1:23868|Yusuf Yıldırım:1:22317|Nazlı Kocabaş:1:20923|Dilek Kaya:2:44790|Nesrin Polat:1:25108|Levent Özdemir:1:20923|Sinan Tunç:1:21233|Özlem Kalkan:1:25262|Yasemin Arslan:1:22473|Murat Güneş:1:19993|Tolga Özdemir:2:42776|Ufuk Bozkurt:3:63078|Dilek Koç:1:21543|Hasan Kaplan:1:23092|Ahmet Şimşek:1:22317|Erdem Kalkan:2:45255|Gamze Koç:1:22163|Nazlı Kaya:2:41071|Hasan Tekin:3:67728|Emine Kurt:1:25108|Arzu Karaca:1:22317|Kaan Öztürk:1:23092|Merve Öztürk:2:42000,3085724,122,333506,3192,31,36.33508092610995,37.532086260619835,0,357190
Atak,21,3253,2020,1,1469,1060,409,4944,460,75,0,0,303,4965756,3102327,1833568,641761,141577,138654,167710,0,6570,737296,36710889,-7454506,940487,43224908,43224908,968586,1066132939,196700,0,2135515,28348229,0,4.0,0.0,2.0,1.0,1.0,963.2624635806452,1023.409091,598.772727,596.6759531290323,964.3196481935483,2.235427,20.56699287096774,1.0,1.0,1.25,0.925,0,0:1.0500|1:0.9300|2:1.0300|3:0.9400|4:0.9500|5:1.1000|6:0.8200|,Kaan Turan:6:37000|Özlem Yavuz:4:89235|Barış Soylu:1:22937|Hülya Uçar:1:25783|Yusuf Yıldırım:1:24109|Nazlı Kocabaş:1:22602|Dilek Kaya:2:48385|Nesrin Polat:1:27123|Levent Özdemir:1:22602|Sinan Tunç:1:22937|Özlem Kalkan:1:27289|Yasemin Arslan:1:24276|Murat Güneş:1:21597|Tolga Özdemir:2:46208|Ufuk Bozkurt:3:68141|Dilek Koç:1:23271|Hasan Kaplan:1:24946|Ahmet Şimşek:1:24109|Erdem Kalkan:2:48887|Gamze Koç:1:23941|Nazlı Kaya:2:44367|Hasan Tekin:3:73163|Emine Kurt:1:27123|Arzu Karaca:1:24109|Kaan Öztürk:1:24946|Merve Öztürk:2:45372,2771322,121,333506,3223,31,36.92424678135615,37.8390885518119,0,403790
Atak,21,3282,2020,2,1445,1040,405,5076,411,74,0,0,319,5245907,3306718,1905242,601199,132443,131247,158746,0,5737,875870,-80718208,-120401538,926765,38756565,38756565,1322374,1100083589,196700,0,2168865,26519311,0,4.0,0.0,2.0,1.0,1.0,979.5454543103449,1035.227273,613.0266461724138,607.7476489310345,980.0721003448275,2.262121,21.19808448275862,0.9862068965517242,0.9862068965517242,1.2498275862068964,0.9227830344827587,1,0:1.0500|1:0.9300|2:1.0300|3:0.9400|4:0.9500|5:1.1000|6:0.8200|,Kaan Turan:6:37000|Özlem Yavuz:4:89235|Barış Soylu:1:22937|Hülya Uçar:1:25783|Yusuf Yıldırım:1:24109|Nazlı Kocabaş:1:22602|Dilek Kaya:2:48385|Nesrin Polat:1:27123|Levent Özdemir:1:22602|Sinan Tunç:1:22937|Özlem Kalkan:1:27289|Yasemin Arslan:1:24276|Murat Güneş:1:21597|Tolga Özdemir:2:46208|Ufuk Bozkurt:3:68141|Dilek Koç:1:23271|Hasan Kaplan:1:24946|Ahmet Şimşek:1:24109|Erdem Kalkan:2:48887|Gamze Koç:1:23941|Nazlı Kaya:2:44367|Hasan Tekin:3:73163|Emine Kurt:1:27123|Arzu Karaca:1:24109|Kaan Öztürk:1:24946|Merve Öztürk:2:45372,3114602,121,333506,3254,29,36.31863851189127,37.417233322365924,0|1,542364
Atak,21,3313,2020,3,1381,964,417,4364,571,37,0,0,295,4116626,2581905,1488028,642661,141577,141879,155992,34398,3543,402376,-23957156,-74571028,912767,49701105,49701105,218732,1127793469,196700,0,2202215,28348229,0,4.0,0.0,2.0,1.0,1.0,985.0733136774194,1047.045455,613.5307917741935,612.3269796451613,986.0102639032258,2.28738,21.216878967741938,0.9,0.9,1.2341666774193547,0.8015934193548386,1,0:1.0500|1:0.9300|2:1.0300|3:0.9400|4:0.9500|5:1.1000|6:0.8200|,Kaan Turan:6:37000|Özlem Yavuz:4:89235|Barış Soylu:1:22937|Hülya Uçar:1:25783|Yusuf Yıldırım:1:24109|Nazlı Kocabaş:1:22602|Dilek Kaya:2:48385|Nesrin Polat:1:27123|Levent Özdemir:1:22602|Sinan Tunç:1:22937|Özlem Kalkan:1:27289|Yasemin Arslan:1:24276|Murat Güneş:1:21597|Tolga Özdemir:2:46208|Ufuk Bozkurt:3:68141|Dilek Koç:1:23271|Hasan Kaplan:1:24946|Ahmet Şimşek:1:24109|Erdem Kalkan:2:48887|Gamze Koç:1:23941|Nazlı Kaya:2:44367|Hasan Tekin:3:73163|Emine Kurt:1:27123|Arzu Karaca:1:24109|Kaan Öztürk:1:24946|Merve Öztürk:2:45372,1671504,114,333506,3283,31,36.14678622736192,37.717245685623595,1,68870
Atak,21,3343,2020,4,1520,1077,443,5534,533,49,0,0,329,4859858,3101602,1727595,621930,137010,138924,152760,13959,5383,671588,-525435,-36526835,898483,35102917,35102917,518930,1027321157,196700,0,2235565,27433770,0,4.0,0.0,2.0,1.0,1.0,992.7272727666666,1058.863636,635.7136363666667,625.6909091,996.1242424,2.314693,22.973673599999998,0.9,0.9,1.20875,0.8,1,0:1.0500|1:0.9300|2:1.0300|3:0.9400|4:0.9500|5:1.1000|6:0.8200|,Kaan Turan:6:37000|Özlem Yavuz:4:89235|Barış Soylu:1:22937|Hülya Uçar:1:25783|Yusuf Yıldırım:1:24109|Nazlı Kocabaş:1:22602|Dilek Kaya:2:48385|Nesrin Polat:1:27123|Levent Özdemir:1:22602|Sinan Tunç:1:22937|Özlem Kalkan:1:27289|Yasemin Arslan:1:24276|Murat Güneş:1:21597|Tolga Özdemir:2:46208|Ufuk Bozkurt:3:68141|Dilek Koç:1:23271|Hasan Kaplan:1:24946|Ahmet Şimşek:1:24109|Erdem Kalkan:2:48887|Gamze Koç:1:23941|Nazlı Kaya:2:44367|Hasan Tekin:3:73163|Emine Kurt:1:27123|Arzu Karaca:1:24109|Kaan Öztürk:1:24946|Merve Öztürk:2:45372,2021402,120,333506,3314,30,35.548260875111986,35.96291209014798,1,338082
Atak,21,3374,2020,5,1563,1142,421,5556,609,55,0,3,294,4867952,3054056,1794364,642661,141577,145229,159681,0,4019,701197,41516805,-5409618,884762,46041661,36379493,810648,991057907,196700,0,2268915,28348229,0,4.0,0.0,2.0,1.0,1.0,1012.2067449677419,1072.045455,635.1480937741936,632.7390029032258,1010.7888562580645,2.341436,21.94279335483871,0.9,0.9,1.183333322580645,0.8,1,0:1.0500|1:0.9300|2:1.0300|3:0.9400|4:0.9500|5:1.1000|6:0.8200|,Kaan Turan:6:37000|Özlem Yavuz:4:89235|Barış Soylu:1:22937|Hülya Uçar:1:25783|Yusuf Yıldırım:1:24109|Nazlı Kocabaş:1:22602|Dilek Kaya:2:48385|Nesrin Polat:1:27123|Levent Özdemir:1:22602|Sinan Tunç:1:22937|Özlem Kalkan:1:27289|Yasemin Arslan:1:24276|Murat Güneş:1:21597|Tolga Özdemir:2:46208|Ufuk Bozkurt:3:68141|Dilek Koç:1:23271|Hasan Kaplan:1:24946|Ahmet Şimşek:1:24109|Erdem Kalkan:2:48887|Gamze Koç:1:23941|Nazlı Kaya:2:44367|Hasan Tekin:3:73163|Emine Kurt:1:27123|Arzu Karaca:1:24109|Kaan Öztürk:1:24946|Merve Öztürk:2:45372,2766728,120,333506,3344,31,36.86075787107186,37.25114983358116,1,367691
Atak,21,3404,2020,6,1365,948,417,4642,587,30,0,0,298,3761385,2351883,1384320,621930,137010,142225,179850,0,4871,298434,56173576,18367540,880031,36926005,46588173,1016636,965097084,211331,0,2304746,27507830,0,4.0,0.0,2.0,1.0,1.0,1019.6287876,1084.545455,639.9333333333333,637.1787878,1018.0363635666668,2.369395,21.767227766666668,0.9,0.9,1.1579166666666665,0.8,1,0:1.0500|1:0.9300|2:1.0300|3:0.9400|4:0.9500|5:1.1000|6:0.8200|,Kaan Turan:6:37000|Özlem Yavuz:4:89235|Barış Soylu:1:22937|Hülya Uçar:1:25783|Yusuf Yıldırım:1:24109|Nazlı Kocabaş:1:22602|Dilek Kaya:2:48385|Nesrin Polat:1:27123|Levent Özdemir:1:22602|Sinan Tunç:1:22937|Özlem Kalkan:1:27289|Yasemin Arslan:1:24276|Murat Güneş:1:21597|Tolga Özdemir:2:46208|Ufuk Bozkurt:3:68141|Dilek Koç:1:23271|Hasan Kaplan:1:24946|Ahmet Şimşek:1:24109|Erdem Kalkan:2:48887|Gamze Koç:1:23941|Nazlı Kaya:2:44367|Hasan Tekin:3:73163|Emine Kurt:1:27123|Arzu Karaca:1:24109|Kaan Öztürk:1:24946|Merve Öztürk:2:45372,2265748,121,358312,3375,30,36.803464681227794,37.23859691725584,1,-59878
Atak,21,3435,2020,7,1459,1002,457,4719,679,38,0,0,303,3928344,2389072,1530201,489261,107280,148671,187984,0,3708,593297,74787534,35625993,8561,39152980,39152980,1088294,979387184,211331,0,2340577,30644089,0,3.2903225806451615,0.0,2.0,0.2903225806451613,1.0,1036.2023462258064,1097.5,629.1862169999999,633.3255131935483,1033.0777126129033,2.39677,20.53778319354839,0.9,0.9,1.1325,0.8,1,0:1.0500|1:0.9300|2:1.0300|3:0.9400|4:0.9500|5:1.1000|6:0.8200|,Kaan Turan:6:39996|Özlem Yavuz:4:96463|Barış Soylu:1:24794|Hülya Uçar:1:27871|Yusuf Yıldırım:1:26062|Nazlı Kocabaş:1:24433|Dilek Kaya:2:52304|Nesrin Polat:1:29319|Levent Özdemir:1:24433|Sinan Tunç:1:24794|Özlem Kalkan:1:29500|Yasemin Arslan:1:26242|Murat Güneş:1:23346|Tolga Özdemir:2:49951|Ufuk Bozkurt:3:73659|Dilek Koç:1:25157|Hasan Kaplan:1:26966|Ahmet Şimşek:1:26062|Erdem Kalkan:2:52846|Gamze Koç:1:25881|Nazlı Kaya:2:47960|Hasan Tekin:3:79088|Emine Kurt:1:29319|Arzu Karaca:1:26062|Kaan Öztürk:1:26966|Merve Öztürk:2:49045,2380894,122,358312,3405,31,38.952825923595285,39.27959927019029,1,234985
Atak,21,3466,2020,8,1357,895,462,4009,784,23,0,0,274,3565738,2135659,1411324,427211,93116,150439,190216,0,60442,489900,66413687,13659168,774476,51980043,51980043,973026,1004084206,211331,0,2376408,30644089,0,3.032258064516129,0.0,2.0,0.03225806451612903,1.0,1053.3504402903225,1109.545455,635.6173020967741,633.5117302258064,1047.507331483871,2.4253900000000006,19.377163290322578,0.9,0.9,1.1066666774193548,0.8,1,0:1.0500|1:0.9300|2:1.0300|3:0.9400|4:0.9500|5:1.1000|6:0.8200|,Kaan Turan:6:39996|Özlem Yavuz:4:96463|Barış Soylu:1:24794|Hülya Uçar:1:27871|Yusuf Yıldırım:1:26062|Nazlı Kocabaş:1:24433|Dilek Kaya:2:52304|Nesrin Polat:1:29319|Levent Özdemir:1:24433|Sinan Tunç:1:24794|Özlem Kalkan:1:29500|Yasemin Arslan:1:26242|Murat Güneş:1:23346|Tolga Özdemir:2:49951|Ufuk Bozkurt:3:73659|Dilek Koç:1:25157|Hasan Kaplan:1:26966|Ahmet Şimşek:1:26062|Erdem Kalkan:2:52846|Gamze Koç:1:25881|Nazlı Kaya:2:47960|Hasan Tekin:3:79088|Emine Kurt:1:29319|Arzu Karaca:1:26062|Kaan Öztürk:1:26966|Merve Öztürk:2:49045,2088604,122,358312,3436,31,39.58013740774,39.65756525230231,1,131588
Atak,21,3496,2020,9,1236,858,378,3925,642,38,0,0,232,3815057,2288759,1505362,728430,160980,147326,162000,0,1680,304946,61896466,17883754,763535,43249177,43249177,787882,1025346150,211331,0,2412239,29655570,0,4.0,0.0,2.0,1.0,1.0,1071.2651515333334,1123.8636359999998,643.0393939999999,639.5469696666667,1061.1742424,2.454351,19.167457266666666,0.9,0.9,1.08125,0.8,1,0:1.0500|1:0.9300|2:1.0300|3:0.9400|4:0.9500|5:1.1000|6:0.8200|,Kaan Turan:6:39996|Özlem Yavuz:4:96463|Barış Soylu:1:24794|Hülya Uçar:1:27871|Yusuf Yıldırım:1:26062|Nazlı Kocabaş:1:24433|Dilek Kaya:2:52304|Nesrin Polat:1:29319|Levent Özdemir:1:24433|Sinan Tunç:1:24794|Özlem Kalkan:1:29500|Yasemin Arslan:1:26242|Murat Güneş:1:23346|Tolga Özdemir:2:49951|Ufuk Bozkurt:3:73659|Dilek Koç:1:25157|Hasan Kaplan:1:26966|Ahmet Şimşek:1:26062|Erdem Kalkan:2:52846|Gamze Koç:1:25881|Nazlı Kaya:2:47960|Hasan Tekin:3:79088|Emine Kurt:1:29319|Arzu Karaca:1:26062|Kaan Öztürk:1:26966|Merve Öztürk:2:49045,2058900,122,358312,3467,30,39.45844059472768,39.973834388283926,1,-53366
Atak,21,3527,2020,10,1428,1027,401,4771,625,32,0,0,282,4391906,2638677,1725352,752711,166346,153975,169322,0,4967,478031,73963601,31018473,752400,42192728,42192728,1192178,1049745428,211331,0,2448070,30644089,0,4.0,0.0,2.0,1.0,1.0,1078.5703815806453,1136.590909,646.7991201935483,644.0850439354839,1071.2712610967742,2.482707,20.113096838709676,0.9,0.9,1.055833322580645,0.8,1,0:1.0500|1:0.9300|2:1.0300|3:0.9400|4:0.9500|5:1.1000|6:0.8200|,Kaan Turan:6:39996|Özlem Yavuz:4:96463|Barış Soylu:1:24794|Hülya Uçar:1:27871|Yusuf Yıldırım:1:26062|Nazlı Kocabaş:1:24433|Dilek Kaya:2:52304|Nesrin Polat:1:29319|Levent Özdemir:1:24433|Sinan Tunç:1:24794|Özlem Kalkan:1:29500|Yasemin Arslan:1:26242|Murat Güneş:1:23346|Tolga Özdemir:2:49951|Ufuk Bozkurt:3:73659|Dilek Koç:1:25157|Hasan Kaplan:1:26966|Ahmet Şimşek:1:26062|Erdem Kalkan:2:52846|Gamze Koç:1:25881|Nazlı Kaya:2:47960|Hasan Tekin:3:79088|Emine Kurt:1:29319|Arzu Karaca:1:26062|Kaan Öztürk:1:26966|Merve Öztürk:2:49045,2504798,123,358312,3497,31,39.28481165125119,40.0318114386134,1,119719
Atak,21,3557,2020,11,1368,985,383,4323,646,30,0,0,275,4385097,2654563,1706926,728430,160980,150808,165810,0,6314,494584,69467371,16047909,741067,52678395,52678395,1144072,1045075952,211331,0,2483901,29655570,0,4.0,0.0,2.0,1.0,1.0,1087.0909089666666,1150.454545,662.5469696666667,654.8893939333334,1084.2454544333334,2.512353,20.387240966666663,0.9,0.9,1.0304166666666668,0.8,1,0:1.0500|1:0.9300|2:1.0300|3:0.9400|4:0.9500|5:1.1000|6:0.8200|,Kaan Turan:6:39996|Özlem Yavuz:4:96463|Barış Soylu:1:24794|Hülya Uçar:1:27871|Yusuf Yıldırım:1:26062|Nazlı Kocabaş:1:24433|Dilek Kaya:2:52304|Nesrin Polat:1:29319|Levent Özdemir:1:24433|Sinan Tunç:1:24794|Özlem Kalkan:1:29500|Yasemin Arslan:1:26242|Murat Güneş:1:23346|Tolga Özdemir:2:49951|Ufuk Bozkurt:3:73659|Dilek Koç:1:25157|Hasan Kaplan:1:26966|Ahmet Şimşek:1:26062|Erdem Kalkan:2:52846|Gamze Koç:1:25881|Nazlı Kaya:2:47960|Hasan Tekin:3:79088|Emine Kurt:1:29319|Arzu Karaca:1:26062|Kaan Öztürk:1:26966|Merve Öztürk:2:49045,2331972,124,358312,3528,30,38.92561555650878,39.053214022693815,1,136272
Atak,21,3588,2020,12,1438,988,450,4524,623,44,0,0,299,4806997,2866946,1908244,752711,166346,157633,190650,0,6222,634682,136840595,81685629,729533,54425433,54425433,1416174,1083451688,225961,0,2522212,30709110,0,4.0,0.0,2.0,1.0,1.0,1091.3782990645163,1163.409091,643.0073313548387,648.5366569677419,1095.771261,2.54138,21.07695480645161,0.9,0.9,1.0062096774193547,0.8,1,0:1.0500|1:0.9300|2:1.0300|3:0.9400|4:0.9500|5:1.1000|6:0.8200|,Kaan Turan:6:39996|Özlem Yavuz:4:96463|Barış Soylu:1:24794|Hülya Uçar:1:27871|Yusuf Yıldırım:1:26062|Nazlı Kocabaş:1:24433|Dilek Kaya:2:52304|Nesrin Polat:1:29319|Levent Özdemir:1:24433|Sinan Tunç:1:24794|Özlem Kalkan:1:29500|Yasemin Arslan:1:26242|Murat Güneş:1:23346|Tolga Özdemir:2:49951|Ufuk Bozkurt:3:73659|Dilek Koç:1:25157|Hasan Kaplan:1:26966|Ahmet Şimşek:1:26062|Erdem Kalkan:2:52846|Gamze Koç:1:25881|Nazlı Kaya:2:47960|Hasan Tekin:3:79088|Emine Kurt:1:29319|Arzu Karaca:1:26062|Kaan Öztürk:1:26966|Merve Öztürk:2:49045,2942384,125,383119,3558,31,39.697216370220325,41.08300193379348,1,251563
Atak,21,3619,2021,1,1358,952,406,4414,573,51,0,0,277,5173058,3095246,2048560,779711,172639,159483,192944,0,5843,737940,51139981,-6961417,4075,58097323,47119891,1556924,1107870191,225961,0,2560523,32659740,0,4.0,0.0,2.0,1.0,1.0,1109.6994134838708,1176.818182,669.590909,660.4384163548388,1110.702346064516,2.571726,20.591270483870968,0.9193548387096774,0.9193548387096774,1.0,0.803225806451613,none,0:1.0500|1:0.9300|2:1.0300|3:0.9400|4:0.9500|5:1.1000|6:0.8200|,Kaan Turan:6:42628|Özlem Yavuz:4:102808|Barış Soylu:1:26426|Hülya Uçar:1:29704|Yusuf Yıldırım:1:27776|Nazlı Kocabaş:1:26040|Dilek Kaya:2:55744|Nesrin Polat:1:31247|Levent Özdemir:1:26040|Sinan Tunç:1:26426|Özlem Kalkan:1:31441|Yasemin Arslan:1:27968|Murat Güneş:1:24882|Tolga Özdemir:2:53236|Ufuk Bozkurt:3:78504|Dilek Koç:1:26812|Hasan Kaplan:1:28740|Ahmet Şimşek:1:27776|Erdem Kalkan:2:56323|Gamze Koç:1:27582|Nazlı Kaya:2:51114|Hasan Tekin:3:84291|Emine Kurt:1:31247|Arzu Karaca:1:27776|Kaan Öztürk:1:28740|Merve Öztürk:2:52272,3083892,126,383119,3589,31,39.600561215435825,39.660154735250536,1|none,354821
Atak,21,3647,2021,2,1356,966,390,4658,270,48,0,0,343,5518976,3336178,2163753,705068,155932,145450,175952,0,6224,975127,33995410,-11022880,663558,44354732,44881776,1588656,1137294041,225961,0,2598834,29499120,0,4.0,0.0,2.0,1.0,1.0,1114.26136375,1188.863636,670.636364,668.5259741071429,1119.0535714642858,2.596599,21.48701614285714,1.0,1.0,1.0,0.9285714285714286,none,0:1.0500|1:0.9300|2:1.0300|3:0.9400|4:0.9500|5:1.1000|6:0.8200|,Kaan Turan:6:42628|Özlem Yavuz:4:102808|Barış Soylu:1:26426|Hülya Uçar:1:29704|Yusuf Yıldırım:1:27776|Nazlı Kocabaş:1:26040|Dilek Kaya:2:55744|Nesrin Polat:1:31247|Levent Özdemir:1:26040|Sinan Tunç:1:26426|Özlem Kalkan:1:31441|Yasemin Arslan:1:27968|Murat Güneş:1:24882|Tolga Özdemir:2:53236|Ufuk Bozkurt:3:78504|Dilek Koç:1:26812|Hasan Kaplan:1:28740|Ahmet Şimşek:1:27776|Erdem Kalkan:2:56323|Gamze Koç:1:27582|Nazlı Kaya:2:51114|Hasan Tekin:3:84291|Emine Kurt:1:31247|Arzu Karaca:1:27776|Kaan Öztürk:1:28740|Merve Öztürk:2:52272,3059046,126,383119,3620,28,39.20569685390913,39.813370020925674,none,592008
Atak,21,3653,2021,3,309,253,56,1208,49,20,0,0,50,1292941,757035,528762,151086,33414,31434,34572,0,2980,275276,13509819,13509819,0,0,10450388,1610888,1131897923,0,0,2598834,6321240,0,4.0,0.0,2.0,1.0,1.0,1140.0,1198.409091,669.090909,669.060606,1133.5227276666667,2.619271,21.493863,1.0,1.0,1.0,1.0,none,0:1.0500|1:0.9300|2:1.0300|3:0.9400|4:0.9500|5:1.1000|6:0.8200|,Kaan Turan:6:42628|Özlem Yavuz:4:102808|Barış Soylu:1:26426|Hülya Uçar:1:29704|Yusuf Yıldırım:1:27776|Nazlı Kocabaş:1:26040|Dilek Kaya:2:55744|Nesrin Polat:1:31247|Levent Özdemir:1:26040|Sinan Tunç:1:26426|Özlem Kalkan:1:31441|Yasemin Arslan:1:27968|Murat Güneş:1:24882|Tolga Özdemir:2:53236|Ufuk Bozkurt:3:78504|Dilek Koç:1:26812|Hasan Kaplan:1:28740|Ahmet Şimşek:1:27776|Erdem Kalkan:2:56323|Gamze Koç:1:27582|Nazlı Kaya:2:51114|Hasan Tekin:3:84291|Emine Kurt:1:31247|Arzu Karaca:1:27776|Kaan Öztürk:1:28740|Merve Öztürk:2:52272,699740,126,0,3648,6,40.89606563640568,41.307815,none,275276
Atak,22,25,2011,3,1552,1382,170,6513,196,109,0,6,120,2702940,1995811,694305,167500,37675,50012,55000,0,14100,370018,248743,180616,0,68127,77227,533876,259246,71527,0,12127,0,0,3.0,1.0,2.0,0.0,0.0,434.25454556,457.7272730000001,311.38727267999997,322.36181816,432.29999991999995,1.0,31.97579588,1.0,1.0,1.0,1.0,none,0:1.0000|1:0.9100|2:1.0300|3:0.9400|4:0.9500|5:1.1000|6:0.8200|,,2215742,1,121275,1,25,25.6870296787942,28.29383690654396,none,248743
Atak,22,55,2011,4,1866,1661,205,7908,237,96,0,14,151,3213625,2211643,977457,201000,45210,60374,66390,0,12935,591548,470273,349461,0,120812,128697,992980,1101493,71527,0,24254,0,0,3.0,1.0,2.0,0.0,0.0,431.0909092333333,459.09090899999995,293.34545453333334,296.3015150333333,431.19696963333337,1.00592,31.808879366666666,1.0,1.0,1.0,1.0,none,0:1.0000|1:0.9050|2:1.0300|3:0.9400|4:0.9500|5:1.1000|6:0.8200|,,2201498,1,121275,26,30,30.41602551635614,31.952762572741594,none,470273
Atak,22,86,2011,5,2218,1965,253,11390,188,167,0,44,171,4033315,2964810,1048528,207700,46717,62821,69099,0,8390,653801,532526,358545,0,173981,182371,1417652,1855552,71527,0,36381,0,0,3.0,1.0,2.0,0.0,0.0,404.6334310967742,464.31818200000004,293.7434017096774,293.954545483871,406.8313782580645,1.01307,43.357124258064516,1.0,1.0,1.0,1.0,none,0:1.0000|1:0.8900|2:1.0300|3:0.9100|4:0.9500|5:1.1000|6:0.8200|,,3012236,1,121275,56,31,25.99668015019903,27.405058718585153,none,532526
Atak,22,116,2011,6,2023,1812,211,10267,215,105,0,28,150,3548985,2523675,1007319,201000,45210,61245,77460,0,9028,613376,481076,354771,0,126305,130233,1190264,1998060,78030,0,49611,0,0,3.0,1.0,2.0,0.0,0.0,419.0303030333333,466.818182,294.0636364,293.5954546,422.19545453333336,1.020512,42.43744316666667,1.0,1.0,1.0,1.0,none,0:1.0500|1:0.8950|2:1.0300|3:0.9150|4:0.9500|5:1.1000|6:0.8200|,,2523874,1,132300,87,30,28.38329832332343,29.82282324898884,none,481076
Atak,22,147,2011,7,2241,1986,255,11567,163,119,0,47,173,4037380,2939734,1079184,222700,50220,63751,80600,0,5150,656763,604827,442614,0,162213,126275,1363000,2618339,78030,0,62841,0,0,3.0,1.0,2.0,0.0,0.0,420.549853483871,470.227273,302.76099712903226,300.91055725806456,426.2844575483871,1.027766,41.99405716129032,1.0,1.0,1.0,1.0,none,0:1.0500|1:0.9100|2:1.0300|3:0.9350|4:0.9500|5:1.1000|6:0.8200|,,2989426,1,132300,117,31,26.729809926239295,28.008298036265085,none,524463
Atak,22,178,2011,8,2243,1992,251,11614,159,124,0,57,166,3994355,2921396,1054095,223200,50220,64216,81189,0,13101,622169,150772,41002,0,109770,153609,1350926,2507511,78030,0,76071,0,0,3.0,1.0,2.0,0.0,0.0,421.136364,474.090909,303.73167151612904,303.10263922580646,428.2390032580645,1.035317,42.717626193548384,1.0,1.0,1.0,1.0,none,0:1.0500|1:0.9100|2:1.0300|3:0.9350|4:0.9500|5:1.1000|6:0.8200|,,2928396,1,132300,148,31,26.389617347481632,27.87807050636714,none,489869
Atak,22,208,2011,9,1885,1682,203,9473,200,114,0,11,144,3547540,2529582,997580,203206,43200,62595,68820,0,3017,616742,-43654,-140835,0,97181,97181,1058550,10736517,78030,0,89301,0,0,3.533333333333333,0.6666666666666666,2.0,0.0,0.8666666666666667,433.7045453,477.272727,303.8136364,304.21818179999997,437.07121226666663,1.042922,39.86544636666667,1.0,1.0,1.0,1.0,none,0:1.0500|1:0.9250|2:1.0300|3:0.9400|4:0.9500|5:1.1000|6:0.8200|,,2557206,3,132300,179,30,28.12033127181089,29.949169384460216,none,484442
Atak,22,239,2011,10,1949,1748,201,9883,223,119,0,16,152,3815035,2661712,1135405,162161,33480,65146,71641,0,0,802977,1038835,672384,123063,243388,243388,1150960,11537915,78030,0,102531,0,0,3.0,0.0,2.0,0.0,1.0,435.89442822580645,481.136364,297.26686212903223,298.7888562903226,440.5630498064516,1.050335,40.66316867741936,1.0,1.0,1.0,1.0,none,0:1.0500|1:0.9300|2:1.0300|3:0.9400|4:0.9500|5:1.1000|6:0.8200|,,2657716,3,132300,209,31,29.761325911819945,31.803014014430335,none,670677
Atak,22,269,2011,11,1835,1652,183,9196,198,113,0,10,136,3614860,2508943,1092488,156930,32400,63495,69840,0,0,769823,982734,599791,123063,259880,259880,1160546,12138883,78030,0,115761,0,0,3.0,0.0,2.0,0.0,1.0,435.90909100000005,484.545455,298.5696969333333,298.24999986666666,443.2621213333333,1.058051,41.735407499999994,1.0,1.0,1.0,1.0,none,0:1.0500|1:0.9300|2:1.0300|3:0.9400|4:0.9500|5:1.1000|6:0.8200|,,2528216,3,132300,240,30,30.222138616709913,31.50643033197642,none,637523
Atak,22,300,2011,12,1803,1613,190,8314,224,127,0,7,126,3604930,2412419,1175117,216761,45765,66077,79949,0,21570,744995,-845965,-1215868,123063,246840,246840,977218,10014943,81281,0,129542,0,0,3.4193548387096775,0.0,2.0,0.41935483870967744,1.0,450.64516103225804,487.5,299.5645161612903,299.0073313548387,453.2052786451613,1.065572,36.867996387096774,1.0,1.0,1.0,1.0,none,0:1.0500|1:0.9300|2:1.0300|3:0.9400|4:0.9500|5:1.1000|6:0.8200|,,2422408,4,137812,270,31,32.597498425766936,33.525411551052485,none,607183
Atak,22,331,2012,1,1727,1534,193,7689,208,115,0,2,153,3385105,2206300,1165935,298361,64170,66569,80538,0,0,656297,-2806710,-3454917,123063,525144,525144,947848,13724891,81281,349010,492333,586994,0,4.0,0.0,2.0,1.0,1.0,454.52346083870964,491.81818200000004,291.67595325806457,293.97947216129035,457.2844574516129,1.0734,36.470994258064515,1.0,1.0,1.0,1.0,none,0:1.0500|1:0.9300|2:1.0300|3:0.9400|4:0.9500|5:1.1000|6:0.8200|,Tolga Güler:6:12322|Esin Yıldız:4:33732,2214908,8,137812,301,31,34.44309703834888,35.8281852558613,none,518485
Atak,22,360,2012,2,1724,1527,197,8049,195,131,0,6,152,3629385,2335579,1283527,279299,60030,62623,75777,0,0,805798,3260693,2388039,0,872654,872654,1088862,16110624,81281,0,506114,1335566,0,4.0,0.0,2.0,1.0,1.0,454.4043886551724,494.3181819999999,288.636364,289.48589348275857,459.6081503448276,1.079586,37.554211310344826,1.0,1.0,1.0,1.0,none,0:1.0500|1:0.9300|2:1.0300|3:0.9400|4:0.9500|5:1.1000|6:0.8200|,Tolga Güler:6:12322|Esin Yıldız:4:33732,2344692,8,137812,332,29,35.364862090960315,36.48028689726553,none,667986
Atak,22,391,2012,3,1873,1676,197,8965,174,105,0,6,160,3712145,2391110,1305547,298561,64170,67313,74028,0,0,801475,4546066,2822544,772472,951050,951050,1061628,18110842,81281,0,519895,1427674,0,4.0,0.0,2.0,1.0,1.0,454.61876809677415,496.590909,290.98826935483874,290.19941345161294,461.75953096774197,1.085405,38.09011716129033,1.0,1.0,1.0,1.0,none,0:1.0500|1:0.9300|2:1.0300|3:0.9400|4:0.9500|5:1.1000|6:0.8200|,Tolga Güler:6:12322|Esin Yıldız:4:33732,2409834,8,137812,361,31,35.16961217840359,35.99290443440373,none,663663
Atak,22,421,2012,4,1699,1521,178,7904,208,89,0,5,139,3386765,2140558,1228098,288930,62100,65502,72060,0,0,739506,4380726,2313681,430163,1636882,1636882,1080114,13159497,81281,0,533676,1381620,0,4.0,0.0,2.0,1.0,1.0,464.37121219999995,499.318182,292.136364,291.3530302666667,465.30454530000003,1.09166,36.00240733333333,1.0,1.0,1.0,1.0,none,0:1.0500|1:0.9300|2:1.0300|3:0.9400|4:0.9500|5:1.1000|6:0.8200|,Tolga Güler:6:12322|Esin Yıldız:4:33732,2165568,8,137812,392,30,36.26168334679259,37.089906453077056,none,601694
Atak,22,452,2012,5,1826,1612,214,8332,211,110,0,3,171,3580925,2289603,1276579,298561,64170,68058,74865,0,0,770925,4750262,3040410,315726,1394126,1394126,1011436,15734773,81281,0,547457,1427674,0,4.0,0.0,2.0,1.0,1.0,465.909091,502.045455,296.8826975806452,295.4589442903226,468.3152492258065,1.097747,35.53311396774193,1.0,1.0,1.0,1.0,none,0:1.0500|1:0.9300|2:1.0300|3:0.9400|4:0.9500|5:1.1000|6:0.8200|,Tolga Güler:6:12322|Esin Yıldız:4:33732,2315872,8,137812,422,31,35.64942019171024,36.27883565366077,none,633113
Atak,22,482,2012,6,1788,1609,179,8562,157,60,0,8,151,3411110,2216753,1182057,288930,62100,66252,83790,0,0,680985,3790716,2278484,307231,1205001,1205001,1031228,17571063,84532,0,561789,1383571,0,4.0,0.0,2.0,1.0,1.0,467.1363634,505.227273,302.636364,300.84696963333334,471.57424223333334,1.104074,36.99303773333334,1.0,1.0,1.0,1.0,none,0:1.0500|1:0.9300|2:1.0300|3:0.9400|4:0.9500|5:1.1000|6:0.8200|,Tolga Güler:6:12322|Esin Yıldız:4:33732,2236270,8,143325,453,30,34.65314809548798,35.214556666645485,none,537660
Atak,22,513,2012,7,1843,1644,199,9305,151,78,0,6,163,3530425,2302155,1202219,304561,65565,68833,87079,0,0,676181,2992870,1200481,298579,1493810,1493810,988372,70008368,84532,0,576121,1488155,0,4.0,0.0,2.0,1.0,1.0,467.93255087096776,508.18181799999996,302.81818200000004,302.0542523225807,472.64076277419355,1.11023,38.00420125806452,1.0,1.0,1.0,1.0,none,0:1.0500|1:0.9300|2:1.0300|3:0.9400|4:0.9500|5:1.1000|6:0.8200|,Tolga Güler:6:12844|Esin Yıldız:4:35161,2340564,8,143325,483,31,34.053095590474236,35.285933531155,none,532856
Atak,22,544,2012,8,1733,1564,169,8219,135,57,0,7,133,3209590,1981404,1215721,304761,65565,69236,87575,0,0,688584,-120531,-2071991,962596,988864,988864,714058,47801619,84532,0,590453,1488155,0,4.0,0.0,2.0,1.0,1.0,482.0527859032258,510.909091,295.0,296.81964800000003,480.57624625806454,1.116629,33.105836129032255,1.0,1.0,1.0,1.0,none,0:1.0500|1:0.9300|2:1.0300|3:0.9400|4:0.9500|5:1.1000|6:0.8200|,Tolga Güler:6:12844|Esin Yıldız:4:35161,1999180,13,143325,514,31,37.87776631906256,38.8033824040128,none,545259
Atak,22,574,2012,9,1658,1473,185,7259,181,134,0,5,130,3246580,1991683,1242802,294930,63450,67393,74130,0,0,742899,-2172820,-5155851,953619,2029412,1571881,935972,37188711,84532,0,604785,1440150,0,4.0,0.0,2.0,1.0,1.0,482.70454540000003,514.090909,294.74242433333336,295.0742423666667,484.26666670000003,1.123064,31.23830996666667,1.0,1.0,1.0,1.0,none,0:1.0500|1:0.9300|2:1.0300|3:0.9400|4:0.9500|5:1.1000|6:0.8200|,Tolga Güler:6:12844|Esin Yıldız:4:35161,2000872,17,143325,545,30,38.2803442391686,38.939372512208095,none,599574
Atak,22,605,2012,10,1597,1415,182,7202,162,88,0,0,150,3178955,1958666,1203963,304761,65565,70042,77035,0,0,686560,9876359,7484067,1911,2390381,2847912,931664,45050698,84532,0,619117,1488155,0,4.0,0.0,2.0,1.0,1.0,483.409091,516.818182,297.12316719354845,295.93548387096774,485.3841642580645,1.129326,32.23553564516129,1.0,1.0,1.0,1.0,none,0:1.0500|1:0.9300|2:1.0300|3:0.9400|4:0.9500|5:1.1000|6:0.8200|,Tolga Güler:6:12844|Esin Yıldız:4:35161,1982518,17,143325,575,31,37.87291735806264,38.535875157228176,none,543235
Atak,22,635,2012,11,1654,1465,189,7664,178,90,0,0,144,3378195,2111708,1252195,294930,63450,68172,74970,0,0,750673,11926932,7464343,1075234,3387355,3387355,1049232,46464875,84532,0,633449,1440150,0,4.0,0.0,2.0,1.0,1.0,481.79545443333336,520.227273,301.681818,300.00606059999996,487.1530302333333,1.135835,33.69981403333333,1.0,1.0,1.0,1.0,none,0:1.0500|1:0.9300|2:1.0300|3:0.9400|4:0.9500|5:1.1000|6:0.8200|,Tolga Güler:6:12844|Esin Yıldız:4:35161,2119464,17,143325,606,30,37.0669839958913,37.38383888348948,none,607348
Atak,22,666,2012,12,1606,1413,193,6471,244,98,0,2,138,3248720,1982737,1251972,304761,65565,70818,85684,0,0,725144,14448542,8717327,1059866,4671349,4671349,837918,51851041,87784,0,648333,1490283,0,4.0,0.0,2.0,1.0,1.0,495.21260977419354,522.727273,302.954545,301.9706746129032,493.6158355483871,1.142168,29.674654935483872,1.0,1.0,1.0,1.0,none,0:1.0500|1:0.9300|2:1.0300|3:0.9400|4:0.9500|5:1.1000|6:0.8200|,Tolga Güler:6:12844|Esin Yıldız:4:35161,2016294,17,148837,636,31,38.53739318870201,38.82333789154908,none,576307
Atak,22,697,2013,1,1514,1322,192,6426,229,159,0,0,130,3326480,2053204,1261709,310761,66960,71252,86180,0,0,726556,10095380,5562735,1044255,3488390,3488390,980454,164856235,87784,0,663217,1554123,0,4.0,0.0,2.0,1.0,1.0,497.331378483871,525.454545,307.636364,305.66715548387094,495.746334516129,1.148751,28.46473622580645,1.0,1.0,1.0,1.0,none,0:1.0500|1:0.9300|2:1.0300|3:0.9400|4:0.9500|5:1.1000|6:0.8200|,Tolga Güler:6:13414|Esin Yıldız:4:36719,2062926,17,148837,667,31,37.92925254322888,38.1425791113687,none,577719
Atak,22,725,2013,2,1390,1211,179,5716,195,83,0,0,139,2906320,1794339,1092134,280868,60480,64749,78316,0,0,607721,-3214128,-6380118,2512136,653854,653854,788740,90795865,87784,0,678101,1403724,0,4.0,0.0,2.0,1.0,1.0,498.5795457142857,528.863636,307.9090907857143,307.18019496428576,499.1639611785714,1.155828,29.180520964285712,1.0,1.0,1.0,1.0,none,0:1.0500|1:0.9300|2:1.0300|3:0.9400|4:0.9500|5:1.1000|6:0.8200|,Tolga Güler:6:13414|Esin Yıldız:4:36719,1839078,21,148837,698,28,37.57789919898703,38.242735099653764,none,458884
Atak,22,756,2013,3,1708,1503,205,7331,172,110,0,0,164,3342296,2034949,1293695,310961,66960,72089,79267,0,613,763805,19900005,13084008,2496030,4319967,2561624,962966,64521882,87784,0,692985,1554123,0,4.0,0.0,2.0,1.0,1.0,498.49706754838707,531.818182,302.5234603225806,304.03812322580643,500.94281532258066,1.162259,29.852017,1.0,1.0,1.0,1.0,none,0:1.0500|1:0.9300|2:1.0300|3:0.9400|4:0.9500|5:1.1000|6:0.8200|,Tolga Güler:6:13414|Esin Yıldız:4:36719,2034878,23,148837,726,31,38.70677522278098,39.31289068351121,none,614968
Atak,22,786,2013,4,1658,1422,236,6685,237,114,0,0,178,3427551,2035431,1379586,300930,64800,70184,77190,0,388,866094,29669871,21764807,283,7904781,9663124,1024748,64553335,87784,0,707869,1503990,0,4.0,0.0,2.0,1.0,1.0,510.0681821,535.454545,303.4772726666667,303.0151515333334,505.70454573333336,1.16942,27.847176666666666,1.0,1.0,1.0,1.0,none,0:1.0500|1:0.9300|2:1.0300|3:0.9400|4:0.9500|5:1.1000|6:0.8200|,Tolga Güler:6:13414|Esin Yıldız:4:36719,2065528,23,148837,757,30,40.24990437779044,40.50260664815016,none,717257
Atak,22,817,2013,5,1814,1588,226,7297,205,111,0,6,175,3512321,2114739,1381910,310961,66960,72957,80228,0,566,850238,35784126,24472737,2492987,8818402,8818402,1035906,74436667,87784,0,722753,1554123,0,4.0,0.0,2.0,1.0,1.0,508.555718483871,538.409091,307.954545,306.08504403225805,508.80058638709676,1.176391,28.94416435483871,1.0,1.0,1.0,1.0,none,0:1.0500|1:0.9300|2:1.0300|3:0.9400|4:0.9500|5:1.1000|6:0.8200|,Tolga Güler:6:13414|Esin Yıldız:4:36719,2117448,23,148837,787,31,39.344638488338624,39.44526945482241,none,701401
Atak,22,847,2013,6,1749,1530,219,7137,182,68,0,10,169,3222592,1912489,1294163,300930,64800,71024,89850,0,739,766820,32490616,18660612,2455973,11374031,9112606,865752,94175046,92660,0,738463,1506238,0,4.0,0.0,2.0,1.0,1.0,512.9545452666666,542.045455,304.863636,305.9181818,512.1287877333333,1.183639,28.0593325,1.0,1.0,1.0,1.0,none,0:1.0500|1:0.9300|2:1.0300|3:0.9400|4:0.9500|5:1.1000|6:0.8200|,Tolga Güler:6:13414|Esin Yıldız:4:36719,1918386,23,157106,818,30,40.15907071078188,40.567124550672936,none,609714
Atak,22,878,2013,7,1850,1618,232,8063,173,95,0,5,185,3582651,2137993,1426605,319961,69037,73826,93372,0,796,869613,28484276,17618461,2421657,8444158,10705583,945186,109534621,92660,0,754173,1623811,0,4.0,0.0,2.0,1.0,1.0,513.3504395806452,545.0,309.0,307.6994135483871,514.2038124193548,1.190696,28.559476838709678,1.0,1.0,1.0,1.0,none,0:1.0500|1:0.9300|2:1.0300|3:0.9400|4:0.9500|5:1.1000|6:0.8200|,Tolga Güler:6:14015|Esin Yıldız:4:38366,2179488,23,157106,848,31,39.819814991747734,39.807200661516646,none,712507
Atak,22,909,2013,8,1744,1554,190,7413,175,59,0,7,155,3254728,1913649,1325863,320261,69037,74291,93961,0,354,767959,29711959,18888524,2383367,8440068,8440068,827742,125095760,92660,0,769883,1623811,0,4.0,0.0,2.0,1.0,1.0,523.8049856774193,549.090909,311.6290322580645,310.2932550967742,518.9941346451612,1.198032,27.202115161290322,1.0,1.0,1.0,1.0,none,0:1.0500|1:0.9300|2:1.0300|3:0.9400|4:0.9500|5:1.1000|6:0.8200|,Tolga Güler:6:14015|Esin Yıldız:4:38366,1939208,23,157106,879,31,40.73652237606338,40.506669317962825,none,610853
Atak,22,939,2013,9,1709,1489,220,6887,213,95,0,4,172,3332560,2019526,1296851,309930,66810,72344,79560,0,1190,767017,35893443,22131314,2344551,11417578,11417578,827208,130717578,92660,0,785593,1571430,0,4.0,0.0,2.0,1.0,1.0,523.2651519,551.590909,319.90909100000005,317.2363637,521.4863636,1.205414,27.913342399999998,1.0,1.0,1.0,1.0,none,0:1.0500|1:0.9300|2:1.0300|3:0.9400|4:0.9500|5:1.1000|6:0.8200|,Tolga Güler:6:14015|Esin Yıldız:4:38366,2054784,23,157106,910,30,38.91455817749718,38.862909207999934,none,609911
Atak,22,970,2013,10,1740,1492,248,7145,196,95,0,5,184,3661478,2236777,1408053,320261,69037,75190,82708,0,797,860060,29109485,20210798,2443,8896244,8896244,929664,139337021,92660,0,801303,1623811,0,4.0,0.0,2.0,1.0,1.0,524.1348977741935,555.227273,321.5,320.2712609032258,524.806451483871,1.2126,28.117523161290325,1.0,1.0,1.0,1.0,none,0:1.0500|1:0.9300|2:1.0300|3:0.9400|4:0.9500|5:1.1000|6:0.8200|,Tolga Güler:6:14015|Esin Yıldız:4:38366,2246284,24,157106,940,31,38.455863998090386,38.66082923207532,none,702954
Atak,22,1000,2013,11,1777,1531,246,6956,206,106,0,10,191,3557440,2193864,1346009,309930,66810,73215,80520,0,0,815534,43586761,31895400,2208646,9482715,9482715,1057702,132446148,92660,0,817013,1571430,0,4.0,0.0,2.0,1.0,1.0,525.9999997,558.409091,325.681818,323.99696969999997,527.7727273333334,1.220071,28.191569533333332,1.0,1.0,1.0,1.0,none,0:1.0500|1:0.9300|2:1.0300|3:0.9400|4:0.9500|5:1.1000|6:0.8200|,Tolga Güler:6:14015|Esin Yıldız:4:38366,2219634,24,157106,971,30,37.8364498066025,38.083304527423934,none,658428
Atak,22,1031,2013,12,1526,1295,231,5845,265,66,0,0,158,3348598,2039920,1297184,320261,69037,76120,92070,0,887,738809,36502391,20463519,2174914,13863958,13863958,908452,155202480,95911,0,833274,1626259,0,4.0,0.0,2.0,1.0,1.0,538.1671553870968,562.045455,328.272727,326.79472132258064,530.4809385806451,1.227345,25.90667506451613,1.0,1.0,1.0,1.0,none,0:1.0500|1:0.9300|2:1.0300|3:0.9400|4:0.9500|5:1.1000|6:0.8200|,Tolga Güler:6:14015|Esin Yıldız:4:38366,2118284,24,162619,1001,31,38.73812264117699,39.001716527297624,none,576190
Atak,22,1062,2014,1,1637,1375,262,6404,246,96,0,0,173,3560138,2151193,1395218,326261,70432,76586,92628,0,326,828985,21016598,11214564,2140749,7661285,7661285,908436,153032531,95911,0,849535,1699699,0,4.0,0.0,2.0,1.0,1.0,539.1129031935484,565.227273,323.31818200000004,324.58211132258066,533.8870966129033,1.234907,26.006888838709678,1.0,1.0,1.0,1.0,none,0:1.0500|1:0.9300|2:1.0300|3:0.9400|4:0.9500|5:1.1000|6:0.8200|,Tolga Güler:6:14671|Esin Yıldız:4:40158,2128278,27,162619,1032,31,39.189997691100736,40.02774185430233,none,666366
Atak,22,1090,2014,2,1554,1313,241,6062,226,126,0,0,169,3481975,2104972,1361905,294868,63616,69623,84224,0,0,849574,19052412,7999919,2106142,8946351,8946351,1068408,153031160,95911,0,865796,1535212,0,4.0,0.0,2.0,1.0,1.0,539.2288960714286,569.545455,325.409091,324.84253232142856,538.9886361785715,1.243005,27.23714932142857,1.0,1.0,1.0,1.0,none,0:1.0500|1:0.9300|2:1.0300|3:0.9400|4:0.9500|5:1.1000|6:0.8200|,Tolga Güler:6:14671|Esin Yıldız:4:40158,2106756,29,162619,1063,28,39.113003396061146,39.65288333567071,none,686955
Atak,22,1121,2014,3,1706,1477,229,6952,195,104,0,5,178,3572340,2147915,1408739,326461,70432,77547,85281,0,0,849018,42166643,25857105,2071089,14238449,14238449,932228,158686346,95911,0,882057,1699699,0,4.0,0.0,2.0,1.0,1.0,540.3885631612903,572.954545,325.545455,325.1099708387097,542.0307917741935,1.250366,28.190952774193548,1.0,1.0,1.0,1.0,none,0:1.0500|1:0.9300|2:1.0300|3:0.9400|4:0.9500|5:1.1000|6:0.8200|,Tolga Güler:6:14671|Esin Yıldız:4:40158,2185788,29,162619,1091,31,39.434628282862214,39.75715305750575,none,686399
Atak,22,1151,2014,4,1651,1400,251,6410,275,60,0,0,189,3428260,2019702,1389396,315930,68160,75526,83070,0,0,846710,40795521,28343898,841,12450782,12450782,1000502,179218670,95911,0,898318,1644870,0,4.0,0.0,2.0,1.0,1.0,553.4166666,575.454545,327.09090899999995,326.0242425,544.5742422666667,1.258565,25.4362335,1.0,1.0,1.0,1.0,none,0:1.0500|1:0.9300|2:1.0300|3:0.9400|4:0.9500|5:1.1000|6:0.8200|,Tolga Güler:6:14671|Esin Yıldız:4:40158,2028450,29,162619,1122,30,40.527731268923596,40.89608630518249,none,684091
Atak,22,1182,2014,5,1818,1536,282,7482,246,98,0,0,226,3899135,2334049,1550473,326461,70432,78540,86366,0,0,988674,44363261,29852006,2209900,12301355,12301355,1055682,184515918,95911,0,914579,1699699,0,4.0,0.0,2.0,1.0,1.0,552.9398826451613,579.772727,333.045455,330.9648094193548,548.3709675161291,1.266552,26.18866364516129,1.0,1.0,1.0,1.0,none,0:1.0500|1:0.9300|2:1.0300|3:0.9400|4:0.9500|5:1.1000|6:0.8200|,Tolga Güler:6:14671|Esin Yıldız:4:40158,2326416,30,162619,1152,31,39.764537519219004,39.76823422344349,none,826055
Atak,22,1212,2014,6,1691,1479,212,7077,176,53,0,4,183,3321289,2004817,1303176,315930,68160,76516,96750,0,396,745424,34355696,17752077,2176818,14426801,14426801,931950,189196821,100789,0,931668,1647462,0,4.0,0.0,2.0,1.0,1.0,552.7954544,582.954545,335.22727233333336,334.1863636,551.4287880666667,1.274857,28.040495933333332,1.0,1.0,1.0,1.0,none,0:1.0500|1:0.9300|2:1.0300|3:0.9400|4:0.9500|5:1.1000|6:0.8200|,Tolga Güler:6:14671|Esin Yıldız:4:40158,2045340,31,170887,1183,30,39.23705525174112,39.35780953604503,none,574537
Atak,22,1243,2014,7,1859,1607,252,7745,178,75,0,9,191,3642435,2212604,1406873,335461,72540,79563,100626,0,581,818102,38329884,24090128,2143282,12096474,12096474,910576,193856873,100789,0,948757,1780051,0,4.0,0.0,2.0,1.0,1.0,553.9149559032259,587.954545,339.363636,337.6392962580645,555.5879768387097,1.282947,29.054738322580643,1.0,1.0,1.0,1.0,none,0:1.0500|1:0.9300|2:1.0300|3:0.9400|4:0.9500|5:1.1000|6:0.8200|,Tolga Güler:6:15364|Esin Yıldız:4:42057,2265282,32,170887,1213,31,38.62451903740218,38.7336210399616,none,647215
Atak,22,1274,2014,8,1763,1537,226,7193,146,65,0,2,197,3308060,1975321,1318237,335761,72540,80090,101277,0,1441,727128,42019159,24260742,2109572,15648845,12631361,845016,210399790,100789,0,965846,1780051,0,4.0,0.0,2.0,1.0,1.0,565.6451611290323,590.681818,340.954545,339.6129032903226,559.3841643225807,1.291361,27.147067258064517,1.0,1.0,1.0,1.0,none,0:1.0500|1:0.9300|2:1.0300|3:0.9400|4:0.9500|5:1.1000|6:0.8200|,Tolga Güler:6:15364|Esin Yıldız:4:42057,1992558,33,170887,1244,31,39.84924699068336,39.72289194175161,none,556241
Atak,22,1304,2014,9,1730,1507,223,6965,165,105,0,2,188,3787185,2243544,1526826,324930,70200,78016,85800,0,473,967407,59749857,42490092,2079164,15180601,18198085,1047328,223818403,100789,0,982935,1722630,0,4.0,0.0,2.0,1.0,1.0,565.6818179999999,594.3181820000001,332.772727,335.05757573333335,562.3666668333333,1.299829,27.434328266666668,1.0,1.0,1.0,1.0,none,0:1.0500|1:0.9300|2:1.0300|3:0.9400|4:0.9500|5:1.1000|6:0.8200|,Tolga Güler:6:15364|Esin Yıldız:4:42057,2271510,33,170887,1275,30,40.315590603574954,41.17316194171897,none,796520
Atak,22,1335,2014,10,1751,1519,232,7294,180,78,0,7,184,3839115,2254750,1566409,335761,72540,81113,89218,0,0,987777,60073379,42820250,2044226,15208903,15208903,1033954,233054728,100789,0,1000024,1780051,0,4.0,0.0,2.0,1.0,1.0,567.8958946774193,599.318182,333.545455,333.7375368064516,566.6085042903226,1.308077,27.889575258064514,1.0,1.0,1.0,1.0,none,0:1.0500|1:0.9300|2:1.0300|3:0.9400|4:0.9500|5:1.1000|6:0.8200|,Tolga Güler:6:15364|Esin Yıldız:4:42057,2233900,34,170887,1305,31,40.80130446730561,41.26644370453441,none,816890
Atak,22,1365,2014,11,1658,1431,227,6608,214,106,0,5,173,3689150,2207203,1468802,324930,70200,79007,86910,0,0,907755,65257084,46075220,3174,19178690,14944221,1103198,220140459,100789,0,1017113,1722630,0,4.0,0.0,2.0,1.0,1.0,569.7045456333333,602.272727,343.545455,340.5575757,569.5909090333333,1.316655,27.704479166666665,1.0,1.0,1.0,1.0,none,0:1.0500|1:0.9300|2:1.0300|3:0.9400|4:0.9500|5:1.1000|6:0.8200|,Tolga Güler:6:15364|Esin Yıldız:4:42057,2271314,34,170887,1336,30,39.81410351978098,39.69761034325522,none,736868
Atak,22,1396,2014,12,1694,1475,219,6800,224,147,0,0,161,4045205,2399598,1631042,335761,72540,82167,99417,0,0,1041157,61791993,41030209,2048620,18713164,22947633,1031808,245270621,105665,0,1035028,1782871,0,4.0,0.0,2.0,1.0,1.0,580.3372432258064,606.818182,345.136364,343.97653948387097,574.0381234516129,1.32501,26.275493032258066,1.0,1.0,1.0,1.0,none,0:1.0500|1:0.9300|2:1.0300|3:0.9400|4:0.9500|5:1.1000|6:0.8200|,Tolga Güler:6:15364|Esin Yıldız:4:42057,2396388,35,179156,1366,31,40.32037931328573,40.52831038698147,none,862001
Atak,22,1427,2015,1,1659,1394,265,6342,244,122,0,0,207,3899300,2347233,1533697,344761,74617,82696,100068,0,0,931555,23931222,8808692,2017942,13104588,13104588,905784,258553043,105665,0,1052943,1867471,0,4.0,0.0,2.0,1.0,1.0,581.6715543870968,610.227273,351.0,348.81524932258066,577.8460409354839,1.3337,24.742580612903225,1.0,1.0,1.0,1.0,none,0:1.0500|1:0.9300|2:1.0300|3:0.9400|4:0.9500|5:1.1000|6:0.8200|,Tolga Güler:6:16119|Esin Yıldız:4:44122,2348172,38,179156,1397,31,39.332623804272565,39.65666752092661,none,752399
Atak,22,1455,2015,2,1409,1184,225,5516,214,83,0,0,177,3278750,1956226,1305351,311668,67396,75225,91000,0,0,760062,37288254,19590330,1986843,15711081,15711081,968850,273231500,105665,0,1070858,1686748,0,4.0,0.0,2.0,1.0,1.0,583.7905840714286,614.5454550000001,348.0681815,348.5762986428571,581.6801949642856,1.342972,24.16536339285714,1.0,1.0,1.0,1.0,none,0:1.0500|1:0.9300|2:1.0300|3:0.9400|4:0.9500|5:1.1000|6:0.8200|,Tolga Güler:6:16119|Esin Yıldız:4:44122,1997010,40,179156,1428,28,39.81245901639344,40.37790416684543,none,580906
Atak,22,1486,2015,3,1645,1403,242,6786,267,69,0,0,184,3891241,2364878,1508928,345061,74617,83812,92163,0,416,912859,67782560,44387507,1955318,21439735,21439735,989038,266829107,105665,0,1088773,1867471,0,4.0,0.0,2.0,1.0,1.0,586.0777122258065,618.409091,358.31818200000004,355.5175952903226,585.1774192903225,1.351403,24.598319,1.0,1.0,1.0,1.0,none,0:1.0500|1:0.9300|2:1.0300|3:0.9400|4:0.9500|5:1.1000|6:0.8200|,Tolga Güler:6:16119|Esin Yıldız:4:44122,2411388,41,179156,1456,31,38.77755194294057,38.86166040350197,none,733703
Atak,22,1516,2015,4,1592,1345,247,6352,266,77,0,0,189,3507540,2094979,1396079,333930,72210,81678,89820,0,0,818441,74777040,52184062,1923358,20669620,20669620,998526,292296844,105665,0,1106688,1807230,0,4.0,0.0,2.0,1.0,1.0,595.7196965666667,622.954545,356.0,356.49696943333333,587.2393938,1.360799,23.415589533333332,1.0,1.0,1.0,1.0,none,0:1.0500|1:0.9300|2:1.0300|3:0.9400|4:0.9500|5:1.1000|6:0.8200|,Tolga Güler:6:16119|Esin Yıldız:4:44122,2106840,41,179156,1487,30,39.80222606157022,40.240350948315466,none,639285
Atak,22,1547,2015,5,1607,1342,265,6136,222,68,0,0,223,3411456,2016264,1377871,345061,74617,84959,93434,0,2056,777744,73578355,46628615,1314,26948426,21921624,921954,331083296,105665,0,1124603,2051515,0,4.0,0.0,2.0,1.0,1.0,597.9178883548387,626.818182,351.954545,353.58504403225805,593.3489735483871,1.369954,24.049976967741937,1.0,1.0,1.0,1.0,none,0:1.0500|1:0.9300|2:1.0300|3:0.9400|4:0.9500|5:1.1000|6:0.8200|,Tolga Güler:6:16119|Esin Yıldız:4:44122|Yasemin Korkmaz:1:13147,2026230,41,179156,1517,31,40.38952869390665,41.136642362649965,none,598588
Atak,22,1577,2015,6,1666,1423,243,6644,182,61,0,0,205,3458486,2029219,1409186,333930,72210,82789,104700,0,2049,813508,59932308,37440332,2045245,20446731,25473533,891804,336859620,110542,0,1143345,2205258,0,4.0,0.0,2.0,1.0,1.0,600.1287881999999,632.045455,352.636364,352.9015152,596.5742425000001,1.379479,24.920796900000003,1.0,1.0,1.0,1.0,none,0:1.0500|1:0.9300|2:1.0300|3:0.9400|4:0.9500|5:1.1000|6:0.8200|,Tolga Güler:6:16119|Esin Yıldız:4:44122|Yasemin Korkmaz:1:13147,2063088,45,187425,1548,30,40.74574828407575,41.239885348996154,none,626083
Atak,22,1608,2015,7,1712,1440,272,6883,205,43,0,3,226,3498899,2044381,1434976,429161,93616,86137,108934,0,32190,684938,57439430,36987291,2015214,18436925,18436925,920520,342193885,110542,0,1162087,2641317,0,3.967741935483871,0.0,2.0,0.967741935483871,1.0,608.3797654193548,635.227273,357.84604106451616,356.1011730322581,601.2155428387097,1.38876,24.03810777419355,1.0,1.0,1.0,1.0,none,0:1.0500|1:0.9300|2:1.0300|3:0.9400|4:0.9500|5:1.1000|6:0.8200|,Tolga Güler:6:16920|Esin Yıldız:4:46316|Yasemin Korkmaz:1:13800|Serkan Yavuz:1:13328,2075400,46,187425,1578,31,41.01221555695091,41.180482750300925,none,497513
Atak,22,1639,2015,8,1616,1356,260,6565,153,48,0,5,223,3490583,2054269,1418671,448911,97991,86726,109678,0,1828,673537,59495726,31645707,1984745,25865274,25865274,954700,358943618,110542,0,1180829,3748192,0,4.0,0.0,2.0,1.0,1.0,608.5630501935483,640.909091,359.363636,358.2609969677419,606.6260999354839,1.398416,25.28088006451613,1.0,1.0,1.0,1.0,none,0:1.0500|1:0.9300|2:1.0300|3:0.9400|4:0.9500|5:1.1000|6:0.8200|,Tolga Güler:6:16920|Esin Yıldız:4:46316|Yasemin Korkmaz:1:13800|Serkan Yavuz:1:13328|Pınar Tekin:1:14557|Ahmet Uçar:1:14084|Bülent Kaplan:2:27695,2066604,49,187425,1609,31,40.642809524941825,40.94882430247655,none,486112
Atak,22,1669,2015,9,1579,1340,239,6367,164,61,0,0,213,3689109,2220547,1449871,434430,94830,84499,92940,0,1757,741415,89523260,64954153,1953833,22615274,22615274,1041668,352400485,110542,0,1199571,4400970,0,4.0,0.0,2.0,1.0,1.0,609.7272728,644.090909,369.5378786666667,366.41060596666665,609.2257578333333,1.408139,25.3880644,1.0,1.0,1.0,1.0,none,0:1.0500|1:0.9300|2:1.0300|3:0.9400|4:0.9500|5:1.1000|6:0.8200|,Tolga Güler:6:16920|Esin Yıldız:4:46316|Yasemin Korkmaz:1:13800|Serkan Yavuz:1:13328|Pınar Tekin:1:14557|Ahmet Uçar:1:14084|Bülent Kaplan:2:27695,2246672,52,187425,1640,30,39.30138686604272,39.39292284406625,none,553990
Atak,22,1700,2015,10,1698,1441,257,6783,216,64,0,0,212,3942241,2339512,1581462,448911,97991,87905,96689,0,1008,848958,97615745,69947522,1922809,25745414,25745414,1098078,384214696,110542,0,1218313,4547669,0,4.0,0.0,2.0,1.0,1.0,620.7551318064516,648.8636359999999,368.34310858064515,368.0806451612903,613.7976539032258,1.417612,24.420913451612904,1.0,1.0,1.0,1.0,none,0:1.0500|1:0.9300|2:1.0300|3:0.9400|4:0.9500|5:1.1000|6:0.8200|,Tolga Güler:6:16920|Esin Yıldız:4:46316|Yasemin Korkmaz:1:13800|Serkan Yavuz:1:13328|Pınar Tekin:1:14557|Ahmet Uçar:1:14084|Bülent Kaplan:2:27695,2356740,52,187425,1670,31,40.11581230066858,40.662092070228304,none,661533
Atak,22,1730,2015,11,1603,1354,249,6241,214,68,0,0,209,3654728,2185946,1449870,434430,94830,85669,94200,0,1219,739522,113838684,81994396,4430,31839858,31839858,965152,345393408,110542,0,1237055,4400970,0,4.0,0.0,2.0,1.0,1.0,619.4242423666667,653.863636,369.818182,369.2318180333333,616.9484848666667,1.427469,25.029688533333335,1.0,1.0,1.0,1.0,none,0:1.0500|1:0.9300|2:1.0300|3:0.9400|4:0.9500|5:1.1000|6:0.8200|,Tolga Güler:6:16920|Esin Yıldız:4:46316|Yasemin Korkmaz:1:13800|Serkan Yavuz:1:13328|Pınar Tekin:1:14557|Ahmet Uçar:1:14084|Bülent Kaplan:2:27695,2221294,52,187425,1701,30,39.671078121271954,40.29646295614517,none,552097
Atak,22,1761,2015,12,1656,1394,262,6889,199,111,0,0,213,4223408,2570825,1636982,448911,97991,89114,107818,0,1017,892131,118068472,84380373,1933245,31754854,31754854,1052952,438469879,117045,0,1256900,4555262,0,4.0,0.0,2.0,1.0,1.0,614.6700878387097,658.181818,372.772727,371.4545452580645,617.5278593225806,1.437072,26.79235229032258,1.0,1.0,1.0,1.0,none,0:1.0500|1:0.9300|2:1.0300|3:0.9400|4:0.9500|5:1.1000|6:0.8200|,Tolga Güler:6:16920|Esin Yıldız:4:46316|Yasemin Korkmaz:1:13800|Serkan Yavuz:1:13328|Pınar Tekin:1:14557|Ahmet Uçar:1:14084|Bülent Kaplan:2:27695,2570984,52,198450,1731,31,38.75974094854203,39.35401536932833,none,693681
Atak,22,1792,2016,1,1652,1398,254,6977,241,85,0,2,196,4459939,2672976,1777245,460911,100781,89735,108562,0,689,1016567,41782183,12837141,1904864,27040178,21885164,1217620,431564278,117045,0,1276745,4888136,0,4.0,0.0,2.0,1.0,1.0,634.0762467419355,662.272727,378.0,375.9325513548387,625.5791790967742,1.447064,25.151209451612903,1.0,1.0,1.0,1.0,none,0:1.0500|1:0.9300|2:1.0300|3:0.9400|4:0.9500|5:1.1000|6:0.8200|,Tolga Güler:6:17796|Esin Yıldız:4:48713|Yasemin Korkmaz:1:14515|Serkan Yavuz:1:14018|Pınar Tekin:1:15310|Ahmet Uçar:1:14813|Bülent Kaplan:2:29128|Fatma Kalkan:1:15011,2708272,55,198450,1762,31,39.84908762205043,40.38571828825449,none,818117
Atak,22,1821,2016,2,1548,1273,275,6001,211,93,0,0,231,3808729,2253436,1540387,431549,94279,84555,102312,0,809,826883,22899416,-2303769,1876069,23327116,28482130,1090686,459092477,117045,0,1296590,5684863,0,4.0,0.0,2.0,1.0,1.0,635.227273,667.272727,370.136364,372.3213166206897,630.1927898965517,1.4576940000000003,24.554795793103448,1.0,1.0,1.0,1.0,none,0:1.0500|1:0.9300|2:1.0300|3:0.9400|4:0.9500|5:1.1000|6:0.8200|,Tolga Güler:6:17796|Esin Yıldız:4:48713|Yasemin Korkmaz:1:14515|Serkan Yavuz:1:14018|Pınar Tekin:1:15310|Ahmet Uçar:1:14813|Bülent Kaplan:2:29128|Fatma Kalkan:1:15011|Osman Güneş:1:15112|Kadir Çelik:1:14018|Hasan Güler:1:13421|Burak Soylu:1:15011,2253604,60,198450,1793,29,40.44359680092755,41.731663652923785,none,628433
Atak,22,1852,2016,3,1642,1375,267,6542,177,48,0,0,227,3886118,2310284,1551223,461311,100781,91007,100099,0,1386,796639,96757735,67456183,1846855,27454697,27454697,1101408,463592599,117045,0,1316435,7032815,0,4.0,0.0,2.0,1.0,1.0,632.6539588064517,671.1363640000001,375.31818200000004,373.93841641935484,632.3049852580646,1.467709,25.991222999999998,1.0,1.0,1.0,1.0,none,0:1.0500|1:0.9300|2:1.0300|3:0.9400|4:0.9500|5:1.1000|6:0.8200|,Tolga Güler:6:17796|Esin Yıldız:4:48713|Yasemin Korkmaz:1:14515|Serkan Yavuz:1:14018|Pınar Tekin:1:15310|Ahmet Uçar:1:14813|Bülent Kaplan:2:29128|Fatma Kalkan:1:15011|Osman Güneş:1:15112|Kadir Çelik:1:14018|Hasan Güler:1:13421|Burak Soylu:1:15011,2326938,61,198450,1822,31,39.91703288474513,40.67559733474751,none,598189
Atak,22,1882,2016,4,1591,1328,263,6270,212,77,0,0,213,3819142,2243636,1558531,446430,97530,88731,97590,0,1049,827201,95989452,64462633,1817216,29709603,29709603,971218,482780968,117045,0,1336280,6805950,0,4.0,0.0,2.0,1.0,1.0,642.8257575666667,676.590909,378.681818,377.1348486,636.5954545000001,1.4784910000000002,24.626086833333332,1.0,1.0,1.0,1.0,none,0:1.0500|1:0.9300|2:1.0300|3:0.9400|4:0.9500|5:1.1000|6:0.8200|,Tolga Güler:6:17796|Esin Yıldız:4:48713|Yasemin Korkmaz:1:14515|Serkan Yavuz:1:14018|Pınar Tekin:1:15310|Ahmet Uçar:1:14813|Bülent Kaplan:2:29128|Fatma Kalkan:1:15011|Osman Güneş:1:15112|Kadir Çelik:1:14018|Hasan Güler:1:13421|Burak Soylu:1:15011,2299072,62,198450,1853,30,40.80840670496148,41.091063395864715,none,628751
Atak,22,1913,2016,5,1692,1417,275,6903,217,66,0,0,233,3986438,2364926,1597163,461311,100781,92340,101556,0,2386,838789,96231901,56569229,1787145,37875527,37875527,1036014,498060995,117045,0,1356125,7782605,0,4.0,0.0,2.0,1.0,1.0,646.1436953548387,680.909091,383.590909,381.4824045483871,640.542522032258,1.489001,25.568695709677417,1.0,1.0,1.0,1.0,none,0:1.0500|1:0.9300|2:1.0300|3:0.9400|4:0.9500|5:1.1000|6:0.8200|,Tolga Güler:6:17796|Esin Yıldız:4:48713|Yasemin Korkmaz:1:14515|Serkan Yavuz:1:14018|Pınar Tekin:1:15310|Ahmet Uçar:1:14813|Bülent Kaplan:2:29128|Fatma Kalkan:1:15011|Osman Güneş:1:15112|Kadir Çelik:1:14018|Hasan Güler:1:13421|Burak Soylu:1:15011|Serkan Doğan:1:15708|Ercan Sarı:2:25847|Nazlı Şimşek:3:41754,2408462,63,198450,1883,31,40.06491509462834,40.63380765646165,none,640339
Atak,22,1943,2016,6,1706,1430,276,7278,159,57,0,2,238,4004879,2415294,1569654,446430,97530,90021,113850,0,1023,820800,85012096,53229401,1756637,30026058,30026058,1238236,524767805,123547,0,1377072,9437455,0,4.0,0.0,2.0,1.0,1.0,644.7954548333332,685.6818179999999,391.0,387.93787886666667,645.7803029333334,1.499939,26.777932833333335,1.0,1.0,1.0,1.0,none,0:1.0500|1:0.9300|2:1.0300|3:0.9400|4:0.9500|5:1.1000|6:0.8200|,Tolga Güler:6:17796|Esin Yıldız:4:48713|Yasemin Korkmaz:1:14515|Serkan Yavuz:1:14018|Pınar Tekin:1:15310|Ahmet Uçar:1:14813|Bülent Kaplan:2:29128|Fatma Kalkan:1:15011|Osman Güneş:1:15112|Kadir Çelik:1:14018|Hasan Güler:1:13421|Burak Soylu:1:15011|Serkan Doğan:1:15708|Ercan Sarı:2:25847|Nazlı Şimşek:3:41754|Erdem Şimşek:1:14415|Sevgi Turan:1:14216,2433200,65,209475,1914,30,39.19354367510229,39.36061473927949,none,611325
Atak,22,1974,2016,7,1647,1381,266,6529,200,41,0,3,224,3734697,2244758,1473102,473311,103571,93673,118482,0,1199,682866,59573225,27710979,1551,31860695,25880873,1056912,527669510,123547,0,1398019,11051097,0,4.0,0.0,2.0,1.0,1.0,654.7214078387098,692.045455,396.636364,394.1964809032258,654.1436953548387,1.510601,25.866175612903227,1.0,1.0,1.0,1.0,none,0:1.0500|1:0.9300|2:1.0300|3:0.9400|4:0.9500|5:1.1000|6:0.8200|,Tolga Güler:6:18724|Esin Yıldız:4:51255|Yasemin Korkmaz:1:15272|Serkan Yavuz:1:14749|Pınar Tekin:1:16109|Ahmet Uçar:1:15586|Bülent Kaplan:2:30648|Fatma Kalkan:1:15795|Osman Güneş:1:15899|Kadir Çelik:1:14749|Hasan Güler:1:14122|Burak Soylu:1:15795|Serkan Doğan:1:16528|Ercan Sarı:2:27196|Nazlı Şimşek:3:43933|Erdem Şimşek:1:15168|Sevgi Turan:1:14958,2287958,69,209475,1944,31,39.44368177659393,39.41906294017025,none,473391
Atak,22,2005,2016,8,1758,1490,268,7655,196,48,0,0,235,4370931,2562631,1783666,473711,103571,94356,119350,0,1411,991267,84889749,51636393,1759786,31493570,37473392,1183606,550074513,123547,0,1418966,12346215,0,4.0,0.0,2.0,1.0,1.0,662.3533726451612,696.590909,384.409091,387.55131958064516,657.3079180645161,1.521698,25.805019903225805,1.0,1.0,1.0,1.0,none,0:1.0500|1:0.9300|2:1.0300|3:0.9400|4:0.9500|5:1.1000|6:0.8200|,Tolga Güler:6:18724|Esin Yıldız:4:51255|Yasemin Korkmaz:1:15272|Serkan Yavuz:1:14749|Pınar Tekin:1:16109|Ahmet Uçar:1:15586|Bülent Kaplan:2:30648|Fatma Kalkan:1:15795|Osman Güneş:1:15899|Kadir Çelik:1:14749|Hasan Güler:1:14122|Burak Soylu:1:15795|Serkan Doğan:1:16528|Ercan Sarı:2:27196|Nazlı Şimşek:3:43933|Erdem Şimşek:1:15168|Sevgi Turan:1:14958|Meltem Taş:1:14435|Mehmet Güler:2:28034|Gamze Koç:1:14435|Ayşe Tekin:2:33054|Murat Arslan:3:44456,2594372,74,209475,1975,31,40.80746184279734,41.9631412964908,none,781792
Atak,22,2035,2016,9,1644,1383,261,6766,167,72,0,3,231,4088597,2454261,1614481,458430,100230,92002,101160,0,983,861676,121812252,86668882,1733847,33409523,33409523,1217736,553264127,123547,0,1439913,14727090,0,4.0,0.0,2.0,1.0,1.0,665.227273,702.272727,401.136364,396.31515156666666,662.9045456666666,1.5328759999999997,26.0977929,1.0,1.0,1.0,1.0,none,0:1.0500|1:0.9300|2:1.0300|3:0.9400|4:0.9500|5:1.1000|6:0.8200|,Tolga Güler:6:18724|Esin Yıldız:4:51255|Yasemin Korkmaz:1:15272|Serkan Yavuz:1:14749|Pınar Tekin:1:16109|Ahmet Uçar:1:15586|Bülent Kaplan:2:30648|Fatma Kalkan:1:15795|Osman Güneş:1:15899|Kadir Çelik:1:14749|Hasan Güler:1:14122|Burak Soylu:1:15795|Serkan Doğan:1:16528|Ercan Sarı:2:27196|Nazlı Şimşek:3:43933|Erdem Şimşek:1:15168|Sevgi Turan:1:14958|Meltem Taş:1:14435|Mehmet Güler:2:28034|Gamze Koç:1:14435|Ayşe Tekin:2:33054|Murat Arslan:3:44456,2499098,74,209475,2006,30,39.4874085169069,39.69935084125752,none,652201
Atak,22,2066,2016,10,1587,1316,271,6356,218,58,0,5,206,4049419,2423669,1606175,473711,103571,95750,105276,0,1129,826738,119382777,72993056,1707530,44682191,44682191,1089174,586303430,123547,0,1460860,15231800,0,4.0,0.0,2.0,1.0,1.0,670.8724338709678,706.1363640000001,402.590909,401.11436961290326,668.0791790967742,1.543772,24.870143548387098,1.0,1.0,1.0,1.0,none,0:1.0500|1:0.9300|2:1.0300|3:0.9400|4:0.9500|5:1.1000|6:0.8200|,Tolga Güler:6:18724|Esin Yıldız:4:51255|Yasemin Korkmaz:1:15272|Serkan Yavuz:1:14749|Pınar Tekin:1:16109|Ahmet Uçar:1:15586|Bülent Kaplan:2:30648|Fatma Kalkan:1:15795|Osman Güneş:1:15899|Kadir Çelik:1:14749|Hasan Güler:1:14122|Burak Soylu:1:15795|Serkan Doğan:1:16528|Ercan Sarı:2:27196|Nazlı Şimşek:3:43933|Erdem Şimşek:1:15168|Sevgi Turan:1:14958|Meltem Taş:1:14435|Mehmet Güler:2:28034|Gamze Koç:1:14435|Ayşe Tekin:2:33054|Murat Arslan:3:44456|Levent Şimşek:1:13807,2438682,74,209475,2036,31,39.66433209307311,39.989946124775145,none,617263
Atak,22,2096,2016,11,1595,1312,283,6567,213,91,0,0,229,4142629,2445714,1682149,458430,100230,93322,102630,0,454,927083,153305890,117133123,1680829,34491938,34491938,1063944,520626260,123547,0,1481807,15141300,0,4.0,0.0,2.0,1.0,1.0,679.3787879666667,712.272727,398.227273,399.25606046666667,673.3151513333333,1.555113,24.539868866666666,1.0,1.0,1.0,1.0,none,0:1.0500|1:0.9300|2:1.0300|3:0.9400|4:0.9500|5:1.1000|6:0.8200|,Tolga Güler:6:18724|Esin Yıldız:4:51255|Yasemin Korkmaz:1:15272|Serkan Yavuz:1:14749|Pınar Tekin:1:16109|Ahmet Uçar:1:15586|Bülent Kaplan:2:30648|Fatma Kalkan:1:15795|Osman Güneş:1:15899|Kadir Çelik:1:14749|Hasan Güler:1:14122|Burak Soylu:1:15795|Serkan Doğan:1:16528|Ercan Sarı:2:27196|Nazlı Şimşek:3:43933|Erdem Şimşek:1:15168|Sevgi Turan:1:14958|Meltem Taş:1:14435|Mehmet Güler:2:28034|Gamze Koç:1:14435|Ayşe Tekin:2:33054|Murat Arslan:3:44456|Levent Şimşek:1:13807,2435496,74,209475,2067,30,40.605832672923405,41.38361690804824,none,717608
Atak,22,2127,2016,12,1616,1330,286,6509,225,86,0,0,228,4304921,2540028,1745844,473711,103571,97115,117490,0,719,953238,150394704,104116428,1654140,44624136,44624136,1187340,646788466,133301,0,1504408,15688647,0,4.0,0.0,2.0,1.0,1.0,681.6422289032258,716.1363640000001,400.136364,399.47800603225807,677.1260994193549,1.566167,24.780261096774193,1.0,1.0,1.0,1.0,none,0:1.0500|1:0.9300|2:1.0300|3:0.9400|4:0.9500|5:1.1000|6:0.8200|,Tolga Güler:6:18724|Esin Yıldız:4:51255|Yasemin Korkmaz:1:15272|Serkan Yavuz:1:14749|Pınar Tekin:1:16109|Ahmet Uçar:1:15586|Bülent Kaplan:2:30648|Fatma Kalkan:1:15795|Osman Güneş:1:15899|Kadir Çelik:1:14749|Hasan Güler:1:14122|Burak Soylu:1:15795|Serkan Doğan:1:16528|Ercan Sarı:2:27196|Nazlı Şimşek:3:43933|Erdem Şimşek:1:15168|Sevgi Turan:1:14958|Meltem Taş:1:14435|Mehmet Güler:2:28034|Gamze Koç:1:14435|Ayşe Tekin:2:33054|Murat Arslan:3:44456|Levent Şimşek:1:13807,2543352,74,226012,2097,31,40.55461180356155,41.29818443851016,none,727226
Atak,22,2158,2017,1,1526,1249,277,5633,240,85,0,0,222,4062960,2409985,1631543,491711,107756,97845,118358,0,976,814897,31175557,-8919305,1631956,38462906,38462906,1240830,655421101,133301,0,1527009,16967757,0,4.0,0.0,2.0,1.0,1.0,687.1700877096774,722.5,407.772727,404.92375367741937,682.4398827419354,1.577672,23.860876032258062,1.0,1.0,1.0,1.0,none,0:1.0500|1:0.9300|2:1.0300|3:0.9400|4:0.9500|5:1.1000|6:0.8200|,Tolga Güler:6:20306|Esin Yıldız:4:55586|Yasemin Korkmaz:1:16562|Serkan Yavuz:1:15995|Pınar Tekin:1:17470|Ahmet Uçar:1:16903|Bülent Kaplan:2:33238|Fatma Kalkan:1:17129|Osman Güneş:1:17243|Kadir Çelik:1:15995|Hasan Güler:1:15315|Burak Soylu:1:17129|Serkan Doğan:1:17923|Ercan Sarı:2:29494|Nazlı Şimşek:3:47645|Erdem Şimşek:1:16449|Sevgi Turan:1:16221|Meltem Taş:1:15654|Mehmet Güler:2:30402|Gamze Koç:1:15654|Ayşe Tekin:2:35847|Murat Arslan:3:48212|Levent Şimşek:1:14974,2477862,81,226012,2128,31,40.15651150885069,40.65912729712998,none,588885
Atak,22,2186,2017,2,1380,1086,294,5136,188,113,0,0,221,3634197,2141864,1471623,444668,97328,89497,108248,0,1187,730695,20475746,-12797463,1604102,31669107,31669107,977370,674710304,133301,0,1549610,15730148,0,4.0,0.0,2.0,1.0,1.0,697.9788960357143,731.5909089999999,410.727273,408.87987010714284,692.0016233928571,1.597686,23.210725785714285,1.0,1.0,1.0,1.0,none,0:1.0500|1:0.9300|2:1.0300|3:0.9400|4:0.9500|5:1.1000|6:0.8200|,Tolga Güler:6:20306|Esin Yıldız:4:55586|Yasemin Korkmaz:1:16562|Serkan Yavuz:1:15995|Pınar Tekin:1:17470|Ahmet Uçar:1:16903|Bülent Kaplan:2:33238|Fatma Kalkan:1:17129|Osman Güneş:1:17243|Kadir Çelik:1:15995|Hasan Güler:1:15315|Burak Soylu:1:17129|Serkan Doğan:1:17923|Ercan Sarı:2:29494|Nazlı Şimşek:3:47645|Erdem Şimşek:1:16449|Sevgi Turan:1:16221|Meltem Taş:1:15654|Mehmet Güler:2:30402|Gamze Koç:1:15654|Ayşe Tekin:2:35847|Murat Arslan:3:48212|Levent Şimşek:1:14974|Nazlı Avcı:1:17584,2150160,86,226012,2159,28,40.4937596943699,41.15477196620228,none,504683
Atak,22,2217,2017,3,1526,1215,311,5804,263,71,0,0,232,4139785,2453441,1672577,492311,107756,100233,110205,0,1237,860835,89407743,57094362,4128,32309253,32309253,1135878,633139398,133301,0,1572211,17512861,0,4.0,0.0,2.0,1.0,1.0,705.2199412258065,739.772727,420.090909,416.909091,699.2859237741935,1.61598,23.108416967741935,1.0,1.0,1.0,1.0,none,0:1.0500|1:0.9300|2:1.0300|3:0.9400|4:0.9500|5:1.1000|6:0.8200|,Tolga Güler:6:20306|Esin Yıldız:4:55586|Yasemin Korkmaz:1:16562|Serkan Yavuz:1:15995|Pınar Tekin:1:17470|Ahmet Uçar:1:16903|Bülent Kaplan:2:33238|Fatma Kalkan:1:17129|Osman Güneş:1:17243|Kadir Çelik:1:15995|Hasan Güler:1:15315|Burak Soylu:1:17129|Serkan Doğan:1:17923|Ercan Sarı:2:29494|Nazlı Şimşek:3:47645|Erdem Şimşek:1:16449|Sevgi Turan:1:16221|Meltem Taş:1:15654|Mehmet Güler:2:30402|Gamze Koç:1:15654|Ayşe Tekin:2:35847|Murat Arslan:3:48212|Levent Şimşek:1:14974|Nazlı Avcı:1:17584,2510770,95,226012,2187,31,40.402508825941446,40.43122089403739,none,634823
Atak,22,2247,2017,4,1545,1240,305,5889,223,76,0,0,244,4168414,2477698,1665059,476430,104280,98230,108000,0,1721,876398,118901847,65896486,2248148,50757213,40291202,1193726,649884497,133301,0,1594812,16947930,0,4.0,0.0,2.0,1.0,1.0,712.1515151666666,749.3181820000001,424.454545,422.2833334333334,707.1757573,1.636479,24.09253753333333,1.0,1.0,1.0,1.0,none,0:1.0500|1:0.9300|2:1.0300|3:0.9400|4:0.9500|5:1.1000|6:0.8200|,Tolga Güler:6:20306|Esin Yıldız:4:55586|Yasemin Korkmaz:1:16562|Serkan Yavuz:1:15995|Pınar Tekin:1:17470|Ahmet Uçar:1:16903|Bülent Kaplan:2:33238|Fatma Kalkan:1:17129|Osman Güneş:1:17243|Kadir Çelik:1:15995|Hasan Güler:1:15315|Burak Soylu:1:17129|Serkan Doğan:1:17923|Ercan Sarı:2:29494|Nazlı Şimşek:3:47645|Erdem Şimşek:1:16449|Sevgi Turan:1:16221|Meltem Taş:1:15654|Mehmet Güler:2:30402|Gamze Koç:1:15654|Ayşe Tekin:2:35847|Murat Arslan:3:48212|Levent Şimşek:1:14974|Nazlı Avcı:1:17584,2506930,95,226012,2218,30,39.94466480536722,40.398280989311125,none,650386
Atak,22,2278,2017,5,1610,1299,311,6172,288,64,0,0,241,4234091,2468662,1742762,492311,107756,102745,112964,0,592,926394,137873325,91200255,2219783,44453287,54919298,1177716,680363097,133301,0,1617413,17512861,0,4.0,0.0,2.0,1.0,1.0,724.5967742580646,758.6363640000001,422.090909,422.50733141935484,716.6979472903225,1.656565,22.840538838709676,1.0,1.0,1.0,1.0,none,0:1.0500|1:0.9300|2:1.0300|3:0.9400|4:0.9500|5:1.1000|6:0.8200|,Tolga Güler:6:20306|Esin Yıldız:4:55586|Yasemin Korkmaz:1:16562|Serkan Yavuz:1:15995|Pınar Tekin:1:17470|Ahmet Uçar:1:16903|Bülent Kaplan:2:33238|Fatma Kalkan:1:17129|Osman Güneş:1:17243|Kadir Çelik:1:15995|Hasan Güler:1:15315|Burak Soylu:1:17129|Serkan Doğan:1:17923|Ercan Sarı:2:29494|Nazlı Şimşek:3:47645|Erdem Şimşek:1:16449|Sevgi Turan:1:16221|Meltem Taş:1:15654|Mehmet Güler:2:30402|Gamze Koç:1:15654|Ayşe Tekin:2:35847|Murat Arslan:3:48212|Levent Şimşek:1:14974|Nazlı Avcı:1:17584,2504758,95,226012,2248,31,41.16023958861536,41.74816615321107,none,700382
Atak,22,2308,2017,6,1561,1286,275,6158,184,53,0,0,233,3911768,2261703,1631091,476430,104280,100691,127320,0,3655,818715,133543500,86561571,2190841,44791088,44791088,988992,741407964,144680,0,1641943,17244407,0,4.0,0.0,2.0,1.0,1.0,733.8787876,767.727273,426.0606063000001,424.2030303,726.4742425333333,1.677579,24.075567666666664,1.0,1.0,1.0035714,0.9989285999999999,0,0:1.0500|1:0.9300|2:1.0300|3:0.9400|4:0.9500|5:1.1000|6:0.8200|,Tolga Güler:6:20306|Esin Yıldız:4:55586|Yasemin Korkmaz:1:16562|Serkan Yavuz:1:15995|Pınar Tekin:1:17470|Ahmet Uçar:1:16903|Bülent Kaplan:2:33238|Fatma Kalkan:1:17129|Osman Güneş:1:17243|Kadir Çelik:1:15995|Hasan Güler:1:15315|Burak Soylu:1:17129|Serkan Doğan:1:17923|Ercan Sarı:2:29494|Nazlı Şimşek:3:47645|Erdem Şimşek:1:16449|Sevgi Turan:1:16221|Meltem Taş:1:15654|Mehmet Güler:2:30402|Gamze Koç:1:15654|Ayşe Tekin:2:35847|Murat Arslan:3:48212|Levent Şimşek:1:14974|Nazlı Avcı:1:17584|Murat Tekin:1:17810|Sinan Karaca:2:30969,2261088,95,245306,2279,30,41.69702804460796,41.94400853397822,none|0,573409
Atak,22,2339,2017,7,1640,1324,316,6475,262,63,0,0,257,3991344,2400542,1578149,513311,112654,105319,133176,0,1908,711781,20810509,-18582027,2161312,37231224,37231224,1132038,712935709,144680,0,1666473,20655052,0,4.0,0.0,2.0,1.0,1.0,733.5043988064516,777.045455,451.6290320967742,441.48533729032255,733.9428153548387,1.698169,24.113634677419352,1.0,1.0,1.2183179999999998,0.9345045806451613,0,0:1.0500|1:0.9300|2:1.0300|3:0.9400|4:0.9500|5:1.1000|6:0.8200|,Tolga Güler:6:22045|Esin Yıldız:4:60348|Yasemin Korkmaz:1:17982|Serkan Yavuz:1:17366|Pınar Tekin:1:18967|Ahmet Uçar:1:18350|Bülent Kaplan:2:36086|Fatma Kalkan:1:18597|Osman Güneş:1:18720|Kadir Çelik:1:17366|Hasan Güler:1:16627|Burak Soylu:1:18597|Serkan Doğan:1:19459|Ercan Sarı:2:32021|Nazlı Şimşek:3:51727|Erdem Şimşek:1:17858|Sevgi Turan:1:17612|Meltem Taş:1:16996|Mehmet Güler:2:33006|Gamze Koç:1:16996|Ayşe Tekin:2:38918|Murat Arslan:3:52343|Levent Şimşek:1:16257|Nazlı Avcı:1:19089|Murat Tekin:1:19337|Sinan Karaca:2:33623,2473348,95,245306,2309,31,39.539288019273705,38.42858572741229,0,466475
Atak,22,2370,2017,8,1659,1357,302,6652,240,47,0,0,253,4145926,2513286,1613338,514011,112654,106653,134881,0,6393,738746,-122732389,-151996062,2131184,27132489,27132489,1140784,862497937,144680,0,1691003,20655052,0,4.0,0.0,2.0,1.0,1.0,748.9296185483871,787.045455,459.590909,456.6759530967742,744.0234604516129,1.719711,25.423676677419355,1.0,1.0,1.25,0.925,0,0:1.0500|1:0.9300|2:1.0300|3:0.9400|4:0.9500|5:1.1000|6:0.8200|,Tolga Güler:6:22045|Esin Yıldız:4:60348|Yasemin Korkmaz:1:17982|Serkan Yavuz:1:17366|Pınar Tekin:1:18967|Ahmet Uçar:1:18350|Bülent Kaplan:2:36086|Fatma Kalkan:1:18597|Osman Güneş:1:18720|Kadir Çelik:1:17366|Hasan Güler:1:16627|Burak Soylu:1:18597|Serkan Doğan:1:19459|Ercan Sarı:2:32021|Nazlı Şimşek:3:51727|Erdem Şimşek:1:17858|Sevgi Turan:1:17612|Meltem Taş:1:16996|Mehmet Güler:2:33006|Gamze Koç:1:16996|Ayşe Tekin:2:38918|Murat Arslan:3:52343|Levent Şimşek:1:16257|Nazlı Avcı:1:19089|Murat Tekin:1:19337|Sinan Karaca:2:33623,2530166,95,245306,2340,31,38.913815634914855,38.63363156997287,0,493440
Atak,22,2400,2017,9,1533,1215,318,5797,277,49,0,0,239,4228363,2619045,1575071,497430,109020,104533,114930,0,3558,745600,50117195,23653978,2100443,24362774,24362774,1307844,742874697,144680,0,1715533,19988760,0,4.0,0.0,2.0,1.0,1.0,755.5757575333333,797.727273,468.636364,464.40000003333336,753.4393939666667,1.741526,24.170802633333334,1.0,1.0,1.25,0.925,0,0:1.0500|1:0.9300|2:1.0300|3:0.9400|4:0.9500|5:1.1000|6:0.8200|,Tolga Güler:6:22045|Esin Yıldız:4:60348|Yasemin Korkmaz:1:17982|Serkan Yavuz:1:17366|Pınar Tekin:1:18967|Ahmet Uçar:1:18350|Bülent Kaplan:2:36086|Fatma Kalkan:1:18597|Osman Güneş:1:18720|Kadir Çelik:1:17366|Hasan Güler:1:16627|Burak Soylu:1:18597|Serkan Doğan:1:19459|Ercan Sarı:2:32021|Nazlı Şimşek:3:51727|Erdem Şimşek:1:17858|Sevgi Turan:1:17612|Meltem Taş:1:16996|Mehmet Güler:2:33006|Gamze Koç:1:16996|Ayşe Tekin:2:38918|Murat Arslan:3:52343|Levent Şimşek:1:16257|Nazlı Avcı:1:19089|Murat Tekin:1:19337|Sinan Karaca:2:33623,2497170,104,245306,2371,30,37.25013675505154,37.97625726771343,0,500294
Atak,22,2431,2017,10,1644,1339,305,6131,327,67,0,0,239,4514715,2821880,1670455,514011,112654,109351,120218,0,1628,812593,58337773,13089569,2069946,43178258,43178258,1236750,739904338,144680,0,1740063,20655052,0,4.0,0.0,2.0,1.0,1.0,766.1143692258064,806.818182,480.18181799999996,476.05718477419356,761.4486803548388,1.762901,24.58485864516129,1.0,1.0,1.25,0.925,0,0:1.0500|1:0.9300|2:1.0300|3:0.9400|4:0.9500|5:1.1000|6:0.8200|,Tolga Güler:6:22045|Esin Yıldız:4:60348|Yasemin Korkmaz:1:17982|Serkan Yavuz:1:17366|Pınar Tekin:1:18967|Ahmet Uçar:1:18350|Bülent Kaplan:2:36086|Fatma Kalkan:1:18597|Osman Güneş:1:18720|Kadir Çelik:1:17366|Hasan Güler:1:16627|Burak Soylu:1:18597|Serkan Doğan:1:19459|Ercan Sarı:2:32021|Nazlı Şimşek:3:51727|Erdem Şimşek:1:17858|Sevgi Turan:1:17612|Meltem Taş:1:16996|Mehmet Güler:2:33006|Gamze Koç:1:16996|Ayşe Tekin:2:38918|Murat Arslan:3:52343|Levent Şimşek:1:16257|Nazlı Avcı:1:19089|Murat Tekin:1:19337|Sinan Karaca:2:33623,2875746,105,245306,2401,31,37.00023146533059,37.32243679422882,0,567287
Atak,22,2461,2017,11,1512,1210,302,5829,287,63,0,0,230,4381111,2765522,1596050,497430,109020,107173,117840,0,1124,763463,37035193,895031,2077369,34062793,34062793,1311802,770647590,144680,0,1764593,19988760,0,4.0,0.0,2.0,1.0,1.0,776.3939392333334,817.272727,491.227273,487.1893939,772.3651515,1.785264,23.836034700000003,1.0,1.0,1.25,0.925,0,0:1.0500|1:0.9300|2:1.0300|3:0.9400|4:0.9500|5:1.1000|6:0.8200|,Tolga Güler:6:22045|Esin Yıldız:4:60348|Yasemin Korkmaz:1:17982|Serkan Yavuz:1:17366|Pınar Tekin:1:18967|Ahmet Uçar:1:18350|Bülent Kaplan:2:36086|Fatma Kalkan:1:18597|Osman Güneş:1:18720|Kadir Çelik:1:17366|Hasan Güler:1:16627|Burak Soylu:1:18597|Serkan Doğan:1:19459|Ercan Sarı:2:32021|Nazlı Şimşek:3:51727|Erdem Şimşek:1:17858|Sevgi Turan:1:17612|Meltem Taş:1:16996|Mehmet Güler:2:33006|Gamze Koç:1:16996|Ayşe Tekin:2:38918|Murat Arslan:3:52343|Levent Şimşek:1:16257|Nazlı Avcı:1:19089|Murat Tekin:1:19337|Sinan Karaca:2:33623,2781674,107,245306,2432,30,36.43025707406181,36.72963579737977,0,518157
Atak,22,2492,2017,12,1629,1291,338,5835,346,97,0,0,249,4597190,2936070,1636263,514011,112654,112080,135563,0,3336,758619,87307893,39204849,2051050,46051994,36461011,1379694,784149635,154434,0,1790777,20702013,0,4.0,0.0,2.0,1.0,1.0,781.3416424193549,827.272727,496.5043989677419,494.0806451935484,782.0366567419355,1.807175,24.532607548387098,0.9580645161290322,0.9580645161290322,1.2479032258064517,0.897454870967742,1,0:1.0500|1:0.9300|2:1.0300|3:0.9400|4:0.9500|5:1.1000|6:0.8200|,Tolga Güler:6:22045|Esin Yıldız:4:60348|Yasemin Korkmaz:1:17982|Serkan Yavuz:1:17366|Pınar Tekin:1:18967|Ahmet Uçar:1:18350|Bülent Kaplan:2:36086|Fatma Kalkan:1:18597|Osman Güneş:1:18720|Kadir Çelik:1:17366|Hasan Güler:1:16627|Burak Soylu:1:18597|Serkan Doğan:1:19459|Ercan Sarı:2:32021|Nazlı Şimşek:3:51727|Erdem Şimşek:1:17858|Sevgi Turan:1:17612|Meltem Taş:1:16996|Mehmet Güler:2:33006|Gamze Koç:1:16996|Ayşe Tekin:2:38918|Murat Arslan:3:52343|Levent Şimşek:1:16257|Nazlı Avcı:1:19089|Murat Tekin:1:19337|Sinan Karaca:2:33623,3020454,109,261844,2462,31,35.592677265895034,36.454890919372964,0|1,496775
Atak,22,2523,2018,1,1401,1044,357,4615,521,89,0,0,235,3936921,2499197,1416865,532011,116839,113498,137299,0,6394,510824,-56789387,-88774434,2024639,29960408,39551391,1021798,780738982,154434,0,1816961,22110843,0,4.0,0.0,2.0,1.0,1.0,802.2873900322581,837.5,503.41202345161287,500.39442812903224,791.1231670645162,1.8301,22.13540580645161,0.9,0.9,1.2266666774193549,0.7907742903225806,1,0:1.0500|1:0.9300|2:1.0300|3:0.9400|4:0.9500|5:1.1000|6:0.8200|,Tolga Güler:6:23600|Esin Yıldız:4:64602|Yasemin Korkmaz:1:19248|Serkan Yavuz:1:18589|Pınar Tekin:1:20303|Ahmet Uçar:1:19644|Bülent Kaplan:2:38629|Fatma Kalkan:1:19907|Osman Güneş:1:20040|Kadir Çelik:1:18589|Hasan Güler:1:17798|Burak Soylu:1:19907|Serkan Doğan:1:20831|Ercan Sarı:2:34278|Nazlı Şimşek:3:55372|Erdem Şimşek:1:19117|Sevgi Turan:1:18853|Meltem Taş:1:18194|Mehmet Güler:2:35333|Gamze Koç:1:18194|Ayşe Tekin:2:41661|Murat Arslan:3:56033|Levent Şimşek:1:17402|Nazlı Avcı:1:20435|Murat Tekin:1:20699|Sinan Karaca:2:35993,2369712,109,261844,2493,31,35.98916513691791,37.25290591550095,1,248980
Atak,22,2551,2018,2,1298,1000,298,4413,364,63,0,0,205,3759891,2376548,1365013,481068,105532,103579,125300,0,4781,544753,-77922511,-107588294,1997688,27668095,27668095,1134970,830982864,154434,0,1843145,19971084,0,4.0,0.0,2.0,1.0,1.0,796.4448054285714,846.5909089999999,490.8668831071428,495.19480525,800.4675324642857,1.849195,24.240446821428574,0.9,0.9,1.2020833214285713,0.8,1,0:1.0500|1:0.9300|2:1.0300|3:0.9400|4:0.9500|5:1.1000|6:0.8200|,Tolga Güler:6:23600|Esin Yıldız:4:64602|Yasemin Korkmaz:1:19248|Serkan Yavuz:1:18589|Pınar Tekin:1:20303|Ahmet Uçar:1:19644|Bülent Kaplan:2:38629|Fatma Kalkan:1:19907|Osman Güneş:1:20040|Kadir Çelik:1:18589|Hasan Güler:1:17798|Burak Soylu:1:19907|Serkan Doğan:1:20831|Ercan Sarı:2:34278|Nazlı Şimşek:3:55372|Erdem Şimşek:1:19117|Sevgi Turan:1:18853|Meltem Taş:1:18194|Mehmet Güler:2:35333|Gamze Koç:1:18194|Ayşe Tekin:2:41661|Murat Arslan:3:56033|Levent Şimşek:1:17402|Nazlı Avcı:1:20435|Murat Tekin:1:20699|Sinan Karaca:2:35993,2174994,101,261844,2524,28,36.30458968092426,38.367746294358135,1,282909
Atak,22,2582,2018,3,1508,1173,335,5243,404,35,0,0,251,3995190,2442823,1518020,532611,116839,115762,127317,18915,3225,622266,447786,-29167148,1970187,27644747,27644747,911586,737533228,154434,0,1869329,22110843,0,4.0,0.0,2.0,1.0,1.0,812.001465967742,854.318182,498.3372434516129,494.54838703225806,806.8651028064517,1.866614,24.747305,0.9,0.9,1.1775,0.8,1,0:1.0500|1:0.9300|2:1.0300|3:0.9400|4:0.9500|5:1.1000|6:0.8200|,Tolga Güler:6:23600|Esin Yıldız:4:64602|Yasemin Korkmaz:1:19248|Serkan Yavuz:1:18589|Pınar Tekin:1:20303|Ahmet Uçar:1:19644|Bülent Kaplan:2:38629|Fatma Kalkan:1:19907|Osman Güneş:1:20040|Kadir Çelik:1:18589|Hasan Güler:1:17798|Burak Soylu:1:19907|Serkan Doğan:1:20831|Ercan Sarı:2:34278|Nazlı Şimşek:3:55372|Erdem Şimşek:1:19117|Sevgi Turan:1:18853|Meltem Taş:1:18194|Mehmet Güler:2:35333|Gamze Koç:1:18194|Ayşe Tekin:2:41661|Murat Arslan:3:56033|Levent Şimşek:1:17402|Nazlı Avcı:1:20435|Murat Tekin:1:20699|Sinan Karaca:2:35993,1532122,113,261844,2552,31,37.99619041897882,38.62852909290066,1,360422
Atak,22,2612,2018,4,1412,1054,358,4808,499,44,0,0,245,3817758,2321175,1477224,515430,113070,113198,124470,0,2633,608423,11587778,-20765746,0,32353524,32353524,937410,727295256,154434,0,1895513,21397590,0,4.0,0.0,2.0,1.0,1.0,824.4393936666668,863.863636,500.0303031,498.369697,818.4409092333333,1.886091,22.714932466666667,0.9,0.9,1.1520833333333333,0.8,1,0:1.0500|1:0.9300|2:1.0300|3:0.9400|4:0.9500|5:1.1000|6:0.8200|,Tolga Güler:6:23600|Esin Yıldız:4:64602|Yasemin Korkmaz:1:19248|Serkan Yavuz:1:18589|Pınar Tekin:1:20303|Ahmet Uçar:1:19644|Bülent Kaplan:2:38629|Fatma Kalkan:1:19907|Osman Güneş:1:20040|Kadir Çelik:1:18589|Hasan Güler:1:17798|Burak Soylu:1:19907|Serkan Doğan:1:20831|Ercan Sarı:2:34278|Nazlı Şimşek:3:55372|Erdem Şimşek:1:19117|Sevgi Turan:1:18853|Meltem Taş:1:18194|Mehmet Güler:2:35333|Gamze Koç:1:18194|Ayşe Tekin:2:41661|Murat Arslan:3:56033|Levent Şimşek:1:17402|Nazlı Avcı:1:20435|Murat Tekin:1:20699|Sinan Karaca:2:35993,2225300,116,261844,2583,30,38.69349497794255,39.349052587585376,1,346579
Atak,22,2643,2018,5,1513,1150,363,5388,471,59,0,0,256,4270969,2605525,1648500,532611,116839,118150,129921,0,4673,746306,76639984,44614939,1900111,30124934,30124934,1212538,755581102,154434,0,1921697,22110843,0,4.0,0.0,2.0,1.0,1.0,824.8240469032257,871.590909,499.741935483871,499.09530790322583,824.8944282580644,1.905133,23.07097916129032,0.9,0.9,1.126666677419355,0.8,1,0:1.0500|1:0.9300|2:1.0300|3:0.9400|4:0.9500|5:1.1000|6:0.8200|,Tolga Güler:6:23600|Esin Yıldız:4:64602|Yasemin Korkmaz:1:19248|Serkan Yavuz:1:18589|Pınar Tekin:1:20303|Ahmet Uçar:1:19644|Bülent Kaplan:2:38629|Fatma Kalkan:1:19907|Osman Güneş:1:20040|Kadir Çelik:1:18589|Hasan Güler:1:17798|Burak Soylu:1:19907|Serkan Doğan:1:20831|Ercan Sarı:2:34278|Nazlı Şimşek:3:55372|Erdem Şimşek:1:19117|Sevgi Turan:1:18853|Meltem Taş:1:18194|Mehmet Güler:2:35333|Gamze Koç:1:18194|Ayşe Tekin:2:41661|Murat Arslan:3:56033|Levent Şimşek:1:17402|Nazlı Avcı:1:20435|Murat Tekin:1:20699|Sinan Karaca:2:35993,2515188,116,261844,2613,31,38.597798298231616,39.41229800948029,1,484462
Atak,22,2673,2018,6,1476,1116,360,5032,504,32,0,0,247,3704148,2209870,1468518,515430,113070,115539,146100,0,4987,573392,63343099,31093651,1875898,30373550,30373550,1030778,760166702,165814,0,1949811,21448540,0,4.0,0.0,2.0,1.0,1.0,837.9696970666666,880.909091,502.05,500.84393943333333,831.7212119,1.925011,22.8747668,0.9,0.9,1.10125,0.8,1,0:1.0500|1:0.9300|2:1.0300|3:0.9400|4:0.9500|5:1.1000|6:0.8200|,Tolga Güler:6:23600|Esin Yıldız:4:64602|Yasemin Korkmaz:1:19248|Serkan Yavuz:1:18589|Pınar Tekin:1:20303|Ahmet Uçar:1:19644|Bülent Kaplan:2:38629|Fatma Kalkan:1:19907|Osman Güneş:1:20040|Kadir Çelik:1:18589|Hasan Güler:1:17798|Burak Soylu:1:19907|Serkan Doğan:1:20831|Ercan Sarı:2:34278|Nazlı Şimşek:3:55372|Erdem Şimşek:1:19117|Sevgi Turan:1:18853|Meltem Taş:1:18194|Mehmet Güler:2:35333|Gamze Koç:1:18194|Ayşe Tekin:2:41661|Murat Arslan:3:56033|Levent Şimşek:1:17402|Nazlı Avcı:1:20435|Murat Tekin:1:20699|Sinan Karaca:2:35993,2267908,118,281137,2644,30,39.64523015819022,40.08733230360975,1,292255
Atak,22,2704,2018,7,1522,1198,324,5621,448,47,0,0,217,4143100,2503488,1623766,553611,121706,120599,152489,0,6594,668767,48932739,8400190,1851212,38681337,38681337,1119074,754146661,165814,0,1977925,23690293,0,4.0,0.0,2.0,1.0,1.0,843.4604107741935,889.772727,513.9604105806452,509.88856300000003,840.4677418387097,1.944446,22.784541032258065,0.9,0.9,1.0758333225806451,0.8,1,0:1.0500|1:0.9300|2:1.0300|3:0.9400|4:0.9500|5:1.1000|6:0.8200|,Tolga Güler:6:25285|Esin Yıldız:4:69216|Yasemin Korkmaz:1:20624|Serkan Yavuz:1:19917|Pınar Tekin:1:21754|Ahmet Uçar:1:21048|Bülent Kaplan:2:41389|Fatma Kalkan:1:21330|Osman Güneş:1:21471|Kadir Çelik:1:19917|Hasan Güler:1:19070|Burak Soylu:1:21330|Serkan Doğan:1:22318|Ercan Sarı:2:36727|Nazlı Şimşek:3:59328|Erdem Şimşek:1:20482|Sevgi Turan:1:20200|Meltem Taş:1:19493|Mehmet Güler:2:37857|Gamze Koç:1:19493|Ayşe Tekin:2:44638|Murat Arslan:3:60035|Levent Şimşek:1:18646|Nazlı Avcı:1:21894|Murat Tekin:1:22177|Sinan Karaca:2:38563,2553210,119,281137,2674,31,39.19205425888827,39.06525973057913,1,387630
Atak,22,2735,2018,8,1462,1069,393,4919,533,37,0,0,270,3783868,2296896,1470726,554311,121706,121840,154101,0,4941,513827,69563654,34164048,1826041,33573565,33573565,936880,796491598,165814,0,2006039,23690293,0,4.0,0.0,2.0,1.0,1.0,849.9046918064516,899.090909,517.3343108709678,515.290322548387,849.6891493225806,1.964735,22.100882548387094,0.9,0.9,1.0499999999999998,0.8,1,0:1.0500|1:0.9300|2:1.0300|3:0.9400|4:0.9500|5:1.1000|6:0.8200|,Tolga Güler:6:25285|Esin Yıldız:4:69216|Yasemin Korkmaz:1:20624|Serkan Yavuz:1:19917|Pınar Tekin:1:21754|Ahmet Uçar:1:21048|Bülent Kaplan:2:41389|Fatma Kalkan:1:21330|Osman Güneş:1:21471|Kadir Çelik:1:19917|Hasan Güler:1:19070|Burak Soylu:1:21330|Serkan Doğan:1:22318|Ercan Sarı:2:36727|Nazlı Şimşek:3:59328|Erdem Şimşek:1:20482|Sevgi Turan:1:20200|Meltem Taş:1:19493|Mehmet Güler:2:37857|Gamze Koç:1:19493|Ayşe Tekin:2:44638|Murat Arslan:3:60035|Levent Şimşek:1:18646|Nazlı Avcı:1:21894|Murat Tekin:1:22177|Sinan Karaca:2:38563,2249958,118,281137,2705,31,38.86832204506077,39.13031474489377,1,232690
Atak,22,2765,2018,9,1454,1126,328,5189,426,52,0,0,217,4376725,2680480,1663683,536430,117780,119141,131040,0,4700,754592,49475607,3732532,1808974,43934101,35697450,1130610,807861243,165814,0,2034153,22926090,0,4.0,0.0,2.0,1.0,1.0,855.0151513000001,908.1818179999999,523.4909090666666,520.890909,857.4545455,1.985235,23.4877528,0.9,0.9,1.0245833333333334,0.8,1,0:1.0500|1:0.9300|2:1.0300|3:0.9400|4:0.9500|5:1.1000|6:0.8200|,Tolga Güler:6:25285|Esin Yıldız:4:69216|Yasemin Korkmaz:1:20624|Serkan Yavuz:1:19917|Pınar Tekin:1:21754|Ahmet Uçar:1:21048|Bülent Kaplan:2:41389|Fatma Kalkan:1:21330|Osman Güneş:1:21471|Kadir Çelik:1:19917|Hasan Güler:1:19070|Burak Soylu:1:21330|Serkan Doğan:1:22318|Ercan Sarı:2:36727|Nazlı Şimşek:3:59328|Erdem Şimşek:1:20482|Sevgi Turan:1:20200|Meltem Taş:1:19493|Mehmet Güler:2:37857|Gamze Koç:1:19493|Ayşe Tekin:2:44638|Murat Arslan:3:60035|Levent Şimşek:1:18646|Nazlı Avcı:1:21894|Murat Tekin:1:22177|Sinan Karaca:2:38563,2698800,120,281137,2736,30,38.012052390771636,38.77407806508111,1,473455
Atak,22,2796,2018,10,1463,1128,335,5218,558,56,0,0,220,4428736,2673690,1732800,554311,121706,124382,136772,0,2442,793187,47487365,10849168,1782159,34856038,43092689,1034764,806282892,165814,0,2062267,23690293,0,4.0,0.0,2.0,1.0,1.0,869.4868035806452,916.818182,523.8504400967742,522.8093839354839,863.2683284193548,2.005278,22.445340096774192,0.9,0.9,1.0028225806451612,0.8,1,0:1.0500|1:0.9300|2:1.0300|3:0.9400|4:0.9500|5:1.1000|6:0.8200|,Tolga Güler:6:25285|Esin Yıldız:4:69216|Yasemin Korkmaz:1:20624|Serkan Yavuz:1:19917|Pınar Tekin:1:21754|Ahmet Uçar:1:21048|Bülent Kaplan:2:41389|Fatma Kalkan:1:21330|Osman Güneş:1:21471|Kadir Çelik:1:19917|Hasan Güler:1:19070|Burak Soylu:1:21330|Serkan Doğan:1:22318|Ercan Sarı:2:36727|Nazlı Şimşek:3:59328|Erdem Şimşek:1:20482|Sevgi Turan:1:20200|Meltem Taş:1:19493|Mehmet Güler:2:37857|Gamze Koç:1:19493|Ayşe Tekin:2:44638|Murat Arslan:3:60035|Levent Şimşek:1:18646|Nazlı Avcı:1:21894|Murat Tekin:1:22177|Sinan Karaca:2:38563,2554958,120,281137,2766,31,39.126287952138036,39.75176645125622,1,512050
Atak,22,2826,2018,11,1523,1203,320,5908,285,85,0,0,263,4975317,2962781,1983880,536430,117780,121601,133740,0,5279,1069050,73716090,34468784,1754820,37492486,37492486,1416296,818110271,165814,0,2090381,22926090,0,4.0,0.0,2.0,1.0,1.0,872.1287880666666,927.045455,513.045455,516.4636363000001,875.0787880666667,2.026201,25.267987133333335,0.9433333333333334,0.9433333333333334,1.0,0.8173333333333334,none,0:1.0500|1:0.9300|2:1.0300|3:0.9400|4:0.9500|5:1.1000|6:0.8200|,Tolga Güler:6:25285|Esin Yıldız:4:69216|Yasemin Korkmaz:1:20624|Serkan Yavuz:1:19917|Pınar Tekin:1:21754|Ahmet Uçar:1:21048|Bülent Kaplan:2:41389|Fatma Kalkan:1:21330|Osman Güneş:1:21471|Kadir Çelik:1:19917|Hasan Güler:1:19070|Burak Soylu:1:21330|Serkan Doğan:1:22318|Ercan Sarı:2:36727|Nazlı Şimşek:3:59328|Erdem Şimşek:1:20482|Sevgi Turan:1:20200|Meltem Taş:1:19493|Mehmet Güler:2:37857|Gamze Koç:1:19493|Ayşe Tekin:2:44638|Murat Arslan:3:60035|Levent Şimşek:1:18646|Nazlı Avcı:1:21894|Murat Tekin:1:22177|Sinan Karaca:2:38563,2944364,122,281137,2797,30,39.87444418114464,41.17320033233646,1|none,787913
Atak,22,2857,2018,12,1572,1241,331,6079,201,114,0,0,262,5738296,3381546,2332577,554311,121706,126926,153543,0,11077,1365014,122085309,67092344,6612,54986353,54986353,1562882,859765928,175567,0,2120148,23733316,0,4.0,0.0,2.0,1.0,1.0,877.2653957096775,936.590909,517.363636,516.5102638709677,882.5351907419355,2.046658,24.979859612903223,1.0,1.0,1.0,0.9670967741935484,none,0:1.0500|1:0.9300|2:1.0300|3:0.9400|4:0.9500|5:1.1000|6:0.8200|,Tolga Güler:6:25285|Esin Yıldız:4:69216|Yasemin Korkmaz:1:20624|Serkan Yavuz:1:19917|Pınar Tekin:1:21754|Ahmet Uçar:1:21048|Bülent Kaplan:2:41389|Fatma Kalkan:1:21330|Osman Güneş:1:21471|Kadir Çelik:1:19917|Hasan Güler:1:19070|Burak Soylu:1:21330|Serkan Doğan:1:22318|Ercan Sarı:2:36727|Nazlı Şimşek:3:59328|Erdem Şimşek:1:20482|Sevgi Turan:1:20200|Meltem Taş:1:19493|Mehmet Güler:2:37857|Gamze Koç:1:19493|Ayşe Tekin:2:44638|Murat Arslan:3:60035|Levent Şimşek:1:18646|Nazlı Avcı:1:21894|Murat Tekin:1:22177|Sinan Karaca:2:38563,3419170,122,297675,2827,31,40.649297282677644,41.025413913486155,none,1067339
Atak,22,2888,2019,1,1625,1300,325,6614,193,108,0,0,278,6101864,3660522,2411184,572311,125891,128250,155155,0,5579,1423998,57658236,15747585,1760668,40149983,40149983,1571628,883555564,175567,0,2149915,25024006,0,4.0,0.0,2.0,1.0,1.0,889.0689146774195,946.3636359999999,535.045455,530.395894483871,892.3328445161291,2.068013,24.428211419354838,1.0,1.0,1.0,1.0,2,0:1.0500|1:0.9300|2:1.0300|3:0.9400|4:0.9500|5:1.1000|6:0.8200|,Tolga Güler:6:26709|Esin Yıldız:4:73113|Yasemin Korkmaz:1:21784|Serkan Yavuz:1:21038|Pınar Tekin:1:22979|Ahmet Uçar:1:22233|Bülent Kaplan:2:43719|Fatma Kalkan:1:22530|Osman Güneş:1:22680|Kadir Çelik:1:21038|Hasan Güler:1:20144|Burak Soylu:1:22530|Serkan Doğan:1:23575|Ercan Sarı:2:38795|Nazlı Şimşek:3:62669|Erdem Şimşek:1:21636|Sevgi Turan:1:21337|Meltem Taş:1:20591|Mehmet Güler:2:39988|Gamze Koç:1:20591|Ayşe Tekin:2:47150|Murat Arslan:3:63415|Levent Şimşek:1:19696|Nazlı Avcı:1:23128|Murat Tekin:1:23426|Sinan Karaca:2:40735,3664542,123,297675,2858,31,39.51553164737857,39.81957459460493,none|2,1126323
Atak,22,2916,2019,2,1386,1087,299,5350,239,112,0,6,249,5159240,3092186,2049787,517468,113708,116790,141260,0,17091,1143470,38912980,-1930580,1737611,39105949,39105949,1162878,903592420,175567,0,2179682,22602328,0,4.0,0.0,2.0,1.0,1.0,891.1769481428572,954.0909089999999,530.681818,531.4870129285715,896.4383118214286,2.084821,24.045196535714286,1.0,1.0,1.0,1.0,2,0:1.0500|1:0.9300|2:1.0300|3:0.9400|4:0.9500|5:1.1000|6:0.8200|,Tolga Güler:6:26709|Esin Yıldız:4:73113|Yasemin Korkmaz:1:21784|Serkan Yavuz:1:21038|Pınar Tekin:1:22979|Ahmet Uçar:1:22233|Bülent Kaplan:2:43719|Fatma Kalkan:1:22530|Osman Güneş:1:22680|Kadir Çelik:1:21038|Hasan Güler:1:20144|Burak Soylu:1:22530|Serkan Doğan:1:23575|Ercan Sarı:2:38795|Nazlı Şimşek:3:62669|Erdem Şimşek:1:21636|Sevgi Turan:1:21337|Meltem Taş:1:20591|Mehmet Güler:2:39988|Gamze Koç:1:20591|Ayşe Tekin:2:47150|Murat Arslan:3:63415|Levent Şimşek:1:19696|Nazlı Avcı:1:23128|Murat Tekin:1:23426|Sinan Karaca:2:40735,3028938,125,297675,2889,28,39.73040602879494,40.4515770851233,2,845795
Atak,22,2947,2019,3,1196,937,259,4555,200,28,0,0,213,4177462,2462939,1699903,572911,125891,130234,143220,0,18288,709359,15397596,-29321574,1714105,43005065,34252106,1048652,875119734,175567,0,2209449,25024006,0,4.0,0.0,2.0,1.0,1.0,908.9296184193549,962.045455,540.818182,537.0645161290323,908.3152493225806,2.10012,22.053795612903226,1.0,1.0,1.0,1.0,2,0:1.0500|1:0.9300|2:1.0300|3:0.9400|4:0.9500|5:1.1000|6:0.8200|,Tolga Güler:6:26709|Esin Yıldız:4:73113|Yasemin Korkmaz:1:21784|Serkan Yavuz:1:21038|Pınar Tekin:1:22979|Ahmet Uçar:1:22233|Bülent Kaplan:2:43719|Fatma Kalkan:1:22530|Osman Güneş:1:22680|Kadir Çelik:1:21038|Hasan Güler:1:20144|Burak Soylu:1:22530|Serkan Doğan:1:23575|Ercan Sarı:2:38795|Nazlı Şimşek:3:62669|Erdem Şimşek:1:21636|Sevgi Turan:1:21337|Meltem Taş:1:20591|Mehmet Güler:2:39988|Gamze Koç:1:20591|Ayşe Tekin:2:47150|Murat Arslan:3:63415|Levent Şimşek:1:19696|Nazlı Avcı:1:23128|Murat Tekin:1:23426|Sinan Karaca:2:40735,2392620,127,297675,2917,31,40.692243280728825,40.49944340679616,2,411684
Atak,22,2977,2019,4,1055,811,244,4083,229,21,0,0,201,3610207,2117901,1474371,554430,121830,127054,139740,0,16196,515121,16222419,-19504449,1690138,34036730,42789689,579874,850588961,175567,0,2239216,24216780,0,4.0,0.0,2.0,1.0,1.0,919.4393937666666,969.090909,543.727273,541.2530303,914.1045452333333,2.117189,21.341822999999998,1.0,1.0,1.0,1.0,2,0:1.0500|1:0.9300|2:1.0300|3:0.9400|4:0.9500|5:1.1000|6:0.8200|,Tolga Güler:6:26709|Esin Yıldız:4:73113|Yasemin Korkmaz:1:21784|Serkan Yavuz:1:21038|Pınar Tekin:1:22979|Ahmet Uçar:1:22233|Bülent Kaplan:2:43719|Fatma Kalkan:1:22530|Osman Güneş:1:22680|Kadir Çelik:1:21038|Hasan Güler:1:20144|Burak Soylu:1:22530|Serkan Doğan:1:23575|Ercan Sarı:2:38795|Nazlı Şimşek:3:62669|Erdem Şimşek:1:21636|Sevgi Turan:1:21337|Meltem Taş:1:20591|Mehmet Güler:2:39988|Gamze Koç:1:20591|Ayşe Tekin:2:47150|Murat Arslan:3:63415|Levent Şimşek:1:19696|Nazlı Avcı:1:23128|Murat Tekin:1:23426|Sinan Karaca:2:40735,1691074,123,297675,2948,30,40.83896020366699,40.86317415958077,2,217446
Atak,22,3008,2019,5,1341,1062,279,5506,217,44,0,0,231,4951351,2911066,2007188,572911,125891,132342,145514,11154,22747,1007783,89159581,50728157,1665705,36765719,36765719,1289592,881939146,175567,0,2268983,25024006,0,4.0,0.0,2.0,1.0,1.0,915.5131963870967,976.590909,538.181818,539.5659824193548,918.3709679032257,2.13384,22.95404616129032,1.0,1.0,1.0,1.0,2,0:1.0500|1:0.9250|2:1.0300|3:0.9350|4:0.9450|5:1.1000|6:0.8200|,Tolga Güler:6:26709|Esin Yıldız:4:73113|Yasemin Korkmaz:1:21784|Serkan Yavuz:1:21038|Pınar Tekin:1:22979|Ahmet Uçar:1:22233|Bülent Kaplan:2:43719|Fatma Kalkan:1:22530|Osman Güneş:1:22680|Kadir Çelik:1:21038|Hasan Güler:1:20144|Burak Soylu:1:22530|Serkan Doğan:1:23575|Ercan Sarı:2:38795|Nazlı Şimşek:3:62669|Erdem Şimşek:1:21636|Sevgi Turan:1:21337|Meltem Taş:1:20591|Mehmet Güler:2:39988|Gamze Koç:1:20591|Ayşe Tekin:2:47150|Murat Arslan:3:63415|Levent Şimşek:1:19696|Nazlı Avcı:1:23128|Murat Tekin:1:23426|Sinan Karaca:2:40735,2756766,124,297675,2978,31,40.538188466137825,41.21528557711294,2,710108
Atak,22,3038,2019,6,1201,947,254,4814,198,18,0,0,208,4040000,2396663,1611192,554430,121830,129094,163260,0,12582,629996,61305020,14721464,1640795,44942761,36018465,1159798,904705955,185321,0,2300404,24262790,0,4.0,0.0,2.0,1.0,1.0,929.2272724666667,984.3181820000001,562.909091,554.2272728,927.8212121333332,2.151183,21.1938854,1.0,1.0,1.0,1.0,2,0:1.0500|1:0.9300|2:1.0300|3:0.9400|4:0.9500|5:1.1000|6:0.8200|,Tolga Güler:6:26709|Esin Yıldız:4:73113|Yasemin Korkmaz:1:21784|Serkan Yavuz:1:21038|Pınar Tekin:1:22979|Ahmet Uçar:1:22233|Bülent Kaplan:2:43719|Fatma Kalkan:1:22530|Osman Güneş:1:22680|Kadir Çelik:1:21038|Hasan Güler:1:20144|Burak Soylu:1:22530|Serkan Doğan:1:23575|Ercan Sarı:2:38795|Nazlı Şimşek:3:62669|Erdem Şimşek:1:21636|Sevgi Turan:1:21337|Meltem Taş:1:20591|Mehmet Güler:2:39988|Gamze Koç:1:20591|Ayşe Tekin:2:47150|Murat Arslan:3:63415|Levent Şimşek:1:19696|Nazlı Avcı:1:23128|Murat Tekin:1:23426|Sinan Karaca:2:40735,2435578,124,314212,3009,30,39.8809900990099,39.4218069487201,2,315784
Atak,22,3069,2019,7,1258,994,264,5192,172,17,0,0,216,4343430,2541629,1786464,607861,133886,134451,170035,0,68251,671980,59095591,18116501,1615398,39363692,48287988,679990,912694471,185321,0,2331825,26450316,0,3.935483870967742,0.0,2.0,0.9354838709677419,1.0,938.6656890322581,992.5,550.318182,554.0351905806451,934.9266862903227,2.1681009999999996,21.459103387096775,1.0,1.0,1.0,1.0,2,0:1.0500|1:0.9300|2:1.0300|3:0.9400|4:0.9500|5:1.1000|6:0.8200|,Tolga Güler:6:28231|Esin Yıldız:4:77280|Yasemin Korkmaz:1:23026|Serkan Yavuz:1:22237|Pınar Tekin:1:24288|Ahmet Uçar:1:23499|Bülent Kaplan:2:46211|Fatma Kalkan:1:23815|Osman Güneş:1:23972|Kadir Çelik:1:22237|Hasan Güler:1:21292|Burak Soylu:1:23815|Serkan Doğan:1:24919|Ercan Sarı:2:41006|Nazlı Şimşek:3:66239|Erdem Şimşek:1:22868|Sevgi Turan:1:22553|Meltem Taş:1:21765|Mehmet Güler:2:42267|Gamze Koç:1:21765|Ayşe Tekin:2:49838|Murat Arslan:3:67028|Levent Şimşek:1:20819|Nazlı Avcı:1:24446|Murat Tekin:1:24761|Sinan Karaca:2:43056,2054932,120,314212,3039,31,41.13025880467741,41.37229170831152,2,357768
Atak,22,3100,2019,8,1325,1054,271,5471,149,14,0,0,242,4690186,2748055,1910049,648861,142972,135537,171430,0,16399,794850,86019617,44710621,787,41308209,41308209,1276990,858898631,185321,0,2363246,26450316,0,4.0,0.0,2.0,1.0,1.0,939.5674484193548,1000.909091,553.6099710645161,553.026393,940.8973605806452,2.185722,23.120981193548385,1.0,1.0,1.0,1.0,2,0:1.0500|1:0.9200|2:1.0300|3:0.9300|4:0.9400|5:1.1000|6:0.8200|,Tolga Güler:6:28231|Esin Yıldız:4:77280|Yasemin Korkmaz:1:23026|Serkan Yavuz:1:22237|Pınar Tekin:1:24288|Ahmet Uçar:1:23499|Bülent Kaplan:2:46211|Fatma Kalkan:1:23815|Osman Güneş:1:23972|Kadir Çelik:1:22237|Hasan Güler:1:21292|Burak Soylu:1:23815|Serkan Doğan:1:24919|Ercan Sarı:2:41006|Nazlı Şimşek:3:66239|Erdem Şimşek:1:22868|Sevgi Turan:1:22553|Meltem Taş:1:21765|Mehmet Güler:2:42267|Gamze Koç:1:21765|Ayşe Tekin:2:49838|Murat Arslan:3:67028|Levent Şimşek:1:20819|Nazlı Avcı:1:24446|Murat Tekin:1:24761|Sinan Karaca:2:43056,2775224,121,314212,3070,31,40.72437638933722,41.07820870168921,2,480638
Atak,22,3130,2019,9,1196,896,300,4465,244,15,0,0,248,4206192,2460944,1720006,627930,138360,132245,145440,0,12460,663571,78579490,23843306,1344664,53391520,53391520,978102,884321442,185321,0,2394667,25597080,0,4.0,0.0,2.0,1.0,1.0,952.6515147000001,1008.863636,564.045455,559.7712120333333,952.8196972666666,2.203487,20.62516283333333,1.0,1.0,1.0,1.0,2,0:1.0500|1:0.9300|2:1.0300|3:0.9400|4:0.9500|5:1.1000|6:0.8200|,Tolga Güler:6:28231|Esin Yıldız:4:77280|Yasemin Korkmaz:1:23026|Serkan Yavuz:1:22237|Pınar Tekin:1:24288|Ahmet Uçar:1:23499|Bülent Kaplan:2:46211|Fatma Kalkan:1:23815|Osman Güneş:1:23972|Kadir Çelik:1:22237|Hasan Güler:1:21292|Burak Soylu:1:23815|Serkan Doğan:1:24919|Ercan Sarı:2:41006|Nazlı Şimşek:3:66239|Erdem Şimşek:1:22868|Sevgi Turan:1:22553|Meltem Taş:1:21765|Mehmet Güler:2:42267|Gamze Koç:1:21765|Ayşe Tekin:2:49838|Murat Arslan:3:67028|Levent Şimşek:1:20819|Nazlı Avcı:1:24446|Murat Tekin:1:24761|Sinan Karaca:2:43056,2370648,120,314212,3101,30,40.89223696873562,40.79204763794201,2,349359
Atak,22,3161,2019,10,1201,921,280,4557,272,39,0,0,214,4517818,2652958,1839382,648861,142972,137738,151466,0,13126,745219,63678660,22806284,1325954,39546422,39546422,1159254,909466734,185321,0,2426088,26450316,0,4.0,0.0,2.0,1.0,1.0,967.4266861290322,1016.1363640000001,573.227273,569.0835777096773,960.7609970645161,2.220816,20.10819783870968,1.0,1.0,1.0,1.0,2,0:1.0500|1:0.9300|2:1.0300|3:0.9400|4:0.9500|5:1.1000|6:0.8200|,Tolga Güler:6:28231|Esin Yıldız:4:77280|Yasemin Korkmaz:1:23026|Serkan Yavuz:1:22237|Pınar Tekin:1:24288|Ahmet Uçar:1:23499|Bülent Kaplan:2:46211|Fatma Kalkan:1:23815|Osman Güneş:1:23972|Kadir Çelik:1:22237|Hasan Güler:1:21292|Burak Soylu:1:23815|Serkan Doğan:1:24919|Ercan Sarı:2:41006|Nazlı Şimşek:3:66239|Erdem Şimşek:1:22868|Sevgi Turan:1:22553|Meltem Taş:1:21765|Mehmet Güler:2:42267|Gamze Koç:1:21765|Ayşe Tekin:2:49838|Murat Arslan:3:67028|Levent Şimşek:1:20819|Nazlı Avcı:1:24446|Murat Tekin:1:24761|Sinan Karaca:2:43056,2665492,120,314212,3131,31,40.71394642280853,40.74721307372074,2,431007
Atak,22,3191,2019,11,1118,875,243,4236,185,30,0,0,195,4067097,2426495,1614836,627930,138360,134375,147780,0,14555,551836,35847590,-3207450,1314804,37740236,37740236,1004110,906147434,185321,0,2457509,25597080,0,4.0,0.0,2.0,1.0,1.0,969.1287878999999,1024.545455,584.363636,579.6984848666667,969.1045454666667,2.238867,20.93951086666667,1.0,1.0,1.0,1.0,2,0:1.0500|1:0.9300|2:1.0300|3:0.9400|4:0.9500|5:1.1000|6:0.8200|,Tolga Güler:6:28231|Esin Yıldız:4:77280|Yasemin Korkmaz:1:23026|Serkan Yavuz:1:22237|Pınar Tekin:1:24288|Ahmet Uçar:1:23499|Bülent Kaplan:2:46211|Fatma Kalkan:1:23815|Osman Güneş:1:23972|Kadir Çelik:1:22237|Hasan Güler:1:21292|Burak Soylu:1:23815|Serkan Doğan:1:24919|Ercan Sarı:2:41006|Nazlı Şimşek:3:66239|Erdem Şimşek:1:22868|Sevgi Turan:1:22553|Meltem Taş:1:21765|Mehmet Güler:2:42267|Gamze Koç:1:21765|Ayşe Tekin:2:49838|Murat Arslan:3:67028|Levent Şimşek:1:20819|Nazlı Avcı:1:24446|Murat Tekin:1:24761|Sinan Karaca:2:43056,2507464,120,314212,3162,30,39.70488040978614,39.7021692786307,2,237624
Atak,22,3222,2019,12,994,767,227,3795,226,19,0,0,192,4006162,2394691,1595965,648861,142972,139940,169291,0,15460,479441,27716036,-17189844,1294875,43611005,43611005,921746,884370771,203203,0,2491962,26538555,0,4.0,0.0,2.0,1.0,1.0,976.7961874193549,1032.954545,587.727273,584.8621700967742,973.6642227096775,2.256474,20.76986619354839,1.0,1.0,1.0,1.0,2,0:1.0500|1:0.9300|2:1.0300|3:0.9400|4:0.9500|5:1.1000|6:0.8200|,Tolga Güler:6:28231|Esin Yıldız:4:77280|Yasemin Korkmaz:1:23026|Serkan Yavuz:1:22237|Pınar Tekin:1:24288|Ahmet Uçar:1:23499|Bülent Kaplan:2:46211|Fatma Kalkan:1:23815|Osman Güneş:1:23972|Kadir Çelik:1:22237|Hasan Güler:1:21292|Burak Soylu:1:23815|Serkan Doğan:1:24919|Ercan Sarı:2:41006|Nazlı Şimşek:3:66239|Erdem Şimşek:1:22868|Sevgi Turan:1:22553|Meltem Taş:1:21765|Mehmet Güler:2:42267|Gamze Koç:1:21765|Ayşe Tekin:2:49838|Murat Arslan:3:67028|Levent Şimşek:1:20819|Nazlı Avcı:1:24446|Murat Tekin:1:24761|Sinan Karaca:2:43056,2241576,120,344531,3192,31,39.837754938517214,39.83112541084491,2,134910
Atak,22,3253,2020,1,1217,924,293,4520,209,54,0,0,252,4562639,2737312,1794330,681861,150660,141121,170655,0,14963,635070,33322071,-5033159,1274623,37080607,37080607,1274226,874942608,203203,0,2526415,29185725,0,4.0,0.0,2.0,1.0,1.0,984.9193548709677,1040.681818,589.6129028064518,587.3665689032258,982.5278593225806,2.274814,21.362830967741935,1.0,1.0,1.0,1.0,2,0:1.0500|1:0.9300|2:1.0300|3:0.9400|4:0.9500|5:1.1000|6:0.8200|,Tolga Güler:6:31151|Esin Yıldız:4:85272|Yasemin Korkmaz:1:25408|Serkan Yavuz:1:24538|Pınar Tekin:1:26799|Ahmet Uçar:1:25930|Bülent Kaplan:2:50989|Fatma Kalkan:1:26277|Osman Güneş:1:26451|Kadir Çelik:1:24538|Hasan Güler:1:23493|Burak Soylu:1:26277|Serkan Doğan:1:27496|Ercan Sarı:2:45247|Nazlı Şimşek:3:73091|Erdem Şimşek:1:25234|Sevgi Turan:1:24886|Meltem Taş:1:24015|Mehmet Güler:2:46638|Gamze Koç:1:24015|Ayşe Tekin:2:54991|Murat Arslan:3:73961|Levent Şimşek:1:22971|Nazlı Avcı:1:26974|Murat Tekin:1:27322|Sinan Karaca:2:47509,2771964,120,344531,3223,31,39.326582707945995,40.13592078473311,2,290539
Atak,22,3282,2020,2,959,710,249,3719,187,19,0,0,200,3945175,2346126,1572195,638899,140940,134076,162139,5670,14207,481934,4985017,-30782558,6022,35761553,35761553,611066,856125206,203203,0,2560868,27302775,0,4.0,0.0,2.0,1.0,1.0,1002.6332291034482,1057.5,598.9686523793102,594.6912225517241,998.663009275862,2.310313,20.209333620689655,1.0,1.0,1.0,1.0,2,0:1.0500|1:0.9300|2:1.0300|3:0.9400|4:0.9500|5:1.1000|6:0.8200|,Tolga Güler:6:31151|Esin Yıldız:4:85272|Yasemin Korkmaz:1:25408|Serkan Yavuz:1:24538|Pınar Tekin:1:26799|Ahmet Uçar:1:25930|Bülent Kaplan:2:50989|Fatma Kalkan:1:26277|Osman Güneş:1:26451|Kadir Çelik:1:24538|Hasan Güler:1:23493|Burak Soylu:1:26277|Serkan Doğan:1:27496|Ercan Sarı:2:45247|Nazlı Şimşek:3:73091|Erdem Şimşek:1:25234|Sevgi Turan:1:24886|Meltem Taş:1:24015|Mehmet Güler:2:46638|Gamze Koç:1:24015|Ayşe Tekin:2:54991|Murat Arslan:3:73961|Levent Şimşek:1:22971|Nazlı Avcı:1:26974|Murat Tekin:1:27322|Sinan Karaca:2:47509,2010742,117,344531,3254,29,39.85108391896431,40.26044270297063,2,137403
Atak,22,3313,2020,3,970,720,250,3640,228,8,0,0,206,3840717,2247312,1578097,682961,150660,145401,159867,0,17419,421789,2828784,-41818151,1735340,42911595,42911595,1051136,814951411,203203,0,2595321,29185725,0,4.0,0.0,2.0,1.0,1.0,1017.4999998709677,1072.954545,596.409091,595.9516127419355,1011.4706742903226,2.344024,20.866172967741935,1.0,1.0,1.0,1.0,2,0:1.0500|1:0.9300|2:1.0300|3:0.9400|4:0.9500|5:1.1000|6:0.8200|,Tolga Güler:6:31151|Esin Yıldız:4:85272|Yasemin Korkmaz:1:25408|Serkan Yavuz:1:24538|Pınar Tekin:1:26799|Ahmet Uçar:1:25930|Bülent Kaplan:2:50989|Fatma Kalkan:1:26277|Osman Güneş:1:26451|Kadir Çelik:1:24538|Hasan Güler:1:23493|Burak Soylu:1:26277|Serkan Doğan:1:27496|Ercan Sarı:2:45247|Nazlı Şimşek:3:73091|Erdem Şimşek:1:25234|Sevgi Turan:1:24886|Meltem Taş:1:24015|Mehmet Güler:2:46638|Gamze Koç:1:24015|Ayşe Tekin:2:54991|Murat Arslan:3:73961|Levent Şimşek:1:22971|Nazlı Avcı:1:26974|Murat Tekin:1:27322|Sinan Karaca:2:47509,2080618,116,344531,3283,31,41.08860402888315,41.38485591394275,2,77258
Atak,22,3343,2020,4,1307,946,361,4638,262,29,0,0,284,4630771,2676604,1929638,660930,145800,142902,157110,0,12261,810635,97290646,56485870,1714085,39090691,39090691,1182672,861291909,203203,0,2629774,28244250,0,4.0,0.0,2.0,1.0,1.0,1035.9318179333334,1090.0,604.545455,600.8984849333334,1031.2151514333334,2.380603,20.165876833333336,1.0,1.0,1.0,1.0,none,0:1.0500|1:0.9300|2:1.0300|3:0.9400|4:0.9500|5:1.1000|6:0.8200|,Tolga Güler:6:31151|Esin Yıldız:4:85272|Yasemin Korkmaz:1:25408|Serkan Yavuz:1:24538|Pınar Tekin:1:26799|Ahmet Uçar:1:25930|Bülent Kaplan:2:50989|Fatma Kalkan:1:26277|Osman Güneş:1:26451|Kadir Çelik:1:24538|Hasan Güler:1:23493|Burak Soylu:1:26277|Serkan Doğan:1:27496|Ercan Sarı:2:45247|Nazlı Şimşek:3:73091|Erdem Şimşek:1:25234|Sevgi Turan:1:24886|Meltem Taş:1:24015|Mehmet Güler:2:46638|Gamze Koç:1:24015|Ayşe Tekin:2:54991|Murat Arslan:3:73961|Levent Şimşek:1:22971|Nazlı Avcı:1:26974|Murat Tekin:1:27322|Sinan Karaca:2:47509,2551020,115,344531,3314,30,41.66990766764325,41.642350921698885,2|none,466104
Atak,22,3374,2020,5,1423,1071,352,5409,261,38,0,0,298,5247017,3057843,2162710,682961,150660,149899,164796,0,19712,994682,114291222,62782486,1692366,49816370,39854885,1354992,929889454,203203,0,2664227,29185725,0,4.0,0.0,2.0,1.0,1.0,1049.4354841612903,1106.363636,617.954545,612.7947213870968,1046.454545387097,2.416546,20.39953364516129,1.0,1.0,1.0,1.0,none,0:1.0500|1:0.9300|2:1.0300|3:0.9400|4:0.9500|5:1.1000|6:0.8200|,Tolga Güler:6:31151|Esin Yıldız:4:85272|Yasemin Korkmaz:1:25408|Serkan Yavuz:1:24538|Pınar Tekin:1:26799|Ahmet Uçar:1:25930|Bülent Kaplan:2:50989|Fatma Kalkan:1:26277|Osman Güneş:1:26451|Kadir Çelik:1:24538|Hasan Güler:1:23493|Burak Soylu:1:26277|Serkan Doğan:1:27496|Ercan Sarı:2:45247|Nazlı Şimşek:3:73091|Erdem Şimşek:1:25234|Sevgi Turan:1:24886|Meltem Taş:1:24015|Mehmet Güler:2:46638|Gamze Koç:1:24015|Ayşe Tekin:2:54991|Murat Arslan:3:73961|Levent Şimşek:1:22971|Nazlı Avcı:1:26974|Murat Tekin:1:27322|Sinan Karaca:2:47509,3072300,115,344531,3344,31,41.217895806321955,41.11552788841805,none,650151
Atak,22,3404,2020,6,1370,977,393,4914,317,35,0,0,321,4513722,2591011,1886033,660930,145800,147344,186270,0,12970,732719,95080349,48172815,1670171,45237363,55198848,1288644,964345098,224336,0,2702263,28342577,0,4.0,0.0,2.0,1.0,1.0,1076.3333331333333,1123.6363640000002,626.909091,622.3772726666667,1062.2484849333334,2.454257,19.04289603333333,1.0,1.0,1.0,1.0,none,0:1.0500|1:0.9300|2:1.0300|3:0.9400|4:0.9500|5:1.1000|6:0.8200|,Tolga Güler:6:31151|Esin Yıldız:4:85272|Yasemin Korkmaz:1:25408|Serkan Yavuz:1:24538|Pınar Tekin:1:26799|Ahmet Uçar:1:25930|Bülent Kaplan:2:50989|Fatma Kalkan:1:26277|Osman Güneş:1:26451|Kadir Çelik:1:24538|Hasan Güler:1:23493|Burak Soylu:1:26277|Serkan Doğan:1:27496|Ercan Sarı:2:45247|Nazlı Şimşek:3:73091|Erdem Şimşek:1:25234|Sevgi Turan:1:24886|Meltem Taş:1:24015|Mehmet Güler:2:46638|Gamze Koç:1:24015|Ayşe Tekin:2:54991|Murat Arslan:3:73961|Levent Şimşek:1:22971|Nazlı Avcı:1:26974|Murat Tekin:1:27322|Sinan Karaca:2:47509,2687088,115,380362,3375,30,41.784429789871865,41.75511696037568,none,352357
Atak,22,3435,2020,7,1467,1068,399,5749,182,60,0,0,347,5140594,3053842,2066303,721961,159712,154550,195393,0,16432,818255,79184679,35503644,1647493,42033542,42033542,1436900,990313008,224336,0,2740299,32233862,0,4.0,0.0,2.0,1.0,1.0,1073.1451613548388,1140.681818,651.090909,641.9589443225807,1076.5938415483872,2.491312,22.32497193548387,0.9790322580645161,0.9790322580645161,1.0,0.9865207419354838,3,0:1.0500|1:0.9300|2:1.0300|3:0.9400|4:0.9500|5:1.1000|6:0.8200|,Tolga Güler:6:34404|Esin Yıldız:4:94178|Yasemin Korkmaz:1:28061|Serkan Yavuz:1:27101|Pınar Tekin:1:29598|Ahmet Uçar:1:28638|Bülent Kaplan:2:56314|Fatma Kalkan:1:29023|Osman Güneş:1:29214|Kadir Çelik:1:27101|Hasan Güler:1:25947|Burak Soylu:1:29023|Serkan Doğan:1:30368|Ercan Sarı:2:49971|Nazlı Şimşek:3:80724|Erdem Şimşek:1:27869|Sevgi Turan:1:27484|Meltem Taş:1:26524|Mehmet Güler:2:51510|Gamze Koç:1:26524|Ayşe Tekin:2:60735|Murat Arslan:3:81685|Levent Şimşek:1:25370|Nazlı Avcı:1:29791|Murat Tekin:1:30175|Sinan Karaca:2:52470,3170174,116,380362,3405,31,40.19580227499001,39.32871968802413,none|3,437893
Atak,22,3466,2020,8,1481,1103,378,5941,336,53,0,0,305,5304702,3120917,2153420,723261,159712,156939,198431,0,21875,893202,73837813,17504600,2093,56331120,56331120,1426866,1007810376,224336,0,2778335,32233862,0,4.0,0.0,2.0,1.0,1.0,1091.840176,1158.409091,649.454545,648.4428152258065,1092.6524926451614,2.5301889999999996,22.390541645161292,0.95,0.95,1.0,0.9251728064516129,3,0:1.0500|1:0.9300|2:1.0300|3:0.9400|4:0.9500|5:1.1000|6:0.8200|,Tolga Güler:6:34404|Esin Yıldız:4:94178|Yasemin Korkmaz:1:28061|Serkan Yavuz:1:27101|Pınar Tekin:1:29598|Ahmet Uçar:1:28638|Bülent Kaplan:2:56314|Fatma Kalkan:1:29023|Osman Güneş:1:29214|Kadir Çelik:1:27101|Hasan Güler:1:25947|Burak Soylu:1:29023|Serkan Doğan:1:30368|Ercan Sarı:2:49971|Nazlı Şimşek:3:80724|Erdem Şimşek:1:27869|Sevgi Turan:1:27484|Meltem Taş:1:26524|Mehmet Güler:2:51510|Gamze Koç:1:26524|Ayşe Tekin:2:60735|Murat Arslan:3:81685|Levent Şimşek:1:25370|Nazlı Avcı:1:29791|Murat Tekin:1:30175|Sinan Karaca:2:52470,3083430,116,380362,3436,31,40.59455177689529,40.517434760524864,3,512840
Atak,22,3496,2020,9,1416,1044,372,5615,319,43,0,0,296,5603018,3308208,2259273,699930,154560,154248,169590,0,23259,1057686,90157961,38804205,1656076,49697680,49697680,1671356,1040271733,224336,0,2816371,31194060,0,4.0,0.0,2.0,1.0,1.0,1106.1212120000002,1176.3636359999998,647.863636,648.2712123333333,1106.4696969666666,2.569674,23.432344633333333,0.95,0.95,1.0,0.925,3,0:1.0500|1:0.9300|2:1.0300|3:0.9400|4:0.9500|5:1.1000|6:0.8200|,Tolga Güler:6:34404|Esin Yıldız:4:94178|Yasemin Korkmaz:1:28061|Serkan Yavuz:1:27101|Pınar Tekin:1:29598|Ahmet Uçar:1:28638|Bülent Kaplan:2:56314|Fatma Kalkan:1:29023|Osman Güneş:1:29214|Kadir Çelik:1:27101|Hasan Güler:1:25947|Burak Soylu:1:29023|Serkan Doğan:1:30368|Ercan Sarı:2:49971|Nazlı Şimşek:3:80724|Erdem Şimşek:1:27869|Sevgi Turan:1:27484|Meltem Taş:1:26524|Mehmet Güler:2:51510|Gamze Koç:1:26524|Ayşe Tekin:2:60735|Murat Arslan:3:81685|Levent Şimşek:1:25370|Nazlı Avcı:1:29791|Murat Tekin:1:30175|Sinan Karaca:2:52470,3380300,116,380362,3467,30,40.32242980479449,41.42923678060701,3,677324
Atak,22,3527,2020,10,1496,1079,417,5022,489,43,0,0,306,4789370,2804508,1959664,723261,159712,161808,177909,0,15917,721057,79322600,31146926,1635661,46540013,46540013,1330726,1063816040,224336,0,2854407,32233862,0,4.0,0.0,2.0,1.0,1.0,1134.941349,1193.863636,677.0,665.7639296774192,1126.0571847419355,2.608471,21.029900774193546,0.95,0.95,1.0,0.925,3,0:1.0500|1:0.9300|2:1.0300|3:0.9400|4:0.9500|5:1.1000|6:0.8200|,Tolga Güler:6:34404|Esin Yıldız:4:94178|Yasemin Korkmaz:1:28061|Serkan Yavuz:1:27101|Pınar Tekin:1:29598|Ahmet Uçar:1:28638|Bülent Kaplan:2:56314|Fatma Kalkan:1:29023|Osman Güneş:1:29214|Kadir Çelik:1:27101|Hasan Güler:1:25947|Burak Soylu:1:29023|Serkan Doğan:1:30368|Ercan Sarı:2:49971|Nazlı Şimşek:3:80724|Erdem Şimşek:1:27869|Sevgi Turan:1:27484|Meltem Taş:1:26524|Mehmet Güler:2:51510|Gamze Koç:1:26524|Ayşe Tekin:2:60735|Murat Arslan:3:81685|Levent Şimşek:1:25370|Nazlı Avcı:1:29791|Murat Tekin:1:30175|Sinan Karaca:2:52470,2823072,117,380362,3497,31,40.91694732292556,40.349340466227034,3,340695
Atak,22,3557,2020,11,1297,933,364,4717,407,31,0,0,288,4685687,2788352,1872156,699930,154560,159020,174840,0,19019,664787,94814059,34062018,1614802,59137239,59137239,1442326,1083872904,224336,0,2892443,31194060,0,4.0,0.0,2.0,1.0,1.0,1151.4848489333333,1212.5,692.409091,684.6227271666667,1141.5196969666665,2.649177,20.809594866666664,0.95,0.95,1.0,0.925,3,0:1.0500|1:0.9300|2:1.0300|3:0.9400|4:0.9500|5:1.1000|6:0.8200|,Tolga Güler:6:34404|Esin Yıldız:4:94178|Yasemin Korkmaz:1:28061|Serkan Yavuz:1:27101|Pınar Tekin:1:29598|Ahmet Uçar:1:28638|Bülent Kaplan:2:56314|Fatma Kalkan:1:29023|Osman Güneş:1:29214|Kadir Çelik:1:27101|Hasan Güler:1:25947|Burak Soylu:1:29023|Serkan Doğan:1:30368|Ercan Sarı:2:49971|Nazlı Şimşek:3:80724|Erdem Şimşek:1:27869|Sevgi Turan:1:27484|Meltem Taş:1:26524|Mehmet Güler:2:51510|Gamze Koç:1:26524|Ayşe Tekin:2:60735|Murat Arslan:3:81685|Levent Şimşek:1:25370|Nazlı Avcı:1:29791|Murat Tekin:1:30175|Sinan Karaca:2:52470,2857332,118,380362,3528,30,39.9547814440017,39.868154440641895,3,284425
Atak,22,3588,2020,12,1441,996,445,4576,578,44,0,0,318,5440804,3250853,2157376,723261,159712,166802,201748,0,26706,879147,114952482,60746895,1594205,52611382,52611382,1598388,1132699642,258474,0,2936267,32387260,0,4.0,0.0,2.0,1.0,1.0,1167.3826980000001,1230.909091,701.454545,696.3724340645161,1156.8357770645162,2.689175,19.70275129032258,0.95,0.95,1.0,0.925,3,0:1.0500|1:0.9300|2:1.0300|3:0.9400|4:0.9500|5:1.1000|6:0.8200|,Tolga Güler:6:34404|Esin Yıldız:4:94178|Yasemin Korkmaz:1:28061|Serkan Yavuz:1:27101|Pınar Tekin:1:29598|Ahmet Uçar:1:28638|Bülent Kaplan:2:56314|Fatma Kalkan:1:29023|Osman Güneş:1:29214|Kadir Çelik:1:27101|Hasan Güler:1:25947|Burak Soylu:1:29023|Serkan Doğan:1:30368|Ercan Sarı:2:49971|Nazlı Şimşek:3:80724|Erdem Şimşek:1:27869|Sevgi Turan:1:27484|Meltem Taş:1:26524|Mehmet Güler:2:51510|Gamze Koç:1:26524|Ayşe Tekin:2:60735|Murat Arslan:3:81685|Levent Şimşek:1:25370|Nazlı Avcı:1:29791|Murat Tekin:1:30175|Sinan Karaca:2:52470,3258390,119,438244,3558,31,39.65178675798651,39.912203067446875,3,440903
Atak,22,3619,2021,1,1443,1059,384,5377,430,72,0,0,262,6502729,3886359,2580213,549661,121127,169445,204879,0,17973,1517128,57486294,-3442155,1586598,59341851,48160146,1828432,1145587326,258474,0,2980091,36989200,0,3.161290322580645,0.0,2.0,0.16129032258064516,1.0,1178.8416421935483,1250.227273,699.681818,699.0278591935485,1173.928152419355,2.731141,21.84574683870968,0.95,0.95,1.0,0.925,3,0:1.0500|1:0.9300|2:1.0300|3:0.9400|4:0.9500|5:1.1000|6:0.8200|,Tolga Güler:6:39479|Esin Yıldız:4:108072|Yasemin Korkmaz:1:32200|Serkan Yavuz:1:31098|Pınar Tekin:1:33966|Ahmet Uçar:1:32863|Bülent Kaplan:2:64622|Fatma Kalkan:1:33304|Osman Güneş:1:33525|Kadir Çelik:1:31098|Hasan Güler:1:29775|Burak Soylu:1:33304|Serkan Doğan:1:34848|Ercan Sarı:2:57345|Nazlı Şimşek:3:92633|Erdem Şimşek:1:31980|Sevgi Turan:1:31539|Meltem Taş:1:30436|Mehmet Güler:2:59109|Gamze Koç:1:30436|Ayşe Tekin:2:69695|Murat Arslan:3:93736|Levent Şimşek:1:29113|Nazlı Avcı:1:34186|Murat Tekin:1:34627|Sinan Karaca:2:60211,3925942,119,438244,3589,31,39.678925571094844,40.64666593402181,3,1078884
Atak,22,3647,2021,2,1209,817,392,3888,655,20,0,0,242,4863420,2830455,2014197,622468,137326,156494,189224,0,90421,818264,62298059,13256559,1564078,47477422,46832703,1453298,1159578766,258474,0,3023915,33409600,0,3.5,0.0,2.0,0.5,1.0,1225.38961025,1278.1818179999998,715.636364,708.5227272857143,1200.589285642857,2.792682,18.72727592857143,0.95,0.95,1.0,0.925,3,0:1.0500|1:0.9300|2:1.0300|3:0.9400|4:0.9500|5:1.1000|6:0.8200|,Tolga Güler:6:39479|Esin Yıldız:4:108072|Yasemin Korkmaz:1:32200|Serkan Yavuz:1:31098|Pınar Tekin:1:33966|Ahmet Uçar:1:32863|Bülent Kaplan:2:64622|Fatma Kalkan:1:33304|Osman Güneş:1:33525|Kadir Çelik:1:31098|Hasan Güler:1:29775|Burak Soylu:1:33304|Serkan Doğan:1:34848|Ercan Sarı:2:57345|Nazlı Şimşek:3:92633|Erdem Şimşek:1:31980|Sevgi Turan:1:31539|Meltem Taş:1:30436|Mehmet Güler:2:59109|Gamze Koç:1:30436|Ayşe Tekin:2:69695|Murat Arslan:3:93736|Levent Şimşek:1:29113|Nazlı Avcı:1:34186|Murat Tekin:1:34627|Sinan Karaca:2:60211,2522288,117,438244,3620,28,41.41523865921512,41.599279281142415,3,380020
Atak,22,3653,2021,3,271,182,89,831,133,18,0,0,53,970392,554723,411240,168786,37392,34194,37614,0,4870,128384,14102835,14102835,0,0,11826424,1516998,1161523714,0,0,3023915,7159200,0,4.0,0.0,2.0,1.0,1.0,1252.3484846666668,1304.318182,734.5,717.7575756666666,1229.6136363333333,2.849458,18.54178166666667,0.9499999999999998,0.9499999999999998,1.0,0.9250000000000002,3,0:1.0500|1:0.9300|2:1.0300|3:0.9400|4:0.9500|5:1.1000|6:0.8200|,Tolga Güler:6:39479|Esin Yıldız:4:108072|Yasemin Korkmaz:1:32200|Serkan Yavuz:1:31098|Pınar Tekin:1:33966|Ahmet Uçar:1:32863|Bülent Kaplan:2:64622|Fatma Kalkan:1:33304|Osman Güneş:1:33525|Kadir Çelik:1:31098|Hasan Güler:1:29775|Burak Soylu:1:33304|Serkan Doğan:1:34848|Ercan Sarı:2:57345|Nazlı Şimşek:3:92633|Erdem Şimşek:1:31980|Sevgi Turan:1:31539|Meltem Taş:1:30436|Mehmet Güler:2:59109|Gamze Koç:1:30436|Ayşe Tekin:2:69695|Murat Arslan:3:93736|Levent Şimşek:1:29113|Nazlı Avcı:1:34186|Murat Tekin:1:34627|Sinan Karaca:2:60211,599880,117,0,3648,6,42.37875003091534,41.350190542570964,3,128384
Atak,23,25,2011,3,1510,1361,149,6445,203,84,0,9,107,2713770,2019866,683968,171250,38525,50012,55000,0,5000,364181,242906,174068,0,68838,68838,541522,259990,71527,0,12127,0,0,3.0,1.0,2.0,0.0,0.0,430.90909092000004,457.7272730000001,311.60545460000003,321.92181812,430.71818176,1.0,32.72682492,1.0,1.0,1.0,1.0,none,0:1.0000|1:0.9000|2:1.0300|3:0.9400|4:0.9500|5:1.1000|6:0.8200|,,2242772,1,121275,1,25,25.20360973848189,27.68649787946785,none,242906
Atak,23,55,2011,4,1887,1728,159,8554,225,109,0,6,119,3331075,2307268,999998,205500,46230,60374,66390,0,13927,607577,486302,361142,0,125160,134037,1120458,1212383,71527,0,24254,0,0,3.0,1.0,2.0,0.0,0.0,427.6136363,459.09090899999995,292.8666666666667,295.8833332666666,429.9621212666667,1.00592,32.97791326666667,1.0,1.0,1.0,1.0,none,0:1.0000|1:0.8950|2:1.0300|3:0.9300|4:0.9500|5:1.1000|6:0.8200|,,2316572,1,121275,26,30,30.02027873884557,31.511382751788386,none,486302
Atak,23,86,2011,5,2130,1908,222,10975,221,131,0,31,155,3939455,2926241,990448,212350,47771,62821,69099,0,6927,591480,470205,315805,0,154400,161327,1377330,1791004,71527,0,36381,0,0,3.0,1.0,2.0,0.0,0.0,403.7170090645161,464.31818200000004,296.8196482580645,296.0410557419355,406.2287390322581,1.01307,43.09012483870968,1.0,1.0,1.0,1.0,none,0:1.0000|1:0.8900|2:1.0300|3:0.9000|4:0.9500|5:1.1000|6:0.8200|,,2939574,1,121275,56,31,25.141751841307997,26.478290090910896,none,470205
Atak,23,116,2011,6,2081,1881,200,10745,281,68,0,28,143,3755845,2737064,998570,205500,46230,61245,77460,0,5100,603035,470735,344300,0,126435,126435,1262430,2048782,78030,0,49611,0,0,3.0,1.0,2.0,0.0,0.0,419.4772728,466.818182,302.27121213333334,300.7484849,423.55757566666665,1.020512,42.113254633333334,1.0,1.0,1.0,1.0,none,0:1.0500|1:0.9000|2:1.0300|3:0.9100|4:0.9500|5:1.1000|6:0.8200|,,2726752,1,132300,87,30,26.587092917838728,27.940979944948914,none,470735
Atak,23,147,2011,7,2304,2049,255,11921,204,119,0,47,169,4064740,2955991,1087242,224350,50561,63751,80600,0,5150,662830,591760,427972,0,163788,131214,1242912,2449448,78030,0,62841,0,0,3.0,1.0,2.0,0.0,0.0,420.11730232258066,470.227273,301.0043989032258,301.3841641935484,421.76979474193547,1.027766,41.533368290322585,1.0,1.0,1.0,1.0,none,0:1.0500|1:0.9150|2:1.0300|3:0.9250|4:0.9500|5:1.1000|6:0.8200|,,3015718,1,132300,117,31,26.748131491805132,28.352296551665425,none,530530
Atak,23,178,2011,8,2184,1933,251,11378,170,115,0,57,168,3916310,2838773,1059856,224750,50561,64216,81189,0,0,639140,234376,125904,0,108472,141046,1324312,2525833,78030,0,76071,0,0,3.0,1.0,2.0,0.0,0.0,421.136364,474.090909,299.37096777419356,300.1744868064516,428.34310883870967,1.035317,42.025988322580645,1.0,1.0,1.0,1.0,none,0:1.0500|1:0.9150|2:1.0300|3:0.9250|4:0.9500|5:1.1000|6:0.8200|,,2839130,1,132300,148,31,27.062617617093643,28.91353172859859,none,506840
Atak,23,208,2011,9,2032,1834,198,10814,223,167,0,18,135,4098215,3125059,950181,228706,48930,62595,68820,0,3017,538113,-26433,-122683,0,96250,96250,1358438,11147428,78030,0,89301,0,0,3.8666666666666667,1.0,2.0,0.0,0.8666666666666667,398.8484848,477.272727,302.021212,302.1030302,408.7515151,1.042922,45.989371733333336,1.0,1.0,1.0,1.0,none,0:1.0500|1:0.9000|2:1.0300|3:0.9100|4:0.9300|5:1.1000|6:0.8200|,,3105686,3,132300,179,30,23.185240403443938,24.276705689017078,none,405813
Atak,23,239,2011,10,2053,1822,231,10700,218,134,0,21,161,4050725,3015922,1012237,238111,50561,65146,71641,0,0,586778,891826,540027,123475,228324,228324,1309186,11664509,78030,0,102531,0,0,4.0,1.0,2.0,0.0,1.0,399.70674477419357,481.136364,293.5645161612903,294.89882700000004,408.58504416129034,1.050335,45.852936806451616,1.0,1.0,1.0,1.0,none,0:1.0500|1:0.9050|2:1.0300|3:0.9150|4:0.9350|5:1.1000|6:0.8200|,,3043206,3,132300,209,31,24.989032827456814,26.55502565333647,none,454478
Atak,23,269,2011,11,1956,1737,219,10296,233,113,0,18,149,4137185,3056531,1064138,230430,48930,63495,69840,0,0,651443,1003196,611668,123475,268053,268053,1414866,12377969,78030,0,115761,0,0,4.0,1.0,2.0,0.0,1.0,399.8636364,484.545455,291.0803029666667,291.80757566666665,409.68333316666667,1.058051,46.77463846666667,1.0,1.0,1.0,1.0,none,0:1.0500|1:0.9050|2:1.0300|3:0.9150|4:0.9350|5:1.1000|6:0.8200|,,3057884,3,132300,240,30,25.72130567040149,27.20510782443665,none,519143
Atak,23,300,2011,12,2029,1830,199,10648,261,175,0,18,117,4436340,3151227,1269176,328561,70919,66077,79949,0,21570,702100,-1145100,-1496510,123475,227935,227935,1301246,5238702,81281,0,129542,0,0,4.870967741935484,1.0,2.0,0.8709677419354839,1.0,408.7316711935484,487.5,286.53519051612903,287.8328446129032,417.8416421935484,1.065572,45.3803905483871,1.0,1.0,1.0,1.0,none,0:1.0500|1:0.9250|2:1.0300|3:0.9350|4:0.9500|5:1.1000|6:0.8200|,,3147100,5,137812,270,31,28.60862783285321,29.89650406110936,none,564288
Atak,23,331,2012,1,2004,1746,258,10300,250,193,0,14,185,4381770,3165321,1200028,349461,75671,66569,80538,0,0,627789,1315117,706025,133577,475515,475515,1258476,5910004,81281,0,143323,0,0,5.0,1.0,2.0,1.0,1.0,409.52346083870964,491.81818200000004,293.73607003225806,292.8665689032258,418.72873929032255,1.0734,46.79331725806451,1.0,1.0,1.0,1.0,none,0:1.0500|1:0.9300|2:1.0300|3:0.9400|4:0.9500|5:1.1000|6:0.8200|,,3199976,5,137812,301,31,27.38683226184852,28.2736892702844,none,489977
Atak,23,360,2012,2,1899,1666,233,9615,207,173,0,28,159,4038330,2872314,1153288,327149,70789,62623,75777,0,0,616950,1733874,1237898,0,495976,495976,1376702,7238861,81281,0,157104,0,0,5.0,1.0,2.0,1.0,1.0,409.7335421724138,494.3181819999999,287.045455,288.4357366206896,419.6489028275862,1.079586,48.16683472413793,1.0,1.0,1.0,1.0,none,0:1.0500|1:0.9300|2:1.0300|3:0.9400|4:0.9500|5:1.1000|6:0.8200|,,2925440,5,137812,332,29,28.55853781142205,29.943383820108945,none,479138
Atak,23,391,2012,3,2040,1833,207,10639,210,126,0,16,151,4206380,3053755,1132915,349711,75671,67313,74028,0,0,566192,1682997,915746,261303,505948,505948,1269240,7798434,81281,0,170885,0,0,5.0,1.0,2.0,1.0,1.0,409.772727,496.590909,296.4736067419355,295.0190615806452,419.9985338709677,1.085405,49.43382722580645,1.0,1.0,1.0,1.0,none,0:1.0500|1:0.9300|2:1.0300|3:0.9400|4:0.9500|5:1.1000|6:0.8200|,,3040726,5,137812,361,31,26.933253771651636,27.649258428578747,none,428380
Atak,23,421,2012,4,1898,1680,218,9522,228,126,0,19,165,3831185,2677514,1135597,338430,73230,65502,72060,0,0,586375,1680953,879366,127669,673918,673918,1170132,8697049,81281,0,184666,0,0,5.0,1.0,2.0,1.0,1.0,424.9166666333333,499.318182,295.09090899999995,295.3272727333333,433.7045453666667,1.09166,44.7700052,1.0,1.0,1.0,1.0,none,0:1.0500|1:0.9300|2:1.0300|3:0.9400|4:0.9500|5:1.1000|6:0.8200|,,2694888,5,137812,392,30,29.64088134611093,30.55322792159665,none,448563
Atak,23,452,2012,5,2065,1822,243,10331,258,133,0,22,165,4051785,2782053,1250936,349711,75671,68058,74865,0,0,682631,1484812,776540,128826,579446,579446,1301468,9450285,81281,0,198447,266400,0,5.0,1.0,2.0,1.0,1.0,426.590909,502.045455,290.0,291.28592387096774,435.4472141612903,1.097747,44.28734361290323,1.0,1.0,1.0,1.0,none,0:1.0500|1:0.9300|2:1.0300|3:0.9400|4:0.9500|5:1.1000|6:0.8200|,Selin Şimşek:6:14800,2793008,5,137812,422,31,30.873701343975558,32.019179527334934,none,544819
Atak,23,482,2012,6,2005,1814,191,10991,220,83,0,16,136,4116310,2868432,1232137,338430,73230,66252,83790,0,0,670435,1178397,606245,126520,445632,445632,1360620,34749084,84532,0,212779,444628,0,5.0,1.0,2.0,1.0,1.0,426.59090899999995,505.227273,297.0,295.5454545666667,436.4530304333333,1.104074,45.649939,1.0,1.0,1.0,1.0,none,0:1.0500|1:0.9300|2:1.0300|3:0.9400|4:0.9500|5:1.1000|6:0.8200|,Selin Şimşek:6:14800,2872098,5,143325,453,30,29.93304683077805,30.378263171098183,none,527110
Atak,23,513,2012,7,2125,1901,224,11409,218,132,0,24,164,4145270,2875812,1243961,358711,77779,68833,87079,0,329,651230,-4214361,-5210666,450069,546236,546236,1324944,25661902,84532,0,227111,814733,0,5.0,1.0,2.0,1.0,1.0,427.2507328709677,508.18181799999996,295.272727,295.80498538709674,436.9721407741935,1.11023,46.88897648387096,1.0,1.0,1.0,1.0,none,0:1.0500|1:0.9300|2:1.0300|3:0.9400|4:0.9500|5:1.1000|6:0.8200|,Selin Şimşek:6:15428|Mustafa Güneş:4:37386,2911994,9,143325,483,31,30.00916707476232,30.890059563882797,none,507905
Atak,23,544,2012,8,1959,1756,203,9767,157,62,0,14,168,3799105,2533365,1252008,359011,77779,69236,87575,0,315,658092,-419171,-1306795,2429,885195,885195,988622,22032591,84532,0,241443,1637203,0,5.0,1.0,2.0,1.0,1.0,442.7712611612903,510.909091,293.82551296774193,294.8372434193549,449.87096764516133,1.116629,40.58131264516129,1.0,1.0,1.0,1.0,none,0:1.0500|1:0.9300|2:1.0300|3:0.9400|4:0.9500|5:1.1000|6:0.8200|,Selin Şimşek:6:15428|Mustafa Güneş:4:37386,2525986,12,143325,514,31,32.95534079737201,33.639434457172506,none,514767
Atak,23,574,2012,9,1765,1579,186,8603,158,141,0,5,148,3813340,2563414,1234640,347430,75270,67393,74130,0,753,669664,8242475,5548884,769071,1924520,1423927,1188276,27089000,84532,0,255775,1584390,0,5.0,1.0,2.0,1.0,1.0,446.49999993333336,514.090909,298.90909100000005,297.53181823333335,453.01060593333335,1.123064,37.84300033333333,1.0,1.0,1.0,1.0,none,0:1.0500|1:0.9300|2:1.0300|3:0.9400|4:0.9500|5:1.1000|6:0.8200|,Selin Şimşek:6:15428|Mustafa Güneş:4:37386,2602060,12,143325,545,30,32.37686647400966,33.05507479403584,none,526339
Atak,23,605,2012,10,1849,1640,209,8581,172,99,0,5,165,3764895,2529603,1218790,359011,77779,70042,77035,0,686,634237,9181303,5976038,754758,2450507,2951100,1164066,31620280,84532,0,270107,1637203,0,5.0,1.0,2.0,1.0,1.0,446.1070382903225,516.818182,296.636364,297.2140762580645,452.8196482258065,1.129326,38.342602451612905,1.0,1.0,1.0,1.0,none,0:1.0500|1:0.9300|2:1.0300|3:0.9400|4:0.9500|5:1.1000|6:0.8200|,Selin Şimşek:6:15428|Mustafa Güneş:4:37386,2546766,12,143325,575,31,32.372483163541084,33.50556289431334,none,490912
Atak,23,635,2012,11,1815,1607,208,8902,182,109,0,3,162,3915525,2704262,1194181,347430,75270,68172,74970,0,691,627648,8316716,5225852,740124,2350740,2350740,1268682,36185242,84532,0,284439,1584390,0,5.0,1.0,2.0,1.0,1.0,446.33333346666666,520.227273,308.0,305.5818182333333,455.06666659999996,1.135835,40.21076226666666,1.0,1.0,1.0,1.0,none,0:1.0500|1:0.9300|2:1.0300|3:0.9400|4:0.9500|5:1.1000|6:0.8200|,Selin Şimşek:6:15428|Mustafa Güneş:4:37386,2719068,12,143325,606,30,30.498617682175443,30.993278586708506,none,484323
Atak,23,666,2012,12,1897,1702,195,8620,267,161,0,10,129,4173365,2800707,1352650,359011,77779,70818,85684,0,580,758778,2570756,-771919,725165,2617510,2617510,1189218,120690374,87784,0,299323,1639544,0,5.0,1.0,2.0,1.0,1.0,455.3592378709677,522.727273,301.590909,302.92375367741937,462.873900483871,1.142168,37.488183032258064,1.0,1.0,1.0,1.0,none,0:1.0500|1:0.9300|2:1.0300|3:0.9400|4:0.9500|5:1.1000|6:0.8200|,Selin Şimşek:6:15428|Mustafa Güneş:4:37386,2799144,13,148837,636,31,32.41149528018757,33.76857568321477,none,609941
Atak,23,697,2013,1,1825,1618,207,8376,251,135,0,6,159,4292427,2881065,1394847,382161,83052,71252,86180,0,24835,747367,-5667791,-8606207,2224372,714044,714044,1291646,69919027,87784,3098930,3413137,1709774,0,4.967741935483871,1.0,2.0,0.967741935483871,1.0,458.21847509677417,525.454545,301.227273,301.84017603225806,464.46041058064515,1.148751,37.20969870967742,1.0,1.0,1.0,1.0,none,0:1.0500|1:0.9300|2:1.0300|3:0.9400|4:0.9500|5:1.1000|6:0.8200|,Selin Şimşek:6:16111|Mustafa Güneş:4:39043,2924024,17,148837,667,31,32.49553224784021,34.261211764457585,none,598530
Atak,23,725,2013,2,1639,1427,212,7425,243,155,0,10,159,3654889,2497827,1135942,352268,76552,64749,78316,0,794,563263,2035121,632508,838,1401775,1401775,1220658,56201287,87784,0,3428021,1544312,0,5.0,1.0,2.0,1.0,1.0,459.39123396428573,528.863636,310.306818,308.47889607142855,465.1363637857143,1.155828,36.60805799999999,1.0,1.0,1.0,1.0,none,0:1.0500|1:0.9300|2:1.0300|3:0.9400|4:0.9500|5:1.1000|6:0.8200|,Selin Şimşek:6:16111|Mustafa Güneş:4:39043,2537500,19,148837,698,28,31.08006836869738,32.45260356358387,none,414426
Atak,23,756,2013,3,1810,1600,210,8345,197,102,0,5,163,3791825,2563032,1212417,390011,84754,72089,79267,0,373,585923,21941149,14708663,1625989,5606497,4210225,1058276,58034853,87784,0,3442905,1709774,0,5.0,1.0,2.0,1.0,1.0,459.8093844193549,531.818182,307.36803525806454,308.2287389354839,467.0161293870968,1.162259,37.62655625806452,1.0,1.0,1.0,1.0,none,0:1.0500|1:0.9300|2:1.0300|3:0.9400|4:0.9500|5:1.1000|6:0.8200|,Selin Şimşek:6:16111|Mustafa Güneş:4:39043,2592520,19,148837,726,31,31.974497768225064,33.15316179416229,none,437086
Atak,23,786,2013,4,1664,1478,186,7545,195,90,0,0,146,3575005,2322327,1236593,377430,82020,70184,77190,0,374,629395,21995191,13862707,2128947,6003537,7399809,1156894,36562851,87784,0,3457789,1654620,0,5.0,1.0,2.0,1.0,1.0,475.0454546666667,535.454545,304.6515155,305.92878790000003,479.55151516666666,1.16942,34.82413543333334,1.0,1.0,1.0,1.0,none,0:1.0500|1:0.9300|2:1.0300|3:0.9400|4:0.9500|5:1.1000|6:0.8200|,Selin Şimşek:6:16111|Mustafa Güneş:4:39043,2319750,19,148837,757,30,34.589965608439705,35.86897579858541,none,480558
Atak,23,817,2013,5,1798,1579,219,8095,235,72,0,4,178,3813013,2509873,1283236,390011,84754,72957,80228,0,363,654923,23287585,15832514,1547592,5907479,5907479,1099360,45917958,87784,0,3472673,1709774,0,5.0,1.0,2.0,1.0,1.0,478.43108493548385,538.409091,313.045455,311.1568913548387,484.7859236129032,1.176391,35.31224551612903,1.0,1.0,1.0,1.0,none,0:1.0500|1:0.9300|2:1.0300|3:0.9400|4:0.9500|5:1.1000|6:0.8200|,Selin Şimşek:6:16111|Mustafa Güneş:4:39043,2512924,19,148837,787,31,33.65412077011015,34.56832867742823,none,506086
Atak,23,847,2013,6,1749,1541,208,8145,150,90,0,2,174,3422250,2186438,1219734,377430,82020,71024,89850,0,1048,598362,23323067,14174954,1507626,7640487,6135710,1004606,58179875,92660,0,3488383,1657092,0,5.0,1.0,2.0,1.0,1.0,480.54545440000004,542.045455,306.045455,307.91818179999996,486.8272727666666,1.183639,35.0891626,1.0,1.0,1.0,1.0,none,0:1.0500|1:0.9300|2:1.0300|3:0.9400|4:0.9500|5:1.1000|6:0.8200|,Selin Şimşek:6:16111|Mustafa Güneş:4:39043,2220428,19,157106,818,30,35.64128862590401,36.31290189143032,none,441256
Atak,23,878,2013,7,1884,1692,192,8895,169,98,0,5,157,3712423,2375544,1319504,403511,87885,73826,93372,0,914,659996,22838969,15119274,1470149,6249546,7754323,1121442,71971638,92660,0,3504093,1786406,0,5.0,1.0,2.0,1.0,1.0,481.09970645161286,545.0,309.727273,308.7214075806452,487.70088003225806,1.190696,35.349035225806446,1.0,1.0,1.0,1.0,none,0:1.0500|1:0.9300|2:1.0300|3:0.9400|4:0.9500|5:1.1000|6:0.8200|,Selin Şimşek:6:16834|Mustafa Güneş:4:40792,2363780,19,157106,848,31,35.54293247294287,35.62098067271401,none,502890
Atak,23,909,2013,8,1665,1487,178,7418,184,59,0,0,150,3351680,2111902,1223819,403961,87885,74291,93961,0,0,563721,21634927,15572305,2954,6059668,6059668,974584,87542872,92660,0,3519803,1786406,0,5.0,1.0,2.0,1.0,1.0,494.3401760967742,549.090909,312.9134900322581,311.5938417096774,497.2272727096774,1.198032,31.528304129032257,1.0,1.0,1.0,1.0,none,0:1.0500|1:0.9300|2:1.0300|3:0.9400|4:0.9500|5:1.1000|6:0.8200|,Selin Şimşek:6:16834|Mustafa Güneş:4:40792,2164928,19,157106,879,31,36.513599150276875,36.70077708371395,none,406615
Atak,23,939,2013,9,1575,1360,215,6869,192,79,0,0,167,3311195,2087220,1204504,390930,85050,72344,79560,0,366,576254,23350048,14661884,1050963,7637201,7637201,1034040,88318205,92660,0,3535513,1728780,0,5.0,1.0,2.0,1.0,1.0,496.4242425666667,551.590909,311.818182,311.6,499.7545455,1.205414,31.128236933333334,1.0,1.0,1.0,1.0,none,0:1.0500|1:0.9300|2:1.0300|3:0.9400|4:0.9500|5:1.1000|6:0.8200|,Selin Şimşek:6:16834|Mustafa Güneş:4:40792,2106324,19,157106,910,30,36.376715959041974,37.187156616726924,none,419148
Atak,23,970,2013,10,1701,1501,200,7364,193,76,0,3,168,3600973,2330505,1251183,403961,87885,75190,82708,0,806,600633,19727401,12668148,1034806,6024447,6024447,995024,86803547,92660,0,3551223,1786406,0,5.0,1.0,2.0,1.0,1.0,497.5000001935484,555.227273,321.863636,319.06304990322576,501.92961864516127,1.2126,32.74745709677419,1.0,1.0,1.0,1.0,none,0:1.0500|1:0.9300|2:1.0300|3:0.9400|4:0.9500|5:1.1000|6:0.8200|,Selin Şimşek:6:16834|Mustafa Güneş:4:40792,2343104,20,157106,940,31,34.74569234481903,35.30379178396351,none,443527
Atak,23,1000,2013,11,1637,1445,192,7275,202,64,0,0,149,3599890,2347008,1232825,390930,85050,73215,80520,0,288,602822,31789176,24589422,1018440,6181314,6181314,1060776,81603694,92660,0,3566933,1728780,0,5.0,1.0,2.0,1.0,1.0,498.1363635,558.409091,321.954545,321.0818184333333,503.7863638,1.220071,33.578489633333334,1.0,1.0,1.0,1.0,none,0:1.0500|1:0.9300|2:1.0300|3:0.9400|4:0.9500|5:1.1000|6:0.8200|,Selin Şimşek:6:16834|Mustafa Güneş:4:40792,2393270,20,157106,971,30,34.24618530010639,35.368190601889275,none,445716
Atak,23,1031,2013,12,1564,1373,191,6715,224,140,0,0,143,3826435,2495602,1317501,403961,87885,76120,92070,0,0,657465,35143034,23969799,1001863,10171372,10171372,1059464,98006509,95911,0,3583194,1789099,0,5.0,1.0,2.0,1.0,1.0,506.46627577419355,562.045455,328.63049822580643,326.5249267096774,509.57331374193546,1.227345,31.045451096774194,1.0,1.0,1.0,1.0,none,0:1.0500|1:0.9300|2:1.0300|3:0.9400|4:0.9500|5:1.1000|6:0.8200|,Selin Şimşek:6:16834|Mustafa Güneş:4:40792,2503990,20,162619,1001,31,34.43155312974087,35.113054127156666,none,494846
Atak,23,1062,2014,1,1622,1422,200,6863,257,125,0,0,153,3831635,2500651,1315806,412961,89962,76586,92628,0,0,643669,21476621,13749171,985074,6742376,6742376,1048022,107565685,95911,0,3599455,1869889,0,5.0,1.0,2.0,1.0,1.0,509.62609941935483,565.227273,329.136364,328.32111441935484,511.77272729032256,1.234907,31.140563516129035,1.0,1.0,1.0,1.0,none,0:1.0500|1:0.9300|2:1.0300|3:0.9400|4:0.9500|5:1.1000|6:0.8200|,Selin Şimşek:6:17620|Mustafa Güneş:4:42699,2513724,21,162619,1032,31,34.34058828672355,35.41610910920707,none,481050
Atak,23,1090,2014,2,1620,1389,231,6747,201,128,0,7,180,3703693,2391500,1296411,373268,81256,69623,84224,0,308,687732,13366459,6898435,1386,6466638,6466638,1156554,110809548,95911,0,3615716,1688932,0,5.0,1.0,2.0,1.0,1.0,511.03896135714285,569.545455,326.17370110714285,326.81980517857147,514.6477274285714,1.243005,31.05940725,1.0,1.0,1.0,1.0,none,0:1.0500|1:0.9300|2:1.0300|3:0.9400|4:0.9500|5:1.1000|6:0.8200|,Selin Şimşek:6:17620|Mustafa Güneş:4:42699,2421636,22,162619,1063,28,35.00319815924268,36.17439651940857,none,525113
Atak,23,1121,2014,3,1798,1584,214,7966,226,113,0,8,174,3998850,2565523,1410920,413261,89962,77547,85281,0,0,744869,27294031,16517734,1050744,9725553,9725553,1204688,120141997,95911,0,3631977,1869889,0,5.0,1.0,2.0,1.0,1.0,511.10703848387095,572.954545,326.31818200000004,326.78885638709676,516.093841483871,1.250366,32.27159035483871,1.0,1.0,1.0,1.0,none,0:1.0500|1:0.9300|2:1.0300|3:0.9400|4:0.9500|5:1.1000|6:0.8200|,Selin Şimşek:6:17620|Mustafa Güneş:4:42699,2549682,22,162619,1091,31,35.283143903872364,36.15462957270589,none,582250
Atak,23,1151,2014,4,1770,1514,256,7176,249,109,0,4,175,3793515,2400930,1373017,399930,87060,75526,83070,0,0,727431,26495110,17385152,1034886,8075072,8075072,1063430,129712920,95911,0,3648238,1809570,0,5.0,1.0,2.0,1.0,1.0,524.9545452666667,575.454545,329.818182,328.7606060666667,522.4590910000001,1.258565,29.033063133333332,1.0,1.0,1.0,1.0,none,0:1.0500|1:0.9300|2:1.0300|3:0.9400|4:0.9500|5:1.1000|6:0.8200|,Selin Şimşek:6:17620|Mustafa Güneş:4:42699,2461172,22,162619,1122,30,36.19379388245466,37.17204947097682,none,564812
Atak,23,1182,2014,5,1869,1620,249,7782,235,90,0,9,193,4171211,2664873,1490048,413261,89962,78540,86366,0,1016,820903,27041603,18321315,1018810,7701478,7701478,1114212,123962353,95911,0,3664499,1869889,0,5.0,1.0,2.0,1.0,1.0,524.9120232580646,579.772727,333.81818200000004,332.31818187096775,527.0381230645161,1.266552,29.734616193548387,1.0,1.0,1.0,1.0,none,0:1.0500|1:0.9300|2:1.0300|3:0.9400|4:0.9500|5:1.1000|6:0.8200|,Selin Şimşek:6:17620|Mustafa Güneş:4:42699,2669592,23,162619,1152,31,35.72219194857321,36.40492745278885,none,658284
Atak,23,1212,2014,6,1851,1628,223,7876,161,59,0,3,187,3635964,2337956,1284915,399930,87060,76516,96750,0,472,624187,27913009,16535160,1002514,10375335,10375335,1187100,134481504,100789,0,3681588,1812422,0,5.0,1.0,2.0,1.0,1.0,525.7500003666667,582.954545,340.454545,338.2318181666667,528.6651515666666,1.274857,30.4674636,1.0,1.0,1.0,1.0,none,0:1.0500|1:0.9300|2:1.0300|3:0.9400|4:0.9500|5:1.1000|6:0.8200|,Selin Şimşek:6:17620|Mustafa Güneş:4:42699,2400420,23,170887,1183,30,35.3390462611841,35.2440238207206,none,453300
Atak,23,1243,2014,7,1914,1671,243,8377,173,104,0,13,199,4028717,2557925,1447825,426761,93124,79563,100626,0,1057,746694,29170711,19225456,985996,8959259,8959259,1038616,147511717,100789,0,3698677,1958301,0,5.0,1.0,2.0,1.0,1.0,527.9692083548387,587.954545,334.909091,336.07331370967745,531.7815252258065,1.282947,30.613781451612905,1.0,1.0,1.0,1.0,none,0:1.0500|1:0.9300|2:1.0300|3:0.9400|4:0.9500|5:1.1000|6:0.8200|,Selin Şimşek:6:18453|Mustafa Güneş:4:44717,2555140,23,170887,1213,31,35.93761984274398,36.566548635746656,none,575807
Atak,23,1274,2014,8,1771,1578,193,7444,221,68,0,4,167,3807431,2436806,1348849,427211,93124,80090,101277,0,1244,645903,24023828,13358484,969537,9695807,7424315,1106744,147991721,100789,0,3715766,1958301,0,5.0,1.0,2.0,1.0,1.0,538.0718471290322,590.681818,346.227273,343.28445741935485,538.4178887741936,1.291361,28.97639741935484,1.0,1.0,1.0,1.0,none,0:1.0500|1:0.9300|2:1.0300|3:0.9400|4:0.9500|5:1.1000|6:0.8200|,Selin Şimşek:6:18453|Mustafa Güneş:4:44717,2489948,24,170887,1244,31,35.42674837705529,35.65408135598422,none,475016
Atak,23,1304,2014,9,1730,1500,230,7081,243,92,0,4,186,3884735,2506712,1361232,413430,90120,78016,85800,0,0,693866,36477600,25646680,956618,9874302,12145794,1207394,159321571,100789,0,3732855,1895130,0,5.0,1.0,2.0,1.0,1.0,539.5227271666666,594.3181820000001,344.636364,344.7878787333333,539.4575757333333,1.299829,29.401884133333333,1.0,1.0,1.0,1.0,none,0:1.0500|1:0.9300|2:1.0300|3:0.9400|4:0.9500|5:1.1000|6:0.8200|,Selin Şimşek:6:18453|Mustafa Güneş:4:44717,2534326,24,170887,1275,30,35.04053687059735,36.12199326432885,none,522979
Atak,23,1335,2014,10,1747,1511,236,7271,242,110,0,11,184,3997191,2571481,1404556,427211,93124,81113,89218,0,353,713537,33914713,23079626,939409,9895678,9895678,1084308,166713711,100789,0,3749944,1958301,0,5.0,1.0,2.0,1.0,1.0,541.5249268387096,599.318182,343.31818200000004,343.755132,543.9208211935484,1.308077,30.216165032258065,1.0,1.0,1.0,1.0,none,0:1.0500|1:0.9300|2:1.0300|3:0.9400|4:0.9500|5:1.1000|6:0.8200|,Selin Şimşek:6:18453|Mustafa Güneş:4:44717,2544390,24,170887,1305,31,35.138576065041676,36.60159209951648,none,542650
Atak,23,1365,2014,11,1800,1580,220,7705,242,109,0,9,163,4370191,2817323,1536896,413430,90120,79007,86910,0,416,867013,43200445,30367791,3174,12829480,9984240,1198562,158320924,100789,0,3767033,1895130,0,5.0,1.0,2.0,1.0,1.0,539.0606059666667,602.272727,343.136364,343.3378788,543.3136362,1.316655,31.875643966666665,1.0,1.0,1.0,1.0,none,0:1.0500|1:0.9300|2:1.0300|3:0.9400|4:0.9500|5:1.1000|6:0.8200|,Selin Şimşek:6:18453|Mustafa Güneş:4:44717,2839182,24,170887,1336,30,35.16770777295546,36.34549432810563,none,696126
Atak,23,1396,2014,12,1839,1615,224,7193,284,119,0,3,177,4398012,2816056,1566219,427211,93124,82167,99417,0,921,863379,47308752,33950125,940039,12418588,15263828,1301974,181455843,105665,0,3784948,1961404,0,5.0,1.0,2.0,1.0,1.0,550.9017591290323,606.818182,350.545455,348.4750733870968,552.5000002580645,1.32501,30.087027161290322,1.0,1.0,1.0,1.0,none,0:1.0500|1:0.9300|2:1.0300|3:0.9400|4:0.9500|5:1.1000|6:0.8200|,Selin Şimşek:6:18453|Mustafa Güneş:4:44717,2856392,24,179156,1366,31,35.6119765021105,36.368790044488634,none,684223
Atak,23,1427,2015,1,1729,1467,262,7075,266,123,0,0,196,4439850,2845625,1577076,468411,102489,82696,100068,0,29403,794009,16613587,7089322,925820,8598445,8598445,1333838,171050545,105665,0,3802863,2054494,0,4.806451612903226,1.0,2.0,0.8064516129032258,1.0,552.7126100645161,610.227273,349.31818200000004,349.4105570645161,554.9076247741936,1.3337,27.929211774193547,1.0,1.0,1.0,1.0,none,0:1.0500|1:0.9300|2:1.0300|3:0.9400|4:0.9500|5:1.1000|6:0.8200|,Selin Şimşek:6:19360|Mustafa Güneş:4:46914,2851574,27,179156,1397,31,35.52092976114058,36.79931023118408,none,614853
Atak,23,1455,2015,2,1582,1332,250,6249,275,115,0,0,197,3835670,2449330,1369851,471268,103320,75225,91000,0,0,629038,17701198,7303934,911407,9485857,9485857,1283676,184002439,105665,0,3820778,1855672,0,5.0,1.0,2.0,1.0,1.0,552.84902625,614.5454550000001,347.318182,348.1022725714286,556.5811687857142,1.342972,27.903795035714285,1.0,1.0,1.0,1.0,none,0:1.0500|1:0.9300|2:1.0300|3:0.9400|4:0.9500|5:1.1000|6:0.8200|,Selin Şimşek:6:19360|Mustafa Güneş:4:46914,2464878,28,179156,1428,28,35.71347378684819,37.176667497114906,none,449882
Atak,23,1486,2015,3,1726,1458,268,7112,265,88,0,4,196,3983915,2616859,1353068,521761,114390,83812,92163,0,0,540942,33184157,18454752,896796,13832609,13832609,1163296,194934246,105665,0,3838693,2054494,0,5.0,1.0,2.0,1.0,1.0,553.1524925806451,618.409091,361.81818200000004,358.35337241935486,557.8240467419355,1.351403,29.352825903225806,1.0,1.0,1.0,1.0,none,0:1.0500|1:0.9300|2:1.0300|3:0.9400|4:0.9500|5:1.1000|6:0.8200|,Selin Şimşek:6:19360|Mustafa Güneş:4:46914,2648756,28,179156,1456,31,33.963274818865365,34.58979452266503,none,361786
Atak,23,1516,2015,4,1763,1511,252,7070,266,59,0,4,204,4161600,2717334,1419046,504930,110700,81678,89820,0,0,631918,31687035,19728105,881984,11076946,11076946,1251910,195351064,105665,0,3856608,1988220,0,5.0,1.0,2.0,1.0,1.0,563.5075756333333,622.954545,365.40909100000005,363.85303036666664,566.8515151333334,1.360799,28.116318333333332,1.0,1.0,1.0,1.0,none,0:1.0500|1:0.9300|2:1.0300|3:0.9400|4:0.9500|5:1.1000|6:0.8200|,Selin Şimşek:6:19360|Mustafa Güneş:4:46914,2725400,29,179156,1487,30,34.098567858515956,35.15453796884414,none,452762
Atak,23,1547,2015,5,1726,1488,238,7059,283,86,0,7,203,4084132,2673642,1386814,521761,114390,84959,93434,0,1319,570951,41423388,26513146,1314,14908928,11719743,1123428,209555598,105665,0,3874523,2054494,0,5.0,1.0,2.0,1.0,1.0,566.260996967742,626.818182,368.272727,366.96334299999995,570.3695017096774,1.369954,28.454836,1.0,1.0,1.0,1.0,none,0:1.0500|1:0.9300|2:1.0300|3:0.9400|4:0.9500|5:1.1000|6:0.8200|,Selin Şimşek:6:19360|Mustafa Güneş:4:46914,2732328,29,179156,1517,31,33.95615029093085,34.96413686055457,none,391795
Atak,23,1577,2015,6,1756,1499,257,7291,214,90,0,8,209,3866332,2492946,1349850,504930,110700,82789,104700,0,828,545903,42129805,28369504,937473,12822828,16012013,1261496,220316468,110542,0,3893265,1991514,0,5.0,1.0,2.0,1.0,1.0,567.5,632.045455,362.727273,364.24242419999996,572.4333336666666,1.379479,29.363306533333333,1.0,1.0,1.0,1.0,none,0:1.0500|1:0.9300|2:1.0300|3:0.9400|4:0.9500|5:1.1000|6:0.8200|,Selin Şimşek:6:19360|Mustafa Güneş:4:46914,2530132,30,187425,1548,30,34.912935567871564,36.08329991189427,none,358478
Atak,23,1608,2015,7,1812,1552,260,7561,214,106,0,7,208,4005649,2556655,1428917,535261,117521,86137,108934,0,1243,579821,35207089,22138222,923539,12145328,12145328,1120522,222773613,110542,0,3912007,2156608,0,5.0,1.0,2.0,1.0,1.0,577.7346041290323,635.227273,368.9061583870968,368.0527858387097,579.8782993225806,1.38876,26.860772096774195,1.0,1.0,1.0,1.0,none,0:1.0500|1:0.9300|2:1.0300|3:0.9400|4:0.9500|5:1.1000|6:0.8200|,Selin Şimşek:6:20322|Mustafa Güneş:4:49246,2576780,31,187425,1578,31,35.67254644628124,36.14608580643291,none,392396
Atak,23,1639,2015,8,1738,1520,218,7118,210,50,0,0,195,4001653,2545920,1435180,535711,117521,86726,109678,0,863,584681,37109225,21119812,909402,15080011,15080011,1102874,220856843,110542,0,3930749,2156608,0,5.0,1.0,2.0,1.0,1.0,582.1774193548387,640.909091,366.454545,366.568915,583.539589516129,1.398416,27.56243390322581,1.0,1.0,1.0,1.0,none,0:1.0500|1:0.9300|2:1.0300|3:0.9400|4:0.9500|5:1.1000|6:0.8200|,Selin Şimşek:6:20322|Mustafa Güneş:4:49246,2531616,33,187425,1609,31,35.86467892143572,37.054490123285774,none,397256
Atak,23,1669,2015,9,1637,1426,211,6641,235,106,0,0,166,4162937,2650197,1492595,518430,113730,84499,92940,0,1272,681724,51429168,34986054,895060,15548054,15548054,1125696,246792843,110542,0,3949491,2087040,0,5.0,1.0,2.0,1.0,1.0,582.0227271666666,644.090909,365.045455,365.4969695333333,584.7227273333333,1.408139,27.8119586,1.0,1.0,1.0,1.0,none,0:1.0500|1:0.9300|2:1.0300|3:0.9400|4:0.9500|5:1.1000|6:0.8200|,Selin Şimşek:6:20322|Mustafa Güneş:4:49246,2701396,33,187425,1640,30,35.85437396722554,37.27986245879597,none,494299
Atak,23,1700,2015,10,1686,1460,226,6969,265,74,0,4,173,4284027,2764022,1499854,535711,117521,87905,96689,0,423,661605,42627303,27510764,880848,14235691,14235691,1297568,246028210,110542,0,3968233,2156608,0,5.0,1.0,2.0,1.0,1.0,582.8592375806451,648.8636359999999,373.590909,371.15542512903227,588.2463343870967,1.417612,27.76762993548387,1.0,1.0,1.0,1.0,none,0:1.0500|1:0.9300|2:1.0300|3:0.9400|4:0.9500|5:1.1000|6:0.8200|,Selin Şimşek:6:20322|Mustafa Güneş:4:49246,2772454,34,187425,1670,31,35.01037691872624,35.903750869469654,none,474180
Atak,23,1730,2015,11,1747,1485,262,7435,227,112,0,6,217,4526194,2921183,1582767,518430,113730,85669,94200,0,1062,769676,66712540,49837948,4430,16870162,16870162,1407024,192896769,110542,0,3986975,2087040,0,5.0,1.0,2.0,1.0,1.0,583.2803031999999,653.863636,372.227273,372.17727286666667,590.2469696,1.427469,29.5467397,1.0,1.0,1.0,1.0,none,0:1.0500|1:0.9300|2:1.0300|3:0.9400|4:0.9500|5:1.1000|6:0.8200|,Selin Şimşek:6:20322|Mustafa Güneş:4:49246,2964276,35,187425,1701,30,34.96904905092446,36.18380888950271,none,582251
Atak,23,1761,2015,12,1799,1558,241,7588,281,140,0,5,187,5118436,3285271,1812829,535711,117521,89114,107818,0,2878,959787,84513031,63509183,887843,20116005,20116005,1589970,229521154,118670,0,4007095,2161864,0,5.0,1.0,2.0,1.0,1.0,586.8988272580644,658.181818,369.5850439032258,370.2932550967742,592.0381230645161,1.437072,30.88935412903226,1.0,1.0,1.0,1.0,none,0:1.0500|1:0.9300|2:1.0300|3:0.9400|4:0.9500|5:1.1000|6:0.8200|,Selin Şimşek:6:20322|Mustafa Güneş:4:49246,3249096,35,201206,1731,31,35.41763538705964,37.02746934597024,none,758581
Atak,23,1792,2016,1,1759,1480,279,7066,284,143,0,5,215,4840390,3037814,1791841,558211,122760,89747,108562,0,932,911629,36856508,14510697,874652,21471159,17529908,1274028,293909904,118670,0,4027215,2319544,0,5.0,1.0,2.0,1.0,1.0,608.7683282903226,662.272727,383.909091,380.8416422258065,609.4999997741936,1.447064,26.84399093548387,1.0,1.0,1.0,1.0,none,0:1.0500|1:0.9300|2:1.0300|3:0.9400|4:0.9500|5:1.1000|6:0.8200|,Selin Şimşek:6:21858|Mustafa Güneş:4:52967,3106860,35,201206,1762,31,37.018525366757636,36.936750294126156,none,710423
Atak,23,1821,2016,2,1627,1360,267,6380,272,132,0,0,199,4333214,2721645,1595643,522899,114840,84913,102689,0,1567,768735,19573670,5132770,861270,13579630,17520881,1302774,284816286,118670,0,4047335,2169896,0,5.0,1.0,2.0,1.0,1.0,612.617554862069,669.318182,383.727273,383.0000002068966,615.6238243793103,1.463258,26.372543,1.0,1.0,1.0,1.0,none,0:1.0500|1:0.9300|2:1.0300|3:0.9400|4:0.9500|5:1.1000|6:0.8200|,Selin Şimşek:6:21858|Mustafa Güneş:4:52967,2762054,37,201206,1793,29,36.823544833003865,37.36267105724773,none,567529
Atak,23,1852,2016,3,1663,1414,249,6646,271,87,0,0,202,4202830,2540970,1635853,558961,122760,91700,100843,0,1722,759867,52551472,34157892,847693,17545887,17545887,1219776,309527228,118670,0,4067455,2319544,0,5.0,1.0,2.0,1.0,1.0,628.7390032580645,676.590909,378.863636,380.17595303225806,625.0630496129032,1.47857,25.490075032258066,1.0,1.0,1.0,1.0,none,0:1.0500|1:0.9300|2:1.0300|3:0.9400|4:0.9500|5:1.1000|6:0.8200|,Selin Şimşek:6:21858|Mustafa Güneş:4:52967,2570894,37,201206,1822,31,38.922654497088864,39.74230419351028,none,558661
Atak,23,1882,2016,4,1650,1378,272,6699,226,98,0,2,224,4207133,2654942,1533497,540930,118800,89733,98670,0,390,684974,49905065,32208574,833919,16862572,16862572,1203138,313994350,118670,0,4087575,2244720,0,5.0,1.0,2.0,1.0,1.0,625.1136367666666,684.545455,395.727273,391.56212136666664,629.2787877,1.495116,26.734768233333334,1.0,1.0,1.0,1.0,none,0:1.0500|1:0.9300|2:1.0300|3:0.9400|4:0.9500|5:1.1000|6:0.8200|,Selin Şimşek:6:21858|Mustafa Güneş:4:52967,2671656,38,201206,1853,30,36.44992920356927,36.695146334215806,none,483768
Atak,23,1913,2016,5,1687,1421,266,6691,303,81,0,0,205,4257944,2624399,1612492,558961,122760,93746,103075,0,1296,732654,63719730,39937051,2297,23780382,23780382,1172322,328696886,118670,0,4107695,2319544,0,5.0,1.0,2.0,1.0,1.0,644.7800582258064,692.272727,395.68181799999996,394.8401759677419,638.8739000645161,1.511305,24.98127983870968,1.0,1.0,1.0,1.0,none,0:1.0500|1:0.9300|2:1.0300|3:0.9400|4:0.9500|5:1.1000|6:0.8200|,Selin Şimşek:6:21858|Mustafa Güneş:4:52967,2687886,38,201206,1883,31,37.87020214450918,38.63305588439439,none,531448
Atak,23,1943,2016,6,1656,1420,236,6730,201,51,0,2,210,3901993,2359759,1519487,540930,118800,91714,115980,0,1266,650797,60879651,40173838,1074212,19631601,19631601,1022850,340270633,128424,0,4129469,2418217,0,5.0,1.0,2.0,1.0,1.0,645.454545,698.863636,390.90909100000005,392.3303029,645.4984849333334,1.528217,25.772225433333332,1.0,1.0,1.0,1.0,none,0:1.0500|1:0.9300|2:1.0300|3:0.9400|4:0.9500|5:1.1000|6:0.8200|,Selin Şimşek:6:21858|Mustafa Güneş:4:52967|Burak Soylu:1:15148,2341866,39,217744,1914,30,38.94130512279238,39.43661966157508,none,433053
Atak,23,1974,2016,7,1639,1371,268,6465,230,68,0,2,206,4014673,2457408,1541694,585961,129022,95824,121148,0,1308,608431,37923016,16394030,1059867,20469119,17404885,1062486,339179704,128424,0,4151243,3001761,0,5.0,1.0,2.0,1.0,1.0,659.2375370645161,706.818182,404.1715543548387,399.63636354838707,654.4824047096774,1.544764,24.718439387096772,1.0,1.0,1.020737322580645,0.9937788064516129,0,0:1.0500|1:0.9300|2:1.0300|3:0.9400|4:0.9500|5:1.1000|6:0.8200|,Selin Şimşek:6:23524|Mustafa Güneş:4:57005|Burak Soylu:1:16302,2498388,42,217744,1944,31,38.40148375720762,38.69105874120081,none|0,390687
Atak,23,2005,2016,8,1610,1325,285,6233,306,39,0,0,214,3674964,2311202,1338689,586861,129022,96879,122512,0,2101,401314,16893871,2826026,1045254,13022591,16086825,1043052,314190917,128424,0,4173017,3001761,0,5.0,1.0,2.0,1.0,1.0,662.272727,715.0,422.96480961290325,416.7653958709677,660.2785921290323,1.562051,24.67331164516129,1.0,1.0,1.2413594516129032,0.9275921612903226,0,0:1.0500|1:0.9300|2:1.0300|3:0.9400|4:0.9500|5:1.1000|6:0.8200|,Selin Şimşek:6:23524|Mustafa Güneş:4:57005|Burak Soylu:1:16302,2390704,43,217744,1975,31,36.42726840317347,36.13434581114749,0,183570
Atak,23,2035,2016,9,1541,1276,265,5837,416,65,0,0,186,3897196,2530068,1348328,567930,124860,94804,104250,0,2309,454175,-37354578,-52297286,1030370,13912338,13912338,1238652,384350280,128424,0,4194791,2904930,0,5.0,1.0,2.0,1.0,1.0,668.6818182333334,723.1818179999999,438.09090899999995,433.26969703333333,667.3333332,1.579531,23.971045066666665,1.0,1.0,1.25,0.925,0,0:1.0500|1:0.9300|2:1.0300|3:0.9400|4:0.9500|5:1.1000|6:0.8200|,Selin Şimşek:6:23524|Mustafa Güneş:4:57005|Burak Soylu:1:16302,2573412,43,217744,2006,30,34.59738745498045,34.4843994476413,0,236431
Atak,23,2066,2016,10,1699,1405,294,6728,358,81,0,2,207,4568751,2989543,1558838,586861,129022,99019,108903,0,2657,632376,-7170709,-24352630,1015210,16166711,16166711,1421560,368613471,128424,0,4216565,3146627,0,5.0,1.0,2.0,1.0,1.0,671.5175950645162,731.1363640000001,435.727273,435.9193547096774,673.4105572903225,1.596634,25.553398387096774,1.0,1.0,1.25,0.925,0,0:1.0500|1:0.9200|2:1.0300|3:0.9300|4:0.9400|5:1.1000|6:0.8200|,Selin Şimşek:6:23524|Mustafa Güneş:4:57005|Burak Soylu:1:16302|Emre Kaya:1:16302|Gamze Uçar:1:14443,3003104,45,217744,2036,31,34.1195657193837,35.11305195835748,0,414632
Atak,23,2096,2016,11,1619,1353,266,6552,332,67,0,0,198,4399039,2834514,1546986,567930,124860,96905,106560,0,908,649823,11527515,-4270721,999767,14798469,14798469,1330986,375489098,128424,0,4238339,4890768,0,5.0,1.0,2.0,1.0,1.0,679.3333336333333,738.863636,436.6545458,436.17121206666667,682.8530303666666,1.614501,25.599875433333334,1.0,1.0,1.25,0.925,0,0:1.0500|1:0.9300|2:1.0300|3:0.9400|4:0.9500|5:1.1000|6:0.8200|,Selin Şimşek:6:23524|Mustafa Güneş:4:57005|Burak Soylu:1:16302|Emre Kaya:1:16302|Gamze Uçar:1:14443|Esin Öztürk:1:14223|Murat Kalkan:2:30088,2802516,49,217744,2067,30,35.1664534003904,35.72307964565712,0,432079
Atak,23,2127,2016,12,1616,1370,246,6502,296,133,0,3,186,4692414,3066235,1605143,586861,129022,101220,122419,0,1939,663682,46485604,29222318,0,17263286,17263286,1445914,381061478,138178,0,4261767,5340646,0,5.0,1.0,2.0,1.0,1.0,689.6480940322581,747.045455,451.6070382580645,447.6671553870968,689.4853370967743,1.631982,25.977696774193547,1.0,1.0,1.25,0.925,0,0:1.0500|1:0.9300|2:1.0300|3:0.9400|4:0.9500|5:1.1000|6:0.8200|,Selin Şimşek:6:23524|Mustafa Güneş:4:57005|Burak Soylu:1:16302|Emre Kaya:1:16302|Gamze Uçar:1:14443|Esin Öztürk:1:14223|Murat Kalkan:2:30088,3072112,50,234281,2097,31,34.20719058463298,34.516307350667354,0,429401
Atak,23,2158,2017,1,1560,1236,324,5609,468,97,0,0,203,4385556,2867246,1498928,613861,135315,102335,123814,0,4668,518935,11986027,-9787678,1010926,20762779,20762779,1262990,381492931,138178,0,4285195,5704186,0,5.0,1.0,2.0,1.0,1.0,693.2551322903225,755.909091,446.65395887096776,447.5601172903226,698.0410555161291,1.650245,25.07845177419355,0.9419354838709677,0.9419354838709677,1.2458870967741935,0.8729952903225807,1,0:1.0500|1:0.9300|2:1.0300|3:0.9400|4:0.9500|5:1.1000|6:0.8200|,Selin Şimşek:6:25182|Mustafa Güneş:4:61023|Burak Soylu:1:17451|Emre Kaya:1:17451|Gamze Uçar:1:15461|Esin Öztürk:1:15227|Murat Kalkan:2:32210,2951912,52,234281,2128,31,34.17874495274943,35.5714890425193,0|1,284654
Atak,23,2186,2017,2,1399,1123,276,5189,424,54,0,0,202,3925390,2540856,1363102,555268,122220,93411,112980,0,3177,476046,-8011820,-22234123,997327,13224976,13224976,1269846,378872399,138178,0,4308623,5152168,0,5.0,1.0,2.0,1.0,1.0,704.5373376785714,763.4090910000001,455.50487014285716,452.87499989285715,704.8620128571429,1.667464,25.225488785714283,0.9,0.9,1.2237500000000001,0.7945446428571429,1,0:1.0500|1:0.9300|2:1.0300|3:0.9400|4:0.9500|5:1.1000|6:0.8200|,Selin Şimşek:6:25182|Mustafa Güneş:4:61023|Burak Soylu:1:17451|Emre Kaya:1:17451|Gamze Uçar:1:15461|Esin Öztürk:1:15227|Murat Kalkan:2:32210,2610566,52,234281,2159,28,34.725262967501315,35.346951001386024,1,241765
Atak,23,2217,2017,3,1734,1393,341,7256,399,105,0,2,241,4833913,3189488,1627690,614761,135315,104381,114793,0,3470,654970,8727854,-7089593,983475,14833972,14833972,1536128,401112268,138178,0,4332051,5704186,0,5.0,1.0,2.0,1.0,1.0,697.2800584838709,770.681818,458.96041058064515,457.66862170967744,702.879765548387,1.683171,28.698351451612904,0.9,0.9,1.1991666774193548,0.8,1,0:1.0500|1:0.9100|2:1.0300|3:0.9200|4:0.9300|5:1.1000|6:0.8200|,Selin Şimşek:6:25182|Mustafa Güneş:4:61023|Burak Soylu:1:17451|Emre Kaya:1:17451|Gamze Uçar:1:15461|Esin Öztürk:1:15227|Murat Kalkan:2:32210,3131922,53,234281,2187,31,33.67230647303747,34.17846889547013,1,420689
Atak,23,2247,2017,4,1610,1328,282,6403,376,50,0,2,193,4460246,2885234,1546204,594930,130950,102065,112260,0,3868,602131,23171500,2435114,969364,19767022,15810432,1269846,399094849,138178,0,4355479,6092451,0,5.0,1.0,2.0,1.0,1.0,708.3030306666666,778.863636,452.0000000333333,453.6651516,716.8606062,1.700734,28.2519318,0.9,0.9,1.1737499999999998,0.8,1,0:1.0500|1:0.9200|2:1.0300|3:0.9300|4:0.9400|5:1.1000|6:0.8200|,Selin Şimşek:6:25182|Mustafa Güneş:4:61023|Burak Soylu:1:17451|Emre Kaya:1:17451|Gamze Uçar:1:15461|Esin Öztürk:1:15227|Murat Kalkan:2:32210|Yusuf Şahin:1:16046|Tuğba Kocabaş:1:17569,2956242,54,234281,2218,30,34.666339031524274,36.1855052903129,1,367850
Atak,23,2278,2017,5,1685,1333,352,6564,423,70,0,0,259,4623858,2936477,1664400,614761,135315,106552,117149,0,2674,687949,34620587,14966195,954990,18699402,22655992,1301930,404411300,138178,0,4378907,7156675,0,5.0,1.0,2.0,1.0,1.0,720.3152493225806,785.681818,450.9017594516129,451.6436950645161,721.8753666451613,1.717904,27.73080306451613,0.9,0.9,1.1483333225806451,0.8,1,0:1.0500|1:0.9300|2:1.0300|3:0.9400|4:0.9500|5:1.1000|6:0.8200|,Selin Şimşek:6:25182|Mustafa Güneş:4:61023|Burak Soylu:1:17451|Emre Kaya:1:17451|Gamze Uçar:1:15461|Esin Öztürk:1:15227|Murat Kalkan:2:32210|Yusuf Şahin:1:16046|Tuğba Kocabaş:1:17569|Emine Bozkurt:1:17101,2936570,55,234281,2248,31,35.99591509946889,37.40216386149498,1,453668
Atak,23,2308,2017,6,1601,1294,307,6135,437,89,0,3,203,3926714,2438407,1464795,594930,130950,104195,131760,0,3383,499577,38640807,19191347,940348,18509112,18509112,1124500,416384391,147931,0,4403988,7377872,0,5.0,1.0,2.0,1.0,1.0,728.4469695333333,794.545455,453.98333326666665,452.9000001,730.7318183,1.735829,26.257840866666665,0.9,0.9,1.1229166666666666,0.8,1,0:1.0500|1:0.9300|2:1.0300|3:0.9400|4:0.9500|5:1.1000|6:0.8200|,Selin Şimşek:6:25182|Mustafa Güneş:4:61023|Burak Soylu:1:17451|Emre Kaya:1:17451|Gamze Uçar:1:15461|Esin Öztürk:1:15227|Murat Kalkan:2:32210|Yusuf Şahin:1:16046|Tuğba Kocabaş:1:17569|Emine Bozkurt:1:17101|Hüseyin Öztürk:1:16749,2456284,56,250819,2279,30,37.30332792253268,37.67791586016165,1,248758
Atak,23,2339,2017,7,1591,1279,312,6488,374,64,0,0,226,4245352,2619403,1610766,641761,141577,108753,137516,0,7148,574011,33447424,8947075,925430,23574919,23574919,991004,424839466,147931,0,4429069,8352454,0,5.0,1.0,2.0,1.0,1.0,738.3651025483872,802.272727,452.8269794193548,453.0117301935484,739.4853370322581,1.753354,26.10954664516129,0.9,0.9,1.0975,0.8,1,0:1.0500|1:0.9300|2:1.0300|3:0.9400|4:0.9500|5:1.1000|6:0.8200|,Selin Şimşek:6:26981|Mustafa Güneş:4:65382|Burak Soylu:1:18698|Emre Kaya:1:18698|Gamze Uçar:1:16566|Esin Öztürk:1:16315|Murat Kalkan:2:34511|Yusuf Şahin:1:17193|Tuğba Kocabaş:1:18823|Emine Bozkurt:1:18322|Hüseyin Öztürk:1:17945,2643544,56,250819,2309,31,37.941871486745974,38.67167098546891,1,323192
Atak,23,2370,2017,8,1613,1283,330,6196,430,40,0,0,240,4329533,2693318,1617833,642661,141577,109870,138942,0,7302,577481,38339076,18684031,910236,18744809,18744809,1204104,434890922,147931,0,4454150,8553996,0,5.0,1.0,2.0,1.0,1.0,746.3269794193549,810.681818,467.79472141935486,463.52492661290324,749.0469208064517,1.7716490000000003,25.644760838709676,0.9,0.9,1.0716666774193546,0.8,1,0:1.0500|1:0.9300|2:1.0300|3:0.9400|4:0.9500|5:1.1000|6:0.8200|,Selin Şimşek:6:26981|Mustafa Güneş:4:65382|Burak Soylu:1:18698|Emre Kaya:1:18698|Gamze Uçar:1:16566|Esin Öztürk:1:16315|Murat Kalkan:2:34511|Yusuf Şahin:1:17193|Tuğba Kocabaş:1:18823|Emine Bozkurt:1:18322|Hüseyin Öztürk:1:17945|Ufuk Aktaş:1:18322,2802704,57,250819,2340,31,37.3673788835886,37.32040589189193,1,326662
Atak,23,2400,2017,9,1527,1217,310,5657,426,73,0,0,211,4410573,2750223,1621001,621930,137010,107436,118140,0,3194,633291,40791189,19662836,2418,21125935,21125935,1281782,456226539,147931,0,4479231,8632680,0,5.0,1.0,2.0,1.0,1.0,743.401515,819.545455,459.4909091,461.91818183333334,753.0272727666667,1.790134,26.2246736,0.9,0.9,1.04625,0.8,1,0:1.0500|1:0.9300|2:1.0300|3:0.9400|4:0.9500|5:1.1000|6:0.8200|,Selin Şimşek:6:26981|Mustafa Güneş:4:65382|Burak Soylu:1:18698|Emre Kaya:1:18698|Gamze Uçar:1:16566|Esin Öztürk:1:16315|Murat Kalkan:2:34511|Yusuf Şahin:1:17193|Tuğba Kocabaş:1:18823|Emine Bozkurt:1:18322|Hüseyin Öztürk:1:17945|Ufuk Aktaş:1:18322,2676010,57,250819,2371,30,36.75261695022393,38.19074889832583,1,382472
Atak,23,2431,2017,10,1517,1174,343,5395,547,66,0,0,212,4377432,2712409,1641870,642661,141577,112134,123318,0,1809,620371,23836428,-1531991,1730941,23637478,23637478,1333018,444244677,147931,0,4504312,9912083,0,5.0,1.0,2.0,1.0,1.0,762.5513191935485,827.727273,475.02932548387093,470.4780058387097,766.2697949677419,1.808208,24.438711322580644,0.9,0.9,1.0208333225806452,0.8,1,0:1.0500|1:0.9300|2:1.0300|3:0.9400|4:0.9500|5:1.1000|6:0.8200|,Selin Şimşek:6:26981|Mustafa Güneş:4:65382|Burak Soylu:1:18698|Emre Kaya:1:18698|Gamze Uçar:1:16566|Esin Öztürk:1:16315|Murat Kalkan:2:34511|Yusuf Şahin:1:17193|Tuğba Kocabaş:1:18823|Emine Bozkurt:1:18322|Hüseyin Öztürk:1:17945|Ufuk Aktaş:1:18322|Hasan Güneş:1:19577|Hüseyin Erdoğan:2:37021|Selin Uysal:3:53585,2800956,59,250819,2401,31,37.507607199837715,37.70526474385386,1,369552
Atak,23,2461,2017,11,1442,1159,283,5528,449,64,0,0,169,4158503,2572012,1558189,621930,137010,109657,120600,0,2886,566106,39519167,17653409,846979,21018779,21018779,1281936,459447551,147931,0,4529393,11938170,0,5.0,1.0,2.0,1.0,1.0,765.7954541666667,836.136364,474.75757600000003,473.64999993333333,772.3681818,1.827075,25.00072533333333,0.9,0.9,1.00125,0.8,1,0:1.0500|1:0.9300|2:1.0300|3:0.9400|4:0.9500|5:1.1000|6:0.8200|,Selin Şimşek:6:26981|Mustafa Güneş:4:65382|Burak Soylu:1:18698|Emre Kaya:1:18698|Gamze Uçar:1:16566|Esin Öztürk:1:16315|Murat Kalkan:2:34511|Yusuf Şahin:1:17193|Tuğba Kocabaş:1:18823|Emine Bozkurt:1:18322|Hüseyin Öztürk:1:17945|Ufuk Aktaş:1:18322|Hasan Güneş:1:19577|Hüseyin Erdoğan:2:37021|Selin Uysal:3:53585,2586408,59,250819,2432,30,37.46995012387871,38.00464949003543,1,315287
Atak,23,2492,2017,12,1554,1240,314,5586,439,64,0,0,221,4840326,2949180,1862392,642661,141577,114460,138446,0,5813,819435,52975212,23737785,834356,28403071,22941541,1390616,482772299,156060,0,4555853,12360405,0,5.0,1.0,2.0,1.0,1.0,779.2082112903225,845.227273,473.19648077419356,473.4134897741935,781.7609973225806,1.845521,24.28803235483871,0.9580645161290322,0.9580645161290322,1.0,0.8329032258064516,none,0:1.0500|1:0.9300|2:1.0300|3:0.9400|4:0.9500|5:1.1000|6:0.8200|,Selin Şimşek:6:26981|Mustafa Güneş:4:65382|Burak Soylu:1:18698|Emre Kaya:1:18698|Gamze Uçar:1:16566|Esin Öztürk:1:16315|Murat Kalkan:2:34511|Yusuf Şahin:1:17193|Tuğba Kocabaş:1:18823|Emine Bozkurt:1:18322|Hüseyin Öztürk:1:17945|Ufuk Aktaş:1:18322|Hasan Güneş:1:19577|Hüseyin Erdoğan:2:37021|Selin Uysal:3:53585,3001762,59,264600,2462,31,38.47658194923235,39.272138830440674,1|none,554835
Atak,23,2523,2018,1,1593,1310,283,6431,271,121,0,0,220,5782046,3585337,2171928,665161,146816,115663,139903,0,6837,1097548,32140433,10666101,822139,20652193,26113723,1506588,485316978,156060,0,4582313,13565469,0,5.0,1.0,2.0,1.0,1.0,782.5733140967742,854.090909,487.045455,483.30351906451614,789.4794722580644,1.864777,25.30748829032258,1.0,1.0,1.0,0.983225806451613,none,0:1.0500|1:0.9300|2:1.0300|3:0.9400|4:0.9500|5:1.1000|6:0.8200|,Selin Şimşek:6:28628|Mustafa Güneş:4:69373|Burak Soylu:1:19840|Emre Kaya:1:19840|Gamze Uçar:1:17576|Esin Öztürk:1:17310|Murat Kalkan:2:36618|Yusuf Şahin:1:18243|Tuğba Kocabaş:1:19974|Emine Bozkurt:1:19441|Hüseyin Öztürk:1:19041|Ufuk Aktaş:1:19441|Hasan Güneş:1:20772|Hüseyin Erdoğan:2:39281|Selin Uysal:3:56857|Cengiz Yıldırım:1:19840,3599988,60,264600,2493,31,37.56331236382415,37.76360039031803,none,832948
Atak,23,2551,2018,2,1626,1325,301,6667,236,132,0,0,253,5719794,3482564,2216182,601468,132608,105394,127484,0,11844,1237384,39778811,17904923,7381,21866507,21866507,1840820,495310561,156060,0,4608773,12431255,0,5.0,1.0,2.0,1.0,1.0,793.6444803214287,861.363636,480.227273,481.9594155357143,793.8149350357143,1.8813790000000001,26.014156321428572,1.0,1.0,1.0,1.0,2,0:1.0500|1:0.9300|2:1.0300|3:0.9400|4:0.9500|5:1.1000|6:0.8200|,Selin Şimşek:6:28628|Mustafa Güneş:4:69373|Burak Soylu:1:19840|Emre Kaya:1:19840|Gamze Uçar:1:17576|Esin Öztürk:1:17310|Murat Kalkan:2:36618|Yusuf Şahin:1:18243|Tuğba Kocabaş:1:19974|Emine Bozkurt:1:19441|Hüseyin Öztürk:1:19041|Ufuk Aktaş:1:19441|Hasan Güneş:1:20772|Hüseyin Erdoğan:2:39281|Selin Uysal:3:56857|Cengiz Yıldırım:1:19840|Barış Yıldırım:1:17710,3450476,61,264600,2524,28,38.745835951434614,39.490882264372786,none|2,972784
Atak,23,2582,2018,3,1264,1014,250,5230,214,34,0,0,215,4510818,2740690,1745287,665911,146816,117617,129332,0,17869,667742,21431088,-1190727,832715,21789100,21789100,1050582,495665214,156060,0,4635233,14253335,0,5.0,1.0,2.0,1.0,1.0,802.5293253870967,867.954545,486.409091,484.7976540645161,803.6935486451613,1.896501,25.564186741935483,1.0,1.0,1.0,1.0,2,0:1.0500|1:0.9300|2:1.0300|3:0.9400|4:0.9500|5:1.1000|6:0.8200|,Selin Şimşek:6:28628|Mustafa Güneş:4:69373|Burak Soylu:1:19840|Emre Kaya:1:19840|Gamze Uçar:1:17576|Esin Öztürk:1:17310|Murat Kalkan:2:36618|Yusuf Şahin:1:18243|Tuğba Kocabaş:1:19974|Emine Bozkurt:1:19441|Hüseyin Öztürk:1:19041|Ufuk Aktaş:1:19441|Hasan Güneş:1:20772|Hüseyin Erdoğan:2:39281|Selin Uysal:3:56857|Cengiz Yıldırım:1:19840|Barış Yıldırım:1:17710,2863242,61,264600,2552,31,38.69114205006719,39.39049009014311,2,403142
Atak,23,2612,2018,4,1146,942,204,4507,191,23,0,0,174,3864807,2380089,1463428,644430,142080,114843,126270,0,17887,417918,18884448,-6440294,821143,24503599,24503599,1104150,484130404,156060,0,4661693,13793550,0,5.0,1.0,2.0,1.0,1.0,801.3484847333333,875.6818179999999,493.045455,490.01060606666664,809.6696968666668,1.9133850000000001,26.6999831,1.0,1.0,1.0,1.0,2,0:1.0500|1:0.9300|2:1.0300|3:0.9400|4:0.9500|5:1.1000|6:0.8200|,Selin Şimşek:6:28628|Mustafa Güneş:4:69373|Burak Soylu:1:19840|Emre Kaya:1:19840|Gamze Uçar:1:17576|Esin Öztürk:1:17310|Murat Kalkan:2:36618|Yusuf Şahin:1:18243|Tuğba Kocabaş:1:19974|Emine Bozkurt:1:19441|Hüseyin Öztürk:1:19041|Ufuk Aktaş:1:19441|Hasan Güneş:1:20772|Hüseyin Erdoğan:2:39281|Selin Uysal:3:56857|Cengiz Yıldırım:1:19840|Barış Yıldırım:1:17710,2376648,62,264600,2583,30,37.865487202853856,38.4730283524437,2,153318
Atak,23,2643,2018,5,1322,1070,252,5634,186,36,0,0,223,4753501,2926883,1804693,665911,146816,119694,131626,0,16722,723924,42901932,21292584,809364,20799984,20799984,1215364,501494982,156060,0,4688153,14253335,0,5.0,1.0,2.0,1.0,1.0,807.4999998387098,883.409091,491.954545,491.4032257096774,813.829912,1.929868,27.545591032258063,1.0,1.0,1.0,1.0,2,0:1.0500|1:0.9300|2:1.0300|3:0.9400|4:0.9500|5:1.1000|6:0.8200|,Selin Şimşek:6:28628|Mustafa Güneş:4:69373|Burak Soylu:1:19840|Emre Kaya:1:19840|Gamze Uçar:1:17576|Esin Öztürk:1:17310|Murat Kalkan:2:36618|Yusuf Şahin:1:18243|Tuğba Kocabaş:1:19974|Emine Bozkurt:1:19441|Hüseyin Öztürk:1:19041|Ufuk Aktaş:1:19441|Hasan Güneş:1:20772|Hüseyin Erdoğan:2:39281|Selin Uysal:3:56857|Cengiz Yıldırım:1:19840|Barış Yıldırım:1:17710,2873210,61,264600,2613,31,37.96555423045036,39.07683652033894,2,459324
Atak,23,2673,2018,6,1339,1086,253,5371,205,31,0,0,223,4277755,2621085,1627349,644430,142080,116854,147780,0,18642,557563,47725973,23171624,797376,23756973,23756973,1070750,521159587,165814,0,4716267,13821973,0,5.0,1.0,2.0,1.0,1.0,822.4166667333334,890.909091,511.227273,505.21969693333335,825.1333336,1.94705,25.4799006,1.0,1.0,1.0,1.0,2,0:1.0500|1:0.9300|2:1.0300|3:0.9400|4:0.9500|5:1.1000|6:0.8200|,Selin Şimşek:6:28628|Mustafa Güneş:4:69373|Burak Soylu:1:19840|Emre Kaya:1:19840|Gamze Uçar:1:17576|Esin Öztürk:1:17310|Murat Kalkan:2:36618|Yusuf Şahin:1:18243|Tuğba Kocabaş:1:19974|Emine Bozkurt:1:19441|Hüseyin Öztürk:1:19041|Ufuk Aktaş:1:19441|Hasan Güneş:1:20772|Hüseyin Erdoğan:2:39281|Selin Uysal:3:56857|Cengiz Yıldırım:1:19840|Barış Yıldırım:1:17710,2679608,61,281137,2644,30,38.042127237300875,37.8384104214945,2,276426
Atak,23,2704,2018,7,1386,1161,225,5867,184,33,0,0,202,4800995,2975033,1807024,692911,153109,121803,154008,0,15691,669502,39473173,9660790,785175,29027208,29027208,1391496,530149688,165814,0,4744381,15134448,0,5.0,1.0,2.0,1.0,1.0,826.3856304193548,898.409091,509.954545,509.37390003225806,831.0058652258064,1.963822,25.427741548387097,1.0,1.0,1.0,1.0,2,0:1.0500|1:0.9300|2:1.0300|3:0.9400|4:0.9500|5:1.1000|6:0.8200|,Selin Şimşek:6:30398|Mustafa Güneş:4:73663|Burak Soylu:1:21066|Emre Kaya:1:21066|Gamze Uçar:1:18663|Esin Öztürk:1:18380|Murat Kalkan:2:38881|Yusuf Şahin:1:19370|Tuğba Kocabaş:1:21208|Emine Bozkurt:1:20642|Hüseyin Öztürk:1:20219|Ufuk Aktaş:1:20642|Hasan Güneş:1:22056|Hüseyin Erdoğan:2:41709|Selin Uysal:3:60372|Cengiz Yıldırım:1:21066|Barış Yıldırım:1:18805,3044724,61,281137,2674,31,37.638531179474256,38.29097140263436,2,388365
Atak,23,2735,2018,8,1320,1100,220,5451,165,56,0,0,190,4315471,2642301,1660810,693811,153109,122888,155403,0,17597,518002,55984504,29035545,772756,26176203,26176203,1269936,554698813,165814,0,4772495,15134448,0,5.0,1.0,2.0,1.0,1.0,830.5938413225807,907.045455,507.363636,508.34604109677423,837.3328446774193,1.9813059999999998,25.3115594516129,1.0,1.0,1.0,1.0,2,0:1.0500|1:0.9300|2:1.0300|3:0.9400|4:0.9500|5:1.1000|6:0.8200|,Selin Şimşek:6:30398|Mustafa Güneş:4:73663|Burak Soylu:1:21066|Emre Kaya:1:21066|Gamze Uçar:1:18663|Esin Öztürk:1:18380|Murat Kalkan:2:38881|Yusuf Şahin:1:19370|Tuğba Kocabaş:1:21208|Emine Bozkurt:1:20642|Hüseyin Öztürk:1:20219|Ufuk Aktaş:1:20642|Hasan Güneş:1:22056|Hüseyin Erdoğan:2:41709|Selin Uysal:3:60372|Cengiz Yıldırım:1:21066|Barış Yıldırım:1:18805,2633856,61,281137,2705,31,38.48502283991713,38.91555526199076,2,236865
Atak,23,2765,2018,9,1369,1112,257,5322,275,46,0,0,199,4894609,3022070,1842596,671430,148170,119974,131940,0,13036,758046,39979021,8977713,760116,30241192,24363826,1444422,552940584,165814,0,4800609,14646240,0,5.0,1.0,2.0,1.0,1.0,846.6060607666666,915.454545,521.272727,517.2772727,845.3227273666666,1.998945,24.991928966666666,1.0,1.0,1.0,1.0,2,0:1.0500|1:0.9300|2:1.0300|3:0.9400|4:0.9500|5:1.1000|6:0.8200|,Selin Şimşek:6:30398|Mustafa Güneş:4:73663|Burak Soylu:1:21066|Emre Kaya:1:21066|Gamze Uçar:1:18663|Esin Öztürk:1:18380|Murat Kalkan:2:38881|Yusuf Şahin:1:19370|Tuğba Kocabaş:1:21208|Emine Bozkurt:1:20642|Hüseyin Öztürk:1:20219|Ufuk Aktaş:1:20642|Hasan Güneş:1:22056|Hüseyin Erdoğan:2:41709|Selin Uysal:3:60372|Cengiz Yıldırım:1:21066|Barış Yıldırım:1:18805,3081162,62,281137,2736,30,37.64541764214465,38.42794764214803,2,476909
Atak,23,2796,2018,10,1377,1107,270,5528,246,66,0,0,220,4933869,3057010,1851643,693811,153109,125028,137516,0,13654,728525,41009848,15695146,747251,24567451,30444817,1296148,554120748,165814,0,4828723,15313443,0,5.0,1.0,2.0,1.0,1.0,845.4838713225806,922.954545,519.363636,519.4384162580645,850.8958944193548,2.016165,25.314565838709676,1.0,1.0,1.0,1.0,2,0:1.0500|1:0.9300|2:1.0300|3:0.9400|4:0.9500|5:1.1000|6:0.8200|,Selin Şimşek:6:30398|Mustafa Güneş:4:73663|Burak Soylu:1:21066|Emre Kaya:1:21066|Gamze Uçar:1:18663|Esin Öztürk:1:18380|Murat Kalkan:2:38881|Yusuf Şahin:1:19370|Tuğba Kocabaş:1:21208|Emine Bozkurt:1:20642|Hüseyin Öztürk:1:20219|Ufuk Aktaş:1:20642|Hasan Güneş:1:22056|Hüseyin Erdoğan:2:41709|Selin Uysal:3:60372|Cengiz Yıldırım:1:21066|Barış Yıldırım:1:18805|Ayşe Yılmaz:1:19653|Tuncay Tekin:2:40012,3031576,63,281137,2766,31,37.52922908978734,38.57202323829483,2,447388
Atak,23,2826,2018,11,1290,1036,254,5293,172,53,0,0,213,4520854,2787874,1705129,671430,148170,122075,134250,0,13416,615788,36786443,11917552,734156,24134735,24134735,1337832,562956935,165814,0,4856837,16436190,0,5.0,1.0,2.0,1.0,1.0,846.3863637666667,931.8181820000001,521.0,520.0560606333333,857.3560605,2.034115,27.869571599999997,1.0,1.0,1.0,1.0,2,0:1.0500|1:0.9300|2:1.0300|3:0.9400|4:0.9500|5:1.1000|6:0.8200|,Selin Şimşek:6:30398|Mustafa Güneş:4:73663|Burak Soylu:1:21066|Emre Kaya:1:21066|Gamze Uçar:1:18663|Esin Öztürk:1:18380|Murat Kalkan:2:38881|Yusuf Şahin:1:19370|Tuğba Kocabaş:1:21208|Emine Bozkurt:1:20642|Hüseyin Öztürk:1:20219|Ufuk Aktaş:1:20642|Hasan Güneş:1:22056|Hüseyin Erdoğan:2:41709|Selin Uysal:3:60372|Cengiz Yıldırım:1:21066|Barış Yıldırım:1:18805|Ayşe Yılmaz:1:19653|Tuncay Tekin:2:40012,2836230,63,281137,2797,30,37.71696675008749,38.44418786694557,2,334651
Atak,23,2857,2018,12,1120,925,195,4845,186,33,0,0,167,4698322,2869100,1804587,693811,153109,127230,153915,0,14853,661669,25188187,-2794237,1329,27981095,27981095,1309008,552861432,180444,0,4887431,18722533,0,5.0,1.0,2.0,1.0,1.0,868.4677421290322,939.318182,533.409091,529.0498534516129,869.2478003548388,2.051637,25.993600774193546,1.0,1.0,1.0,1.0,2,0:1.0500|1:0.9300|2:1.0300|3:0.9400|4:0.9500|5:1.1000|6:0.8200|,Selin Şimşek:6:30398|Mustafa Güneş:4:73663|Burak Soylu:1:21066|Emre Kaya:1:21066|Gamze Uçar:1:18663|Esin Öztürk:1:18380|Murat Kalkan:2:38881|Yusuf Şahin:1:19370|Tuğba Kocabaş:1:21208|Emine Bozkurt:1:20642|Hüseyin Öztürk:1:20219|Ufuk Aktaş:1:20642|Hasan Güneş:1:22056|Hüseyin Erdoğan:2:41709|Selin Uysal:3:60372|Cengiz Yıldırım:1:21066|Barış Yıldırım:1:18805|Ayşe Yılmaz:1:19653|Tuncay Tekin:2:40012|Burak Kaplan:1:18522|Ebru Kalkan:2:37468|Halil Soylu:3:55989,2883336,64,305944,2827,31,38.409180979932835,38.58043711648314,2,355725
Atak,23,2888,2019,1,1196,959,237,4993,228,36,0,0,198,5005083,3086950,1891968,594661,131086,128395,155279,0,15895,866652,21282725,-2918656,734559,23466822,23466822,1475232,548310234,180444,0,4918025,22278181,0,4.32258064516129,1.0,2.0,0.3225806451612903,1.0,869.1495601935484,947.272727,532.409091,531.6568916774194,873.9002932580646,2.069903,23.837937806451613,1.0,1.0,1.0,1.0,2,0:1.0500|1:0.9300|2:1.0300|3:0.9400|4:0.9500|5:1.1000|6:0.8200|,Selin Şimşek:6:33107|Mustafa Güneş:4:80226|Burak Soylu:1:22944|Emre Kaya:1:22944|Gamze Uçar:1:20326|Esin Öztürk:1:20018|Murat Kalkan:2:42346|Yusuf Şahin:1:21096|Tuğba Kocabaş:1:23097|Emine Bozkurt:1:22482|Hüseyin Öztürk:1:22019|Ufuk Aktaş:1:22482|Hasan Güneş:1:24022|Hüseyin Erdoğan:2:45425|Selin Uysal:3:65752|Cengiz Yıldırım:1:22944|Barış Yıldırım:1:20480|Ayşe Yılmaz:1:21404|Tuncay Tekin:2:43578|Burak Kaplan:1:20172|Ebru Kalkan:2:40806|Halil Soylu:3:60978,3159318,64,305944,2858,31,37.800931572962924,38.743673657104615,2,560708
Atak,23,2916,2019,2,1078,859,219,4224,226,53,0,0,161,4592790,2844480,1731747,478268,104888,117511,142128,0,14330,874622,16227478,-7854354,724115,23357717,23357717,1312416,540312001,180444,0,4948619,20122228,0,4.0,1.0,2.0,0.0,1.0,887.1834411785715,959.7727270000001,549.136364,544.0016234285714,889.7159089642857,2.097689,22.575090392857142,1.0,1.0,1.0,1.0,2,0:1.0500|1:0.9300|2:1.0300|3:0.9400|4:0.9500|5:1.1000|6:0.8200|,Selin Şimşek:6:33107|Mustafa Güneş:4:80226|Burak Soylu:1:22944|Emre Kaya:1:22944|Gamze Uçar:1:20326|Esin Öztürk:1:20018|Murat Kalkan:2:42346|Yusuf Şahin:1:21096|Tuğba Kocabaş:1:23097|Emine Bozkurt:1:22482|Hüseyin Öztürk:1:22019|Ufuk Aktaş:1:22482|Hasan Güneş:1:24022|Hüseyin Erdoğan:2:45425|Selin Uysal:3:65752|Cengiz Yıldırım:1:22944|Barış Yıldırım:1:20480|Ayşe Yılmaz:1:21404|Tuncay Tekin:2:43578|Burak Kaplan:1:20172|Ebru Kalkan:2:40806|Halil Soylu:3:60978,2904690,64,305944,2889,28,37.705773614730916,38.103402463136106,2,568678
Atak,23,2947,2019,3,1117,905,212,4298,147,26,0,0,182,4037682,2536045,1483019,529511,116126,131683,144801,0,11673,549225,2816158,-26236857,714165,28338850,22755008,1180424,519963578,180444,0,4979213,22278181,0,4.0,1.0,2.0,0.0,1.0,890.5718471935484,971.818182,556.409091,552.686217032258,898.3958942580646,2.1231059999999995,23.681152322580644,1.0,1.0,1.0,1.0,2,0:1.0500|1:0.9300|2:1.0300|3:0.9400|4:0.9500|5:1.1000|6:0.8200|,Selin Şimşek:6:33107|Mustafa Güneş:4:80226|Burak Soylu:1:22944|Emre Kaya:1:22944|Gamze Uçar:1:20326|Esin Öztürk:1:20018|Murat Kalkan:2:42346|Yusuf Şahin:1:21096|Tuğba Kocabaş:1:23097|Emine Bozkurt:1:22482|Hüseyin Öztürk:1:22019|Ufuk Aktaş:1:22482|Hasan Güneş:1:24022|Hüseyin Erdoğan:2:45425|Selin Uysal:3:65752|Cengiz Yıldırım:1:22944|Barış Yıldırım:1:20480|Ayşe Yılmaz:1:21404|Tuncay Tekin:2:43578|Burak Kaplan:1:20172|Ebru Kalkan:2:40806|Halil Soylu:3:60978,2577132,64,305944,2917,31,36.72946507426786,37.52226810746294,2,243281
Atak,23,2977,2019,4,926,746,180,3733,225,4,0,0,137,3744949,2262208,1464129,512430,112380,129146,142020,0,16288,551865,3679837,-19643882,704037,22619682,28203524,965446,500841120,180444,0,5009807,21559530,0,4.0,1.0,2.0,0.0,1.0,917.0378784333334,984.3181820000001,543.227273,547.6954546,911.1742422666667,2.151607,21.783453333333334,1.0,1.0,1.0,1.0,2,0:1.0500|1:0.9300|2:1.0300|3:0.9400|4:0.9500|5:1.1000|6:0.8200|,Selin Şimşek:6:33107|Mustafa Güneş:4:80226|Burak Soylu:1:22944|Emre Kaya:1:22944|Gamze Uçar:1:20326|Esin Öztürk:1:20018|Murat Kalkan:2:42346|Yusuf Şahin:1:21096|Tuğba Kocabaş:1:23097|Emine Bozkurt:1:22482|Hüseyin Öztürk:1:22019|Ufuk Aktaş:1:22482|Hasan Güneş:1:24022|Hüseyin Erdoğan:2:45425|Selin Uysal:3:65752|Cengiz Yıldırım:1:22944|Barış Yıldırım:1:20480|Ayşe Yılmaz:1:21404|Tuncay Tekin:2:43578|Burak Kaplan:1:20172|Ebru Kalkan:2:40806|Halil Soylu:3:60978,1952308,62,305944,2948,30,39.096099840077926,40.76283152795728,2,245921
Atak,23,3008,2019,5,1350,1073,277,5392,231,58,0,0,212,4985729,3025470,1930391,529511,116126,135188,148645,0,13875,987046,63047480,37451861,693728,24901891,24901891,1362660,529145913,180444,0,5040401,22278181,0,4.0,1.0,2.0,0.0,1.0,915.095307967742,997.727273,553.181818,550.5029325806452,921.6304984516129,2.179552,23.316824677419355,1.0,1.0,1.0,1.0,2,0:1.0500|1:0.9300|2:1.0300|3:0.9400|4:0.9500|5:1.1000|6:0.8200|,Selin Şimşek:6:33107|Mustafa Güneş:4:80226|Burak Soylu:1:22944|Emre Kaya:1:22944|Gamze Uçar:1:20326|Esin Öztürk:1:20018|Murat Kalkan:2:42346|Yusuf Şahin:1:21096|Tuğba Kocabaş:1:23097|Emine Bozkurt:1:22482|Hüseyin Öztürk:1:22019|Ufuk Aktaş:1:22482|Hasan Güneş:1:24022|Hüseyin Erdoğan:2:45425|Selin Uysal:3:65752|Cengiz Yıldırım:1:22944|Barış Yıldırım:1:20480|Ayşe Yılmaz:1:21404|Tuncay Tekin:2:43578|Burak Kaplan:1:20172|Ebru Kalkan:2:40806|Halil Soylu:3:60978,3083232,62,305944,2978,31,38.718329857078075,39.549267362269084,2,681102
Atak,23,3038,2019,6,1368,1095,273,5464,264,52,0,0,221,4772095,2868789,1877395,512430,112380,132597,167640,0,14098,938250,61081636,29436737,0,31644899,25369615,1277248,561679000,196700,0,5073751,21624486,0,4.0,1.0,2.0,0.0,1.0,937.5984851999999,1010.6818179999999,570.8681815666666,564.9787878999999,935.3409091666667,2.20881,21.875809866666668,1.0,1.0,1.0,1.0,none,0:1.0500|1:0.9300|2:1.0300|3:0.9400|4:0.9500|5:1.1000|6:0.8200|,Selin Şimşek:6:33107|Mustafa Güneş:4:80226|Burak Soylu:1:22944|Emre Kaya:1:22944|Gamze Uçar:1:20326|Esin Öztürk:1:20018|Murat Kalkan:2:42346|Yusuf Şahin:1:21096|Tuğba Kocabaş:1:23097|Emine Bozkurt:1:22482|Hüseyin Öztürk:1:22019|Ufuk Aktaş:1:22482|Hasan Güneş:1:24022|Hüseyin Erdoğan:2:45425|Selin Uysal:3:65752|Cengiz Yıldırım:1:22944|Barış Yıldırım:1:20480|Ayşe Yılmaz:1:21404|Tuncay Tekin:2:43578|Burak Kaplan:1:20172|Ebru Kalkan:2:40806|Halil Soylu:3:60978,2904482,62,333506,3009,30,39.34110699807946,39.113790116150376,2|none,604744
Atak,23,3069,2019,7,1446,1131,315,5837,206,34,0,0,259,4984636,3007421,1954457,574511,126604,138785,175491,0,15225,923841,40560095,13945951,858968,25755176,32030460,1368734,569094102,196700,0,5107101,24291817,0,4.0,1.0,2.0,0.0,1.0,940.6964811290322,1024.318182,572.227273,570.7565981935484,944.3357773225806,2.237498,22.07518851612903,1.0,1.0,1.0,1.0,none,0:1.0500|1:0.9300|2:1.0300|3:0.9400|4:0.9500|5:1.1000|6:0.8200|,Selin Şimşek:6:36100|Mustafa Güneş:4:87478|Burak Soylu:1:25018|Emre Kaya:1:25018|Gamze Uçar:1:22163|Esin Öztürk:1:21827|Murat Kalkan:2:46174|Yusuf Şahin:1:23003|Tuğba Kocabaş:1:25186|Emine Bozkurt:1:24513|Hüseyin Öztürk:1:24010|Ufuk Aktaş:1:24513|Hasan Güneş:1:26193|Hüseyin Erdoğan:2:49532|Selin Uysal:3:71694|Cengiz Yıldırım:1:25018|Barış Yıldırım:1:22332|Ayşe Yılmaz:1:23339|Tuncay Tekin:2:47517|Burak Kaplan:1:21995|Ebru Kalkan:2:44494|Halil Soylu:3:66489,3077828,62,333506,3039,31,39.209623330570174,39.16982953808781,none,590335
Atak,23,3100,2019,8,1502,1141,361,5611,411,50,0,3,249,5158167,3128880,1988421,576011,126604,140646,177847,0,16689,950624,54767981,24974882,848733,28944366,28944366,1379442,590258421,196700,0,5140451,24291817,0,4.0,1.0,2.0,0.0,1.0,961.1510267419354,1037.727273,588.8577712580644,583.0278592903226,961.4721405483871,2.267534,21.425820387096774,0.9709677419354839,0.9709677419354839,1.0,0.9745967741935483,3,0:1.0500|1:0.9300|2:1.0300|3:0.9400|4:0.9500|5:1.1000|6:0.8200|,Selin Şimşek:6:36100|Mustafa Güneş:4:87478|Burak Soylu:1:25018|Emre Kaya:1:25018|Gamze Uçar:1:22163|Esin Öztürk:1:21827|Murat Kalkan:2:46174|Yusuf Şahin:1:23003|Tuğba Kocabaş:1:25186|Emine Bozkurt:1:24513|Hüseyin Öztürk:1:24010|Ufuk Aktaş:1:24513|Hasan Güneş:1:26193|Hüseyin Erdoğan:2:49532|Selin Uysal:3:71694|Cengiz Yıldırım:1:25018|Barış Yıldırım:1:22332|Ayşe Yılmaz:1:23339|Tuncay Tekin:2:47517|Burak Kaplan:1:21995|Ebru Kalkan:2:44494|Halil Soylu:3:66489,3138354,62,333506,3070,31,38.54898455207053,38.7341057883331,none|3,617118
Atak,23,3130,2019,9,1363,1022,341,5311,455,32,0,0,224,5300489,3263876,2003563,557430,122520,137940,151680,0,19650,1014343,41784069,6471361,838272,34474436,34474436,1482016,597536843,196700,0,5173801,23508210,0,4.0,1.0,2.0,0.0,1.0,965.3939389666667,1051.136364,593.272727,590.8787879333333,973.0484846333334,2.297973,22.2259267,0.95,0.95,1.0,0.925,3,0:1.0500|1:0.9300|2:1.0300|3:0.9400|4:0.9500|5:1.1000|6:0.8200|,Selin Şimşek:6:36100|Mustafa Güneş:4:87478|Burak Soylu:1:25018|Emre Kaya:1:25018|Gamze Uçar:1:22163|Esin Öztürk:1:21827|Murat Kalkan:2:46174|Yusuf Şahin:1:23003|Tuğba Kocabaş:1:25186|Emine Bozkurt:1:24513|Hüseyin Öztürk:1:24010|Ufuk Aktaş:1:24513|Hasan Güneş:1:26193|Hüseyin Erdoğan:2:49532|Selin Uysal:3:71694|Cengiz Yıldırım:1:25018|Barış Yıldırım:1:22332|Ayşe Yılmaz:1:23339|Tuncay Tekin:2:47517|Burak Kaplan:1:21995|Ebru Kalkan:2:44494|Halil Soylu:3:66489,3352578,62,333506,3101,30,37.79958792481222,38.54604808944376,3,680837
Atak,23,3161,2019,10,1336,979,357,4719,636,39,0,0,202,5077809,3052210,1991667,576011,126604,144398,158751,0,13925,971978,45506938,16523255,827579,28156104,28156104,1491012,615044115,196700,0,5207151,24291817,0,4.0,1.0,2.0,0.0,1.0,991.2609972580645,1065.227273,593.818182,592.4882698709677,987.3196479032258,2.327819,20.627730967741936,0.95,0.95,1.0,0.925,3,0:1.0500|1:0.9300|2:1.0300|3:0.9400|4:0.9500|5:1.1000|6:0.8200|,Selin Şimşek:6:36100|Mustafa Güneş:4:87478|Burak Soylu:1:25018|Emre Kaya:1:25018|Gamze Uçar:1:22163|Esin Öztürk:1:21827|Murat Kalkan:2:46174|Yusuf Şahin:1:23003|Tuğba Kocabaş:1:25186|Emine Bozkurt:1:24513|Hüseyin Öztürk:1:24010|Ufuk Aktaş:1:24513|Hasan Güneş:1:26193|Hüseyin Erdoğan:2:49532|Selin Uysal:3:71694|Cengiz Yıldırım:1:25018|Barış Yıldırım:1:22332|Ayşe Yılmaz:1:23339|Tuncay Tekin:2:47517|Burak Kaplan:1:21995|Ebru Kalkan:2:44494|Halil Soylu:3:66489,3085560,62,333506,3131,31,39.2229601389103,40.09466894767721,3,638472
Atak,23,3191,2019,11,1388,1060,328,5249,494,44,0,0,206,5296238,3234478,2035485,557430,122520,141601,155700,0,15570,1042664,49522438,20304271,828291,28389876,28389876,1464882,632030980,196700,0,5240501,23508210,0,4.0,1.0,2.0,0.0,1.0,993.0909094,1079.772727,612.6818179999999,606.2196969,997.8242422000001,2.359067,21.615402766666666,0.95,0.95,1.0,0.925,3,0:1.0500|1:0.9300|2:1.0300|3:0.9400|4:0.9500|5:1.1000|6:0.8200|,Selin Şimşek:6:36100|Mustafa Güneş:4:87478|Burak Soylu:1:25018|Emre Kaya:1:25018|Gamze Uçar:1:22163|Esin Öztürk:1:21827|Murat Kalkan:2:46174|Yusuf Şahin:1:23003|Tuğba Kocabaş:1:25186|Emine Bozkurt:1:24513|Hüseyin Öztürk:1:24010|Ufuk Aktaş:1:24513|Hasan Güneş:1:26193|Hüseyin Erdoğan:2:49532|Selin Uysal:3:71694|Cengiz Yıldırım:1:25018|Barış Yıldırım:1:22332|Ayşe Yılmaz:1:23339|Tuncay Tekin:2:47517|Burak Kaplan:1:21995|Ebru Kalkan:2:44494|Halil Soylu:3:66489,3229998,62,333506,3162,30,38.43265729372434,38.30556576435016,3,709158
Atak,23,3222,2019,12,1384,998,386,4863,592,50,0,0,207,5272324,3161703,2087929,576011,126604,148214,179273,0,20671,1037156,67415886,28471787,10772,38933327,38933327,1425980,657962855,225961,0,5278812,24411508,0,4.0,1.0,2.0,0.0,1.0,1013.4310849354839,1093.863636,609.409091,609.6583577741936,1011.2082111612904,2.389707,20.81333429032258,0.95,0.95,1.0,0.925,3,0:1.0500|1:0.9300|2:1.0300|3:0.9400|4:0.9500|5:1.1000|6:0.8200|,Selin Şimşek:6:36100|Mustafa Güneş:4:87478|Burak Soylu:1:25018|Emre Kaya:1:25018|Gamze Uçar:1:22163|Esin Öztürk:1:21827|Murat Kalkan:2:46174|Yusuf Şahin:1:23003|Tuğba Kocabaş:1:25186|Emine Bozkurt:1:24513|Hüseyin Öztürk:1:24010|Ufuk Aktaş:1:24513|Hasan Güneş:1:26193|Hüseyin Erdoğan:2:49532|Selin Uysal:3:71694|Cengiz Yıldırım:1:25018|Barış Yıldırım:1:22332|Ayşe Yılmaz:1:23339|Tuncay Tekin:2:47517|Burak Kaplan:1:21995|Ebru Kalkan:2:44494|Halil Soylu:3:66489,3251294,62,383119,3192,31,39.60168229418374,39.86674574534137,3,654037
Atak,23,3253,2020,1,1350,964,386,4814,512,36,0,0,256,5350221,3221332,2094588,657011,145421,150276,181691,0,19106,941083,20348761,-8314770,831477,27832054,27832054,1379166,652388524,225961,0,5317123,28002238,0,4.0,1.0,2.0,0.0,1.0,1020.0073314516129,1108.409091,613.318182,611.6539588064517,1023.2434018387097,2.421786,21.204677612903225,0.95,0.95,1.0,0.925,3,0:1.0500|1:0.9300|2:1.0300|3:0.9400|4:0.9500|5:1.1000|6:0.8200|,Selin Şimşek:6:41613|Mustafa Güneş:4:100840|Burak Soylu:1:28839|Emre Kaya:1:28839|Gamze Uçar:1:25549|Esin Öztürk:1:25161|Murat Kalkan:2:53226|Yusuf Şahin:1:26516|Tuğba Kocabaş:1:29032|Emine Bozkurt:1:28258|Hüseyin Öztürk:1:27678|Ufuk Aktaş:1:28258|Hasan Güneş:1:30194|Hüseyin Erdoğan:2:57097|Selin Uysal:3:82646|Cengiz Yıldırım:1:28839|Barış Yıldırım:1:25742|Ayşe Yılmaz:1:26903|Tuncay Tekin:2:54775|Burak Kaplan:1:25355|Ebru Kalkan:2:51291|Halil Soylu:3:76646,3234816,62,383119,3223,31,39.14956036395506,39.87119865823292,3,557964
Atak,23,3282,2020,2,1256,869,387,4010,596,69,0,0,227,4916614,2919073,1973211,617149,136039,143831,173913,0,20505,881774,9869985,-18060153,820784,27109354,27109354,1188512,634752338,225961,0,5355434,26195642,0,4.0,1.0,2.0,0.0,1.0,1072.460815137931,1134.318182,646.6363639999998,636.1724137586207,1067.1206896206897,2.477969,19.348434793103447,0.95,0.95,1.0,0.925,3,0:1.0500|1:0.9300|2:1.0300|3:0.9400|4:0.9500|5:1.1000|6:0.8200|,Selin Şimşek:6:41613|Mustafa Güneş:4:100840|Burak Soylu:1:28839|Emre Kaya:1:28839|Gamze Uçar:1:25549|Esin Öztürk:1:25161|Murat Kalkan:2:53226|Yusuf Şahin:1:26516|Tuğba Kocabaş:1:29032|Emine Bozkurt:1:28258|Hüseyin Öztürk:1:27678|Ufuk Aktaş:1:28258|Hasan Güneş:1:30194|Hüseyin Erdoğan:2:57097|Selin Uysal:3:82646|Cengiz Yıldırım:1:28839|Barış Yıldırım:1:25742|Ayşe Yılmaz:1:26903|Tuncay Tekin:2:54775|Burak Kaplan:1:25355|Ebru Kalkan:2:51291|Halil Soylu:3:76646,3029566,62,383119,3254,29,40.13353498973074,39.70536220320228,3,498655
Atak,23,3313,2020,3,1429,1020,409,5086,510,73,0,0,281,5387141,3193287,2169309,659711,145421,157071,172670,0,17720,1016716,27087151,-8636005,809857,34913299,34913299,1494276,623609772,225961,0,5393745,28002238,0,4.0,1.0,2.0,0.0,1.0,1095.197947516129,1159.772727,653.590909,649.5469208064517,1095.8401759032258,2.531706,20.041068677419357,0.95,0.95,1.0,0.925,3,0:1.0500|1:0.9300|2:1.0300|3:0.9400|4:0.9500|5:1.1000|6:0.8200|,Selin Şimşek:6:41613|Mustafa Güneş:4:100840|Burak Soylu:1:28839|Emre Kaya:1:28839|Gamze Uçar:1:25549|Esin Öztürk:1:25161|Murat Kalkan:2:53226|Yusuf Şahin:1:26516|Tuğba Kocabaş:1:29032|Emine Bozkurt:1:28258|Hüseyin Öztürk:1:27678|Ufuk Aktaş:1:28258|Hasan Güneş:1:30194|Hüseyin Erdoğan:2:57097|Selin Uysal:3:82646|Cengiz Yıldırım:1:28839|Barış Yıldırım:1:25742|Ayşe Yılmaz:1:26903|Tuncay Tekin:2:54775|Burak Kaplan:1:25355|Ebru Kalkan:2:51291|Halil Soylu:3:76646,3228694,62,383119,3283,31,40.26827959394417,40.322120719608584,3,633597
Atak,23,3343,2020,4,1394,979,415,4952,477,75,0,0,291,5285986,3136396,2126675,638430,140730,155546,170970,0,22726,998273,39797039,9951726,798691,29046622,29046622,1666648,629700157,225961,0,5432056,27098940,0,4.0,1.0,2.0,0.0,1.0,1118.5757579333333,1186.1363640000002,671.136364,664.4151515333334,1118.7818181666667,2.590438,20.781526966666664,0.95,0.95,1.0,0.925,3,0:1.0500|1:0.9300|2:1.0300|3:0.9400|4:0.9500|5:1.1000|6:0.8200|,Selin Şimşek:6:41613|Mustafa Güneş:4:100840|Burak Soylu:1:28839|Emre Kaya:1:28839|Gamze Uçar:1:25549|Esin Öztürk:1:25161|Murat Kalkan:2:53226|Yusuf Şahin:1:26516|Tuğba Kocabaş:1:29032|Emine Bozkurt:1:28258|Hüseyin Öztürk:1:27678|Ufuk Aktaş:1:28258|Hasan Güneş:1:30194|Hüseyin Erdoğan:2:57097|Selin Uysal:3:82646|Cengiz Yıldırım:1:28839|Barış Yıldırım:1:25742|Ayşe Yılmaz:1:26903|Tuncay Tekin:2:54775|Burak Kaplan:1:25355|Ebru Kalkan:2:51291|Halil Soylu:3:76646,3229248,62,383119,3314,30,40.23232373298,40.00081270847643,3,615154
Atak,23,3374,2020,5,1491,1094,397,5359,514,61,0,3,267,5713509,3390550,2297779,659711,145421,164330,180637,0,26403,1121277,57051226,18997974,787279,37265973,29804806,1444108,651697749,225961,0,5470367,28002238,0,4.0,1.0,2.0,0.0,1.0,1144.4501466129032,1212.5,689.909091,682.8020527419355,1146.4692082258064,2.648573,20.86956493548387,0.95,0.95,1.0,0.925,3,0:1.0500|1:0.9300|2:1.0300|3:0.9400|4:0.9500|5:1.1000|6:0.8200|,Selin Şimşek:6:41613|Mustafa Güneş:4:100840|Burak Soylu:1:28839|Emre Kaya:1:28839|Gamze Uçar:1:25549|Esin Öztürk:1:25161|Murat Kalkan:2:53226|Yusuf Şahin:1:26516|Tuğba Kocabaş:1:29032|Emine Bozkurt:1:28258|Hüseyin Öztürk:1:27678|Ufuk Aktaş:1:28258|Hasan Güneş:1:30194|Hüseyin Erdoğan:2:57097|Selin Uysal:3:82646|Cengiz Yıldırım:1:28839|Barış Yıldırım:1:25742|Ayşe Yılmaz:1:26903|Tuncay Tekin:2:54775|Burak Kaplan:1:25355|Ebru Kalkan:2:51291|Halil Soylu:3:76646,3384374,62,383119,3344,31,40.21659894121108,39.71698172770179,3,738158
Atak,23,3404,2020,6,1433,1009,424,4837,612,37,0,0,288,4714113,2724376,1952081,638430,140730,162722,205680,0,21918,782601,64926517,33147374,5188,31773955,39235122,1363120,676427621,261725,0,5514742,27238377,0,4.0,1.0,2.0,0.0,1.0,1182.8030304666668,1240.681818,689.8181820000001,688.3257575666667,1173.7727271333335,2.710017,19.473394433333333,0.95,0.95,1.0,0.925,3,0:1.0500|1:0.9300|2:1.0300|3:0.9400|4:0.9500|5:1.1000|6:0.8200|,Selin Şimşek:6:41613|Mustafa Güneş:4:100840|Burak Soylu:1:28839|Emre Kaya:1:28839|Gamze Uçar:1:25549|Esin Öztürk:1:25161|Murat Kalkan:2:53226|Yusuf Şahin:1:26516|Tuğba Kocabaş:1:29032|Emine Bozkurt:1:28258|Hüseyin Öztürk:1:27678|Ufuk Aktaş:1:28258|Hasan Güneş:1:30194|Hüseyin Erdoğan:2:57097|Selin Uysal:3:82646|Cengiz Yıldırım:1:28839|Barış Yıldırım:1:25742|Ayşe Yılmaz:1:26903|Tuncay Tekin:2:54775|Burak Kaplan:1:25355|Ebru Kalkan:2:51291|Halil Soylu:3:76646,2814560,62,443756,3375,30,41.40929587390035,41.67936974866922,3,338845
Atak,23,3435,2020,7,1446,1042,404,5310,522,40,0,0,267,5384947,3199056,2166523,758711,168454,171930,217310,0,23859,826259,28587075,-3809841,1116227,31280689,31280689,1543566,667399048,261725,0,5559117,32324785,0,4.0,1.0,2.0,0.0,1.0,1195.300586387097,1268.409091,726.590909,711.8167154193549,1196.9178886129032,2.770836,20.27818177419355,0.95,0.95,1.0,0.925,3,0:1.0500|1:0.9300|2:1.0300|3:0.9400|4:0.9500|5:1.1000|6:0.8200|,Selin Şimşek:6:48037|Mustafa Güneş:4:116406|Burak Soylu:1:33291|Emre Kaya:1:33291|Gamze Uçar:1:29492|Esin Öztürk:1:29046|Murat Kalkan:2:61442|Yusuf Şahin:1:30609|Tuğba Kocabaş:1:33514|Emine Bozkurt:1:32621|Hüseyin Öztürk:1:31950|Ufuk Aktaş:1:32621|Hasan Güneş:1:34855|Hüseyin Erdoğan:2:65911|Selin Uysal:3:95404|Cengiz Yıldırım:1:33291|Barış Yıldırım:1:29716|Ayşe Yılmaz:1:31056|Tuncay Tekin:2:63230|Burak Kaplan:1:29269|Ebru Kalkan:2:59208|Halil Soylu:3:88477,3298502,62,443756,3405,31,40.2329493679325,39.21270371027039,3,382503
Atak,23,3466,2020,8,1397,1028,369,5086,488,57,0,0,247,4995590,2901057,2062474,762011,168454,175902,222363,0,25733,708011,32720455,-8888717,1104929,40504243,40504243,1356714,657696510,261725,0,5603492,32324785,0,4.0,1.0,2.0,0.0,1.0,1230.8944283225806,1297.272727,724.681818,723.082111483871,1225.0733136451613,2.835116,20.121628838709675,0.95,0.95,1.0,0.925,3,0:1.0500|1:0.9300|2:1.0300|3:0.9400|4:0.9500|5:1.1000|6:0.8200|,Selin Şimşek:6:48037|Mustafa Güneş:4:116406|Burak Soylu:1:33291|Emre Kaya:1:33291|Gamze Uçar:1:29492|Esin Öztürk:1:29046|Murat Kalkan:2:61442|Yusuf Şahin:1:30609|Tuğba Kocabaş:1:33514|Emine Bozkurt:1:32621|Hüseyin Öztürk:1:31950|Ufuk Aktaş:1:32621|Hasan Güneş:1:34855|Hüseyin Erdoğan:2:65911|Selin Uysal:3:95404|Cengiz Yıldırım:1:33291|Barış Yıldırım:1:29716|Ayşe Yılmaz:1:31056|Tuncay Tekin:2:63230|Burak Kaplan:1:29269|Ebru Kalkan:2:59208|Halil Soylu:3:88477,2849148,62,443756,3436,31,41.28589415864793,41.12559116970163,3,264255
Atak,23,3496,2020,9,1412,990,422,4712,555,34,0,0,287,5546680,3219556,2289629,737430,163020,174190,191460,0,30640,992889,44980957,10459221,1093289,33428447,33428447,1555230,666568471,261725,0,5647867,31282050,0,4.0,1.0,2.0,0.0,1.0,1258.4545454666666,1328.409091,736.8181820000001,732.0424242,1252.6075758,2.900887,19.954047566666667,0.95,0.95,1.0,0.925,3,0:1.0500|1:0.9300|2:1.0300|3:0.9400|4:0.9500|5:1.1000|6:0.8200|,Selin Şimşek:6:48037|Mustafa Güneş:4:116406|Burak Soylu:1:33291|Emre Kaya:1:33291|Gamze Uçar:1:29492|Esin Öztürk:1:29046|Murat Kalkan:2:61442|Yusuf Şahin:1:30609|Tuğba Kocabaş:1:33514|Emine Bozkurt:1:32621|Hüseyin Öztürk:1:31950|Ufuk Aktaş:1:32621|Hasan Güneş:1:34855|Hüseyin Erdoğan:2:65911|Selin Uysal:3:95404|Cengiz Yıldırım:1:33291|Barış Yıldırım:1:29716|Ayşe Yılmaz:1:31056|Tuncay Tekin:2:63230|Burak Kaplan:1:29269|Ebru Kalkan:2:59208|Halil Soylu:3:88477,3307614,62,443756,3467,30,41.27926976137076,41.45055261199208,3,549133
Atak,23,3527,2020,10,1424,1042,382,5298,550,55,0,0,243,6823902,4059256,2727379,762011,168454,184030,202275,0,32041,1378568,45028192,10688383,1081297,33258512,33258512,2089012,674775171,261725,0,5692242,32324785,0,4.0,1.0,2.0,0.0,1.0,1278.9002936451611,1356.818182,772.409091,759.532258,1278.686216935484,2.965989,20.392049870967742,0.95,0.95,1.0,0.925,3,0:1.0500|1:0.9300|2:1.0300|3:0.9400|4:0.9500|5:1.1000|6:0.8200|,Selin Şimşek:6:48037|Mustafa Güneş:4:116406|Burak Soylu:1:33291|Emre Kaya:1:33291|Gamze Uçar:1:29492|Esin Öztürk:1:29046|Murat Kalkan:2:61442|Yusuf Şahin:1:30609|Tuğba Kocabaş:1:33514|Emine Bozkurt:1:32621|Hüseyin Öztürk:1:31950|Ufuk Aktaş:1:32621|Hasan Güneş:1:34855|Hüseyin Erdoğan:2:65911|Selin Uysal:3:95404|Cengiz Yıldırım:1:33291|Barış Yıldırım:1:29716|Ayşe Yılmaz:1:31056|Tuncay Tekin:2:63230|Burak Kaplan:1:29269|Ebru Kalkan:2:59208|Halil Soylu:3:88477,4137894,62,443756,3497,31,39.96802709065869,39.603650508324165,3,934812
Atak,23,3557,2020,11,1291,867,424,3983,707,47,0,0,251,5066127,2975704,2047933,737430,163020,182236,200310,0,39756,725181,64199700,18729358,1068942,44401400,44401400,1471190,689107420,261725,0,5736617,31282050,0,4.0,1.0,2.0,0.0,1.0,1313.9545454666666,1389.545455,775.409091,772.3272727,1305.8333334000001,3.034797,19.132568,0.95,0.95,1.0,0.925,3,0:1.0500|1:0.9300|2:1.0300|3:0.9400|4:0.9500|5:1.1000|6:0.8200|,Selin Şimşek:6:48037|Mustafa Güneş:4:116406|Burak Soylu:1:33291|Emre Kaya:1:33291|Gamze Uçar:1:29492|Esin Öztürk:1:29046|Murat Kalkan:2:61442|Yusuf Şahin:1:30609|Tuğba Kocabaş:1:33514|Emine Bozkurt:1:32621|Hüseyin Öztürk:1:31950|Ufuk Aktaş:1:32621|Hasan Güneş:1:34855|Hüseyin Erdoğan:2:65911|Selin Uysal:3:95404|Cengiz Yıldırım:1:33291|Barış Yıldırım:1:29716|Ayşe Yılmaz:1:31056|Tuncay Tekin:2:63230|Burak Kaplan:1:29269|Ebru Kalkan:2:59208|Halil Soylu:3:88477,3030572,62,443756,3528,30,40.4240359548823,40.986612232875665,3,281425
Atak,23,3588,2020,12,1431,994,437,4674,656,79,0,0,287,6253333,3750606,2470593,762011,168454,192530,232779,0,30897,1083922,71907094,33368719,0,38538375,38538375,1534536,721422876,297489,0,5787056,32469452,0,4.0,1.0,2.0,0.0,1.0,1335.703812,1420.681818,815.5,802.3929619032258,1334.3709678387097,3.102904,20.330560032258063,0.95,0.95,1.0,0.925,3,0:1.0500|1:0.9300|2:1.0300|3:0.9400|4:0.9500|5:1.1000|6:0.8200|,Selin Şimşek:6:48037|Mustafa Güneş:4:116406|Burak Soylu:1:33291|Emre Kaya:1:33291|Gamze Uçar:1:29492|Esin Öztürk:1:29046|Murat Kalkan:2:61442|Yusuf Şahin:1:30609|Tuğba Kocabaş:1:33514|Emine Bozkurt:1:32621|Hüseyin Öztürk:1:31950|Ufuk Aktaş:1:32621|Hasan Güneş:1:34855|Hüseyin Erdoğan:2:65911|Selin Uysal:3:95404|Cengiz Yıldırım:1:33291|Barış Yıldırım:1:29716|Ayşe Yılmaz:1:31056|Tuncay Tekin:2:63230|Burak Kaplan:1:29269|Ebru Kalkan:2:59208|Halil Soylu:3:88477,3844780,62,504394,3558,31,39.50841895034216,38.94604532280844,3,579528
Atak,23,3619,2021,1,1376,902,474,4491,787,59,0,0,259,6152334,3665497,2455068,861011,191456,196984,238173,0,32846,934598,15521673,-29743558,1101085,44164146,35528410,1647656,703012541,297489,0,5837495,36809462,0,4.0,1.0,2.0,0.0,1.0,1376.2463342258063,1453.409091,828.5,822.280058548387,1362.6583578709678,3.174888,18.963299645161293,0.95,0.95,1.0,0.925,3,0:1.0500|1:0.9300|2:1.0300|3:0.9400|4:0.9500|5:1.1000|6:0.8200|,Selin Şimşek:6:54701|Mustafa Güneş:4:132556|Burak Soylu:1:37909|Emre Kaya:1:37909|Gamze Uçar:1:33585|Esin Öztürk:1:33075|Murat Kalkan:2:69967|Yusuf Şahin:1:34856|Tuğba Kocabaş:1:38164|Emine Bozkurt:1:37146|Hüseyin Öztürk:1:36382|Ufuk Aktaş:1:37146|Hasan Güneş:1:39690|Hüseyin Erdoğan:2:75056|Selin Uysal:3:108640|Cengiz Yıldırım:1:37909|Barış Yıldırım:1:33838|Ayşe Yılmaz:1:35366|Tuncay Tekin:2:72003|Burak Kaplan:1:33330|Ebru Kalkan:2:67423|Halil Soylu:3:100753,3780120,62,504394,3589,31,39.90466057271923,39.80002130461155,3,430204
Atak,23,3647,2021,2,1198,783,415,3600,747,36,0,0,225,5498531,3281357,2188753,780668,172928,181676,219688,0,31388,802405,10456517,-25934093,1089512,35301098,35254547,1616506,677255556,297489,0,5887934,33247256,0,4.0,1.0,2.0,0.0,1.0,1414.0097404642856,1484.545455,847.7727270000001,838.3522727142857,1397.4253247857143,3.242156,17.704985107142857,0.95,0.95,1.0,0.925,3,0:1.0500|1:0.9300|2:1.0300|3:0.9400|4:0.9500|5:1.1000|6:0.8200|,Selin Şimşek:6:54701|Mustafa Güneş:4:132556|Burak Soylu:1:37909|Emre Kaya:1:37909|Gamze Uçar:1:33585|Esin Öztürk:1:33075|Murat Kalkan:2:69967|Yusuf Şahin:1:34856|Tuğba Kocabaş:1:38164|Emine Bozkurt:1:37146|Hüseyin Öztürk:1:36382|Ufuk Aktaş:1:37146|Hasan Güneş:1:39690|Hüseyin Erdoğan:2:75056|Selin Uysal:3:108640|Cengiz Yıldırım:1:37909|Barış Yıldırım:1:33838|Ayşe Yılmaz:1:35366|Tuncay Tekin:2:72003|Burak Kaplan:1:33330|Ebru Kalkan:2:67423|Halil Soylu:3:100753,3289580,62,504394,3620,28,39.806140949282636,40.04477460518506,3,298011
Atak,23,3653,2021,3,277,204,73,894,113,10,0,0,47,1237530,728467,499024,167286,37056,39648,43614,0,5784,205636,9449875,9449875,0,0,8682287,1738580,676113072,0,0,5887934,7124412,0,4.0,1.0,2.0,0.0,1.0,1438.636364,1513.181818,854.681818,846.6590908333334,1428.2045453333333,3.304138,18.888517833333335,0.9499999999999998,0.9499999999999998,1.0,0.9250000000000002,3,0:1.0500|1:0.9300|2:1.0300|3:0.9400|4:0.9500|5:1.1000|6:0.8200|,Selin Şimşek:6:54701|Mustafa Güneş:4:132556|Burak Soylu:1:37909|Emre Kaya:1:37909|Gamze Uçar:1:33585|Esin Öztürk:1:33075|Murat Kalkan:2:69967|Yusuf Şahin:1:34856|Tuğba Kocabaş:1:38164|Emine Bozkurt:1:37146|Hüseyin Öztürk:1:36382|Ufuk Aktaş:1:37146|Hasan Güneş:1:39690|Hüseyin Erdoğan:2:75056|Selin Uysal:3:108640|Cengiz Yıldırım:1:37909|Barış Yıldırım:1:33838|Ayşe Yılmaz:1:35366|Tuncay Tekin:2:72003|Burak Kaplan:1:33330|Ebru Kalkan:2:67423|Halil Soylu:3:100753,742950,62,0,3648,6,40.32419416094963,40.59083731043518,3,205636
