tarz,tohum,gun,takvim_yili,ay,musteri,alan,kaybolan,satilan_adet,pahali_istek,bos_raf_istek,rafta_yok_istek,bekleme_kaybi,kart_kaybi,ciro_kurus,mal_maliyeti_kurus,brut_kar_kurus,ucret_kurus,sgk_kurus,kira_kurus,isletme_kurus,fire_kurus,aile_diger_gider_kurus,aile_favok_kurus,sirket_favok_kurus,sirket_net_kurus,faiz_kurus,vergi_kurus,vergi_odeme_kurus,toptanci_vade_kurus,kasa_kurus,patron_net_maas_kurus,patron_net_kar_payi_kurus,servet_kurus,mudur_gunluk_maliyet_kurus,aile_mudur_gunluk_maliyet_kurus,calisan,kasiyer,gorevli,ik,musavir,raf_ortalama_kurus,liste_ortalama_kurus,alis_ortalama_kurus,stok_maliyeti_ortalama_kurus,bot_hedef_ortalama_kurus,liste_duzeyi,yerel_pay,butce_carpani,donem_butce,donem_ithal_carpani,donem_talep_carpani,donem,rakip_fiyatlari,mudurler,siparis_kurus,magaza,patron_sirket_maliyeti_kurus,ilk_gun,oynanan_gun,brut_marj_yuzde,raf_alis_marj_yuzde,donemler,aile_mudur_patron_sonrasi_favok_kurus
Temkinli,21,25,2011,3,1342,1222,120,5546,184,68,0,0,94,2336440,1718088,609045,168750,37975,50012,55000,0,9845,287463,166188,113440,0,52748,57593,461764,138381,71527,0,12127,0,0,3.0,1.0,2.0,0.0,0.0,446.51818184,457.7272730000001,320.86909091999996,329.18909096000004,449.8,1.0,28.99997088,1.0,1.0,1.0,1.0,none,0:1.0000|1:0.9100|2:1.0300|3:0.9400|4:0.9500|5:1.1000|6:0.8200|,,1993368,1,121275,1,25,26.067221927376693,28.13974794984354,none,166188
Temkinli,21,55,2011,4,1589,1422,167,6631,205,66,0,2,140,2727650,1910675,792488,202500,45570,60374,66390,0,9994,407660,286385,198427,0,87958,97952,868888,690922,71527,0,24254,0,0,3.0,1.0,2.0,0.0,0.0,449.7727271333333,459.09090899999995,312.1742424,314.46515153333337,443.69393933333333,1.00592,27.8167803,1.0,1.0,1.0,1.0,none,0:1.0000|1:0.9150|2:1.0300|3:0.9400|4:0.9500|5:1.1000|6:0.8200|,,1913858,1,121275,26,30,29.053874214067054,30.592892016892517,none,286385
Temkinli,21,86,2011,5,1753,1602,151,7342,226,75,0,2,127,2985445,2086757,877897,209250,47089,62821,69099,0,7963,481675,360400,236479,0,123921,131884,965502,1038615,71527,0,36381,0,0,3.0,1.0,2.0,0.0,0.0,447.3093839032258,464.31818200000004,310.05278596774195,311.42228741935486,447.3240469032258,1.01307,29.632555032258065,1.0,1.0,1.0,1.0,none,0:1.0000|1:0.9100|2:1.0300|3:0.9300|4:0.9500|5:1.1000|6:0.8200|,,2087964,1,121275,56,31,29.405900962838036,30.68493594696841,none,360400
Temkinli,21,116,2011,6,1609,1468,141,6892,182,44,0,0,119,2609465,1744786,850546,202500,45570,61245,77460,0,7256,456515,324215,221440,0,102775,110031,768616,1064829,78030,0,49611,0,0,3.0,1.0,2.0,0.0,0.0,460.92424216666666,466.818182,307.56363626666666,308.7651515333334,455.06666666666666,1.020512,28.1891393,1.0,1.0,1.0,1.0,none,0:1.0000|1:0.9250|2:1.0300|3:0.9400|4:0.9500|5:1.1000|6:0.8200|,,1754802,1,132300,87,30,32.594650627619075,33.272410489649616,none,324215
Temkinli,21,147,2011,7,1718,1574,144,7934,174,66,0,0,128,2952575,2042490,892128,222750,50220,63751,80600,0,12222,462585,405069,289350,0,115719,99473,918712,1510905,78030,0,62841,0,0,3.0,1.0,2.0,0.0,0.0,460.21994154838706,470.227273,321.0000000322581,317.4134897741935,457.0630498387097,1.027766,27.932069322580645,1.0,1.0,1.0,1.0,none,0:1.0000|1:0.9300|2:1.0300|3:0.9400|4:0.9500|5:1.1000|6:0.8200|,,2075744,1,132300,117,31,30.215252787820802,30.250740775753965,none,330285
Temkinli,21,178,2011,8,1882,1698,184,8922,174,71,0,8,160,3345615,2353297,970987,223200,50220,64216,81189,0,9404,542758,521478,408341,0,113137,140659,1094520,2060892,78030,0,76071,0,0,3.0,1.0,2.0,0.0,0.0,459.13489738709677,474.090909,320.9838710645161,320.6832845483871,457.3475073548387,1.035317,29.497693967741935,1.0,1.0,1.0,1.0,none,0:1.0500|1:0.9250|2:1.0300|3:0.9350|4:0.9450|5:1.1000|6:0.8200|,,2382886,1,132300,148,31,29.022675950460528,30.089419712765917,none,410458
Temkinli,21,208,2011,9,1615,1459,156,7020,257,88,0,2,139,3061965,2094907,947930,216000,48600,62595,68820,0,12036,539879,488473,376396,0,112077,124113,936480,2315088,78030,0,89301,0,0,3.0,1.0,2.0,0.0,0.0,464.8409093,477.272727,314.89393946666667,316.5121212,461.4484849333333,1.042922,28.010068733333334,1.0,1.0,1.0,1.0,none,0:1.0500|1:0.9300|2:1.0300|3:0.9400|4:0.9500|5:1.1000|6:0.8200|,,2078448,1,132300,179,30,30.958224538817394,32.25769652226548,none,407579
Temkinli,21,239,2011,10,1704,1536,168,7553,261,72,0,2,138,3220000,2220779,974735,223200,50220,65146,71641,0,8411,556117,423817,279819,0,143998,152409,0,1651137,78030,0,102531,0,0,3.0,1.0,2.0,0.0,0.0,463.9882697419355,481.136364,318.3665689354839,317.4120235806452,465.25659819354837,1.050335,30.738581258064517,1.0,1.0,1.0,1.0,none,0:1.0500|1:0.9250|2:1.0300|3:0.9350|4:0.9450|5:1.1000|6:0.8200|,,2250718,1,132300,209,31,30.271273291925464,31.384780672891704,none,423817
Temkinli,21,269,2011,11,1692,1541,151,7320,226,91,0,9,114,3093685,2148380,930079,163200,36720,63495,69840,0,0,596824,464524,344460,0,120064,120064,0,1985294,78030,0,115761,0,0,2.2666666666666666,0.26666666666666666,2.0,0.0,0.0,466.02272696666665,484.545455,322.07121209999997,320.57878796666665,466.7651515,1.058051,30.422221933333333,1.0,1.0,1.0,1.0,none,0:1.0500|1:0.9300|2:1.0300|3:0.9400|4:0.9500|5:1.1000|6:0.8200|,,2172520,1,132300,240,30,30.06379123925028,30.889376533982464,none,464524
Temkinli,21,300,2011,12,1686,1513,173,6835,296,108,0,3,130,3216105,2182363,1017982,148800,33480,66077,79949,0,8221,681455,546399,422358,0,124041,126912,0,2411123,79655,0,129266,0,0,2.0,0.0,2.0,0.0,0.0,478.48240483870967,487.5,322.0513196451613,321.5014662258065,474.32258067741935,1.065572,28.27978364516129,1.0,1.0,1.0,1.0,none,0:1.0500|1:0.9300|2:1.0300|3:0.9400|4:0.9500|5:1.1000|6:0.8200|,,2194652,1,135056,270,31,31.65263571929399,32.693174004231004,none,546399
Temkinli,21,331,2012,1,1645,1486,159,7300,285,81,0,0,133,3351550,2268444,1068947,152692,34162,66569,80538,0,9558,725428,754563,570442,0,184121,190557,0,2957386,79655,0,142771,0,0,2.064516129032258,0.0,2.0,0.0,0.06451612903225806,479.8753666451613,491.81818200000004,321.74340180645163,321.52492667741933,477.4648094516129,1.0734,28.899828032258064,1.0,1.0,1.0,1.0,none,0:1.0500|1:0.9300|2:1.0300|3:0.9400|4:0.9500|5:1.1000|6:0.8200|,,2306782,1,135056,301,31,31.894108695976488,32.952715607016906,none,590372
Temkinli,21,360,2012,2,1590,1425,165,7010,250,97,0,4,129,3203055,2236597,953884,155034,31958,62623,75777,0,0,628492,493436,377212,0,116224,116224,0,3317237,79655,0,156276,0,0,3.0,0.0,2.0,0.0,1.0,478.3855799655172,494.3181819999999,332.69122248275863,329.5235108965517,477.93887148275866,1.079586,30.38266979310345,1.0,1.0,1.0,1.0,none,0:1.0500|1:0.9300|2:1.0300|3:0.9400|4:0.9500|5:1.1000|6:0.8200|,,2266532,1,135056,332,29,29.780443982385567,30.455424156652143,none,493436
Temkinli,21,391,2012,3,1905,1696,209,9836,256,130,0,11,161,4055190,2988010,1050237,165726,34162,67313,74028,0,0,709008,264914,139897,0,125017,125017,0,3399295,79655,0,169781,0,0,3.0,0.0,2.0,0.0,1.0,452.4780058064516,496.590909,329.6627566129032,330.31671548387095,442.64809351612905,1.085405,34.90683512903226,1.0,1.0,1.0,1.0,none,0:1.0500|1:0.9100|2:1.0300|3:0.9200|4:0.9300|5:1.1000|6:0.8200|,,2944080,1,135056,361,31,25.89858921530187,27.142810836662612,none,573952
Temkinli,21,421,2012,4,1736,1559,177,8254,171,121,0,4,149,3355765,2459142,877195,160380,33060,65502,72060,0,0,546193,399348,307274,0,92074,92074,0,3587057,79655,0,183286,0,0,3.0,0.0,2.0,0.0,1.0,444.14393956666663,499.318182,322.9681819,324.9893939666666,438.81515156666666,1.09166,35.726316399999995,1.0,1.0,1.0,1.0,none,0:1.0500|1:0.9100|2:1.0300|3:0.9200|4:0.9300|5:1.1000|6:0.8200|,,2527268,2,135056,392,30,26.139941265255462,27.282992487726606,none,411137
Temkinli,21,452,2012,5,1843,1648,195,8600,180,134,0,5,160,3529960,2628959,886417,165726,34162,68058,74865,0,0,543606,670404,497556,0,172848,172848,0,4080183,79655,0,196791,0,0,3.0,0.0,2.0,0.0,1.0,444.31818200000004,502.045455,332.17008796774195,330.06451612903226,441.02785941935485,1.097747,36.88593361290323,1.0,1.0,1.0,1.0,none,0:1.0500|1:0.9100|2:1.0300|3:0.9200|4:0.9300|5:1.1000|6:0.8200|,,2614886,2,135056,422,31,25.1112477195209,25.240491741177063,none,408550
Temkinli,21,482,2012,6,1787,1623,164,9108,145,88,0,6,138,3352260,2474929,863639,160380,33060,66252,83790,0,0,520157,731239,560518,0,170721,170721,0,4629694,82906,0,210847,0,0,3.0,0.0,2.0,0.0,1.0,444.318182,505.227273,328.6818180333333,329.478788,443.6636362,1.104074,38.7208624,1.0,1.0,1.0,1.0,none,0:1.0500|1:0.9100|2:1.0300|3:0.9200|4:0.9300|5:1.1000|6:0.8200|,,2495720,2,140569,453,30,25.762888320118368,26.025575511259788,none,379588
Temkinli,21,513,2012,7,1929,1740,189,10388,153,83,0,9,164,3791870,2757798,1003872,171726,35557,68833,87079,0,0,640677,494506,261043,0,233463,233463,0,4724166,82906,0,224903,0,0,3.0,0.0,2.0,0.0,1.0,448.7390031935484,508.18181799999996,326.6290323548387,327.74193541935483,449.37243380645157,1.11023,38.97113832258064,1.0,1.0,1.0,1.0,none,0:1.0500|1:0.9150|2:1.0300|3:0.9250|4:0.9350|5:1.1000|6:0.8200|,,2830574,2,140569,483,31,26.474325332883247,27.21180239954352,none,500108
Temkinli,21,544,2012,8,1649,1488,161,7973,149,78,0,8,134,3239960,2268211,955648,171926,35557,69236,87575,0,0,591354,646966,496629,0,150337,150337,0,5163446,82906,0,238959,0,0,3.0,0.0,2.0,0.0,1.0,471.7228741290323,510.909091,329.3093841935484,328.552786,476.91055712903227,1.116629,33.33818625806452,1.0,1.0,1.0,1.0,none,0:1.0500|1:0.9300|2:1.0300|3:0.9400|4:0.9500|5:1.1000|6:0.8200|,,2241072,3,140569,514,31,29.49567278608378,30.19007509407503,none,450785
Temkinli,21,574,2012,9,1608,1436,172,7328,201,122,0,4,137,3207030,2246752,947198,166380,34410,67393,74130,0,0,604885,1017171,685272,0,331899,263603,0,5895712,82906,0,253015,0,0,3.0,0.0,2.0,0.0,1.0,485.6136361,514.090909,335.53636363333334,333.7893939,486.7500000333333,1.123064,31.92423013333333,1.0,1.0,1.0,1.0,none,0:1.0500|1:0.9300|2:1.0300|3:0.9400|4:0.9500|5:1.1000|6:0.8200|,,2288572,3,140569,545,30,29.535052681141117,30.904666036964827,none,464316
Temkinli,21,605,2012,10,1677,1499,178,7825,190,99,0,0,148,3480985,2402600,1059746,217926,45907,70042,77035,0,23127,625709,714955,438107,0,276848,345144,0,6223124,82906,0,267071,0,0,3.3225806451612905,0.0,2.0,0.3225806451612903,1.0,477.0307914516129,516.818182,323.63049858064517,326.5322580967742,480.6363636451613,1.129326,33.168693999999995,1.0,1.0,1.0,1.0,none,0:1.0500|1:0.9300|2:1.0300|3:0.9400|4:0.9500|5:1.1000|6:0.8200|,,2393530,3,140569,575,31,30.443854253896525,32.15731471005635,none,485140
Temkinli,21,635,2012,11,1562,1409,153,7578,160,92,0,0,136,3242870,2169143,1060571,304380,65460,68172,74970,0,0,547589,1072519,785396,0,287123,287123,0,6902058,82906,0,281127,0,0,4.0,0.0,2.0,1.0,1.0,489.5151513666667,520.227273,321.30757573333335,322.139394,490.75151523333335,1.135835,33.31871846666667,1.0,1.0,1.0,1.0,none,0:1.0500|1:0.9300|2:1.0300|3:0.9400|4:0.9500|5:1.1000|6:0.8200|,,2183266,4,140569,606,30,32.70470293289586,34.36207748906613,none,407020
Temkinli,21,666,2012,12,1536,1367,169,6827,196,128,0,2,144,3384655,2274913,1093941,314526,67642,70818,85684,0,0,555271,1026906,607190,0,419716,419716,0,7458262,86158,0,295735,0,0,4.0,0.0,2.0,1.0,1.0,497.2507330967742,522.727273,332.14369496774196,329.27272725806455,499.86950158064514,1.142168,29.89888,1.0,1.0,1.0,1.0,none,0:1.0500|1:0.9300|2:1.0300|3:0.9400|4:0.9500|5:1.1000|6:0.8200|,,2310802,4,146081,636,31,32.32060579290947,33.203980836947174,none,409190
Temkinli,21,697,2013,1,1475,1329,146,6105,188,115,0,0,127,3029450,2008866,1004881,320526,69037,71252,86180,0,0,457886,1480063,1096140,0,383923,383923,0,8403159,86158,0,310343,0,0,4.0,0.0,2.0,1.0,1.0,505.79178893548385,525.454545,328.71261000000004,329.4560117096774,504.67888558064516,1.148751,29.000948451612903,1.0,1.0,1.0,1.0,none,0:1.0500|1:0.9300|2:1.0300|3:0.9400|4:0.9500|5:1.1000|6:0.8200|,,2033482,5,146081,667,31,33.17041047054746,35.01029135094779,none,311805
Temkinli,21,725,2013,2,1313,1170,143,5563,141,100,0,0,119,2736300,1796645,919054,289688,62356,64749,78316,0,0,423945,1092118,687076,0,405042,405042,0,9043707,86158,0,324951,0,0,4.0,0.0,2.0,1.0,1.0,510.43831175,528.863636,331.3214287142857,330.1249997857143,507.98214285714283,1.155828,28.329445285714286,1.0,1.0,1.0,1.0,none,0:1.0500|1:0.9300|2:1.0300|3:0.9400|4:0.9500|5:1.1000|6:0.8200|,,1783316,5,146081,698,28,33.58747213390345,35.09079920384999,none,277864
Temkinli,21,756,2013,3,1535,1371,164,6804,121,100,0,0,141,3072495,2029498,1032444,320726,69037,72089,79267,0,0,491325,1262273,712939,0,549334,465504,0,9634984,86158,0,339559,0,0,4.0,0.0,2.0,1.0,1.0,504.5747800322581,531.818182,329.5,329.9061584516129,506.23313777419355,1.162259,30.83156770967742,1.0,1.0,1.0,1.0,none,0:1.0500|1:0.9300|2:1.0300|3:0.9400|4:0.9500|5:1.1000|6:0.8200|,,2077482,6,146081,726,31,33.602788613162915,34.697489244520966,none,345244
Temkinli,21,786,2013,4,1478,1317,161,6756,143,77,0,0,143,3085630,1973576,1096786,310380,66810,70184,77190,0,0,572222,1367575,831497,0,536078,619908,879606,11171906,86158,0,354167,893757,0,4.0,0.0,2.0,1.0,1.0,516.4469697666667,535.454545,329.272727,329.6318184666667,514.7712120333333,1.16942,27.129523333333335,1.0,1.0,1.0,1.0,none,0:1.0500|1:0.9300|2:1.0300|3:0.9400|4:0.9500|5:1.1000|6:0.8200|,Derya Soylu:4:38859,1951668,7,146081,757,30,35.544961644785666,36.24268390058189,none,426141
Temkinli,21,817,2013,5,1463,1310,153,6423,176,73,0,0,134,2868210,1858626,992109,320726,69037,72957,80228,0,0,449161,1131616,628994,0,502622,502622,0,10843421,86158,0,368775,1204629,0,4.0,0.0,2.0,1.0,1.0,518.5703813548387,538.409091,338.14369477419353,335.36950141935483,519.8929618709677,1.176391,28.148609258064518,1.0,1.0,1.0,1.0,none,0:1.0500|1:0.9300|2:1.0300|3:0.9400|4:0.9500|5:1.1000|6:0.8200|,Derya Soylu:4:38859,1902092,7,146081,787,31,34.58983128850398,34.793095222533694,none,303080
Temkinli,21,847,2013,6,1478,1339,139,6306,163,74,0,0,122,2707205,1731277,957147,310380,66810,71024,89850,0,0,419083,958880,366591,0,592289,480066,0,11315610,89409,0,383934,1167313,0,4.0,0.0,2.0,1.0,1.0,527.4545455,542.045455,339.318182,337.6575758,527.1727272,1.183639,27.150474799999998,1.0,1.0,1.0,1.0,none,0:1.0500|1:0.9300|2:1.0300|3:0.9400|4:0.9500|5:1.1000|6:0.8200|,Derya Soylu:4:38859,1786146,7,151594,818,30,35.355541970408595,35.66873489006647,none,267489
Temkinli,21,878,2013,7,1598,1413,185,7052,121,64,0,0,169,2917880,1908530,991586,326726,70432,73826,93372,0,0,427230,1036033,556564,0,479469,591692,0,11752236,89409,0,399093,1252462,0,4.0,0.0,2.0,1.0,1.0,522.7199412903226,545.0,343.090909,341.1070380967742,523.4956012258065,1.190696,27.935790967741934,1.0,1.0,1.0,1.0,none,0:1.0500|1:0.9300|2:1.0300|3:0.9400|4:0.9500|5:1.1000|6:0.8200|,Derya Soylu:4:40402,1922720,7,151594,848,31,33.98309731723032,34.36429684448469,none,275636
Temkinli,21,909,2013,8,1413,1269,144,5849,147,40,0,0,130,2569775,1632968,922452,326926,70432,74291,93961,0,0,356842,914022,456153,0,457869,457869,0,12219813,89409,0,414252,1252462,0,4.0,0.0,2.0,1.0,1.0,537.6832844193549,549.090909,345.090909,343.41935487096777,535.3357771935483,1.198032,23.892732612903227,1.0,1.0,1.0,1.0,none,0:1.0500|1:0.9300|2:1.0300|3:0.9400|4:0.9500|5:1.1000|6:0.8200|,Derya Soylu:4:40402,1649840,7,151594,879,31,35.89621659483807,35.81892556457947,none,205248
Temkinli,21,939,2013,9,1376,1207,169,5561,166,60,0,0,143,2768420,1790812,958446,316380,68160,72344,79560,0,0,422002,1540325,846737,0,693588,693588,0,13073660,89409,0,429411,1212060,0,4.0,0.0,2.0,1.0,1.0,527.1742425,551.590909,339.454545,341.14393946666667,530.5666666333333,1.205414,25.673480066666666,1.0,1.0,1.0,1.0,none,0:1.0500|1:0.9300|2:1.0300|3:0.9400|4:0.9500|5:1.1000|6:0.8200|,Derya Soylu:4:40402,1800384,7,151594,910,30,34.62068616756128,35.60866263301929,none,270408
Temkinli,21,970,2013,10,1334,1165,169,5183,189,43,0,0,148,2602790,1635388,953933,326926,70432,75190,82708,0,0,398677,721130,217184,0,503946,503946,0,13079654,89409,0,444570,1252462,0,4.0,0.0,2.0,1.0,1.0,544.5674486129033,555.227273,343.227273,341.85190619354836,539.8005865806451,1.2126,23.049409677419355,1.0,1.0,1.0,1.0,none,0:1.0500|1:0.9300|2:1.0300|3:0.9400|4:0.9500|5:1.1000|6:0.8200|,Derya Soylu:4:40402,1664614,8,151594,940,31,36.65040206854952,36.97249553305977,none,247083
Temkinli,21,1000,2013,11,1424,1274,150,5694,209,26,0,0,122,2943125,1853591,1072086,316380,68160,73215,80520,0,0,533811,1698197,1098023,0,600174,600174,0,14196203,89409,0,459729,1212060,0,4.0,0.0,2.0,1.0,1.0,544.5378789666667,558.409091,342.954545,342.2727271333333,544.4636364,1.220071,23.66887223333333,1.0,1.0,1.0,1.0,none,0:1.0500|1:0.9300|2:1.0300|3:0.9400|4:0.9500|5:1.1000|6:0.8200|,Derya Soylu:4:40402,1873800,8,151594,971,30,36.42679125079635,37.01915729888212,none,382217
Temkinli,21,1031,2013,12,1313,1137,176,4989,236,83,0,0,141,2760255,1714763,1032371,326926,70432,76120,92070,0,0,466823,2302559,1394432,0,908127,908127,0,15573792,94286,0,475715,1254139,0,4.0,0.0,2.0,1.0,1.0,552.0307916451612,562.045455,340.81818200000004,341.4310851290322,548.2639296129032,1.227345,22.526461193548386,1.0,1.0,1.0,1.0,none,0:1.0500|1:0.9300|2:1.0300|3:0.9400|4:0.9500|5:1.1000|6:0.8200|,Derya Soylu:4:40402,1731870,8,159862,1001,31,37.40129082276819,38.26101964633273,none,306961
Temkinli,21,1062,2014,1,1298,1118,180,5075,240,42,0,0,147,2917535,1843000,1061377,335926,72540,76586,92628,0,0,483697,1952630,1253647,0,698983,698983,0,16782516,94286,0,491701,1304449,0,4.0,0.0,2.0,1.0,1.0,556.1656891612903,565.227273,353.545455,349.48826977419355,549.1612903225806,1.234907,21.717276870967744,1.0,1.0,1.0,1.0,none,0:1.0500|1:0.9300|2:1.0300|3:0.9400|4:0.9500|5:1.1000|6:0.8200|,Derya Soylu:4:42079,1862278,8,159862,1032,31,36.379237952586685,36.4316314562385,none,323835
Temkinli,21,1090,2014,2,1252,1077,175,4648,245,59,0,0,142,2732625,1716759,1002218,303688,65520,69623,84224,0,0,479163,929151,267530,0,661621,661621,0,16649917,94286,0,507687,1178212,0,4.0,0.0,2.0,1.0,1.0,558.4090909642857,569.545455,347.136364,348.69318192857145,554.724026,1.243005,22.18645942857143,1.0,1.0,1.0,1.0,none,0:1.0500|1:0.9300|2:1.0300|3:0.9400|4:0.9500|5:1.1000|6:0.8200|,Derya Soylu:4:42079,1739268,9,159862,1063,28,36.67601665065642,37.834757775782364,none,319301
Temkinli,21,1121,2014,3,1288,1124,164,5088,207,41,0,0,134,2622445,1669859,934730,336226,72540,77547,85281,0,0,363136,2005877,1136274,0,869603,869603,0,17871688,94286,0,523673,1304449,0,4.0,0.0,2.0,1.0,1.0,555.0659823225806,572.954545,355.454545,352.41642229032254,552.9281523548387,1.250366,23.771924258064516,1.0,1.0,1.0,1.0,none,0:1.0500|1:0.9150|2:1.0300|3:0.9250|4:0.9350|5:1.1000|6:0.8200|,Derya Soylu:4:42079,1693372,9,159862,1091,31,35.64345486749961,35.96174935587657,none,203274
Temkinli,21,1151,2014,4,1321,1157,164,5198,184,33,0,0,147,2774800,1778177,979016,325380,70200,75526,83070,0,0,424840,2172096,1343115,0,828981,828981,0,19015639,94286,0,539659,1262370,0,4.0,0.0,2.0,1.0,1.0,555.7499998333334,575.454545,357.9348485,356.3803030333333,554.9636364,1.258565,24.050965233333333,1.0,1.0,1.0,1.0,none,0:1.0500|1:0.9250|2:1.0300|3:0.9350|4:0.9450|5:1.1000|6:0.8200|,Derya Soylu:4:42079,1797746,9,159862,1122,30,35.282398731440104,35.59426925643854,none,264978
Temkinli,21,1182,2014,5,1486,1293,193,5942,200,46,0,0,164,3037310,1943875,1078337,336226,72540,78540,86366,0,0,504665,1812212,947989,0,864223,864223,0,19530141,94286,0,555645,1304449,0,4.0,0.0,2.0,1.0,1.0,555.9530792258064,579.772727,352.863636,354.26099712903226,557.136363516129,1.266552,25.59244606451613,1.0,1.0,1.0,1.0,none,0:1.0500|1:0.9250|2:1.0300|3:0.9350|4:0.9450|5:1.1000|6:0.8200|,Derya Soylu:4:42079,1945536,10,159862,1152,31,35.50302734985892,36.529961037111086,none,344803
Temkinli,21,1212,2014,6,1401,1244,157,5751,183,30,0,0,140,2748675,1731513,1005503,325380,70200,76516,96750,0,0,436657,2645128,1518127,0,1127001,1127001,0,20831369,97537,0,572182,1264144,0,4.0,0.0,2.0,1.0,1.0,563.3257577666666,582.954545,356.772727,355.3560606666667,563.6015152666666,1.274857,25.853539899999998,1.0,1.0,1.0,1.0,none,0:1.0500|1:0.9300|2:1.0300|3:0.9400|4:0.9500|5:1.1000|6:0.8200|,Derya Soylu:4:42079,1764888,10,165375,1183,30,36.58137102422076,36.666711564114614,none,271282
Temkinli,21,1243,2014,7,1483,1273,210,6076,139,50,0,0,186,2993255,1890764,1081574,342226,73935,79563,100626,0,0,485224,3629794,2422390,0,1207404,1207404,0,23208995,97537,0,588719,1359443,0,4.0,0.0,2.0,1.0,1.0,573.6143693548388,587.954545,365.02932529032256,361.95601174193547,570.8636364193549,1.282947,24.59759993548387,1.0,1.0,1.0,1.0,none,0:1.0500|1:0.9300|2:1.0300|3:0.9400|4:0.9500|5:1.1000|6:0.8200|,Derya Soylu:4:43853,1912348,10,165375,1213,31,36.13370728521292,36.36328781287645,none,319849
Temkinli,21,1274,2014,8,1433,1244,189,5834,165,29,0,0,170,2858595,1794837,1047537,342426,73935,80090,101277,0,0,449809,2851253,1587982,0,1263271,1039024,0,24226649,97537,0,605256,1359443,0,4.0,0.0,2.0,1.0,1.0,570.3958944193548,590.681818,356.18181799999996,358.87096780645163,568.7903225806451,1.291361,24.688456806451615,1.0,1.0,1.0,1.0,none,0:1.0500|1:0.9200|2:1.0300|3:0.9300|4:0.9400|5:1.1000|6:0.8200|,Derya Soylu:4:43853,1798770,11,165375,1244,31,36.64517009230059,37.55533279870783,none,284434
Temkinli,21,1304,2014,9,1291,1111,180,5229,197,43,0,0,159,2906475,1838481,1051395,331380,71550,78016,85800,0,0,484649,3220384,1978615,0,1241769,1466016,0,25206001,97537,0,621793,1315590,0,4.0,0.0,2.0,1.0,1.0,580.1212120333333,594.3181820000001,369.318182,365.3530302666667,577.8348484666666,1.299829,23.586870833333332,1.0,1.0,1.0,1.0,none,0:1.0500|1:0.9300|2:1.0300|3:0.9400|4:0.9500|5:1.1000|6:0.8200|,Derya Soylu:4:43853,1886006,12,165375,1275,30,36.174231672386654,36.33775591388318,none,319274
Temkinli,21,1335,2014,10,1399,1212,187,5882,179,52,0,0,171,3109870,1945097,1140300,342426,73935,81113,89218,0,0,553608,6149859,4375708,0,1774151,1774151,864406,25901040,97537,0,638330,1441663,0,4.0,0.0,2.0,1.0,1.0,579.6187685806451,599.318182,358.31818200000004,361.516129,580.4164223870968,1.308077,24.722012741935483,1.0,1.0,1.0,1.0,none,0:1.0500|1:0.9200|2:1.0300|3:0.9300|4:0.9400|5:1.1000|6:0.8200|,Derya Soylu:4:43853|Osman Kurt:6:16444,1941140,12,165375,1305,31,36.667127564817825,38.18036933527187,none,388233
Temkinli,21,1365,2014,11,1405,1229,176,5756,202,69,0,0,159,3240870,2052653,1175422,331380,71550,79007,86910,0,0,606575,5914044,3732564,0,2181480,1758044,0,27602271,97537,0,654867,1808910,0,4.0,0.0,2.0,1.0,1.0,583.6666668333332,602.272727,371.818182,367.99242426666666,582.9333334,1.316655,25.238642466666665,1.0,1.0,1.0,1.0,none,0:1.0500|1:0.9250|2:1.0300|3:0.9350|4:0.9450|5:1.1000|6:0.8200|,Derya Soylu:4:43853|Osman Kurt:6:16444,2106980,12,165375,1336,30,36.2687179677062,36.29614245108619,none,441200
Temkinli,21,1396,2014,12,1315,1155,160,5217,258,53,0,0,127,3028880,1899669,1117731,342426,73935,82167,99417,0,0,519786,6503340,4686138,0,1817202,2240638,0,31432454,102414,0,672231,1871854,0,4.0,0.0,2.0,1.0,1.0,590.9897360645161,606.818182,369.86510261290323,369.81085038709676,590.4589442903226,1.32501,23.072427935483873,1.0,1.0,1.0,1.0,none,0:1.0500|1:0.9300|2:1.0300|3:0.9400|4:0.9500|5:1.1000|6:0.8200|,Derya Soylu:4:43853|Osman Kurt:6:16444,1886838,12,173644,1366,31,36.902452391643116,37.41598541526507,none,346142
Temkinli,21,1427,2015,1,1423,1212,211,5619,209,85,0,0,188,3337395,2087805,1229882,351426,76012,82696,100068,0,0,619680,6075291,4316654,0,1758637,1758637,0,35099748,102414,0,689595,1951264,0,4.0,0.0,2.0,1.0,1.0,587.587976483871,610.227273,366.045455,366.7287389032258,588.8343108709677,1.3337,22.948287387096777,1.0,1.0,1.0,1.0,none,0:1.0500|1:0.9300|2:1.0300|3:0.9400|4:0.9500|5:1.1000|6:0.8200|,Derya Soylu:4:45777|Osman Kurt:6:17167,2113900,13,173644,1397,31,36.851556378552736,37.70371933230874,none,446036
Temkinli,21,1455,2015,2,1191,1040,151,4696,192,61,0,0,130,2792075,1736989,1039735,317688,68656,75225,91000,0,0,487166,5500576,3655623,0,1844953,1844953,0,36448387,102414,0,706959,1762432,0,4.0,0.0,2.0,1.0,1.0,596.14448025,614.5454550000001,374.681818,371.30519482142853,595.3181818571429,1.342972,21.95926225,1.0,1.0,1.0,1.0,none,0:1.0500|1:0.9300|2:1.0300|3:0.9400|4:0.9500|5:1.1000|6:0.8200|,Derya Soylu:4:45777|Osman Kurt:6:17167,1746804,14,173644,1428,28,37.23879193789565,37.14915923688954,none,313522
Temkinli,21,1486,2015,3,1265,1089,176,5065,199,43,0,0,154,2895145,1793657,1084955,351726,76012,83812,92163,0,0,481242,8154258,5275113,0,2879145,2879145,0,40916921,102414,0,724323,1951264,0,4.0,0.0,2.0,1.0,1.0,599.6187681612903,618.409091,368.227273,369.9736070967742,596.8123166774194,1.351403,22.671433322580647,1.0,1.0,1.0,1.0,none,0:1.0500|1:0.9300|2:1.0300|3:0.9400|4:0.9500|5:1.1000|6:0.8200|,Derya Soylu:4:45777|Osman Kurt:6:17167,1812160,15,173644,1456,31,37.47497966423098,38.58976860761782,none,307598
Temkinli,21,1516,2015,4,1329,1135,194,5454,182,51,0,0,170,3061550,1896394,1144288,340380,73560,81678,89820,0,0,558850,9463094,6771666,0,2691428,2691428,0,46836066,102414,0,741687,1888320,0,4.0,0.0,2.0,1.0,1.0,598.9848483999999,622.954545,371.136364,370.1636362666667,597.7696969333333,1.360799,23.316143099999998,1.0,1.0,1.0,1.0,none,0:1.0500|1:0.9300|2:1.0300|3:0.9400|4:0.9500|5:1.1000|6:0.8200|,Derya Soylu:4:45777|Osman Kurt:6:17167,1933244,16,173644,1487,30,37.37610034133037,38.039106499709575,none,385206
Temkinli,21,1547,2015,5,1374,1188,186,5454,198,57,0,0,164,2986035,1835002,1132441,351726,76012,84959,93434,0,0,526310,11791108,7923778,0,3867330,3056767,0,54816810,102414,0,759051,1951264,0,4.0,0.0,2.0,1.0,1.0,603.0938413870969,626.818182,371.227273,370.47507322580645,606.0249265806452,1.369954,23.22808564516129,1.0,1.0,1.0,1.0,none,0:1.0500|1:0.9300|2:1.0300|3:0.9400|4:0.9500|5:1.1000|6:0.8200|,Derya Soylu:4:45777|Osman Kurt:6:17167,1849332,17,173644,1517,31,37.92457221700349,38.44618407208587,none,352666
Temkinli,21,1577,2015,6,1390,1170,220,5903,196,25,0,0,198,2858120,1751641,1085215,340380,73560,82789,104700,0,0,483786,10494272,7405463,0,3088809,3899372,0,60573158,105665,0,776966,1891125,0,4.0,0.0,2.0,1.0,1.0,610.3560606,632.045455,375.363636,372.9893939666666,609.8575758666666,1.379479,24.003815433333333,1.0,1.0,1.0,1.0,none,0:1.0500|1:0.9300|2:1.0300|3:0.9400|4:0.9500|5:1.1000|6:0.8200|,Derya Soylu:4:45777|Osman Kurt:6:17167,1790400,18,179156,1548,30,37.96953941751921,38.50087510706369,none,304630
Temkinli,21,1608,2015,7,1413,1227,186,6057,167,20,0,0,167,3097169,1937178,1145211,357726,77407,86137,108934,0,735,514272,11453952,8309998,0,3143954,3143954,0,66373274,105665,0,794881,2038219,0,4.0,0.0,2.0,1.0,1.0,608.9222874193548,635.227273,384.68181799999996,380.872433967742,609.3269794516129,1.38876,24.12213377419355,1.0,1.0,1.0,1.0,none,0:1.0500|1:0.9300|2:1.0300|3:0.9400|4:0.9500|5:1.1000|6:0.8200|,Derya Soylu:4:47818|Osman Kurt:6:17932,1953708,19,179156,1578,31,36.976057812796135,36.82579436691305,none,335116
Temkinli,21,1639,2015,8,1360,1175,185,5455,165,32,0,0,173,2841164,1786497,1038555,357926,77407,86726,109678,0,879,405939,12647210,8276465,0,4370745,4370745,0,73868834,105665,0,812796,2038219,0,4.0,0.0,2.0,1.0,1.0,618.3211145806451,640.909091,393.590909,389.48533729032255,620.3240467741936,1.398416,22.946927096774193,1.0,1.0,1.0,1.0,none,0:1.0500|1:0.9300|2:1.0300|3:0.9400|4:0.9500|5:1.1000|6:0.8200|,Derya Soylu:4:47818|Osman Kurt:6:17932,1834382,20,179156,1609,31,36.55385609560025,36.34522585130553,none,226783
Temkinli,21,1669,2015,9,1311,1133,178,5382,191,60,0,0,154,3166397,1985142,1161137,346380,74910,84499,92940,0,1183,561225,17367751,12823923,0,4543828,4543828,0,82776627,105665,0,830711,1972470,0,4.0,0.0,2.0,1.0,1.0,625.1363638999999,644.090909,391.954545,391.40606056666667,622.7015151333333,1.408139,22.7092173,1.0,1.0,1.0,1.0,none,0:1.0500|1:0.9300|2:1.0300|3:0.9400|4:0.9500|5:1.1000|6:0.8200|,Derya Soylu:4:47818|Osman Kurt:6:17932,1997376,21,179156,1640,30,36.670607002217345,37.30095261860353,none,382069
Temkinli,21,1700,2015,10,1339,1143,196,5171,209,58,0,0,168,3099460,1913884,1168865,357926,77407,87905,96689,0,0,548938,19931218,15004981,0,4926237,4926237,0,97180215,105665,0,848626,2038219,0,4.0,0.0,2.0,1.0,1.0,631.7008799354838,648.8636359999999,389.954545,390.7111437096774,627.0997067096773,1.417612,21.780575967741935,1.0,1.0,1.0,1.0,none,0:1.0500|1:0.9300|2:1.0300|3:0.9400|4:0.9500|5:1.1000|6:0.8200|,Derya Soylu:4:47818|Osman Kurt:6:17932,1950378,22,179156,1670,31,37.71189174888529,38.26911480005752,none,369782
Temkinli,21,1730,2015,11,1310,1127,183,5296,175,66,0,0,161,3065911,1904474,1143690,346380,74910,85669,94200,0,1199,541332,21052640,14420941,0,6631699,6631699,0,110751620,105665,0,866541,1972470,0,4.0,0.0,2.0,1.0,1.0,627.6363637333333,653.863636,389.863636,390.4545453666667,629.3060605666667,1.427469,22.5963037,1.0,1.0,1.0,1.0,none,0:1.0500|1:0.9300|2:1.0300|3:0.9400|4:0.9500|5:1.1000|6:0.8200|,Derya Soylu:4:47818|Osman Kurt:6:17932,1905258,23,179156,1701,30,37.30343118244463,37.88383552524004,none,362176
Temkinli,21,1761,2015,12,1334,1149,185,5271,204,66,0,0,160,3272250,2041063,1214470,357926,77407,89114,107818,0,0,582205,23024839,17366216,0,5658623,5658623,0,127323000,110542,0,885283,2041278,0,4.0,0.0,2.0,1.0,1.0,633.9222876129032,658.181818,397.1979474193548,394.7903225483871,634.4178886129033,1.437072,23.26553229032258,1.0,1.0,1.0,1.0,none,0:1.0500|1:0.9300|2:1.0300|3:0.9400|4:0.9500|5:1.1000|6:0.8200|,Derya Soylu:4:47818|Osman Kurt:6:17932,2056758,24,187425,1731,31,37.11421804568722,37.34280128956456,none,394780
Temkinli,21,1792,2016,1,1344,1116,228,5111,228,61,0,0,200,3374305,2094686,1269091,366926,79515,89735,108562,0,0,624353,25093761,17570927,0,7522834,5930920,0,143941705,110542,0,904025,2133048,0,4.0,0.0,2.0,1.0,1.0,636.3049853870968,662.272727,395.3973606451613,395.35923738709675,637.983870967742,1.447064,23.013201612903227,1.0,1.0,1.0,1.0,none,0:1.0500|1:0.9300|2:1.0300|3:0.9400|4:0.9500|5:1.1000|6:0.8200|,Derya Soylu:4:50042|Osman Kurt:6:18766,2110848,25,187425,1762,31,37.6104412612375,37.86040189444361,none,436928
Temkinli,21,1821,2016,2,1246,1034,212,4848,237,49,0,0,182,3184128,1954657,1217149,343534,74385,84555,102312,0,395,611968,23664098,17431209,0,6232889,7824803,0,158944509,110542,0,922767,1995432,0,4.0,0.0,2.0,1.0,1.0,648.8557992758622,667.272727,399.909091,397.9796237931034,646.0705329310344,1.4576940000000003,22.012855103448274,1.0,1.0,1.0,1.0,none,0:1.0500|1:0.9300|2:1.0300|3:0.9400|4:0.9500|5:1.1000|6:0.8200|,Derya Soylu:4:50042|Osman Kurt:6:18766,1978890,26,187425,1793,29,38.225504753577745,38.36703140415673,none,424543
Temkinli,21,1852,2016,3,1419,1183,236,5748,210,52,0,0,207,3519607,2225917,1272091,367226,79515,91007,100099,0,412,633832,26570108,20021134,0,6548974,6548974,0,177854669,110542,0,941509,2133048,0,4.0,0.0,2.0,1.0,1.0,644.7653958064516,671.1363640000001,410.0,406.2214075806452,644.826979516129,1.467709,23.5476315483871,1.0,1.0,1.0,1.0,none,0:1.0500|1:0.9300|2:1.0300|3:0.9400|4:0.9500|5:1.1000|6:0.8200|,Derya Soylu:4:50042|Osman Kurt:6:18766,2293680,27,187425,1822,31,36.14298414567308,36.41097945599494,none,446407
Temkinli,21,1882,2016,4,1273,1055,218,4953,171,35,0,0,199,3114750,1951404,1145174,355380,76950,88731,97590,0,0,526523,27111372,20267670,0,6843702,6843702,0,197295320,110542,0,960251,2064240,0,4.0,0.0,2.0,1.0,1.0,657.7348484333332,676.590909,413.08181799999994,411.5454545666667,653.9909090666666,1.4784910000000002,21.2644752,1.0,1.0,1.0,1.0,none,0:1.0500|1:0.9300|2:1.0300|3:0.9400|4:0.9500|5:1.1000|6:0.8200|,Derya Soylu:4:50042|Osman Kurt:6:18766,1964882,28,187425,1853,30,36.76616100810659,37.19630045695091,none,339098
Temkinli,21,1913,2016,5,1346,1120,226,5153,214,52,0,0,210,3235235,2041448,1171978,367226,79515,92340,101556,0,0,531341,30989011,21651966,0,9337045,9337045,0,217739279,110542,0,978993,2133048,0,4.0,0.0,2.0,1.0,1.0,657.0674487096774,680.909091,415.18181799999996,413.4472140967742,651.9706745806451,1.489001,21.349292129032257,1.0,1.0,1.0,1.0,none,0:1.0500|1:0.9300|2:1.0300|3:0.9400|4:0.9500|5:1.1000|6:0.8200|,Derya Soylu:4:50042|Osman Kurt:6:18766,2065770,29,187425,1883,31,36.22543648297574,36.812907287475994,none,343916
Temkinli,21,1943,2016,6,1402,1194,208,5650,155,19,0,0,197,3117788,1960300,1138635,355380,76950,90021,113850,0,360,502074,28759089,21242619,0,7516470,7516470,0,238069344,117045,0,998838,2067474,0,4.0,0.0,2.0,1.0,1.0,657.2499997,685.6818179999999,415.0,414.1303031666667,661.0984849,1.499939,23.712659566666666,1.0,1.0,1.0,1.0,none,0:1.0500|1:0.9300|2:1.0300|3:0.9400|4:0.9500|5:1.1000|6:0.8200|,Derya Soylu:4:50042|Osman Kurt:6:18766,1998818,30,198450,1914,30,36.52060371006624,36.858120929718424,none,303624
Temkinli,21,1974,2016,7,1470,1269,201,6057,119,21,0,0,192,3229747,2017499,1197374,378676,82183,93673,118482,0,33317,491043,27614508,18629149,0,8985359,6999549,0,255734146,117045,0,1018683,2233302,0,3.870967741935484,0.0,2.0,0.8709677419354839,1.0,660.0513194193549,692.045455,413.272727,413.7888564516129,662.5029325483871,1.510601,24.35040135483871,1.0,1.0,1.0,1.0,none,0:1.0500|1:0.9300|2:1.0300|3:0.9400|4:0.9500|5:1.1000|6:0.8200|,Derya Soylu:4:52394|Osman Kurt:6:19648,2003664,31,198450,1944,31,37.07330636114841,37.387788670196926,none,292593
Temkinli,21,2005,2016,8,1406,1196,210,5590,150,15,0,0,192,3178183,1972689,1186224,458676,100099,94356,119350,0,514,413229,28367618,21100854,0,7266764,9252574,0,267883197,117045,0,1038528,2233302,0,4.0,0.0,2.0,1.0,1.0,668.900293483871,696.590909,418.5,416.4428153548387,669.686217032258,1.521698,23.768655870967745,1.0,1.0,1.0,1.0,none,0:1.0500|1:0.9300|2:1.0300|3:0.9400|4:0.9500|5:1.1000|6:0.8200|,Derya Soylu:4:52394|Osman Kurt:6:19648,2023908,32,198450,1975,31,37.32396781431403,37.43462156066595,none,214779
Temkinli,21,2035,2016,9,1303,1103,200,5457,172,54,0,0,179,3458560,2142994,1295307,443880,96870,92002,101160,0,0,561395,34614358,25968192,0,8646166,8646166,0,289403659,117045,0,1058373,2161260,0,4.0,0.0,2.0,1.0,1.0,674.0681819333333,702.272727,416.863636,416.9712120666666,678.6363636,1.5328759999999997,24.503970766666665,1.0,1.0,1.0,1.0,none,0:1.0500|1:0.9300|2:1.0300|3:0.9400|4:0.9500|5:1.1000|6:0.8200|,Derya Soylu:4:52394|Osman Kurt:6:19648,2148428,33,198450,2006,30,37.45220554219097,38.15705188689227,none,362945
Temkinli,21,2066,2016,10,1298,1123,175,5250,176,30,0,0,159,3452649,2103882,1336656,458676,100099,95750,105276,0,534,576321,35933106,24391611,0,11541495,11541495,0,305006549,117045,0,1078218,2233302,0,4.0,0.0,2.0,1.0,1.0,686.5615835161291,706.1363640000001,415.9178884516129,416.4369501935484,680.3636363225806,1.543772,22.013317548387096,1.0,1.0,1.0,1.0,none,0:1.0500|1:0.9300|2:1.0300|3:0.9400|4:0.9500|5:1.1000|6:0.8200|,Derya Soylu:4:52394|Osman Kurt:6:19648,2122408,34,198450,2036,31,38.71392661113249,39.42016296316091,none,377871
Temkinli,21,2096,2016,11,1285,1069,216,5128,139,53,0,0,199,3294510,2008048,1270863,443880,96870,93322,102630,0,990,533171,36799472,27009576,0,9789896,9789896,0,328217363,117045,0,1098063,2161260,0,4.0,0.0,2.0,1.0,1.0,689.6363632,712.272727,421.181818,419.1257575333333,687.9939394666667,1.555113,22.0735499,1.0,1.0,1.0,1.0,none,0:1.0500|1:0.9300|2:1.0300|3:0.9400|4:0.9500|5:1.1000|6:0.8200|,Derya Soylu:4:52394|Osman Kurt:6:19648,2057628,35,198450,2067,30,38.57517506397006,38.926970723286246,none,334721
Temkinli,21,2127,2016,12,1312,1117,195,5028,219,46,0,0,182,3561010,2195630,1348984,458676,100099,97115,117490,0,0,575604,42276476,34349415,0,7927061,7927061,0,319240852,123547,0,1119010,2237320,0,4.0,0.0,2.0,1.0,1.0,686.4002932903227,716.1363640000001,422.1891492903226,420.6114369354839,688.4780058387097,1.566167,22.26531287096774,1.0,1.0,1.0,1.0,none,0:1.0500|1:0.9300|2:1.0300|3:0.9400|4:0.9500|5:1.1000|6:0.8200|,Derya Soylu:4:52394|Osman Kurt:6:19648,2152020,36,209475,2097,31,37.88206154995353,38.492283086517894,none,366129
Temkinli,21,2158,2017,1,1316,1086,230,4906,196,71,0,0,200,3459200,2114424,1324545,470676,102889,97833,118358,0,0,534789,36349615,23505283,0,12844332,12844332,0,336770764,123547,0,1139957,2357860,0,4.0,0.0,2.0,1.0,1.0,702.0601172258065,722.5,431.772727,427.9193548064516,696.4589442903226,1.577672,21.948893838709676,1.0,1.0,1.0,1.0,none,0:1.0500|1:0.9300|2:1.0300|3:0.9400|4:0.9500|5:1.1000|6:0.8200|,Derya Soylu:4:55316|Osman Kurt:6:20744,2172738,37,209475,2128,31,38.29050069380204,38.49918028300031,none,325314
Temkinli,21,2186,2017,2,1194,994,200,4457,162,53,0,0,184,3122890,1924760,1182003,425488,92932,89150,107856,0,0,466577,34804226,24279278,0,10524948,10524948,0,352466183,123547,0,1160904,2129680,0,4.0,0.0,2.0,1.0,1.0,704.0340909285715,729.0909089999999,435.590909,432.9220779285714,707.1461037857143,1.591718,22.255297964285713,1.0,1.0,1.0,1.0,none,0:1.0500|1:0.9300|2:1.0300|3:0.9400|4:0.9500|5:1.1000|6:0.8200|,Derya Soylu:4:55316|Osman Kurt:6:20744,1962304,38,209475,2159,28,37.849652085087854,38.129287400630524,none,257102
Temkinli,21,2217,2017,3,1290,1092,198,5237,171,36,0,0,175,3587578,2202318,1370860,471076,102889,99508,109430,0,635,587322,50466597,38225733,0,12240864,12240864,0,373933586,123547,0,1181851,2357860,0,4.0,0.0,2.0,1.0,1.0,709.8093841612903,733.8636359999999,436.5,434.9032257741935,706.2976538387096,1.604512,21.918216548387097,1.0,1.0,1.0,1.0,none,0:1.0500|1:0.9300|2:1.0300|3:0.9400|4:0.9500|5:1.1000|6:0.8200|,Derya Soylu:4:55316|Osman Kurt:6:20744,2212824,39,209475,2187,31,38.21129463944756,38.504616909824634,none,377847
Temkinli,21,2247,2017,4,1238,1023,215,4453,193,34,0,0,199,3011034,1836757,1153507,455880,99570,97167,106830,0,405,393655,52139236,35151323,0,16987913,13222232,0,393248671,123547,0,1202798,2281800,0,4.0,0.0,2.0,1.0,1.0,723.8636365333333,740.6818179999999,445.09090899999995,441.37727276666664,718.2030303666667,1.618797,20.6187452,1.0,1.0,1.0,1.0,none,0:1.0500|1:0.9300|2:1.0300|3:0.9400|4:0.9500|5:1.1000|6:0.8200|,Derya Soylu:4:55316|Osman Kurt:6:20744,1906236,40,209475,2218,30,38.30933161166563,38.511773967319066,none,184180
Temkinli,21,2278,2017,5,1268,1058,210,4964,193,41,0,0,186,3217973,2016958,1178199,471076,102889,101245,111352,0,1000,390637,64477750,48925060,0,15552690,19318371,0,422297570,123547,0,1223745,2357860,0,4.0,0.0,2.0,1.0,1.0,705.2712613225806,747.272727,444.136364,443.2140762258064,707.3841641935484,1.632742,23.138028870967744,1.0,1.0,1.0,1.0,none,0:1.0500|1:0.9100|2:1.0300|3:0.9200|4:0.9300|5:1.1000|6:0.8200|,Derya Soylu:4:55316|Osman Kurt:6:20744,2020760,41,209475,2248,31,36.61307910290111,37.02616449064998,none,181162
Temkinli,21,2308,2017,6,1443,1201,242,5983,110,43,0,3,229,3516551,2212345,1286454,455880,99570,98878,125040,0,541,506545,65452773,49086151,0,16366622,16366622,0,451436492,130050,0,1245795,2286107,0,4.0,0.0,2.0,1.0,1.0,706.5681817000001,754.3181820000001,442.772727,442.98030286666665,707.2000000666667,1.647278,25.7180144,1.0,1.0,1.0,1.0,none,0:1.0500|1:0.9050|2:1.0300|3:0.9150|4:0.9250|5:1.1000|6:0.8200|,Derya Soylu:4:55316|Osman Kurt:6:20744,2215960,42,220500,2279,30,36.58283357755938,37.33474865303294,none,286045
Temkinli,21,2339,2017,7,1402,1172,230,5647,161,21,0,0,209,3515170,2132568,1370453,483076,105679,103043,130324,0,0,548331,67734208,46209536,0,21524672,21524672,0,480378424,130050,0,1267845,2491377,0,4.0,0.0,2.0,1.0,1.0,729.1862168064516,760.0,443.545455,442.9956011612903,724.6129031612903,1.661468,23.373107032258066,1.0,1.0,1.0,1.0,none,0:1.0500|1:0.9250|2:1.0300|3:0.9350|4:0.9450|5:1.1000|6:0.8200|,Derya Soylu:4:58448|Osman Kurt:6:21919,2197098,43,220500,2309,31,38.98681998310181,39.17253991133371,none,327831
Temkinli,21,2370,2017,8,1441,1229,212,5792,120,19,0,0,203,3543558,2136448,1387357,483476,105679,103972,131471,0,1617,561142,81785567,63669404,0,18116163,18116163,0,506391185,130050,0,1289895,2491377,0,4.0,0.0,2.0,1.0,1.0,739.7727273870967,766.818182,447.772727,445.58357770967746,739.098240483871,1.67626,23.49308177419355,1.0,1.0,1.0,1.0,none,0:1.0500|1:0.9300|2:1.0300|3:0.9400|4:0.9500|5:1.1000|6:0.8200|,Derya Soylu:4:58448|Osman Kurt:6:21919,2104754,44,220500,2340,31,39.151525105557745,39.4715822274837,none,340642
Temkinli,21,2400,2017,9,1333,1111,222,5298,152,43,0,0,207,3629888,2243873,1350207,467880,102270,101490,111630,0,1100,565837,84060662,63007086,0,21053576,21053576,0,544989045,130050,0,1311945,2411010,0,4.0,0.0,2.0,1.0,1.0,749.3257573333334,773.863636,467.181818,460.0742424333333,750.6287878999999,1.691183,23.214590966666666,1.0,1.0,1.0,1.0,none,0:1.0500|1:0.9300|2:1.0300|3:0.9400|4:0.9500|5:1.1000|6:0.8200|,Derya Soylu:4:58448|Osman Kurt:6:21919,2337480,45,220500,2371,30,37.19693279792655,37.653041627371046,none,345337
Temkinli,21,2431,2017,10,1317,1079,238,5216,176,48,0,0,223,3687695,2251767,1414081,483476,105679,105802,116343,0,0,602781,89258000,60765932,0,28492068,28492068,0,574574003,130050,0,1333995,2491377,0,4.0,0.0,2.0,1.0,1.0,765.1099705806452,781.1363640000001,465.454545,465.02346061290325,755.4956012903226,1.705752,21.795169483870968,1.0,1.0,1.0,1.0,none,0:1.0500|1:0.9300|2:1.0300|3:0.9400|4:0.9500|5:1.1000|6:0.8200|,Derya Soylu:4:58448|Osman Kurt:6:21919,2292822,46,220500,2401,31,38.34593153717973,39.165013802295036,none,382281
Temkinli,21,2461,2017,11,1289,1047,242,5033,187,45,0,0,223,3499760,2135619,1341973,467880,102270,103290,113580,0,960,553993,112673411,87770926,0,24902485,24902485,0,607760618,130050,0,1356045,2411010,0,4.0,0.0,2.0,1.0,1.0,772.0681817000001,787.272727,472.363636,469.3075757666667,765.8863637,1.720938,21.231425166666668,1.0,1.0,1.0,1.0,none,0:1.0500|1:0.9300|2:1.0300|3:0.9400|4:0.9500|5:1.1000|6:0.8200|,Derya Soylu:4:58448|Osman Kurt:6:21919,2197488,47,220500,2432,30,38.344715066175965,38.818403970500015,none,333493
Temkinli,21,2492,2017,12,1355,1144,211,5590,190,87,0,0,186,4025957,2488898,1514249,483476,105679,107662,130231,0,4054,683147,121621083,86627720,0,34993363,28110924,0,689850651,136552,0,1379197,2495858,0,4.0,0.0,2.0,1.0,1.0,771.1217007096775,794.545455,476.272727,473.81671554838715,770.6129030967742,1.735763,22.646416709677418,1.0,1.0,1.0,1.0,none,0:1.0500|1:0.9300|2:1.0300|3:0.9400|4:0.9500|5:1.1000|6:0.8200|,Derya Soylu:4:58448|Osman Kurt:6:21919,2492874,48,231525,2462,31,37.61215035331972,38.236373511252836,none,451622
Temkinli,21,2523,2018,1,1340,1060,280,5170,187,94,0,0,245,3790620,2361450,1404064,495476,108469,108594,131378,0,0,560147,97771921,70960143,0,26811778,33694217,0,761035581,136552,0,1402349,2630288,0,4.0,0.0,2.0,1.0,1.0,764.1935482903225,801.590909,471.545455,472.89882693548384,759.6290322580645,1.751216,24.635239548387094,1.0,1.0,1.0,1.0,none,0:1.0500|1:0.9200|2:1.0300|3:0.9300|4:0.9400|5:1.1000|6:0.8200|,Derya Soylu:4:61708|Osman Kurt:6:23140,2397566,49,231525,2493,31,37.0404841424358,38.295022765508016,none,328622
Temkinli,21,2551,2018,2,1359,1104,255,5564,155,57,0,0,240,3964055,2467399,1475102,447888,97972,98980,119728,0,0,710534,97580850,69906026,0,27674824,27674824,0,834471489,136552,0,1425501,2375744,0,4.0,0.0,2.0,1.0,1.0,765.2759738928571,809.0909089999999,475.636364,474.12175332142857,764.0600649642857,1.766807,27.08306717857143,1.0,1.0,1.0,1.0,none,0:1.0500|1:0.9200|2:1.0300|3:0.9300|4:0.9400|5:1.1000|6:0.8200|,Derya Soylu:4:61708|Osman Kurt:6:23140,2507698,50,231525,2524,28,37.211945848380005,37.847733337229826,none,479009
Temkinli,21,2582,2018,3,1499,1209,290,6374,169,50,0,0,272,4250170,2679703,1551365,495876,108469,110454,121458,0,2003,713105,127693937,98726636,0,28967301,28967301,0,896654075,136552,0,1448653,2630288,0,4.0,0.0,2.0,1.0,1.0,762.8739002258066,815.227273,477.454545,476.1260995806452,764.7976538709677,1.781008,29.237647322580646,1.0,1.0,1.0,1.0,none,0:1.0500|1:0.9200|2:1.0300|3:0.9300|4:0.9400|5:1.1000|6:0.8200|,Derya Soylu:4:61708|Osman Kurt:6:23140,2659632,51,231525,2552,31,36.50124583251964,37.41370036926469,none,481580
Temkinli,21,2612,2018,4,1353,1096,257,5458,190,28,0,0,237,3751185,2348912,1379877,479880,104970,107851,118590,0,1035,567551,120296948,82692016,0,37604932,37604932,0,960999534,136552,0,1471805,2545440,0,4.0,0.0,2.0,1.0,1.0,789.8106059,822.045455,495.90909100000005,489.72878786666666,784.6681817666666,1.796864,26.116966533333333,1.0,1.0,1.0,1.0,none,0:1.0500|1:0.9300|2:1.0300|3:0.9400|4:0.9500|5:1.1000|6:0.8200|,Derya Soylu:4:61708|Osman Kurt:6:23140,2435886,52,231525,2583,30,36.78509590969254,37.21164450116432,none,336026
Temkinli,21,2643,2018,5,1468,1190,278,5941,191,72,0,0,263,4429546,2765133,1644311,495876,108469,112407,123597,0,2942,801020,138313722,105228945,0,33084777,33084777,0,1036839863,136552,0,1494957,2630288,0,4.0,0.0,2.0,1.0,1.0,795.9017594516129,829.772727,494.5,493.69061587096775,789.2404692903226,1.812343,24.535814870967744,1.0,1.0,1.0,1.0,none,0:1.0500|1:0.9300|2:1.0300|3:0.9400|4:0.9500|5:1.1000|6:0.8200|,Derya Soylu:4:61708|Osman Kurt:6:23140,2741096,53,231525,2613,31,37.12143411536984,37.86921637907708,none,569495
Temkinli,21,2673,2018,6,1549,1275,274,6668,131,42,0,2,261,4223394,2675750,1518724,479880,104970,109741,138780,0,1821,683532,137259797,103643784,0,33616013,33616013,0,1124475254,144680,0,1519487,2550246,0,4.0,0.0,2.0,1.0,1.0,783.1136363333334,837.272727,486.727273,489.14999993333333,786.9742424666667,1.828478,29.52906856666667,1.0,1.0,1.0,1.0,none,0:1.0500|1:0.9100|2:1.0300|3:0.9200|4:0.9300|5:1.1000|6:0.8200|,Derya Soylu:4:61708|Osman Kurt:6:23140,2719204,54,245306,2644,30,35.95979915679191,37.847171800131456,none,438226
Temkinli,21,2704,2018,7,1508,1230,278,6458,170,13,0,0,258,4320536,2734741,1567184,510876,111941,114361,144646,0,126,685234,121642691,82673179,0,38969512,38969512,0,1188498359,144680,0,1544017,2779274,0,4.0,0.0,2.0,1.0,1.0,802.3240469354838,844.318182,508.0249262580645,501.24780061290323,794.6686217419355,1.84423,26.308529032258065,1.0,1.0,1.0,1.0,none,0:1.0500|1:0.9250|2:1.0300|3:0.9350|4:0.9450|5:1.1000|6:0.8200|,Derya Soylu:4:65203|Osman Kurt:6:24451,2793534,55,245306,2674,31,36.272906880072284,36.68083012113488,none,439928
Temkinli,21,2735,2018,8,1517,1224,293,6725,151,26,0,0,275,4344185,2826930,1502858,511376,111941,115384,145917,0,548,617692,140214120,105338059,0,34876061,34876061,0,1269879757,144680,0,1568547,2779274,0,4.0,0.0,2.0,1.0,1.0,792.690616,851.590909,509.545455,507.8255131935484,798.2859237419356,1.860649,28.578647387096776,1.0,1.0,1.0,1.0,none,0:1.0500|1:0.9150|2:1.0300|3:0.9250|4:0.9350|5:1.1000|6:0.8200|,Derya Soylu:4:65203|Osman Kurt:6:24451,2834102,56,245306,2705,31,34.59470533598362,35.71950459421107,none,372386
Temkinli,21,2765,2018,9,1496,1216,280,6641,178,50,0,0,268,4727434,2988259,1709172,494880,108330,112653,123900,0,1800,867609,154733898,109207596,0,45526302,37621761,0,1331044739,144680,0,1593077,2689620,0,4.0,0.0,2.0,1.0,1.0,808.1212120333333,859.3181820000001,502.272727,504.26969703333333,810.1606061666666,1.877214,28.405422433333335,1.0,1.0,1.0,1.0,none,0:1.0500|1:0.9250|2:1.0300|3:0.9350|4:0.9450|5:1.1000|6:0.8200|,Derya Soylu:4:65203|Osman Kurt:6:24451,3035934,57,245306,2736,30,36.15432811965223,37.846857684106645,none,622303
Temkinli,21,2796,2018,10,1402,1147,255,5830,214,42,0,0,232,4386838,2688561,1674681,511376,111941,117430,129115,0,1302,803517,163308730,123951334,0,39357396,47261937,0,1427899293,144680,0,1617607,2779274,0,4.0,0.0,2.0,1.0,1.0,835.3299118709679,866.3636359999999,508.772727,506.542522,825.3841641290322,1.893385,25.301677,1.0,1.0,1.0,1.0,none,0:1.0500|1:0.9300|2:1.0300|3:0.9400|4:0.9500|5:1.1000|6:0.8200|,Derya Soylu:4:65203|Osman Kurt:6:24451,2717482,58,245306,2766,31,38.175127506418065,39.09319901397362,none,558211
Temkinli,21,2826,2018,11,1340,1085,255,5677,165,41,0,0,236,4196416,2648447,1522149,494880,108330,114633,126090,0,703,677513,176196461,136770063,0,39426398,39426398,0,1469747825,144680,0,1642137,2689620,0,4.0,0.0,2.0,1.0,1.0,836.6893938,874.090909,529.545455,522.5954545666667,836.3484848666667,1.910241,26.03429883333333,1.0,1.0,1.0,1.0,none,0:1.0500|1:0.9300|2:1.0300|3:0.9400|4:0.9500|5:1.1000|6:0.8200|,Derya Soylu:4:65203|Osman Kurt:6:24451,2724456,59,245306,2797,30,36.272595471945586,36.709433760722305,none,432207
Temkinli,21,2857,2018,12,1392,1119,273,5502,195,57,0,0,258,4463274,2766202,1677024,511376,111941,119478,144553,0,594,789082,199335171,143104008,0,56231163,56231163,0,1607229069,156060,0,1668597,2785949,0,4.0,0.0,2.0,1.0,1.0,839.2448681612904,881.3636359999999,514.454545,518.3651026451613,839.104105483871,1.926697,25.722477838709676,1.0,1.0,1.0,1.0,none,0:1.0500|1:0.9200|2:1.0300|3:0.9300|4:0.9400|5:1.1000|6:0.8200|,Derya Soylu:4:65203|Osman Kurt:6:24451,2704110,60,264600,2827,31,37.57385273680263,38.70030493875721,none,524482
Temkinli,21,2888,2019,1,1313,1042,271,5408,191,35,0,0,246,4510724,2784482,1699559,532376,116839,120574,145824,0,1120,782826,140885467,101324082,0,39561385,39561385,0,1736799382,156060,0,1695057,2986199,0,4.0,0.0,2.0,1.0,1.0,853.4677418709678,889.318182,528.818182,524.3181817741936,850.9252199354839,1.94385,22.665107322580646,1.0,1.0,1.0,1.0,none,0:1.0500|1:0.9300|2:1.0300|3:0.9400|4:0.9500|5:1.1000|6:0.8200|,Derya Soylu:4:70058|Osman Kurt:6:26271,2885338,61,264600,2858,31,37.67818647294758,38.03887879338856,none,518226
Temkinli,21,2916,2019,2,1153,907,246,4592,156,36,0,0,231,3876627,2408104,1449731,481488,105532,110195,133280,0,1053,618183,125201938,86006964,0,39194974,39194974,0,1845826087,156060,0,1721517,2697212,0,4.0,0.0,2.0,1.0,1.0,872.7759741428571,900.0,543.318182,537.4577921071428,864.4139610714285,1.967061,21.526761821428572,1.0,1.0,1.0,1.0,none,0:1.0500|1:0.9300|2:1.0300|3:0.9400|4:0.9500|5:1.1000|6:0.8200|,Derya Soylu:4:70058|Osman Kurt:6:26271,2467620,62,264600,2889,28,37.39671110994171,37.748265523282036,none,353583
Temkinli,21,2947,2019,3,1196,910,286,4182,162,44,0,0,251,3224246,1987824,1224156,533076,116839,123334,135594,0,1772,313541,170183560,119316465,0,50867095,41041375,0,1928413303,156060,0,1747977,2986199,0,4.0,0.0,2.0,1.0,1.0,876.6202346774194,909.090909,543.0043985806452,541.2478007096773,877.8240471290322,1.988265,19.93299348387097,1.0,1.0,1.0,1.0,none,0:1.0500|1:0.9300|2:1.0300|3:0.9400|4:0.9500|5:1.1000|6:0.8200|,Derya Soylu:4:70058|Osman Kurt:6:26271,2006840,63,264600,2917,31,37.96720225441855,38.05705400121625,none,48941
Temkinli,21,2977,2019,4,1252,1011,241,4909,164,38,0,0,215,4038562,2429327,1581237,515880,113070,120767,132780,0,3206,695534,185956896,139863154,0,46093742,55919462,0,2025194221,156060,0,1774437,2889870,0,4.0,0.0,2.0,1.0,1.0,897.2045456333333,922.045455,540.409091,539.9833332333334,887.0969696333334,2.012006,19.6348283,1.0,1.0,1.0,1.0,none,0:1.0500|1:0.9300|2:1.0300|3:0.9400|4:0.9500|5:1.1000|6:0.8200|,Derya Soylu:4:70058|Osman Kurt:6:26271,2457912,64,264600,2948,30,39.15346601092171,39.767459535269374,none,430934
Temkinli,21,3008,2019,5,1323,1066,257,5048,172,41,0,0,236,4081343,2491718,1571527,533076,116839,126249,138818,0,3608,652937,217469958,167787139,0,49682819,49682819,0,2147898222,156060,0,1800897,2986199,0,4.0,0.0,2.0,1.0,1.0,889.7727272258064,931.818182,542.954545,541.5381232258064,887.8973607741935,2.035252,21.07969641935484,1.0,1.0,1.0,1.0,none,0:1.0500|1:0.9200|2:1.0300|3:0.9300|4:0.9400|5:1.1000|6:0.8200|,Derya Soylu:4:70058|Osman Kurt:6:26271,2497194,65,264600,2978,31,38.505144017545206,38.97828868132872,none,388337
Temkinli,21,3038,2019,6,1306,1079,227,5283,159,38,0,0,213,3960215,2408935,1529574,515880,113070,123618,156330,0,0,620676,206622410,143047520,0,63574890,50658574,0,2281703032,167439,0,1829286,2897159,0,4.0,0.0,2.0,1.0,1.0,897.8787881666666,942.954545,549.863636,546.8121213333333,896.8348484666666,2.059555,21.5289569,1.0,1.0,1.0,1.0,none,0:1.0500|1:0.9200|2:1.0300|3:0.9300|4:0.9400|5:1.1000|6:0.8200|,Derya Soylu:4:70058|Osman Kurt:6:26271,2423216,66,283894,3009,30,38.62350907715869,38.75970306384686,none,336782
Temkinli,21,3069,2019,7,1241,981,260,4885,168,29,0,0,240,3805755,2314424,1474597,554076,121706,129226,163401,0,0,506188,184407312,137368394,0,47038918,59955234,0,2385000589,167439,0,1857675,3212158,0,4.0,0.0,2.0,1.0,1.0,920.5498534516129,953.409091,568.3680354193549,560.6290322903226,909.4721407419355,2.08335,19.261352580645163,1.0,1.0,1.0,1.0,none,0:1.0500|1:0.9300|2:1.0300|3:0.9400|4:0.9500|5:1.1000|6:0.8200|,Derya Soylu:4:75358|Osman Kurt:6:28260,2388996,68,283894,3039,31,38.746503650392626,38.25776699781636,none,222294
Temkinli,21,3100,2019,8,1233,1010,223,4966,126,21,0,0,207,3826435,2336055,1464408,554776,121706,130747,165354,0,2057,489768,211374347,158988844,0,52385503,52385503,0,2525922955,167439,0,1886064,3212158,0,4.0,0.0,2.0,1.0,1.0,930.6598239677419,965.454545,573.272727,569.473606967742,930.5923754193548,2.108227,20.429329548387095,1.0,1.0,1.0,1.0,none,0:1.0500|1:0.9300|2:1.0300|3:0.9400|4:0.9500|5:1.1000|6:0.8200|,Derya Soylu:4:75358|Osman Kurt:6:28260,2341812,69,283894,3070,31,38.27081866018892,38.40147471329217,none,205874
Temkinli,21,3130,2019,9,1181,948,233,4397,203,44,0,0,208,3924968,2460999,1439797,536880,117780,128059,140790,0,1751,514537,188576619,127844292,0,60732327,60732327,0,2581020482,167439,0,1914453,3721107,0,4.0,0.0,2.0,1.0,1.0,939.6818181666666,976.590909,603.2999999666666,589.5803030333334,940.3272728333334,2.133401,19.979381966666665,1.0,1.0,1.1625,0.95125,0,0:1.0500|1:0.9300|2:1.0300|3:0.9400|4:0.9500|5:1.1000|6:0.8200|,Derya Soylu:4:75358|Osman Kurt:6:28260|Esin Karaca:1:21123,2547798,70,283894,3101,30,36.68302518644738,35.79741692313319,none|0,230643
Temkinli,21,3161,2019,10,1249,998,251,4699,235,35,0,0,227,4200284,2740862,1431697,554776,121706,133848,147188,0,1120,473059,180691929,133977642,0,46714287,46714287,0,2669115703,167439,0,1942842,3866971,0,4.0,0.0,2.0,1.0,1.0,947.844575032258,987.727273,619.090909,613.1686217741936,947.7258064193549,2.158049,20.529375967741935,1.0,1.0,1.25,0.925,0,0:1.0500|1:0.9300|2:1.0300|3:0.9400|4:0.9500|5:1.1000|6:0.8200|,Derya Soylu:4:75358|Osman Kurt:6:28260|Esin Karaca:1:21123,2825856,72,283894,3131,31,34.08571896566994,34.684343265990584,0,189165
Temkinli,21,3191,2019,11,1118,849,269,4127,257,32,0,0,231,3810590,2419309,1371362,536880,117780,131090,144120,0,3511,437981,209029821,163049801,0,45980020,45980020,0,2678082202,167439,0,1971231,3742230,0,4.0,0.0,2.0,1.0,1.0,969.6818179999999,999.772727,614.8181820000001,615.2666668666666,962.2833333666666,2.183819,17.849261333333335,1.0,1.0,1.25,0.925,0,0:1.0500|1:0.9300|2:1.0300|3:0.9400|4:0.9500|5:1.1000|6:0.8200|,Derya Soylu:4:75358|Osman Kurt:6:28260|Esin Karaca:1:21123,2422212,73,283894,3162,30,35.98818030803629,36.59588428005359,0,154087
Temkinli,21,3222,2019,12,1185,938,247,4272,276,22,0,0,214,4376524,2825951,1529260,554776,121706,137011,165726,0,3387,546654,220495862,151748609,0,68747253,68747253,0,2827050944,180444,0,2001825,4620717,0,4.0,0.0,2.0,1.0,1.0,967.3973608064516,1010.681818,619.409091,617.2771260645161,966.1290322580645,2.209049,18.545022677419357,1.0,1.0,1.25,0.925,0,0:1.0500|1:0.9300|2:1.0300|3:0.9400|4:0.9500|5:1.1000|6:0.8200|,Derya Soylu:4:75358|Osman Kurt:6:28260|Esin Karaca:1:21123|Esra Yıldırım:1:20695|Tuğba Yıldız:1:18983|Özlem Tunç:2:39820,2813492,74,305944,3192,31,34.94234237033774,35.97159594443778,0,240710
Temkinli,21,3253,2020,1,1238,935,303,4358,209,35,0,0,270,4286496,2745078,1504633,578776,127286,138654,167710,0,5237,486970,153226769,101939534,0,51287235,51287235,0,2588969207,180444,346443593,348476012,6805430,0,4.0,0.0,2.0,1.0,1.0,979.6187683870967,1023.409091,622.454545,620.2008797096775,979.8401758709676,2.235427,20.00565087096774,1.0,1.0,1.25,0.925,0,0:1.0500|1:0.9300|2:1.0300|3:0.9400|4:0.9500|5:1.1000|6:0.8200|,Derya Soylu:4:81001|Osman Kurt:6:30375|Esin Karaca:1:22704|Esra Yıldırım:1:22245|Tuğba Yıldız:1:20404|Özlem Tunç:2:42801,2818396,77,305944,3223,31,35.101700783110495,36.45951209929893,0,181026
Temkinli,21,3282,2020,2,1117,842,275,3784,242,32,0,0,244,3811003,2444686,1333336,542184,119074,131247,158746,0,2721,379364,142760691,93134000,0,49626691,49626691,0,2724138638,180444,0,348506606,6929698,0,4.0,0.0,2.0,1.0,1.0,996.9435737586207,1035.227273,637.5235113448275,630.6489027931034,1000.6880876551724,2.262121,19.30773079310345,0.9862068965517242,0.9862068965517242,1.2498275862068964,0.9227830344827587,1,0:1.0500|1:0.9300|2:1.0300|3:0.9400|4:0.9500|5:1.1000|6:0.8200|,Derya Soylu:4:81001|Osman Kurt:6:30375|Esin Karaca:1:22704|Esra Yıldırım:1:22245|Tuğba Yıldız:1:20404|Özlem Tunç:2:42801|Osman Turan:1:20864,2533968,78,305944,3254,29,34.98648518513368,36.05219712272459,0|1,73420
Temkinli,21,3313,2020,3,1119,825,294,3781,319,16,0,0,238,3596625,2275278,1297805,579576,127286,141879,155992,0,1557,291515,89103136,31980531,0,57122605,57122605,0,2854271830,180444,0,348537200,8199628,0,4.0,0.0,2.0,1.0,1.0,1010.3445745161291,1047.045455,638.0014663225807,636.0703812258065,1006.412023516129,2.28738,19.357912193548387,0.9,0.9,1.2341666774193547,0.8015934193548386,1,0:1.0500|1:0.9300|2:1.0300|3:0.9400|4:0.9500|5:1.1000|6:0.8200|,Derya Soylu:4:81001|Osman Kurt:6:30375|Esin Karaca:1:22704|Esra Yıldırım:1:22245|Tuğba Yıldız:1:20404|Özlem Tunç:2:42801|Osman Turan:1:20864|Onur Demir:1:20557|Ebru Akgül:1:24239|Dilek Sarı:2:41113,2298608,80,305944,3283,31,36.08396760852188,36.853081372943464,1,-14429
Temkinli,21,3343,2020,4,1250,944,306,4621,308,15,0,0,267,4128018,2676752,1427538,560880,123180,138924,152760,0,1260,450534,169806138,119021796,0,50784342,50784342,0,2950517338,180444,0,348567794,9869474,0,4.0,0.0,2.0,1.0,1.0,1011.4848484333332,1058.863636,660.9515151666667,651.4409091,1014.7863636666666,2.314693,21.407604433333333,0.9,0.9,1.20875,0.8,1,0:1.0500|1:0.9300|2:1.0300|3:0.9400|4:0.9500|5:1.1000|6:0.8200|,Derya Soylu:4:81001|Osman Kurt:6:30375|Esin Karaca:1:22704|Esra Yıldırım:1:22245|Tuğba Yıldız:1:20404|Özlem Tunç:2:42801|Osman Turan:1:20864|Onur Demir:1:20557|Ebru Akgül:1:24239|Dilek Sarı:2:41113|Osman Demir:1:20096,2718298,84,305944,3314,30,34.5816806031369,34.65532220374828,1,144590
Temkinli,21,3374,2020,5,1262,950,312,4622,321,34,0,0,253,4149575,2650878,1471280,579576,127286,145229,159681,0,1471,458037,180065462,115873949,0,64191513,51294935,0,3048670919,180444,0,348598388,10738369,0,4.0,0.0,2.0,1.0,1.0,1034.6920819354839,1072.045455,660.4076246774193,658.6730205806451,1029.6539590322582,2.341436,19.88180041935484,0.9,0.9,1.183333322580645,0.8,1,0:1.0500|1:0.9300|2:1.0300|3:0.9400|4:0.9500|5:1.1000|6:0.8200|,Derya Soylu:4:81001|Osman Kurt:6:30375|Esin Karaca:1:22704|Esra Yıldırım:1:22245|Tuğba Yıldız:1:20404|Özlem Tunç:2:42801|Osman Turan:1:20864|Onur Demir:1:20557|Ebru Akgül:1:24239|Dilek Sarı:2:41113|Osman Demir:1:20096,2664004,86,305944,3344,31,35.45616117313219,36.17351130762807,1,152093
Temkinli,21,3404,2020,6,1106,809,297,3898,262,18,0,0,251,3196349,2036060,1133263,560880,123180,142225,179850,0,2926,124202,201234776,144231569,0,57003207,69899785,0,3172355764,193449,0,348631187,10462762,0,4.0,0.0,2.0,1.0,1.0,1033.0833333666667,1084.545455,665.2742424333334,662.1939394,1032.6530302,2.369395,19.740426433333333,0.9,0.9,1.1579166666666665,0.8,1,0:1.0500|1:0.9300|2:1.0300|3:0.9400|4:0.9500|5:1.1000|6:0.8200|,Derya Soylu:4:81001|Osman Kurt:6:30375|Esin Karaca:1:22704|Esra Yıldırım:1:22245|Tuğba Yıldız:1:20404|Özlem Tunç:2:42801|Osman Turan:1:20864|Onur Demir:1:20557|Ebru Akgül:1:24239|Dilek Sarı:2:41113|Osman Demir:1:20096|Dilek Er:1:21478,2113122,87,327994,3375,30,35.454920598470316,35.60304179283365,1,-203792
Temkinli,21,3435,2020,7,1209,883,326,4420,256,23,0,0,272,3904663,2437390,1452162,680926,150263,148671,187984,0,56920,227398,144184312,96001714,0,48182598,48182598,0,3243725355,193449,0,348663986,12611988,0,3.967741935483871,0.0,2.0,0.967741935483871,1.0,1051.2096774193549,1097.5,654.2507331290323,657.997067483871,1049.1217008709677,2.39677,19.601548548387097,0.9,0.9,1.1325,0.8,1,0:1.0500|1:0.9300|2:1.0300|3:0.9400|4:0.9500|5:1.1000|6:0.8200|,Derya Soylu:4:87129|Osman Kurt:6:32673|Esin Karaca:1:24423|Esra Yıldırım:1:23928|Tuğba Yıldız:1:21947|Özlem Tunç:2:46040|Osman Turan:1:22442|Onur Demir:1:22112|Ebru Akgül:1:26073|Dilek Sarı:2:44225|Osman Demir:1:21618|Dilek Er:1:23102|Pınar Kara:1:24257|Gamze Tekin:2:44720,2424300,91,327994,3405,31,37.190456641200534,37.76210900805524,1,-100596
Temkinli,21,3466,2020,8,1173,885,288,4214,264,20,0,0,252,3738245,2315207,1392241,705126,155527,150439,190216,0,0,190933,190132245,118006502,0,72125743,72125743,0,3371309572,193449,0,348696785,14550772,0,4.0,0.0,2.0,1.0,1.0,1063.6363633548387,1109.545455,660.8123167741935,658.3695014193548,1062.9428152258065,2.4253900000000006,20.13333593548387,0.9,0.9,1.1066666774193548,0.8,1,0:1.0500|1:0.9300|2:1.0300|3:0.9400|4:0.9500|5:1.1000|6:0.8200|,Derya Soylu:4:87129|Osman Kurt:6:32673|Esin Karaca:1:24423|Esra Yıldırım:1:23928|Tuğba Yıldız:1:21947|Özlem Tunç:2:46040|Osman Turan:1:22442|Onur Demir:1:22112|Ebru Akgül:1:26073|Dilek Sarı:2:44225|Osman Demir:1:21618|Dilek Er:1:23102|Pınar Kara:1:24257|Gamze Tekin:2:44720|Esin Uçar:1:24588|Gülay Yavuz:2:47196|Dilek Çelik:3:73598,2349986,93,327994,3436,31,37.243171595227174,37.87234626974289,1,-137061
Temkinli,21,3496,2020,9,1051,797,254,3806,272,28,0,0,204,3707215,2268072,1413477,682380,150510,147326,162000,0,722,270539,180859983,123882480,0,56977503,56977503,0,3472565979,193449,0,348729584,18371466,0,4.0,0.0,2.0,1.0,1.0,1088.5151516666667,1123.8636359999998,668.5196969333333,664.8787878,1081.3181817,2.454351,19.153603533333335,0.9,0.9,1.08125,0.8,1,0:1.0500|1:0.9300|2:1.0300|3:0.9400|4:0.9500|5:1.1000|6:0.8200|,Derya Soylu:4:87129|Osman Kurt:6:32673|Esin Karaca:1:24423|Esra Yıldırım:1:23928|Tuğba Yıldız:1:21947|Özlem Tunç:2:46040|Osman Turan:1:22442|Onur Demir:1:22112|Ebru Akgül:1:26073|Dilek Sarı:2:44225|Osman Demir:1:21618|Dilek Er:1:23102|Pınar Kara:1:24257|Gamze Tekin:2:44720|Esin Uçar:1:24588|Gülay Yavuz:2:47196|Dilek Çelik:3:73598|Arzu Yılmaz:1:23102,2332178,96,327994,3467,30,38.12773200367392,38.584254347793184,1,-57455
Temkinli,21,3527,2020,10,1166,848,318,3939,350,25,0,0,257,4003125,2456273,1517457,705126,155527,153975,169322,0,2155,331352,205950735,146160899,0,59789836,59789836,0,3622343566,193449,0,348762383,19770972,0,4.0,0.0,2.0,1.0,1.0,1095.6231671290323,1136.590909,672.4824047741936,669.7170087419355,1089.794721548387,2.482707,18.34666058064516,0.9,0.9,1.055833322580645,0.8,1,0:1.0500|1:0.9300|2:1.0300|3:0.9400|4:0.9500|5:1.1000|6:0.8200|,Derya Soylu:4:87129|Osman Kurt:6:32673|Esin Karaca:1:24423|Esra Yıldırım:1:23928|Tuğba Yıldız:1:21947|Özlem Tunç:2:46040|Osman Turan:1:22442|Onur Demir:1:22112|Ebru Akgül:1:26073|Dilek Sarı:2:44225|Osman Demir:1:21618|Dilek Er:1:23102|Pınar Kara:1:24257|Gamze Tekin:2:44720|Esin Uçar:1:24588|Gülay Yavuz:2:47196|Dilek Çelik:3:73598|Arzu Yılmaz:1:23102|Songül Yıldırım:1:23763,2478684,101,327994,3497,31,37.90681030444965,38.6210126848299,1,3358
Temkinli,21,3557,2020,11,1098,806,292,3750,346,20,0,0,240,3840861,2372716,1446426,682380,150510,150808,165810,0,5418,291500,189686458,113508042,0,76178416,76178416,0,3714092705,193449,0,348795182,19890294,0,4.0,0.0,2.0,1.0,1.0,1111.0681818333333,1150.454545,688.9500000333334,680.9863635999999,1103.0954544333333,2.512353,18.259906466666667,0.9,0.9,1.0304166666666668,0.8,1,0:1.0500|1:0.9300|2:1.0300|3:0.9400|4:0.9500|5:1.1000|6:0.8200|,Derya Soylu:4:87129|Osman Kurt:6:32673|Esin Karaca:1:24423|Esra Yıldırım:1:23928|Tuğba Yıldız:1:21947|Özlem Tunç:2:46040|Osman Turan:1:22442|Onur Demir:1:22112|Ebru Akgül:1:26073|Dilek Sarı:2:44225|Osman Demir:1:21618|Dilek Er:1:23102|Pınar Kara:1:24257|Gamze Tekin:2:44720|Esin Uçar:1:24588|Gülay Yavuz:2:47196|Dilek Çelik:3:73598|Arzu Yılmaz:1:23102|Songül Yıldırım:1:23763|Esin Aktaş:1:22773,2397008,104,327994,3528,30,37.65889991853389,37.99210423823658,1,-36494
Temkinli,21,3588,2020,12,1204,908,296,3865,349,21,0,0,236,4454704,2734953,1685553,705126,155527,157633,190650,0,5218,471399,288135950,214342216,0,73793734,73793734,0,3887412162,204829,0,348829911,21214628,0,4.0,0.0,2.0,1.0,1.0,1104.4721406451615,1163.409091,668.4677420967741,674.3357771290323,1105.2859237096775,2.54138,20.430639000000003,0.9,0.9,1.0062096774193547,0.8,1,0:1.0500|1:0.9200|2:1.0300|3:0.9300|4:0.9400|5:1.1000|6:0.8200|,Derya Soylu:4:87129|Osman Kurt:6:32673|Esin Karaca:1:24423|Esra Yıldırım:1:23928|Tuğba Yıldız:1:21947|Özlem Tunç:2:46040|Osman Turan:1:22442|Onur Demir:1:22112|Ebru Akgül:1:26073|Dilek Sarı:2:44225|Osman Demir:1:21618|Dilek Er:1:23102|Pınar Kara:1:24257|Gamze Tekin:2:44720|Esin Uçar:1:24588|Gülay Yavuz:2:47196|Dilek Çelik:3:73598|Arzu Yılmaz:1:23102|Songül Yıldırım:1:23763|Esin Aktaş:1:22773|Yasemin Yavuz:1:25247,2786016,106,347287,3558,31,37.83759818834203,39.476269477806994,1,124112
Temkinli,21,3619,2021,1,1099,800,299,3737,289,47,0,0,256,4325877,2632545,1665089,726126,160425,159483,192944,0,3656,422455,194729512,116842666,0,77886846,62313579,0,3616783682,204829,301342678,650207318,23334440,0,4.0,0.0,2.0,1.0,1.0,1132.7639297096773,1176.818182,696.227273,686.0659823548386,1131.689149483871,2.571726,18.581160451612906,0.9193548387096774,0.9193548387096774,1.0,0.803225806451613,none,0:1.0500|1:0.9300|2:1.0300|3:0.9400|4:0.9500|5:1.1000|6:0.8200|,Derya Soylu:4:92398|Osman Kurt:6:34649|Esin Karaca:1:25899|Esra Yıldırım:1:25375|Tuğba Yıldız:1:23275|Özlem Tunç:2:48824|Osman Turan:1:23799|Onur Demir:1:23450|Ebru Akgül:1:27649|Dilek Sarı:2:46899|Osman Demir:1:22925|Dilek Er:1:24500|Pınar Kara:1:25725|Gamze Tekin:2:47425|Esin Uçar:1:26074|Gülay Yavuz:2:50049|Dilek Çelik:3:78048|Arzu Yılmaz:1:24500|Songül Yıldırım:1:25199|Esin Aktaş:1:24150|Yasemin Yavuz:1:26775|Gamze Taş:1:22749,2639940,111,347287,3589,31,38.49136256070157,38.53730201504208,1|none,75168
Temkinli,21,3647,2021,2,1094,815,279,3960,172,27,0,0,259,4661986,2872098,1774096,656488,144900,145450,175952,0,1980,649326,194470669,127080587,0,67390082,67157637,0,3739021045,204829,0,650242047,22608194,0,4.0,0.0,2.0,1.0,1.0,1138.9772727499999,1188.863636,697.2272729999999,694.1964285357143,1140.3003247499998,2.596599,19.29753957142857,1.0,1.0,1.0,0.9285714285714286,none,0:1.0500|1:0.9300|2:1.0300|3:0.9400|4:0.9500|5:1.1000|6:0.8200|,Derya Soylu:4:92398|Osman Kurt:6:34649|Esin Karaca:1:25899|Esra Yıldırım:1:25375|Tuğba Yıldız:1:23275|Özlem Tunç:2:48824|Osman Turan:1:23799|Onur Demir:1:23450|Ebru Akgül:1:27649|Dilek Sarı:2:46899|Osman Demir:1:22925|Dilek Er:1:24500|Pınar Kara:1:25725|Gamze Tekin:2:47425|Esin Uçar:1:26074|Gülay Yavuz:2:50049|Dilek Çelik:3:78048|Arzu Yılmaz:1:24500|Songül Yıldırım:1:25199|Esin Aktaş:1:24150|Yasemin Yavuz:1:26775|Gamze Taş:1:22749|Ercan Aydın:1:25375|Tuncay Demir:2:51799|Burak Kaplan:3:71224,2980254,114,347287,3620,28,38.054511532209666,38.78479494884198,none,302039
Temkinli,21,3653,2021,3,248,197,51,958,32,5,0,0,49,1046580,630475,407740,140676,31050,31434,34572,0,816,169192,50075129,50075129,0,0,15805712,0,3764022578,0,0,650242047,5512404,0,4.0,0.0,2.0,1.0,1.0,1152.954545,1198.409091,695.727273,695.0454544999999,1157.742424,2.619271,19.287432833333334,1.0,1.0,1.0,1.0,none,0:1.0500|1:0.9300|2:1.0300|3:0.9400|4:0.9500|5:1.1000|6:0.8200|,Derya Soylu:4:92398|Osman Kurt:6:34649|Esin Karaca:1:25899|Esra Yıldırım:1:25375|Tuğba Yıldız:1:23275|Özlem Tunç:2:48824|Osman Turan:1:23799|Onur Demir:1:23450|Ebru Akgül:1:27649|Dilek Sarı:2:46899|Osman Demir:1:22925|Dilek Er:1:24500|Pınar Kara:1:25725|Gamze Tekin:2:47425|Esin Uçar:1:26074|Gülay Yavuz:2:50049|Dilek Çelik:3:78048|Arzu Yılmaz:1:24500|Songül Yıldırım:1:25199|Esin Aktaş:1:24150|Yasemin Yavuz:1:26775|Gamze Taş:1:22749|Ercan Aydın:1:25375|Tuncay Demir:2:51799|Burak Kaplan:3:71224,551614,114,0,3648,6,38.959276882799216,39.65700764031422,none,169192
Temkinli,22,25,2011,3,1390,1222,168,5876,203,80,0,0,119,2468015,1798345,658681,167500,37675,50012,55000,0,12553,335941,214666,153228,0,61438,68991,548180,200559,71527,0,12127,0,0,3.0,1.0,2.0,0.0,0.0,449.98181828,457.7272730000001,320.77454548000003,329.19636363999996,448.61454535999997,1.0,27.245458319999997,1.0,1.0,1.0,1.0,none,0:1.0000|1:0.9200|2:1.0300|3:0.9400|4:0.9500|5:1.1000|6:0.8200|,,2062388,1,121275,1,25,26.688695165953206,28.713887439692307,none,214666
Temkinli,22,55,2011,4,1694,1532,162,7203,198,92,0,3,130,2944165,2055544,865518,201000,45210,60374,66390,0,12951,479593,358318,258428,0,99890,107791,976612,924007,71527,0,24254,0,0,3.0,1.0,2.0,0.0,0.0,443.7727272666667,459.09090899999995,306.49242423333334,309.73333333333335,441.7318181333333,1.00592,28.7426312,1.0,1.0,1.0,1.0,none,0:1.0000|1:0.9100|2:1.0300|3:0.9400|4:0.9500|5:1.1000|6:0.8200|,,2041334,1,121275,26,30,29.397740955415202,30.934821947911303,none,358318
Temkinli,22,86,2011,5,1764,1576,188,7253,207,89,0,0,149,3052055,2090228,943105,207700,46717,62821,69099,0,5783,550985,429710,285016,0,144694,150477,912306,1130228,71527,0,36381,0,0,3.0,1.0,2.0,0.0,0.0,450.60850429032257,464.31818200000004,308.26686212903223,307.8533724516129,449.9589442903226,1.01307,29.493857129032257,1.0,1.0,1.0,1.0,none,0:1.0000|1:0.9150|2:1.0300|3:0.9400|4:0.9500|5:1.1000|6:0.8200|,,2121970,1,121275,56,31,30.90065546000973,31.58876071046831,none,429710
Temkinli,22,116,2011,6,1592,1435,157,6645,170,63,0,0,123,2556475,1705283,832236,201000,45210,61245,77460,0,3952,443369,311069,216507,0,94562,98514,839354,1241298,78030,0,49611,0,0,3.0,1.0,2.0,0.0,0.0,461.62878786666664,466.818182,310.8075756333334,309.4848484666667,456.19545446666666,1.020512,27.0009791,1.0,1.0,1.0,1.0,none,0:1.0000|1:0.9300|2:1.0300|3:0.9400|4:0.9500|5:1.1000|6:0.8200|,,1754640,1,132300,87,30,32.55404414281384,32.67153526761752,none,311069
Temkinli,22,147,2011,7,1770,1597,173,7684,140,80,0,2,153,2877380,2005149,854975,222700,50220,63751,80600,0,5150,432554,344423,235426,0,108997,90073,929294,1577952,78030,0,62841,0,0,3.0,1.0,2.0,0.0,0.0,455.1979471612903,470.227273,320.59970670967743,317.3401759032258,455.56891496774193,1.027766,28.907413258064516,1.0,1.0,1.0,1.0,none,0:1.0000|1:0.9300|2:1.0300|3:0.9400|4:0.9500|5:1.1000|6:0.8200|,,2030450,1,132300,117,31,29.713663124092054,29.569166840710878,none,300254
Temkinli,22,178,2011,8,1746,1575,171,8350,124,75,0,7,141,3121515,2176507,928065,223200,50220,64216,81189,0,6984,502256,431181,325475,0,105706,131614,1005878,1977360,78030,0,76071,0,0,3.0,1.0,2.0,0.0,0.0,461.5322579032258,474.090909,321.5850440967742,320.65542516129034,459.56011719354836,1.035317,29.615373741935485,1.0,1.0,1.0,1.0,none,0:1.0500|1:0.9300|2:1.0300|3:0.9400|4:0.9500|5:1.1000|6:0.8200|,,2175188,1,132300,148,31,29.73123627469354,30.32230389317571,none,369956
Temkinli,22,208,2011,9,1648,1492,156,6826,171,87,0,0,125,2891610,2011571,856485,216000,48600,62595,68820,0,6645,453825,366135,273274,0,92861,99506,926984,2151940,78030,0,89301,0,0,3.0,1.0,2.0,0.0,0.0,464.49242440000006,477.272727,324.41666683333335,323.1939393,463.9257575666667,1.042922,27.6905417,1.0,1.0,1.0,1.0,none,0:1.0500|1:0.9300|2:1.0300|3:0.9400|4:0.9500|5:1.1000|6:0.8200|,,2052458,1,132300,179,30,29.619658252668927,30.15673673205911,none,321525
Temkinli,22,239,2011,10,1689,1512,177,6927,192,81,0,5,135,2972695,2041356,912532,223200,50220,65146,71641,0,11023,491302,389835,258259,0,131576,137349,0,1456351,78030,0,102531,0,0,3.0,1.0,2.0,0.0,0.0,472.4193549354839,481.136364,323.1979472903226,323.21114370967746,469.7258065483871,1.050335,27.129189483870967,1.0,1.0,1.0,1.0,none,0:1.0500|1:0.9300|2:1.0300|3:0.9400|4:0.9500|5:1.1000|6:0.8200|,,2085520,1,132300,209,31,30.697128363320154,31.586641420637772,none,359002
Temkinli,22,269,2011,11,1560,1413,147,6839,188,55,0,3,118,2899660,1993481,888951,177600,39960,63495,69840,0,21177,516879,384579,278493,0,106086,116663,0,1735646,78030,0,115761,0,0,2.466666666666667,0.4666666666666667,2.0,0.0,0.0,475.5681815,484.545455,326.34090903333333,325.11666656666665,471.5590909,1.058051,26.57407453333333,1.0,1.0,1.0,1.0,none,0:1.0500|1:0.9300|2:1.0300|3:0.9400|4:0.9500|5:1.1000|6:0.8200|,,2008406,1,132300,240,30,30.657077036618087,31.378733538477206,none,384579
Temkinli,22,300,2011,12,1566,1394,172,6200,233,118,0,3,119,2935380,2001780,917055,148800,33480,66077,79949,0,8584,580165,498388,388586,0,109802,118386,0,2173219,79655,0,129266,0,0,2.0,0.0,2.0,0.0,0.0,482.45601177419354,487.5,328.84897351612904,327.38123177419357,475.91495596774195,1.065572,24.518088903225806,1.0,1.0,1.0,1.0,none,0:1.0500|1:0.9300|2:1.0300|3:0.9400|4:0.9500|5:1.1000|6:0.8200|,,1969338,1,135056,270,31,31.24144063119596,31.838558233151012,none,445109
Temkinli,22,331,2012,1,1551,1376,175,6494,224,70,0,0,134,3211300,2191772,1005107,151800,34162,66569,80538,0,0,672038,583675,416743,0,166932,166932,0,2561155,79655,0,142771,0,0,2.0,0.0,2.0,0.0,0.0,480.1759529677419,491.81818200000004,324.2683283870968,325.28592383870966,478.82551335483873,1.0734,26.079736451612902,1.0,1.0,1.0,1.0,none,0:1.0500|1:0.9300|2:1.0300|3:0.9400|4:0.9500|5:1.1000|6:0.8200|,,2235000,1,135056,301,31,31.299068912901316,32.46885305627101,none,536982
Temkinli,22,360,2012,2,1553,1384,169,6511,183,100,0,0,129,3102125,2097613,991902,146560,31958,62623,75777,0,3122,671862,536806,404135,0,132671,132671,0,2959895,79655,0,156276,0,0,2.3448275862068964,0.0,2.0,0.0,0.3448275862068966,483.8871474137931,494.3181819999999,325.76802496551727,325.4498433103448,482.3589341724138,1.079586,26.86228048275862,1.0,1.0,1.0,1.0,none,0:1.0500|1:0.9300|2:1.0300|3:0.9400|4:0.9500|5:1.1000|6:0.8200|,,2115618,1,135056,332,29,31.974920417455778,32.67685932419719,none,536806
Temkinli,22,391,2012,3,1825,1638,187,9023,182,99,0,6,154,3797140,2742563,1035300,165726,34162,67313,74028,0,0,694071,637910,520134,0,117776,117776,0,3481843,79655,0,169781,0,0,3.0,0.0,2.0,0.0,1.0,456.64955993548386,496.590909,328.571847516129,327.6876832580645,444.9354835483871,1.085405,32.54606048387097,1.0,1.0,1.0,1.0,none,0:1.0500|1:0.9100|2:1.0300|3:0.9200|4:0.9300|5:1.1000|6:0.8200|,,2760026,1,135056,361,31,27.26525753593494,28.047265048815518,none,559015
Temkinli,22,421,2012,4,1777,1586,191,7780,129,105,0,8,147,3206915,2364301,821279,160380,33060,65502,72060,0,0,490277,355221,238000,0,117221,117221,0,3698017,79655,0,183286,0,0,3.0,0.0,2.0,0.0,1.0,444.41666710000004,499.318182,328.65454539999996,328.07121216666667,438.7136364,1.09166,34.74214546666667,1.0,1.0,1.0,1.0,none,0:1.0500|1:0.8900|2:1.0300|3:0.9000|4:0.9100|5:1.1000|6:0.8200|,,2407462,1,135056,392,30,25.609627944613436,26.048105363688343,none,355221
Temkinli,22,452,2012,5,1918,1729,189,8985,122,123,0,3,156,3741055,2802305,922089,165726,34162,68058,74865,0,0,579278,51985,-52442,0,104427,104427,0,3520861,79655,0,196791,0,0,3.0,0.0,2.0,0.0,1.0,444.545455,502.045455,333.60263938709676,332.21700880645164,441.05718496774193,1.097747,34.74542719354839,1.0,1.0,1.0,1.0,none,0:1.0500|1:0.8900|2:1.0300|3:0.9000|4:0.9100|5:1.1000|6:0.8200|,,2823618,1,135056,422,31,24.647833298361025,24.95646156429678,none,444222
Temkinli,22,482,2012,6,1797,1602,195,8643,124,87,0,8,159,3230940,2439905,777069,160380,33060,66252,83790,0,0,433587,274321,211890,0,62431,62431,0,3641248,82906,0,210847,0,0,3.0,0.0,2.0,0.0,1.0,444.545455,505.227273,337.59090903333333,336.6984849333333,443.6257575,1.104074,36.13339943333333,1.0,1.0,1.0,1.0,none,0:1.0500|1:0.8900|2:1.0300|3:0.9000|4:0.9100|5:1.1000|6:0.8200|,,2445742,2,140569,453,30,24.050864454307415,24.059304794077057,none,293018
Temkinli,22,513,2012,7,1851,1673,178,9455,87,64,0,6,152,3405295,2554641,819933,171726,35557,68833,87079,0,0,456738,527315,402972,0,124343,124343,0,4014201,82906,0,224903,0,0,3.0,0.0,2.0,0.0,1.0,444.545455,508.18181799999996,333.5351906451613,334.73607038709673,445.54545464516127,1.11023,37.71415903225807,1.0,1.0,1.0,1.0,none,0:1.0500|1:0.8900|2:1.0300|3:0.9000|4:0.9100|5:1.1000|6:0.8200|,,2569576,2,140569,483,31,24.07817824887418,24.971634082917053,none,316169
Temkinli,22,544,2012,8,1820,1625,195,9334,135,65,0,9,169,3556570,2573909,967132,171926,35557,69236,87575,0,0,602838,783743,598717,0,185026,185026,0,4630327,82906,0,238959,0,0,3.0,0.0,2.0,0.0,1.0,448.3724343548387,510.909091,323.4941349354838,325.9574779354839,448.98093832258064,1.116629,36.83137635483871,1.0,1.0,1.0,1.0,none,0:1.0500|1:0.9000|2:1.0300|3:0.9100|4:0.9200|5:1.1000|6:0.8200|,,2566436,2,140569,514,31,27.192829045962824,27.85146673859238,none,462269
Temkinli,22,574,2012,9,1836,1647,189,9208,152,151,0,9,143,3916170,2830576,1070036,166380,34410,67393,74130,0,0,727723,914839,645604,0,269235,215602,0,5332905,82906,0,253015,0,0,3.0,0.0,2.0,0.0,1.0,451.0757572666667,514.090909,324.24696976666667,324.4757576666667,451.5863639666667,1.123064,37.8766216,1.0,1.0,1.0,1.0,none,0:1.0500|1:0.9000|2:1.0300|3:0.9100|4:0.9200|5:1.1000|6:0.8200|,,2843380,2,140569,545,30,27.323532941624087,28.11695939248215,none,587154
Temkinli,22,605,2012,10,1723,1520,203,8202,126,127,0,9,157,3480910,2515031,946006,171926,35557,70042,77035,0,0,591446,327660,160619,0,167041,220674,0,5292043,82906,0,267071,0,0,3.0,0.0,2.0,0.0,1.0,454.8240472580645,516.818182,328.2536658064516,327.0263930645161,456.4296186129032,1.129326,37.103996967741935,1.0,1.0,1.0,1.0,none,0:1.0500|1:0.9100|2:1.0300|3:0.9200|4:0.9300|5:1.1000|6:0.8200|,,2559644,2,140569,575,31,27.176973837301166,27.828427765561315,none,450877
Temkinli,22,635,2012,11,1652,1482,170,8376,147,129,0,0,137,3631400,2598924,1016079,166380,34410,68172,74970,0,0,672147,727447,556433,0,171014,171014,0,5753764,82906,0,281127,0,0,3.0,0.0,2.0,0.0,1.0,470.2348485333333,520.227273,333.2121213,331.8696969666667,476.7651515333334,1.135835,36.31844586666667,1.0,1.0,1.0,1.0,none,0:1.0500|1:0.9200|2:1.0300|3:0.9300|4:0.9400|5:1.1000|6:0.8200|,,2617616,3,140569,606,30,27.98036569917938,29.139211536683945,none,531578
Temkinli,22,666,2012,12,1575,1409,166,7124,156,110,0,0,137,3467960,2382349,1068753,175776,36424,70818,85684,0,23127,676924,1261407,896300,0,365107,365107,0,6676069,86158,0,295735,0,0,3.032258064516129,0.0,2.0,0.03225806451612903,1.0,493.7096772580645,522.727273,332.2653957419355,332.35483870967744,496.1026392903226,1.142168,31.408941677419353,1.0,1.0,1.0,1.0,none,0:1.0500|1:0.9300|2:1.0300|3:0.9400|4:0.9500|5:1.1000|6:0.8200|,,2392800,3,146081,636,31,30.817916008258457,32.70024651182628,none,530843
Temkinli,22,697,2013,1,1487,1292,195,6532,164,153,0,0,149,3357950,2286886,1062258,297276,63829,71252,86180,0,0,543721,753965,490601,0,263364,263364,0,7080314,86158,0,310343,0,0,4.0,0.0,2.0,1.0,1.0,496.9794723548387,525.454545,333.0351905483871,332.1876832580645,498.1964810967742,1.148751,30.23589441935484,1.0,1.0,1.0,1.0,none,0:1.0500|1:0.9300|2:1.0300|3:0.9400|4:0.9500|5:1.1000|6:0.8200|,,2306704,3,146081,667,31,31.634122008963804,32.9881395361531,none,397640
Temkinli,22,725,2013,2,1369,1216,153,6320,159,102,0,0,120,3110610,2105608,980163,268688,57652,64749,78316,0,0,510758,591733,333536,0,258197,258197,0,7232112,86158,0,324951,0,0,4.0,0.0,2.0,1.0,1.0,501.96428564285713,528.863636,332.61525971428574,332.4366883928572,501.61525975,1.155828,31.1545275,1.0,1.0,1.0,1.0,none,0:1.0500|1:0.9300|2:1.0300|3:0.9400|4:0.9500|5:1.1000|6:0.8200|,,2149890,4,146081,698,28,31.510314697117284,33.737265931517214,none,364677
Temkinli,22,756,2013,3,1566,1374,192,6984,119,96,0,0,165,3146875,2094895,1039108,297476,63829,72089,79267,0,0,526447,1441500,979625,0,461875,357660,0,8276525,86158,0,339559,0,0,4.0,0.0,2.0,1.0,1.0,498.36510287096775,531.818182,326.8064516451613,328.77272732258064,500.6568914193548,1.162259,30.711114548387094,1.0,1.0,1.0,1.0,none,0:1.0500|1:0.9300|2:1.0300|3:0.9400|4:0.9500|5:1.1000|6:0.8200|,,2077436,5,146081,726,31,33.02031380337637,34.424290592879835,none,380366
Temkinli,22,786,2013,4,1450,1284,166,6258,148,82,0,0,139,2948295,1880387,1053864,287880,61770,70184,77190,0,0,556840,1324181,904026,0,420155,524370,0,8979887,86158,0,354167,0,0,4.0,0.0,2.0,1.0,1.0,515.9242422333333,535.454545,326.5227273666667,327.04090916666667,514.6530303000001,1.16942,28.561310166666665,1.0,1.0,1.0,1.0,none,0:1.0500|1:0.9300|2:1.0300|3:0.9400|4:0.9500|5:1.1000|6:0.8200|,,1908444,5,146081,757,30,35.744862708785924,36.711109764252434,none,410759
Temkinli,22,817,2013,5,1533,1362,171,6995,157,84,0,0,142,3284458,2108732,1155700,297476,63829,72957,80228,0,255,640955,1181084,787069,0,394015,394015,0,9585892,86158,0,368775,0,0,4.0,0.0,2.0,1.0,1.0,515.9017592903226,538.409091,331.6994132903226,329.9794720322581,520.3167154193549,1.176391,28.273191774193545,1.0,1.0,1.0,1.0,none,0:1.0500|1:0.9300|2:1.0300|3:0.9400|4:0.9500|5:1.1000|6:0.8200|,,2130426,6,146081,787,31,35.18693190779118,35.704926894102826,none,494874
Temkinli,22,847,2013,6,1471,1305,166,6504,139,49,0,0,144,2882030,1814079,1056927,287880,61770,71024,89850,0,613,545790,1015802,460603,0,555199,441214,0,10121797,89409,0,383934,1093717,0,4.0,0.0,2.0,1.0,1.0,524.6969696666667,542.045455,328.227273,329.42878793333335,523.1257577,1.183639,27.433595333333333,1.0,1.0,1.0,1.0,none,0:1.0500|1:0.9300|2:1.0300|3:0.9400|4:0.9500|5:1.1000|6:0.8200|,Arzu Koç:4:39006,1822976,7,151594,818,30,36.673004791761365,37.444412303635254,none,394196
Temkinli,22,878,2013,7,1575,1406,169,7262,93,57,0,0,152,3136524,1976559,1143841,303476,65224,73826,93372,0,581,607362,1127714,655031,0,472683,586668,0,10647323,89409,0,399093,1257205,0,4.0,0.0,2.0,1.0,1.0,528.416422516129,545.0,332.727273,331.2741935483871,525.3826979677419,1.190696,28.53488790322581,1.0,1.0,1.0,1.0,none,0:1.0500|1:0.9300|2:1.0300|3:0.9400|4:0.9500|5:1.1000|6:0.8200|,Arzu Koç:4:40555,2000818,7,151594,848,31,36.468428107038235,37.03313166996735,none,455768
Temkinli,22,909,2013,8,1455,1306,149,6645,111,46,0,0,132,2845340,1779552,1051220,303676,65224,74291,93961,0,826,513242,904176,479747,0,424429,424429,0,10919302,89409,0,414252,1257205,0,4.0,0.0,2.0,1.0,1.0,534.0689150645161,549.090909,335.66275693548386,333.9530791612903,531.6055719999999,1.198032,25.929611322580644,1.0,1.0,1.0,1.0,none,0:1.0500|1:0.9300|2:1.0300|3:0.9400|4:0.9500|5:1.1000|6:0.8200|,Arzu Koç:4:40555,1797404,7,151594,879,31,36.945321121553135,37.14991689884526,none,361648
Temkinli,22,939,2013,9,1403,1245,158,6054,163,56,0,0,132,2963845,1900704,1043510,293880,63120,72344,79560,0,1064,533542,1281801,627847,0,653954,653954,0,11524456,89409,0,429411,1216650,0,4.0,0.0,2.0,1.0,1.0,536.0833335,551.590909,344.40909100000005,341.2015151333333,534.0136364,1.205414,26.095311133333333,1.0,1.0,1.0,1.0,none,0:1.0500|1:0.9300|2:1.0300|3:0.9400|4:0.9500|5:1.1000|6:0.8200|,Arzu Koç:4:40555,1963052,7,151594,910,30,35.207981524000076,35.75456100240802,none,381948
Temkinli,22,970,2013,10,1415,1252,163,6271,130,50,0,0,139,3051070,1947886,1086684,303676,65224,75190,82708,0,782,559104,1382740,817093,0,565647,565647,0,12328079,89409,0,444570,1257205,0,4.0,0.0,2.0,1.0,1.0,541.209677483871,555.227273,346.18181799999996,344.68768332258065,537.2844574838709,1.2126,25.786601516129032,1.0,1.0,1.0,1.0,none,0:1.0500|1:0.9300|2:1.0300|3:0.9400|4:0.9500|5:1.1000|6:0.8200|,Arzu Koç:4:40555,1958094,7,151594,940,31,35.616488641689635,36.03554548221899,none,407510
Temkinli,22,1000,2013,11,1469,1292,177,6242,149,50,0,0,156,3112995,2027558,1066645,293880,63120,73215,80520,0,0,555910,1471630,898669,0,572961,572961,0,13239483,89409,0,459729,1216650,0,4.0,0.0,2.0,1.0,1.0,537.25,558.409091,350.90909100000005,348.81363630000004,537.1378788333334,1.220071,26.547972366666666,1.0,1.0,1.0,1.0,none,0:1.0500|1:0.9250|2:1.0300|3:0.9350|4:0.9450|5:1.1000|6:0.8200|,Arzu Koç:4:40555,2061522,7,151594,971,30,34.264269618165144,34.684208282922285,none,404316
Temkinli,22,1031,2013,12,1239,1074,165,5149,192,51,0,0,127,2833340,1827615,993570,303676,65224,76120,92070,0,855,455625,969540,323282,0,646258,646258,0,13361393,94286,0,475715,1258888,0,4.0,0.0,2.0,1.0,1.0,546.5615837419355,562.045455,353.5,351.6554251935484,544.1187682903226,1.227345,23.474648580645162,1.0,1.0,1.0,1.0,none,0:1.0500|1:0.9300|2:1.0300|3:0.9400|4:0.9500|5:1.1000|6:0.8200|,Arzu Koç:4:40555,1869090,8,159862,1001,31,35.067093959778916,35.32293331341989,none,295763
Temkinli,22,1062,2014,1,1316,1132,184,5207,176,61,0,0,139,2862120,1826884,1022143,312676,67301,76586,92628,0,304,472648,1876334,1224890,0,651444,651444,0,14524269,94286,0,491701,1309378,0,4.0,0.0,2.0,1.0,1.0,548.3944280967742,565.227273,348.20967738709675,349.6363636129032,548.8665688709677,1.234907,23.329521741935487,1.0,1.0,1.0,1.0,none,0:1.0500|1:0.9300|2:1.0300|3:0.9400|4:0.9500|5:1.1000|6:0.8200|,Arzu Koç:4:42238,1833030,8,159862,1032,31,35.71279331404693,36.503790055713544,none,312786
Temkinli,22,1090,2014,2,1243,1069,174,4890,152,75,0,0,142,2671930,1681927,976044,282688,60788,69623,84224,0,0,478721,1887087,1187964,0,699123,699123,0,15695883,94286,0,507687,1182664,0,4.0,0.0,2.0,1.0,1.0,558.5551948214286,569.545455,350.5487014285714,349.88474017857146,555.6639610357144,1.243005,24.021975142857144,1.0,1.0,1.0,1.0,none,0:1.0500|1:0.9300|2:1.0300|3:0.9400|4:0.9500|5:1.1000|6:0.8200|,Arzu Koç:4:42238,1695996,8,159862,1063,28,36.529549801080115,37.24009647056588,none,318859
Temkinli,22,1121,2014,3,1342,1155,187,5540,161,85,0,0,150,3042095,1896871,1128396,312976,67301,77547,85281,0,0,585291,1961842,1076007,0,885835,885835,0,16840333,94286,0,523673,1309378,0,4.0,0.0,2.0,1.0,1.0,561.6862169354838,572.954545,349.590909,349.4296185806452,557.6554252903226,1.250366,24.12170351612903,1.0,1.0,1.0,1.0,none,0:1.0500|1:0.9300|2:1.0300|3:0.9400|4:0.9500|5:1.1000|6:0.8200|,Arzu Koç:4:42238,1921340,8,159862,1091,31,37.09272721594822,37.76046154250665,none,425429
Temkinli,22,1151,2014,4,1303,1129,174,5193,158,51,0,0,137,2698455,1663855,1017355,302880,65130,75526,83070,0,0,490749,760467,138248,0,622219,622219,0,16653105,94286,0,539659,1267140,0,4.0,0.0,2.0,1.0,1.0,567.4393942666667,575.454545,350.8636366666667,350.1984848666667,561.5924243000001,1.258565,21.875362166666665,1.0,1.0,1.0,1.0,none,0:1.0500|1:0.9300|2:1.0300|3:0.9400|4:0.9500|5:1.1000|6:0.8200|,Arzu Koç:4:42238,1664430,9,159862,1122,30,37.70138838705852,38.167205130319296,none,330887
Temkinli,22,1182,2014,5,1438,1260,178,5860,174,60,0,0,147,3064650,1925244,1126898,312976,67301,78540,86366,0,0,581715,2364452,1607588,0,756864,756864,0,18282465,94286,0,555645,1309378,0,4.0,0.0,2.0,1.0,1.0,563.7170089677419,579.772727,356.545455,353.8387097096774,563.2492669032258,1.266552,22.76314648387097,1.0,1.0,1.0,1.0,none,0:1.0500|1:0.9300|2:1.0300|3:0.9400|4:0.9500|5:1.1000|6:0.8200|,Arzu Koç:4:42238,1896258,9,159862,1152,31,36.770854746871585,36.75098509926229,none,421853
Temkinli,22,1212,2014,6,1344,1182,162,5584,120,45,0,0,135,2574715,1629854,931117,302880,65130,76516,96750,0,0,389841,1641659,712703,0,928956,928956,0,18754907,97537,0,572182,1268920,0,4.0,0.0,2.0,1.0,1.0,567.5227271,582.954545,362.67878793333335,359.63181820000005,566.5106059666667,1.274857,24.299041900000002,1.0,1.0,1.0,1.0,none,0:1.0500|1:0.9300|2:1.0300|3:0.9400|4:0.9500|5:1.1000|6:0.8200|,Arzu Koç:4:42238,1692252,9,165375,1183,30,36.163886100014956,36.09440281156745,none,224466
Temkinli,22,1243,2014,7,1430,1245,185,5819,121,47,0,0,154,2773145,1752554,1003443,318976,68696,79563,100626,0,512,435070,2058115,1214471,0,843644,843644,0,19957679,97537,0,588719,1364558,0,4.0,0.0,2.0,1.0,1.0,572.8079178709677,587.954545,366.5,364.0967741612903,569.9941349032258,1.282947,23.76336741935484,1.0,1.0,1.0,1.0,none,0:1.0500|1:0.9300|2:1.0300|3:0.9400|4:0.9500|5:1.1000|6:0.8200|,Arzu Koç:4:44018,1771204,9,165375,1213,31,36.18429616915091,36.016945896589576,none,269695
Temkinli,22,1274,2014,8,1405,1244,161,6077,126,28,0,0,143,2870959,1815047,1040103,353826,76493,80090,101277,0,28084,400333,912484,53060,0,859424,690391,0,19549687,97537,0,605256,1364558,0,3.903225806451613,0.0,2.0,0.9032258064516129,1.0,573.1304985806452,590.681818,368.136364,366.5337242903226,574.6524926129032,1.291361,24.01327912903226,1.0,1.0,1.0,1.0,none,0:1.0500|1:0.9300|2:1.0300|3:0.9400|4:0.9500|5:1.1000|6:0.8200|,Arzu Koç:4:44018,1872804,10,165375,1244,31,36.22841705506766,35.76744477711657,none,234958
Temkinli,22,1304,2014,9,1362,1182,180,5400,179,41,0,0,148,3027640,1892141,1119222,374880,81330,78016,85800,0,403,498793,3601389,2505243,0,1096146,1265179,0,21827136,97537,0,621793,1320540,0,4.0,0.0,2.0,1.0,1.0,579.3712119666667,594.3181820000001,359.272727,362.1681819,579.5848485666667,1.299829,23.425836766666666,1.0,1.0,1.0,1.0,none,0:1.0500|1:0.9300|2:1.0300|3:0.9400|4:0.9500|5:1.1000|6:0.8200|,Arzu Koç:4:44018,1923946,10,165375,1275,30,36.966812434767675,37.989199397661785,none,333418
Temkinli,22,1335,2014,10,1387,1205,182,5614,130,44,0,0,156,3010975,1863879,1128337,387376,84041,81113,89218,0,0,486589,2732472,1676904,0,1055568,1055568,0,22721834,97537,0,638330,1364558,0,4.0,0.0,2.0,1.0,1.0,581.1583576774194,599.318182,359.5659824516129,360.52932548387093,581.2082110967742,1.308077,24.11433322580645,1.0,1.0,1.0,1.0,none,0:1.0500|1:0.9200|2:1.0300|3:0.9300|4:0.9400|5:1.1000|6:0.8200|,Arzu Koç:4:44018,1819438,11,165375,1305,31,37.474140436237434,38.12943104034385,none,321214
Temkinli,22,1365,2014,11,1350,1198,152,5421,154,59,0,0,125,2978090,1895391,1072077,374880,81330,79007,86910,0,0,449950,4365396,2582969,0,1782427,1412145,0,25616866,97537,0,654867,1320540,0,4.0,0.0,2.0,1.0,1.0,577.6287878333334,602.272727,369.136364,365.90303036666666,579.1181817333332,1.316655,25.306043900000002,1.0,1.0,1.0,1.0,none,0:1.0500|1:0.9200|2:1.0300|3:0.9300|4:0.9400|5:1.1000|6:0.8200|,Arzu Koç:4:44018,1943160,11,165375,1336,30,35.998811318663975,36.094534798963466,none,284575
Temkinli,22,1396,2014,12,1342,1158,184,5462,199,75,0,0,135,3306820,2070619,1223468,387376,84041,82167,99417,0,0,570467,5413918,3807021,0,1606897,1977179,0,29108072,102414,0,672231,1366491,0,4.0,0.0,2.0,1.0,1.0,590.9750732580645,606.818182,370.5,368.9794720967742,588.1158359032258,1.32501,22.81772019354839,1.0,1.0,1.0,1.0,none,0:1.0500|1:0.9300|2:1.0300|3:0.9400|4:0.9500|5:1.1000|6:0.8200|,Arzu Koç:4:44018,2046412,11,173644,1366,31,36.99832467446066,37.30700045309498,none,396823
Temkinli,22,1427,2015,1,1320,1108,212,5087,183,95,0,0,171,3190465,2030226,1142658,396376,86149,82696,100068,0,0,477369,3522535,2156808,0,1365727,1365727,0,30473650,102414,0,689595,1424481,0,4.0,0.0,2.0,1.0,1.0,591.4369499354839,610.227273,377.31818200000004,374.510264,593.6348974193547,1.3337,21.781298161290323,1.0,1.0,1.0,1.0,none,0:1.0500|1:0.9300|2:1.0300|3:0.9400|4:0.9500|5:1.1000|6:0.8200|,Arzu Koç:4:45951,2096652,12,173644,1397,31,35.81477935034548,36.203143540294654,none,303725
Temkinli,22,1455,2015,2,1131,952,179,4352,155,69,0,0,149,2733535,1726469,988735,358288,77812,75225,91000,0,0,386410,5397033,3734931,0,1662102,1662102,0,29595955,102414,0,706959,1519926,0,4.0,0.0,2.0,1.0,1.0,594.5616885714286,614.5454550000001,372.4253246785714,373.5746753214286,596.2353895714285,1.342972,21.550339142857144,1.0,1.0,1.0,1.0,none,0:1.0500|1:0.9300|2:1.0300|3:0.9400|4:0.9500|5:1.1000|6:0.8200|,Arzu Koç:4:45951|Ufuk Karaca:6:17946,1703472,12,173644,1428,28,36.17056302553287,37.36136521453155,none,212766
Temkinli,22,1486,2015,3,1343,1150,193,5520,183,47,0,0,168,3134110,1984307,1133997,396676,86149,83812,92163,0,0,475197,5952308,3722621,0,2229687,2229687,0,31585605,102414,0,724323,1980807,0,4.0,0.0,2.0,1.0,1.0,597.8005863225807,618.409091,381.18181799999996,378.0190616129033,599.0469207741936,1.351403,22.621175096774195,1.0,1.0,1.0,1.0,none,0:1.0500|1:0.9300|2:1.0300|3:0.9400|4:0.9500|5:1.1000|6:0.8200|,Arzu Koç:4:45951|Ufuk Karaca:6:17946,2059430,12,173644,1456,31,36.18242499465558,36.235957822512155,none,301553
Temkinli,22,1516,2015,4,1304,1144,160,5511,137,54,0,0,139,3126585,1952509,1155365,383880,83370,81678,89820,0,0,516617,4890408,3206526,0,1683882,1683882,0,33450511,102414,0,741687,1916910,0,4.0,0.0,2.0,1.0,1.0,606.7651515,622.954545,378.40909100000005,378.99393946666663,599.7287878666667,1.360799,21.5760372,1.0,1.0,1.0,1.0,none,0:1.0500|1:0.9300|2:1.0300|3:0.9400|4:0.9500|5:1.1000|6:0.8200|,Arzu Koç:4:45951|Ufuk Karaca:6:17946,1973710,13,173644,1487,30,36.95293747011516,37.63499929675839,none,342973
Temkinli,22,1547,2015,5,1294,1108,186,4989,169,33,0,0,161,2894298,1783761,1092137,396676,86149,84959,93434,0,578,430341,7237820,4652708,0,2585112,2042076,0,37062065,102414,0,759051,1980807,0,4.0,0.0,2.0,1.0,1.0,610.0733139032259,626.818182,374.227273,375.98387096774195,609.7624633870968,1.369954,21.31182293548387,1.0,1.0,1.0,1.0,none,0:1.0500|1:0.9300|2:1.0300|3:0.9400|4:0.9500|5:1.1000|6:0.8200|,Arzu Koç:4:45951|Ufuk Karaca:6:17946,1814142,13,173644,1517,31,37.734089578889254,38.658639138678566,none,256697
Temkinli,22,1577,2015,6,1341,1147,194,5257,111,16,0,0,178,2663406,1639518,1005870,383880,83370,82789,104700,0,2108,349023,5606571,3692700,0,1913871,2456907,0,39538623,105665,0,776966,1919758,0,4.0,0.0,2.0,1.0,1.0,608.5303029333334,632.045455,375.181818,375.4621209333333,608.5666666666667,1.379479,22.412107133333333,1.0,1.0,1.0,1.0,none,0:1.0500|1:0.9300|2:1.0300|3:0.9400|4:0.9500|5:1.1000|6:0.8200|,Arzu Koç:4:45951|Ufuk Karaca:6:17946,1636680,14,179156,1548,30,37.766303747907756,38.34623909581993,none,169867
Temkinli,22,1608,2015,7,1351,1154,197,5591,116,31,0,0,179,2853165,1735098,1102323,402676,87544,86137,108934,0,869,416163,6041804,4068222,0,1973582,1973582,0,42791790,105665,0,794881,2069095,0,4.0,0.0,2.0,1.0,1.0,620.4985335806451,635.227273,381.81818200000004,379.26979464516126,615.8416421935483,1.38876,20.64571412903226,1.0,1.0,1.0,1.0,none,0:1.0500|1:0.9300|2:1.0300|3:0.9400|4:0.9500|5:1.1000|6:0.8200|,Arzu Koç:4:47999|Ufuk Karaca:6:18746,1749030,15,179156,1578,31,38.63509471061085,38.46590099146854,none,237007
Temkinli,22,1639,2015,8,1236,1056,180,5033,157,14,0,0,154,2762904,1682005,1062882,402876,87544,86726,109678,0,1913,374145,8473549,5413448,0,3060101,3060101,0,47431054,105665,0,812796,2069095,0,4.0,0.0,2.0,1.0,1.0,624.1348977419354,640.909091,383.5,381.74340193548386,620.9912022258064,1.398416,20.330538806451614,1.0,1.0,1.0,1.0,none,0:1.0500|1:0.9300|2:1.0300|3:0.9400|4:0.9500|5:1.1000|6:0.8200|,Arzu Koç:4:47999|Ufuk Karaca:6:18746,1712208,16,179156,1609,31,38.46974053387306,38.554949997593646,none,194989
Temkinli,22,1669,2015,9,1206,1031,175,4874,151,51,0,0,151,2849604,1779012,1051170,389880,84720,84499,92940,0,1664,397467,11069509,7992999,0,3076510,3076510,0,54420886,105665,0,830711,2002350,0,4.0,0.0,2.0,1.0,1.0,624.5378788666666,644.090909,395.272727,390.84090910000003,624.0863637333333,1.408139,20.5553628,1.0,1.0,1.0,1.0,none,0:1.0500|1:0.9300|2:1.0300|3:0.9400|4:0.9500|5:1.1000|6:0.8200|,Arzu Koç:4:47999|Ufuk Karaca:6:18746,1830120,17,179156,1640,30,36.888283424644264,36.70956712548939,none,218311
Temkinli,22,1700,2015,10,1329,1129,200,5471,131,59,0,0,170,3138861,1963874,1155718,402876,87544,87905,96689,0,1028,479676,12818261,9425142,0,3393119,3393119,0,63023053,105665,0,848626,2069095,0,4.0,0.0,2.0,1.0,1.0,630.6818180967742,648.8636359999999,397.28005848387096,395.2683284193549,629.1524926451613,1.417612,20.86166806451613,1.0,1.0,1.0,1.0,none,0:1.0500|1:0.9300|2:1.0300|3:0.9400|4:0.9500|5:1.1000|6:0.8200|,Arzu Koç:4:47999|Ufuk Karaca:6:18746,1996278,18,179156,1670,31,36.819661654338944,37.00784657424343,none,300520
Temkinli,22,1730,2015,11,1306,1110,196,5343,154,39,0,0,154,3165407,2000656,1142998,389880,84720,85669,94200,0,1227,487302,14147783,9355848,0,4791935,4791935,0,69958012,105665,0,866541,2002350,0,4.0,0.0,2.0,1.0,1.0,627.6060607666666,653.863636,398.5,397.20909086666666,628.7984848333333,1.427469,23.047829200000002,1.0,1.0,1.0,1.0,none,0:1.0500|1:0.9300|2:1.0300|3:0.9400|4:0.9500|5:1.1000|6:0.8200|,Arzu Koç:4:47999|Ufuk Karaca:6:18746,2029110,19,179156,1701,30,36.10903747922463,36.504755943050775,none,308146
Temkinli,22,1761,2015,12,1398,1196,202,5831,153,67,0,0,168,3515818,2278187,1220812,402876,87544,89114,107818,0,1010,532450,16232886,12121034,0,4111852,4111852,0,81024389,110542,0,885283,2072202,0,4.0,0.0,2.0,1.0,1.0,619.2521991290322,658.181818,401.909091,399.9692082258064,622.1129031935484,1.437072,26.308248258064516,1.0,1.0,1.0,1.0,none,0:1.0500|1:0.9150|2:1.0300|3:0.9250|4:0.9350|5:1.1000|6:0.8200|,Arzu Koç:4:47999|Ufuk Karaca:6:18746,2293206,20,187425,1731,31,34.72341287290753,35.097672391752766,none,345025
Temkinli,22,1792,2016,1,1337,1130,207,5588,140,57,0,0,179,3612964,2294018,1308641,411876,89621,89735,108562,0,449,608398,18020746,12366589,0,5654157,4434004,0,90909169,110542,0,904025,2165412,0,4.0,0.0,2.0,1.0,1.0,642.6173020322581,662.272727,407.5,404.9296187096774,637.9442814193549,1.447064,22.877289677419352,1.0,1.0,1.0,1.0,none,0:1.0500|1:0.9300|2:1.0300|3:0.9400|4:0.9500|5:1.1000|6:0.8200|,Arzu Koç:4:50232|Ufuk Karaca:6:19620,2293376,21,187425,1762,31,36.220704108870166,36.58745279479818,none,420973
Temkinli,22,1821,2016,2,1258,1048,210,5109,156,49,0,0,183,3249527,2029983,1203827,385584,83839,84555,102312,0,820,546717,19167241,14089002,0,5078239,6298392,0,102975707,110542,0,922767,2025708,0,4.0,0.0,2.0,1.0,1.0,646.2617554827585,667.272727,398.727273,401.291536137931,643.7147333793105,1.4576940000000003,22.420625,1.0,1.0,1.0,1.0,none,0:1.0500|1:0.9300|2:1.0300|3:0.9400|4:0.9500|5:1.1000|6:0.8200|,Arzu Koç:4:50232|Ufuk Karaca:6:19620,2074834,22,187425,1793,29,37.04622241944751,38.30251138686829,none,359292
Temkinli,22,1852,2016,3,1352,1145,207,5696,124,49,0,0,174,3342329,2105401,1215009,412176,89621,91007,100099,0,998,521108,22140413,16671890,0,5468523,5468523,0,118813104,110542,0,941509,2165412,0,4.0,0.0,2.0,1.0,1.0,640.124633483871,671.1363640000001,404.31818200000004,402.75366558064513,644.2360703225808,1.467709,24.251521032258065,1.0,1.0,1.0,1.0,none,0:1.0500|1:0.9300|2:1.0300|3:0.9400|4:0.9500|5:1.1000|6:0.8200|,Arzu Koç:4:50232|Ufuk Karaca:6:19620,2120024,23,187425,1822,31,36.35216640851335,36.83758429987252,none,333683
Temkinli,22,1882,2016,4,1334,1138,196,5696,131,54,0,0,175,3309231,2076892,1212640,398880,86730,88731,97590,0,1042,539667,23118041,17340465,0,5777576,5777576,0,135240003,110542,0,960251,2095560,0,4.0,0.0,2.0,1.0,1.0,647.6590908000001,676.590909,407.1545456,405.55757573333335,646.5015152666667,1.4784910000000002,24.022575733333333,1.0,1.0,1.0,1.0,none,0:1.0500|1:0.9300|2:1.0300|3:0.9400|4:0.9500|5:1.1000|6:0.8200|,Arzu Koç:4:50232|Ufuk Karaca:6:19620,2105298,24,187425,1853,30,36.64416294903559,37.13443517065816,none,352242
Temkinli,22,1913,2016,5,1381,1157,224,5686,147,47,0,0,181,3315080,2068606,1225245,412176,89621,92340,101556,0,1185,528367,24778637,17118426,0,7660211,7660211,0,149762251,110542,0,978993,2165412,0,4.0,0.0,2.0,1.0,1.0,657.001465967742,680.909091,411.772727,409.44574787096775,652.7947213870968,1.489001,23.508780548387097,1.0,1.0,1.0,1.0,none,0:1.0500|1:0.9300|2:1.0300|3:0.9400|4:0.9500|5:1.1000|6:0.8200|,Arzu Koç:4:50232|Ufuk Karaca:6:19620,2095960,25,187425,1883,31,36.95974154469877,37.32544776083992,none,340942
Temkinli,22,1943,2016,6,1367,1145,222,5804,139,49,0,0,199,3277764,2071041,1189441,398880,86730,90021,113850,0,460,499500,21982287,16027442,0,5954845,5954845,0,164833546,117045,0,998838,2098842,0,4.0,0.0,2.0,1.0,1.0,656.4772728333334,685.6818179999999,418.271212,415.70757580000003,658.9257575333334,1.499939,23.920569766666667,1.0,1.0,1.0,1.0,none,0:1.0500|1:0.9300|2:1.0300|3:0.9400|4:0.9500|5:1.1000|6:0.8200|,Arzu Koç:4:50232|Ufuk Karaca:6:19620,2101128,26,198450,1914,30,36.28818304185414,36.285499999907714,none,301050
Temkinli,22,1974,2016,7,1311,1113,198,5488,112,29,0,0,184,3017049,1876438,1126488,424176,92411,93673,118482,0,1207,396539,23792335,16255473,0,7536862,5912322,0,181697024,117045,0,1018683,2267154,0,4.0,0.0,2.0,1.0,1.0,670.5571846774193,692.045455,423.18181799999996,420.43255129032264,669.1392960967743,1.510601,22.568256677419352,1.0,1.0,1.0,1.0,none,0:1.0500|1:0.9300|2:1.0300|3:0.9400|4:0.9500|5:1.1000|6:0.8200|,Arzu Koç:4:52593|Ufuk Karaca:6:20541,1909910,27,198450,1944,31,37.33741149049949,36.89101725103768,none,198089
Temkinli,22,2005,2016,8,1428,1226,202,6258,112,33,0,0,180,3446322,2123832,1302158,424576,92411,94356,119350,0,1545,569920,30349996,22974992,0,7375004,8999544,0,202074197,117045,0,1038528,2267154,0,4.0,0.0,2.0,1.0,1.0,670.014662483871,696.590909,409.81818200000004,413.7947213870968,670.7199413225806,1.521698,23.599585967741938,1.0,1.0,1.0,1.0,none,0:1.0500|1:0.9300|2:1.0300|3:0.9400|4:0.9500|5:1.1000|6:0.8200|,Arzu Koç:4:52593|Ufuk Karaca:6:20541,2135892,28,198450,1975,31,37.78399116507396,38.83444572978052,none,371470
Temkinli,22,2035,2016,9,1347,1137,210,5722,136,82,0,0,188,3480610,2190127,1271633,410880,89430,92002,101160,0,342,577819,34266497,26122433,0,8144064,8144064,0,226807249,117045,0,1058373,2194020,0,4.0,0.0,2.0,1.0,1.0,675.2348484666667,702.272727,428.136364,422.81818186666663,676.5575757666667,1.5328759999999997,24.208998533333332,1.0,1.0,1.0,1.0,none,0:1.0500|1:0.9300|2:1.0300|3:0.9400|4:0.9500|5:1.1000|6:0.8200|,Arzu Koç:4:52593|Ufuk Karaca:6:20541,2245764,29,198450,2006,30,36.534774076957774,36.594450808897314,none,379369
Temkinli,22,2066,2016,10,1277,1078,199,4969,120,50,0,0,187,3070960,1906877,1150192,424576,92411,95750,105276,0,554,431625,35269087,24647891,0,10621196,10621196,0,250599439,117045,0,1078218,2267154,0,4.0,0.0,2.0,1.0,1.0,686.6202347096773,706.1363640000001,429.31818200000004,427.2785923225806,683.300586451613,1.543772,22.44357993548387,1.0,1.0,1.0,1.0,none,0:1.0500|1:0.9300|2:1.0300|3:0.9400|4:0.9500|5:1.1000|6:0.8200|,Arzu Koç:4:52593|Ufuk Karaca:6:20541,1898256,30,198450,2036,31,37.453825513845835,37.473706672578906,none,233175
Temkinli,22,2096,2016,11,1313,1112,201,5253,123,54,0,0,176,3305958,2051837,1237340,410880,89430,93322,102630,0,635,540443,35120453,26249506,0,8870947,8870947,0,273843986,117045,0,1098063,2194020,0,4.0,0.0,2.0,1.0,1.0,686.8106059333334,712.272727,425.0,426.1666666666667,687.9363635666667,1.555113,22.9627897,1.0,1.0,1.0,1.0,none,0:1.0500|1:0.9300|2:1.0300|3:0.9400|4:0.9500|5:1.1000|6:0.8200|,Arzu Koç:4:52593|Ufuk Karaca:6:20541,2052492,31,198450,2067,30,37.42757772482288,38.1197674688714,none,341993
Temkinli,22,2127,2016,12,1326,1108,218,5145,126,72,0,0,184,3427088,2117527,1291160,424576,92411,97115,117490,0,713,558855,37731744,29007927,0,8723817,8723817,0,297014060,125173,0,1119286,2272938,0,4.0,0.0,2.0,1.0,1.0,691.151026483871,716.1363640000001,426.909091,426.21847499999996,693.0014662903226,1.566167,23.060936516129033,1.0,1.0,1.0,1.0,none,0:1.0500|1:0.9300|2:1.0300|3:0.9400|4:0.9500|5:1.1000|6:0.8200|,Arzu Koç:4:52593|Ufuk Karaca:6:20541,2143974,32,212231,2097,31,37.675134108024075,38.23215554321939,none,346624
Temkinli,22,2158,2017,1,1217,1003,214,4745,137,58,0,0,186,3338715,2061108,1260002,439576,95914,97845,118358,0,494,507815,34034494,22909784,0,11124710,11124710,0,315553375,125173,0,1140509,2446458,0,4.0,0.0,2.0,1.0,1.0,702.4999999032258,722.5,434.772727,431.4985336129032,698.6510263225806,1.577672,21.08059812903226,1.0,1.0,1.0,1.0,none,0:1.0500|1:0.9300|2:1.0300|3:0.9400|4:0.9500|5:1.1000|6:0.8200|,Arzu Koç:4:56753|Ufuk Karaca:6:22165,2101974,33,212231,2128,31,37.73913017433354,38.11064383489069,none,295584
Temkinli,22,2186,2017,2,1072,886,186,4050,116,42,0,0,165,2965384,1818516,1130298,397488,86632,89497,108248,0,714,447719,32176180,22923198,0,9252982,9252982,0,331142095,125173,0,1161732,2209704,0,4.0,0.0,2.0,1.0,1.0,709.1720780357143,731.5909089999999,434.2305194285714,433.2077923214286,709.1866884285713,1.597686,21.621688785714287,1.0,1.0,1.0,1.0,none,0:1.0500|1:0.9300|2:1.0300|3:0.9400|4:0.9500|5:1.1000|6:0.8200|,Arzu Koç:4:56753|Ufuk Karaca:6:22165,1833174,34,212231,2159,28,38.116412579281466,38.769371654998615,none,235488
Temkinli,22,2217,2017,3,1208,1006,202,4778,133,38,0,0,172,3292207,1994277,1286606,440076,95914,100233,110205,0,828,539350,41063976,30896642,0,10167334,10167334,0,355625238,125173,0,1182955,2446458,0,4.0,0.0,2.0,1.0,1.0,723.2258061935485,739.772727,442.81818200000004,438.7888562903226,715.5879763870969,1.61598,20.733911322580646,1.0,1.0,1.0,1.0,none,0:1.0500|1:0.9300|2:1.0300|3:0.9400|4:0.9500|5:1.1000|6:0.8200|,Arzu Koç:4:56753|Ufuk Karaca:6:22165,2038972,35,212231,2187,31,39.080349443397694,38.77179461686772,none,327119
Temkinli,22,2247,2017,4,1230,1027,203,4732,123,34,0,0,181,3145141,1929148,1196503,425880,92820,98230,108000,0,966,470607,43938087,32108880,0,11829207,8691930,0,344449207,125173,0,1204178,2367540,0,4.0,0.0,2.0,1.0,1.0,724.1818182000001,749.3181820000001,447.363636,444.5590909,722.6787878666668,1.636479,21.297079933333332,1.0,1.0,1.0,1.0,none,0:1.0500|1:0.9300|2:1.0300|3:0.9400|4:0.9500|5:1.1000|6:0.8200|,Arzu Koç:4:56753|Ufuk Karaca:6:22165,1975242,36,212231,2218,30,38.04290491268913,38.22495611503327,none,258376
Temkinli,22,2278,2017,5,1271,1036,235,4913,171,30,0,0,207,3439727,2052045,1364834,440076,95914,102745,112964,0,616,612519,52629786,39888125,0,12741661,15878938,0,371425271,125173,0,1225401,2446458,0,4.0,0.0,2.0,1.0,1.0,744.7947212258065,758.6363640000001,444.954545,445.1363638387097,733.1979470967742,1.656565,19.567906903225804,1.0,1.0,1.0,1.0,none,0:1.0500|1:0.9300|2:1.0300|3:0.9400|4:0.9500|5:1.1000|6:0.8200|,Arzu Koç:4:56753|Ufuk Karaca:6:22165,2091648,37,212231,2248,31,39.678555885394395,40.258096315763375,none,400288
Temkinli,22,2308,2017,6,1250,1037,213,5011,98,31,0,0,199,3123088,1869977,1237292,425880,92820,100691,127320,0,1097,489484,49963437,37452308,0,12511129,12511129,0,393811476,134926,0,1248277,2373882,0,4.0,0.0,2.0,1.0,1.0,743.5909094,767.727273,449.0393938,447.0045454333333,745.5378788666666,1.677579,21.316478033333333,1.0,1.0,1.0035714,0.9989285999999999,0,0:1.0500|1:0.9300|2:1.0300|3:0.9400|4:0.9500|5:1.1000|6:0.8200|,Arzu Koç:4:56753|Ufuk Karaca:6:22165,1878572,38,228769,2279,30,39.617583622363505,39.61203826949313,none|0,260715
Temkinli,22,2339,2017,7,1273,1032,241,5014,134,23,0,0,212,3075773,1876468,1187804,458076,100099,105319,133176,0,1033,390101,42402083,27977170,0,14424913,14424913,0,407156510,134926,0,1271153,2643060,0,4.0,0.0,2.0,1.0,1.0,757.3973607096774,777.045455,475.8123170322581,462.2316715483871,751.032258032258,1.698169,20.89031793548387,1.0,1.0,1.2183179999999998,0.9345045806451613,0,0:1.0500|1:0.9200|2:1.0300|3:0.9300|4:0.9400|5:1.1000|6:0.8200|,Arzu Koç:4:61314|Ufuk Karaca:6:23946,1923658,39,228769,2309,31,38.61806446704617,37.17798057991324,0,161332
Temkinli,22,2370,2017,8,1366,1141,225,5968,153,19,0,0,207,3787643,2402967,1368880,458676,100099,106653,134881,0,1813,566758,52218600,39188171,0,13030429,13030429,0,428131158,134926,0,1294029,2643060,0,4.0,0.0,2.0,1.0,1.0,754.3181819032258,787.045455,484.0,479.2228739032258,747.7272726774194,1.719711,23.77680829032258,1.0,1.0,1.25,0.925,0,0:1.0500|1:0.9100|2:1.0300|3:0.9200|4:0.9300|5:1.1000|6:0.8200|,Arzu Koç:4:61314|Ufuk Karaca:6:23946,2393496,40,228769,2340,31,36.14068168515354,35.83609521663444,0,337989
Temkinli,22,2400,2017,9,1246,1004,242,4658,167,31,0,0,217,3386255,2163507,1184216,443880,96870,104533,114930,0,1369,422634,60082311,44607706,0,15474605,15474605,0,452772248,134926,0,1316905,2557800,0,4.0,0.0,2.0,1.0,1.0,766.0681818666667,797.727273,493.454545,488.79090906666664,762.3984848333333,1.741526,21.444371966666665,1.0,1.0,1.25,0.925,0,0:1.0500|1:0.9300|2:1.0300|3:0.9400|4:0.9500|5:1.1000|6:0.8200|,Arzu Koç:4:61314|Ufuk Karaca:6:23946,2249652,41,228769,2371,30,34.9712588095108,35.58608010613275,0,193865
Temkinli,22,2431,2017,10,1276,1041,235,4742,187,60,0,0,200,3315935,2105957,1185014,458676,100099,109351,120218,0,1059,395611,42382389,21427455,0,20954934,20954934,0,498931407,134926,0,1339781,2643060,0,4.0,0.0,2.0,1.0,1.0,784.816715483871,806.818182,505.909091,500.30645161290323,777.6510264516129,1.762901,20.486156419354838,1.0,1.0,1.25,0.925,0,0:1.0500|1:0.9300|2:1.0300|3:0.9400|4:0.9500|5:1.1000|6:0.8200|,Arzu Koç:4:61314|Ufuk Karaca:6:23946,2157212,42,228769,2401,31,35.73694900533334,35.537931211354646,0,166842
Temkinli,22,2461,2017,11,1178,957,221,4365,183,39,0,0,181,3173873,2019287,1126837,443880,96870,107173,117840,0,506,360568,67888845,49904477,0,17984368,17984368,0,544277680,134926,0,1362657,2557800,0,4.0,0.0,2.0,1.0,1.0,799.5000000333333,817.272727,516.454545,510.88787883333333,791.1015151333334,1.785264,20.159763533333333,1.0,1.0,1.25,0.925,0,0:1.0500|1:0.9300|2:1.0300|3:0.9400|4:0.9500|5:1.1000|6:0.8200|,Arzu Koç:4:61314|Ufuk Karaca:6:23946,2075814,43,228769,2432,30,35.503531489760306,35.402808633087226,0,131799
Temkinli,22,2492,2017,12,1278,1049,229,4755,234,34,0,0,189,3793015,2452100,1319857,458676,100099,112080,135563,0,0,513439,77700649,55886115,0,21814534,17470538,0,567473408,144680,0,1387187,2648615,0,4.0,0.0,2.0,1.0,1.0,806.3489735483871,827.272727,522.0307919354839,518.8387096129032,801.1788856774193,1.807175,20.95462512903226,0.9580645161290322,0.9580645161290322,1.2479032258064517,0.897454870967742,1,0:1.0500|1:0.9300|2:1.0300|3:0.9400|4:0.9500|5:1.1000|6:0.8200|,Arzu Koç:4:61314|Ufuk Karaca:6:23946,2495382,44,245306,2462,31,34.797041403738184,35.25994215156547,0|1,268133
Temkinli,22,2523,2018,1,1103,859,244,3918,285,49,0,0,184,3226089,2062724,1136901,476676,104284,113498,137299,0,3379,301765,60430583,42474509,0,17956074,22300070,0,600787831,144680,0,1411717,2815265,0,4.0,0.0,2.0,1.0,1.0,824.8093842903226,837.5,530.4046920645161,526.3944282258065,810.601173032258,1.8301,19.04100335483871,0.9,0.9,1.2266666774193549,0.7907742903225806,1,0:1.0500|1:0.9300|2:1.0300|3:0.9400|4:0.9500|5:1.1000|6:0.8200|,Arzu Koç:4:65308|Ufuk Karaca:6:25507,2121298,45,245306,2493,31,35.24084425445175,35.693664237236625,1,56459
Temkinli,22,2551,2018,2,1020,774,246,3501,234,38,0,0,188,2969429,1892312,1060363,431088,94192,103579,125300,0,3688,302516,63224693,43641557,0,19583136,19583136,0,630749632,144680,0,1436247,2542820,0,4.0,0.0,2.0,1.0,1.0,822.7516236785714,846.5909089999999,517.9350648214286,522.5568181785715,819.6996752857142,1.849195,20.777942035714286,0.9,0.9,1.2020833214285713,0.8,1,0:1.0500|1:0.9300|2:1.0300|3:0.9400|4:0.9500|5:1.1000|6:0.8200|,Arzu Koç:4:65308|Ufuk Karaca:6:25507,1877734,46,245306,2524,28,35.70932324025932,37.04842993737161,1,57210
Temkinli,22,2582,2018,3,1186,948,238,4457,228,33,0,0,201,3339422,2110227,1204371,477276,104284,115762,127317,0,1784,377948,86279023,64693312,0,21585711,21585711,0,676546541,144680,0,1460777,2815265,0,4.0,0.0,2.0,1.0,1.0,826.8035191290322,854.318182,525.9530791935483,523.2771260967742,828.7419355483871,1.866614,21.327460580645162,0.9,0.9,1.1775,0.8,1,0:1.0500|1:0.9300|2:1.0300|3:0.9400|4:0.9500|5:1.1000|6:0.8200|,Arzu Koç:4:65308|Ufuk Karaca:6:25507,2135960,47,245306,2552,31,36.06525320848937,36.38717457956692,1,132642
Temkinli,22,2612,2018,4,1134,886,248,3950,223,16,0,0,207,3048376,1883764,1141556,461880,100920,113198,124470,0,1221,339867,88954144,60364423,0,28589721,28589721,0,709421196,144680,0,1485307,2724450,0,4.0,0.0,2.0,1.0,1.0,847.8333334666667,863.863636,527.4757576,525.9166667333334,842.3363637,1.886091,20.381829999999997,0.9,0.9,1.1520833333333333,0.8,1,0:1.0500|1:0.9300|2:1.0300|3:0.9400|4:0.9500|5:1.1000|6:0.8200|,Arzu Koç:4:65308|Ufuk Karaca:6:25507,1971724,48,245306,2583,30,37.44800510173286,37.78544240019101,1,94561
Temkinli,22,2643,2018,5,1205,946,259,3970,261,21,0,0,212,3092936,1915590,1163774,477276,104284,118150,129921,0,3272,330871,103996142,77262441,0,26733701,26733701,0,770992830,144680,0,1509837,2815265,0,4.0,0.0,2.0,1.0,1.0,849.7800587741935,871.590909,527.2565982580645,526.5542522580645,847.3548386129032,1.905133,20.15553687096774,0.9,0.9,1.126666677419355,0.8,1,0:1.0500|1:0.9300|2:1.0300|3:0.9400|4:0.9500|5:1.1000|6:0.8200|,Arzu Koç:4:65308|Ufuk Karaca:6:25507,1862772,49,245306,2613,31,37.626837412736634,37.95375723235594,1,85565
Temkinli,22,2673,2018,6,1169,926,243,4632,279,17,0,0,189,3360679,2043868,1289558,461880,100920,115539,146100,0,3493,461626,89971767,66118794,0,23852973,23852973,0,809225977,154434,0,1536021,2730460,0,4.0,0.0,2.0,1.0,1.0,861.8257574,880.909091,529.769697,528.5257576666667,851.4318182000001,1.925011,19.835403733333333,0.9,0.9,1.10125,0.8,1,0:1.0500|1:0.9300|2:1.0300|3:0.9400|4:0.9500|5:1.1000|6:0.8200|,Arzu Koç:4:65308|Ufuk Karaca:6:25507,2096414,50,261844,2644,30,38.37194804978399,38.529372967659235,1,199782
Temkinli,22,2704,2018,7,1196,936,260,4530,273,21,0,0,206,3305459,2034651,1255848,531976,116721,120599,152489,0,46610,287453,87315908,57280459,0,30035449,30035449,0,849226891,154434,0,1562205,3001575,0,3.935483870967742,0.0,2.0,0.9354838709677419,1.0,869.0835778387096,889.772727,542.3079179032258,537.095308032258,860.4413489354839,1.944446,19.512598741935484,0.9,0.9,1.0758333225806451,0.8,1,0:1.0500|1:0.9300|2:1.0300|3:0.9400|4:0.9500|5:1.1000|6:0.8200|,Arzu Koç:4:69630|Ufuk Karaca:6:27195,2055458,51,261844,2674,31,37.99315011924214,37.600027001790735,1,25609
Temkinli,22,2735,2018,8,1164,894,270,4334,281,11,0,0,210,3297911,2033955,1248230,590426,129735,121840,154101,0,3070,249058,101189556,73105729,0,28083827,28083827,0,915928253,154434,0,1588389,3001575,0,4.0,0.0,2.0,1.0,1.0,879.9413490967742,899.090909,546.0146627096774,543.4457477419355,868.706745032258,1.964735,19.423249193548386,0.9,0.9,1.0499999999999998,0.8,1,0:1.0500|1:0.9300|2:1.0300|3:0.9400|4:0.9500|5:1.1000|6:0.8200|,Arzu Koç:4:69630|Ufuk Karaca:6:27195,2091200,52,261844,2705,31,37.84911114945188,37.94874359863412,1,-12786
Temkinli,22,2765,2018,9,1168,907,261,4043,245,32,0,0,221,3320007,2078662,1214689,571380,125550,119141,131040,0,4741,262837,118597842,84020142,0,34577700,29756282,0,930474557,154434,0,1614573,2904750,0,4.0,0.0,2.0,1.0,1.0,876.8484846,908.1818179999999,552.5196969666666,549.3787877,868.6484849000001,1.985235,20.860799966666665,0.9,0.9,1.0245833333333334,0.8,1,0:1.0500|1:0.9250|2:1.0300|3:0.9350|4:0.9450|5:1.1000|6:0.8200|,Arzu Koç:4:69630|Ufuk Karaca:6:27195,2110282,53,261844,2736,30,36.58694093114864,36.98800800018323,1,993
Temkinli,22,2796,2018,10,1190,914,276,4135,316,31,0,0,205,3501359,2193427,1293334,590426,129735,124382,136772,0,586,311433,125522108,93612855,0,31909253,36730671,0,1011924615,154434,0,1640757,3001575,0,4.0,0.0,2.0,1.0,1.0,884.8460409354839,916.818182,552.7140763548387,551.4002932903227,877.8284456774194,2.005278,19.987707354838708,0.9,0.9,1.0028225806451612,0.8,1,0:1.0500|1:0.9300|2:1.0300|3:0.9400|4:0.9500|5:1.1000|6:0.8200|,Arzu Koç:4:69630|Ufuk Karaca:6:27195,2212380,54,261844,2766,31,36.938057479967064,37.535565422150285,1,49589
Temkinli,22,2826,2018,11,1215,984,231,4697,167,29,0,0,202,4111561,2520669,1571460,571380,125550,121601,133740,0,1623,617566,127207384,92993374,0,34214010,34214010,0,1089645882,154434,0,1666941,2904750,0,4.0,0.0,2.0,1.0,1.0,889.5075754333334,927.045455,541.590909,545.3984848333333,886.6999999666666,2.026201,22.353815366666666,0.9433333333333334,0.9433333333333334,1.0,0.8173333333333334,none,0:1.0500|1:0.9200|2:1.0300|3:0.9300|4:0.9400|5:1.1000|6:0.8200|,Arzu Koç:4:69630|Ufuk Karaca:6:27195,2460484,55,261844,2797,30,38.22052013821514,39.11340117186095,1|none,355722
Temkinli,22,2857,2018,12,1288,1036,252,5092,174,67,0,0,224,4578143,2814736,1744050,590426,129735,126926,153543,0,6876,736544,166783280,120978813,0,45804467,45804467,0,1173573622,162562,0,1694503,3006517,0,4.0,0.0,2.0,1.0,1.0,890.601173032258,936.590909,545.727273,544.9076247096774,894.1217008387097,2.046658,23.443189548387096,1.0,1.0,1.0,0.9670967741935484,none,0:1.0500|1:0.9100|2:1.0300|3:0.9200|4:0.9300|5:1.1000|6:0.8200|,Arzu Koç:4:69630|Ufuk Karaca:6:27195,2860038,56,275625,2827,31,38.095140322178665,38.72371949141443,none,460919
Temkinli,22,2888,2019,1,1333,1095,238,5295,123,64,0,0,220,4661001,2915668,1716311,605426,133207,128250,155155,0,4860,689413,126630979,92409542,0,34221437,34221437,0,1233444170,162562,0,1722065,3154777,0,4.0,0.0,2.0,1.0,1.0,897.0381232258064,946.3636359999999,564.6363640000001,558.4516128387097,896.4222873870967,2.068013,22.652827548387098,1.0,1.0,1.0,1.0,2,0:1.0500|1:0.9250|2:1.0300|3:0.9350|4:0.9450|5:1.1000|6:0.8200|,Arzu Koç:4:73184|Ufuk Karaca:6:28583,2928882,57,275625,2858,31,36.822798364557315,37.05547742279541,none|2,413788
Temkinli,22,2916,2019,2,1120,896,224,4487,150,67,0,0,184,4394490,2697310,1675562,547288,120316,116790,141260,0,9780,740128,123703792,87318423,0,36385369,36385369,0,1329240537,162562,0,1749627,2849476,0,4.0,0.0,2.0,1.0,1.0,915.1055195357143,954.0909089999999,560.090909,560.6818182142857,910.2224025714286,2.084821,21.666058749999998,1.0,1.0,1.0,1.0,2,0:1.0500|1:0.9300|2:1.0300|3:0.9400|4:0.9500|5:1.1000|6:0.8200|,Arzu Koç:4:73184|Ufuk Karaca:6:28583,2756328,58,275625,2889,28,38.128702079194625,38.79493708177321,2,464503
Temkinli,22,2947,2019,3,976,787,189,4027,107,14,0,0,168,3558247,2161536,1382279,605926,133207,130234,143220,0,9451,360241,117340667,77854516,0,39486151,33367119,0,1360360704,162562,0,1777189,3154777,0,4.0,0.0,2.0,1.0,1.0,931.4369502903226,962.045455,570.1363640000001,566.2111437419355,925.4281524838709,2.10012,20.340628806451612,1.0,1.0,1.0,1.0,2,0:1.0500|1:0.9300|2:1.0300|3:0.9400|4:0.9500|5:1.1000|6:0.8200|,Arzu Koç:4:73184|Ufuk Karaca:6:28583,2248918,59,275625,2917,31,38.84719076556518,38.78959130596092,2,84616
Temkinli,22,2977,2019,4,857,680,177,3289,114,10,0,0,160,2911408,1767887,1123753,586380,128910,127054,139740,0,7655,134014,117068780,83536666,0,33532114,39651146,0,1421974669,162562,0,1804751,3053010,0,4.0,0.0,2.0,1.0,1.0,937.9924241666666,969.090909,574.045455,570.9969696,930.0893939,2.117189,19.4629187,1.0,1.0,1.0,1.0,2,0:1.0500|1:0.9300|2:1.0300|3:0.9400|4:0.9500|5:1.1000|6:0.8200|,Arzu Koç:4:73184|Ufuk Karaca:6:28583,1776664,60,275625,2948,30,38.5982658562455,38.80062991873365,2,-141611
Temkinli,22,3008,2019,5,1091,859,232,4330,139,11,0,0,200,3972928,2416072,1532081,605926,133207,132342,145514,0,16776,498316,175496452,133823730,0,41672722,41672722,0,1517453568,162562,0,1832313,3154777,0,4.0,0.0,2.0,1.0,1.0,935.4398825483871,976.590909,568.0,569.4032258064516,929.2140762258065,2.13384,20.94765241935484,1.0,1.0,1.0,1.0,2,0:1.0500|1:0.9250|2:1.0300|3:0.9350|4:0.9450|5:1.1000|6:0.8200|,Arzu Koç:4:73184|Ufuk Karaca:6:28583,2430414,61,275625,2978,31,38.563019516084864,39.27990343402754,2,222691
Temkinli,22,3038,2019,6,963,750,213,3876,103,3,0,0,192,3213293,1967858,1220007,586380,128910,129094,163260,0,9309,203054,148427675,98063250,0,50364425,40007156,0,1613596077,170690,0,1861253,3058283,0,4.0,0.0,2.0,1.0,1.0,949.3712120333333,984.3181820000001,594.363636,584.2787878666667,944.5560605666667,2.151183,18.9820403,1.0,1.0,1.0,1.0,2,0:1.0500|1:0.9300|2:1.0300|3:0.9400|4:0.9500|5:1.1000|6:0.8200|,Arzu Koç:4:73184|Ufuk Karaca:6:28583,2061456,62,289406,3009,30,37.96749938458771,37.3939689273903,2,-86352
Temkinli,22,3069,2019,7,1044,858,186,4173,72,16,0,0,169,3370063,2068753,1287184,620926,136710,134451,170035,0,8157,216905,124873015,87309638,0,37563377,47920646,0,1689884441,170690,0,1890193,3318240,0,4.0,0.0,2.0,1.0,1.0,950.3225805806452,992.5,580.8636359999999,585.0337243225806,948.6026393225807,2.1681009999999996,20.393163935483873,1.0,1.0,1.0,1.0,2,0:1.0500|1:0.9300|2:1.0300|3:0.9400|4:0.9500|5:1.1000|6:0.8200|,Arzu Koç:4:76977|Ufuk Karaca:6:30064,2055160,64,289406,3039,31,38.19465689513816,38.87721413027002,2,-72501
Temkinli,22,3100,2019,8,1080,848,232,4324,100,8,0,0,215,3373464,2046247,1297913,621426,136710,135537,171430,0,7906,224904,174378988,130475371,0,43903617,43903617,0,1806745902,170690,0,1919133,3318240,0,4.0,0.0,2.0,1.0,1.0,959.8313781935484,1000.909091,584.045455,583.2521993548388,954.8577712258063,2.185722,21.09795664516129,1.0,1.0,1.0,1.0,2,0:1.0500|1:0.9200|2:1.0300|3:0.9300|4:0.9400|5:1.1000|6:0.8200|,Arzu Koç:4:76977|Ufuk Karaca:6:30064,2080998,65,289406,3070,31,38.47419151353031,39.15124382584749,2,-64502
Temkinli,22,3130,2019,9,986,756,230,3494,131,9,0,0,204,3119067,1877795,1214856,601380,132300,132245,145440,0,6617,196874,158964226,105493704,0,53470522,53470522,0,1863873282,170690,0,1948073,3211200,0,4.0,0.0,2.0,1.0,1.0,974.1818181333333,1008.863636,595.0272729999999,589.8863636666666,968.5924244333332,2.203487,19.38322733333333,1.0,1.0,1.0,1.0,2,0:1.0500|1:0.9300|2:1.0300|3:0.9400|4:0.9500|5:1.1000|6:0.8200|,Arzu Koç:4:76977|Ufuk Karaca:6:30064,1938176,66,289406,3101,30,38.94933965830167,38.920306053324396,2,-92532
Temkinli,22,3161,2019,10,995,788,207,3755,118,8,0,0,197,3561501,2170253,1361856,621426,136710,137738,151466,0,9640,304876,161595315,118102854,0,43492461,43492461,0,1975469959,170690,0,1977013,3318240,0,4.0,0.0,2.0,1.0,1.0,979.1568917096774,1016.1363640000001,601.909091,597.2463342903226,978.9897361612902,2.220816,19.115439709677418,1.0,1.0,1.0,1.0,2,0:1.0500|1:0.9300|2:1.0300|3:0.9400|4:0.9500|5:1.1000|6:0.8200|,Arzu Koç:4:76977|Ufuk Karaca:6:30064,2155906,67,289406,3131,31,38.23825965512855,38.52781958680554,2,15470
Temkinli,22,3191,2019,11,923,737,186,3696,106,13,0,0,172,3476336,2127000,1325814,601380,132300,134375,147780,0,6235,303744,138652032,102421887,0,36230145,36230145,0,1920558179,170690,0,2005953,3211200,0,4.0,0.0,2.0,1.0,1.0,991.4696971,1024.545455,613.545455,607.9818181333334,986.5606061,2.238867,19.648115533333335,1.0,1.0,1.0,1.0,2,0:1.0500|1:0.9300|2:1.0300|3:0.9400|4:0.9500|5:1.1000|6:0.8200|,Arzu Koç:4:76977|Ufuk Karaca:6:30064,2251218,68,289406,3162,30,38.13825821209457,38.11757870214388,2,14338
Temkinli,22,3222,2019,12,803,642,161,2914,116,2,0,0,143,3106463,1917323,1170217,621426,136710,139940,169291,0,8184,94666,205562531,154020077,0,51542454,51542454,0,1935556531,186946,0,2037649,3371991,0,4.0,0.0,2.0,1.0,1.0,992.6759530967743,1032.954545,617.2067451612902,613.7360704193549,991.0835777741935,2.256474,18.850892,1.0,1.0,1.0,1.0,2,0:1.0500|1:0.9300|2:1.0300|3:0.9400|4:0.9500|5:1.1000|6:0.8200|,Arzu Koç:4:76977|Ufuk Karaca:6:30064|Nesrin Avcı:1:20624,1912980,69,316969,3192,31,37.670398778289005,37.823945141832226,2,-222303
Temkinli,22,3253,2020,1,977,735,242,3489,142,34,0,0,218,3730329,2296476,1404654,651426,143685,141121,170655,0,6993,290774,161293325,113420415,0,47872910,47872910,0,2061559545,186946,0,2069345,4345146,0,4.0,0.0,2.0,1.0,1.0,1005.3665688709677,1040.681818,619.318182,616.6979472903225,1002.9002933225806,2.274814,18.897533774193548,1.0,1.0,1.0,1.0,2,0:1.0500|1:0.9300|2:1.0300|3:0.9400|4:0.9500|5:1.1000|6:0.8200|,Arzu Koç:4:84514|Ufuk Karaca:6:33009|Nesrin Avcı:1:22643,2288274,71,316969,3223,31,37.65496287324791,38.39876904843795,2,-26195
Temkinli,22,3282,2020,2,766,571,195,2864,103,10,0,0,170,2993973,1821828,1149790,610334,134415,134076,162139,0,6549,102277,128235610,84750565,0,43485045,43485045,0,2145562296,186946,0,2101041,4064814,0,4.0,0.0,2.0,1.0,1.0,1025.6034480689655,1057.5,629.227273,623.5015674482759,1019.6018809310345,2.310313,17.982337137931037,1.0,1.0,1.0,1.0,2,0:1.0500|1:0.9300|2:1.0300|3:0.9400|4:0.9500|5:1.1000|6:0.8200|,Arzu Koç:4:84514|Ufuk Karaca:6:33009|Nesrin Avcı:1:22643,1911984,72,316969,3254,29,38.40348593657992,38.64809306318866,2,-214692
Temkinli,22,3313,2020,3,791,584,207,3014,95,7,0,0,188,3063384,1853684,1192168,652426,143685,145401,159867,0,8411,82378,126811413,74433703,0,52377710,52377710,0,2190713272,186946,0,2132737,4393940,0,4.0,0.0,2.0,1.0,1.0,1034.5821116451611,1072.954545,627.0,626.0879767096774,1031.7302053225806,2.344024,19.148830806451613,1.0,1.0,1.0,1.0,2,0:1.0500|1:0.9300|2:1.0300|3:0.9400|4:0.9500|5:1.1000|6:0.8200|,Arzu Koç:4:84514|Ufuk Karaca:6:33009|Nesrin Avcı:1:22643|Nesrin Bulut:1:24397,1853562,73,316969,3283,31,38.91670126892352,39.39582050157782,2,-234591
Temkinli,22,3343,2020,4,1066,777,289,3783,138,19,0,0,251,3658228,2182805,1457954,631380,139050,142902,157110,0,6215,381297,229163795,170649297,0,58514498,58514498,0,2306109046,186946,0,2164433,5193302,0,4.0,0.0,2.0,1.0,1.0,1055.3257576,1090.0,635.363636,631.0363637333334,1052.6621212333332,2.380603,18.583955500000002,1.0,1.0,1.0,1.0,none,0:1.0500|1:0.9300|2:1.0300|3:0.9400|4:0.9500|5:1.1000|6:0.8200|,Arzu Koç:4:84514|Ufuk Karaca:6:33009|Nesrin Avcı:1:22643|Nesrin Bulut:1:24397|Bülent Er:1:22963|Hasan Sarı:2:41140,2206054,75,316969,3314,30,39.85410422751124,39.79454860981212,2|none,64328
Temkinli,22,3374,2020,5,1154,888,266,4386,143,31,0,0,243,4328705,2596131,1710998,652426,143685,149899,164796,0,11435,588757,249980349,177917252,0,72063097,56856656,0,2362981808,186946,0,2196129,7088646,0,4.0,0.0,2.0,1.0,1.0,1072.2873900322581,1106.363636,647.4882697096774,642.8988270645161,1067.9486802258064,2.416546,18.539599322580646,1.0,1.0,1.0,1.0,none,0:1.0500|1:0.9300|2:1.0300|3:0.9400|4:0.9500|5:1.1000|6:0.8200|,Arzu Koç:4:84514|Ufuk Karaca:6:33009|Nesrin Avcı:1:22643|Nesrin Bulut:1:24397|Bülent Er:1:22963|Hasan Sarı:2:41140,2652168,77,316969,3344,31,39.526786879678795,39.616163005498116,none,271788
Temkinli,22,3404,2020,6,1106,812,294,3911,188,8,0,0,256,3646732,2127686,1490618,631380,139050,147344,186270,0,11068,375506,246821415,182258828,0,64562587,79769028,0,2494893936,204829,0,2230858,7707357,0,4.0,0.0,2.0,1.0,1.0,1099.2727275,1123.6363640000002,652.863636,648.7939394,1084.2424241666665,2.454257,16.9961464,1.0,1.0,1.0,1.0,none,0:1.0500|1:0.9300|2:1.0300|3:0.9400|4:0.9500|5:1.1000|6:0.8200|,Arzu Koç:4:84514|Ufuk Karaca:6:33009|Nesrin Avcı:1:22643|Nesrin Bulut:1:24397|Bülent Er:1:22963|Hasan Sarı:2:41140|Derya Bulut:1:25833|Gamze Uçar:1:22484,2213790,78,347287,3375,30,40.87544683842959,40.60949392561,none,28219
Temkinli,22,3435,2020,7,1217,919,298,4698,99,12,0,0,279,4215874,2567637,1635763,685426,151342,154550,195393,0,9805,439247,219652056,160373162,0,59278894,59278894,0,2610436250,204829,0,2265587,9808893,0,4.0,0.0,2.0,1.0,1.0,1094.2375368064515,1140.681818,678.1363640000001,666.6920821290323,1097.5454545483872,2.491312,20.55102558064516,0.9790322580645161,0.9790322580645161,1.0,0.9865207419354838,3,0:1.0500|1:0.9300|2:1.0300|3:0.9400|4:0.9500|5:1.1000|6:0.8200|,Arzu Koç:4:92881|Ufuk Karaca:6:36276|Nesrin Avcı:1:24885|Nesrin Bulut:1:26813|Bülent Er:1:25235|Hasan Sarı:2:45214|Derya Bulut:1:28391|Gamze Uçar:1:24709|Halil Yavuz:1:25762|Bülent Kocabaş:2:48718,2589084,82,347287,3405,31,38.80009222287004,38.02658552738457,none|3,91960
Temkinli,22,3466,2020,8,1216,916,300,4440,160,17,0,0,268,4010184,2418089,1565409,686526,151342,156939,198431,0,12341,359830,232555194,153035942,0,79519252,79519252,0,2732757110,204829,0,2300316,11772185,0,4.0,0.0,2.0,1.0,1.0,1112.3387096774193,1158.409091,676.454545,674.6480938387097,1111.7888563870968,2.5301889999999996,20.88669658064516,0.95,0.95,1.0,0.9251728064516129,3,0:1.0500|1:0.9300|2:1.0300|3:0.9400|4:0.9500|5:1.1000|6:0.8200|,Arzu Koç:4:92881|Ufuk Karaca:6:36276|Nesrin Avcı:1:24885|Nesrin Bulut:1:26813|Bülent Er:1:25235|Hasan Sarı:2:45214|Derya Bulut:1:28391|Gamze Uçar:1:24709|Halil Yavuz:1:25762|Bülent Kocabaş:2:48718|Burak Bozkurt:1:26813,2389748,84,347287,3436,31,39.03583975199143,39.18628030160225,3,12543
Temkinli,22,3496,2020,9,1143,850,293,4392,172,23,0,0,260,4409727,2656177,1714743,664380,146460,154248,169590,0,14869,565196,263662222,193993714,0,69668508,69668508,0,2868063143,204829,0,2335045,12170850,0,4.0,0.0,2.0,1.0,1.0,1124.9242424333331,1176.3636359999998,674.863636,674.9348484,1126.1575757333335,2.569674,21.071961233333333,0.95,0.95,1.0,0.925,3,0:1.0500|1:0.9300|2:1.0300|3:0.9400|4:0.9500|5:1.1000|6:0.8200|,Arzu Koç:4:92881|Ufuk Karaca:6:36276|Nesrin Avcı:1:24885|Nesrin Bulut:1:26813|Bülent Er:1:25235|Hasan Sarı:2:45214|Derya Bulut:1:28391|Gamze Uçar:1:24709|Halil Yavuz:1:25762|Bülent Kocabaş:2:48718|Burak Bozkurt:1:26813,2741448,86,347287,3467,30,38.8854684201539,40.008081385089824,3,217909
Temkinli,22,3527,2020,10,1197,884,313,4389,226,26,0,0,269,4384419,2637169,1719549,686526,151342,161808,177909,0,11653,530311,242506926,175769479,0,66737447,66737447,0,3018406411,204829,0,2369774,12721649,0,4.0,0.0,2.0,1.0,1.0,1154.2082112258065,1193.863636,705.227273,692.4486802903226,1147.082111451613,2.608471,18.61712929032258,0.95,0.95,1.0,0.925,3,0:1.0500|1:0.9300|2:1.0300|3:0.9400|4:0.9500|5:1.1000|6:0.8200|,Arzu Koç:4:92881|Ufuk Karaca:6:36276|Nesrin Avcı:1:24885|Nesrin Bulut:1:26813|Bülent Er:1:25235|Hasan Sarı:2:45214|Derya Bulut:1:28391|Gamze Uçar:1:24709|Halil Yavuz:1:25762|Bülent Kocabaş:2:48718|Burak Bozkurt:1:26813|Pınar Duman:1:24184,2650438,88,347287,3497,31,39.219540833118366,38.89947531641403,3,183024
Temkinli,22,3557,2020,11,1039,765,274,3671,206,24,0,0,225,3889038,2380124,1481498,664380,146460,159020,174840,0,9745,327053,279669118,198791471,0,80877647,80877647,0,2963816511,204829,0,2404503,13518850,0,4.0,0.0,2.0,1.0,1.0,1170.3333334333333,1212.5,721.272727,711.7909091,1160.7621211666667,2.649177,18.335359566666668,0.95,0.95,1.0,0.925,3,0:1.0500|1:0.9300|2:1.0300|3:0.9400|4:0.9500|5:1.1000|6:0.8200|,Arzu Koç:4:92881|Ufuk Karaca:6:36276|Nesrin Avcı:1:24885|Nesrin Bulut:1:26813|Bülent Er:1:25235|Hasan Sarı:2:45214|Derya Bulut:1:28391|Gamze Uçar:1:24709|Halil Yavuz:1:25762|Bülent Kocabaş:2:48718|Burak Bozkurt:1:26813|Pınar Duman:1:24184|Onur Turan:1:26112|Meltem Bozkurt:2:51697,2474934,91,347287,3528,30,38.094202216589295,38.37031669566758,3,-20234
Temkinli,22,3588,2020,12,1150,802,348,3828,342,42,0,0,261,4434505,2706645,1710070,686526,151342,166802,201748,0,18232,485420,336273326,254642650,0,81630676,81630676,0,3169149822,234090,0,2444193,16411353,0,4.0,0.0,2.0,1.0,1.0,1191.202346,1230.909091,730.5,724.0263929677419,1173.9985337741937,2.689175,17.34122158064516,0.95,0.95,1.0,0.925,3,0:1.0500|1:0.9300|2:1.0300|3:0.9400|4:0.9500|5:1.1000|6:0.8200|,Arzu Koç:4:92881|Ufuk Karaca:6:36276|Nesrin Avcı:1:24885|Nesrin Bulut:1:26813|Bülent Er:1:25235|Hasan Sarı:2:45214|Derya Bulut:1:28391|Gamze Uçar:1:24709|Halil Yavuz:1:25762|Bülent Kocabaş:2:48718|Burak Bozkurt:1:26813|Pınar Duman:1:24184|Onur Turan:1:26112|Meltem Bozkurt:2:51697|Arzu Kara:1:24359|Gamze Soylu:2:48543|Esra Er:3:72201,2711886,93,396900,3558,31,38.56281591744738,38.67540620172687,3,88520
Temkinli,22,3619,2021,1,1190,886,304,4464,210,37,0,0,254,5441406,3350528,2060781,752426,166582,169445,204879,0,76435,691014,174699359,90417533,0,84281826,68788052,0,3340886675,234090,0,2483883,23292792,0,3.967741935483871,0.0,2.0,0.967741935483871,1.0,1189.0542520967742,1250.227273,728.954545,727.7067449677419,1190.914956032258,2.731141,20.690322838709676,0.95,0.95,1.0,0.925,3,0:1.0500|1:0.9300|2:1.0300|3:0.9400|4:0.9500|5:1.1000|6:0.8200|,Arzu Koç:4:106053|Ufuk Karaca:6:41421|Nesrin Avcı:1:28414|Nesrin Bulut:1:30615|Bülent Er:1:28814|Hasan Sarı:2:51625|Derya Bulut:1:32416|Gamze Uçar:1:28214|Halil Yavuz:1:29415|Bülent Kocabaş:2:55627|Burak Bozkurt:1:30615|Pınar Duman:1:27614|Onur Turan:1:29815|Meltem Bozkurt:2:59029|Arzu Kara:1:27814|Gamze Soylu:2:55428|Esra Er:3:82441|Serap Özdemir:1:26613,3413946,98,396900,3589,31,37.87221537962799,38.694593311065155,3,294114
Temkinli,22,3647,2021,2,995,705,290,3231,334,27,0,0,230,4014474,2389104,1601755,712488,157500,156494,189224,0,13976,372073,180926915,112805354,0,68121561,66256308,0,3472556506,234090,0,2523573,21814450,0,4.0,0.0,2.0,1.0,1.0,1245.4383116071429,1278.1818179999998,745.181818,737.0470778571429,1221.0487013214286,2.792682,17.53734875,0.95,0.95,1.0,0.925,3,0:1.0500|1:0.9300|2:1.0300|3:0.9400|4:0.9500|5:1.1000|6:0.8200|,Arzu Koç:4:106053|Ufuk Karaca:6:41421|Nesrin Avcı:1:28414|Nesrin Bulut:1:30615|Bülent Er:1:28814|Hasan Sarı:2:51625|Derya Bulut:1:32416|Gamze Uçar:1:28214|Halil Yavuz:1:29415|Bülent Kocabaş:2:55627|Burak Bozkurt:1:30615|Pınar Duman:1:27614|Onur Turan:1:29815|Meltem Bozkurt:2:59029|Arzu Kara:1:27814|Gamze Soylu:2:55428|Esra Er:3:82441|Serap Özdemir:1:26613|Ahmet Turan:1:28414,2464776,101,396900,3620,28,39.899498664084014,40.16710333582079,3,-24827
Temkinli,22,3653,2021,3,221,147,74,688,57,4,0,0,65,919289,540045,373545,152676,33750,34194,37614,0,1249,114062,46313291,46313291,0,0,17359027,0,3489324770,0,0,2523573,4802388,0,4.0,0.0,2.0,1.0,1.0,1265.7575756666668,1304.318182,765.0,745.25,1250.742424,2.849458,17.314227166666665,0.9499999999999998,0.9499999999999998,1.0,0.9250000000000002,3,0:1.0500|1:0.9300|2:1.0300|3:0.9400|4:0.9500|5:1.1000|6:0.8200|,Arzu Koç:4:106053|Ufuk Karaca:6:41421|Nesrin Avcı:1:28414|Nesrin Bulut:1:30615|Bülent Er:1:28814|Hasan Sarı:2:51625|Derya Bulut:1:32416|Gamze Uçar:1:28214|Halil Yavuz:1:29415|Bülent Kocabaş:2:55627|Burak Bozkurt:1:30615|Pınar Duman:1:27614|Onur Turan:1:29815|Meltem Bozkurt:2:59029|Arzu Kara:1:27814|Gamze Soylu:2:55428|Esra Er:3:82441|Serap Özdemir:1:26613|Ahmet Turan:1:28414,535412,101,0,3648,6,40.63412049964701,39.56188651708609,3,114062
Temkinli,23,25,2011,3,1334,1213,121,5595,213,59,0,0,98,2367435,1726862,630254,171250,38525,50012,55000,0,5000,310467,189192,134541,0,54651,54651,548746,183016,71527,0,12127,0,0,3.0,1.0,2.0,0.0,0.0,450.45454568,457.7272730000001,321.37636363999997,329.9,448.3745454,1.0,27.22310308,1.0,1.0,1.0,1.0,none,0:1.0000|1:0.9200|2:1.0300|3:0.9400|4:0.9500|5:1.1000|6:0.8200|,,1994896,1,121275,1,25,26.62180799050449,28.65509589766608,none,189192
Temkinli,23,55,2011,4,1664,1526,138,7068,187,102,0,2,108,2926070,2042663,860825,205500,46230,60374,66390,0,11997,470334,399355,295331,0,104024,110971,988798,937603,71527,0,24254,0,0,3.0,1.0,2.0,0.0,0.0,443.65151499999996,459.09090899999995,306.5000001,310.0439394333333,442.69696966666663,1.00592,28.385266933333334,1.0,1.0,1.0,1.0,none,0:1.0000|1:0.9150|2:1.0300|3:0.9300|4:0.9500|5:1.1000|6:0.8200|,,2044928,1,121275,26,30,29.419152651850435,30.91424468594454,none,349059
Temkinli,23,86,2011,5,1695,1563,132,7315,220,84,0,0,101,2964680,2049568,891903,212350,47771,62821,69099,0,5464,494398,373123,248647,0,124476,129940,928132,1118508,71527,0,36381,0,0,3.0,1.0,2.0,0.0,0.0,449.7507330322581,464.31818200000004,312.0058650645162,310.4266863225806,448.3049852903226,1.01307,29.591813032258063,1.0,1.0,1.0,1.0,none,0:1.0000|1:0.9150|2:1.0300|3:0.9300|4:0.9500|5:1.1000|6:0.8200|,,2077628,1,121275,56,31,30.08429240255272,30.62693573372392,none,373123
Temkinli,23,116,2011,6,1596,1457,139,6613,163,72,0,0,117,2553670,1759892,777660,205500,46230,61245,77460,0,5100,382125,249825,166693,0,83132,83132,808334,1154516,78030,0,49611,0,0,3.0,1.0,2.0,0.0,0.0,459.71212116666663,466.818182,319.94999996666667,317.12575763333336,455.38181820000005,1.020512,27.335123866666667,1.0,1.0,1.0,1.0,none,0:1.0000|1:0.9300|2:1.0300|3:0.9400|4:0.9500|5:1.1000|6:0.8200|,,1784590,1,132300,87,30,30.45264266722012,30.40209617386395,none,249825
Temkinli,23,147,2011,7,1770,1615,155,7830,131,49,0,0,131,2980815,2052980,912404,224350,50561,63751,80600,0,5150,487992,416922,293323,0,123599,95791,870882,1554744,78030,0,62841,0,0,3.0,1.0,2.0,0.0,0.0,460.8797654516129,470.227273,318.7111437096774,318.74046922580646,458.3137829032258,1.027766,26.930245258064513,1.0,1.0,1.0,1.0,none,0:1.0000|1:0.9300|2:1.0300|3:0.9400|4:0.9500|5:1.1000|6:0.8200|,,2050606,1,132300,117,31,30.609212581122947,30.847225762368947,none,355692
Temkinli,23,178,2011,8,1667,1510,157,7534,128,62,0,2,127,2822600,1945737,858351,224750,50561,64216,81189,0,0,437635,402801,311627,0,91174,118982,898760,1851729,78030,0,76071,0,0,3.0,1.0,2.0,0.0,0.0,458.4530789677419,474.090909,316.89002935483876,317.6524927419355,457.7521993548387,1.035317,26.979814645161287,1.0,1.0,1.0,1.0,none,0:1.0500|1:0.9250|2:1.0300|3:0.9350|4:0.9450|5:1.1000|6:0.8200|,,1977360,1,132300,148,31,30.409941188974702,30.878416158017323,none,305335
Temkinli,23,208,2011,9,1589,1443,146,6662,195,104,0,0,118,2878570,1985889,870674,217500,48930,62595,68820,0,12347,460482,410943,316056,0,94887,102034,890962,2153436,78030,0,89301,0,0,3.0,1.0,2.0,0.0,0.0,467.2424239333333,477.272727,324.3439393666667,322.0469697,466.82727270000004,1.042922,26.03788893333333,1.0,1.0,1.0,1.0,none,0:1.0500|1:0.9300|2:1.0300|3:0.9400|4:0.9500|5:1.1000|6:0.8200|,,2011352,1,132300,179,30,30.246754464890554,30.583371125361584,none,328182
Temkinli,23,239,2011,10,1627,1472,155,7041,195,104,0,2,108,3192415,2172836,997027,224750,50561,65146,71641,0,5250,579679,447379,300428,0,146951,146951,0,1552743,78030,0,102531,0,0,3.0,1.0,2.0,0.0,0.0,474.54545461290326,481.136364,322.0337244193548,322.5087977096774,471.9222874516129,1.050335,25.49514051612903,1.0,1.0,1.0,1.0,none,0:1.0500|1:0.9300|2:1.0300|3:0.9400|4:0.9500|5:1.1000|6:0.8200|,,2205226,1,132300,209,31,31.23112126712849,32.138487200969074,none,447379
Temkinli,23,269,2011,11,1576,1442,134,6539,199,83,0,3,99,2973860,2050188,908540,217500,48930,63495,69840,0,6262,502513,370213,264443,0,105770,112032,0,1842467,78030,0,115761,0,0,3.0,1.0,2.0,0.0,0.0,469.40151553333334,484.545455,320.8469697,321.47727269999996,470.89545453333335,1.058051,26.883928466666664,1.0,1.0,1.0,1.0,none,0:1.0500|1:0.9300|2:1.0300|3:0.9400|4:0.9500|5:1.1000|6:0.8200|,,2038662,1,132300,240,30,30.550866550543738,31.64764938275623,none,370213
Temkinli,23,300,2011,12,1586,1451,135,6800,235,128,0,0,88,3289925,2187700,1083557,224750,50561,66077,79949,0,15230,646990,589188,457970,0,131218,141098,0,2316982,79655,0,129266,0,0,3.0,1.0,2.0,0.0,0.0,482.04545467741934,487.5,317.3416421935484,318.67595306451614,476.89589451612903,1.065572,24.41290822580645,1.0,1.0,1.0,1.0,none,0:1.0500|1:0.9300|2:1.0300|3:0.9400|4:0.9500|5:1.1000|6:0.8200|,,2189368,1,135056,270,31,32.93561403375457,34.16769329234508,none,511934
Temkinli,23,331,2012,1,1522,1332,190,6097,256,103,0,0,136,2947885,1984193,945284,227750,51274,66569,80538,0,0,519153,416299,281448,0,134851,134851,0,2552427,79655,0,142771,0,0,3.0,1.0,2.0,0.0,0.0,487.360703967742,491.81818200000004,329.7727273548387,326.33284451612906,478.7052786451613,1.0734,23.68432403225806,1.0,1.0,1.0,1.0,none,0:1.0500|1:0.9300|2:1.0300|3:0.9400|4:0.9500|5:1.1000|6:0.8200|,,2045944,1,135056,301,31,32.06651548483065,32.33497804191737,none,384097
Temkinli,23,360,2012,2,1450,1284,166,5846,218,89,0,0,121,2904450,1958602,935225,217610,47966,62623,75777,0,16224,515025,417754,302780,0,114974,122676,0,2852522,79655,0,156276,0,0,3.3448275862068964,1.0,2.0,0.0,0.3448275862068966,484.92946706896555,494.3181819999999,324.29780562068964,325.71473362068963,483.59090896551726,1.079586,24.911446448275864,1.0,1.0,1.0,1.0,none,0:1.0500|1:0.9300|2:1.0300|3:0.9400|4:0.9500|5:1.1000|6:0.8200|,,1971320,1,135056,332,29,32.19972800358071,33.124747485273204,none,379969
Temkinli,23,391,2012,3,1715,1552,163,8465,235,75,0,0,125,3548770,2591331,937041,241676,51274,67313,74028,0,0,502750,486368,398279,0,88089,88089,0,3300701,79655,0,169781,0,0,4.0,1.0,2.0,0.0,1.0,457.3607037741935,496.590909,334.9222874516129,332.55571841935483,444.74926654838714,1.085405,31.853272838709678,1.0,1.0,1.0,1.0,none,0:1.0500|1:0.9100|2:1.0300|3:0.9200|4:0.9300|5:1.1000|6:0.8200|,,2561312,1,135056,361,31,26.40466978699662,26.770646300000113,none,367694
Temkinli,23,421,2012,4,1781,1602,179,8034,165,105,0,3,145,3220295,2414086,784928,233880,49620,65502,72060,0,0,363866,228810,135897,0,92913,92913,0,3394457,79655,0,183286,0,0,4.0,1.0,2.0,0.0,1.0,444.1969694,499.318182,332.16212110000004,333.0045454666667,438.71060616666665,1.09166,34.885812099999995,1.0,1.0,1.0,1.0,none,0:1.0500|1:0.8900|2:1.0300|3:0.9000|4:0.9100|5:1.1000|6:0.8200|,,2475688,1,135056,392,30,24.374412903165705,25.221884888438403,none,228810
Temkinli,23,452,2012,5,1980,1795,185,9200,173,109,0,7,142,3650655,2709181,922607,239226,50722,68058,74865,0,0,489736,-37557,-130422,0,92865,92865,0,3173983,79655,0,196791,0,0,3.967741935483871,0.967741935483871,2.0,0.0,1.0,444.090909,502.045455,325.8709678709677,327.78885632258067,440.6070382903226,1.097747,35.86810535483871,1.0,1.0,1.0,1.0,none,0:1.0500|1:0.8900|2:1.0300|3:0.9000|4:0.9100|5:1.1000|6:0.8200|,,2695630,1,135056,422,31,25.27236893105484,26.620662286296042,none,354680
Temkinli,23,482,2012,6,1834,1663,171,9130,128,75,0,4,141,3404540,2540446,849905,160380,33060,66252,83790,0,0,506423,15049,-53019,0,68068,68068,0,3048212,82906,0,210847,0,0,3.0,0.0,2.0,0.0,1.0,444.09090899999995,505.227273,332.24242419999996,330.9545455,443.13333320000004,1.104074,36.79580443333334,1.0,1.0,1.0,1.0,none,0:1.0500|1:0.8950|2:1.0300|3:0.9050|4:0.9150|5:1.1000|6:0.8200|,,2550980,2,140569,453,30,24.963871771223133,25.185943358277573,none,365854
Temkinli,23,513,2012,7,1937,1739,198,9445,144,106,0,11,159,3394285,2513256,854694,171726,35557,68833,87079,0,559,490940,718787,586366,0,132421,132421,0,3594675,82906,0,224903,0,0,3.0,0.0,2.0,0.0,1.0,444.090909,508.18181799999996,326.5043988387097,328.1510264193548,445.2082112580645,1.11023,38.711601419354835,1.0,1.0,1.0,1.0,none,0:1.0500|1:0.8950|2:1.0300|3:0.9050|4:0.9150|5:1.1000|6:0.8200|,,2539366,2,140569,483,31,25.180384086781164,26.478026858525567,none,350371
Temkinli,23,544,2012,8,1897,1684,213,9746,159,89,0,10,180,3606930,2621442,972654,171926,35557,69236,87575,0,988,607372,867968,676559,0,191409,191409,0,4315938,82906,0,238959,0,0,3.0,0.0,2.0,0.0,1.0,447.1041058709677,510.909091,323.83284470967743,325.03519051612903,448.75366535483874,1.116629,37.90347977419355,1.0,1.0,1.0,1.0,none,0:1.0500|1:0.9000|2:1.0300|3:0.9100|4:0.9200|5:1.1000|6:0.8200|,,2590542,2,140569,514,31,26.96625662266803,27.57104207780767,none,466803
Temkinli,23,574,2012,9,1799,1628,171,9676,193,126,0,6,123,3965327,2918211,1032300,166380,34410,67393,74130,0,963,689024,930696,655023,0,275673,219182,0,4992811,82906,0,253015,0,0,3.0,0.0,2.0,0.0,1.0,450.16666626666665,514.090909,330.15909093333335,328.9666666333333,451.3696970666667,1.123064,38.78932436666666,1.0,1.0,1.0,1.0,none,0:1.0500|1:0.9000|2:1.0300|3:0.9100|4:0.9200|5:1.1000|6:0.8200|,,2968108,2,140569,545,30,26.03316195612619,26.65847658792311,none,548455
Temkinli,23,605,2012,10,1848,1638,210,8791,186,147,0,5,160,3651134,2661746,971168,171926,35557,70042,77035,0,1229,615379,428006,241830,0,186176,242667,0,5049685,82906,0,267071,0,0,3.0,0.0,2.0,0.0,1.0,452.43401780645166,516.818182,327.23900296774195,328.0791789032258,455.13929593548386,1.129326,37.931024032258065,1.0,1.0,1.0,1.0,none,0:1.0500|1:0.9100|2:1.0300|3:0.9200|4:0.9300|5:1.1000|6:0.8200|,,2684876,2,140569,575,31,26.5990785328613,27.671441560848177,none,474810
Temkinli,23,635,2012,11,1682,1505,177,8474,173,112,0,3,137,3548356,2578097,952120,166380,34410,68172,74970,0,907,607281,643274,478668,0,164606,164606,0,5398047,82906,0,281127,0,0,3.0,0.0,2.0,0.0,1.0,473.0151514666667,520.227273,339.0545453666667,336.60757573333336,476.79696966666666,1.135835,37.29361063333333,1.0,1.0,1.0,1.0,none,0:1.0500|1:0.9250|2:1.0300|3:0.9350|4:0.9450|5:1.1000|6:0.8200|,,2600198,3,140569,606,30,26.832707879367234,28.32057402064851,none,466712
Temkinli,23,666,2012,12,1702,1499,203,7475,247,141,0,3,158,3584536,2500055,1065692,171926,35557,70818,85684,0,481,701226,1281317,905379,0,375938,375938,0,6350630,86158,0,295735,0,0,3.0,0.0,2.0,0.0,1.0,487.9398826451613,522.727273,330.2668620967742,332.7903226451613,492.9310850967742,1.142168,33.21553158064516,1.0,1.0,1.0,1.0,none,0:1.0500|1:0.9300|2:1.0300|3:0.9400|4:0.9500|5:1.1000|6:0.8200|,,2506706,3,146081,636,31,29.73026355433451,32.31402600124199,none,555145
Temkinli,23,697,2013,1,1629,1456,173,7343,218,119,0,0,144,3526740,2386651,1125073,264176,56377,71252,86180,0,24358,622730,860663,579536,0,281127,281127,0,6835576,86158,0,310343,0,0,3.806451612903226,0.0,2.0,0.8064516129032258,1.0,495.4545453548387,525.454545,325.708211032258,327.33577712903224,496.5938417419355,1.148751,32.75111464516129,1.0,1.0,1.0,1.0,none,0:1.0500|1:0.9300|2:1.0300|3:0.9400|4:0.9500|5:1.1000|6:0.8200|,,2415282,3,146081,667,31,31.901217555022484,34.26072803530551,none,476649
Temkinli,23,725,2013,2,1466,1287,179,6610,139,121,0,0,149,3270055,2247294,999648,257488,55132,64749,78316,0,662,543301,679506,422479,0,257027,257027,0,7089049,86158,0,324951,0,0,4.0,0.0,2.0,1.0,1.0,496.7288960714286,528.863636,336.55844160714287,334.0925325,497.63149335714286,1.155828,32.201203892857144,1.0,1.0,1.0,1.0,none,0:1.0500|1:0.9300|2:1.0300|3:0.9400|4:0.9500|5:1.1000|6:0.8200|,,2291092,4,146081,698,28,30.569761059064756,32.24504467750021,none,397220
Temkinli,23,756,2013,3,1615,1439,176,7768,192,88,0,0,139,3553335,2417276,1121895,285076,61039,72089,79267,0,298,624126,1453564,992274,0,461290,363032,0,8134050,86158,0,339559,0,0,4.0,0.0,2.0,1.0,1.0,495.9897359032258,531.818182,332.2844573870968,333.2609970645161,500.0967741935484,1.162259,33.06763925806452,1.0,1.0,1.0,1.0,none,0:1.0500|1:0.9300|2:1.0300|3:0.9400|4:0.9500|5:1.1000|6:0.8200|,,2415090,5,146081,726,31,31.573015209655154,33.005779488160634,none,478045
Temkinli,23,786,2013,4,1436,1282,154,6646,177,91,0,0,118,3013030,1938366,1059035,275880,59070,70184,77190,0,327,576384,1177851,774083,0,403768,502026,0,8727302,86158,0,354167,0,0,4.0,0.0,2.0,1.0,1.0,515.5151514333334,535.454545,328.3651516,330.1015151666667,513.9909091000001,1.16942,28.504762666666668,1.0,1.0,1.0,1.0,none,0:1.0500|1:0.9300|2:1.0300|3:0.9400|4:0.9500|5:1.1000|6:0.8200|,,1960728,5,146081,757,30,35.14850499331238,36.303491626382524,none,430303
Temkinli,23,817,2013,5,1525,1343,182,6771,184,88,0,0,152,3121585,2008188,1096723,285076,61039,72957,80228,0,317,597106,1231557,824950,0,406607,406607,0,9359172,86158,0,368775,0,0,4.0,0.0,2.0,1.0,1.0,521.803519,538.409091,336.00586516129033,333.64369500000004,521.0043988387097,1.176391,27.977548064516128,1.0,1.0,1.0,1.0,none,0:1.0500|1:0.9300|2:1.0300|3:0.9400|4:0.9500|5:1.1000|6:0.8200|,,2019136,6,146081,787,31,35.133529921498216,35.606822697320624,none,451025
Temkinli,23,847,2013,6,1517,1349,168,6836,134,68,0,0,143,2870170,1831584,1020966,275880,59070,71024,89850,0,1059,524083,825539,328223,0,497316,404662,0,9550487,89409,0,383934,1027683,0,4.0,0.0,2.0,1.0,1.0,521.5530304333333,542.045455,329.181818,331.4969696333334,523.1803030333333,1.183639,29.292580233333336,1.0,1.0,1.0,1.0,none,0:1.0500|1:0.9300|2:1.0300|3:0.9400|4:0.9500|5:1.1000|6:0.8200|,Emine Turan:4:36651,1837068,7,151594,818,30,35.57162119316974,36.88430537418243,none,372489
Temkinli,23,878,2013,7,1651,1478,173,8156,111,73,0,0,151,3399334,2156943,1224146,232426,49225,73826,93372,0,856,774441,1408093,863744,0,544349,637003,979258,11323637,89409,0,399093,1181286,0,3.4516129032258065,0.0,2.0,0.45161290322580644,1.0,527.1261,545.0,332.727273,331.5425220645161,524.790322548387,1.190696,29.94953916129032,1.0,1.0,1.0,1.0,none,0:1.0500|1:0.9300|2:1.0300|3:0.9400|4:0.9500|5:1.1000|6:0.8200|,Emine Turan:4:38106,2153798,7,151594,848,31,36.0113481052465,36.87899859255687,none,622847
Temkinli,23,909,2013,8,1502,1316,186,6510,169,41,0,0,161,2859315,1816305,1027930,184326,38347,74291,93961,0,395,636610,1462515,924848,0,537667,537667,0,11236493,89409,0,414252,1181286,0,3.0,0.0,2.0,0.0,1.0,526.0117304193549,549.090909,336.272727,334.4530790967742,527.8475073870968,1.198032,28.24970093548387,1.0,1.0,1.0,1.0,none,0:1.0500|1:0.9300|2:1.0300|3:0.9400|4:0.9500|5:1.1000|6:0.8200|,Emine Turan:4:38106,1873650,7,151594,879,31,35.95021884612223,36.07124945067068,none,485016
Temkinli,23,939,2013,9,1389,1230,159,6122,160,79,0,0,132,2855410,1792918,1041624,178380,37110,72344,79560,0,324,673906,1773468,1001043,0,772425,772425,0,12240819,89409,0,429411,1143180,0,3.0,0.0,2.0,0.0,1.0,538.4621212666666,551.590909,335.954545,335.2545454,534.989394,1.205414,26.591882733333332,1.0,1.0,1.0,1.0,none,0:1.0500|1:0.9300|2:1.0300|3:0.9400|4:0.9500|5:1.1000|6:0.8200|,Emine Turan:4:38106,1813568,7,151594,910,30,36.478964491964376,37.60850917243579,none,522312
Temkinli,23,970,2013,10,1493,1335,158,6878,144,69,0,0,135,3337905,2141866,1181387,204526,42895,75190,82708,0,25749,750319,1379278,800061,0,579217,579217,0,13001155,89409,0,444570,1181286,0,3.129032258064516,0.0,2.0,0.12903225806451613,1.0,538.8636363870968,555.227273,346.545455,343.13636358064514,538.7668621290322,1.2126,27.831612612903225,1.0,1.0,1.0,1.0,none,0:1.0500|1:0.9300|2:1.0300|3:0.9400|4:0.9500|5:1.1000|6:0.8200|,Emine Turan:4:38106,2177274,7,151594,940,31,35.393068406680236,35.689582373107754,none,598725
Temkinli,23,1000,2013,11,1409,1259,150,6028,181,50,0,0,133,2884301,1849516,1016198,329880,71220,73215,80520,0,279,461084,830077,323096,0,506981,506981,0,13173676,89409,0,459729,1143180,0,4.0,0.0,2.0,1.0,1.0,542.2727272,558.409091,346.545455,345.6121213,541.2575757,1.220071,27.376746933333333,1.0,1.0,1.0,1.0,none,0:1.0500|1:0.9300|2:1.0300|3:0.9400|4:0.9500|5:1.1000|6:0.8200|,Emine Turan:4:38106,1869762,8,151594,971,30,35.2320371556228,36.09388087994553,none,309490
Temkinli,23,1031,2013,12,1369,1216,153,5474,197,87,0,0,121,3043055,2002196,1029667,340876,73594,76120,92070,0,0,447007,1436526,749847,0,686679,686679,0,13915209,94286,0,475715,1182869,0,4.0,0.0,2.0,1.0,1.0,535.6598240645161,562.045455,353.68181799999996,350.7653959032258,539.1304985483871,1.227345,26.352903387096777,1.0,1.0,1.0,1.0,none,0:1.0500|1:0.9300|2:1.0300|3:0.9400|4:0.9500|5:1.1000|6:0.8200|,Emine Turan:4:38106,2024274,8,159862,1001,31,33.83662142156484,33.972681520837426,none,287145
Temkinli,23,1062,2014,1,1408,1242,166,5868,200,82,0,0,132,3211345,2081424,1114323,349876,75671,76586,92628,0,0,519562,1926013,1235886,0,690127,690127,0,15043183,94286,0,491701,1230359,0,4.0,0.0,2.0,1.0,1.0,546.1803517741936,565.227273,353.772727,352.6451613548387,546.0073313548387,1.234907,25.823218967741933,1.0,1.0,1.0,1.0,none,0:1.0500|1:0.9300|2:1.0300|3:0.9400|4:0.9500|5:1.1000|6:0.8200|,Emine Turan:4:39689,2129610,8,159862,1032,31,34.69957292038071,35.227855441738846,none,359700
Temkinli,23,1090,2014,2,1308,1161,147,5488,180,98,0,0,121,3015345,1920564,1079371,316288,68348,69623,84224,0,313,540575,1971675,1241356,0,730319,730319,0,16296468,94286,0,507687,1111292,0,4.0,0.0,2.0,1.0,1.0,553.5714283214286,569.545455,350.33116878571434,351.2743506071429,551.5146103928571,1.243005,25.410667285714286,1.0,1.0,1.0,1.0,none,0:1.0500|1:0.9300|2:1.0300|3:0.9400|4:0.9500|5:1.1000|6:0.8200|,Emine Turan:4:39689,1907652,8,159862,1063,28,35.79593711499016,36.7143694810968,none,380713
Temkinli,23,1121,2014,3,1407,1231,176,5932,136,104,0,0,147,2885625,1818672,1047695,350176,75671,77547,85281,0,0,459020,750508,-26471,0,776979,776979,0,16037612,94286,0,523673,1230359,0,4.0,0.0,2.0,1.0,1.0,555.5205278709677,572.954545,348.590909,349.72727283870967,552.826979548387,1.250366,26.848043225806453,1.0,1.0,1.0,1.0,none,0:1.0500|1:0.9300|2:1.0300|3:0.9400|4:0.9500|5:1.1000|6:0.8200|,Emine Turan:4:39689,1844976,9,159862,1091,31,36.30738574832142,37.249679982848775,none,299158
Temkinli,23,1151,2014,4,1348,1160,188,5626,167,73,0,0,158,2952840,1848875,1087364,338880,73230,75526,83070,0,0,516658,2228378,1453263,0,775115,775115,0,17275996,94286,0,539659,1190670,0,4.0,0.0,2.0,1.0,1.0,562.25,575.454545,351.6772727,351.1772727,556.7257576,1.258565,23.097421966666666,1.0,1.0,1.0,1.0,none,0:1.0500|1:0.9300|2:1.0300|3:0.9400|4:0.9500|5:1.1000|6:0.8200|,Emine Turan:4:39689,1890336,9,159862,1122,30,36.824345375977025,37.45179676300578,none,356796
Temkinli,23,1182,2014,5,1444,1302,142,5970,191,33,0,0,118,3061785,1922556,1125609,350176,75671,78540,86366,0,0,534856,2616877,1738769,0,878108,878108,0,19034620,94286,0,555645,1230359,0,4.0,0.0,2.0,1.0,1.0,563.5703812580646,579.772727,354.5,353.37243393548385,562.4002931935485,1.266552,24.543107870967745,1.0,1.0,1.0,1.0,none,0:1.0500|1:0.9200|2:1.0300|3:0.9300|4:0.9400|5:1.1000|6:0.8200|,Emine Turan:4:39689,1915806,9,159862,1152,31,36.76316266491605,37.09747499351446,none,374994
Temkinli,23,1212,2014,6,1492,1320,172,6137,139,10,0,0,150,2759725,1754514,991462,338880,73230,76516,96750,0,0,406086,786212,-141403,0,927615,927615,0,18217026,97537,0,572182,1192342,0,4.0,0.0,2.0,1.0,1.0,564.969697,582.954545,361.17878793333335,358.4863636666667,562.5787880333334,1.274857,25.526992066666665,1.0,1.0,1.0,1.0,none,0:1.0500|1:0.9250|2:1.0300|3:0.9350|4:0.9450|5:1.1000|6:0.8200|,Emine Turan:4:39689,1790906,10,165375,1183,30,35.9261158267581,36.07112207058189,none,240711
Temkinli,23,1243,2014,7,1484,1301,183,6341,160,42,0,0,157,3047355,1892672,1133821,356176,77066,79563,100626,0,642,519748,3186193,2130190,0,1056003,1056003,0,20325088,97537,0,588719,1282191,0,4.0,0.0,2.0,1.0,1.0,572.5879763870969,587.954545,354.5,356.2052787419355,570.9985338387096,1.282947,24.676575387096776,1.0,1.0,1.0,1.0,none,0:1.0500|1:0.9300|2:1.0300|3:0.9400|4:0.9500|5:1.1000|6:0.8200|,Emine Turan:4:41361,1895050,10,165375,1213,31,37.20672517642349,38.08811665295238,none,354373
Temkinli,23,1274,2014,8,1348,1197,151,5650,145,43,0,0,129,2761982,1723610,1019003,356376,77066,80090,101277,0,653,403541,3328661,2039290,0,1289371,1031888,0,22381073,97537,0,605256,1282191,0,4.0,0.0,2.0,1.0,1.0,577.9105572903225,590.681818,366.363636,362.28885632258067,576.7991201290323,1.291361,23.24147590322581,1.0,1.0,1.0,1.0,none,0:1.0500|1:0.9300|2:1.0300|3:0.9400|4:0.9500|5:1.1000|6:0.8200|,Emine Turan:4:41361,1781106,10,165375,1244,31,36.89390444977556,36.605477893017365,none,238166
Temkinli,23,1304,2014,9,1302,1131,171,5267,206,37,0,0,141,2824095,1782500,1025199,344880,74580,78016,85800,0,0,441923,2764723,1662338,0,1102385,1359868,0,23133090,97537,0,621793,1240830,0,4.0,0.0,2.0,1.0,1.0,578.2954542666666,594.3181820000001,364.772727,364.4454545666667,574.9227272,1.299829,23.0647749,1.0,1.0,1.0,1.0,none,0:1.0500|1:0.9300|2:1.0300|3:0.9400|4:0.9500|5:1.1000|6:0.8200|,Emine Turan:4:41361,1788034,11,165375,1275,30,36.30185953376214,36.92277462865996,none,276548
Temkinli,23,1335,2014,10,1292,1125,167,5139,188,49,0,0,135,2738220,1686994,1033694,356376,77066,81113,89218,0,0,429921,4460922,3067258,0,1393664,1393664,0,25837045,97537,0,638330,1282191,0,4.0,0.0,2.0,1.0,1.0,592.2067451290322,599.318182,363.0,363.79032261290325,584.4926685806452,1.308077,22.770585161290324,1.0,1.0,1.0,1.0,none,0:1.0500|1:0.9300|2:1.0300|3:0.9400|4:0.9500|5:1.1000|6:0.8200|,Emine Turan:4:41361,1699620,11,165375,1305,31,37.75058249519761,38.70383899107596,none,264546
Temkinli,23,1365,2014,11,1339,1169,170,5508,183,64,0,0,138,2958350,1847352,1098027,344880,74580,79007,86910,0,0,512650,4249624,2441281,0,1808343,1434275,0,28009094,97537,0,654867,1240830,0,4.0,0.0,2.0,1.0,1.0,583.9393940333333,602.272727,362.90909100000005,363.4742421,577.7833333,1.316655,24.370498100000002,1.0,1.0,1.0,1.0,none,0:1.0500|1:0.9250|2:1.0300|3:0.9350|4:0.9450|5:1.1000|6:0.8200|,Emine Turan:4:41361,1868680,12,165375,1336,30,37.11619652847026,37.85158276557654,none,347275
Temkinli,23,1396,2014,12,1386,1205,181,5493,237,64,0,0,148,3310670,2080312,1215611,356376,77066,82167,99417,0,0,600585,6321527,4508822,0,1812705,2186773,0,27512526,102414,0,672231,1465018,0,4.0,0.0,2.0,1.0,1.0,586.0483870967741,606.818182,369.21847519354844,367.2653959032258,587.9589443225807,1.32501,23.602693548387098,1.0,1.0,1.0,1.0,none,0:1.0500|1:0.9250|2:1.0300|3:0.9350|4:0.9450|5:1.1000|6:0.8200|,Emine Turan:4:41361|Hasan Erdoğan:6:18022,2113878,12,173644,1366,31,36.71797551553009,36.99863640566945,none,426941
Temkinli,23,1427,2015,1,1312,1119,193,5149,180,85,0,0,162,3078435,1913328,1150975,365376,79174,82696,100068,0,0,523661,7095462,5209439,0,1886023,1886023,0,31148593,102414,0,689595,1921690,0,4.0,0.0,2.0,1.0,1.0,588.673020451613,610.227273,366.045455,365.7741937419355,590.683284483871,1.3337,22.387362677419354,1.0,1.0,1.0,1.0,none,0:1.0500|1:0.9300|2:1.0300|3:0.9400|4:0.9500|5:1.1000|6:0.8200|,Emine Turan:4:43176|Hasan Erdoğan:6:18814,1887292,12,173644,1397,31,37.38831581631576,37.81854403329364,none,350017
Temkinli,23,1455,2015,2,1216,1038,178,4750,204,60,0,0,146,2900645,1802364,1080929,330288,71512,75225,91000,0,0,512904,5295236,3511677,0,1783559,1783559,0,33968287,102414,0,706959,1735720,0,4.0,0.0,2.0,1.0,1.0,589.1801947142857,614.5454550000001,364.4318185,364.8279220357143,593.0064935714285,1.342972,22.819527535714286,1.0,1.0,1.0,1.0,none,0:1.0500|1:0.9300|2:1.0300|3:0.9400|4:0.9500|5:1.1000|6:0.8200|,Emine Turan:4:43176|Hasan Erdoğan:6:18814,1828260,13,173644,1428,28,37.26512551518714,38.14594893558398,none,339260
Temkinli,23,1486,2015,3,1333,1152,181,5374,170,67,0,0,153,3040035,1905978,1119723,365676,79174,83812,92163,0,0,498898,5454701,3182305,0,2272396,2272396,0,34750501,102414,0,724323,1921690,0,4.0,0.0,2.0,1.0,1.0,599.9046919354839,618.409091,379.727273,374.81378296774193,596.0586508709678,1.351403,24.316299290322583,1.0,1.0,1.0,1.0,none,0:1.0500|1:0.9300|2:1.0300|3:0.9400|4:0.9500|5:1.1000|6:0.8200|,Emine Turan:4:43176|Hasan Erdoğan:6:18814,1946234,14,173644,1456,31,36.8325693618659,36.702066494116146,none,325254
Temkinli,23,1516,2015,4,1333,1163,170,5285,196,47,0,0,143,2902370,1831390,1050536,353880,76620,81678,89820,0,0,448538,7984901,5662046,0,2322855,2322855,0,40286914,102414,0,741687,1859700,0,4.0,0.0,2.0,1.0,1.0,604.7424243333334,622.954545,383.818182,381.2348485333333,602.4075757333334,1.360799,22.25163823333333,1.0,1.0,1.0,1.0,none,0:1.0500|1:0.9300|2:1.0300|3:0.9400|4:0.9500|5:1.1000|6:0.8200|,Emine Turan:4:43176|Hasan Erdoğan:6:18814,1846494,14,173644,1487,30,36.19579860596685,36.53195698596468,none,274894
Temkinli,23,1547,2015,5,1323,1119,204,5256,205,47,0,0,170,2996265,1913650,1064965,365676,79174,84959,93434,0,961,440761,7873698,4977225,0,2896473,2274556,0,45164775,102414,0,759051,1921690,0,4.0,0.0,2.0,1.0,1.0,603.4604105161291,626.818182,386.81818200000004,384.934017516129,608.1143695806452,1.369954,22.98842335483871,1.0,1.0,1.0,1.0,none,0:1.0500|1:0.9300|2:1.0300|3:0.9400|4:0.9500|5:1.1000|6:0.8200|,Emine Turan:4:43176|Hasan Erdoğan:6:18814,1980552,15,173644,1517,31,35.543084473502844,35.899990246392264,none,267117
Temkinli,23,1577,2015,6,1326,1143,183,5342,191,44,0,0,154,2648364,1659300,971570,353880,76620,82789,104700,0,796,352785,8416742,5920007,0,2496735,3118652,0,49641670,105665,0,776966,1862463,0,4.0,0.0,2.0,1.0,1.0,610.5681816666668,632.045455,380.681818,382.83636363333335,611.4863636666666,1.379479,23.287544633333333,1.0,1.0,1.0,1.0,none,0:1.0500|1:0.9300|2:1.0300|3:0.9400|4:0.9500|5:1.1000|6:0.8200|,Emine Turan:4:43176|Hasan Erdoğan:6:18814,1659516,16,179156,1548,30,36.685667075975964,37.65121907256064,none,173629
Temkinli,23,1608,2015,7,1413,1242,171,5837,133,34,0,0,150,3079040,1930646,1129412,371676,80569,86137,108934,0,1426,480670,9406086,6711725,0,2694361,2694361,0,55494183,105665,0,794881,2007343,0,4.0,0.0,2.0,1.0,1.0,616.3489735483871,635.227273,390.136364,387.2067448709677,616.7082112580645,1.38876,22.630730225806452,1.0,1.0,1.0,1.0,none,0:1.0500|1:0.9300|2:1.0300|3:0.9400|4:0.9500|5:1.1000|6:0.8200|,Emine Turan:4:45101|Hasan Erdoğan:6:19653,1942716,17,179156,1578,31,36.68065371024735,36.70203395424784,none,301514
Temkinli,23,1639,2015,8,1349,1148,201,5535,158,16,0,0,180,2931280,1843338,1067639,371876,80569,86726,109678,0,703,418087,11683162,7736918,0,3946244,3946244,0,62365493,105665,0,812796,2007343,0,4.0,0.0,2.0,1.0,1.0,617.9692084516129,640.909091,389.545455,388.8196482580645,619.9809383225806,1.398416,22.968724387096774,1.0,1.0,1.0,1.0,none,0:1.0500|1:0.9300|2:1.0300|3:0.9400|4:0.9500|5:1.1000|6:0.8200|,Emine Turan:4:45101|Hasan Erdoğan:6:19653,1871734,18,179156,1609,31,36.42227968668978,36.963614097206026,none,238931
Temkinli,23,1669,2015,9,1256,1083,173,5062,190,51,0,0,137,2985710,1869329,1102217,359880,77970,84499,92940,0,1302,485626,14603754,10686420,0,3917334,3917334,0,70569991,105665,0,830711,1942590,0,4.0,0.0,2.0,1.0,1.0,620.7651516999999,644.090909,387.954545,388.4318179666667,622.3060605666667,1.408139,22.644566666666666,1.0,1.0,1.0,1.0,none,0:1.0500|1:0.9300|2:1.0300|3:0.9400|4:0.9500|5:1.1000|6:0.8200|,Emine Turan:4:45101|Hasan Erdoğan:6:19653,1875058,19,179156,1640,30,36.91641184173949,37.503813811460766,none,306470
Temkinli,23,1700,2015,10,1297,1104,193,5232,172,44,0,0,162,2976385,1897668,1060589,371876,80569,87905,96689,0,459,423091,15129435,11144471,0,3984964,3984964,0,80930800,105665,0,848626,2007343,0,4.0,0.0,2.0,1.0,1.0,620.8870968387097,648.8636359999999,397.18181799999996,393.89882700000004,621.0967741290323,1.417612,22.52621909677419,1.0,1.0,1.0,1.0,none,0:1.0500|1:0.9300|2:1.0300|3:0.9400|4:0.9500|5:1.1000|6:0.8200|,Emine Turan:4:45101|Hasan Erdoğan:6:19653,1941566,20,179156,1670,31,35.63346139696309,36.029944892995985,none,243935
Temkinli,23,1730,2015,11,1348,1155,193,5577,173,73,0,0,160,3337995,2128535,1190412,359880,77970,85669,94200,0,1010,571683,17314542,11667000,0,5647542,5647542,0,88854575,105665,0,866541,1942590,0,4.0,0.0,2.0,1.0,1.0,620.8030304333333,653.863636,395.545455,395.1484849666667,623.7015151333333,1.427469,24.451291733333335,1.0,1.0,1.0,1.0,none,0:1.0500|1:0.9250|2:1.0300|3:0.9350|4:0.9450|5:1.1000|6:0.8200|,Emine Turan:4:45101|Hasan Erdoğan:6:19653,2124252,21,179156,1701,30,35.662486013310385,36.28487046464623,none,392527
Temkinli,23,1761,2015,12,1368,1210,158,5763,203,80,0,0,127,3560560,2218647,1325392,371876,80569,89114,107818,0,3115,672900,20738176,15638431,0,5099745,5099745,0,103619556,113794,0,885835,2011888,0,4.0,0.0,2.0,1.0,1.0,635.2859238709677,658.181818,392.727273,393.61436938709676,630.5894426774195,1.437072,24.62062322580645,1.0,1.0,1.0,1.0,none,0:1.0500|1:0.9300|2:1.0300|3:0.9400|4:0.9500|5:1.1000|6:0.8200|,Emine Turan:4:45101|Hasan Erdoğan:6:19653,2236210,22,192937,1731,31,37.2242568584717,38.18102082177309,none,479963
Temkinli,23,1792,2016,1,1374,1197,177,5585,177,82,0,0,143,3755710,2368867,1377687,386876,84041,89747,108562,0,464,707997,20024547,13659495,0,6365052,5033045,0,117910755,113794,0,905129,2148238,0,4.0,0.0,2.0,1.0,1.0,642.6246336129033,662.272727,407.863636,403.6392962580645,639.8621700322581,1.447064,22.66896435483871,1.0,1.0,1.0,1.0,none,0:1.0500|1:0.9300|2:1.0300|3:0.9400|4:0.9500|5:1.1000|6:0.8200|,Emine Turan:4:48266|Hasan Erdoğan:6:21032,2398110,23,192937,1762,31,36.68246483354679,36.531590190225394,none,515060
Temkinli,23,1821,2016,2,1295,1069,226,4979,209,79,0,0,182,3102265,1977469,1110640,362384,78619,84913,102689,0,458,481577,21067724,15471262,0,5596462,6928469,0,131178383,113794,0,924423,2009642,0,4.0,0.0,2.0,1.0,1.0,640.1175547931035,669.318182,406.7304076206897,406.1316614482759,643.9592475517242,1.463258,23.131827931034483,1.0,1.0,1.0,1.0,none,0:1.0500|1:0.9300|2:1.0300|3:0.9400|4:0.9500|5:1.1000|6:0.8200|,Emine Turan:4:48266|Hasan Erdoğan:6:21032,2021888,24,192937,1793,29,35.80093899134987,36.460044787843444,none,288640
Temkinli,23,1852,2016,3,1317,1120,197,5369,157,64,0,0,166,3182845,1954283,1206989,387376,84041,91700,100843,0,724,542305,26646940,20272731,0,6374209,6374209,0,148673391,113794,0,943717,2148238,0,4.0,0.0,2.0,1.0,1.0,655.7624633870968,676.590909,400.590909,402.8475073225806,653.3284457741936,1.47857,22.24605312903226,1.0,1.0,1.0,1.0,none,0:1.0500|1:0.9300|2:1.0300|3:0.9400|4:0.9500|5:1.1000|6:0.8200|,Emine Turan:4:48266|Hasan Erdoğan:6:21032,1970106,25,192937,1822,31,37.921702124985664,38.912192849389875,none,349368
Temkinli,23,1882,2016,4,1298,1112,186,5380,140,63,0,0,154,3350780,2120747,1214800,374880,81330,89733,98670,0,401,569786,26322153,19681814,0,6640339,6640339,0,167322874,113794,0,963011,2078940,0,4.0,0.0,2.0,1.0,1.0,655.6742424666667,684.545455,417.48181819999996,412.74393936666667,657.3257575333333,1.495116,22.845740499999998,1.0,1.0,1.0,1.0,none,0:1.0500|1:0.9300|2:1.0300|3:0.9400|4:0.9500|5:1.1000|6:0.8200|,Emine Turan:4:48266|Hasan Erdoğan:6:21032,2124776,26,192937,1853,30,36.25424528020341,36.327860519665904,none,376849
Temkinli,23,1913,2016,5,1320,1106,214,5152,192,52,0,0,184,3037230,1872888,1143195,387376,84041,93746,103075,0,478,474479,30351841,21284564,0,9067277,9067277,0,187599941,113794,0,982305,2148238,0,4.0,0.0,2.0,1.0,1.0,675.3372433548387,692.272727,416.772727,415.832844483871,668.3343107741936,1.511305,21.211915967741934,1.0,1.0,1.0,1.0,none,0:1.0500|1:0.9300|2:1.0300|3:0.9400|4:0.9500|5:1.1000|6:0.8200|,Emine Turan:4:48266|Hasan Erdoğan:6:21032,1926516,27,192937,1883,31,37.63939510672554,38.28672546924568,none,281542
Temkinli,23,1943,2016,6,1291,1111,180,5192,145,44,0,0,157,2923688,1781251,1124963,374880,81330,91714,115980,0,748,460311,30236414,22802736,0,7433678,7433678,0,209346466,121921,0,1002976,2083857,0,4.0,0.0,2.0,1.0,1.0,675.3333333666667,698.863636,410.9727273,412.9909090666667,675.9424242333333,1.528217,21.6030811,1.0,1.0,1.0,1.0,none,0:1.0500|1:0.9300|2:1.0300|3:0.9400|4:0.9500|5:1.1000|6:0.8200|,Emine Turan:4:48266|Hasan Erdoğan:6:21032,1822284,28,206719,1914,30,38.477532486366535,39.14520326559008,none,253592
Temkinli,23,1974,2016,7,1293,1129,164,5403,129,34,0,0,145,3227793,1963861,1247688,402376,87544,95824,121148,0,811,539985,29969417,20770397,0,9199020,7373573,0,231243532,121921,0,1023647,2300665,0,4.0,0.0,2.0,1.0,1.0,685.7184748709677,706.818182,425.07184770967746,419.43255132258065,684.4985335806451,1.544764,21.296842451612903,1.0,1.0,1.020737322580645,0.9937788064516129,0,0:1.0500|1:0.9300|2:1.0300|3:0.9400|4:0.9500|5:1.1000|6:0.8200|,Emine Turan:4:51691|Hasan Erdoğan:6:22524,1970980,29,206719,1944,31,38.6545233848639,38.01073424634452,none|0,333266
Temkinli,23,2005,2016,8,1251,1041,210,4951,184,29,0,0,175,2843365,1765152,1056624,402876,87544,96879,122512,0,1270,345543,27207082,20040164,0,7166918,8992365,0,248147989,121921,0,1044318,2300665,0,4.0,0.0,2.0,1.0,1.0,695.1392960000001,715.0,445.1891495483871,435.2228738387097,693.7697947741935,1.562051,20.582532161290324,1.0,1.0,1.2413594516129032,0.9275921612903226,0,0:1.0500|1:0.9300|2:1.0300|3:0.9400|4:0.9500|5:1.1000|6:0.8200|,Emine Turan:4:51691|Hasan Erdoğan:6:22524,1828890,30,206719,1975,31,37.16103982429269,35.956843166526,0,138824
Temkinli,23,2035,2016,9,1223,1066,157,5117,219,37,0,0,119,3320695,2138963,1161942,389880,84720,94804,104250,0,968,487320,30786106,22749483,0,8036623,8036623,0,267329085,121921,0,1064989,2226450,0,4.0,0.0,2.0,1.0,1.0,703.5303033333332,723.1818179999999,461.136364,454.19393940000003,699.0242423666666,1.579531,21.0379589,1.0,1.0,1.25,0.925,0,0:1.0500|1:0.9300|2:1.0300|3:0.9400|4:0.9500|5:1.1000|6:0.8200|,Emine Turan:4:51691|Hasan Erdoğan:6:22524,2168812,31,206719,2006,30,34.99092810390596,34.4539443695415,0,280601
Temkinli,23,2066,2016,10,1353,1131,222,5396,183,55,0,0,186,3541865,2306244,1217908,402876,87544,99019,108903,0,1469,518097,34275284,23537697,0,10737587,10737587,0,284500610,121921,0,1085660,2300665,0,4.0,0.0,2.0,1.0,1.0,700.2785921612902,731.1363640000001,454.6041053548387,455.705278516129,703.0571846774193,1.596634,22.441370903225806,1.0,1.0,1.25,0.925,0,0:1.0500|1:0.9200|2:1.0300|3:0.9300|4:0.9400|5:1.1000|6:0.8200|,Emine Turan:4:51691|Hasan Erdoğan:6:22524,2349882,32,206719,2036,31,34.386064968597054,35.08239285856494,0,311378
Temkinli,23,2096,2016,11,1287,1086,201,5165,177,48,0,0,167,3356750,2123987,1220716,389880,84720,96905,106560,0,594,542057,34416154,25283208,0,9132946,9132946,0,305857004,121921,0,1106331,2226450,0,4.0,0.0,2.0,1.0,1.0,714.2348483999999,738.863636,455.0,453.82878773333334,709.4196969999999,1.614501,22.256625333333332,1.0,1.0,1.25,0.925,0,0:1.0500|1:0.9300|2:1.0300|3:0.9400|4:0.9500|5:1.1000|6:0.8200|,Emine Turan:4:51691|Hasan Erdoğan:6:22524,2122300,33,206719,2067,30,36.366008788262455,36.29546345725462,0,335338
Temkinli,23,2127,2016,12,1288,1081,207,4909,190,59,0,0,170,3429220,2235091,1175515,402876,87544,101220,122419,0,1471,459985,34548352,25788798,0,8759554,8759554,0,322702283,130050,0,1128381,2305500,0,4.0,0.0,2.0,1.0,1.0,716.7448680322581,747.045455,472.909091,466.27272725806455,722.497067483871,1.631982,22.77529606451613,1.0,1.0,1.25,0.925,0,0:1.0500|1:0.9300|2:1.0300|3:0.9400|4:0.9500|5:1.1000|6:0.8200|,Emine Turan:4:51691|Hasan Erdoğan:6:22524,2254938,34,220500,2097,31,34.279369652574054,34.019884607152,0,239485
Temkinli,23,2158,2017,1,1229,1009,220,4438,272,41,0,0,178,3195695,2050239,1124227,404626,88036,102335,123814,0,37766,367650,36034022,24073324,0,11960698,11960698,0,341532075,130050,0,1150431,2450550,0,3.903225806451613,0.0,2.0,0.9032258064516129,1.0,734.7727270967741,755.909091,469.03079187096773,469.2478005483871,726.9926686451613,1.650245,21.46972148387097,0.9419354838709677,0.9419354838709677,1.2458870967741935,0.8729952903225807,1,0:1.0500|1:0.9300|2:1.0300|3:0.9400|4:0.9500|5:1.1000|6:0.8200|,Emine Turan:4:55059|Hasan Erdoğan:6:23992,2114474,35,220500,2128,31,35.179421064901376,36.166548570168494,0|1,147150
Temkinli,23,2186,2017,2,1115,934,181,4214,232,21,0,0,152,3156770,2047114,1093361,404488,88200,93411,112980,0,1605,392677,27324014,20200740,0,7123274,7123274,0,326862034,130050,0,1172481,2213400,0,4.0,0.0,2.0,1.0,1.0,735.8116883928571,763.4090910000001,478.5097403214286,474.89772725,738.4999999642857,1.667464,22.240451464285716,0.9,0.9,1.2237500000000001,0.7945446428571429,1,0:1.0500|1:0.9300|2:1.0300|3:0.9400|4:0.9500|5:1.1000|6:0.8200|,Emine Turan:4:55059|Hasan Erdoğan:6:23992,2056996,36,220500,2159,28,34.63543432052383,34.9684507775925,1,172177
Temkinli,23,2217,2017,3,1409,1163,246,5832,259,48,0,0,212,3817325,2549703,1252430,447826,97650,104381,114793,0,2507,485273,36446612,26601737,0,9844875,9844875,0,348014050,130050,0,1194531,2450550,0,4.0,0.0,2.0,1.0,1.0,725.0219942580645,770.681818,482.81085051612905,480.48973593548385,731.1319648064516,1.683171,26.364333967741935,0.9,0.9,1.1991666774193548,0.8,1,0:1.0500|1:0.9100|2:1.0300|3:0.9200|4:0.9300|5:1.1000|6:0.8200|,Emine Turan:4:55059|Hasan Erdoğan:6:23992,2551256,37,220500,2187,31,32.80910061364961,33.4074201417568,1,264773
Temkinli,23,2247,2017,4,1278,1068,210,4964,235,43,0,0,167,3331275,2158049,1146049,433380,94500,102065,112260,0,1661,402183,31662520,17659658,0,14002862,10924091,0,383582432,130050,0,1216581,2371500,0,4.0,0.0,2.0,1.0,1.0,744.1818180333333,778.863636,478.0318181666667,479.27575763333334,741.2893939,1.700734,24.646677266666664,0.9,0.9,1.1737499999999998,0.8,1,0:1.0500|1:0.9250|2:1.0300|3:0.9350|4:0.9450|5:1.1000|6:0.8200|,Emine Turan:4:55059|Hasan Erdoğan:6:23992,2222938,38,220500,2218,30,34.40271367569474,35.76410944438651,1,181683
Temkinli,23,2278,2017,5,1310,1054,256,5102,229,35,0,0,218,3340730,2112461,1208313,447826,97650,106552,117149,0,1714,437422,49075464,36334021,0,12741443,15820214,0,414414825,130050,0,1238631,2450550,0,4.0,0.0,2.0,1.0,1.0,756.7155424516129,785.681818,477.0454546451613,477.9252199032258,756.4618768387096,1.717904,23.312307032258065,0.9,0.9,1.1483333225806451,0.8,1,0:1.0500|1:0.9300|2:1.0300|3:0.9400|4:0.9500|5:1.1000|6:0.8200|,Emine Turan:4:55059|Hasan Erdoğan:6:23992,2130340,39,220500,2248,31,36.16913069897897,36.95841728060379,1,216922
Temkinli,23,2308,2017,6,1280,1082,198,5164,227,25,0,0,170,3171205,1973248,1178551,433380,94500,104195,131760,0,2770,411946,45089228,32423618,0,12665610,12665610,0,436789423,138178,0,1262059,2376732,0,4.0,0.0,2.0,1.0,1.0,769.1969697999999,794.545455,480.210606,478.84090913333335,761.0212121333333,1.735829,23.2561163,0.9,0.9,1.1229166666666666,0.8,1,0:1.0500|1:0.9300|2:1.0300|3:0.9400|4:0.9500|5:1.1000|6:0.8200|,Emine Turan:4:55059|Hasan Erdoğan:6:23992,1970520,40,234281,2279,30,37.16413792233551,37.56987808664141,1,177665
Temkinli,23,2339,2017,7,1284,1073,211,5505,201,44,0,0,185,3467061,2150561,1299979,462826,101122,108753,137516,0,6088,483674,51320633,34119549,0,17201084,17201084,0,467514197,138178,0,1285487,2612742,0,4.0,0.0,2.0,1.0,1.0,773.4750733225807,802.272727,478.99413490322576,479.1935484516129,771.8255131290323,1.753354,23.42039093548387,0.9,0.9,1.0975,0.8,1,0:1.0500|1:0.9300|2:1.0300|3:0.9400|4:0.9500|5:1.1000|6:0.8200|,Emine Turan:4:58703|Hasan Erdoğan:6:25579,2208800,41,234281,2309,31,37.4951291598273,38.0724536027214,1,249393
Temkinli,23,2370,2017,8,1273,1046,227,4880,262,32,0,0,186,3034416,1873301,1145002,463326,101122,109870,138942,0,3588,328154,60209003,45189493,0,15019510,15019510,0,502041437,138178,0,1308915,2612742,0,4.0,0.0,2.0,1.0,1.0,790.7478006129032,810.681818,495.0161289354839,488.82697948387096,783.6774193870967,1.7716490000000003,22.195870967741936,0.9,0.9,1.0716666774193546,0.8,1,0:1.0500|1:0.9300|2:1.0300|3:0.9400|4:0.9500|5:1.1000|6:0.8200|,Emine Turan:4:58703|Hasan Erdoğan:6:25579,1923242,42,234281,2340,31,37.73385059925864,37.39898757204253,1,93873
Temkinli,23,2400,2017,9,1255,1051,204,4763,210,21,0,0,180,3332975,2120217,1177023,448380,97860,107436,118140,0,1050,404157,68926319,51156687,0,17769632,17769632,0,546719054,138178,0,1332343,2528460,0,4.0,0.0,2.0,1.0,1.0,771.6666668,819.545455,486.1954545666667,488.80303023333335,777.3651513666666,1.790134,24.4283137,0.9,0.9,1.04625,0.8,1,0:1.0500|1:0.9200|2:1.0300|3:0.9300|4:0.9400|5:1.1000|6:0.8200|,Emine Turan:4:58703|Hasan Erdoğan:6:25579,2128290,43,234281,2371,30,35.31448630727803,36.99410957028179,1,169876
Temkinli,23,2431,2017,10,1212,997,215,4495,275,33,0,0,178,3446730,2138661,1286756,463326,101122,112134,123318,0,1090,485766,64209522,42776524,0,21432998,21432998,0,555564404,138178,0,1355771,2612742,0,4.0,0.0,2.0,1.0,1.0,803.8929621612904,827.727273,502.6378299032258,497.2829912258064,798.7434019354839,1.808208,21.668380935483874,0.9,0.9,1.0208333225806452,0.8,1,0:1.0500|1:0.9300|2:1.0300|3:0.9400|4:0.9500|5:1.1000|6:0.8200|,Emine Turan:4:58703|Hasan Erdoğan:6:25579,2172200,44,234281,2401,31,37.33266023158182,37.47453285921687,1,251485
Temkinli,23,2461,2017,11,1137,955,182,4597,244,26,0,0,146,3441838,2129376,1290075,448380,97860,109657,120600,0,1864,511714,73804998,54345184,0,19459814,19459814,0,603815842,138178,0,1379199,2528460,0,4.0,0.0,2.0,1.0,1.0,810.4015152,836.136364,501.2803029,500.0045454,807.5893938333334,1.827075,21.59735896666667,0.9,0.9,1.00125,0.8,1,0:1.0500|1:0.9300|2:1.0300|3:0.9400|4:0.9500|5:1.1000|6:0.8200|,Emine Turan:4:58703|Hasan Erdoğan:6:25579,2138336,45,234281,2432,30,37.48215343081226,38.14420463215836,1,277433
Temkinli,23,2492,2017,12,1244,1000,244,4436,220,53,0,0,191,3431024,2088606,1316543,463326,101122,114460,138446,0,4416,494773,93207301,66422863,0,26784438,21431404,0,653982117,146306,0,1404005,2617443,0,4.0,0.0,2.0,1.0,1.0,821.2829910645162,845.227273,498.90469174193544,499.12170080645166,817.5190615161291,1.845521,21.44056793548387,0.9580645161290322,0.9580645161290322,1.0,0.8329032258064516,none,0:1.0500|1:0.9300|2:1.0300|3:0.9400|4:0.9500|5:1.1000|6:0.8200|,Emine Turan:4:58703|Hasan Erdoğan:6:25579,2176140,46,248062,2462,31,38.371722261342384,39.253010573703236,1|none,246711
Temkinli,23,2523,2018,1,1233,1030,203,4850,210,64,0,0,169,4394530,2701085,1674431,478326,104625,115663,139903,0,5746,830168,83904417,61004807,0,22899610,28252644,0,706401320,146306,0,1428811,2758473,0,4.0,0.0,2.0,1.0,1.0,830.5865102903226,854.090909,513.727273,508.7727272903226,829.5381231935485,1.864777,20.912055387096775,1.0,1.0,1.0,0.983225806451613,none,0:1.0500|1:0.9300|2:1.0300|3:0.9400|4:0.9500|5:1.1000|6:0.8200|,Emine Turan:4:61976|Hasan Erdoğan:6:27006,2704240,47,248062,2493,31,38.102618482522594,38.14885425716436,none,582106
Temkinli,23,2551,2018,2,1304,1104,200,5288,158,98,0,0,179,4568029,2819844,1731471,432488,94500,105394,127484,0,7750,963855,90407879,66819219,0,23588660,23588660,0,748801217,146306,0,1453617,2491524,0,4.0,0.0,2.0,1.0,1.0,826.4285713571428,861.363636,506.681818,508.36850642857144,833.77272725,1.8813790000000001,23.239943464285716,1.0,1.0,1.0,1.0,2,0:1.0500|1:0.9300|2:1.0300|3:0.9400|4:0.9500|5:1.1000|6:0.8200|,Emine Turan:4:61976|Hasan Erdoğan:6:27006,2767208,48,248062,2524,28,37.90411575758385,38.69018623497754,none|2,715793
Temkinli,23,2582,2018,3,972,786,186,3785,147,22,0,0,162,3058738,1836079,1201703,478826,104625,117617,129332,0,11817,359486,81426616,57968968,0,23457648,23457648,0,799529334,146306,0,1478423,2758473,0,4.0,0.0,2.0,1.0,1.0,848.9296185806452,867.954545,513.318182,510.6950145806452,841.4384163870967,1.896501,20.712080612903225,1.0,1.0,1.0,1.0,2,0:1.0500|1:0.9300|2:1.0300|3:0.9400|4:0.9500|5:1.1000|6:0.8200|,Emine Turan:4:61976|Hasan Erdoğan:6:27006,1956648,49,248062,2552,31,39.28754277090748,39.53348183819592,2,111424
Temkinli,23,2612,2018,4,863,709,154,3477,126,10,0,0,134,2797093,1688671,1092404,463380,101250,114843,126270,0,9574,277087,66140278,41917276,0,24223002,24223002,0,811744717,146306,0,1503229,2669490,0,4.0,0.0,2.0,1.0,1.0,853.151515,875.6818179999999,519.727273,515.7106060666666,851.1606060666667,1.9133850000000001,20.9056818,1.0,1.0,1.0,1.0,2,0:1.0500|1:0.9300|2:1.0300|3:0.9400|4:0.9500|5:1.1000|6:0.8200|,Emine Turan:4:61976|Hasan Erdoğan:6:27006,1674696,50,248062,2583,30,39.05497600544565,39.08148038628286,2,29025
Temkinli,23,2643,2018,5,1021,847,174,4165,119,18,0,0,157,3350361,2040150,1291975,478826,104625,119694,131626,0,10443,446761,96371293,71031359,0,25339934,25339934,0,868100351,146306,0,1528035,2758473,0,4.0,0.0,2.0,1.0,1.0,851.8695014193548,883.409091,518.454545,517.3460411290322,855.3343108387097,1.929868,22.90665806451613,1.0,1.0,1.0,1.0,2,0:1.0500|1:0.9300|2:1.0300|3:0.9400|4:0.9500|5:1.1000|6:0.8200|,Emine Turan:4:61976|Hasan Erdoğan:6:27006,2108778,51,248062,2613,31,38.562262395007586,39.1392056956882,2,198699
Temkinli,23,2673,2018,6,994,792,202,3945,140,28,0,0,182,2950102,1780901,1151279,463380,101250,116854,147780,0,7977,314038,97775262,72377630,0,25397632,25397632,0,910189811,154434,0,1554219,2674528,0,4.0,0.0,2.0,1.0,1.0,872.5757576666667,890.909091,539.318182,529.7575758,863.3515152333333,1.94705,19.460815033333333,1.0,1.0,1.0,1.0,2,0:1.0500|1:0.9300|2:1.0300|3:0.9400|4:0.9500|5:1.1000|6:0.8200|,Emine Turan:4:61976|Hasan Erdoğan:6:27006,1806642,52,261844,2644,30,39.02505743869195,38.19239449853874,2,52194
Temkinli,23,2704,2018,7,1080,888,192,4421,140,9,0,0,168,3433935,2107585,1309751,487426,106669,121803,154008,0,51199,388646,99727326,66594484,0,33132842,33132842,0,962850790,154434,0,1580403,2914651,0,3.806451612903226,0.0,2.0,0.8064516129032258,1.0,872.9692080645161,898.409091,538.0,536.1290321935484,867.8651025806453,1.963822,21.17385680645161,1.0,1.0,1.0,1.0,2,0:1.0500|1:0.9300|2:1.0300|3:0.9400|4:0.9500|5:1.1000|6:0.8200|,Emine Turan:4:65486|Hasan Erdoğan:6:28535,2147496,53,261844,2674,31,38.1414033754279,38.371251238882245,2,126802
Temkinli,23,2735,2018,8,1006,804,202,3893,116,5,0,0,191,2854419,1727810,1114991,551676,121024,122888,155403,0,8040,155960,116848868,87508481,0,29340387,29340387,0,1008734705,154434,0,1606587,2914651,0,4.0,0.0,2.0,1.0,1.0,882.0601174193548,907.045455,535.090909,536.1011729354839,878.4149559354839,1.9813059999999998,20.282369741935483,1.0,1.0,1.0,1.0,2,0:1.0500|1:0.9300|2:1.0300|3:0.9400|4:0.9500|5:1.1000|6:0.8200|,Emine Turan:4:65486|Hasan Erdoğan:6:28535,1734102,54,261844,2705,31,39.0619246858993,39.33623134832163,2,-105884
Temkinli,23,2765,2018,9,1039,850,189,3992,185,13,0,0,163,3234060,1951548,1256866,533880,117120,119974,131940,0,7707,346245,117481495,80481256,0,37000239,31047970,0,1059182603,154434,0,1632771,2820630,0,4.0,0.0,2.0,1.0,1.0,900.0378787333334,915.454545,549.863636,543.7136364,883.3378789,1.998945,19.79886533333333,1.0,1.0,1.0,1.0,2,0:1.0500|1:0.9300|2:1.0300|3:0.9400|4:0.9500|5:1.1000|6:0.8200|,Emine Turan:4:65486|Hasan Erdoğan:6:28535,2015022,55,261844,2736,30,38.863410078971945,38.90661171129269,2,84401
Temkinli,23,2796,2018,10,1069,893,176,4424,166,21,0,0,149,3788180,2327534,1441078,551676,121024,125028,137516,0,8648,497186,121835264,89526883,0,32308381,38260650,0,1137257764,154434,0,1658955,2914651,0,4.0,0.0,2.0,1.0,1.0,891.2023459999999,922.954545,548.045455,547.1759529677419,884.8944282580644,2.016165,21.07298606451613,1.0,1.0,1.0,1.0,2,0:1.0500|1:0.9250|2:1.0300|3:0.9350|4:0.9450|5:1.1000|6:0.8200|,Emine Turan:4:65486|Hasan Erdoğan:6:28535,2311464,56,261844,2766,31,38.04143414515678,38.50493578031941,2,235342
Temkinli,23,2826,2018,11,999,820,179,4140,120,14,0,0,158,3405475,2077335,1308759,533880,117120,122075,134250,0,6439,394995,107217285,76322349,0,30894936,30894936,0,1193324722,154434,0,1685139,2820630,0,4.0,0.0,2.0,1.0,1.0,897.4848483333334,931.8181820000001,549.636364,548.0772727333333,894.7666666666667,2.034115,23.317660333333333,1.0,1.0,1.0,1.0,2,0:1.0500|1:0.9250|2:1.0300|3:0.9350|4:0.9450|5:1.1000|6:0.8200|,Emine Turan:4:65486|Hasan Erdoğan:6:28535,2101602,57,261844,2797,30,38.43102650878365,38.75814560873116,2,133151
Temkinli,23,2857,2018,12,843,690,153,3468,137,10,0,0,131,3187565,1916316,1249630,551676,121024,127230,153915,0,8981,286804,127053069,88979989,0,38073080,38073080,0,1236302107,167439,0,1713528,2922519,0,4.0,0.0,2.0,1.0,1.0,924.0322578387097,939.318182,562.590909,556.2008798064517,908.6994134516129,2.051637,20.373085322580646,1.0,1.0,1.0,1.0,2,0:1.0500|1:0.9300|2:1.0300|3:0.9400|4:0.9500|5:1.1000|6:0.8200|,Emine Turan:4:65486|Hasan Erdoğan:6:28535,1933682,58,283894,2827,31,39.20327899195781,39.11566352500645,2,2910
Temkinli,23,2888,2019,1,898,711,187,3577,131,16,0,0,168,3358375,2045858,1290321,575676,126604,128395,155279,0,11240,293127,98691428,67058158,0,31633270,31633270,0,1211649368,167439,0,1741917,3158559,0,4.0,0.0,2.0,1.0,1.0,922.2360704516129,947.272727,561.318182,559.7287389677418,912.0791789032259,2.069903,18.72602390322581,1.0,1.0,1.0,1.0,2,0:1.0500|1:0.9300|2:1.0300|3:0.9400|4:0.9500|5:1.1000|6:0.8200|,Emine Turan:4:70967|Hasan Erdoğan:6:30923,2086324,59,283894,2858,31,38.42099229538095,39.13508699295115,2,9233
Temkinli,23,2916,2019,2,813,650,163,3175,119,13,0,0,143,3251710,1993980,1245398,520688,114352,117511,142128,0,7573,343146,89711024,65137577,0,24573447,24573447,0,1278573620,167439,0,1770306,2852892,0,4.0,0.0,2.0,1.0,1.0,934.8701300714285,959.7727270000001,579.136364,570.9788961071429,926.7824677142856,2.097689,18.527900285714285,1.0,1.0,1.0,1.0,2,0:1.0500|1:0.9300|2:1.0300|3:0.9400|4:0.9500|5:1.1000|6:0.8200|,Emine Turan:4:70967|Hasan Erdoğan:6:30923,2035712,60,283894,2889,28,38.29978688136396,38.05167740724039,2,59252
Temkinli,23,2947,2019,3,875,714,161,3552,101,17,0,0,142,3092930,1926842,1147820,576476,126604,131683,144801,0,7939,160317,65478892,33179880,0,32299012,30270339,0,1110479231,167439,0,1798695,3158559,0,4.0,0.0,2.0,1.0,1.0,934.3475071935485,971.818182,586.590909,581.8020526774194,930.9310851290322,2.1231059999999995,20.24622883870968,1.0,1.0,1.0,1.0,2,0:1.0500|1:0.9300|2:1.0300|3:0.9400|4:0.9500|5:1.1000|6:0.8200|,Emine Turan:4:70967|Hasan Erdoğan:6:30923,2011488,61,283894,2917,31,37.11108883809204,37.21919259335181,2,-123577
Temkinli,23,2977,2019,4,732,599,133,2967,114,5,0,0,115,2770380,1670270,1085668,557880,122520,129146,142020,0,8125,125977,94425653,74643653,0,19782000,21810673,0,1181651731,167439,0,1827084,3056670,0,4.0,0.0,2.0,1.0,1.0,957.9166665,984.3181820000001,573.045455,578.4090908000001,948.7545454666666,2.151607,18.5534002,1.0,1.0,1.0,1.0,2,0:1.0500|1:0.9300|2:1.0300|3:0.9400|4:0.9500|5:1.1000|6:0.8200|,Emine Turan:4:70967|Hasan Erdoğan:6:30923,1624922,62,283894,2948,30,39.1884145857247,40.17794292130108,2,-157917
Temkinli,23,3008,2019,5,1036,815,221,3680,130,20,0,0,200,3241813,1944351,1271818,576476,126604,135188,148645,0,6336,278569,190827315,147397471,0,43429844,43429844,0,1235017901,167439,0,1855473,3158559,0,4.0,0.0,2.0,1.0,1.0,968.1085043225806,997.727273,583.545455,580.1041055806452,959.6304985483871,2.179552,18.86420864516129,1.0,1.0,1.0,1.0,2,0:1.0500|1:0.9300|2:1.0300|3:0.9400|4:0.9500|5:1.1000|6:0.8200|,Emine Turan:4:70967|Hasan Erdoğan:6:30923,1999776,63,283894,2978,31,39.23168918133156,39.72313512437048,2,-5325
Temkinli,23,3038,2019,6,1095,882,213,4579,120,14,0,0,194,3533528,2132800,1373510,557880,122520,132597,167640,0,6674,386199,186814628,130564408,0,56250220,44250878,0,1351138061,180444,0,1886067,3065335,0,4.0,0.0,2.0,1.0,1.0,977.0833333333334,1010.6818179999999,602.0,593.1000000333333,971.280303,2.20881,19.484210233333332,1.0,1.0,1.0,1.0,none,0:1.0500|1:0.9300|2:1.0300|3:0.9400|4:0.9500|5:1.1000|6:0.8200|,Emine Turan:4:70967|Hasan Erdoğan:6:30923,2138584,64,305944,3009,30,38.87078296818364,38.38805970149254,2|none,80255
Temkinli,23,3069,2019,7,1155,942,213,4860,111,9,0,0,194,4012177,2426193,1567039,600476,132184,138785,175491,0,11984,508119,171597058,128040774,0,43556284,55555626,0,1416230409,180444,0,1916661,3427174,0,4.0,0.0,2.0,1.0,1.0,991.3269792903226,1024.318182,602.5923752903226,600.1642229354838,978.9545453548387,2.237498,19.487937548387098,1.0,1.0,1.0,1.0,none,0:1.0500|1:0.9300|2:1.0300|3:0.9400|4:0.9500|5:1.1000|6:0.8200|,Emine Turan:4:77001|Hasan Erdoğan:6:33553,2459540,66,305944,3039,31,39.05707549791547,39.21356042163704,none,202175
Temkinli,23,3100,2019,8,1241,1028,213,4879,166,13,0,0,192,4375735,2682959,1660132,601276,132184,140646,177847,0,8568,599611,196901888,147069305,0,49832583,49832583,0,1533778996,180444,0,1947255,3427174,0,4.0,0.0,2.0,1.0,1.0,994.3108504516129,1037.727273,617.227273,611.0043988064516,996.7741936129032,2.267534,20.398870612903227,0.9709677419354839,0.9709677419354839,1.0,0.9745967741935483,3,0:1.0500|1:0.9300|2:1.0300|3:0.9400|4:0.9500|5:1.1000|6:0.8200|,Emine Turan:4:77001|Hasan Erdoğan:6:33553,2725770,67,305944,3070,31,37.93950044963874,37.92411369948771,none|3,293667
Temkinli,23,3130,2019,9,1089,849,240,3952,236,29,0,0,198,3692640,2244426,1418204,581880,127920,137940,151680,0,10824,407960,188977519,127781484,0,61196035,61196035,0,1607539102,180444,0,1977849,3316620,0,4.0,0.0,2.0,1.0,1.0,1017.2424245333333,1051.136364,621.909091,618.5378787333334,1016.0833332666666,2.297973,19.601775200000002,0.95,0.95,1.0,0.925,3,0:1.0500|1:0.9300|2:1.0300|3:0.9400|4:0.9500|5:1.1000|6:0.8200|,Emine Turan:4:77001|Hasan Erdoğan:6:33553,2331144,68,305944,3101,30,38.40623510550717,38.86323692355783,3,102016
Temkinli,23,3161,2019,10,1080,857,223,4040,268,34,0,0,171,3829678,2281930,1518075,601276,132184,144398,158751,0,8109,473357,205935367,153611247,0,52324120,52324120,0,1739538097,180444,0,2008443,3427174,0,4.0,0.0,2.0,1.0,1.0,1039.1129032258063,1065.227273,622.3636359999999,620.2741935483871,1027.0337243548388,2.327819,18.615316548387096,0.95,0.95,1.0,0.925,3,0:1.0500|1:0.9300|2:1.0300|3:0.9400|4:0.9500|5:1.1000|6:0.8200|,Emine Turan:4:77001|Hasan Erdoğan:6:33553,2331482,69,305944,3131,31,39.63975561391845,40.10625466511447,3,167413
Temkinli,23,3191,2019,11,1108,893,215,4335,223,30,0,0,173,4192035,2559504,1607610,581880,127920,141601,155700,0,8895,591614,236741321,187768906,0,48972415,48972415,0,1723849553,180444,0,2039037,3984573,0,4.0,0.0,2.0,1.0,1.0,1043.7727269,1079.772727,642.136364,633.8045454666666,1040.7606061666668,2.359067,19.0809619,0.95,0.95,1.0,0.925,3,0:1.0500|1:0.9300|2:1.0300|3:0.9400|4:0.9500|5:1.1000|6:0.8200|,Emine Turan:4:77001|Hasan Erdoğan:6:33553|Alper Uçar:1:24739,2605008,70,305944,3162,30,38.34915500466957,38.47929271852677,3,285670
Temkinli,23,3222,2019,12,1113,895,218,4329,262,57,0,0,163,4591922,2787214,1777917,601276,132184,148214,179273,0,10746,706224,283994202,203895671,0,80098531,80098531,0,1889854621,208080,0,2074317,4213973,0,4.0,0.0,2.0,1.0,1.0,1054.5454543548387,1093.863636,638.772727,638.1612903548387,1048.1070381290322,2.389707,19.246434483870967,0.95,0.95,1.0,0.925,3,0:1.0500|1:0.9300|2:1.0300|3:0.9400|4:0.9500|5:1.1000|6:0.8200|,Emine Turan:4:77001|Hasan Erdoğan:6:33553|Alper Uçar:1:24739,2791560,72,352800,3192,31,38.718362376364404,39.426724152844095,3,353424
Temkinli,23,3253,2020,1,1078,764,314,3763,300,23,0,0,243,4080045,2460519,1585995,640026,141268,150276,181691,0,67859,404875,189885571,130658573,0,59226998,59226998,0,2118421450,208080,0,2109597,4810673,0,3.838709677419355,0.0,2.0,0.8387096774193549,1.0,1066.9061585806453,1108.409091,642.20088,640.5087976774194,1063.8973607419355,2.421786,18.50854048387097,0.95,0.95,1.0,0.925,3,0:1.0500|1:0.9300|2:1.0300|3:0.9400|4:0.9500|5:1.1000|6:0.8200|,Emine Turan:4:88321|Hasan Erdoğan:6:38486|Alper Uçar:1:28376,2518180,72,352800,3223,31,38.8719977353191,39.80718221231851,3,52075
Temkinli,23,3282,2020,2,1007,745,262,3597,275,73,0,0,211,4243140,2568676,1651730,677034,149408,143831,173913,0,12970,494574,154282270,101287448,0,52994822,52994822,0,2244259898,208080,0,2144877,4500307,0,4.0,0.0,2.0,1.0,1.0,1100.6504701034482,1134.318182,674.8636360000002,662.4858934827586,1094.507837,2.477969,17.254969551724137,0.95,0.95,1.0,0.925,3,0:1.0500|1:0.9300|2:1.0300|3:0.9400|4:0.9500|5:1.1000|6:0.8200|,Emine Turan:4:88321|Hasan Erdoğan:6:38486|Alper Uçar:1:28376,2645602,73,352800,3254,29,38.92706816178585,38.68501814780755,3,141774
Temkinli,23,3313,2020,3,1187,891,296,4215,288,15,0,0,245,4330120,2618462,1684579,723726,159712,157071,172670,0,8471,462929,189435633,122331462,0,67104171,67104171,0,2316248360,208080,0,2180157,5765887,0,4.0,0.0,2.0,1.0,1.0,1123.8343109677419,1159.772727,681.2214076774193,676.7404691612903,1118.7741936451614,2.531706,18.991264096774195,0.95,0.95,1.0,0.925,3,0:1.0500|1:0.9300|2:1.0300|3:0.9400|4:0.9500|5:1.1000|6:0.8200|,Emine Turan:4:88321|Hasan Erdoğan:6:38486|Alper Uçar:1:28376|Sinan Uçar:1:26780|Ufuk Doğan:1:24652|Sinan Aksoy:2:51255,2647464,74,352800,3283,31,38.90374862590413,39.38417780724148,3,110129
Temkinli,23,3343,2020,4,1115,852,263,4010,281,17,0,0,209,4171872,2489978,1658154,700380,154560,155546,170970,0,14430,462268,218118873,157006143,0,61112730,61112730,0,2435481795,208080,0,2215437,7846764,0,4.0,0.0,2.0,1.0,1.0,1154.8181818,1186.1363640000002,697.727273,689.5969697,1144.7121212333334,2.590438,18.396610433333333,0.95,0.95,1.0,0.925,3,0:1.0500|1:0.9300|2:1.0300|3:0.9400|4:0.9500|5:1.1000|6:0.8200|,Emine Turan:4:88321|Hasan Erdoğan:6:38486|Alper Uçar:1:28376|Sinan Uçar:1:26780|Ufuk Doğan:1:24652|Sinan Aksoy:2:51255|Hülya Doğan:1:27667,2598930,77,352800,3314,30,39.74604206456957,39.581201266465904,3,109468
Temkinli,23,3374,2020,5,1207,936,271,4446,244,31,0,0,216,4812935,2911166,1875554,723726,159712,164330,180637,0,15165,631984,262210992,181116810,0,81094182,65091300,0,2564176793,208080,0,2250717,8851616,0,4.0,0.0,2.0,1.0,1.0,1172.8739004516128,1212.5,717.181818,708.6876833548387,1169.665689096774,2.648573,18.858848580645162,0.95,0.95,1.0,0.925,3,0:1.0500|1:0.9300|2:1.0300|3:0.9400|4:0.9500|5:1.1000|6:0.8200|,Emine Turan:4:88321|Hasan Erdoğan:6:38486|Alper Uçar:1:28376|Sinan Uçar:1:26780|Ufuk Doğan:1:24652|Sinan Aksoy:2:51255|Hülya Doğan:1:27667,2947968,79,352800,3344,31,38.9690282540695,38.85260659957984,3,279184
Temkinli,23,3404,2020,6,1160,870,290,4191,298,16,0,0,245,4111120,2415576,1660148,700380,154560,162722,205680,0,9358,427448,270454639,199486705,0,70967934,86970816,0,2701401136,238966,0,2291233,9569098,0,4.0,0.0,2.0,1.0,1.0,1207.4924241666668,1240.681818,717.136364,714.9590909333333,1199.0818182,2.710017,17.6324037,0.95,0.95,1.0,0.925,3,0:1.0500|1:0.9300|2:1.0300|3:0.9400|4:0.9500|5:1.1000|6:0.8200|,Emine Turan:4:88321|Hasan Erdoğan:6:38486|Alper Uçar:1:28376|Sinan Uçar:1:26780|Ufuk Doğan:1:24652|Sinan Aksoy:2:51255|Hülya Doğan:1:27667|Osman Turan:1:25894|Emine Aydın:1:28022|Gamze Kocabaş:2:55688,2427662,81,405169,3375,30,40.38189106618148,40.60945231230571,3,22279
Temkinli,23,3435,2020,7,1203,916,287,4621,227,23,0,0,238,4843862,2950265,1870939,780726,172980,171930,217310,0,14528,513465,218137597,158471325,0,59666272,59666272,0,2736555833,238966,0,2331749,14229464,0,4.0,0.0,2.0,1.0,1.0,1210.9384166129032,1268.409091,755.3636359999999,739.3621700645161,1211.1656891935484,2.770836,18.977148967741936,0.95,0.95,1.0,0.925,3,0:1.0500|1:0.9200|2:1.0300|3:0.9300|4:0.9400|5:1.1000|6:0.8200|,Emine Turan:4:101453|Hasan Erdoğan:6:44208|Alper Uçar:1:32595|Sinan Uçar:1:30762|Ufuk Doğan:1:28317|Sinan Aksoy:2:58875|Hülya Doğan:1:31780|Osman Turan:1:29743|Emine Aydın:1:32188|Gamze Kocabaş:2:63968|Pınar Öztürk:1:31780,3074024,84,405169,3405,31,38.62494431096509,37.621630824727184,3,108296
Temkinli,23,3466,2020,8,1126,858,268,4161,247,13,0,0,224,4393436,2621087,1743473,782626,172980,175902,222363,0,15074,374528,237631458,150499601,0,87131857,87131857,0,2874684307,238966,0,2372265,15055770,0,4.0,0.0,2.0,1.0,1.0,1253.7756598709677,1297.272727,753.045455,751.111437,1247.149560032258,2.835116,18.091685290322584,0.95,0.95,1.0,0.925,3,0:1.0500|1:0.9300|2:1.0300|3:0.9400|4:0.9500|5:1.1000|6:0.8200|,Emine Turan:4:101453|Hasan Erdoğan:6:44208|Alper Uçar:1:32595|Sinan Uçar:1:30762|Ufuk Doğan:1:28317|Sinan Aksoy:2:58875|Hülya Doğan:1:31780|Osman Turan:1:29743|Emine Aydın:1:32188|Gamze Kocabaş:2:63968|Pınar Öztürk:1:31780,2587056,86,405169,3436,31,39.683587060332734,39.93778320138233,3,-30641
Temkinli,23,3496,2020,9,1132,854,278,3898,258,16,0,0,232,4630745,2749912,1846589,757380,167400,174190,191460,0,22467,533692,232372942,160869121,0,71503821,71503821,0,2997134925,238966,0,2412781,14653215,0,4.0,0.0,2.0,1.0,1.0,1280.6515152,1328.409091,765.863636,759.9984848,1274.8045453000002,2.900887,17.898181266666665,0.95,0.95,1.0,0.925,3,0:1.0500|1:0.9300|2:1.0300|3:0.9400|4:0.9500|5:1.1000|6:0.8200|,Emine Turan:4:101453|Hasan Erdoğan:6:44208|Alper Uçar:1:32595|Sinan Uçar:1:30762|Ufuk Doğan:1:28317|Sinan Aksoy:2:58875|Hülya Doğan:1:31780|Osman Turan:1:29743|Emine Aydın:1:32188|Gamze Kocabaş:2:63968|Pınar Öztürk:1:31780|Volkan Aktaş:1:27706,2871012,87,405169,3467,30,39.8767153017495,40.19734276577225,3,128523
Temkinli,23,3527,2020,10,1178,887,291,4295,302,44,0,0,224,5253415,3209220,2009555,782626,172980,184030,202275,0,16958,650686,263681506,191046280,0,72635226,72635226,0,3121969417,238966,0,2453297,16431669,0,4.0,0.0,2.0,1.0,1.0,1290.6891493225805,1356.818182,802.909091,786.4457478064515,1287.8914956451613,2.965989,19.213606612903227,0.95,0.95,1.0,0.925,3,0:1.0500|1:0.9250|2:1.0300|3:0.9350|4:0.9450|5:1.1000|6:0.8200|,Emine Turan:4:101453|Hasan Erdoğan:6:44208|Alper Uçar:1:32595|Sinan Uçar:1:30762|Ufuk Doğan:1:28317|Sinan Aksoy:2:58875|Hülya Doğan:1:31780|Osman Turan:1:29743|Emine Aydın:1:32188|Gamze Kocabaş:2:63968|Pınar Öztürk:1:31780|Volkan Aktaş:1:27706|Alper Yavuz:1:26891|Burak Turan:2:59283,3224196,91,405169,3497,31,38.25235584852901,37.79221810136022,3,245517
Temkinli,23,3557,2020,11,1115,849,266,4052,275,16,0,0,206,5025900,3062148,1919680,757380,167400,182236,200310,0,23461,588893,342220987,247066047,0,95154940,95154940,0,3039813170,238966,0,2493813,19340806,0,4.0,0.0,2.0,1.0,1.0,1318.1742427,1389.545455,806.227273,801.9636363666667,1311.6030302666666,3.034797,19.7433668,0.95,0.95,1.0,0.925,3,0:1.0500|1:0.9250|2:1.0300|3:0.9350|4:0.9450|5:1.1000|6:0.8200|,Emine Turan:4:101453|Hasan Erdoğan:6:44208|Alper Uçar:1:32595|Sinan Uçar:1:30762|Ufuk Doğan:1:28317|Sinan Aksoy:2:58875|Hülya Doğan:1:31780|Osman Turan:1:29743|Emine Aydın:1:32188|Gamze Kocabaş:2:63968|Pınar Öztürk:1:31780|Volkan Aktaş:1:27706|Alper Yavuz:1:26891|Burak Turan:2:59283|Barış Uysal:1:28928|Merve Soylu:2:54597|Yusuf Kurt:3:85766,3161372,94,405169,3528,30,38.195746035535926,38.83757951842431,3,183724
Temkinli,23,3588,2020,12,1195,862,333,3949,324,48,0,0,259,5400392,3353575,2011013,782626,172980,192530,232779,0,17679,612419,393362302,296852613,0,96509689,96509689,0,3278901474,269854,0,2539567,24063520,0,4.0,0.0,2.0,1.0,1.0,1343.775659903226,1420.681818,847.5,831.3885630967742,1343.3812316774195,3.102904,19.463171032258064,0.95,0.95,1.0,0.925,3,0:1.0500|1:0.9300|2:1.0300|3:0.9400|4:0.9500|5:1.1000|6:0.8200|,Emine Turan:4:101453|Hasan Erdoğan:6:44208|Alper Uçar:1:32595|Sinan Uçar:1:30762|Ufuk Doğan:1:28317|Sinan Aksoy:2:58875|Hülya Doğan:1:31780|Osman Turan:1:29743|Emine Aydın:1:32188|Gamze Kocabaş:2:63968|Pınar Öztürk:1:31780|Volkan Aktaş:1:27706|Alper Yavuz:1:26891|Burak Turan:2:59283|Barış Uysal:1:28928|Merve Soylu:2:54597|Yusuf Kurt:3:85766|Tolga Bulut:1:30762,3416364,97,457537,3558,31,37.23827825831903,36.93143689914476,3,154882
Temkinli,23,3619,2021,1,1146,846,300,4034,292,41,0,0,230,5711642,3503867,2174102,900926,200010,196984,238173,0,86859,551150,215086106,112418289,0,102667817,83531593,0,3545793420,269854,0,2585321,28309109,0,3.967741935483871,0.0,2.0,0.967741935483871,1.0,1396.847507483871,1453.409091,861.045455,852.9985336774193,1382.6422287419355,3.174888,18.298547903225806,0.95,0.95,1.0,0.925,3,0:1.0500|1:0.9300|2:1.0300|3:0.9400|4:0.9500|5:1.1000|6:0.8200|,Emine Turan:4:114953|Hasan Erdoğan:6:50090|Alper Uçar:1:36933|Sinan Uçar:1:34855|Ufuk Doğan:1:32085|Sinan Aksoy:2:66710|Hülya Doğan:1:36009|Osman Turan:1:33701|Emine Aydın:1:36471|Gamze Kocabaş:2:72481|Pınar Öztürk:1:36009|Volkan Aktaş:1:31393|Alper Yavuz:1:30469|Burak Turan:2:67172|Barış Uysal:1:32777|Merve Soylu:2:61862|Yusuf Kurt:3:97179|Tolga Bulut:1:34855|Emine Güneş:1:31855,3614598,101,457537,3589,31,38.06439549257464,38.35794885363016,3,93613
Temkinli,23,3647,2021,2,1015,762,253,3917,303,32,0,0,184,5593214,3432156,2134714,855288,189616,181676,219688,0,21153,667293,181246222,106592895,0,74653327,75825389,0,3682618110,269854,0,2631075,26500803,0,4.0,0.0,2.0,1.0,1.0,1437.7353895714284,1484.545455,881.136364,870.7905844285714,1419.258116857143,3.242156,17.988587071428572,0.95,0.95,1.0,0.925,3,0:1.0500|1:0.9300|2:1.0300|3:0.9400|4:0.9500|5:1.1000|6:0.8200|,Emine Turan:4:114953|Hasan Erdoğan:6:50090|Alper Uçar:1:36933|Sinan Uçar:1:34855|Ufuk Doğan:1:32085|Sinan Aksoy:2:66710|Hülya Doğan:1:36009|Osman Turan:1:33701|Emine Aydın:1:36471|Gamze Kocabaş:2:72481|Pınar Öztürk:1:36009|Volkan Aktaş:1:31393|Alper Yavuz:1:30469|Burak Turan:2:67172|Barış Uysal:1:32777|Merve Soylu:2:61862|Yusuf Kurt:3:97179|Tolga Bulut:1:34855|Emine Güneş:1:31855|Gülay Kaplan:1:34393,3493470,104,457537,3620,28,38.16614204283977,38.713592891202595,3,209756
Temkinli,23,3653,2021,3,190,146,44,682,29,0,0,0,41,837235,501305,328444,183276,40632,39648,43614,0,1774,19500,55198258,55198258,0,0,17964162,0,3701505682,0,0,2631075,5833512,0,4.0,0.0,2.0,1.0,1.0,1469.5454550000002,1513.181818,888.136364,878.4621211666666,1455.0757576666667,3.304138,17.96834133333333,0.9499999999999998,0.9499999999999998,1.0,0.9250000000000002,3,0:1.0500|1:0.9300|2:1.0300|3:0.9400|4:0.9500|5:1.1000|6:0.8200|,Emine Turan:4:114953|Hasan Erdoğan:6:50090|Alper Uçar:1:36933|Sinan Uçar:1:34855|Ufuk Doğan:1:32085|Sinan Aksoy:2:66710|Hülya Doğan:1:36009|Osman Turan:1:33701|Emine Aydın:1:36471|Gamze Kocabaş:2:72481|Pınar Öztürk:1:36009|Volkan Aktaş:1:31393|Alper Yavuz:1:30469|Burak Turan:2:67172|Barış Uysal:1:32777|Merve Soylu:2:61862|Yusuf Kurt:3:97179|Tolga Bulut:1:34855|Emine Güneş:1:31855|Gülay Kaplan:1:34393,501278,104,0,3648,6,39.22960698011908,39.563872558130576,3,19500
Dengeli,21,25,2011,3,1338,1217,121,5567,186,88,0,0,97,2382565,1783024,590636,168750,37975,50012,55000,0,9737,269162,147887,96610,0,51277,56014,523112,94309,71527,0,12127,0,0,3.0,1.0,2.0,0.0,0.0,446.51818184,457.7272730000001,328.7618182,334.40181824,448.12727284,1.0,28.879036160000002,1.0,1.0,1.0,1.0,none,0:1.0000|1:0.9100|2:1.0300|3:0.9400|4:0.9500|5:1.1000|6:0.8200|,,2072572,1,121275,1,25,24.78992178597436,26.37213184796928,none,147887
Dengeli,21,55,2011,4,1585,1426,159,6213,201,53,0,2,140,2621475,1903280,694462,202500,45570,60374,66390,0,7904,311724,190449,123172,0,67277,75181,883942,588029,71527,0,24254,0,0,3.0,1.0,2.0,0.0,0.0,449.7727271333333,459.09090899999995,324.1772727,326.07575770000005,443.680303,1.00592,27.704730933333334,1.0,1.0,1.0,1.0,none,0:1.0000|1:0.9150|2:1.0300|3:0.9400|4:0.9500|5:1.1000|6:0.8200|,,1916682,1,121275,26,30,26.49126922820168,27.9242041272327,none,190449
Dengeli,21,86,2011,5,1765,1609,156,7007,228,70,0,2,133,2890230,2093913,775577,209250,47089,62821,69099,0,4977,382341,261066,163053,0,98013,102990,935610,821770,71527,0,36381,0,0,3.0,1.0,2.0,0.0,0.0,447.3093839032258,464.31818200000004,321.9956011935484,323.48826987096777,447.3328446129032,1.01307,29.44130558064516,1.0,1.0,1.0,1.0,none,0:1.0000|1:0.9100|2:1.0300|3:0.9400|4:0.9500|5:1.1000|6:0.8200|,,2091270,1,121275,56,31,26.834438781688654,28.01501314731835,none,261066
Dengeli,21,116,2011,6,1802,1663,139,8920,153,74,0,10,113,3022175,2253843,750133,202500,45570,61245,77460,0,5955,357403,255495,171084,0,84411,90366,1071746,1146713,78030,0,49611,0,0,3.0,1.0,2.0,0.0,0.0,428.5984847333333,466.818182,318.87272740000003,320.4136364,420.0893938333333,1.020512,36.0551144,1.0,1.0,1.0,1.0,none,0:1.0000|1:0.8900|2:1.0300|3:0.9200|4:0.9500|5:1.1000|6:0.8200|,,2251368,1,132300,87,30,24.820965033461,25.601060489423514,none,225103
Dengeli,21,147,2011,7,2011,1812,199,10073,136,81,0,16,172,3473985,2726316,725278,222750,50220,63751,80600,0,10435,297522,240006,162110,0,77896,67467,1230682,1460439,78030,0,62841,0,0,3.0,1.0,2.0,0.0,0.0,417.5,470.227273,330.4926687419355,327.9369500645161,413.99266832258064,1.027766,38.25323174193548,1.0,1.0,1.0,1.0,none,0:1.0500|1:0.8900|2:1.0300|3:0.9000|4:0.9500|5:1.1000|6:0.8200|,,2769762,1,132300,117,31,20.877407357832574,20.840079343248977,none,165222
Dengeli,21,178,2011,8,2154,1959,195,11333,150,106,0,27,154,3852890,3042646,787728,223200,50220,64216,81189,0,9166,359737,376446,298203,0,78243,97923,1402598,1917048,78030,0,76071,0,0,3.0,1.0,2.0,0.0,0.0,417.954545,474.090909,329.9222873548387,330.02052783870965,416.16568893548384,1.035317,38.81738538709677,1.0,1.0,1.0,1.0,none,0:1.0500|1:0.8900|2:1.0300|3:0.9000|4:0.9500|5:1.1000|6:0.8200|,,3059346,1,132300,148,31,20.445120416103236,21.062639154973485,none,227437
Dengeli,21,208,2011,9,1846,1653,193,9104,216,112,0,13,148,3587360,2757272,803361,216000,48600,62595,68820,0,9616,397730,398470,315203,0,83267,92883,1192008,2070659,78030,0,89301,0,0,3.0,1.0,2.0,0.0,0.0,422.68181853333334,477.272727,323.70151523333334,325.12878796666666,419.5015155333333,1.042922,36.501301733333335,1.0,1.0,1.0,1.0,none,0:1.0500|1:0.9100|2:1.0300|3:0.9200|4:0.9500|5:1.1000|6:0.8200|,,2734022,1,132300,179,30,22.39421189955845,23.41721336476039,none,265430
Dengeli,21,239,2011,10,1915,1730,185,10158,217,111,0,13,153,3818010,2925638,867327,192000,43200,65146,71641,0,8735,486605,354305,231153,0,123152,131887,1232320,2315092,78030,0,102531,0,0,2.5806451612903225,0.5806451612903226,2.0,0.0,0.0,426.51026412903224,481.136364,327.170088,326.4560117096774,422.84897332258066,1.050335,38.92109406451613,1.0,1.0,1.0,1.0,none,0:1.0500|1:0.9100|2:1.0300|3:0.9200|4:0.9500|5:1.1000|6:0.8200|,,2976348,1,132300,209,31,22.71672939567995,23.29139166952822,none,354305
Dengeli,21,269,2011,11,1925,1755,170,9916,246,131,0,21,127,3929875,3015541,897533,144000,32400,63495,69840,0,0,587798,455498,344133,0,111365,111365,1466128,2891199,78030,0,115761,0,0,2.0,0.0,2.0,0.0,0.0,431.2651513333333,484.545455,329.8666666,329.23636369999997,431.4848486333333,1.058051,39.358138833333335,1.0,1.0,1.0,1.0,none,0:1.0500|1:0.9150|2:1.0300|3:0.9250|4:0.9500|5:1.1000|6:0.8200|,,3034176,1,132300,240,30,22.83871624415535,23.511866057306452,none,455498
Dengeli,21,300,2011,12,1964,1759,205,9644,288,172,0,16,154,4083650,3131276,934990,148800,33480,66077,79949,0,9290,597394,81597,-30332,0,111929,115869,1355798,2727473,79655,0,129266,0,0,2.0,0.0,2.0,0.0,0.0,431.18768287096776,487.5,330.2991202903226,329.8592373548387,428.5087976451613,1.065572,38.35206941935484,1.0,1.0,1.0,1.0,none,0:1.0500|1:0.9250|2:1.0300|3:0.9350|4:0.9500|5:1.1000|6:0.8200|,,3055182,1,135056,270,31,22.89593868230627,23.397830362152508,none,462338
Dengeli,21,331,2012,1,1767,1582,185,8794,243,145,0,5,150,3896710,2879049,999647,165180,34162,66569,80538,0,8642,644556,94917,-127669,110696,111890,117410,1037352,9880742,79655,398225,540996,0,0,2.967741935483871,0.0,2.0,0.0,0.967741935483871,450.96774200000004,491.81818200000004,327.8211143548387,328.96334309677417,454.80791774193546,1.0734,37.57982841935483,1.0,1.0,1.0,1.0,none,0:1.0500|1:0.9300|2:1.0300|3:0.9400|4:0.9500|5:1.1000|6:0.8200|,,3003736,3,135056,301,31,25.653615485884245,27.30719210625077,none,509500
Dengeli,21,360,2012,2,1503,1354,149,7364,231,99,0,0,121,3151270,2232076,905166,155034,31958,62623,75777,0,0,579774,691462,531063,0,160399,160399,1020134,10404333,79655,0,554501,0,0,3.0,0.0,2.0,0.0,1.0,471.6457679655172,494.3181819999999,332.30877737931036,330.8009404137931,471.26959251724134,1.079586,33.729883689655175,1.0,1.0,1.0,1.0,none,0:1.0500|1:0.9300|2:1.0300|3:0.9400|4:0.9500|5:1.1000|6:0.8200|,,2246460,3,135056,332,29,28.723847845471827,29.542720416478755,none,444718
Dengeli,21,391,2012,3,1693,1516,177,8546,186,112,0,0,158,3504545,2470843,1015463,165726,34162,67313,74028,0,0,674234,1040961,580180,217677,243104,243104,1058372,10859994,79655,0,568006,0,0,3.0,0.0,2.0,0.0,1.0,472.31671548387095,496.590909,328.32404693548386,329.3255130645161,473.5967741612903,1.085405,34.00946593548387,1.0,1.0,1.0,1.0,none,0:1.0500|1:0.9300|2:1.0300|3:0.9400|4:0.9500|5:1.1000|6:0.8200|,,2460736,3,135056,361,31,28.975601682957418,30.486464659814533,none,539178
Dengeli,21,421,2012,4,1478,1332,146,6476,197,93,0,0,120,2858320,1937074,900631,212130,44715,65502,72060,0,22296,483928,-38065,-387688,106950,242673,242673,946760,10043042,79655,0,581511,0,0,3.5,0.0,2.0,0.5,1.0,479.01515156666665,499.318182,321.97878786666666,324.1924242333333,480.8954545666667,1.09166,29.572489333333333,1.0,1.0,1.0,1.0,none,0:1.0500|1:0.9300|2:1.0300|3:0.9400|4:0.9500|5:1.1000|6:0.8200|,,1986404,4,135056,392,30,31.509103249461223,32.78317255443736,none,348872
Dengeli,21,452,2012,5,1508,1341,167,6477,217,92,0,0,138,2887130,1955427,915551,272676,58249,68058,74865,0,0,441703,-661507,-975594,105668,208419,208419,921910,8379730,79655,0,595016,0,0,4.0,0.0,2.0,1.0,1.0,489.3108504516129,502.045455,332.73020535483874,330.03665683870963,483.87390032258065,1.097747,27.43299229032258,1.0,1.0,1.0,1.0,none,0:1.0500|1:0.9300|2:1.0300|3:0.9400|4:0.9500|5:1.1000|6:0.8200|,,1987198,6,135056,422,31,31.71145739887016,32.00023971515387,none,306647
Dengeli,21,482,2012,6,1466,1327,139,6622,161,66,0,0,121,2600725,1766052,822151,263880,56370,66252,83790,0,0,351859,16024,-301841,0,317865,317865,851516,8164239,82906,0,609072,797643,0,4.0,0.0,2.0,1.0,1.0,484.4242424666666,505.227273,326.428788,328.45000016666665,484.59393946666665,1.104074,29.083145133333336,1.0,1.0,1.0,1.0,none,0:1.0500|1:0.9300|2:1.0300|3:0.9400|4:0.9500|5:1.1000|6:0.8200|,Kadir Bulut:4:39808,1757020,7,140569,453,30,31.612377317863288,32.615100694003424,none,211290
Dengeli,21,513,2012,7,1582,1438,144,7654,175,65,0,0,126,3085840,2029728,1026673,278676,59644,68833,87079,0,0,532441,682409,73942,130497,477970,477970,947852,8186861,82906,0,623128,1280021,0,4.0,0.0,2.0,1.0,1.0,491.70821122580645,508.18181799999996,322.18181799999996,323.7331377096774,489.14076251612903,1.11023,29.158208129032257,1.0,1.0,1.0,1.0,none,0:1.0500|1:0.9300|2:1.0300|3:0.9400|4:0.9500|5:1.1000|6:0.8200|,Kadir Bulut:4:41291,2068132,7,140569,483,31,33.27045472221502,34.47703116512633,none,391872
Dengeli,21,544,2012,8,1493,1340,153,6533,135,53,0,3,130,2674525,1775374,886166,278876,59644,69236,87575,0,0,390835,402933,-91711,128661,365983,365983,690780,7730101,82906,0,637184,1280021,0,4.0,0.0,2.0,1.0,1.0,485.00733141935484,510.909091,325.31818200000004,324.5542522258064,485.91202351612907,1.116629,28.07568216129032,1.0,1.0,1.0,1.0,none,0:1.0500|1:0.9300|2:1.0300|3:0.9400|4:0.9500|5:1.1000|6:0.8200|,Kadir Bulut:4:41291,1772818,7,140569,514,31,33.133584468270065,32.92510011179229,none,250266
Dengeli,21,574,2012,9,1485,1317,168,6216,194,88,0,0,141,2994310,2000821,979384,269880,57720,67393,74130,0,0,510261,876179,255025,126797,494357,396249,898600,8189423,82906,0,651240,1238730,0,4.0,0.0,2.0,1.0,1.0,496.7500002333333,514.090909,332.84848516666665,330.5757576666667,497.37878786666664,1.123064,27.248730533333333,1.0,1.0,1.0,1.0,none,0:1.0500|1:0.9300|2:1.0300|3:0.9400|4:0.9500|5:1.1000|6:0.8200|,Kadir Bulut:4:41291,2020508,7,140569,545,30,32.70816982877524,32.99476899641245,none,369692
Dengeli,21,605,2012,10,1550,1405,145,6691,186,63,0,0,127,3161965,2084564,1059039,278876,59644,70042,77035,0,0,573442,1201360,655702,124902,420756,518864,908898,8654563,82906,0,665296,1280021,0,4.0,0.0,2.0,1.0,1.0,490.1539589677419,516.818182,321.0,324.17155422580646,490.62903222580644,1.129326,28.360101161290324,1.0,1.0,1.0,1.0,none,0:1.0500|1:0.9200|2:1.0300|3:0.9300|4:0.9400|5:1.1000|6:0.8200|,Kadir Bulut:4:41291,2080434,7,140569,575,31,33.49306523000729,34.5103728885467,none,432873
Dengeli,21,635,2012,11,1468,1335,133,6818,161,88,0,0,114,3079385,1995618,1068217,269880,57720,68172,74970,0,0,597475,1255144,683857,122978,448309,448309,888162,9152588,82906,0,679352,1238730,0,4.0,0.0,2.0,1.0,1.0,500.5454548333334,520.227273,323.363636,322.8363635333333,498.94696973333333,1.135835,29.502050366666666,1.0,1.0,1.0,1.0,none,0:1.0500|1:0.9250|2:1.0300|3:0.9350|4:0.9450|5:1.1000|6:0.8200|,Kadir Bulut:4:41291,2028066,7,140569,606,30,34.689296726456746,35.39774802117215,none,456906
Dengeli,21,666,2012,12,1450,1287,163,6070,220,112,0,0,139,3214825,2147346,1051091,278876,59644,70818,85684,0,0,556069,907474,329851,0,577623,577623,965340,9746391,86158,0,693960,1281637,0,4.0,0.0,2.0,1.0,1.0,501.1217007096774,522.727273,336.18181799999996,332.2785924193548,502.9354837419355,1.142168,26.855030225806452,1.0,1.0,1.0,1.0,none,0:1.0500|1:0.9300|2:1.0300|3:0.9400|4:0.9500|5:1.1000|6:0.8200|,Kadir Bulut:4:41291,2182116,7,146081,636,31,32.69512337374507,32.914136920451305,none,409988
Dengeli,21,697,2013,1,1442,1287,155,6200,191,81,0,0,136,3085725,2057177,1015414,284876,61039,71252,86180,0,0,512067,1198347,597256,113698,487393,487393,910716,10126726,86158,0,708568,1330117,0,4.0,0.0,2.0,1.0,1.0,506.7521997096774,525.454545,334.363636,334.3826978709677,507.3988269677419,1.148751,27.605167580645162,1.0,1.0,1.0,1.0,none,0:1.0500|1:0.9300|2:1.0300|3:0.9400|4:0.9500|5:1.1000|6:0.8200|,Kadir Bulut:4:42907,2073794,7,146081,667,31,32.906820925390306,34.01831581756138,none,365986
Dengeli,21,725,2013,2,1271,1135,136,5312,178,70,0,0,114,2705010,1784462,897278,257488,55132,64749,78316,0,0,441593,922774,349215,112046,461513,461513,876342,10338133,86158,0,723176,1201396,0,4.0,0.0,2.0,1.0,1.0,513.5389612857142,528.863636,338.045455,336.4107143214286,510.9204546428572,1.155828,26.43124392857143,1.0,1.0,1.0,1.0,none,0:1.0500|1:0.9300|2:1.0300|3:0.9400|4:0.9500|5:1.1000|6:0.8200|,Kadir Bulut:4:42907,1790838,7,146081,698,28,33.17096794466564,34.17335772272127,none,295512
Dengeli,21,756,2013,3,1514,1352,162,6490,152,69,0,0,154,3036930,2040556,984111,285076,61039,72089,79267,0,0,486640,980477,287150,110370,582957,469427,918600,10672001,86158,0,737784,1330117,0,4.0,0.0,2.0,1.0,1.0,502.66862170967744,531.818182,336.227273,336.24340196774193,505.66129025806447,1.162259,29.987151387096773,1.0,1.0,1.0,1.0,none,0:1.0500|1:0.9150|2:1.0300|3:0.9250|4:0.9350|5:1.1000|6:0.8200|,Kadir Bulut:4:42907,2067204,7,146081,726,31,32.40479694955103,33.111545364335015,none,340559
Dengeli,21,786,2013,4,1449,1278,171,6247,159,72,0,0,153,2910680,1895970,999151,275880,59070,70184,77190,0,0,516827,1114201,488102,108669,517430,630960,903384,10895754,86158,0,752392,1287210,0,4.0,0.0,2.0,1.0,1.0,515.1893939666667,535.454545,336.0,336.0818184666667,512.7257576666666,1.16942,25.985577666666664,1.0,1.0,1.0,1.0,none,0:1.0500|1:0.9300|2:1.0300|3:0.9400|4:0.9500|5:1.1000|6:0.8200|,Kadir Bulut:4:42907,1932600,7,146081,757,30,34.32706446603543,34.78126608682873,none,370746
Dengeli,21,817,2013,5,1449,1293,156,6350,174,42,0,0,150,3017365,2007796,991300,285076,61039,72957,80228,0,0,492000,846403,285730,106944,453729,453729,872504,10941761,86158,0,767000,1330117,0,4.0,0.0,2.0,1.0,1.0,515.740469,538.409091,345.545455,342.4662756774194,517.7478006129032,1.176391,27.594130999999997,1.0,1.0,1.0,1.0,none,0:1.0500|1:0.9300|2:1.0300|3:0.9400|4:0.9500|5:1.1000|6:0.8200|,Kadir Bulut:4:42907,2011154,7,146081,787,31,32.85316824447821,33.00012782204221,none,345919
Dengeli,21,847,2013,6,1458,1322,136,6263,159,46,0,0,123,2772330,1810716,944118,275880,59070,71024,89850,0,0,448294,685995,50885,105193,529917,426224,837012,10774042,89409,0,782159,1288914,0,4.0,0.0,2.0,1.0,1.0,529.0909090333333,542.045455,347.5,345.85454539999995,527.8439392666667,1.183639,26.527354133333333,1.0,1.0,1.0,1.0,none,0:1.0500|1:0.9300|2:1.0300|3:0.9400|4:0.9500|5:1.1000|6:0.8200|,Kadir Bulut:4:42907,1886526,7,151594,818,30,34.05503673805067,34.321305834777235,none,296700
Dengeli,21,878,2013,7,1539,1356,183,6794,133,47,0,0,171,2769285,1846160,903657,201376,42232,73826,93372,0,0,492851,764894,305089,0,459805,563498,814488,11113431,89409,0,797318,1382941,0,3.161290322580645,0.0,2.0,0.16129032258064516,1.0,524.6041056774194,545.0,351.363636,349.13343116129033,524.300586516129,1.190696,27.526516032258066,1.0,1.0,1.0,1.0,none,0:1.0500|1:0.9300|2:1.0300|3:0.9400|4:0.9500|5:1.1000|6:0.8200|,Kadir Bulut:4:44611,1836378,7,151594,848,31,32.63141930137201,33.02308689592024,none,341257
Dengeli,21,909,2013,8,1383,1238,145,5824,148,40,0,0,130,2599830,1692666,891217,184326,38347,74291,93961,0,0,500292,884175,338870,93430,451875,451875,732920,11256534,89409,0,812477,1382941,0,3.0,0.0,2.0,0.0,1.0,536.0117302580645,549.090909,353.5,351.89149554838707,534.9589444516129,1.198032,23.758746645161292,1.0,1.0,1.0,1.0,none,0:1.0500|1:0.9300|2:1.0300|3:0.9400|4:0.9500|5:1.1000|6:0.8200|,Kadir Bulut:4:44611,1722604,7,151594,879,31,34.27981829581165,34.049950766971776,none,348698
Dengeli,21,939,2013,9,1384,1229,155,5486,150,57,0,0,139,2816665,1869945,924947,178380,37110,72344,79560,0,0,557553,1576702,778268,92013,706421,706421,860718,11698839,89409,0,827636,1338330,0,3.0,0.0,2.0,0.0,1.0,527.1742424,551.590909,347.41818213333335,349.2696969666667,529.8863635,1.205414,26.01551506666667,1.0,1.0,1.0,1.0,none,0:1.0500|1:0.9300|2:1.0300|3:0.9400|4:0.9500|5:1.1000|6:0.8200|,Kadir Bulut:4:44611,1888710,7,151594,910,30,32.8383744605766,34.09803548980577,none,405959
Dengeli,21,970,2013,10,1358,1213,145,5606,194,54,0,0,128,2927760,1892697,1018915,184326,38347,75190,82708,0,0,638344,1678783,935959,90577,652247,652247,851720,12569343,89409,0,842795,1382941,0,3.0,0.0,2.0,0.0,1.0,542.8079180645161,555.227273,350.590909,349.3035191290323,538.7565982580645,1.2126,23.875032870967743,1.0,1.0,1.0,1.0,none,0:1.0500|1:0.9300|2:1.0300|3:0.9400|4:0.9500|5:1.1000|6:0.8200|,Kadir Bulut:4:44611,1919530,7,151594,940,31,34.80186217449518,35.41160743378653,none,486750
Dengeli,21,1000,2013,11,1440,1291,149,5976,180,49,0,0,128,3080415,1983147,1077952,178380,37110,73215,80520,0,0,708727,2043742,1271719,89123,682900,682900,858986,13755151,89409,0,857954,1338330,0,3.0,0.0,2.0,0.0,1.0,544.4015153666667,558.409091,350.454545,349.5590912,543.4409091333333,1.220071,24.229135699999997,1.0,1.0,1.0,1.0,none,0:1.0500|1:0.9300|2:1.0300|3:0.9400|4:0.9500|5:1.1000|6:0.8200|,Kadir Bulut:4:44611,1994324,7,151594,971,30,34.99372649464439,35.62572198867577,none,557133
Dengeli,21,1031,2013,12,1336,1183,153,5204,219,85,0,0,126,2964600,1893896,1056004,300476,64498,76120,92070,0,24986,497854,2176407,1215585,87650,873172,873172,903636,14893426,94286,0,873940,1384793,0,3.7419354838709675,0.0,2.0,0.7419354838709677,1.0,547.2287390967742,562.045455,348.136364,348.81524938709674,548.2111438387097,1.227345,23.25863461290323,1.0,1.0,1.0,1.0,none,0:1.0500|1:0.9300|2:1.0300|3:0.9400|4:0.9500|5:1.1000|6:0.8200|,Kadir Bulut:4:44611,1901892,7,159862,1001,31,35.62045469877892,36.381929689106826,none,337992
Dengeli,21,1062,2014,1,1327,1163,164,5259,231,52,0,0,144,3045435,1981411,1051345,349876,75671,76586,92628,0,0,456584,1621683,901300,86159,634224,634224,783126,15338203,94286,0,889926,1440353,0,4.0,0.0,2.0,1.0,1.0,551.2316716774193,565.227273,360.909091,357.1686217419355,548.8782991290323,1.234907,22.79011812903226,1.0,1.0,1.0,1.0,none,0:1.0500|1:0.9300|2:1.0300|3:0.9400|4:0.9500|5:1.1000|6:0.8200|,Kadir Bulut:4:46463,2032848,7,159862,1032,31,34.52199767849256,34.52678618742285,none,296722
Dengeli,21,1090,2014,2,1266,1108,158,4838,209,46,0,0,141,2869465,1845127,1007834,316288,68348,69623,84224,0,0,469351,645457,-62436,84647,623246,623246,915474,14692034,94286,0,905912,1300964,0,4.0,0.0,2.0,1.0,1.0,558.814935,569.545455,354.454545,355.9724025714286,554.3944805357143,1.243005,22.651552035714285,1.0,1.0,1.0,1.0,none,0:1.0500|1:0.9300|2:1.0300|3:0.9400|4:0.9500|5:1.1000|6:0.8200|,Kadir Bulut:4:46463,1828044,8,159862,1063,28,35.122714512984125,36.570316432219194,none,309489
Dengeli,21,1121,2014,3,1366,1205,161,5496,178,37,0,0,147,2965830,1916332,1032338,350176,75671,77547,85281,0,0,443663,2292617,1303867,83117,905633,905633,810184,15769257,94286,0,921898,1440353,0,4.0,0.0,2.0,1.0,1.0,557.7492667741935,572.954545,362.954545,360.10557183870964,554.9032256774193,1.250366,23.941232161290323,1.0,1.0,1.0,1.0,none,0:1.0500|1:0.9200|2:1.0300|3:0.9300|4:0.9400|5:1.1000|6:0.8200|,Kadir Bulut:4:46463,1965586,8,159862,1091,31,34.807726673477575,34.92514170405118,none,283801
Dengeli,21,1151,2014,4,1336,1167,169,5249,179,43,0,0,151,2764970,1792723,954704,338880,73230,75526,83070,0,0,383998,2508364,1525334,81566,901464,901464,866592,17168945,94286,0,937884,1393890,0,4.0,0.0,2.0,1.0,1.0,561.6515153666666,575.454545,366.954545,364.7227273,558.1106060000001,1.258565,22.8304824,1.0,1.0,1.0,1.0,none,0:1.0500|1:0.9300|2:1.0300|3:0.9400|4:0.9500|5:1.1000|6:0.8200|,Kadir Bulut:4:46463,1827956,8,159862,1122,30,34.528548230179716,34.665084138437926,none,224136
Dengeli,21,1182,2014,5,1485,1316,169,5952,181,34,0,0,154,3157840,2082429,1060384,350176,75671,78540,86366,0,0,469631,2870267,1851493,79996,938778,938778,816104,14305434,94286,0,953870,1440353,0,4.0,0.0,2.0,1.0,1.0,555.1612902580645,579.772727,365.5,365.38856274193546,557.8636362580646,1.266552,25.512949161290322,1.0,1.0,1.0,1.0,none,0:1.0500|1:0.9200|2:1.0300|3:0.9300|4:0.9400|5:1.1000|6:0.8200|,Kadir Bulut:4:46463,2088150,8,159862,1152,31,33.57940870975097,34.16327715678829,none,309769
Dengeli,21,1212,2014,6,1422,1268,154,6046,153,25,0,0,138,2899860,1911186,975966,338880,73230,76516,96750,0,0,390590,1603766,617532,0,986234,986234,801898,15069414,97537,0,970407,1395848,0,4.0,0.0,2.0,1.0,1.0,556.9621212000001,582.954545,369.318182,367.610606,560.2575758333334,1.274857,26.637981333333336,1.0,1.0,1.0,1.0,none,0:1.0500|1:0.9200|2:1.0300|3:0.9300|4:0.9400|5:1.1000|6:0.8200|,Kadir Bulut:4:46463,1941596,8,165375,1183,30,33.655624754298486,33.6906105563719,none,225215
Dengeli,21,1243,2014,7,1516,1301,215,6413,151,38,0,0,190,3123745,2069868,1032015,356176,77066,79563,100626,0,0,418584,1663770,798139,85133,780498,780498,918408,15869552,97537,0,986944,1501051,0,4.0,0.0,2.0,1.0,1.0,566.6055717096775,587.954545,378.636364,375.2287390322581,567.2991202258064,1.282947,25.68806116129032,1.0,1.0,1.0,1.0,none,0:1.0500|1:0.9300|2:1.0300|3:0.9400|4:0.9500|5:1.1000|6:0.8200|,Kadir Bulut:4:48421,2099810,8,165375,1213,31,33.03774795958057,33.1746133633135,none,253209
Dengeli,21,1274,2014,8,1435,1253,182,6108,142,24,0,0,166,2939925,1908751,1013593,356376,77066,80090,101277,0,0,398784,1847878,869495,83869,894514,707616,887450,16823500,97537,0,1003481,1756859,0,4.0,0.0,2.0,1.0,1.0,571.1290321935484,590.681818,369.454545,372.2697946774193,569.0219941935483,1.291361,24.662749741935485,1.0,1.0,1.0,1.0,none,0:1.0500|1:0.9200|2:1.0300|3:0.9300|4:0.9400|5:1.1000|6:0.8200|,Kadir Bulut:4:48421|Yasemin Akgül:6:18272,1909138,8,165375,1244,31,34.476831891970036,35.311545347112286,none,233409
Dengeli,21,1304,2014,9,1291,1114,177,5074,189,51,0,0,155,2862045,1887278,958978,344880,74580,78016,85800,0,0,375702,1909452,1021952,82588,804912,991810,833978,17468922,97537,0,1020018,2000790,0,4.0,0.0,2.0,1.0,1.0,577.1363637333333,594.3181820000001,383.454545,379.4015152333333,577.5833334,1.299829,23.67287813333333,1.0,1.0,1.0,1.0,none,0:1.0500|1:0.9300|2:1.0300|3:0.9400|4:0.9500|5:1.1000|6:0.8200|,Kadir Bulut:4:48421|Yasemin Akgül:6:18272,1934698,8,165375,1275,30,33.506740809456176,33.55910854073722,none,210327
Dengeli,21,1335,2014,10,1406,1241,165,5876,167,55,0,0,153,3173605,2052455,1100573,356376,77066,81113,89218,0,0,496800,2262401,1289270,81289,891842,891842,895868,17175916,97537,0,1036555,2067483,0,4.0,0.0,2.0,1.0,1.0,582.4926689032258,599.318182,372.31818200000004,375.39442819354844,582.2302052580645,1.308077,24.896124322580643,1.0,1.0,1.0,1.0,none,0:1.0500|1:0.9300|2:1.0300|3:0.9400|4:0.9500|5:1.1000|6:0.8200|,Kadir Bulut:4:48421|Yasemin Akgül:6:18272,2049964,8,165375,1305,31,34.67895342993221,36.08191109065164,none,331425
Dengeli,21,1365,2014,11,1373,1201,172,5543,212,63,0,0,158,3074120,1993937,1065190,344880,74580,79007,86910,0,0,479813,1836409,725521,79972,1030916,839308,886130,17965283,97537,0,1053092,2000790,0,4.0,0.0,2.0,1.0,1.0,591.7954546666666,602.272727,386.0,382.09090899999995,587.7954545666666,1.316655,24.054915166666667,1.0,1.0,1.0,1.0,none,0:1.0500|1:0.9300|2:1.0300|3:0.9400|4:0.9500|5:1.1000|6:0.8200|,Kadir Bulut:4:48421|Yasemin Akgül:6:18272,2051932,8,165375,1336,30,34.650241369887965,34.77476094887929,none,314438
Dengeli,21,1396,2014,12,1300,1132,168,4967,252,62,0,0,141,3044625,1985844,1046025,356376,77066,82167,99417,0,0,430999,1979117,1044735,78637,855745,1047353,877848,18580737,102414,0,1070456,2070410,0,4.0,0.0,2.0,1.0,1.0,592.2140762258065,606.818182,385.545455,384.5014662258065,591.1700880967742,1.32501,22.518321935483872,1.0,1.0,1.0,1.0,none,0:1.0500|1:0.9300|2:1.0300|3:0.9400|4:0.9500|5:1.1000|6:0.8200|,Kadir Bulut:4:48421|Yasemin Akgül:6:18272,1980564,8,173644,1366,31,34.356447838403746,34.89762056027277,none,257355
Dengeli,21,1427,2015,1,1415,1217,198,5550,209,65,0,0,176,3319920,2172520,1130661,365376,79174,82696,100068,0,0,503347,2280928,1315695,77284,887949,887949,940450,19933148,102414,0,1087820,2158220,0,4.0,0.0,2.0,1.0,1.0,589.4794722580644,610.227273,383.81818200000004,384.06011748387095,588.8797654193548,1.3337,22.764188451612902,1.0,1.0,1.0,1.0,none,0:1.0500|1:0.9300|2:1.0300|3:0.9400|4:0.9500|5:1.1000|6:0.8200|,Kadir Bulut:4:50546|Yasemin Akgül:6:19074,2172506,8,173644,1397,31,34.056874864454564,34.8886263113212,none,329703
Dengeli,21,1455,2015,2,1181,1000,181,4590,170,50,0,0,168,2725265,1780743,927491,330288,71512,75225,91000,0,0,359466,1640029,753633,75912,810484,810484,995336,20595485,102414,0,1105184,1949360,0,4.0,0.0,2.0,1.0,1.0,596.5909093571428,614.5454550000001,392.681818,389.15909092857146,595.3847402857143,1.342972,21.512963250000002,1.0,1.0,1.0,1.0,none,0:1.0500|1:0.9300|2:1.0300|3:0.9400|4:0.9500|5:1.1000|6:0.8200|,Kadir Bulut:4:50546|Yasemin Akgül:6:19074,1837614,8,173644,1428,28,34.03305733570864,34.17904767889696,none,185822
Dengeli,21,1486,2015,3,1259,1095,164,4991,181,57,0,0,143,2862065,1852563,993501,365676,79174,83812,92163,0,0,372676,2244171,1071631,74521,1098019,1098019,787042,21367393,102414,0,1122548,2158220,0,4.0,0.0,2.0,1.0,1.0,601.0777125806452,618.409091,386.0,387.6847507096774,596.8607037096774,1.351403,22.49724222580645,1.0,1.0,1.0,1.0,none,0:1.0500|1:0.9300|2:1.0300|3:0.9400|4:0.9500|5:1.1000|6:0.8200|,Kadir Bulut:4:50546|Yasemin Akgül:6:19074,1847664,8,173644,1456,31,34.712733638124924,35.78201421863379,none,199032
Dengeli,21,1516,2015,4,1342,1150,192,5285,174,55,0,0,174,2936345,1914335,1002958,353880,76620,81678,89820,0,0,400960,382897,-523515,73111,833301,833301,844836,19810215,102414,0,1139912,2088600,0,4.0,0.0,2.0,1.0,1.0,596.1818182333334,622.954545,388.954545,387.93181823333333,594.2090908000001,1.360799,23.71044146666667,1.0,1.0,1.0,1.0,none,0:1.0500|1:0.9200|2:1.0300|3:0.9300|4:0.9400|5:1.1000|6:0.8200|,Kadir Bulut:4:50546|Yasemin Akgül:6:19074,1950882,9,173644,1487,30,34.15668118017467,34.75907296995577,none,227316
Dengeli,21,1547,2015,5,1391,1198,193,5486,178,44,0,0,172,2996220,1937632,1038929,365676,79174,84959,93434,0,847,414839,3267631,1969249,0,1298382,1007987,834856,22191169,102414,0,1157276,2158220,0,4.0,0.0,2.0,1.0,1.0,600.6818181612904,626.818182,389.045455,388.2184753225807,601.4076246451613,1.369954,23.86877677419355,1.0,1.0,1.0,1.0,none,0:1.0500|1:0.9250|2:1.0300|3:0.9350|4:0.9450|5:1.1000|6:0.8200|,Kadir Bulut:4:50546|Yasemin Akgül:6:19074,1980872,9,173644,1517,31,34.6746567341517,35.23269004697316,none,241195
Dengeli,21,1577,2015,6,1401,1196,205,6415,141,21,0,0,186,3060949,1987244,1049281,353880,76620,82789,104700,0,320,430972,2964469,1777202,77547,1109720,1400115,923742,23665174,105665,0,1175191,2091702,0,4.0,0.0,2.0,1.0,1.0,603.5757579333333,632.045455,393.227273,391.00757576666666,605.0196969666666,1.379479,25.764995533333334,1.0,1.0,1.0,1.0,none,0:1.0500|1:0.9250|2:1.0300|3:0.9350|4:0.9450|5:1.1000|6:0.8200|,Kadir Bulut:4:50546|Yasemin Akgül:6:19074,2010630,9,179156,1548,30,34.27959760192019,34.85038657840975,none,251816
Dengeli,21,1608,2015,7,1396,1204,192,5694,151,9,0,0,175,2902295,1910033,974034,371676,80569,86137,108934,0,711,326007,2411070,1334079,76420,1000571,1000571,664908,24656825,105665,0,1193106,2254382,0,4.0,0.0,2.0,1.0,1.0,607.0967741935484,635.227273,403.227273,399.3225806451613,607.6231671290323,1.38876,25.460327290322578,1.0,1.0,1.0,1.0,none,0:1.0500|1:0.9300|2:1.0300|3:0.9400|4:0.9500|5:1.1000|6:0.8200|,Kadir Bulut:4:52799|Yasemin Akgül:6:19923,1917318,9,179156,1578,31,33.56081997178095,33.58105492561105,none,146851
Dengeli,21,1639,2015,8,1401,1205,196,6074,164,28,0,0,181,3085540,2047617,1015329,371876,80569,86726,109678,0,1192,365288,975624,-278023,75277,1178370,1178370,849098,23489921,105665,0,1211021,2254382,0,4.0,0.0,2.0,1.0,1.0,616.5249268064516,640.909091,412.68181799999996,408.9193548387097,618.5249265161291,1.398416,24.476011806451613,1.0,1.0,1.0,1.0,none,0:1.0500|1:0.9300|2:1.0300|3:0.9400|4:0.9500|5:1.1000|6:0.8200|,Kadir Bulut:4:52799|Yasemin Akgül:6:19923,2125382,10,179156,1609,31,32.90603913739572,33.06323879917429,none,186132
Dengeli,21,1669,2015,9,1360,1152,208,5566,179,58,0,0,186,3291339,2195770,1072342,359880,77970,84499,92940,0,1081,455972,4177912,2757273,74117,1346522,1346522,967026,26243094,105665,0,1228936,2181660,0,4.0,0.0,2.0,1.0,1.0,618.0606062333334,644.090909,410.90909100000005,410.7984848666666,620.3500000333333,1.408139,24.187672833333334,1.0,1.0,1.0,1.0,none,0:1.0500|1:0.9300|2:1.0300|3:0.9400|4:0.9500|5:1.1000|6:0.8200|,Kadir Bulut:4:52799|Yasemin Akgül:6:19923,2198364,10,179156,1640,30,32.58072170627213,33.516375763824115,none,276816
Dengeli,21,1700,2015,10,1376,1185,191,5411,202,71,0,0,163,3271860,2122280,1132472,371876,80569,87905,96689,0,299,495134,5146884,3459183,72940,1614761,1614761,917562,29607789,105665,0,1246851,2254382,0,4.0,0.0,2.0,1.0,1.0,631.6568914193549,648.8636359999999,408.727273,409.72140761290325,626.9633430645162,1.417612,22.237690612903226,1.0,1.0,1.0,1.0,none,0:1.0500|1:0.9300|2:1.0300|3:0.9400|4:0.9500|5:1.1000|6:0.8200|,Kadir Bulut:4:52799|Yasemin Akgül:6:19923,2161692,10,179156,1670,31,34.612483419217206,35.29283404451178,none,315978
Dengeli,21,1730,2015,11,1370,1181,189,5341,182,42,0,0,171,3124725,2035422,1068466,359880,77970,85669,94200,0,989,449758,3907862,1950217,71746,1885899,1885899,959610,30722401,105665,0,1264766,2181660,0,4.0,0.0,2.0,1.0,1.0,628.9015152666667,653.863636,408.59090899999995,409.29696973333336,630.4136363333333,1.427469,22.518336766666668,1.0,1.0,1.0,1.0,none,0:1.0500|1:0.9300|2:1.0300|3:0.9400|4:0.9500|5:1.1000|6:0.8200|,Kadir Bulut:4:52799|Yasemin Akgül:6:19923,2027298,11,179156,1701,30,34.19392106505372,35.03101851698524,none,270602
Dengeli,21,1761,2015,12,1398,1195,203,5418,193,55,0,0,186,3555480,2336595,1198381,371876,80569,89114,107818,0,0,549004,6819766,4747984,70534,2001248,2001248,976504,35149722,110542,0,1283508,2257766,0,4.0,0.0,2.0,1.0,1.0,633.6510266451613,658.181818,417.18181799999996,414.4765395806451,635.398826967742,1.437072,23.04195348387097,1.0,1.0,1.0,1.0,none,0:1.0500|1:0.9300|2:1.0300|3:0.9400|4:0.9500|5:1.1000|6:0.8200|,Kadir Bulut:4:52799|Yasemin Akgül:6:19923,2345512,11,187425,1731,31,33.70518186011453,34.1622122497376,none,361579
Dengeli,21,1792,2016,1,1382,1153,229,5303,213,58,0,0,208,3639155,2387283,1240712,380876,82646,89735,108562,0,0,578893,6315937,3743459,69305,2503173,1935133,1172218,38720912,110542,0,1302250,2359286,0,4.0,0.0,2.0,1.0,1.0,635.2639299032259,662.272727,415.863636,415.42961851612904,635.372434,1.447064,23.05509077419355,1.0,1.0,1.0,1.0,none,0:1.0500|1:0.9200|2:1.0300|3:0.9300|4:0.9400|5:1.1000|6:0.8200|,Kadir Bulut:4:55255|Yasemin Akgül:6:20851,2441154,12,187425,1762,31,34.09340904688039,34.536872562030815,none,391468
Dengeli,21,1821,2016,2,1310,1106,204,5231,218,50,0,0,187,3520233,2286094,1217938,356584,77314,84555,102312,0,393,596780,6907052,4546557,68058,2292437,2860477,1084074,39943642,110542,0,1320992,2207074,0,4.0,0.0,2.0,1.0,1.0,642.6959248275862,667.272727,417.9200622413793,416.66300941379313,641.1238243448277,1.4576940000000003,23.203526068965516,1.0,1.0,1.0,1.0,none,0:1.0500|1:0.9250|2:1.0300|3:0.9350|4:0.9450|5:1.1000|6:0.8200|,Kadir Bulut:4:55255|Yasemin Akgül:6:20851,2300122,13,187425,1793,29,34.598221197290066,34.97390506194772,none,409355
Dengeli,21,1852,2016,3,1493,1252,241,5955,225,56,0,0,210,3673414,2448532,1200934,381176,82646,91007,100099,0,459,545547,8560811,5934198,66793,2559820,2559820,1037176,44807211,110542,0,1339734,2359286,0,4.0,0.0,2.0,1.0,1.0,638.4457478387096,671.1363640000001,427.090909,423.5087975806452,640.8240469032257,1.467709,24.740918387096777,1.0,1.0,1.0,1.0,none,0:1.0500|1:0.9250|2:1.0300|3:0.9350|4:0.9450|5:1.1000|6:0.8200|,Kadir Bulut:4:55255|Yasemin Akgül:6:20851,2475004,14,187425,1822,31,32.69258515375615,33.10458869123898,none,358122
Dengeli,21,1882,2016,4,1340,1119,221,5203,159,37,0,0,211,3305320,2173121,1116076,368880,79980,88731,97590,0,0,480895,9268665,6404296,65509,2798860,2798860,1117984,50146276,110542,0,1358476,2283180,0,4.0,0.0,2.0,1.0,1.0,655.1590907333334,676.590909,433.03181800000004,429.8666666333333,653.3257575333333,1.4784910000000002,22.4227086,1.0,1.0,1.0,1.0,none,0:1.0500|1:0.9300|2:1.0300|3:0.9400|4:0.9500|5:1.1000|6:0.8200|,Kadir Bulut:4:55255|Yasemin Akgül:6:20851,2232794,15,187425,1853,30,33.76604988321857,33.90432581568877,none,293470
Dengeli,21,1913,2016,5,1393,1175,218,5403,176,56,0,0,206,3410790,2258343,1130013,381176,82646,92340,101556,0,0,472295,10586328,6535722,64207,3986399,3986399,990188,55040222,110542,0,1377218,2359286,0,4.0,0.0,2.0,1.0,1.0,657.5513197741935,680.909091,437.0,434.5821114516129,652.2008798387097,1.489001,21.719569806451613,1.0,1.0,1.0,1.0,none,0:1.0500|1:0.9300|2:1.0300|3:0.9400|4:0.9500|5:1.1000|6:0.8200|,Kadir Bulut:4:55255|Yasemin Akgül:6:20851,2289712,17,187425,1883,31,33.130535740986694,33.541308965805435,none,284870
Dengeli,21,1943,2016,6,1427,1213,214,5922,156,26,0,0,201,3353134,2215938,1120025,368880,79980,90021,113850,0,365,466929,12571081,8847624,62886,3660571,3660571,910474,60462129,117045,0,1397063,2286758,0,4.0,0.0,2.0,1.0,1.0,658.6136364666667,685.6818179999999,436.545455,435.5909092,661.9545455,1.499939,23.295102366666665,1.0,1.0,1.0,1.0,none,0:1.0500|1:0.9300|2:1.0300|3:0.9400|4:0.9500|5:1.1000|6:0.8200|,Kadir Bulut:4:55255|Yasemin Akgül:6:20851,2215860,18,198450,1914,30,33.40233345878811,33.71751952449983,none,268479
Dengeli,21,1974,2016,7,1484,1262,222,5931,147,22,0,0,211,3451970,2254621,1182508,393176,85436,93673,118482,0,870,490871,13802847,8721142,61545,5020160,3900066,1021920,68486001,117045,0,1416908,2470204,0,4.0,0.0,2.0,1.0,1.0,661.4149561935484,692.045455,432.50733145161286,433.7976539354839,664.0850439999999,1.510601,23.573235225806453,1.0,1.0,1.0,1.0,none,0:1.0500|1:0.9300|2:1.0300|3:0.9400|4:0.9500|5:1.1000|6:0.8200|,Kadir Bulut:4:57853|Yasemin Akgül:6:21831,2273610,20,198450,1944,31,34.25603351129934,34.6087766232717,none,292421
Dengeli,21,2005,2016,8,1432,1211,221,5807,156,24,0,0,200,3375651,2180899,1171814,393576,85436,94356,119350,0,498,478598,15390228,10186444,60185,5143599,6263693,1039368,73159097,117045,0,1436753,2470204,0,4.0,0.0,2.0,1.0,1.0,670.5205278064517,696.590909,437.363636,435.49266861290323,670.5997067419354,1.521698,23.20948177419355,1.0,1.0,1.0,1.0,none,0:1.0500|1:0.9300|2:1.0300|3:0.9400|4:0.9500|5:1.1000|6:0.8200|,Kadir Bulut:4:57853|Yasemin Akgül:6:21831,2219558,20,198450,1975,31,34.713718924142334,34.77252106944492,none,280148
Dengeli,21,2035,2016,9,1367,1160,207,5669,175,48,0,0,194,3586135,2314774,1253685,380880,82680,92002,101160,0,0,596963,17919755,12593279,58805,5267671,5267671,1091544,84603338,117045,0,1456598,2390520,0,4.0,0.0,2.0,1.0,1.0,674.0530302666666,702.272727,434.1969692666667,435.42121203333335,678.7681819000001,1.5328759999999997,24.100074833333334,1.0,1.0,1.0,1.0,none,0:1.0500|1:0.9300|2:1.0300|3:0.9400|4:0.9500|5:1.1000|6:0.8200|,Kadir Bulut:4:57853|Yasemin Akgül:6:21831,2302216,21,198450,2006,30,34.95922490369158,35.584152912287756,none,398513
Dengeli,21,2066,2016,10,1398,1205,193,5532,174,50,0,0,181,3728713,2354783,1353519,393576,85436,95750,105276,0,533,672948,20343673,13797697,57405,6488571,6488571,1096308,91133956,117045,0,1476443,2470204,0,4.0,0.0,2.0,1.0,1.0,687.1774194193548,706.1363640000001,431.68181799999996,432.9046921935484,680.9457478064515,1.543772,21.498351774193548,1.0,1.0,1.0,1.0,none,0:1.0500|1:0.9300|2:1.0300|3:0.9400|4:0.9500|5:1.1000|6:0.8200|,Kadir Bulut:4:57853|Yasemin Akgül:6:21831,2401524,22,198450,2036,31,36.29989757860152,37.18044193524887,none,474498
Dengeli,21,2096,2016,11,1381,1152,229,5419,176,46,0,0,208,3572596,2238811,1316603,380880,82680,93322,102630,0,939,656152,28016757,20756845,55984,7203928,7203928,986904,101983183,117045,0,1496288,2390520,0,4.0,0.0,2.0,1.0,1.0,695.3636368,712.272727,437.363636,435.3484848,688.8803030333333,1.555113,20.83541423333333,1.0,1.0,1.0,1.0,none,0:1.0500|1:0.9300|2:1.0300|3:0.9400|4:0.9500|5:1.1000|6:0.8200|,Kadir Bulut:4:57853|Yasemin Akgül:6:21831,2267088,23,198450,2067,30,36.85283754446347,37.102889358335226,none,457702
Dengeli,21,2127,2016,12,1422,1218,204,5197,216,53,0,0,193,3658005,2343413,1293779,393576,85436,97115,117490,0,0,600162,28062260,20650972,54543,7356745,7356745,1057878,111950851,123547,0,1517235,2474647,0,4.0,0.0,2.0,1.0,1.0,689.4721407096774,716.1363640000001,441.909091,439.4648093548387,689.3475072258066,1.566167,21.15896629032258,1.0,1.0,1.0,1.0,none,0:1.0500|1:0.9300|2:1.0300|3:0.9400|4:0.9500|5:1.1000|6:0.8200|,Kadir Bulut:4:57853|Yasemin Akgül:6:21831,2336808,24,209475,2097,31,35.368431699792644,35.906171561168435,none,390687
Dengeli,21,2158,2017,1,1477,1240,237,5791,204,61,0,0,223,4197935,2711749,1464171,405576,88226,97833,118358,0,0,754178,27233200,17115171,53080,10064949,10064949,1198084,121976600,123547,0,1538182,2607937,0,4.0,0.0,2.0,1.0,1.0,699.2375369032258,722.5,453.7697944516129,449.74340174193554,694.4912023225806,1.577672,22.125510193548386,1.0,1.0,1.0,1.0,none,0:1.0500|1:0.9300|2:1.0300|3:0.9400|4:0.9500|5:1.1000|6:0.8200|,Kadir Bulut:4:61078|Yasemin Akgül:6:23048,2774220,24,209475,2128,31,34.87836281409788,35.10505793764123,none,544703
Dengeli,21,2186,2017,2,1348,1137,211,5026,176,64,0,0,190,3707781,2408234,1279887,366688,79688,89150,107856,0,486,636019,24367296,16603916,51597,7711783,7711783,1197814,128611964,123547,0,1559129,2355556,0,4.0,0.0,2.0,1.0,1.0,704.9512986785714,729.0909089999999,458.181818,455.7110389642857,706.1558441428572,1.591718,22.79669092857143,1.0,1.0,1.0,1.0,none,0:1.0500|1:0.9300|2:1.0300|3:0.9400|4:0.9500|5:1.1000|6:0.8200|,Kadir Bulut:4:61078|Yasemin Akgül:6:23048,2426484,25,209475,2159,28,34.518948125577,35.00518137084645,none,426544
Dengeli,21,2217,2017,3,1469,1224,245,5930,190,62,0,0,219,3980767,2589561,1374281,405976,88226,99508,109430,0,635,670506,38750326,30123286,50092,8576948,8576948,1108752,138909488,123547,0,1580076,2607937,0,4.0,0.0,2.0,1.0,1.0,706.099706967742,733.8636359999999,459.090909,457.74193541935483,705.1774191935484,1.604512,22.792599193548387,1.0,1.0,1.0,1.0,none,0:1.0500|1:0.9300|2:1.0300|3:0.9400|4:0.9500|5:1.1000|6:0.8200|,Kadir Bulut:4:61078|Yasemin Akgül:6:23048,2581668,26,209475,2187,31,34.52302031241718,34.98214140726538,none,461031
Dengeli,21,2247,2017,4,1399,1162,237,5289,186,37,0,0,222,3614124,2323306,1262881,392880,85380,97167,106830,0,405,580219,35781066,23166042,48564,12566460,10460069,1145210,154578342,123547,0,1601023,2523810,0,4.0,0.0,2.0,1.0,1.0,723.2651516999999,740.6818179999999,468.227273,464.78787883333337,718.0484849000001,1.618797,21.08264163333333,1.0,1.0,1.0,1.0,none,0:1.0500|1:0.9300|2:1.0300|3:0.9400|4:0.9500|5:1.1000|6:0.8200|,Kadir Bulut:4:61078|Yasemin Akgül:6:23048,2434296,26,209475,2218,30,34.94293499614291,35.26201671690467,none,370744
Dengeli,21,2278,2017,5,1430,1195,235,5488,163,67,0,0,212,3627645,2399791,1203007,405976,88226,101245,111352,0,1676,494532,40983139,30324141,47015,10611983,12718374,1051322,154496928,123547,0,1621970,2607937,0,4.0,0.0,2.0,1.0,1.0,705.4472144193547,747.272727,467.18181799999996,466.6715541290323,707.4824046774194,1.632742,23.37079835483871,1.0,1.0,1.0,1.0,none,0:1.0500|1:0.9100|2:1.0300|3:0.9200|4:0.9300|5:1.1000|6:0.8200|,Kadir Bulut:4:61078|Yasemin Akgül:6:23048,2405552,28,209475,2248,31,33.16220302703269,33.775085016880844,none,285057
Dengeli,21,2308,2017,6,1611,1339,272,6673,128,43,0,3,257,4082158,2690805,1370952,392880,85380,98878,125040,0,1066,667708,40660151,29318379,45443,11296329,11296329,1280414,168798387,130050,0,1644020,2528575,0,4.0,0.0,2.0,1.0,1.0,708.2651515666668,754.3181820000001,465.818182,466.1121210333333,707.6075757666666,1.647278,25.52045113333333,1.0,1.0,1.0,1.0,none,0:1.0500|1:0.9050|2:1.0300|3:0.9150|4:0.9250|5:1.1000|6:0.8200|,Kadir Bulut:4:61078|Yasemin Akgül:6:23048,2715032,29,220500,2279,30,33.5840014031794,34.231102438172975,none,447208
Dengeli,21,2339,2017,7,1551,1305,246,6229,160,28,0,0,228,3891669,2472323,1402986,417476,90904,103043,130324,0,36620,624619,35937891,21476511,43848,14417532,14417532,1128044,177149571,130050,0,1666070,2755652,0,3.935483870967742,0.0,2.0,0.9354838709677419,1.0,730.6011731290322,760.0,466.5,466.1451614193549,724.4354838387096,1.661468,22.97470258064516,1.0,1.0,1.0,1.0,none,0:1.0500|1:0.9250|2:1.0300|3:0.9350|4:0.9450|5:1.1000|6:0.8200|,Kadir Bulut:4:64538|Yasemin Akgül:6:24354,2538756,30,220500,2309,31,36.05101050474745,36.148473728550805,none,404119
Dengeli,21,2370,2017,8,1607,1353,254,6780,137,17,0,0,240,4258045,2679586,1557023,455576,99386,103972,131471,0,2209,764409,49307208,35857247,42229,13407732,13407732,1145640,197620532,130050,0,1688120,2755652,0,4.0,0.0,2.0,1.0,1.0,739.8533726129032,766.818182,465.090909,465.14662770967743,738.3782991290323,1.67626,23.396434322580642,1.0,1.0,1.0,1.0,none,0:1.0500|1:0.9300|2:1.0300|3:0.9400|4:0.9500|5:1.1000|6:0.8200|,Kadir Bulut:4:64538|Yasemin Akgül:6:24354,2632764,32,220500,2340,31,36.56661683941809,37.13742124909674,none,543909
Dengeli,21,2400,2017,9,1486,1229,257,5890,184,58,0,0,240,4064959,2616318,1406870,440880,96180,101490,111630,0,1982,654708,60190863,44248532,40587,15901744,15901744,1303652,218332616,130050,0,1710170,2666760,0,4.0,0.0,2.0,1.0,1.0,750.0833331666668,773.863636,485.727273,478.85000003333334,750.6303030666667,1.691183,22.9495165,1.0,1.0,1.0,1.0,none,0:1.0500|1:0.9300|2:1.0300|3:0.9400|4:0.9500|5:1.1000|6:0.8200|,Kadir Bulut:4:64538|Yasemin Akgül:6:24354,2691760,33,220500,2371,30,34.609697170377366,35.24355874574904,none,434208
Dengeli,21,2431,2017,10,1470,1206,264,5740,154,45,0,0,252,3982896,2524059,1435620,455576,99386,105802,116343,0,785,657728,69504661,47552255,76154,21876252,21876252,1164278,230516284,130050,0,1732220,2755652,0,4.0,0.0,2.0,1.0,1.0,765.1686216129032,781.1363640000001,483.954545,483.5894429032258,755.3592376451612,1.705752,21.682639225806454,1.0,1.0,1.0,1.0,none,0:1.0500|1:0.9300|2:1.0300|3:0.9400|4:0.9500|5:1.1000|6:0.8200|,Kadir Bulut:4:64538|Yasemin Akgül:6:24354,2576112,35,220500,2401,31,36.04462682430071,36.75190914391268,none,437228
Dengeli,21,2461,2017,11,1466,1207,259,5773,193,37,0,0,244,4068323,2590710,1450392,440880,96180,103290,113580,0,945,695517,67816900,49396446,35517,18384937,18384937,1250748,252622566,130050,0,1754270,2666760,0,4.0,0.0,2.0,1.0,1.0,768.9393938,787.272727,490.90909100000005,488.35000003333334,765.5424243333333,1.720938,21.788445799999998,1.0,1.0,1.0,1.0,none,0:1.0500|1:0.9300|2:1.0300|3:0.9400|4:0.9500|5:1.1000|6:0.8200|,Kadir Bulut:4:64538|Yasemin Akgül:6:24354,2644182,36,220500,2432,30,35.65085663060676,36.15763544458423,none,475017
Dengeli,21,2492,2017,12,1512,1246,266,6019,220,98,0,0,239,4733286,3038354,1671843,455576,99386,107662,130231,0,3936,875052,89429523,64494709,33777,24901037,19479756,1359398,284516606,136552,0,1777422,2760607,0,4.0,0.0,2.0,1.0,1.0,772.3533723870968,794.545455,495.0,492.7258063870967,770.1422285806451,1.735763,22.423271322580643,1.0,1.0,1.0,1.0,none,0:1.0500|1:0.9300|2:1.0300|3:0.9400|4:0.9500|5:1.1000|6:0.8200|,Kadir Bulut:4:64538|Yasemin Akgül:6:24354,3058832,37,231525,2462,31,35.320979970363084,35.910165256336796,none,643527
Dengeli,21,2523,2018,1,1498,1198,300,5938,240,81,0,0,268,4602470,2999863,1577870,467576,102176,108594,131378,0,0,768146,57205533,39396082,32012,17777439,23198720,1480782,283192802,136552,0,1800574,2909257,0,4.0,0.0,2.0,1.0,1.0,758.643695032258,801.590909,490.227273,491.1304985483871,756.9384165806451,1.751216,24.707745322580646,1.0,1.0,1.0,1.0,none,0:1.0500|1:0.9100|2:1.0300|3:0.9200|4:0.9300|5:1.1000|6:0.8200|,Kadir Bulut:4:68136|Yasemin Akgül:6:25712,3018142,39,231525,2493,31,34.283113197913295,35.38109178128011,none,536621
Dengeli,21,2551,2018,2,1517,1226,291,5975,221,76,0,0,266,4359570,2859600,1477656,422688,92288,98980,119728,0,0,743972,61115126,39052314,30221,22032591,22032591,1410500,304617686,136552,0,1823726,2627716,0,4.0,0.0,2.0,1.0,1.0,754.2694805357143,809.0909089999999,494.363636,492.76461046428574,757.9724026071428,1.766807,26.723823785714284,1.0,1.0,1.0,1.0,none,0:1.0500|1:0.9100|2:1.0300|3:0.9200|4:0.9300|5:1.1000|6:0.8200|,Kadir Bulut:4:68136|Yasemin Akgül:6:25712,2909102,41,231525,2524,28,33.89453547024133,34.457955842402384,none,512447
Dengeli,21,2582,2018,3,1659,1360,299,7076,179,67,0,0,277,4880294,3205178,1649450,467976,102176,110454,121458,0,1988,845398,97044823,73052534,28404,23963885,23963885,1505274,352251497,136552,0,1846878,2909257,0,4.0,0.0,2.0,1.0,1.0,759.0909091612904,815.227273,495.727273,494.4794720967742,759.6173021290322,1.781008,28.581491677419354,1.0,1.0,1.0,1.0,none,0:1.0500|1:0.9100|2:1.0300|3:0.9200|4:0.9300|5:1.1000|6:0.8200|,Kadir Bulut:4:68136|Yasemin Akgül:6:25712,3182964,42,231525,2552,31,33.79816871688468,34.69461074856994,none,613873
Dengeli,21,2612,2018,4,1524,1257,267,6626,187,54,0,0,246,4857255,3200098,1626724,452880,98880,107851,118590,0,1032,847491,93425145,61606974,26560,31791611,31791611,1497510,376906465,136552,0,1870030,2815410,0,4.0,0.0,2.0,1.0,1.0,779.6666666666666,822.045455,514.909091,509.6,779.4348485666667,1.796864,26.454824,1.0,1.0,1.0,1.0,none,0:1.0500|1:0.9300|2:1.0300|3:0.9400|4:0.9500|5:1.1000|6:0.8200|,Kadir Bulut:4:68136|Yasemin Akgül:6:25712,3309126,44,231525,2583,30,33.49060323166068,33.95779080803762,none,615966
Dengeli,21,2643,2018,5,1674,1381,293,6825,185,71,0,0,272,4945803,3209509,1713183,467976,102176,112407,123597,0,2798,904229,109614790,81176423,24690,28413677,28413677,1480834,371589302,136552,0,1893182,2909257,0,4.0,0.0,2.0,1.0,1.0,797.3680352580644,829.772727,513.772727,513.4692082580646,789.3284458064516,1.812343,25.443111935483874,1.0,1.0,1.0,1.0,none,0:1.0500|1:0.9300|2:1.0300|3:0.9400|4:0.9500|5:1.1000|6:0.8200|,Kadir Bulut:4:68136|Yasemin Akgül:6:25712,3200554,47,231525,2613,31,34.63912735707427,35.566425504664245,none,672704
Dengeli,21,2673,2018,6,1709,1380,329,7315,132,60,0,5,313,4606111,3004355,1565417,452880,98880,109741,138780,0,2181,762955,114909772,86287747,22792,28599233,28599233,1334592,426185450,144680,0,1917712,2820726,0,4.0,0.0,2.0,1.0,1.0,787.9621212333333,837.272727,505.272727,508.1196969666667,791.5333333333333,1.828478,28.676292733333334,1.0,1.0,1.0,1.0,none,0:1.0500|1:0.9250|2:1.0300|3:0.9350|4:0.9450|5:1.1000|6:0.8200|,Kadir Bulut:4:68136|Yasemin Akgül:6:25712,3050534,49,245306,2644,30,33.985655143786154,35.87601315033551,none,517649
Dengeli,21,2704,2018,7,1688,1360,328,6895,185,35,0,0,307,4717271,3067925,1628433,482976,105679,114361,144646,0,106,780665,90673889,55258851,20867,35394171,35394171,1356168,432523762,144680,0,1942242,3074053,0,4.0,0.0,2.0,1.0,1.0,812.947213967742,844.318182,526.9765397096774,521.1495601290322,803.0557185483872,1.84423,26.376212967741935,1.0,1.0,1.0,1.0,none,0:1.0500|1:0.9300|2:1.0300|3:0.9400|4:0.9500|5:1.1000|6:0.8200|,Kadir Bulut:4:71994|Yasemin Akgül:6:27168,3146790,51,245306,2674,31,34.52065823651005,35.17702863662339,none,535359
Dengeli,21,2735,2018,8,1696,1370,326,7186,161,38,0,2,305,4817855,3209098,1592903,483476,105679,115384,145917,0,1107,741340,126598703,91090999,18914,35488790,35488790,1329752,518147675,144680,0,1966772,3074053,0,4.0,0.0,2.0,1.0,1.0,797.9178884838709,851.590909,525.909091,525.3269795806451,802.8782990967742,1.860649,28.475249419354835,1.0,1.0,1.0,1.0,none,0:1.0500|1:0.9200|2:1.0300|3:0.9300|4:0.9400|5:1.1000|6:0.8200|,Kadir Bulut:4:71994|Yasemin Akgül:6:27168,3194432,53,245306,2705,31,33.062493578573864,34.08982320232432,none,496034
Dengeli,21,2765,2018,9,1662,1347,315,6997,179,87,0,6,292,5042800,3264195,1747149,467880,102270,112653,123900,0,2107,938339,150638522,102911930,16932,47709660,37963821,1492194,569772226,144680,0,1991302,2974890,0,4.0,0.0,2.0,1.0,1.0,811.7272727333333,859.3181820000001,518.409091,520.7848484666666,813.9106060333332,1.877214,27.929380433333332,1.0,1.0,1.0,1.0,none,0:1.0500|1:0.9300|2:1.0300|3:0.9400|4:0.9500|5:1.1000|6:0.8200|,Kadir Bulut:4:71994|Yasemin Akgül:6:27168,3300864,55,245306,2736,30,34.646406758150235,36.13506550613256,none,693033
Dengeli,21,2796,2018,10,1540,1247,293,6059,217,47,0,0,273,4727217,2963857,1737389,483476,105679,117430,129115,0,3104,898585,153632864,112039235,14921,41578708,51324547,1302992,633372780,144680,0,2015832,3074053,0,4.0,0.0,2.0,1.0,1.0,838.5263931290323,866.3636359999999,523.8665686451614,522.8782990645161,827.1217008064516,1.893385,24.28202858064516,1.0,1.0,1.0,1.0,none,0:1.0500|1:0.9300|2:1.0300|3:0.9400|4:0.9500|5:1.1000|6:0.8200|,Kadir Bulut:4:71994|Yasemin Akgül:6:27168,2987978,58,245306,2766,31,36.75289287544871,37.525333377962156,none,653279
Dengeli,21,2826,2018,11,1480,1202,278,6182,179,61,0,0,255,4647272,2990059,1625583,467880,102270,114633,126090,0,1049,813661,163072684,119219341,12881,43840462,43840462,1290116,719155797,144680,0,2040362,2974890,0,4.0,0.0,2.0,1.0,1.0,838.8409091,874.090909,541.136364,536.1075757666666,837.6,1.910241,25.257051966666666,1.0,1.0,1.0,1.0,none,0:1.0500|1:0.9300|2:1.0300|3:0.9400|4:0.9500|5:1.1000|6:0.8200|,Kadir Bulut:4:71994|Yasemin Akgül:6:27168,3066680,60,245306,2797,30,34.97929538017142,35.489988848947526,none,568355
Dengeli,21,2857,2018,12,1539,1253,286,5715,234,82,0,0,267,4804814,3050467,1735490,483476,105679,119478,144553,0,594,881710,207777396,147731890,10811,60034695,60034695,1317938,758252066,156060,0,2066822,3584075,0,4.0,0.0,2.0,1.0,1.0,836.9868034193548,881.3636359999999,526.0,530.1114369032258,839.5645161935485,1.926697,25.067905677419358,1.0,1.0,1.0,1.0,none,0:1.0500|1:0.9200|2:1.0300|3:0.9300|4:0.9400|5:1.1000|6:0.8200|,Kadir Bulut:4:71994|Yasemin Akgül:6:27168|Ayşe Kocabaş:1:17288,3014520,62,264600,2827,31,36.11981650070117,37.15552051106132,none,617110
Dengeli,21,2888,2019,1,1462,1166,296,5790,202,64,0,0,272,5017130,3166307,1821446,504476,110546,120574,145824,0,1655,938371,105342125,67904514,8711,37428900,37428900,1368396,787025860,156060,0,2093282,4480877,0,4.0,0.0,2.0,1.0,1.0,855.5498533870967,889.318182,540.4105573870968,536.5205278387098,851.3621700322581,1.94385,22.363402161290324,1.0,1.0,1.0,1.0,none,0:1.0500|1:0.9300|2:1.0300|3:0.9400|4:0.9500|5:1.1000|6:0.8200|,Kadir Bulut:4:77355|Yasemin Akgül:6:29191|Ayşe Kocabaş:1:18576|Ayşe Doğan:1:20301|Meltem Yıldız:1:17912|Erdem Aktaş:2:41265,3261562,65,264600,2858,31,36.3045406437545,36.83470866745786,none,673771
Dengeli,21,2916,2019,2,1234,959,275,4450,143,51,0,0,266,3958507,2498965,1442019,456288,99848,110195,133280,0,1875,640533,84262771,41519239,6580,42736952,42736952,1179254,892691894,156060,0,2119742,6154968,0,4.0,0.0,2.0,1.0,1.0,875.3327922857143,900.0,556.181818,550.15584425,865.9399351785714,1.967061,19.72716407142857,1.0,1.0,1.0,1.0,none,0:1.0500|1:0.9300|2:1.0300|3:0.9400|4:0.9500|5:1.1000|6:0.8200|,Kadir Bulut:4:77355|Yasemin Akgül:6:29191|Ayşe Kocabaş:1:18576|Ayşe Doğan:1:20301|Meltem Yıldız:1:17912|Erdem Aktaş:2:41265|Hülya Güneş:1:19638|Ufuk Özdemir:1:18178,2543700,69,264600,2889,28,36.42835543804773,36.46052988056471,none,375933
Dengeli,21,2947,2019,3,1311,1013,298,4687,167,45,0,0,264,3790897,2386076,1390020,505176,110546,123334,135594,0,1775,513595,152872295,98772582,4418,54095295,43254106,936446,931565326,156060,0,2146202,8826308,0,4.0,0.0,2.0,1.0,1.0,880.6011731935483,909.090909,556.1363640000001,554.4530792580646,878.1759532580645,1.988265,19.138022096774193,1.0,1.0,1.0,1.0,none,0:1.0500|1:0.9300|2:1.0300|3:0.9400|4:0.9500|5:1.1000|6:0.8200|,Kadir Bulut:4:77355|Yasemin Akgül:6:29191|Ayşe Kocabaş:1:18576|Ayşe Doğan:1:20301|Meltem Yıldız:1:17912|Erdem Aktaş:2:41265|Hülya Güneş:1:19638|Ufuk Özdemir:1:18178|Sinan Kara:1:18708|Dilek Er:2:36886|Tuncay Şahin:1:20567,2432888,73,264600,2917,31,36.66731119310285,36.84582976614247,none,248995
Dengeli,21,2977,2019,4,1396,1112,284,5364,173,51,0,0,265,4546663,2813593,1702623,488880,106980,120767,132780,0,3870,849346,163935408,119045659,2225,44887524,55728713,1389414,899198493,156060,0,2172662,9745965,0,4.0,0.0,2.0,1.0,1.0,897.3106063666667,922.045455,555.772727,554.9151514666667,886.6954545333334,2.012006,19.4197459,1.0,1.0,1.0,1.0,none,0:1.0500|1:0.9300|2:1.0300|3:0.9400|4:0.9500|5:1.1000|6:0.8200|,Kadir Bulut:4:77355|Yasemin Akgül:6:29191|Ayşe Kocabaş:1:18576|Ayşe Doğan:1:20301|Meltem Yıldız:1:17912|Erdem Aktaş:2:41265|Hülya Güneş:1:19638|Ufuk Özdemir:1:18178|Sinan Kara:1:18708|Dilek Er:2:36886|Tuncay Şahin:1:20567|Mustafa Aksoy:1:20965,2828038,78,264600,2948,30,37.44775014114747,38.062391878950386,none,584746
Dengeli,21,3008,2019,5,1463,1177,286,5600,176,47,0,0,266,4674992,2923500,1719381,505176,110546,126249,138818,0,4503,834089,202598244,148379092,0,54219152,54219152,1340586,950385435,156060,0,2199122,13354591,0,4.0,0.0,2.0,1.0,1.0,892.8079177096774,931.818182,558.272727,556.5410557419355,888.5909090322581,2.035252,20.424056483870967,1.0,1.0,1.0,1.0,none,0:1.0500|1:0.9200|2:1.0300|3:0.9300|4:0.9400|5:1.1000|6:0.8200|,Kadir Bulut:4:77355|Yasemin Akgül:6:29191|Ayşe Kocabaş:1:18576|Ayşe Doğan:1:20301|Meltem Yıldız:1:17912|Erdem Aktaş:2:41265|Hülya Güneş:1:19638|Ufuk Özdemir:1:18178|Sinan Kara:1:18708|Dilek Er:2:36886|Tuncay Şahin:1:20567|Mustafa Aksoy:1:20965|Onur Tekin:1:18178|Hasan Kalkan:2:38877|Dilek Öztürk:1:19106|Ahmet Yıldırım:2:37284|Seda Güneş:3:55728,2945850,81,264600,2978,31,36.778266144626556,37.47000716210732,none,569489
Dengeli,21,3038,2019,6,1398,1146,252,5661,129,44,0,0,231,4217680,2613214,1573899,488880,106980,123618,156330,0,0,698091,178125581,109249326,0,68876255,55082801,1130786,1038930976,167439,0,2227511,16140684,0,4.0,0.0,2.0,1.0,1.0,903.1212118666667,942.954545,565.636364,562.3,900.4560606666666,2.059555,20.45265703333333,1.0,1.0,1.0,1.0,none,0:1.0500|1:0.9250|2:1.0300|3:0.9350|4:0.9450|5:1.1000|6:0.8200|,Kadir Bulut:4:77355|Yasemin Akgül:6:29191|Ayşe Kocabaş:1:18576|Ayşe Doğan:1:20301|Meltem Yıldız:1:17912|Erdem Aktaş:2:41265|Hülya Güneş:1:19638|Ufuk Özdemir:1:18178|Sinan Kara:1:18708|Dilek Er:2:36886|Tuncay Şahin:1:20567|Mustafa Aksoy:1:20965|Onur Tekin:1:18178|Hasan Kalkan:2:38877|Dilek Öztürk:1:19106|Ahmet Yıldırım:2:37284|Seda Güneş:3:55728|Burak Öztürk:1:19770|Onur Korkmaz:1:20301,2656268,85,283894,3009,30,37.316700176400296,37.368721211753765,none,414197
Dengeli,21,3069,2019,7,1381,1105,276,5336,138,24,0,0,255,4227694,2637972,1570645,542526,119119,129226,163401,0,47359,569014,120080774,76128662,0,43952112,57745566,1265526,998301072,167439,0,2255900,19339734,0,3.838709677419355,0.0,2.0,0.8387096774193549,1.0,923.2551319032258,953.409091,585.2023462258064,577.656891483871,911.5219941935483,2.08335,19.190171677419354,1.0,1.0,1.0,1.0,none,0:1.0500|1:0.9300|2:1.0300|3:0.9400|4:0.9500|5:1.1000|6:0.8200|,Kadir Bulut:4:83208|Yasemin Akgül:6:31399|Ayşe Kocabaş:1:19981|Ayşe Doğan:1:21837|Meltem Yıldız:1:19268|Erdem Aktaş:2:44387|Hülya Güneş:1:21123|Ufuk Özdemir:1:19553|Sinan Kara:1:20124|Dilek Er:2:39677|Tuncay Şahin:1:22122|Mustafa Aksoy:1:22550|Onur Tekin:1:19553|Hasan Kalkan:2:41818|Dilek Öztürk:1:20552|Ahmet Yıldırım:2:40105|Seda Güneş:3:59944|Burak Öztürk:1:21266|Onur Korkmaz:1:21837|Tuğba Turan:1:21123|Seda Uysal:1:19125|Hasan Er:1:20124,2688138,90,283894,3039,31,37.15134065994369,36.61531617815622,none,285120
Dengeli,21,3100,2019,8,1362,1086,276,5195,158,22,0,0,254,4056097,2564925,1452863,613676,134974,130747,165354,0,1870,406242,172485471,117334309,0,55151162,55151162,1151108,1085463575,167439,0,2284289,22758236,0,4.0,0.0,2.0,1.0,1.0,927.3900291935485,965.454545,592.954545,589.2507331290323,930.5073312903226,2.108227,20.026142806451613,1.0,1.0,1.0,1.0,none,0:1.0500|1:0.9300|2:1.0300|3:0.9400|4:0.9500|5:1.1000|6:0.8200|,Kadir Bulut:4:83208|Yasemin Akgül:6:31399|Ayşe Kocabaş:1:19981|Ayşe Doğan:1:21837|Meltem Yıldız:1:19268|Erdem Aktaş:2:44387|Hülya Güneş:1:21123|Ufuk Özdemir:1:19553|Sinan Kara:1:20124|Dilek Er:2:39677|Tuncay Şahin:1:22122|Mustafa Aksoy:1:22550|Onur Tekin:1:19553|Hasan Kalkan:2:41818|Dilek Öztürk:1:20552|Ahmet Yıldırım:2:40105|Seda Güneş:3:59944|Burak Öztürk:1:21266|Onur Korkmaz:1:21837|Tuğba Turan:1:21123|Seda Uysal:1:19125|Hasan Er:1:20124|Halil Kalkan:1:18839|Kadir Şahin:2:40962|Yusuf Bulut:3:62798|Ayşe Tekin:1:22550,2597498,97,283894,3070,31,35.81923706459683,36.06200990583984,none,122348
Dengeli,21,3130,2019,9,1328,1061,267,4933,180,44,0,0,247,4620633,3021937,1568650,593880,130620,128059,140790,0,3120,572181,165194730,99410535,0,65784195,65784195,1272168,1041287465,167439,0,2312678,24787600,0,4.0,0.0,2.0,1.0,1.0,938.7878786333333,976.590909,624.8151514,611.6484849000001,940.1893940333333,2.133401,20.187698,1.0,1.0,1.1625,0.95125,0,0:1.0500|1:0.9300|2:1.0300|3:0.9400|4:0.9500|5:1.1000|6:0.8200|,Kadir Bulut:4:83208|Yasemin Akgül:6:31399|Ayşe Kocabaş:1:19981|Ayşe Doğan:1:21837|Meltem Yıldız:1:19268|Erdem Aktaş:2:44387|Hülya Güneş:1:21123|Ufuk Özdemir:1:19553|Sinan Kara:1:20124|Dilek Er:2:39677|Tuncay Şahin:1:22122|Mustafa Aksoy:1:22550|Onur Tekin:1:19553|Hasan Kalkan:2:41818|Dilek Öztürk:1:20552|Ahmet Yıldırım:2:40105|Seda Güneş:3:59944|Burak Öztürk:1:21266|Onur Korkmaz:1:21837|Tuğba Turan:1:21123|Seda Uysal:1:19125|Hasan Er:1:20124|Halil Kalkan:1:18839|Kadir Şahin:2:40962|Yusuf Bulut:3:62798|Ayşe Tekin:1:22550|Ayşe Soylu:1:19696|Pınar Koç:1:21266|Zeynep Şahin:2:38678,3087770,103,283894,3101,30,33.94881177535632,33.444480311186794,none|0,288287
Dengeli,21,3161,2019,10,1397,1113,284,5200,241,45,0,0,258,4785893,3245862,1505329,613676,134974,133848,147188,0,1698,473945,91643788,43842267,0,47801521,47801521,1392978,1006688634,167439,0,2341067,28869210,0,4.0,0.0,2.0,1.0,1.0,948.6217011290322,987.727273,644.0,638.244868,947.8519061935484,2.158049,20.328948258064518,1.0,1.0,1.25,0.925,0,0:1.0500|1:0.9300|2:1.0300|3:0.9400|4:0.9500|5:1.1000|6:0.8200|,Kadir Bulut:4:83208|Yasemin Akgül:6:31399|Ayşe Kocabaş:1:19981|Ayşe Doğan:1:21837|Meltem Yıldız:1:19268|Erdem Aktaş:2:44387|Hülya Güneş:1:21123|Ufuk Özdemir:1:19553|Sinan Kara:1:20124|Dilek Er:2:39677|Tuncay Şahin:1:22122|Mustafa Aksoy:1:22550|Onur Tekin:1:19553|Hasan Kalkan:2:41818|Dilek Öztürk:1:20552|Ahmet Yıldırım:2:40105|Seda Güneş:3:59944|Burak Öztürk:1:21266|Onur Korkmaz:1:21837|Tuğba Turan:1:21123|Seda Uysal:1:19125|Hasan Er:1:20124|Halil Kalkan:1:18839|Kadir Şahin:2:40962|Yusuf Bulut:3:62798|Ayşe Tekin:1:22550|Ayşe Soylu:1:19696|Pınar Koç:1:21266|Zeynep Şahin:2:38678|Meltem Özkan:1:20410|Murat Arslan:2:39677|Emine Bulut:1:20695,3380154,110,283894,3131,31,31.453461245372598,32.11203167358253,0,190051
Dengeli,21,3191,2019,11,1269,1002,267,4678,200,41,0,0,233,4206271,2774217,1403854,593880,130620,131090,144120,0,4603,399541,150936867,91575974,0,59360893,59360893,1373828,1103728111,167439,0,2369456,28687380,0,4.0,0.0,2.0,1.0,1.0,968.8863638666667,999.772727,639.454545,640.1075758000001,962.4196968333333,2.183819,18.3959646,1.0,1.0,1.25,0.925,0,0:1.0500|1:0.9300|2:1.0300|3:0.9400|4:0.9500|5:1.1000|6:0.8200|,Kadir Bulut:4:83208|Yasemin Akgül:6:31399|Ayşe Kocabaş:1:19981|Ayşe Doğan:1:21837|Meltem Yıldız:1:19268|Erdem Aktaş:2:44387|Hülya Güneş:1:21123|Ufuk Özdemir:1:19553|Sinan Kara:1:20124|Dilek Er:2:39677|Tuncay Şahin:1:22122|Mustafa Aksoy:1:22550|Onur Tekin:1:19553|Hasan Kalkan:2:41818|Dilek Öztürk:1:20552|Ahmet Yıldırım:2:40105|Seda Güneş:3:59944|Burak Öztürk:1:21266|Onur Korkmaz:1:21837|Tuğba Turan:1:21123|Seda Uysal:1:19125|Hasan Er:1:20124|Halil Kalkan:1:18839|Kadir Şahin:2:40962|Yusuf Bulut:3:62798|Ayşe Tekin:1:22550|Ayşe Soylu:1:19696|Pınar Koç:1:21266|Zeynep Şahin:2:38678|Meltem Özkan:1:20410|Murat Arslan:2:39677|Emine Bulut:1:20695,2766080,115,283894,3162,30,33.3752627921501,34.0010790896012,0,115647
Dengeli,21,3222,2019,12,1332,1044,288,4775,284,30,0,0,256,4883197,3272622,1586666,613676,134974,137011,165726,0,4855,530424,230727686,149204530,0,81523156,81523156,1569960,1083763996,180444,0,2400050,29715228,0,4.0,0.0,2.0,1.0,1.0,968.5117301935485,1010.681818,644.090909,642.0659822903226,966.2228739677419,2.209049,18.570272193548387,1.0,1.0,1.25,0.925,0,0:1.0500|1:0.9300|2:1.0300|3:0.9400|4:0.9500|5:1.1000|6:0.8200|,Kadir Bulut:4:83208|Yasemin Akgül:6:31399|Ayşe Kocabaş:1:19981|Ayşe Doğan:1:21837|Meltem Yıldız:1:19268|Erdem Aktaş:2:44387|Hülya Güneş:1:21123|Ufuk Özdemir:1:19553|Sinan Kara:1:20124|Dilek Er:2:39677|Tuncay Şahin:1:22122|Mustafa Aksoy:1:22550|Onur Tekin:1:19553|Hasan Kalkan:2:41818|Dilek Öztürk:1:20552|Ahmet Yıldırım:2:40105|Seda Güneş:3:59944|Burak Öztürk:1:21266|Onur Korkmaz:1:21837|Tuğba Turan:1:21123|Seda Uysal:1:19125|Hasan Er:1:20124|Halil Kalkan:1:18839|Kadir Şahin:2:40962|Yusuf Bulut:3:62798|Ayşe Tekin:1:22550|Ayşe Soylu:1:19696|Pınar Koç:1:21266|Zeynep Şahin:2:38678|Meltem Özkan:1:20410|Murat Arslan:2:39677|Emine Bulut:1:20695,3292806,119,305944,3192,31,32.49236104953374,33.49683964371974,0,224480
Dengeli,21,3253,2020,1,1381,1065,316,5015,199,43,0,0,294,4917767,3257583,1624732,637676,140554,138654,167710,0,7219,532919,86687454,31145025,0,55542429,55542429,1558948,1166890415,180444,0,2430644,31863288,0,4.0,0.0,2.0,1.0,1.0,980.4838709032258,1023.409091,647.318182,645.1041055806452,980.0073313225806,2.235427,19.99318348387097,1.0,1.0,1.25,0.925,0,0:1.0500|1:0.9300|2:1.0300|3:0.9400|4:0.9500|5:1.1000|6:0.8200|,Kadir Bulut:4:89438|Yasemin Akgül:6:33750|Ayşe Kocabaş:1:21478|Ayşe Doğan:1:23472|Meltem Yıldız:1:20710|Erdem Aktaş:2:47710|Hülya Güneş:1:22704|Ufuk Özdemir:1:21017|Sinan Kara:1:21631|Dilek Er:2:42648|Tuncay Şahin:1:23778|Mustafa Aksoy:1:24239|Onur Tekin:1:21017|Hasan Kalkan:2:44949|Dilek Öztürk:1:22090|Ahmet Yıldırım:2:43108|Seda Güneş:3:64433|Burak Öztürk:1:22858|Onur Korkmaz:1:23472|Tuğba Turan:1:22704|Seda Uysal:1:20557|Hasan Er:1:21631|Halil Kalkan:1:20250|Kadir Şahin:2:44029|Yusuf Bulut:3:67500|Ayşe Tekin:1:24239|Ayşe Soylu:1:21170|Pınar Koç:1:22858|Zeynep Şahin:2:41574|Meltem Özkan:1:21937|Murat Arslan:2:42648|Emine Bulut:1:22245,3333968,121,305944,3223,31,33.038002817132245,33.97972152222272,0,226975
Dengeli,21,3282,2020,2,1320,999,321,4793,198,64,0,0,300,4977554,3330895,1607463,597284,131486,131247,158746,0,5706,582994,61450184,10663854,0,50786330,50786330,1581882,1169403915,180444,0,2461238,29807592,0,4.0,0.0,2.0,1.0,1.0,994.8746083103448,1035.227273,663.0266461724138,657.3134796206896,1000.6097177586207,2.262121,19.43045472413793,0.9862068965517242,0.9862068965517242,1.2498275862068964,0.9227830344827587,1,0:1.0500|1:0.9300|2:1.0300|3:0.9400|4:0.9500|5:1.1000|6:0.8200|,Kadir Bulut:4:89438|Yasemin Akgül:6:33750|Ayşe Kocabaş:1:21478|Ayşe Doğan:1:23472|Meltem Yıldız:1:20710|Erdem Aktaş:2:47710|Hülya Güneş:1:22704|Ufuk Özdemir:1:21017|Sinan Kara:1:21631|Dilek Er:2:42648|Tuncay Şahin:1:23778|Mustafa Aksoy:1:24239|Onur Tekin:1:21017|Hasan Kalkan:2:44949|Dilek Öztürk:1:22090|Ahmet Yıldırım:2:43108|Seda Güneş:3:64433|Burak Öztürk:1:22858|Onur Korkmaz:1:23472|Tuğba Turan:1:22704|Seda Uysal:1:20557|Hasan Er:1:21631|Halil Kalkan:1:20250|Kadir Şahin:2:44029|Yusuf Bulut:3:67500|Ayşe Tekin:1:24239|Ayşe Soylu:1:21170|Pınar Koç:1:22858|Zeynep Şahin:2:41574|Meltem Özkan:1:21937|Murat Arslan:2:42648|Emine Bulut:1:22245,3386820,128,305944,3254,29,32.29423528102357,33.35575753627165,0|1,277050
Dengeli,21,3313,2020,3,1275,957,318,4495,265,20,0,0,289,4205507,2772815,1415419,638476,140554,141879,155992,0,2678,335840,89028327,19311118,0,69717209,69717209,1245882,1184262289,180444,0,2491832,31863288,0,4.0,0.0,2.0,1.0,1.0,1008.0938416451613,1047.045455,663.5322580645161,662.274193516129,1005.5000000645161,2.28738,19.920210419354838,0.9,0.9,1.2341666774193547,0.8015934193548386,1,0:1.0500|1:0.9300|2:1.0300|3:0.9400|4:0.9500|5:1.1000|6:0.8200|,Kadir Bulut:4:89438|Yasemin Akgül:6:33750|Ayşe Kocabaş:1:21478|Ayşe Doğan:1:23472|Meltem Yıldız:1:20710|Erdem Aktaş:2:47710|Hülya Güneş:1:22704|Ufuk Özdemir:1:21017|Sinan Kara:1:21631|Dilek Er:2:42648|Tuncay Şahin:1:23778|Mustafa Aksoy:1:24239|Onur Tekin:1:21017|Hasan Kalkan:2:44949|Dilek Öztürk:1:22090|Ahmet Yıldırım:2:43108|Seda Güneş:3:64433|Burak Öztürk:1:22858|Onur Korkmaz:1:23472|Tuğba Turan:1:22704|Seda Uysal:1:20557|Hasan Er:1:21631|Halil Kalkan:1:20250|Kadir Şahin:2:44029|Yusuf Bulut:3:67500|Ayşe Tekin:1:24239|Ayşe Soylu:1:21170|Pınar Koç:1:22858|Zeynep Şahin:2:41574|Meltem Özkan:1:21937|Murat Arslan:2:42648|Emine Bulut:1:22245,2807100,135,305944,3283,31,33.656322531385634,34.179514777943396,1,29896
Dengeli,21,3343,2020,4,1405,1056,349,5069,310,34,0,0,315,4662985,3151909,1482819,617880,136020,138924,152760,0,3159,434076,126860025,68363063,0,58496962,58496962,1494102,1185475201,180444,0,2522426,30835440,0,4.0,0.0,2.0,1.0,1.0,1011.0909090333333,1058.863636,687.3560606333334,679.1181819,1014.3606059666668,2.314693,21.518226666666667,0.9,0.9,1.20875,0.8,1,0:1.0500|1:0.9300|2:1.0300|3:0.9400|4:0.9500|5:1.1000|6:0.8200|,Kadir Bulut:4:89438|Yasemin Akgül:6:33750|Ayşe Kocabaş:1:21478|Ayşe Doğan:1:23472|Meltem Yıldız:1:20710|Erdem Aktaş:2:47710|Hülya Güneş:1:22704|Ufuk Özdemir:1:21017|Sinan Kara:1:21631|Dilek Er:2:42648|Tuncay Şahin:1:23778|Mustafa Aksoy:1:24239|Onur Tekin:1:21017|Hasan Kalkan:2:44949|Dilek Öztürk:1:22090|Ahmet Yıldırım:2:43108|Seda Güneş:3:64433|Burak Öztürk:1:22858|Onur Korkmaz:1:23472|Tuğba Turan:1:22704|Seda Uysal:1:20557|Hasan Er:1:21631|Halil Kalkan:1:20250|Kadir Şahin:2:44029|Yusuf Bulut:3:67500|Ayşe Tekin:1:24239|Ayşe Soylu:1:21170|Pınar Koç:1:22858|Zeynep Şahin:2:41574|Meltem Özkan:1:21937|Murat Arslan:2:42648|Emine Bulut:1:22245,3220790,141,305944,3314,30,31.799780612633324,32.01837198887594,1,128132
Dengeli,21,3374,2020,5,1403,1054,349,5161,310,43,0,2,303,4947827,3289313,1624206,638476,140554,145229,159681,0,3690,536576,163781650,83230570,0,80551080,64434779,1338028,1242469068,180444,0,2553020,31863288,0,4.0,0.0,2.0,1.0,1.0,1037.0967741290322,1072.045455,686.8152491935483,685.7082111935484,1029.967742,2.341436,19.57877851612903,0.9,0.9,1.183333322580645,0.8,1,0:1.0500|1:0.9300|2:1.0300|3:0.9400|4:0.9500|5:1.1000|6:0.8200|,Kadir Bulut:4:89438|Yasemin Akgül:6:33750|Ayşe Kocabaş:1:21478|Ayşe Doğan:1:23472|Meltem Yıldız:1:20710|Erdem Aktaş:2:47710|Hülya Güneş:1:22704|Ufuk Özdemir:1:21017|Sinan Kara:1:21631|Dilek Er:2:42648|Tuncay Şahin:1:23778|Mustafa Aksoy:1:24239|Onur Tekin:1:21017|Hasan Kalkan:2:44949|Dilek Öztürk:1:22090|Ahmet Yıldırım:2:43108|Seda Güneş:3:64433|Burak Öztürk:1:22858|Onur Korkmaz:1:23472|Tuğba Turan:1:22704|Seda Uysal:1:20557|Hasan Er:1:21631|Halil Kalkan:1:20250|Kadir Şahin:2:44029|Yusuf Bulut:3:67500|Ayşe Tekin:1:24239|Ayşe Soylu:1:21170|Pınar Koç:1:22858|Zeynep Şahin:2:41574|Meltem Özkan:1:21937|Murat Arslan:2:42648|Emine Bulut:1:22245,3316376,145,305944,3344,31,32.82665299332414,33.775201473329716,1,230632
Dengeli,21,3404,2020,6,1241,941,300,4527,245,27,0,0,272,3829678,2540548,1253765,617880,136020,142225,179850,0,2926,174864,144971855,79204594,0,65767261,81883562,1267020,1282717798,193449,0,2585819,30913215,0,4.0,0.0,2.0,1.0,1.0,1033.1136361333333,1084.545455,691.8772726666667,689.1499999333333,1032.5318181333334,2.369395,19.82027736666667,0.9,0.9,1.1579166666666665,0.8,1,0:1.0500|1:0.9300|2:1.0300|3:0.9400|4:0.9500|5:1.1000|6:0.8200|,Kadir Bulut:4:89438|Yasemin Akgül:6:33750|Ayşe Kocabaş:1:21478|Ayşe Doğan:1:23472|Meltem Yıldız:1:20710|Erdem Aktaş:2:47710|Hülya Güneş:1:22704|Ufuk Özdemir:1:21017|Sinan Kara:1:21631|Dilek Er:2:42648|Tuncay Şahin:1:23778|Mustafa Aksoy:1:24239|Onur Tekin:1:21017|Hasan Kalkan:2:44949|Dilek Öztürk:1:22090|Ahmet Yıldırım:2:43108|Seda Güneş:3:64433|Burak Öztürk:1:22858|Onur Korkmaz:1:23472|Tuğba Turan:1:22704|Seda Uysal:1:20557|Hasan Er:1:21631|Halil Kalkan:1:20250|Kadir Şahin:2:44029|Yusuf Bulut:3:67500|Ayşe Tekin:1:24239|Ayşe Soylu:1:21170|Pınar Koç:1:22858|Zeynep Şahin:2:41574|Meltem Özkan:1:21937|Murat Arslan:2:42648|Emine Bulut:1:22245,2618044,149,327994,3375,30,32.73813098646936,33.029896376532456,1,-153130
Dengeli,21,3435,2020,7,1357,1038,319,5010,240,14,0,0,291,4596472,2974606,1605236,662476,146134,148671,187984,0,3044,456927,135072077,75983968,0,59088109,59088109,1230542,1284427361,193449,0,2618618,34274313,0,4.0,0.0,2.0,1.0,1.0,1054.4941349032258,1097.5,680.2316716451612,684.7038123225806,1048.3709678387097,2.39677,19.699746677419355,0.9,0.9,1.1325,0.8,1,0:1.0500|1:0.9200|2:1.0300|3:0.9300|4:0.9400|5:1.1000|6:0.8200|,Kadir Bulut:4:96205|Yasemin Akgül:6:36304|Ayşe Kocabaş:1:23102|Ayşe Doğan:1:25247|Meltem Yıldız:1:22278|Erdem Aktaş:2:51320|Hülya Güneş:1:24423|Ufuk Özdemir:1:22607|Sinan Kara:1:23268|Dilek Er:2:45875|Tuncay Şahin:1:25578|Mustafa Aksoy:1:26073|Onur Tekin:1:22607|Hasan Kalkan:2:48351|Dilek Öztürk:1:23763|Ahmet Yıldırım:2:46370|Seda Güneş:3:69308|Burak Öztürk:1:24588|Onur Korkmaz:1:25247|Tuğba Turan:1:24423|Seda Uysal:1:22112|Hasan Er:1:23268|Halil Kalkan:1:21783|Kadir Şahin:2:47360|Yusuf Bulut:3:72608|Ayşe Tekin:1:26073|Ayşe Soylu:1:22773|Pınar Koç:1:24588|Zeynep Şahin:2:44720|Meltem Özkan:1:23597|Murat Arslan:2:45875|Emine Bulut:1:23928,2677786,151,327994,3405,31,34.923219373467305,35.492133229589925,1,128933
Dengeli,21,3466,2020,8,1312,986,326,4766,235,18,0,0,294,4305379,2785303,1487912,663276,146134,150439,190216,0,1424,336423,62829255,-17063587,0,79892842,79892842,1398142,1390732616,193449,0,2651417,34274313,0,4.0,0.0,2.0,1.0,1.0,1060.2859238064516,1109.545455,687.2771260645161,685.2521992258065,1056.4662757741935,2.4253900000000006,20.040595612903225,0.9,0.9,1.1066666774193548,0.8,1,0:1.0500|1:0.9300|2:1.0300|3:0.9400|4:0.9500|5:1.1000|6:0.8200|,Kadir Bulut:4:96205|Yasemin Akgül:6:36304|Ayşe Kocabaş:1:23102|Ayşe Doğan:1:25247|Meltem Yıldız:1:22278|Erdem Aktaş:2:51320|Hülya Güneş:1:24423|Ufuk Özdemir:1:22607|Sinan Kara:1:23268|Dilek Er:2:45875|Tuncay Şahin:1:25578|Mustafa Aksoy:1:26073|Onur Tekin:1:22607|Hasan Kalkan:2:48351|Dilek Öztürk:1:23763|Ahmet Yıldırım:2:46370|Seda Güneş:3:69308|Burak Öztürk:1:24588|Onur Korkmaz:1:25247|Tuğba Turan:1:24423|Seda Uysal:1:22112|Hasan Er:1:23268|Halil Kalkan:1:21783|Kadir Şahin:2:47360|Yusuf Bulut:3:72608|Ayşe Tekin:1:26073|Ayşe Soylu:1:22773|Pınar Koç:1:24588|Zeynep Şahin:2:44720|Meltem Özkan:1:23597|Murat Arslan:2:45875|Emine Bulut:1:23928,2795434,159,327994,3436,31,34.5593732863007,35.18001978210039,1,8429
Dengeli,21,3496,2020,9,1162,867,295,3900,296,48,0,0,256,3946372,2503787,1420431,641880,141420,147326,162000,0,1559,326246,190528911,118848638,0,71680273,71680273,1103166,1420398759,193449,0,2684216,33168690,0,4.0,0.0,2.0,1.0,1.0,1093.3030302333332,1123.8636359999998,695.1863636333333,691.6242424333334,1081.1333333666666,2.454351,18.663951066666666,0.9,0.9,1.08125,0.8,1,0:1.0500|1:0.9300|2:1.0300|3:0.9400|4:0.9500|5:1.1000|6:0.8200|,Kadir Bulut:4:96205|Yasemin Akgül:6:36304|Ayşe Kocabaş:1:23102|Ayşe Doğan:1:25247|Meltem Yıldız:1:22278|Erdem Aktaş:2:51320|Hülya Güneş:1:24423|Ufuk Özdemir:1:22607|Sinan Kara:1:23268|Dilek Er:2:45875|Tuncay Şahin:1:25578|Mustafa Aksoy:1:26073|Onur Tekin:1:22607|Hasan Kalkan:2:48351|Dilek Öztürk:1:23763|Ahmet Yıldırım:2:46370|Seda Güneş:3:69308|Burak Öztürk:1:24588|Onur Korkmaz:1:25247|Tuğba Turan:1:24423|Seda Uysal:1:22112|Hasan Er:1:23268|Halil Kalkan:1:21783|Kadir Şahin:2:47360|Yusuf Bulut:3:72608|Ayşe Tekin:1:26073|Ayşe Soylu:1:22773|Pınar Koç:1:24588|Zeynep Şahin:2:44720|Meltem Özkan:1:23597|Murat Arslan:2:45875|Emine Bulut:1:23928,2553964,165,327994,3467,30,35.99333767825233,36.414119012826085,1,-1748
Dengeli,21,3527,2020,10,1304,999,305,4655,292,32,0,0,278,4823907,3074275,1718761,663276,146134,153975,169322,0,4030,582024,153204628,82650087,0,70554541,70554541,1396216,1458365501,193449,0,2717015,34274313,0,4.0,0.0,2.0,1.0,1.0,1097.1847507096775,1136.590909,699.2888563548388,696.709677451613,1089.8988270322582,2.482707,18.465879548387097,0.9,0.9,1.055833322580645,0.8,1,0:1.0500|1:0.9300|2:1.0300|3:0.9400|4:0.9500|5:1.1000|6:0.8200|,Kadir Bulut:4:96205|Yasemin Akgül:6:36304|Ayşe Kocabaş:1:23102|Ayşe Doğan:1:25247|Meltem Yıldız:1:22278|Erdem Aktaş:2:51320|Hülya Güneş:1:24423|Ufuk Özdemir:1:22607|Sinan Kara:1:23268|Dilek Er:2:45875|Tuncay Şahin:1:25578|Mustafa Aksoy:1:26073|Onur Tekin:1:22607|Hasan Kalkan:2:48351|Dilek Öztürk:1:23763|Ahmet Yıldırım:2:46370|Seda Güneş:3:69308|Burak Öztürk:1:24588|Onur Korkmaz:1:25247|Tuğba Turan:1:24423|Seda Uysal:1:22112|Hasan Er:1:23268|Halil Kalkan:1:21783|Kadir Şahin:2:47360|Yusuf Bulut:3:72608|Ayşe Tekin:1:26073|Ayşe Soylu:1:22773|Pınar Koç:1:24588|Zeynep Şahin:2:44720|Meltem Özkan:1:23597|Murat Arslan:2:45875|Emine Bulut:1:23928,3087948,171,327994,3497,31,35.63006086145525,36.26516811297942,1,254030
Dengeli,21,3557,2020,11,1233,925,308,4404,289,20,0,0,286,4778844,3067454,1687304,641880,141420,150808,165810,0,6269,581117,162581595,70052809,0,92528786,92528786,1539270,1435590166,193449,0,2749814,33168690,0,4.0,0.0,2.0,1.0,1.0,1114.6439394000001,1150.454545,716.3500000333333,708.9287878666668,1103.1045453333334,2.512353,18.20505016666667,0.9,0.9,1.0304166666666668,0.8,1,0:1.0500|1:0.9300|2:1.0300|3:0.9400|4:0.9500|5:1.1000|6:0.8200|,Kadir Bulut:4:96205|Yasemin Akgül:6:36304|Ayşe Kocabaş:1:23102|Ayşe Doğan:1:25247|Meltem Yıldız:1:22278|Erdem Aktaş:2:51320|Hülya Güneş:1:24423|Ufuk Özdemir:1:22607|Sinan Kara:1:23268|Dilek Er:2:45875|Tuncay Şahin:1:25578|Mustafa Aksoy:1:26073|Onur Tekin:1:22607|Hasan Kalkan:2:48351|Dilek Öztürk:1:23763|Ahmet Yıldırım:2:46370|Seda Güneş:3:69308|Burak Öztürk:1:24588|Onur Korkmaz:1:25247|Tuğba Turan:1:24423|Seda Uysal:1:22112|Hasan Er:1:23268|Halil Kalkan:1:21783|Kadir Şahin:2:47360|Yusuf Bulut:3:72608|Ayşe Tekin:1:26073|Ayşe Soylu:1:22773|Pınar Koç:1:24588|Zeynep Şahin:2:44720|Meltem Özkan:1:23597|Murat Arslan:2:45875|Emine Bulut:1:23928,3107354,176,327994,3528,30,35.3077857322817,35.73284035268373,1,253123
Dengeli,21,3588,2020,12,1334,1004,330,4489,301,32,0,0,301,5375745,3425968,1918130,663276,146134,157633,190650,0,4969,755468,246874385,153568256,0,93306129,93306129,1507068,1616508474,204829,0,2784543,34341167,0,4.0,0.0,2.0,1.0,1.0,1106.2243399677418,1163.409091,695.3064517096775,701.1495600322581,1105.417888516129,2.54138,19.958493999999998,0.9,0.9,1.0062096774193547,0.8,1,0:1.0500|1:0.9200|2:1.0300|3:0.9300|4:0.9400|5:1.1000|6:0.8200|,Kadir Bulut:4:96205|Yasemin Akgül:6:36304|Ayşe Kocabaş:1:23102|Ayşe Doğan:1:25247|Meltem Yıldız:1:22278|Erdem Aktaş:2:51320|Hülya Güneş:1:24423|Ufuk Özdemir:1:22607|Sinan Kara:1:23268|Dilek Er:2:45875|Tuncay Şahin:1:25578|Mustafa Aksoy:1:26073|Onur Tekin:1:22607|Hasan Kalkan:2:48351|Dilek Öztürk:1:23763|Ahmet Yıldırım:2:46370|Seda Güneş:3:69308|Burak Öztürk:1:24588|Onur Korkmaz:1:25247|Tuğba Turan:1:24423|Seda Uysal:1:22112|Hasan Er:1:23268|Halil Kalkan:1:21783|Kadir Şahin:2:47360|Yusuf Bulut:3:72608|Ayşe Tekin:1:26073|Ayşe Soylu:1:22773|Pınar Koç:1:24588|Zeynep Şahin:2:44720|Meltem Özkan:1:23597|Murat Arslan:2:45875|Emine Bulut:1:23928,3301286,177,347287,3558,31,35.68119395544245,37.14598146249855,1,408181
Dengeli,21,3619,2021,1,1222,923,299,4218,242,66,0,0,268,4991882,3161997,1801880,684276,151001,159483,192944,0,5852,608324,141095074,45513290,0,95581784,78589977,1505480,1705141161,204829,0,2819272,36346787,0,4.0,0.0,2.0,1.0,1.0,1135.9384162580643,1176.818182,724.045455,714.4999999677419,1131.9413489032256,2.571726,18.378539129032255,0.9193548387096774,0.9193548387096774,1.0,0.803225806451613,none,0:1.0500|1:0.9300|2:1.0300|3:0.9400|4:0.9500|5:1.1000|6:0.8200|,Kadir Bulut:4:102023|Yasemin Akgül:6:38499|Ayşe Kocabaş:1:24500|Ayşe Doğan:1:26775|Meltem Yıldız:1:23624|Erdem Aktaş:2:54424|Hülya Güneş:1:25899|Ufuk Özdemir:1:23974|Sinan Kara:1:24674|Dilek Er:2:48650|Tuncay Şahin:1:27124|Mustafa Aksoy:1:27649|Onur Tekin:1:23974|Hasan Kalkan:2:51274|Dilek Öztürk:1:25199|Ahmet Yıldırım:2:49174|Seda Güneş:3:73499|Burak Öztürk:1:26074|Onur Korkmaz:1:26775|Tuğba Turan:1:25899|Seda Uysal:1:23450|Hasan Er:1:24674|Halil Kalkan:1:23100|Kadir Şahin:2:50224|Yusuf Bulut:3:76999|Ayşe Tekin:1:27649|Ayşe Soylu:1:24150|Pınar Koç:1:26074|Zeynep Şahin:2:47425|Meltem Özkan:1:25024|Murat Arslan:2:48650|Emine Bulut:1:25375,3177862,182,347287,3589,31,36.09620579973645,36.26014890973543,1|none,261037
Dengeli,21,3647,2021,2,1222,923,299,4326,158,48,0,0,282,5211420,3339957,1851614,618688,136388,145450,175952,0,4754,770382,116074410,48556458,0,67517952,67692677,1642828,1605430586,204829,0,2854001,32829356,0,4.0,0.0,2.0,1.0,1.0,1138.9772727499999,1188.863636,725.2272729999999,722.7548700357144,1140.1558442142857,2.596599,19.267611214285715,1.0,1.0,1.0,0.9285714285714286,none,0:1.0500|1:0.9300|2:1.0300|3:0.9400|4:0.9500|5:1.1000|6:0.8200|,Kadir Bulut:4:102023|Yasemin Akgül:6:38499|Ayşe Kocabaş:1:24500|Ayşe Doğan:1:26775|Meltem Yıldız:1:23624|Erdem Aktaş:2:54424|Hülya Güneş:1:25899|Ufuk Özdemir:1:23974|Sinan Kara:1:24674|Dilek Er:2:48650|Tuncay Şahin:1:27124|Mustafa Aksoy:1:27649|Onur Tekin:1:23974|Hasan Kalkan:2:51274|Dilek Öztürk:1:25199|Ahmet Yıldırım:2:49174|Seda Güneş:3:73499|Burak Öztürk:1:26074|Onur Korkmaz:1:26775|Tuğba Turan:1:25899|Seda Uysal:1:23450|Hasan Er:1:24674|Halil Kalkan:1:23100|Kadir Şahin:2:50224|Yusuf Bulut:3:76999|Ayşe Tekin:1:27649|Ayşe Soylu:1:24150|Pınar Koç:1:26074|Zeynep Şahin:2:47425|Meltem Özkan:1:25024|Murat Arslan:2:48650|Emine Bulut:1:25375,3391484,189,347287,3620,28,35.52993234089749,36.32644914424172,none,423095
Dengeli,21,3653,2021,3,278,218,60,1037,31,8,0,0,56,1117172,701291,407179,132576,29226,31434,34572,0,1660,177711,46958431,46958431,0,0,16817082,1557184,1616790850,0,0,2854001,7034862,0,4.0,0.0,2.0,1.0,1.0,1153.409091,1198.409091,723.545455,723.5227273333334,1157.7272725,2.619271,19.357677166666665,1.0,1.0,1.0,1.0,none,0:1.0500|1:0.9300|2:1.0300|3:0.9400|4:0.9500|5:1.1000|6:0.8200|,Kadir Bulut:4:102023|Yasemin Akgül:6:38499|Ayşe Kocabaş:1:24500|Ayşe Doğan:1:26775|Meltem Yıldız:1:23624|Erdem Aktaş:2:54424|Hülya Güneş:1:25899|Ufuk Özdemir:1:23974|Sinan Kara:1:24674|Dilek Er:2:48650|Tuncay Şahin:1:27124|Mustafa Aksoy:1:27649|Onur Tekin:1:23974|Hasan Kalkan:2:51274|Dilek Öztürk:1:25199|Ahmet Yıldırım:2:49174|Seda Güneş:3:73499|Burak Öztürk:1:26074|Onur Korkmaz:1:26775|Tuğba Turan:1:25899|Seda Uysal:1:23450|Hasan Er:1:24674|Halil Kalkan:1:23100|Kadir Şahin:2:50224|Yusuf Bulut:3:76999|Ayşe Tekin:1:27649|Ayşe Soylu:1:24150|Pınar Koç:1:26074|Zeynep Şahin:2:47425|Meltem Özkan:1:25024|Murat Arslan:2:48650|Emine Bulut:1:25375,671888,189,0,3648,6,36.44729728278188,37.268965482776835,none,177711
Dengeli,22,25,2011,3,1389,1232,157,5699,197,75,0,0,110,2406940,1785680,610338,167500,37675,50012,55000,0,11560,288591,167316,115471,0,51845,58405,595200,207566,71527,0,12127,0,0,3.0,1.0,2.0,0.0,0.0,449.98181828,457.7272730000001,329.10363639999997,334.59454548,447.73999988,1.0,27.26892256,1.0,1.0,1.0,1.0,none,0:1.0000|1:0.9200|2:1.0300|3:0.9400|4:0.9500|5:1.1000|6:0.8200|,,2051986,1,121275,1,25,25.357424780011133,26.862903559535358,none,167316
Dengeli,22,55,2011,4,1692,1514,178,6957,172,81,0,2,147,2832380,2053101,754832,201000,45210,60374,66390,0,11539,370319,249044,168050,0,80994,87483,977886,755630,71527,0,24254,0,0,3.0,1.0,2.0,0.0,0.0,443.8257574,459.09090899999995,318.66363636666665,321.76818173333334,442.31212116666666,1.00592,28.66788473333333,1.0,1.0,1.0,1.0,none,0:1.0000|1:0.9200|2:1.0300|3:0.9400|4:0.9500|5:1.1000|6:0.8200|,,2079266,1,121275,26,30,26.65009638537202,28.200733947158096,none,249044
Dengeli,22,86,2011,5,1766,1605,161,7367,197,65,0,2,133,3017500,2142010,854737,207700,46717,62821,69099,0,3915,464485,343210,221621,0,121589,125504,968246,973416,71527,0,36381,0,0,3.0,1.0,2.0,0.0,0.0,451.22434012903227,464.31818200000004,320.38269809677416,320.1524926774194,451.3607037419355,1.01307,29.70144058064516,1.0,1.0,1.0,1.0,none,0:1.0000|1:0.9250|2:1.0300|3:0.9400|4:0.9500|5:1.1000|6:0.8200|,,2155784,1,121275,56,31,28.32599834299917,28.997026622021895,none,343210
Dengeli,22,116,2011,6,1824,1658,166,8814,146,69,0,7,131,3096285,2326618,750542,201000,45210,61245,77460,0,3090,362537,319309,240476,0,78833,81923,1144310,1406827,78030,0,49611,0,0,3.0,1.0,2.0,0.0,0.0,428.6742424,466.818182,321.8909089333334,321.55606059999997,417.0999999,1.020512,36.02242986666667,1.0,1.0,1.0,1.0,none,0:1.0000|1:0.9000|2:1.0300|3:0.9100|4:0.9500|5:1.1000|6:0.8200|,,2326444,1,132300,87,30,24.240081258669665,24.910135227351986,none,230237
Dengeli,22,147,2011,7,2045,1851,194,10226,95,88,0,22,154,3516095,2751824,747441,222700,50220,63751,80600,0,5150,325020,192720,109589,0,83131,66632,1224354,1573996,78030,0,62841,0,0,3.0,1.0,2.0,0.0,0.0,417.4486802903226,470.227273,329.3812317419355,327.63489741935484,412.96334277419356,1.027766,38.333163322580646,1.0,1.0,1.0,1.0,none,0:1.0500|1:0.8900|2:1.0300|3:0.9000|4:0.9500|5:1.1000|6:0.8200|,,2808000,1,132300,117,31,21.257702081428402,21.09659287631211,none,192720
Dengeli,22,178,2011,8,1988,1780,208,10166,98,94,0,22,164,3421975,2687528,714717,223200,50220,64216,81189,0,4183,291709,220634,157055,0,63579,84261,1208092,1704072,78030,0,76071,0,0,3.0,1.0,2.0,0.0,0.0,417.954545,474.090909,330.2683285806452,329.5747801935484,416.1642226774194,1.035317,38.37453961290323,1.0,1.0,1.0,1.0,none,0:1.0500|1:0.8900|2:1.0300|3:0.9000|4:0.9500|5:1.1000|6:0.8200|,,2699150,1,132300,148,31,20.88609647937229,20.979845169372382,none,159409
Dengeli,22,208,2011,9,1905,1709,196,9195,116,133,0,10,149,3444525,2711819,706819,192000,43200,62595,68820,0,5783,334421,232954,168629,0,64325,70108,1231338,1912026,78030,0,89301,0,0,2.6666666666666665,0.6666666666666666,2.0,0.0,0.0,421.89393973333335,477.272727,333.9000001,332.91363636666665,419.466667,1.042922,37.032742533333334,1.0,1.0,1.0,1.0,none,0:1.0500|1:0.9100|2:1.0300|3:0.9200|4:0.9500|5:1.1000|6:0.8200|,,2720090,1,132300,179,30,20.520071708000376,20.85688637503343,none,202121
Dengeli,22,239,2011,10,2019,1817,202,10419,167,142,0,14,153,3993735,3114074,859217,148800,33480,65146,71641,0,11334,528816,427349,294012,0,133337,139421,1406890,2357598,78030,0,102531,0,0,2.0,0.0,2.0,0.0,0.0,426.51026412903224,481.136364,331.1803519677419,331.9428152580645,423.3181815483871,1.050335,38.93628725806452,1.0,1.0,1.0,1.0,none,0:1.0500|1:0.9100|2:1.0300|3:0.9200|4:0.9500|5:1.1000|6:0.8200|,,3158510,1,132300,209,31,21.514121492788078,22.351141386001945,none,396516
Dengeli,22,269,2011,11,1884,1704,180,9645,148,147,0,10,143,3729695,2889060,823456,144000,32400,63495,69840,0,19419,494302,362002,262924,0,99078,107897,1402242,2615383,78030,0,115761,0,0,2.0,0.0,2.0,0.0,0.0,433.0606059333333,484.545455,334.3196968333333,333.51212126666667,431.34242439999997,1.058051,38.93460996666667,1.0,1.0,1.0,1.0,none,0:1.0500|1:0.9150|2:1.0300|3:0.9250|4:0.9500|5:1.1000|6:0.8200|,,2906730,1,132300,240,30,22.07837370079859,22.800713744717868,none,362002
Dengeli,22,300,2011,12,1947,1743,204,9404,224,163,0,13,149,3916375,3056534,840568,148800,33480,66077,79949,0,7763,504499,460017,363501,0,96516,104279,1321716,2978723,79655,0,129266,0,0,2.0,0.0,2.0,0.0,0.0,431.15102661290325,487.5,335.7155425483871,335.14076238709674,428.5190615483871,1.065572,38.053703806451615,1.0,1.0,1.0,1.0,none,0:1.0500|1:0.9250|2:1.0300|3:0.9350|4:0.9500|5:1.1000|6:0.8200|,,2995442,1,135056,270,31,21.46290894002745,22.13504739029654,none,369443
Dengeli,22,331,2012,1,1903,1684,219,9709,215,155,0,9,163,4288735,3243618,1029884,151800,34162,66569,80538,0,0,696815,264094,119083,0,145011,145011,1359226,9377721,79655,0,142771,0,0,2.0,0.0,2.0,0.0,0.0,441.52492641935487,491.81818200000004,331.3709678387097,332.324047,433.8357770322581,1.0734,38.89089841935484,1.0,1.0,1.0,1.0,none,0:1.0500|1:0.9300|2:1.0300|3:0.9400|4:0.9500|5:1.1000|6:0.8200|,,3319046,1,135056,301,31,24.013701009738302,24.948525437502095,none,561759
Dengeli,22,360,2012,2,1681,1504,177,8464,154,141,0,11,137,3726380,2708162,1006423,152804,31958,62623,75777,0,3122,680139,42110,-57780,0,99890,99890,1129394,8742980,79655,0,156276,0,0,2.8275862068965516,0.0,2.0,0.0,0.8275862068965517,461.74764865517244,494.3181819999999,330.8918495172414,331.71943579310346,465.0297806896552,1.079586,36.58635796551724,1.0,1.0,1.0,1.0,none,0:1.0500|1:0.9300|2:1.0300|3:0.9400|4:0.9500|5:1.1000|6:0.8200|,,2719388,3,135056,332,29,27.008061443009034,28.339245368989975,none,545083
Dengeli,22,391,2012,3,1683,1512,171,8382,155,105,0,0,146,3574560,2491668,1064450,165726,34162,67313,74028,0,0,723221,971297,618015,164927,188355,188355,1130140,9253053,79655,0,169781,0,0,3.0,0.0,2.0,0.0,1.0,473.50439870967745,496.590909,326.2961876129032,327.52199412903224,474.58357777419354,1.085405,34.050503258064516,1.0,1.0,1.0,1.0,none,0:1.0500|1:0.9300|2:1.0300|3:0.9400|4:0.9500|5:1.1000|6:0.8200|,,2508330,3,135056,361,31,29.7784902197753,31.089090512764773,none,588165
Dengeli,22,421,2012,4,1450,1281,169,6153,139,48,0,0,139,2690060,1819977,852134,160380,33060,65502,72060,0,0,521132,837573,459960,81066,296547,296547,920782,9402766,79655,0,183286,0,0,3.0,0.0,2.0,0.0,1.0,480.7045452666667,499.318182,326.1287880333333,326.09393953333336,480.37575756666666,1.09166,28.8273542,1.0,1.0,1.0,1.0,none,0:1.0500|1:0.9300|2:1.0300|3:0.9400|4:0.9500|5:1.1000|6:0.8200|,,1860954,3,135056,392,30,31.677137312922387,32.15608397203397,none,386076
Dengeli,22,452,2012,5,1530,1375,155,7064,158,91,0,0,120,3204320,2183032,1005645,269476,57512,68058,74865,0,22296,513438,5218,-263228,80119,188327,188327,1003882,8927601,79655,0,196791,0,0,3.806451612903226,0.0,2.0,0.8064516129032258,1.0,485.3885630967742,502.045455,331.0703812580645,329.59677425806456,483.3651027096774,1.097747,27.661954193548386,1.0,1.0,1.0,1.0,none,0:1.0500|1:0.9300|2:1.0300|3:0.9400|4:0.9500|5:1.1000|6:0.8200|,,2201782,4,135056,422,31,31.384037798971388,31.792710741712003,none,378382
Dengeli,22,482,2012,6,1498,1341,157,7253,128,64,0,0,137,2948495,2014099,921599,284880,61080,66252,83790,0,0,425597,130082,-142425,79159,193348,193348,893530,8214415,82906,0,210847,0,0,4.0,0.0,2.0,1.0,1.0,487.94696949999997,505.227273,334.55,333.30303019999997,487.77121206666664,1.104074,28.6768474,1.0,1.0,1.0,1.0,none,0:1.0500|1:0.9300|2:1.0300|3:0.9400|4:0.9500|5:1.1000|6:0.8200|,,2018158,6,140569,453,30,31.256590226539302,31.437221478634466,none,285028
Dengeli,22,513,2012,7,1544,1378,166,7226,94,38,0,0,146,2801300,1905016,872716,300376,64511,68833,87079,0,0,351917,1094490,661417,78187,354886,354886,834054,8711965,82906,0,224903,0,0,4.0,0.0,2.0,1.0,1.0,491.20967703225807,508.18181799999996,331.8357771612903,332.84164225806455,488.8856305483871,1.11023,29.273636258064514,1.0,1.0,1.0,1.0,none,0:1.0500|1:0.9300|2:1.0300|3:0.9400|4:0.9500|5:1.1000|6:0.8200|,,1940684,6,140569,483,31,31.1539642308928,32.44518732486241,none,211348
Dengeli,22,544,2012,8,1485,1322,163,6468,92,49,0,3,140,2631165,1725236,890780,300576,64511,69236,87575,0,0,368882,1550063,1010398,77202,462463,462463,693988,9518156,82906,0,238959,0,0,4.0,0.0,2.0,1.0,1.0,493.1744868064516,510.909091,322.5601171935484,325.59677425806456,494.3313782258065,1.116629,27.201536935483873,1.0,1.0,1.0,1.0,none,0:1.0500|1:0.9300|2:1.0300|3:0.9400|4:0.9500|5:1.1000|6:0.8200|,,1705388,6,140569,514,31,33.85496538605523,34.5951329959738,none,228313
Dengeli,22,574,2012,9,1469,1324,145,6315,117,102,0,0,115,3121660,2037412,1069546,290880,62430,67393,74130,0,0,574713,958712,299762,76205,582745,489910,879288,9557982,82906,0,253015,0,0,4.0,0.0,2.0,1.0,1.0,496.88636363333336,514.090909,323.90909100000005,323.8833332333333,498.9712121,1.123064,27.000009033333335,1.0,1.0,1.0,1.0,none,0:1.0500|1:0.9300|2:1.0300|3:0.9400|4:0.9500|5:1.1000|6:0.8200|,,2035884,7,140569,545,30,34.26209132320624,34.81223983859983,none,434144
Dengeli,22,605,2012,10,1394,1227,167,5934,134,87,0,0,130,2748035,1785976,947257,300576,64511,70042,77035,0,0,435093,942318,465547,0,476771,569606,843208,9934067,82906,0,267071,1187827,0,4.0,0.0,2.0,1.0,1.0,503.4457479032258,516.818182,327.73020496774194,326.60850441935486,498.3005864516129,1.129326,26.929925387096773,1.0,1.0,1.0,1.0,none,0:1.0500|1:0.9300|2:1.0300|3:0.9400|4:0.9500|5:1.1000|6:0.8200|,Mustafa Çelik:4:38317,1852998,7,140569,575,31,34.470339715469414,34.90257761979561,none,294524
Dengeli,22,635,2012,11,1433,1286,147,6461,139,99,0,0,125,2944835,1934280,996735,290880,62430,68172,74970,0,0,500283,1667036,956258,86595,624183,624183,909642,10847456,82906,0,281127,1149510,0,4.0,0.0,2.0,1.0,1.0,501.84848486666664,520.227273,330.454545,329.4242425,499.03181813333333,1.135835,27.94967973333333,1.0,1.0,1.0,1.0,none,0:1.0500|1:0.9200|2:1.0300|3:0.9300|4:0.9400|5:1.1000|6:0.8200|,Mustafa Çelik:4:38317,1943052,7,140569,606,30,33.84688785619568,34.152527114275,none,359714
Dengeli,22,666,2012,12,1423,1295,128,6046,142,73,0,0,117,3186635,2089183,1080488,300576,64511,70818,85684,0,0,558899,2043895,1148324,85336,810235,810235,899784,11958856,86158,0,295735,1189326,0,4.0,0.0,2.0,1.0,1.0,506.4956011612903,522.727273,331.636364,330.903226,506.48826974193554,1.142168,25.767226129032256,1.0,1.0,1.0,1.0,none,0:1.0500|1:0.9300|2:1.0300|3:0.9400|4:0.9500|5:1.1000|6:0.8200|,Mustafa Çelik:4:38317,2095860,7,146081,636,31,33.90686413724823,34.523347638236935,none,412818
Dengeli,22,697,2013,1,1349,1185,164,5473,146,100,0,0,127,2946685,1943218,991485,306576,65906,71252,86180,0,0,461571,1746532,1040654,84060,621818,621818,941712,12775144,86158,0,310343,1234296,0,4.0,0.0,2.0,1.0,1.0,509.64076216129035,525.454545,336.863636,334.63489735483876,509.3401758387097,1.148751,24.965471741935485,1.0,1.0,1.0,1.0,none,0:1.0500|1:0.9300|2:1.0300|3:0.9400|4:0.9500|5:1.1000|6:0.8200|,Mustafa Çelik:4:39816,1983848,7,146081,667,31,33.64747165034607,33.901747856387146,none,315490
Dengeli,22,725,2013,2,1235,1087,148,4953,148,82,0,0,121,2536870,1649826,868129,277088,59528,64749,78316,0,0,388448,1313143,617000,82765,613378,613378,824048,13141079,86158,0,324951,1114848,0,4.0,0.0,2.0,1.0,1.0,518.2548701071429,528.863636,337.38311699999997,336.1103895714286,513.3961039285714,1.155828,25.31861614285714,1.0,1.0,1.0,1.0,none,0:1.0500|1:0.9300|2:1.0300|3:0.9400|4:0.9500|5:1.1000|6:0.8200|,Mustafa Çelik:4:39816,1676914,7,146081,698,28,34.22047641384856,34.900155027920896,none,242367
Dengeli,22,756,2013,3,1449,1272,177,5977,129,58,0,0,156,2815535,1835722,966887,306776,65906,72089,79267,0,604,442245,2066141,1126102,81450,858589,688868,822676,14399766,86158,0,339559,1234296,0,4.0,0.0,2.0,1.0,1.0,512.3753666774194,531.818182,333.18181799999996,334.313783,510.58797651612906,1.162259,26.270978387096775,1.0,1.0,1.0,1.0,none,0:1.0500|1:0.9150|2:1.0300|3:0.9250|4:0.9350|5:1.1000|6:0.8200|,Mustafa Çelik:4:39816,1840588,7,146081,726,31,34.34114653165384,34.973099866105755,none,296164
Dengeli,22,786,2013,4,1362,1208,154,5615,127,59,0,0,130,2791290,1792050,985575,296880,63780,70184,77190,0,378,477163,1226020,394870,80117,751033,920754,864688,14325113,86158,0,354167,1194480,0,4.0,0.0,2.0,1.0,1.0,519.628788,535.454545,334.636364,334.08484873333333,516.9363638333333,1.16942,25.081518833333334,1.0,1.0,1.0,1.0,none,0:1.0500|1:0.9300|2:1.0300|3:0.9400|4:0.9500|5:1.1000|6:0.8200|,Mustafa Çelik:4:39816,1811088,7,146081,757,30,35.30894317681072,35.60088052704269,none,331082
Dengeli,22,817,2013,5,1443,1282,161,6179,143,74,0,0,138,3073288,1996145,1058734,306776,65906,72957,80228,0,569,532298,2459808,1699625,78764,681419,681419,918870,15535653,86158,0,368775,1234296,0,4.0,0.0,2.0,1.0,1.0,520.1466276129032,538.409091,340.363636,337.9457479354839,523.497067516129,1.176391,25.15239709677419,1.0,1.0,1.0,1.0,none,0:1.0500|1:0.9300|2:1.0300|3:0.9400|4:0.9500|5:1.1000|6:0.8200|,Mustafa Çelik:4:39816,2012756,8,146081,787,31,34.449553702744424,34.56390603510728,none,386217
Dengeli,22,847,2013,6,1381,1221,160,5621,130,38,0,0,144,2544480,1614612,916575,296880,63780,71024,89850,0,308,394733,3204099,1933152,77392,1193555,945756,755500,17455693,89409,0,383934,1196060,0,4.0,0.0,2.0,1.0,1.0,530.4924243666667,542.045455,337.045455,337.9878787,526.1757576,1.183639,24.201934466666668,1.0,1.0,1.0,1.0,none,0:1.0500|1:0.9300|2:1.0300|3:0.9400|4:0.9500|5:1.1000|6:0.8200|,Mustafa Çelik:4:39816,1608428,8,151594,818,30,36.02209488775703,36.46554794776102,none,243139
Dengeli,22,878,2013,7,1475,1310,165,6264,100,44,0,0,143,2801577,1772553,1009097,312776,67301,73826,93372,0,294,461528,2698902,1777364,0,921538,1169337,764172,14913382,89409,0,399093,1283276,0,4.0,0.0,2.0,1.0,1.0,535.0073315161289,545.0,341.0879762258064,339.59970670967743,528.8504399032257,1.190696,25.03756929032258,1.0,1.0,1.0,1.0,none,0:1.0500|1:0.9300|2:1.0300|3:0.9400|4:0.9500|5:1.1000|6:0.8200|,Mustafa Çelik:4:41396,1829428,8,151594,848,31,36.01889221677648,36.24611175715756,none,309934
Dengeli,22,909,2013,8,1376,1250,126,6197,95,50,0,0,110,2835425,1791727,1032493,312976,67301,74291,93961,0,0,483964,2478258,1556972,68660,852626,852626,802278,16439746,89409,0,414252,1478250,0,4.0,0.0,2.0,1.0,1.0,536.994134967742,549.090909,343.5,341.85483861290317,533.3093840967742,1.198032,23.367578193548386,1.0,1.0,1.0,1.0,none,0:1.0500|1:0.9300|2:1.0300|3:0.9400|4:0.9500|5:1.1000|6:0.8200|,Mustafa Çelik:4:41396|Serkan Kalkan:6:14998,1798956,8,151594,879,31,36.41404727686326,36.0328209132797,none,332370
Dengeli,22,939,2013,9,1331,1162,169,5298,149,60,0,0,142,2673062,1740466,913283,302880,65130,72344,79560,0,1038,392331,2543369,1319927,67618,1155824,1155824,822642,16217665,89409,0,429411,1691820,0,4.0,0.0,2.0,1.0,1.0,536.3560605333333,551.590909,352.136364,348.7045454333333,535.7439393666667,1.205414,23.473148,1.0,1.0,1.0,1.0,none,0:1.0500|1:0.9300|2:1.0300|3:0.9400|4:0.9500|5:1.1000|6:0.8200|,Mustafa Çelik:4:41396|Serkan Kalkan:6:14998,1792136,8,151594,910,30,34.16617347446486,34.346530241524974,none,240737
Dengeli,22,970,2013,10,1340,1190,150,5634,146,59,0,0,133,2958420,1923058,1019773,312976,67301,75190,82708,0,841,480757,2536066,1532596,66563,936907,936907,839868,17655254,89409,0,444570,1748214,0,4.0,0.0,2.0,1.0,1.0,542.991202548387,555.227273,354.0,352.37390019354837,538.8387096451613,1.2126,23.208626806451615,1.0,1.0,1.0,1.0,none,0:1.0500|1:0.9300|2:1.0300|3:0.9400|4:0.9500|5:1.1000|6:0.8200|,Mustafa Çelik:4:41396|Serkan Kalkan:6:14998,1938542,8,151594,940,31,34.47019016907674,34.80557358229863,none,329163
Dengeli,22,1000,2013,11,1400,1239,161,5922,161,56,0,0,132,2994000,1979920,997934,302880,65130,73215,80520,0,0,476189,2570181,1583638,65495,921048,921048,910140,19237691,89409,0,459729,1691820,0,4.0,0.0,2.0,1.0,1.0,540.1742425333333,558.409091,358.454545,356.48030306666664,539.0424241666667,1.220071,24.0886979,1.0,1.0,1.0,1.0,none,0:1.0500|1:0.9250|2:1.0300|3:0.9350|4:0.9450|5:1.1000|6:0.8200|,Mustafa Çelik:4:41396|Serkan Kalkan:6:14998,2014968,8,151594,971,30,33.331128924515696,33.640940871429954,none,324595
Dengeli,22,1031,2013,12,1219,1083,136,5070,155,60,0,0,109,2797420,1837131,949263,312976,67301,76120,92070,0,857,399939,2571785,1377124,64413,1130248,1130248,809144,20436700,94286,0,475715,1750555,0,4.0,0.0,2.0,1.0,1.0,548.1671552258065,562.045455,361.272727,359.21407632258064,544.7536657741936,1.227345,22.91082364516129,1.0,1.0,1.0,1.0,none,0:1.0500|1:0.9300|2:1.0300|3:0.9400|4:0.9500|5:1.1000|6:0.8200|,Mustafa Çelik:4:41396|Serkan Kalkan:6:14998,1882532,8,159862,1001,31,33.933517312380694,34.09442292266108,none,240077
Dengeli,22,1062,2014,1,1299,1126,173,5190,133,72,0,0,147,2896115,1881746,1001247,321976,69409,76586,92628,0,309,440339,1633553,663782,63316,906455,906455,814014,20282766,94286,0,491701,1820785,0,4.0,0.0,2.0,1.0,1.0,551.9648094516128,565.227273,355.727273,357.16129025806447,549.8181817419355,1.234907,22.70657558064516,1.0,1.0,1.0,1.0,none,0:1.0500|1:0.9300|2:1.0300|3:0.9400|4:0.9500|5:1.1000|6:0.8200|,Mustafa Çelik:4:43115|Serkan Kalkan:6:15620,1869282,9,159862,1032,31,34.572073277476896,35.5525448527377,none,280477
Dengeli,22,1090,2014,2,1239,1086,153,4980,144,64,0,0,123,2753275,1773669,964115,291088,62692,69623,84224,0,0,456488,2997756,1965893,62206,969657,969657,896966,22291169,94286,0,507687,1644580,0,4.0,0.0,2.0,1.0,1.0,557.5487012857143,569.545455,357.909091,357.1948052142857,556.2159090714285,1.243005,23.893806964285716,1.0,1.0,1.0,1.0,none,0:1.0500|1:0.9300|2:1.0300|3:0.9400|4:0.9500|5:1.1000|6:0.8200|,Mustafa Çelik:4:43115|Serkan Kalkan:6:15620,1790864,9,159862,1063,28,35.017025179104884,35.80666761941026,none,296626
Dengeli,22,1121,2014,3,1318,1158,160,5367,138,55,0,0,136,2918675,1853780,1047075,322276,69409,77547,85281,0,0,492562,2824401,1377155,61081,1386165,1386165,789416,22830480,94286,0,523673,1820785,0,4.0,0.0,2.0,1.0,1.0,564.0029324838711,572.954545,358.363636,357.65835793548393,558.8328446451612,1.250366,23.32483787096774,1.0,1.0,1.0,1.0,none,0:1.0500|1:0.9300|2:1.0300|3:0.9400|4:0.9500|5:1.1000|6:0.8200|,Mustafa Çelik:4:43115|Serkan Kalkan:6:15620,1881550,10,159862,1091,31,35.87501177760456,36.46067859580709,none,332700
Dengeli,22,1151,2014,4,1314,1140,174,5303,135,47,0,0,148,2896120,1835461,1040859,311880,67170,75526,83070,0,0,503213,4076870,2637219,59942,1379709,1379709,994354,25520372,94286,0,539659,1762050,0,4.0,0.0,2.0,1.0,1.0,565.6666667000001,575.454545,359.90909100000005,358.70303036666667,561.3969696333334,1.258565,21.83822616666667,1.0,1.0,1.0,1.0,none,0:1.0500|1:0.9300|2:1.0300|3:0.9400|4:0.9500|5:1.1000|6:0.8200|,Mustafa Çelik:4:43115|Serkan Kalkan:6:15620,1856748,10,159862,1122,30,35.93977459497535,36.374350445705694,none,343351
Dengeli,22,1182,2014,5,1485,1299,186,5883,155,49,0,0,162,3163625,2052625,1095724,322276,69409,78540,86366,0,0,539133,3659538,2272289,58788,1328461,1328461,920620,26749858,94286,0,555645,1820785,0,4.0,0.0,2.0,1.0,1.0,561.4002931935485,579.772727,366.545455,363.81671561290324,563.1304985806452,1.266552,23.349305387096777,1.0,1.0,1.0,1.0,none,0:1.0500|1:0.9300|2:1.0300|3:0.9400|4:0.9500|5:1.1000|6:0.8200|,Mustafa Çelik:4:43115|Serkan Kalkan:6:15620,2045968,11,159862,1152,31,34.63507843059781,34.7087168560438,none,379271
Dengeli,22,1212,2014,6,1394,1220,174,5953,111,33,0,0,155,2774735,1812233,948147,311880,67170,76516,96750,0,0,395831,4261462,2315551,57619,1888292,1888292,863646,28912761,97537,0,572182,1764526,0,4.0,0.0,2.0,1.0,1.0,565.1439394666667,582.954545,373.045455,370.0121213333333,566.2439394666667,1.274857,25.008897133333335,1.0,1.0,1.0,1.0,none,0:1.0500|1:0.9300|2:1.0300|3:0.9400|4:0.9500|5:1.1000|6:0.8200|,Mustafa Çelik:4:43115|Serkan Kalkan:6:15620,1870780,11,165375,1183,30,34.170722609546495,33.9910721944488,none,230456
Dengeli,22,1243,2014,7,1481,1286,195,6228,127,53,0,0,176,3097124,2026014,1047957,328276,70804,79563,100626,0,590,468098,3854870,2241726,56435,1556709,1556709,824496,30192067,97537,0,588719,1897541,0,4.0,0.0,2.0,1.0,1.0,573.7243403548387,587.954545,378.36510296774196,375.8929619032258,569.7331378387097,1.282947,24.19107290322581,1.0,1.0,1.0,1.0,none,0:1.0500|1:0.9300|2:1.0300|3:0.9400|4:0.9500|5:1.1000|6:0.8200|,Mustafa Çelik:4:44932|Serkan Kalkan:6:16279,2045082,12,165375,1213,31,33.836456015322604,34.05106314057904,none,302723
Dengeli,22,1274,2014,8,1457,1300,157,6249,106,21,0,0,135,2988620,1955750,1018658,328476,70804,80090,101277,0,0,438011,4472603,2548457,55235,1868911,1439327,879060,32406567,97537,0,605256,1897541,0,4.0,0.0,2.0,1.0,1.0,573.431085,590.681818,378.64809374193544,378.0747800322581,574.489736,1.291361,24.399336645161288,1.0,1.0,1.0,1.0,none,0:1.0500|1:0.9300|2:1.0300|3:0.9400|4:0.9500|5:1.1000|6:0.8200|,Mustafa Çelik:4:44932|Serkan Kalkan:6:16279,1999878,13,165375,1244,31,34.084560767176825,33.967986102124996,none,272636
Dengeli,22,1304,2014,9,1413,1237,176,5623,151,44,0,0,152,3225487,2070631,1138032,317880,68520,78016,85800,0,467,587349,9175273,6578636,54020,2542617,2972201,943956,36635742,97537,0,621793,1836330,0,4.0,0.0,2.0,1.0,1.0,577.7121212000001,594.3181820000001,367.636364,370.7363636,579.4333333666667,1.299829,24.0550042,1.0,1.0,1.0,1.0,none,0:1.0500|1:0.9300|2:1.0300|3:0.9400|4:0.9500|5:1.1000|6:0.8200|,Mustafa Çelik:4:44932|Serkan Kalkan:6:16279,2092008,13,165375,1275,30,35.282486024591016,36.36339787429754,none,421974
Dengeli,22,1335,2014,10,1454,1245,209,5717,124,52,0,0,182,3021915,1926153,1077868,328476,70804,81113,89218,0,0,508257,7258584,4777128,52790,2428666,2428666,922410,40432609,97537,0,638330,1897541,0,4.0,0.0,2.0,1.0,1.0,577.9398827419354,599.318182,368.409091,368.9985338064516,581.343108483871,1.308077,25.00583558064516,1.0,1.0,1.0,1.0,none,0:1.0500|1:0.9300|2:1.0300|3:0.9400|4:0.9500|5:1.1000|6:0.8200|,Mustafa Çelik:4:44932|Serkan Kalkan:6:16279,1919658,14,165375,1305,31,35.668375847765404,36.2547728576635,none,342882
Dengeli,22,1365,2014,11,1387,1223,164,5779,154,48,0,0,133,3155240,2042743,1101496,317880,68520,79007,86910,0,0,549179,8545247,5287117,51543,3206587,2457187,991384,45244422,97537,0,654867,1836330,0,4.0,0.0,2.0,1.0,1.0,582.9848483666667,602.272727,379.681818,376.09090906666665,583.9393939666667,1.316655,25.1675811,1.0,1.0,1.0,1.0,none,0:1.0500|1:0.9300|2:1.0300|3:0.9400|4:0.9500|5:1.1000|6:0.8200|,Mustafa Çelik:4:44932|Serkan Kalkan:6:16279,2064584,16,165375,1336,30,34.910054385720265,34.872781159965896,none,383804
Dengeli,22,1396,2014,12,1376,1172,204,5307,193,82,0,0,167,3275355,2099429,1161949,328476,70804,82167,99417,0,0,581085,10857482,7627959,50281,3179242,3928642,900354,50324222,102414,0,672231,1900227,0,4.0,0.0,2.0,1.0,1.0,593.570380967742,606.818182,381.363636,379.829912,590.231671516129,1.32501,22.62065158064516,1.0,1.0,1.0,1.0,none,0:1.0500|1:0.9300|2:1.0300|3:0.9400|4:0.9500|5:1.1000|6:0.8200|,Mustafa Çelik:4:44932|Serkan Kalkan:6:16279,2086008,18,173644,1366,31,35.475513341301934,35.750898591295204,none,407441
Dengeli,22,1427,2015,1,1364,1147,217,5309,171,71,0,0,176,3398505,2227657,1151741,337476,72881,82696,100068,0,0,558620,12558866,8900462,49002,3609402,3609402,898060,56383369,102414,0,689595,1980807,0,4.0,0.0,2.0,1.0,1.0,591.0557187096774,610.227273,388.272727,385.5381231290323,592.8812316451613,1.3337,21.94816077419355,1.0,1.0,1.0,1.0,none,0:1.0500|1:0.9300|2:1.0300|3:0.9400|4:0.9500|5:1.1000|6:0.8200|,Mustafa Çelik:4:46904|Serkan Kalkan:6:16993,2286184,19,173644,1397,31,33.88963676675479,34.30860835800205,none,384976
Dengeli,22,1455,2015,2,1176,1004,172,4667,155,47,0,0,147,2873955,1862206,992307,305088,65828,75225,91000,0,0,455166,13392646,9463837,47707,3881102,3881102,934548,65035771,102414,0,706959,1789116,0,4.0,0.0,2.0,1.0,1.0,594.0990258571429,614.5454550000001,383.68831214285717,384.81655839285713,595.7873376071428,1.342972,21.899584714285712,1.0,1.0,1.0,1.0,none,0:1.0500|1:0.9300|2:1.0300|3:0.9400|4:0.9500|5:1.1000|6:0.8200|,Mustafa Çelik:4:46904|Serkan Kalkan:6:16993,1852794,20,173644,1428,28,34.527576110273124,35.41677473897779,none,281522
Dengeli,22,1486,2015,3,1390,1203,187,5656,144,32,0,0,169,3295615,2161531,1114897,337776,72881,83812,92163,0,0,528265,14604218,9298107,46395,5259716,5259716,891080,70426424,102414,0,724323,1980807,0,4.0,0.0,2.0,1.0,1.0,597.0601173548387,618.409091,393.6480940967742,390.8504398387097,598.9076246451613,1.351403,22.922632322580643,1.0,1.0,1.0,1.0,none,0:1.0500|1:0.9300|2:1.0300|3:0.9400|4:0.9500|5:1.1000|6:0.8200|,Mustafa Çelik:4:46904|Serkan Kalkan:6:16993,2236190,21,173644,1456,31,33.829710084460714,34.068934994225174,none,354621
Dengeli,22,1516,2015,4,1384,1212,172,5526,133,55,0,0,154,3183680,2048992,1116766,326880,70530,81678,89820,0,0,547858,14041373,9781847,45066,4214460,4214460,999312,74279772,102414,0,741687,1916910,0,4.0,0.0,2.0,1.0,1.0,605.7575758666666,622.954545,389.3818182333333,390.5742424,599.4257574333334,1.360799,21.748806899999998,1.0,1.0,1.0,1.0,none,0:1.0500|1:0.9300|2:1.0300|3:0.9400|4:0.9500|5:1.1000|6:0.8200|,Mustafa Çelik:4:46904|Serkan Kalkan:6:16993,2060472,22,173644,1487,30,35.077834455724194,35.719859933036936,none,374214
Dengeli,22,1547,2015,5,1421,1218,203,5550,162,51,0,0,182,3238584,2052714,1168559,337776,72881,84959,93434,0,389,579120,18700290,12017208,43719,6639363,5679558,926570,83023004,102414,0,759051,1980807,0,4.0,0.0,2.0,1.0,1.0,608.7829911290322,626.818182,384.227273,386.2463343548387,609.0777126129033,1.369954,21.746911483870967,1.0,1.0,1.0,1.0,none,0:1.0500|1:0.9300|2:1.0300|3:0.9400|4:0.9500|5:1.1000|6:0.8200|,Mustafa Çelik:4:46904|Serkan Kalkan:6:16993,2068480,22,173644,1517,31,36.08240514990502,36.88600394577012,none,405476
Dengeli,22,1577,2015,6,1486,1290,196,6044,100,31,0,0,184,3165258,1998013,1142330,326880,70530,82789,104700,0,2105,555326,21894025,15806618,42356,6045051,7004856,943764,89993740,105665,0,776966,1919758,0,4.0,0.0,2.0,1.0,1.0,607.9772728666667,632.045455,385.09090899999995,385.35606026666665,607.8954545,1.379479,22.594200899999997,1.0,1.0,1.0,1.0,none,0:1.0500|1:0.9300|2:1.0300|3:0.9400|4:0.9500|5:1.1000|6:0.8200|,Mustafa Çelik:4:46904|Serkan Kalkan:6:16993,1996186,23,179156,1548,30,36.0896331357507,36.660311793521124,none,376170
Dengeli,22,1608,2015,7,1517,1292,225,5935,118,28,0,0,204,3065153,1911501,1134175,343776,74276,86137,108934,0,1306,519746,19259607,14007264,0,5252343,5252343,809956,90545289,105665,0,794881,2069095,0,4.0,0.0,2.0,1.0,1.0,620.5425219677419,635.227273,392.0,389.37243403225807,615.6055719354839,1.38876,21.094964,1.0,1.0,1.0,1.0,none,0:1.0500|1:0.9300|2:1.0300|3:0.9400|4:0.9500|5:1.1000|6:0.8200|,Mustafa Çelik:4:48995|Serkan Kalkan:6:17750,1954868,24,179156,1578,31,37.0022312099918,36.82947000038498,none,340590
Dengeli,22,1639,2015,8,1401,1204,197,5632,122,24,0,0,177,2996222,1874426,1102370,340826,73562,86726,109678,0,31501,460077,25149515,16052936,47187,9049392,9049392,857746,100801052,105665,0,812796,2069095,0,3.806451612903226,0.0,2.0,0.8064516129032258,1.0,622.6686218387097,640.909091,393.954545,392.18181822580647,620.7302054516128,1.398416,21.118490935483873,1.0,1.0,1.0,1.0,none,0:1.0500|1:0.9300|2:1.0300|3:0.9400|4:0.9500|5:1.1000|6:0.8200|,Mustafa Çelik:4:48995|Serkan Kalkan:6:17750,1883666,24,179156,1609,31,36.79200005874064,36.731267453838974,none,280921
Dengeli,22,1669,2015,9,1362,1170,192,5485,143,62,0,0,165,3355341,2159083,1176324,376380,81660,84499,92940,0,1668,539177,27450757,19999254,46501,7405002,7405002,959754,109802807,105665,0,830711,2002350,0,4.0,0.0,2.0,1.0,1.0,624.9469697999999,644.090909,406.0,401.7590909,623.8757575666666,1.408139,21.030200266666668,1.0,1.0,1.0,1.0,none,0:1.0500|1:0.9300|2:1.0300|3:0.9400|4:0.9500|5:1.1000|6:0.8200|,Mustafa Çelik:4:48995|Serkan Kalkan:6:17750,2220186,25,179156,1640,30,35.05825488378081,35.03448778543065,none,360021
Dengeli,22,1700,2015,10,1485,1255,230,6042,147,64,0,0,183,3496762,2241076,1235698,388926,84382,87905,96689,0,1033,576763,30183918,22162654,45806,7975458,7975458,1020900,120282085,105665,0,848626,2069095,0,4.0,0.0,2.0,1.0,1.0,632.9545453870968,648.8636359999999,407.8533723870968,406.12170087096774,629.2888563225807,1.417612,20.677844806451613,1.0,1.0,1.0,1.0,none,0:1.0500|1:0.9300|2:1.0300|3:0.9400|4:0.9500|5:1.1000|6:0.8200|,Mustafa Çelik:4:48995|Serkan Kalkan:6:17750,2269128,26,179156,1670,31,35.33835016509559,35.56356054957068,none,397607
Dengeli,22,1730,2015,11,1461,1253,208,5656,131,56,0,0,180,3347856,2177416,1151050,376380,81660,85669,94200,0,1231,511910,34204270,22973406,45100,11185764,11185764,943698,132835184,105665,0,866541,2002350,0,4.0,0.0,2.0,1.0,1.0,626.9242424,653.863636,409.272727,408.1454545666667,629.1272727666667,1.427469,23.0391993,1.0,1.0,1.0,1.0,none,0:1.0500|1:0.9300|2:1.0300|3:0.9400|4:0.9500|5:1.1000|6:0.8200|,Mustafa Çelik:4:48995|Serkan Kalkan:6:17750,2212842,27,179156,1701,30,34.38170578423922,34.71735509330179,none,332754
Dengeli,22,1761,2015,12,1552,1337,215,6695,177,68,0,0,178,4293283,2852114,1422674,388926,84382,89114,107818,0,936,751498,38454742,28491565,44384,9918793,9918793,1164912,140472878,110542,0,885283,2072201,0,4.0,0.0,2.0,1.0,1.0,621.7521993548388,658.181818,412.863636,411.0821113870968,626.7829911290322,1.437072,25.861458032258064,1.0,1.0,1.0,1.0,none,0:1.0500|1:0.9300|2:1.0300|3:0.9400|4:0.9500|5:1.1000|6:0.8200|,Mustafa Çelik:4:48995|Serkan Kalkan:6:17750,2831238,29,187425,1731,31,33.13720525760822,33.596755037069755,none,564073
Dengeli,22,1792,2016,1,1475,1239,236,5663,164,77,0,0,202,3791974,2454725,1326910,397926,86490,89735,108562,0,803,643394,37844490,25129239,43657,12671594,9975378,1084356,162193822,110542,0,904025,2165381,0,4.0,0.0,2.0,1.0,1.0,647.3533722258065,662.272727,418.5,416.1085043870968,640.912023516129,1.447064,21.999357806451613,1.0,1.0,1.0,1.0,none,0:1.0500|1:0.9300|2:1.0300|3:0.9400|4:0.9500|5:1.1000|6:0.8200|,Mustafa Çelik:4:51275|Serkan Kalkan:6:18576,2505336,29,187425,1762,31,34.992592248786515,35.35215572276019,none,455969
Dengeli,22,1821,2016,2,1378,1135,243,5454,165,59,0,0,206,3572193,2293283,1262161,372534,80910,84555,102312,0,824,621026,27700932,17793752,42920,9864260,12560476,1096694,159504129,110542,0,922767,2025679,0,4.0,0.0,2.0,1.0,1.0,646.724137724138,667.272727,409.6818180000001,412.2021943448276,644.1065831034482,1.4576940000000003,21.489239620689656,1.0,1.0,1.0,1.0,none,0:1.0500|1:0.9300|2:1.0300|3:0.9400|4:0.9500|5:1.1000|6:0.8200|,Mustafa Çelik:4:51275|Serkan Kalkan:6:18576,2299762,30,187425,1793,29,35.3329453363802,36.652771390024874,none,433601
Dengeli,22,1852,2016,3,1494,1256,238,6071,120,68,0,0,198,3653521,2353819,1276340,398226,86490,91007,100099,0,1375,599143,40601372,29652175,42172,10907025,10907025,1131294,173456741,110542,0,941509,2165381,0,4.0,0.0,2.0,1.0,1.0,638.3137828387097,671.1363640000001,411.5967742580645,411.39149570967743,642.0894428709678,1.467709,23.66366441935484,1.0,1.0,1.0,1.0,none,0:1.0500|1:0.9200|2:1.0300|3:0.9300|4:0.9400|5:1.1000|6:0.8200|,Mustafa Çelik:4:51275|Serkan Kalkan:6:18576,2395698,32,187425,1822,31,34.93451933080445,35.51811267060365,none,411718
Dengeli,22,1882,2016,4,1473,1245,228,6095,125,59,0,0,211,3717647,2363280,1335824,385380,83700,88731,97590,0,1044,679379,44548417,31571007,41413,12935997,12935997,1058776,187960901,110542,0,960251,2095530,0,4.0,0.0,2.0,1.0,1.0,647.7575757666667,676.590909,414.227273,412.53939396666664,645.7818182333334,1.4784910000000002,23.399227766666666,1.0,1.0,1.0,1.0,none,0:1.0500|1:0.9300|2:1.0300|3:0.9400|4:0.9500|5:1.1000|6:0.8200|,Mustafa Çelik:4:51275|Serkan Kalkan:6:18576,2358244,33,187425,1853,30,35.931975252088215,36.05211447975226,none,491954
Dengeli,22,1913,2016,5,1524,1279,245,5885,148,63,0,0,213,3483917,2204842,1255380,398226,86490,92340,101556,0,1563,575205,53680198,36705727,40643,16933828,16933828,953720,201021801,110542,0,978993,2165381,0,4.0,0.0,2.0,1.0,1.0,657.92522,680.909091,419.454545,417.0351905806452,653.140762483871,1.489001,22.83758919354839,1.0,1.0,1.0,1.0,none,0:1.0500|1:0.9300|2:1.0300|3:0.9400|4:0.9500|5:1.1000|6:0.8200|,Mustafa Çelik:4:51275|Serkan Kalkan:6:18576,2252598,35,187425,1883,31,36.03357944520492,36.24586316967755,none,387780
Dengeli,22,1943,2016,6,1523,1276,247,6110,128,64,0,0,223,3359639,2160082,1179279,385380,83700,90021,113850,0,519,505809,45428622,31217306,39862,14171454,14171454,1056910,210576166,117045,0,998838,2098813,0,4.0,0.0,2.0,1.0,1.0,656.7727273666666,685.6818179999999,427.727273,424.13787876666663,659.6893941,1.499939,23.5875742,1.0,1.0,1.0,1.0,none,0:1.0500|1:0.9300|2:1.0300|3:0.9400|4:0.9500|5:1.1000|6:0.8200|,Mustafa Çelik:4:51275|Serkan Kalkan:6:18576,2213700,37,198450,1914,30,35.101360592611286,34.87438573843123,none,307359
Dengeli,22,1974,2016,7,1418,1185,233,5672,140,29,0,0,211,3336189,2117553,1202360,410226,89280,93673,118482,0,1594,489105,49775329,32096539,39070,17639720,14004056,896088,224645035,117045,0,1018683,2267154,0,4.0,0.0,2.0,1.0,1.0,673.6436949354838,692.045455,433.909091,430.9604105483871,669.9398826774194,1.510601,21.162135032258067,1.0,1.0,1.0,1.0,none,0:1.0500|1:0.9300|2:1.0300|3:0.9400|4:0.9500|5:1.1000|6:0.8200|,Mustafa Çelik:4:53684|Serkan Kalkan:6:19449,2151502,38,198450,1944,31,36.03992459659809,35.58774553043856,none,290655
Dengeli,22,2005,2016,8,1544,1300,244,6229,133,38,0,0,218,3498206,2192554,1284670,410626,89280,94356,119350,0,1798,569260,59861505,41842007,38266,17981232,21616896,985322,263446624,117045,0,1038528,2267154,0,4.0,0.0,2.0,1.0,1.0,673.6436949354838,696.590909,420.227273,424.3181818387097,671.9472141290322,1.521698,21.923149419354836,1.0,1.0,1.0,1.0,none,0:1.0500|1:0.9300|2:1.0300|3:0.9400|4:0.9500|5:1.1000|6:0.8200|,Mustafa Çelik:4:53684|Serkan Kalkan:6:19449,2189962,39,198450,1975,31,36.7236806523115,37.618762535846784,none,370810
Dengeli,22,2035,2016,9,1481,1251,230,6291,152,73,0,0,195,3961712,2539457,1400933,397380,86400,92002,101160,0,785,723206,78195338,61161789,0,17033549,17033549,1216200,258708293,117045,0,1058373,2194020,0,4.0,0.0,2.0,1.0,1.0,677.4469696666667,702.272727,438.90909100000005,434.0363635333333,677.6803030333334,1.5328759999999997,23.256515533333335,1.0,1.0,1.0,1.0,none,0:1.0500|1:0.9300|2:1.0300|3:0.9400|4:0.9500|5:1.1000|6:0.8200|,Mustafa Çelik:4:53684|Serkan Kalkan:6:19449,2588232,40,198450,2006,30,35.36180822836188,35.21129909017641,none,524756
Dengeli,22,2066,2016,10,1396,1165,231,5387,151,61,0,0,204,3503266,2215303,1273534,410626,89280,95750,105276,0,572,572030,58573618,35044219,38199,23491200,23491200,1030464,291211161,117045,0,1078218,2267154,0,4.0,0.0,2.0,1.0,1.0,690.8651028387096,706.1363640000001,440.272727,438.66422290322583,683.8284458064516,1.543772,21.22878529032258,1.0,1.0,1.0,1.0,none,0:1.0500|1:0.9300|2:1.0300|3:0.9400|4:0.9500|5:1.1000|6:0.8200|,Mustafa Çelik:4:53684|Serkan Kalkan:6:19449,2252934,41,198450,2036,31,36.35276339278833,36.27225847839839,none,373580
Dengeli,22,2096,2016,11,1420,1203,217,5619,157,74,0,0,189,3635828,2295946,1322575,397380,86400,93322,102630,0,614,642229,68705684,47853429,37644,20814611,20814611,1074390,316171812,117045,0,1098063,2194020,0,4.0,0.0,2.0,1.0,1.0,691.0075758999999,712.272727,435.681818,437.0651515,688.8227273,1.555113,21.4854032,1.0,1.0,1.0,1.0,none,0:1.0500|1:0.9300|2:1.0300|3:0.9400|4:0.9500|5:1.1000|6:0.8200|,Mustafa Çelik:4:53684|Serkan Kalkan:6:19449,2253586,44,198450,2067,30,36.376170709945576,36.949776935144584,none,443779
Dengeli,22,2127,2016,12,1467,1243,224,5776,138,84,0,0,188,4038692,2550347,1468529,410626,89280,97115,117490,0,687,753331,102857481,80085658,37081,22734742,22734742,1150536,326487355,125173,0,1119286,2272938,0,4.0,0.0,2.0,1.0,1.0,692.126099516129,716.1363640000001,437.636364,437.19794703225807,692.6671554193549,1.566167,22.53861764516129,1.0,1.0,1.0,1.0,none,0:1.0500|1:0.9300|2:1.0300|3:0.9400|4:0.9500|5:1.1000|6:0.8200|,Mustafa Çelik:4:53684|Serkan Kalkan:6:19449,2572236,45,212231,2097,31,36.36150020848334,36.76927306946593,none,541100
Dengeli,22,2158,2017,1,1365,1127,238,5478,139,83,0,0,213,4006804,2532185,1453510,425626,92752,97845,118358,0,912,718017,55070106,28649803,36509,26383794,26383794,1283076,345541515,125173,0,1140509,2446458,0,4.0,0.0,2.0,1.0,1.0,703.6510263870967,722.5,445.81818200000004,442.7258063548387,698.6774192258064,1.577672,20.969167870967745,1.0,1.0,1.0,1.0,none,0:1.0500|1:0.9300|2:1.0300|3:0.9400|4:0.9500|5:1.1000|6:0.8200|,Mustafa Çelik:4:57930|Serkan Kalkan:6:20988,2588708,47,212231,2128,31,36.276044448393286,36.642147132356506,none,505786
Dengeli,22,2186,2017,2,1212,1007,205,4659,140,55,0,0,179,3418138,2157245,1238245,384888,83776,89497,108248,0,681,571155,57580272,36392969,35929,21151374,21151374,1046710,358624717,125173,0,1161732,2209704,0,4.0,0.0,2.0,1.0,1.0,709.650974,731.5909089999999,449.272727,447.0925324285714,708.7256492857143,1.597686,21.9809825,1.0,1.0,1.0,1.0,none,0:1.0500|1:0.9300|2:1.0300|3:0.9400|4:0.9500|5:1.1000|6:0.8200|,Mustafa Çelik:4:57930|Serkan Kalkan:6:20988,2197588,49,212231,2159,28,36.22571704243656,36.69102932845408,none,358924
Dengeli,22,2217,2017,3,1335,1069,266,5029,162,48,0,0,228,3470272,2174935,1281922,426126,92752,100233,110205,0,1060,551546,82212757,59604428,35341,22572988,22572988,979824,363056888,125173,0,1182955,2446458,0,4.0,0.0,2.0,1.0,1.0,725.879765516129,739.772727,459.636364,455.58211135483873,715.5762462903226,1.61598,20.237606580645163,1.0,1.0,1.0,1.0,none,0:1.0500|1:0.9300|2:1.0300|3:0.9400|4:0.9500|5:1.1000|6:0.8200|,Mustafa Çelik:4:57930|Serkan Kalkan:6:20988,2244146,51,212231,2187,31,36.94010152518304,36.67871928167326,none,339315
Dengeli,22,2247,2017,4,1359,1124,235,5161,165,54,0,0,197,3650310,2324515,1299020,412380,89760,98230,108000,0,1606,589044,88256033,54418735,34745,33802553,27216053,1020252,405200698,125173,0,1204178,2367540,0,4.0,0.0,2.0,1.0,1.0,726.5000002666667,749.3181820000001,464.5,461.8803029333333,722.6136364333332,1.636479,20.8772986,1.0,1.0,1.0,1.0,none,0:1.0500|1:0.9300|2:1.0300|3:0.9400|4:0.9500|5:1.1000|6:0.8200|,Mustafa Çelik:4:57930|Serkan Kalkan:6:20988,2334348,52,212231,2218,30,35.586566620369226,36.063317298072654,none,376813
Dengeli,22,2278,2017,5,1412,1146,266,5273,209,43,0,0,225,3688972,2272049,1397974,426126,92752,102745,112964,0,616,662771,109965544,79700875,34139,30230530,36817030,1034016,437736546,125173,0,1225401,2446458,0,4.0,0.0,2.0,1.0,1.0,746.7521995483871,758.6363640000001,459.51906122580647,460.88709674193547,733.1774192258064,1.656565,19.27277822580645,1.0,1.0,1.0,1.0,none,0:1.0500|1:0.9300|2:1.0300|3:0.9400|4:0.9500|5:1.1000|6:0.8200|,Mustafa Çelik:4:57930|Serkan Kalkan:6:20988,2294406,55,212231,2248,31,37.896031740007786,38.464317680790295,none,450540
Dengeli,22,2308,2017,6,1395,1159,236,5591,97,58,0,2,211,3618364,2236833,1360083,412380,89760,100691,127320,0,3896,626036,107569778,77801521,33525,29734732,29734732,975800,455594815,134926,0,1248277,2373882,0,4.0,0.0,2.0,1.0,1.0,746.1590906,767.727273,463.8212117,462.35909093333333,745.4848485,1.677579,21.011680633333334,1.0,1.0,1.0035714,0.9989285999999999,0,0:1.0500|1:0.9300|2:1.0300|3:0.9400|4:0.9500|5:1.1000|6:0.8200|,Mustafa Çelik:4:57930|Serkan Kalkan:6:20988,2268500,57,228769,2279,30,37.58834102926074,37.83883121667352,none|0,397267
Dengeli,22,2339,2017,7,1450,1203,247,5996,107,25,0,0,224,3733072,2367113,1348596,444126,96937,105319,133176,0,2033,567005,77384196,44708624,32902,32642670,32642670,1151406,450894430,134926,0,1271153,2643060,0,4.0,0.0,2.0,1.0,1.0,756.1730205806451,777.045455,491.3460412903226,479.96774193548384,751.1275659677419,1.698169,21.620077677419353,1.0,1.0,1.2183179999999998,0.9345045806451613,0,0:1.0500|1:0.9200|2:1.0300|3:0.9300|4:0.9400|5:1.1000|6:0.8200|,Mustafa Çelik:4:62585|Serkan Kalkan:6:22675,2427312,57,228769,2309,31,36.125635937372756,35.022008466656075,0,338236
Dengeli,22,2370,2017,8,1526,1258,268,6808,169,37,0,0,242,4549778,2952869,1573294,444726,96937,106653,134881,0,6237,783860,94424392,63002527,32269,31389596,31389596,1417884,476751480,134926,0,1294029,2643060,0,4.0,0.0,2.0,1.0,1.0,758.2038121612903,787.045455,495.363636,493.60557177419355,753.0058651290323,1.719711,23.6097024516129,1.0,1.0,1.25,0.925,0,0:1.0500|1:0.9200|2:1.0300|3:0.9300|4:0.9400|5:1.1000|6:0.8200|,Mustafa Çelik:4:62585|Serkan Kalkan:6:22675,2940268,58,228769,2340,31,34.57957728926554,34.66616389227243,0,555091
Dengeli,22,2400,2017,9,1401,1151,250,5476,144,66,0,0,221,4072690,2652824,1381322,430380,93810,104533,114930,0,2668,635001,86620336,58589392,31628,27999316,27999316,1363794,482201469,134926,0,1316905,2666082,0,4.0,0.0,2.0,1.0,1.0,770.9166665,797.727273,505.272727,501.39090906666667,766.1772728,1.741526,21.574175633333333,1.0,1.0,1.25,0.925,0,0:1.0500|1:0.9300|2:1.0300|3:0.9400|4:0.9500|5:1.1000|6:0.8200|,Mustafa Çelik:4:62585|Serkan Kalkan:6:22675|Esra Şahin:1:18047,2676720,60,228769,2371,30,33.91669879121662,34.45819127325872,0,406232
Dengeli,22,2431,2017,10,1414,1157,257,5271,206,65,0,0,219,3759186,2444102,1288170,444726,96937,109351,120218,0,1061,515877,100942286,61126293,44235,39771758,39771758,1107176,497450204,134926,0,1339781,3202517,0,4.0,0.0,2.0,1.0,1.0,786.9941350645162,806.818182,517.590909,512.8563050322581,777.7111436774193,1.762901,20.158236064516128,1.0,1.0,1.25,0.925,0,0:1.0500|1:0.9300|2:1.0300|3:0.9400|4:0.9500|5:1.1000|6:0.8200|,Mustafa Çelik:4:62585|Serkan Kalkan:6:22675|Esra Şahin:1:18047,2559060,62,228769,2401,31,34.26725892254334,34.231922966291364,0,287108
Dengeli,22,2461,2017,11,1319,1085,234,4858,161,34,0,0,197,3599165,2351850,1217299,430380,93810,107173,117840,0,1065,467031,106054926,71461476,43684,34549766,34549766,1163532,568267701,134926,0,1362657,3099210,0,4.0,0.0,2.0,1.0,1.0,801.3636366333334,817.272727,529.272727,523.9954545666667,791.2909091,1.785264,20.207377233333332,1.0,1.0,1.25,0.925,0,0:1.0500|1:0.9300|2:1.0300|3:0.9400|4:0.9500|5:1.1000|6:0.8200|,Mustafa Çelik:4:62585|Serkan Kalkan:6:22675|Esra Şahin:1:18047,2412948,63,228769,2432,30,33.8217058678888,33.953488428353715,0,238262
Dengeli,22,2492,2017,12,1414,1169,245,5339,213,62,0,0,201,4419854,2929463,1464915,444726,96937,112080,135563,0,1138,674471,157656291,108543325,43121,49069845,38371032,1220542,606554565,144680,0,1387187,4342296,0,4.0,0.0,2.0,1.0,1.0,808.7756598064516,827.272727,535.1715543225806,532.3841641935484,801.0293255806451,1.807175,20.397022290322578,0.9580645161290322,0.9580645161290322,1.2479032258064517,0.897454870967742,1,0:1.0500|1:0.9300|2:1.0300|3:0.9400|4:0.9500|5:1.1000|6:0.8200|,Mustafa Çelik:4:62585|Serkan Kalkan:6:22675|Esra Şahin:1:18047|Alper Yılmaz:1:15964|Burak Güler:1:16659|Sevgi Korkmaz:2:32045,2985046,64,245306,2462,31,33.1439681039238,33.82941884642612,0|1,429165
Dengeli,22,2523,2018,1,1238,978,260,4496,282,57,0,0,210,3964765,2632143,1304862,450876,98460,113498,137299,0,44548,460181,52178150,24857482,42547,27278121,37976934,1221564,590560438,144680,0,1411717,5943140,0,3.838709677419355,0.0,2.0,0.8387096774193549,1.0,824.5087979354838,837.5,542.5923754193548,539.385630483871,810.3680351935484,1.8301,19.101046258064518,0.9,0.9,1.2266666774193549,0.7907742903225806,1,0:1.0500|1:0.9300|2:1.0300|3:0.9400|4:0.9500|5:1.1000|6:0.8200|,Mustafa Çelik:4:66663|Serkan Kalkan:6:24152|Esra Şahin:1:19223|Alper Yılmaz:1:17004|Burak Güler:1:17744|Sevgi Korkmaz:2:34132|Cengiz Taş:1:19963|Nesrin Doğan:1:19099,2670164,68,245306,2493,31,32.91145881281741,34.19204539988286,1,214875
Dengeli,22,2551,2018,2,1125,883,242,4009,217,70,0,0,187,3494937,2273038,1202121,445088,97328,103579,125300,0,4489,426337,5009819,-27672851,41961,32640709,32640709,1192108,624397818,144680,0,1436247,7036118,0,4.0,0.0,2.0,1.0,1.0,826.8181818214287,846.5909089999999,529.9529220714286,534.4220779642857,819.9123375714286,1.849195,20.15677164285714,0.9,0.9,1.2020833214285713,0.8,1,0:1.0500|1:0.9300|2:1.0300|3:0.9400|4:0.9500|5:1.1000|6:0.8200|,Mustafa Çelik:4:66663|Serkan Kalkan:6:24152|Esra Şahin:1:19223|Alper Yılmaz:1:17004|Burak Güler:1:17744|Sevgi Korkmaz:2:34132|Cengiz Taş:1:19963|Nesrin Doğan:1:19099|Zeynep Turan:1:17744|Ercan Tekin:2:34010|Yasemin Aydın:1:17620,2271620,72,245306,2524,28,34.39607065878441,35.904539386884856,1,181031
Dengeli,22,2582,2018,3,1310,1069,241,4779,231,35,0,0,208,3742937,2406523,1314281,492776,107756,115762,127317,0,3218,467452,54162516,26760038,41364,27361114,27361114,975338,688453812,144680,0,1460777,9015920,0,4.0,0.0,2.0,1.0,1.0,832.1627566774193,854.318182,538.3812316451613,535.9105571935484,828.957477967742,1.866614,20.74115629032258,0.9,0.9,1.1775,0.8,1,0:1.0500|1:0.9300|2:1.0300|3:0.9400|4:0.9500|5:1.1000|6:0.8200|,Mustafa Çelik:4:66663|Serkan Kalkan:6:24152|Esra Şahin:1:19223|Alper Yılmaz:1:17004|Burak Güler:1:17744|Sevgi Korkmaz:2:34132|Cengiz Taş:1:19963|Nesrin Doğan:1:19099|Zeynep Turan:1:17744|Ercan Tekin:2:34010|Yasemin Aydın:1:17620|Ayşe Tunç:1:17990,2402068,76,245306,2552,31,35.11362868250254,35.303373369560674,1,222146
Dengeli,22,2612,2018,4,1269,1006,263,4590,189,35,0,0,229,3663352,2324192,1313021,476880,104280,113198,124470,0,2580,491613,87453613,45199007,40754,42213852,42213852,1059416,709335356,144680,0,1485307,11205086,0,4.0,0.0,2.0,1.0,1.0,847.3560606666666,863.863636,539.9151515333334,538.5787878333333,842.0863636333332,1.886091,20.34245616666667,0.9,0.9,1.1520833333333333,0.8,1,0:1.0500|1:0.9300|2:1.0300|3:0.9400|4:0.9500|5:1.1000|6:0.8200|,Mustafa Çelik:4:66663|Serkan Kalkan:6:24152|Esra Şahin:1:19223|Alper Yılmaz:1:17004|Burak Güler:1:17744|Sevgi Korkmaz:2:34132|Cengiz Taş:1:19963|Nesrin Doğan:1:19099|Zeynep Turan:1:17744|Ercan Tekin:2:34010|Yasemin Aydın:1:17620|Ayşe Tunç:1:17990|Gamze Erdoğan:1:17004|İbrahim Karaca:2:36104|Selin Aktaş:1:18360|Tolga Öztürk:2:38445|Tuğba Aktaş:3:52739,2446118,80,245306,2583,30,35.84206486299979,36.28237566288848,1,246307
Dengeli,22,2643,2018,5,1332,1062,270,4821,250,32,0,0,222,3857988,2432602,1408391,492776,107756,118150,129921,0,3253,556535,106904120,69951540,40131,36912449,36912449,1074370,657690426,144680,0,1509837,15199709,0,4.0,0.0,2.0,1.0,1.0,853.5557185483872,871.590909,539.5733138064517,539.0146626774193,847.4369501290322,1.905133,19.706162387096775,0.9,0.9,1.126666677419355,0.8,1,0:1.0500|1:0.9300|2:1.0300|3:0.9400|4:0.9500|5:1.1000|6:0.8200|,Mustafa Çelik:4:66663|Serkan Kalkan:6:24152|Esra Şahin:1:19223|Alper Yılmaz:1:17004|Burak Güler:1:17744|Sevgi Korkmaz:2:34132|Cengiz Taş:1:19963|Nesrin Doğan:1:19099|Zeynep Turan:1:17744|Ercan Tekin:2:34010|Yasemin Aydın:1:17620|Ayşe Tunç:1:17990|Gamze Erdoğan:1:17004|İbrahim Karaca:2:36104|Selin Aktaş:1:18360|Tolga Öztürk:2:38445|Tuğba Aktaş:3:52739|Ayşe Bozkurt:1:19593|Pınar Soylu:1:18360,2365628,85,245306,2613,31,36.50584190515885,36.78522654337254,1,311229
Dengeli,22,2673,2018,6,1334,1062,272,5170,183,24,0,0,235,3705707,2326340,1347001,476880,104280,115539,146100,0,3492,500710,82463917,48563740,0,33900177,33900177,1044258,672257480,154434,0,1536021,15947597,0,4.0,0.0,2.0,1.0,1.0,856.1742423666667,880.909091,542.2939393333334,541.1409090666667,851.1757576,1.925011,20.726950833333333,0.9,0.9,1.10125,0.8,1,0:1.0500|1:0.9300|2:1.0300|3:0.9400|4:0.9500|5:1.1000|6:0.8200|,Mustafa Çelik:4:66663|Serkan Kalkan:6:24152|Esra Şahin:1:19223|Alper Yılmaz:1:17004|Burak Güler:1:17744|Sevgi Korkmaz:2:34132|Cengiz Taş:1:19963|Nesrin Doğan:1:19099|Zeynep Turan:1:17744|Ercan Tekin:2:34010|Yasemin Aydın:1:17620|Ayşe Tunç:1:17990|Gamze Erdoğan:1:17004|İbrahim Karaca:2:36104|Selin Aktaş:1:18360|Tolga Öztürk:2:38445|Tuğba Aktaş:3:52739|Ayşe Bozkurt:1:19593|Pınar Soylu:1:18360|Selin Arslan:1:18730|Seda Güler:1:17498,2389308,89,261844,2644,30,36.3493659914289,36.660797242123806,1,238866
Dengeli,22,2704,2018,7,1358,1110,248,5187,221,30,0,0,217,3962714,2495092,1451298,510776,111941,120599,152489,0,5327,550166,86874326,41319819,38642,45515865,45515865,1088256,735196778,154434,0,1562205,18376173,0,4.0,0.0,2.0,1.0,1.0,870.0659825483871,889.772727,554.3489736451613,549.9956011290323,860.4105571612903,1.944446,19.888296741935484,0.9,0.9,1.0758333225806451,0.8,1,0:1.0500|1:0.9300|2:1.0300|3:0.9400|4:0.9500|5:1.1000|6:0.8200|,Mustafa Çelik:4:71076|Serkan Kalkan:6:25749|Esra Şahin:1:20495|Alper Yılmaz:1:18130|Burak Güler:1:18919|Sevgi Korkmaz:2:36391|Cengiz Taş:1:21283|Nesrin Doğan:1:20363|Zeynep Turan:1:18919|Ercan Tekin:2:36260|Yasemin Aydın:1:18787|Ayşe Tunç:1:19181|Gamze Erdoğan:1:18130|İbrahim Karaca:2:38493|Selin Aktaş:1:19575|Tolga Öztürk:2:40990|Tuğba Aktaş:3:56230|Ayşe Bozkurt:1:20889|Pınar Soylu:1:19575|Selin Arslan:1:19970|Seda Güler:1:18656|Hülya Kalkan:1:19838,2543542,89,261844,2674,31,36.623839116322806,36.28655932260491,1,288322
Dengeli,22,2735,2018,8,1332,1065,267,5318,207,16,0,0,244,3961618,2500087,1443812,511376,111941,121840,154101,0,4568,539986,107147894,69332657,38150,37777087,37777087,1249672,738540490,154434,0,1588389,20813886,0,4.0,0.0,2.0,1.0,1.0,877.5146628064516,899.090909,557.9413489354839,555.7947213870968,868.1700880645161,1.964735,20.271873322580646,0.9,0.9,1.0499999999999998,0.8,1,0:1.0500|1:0.9300|2:1.0300|3:0.9400|4:0.9500|5:1.1000|6:0.8200|,Mustafa Çelik:4:71076|Serkan Kalkan:6:25749|Esra Şahin:1:20495|Alper Yılmaz:1:18130|Burak Güler:1:18919|Sevgi Korkmaz:2:36391|Cengiz Taş:1:21283|Nesrin Doğan:1:20363|Zeynep Turan:1:18919|Ercan Tekin:2:36260|Yasemin Aydın:1:18787|Ayşe Tunç:1:19181|Gamze Erdoğan:1:18130|İbrahim Karaca:2:38493|Selin Aktaş:1:19575|Tolga Öztürk:2:40990|Tuğba Aktaş:3:56230|Ayşe Bozkurt:1:20889|Pınar Soylu:1:19575|Selin Arslan:1:19970|Seda Güler:1:18656|Hülya Kalkan:1:19838|Onur Kaplan:1:19050|Hülya Aktaş:2:39544|Özlem Yıldız:3:56099|Tolga Şahin:1:19970,2520408,94,261844,2705,31,36.445008074983505,36.418002731591294,1,278142
Dengeli,22,2765,2018,9,1343,1070,273,4932,196,42,0,0,239,4027325,2593778,1402164,494880,108330,119141,131040,0,4755,544018,78386625,28350116,37648,49998861,40229299,1122440,793638875,154434,0,1614573,22752117,0,4.0,0.0,2.0,1.0,1.0,873.7954546333333,908.1818179999999,564.3954545666667,561.6378788333333,868.8863636666666,1.985235,21.858100533333335,0.9,0.9,1.0245833333333334,0.8,1,0:1.0500|1:0.9250|2:1.0300|3:0.9350|4:0.9450|5:1.1000|6:0.8200|,Mustafa Çelik:4:71076|Serkan Kalkan:6:25749|Esra Şahin:1:20495|Alper Yılmaz:1:18130|Burak Güler:1:18919|Sevgi Korkmaz:2:36391|Cengiz Taş:1:21283|Nesrin Doğan:1:20363|Zeynep Turan:1:18919|Ercan Tekin:2:36260|Yasemin Aydın:1:18787|Ayşe Tunç:1:19181|Gamze Erdoğan:1:18130|İbrahim Karaca:2:38493|Selin Aktaş:1:19575|Tolga Öztürk:2:40990|Tuğba Aktaş:3:56230|Ayşe Bozkurt:1:20889|Pınar Soylu:1:19575|Selin Arslan:1:19970|Seda Güler:1:18656|Hülya Kalkan:1:19838|Onur Kaplan:1:19050|Hülya Aktaş:2:39544|Özlem Yıldız:3:56099|Tolga Şahin:1:19970|Emre Tunç:1:18130|Selin Güler:1:17604|Alper Kaya:2:38757,2637282,100,261844,2736,30,34.816261414214146,35.40874450949149,1,282174
Dengeli,22,2796,2018,10,1345,1086,259,4866,245,44,0,0,220,4196293,2688450,1483249,511376,111941,124382,136772,0,2407,596371,92293952,51515822,37136,40740994,50510556,1140000,781399943,154434,0,1640757,26577293,0,4.0,0.0,2.0,1.0,1.0,884.1422289354839,916.818182,564.8284458064516,563.6568915806452,878.3313782258064,2.005278,20.97843212903226,0.9,0.9,1.0028225806451612,0.8,1,0:1.0500|1:0.9300|2:1.0300|3:0.9400|4:0.9500|5:1.1000|6:0.8200|,Mustafa Çelik:4:71076|Serkan Kalkan:6:25749|Esra Şahin:1:20495|Alper Yılmaz:1:18130|Burak Güler:1:18919|Sevgi Korkmaz:2:36391|Cengiz Taş:1:21283|Nesrin Doğan:1:20363|Zeynep Turan:1:18919|Ercan Tekin:2:36260|Yasemin Aydın:1:18787|Ayşe Tunç:1:19181|Gamze Erdoğan:1:18130|İbrahim Karaca:2:38493|Selin Aktaş:1:19575|Tolga Öztürk:2:40990|Tuğba Aktaş:3:56230|Ayşe Bozkurt:1:20889|Pınar Soylu:1:19575|Selin Arslan:1:19970|Seda Güler:1:18656|Hülya Kalkan:1:19838|Onur Kaplan:1:19050|Hülya Aktaş:2:39544|Özlem Yıldız:3:56099|Tolga Şahin:1:19970|Emre Tunç:1:18130|Selin Güler:1:17604|Alper Kaya:2:38757|Cengiz Korkmaz:1:18261|Songül Koç:2:39019|Merve Güler:1:18393,2738762,107,261844,2766,31,35.34665000751854,36.1156579426694,1,334527
Dengeli,22,2826,2018,11,1396,1142,254,5511,160,36,0,0,231,4692392,2956851,1707733,494880,108330,121601,133740,0,3989,845193,131018758,83057110,36614,47925034,47925034,1386792,836771656,154434,0,1666941,26481780,0,4.0,0.0,2.0,1.0,1.0,885.4469695666667,927.045455,553.363636,556.7939394333333,886.1681818,2.026201,23.38916373333333,0.9433333333333334,0.9433333333333334,1.0,0.8173333333333334,none,0:1.0500|1:0.9200|2:1.0300|3:0.9300|4:0.9400|5:1.1000|6:0.8200|,Mustafa Çelik:4:71076|Serkan Kalkan:6:25749|Esra Şahin:1:20495|Alper Yılmaz:1:18130|Burak Güler:1:18919|Sevgi Korkmaz:2:36391|Cengiz Taş:1:21283|Nesrin Doğan:1:20363|Zeynep Turan:1:18919|Ercan Tekin:2:36260|Yasemin Aydın:1:18787|Ayşe Tunç:1:19181|Gamze Erdoğan:1:18130|İbrahim Karaca:2:38493|Selin Aktaş:1:19575|Tolga Öztürk:2:40990|Tuğba Aktaş:3:56230|Ayşe Bozkurt:1:20889|Pınar Soylu:1:19575|Selin Arslan:1:19970|Seda Güler:1:18656|Hülya Kalkan:1:19838|Onur Kaplan:1:19050|Hülya Aktaş:2:39544|Özlem Yıldız:3:56099|Tolga Şahin:1:19970|Emre Tunç:1:18130|Selin Güler:1:17604|Alper Kaya:2:38757|Cengiz Korkmaz:1:18261|Songül Koç:2:39019|Merve Güler:1:18393,2914248,113,261844,2797,30,36.393655943493215,37.50459880496136,1|none,583349
Dengeli,22,2857,2018,12,1444,1173,271,5695,171,80,0,0,240,5184518,3240067,1922743,511376,111941,126926,153543,0,9723,1009234,202021631,129501376,36082,72484173,72484173,1543544,898970797,162562,0,1694503,27409561,0,4.0,0.0,2.0,1.0,1.0,893.819647967742,936.590909,557.818182,556.5615835483871,895.532258,2.046658,23.35054329032258,1.0,1.0,1.0,0.9670967741935484,none,0:1.0500|1:0.9200|2:1.0300|3:0.9300|4:0.9400|5:1.1000|6:0.8200|,Mustafa Çelik:4:71076|Serkan Kalkan:6:25749|Esra Şahin:1:20495|Alper Yılmaz:1:18130|Burak Güler:1:18919|Sevgi Korkmaz:2:36391|Cengiz Taş:1:21283|Nesrin Doğan:1:20363|Zeynep Turan:1:18919|Ercan Tekin:2:36260|Yasemin Aydın:1:18787|Ayşe Tunç:1:19181|Gamze Erdoğan:1:18130|İbrahim Karaca:2:38493|Selin Aktaş:1:19575|Tolga Öztürk:2:40990|Tuğba Aktaş:3:56230|Ayşe Bozkurt:1:20889|Pınar Soylu:1:19575|Selin Arslan:1:19970|Seda Güler:1:18656|Hülya Kalkan:1:19838|Onur Kaplan:1:19050|Hülya Aktaş:2:39544|Özlem Yıldız:3:56099|Tolga Şahin:1:19970|Emre Tunç:1:18130|Selin Güler:1:17604|Alper Kaya:2:38757|Cengiz Korkmaz:1:18261|Songül Koç:2:39019|Merve Güler:1:18393,3282096,116,275625,2827,31,37.08624408286364,37.591640185097866,none,733609
Dengeli,22,2888,2019,1,1488,1204,284,5987,158,91,0,0,256,5614503,3577945,2003780,526376,115444,128250,155155,0,5407,1073148,131580499,77527928,35539,54017032,54017032,1547466,988635958,162562,0,1722065,28761211,0,4.0,0.0,2.0,1.0,1.0,904.0322579032259,946.3636359999999,576.681818,571.3489735483871,903.4061583225806,2.068013,22.61428480645161,1.0,1.0,1.0,1.0,2,0:1.0500|1:0.9300|2:1.0300|3:0.9400|4:0.9500|5:1.1000|6:0.8200|,Mustafa Çelik:4:74703|Serkan Kalkan:6:27064|Esra Şahin:1:21540|Alper Yılmaz:1:19055|Burak Güler:1:19884|Sevgi Korkmaz:2:38249|Cengiz Taş:1:22370|Nesrin Doğan:1:21403|Zeynep Turan:1:19884|Ercan Tekin:2:38111|Yasemin Aydın:1:19746|Ayşe Tunç:1:20160|Gamze Erdoğan:1:19055|İbrahim Karaca:2:40458|Selin Aktaş:1:20574|Tolga Öztürk:2:43082|Tuğba Aktaş:3:59100|Ayşe Bozkurt:1:21956|Pınar Soylu:1:20574|Selin Arslan:1:20989|Seda Güler:1:19607|Hülya Kalkan:1:20851|Onur Kaplan:1:20023|Hülya Aktaş:2:41563|Özlem Yıldız:3:58962|Tolga Şahin:1:20989|Emre Tunç:1:19055|Selin Güler:1:18504|Alper Kaya:2:40735|Cengiz Korkmaz:1:19193|Songül Koç:2:41011|Merve Güler:1:19332,3638922,118,275625,2858,31,35.689356653652155,36.2100397459786,none|2,797523
Dengeli,22,2916,2019,2,1269,1024,245,5031,148,72,0,0,211,4984197,3130663,1834142,475888,104272,116790,141260,0,15611,980321,134706011,83796329,34986,50874696,50874696,1350808,957273987,162562,0,1749627,25977868,0,4.0,0.0,2.0,1.0,1.0,913.8798700714286,954.0909089999999,572.227273,572.8636364285715,910.32629875,2.084821,22.196717857142858,1.0,1.0,1.0,1.0,2,0:1.0500|1:0.9300|2:1.0300|3:0.9400|4:0.9500|5:1.1000|6:0.8200|,Mustafa Çelik:4:74703|Serkan Kalkan:6:27064|Esra Şahin:1:21540|Alper Yılmaz:1:19055|Burak Güler:1:19884|Sevgi Korkmaz:2:38249|Cengiz Taş:1:22370|Nesrin Doğan:1:21403|Zeynep Turan:1:19884|Ercan Tekin:2:38111|Yasemin Aydın:1:19746|Ayşe Tunç:1:20160|Gamze Erdoğan:1:19055|İbrahim Karaca:2:40458|Selin Aktaş:1:20574|Tolga Öztürk:2:43082|Tuğba Aktaş:3:59100|Ayşe Bozkurt:1:21956|Pınar Soylu:1:20574|Selin Arslan:1:20989|Seda Güler:1:19607|Hülya Kalkan:1:20851|Onur Kaplan:1:20023|Hülya Aktaş:2:41563|Özlem Yıldız:3:58962|Tolga Şahin:1:20989|Emre Tunç:1:19055|Selin Güler:1:18504|Alper Kaya:2:40735|Cengiz Korkmaz:1:19193|Songül Koç:2:41011|Merve Güler:1:19332,3159608,123,275625,2889,28,36.799147385225744,37.38484764356667,2,704696
Dengeli,22,2947,2019,3,1096,905,191,4556,111,15,0,0,175,4219296,2611509,1592888,526876,115444,130234,143220,0,14715,662399,58992486,3589970,0,55402516,42504606,1185340,971175500,162562,0,1777189,28761211,0,4.0,0.0,2.0,1.0,1.0,931.7008798709677,962.045455,583.045455,579.130498483871,925.4956011612904,2.10012,20.519498129032257,1.0,1.0,1.0,1.0,2,0:1.0500|1:0.9300|2:1.0300|3:0.9400|4:0.9500|5:1.1000|6:0.8200|,Mustafa Çelik:4:74703|Serkan Kalkan:6:27064|Esra Şahin:1:21540|Alper Yılmaz:1:19055|Burak Güler:1:19884|Sevgi Korkmaz:2:38249|Cengiz Taş:1:22370|Nesrin Doğan:1:21403|Zeynep Turan:1:19884|Ercan Tekin:2:38111|Yasemin Aydın:1:19746|Ayşe Tunç:1:20160|Gamze Erdoğan:1:19055|İbrahim Karaca:2:40458|Selin Aktaş:1:20574|Tolga Öztürk:2:43082|Tuğba Aktaş:3:59100|Ayşe Bozkurt:1:21956|Pınar Soylu:1:20574|Selin Arslan:1:20989|Seda Güler:1:19607|Hülya Kalkan:1:20851|Onur Kaplan:1:20023|Hülya Aktaş:2:41563|Özlem Yıldız:3:58962|Tolga Şahin:1:20989|Emre Tunç:1:19055|Selin Güler:1:18504|Alper Kaya:2:40735|Cengiz Korkmaz:1:19193|Songül Koç:2:41011|Merve Güler:1:19332,2665492,129,275625,2917,31,37.75245917802401,37.421390534615945,2,386774
Dengeli,22,2977,2019,4,964,778,186,3711,115,19,0,0,173,3451504,2140082,1289457,509880,111720,127054,139740,0,12984,388079,69621702,24176880,29134,45415688,58313598,1034388,1000847975,162562,0,1804751,27833430,0,4.0,0.0,2.0,1.0,1.0,939.0757576,969.090909,586.454545,583.7500000333333,930.2030302000001,2.117189,19.6564834,1.0,1.0,1.0,1.0,2,0:1.0500|1:0.9300|2:1.0300|3:0.9400|4:0.9500|5:1.1000|6:0.8200|,Mustafa Çelik:4:74703|Serkan Kalkan:6:27064|Esra Şahin:1:21540|Alper Yılmaz:1:19055|Burak Güler:1:19884|Sevgi Korkmaz:2:38249|Cengiz Taş:1:22370|Nesrin Doğan:1:21403|Zeynep Turan:1:19884|Ercan Tekin:2:38111|Yasemin Aydın:1:19746|Ayşe Tunç:1:20160|Gamze Erdoğan:1:19055|İbrahim Karaca:2:40458|Selin Aktaş:1:20574|Tolga Öztürk:2:43082|Tuğba Aktaş:3:59100|Ayşe Bozkurt:1:21956|Pınar Soylu:1:20574|Selin Arslan:1:20989|Seda Güler:1:19607|Hülya Kalkan:1:20851|Onur Kaplan:1:20023|Hülya Aktaş:2:41563|Özlem Yıldız:3:58962|Tolga Şahin:1:20989|Emre Tunç:1:19055|Selin Güler:1:18504|Alper Kaya:2:40735|Cengiz Korkmaz:1:19193|Songül Koç:2:41011|Merve Güler:1:19332,2152120,133,275625,2948,30,37.35927873761699,37.54981531002307,2,112454
Dengeli,22,3008,2019,5,1222,958,264,4994,137,19,0,0,239,4735662,2932478,1772949,526876,115444,132342,145514,0,22154,830619,165577012,108197603,28729,57350680,57350680,1163718,1054447757,162562,0,1832313,28761211,0,4.0,0.0,2.0,1.0,1.0,938.4017594516129,976.590909,580.318182,581.6979471290323,931.4560117419354,2.13384,21.000778258064518,1.0,1.0,1.0,1.0,2,0:1.0500|1:0.9300|2:1.0300|3:0.9400|4:0.9500|5:1.1000|6:0.8200|,Mustafa Çelik:4:74703|Serkan Kalkan:6:27064|Esra Şahin:1:21540|Alper Yılmaz:1:19055|Burak Güler:1:19884|Sevgi Korkmaz:2:38249|Cengiz Taş:1:22370|Nesrin Doğan:1:21403|Zeynep Turan:1:19884|Ercan Tekin:2:38111|Yasemin Aydın:1:19746|Ayşe Tunç:1:20160|Gamze Erdoğan:1:19055|İbrahim Karaca:2:40458|Selin Aktaş:1:20574|Tolga Öztürk:2:43082|Tuğba Aktaş:3:59100|Ayşe Bozkurt:1:21956|Pınar Soylu:1:20574|Selin Arslan:1:20989|Seda Güler:1:19607|Hülya Kalkan:1:20851|Onur Kaplan:1:20023|Hülya Aktaş:2:41563|Özlem Yıldız:3:58962|Tolga Şahin:1:20989|Emre Tunç:1:19055|Selin Güler:1:18504|Alper Kaya:2:40735|Cengiz Korkmaz:1:19193|Songül Koç:2:41011|Merve Güler:1:19332,2753536,137,275625,2978,31,37.438250449461975,38.15887745786743,2,554994
Dengeli,22,3038,2019,6,1073,845,228,4287,98,3,0,0,218,3582743,2235081,1318231,509880,111720,129094,163260,0,11273,393004,113164268,50020819,28317,63115132,49547235,1002030,1036574300,170690,0,1861253,27881506,0,4.0,0.0,2.0,1.0,1.0,952.5454542000001,984.3181820000001,607.1818179999999,596.6727272666667,944.7499999333334,2.151183,18.742399233333334,1.0,1.0,1.0,1.0,2,0:1.0500|1:0.9300|2:1.0300|3:0.9400|4:0.9500|5:1.1000|6:0.8200|,Mustafa Çelik:4:74703|Serkan Kalkan:6:27064|Esra Şahin:1:21540|Alper Yılmaz:1:19055|Burak Güler:1:19884|Sevgi Korkmaz:2:38249|Cengiz Taş:1:22370|Nesrin Doğan:1:21403|Zeynep Turan:1:19884|Ercan Tekin:2:38111|Yasemin Aydın:1:19746|Ayşe Tunç:1:20160|Gamze Erdoğan:1:19055|İbrahim Karaca:2:40458|Selin Aktaş:1:20574|Tolga Öztürk:2:43082|Tuğba Aktaş:3:59100|Ayşe Bozkurt:1:21956|Pınar Soylu:1:20574|Selin Arslan:1:20989|Seda Güler:1:19607|Hülya Kalkan:1:20851|Onur Kaplan:1:20023|Hülya Aktaş:2:41563|Özlem Yıldız:3:58962|Tolga Şahin:1:20989|Emre Tunç:1:19055|Selin Güler:1:18504|Alper Kaya:2:40735|Cengiz Korkmaz:1:19193|Songül Koç:2:41011|Merve Güler:1:19332,2183770,140,289406,3009,30,36.79390344213917,36.25691925537092,2,103598
Dengeli,22,3069,2019,7,1158,919,239,4604,86,10,0,0,221,4029502,2522724,1493702,603076,132692,134451,170035,0,58521,394927,128004457,73042297,27898,54934262,68502159,634762,1070157658,170690,0,1890193,30251567,0,4.0,0.0,2.0,1.0,1.0,951.6715542258064,992.5,593.227273,597.0879766129033,949.5014662903226,2.1681009999999996,20.04184987096774,1.0,1.0,1.0,1.0,2,0:1.0500|1:0.9300|2:1.0300|3:0.9400|4:0.9500|5:1.1000|6:0.8200|,Mustafa Çelik:4:78574|Serkan Kalkan:6:28467|Esra Şahin:1:22658|Alper Yılmaz:1:20043|Burak Güler:1:20914|Sevgi Korkmaz:2:40231|Cengiz Taş:1:23529|Nesrin Doğan:1:22512|Zeynep Turan:1:20914|Ercan Tekin:2:40086|Yasemin Aydın:1:20769|Ayşe Tunç:1:21205|Gamze Erdoğan:1:20043|İbrahim Karaca:2:42555|Selin Aktaş:1:21641|Tolga Öztürk:2:45314|Tuğba Aktaş:3:62161|Ayşe Bozkurt:1:23092|Pınar Soylu:1:21641|Selin Arslan:1:22076|Seda Güler:1:20624|Hülya Kalkan:1:21931|Onur Kaplan:1:21059|Hülya Aktaş:2:43717|Özlem Yıldız:3:62017|Tolga Şahin:1:22076|Emre Tunç:1:20043|Selin Güler:1:19462|Alper Kaya:2:42846|Cengiz Korkmaz:1:20188|Songül Koç:2:43136|Merve Güler:1:20334,2083588,139,289406,3039,31,37.069146509916116,37.664704764387345,2,105521
Dengeli,22,3100,2019,8,1215,962,253,5053,102,11,0,0,241,3969297,2456947,1484848,621426,136710,135537,171430,3672,15898,403847,160398779,100723998,27473,59647308,59647308,660794,1154209417,170690,0,1919133,30251567,0,4.0,0.0,2.0,1.0,1.0,959.9633431612903,1000.909091,596.954545,596.036657,954.5117301935485,2.185722,21.461551193548388,1.0,1.0,1.0,1.0,2,0:1.0500|1:0.9200|2:1.0300|3:0.9300|4:0.9400|5:1.1000|6:0.8200|,Mustafa Çelik:4:78574|Serkan Kalkan:6:28467|Esra Şahin:1:22658|Alper Yılmaz:1:20043|Burak Güler:1:20914|Sevgi Korkmaz:2:40231|Cengiz Taş:1:23529|Nesrin Doğan:1:22512|Zeynep Turan:1:20914|Ercan Tekin:2:40086|Yasemin Aydın:1:20769|Ayşe Tunç:1:21205|Gamze Erdoğan:1:20043|İbrahim Karaca:2:42555|Selin Aktaş:1:21641|Tolga Öztürk:2:45314|Tuğba Aktaş:3:62161|Ayşe Bozkurt:1:23092|Pınar Soylu:1:21641|Selin Arslan:1:22076|Seda Güler:1:20624|Hülya Kalkan:1:21931|Onur Kaplan:1:21059|Hülya Aktaş:2:43717|Özlem Yıldız:3:62017|Tolga Şahin:1:22076|Emre Tunç:1:20043|Selin Güler:1:19462|Alper Kaya:2:42846|Cengiz Korkmaz:1:20188|Songül Koç:2:43136|Merve Güler:1:20334,1956216,143,289406,3070,31,37.40833704305825,37.814860405591396,2,114441
Dengeli,22,3130,2019,9,1102,857,245,4295,121,17,0,0,227,4090713,2526886,1531008,601380,132300,132245,145440,0,9196,510447,139445933,64729588,27040,74689305,74689305,1228736,1116027816,170690,0,1948073,29275710,0,4.0,0.0,2.0,1.0,1.0,973.5303031999999,1008.863636,608.3181820000001,603.5318181333333,968.6318183,2.203487,19.325623566666664,1.0,1.0,1.0,1.0,2,0:1.0500|1:0.9300|2:1.0300|3:0.9400|4:0.9500|5:1.1000|6:0.8200|,Mustafa Çelik:4:78574|Serkan Kalkan:6:28467|Esra Şahin:1:22658|Alper Yılmaz:1:20043|Burak Güler:1:20914|Sevgi Korkmaz:2:40231|Cengiz Taş:1:23529|Nesrin Doğan:1:22512|Zeynep Turan:1:20914|Ercan Tekin:2:40086|Yasemin Aydın:1:20769|Ayşe Tunç:1:21205|Gamze Erdoğan:1:20043|İbrahim Karaca:2:42555|Selin Aktaş:1:21641|Tolga Öztürk:2:45314|Tuğba Aktaş:3:62161|Ayşe Bozkurt:1:23092|Pınar Soylu:1:21641|Selin Arslan:1:22076|Seda Güler:1:20624|Hülya Kalkan:1:21931|Onur Kaplan:1:21059|Hülya Aktaş:2:43717|Özlem Yıldız:3:62017|Tolga Şahin:1:22076|Emre Tunç:1:20043|Selin Güler:1:19462|Alper Kaya:2:42846|Cengiz Korkmaz:1:20188|Songül Koç:2:43136|Merve Güler:1:20334,2574256,151,289406,3101,30,37.42643397373514,37.514201663733054,2,221041
Dengeli,22,3161,2019,10,1120,906,214,4345,114,14,0,0,190,4050749,2533861,1486805,621426,136710,137738,151466,0,11727,427738,109134881,53130113,26601,55978167,55978167,1154358,1114290654,170690,0,1977013,30251567,0,4.0,0.0,2.0,1.0,1.0,978.1231672258065,1016.1363640000001,618.227273,613.7008797096775,978.9178886129033,2.220816,19.313358516129032,1.0,1.0,1.0,1.0,2,0:1.0500|1:0.9300|2:1.0300|3:0.9400|4:0.9500|5:1.1000|6:0.8200|,Mustafa Çelik:4:78574|Serkan Kalkan:6:28467|Esra Şahin:1:22658|Alper Yılmaz:1:20043|Burak Güler:1:20914|Sevgi Korkmaz:2:40231|Cengiz Taş:1:23529|Nesrin Doğan:1:22512|Zeynep Turan:1:20914|Ercan Tekin:2:40086|Yasemin Aydın:1:20769|Ayşe Tunç:1:21205|Gamze Erdoğan:1:20043|İbrahim Karaca:2:42555|Selin Aktaş:1:21641|Tolga Öztürk:2:45314|Tuğba Aktaş:3:62161|Ayşe Bozkurt:1:23092|Pınar Soylu:1:21641|Selin Arslan:1:22076|Seda Güler:1:20624|Hülya Kalkan:1:21931|Onur Kaplan:1:21059|Hülya Aktaş:2:43717|Özlem Yıldız:3:62017|Tolga Şahin:1:22076|Emre Tunç:1:20043|Selin Güler:1:19462|Alper Kaya:2:42846|Cengiz Korkmaz:1:20188|Songül Koç:2:43136|Merve Güler:1:20334,2551944,153,289406,3131,31,36.704446511003276,36.79453736348543,2,138332
Dengeli,22,3191,2019,11,1034,817,217,4003,109,17,0,0,198,3912908,2462605,1430242,601380,132300,134375,147780,0,12898,401509,105559226,48640759,26154,56892313,56892313,840992,1153110689,170690,0,2005953,29275710,0,4.0,0.0,2.0,1.0,1.0,992.9015152666667,1024.545455,630.090909,624.9151516333333,987.1606061333333,2.238867,19.63194616666667,1.0,1.0,1.0,1.0,2,0:1.0500|1:0.9300|2:1.0300|3:0.9400|4:0.9500|5:1.1000|6:0.8200|,Mustafa Çelik:4:78574|Serkan Kalkan:6:28467|Esra Şahin:1:22658|Alper Yılmaz:1:20043|Burak Güler:1:20914|Sevgi Korkmaz:2:40231|Cengiz Taş:1:23529|Nesrin Doğan:1:22512|Zeynep Turan:1:20914|Ercan Tekin:2:40086|Yasemin Aydın:1:20769|Ayşe Tunç:1:21205|Gamze Erdoğan:1:20043|İbrahim Karaca:2:42555|Selin Aktaş:1:21641|Tolga Öztürk:2:45314|Tuğba Aktaş:3:62161|Ayşe Bozkurt:1:23092|Pınar Soylu:1:21641|Selin Arslan:1:22076|Seda Güler:1:20624|Hülya Kalkan:1:21931|Onur Kaplan:1:21059|Hülya Aktaş:2:43717|Özlem Yıldız:3:62017|Tolga Şahin:1:22076|Emre Tunç:1:20043|Selin Güler:1:19462|Alper Kaya:2:42846|Cengiz Korkmaz:1:20188|Songül Koç:2:43136|Merve Güler:1:20334,2380386,153,289406,3162,30,36.55189439669933,36.540442399186546,2,112103
Dengeli,22,3222,2019,12,904,707,197,3328,146,11,0,0,175,3674105,2338152,1306822,621426,136710,139940,169291,10900,12091,227364,121606406,52991116,25701,68589589,68589589,486660,1138325484,186946,0,2037649,30347132,0,4.0,0.0,2.0,1.0,1.0,994.3548387096774,1032.954545,633.681818,630.4692082580646,991.2375367741936,2.256474,18.909704580645162,1.0,1.0,1.0,1.0,2,0:1.0500|1:0.9300|2:1.0300|3:0.9400|4:0.9500|5:1.1000|6:0.8200|,Mustafa Çelik:4:78574|Serkan Kalkan:6:28467|Esra Şahin:1:22658|Alper Yılmaz:1:20043|Burak Güler:1:20914|Sevgi Korkmaz:2:40231|Cengiz Taş:1:23529|Nesrin Doğan:1:22512|Zeynep Turan:1:20914|Ercan Tekin:2:40086|Yasemin Aydın:1:20769|Ayşe Tunç:1:21205|Gamze Erdoğan:1:20043|İbrahim Karaca:2:42555|Selin Aktaş:1:21641|Tolga Öztürk:2:45314|Tuğba Aktaş:3:62161|Ayşe Bozkurt:1:23092|Pınar Soylu:1:21641|Selin Arslan:1:22076|Seda Güler:1:20624|Hülya Kalkan:1:21931|Onur Kaplan:1:21059|Hülya Aktaş:2:43717|Özlem Yıldız:3:62017|Tolga Şahin:1:22076|Emre Tunç:1:20043|Selin Güler:1:19462|Alper Kaya:2:42846|Cengiz Korkmaz:1:20188|Songül Koç:2:43136|Merve Güler:1:20334,1807832,151,316969,3192,31,35.568444559967666,36.27206372100568,2,-89605
Dengeli,22,3253,2020,1,1106,836,270,4123,127,9,0,0,259,4399852,2794128,1531528,651426,143685,141121,170655,49253,12620,412021,97118466,37817543,25239,59275684,59275684,395136,1191648958,186946,0,2069345,33214082,0,4.0,0.0,2.0,1.0,1.0,1004.4428153225807,1040.681818,635.7199413225806,633.1260996774193,1002.6290322258064,2.274814,19.3813664516129,1.0,1.0,1.0,1.0,2,0:1.0500|1:0.9300|2:1.0300|3:0.9400|4:0.9500|5:1.1000|6:0.8200|,Mustafa Çelik:4:86268|Serkan Kalkan:6:31255|Esra Şahin:1:24876|Alper Yılmaz:1:22006|Burak Güler:1:22963|Sevgi Korkmaz:2:44171|Cengiz Taş:1:25833|Nesrin Doğan:1:24717|Zeynep Turan:1:22963|Ercan Tekin:2:44012|Yasemin Aydın:1:22803|Ayşe Tunç:1:23281|Gamze Erdoğan:1:22006|İbrahim Karaca:2:46721|Selin Aktaş:1:23760|Tolga Öztürk:2:49752|Tuğba Aktaş:3:68250|Ayşe Bozkurt:1:25354|Pınar Soylu:1:23760|Selin Arslan:1:24238|Seda Güler:1:22643|Hülya Kalkan:1:24079|Onur Kaplan:1:23122|Hülya Aktaş:2:47998|Özlem Yıldız:3:68090|Tolga Şahin:1:24238|Emre Tunç:1:22006|Selin Güler:1:21368|Alper Kaya:2:47041|Cengiz Korkmaz:1:22165|Songül Koç:2:47360|Merve Güler:1:22324,1785246,143,316969,3223,31,34.80862538103555,36.70919522497489,2,95052
Dengeli,22,3282,2020,2,866,654,212,3259,114,4,0,0,190,3564903,2223074,1317316,610334,134415,134076,162139,0,11342,265010,34447554,-17472362,0,51919916,51919916,827988,1198698702,186946,0,2101041,31071238,0,4.0,0.0,2.0,1.0,1.0,1027.9780564482758,1057.5,645.5,639.7836990689656,1019.4576803103448,2.310313,18.14247855172414,1.0,1.0,1.0,1.0,2,0:1.0500|1:0.9300|2:1.0300|3:0.9400|4:0.9500|5:1.1000|6:0.8200|,Mustafa Çelik:4:86268|Serkan Kalkan:6:31255|Esra Şahin:1:24876|Alper Yılmaz:1:22006|Burak Güler:1:22963|Sevgi Korkmaz:2:44171|Cengiz Taş:1:25833|Nesrin Doğan:1:24717|Zeynep Turan:1:22963|Ercan Tekin:2:44012|Yasemin Aydın:1:22803|Ayşe Tunç:1:23281|Gamze Erdoğan:1:22006|İbrahim Karaca:2:46721|Selin Aktaş:1:23760|Tolga Öztürk:2:49752|Tuğba Aktaş:3:68250|Ayşe Bozkurt:1:25354|Pınar Soylu:1:23760|Selin Arslan:1:24238|Seda Güler:1:22643|Hülya Kalkan:1:24079|Onur Kaplan:1:23122|Hülya Aktaş:2:47998|Özlem Yıldız:3:68090|Tolga Şahin:1:24238|Emre Tunç:1:22006|Selin Güler:1:21368|Alper Kaya:2:47041|Cengiz Korkmaz:1:22165|Songül Koç:2:47360|Merve Güler:1:22324,2033940,144,316969,3254,29,36.95236588485016,37.20683083156072,2,-51959
Dengeli,22,3313,2020,3,886,675,211,3528,78,4,0,0,198,3714525,2299830,1394761,652426,143685,145401,159867,8606,18133,275249,-15343446,-75879180,34336,60501398,60501398,752820,1196636400,186946,0,2132737,33214082,0,4.0,0.0,2.0,1.0,1.0,1039.0835777096775,1072.954545,643.409091,642.5293255806451,1031.2903226451613,2.344024,19.13139280645161,1.0,1.0,1.0,1.0,2,0:1.0500|1:0.9300|2:1.0300|3:0.9400|4:0.9500|5:1.1000|6:0.8200|,Mustafa Çelik:4:86268|Serkan Kalkan:6:31255|Esra Şahin:1:24876|Alper Yılmaz:1:22006|Burak Güler:1:22963|Sevgi Korkmaz:2:44171|Cengiz Taş:1:25833|Nesrin Doğan:1:24717|Zeynep Turan:1:22963|Ercan Tekin:2:44012|Yasemin Aydın:1:22803|Ayşe Tunç:1:23281|Gamze Erdoğan:1:22006|İbrahim Karaca:2:46721|Selin Aktaş:1:23760|Tolga Öztürk:2:49752|Tuğba Aktaş:3:68250|Ayşe Bozkurt:1:25354|Pınar Soylu:1:23760|Selin Arslan:1:24238|Seda Güler:1:22643|Hülya Kalkan:1:24079|Onur Kaplan:1:23122|Hülya Aktaş:2:47998|Özlem Yıldız:3:68090|Tolga Şahin:1:24238|Emre Tunç:1:22006|Selin Güler:1:21368|Alper Kaya:2:47041|Cengiz Korkmaz:1:22165|Songül Koç:2:47360|Merve Güler:1:22324,1666674,142,316969,3283,31,37.548838680585,38.079178152522964,2,-41720
Dengeli,22,3343,2020,4,1202,886,316,4205,110,22,0,0,297,4307833,2644336,1640232,631380,139050,142902,157110,0,9490,560300,145536658,83801434,33927,61701297,61701297,1262030,1287958462,186946,0,2164433,32142660,0,4.0,0.0,2.0,1.0,1.0,1053.5757576333333,1090.0,652.045455,648.1969697000001,1051.2575757666666,2.380603,18.855665266666666,1.0,1.0,1.0,1.0,none,0:1.0500|1:0.9300|2:1.0300|3:0.9400|4:0.9500|5:1.1000|6:0.8200|,Mustafa Çelik:4:86268|Serkan Kalkan:6:31255|Esra Şahin:1:24876|Alper Yılmaz:1:22006|Burak Güler:1:22963|Sevgi Korkmaz:2:44171|Cengiz Taş:1:25833|Nesrin Doğan:1:24717|Zeynep Turan:1:22963|Ercan Tekin:2:44012|Yasemin Aydın:1:22803|Ayşe Tunç:1:23281|Gamze Erdoğan:1:22006|İbrahim Karaca:2:46721|Selin Aktaş:1:23760|Tolga Öztürk:2:49752|Tuğba Aktaş:3:68250|Ayşe Bozkurt:1:25354|Pınar Soylu:1:23760|Selin Arslan:1:24238|Seda Güler:1:22643|Hülya Kalkan:1:24079|Onur Kaplan:1:23122|Hülya Aktaş:2:47998|Özlem Yıldız:3:68090|Tolga Şahin:1:24238|Emre Tunç:1:22006|Selin Güler:1:21368|Alper Kaya:2:47041|Cengiz Korkmaz:1:22165|Songül Koç:2:47360|Merve Güler:1:22324,2692544,144,316969,3314,30,38.075570710378045,38.11119416180364,2|none,243331
Dengeli,22,3374,2020,5,1282,969,313,4686,142,28,0,0,286,4867336,2995666,1845964,652426,143685,149899,164796,0,14979,720179,148511777,67042679,33509,81435589,65358406,1340538,1353059468,186946,0,2196129,33214082,0,4.0,0.0,2.0,1.0,1.0,1075.5498535161291,1106.363636,666.318182,660.6715542258064,1067.646627516129,2.416546,18.281707451612903,1.0,1.0,1.0,1.0,none,0:1.0500|1:0.9300|2:1.0300|3:0.9400|4:0.9500|5:1.1000|6:0.8200|,Mustafa Çelik:4:86268|Serkan Kalkan:6:31255|Esra Şahin:1:24876|Alper Yılmaz:1:22006|Burak Güler:1:22963|Sevgi Korkmaz:2:44171|Cengiz Taş:1:25833|Nesrin Doğan:1:24717|Zeynep Turan:1:22963|Ercan Tekin:2:44012|Yasemin Aydın:1:22803|Ayşe Tunç:1:23281|Gamze Erdoğan:1:22006|İbrahim Karaca:2:46721|Selin Aktaş:1:23760|Tolga Öztürk:2:49752|Tuğba Aktaş:3:68250|Ayşe Bozkurt:1:25354|Pınar Soylu:1:23760|Selin Arslan:1:24238|Seda Güler:1:22643|Hülya Kalkan:1:24079|Onur Kaplan:1:23122|Hülya Aktaş:2:47998|Özlem Yıldız:3:68090|Tolga Şahin:1:24238|Emre Tunç:1:22006|Selin Güler:1:21368|Alper Kaya:2:47041|Cengiz Korkmaz:1:22165|Songül Koç:2:47360|Merve Güler:1:22324,3044772,166,316969,3344,31,37.925551061196515,38.04860092521896,none,403210
Dengeli,22,3404,2020,6,1244,934,310,4778,142,31,0,0,284,4507906,2724518,1744076,631380,139050,147344,186270,0,12336,627696,141425103,74816130,33081,66575892,82653075,1347782,1387015810,204829,0,2230858,32248720,0,4.0,0.0,2.0,1.0,1.0,1099.6212120999999,1123.6363640000002,676.363636,671.6136364,1083.8893939333334,2.454257,17.2538083,1.0,1.0,1.0,1.0,none,0:1.0500|1:0.9300|2:1.0300|3:0.9400|4:0.9500|5:1.1000|6:0.8200|,Mustafa Çelik:4:86268|Serkan Kalkan:6:31255|Esra Şahin:1:24876|Alper Yılmaz:1:22006|Burak Güler:1:22963|Sevgi Korkmaz:2:44171|Cengiz Taş:1:25833|Nesrin Doğan:1:24717|Zeynep Turan:1:22963|Ercan Tekin:2:44012|Yasemin Aydın:1:22803|Ayşe Tunç:1:23281|Gamze Erdoğan:1:22006|İbrahim Karaca:2:46721|Selin Aktaş:1:23760|Tolga Öztürk:2:49752|Tuğba Aktaş:3:68250|Ayşe Bozkurt:1:25354|Pınar Soylu:1:23760|Selin Arslan:1:24238|Seda Güler:1:22643|Hülya Kalkan:1:24079|Onur Kaplan:1:23122|Hülya Aktaş:2:47998|Özlem Yıldız:3:68090|Tolga Şahin:1:24238|Emre Tunç:1:22006|Selin Güler:1:21368|Alper Kaya:2:47041|Cengiz Korkmaz:1:22165|Songül Koç:2:47360|Merve Güler:1:22324,2825364,168,347287,3375,30,38.689271692888006,38.49121601534808,none,280409
Dengeli,22,3435,2020,7,1356,1042,314,5291,99,11,0,0,301,4826073,3053076,1752623,685426,151342,154550,195393,0,14391,551521,138310329,75025236,32644,63252449,63252449,1406914,1445409186,204829,0,2265587,36501942,0,4.0,0.0,2.0,1.0,1.0,1087.9618766774195,1140.681818,702.409091,691.5234604516129,1093.9560117419355,2.491312,20.91253235483871,0.9790322580645161,0.9790322580645161,1.0,0.9865207419354838,3,0:1.0500|1:0.9200|2:1.0300|3:0.9300|4:0.9400|5:1.1000|6:0.8200|,Mustafa Çelik:4:94809|Serkan Kalkan:6:34349|Esra Şahin:1:27338|Alper Yılmaz:1:24184|Burak Güler:1:25235|Sevgi Korkmaz:2:48543|Cengiz Taş:1:28391|Nesrin Doğan:1:27163|Zeynep Turan:1:25235|Ercan Tekin:2:48368|Yasemin Aydın:1:25060|Ayşe Tunç:1:25587|Gamze Erdoğan:1:24184|İbrahim Karaca:2:51347|Selin Aktaş:1:26112|Tolga Öztürk:2:54677|Tuğba Aktaş:3:75006|Ayşe Bozkurt:1:27864|Pınar Soylu:1:26112|Selin Arslan:1:26638|Seda Güler:1:24885|Hülya Kalkan:1:26462|Onur Kaplan:1:25411|Hülya Aktaş:2:52750|Özlem Yıldız:3:74830|Tolga Şahin:1:26638|Emre Tunç:1:24184|Selin Güler:1:23483|Alper Kaya:2:51697|Cengiz Korkmaz:1:24359|Songül Koç:2:52048|Merve Güler:1:24534,3075404,170,347287,3405,31,36.31571673283848,35.438078662726504,none|3,204234
Dengeli,22,3466,2020,8,1365,1041,324,5152,114,23,0,0,310,4680371,2955683,1688679,686526,151342,156939,198431,0,17729,477712,131442250,48978115,32198,82431937,82431937,1394068,1479025474,204829,0,2300316,36501942,0,4.0,0.0,2.0,1.0,1.0,1097.71261,1158.409091,700.3753667096775,699.2331377419355,1101.4222872903224,2.5301889999999996,20.85040606451613,0.95,0.95,1.0,0.9251728064516129,3,0:1.0500|1:0.9200|2:1.0300|3:0.9300|4:0.9400|5:1.1000|6:0.8200|,Mustafa Çelik:4:94809|Serkan Kalkan:6:34349|Esra Şahin:1:27338|Alper Yılmaz:1:24184|Burak Güler:1:25235|Sevgi Korkmaz:2:48543|Cengiz Taş:1:28391|Nesrin Doğan:1:27163|Zeynep Turan:1:25235|Ercan Tekin:2:48368|Yasemin Aydın:1:25060|Ayşe Tunç:1:25587|Gamze Erdoğan:1:24184|İbrahim Karaca:2:51347|Selin Aktaş:1:26112|Tolga Öztürk:2:54677|Tuğba Aktaş:3:75006|Ayşe Bozkurt:1:27864|Pınar Soylu:1:26112|Selin Arslan:1:26638|Seda Güler:1:24885|Hülya Kalkan:1:26462|Onur Kaplan:1:25411|Hülya Aktaş:2:52750|Özlem Yıldız:3:74830|Tolga Şahin:1:26638|Emre Tunç:1:24184|Selin Güler:1:23483|Alper Kaya:2:51697|Cengiz Korkmaz:1:24359|Songül Koç:2:52048|Merve Güler:1:24534,2988582,173,347287,3436,31,36.08002442541414,36.19683691984941,3,130425
Dengeli,22,3496,2020,9,1289,991,298,5109,153,7,0,0,272,5439290,3418457,1989230,664380,146460,154248,169590,0,17579,836973,162105249,91777451,31742,70296056,70296056,1169192,1477776628,204829,0,2335045,35324460,0,4.0,0.0,2.0,1.0,1.0,1116.9166667333334,1176.3636359999998,698.090909,698.6212121333333,1118.6015151666666,2.569674,21.466039766666665,0.95,0.95,1.0,0.925,3,0:1.0500|1:0.9250|2:1.0300|3:0.9350|4:0.9450|5:1.1000|6:0.8200|,Mustafa Çelik:4:94809|Serkan Kalkan:6:34349|Esra Şahin:1:27338|Alper Yılmaz:1:24184|Burak Güler:1:25235|Sevgi Korkmaz:2:48543|Cengiz Taş:1:28391|Nesrin Doğan:1:27163|Zeynep Turan:1:25235|Ercan Tekin:2:48368|Yasemin Aydın:1:25060|Ayşe Tunç:1:25587|Gamze Erdoğan:1:24184|İbrahim Karaca:2:51347|Selin Aktaş:1:26112|Tolga Öztürk:2:54677|Tuğba Aktaş:3:75006|Ayşe Bozkurt:1:27864|Pınar Soylu:1:26112|Selin Arslan:1:26638|Seda Güler:1:24885|Hülya Kalkan:1:26462|Onur Kaplan:1:25411|Hülya Aktaş:2:52750|Özlem Yıldız:3:74830|Tolga Şahin:1:26638|Emre Tunç:1:24184|Selin Güler:1:23483|Alper Kaya:2:51697|Cengiz Korkmaz:1:24359|Songül Koç:2:52048|Merve Güler:1:24534,2711644,170,347287,3467,30,36.57150105988098,37.49838911064697,3,489686
Dengeli,22,3527,2020,10,1368,1029,339,4964,194,25,0,0,303,5183622,3235549,1916195,686526,151342,161808,177909,0,12875,725735,124394738,53578586,0,70816152,70816152,1627376,1490781334,204829,0,2369774,36501942,0,4.0,0.0,2.0,1.0,1.0,1148.5263930967742,1193.863636,729.5,718.0645161290323,1146.0571846774194,2.608471,19.425991032258064,0.95,0.95,1.0,0.925,3,0:1.0500|1:0.9300|2:1.0300|3:0.9400|4:0.9500|5:1.1000|6:0.8200|,Mustafa Çelik:4:94809|Serkan Kalkan:6:34349|Esra Şahin:1:27338|Alper Yılmaz:1:24184|Burak Güler:1:25235|Sevgi Korkmaz:2:48543|Cengiz Taş:1:28391|Nesrin Doğan:1:27163|Zeynep Turan:1:25235|Ercan Tekin:2:48368|Yasemin Aydın:1:25060|Ayşe Tunç:1:25587|Gamze Erdoğan:1:24184|İbrahim Karaca:2:51347|Selin Aktaş:1:26112|Tolga Öztürk:2:54677|Tuğba Aktaş:3:75006|Ayşe Bozkurt:1:27864|Pınar Soylu:1:26112|Selin Arslan:1:26638|Seda Güler:1:24885|Hülya Kalkan:1:26462|Onur Kaplan:1:25411|Hülya Aktaş:2:52750|Özlem Yıldız:3:74830|Tolga Şahin:1:26638|Emre Tunç:1:24184|Selin Güler:1:23483|Alper Kaya:2:51697|Cengiz Korkmaz:1:24359|Songül Koç:2:52048|Merve Güler:1:24534,3238712,171,347287,3497,31,36.96633357910743,36.48382793946532,3,378448
Dengeli,22,3557,2020,11,1208,909,299,4369,210,25,0,0,256,4895061,3096092,1755179,664380,146460,159020,174840,0,14922,595557,173626939,75932616,31901,97662422,97662422,1484544,1549332661,204829,0,2404503,35324460,0,4.0,0.0,2.0,1.0,1.0,1169.5303032333331,1212.5,746.090909,739.0348484333333,1160.7515150666666,2.649177,18.420379,0.95,0.95,1.0,0.925,3,0:1.0500|1:0.9300|2:1.0300|3:0.9400|4:0.9500|5:1.1000|6:0.8200|,Mustafa Çelik:4:94809|Serkan Kalkan:6:34349|Esra Şahin:1:27338|Alper Yılmaz:1:24184|Burak Güler:1:25235|Sevgi Korkmaz:2:48543|Cengiz Taş:1:28391|Nesrin Doğan:1:27163|Zeynep Turan:1:25235|Ercan Tekin:2:48368|Yasemin Aydın:1:25060|Ayşe Tunç:1:25587|Gamze Erdoğan:1:24184|İbrahim Karaca:2:51347|Selin Aktaş:1:26112|Tolga Öztürk:2:54677|Tuğba Aktaş:3:75006|Ayşe Bozkurt:1:27864|Pınar Soylu:1:26112|Selin Arslan:1:26638|Seda Güler:1:24885|Hülya Kalkan:1:26462|Onur Kaplan:1:25411|Hülya Aktaş:2:52750|Özlem Yıldız:3:74830|Tolga Şahin:1:26638|Emre Tunç:1:24184|Selin Güler:1:23483|Alper Kaya:2:51697|Cengiz Korkmaz:1:24359|Songül Koç:2:52048|Merve Güler:1:24534,3277416,173,347287,3528,30,35.85612109838876,36.20593609782274,3,248270
Dengeli,22,3588,2020,12,1299,956,343,4585,288,52,0,0,283,5521158,3493961,1993851,686526,151342,166802,201748,0,24458,762975,224737400,138536568,31520,86169312,86169312,1478630,1667881330,234090,0,2444193,36668932,0,4.0,0.0,2.0,1.0,1.0,1185.7404694193547,1230.909091,755.681818,750.7800586451614,1174.1187683548387,2.689175,17.744173225806453,0.95,0.95,1.0,0.925,3,0:1.0500|1:0.9300|2:1.0300|3:0.9400|4:0.9500|5:1.1000|6:0.8200|,Mustafa Çelik:4:94809|Serkan Kalkan:6:34349|Esra Şahin:1:27338|Alper Yılmaz:1:24184|Burak Güler:1:25235|Sevgi Korkmaz:2:48543|Cengiz Taş:1:28391|Nesrin Doğan:1:27163|Zeynep Turan:1:25235|Ercan Tekin:2:48368|Yasemin Aydın:1:25060|Ayşe Tunç:1:25587|Gamze Erdoğan:1:24184|İbrahim Karaca:2:51347|Selin Aktaş:1:26112|Tolga Öztürk:2:54677|Tuğba Aktaş:3:75006|Ayşe Bozkurt:1:27864|Pınar Soylu:1:26112|Selin Arslan:1:26638|Seda Güler:1:24885|Hülya Kalkan:1:26462|Onur Kaplan:1:25411|Hülya Aktaş:2:52750|Özlem Yıldız:3:74830|Tolga Şahin:1:26638|Emre Tunç:1:24184|Selin Güler:1:23483|Alper Kaya:2:51697|Cengiz Korkmaz:1:24359|Songül Koç:2:52048|Merve Güler:1:24534,3460346,175,396900,3558,31,36.112913269281556,36.26920582629267,3,366075
Dengeli,22,3619,2021,1,1332,979,353,5056,193,86,0,0,301,6252626,3977344,2234935,757326,167679,169445,204879,0,81334,854272,105097341,12350778,31132,92715431,75676525,1832204,1687064226,234090,0,2483883,41678632,0,3.870967741935484,0.0,2.0,0.8709677419354839,1.0,1190.894427935484,1250.227273,753.772727,753.0982405483871,1191.3841641612903,2.731141,20.57645180645161,0.95,0.95,1.0,0.925,3,0:1.0500|1:0.9300|2:1.0300|3:0.9400|4:0.9500|5:1.1000|6:0.8200|,Mustafa Çelik:4:108254|Serkan Kalkan:6:39220|Esra Şahin:1:31215|Alper Yılmaz:1:27614|Burak Güler:1:28814|Sevgi Korkmaz:2:55428|Cengiz Taş:1:32416|Nesrin Doğan:1:31016|Zeynep Turan:1:28814|Ercan Tekin:2:55228|Yasemin Aydın:1:28615|Ayşe Tunç:1:29215|Gamze Erdoğan:1:27614|İbrahim Karaca:2:58630|Selin Aktaş:1:29815|Tolga Öztürk:2:62431|Tuğba Aktaş:3:85642|Ayşe Bozkurt:1:31816|Pınar Soylu:1:29815|Selin Arslan:1:30416|Seda Güler:1:28414|Hülya Kalkan:1:30215|Onur Kaplan:1:29014|Hülya Aktaş:2:60230|Özlem Yıldız:3:85443|Tolga Şahin:1:30416|Emre Tunç:1:27614|Selin Güler:1:26813|Alper Kaya:2:59029|Cengiz Korkmaz:1:27814|Songül Koç:2:59430|Merve Güler:1:28015,4048634,178,396900,3589,31,35.743941825402636,36.70532758250211,3,457372
Dengeli,22,3647,2021,2,1104,788,316,3854,248,28,0,0,260,5024066,3084857,1905160,776888,171976,156494,189224,7128,20989,589589,110079444,34532356,30735,75516353,73858121,1659282,1707582829,234090,0,2523573,37645216,0,4.0,0.0,2.0,1.0,1.0,1244.5048699285715,1278.1818179999998,770.7727270000001,763.0827922142856,1221.13474025,2.792682,17.3113935,0.95,0.95,1.0,0.925,3,0:1.0500|1:0.9300|2:1.0300|3:0.9400|4:0.9500|5:1.1000|6:0.8200|,Mustafa Çelik:4:108254|Serkan Kalkan:6:39220|Esra Şahin:1:31215|Alper Yılmaz:1:27614|Burak Güler:1:28814|Sevgi Korkmaz:2:55428|Cengiz Taş:1:32416|Nesrin Doğan:1:31016|Zeynep Turan:1:28814|Ercan Tekin:2:55228|Yasemin Aydın:1:28615|Ayşe Tunç:1:29215|Gamze Erdoğan:1:27614|İbrahim Karaca:2:58630|Selin Aktaş:1:29815|Tolga Öztürk:2:62431|Tuğba Aktaş:3:85642|Ayşe Bozkurt:1:31816|Pınar Soylu:1:29815|Selin Arslan:1:30416|Seda Güler:1:28414|Hülya Kalkan:1:30215|Onur Kaplan:1:29014|Hülya Aktaş:2:60230|Özlem Yıldız:3:85443|Tolga Şahin:1:30416|Emre Tunç:1:27614|Selin Güler:1:26813|Alper Kaya:2:59029|Cengiz Korkmaz:1:27814|Songül Koç:2:59430|Merve Güler:1:28015,2771368,178,396900,3620,28,37.92068018214729,38.065913149521165,3,192689
Dengeli,22,3653,2021,3,250,172,78,863,34,15,0,0,69,1088125,662139,418717,166476,36852,34194,37614,0,4821,138760,30100763,30100763,0,0,18697138,1832002,1712711079,0,0,2523573,8066832,0,4.0,0.0,2.0,1.0,1.0,1266.8939393333333,1304.318182,791.318182,773.0227271666666,1250.742424,2.849458,17.770008,0.9499999999999998,0.9499999999999998,1.0,0.9250000000000002,3,0:1.0500|1:0.9300|2:1.0300|3:0.9400|4:0.9500|5:1.1000|6:0.8200|,Mustafa Çelik:4:108254|Serkan Kalkan:6:39220|Esra Şahin:1:31215|Alper Yılmaz:1:27614|Burak Güler:1:28814|Sevgi Korkmaz:2:55428|Cengiz Taş:1:32416|Nesrin Doğan:1:31016|Zeynep Turan:1:28814|Ercan Tekin:2:55228|Yasemin Aydın:1:28615|Ayşe Tunç:1:29215|Gamze Erdoğan:1:27614|İbrahim Karaca:2:58630|Selin Aktaş:1:29815|Tolga Öztürk:2:62431|Tuğba Aktaş:3:85642|Ayşe Bozkurt:1:31816|Pınar Soylu:1:29815|Selin Arslan:1:30416|Seda Güler:1:28414|Hülya Kalkan:1:30215|Onur Kaplan:1:29014|Hülya Aktaş:2:60230|Özlem Yıldız:3:85443|Tolga Şahin:1:30416|Emre Tunç:1:27614|Selin Güler:1:26813|Alper Kaya:2:59029|Cengiz Korkmaz:1:27814|Songül Koç:2:59430|Merve Güler:1:28015,701166,178,0,3648,6,38.480597357840324,37.538719112003285,3,138760
Dengeli,23,25,2011,3,1333,1190,143,5601,233,60,0,0,107,2427015,1802550,614588,171250,38525,50012,55000,0,5000,294801,173526,121868,0,51658,51658,557222,178624,71527,0,12127,0,0,3.0,1.0,2.0,0.0,0.0,450.49090920000003,457.7272730000001,329.16363636,335.00727268,446.881818,1.0,26.97425184,1.0,1.0,1.0,1.0,none,0:1.0000|1:0.9300|2:1.0300|3:0.9400|4:0.9500|5:1.1000|6:0.8200|,,2070684,1,121275,1,25,25.322793637451767,26.932235559527253,none,173526
Dengeli,23,55,2011,4,1666,1533,133,6799,190,89,0,3,112,2845160,2058936,759712,205500,46230,60374,66390,0,10289,370929,249654,168249,0,81405,86644,981080,775393,71527,0,24254,0,0,3.0,1.0,2.0,0.0,0.0,444.0984846666667,459.09090899999995,318.3924242,321.56060603333333,443.76060606666664,1.00592,28.42692783333333,1.0,1.0,1.0,1.0,none,0:1.0000|1:0.9200|2:1.0300|3:0.9300|4:0.9500|5:1.1000|6:0.8200|,,2079432,1,121275,26,30,26.70190780131873,28.30589718427427,none,249654
Dengeli,23,86,2011,5,1699,1561,138,7356,206,74,0,0,109,2991425,2146348,824367,212350,47771,62821,69099,0,4771,427555,306280,196166,0,110114,114885,993038,993697,71527,0,36381,0,0,3.0,1.0,2.0,0.0,0.0,449.816715516129,464.31818200000004,323.89442822580645,322.21847519354844,449.0747799677419,1.01307,29.77106748387097,1.0,1.0,1.0,1.0,none,0:1.0000|1:0.9200|2:1.0300|3:0.9300|4:0.9500|5:1.1000|6:0.8200|,,2154684,1,121275,56,31,27.557669003902824,27.994132487014568,none,306280
Dengeli,23,116,2011,6,1801,1654,147,9034,170,83,0,6,116,3211130,2465857,727082,205500,46230,61245,77460,0,5100,331547,229639,153916,0,75723,75723,1190924,1339321,78030,0,49611,0,0,3.0,1.0,2.0,0.0,0.0,428.63636356666666,466.818182,330.4681818333333,328.66363643333335,417.67575746666665,1.020512,35.601018100000005,1.0,1.0,1.0,1.0,none,0:1.0000|1:0.9050|2:1.0300|3:0.9150|4:0.9500|5:1.1000|6:0.8200|,,2488610,1,132300,87,30,22.642558849999844,22.902439008319245,none,199247
Dengeli,23,147,2011,7,2111,1908,203,10682,131,109,0,22,160,3582065,2808160,751681,224350,50561,63751,80600,0,5150,327269,255976,169815,0,86161,65383,1178202,1517703,78030,0,62841,0,0,3.0,1.0,2.0,0.0,0.0,417.5,470.227273,327.21260996774197,328.2140762258064,412.9266859032258,1.027766,38.59049664516129,1.0,1.0,1.0,1.0,none,0:1.0500|1:0.8950|2:1.0300|3:0.9050|4:0.9500|5:1.1000|6:0.8200|,,2827748,1,132300,117,31,20.98457174841886,21.625722163415094,none,194969
Dengeli,23,178,2011,8,2003,1805,198,10350,118,91,0,20,161,3452140,2688621,743430,224750,50561,64216,81189,0,0,322714,287657,217324,0,70333,91111,1179028,1725240,78030,0,76071,0,0,3.0,1.0,2.0,0.0,0.0,417.954545,474.090909,324.91055703225805,326.2258063870967,416.60997048387094,1.035317,38.945602161290324,1.0,1.0,1.0,1.0,none,0:1.0500|1:0.8950|2:1.0300|3:0.9050|4:0.9500|5:1.1000|6:0.8200|,,2696686,1,132300,148,31,21.535337500796608,22.261748096971154,none,190414
Dengeli,23,208,2011,9,1902,1707,195,9730,186,138,0,11,145,3719085,2908419,785101,217500,48930,62595,68820,0,10838,376418,363381,281341,0,82040,87678,1342516,2161674,78030,0,89301,0,0,3.0,1.0,2.0,0.0,0.0,422.68181853333334,477.272727,332.3696970333333,330.9257576,419.5272731333333,1.042922,37.379966966666665,1.0,1.0,1.0,1.0,none,0:1.0500|1:0.9050|2:1.0300|3:0.9150|4:0.9500|5:1.1000|6:0.8200|,,2939340,1,132300,179,30,21.11005798469247,21.366455224730206,none,244118
Dengeli,23,239,2011,10,2007,1794,213,10501,180,153,0,19,157,4049285,3140389,886723,224750,50561,65146,71641,0,5250,469375,337075,221449,0,115626,115626,1373972,2417349,78030,0,102531,0,0,3.0,1.0,2.0,0.0,0.0,426.51026412903224,481.136364,329.5953079677419,330.3093841612903,423.88856277419353,1.050335,38.87862474193548,1.0,1.0,1.0,1.0,none,0:1.0500|1:0.9100|2:1.0300|3:0.9200|4:0.9500|5:1.1000|6:0.8200|,,3159678,1,132300,209,31,21.898261051025056,22.72277230166977,none,337075
Dengeli,23,269,2011,11,1899,1703,196,9767,192,156,0,13,141,3964990,3037621,907499,217500,48930,63495,69840,0,7306,500428,368128,262700,0,105428,112734,1392946,2738250,78030,0,115761,0,0,3.0,1.0,2.0,0.0,0.0,431.37121206666666,484.545455,328.3348484,328.7560606,426.7651517,1.058051,38.92528456666666,1.0,1.0,1.0,1.0,none,0:1.0500|1:0.9150|2:1.0300|3:0.9250|4:0.9500|5:1.1000|6:0.8200|,,3016124,1,132300,240,30,22.887800473645584,23.885776515550788,none,368128
Dengeli,23,300,2011,12,1978,1766,212,9858,267,171,0,16,139,4195745,3178748,999407,224750,50561,66077,79949,0,13388,564682,506880,392461,0,114419,122457,1353542,3107195,79655,0,129266,0,0,3.0,1.0,2.0,0.0,0.0,431.18768287096776,487.5,324.5718474193548,325.7184750645161,428.52346045161295,1.065572,38.12060577419355,1.0,1.0,1.0,1.0,none,0:1.0500|1:0.9250|2:1.0300|3:0.9350|4:0.9500|5:1.1000|6:0.8200|,,3180842,1,135056,270,31,23.81953622062351,24.726085574090384,none,429626
Dengeli,23,331,2012,1,1927,1693,234,9661,241,175,0,9,160,4188315,3195229,972507,227750,51274,66569,80538,0,0,546376,59985,-68046,0,128031,128031,1298620,11672179,79655,0,142771,0,0,3.0,1.0,2.0,0.0,0.0,441.39296206451615,491.81818200000004,336.78738987096773,334.39736061290324,433.2448679354839,1.0734,38.08737148387097,1.0,1.0,1.0,1.0,none,0:1.0500|1:0.9300|2:1.0300|3:0.9400|4:0.9500|5:1.1000|6:0.8200|,,3268804,1,135056,301,31,23.219528617116907,23.69896694869792,none,411320
Dengeli,23,360,2012,2,1660,1481,179,8572,180,155,0,10,130,3885735,2862501,1008808,223854,47966,62623,75777,0,3122,595466,-10357,-112206,0,101849,101849,1208510,11144683,79655,0,156276,0,0,3.8275862068965516,1.0,2.0,0.0,0.8275862068965517,454.4984326206897,494.3181819999999,328.96081506896553,331.0313479655172,459.5626959310345,1.079586,37.613256862068965,1.0,1.0,1.0,1.0,none,0:1.0500|1:0.9300|2:1.0300|3:0.9400|4:0.9500|5:1.1000|6:0.8200|,,2885490,3,135056,332,29,25.96183218876223,27.621133218845216,none,460410
Dengeli,23,391,2012,3,1614,1462,152,7940,187,105,0,0,125,3262320,2310015,933109,241676,51274,67313,74028,0,0,498818,381017,4403,227609,149005,149005,957936,10726268,79655,0,169781,0,0,4.0,1.0,2.0,0.0,1.0,472.82258096774194,496.590909,332.80351906451614,331.87390022580644,474.24633432258065,1.085405,34.04938364516129,1.0,1.0,1.0,1.0,none,0:1.0500|1:0.9300|2:1.0300|3:0.9400|4:0.9500|5:1.1000|6:0.8200|,,2320056,3,135056,361,31,28.60262022119228,29.61344646794239,none,363762
Dengeli,23,421,2012,4,1488,1339,149,6632,151,105,0,0,122,2929962,2045102,864720,189780,39684,65502,72060,0,546,497148,766797,438870,111876,216051,216051,893470,10988454,79655,0,183286,0,0,3.4,0.4,2.0,0.0,1.0,474.21969713333334,499.318182,329.72424256666665,330.6924241,479.26060609999996,1.09166,30.293227666666667,1.0,1.0,1.0,1.0,none,0:1.0500|1:0.9300|2:1.0300|3:0.9400|4:0.9500|5:1.1000|6:0.8200|,,2071800,3,135056,392,30,29.51301074894487,30.47015032065187,none,362092
Dengeli,23,452,2012,5,1590,1427,163,7531,166,97,0,0,133,3181640,2136143,1030656,270726,57787,68058,74865,0,22296,536924,48470,-260154,110569,198055,198055,978186,10532341,79655,0,196791,0,0,3.806451612903226,0.0,2.0,0.8064516129032258,1.0,487.54398838709676,502.045455,323.9252199354839,326.0395895483871,483.73900296774195,1.097747,28.941571870967742,1.0,1.0,1.0,1.0,none,0:1.0500|1:0.9300|2:1.0300|3:0.9400|4:0.9500|5:1.1000|6:0.8200|,,2138608,4,135056,422,31,32.39385977043286,33.55979611048019,none,401868
Dengeli,23,482,2012,6,1510,1379,131,7036,139,63,0,0,109,2711145,1815322,885774,286380,61410,66252,83790,0,0,387942,-755574,-1061624,109244,196806,196806,907148,8701430,82906,0,210847,0,0,4.0,0.0,2.0,1.0,1.0,490.3181817,505.227273,329.77424256666666,327.96515146666667,484.6681819,1.104074,28.630727200000003,1.0,1.0,1.0,1.0,none,0:1.0500|1:0.9300|2:1.0300|3:0.9400|4:0.9500|5:1.1000|6:0.8200|,,1822970,6,140569,453,30,32.671583408486086,32.742807655368935,none,247373
Dengeli,23,513,2012,7,1617,1470,147,7803,156,76,0,0,124,3143690,2083504,1036563,301926,64852,68833,87079,0,346,513527,485650,38270,0,447380,447380,911346,8817723,82906,0,224903,873149,0,4.0,0.0,2.0,1.0,1.0,492.9912023870968,508.18181799999996,323.93255119354836,325.7478005483871,488.6832845806452,1.11023,29.925963161290323,1.0,1.0,1.0,1.0,none,0:1.0500|1:0.9300|2:1.0300|3:0.9400|4:0.9500|5:1.1000|6:0.8200|,Erdem Yılmaz:4:37963,2104948,7,140569,483,31,32.97281220476574,34.29242760823215,none,372958
Dengeli,23,544,2012,8,1531,1393,138,6855,95,47,0,3,122,2759545,1789755,956845,302126,64852,69236,87575,0,333,432723,955710,385979,145564,424167,424167,751704,8931615,82906,0,238959,1176853,0,4.0,0.0,2.0,1.0,1.0,493.3870965483871,510.909091,320.454545,321.8973606451613,494.4002932258064,1.116629,27.580343870967745,1.0,1.0,1.0,1.0,none,0:1.0500|1:0.9300|2:1.0300|3:0.9400|4:0.9500|5:1.1000|6:0.8200|,Erdem Yılmaz:4:37963,1776054,7,140569,514,31,34.67401328842255,35.05007584474341,none,292154
Dengeli,23,574,2012,9,1428,1289,139,6124,140,85,0,0,108,2804575,1827064,964423,292380,62760,67393,74130,0,757,467003,1285839,588476,143582,553781,441799,823612,9587986,82906,0,253015,1138890,0,4.0,0.0,2.0,1.0,1.0,500.4015153666667,514.090909,327.76515183333333,325.959091,498.7227272666667,1.123064,27.314643866666664,1.0,1.0,1.0,1.0,none,0:1.0500|1:0.9300|2:1.0300|3:0.9400|4:0.9500|5:1.1000|6:0.8200|,Erdem Yılmaz:4:37963,1862216,7,140569,545,30,34.387491865969,34.49956849288015,none,326434
Dengeli,23,605,2012,10,1512,1351,161,6439,160,87,0,0,125,2855395,1886712,953338,302126,64852,70042,77035,0,677,438606,1251891,608559,141567,501765,613747,842938,9985326,82906,0,267071,1176853,0,4.0,0.0,2.0,1.0,1.0,492.36803522580647,516.818182,324.227273,325.4002931935484,493.7404693548387,1.129326,28.30731661290323,1.0,1.0,1.0,1.0,none,0:1.0500|1:0.9200|2:1.0300|3:0.9300|4:0.9400|5:1.1000|6:0.8200|,Erdem Yılmaz:4:37963,1897434,7,140569,575,31,33.38725465303399,34.149406581338056,none,298037
Dengeli,23,635,2012,11,1483,1332,151,6856,172,84,0,0,119,3120945,2120276,984586,292380,62760,68172,74970,0,647,485657,1058149,408884,139517,509748,509748,929616,10321405,82906,0,281127,1138890,0,4.0,0.0,2.0,1.0,1.0,491.96212116666663,520.227273,336.3787879333333,333.1469696666666,495.5863635333333,1.135835,29.515451566666666,1.0,1.0,1.0,1.0,none,0:1.0500|1:0.9150|2:1.0300|3:0.9250|4:0.9350|5:1.1000|6:0.8200|,Erdem Yılmaz:4:37963,2135904,7,140569,606,30,31.547688280312535,31.62506350374583,none,345088
Dengeli,23,666,2012,12,1510,1325,185,6052,224,95,0,0,145,3086431,2047754,1019760,302126,64852,70818,85684,0,484,495796,1550239,703660,137432,709147,709147,887892,10918381,86158,0,295735,1178337,0,4.0,0.0,2.0,1.0,1.0,500.60850445161293,522.727273,329.409091,331.1466276129032,502.4384164516129,1.142168,26.046124193548387,1.0,1.0,1.0,1.0,none,0:1.0500|1:0.9300|2:1.0300|3:0.9400|4:0.9500|5:1.1000|6:0.8200|,Erdem Yılmaz:4:37963,2064438,7,146081,636,31,33.04010360186248,34.19826309965544,none,349715
Dengeli,23,697,2013,1,1448,1307,141,6017,155,84,0,0,114,3090860,2014627,1060506,308126,66247,71252,86180,0,303,528398,1677771,925451,135311,617009,617009,840202,11525101,86158,0,310343,1222857,0,4.0,0.0,2.0,1.0,1.0,507.33137848387094,525.454545,328.772727,329.7140762580645,508.3460410322581,1.148751,25.864500516129034,1.0,1.0,1.0,1.0,none,0:1.0500|1:0.9300|2:1.0300|3:0.9400|4:0.9500|5:1.1000|6:0.8200|,Erdem Yılmaz:4:39447,2042482,7,146081,667,31,34.31103317523279,35.19566481724089,none,382317
Dengeli,23,725,2013,2,1294,1144,150,5262,148,112,0,0,117,2703830,1780797,898900,278488,59836,64749,78316,0,671,416840,1246951,569738,133154,544059,544059,870238,11704651,86158,0,324951,1104516,0,4.0,0.0,2.0,1.0,1.0,514.4967530357143,528.863636,340.954545,337.4058441428571,509.8100649285715,1.155828,25.17325917857143,1.0,1.0,1.0,1.0,none,0:1.0500|1:0.9300|2:1.0300|3:0.9400|4:0.9500|5:1.1000|6:0.8200|,Erdem Yılmaz:4:39447,1848046,7,146081,698,28,33.24543332975816,33.730476822594774,none,270759
Dengeli,23,756,2013,3,1466,1308,158,6256,186,74,0,0,125,3068355,2039846,1012198,308326,66247,72089,79267,0,355,485914,1662997,781077,130960,750960,597261,891094,12564490,86158,0,339559,1222857,0,4.0,0.0,2.0,1.0,1.0,509.25953077419354,531.818182,339.31818200000004,339.1730206451613,510.2756598064516,1.162259,27.334494612903224,1.0,1.0,1.0,1.0,none,0:1.0500|1:0.9250|2:1.0300|3:0.9350|4:0.9450|5:1.1000|6:0.8200|,Erdem Yılmaz:4:39447,2036412,7,146081,726,31,32.98829503105084,33.37028342225484,none,339833
Dengeli,23,786,2013,4,1305,1161,144,5397,176,56,0,0,109,2696425,1730303,950772,298380,64110,70184,77190,0,330,440578,1679013,889079,128729,661205,814904,824458,13093157,86158,0,354167,1183410,0,4.0,0.0,2.0,1.0,1.0,524.4015150666667,535.454545,336.681818,337.7560605666667,520.0500000666666,1.16942,23.65351233333333,1.0,1.0,1.0,1.0,none,0:1.0500|1:0.9300|2:1.0300|3:0.9400|4:0.9500|5:1.1000|6:0.8200|,Erdem Yılmaz:4:39447,1743914,7,146081,757,30,35.260465245649335,35.79694025918327,none,294497
Dengeli,23,817,2013,5,1434,1280,154,6057,162,74,0,0,129,2912140,1911966,984790,308326,66247,72957,80228,0,351,456681,1655341,905309,126460,623572,623572,933650,13909903,86158,0,368775,1222857,0,4.0,0.0,2.0,1.0,1.0,521.7228738709678,538.409091,344.909091,342.10703819354836,522.8005865806451,1.176391,25.04488283870968,1.0,1.0,1.0,1.0,none,0:1.0500|1:0.9200|2:1.0300|3:0.9300|4:0.9400|5:1.1000|6:0.8200|,Erdem Yılmaz:4:39447,1931410,7,146081,787,31,33.816712108621154,33.89036435360457,none,310600
Dengeli,23,847,2013,6,1469,1318,151,6503,132,38,0,0,132,2728690,1782643,930045,298380,64110,71024,89850,0,1051,405630,1684035,779470,124152,780413,633262,792666,14604667,89409,0,383934,1184977,0,4.0,0.0,2.0,1.0,1.0,517.3560604333334,542.045455,337.545455,340.05909080000004,520.8636363333333,1.183639,27.363273433333333,1.0,1.0,1.0,1.0,none,0:1.0500|1:0.9200|2:1.0300|3:0.9300|4:0.9400|5:1.1000|6:0.8200|,Erdem Yılmaz:4:39447,1784640,7,151594,818,30,34.083937713701445,34.75567779813489,none,254036
Dengeli,23,878,2013,7,1571,1404,167,7610,116,69,0,0,143,3195049,2068353,1108346,314326,67642,73826,93372,0,867,558313,815549,62720,121804,631025,778176,880548,13807644,89409,0,399093,1271434,0,4.0,0.0,2.0,1.0,1.0,526.5615836774193,545.0,341.272727,340.34897377419355,522.8607036774193,1.190696,27.221990516129033,1.0,1.0,1.0,1.0,none,0:1.0500|1:0.9250|2:1.0300|3:0.9350|4:0.9450|5:1.1000|6:0.8200|,Erdem Yılmaz:4:41014,2077208,8,151594,848,31,34.68948363546224,35.18844944657613,none,406719
Dengeli,23,909,2013,8,1451,1292,159,6073,143,35,0,0,132,2770425,1794452,960471,314526,67642,74291,93961,0,508,409543,2212848,1454030,119417,639401,639401,873474,15056343,89409,0,414252,1271434,0,4.0,0.0,2.0,1.0,1.0,526.0557185806451,549.090909,344.909091,343.0395894516129,528.5249267419355,1.198032,26.27980093548387,1.0,1.0,1.0,1.0,none,0:1.0500|1:0.9300|2:1.0300|3:0.9400|4:0.9500|5:1.1000|6:0.8200|,Erdem Yılmaz:4:41014,1836872,8,151594,879,31,34.66872411272639,34.43487470669423,none,257949
Dengeli,23,939,2013,9,1359,1215,144,6017,145,56,0,0,119,2912350,1874808,1016478,304380,65460,72344,79560,0,390,494344,3503455,2080145,116988,1306322,1306322,924854,17000502,89409,0,429411,1230420,0,4.0,0.0,2.0,1.0,1.0,534.7954542666668,551.590909,344.454545,343.89090893333326,535.760606,1.205414,25.428018466666668,1.0,1.0,1.0,1.0,none,0:1.0500|1:0.9300|2:1.0300|3:0.9400|4:0.9500|5:1.1000|6:0.8200|,Erdem Yılmaz:4:41014,1900808,8,151594,910,30,34.902329733720194,35.59134763545624,none,342750
Dengeli,23,970,2013,10,1438,1276,162,6386,177,71,0,0,127,3146610,2060417,1073238,314526,67642,75190,82708,0,843,532329,2556162,1608739,0,947423,947423,921498,14514678,89409,0,444570,1271434,0,4.0,0.0,2.0,1.0,1.0,538.9222873225807,555.227273,355.363636,351.73460403225806,540.0337244516129,1.2126,25.853453677419353,1.0,1.0,1.0,1.0,none,0:1.0500|1:0.9300|2:1.0300|3:0.9400|4:0.9500|5:1.1000|6:0.8200|,Erdem Yılmaz:4:41014,2091144,8,151594,940,31,34.1077540591303,34.06031920381661,none,380735
Dengeli,23,1000,2013,11,1337,1178,159,5496,184,59,0,0,124,2778075,1803559,957165,304380,65460,73215,80520,0,300,433290,2572851,1605629,88319,878903,878903,843200,15962025,89409,0,459729,1230420,0,4.0,0.0,2.0,1.0,1.0,546.9090909333333,558.409091,355.5,354.2651514666667,543.0000000666666,1.220071,24.73502243333333,1.0,1.0,1.0,1.0,none,0:1.0500|1:0.9300|2:1.0300|3:0.9400|4:0.9500|5:1.1000|6:0.8200|,Erdem Yılmaz:4:41014,1815244,8,151594,971,30,34.45425339488675,34.99833776883873,none,281696
Dengeli,23,1031,2013,12,1357,1214,143,5643,197,75,0,0,118,3218800,2178390,1028642,314526,67642,76120,92070,0,0,478284,2649123,1433221,86979,1128923,1128923,947080,17387451,94286,0,475715,1678667,0,4.0,0.0,2.0,1.0,1.0,534.3108504838709,562.045455,362.727273,359.8328446129032,538.516129,1.227345,25.974387903225804,1.0,1.0,1.0,1.0,none,0:1.0500|1:0.9200|2:1.0300|3:0.9300|4:0.9400|5:1.1000|6:0.8200|,Erdem Yılmaz:4:41014|Tolga Çetin:6:17600,2197830,8,159862,1001,31,31.957313284453832,32.113062523152045,none,318422
Dengeli,23,1062,2014,1,1389,1220,169,5538,203,117,0,0,123,3095750,2066634,1016231,323526,69750,76586,92628,0,0,453741,2607838,1589662,85622,932554,932554,826876,17176382,94286,0,491701,1892457,0,4.0,0.0,2.0,1.0,1.0,544.5014661612904,565.227273,362.954545,361.79618767741937,545.9369501290322,1.234907,25.1631934516129,1.0,1.0,1.0,1.0,none,0:1.0500|1:0.9300|2:1.0300|3:0.9400|4:0.9500|5:1.1000|6:0.8200|,Erdem Yılmaz:4:42717|Tolga Çetin:6:18330,2106876,8,159862,1032,31,32.82664943874667,33.34186084771959,none,293879
Dengeli,23,1090,2014,2,1280,1133,147,5481,187,73,0,0,117,3087005,2018025,1053183,292488,63000,69623,84224,0,316,543532,2656651,1589328,84248,983075,983075,958758,18818146,94286,0,507687,1709316,0,4.0,0.0,2.0,1.0,1.0,554.77272725,569.545455,359.454545,360.3441558571429,553.0048701428572,1.243005,24.234054571428572,1.0,1.0,1.0,1.0,none,0:1.0500|1:0.9300|2:1.0300|3:0.9400|4:0.9500|5:1.1000|6:0.8200|,Erdem Yılmaz:4:42717|Tolga Çetin:6:18330,2012756,8,159862,1063,28,34.116659998931006,35.20688250451482,none,383670
Dengeli,23,1121,2014,3,1369,1210,159,5808,164,53,0,0,134,2929705,1891597,1019245,323826,69750,77547,85281,0,0,462841,2383954,1160415,82856,1140683,1140683,851810,19821038,94286,0,523673,1892457,0,4.0,0.0,2.0,1.0,1.0,557.947213967742,572.954545,359.18181799999996,359.8519059677419,554.0278592903226,1.250366,25.254878258064515,1.0,1.0,1.0,1.0,none,0:1.0500|1:0.9300|2:1.0300|3:0.9400|4:0.9500|5:1.1000|6:0.8200|,Erdem Yılmaz:4:42717|Tolga Çetin:6:18330,1917230,8,159862,1091,31,34.79002152093811,35.62440872394673,none,302979
Dengeli,23,1151,2014,4,1337,1162,175,5505,145,82,0,0,145,2933980,1891545,1021346,313380,67500,75526,83070,0,0,481870,1646105,564533,81445,1000127,1000127,913056,20020580,94286,0,539659,1831410,0,4.0,0.0,2.0,1.0,1.0,561.2045453666667,575.454545,362.954545,361.51060613333334,557.3393939333333,1.258565,22.715611866666666,1.0,1.0,1.0,1.0,none,0:1.0500|1:0.9300|2:1.0300|3:0.9400|4:0.9500|5:1.1000|6:0.8200|,Erdem Yılmaz:4:42717|Tolga Çetin:6:18330,1955448,8,159862,1122,30,34.81093940653992,35.325800905111834,none,322008
Dengeli,23,1182,2014,5,1433,1267,166,5819,194,31,0,0,144,3078100,1989465,1075335,323826,69750,78540,86366,0,0,516853,3058604,2081546,80017,897041,897041,876506,21525620,94286,0,555645,1892457,0,4.0,0.0,2.0,1.0,1.0,564.2448680967742,579.772727,367.409091,365.0865102258065,562.6363635483871,1.266552,24.08670019354839,1.0,1.0,1.0,1.0,none,0:1.0500|1:0.9250|2:1.0300|3:0.9350|4:0.9450|5:1.1000|6:0.8200|,Erdem Yılmaz:4:42717|Tolga Çetin:6:18330,1977258,9,159862,1152,31,34.93502485299373,34.884814772123846,none,356991
Dengeli,23,1212,2014,6,1415,1262,153,5930,112,33,0,0,137,2732235,1769898,948760,313380,67500,76516,96750,0,0,394614,2625476,1205977,78570,1340929,1340929,871166,22555914,97537,0,572182,1833982,0,4.0,0.0,2.0,1.0,1.0,572.7878787666667,582.954545,374.90909100000005,371.6530303,567.2257576666667,1.274857,23.858885,1.0,1.0,1.0,1.0,none,0:1.0500|1:0.9300|2:1.0300|3:0.9400|4:0.9500|5:1.1000|6:0.8200|,Erdem Yılmaz:4:42717|Tolga Çetin:6:18330,1811844,9,165375,1183,30,34.72468510212335,34.54660880616774,none,229239
Dengeli,23,1243,2014,7,1499,1310,189,6318,150,37,0,0,155,3046735,1962146,1064611,329826,71145,79563,100626,0,605,482846,2288555,1060528,77104,1150923,1150923,829702,22748747,97537,0,588719,1972189,0,4.0,0.0,2.0,1.0,1.0,572.9692079032258,587.954545,368.68181799999996,370.3929617419355,572.1099707419354,1.282947,24.349480774193548,1.0,1.0,1.0,1.0,none,0:1.0500|1:0.9300|2:1.0300|3:0.9400|4:0.9500|5:1.1000|6:0.8200|,Erdem Yılmaz:4:44516|Tolga Çetin:6:19103,1964414,10,165375,1213,31,34.94268454591555,35.65416554422063,none,317471
Dengeli,23,1274,2014,8,1353,1188,165,5830,144,24,0,0,141,2880132,1864085,999215,330026,71145,80090,101277,0,981,415696,3015264,1633500,75620,1306144,1005005,838296,24556535,97537,0,605256,1972189,0,4.0,0.0,2.0,1.0,1.0,578.5410558709676,590.681818,381.045455,376.98973609677415,576.2170087096774,1.291361,23.05166293548387,1.0,1.0,1.0,1.0,none,0:1.0500|1:0.9300|2:1.0300|3:0.9400|4:0.9500|5:1.1000|6:0.8200|,Erdem Yılmaz:4:44516|Tolga Çetin:6:19103,1897812,10,165375,1244,31,34.69337516474939,34.13683417396313,none,250321
Dengeli,23,1304,2014,9,1331,1169,162,5398,148,55,0,0,136,2949995,1940966,992897,319380,68850,78016,85800,0,0,440851,4661662,3083671,74116,1503875,1805014,936926,27223451,97537,0,621793,1908570,0,4.0,0.0,2.0,1.0,1.0,577.3636363333334,594.3181820000001,379.59090899999995,379.1393941333334,574.7454545,1.299829,23.0427923,1.0,1.0,1.0,1.0,none,0:1.0500|1:0.9300|2:1.0300|3:0.9400|4:0.9500|5:1.1000|6:0.8200|,Erdem Yılmaz:4:44516|Tolga Çetin:6:19103,1965650,10,165375,1275,30,33.657582470478765,34.25444813070145,none,275476
Dengeli,23,1335,2014,10,1338,1178,160,5330,175,54,0,0,142,2884580,1852982,1012433,330026,71145,81113,89218,0,0,440931,3292998,1870697,72593,1349708,1349708,830538,28181882,97537,0,638330,1972189,0,4.0,0.0,2.0,1.0,1.0,589.3841642903225,599.318182,377.590909,378.3431083870968,584.0850440645161,1.308077,23.355686967741935,1.0,1.0,1.0,1.0,none,0:1.0500|1:0.9300|2:1.0300|3:0.9400|4:0.9500|5:1.1000|6:0.8200|,Erdem Yılmaz:4:44516|Tolga Çetin:6:19103,1856568,11,165375,1305,31,35.09810787012321,35.934670139185485,none,275556
Dengeli,23,1365,2014,11,1395,1222,173,5643,197,64,0,0,143,3069285,2006387,1050909,319380,68850,79007,86910,0,0,496762,4831124,2679582,71050,2080492,1762358,779090,30695016,97537,0,654867,1908570,0,4.0,0.0,2.0,1.0,1.0,579.3560603333334,602.272727,377.454545,377.96666643333333,577.1909090666667,1.316655,25.044505133333335,1.0,1.0,1.0,1.0,none,0:1.0500|1:0.9250|2:1.0300|3:0.9350|4:0.9450|5:1.1000|6:0.8200|,Erdem Yılmaz:4:44516|Tolga Çetin:6:19103,2036350,11,165375,1336,30,34.23953787282706,34.84929720372116,none,331387
Dengeli,23,1396,2014,12,1441,1266,175,5647,212,68,0,0,146,3474580,2275153,1185781,330026,71145,82167,99417,0,0,603026,7025320,4880710,69488,2075122,2393256,1032340,34901576,102414,0,672231,1974982,0,4.0,0.0,2.0,1.0,1.0,585.4325510967742,606.818182,383.73313790322584,381.76832835483873,588.2565983225807,1.32501,24.160895096774194,1.0,1.0,1.0,1.0,none,0:1.0500|1:0.9300|2:1.0300|3:0.9400|4:0.9500|5:1.1000|6:0.8200|,Erdem Yılmaz:4:44516|Tolga Çetin:6:19103,2314134,12,173644,1366,31,34.12731898531621,34.453057455666944,none,429382
Dengeli,23,1427,2015,1,1346,1136,210,5088,179,76,0,0,166,3134435,2020350,1096407,339026,73222,82696,100068,0,0,501395,6819139,4694259,67905,2056975,2056975,867772,37020114,102414,0,689595,2058772,0,4.0,0.0,2.0,1.0,1.0,591.1436948709677,610.227273,380.545455,380.4721406774193,590.9164223225807,1.3337,22.171275774193546,1.0,1.0,1.0,1.0,none,0:1.0500|1:0.9300|2:1.0300|3:0.9400|4:0.9500|5:1.1000|6:0.8200|,Erdem Yılmaz:4:46472|Tolga Çetin:6:19941,2005424,13,173644,1397,31,34.9794141527899,35.62555799853979,none,327751
Dengeli,23,1455,2015,2,1230,1031,199,4671,188,82,0,0,160,2820140,1805191,999796,306488,66136,75225,91000,0,0,460947,6912986,4535839,66302,2310845,2310845,897432,40624446,102414,0,706959,1859536,0,4.0,0.0,2.0,1.0,1.0,592.5243504642857,614.5454550000001,378.79545449999995,379.65584425,593.4496753571428,1.342972,21.940175035714283,1.0,1.0,1.0,1.0,none,0:1.0500|1:0.9300|2:1.0300|3:0.9400|4:0.9500|5:1.1000|6:0.8200|,Erdem Yılmaz:4:46472|Tolga Çetin:6:19941,1813626,14,173644,1428,28,35.45199883693717,36.0709050685957,none,287303
Dengeli,23,1486,2015,3,1373,1176,197,5527,153,39,0,0,174,3013400,1987178,1012946,339326,73222,83812,92163,0,0,424423,6441754,3315174,64678,3061902,3061902,915864,42664789,102414,0,724323,2058772,0,4.0,0.0,2.0,1.0,1.0,591.392962,618.409091,394.863636,389.9838710322581,596.0571846774193,1.351403,24.381434612903227,1.0,1.0,1.0,1.0,none,0:1.0500|1:0.9300|2:1.0300|3:0.9400|4:0.9500|5:1.1000|6:0.8200|,Erdem Yılmaz:4:46472|Tolga Çetin:6:19941,2034966,15,173644,1456,31,33.61472091325413,33.23159703074045,none,250779
Dengeli,23,1516,2015,4,1397,1226,171,5413,192,47,0,0,144,3072880,2021462,1028566,328380,70860,81678,89820,0,0,457828,9576403,6553077,63033,2960293,2960293,970036,48176366,102414,0,741687,1992360,0,4.0,0.0,2.0,1.0,1.0,603.2272729,622.954545,399.181818,396.61212116666667,602.3606060666666,1.360799,23.020271633333333,1.0,1.0,1.0,1.0,none,0:1.0500|1:0.9300|2:1.0300|3:0.9400|4:0.9500|5:1.1000|6:0.8200|,Erdem Yılmaz:4:46472|Tolga Çetin:6:19941,2052422,16,173644,1487,30,33.472377704303454,33.825634891979696,none,284184
Dengeli,23,1547,2015,5,1367,1185,182,5744,180,53,0,0,152,3188805,2104265,1064350,339326,73222,84959,93434,0,986,472423,11853150,7748500,61366,4043284,3296557,889188,55582173,102414,0,759051,2058772,0,4.0,0.0,2.0,1.0,1.0,605.5058649354838,626.818182,402.18181799999996,400.2507330322581,607.9868034838709,1.369954,23.17745458064516,1.0,1.0,1.0,1.0,none,0:1.0500|1:0.9300|2:1.0300|3:0.9400|4:0.9500|5:1.1000|6:0.8200|,Erdem Yılmaz:4:46472|Tolga Çetin:6:19941,2144280,17,173644,1517,31,33.37770732296268,33.57920355687188,none,298779
Dengeli,23,1577,2015,6,1362,1185,177,5633,145,35,0,0,159,2918987,1900909,997981,328380,70860,82789,104700,0,756,410496,11137189,7580214,59679,3497296,4244023,913862,58827876,105665,0,776966,1995320,0,4.0,0.0,2.0,1.0,1.0,611.0984846333334,632.045455,396.045455,397.959091,611.3181818333334,1.379479,23.21019683333333,1.0,1.0,1.0,1.0,none,0:1.0500|1:0.9300|2:1.0300|3:0.9400|4:0.9500|5:1.1000|6:0.8200|,Erdem Yılmaz:4:46472|Tolga Çetin:6:19941,1905162,20,179156,1548,30,34.18929238122678,35.19122286195291,none,231340
Dengeli,23,1608,2015,7,1451,1269,182,5823,147,35,0,0,158,3098644,2011671,1070066,345326,74617,86137,108934,0,1339,453713,16632837,12217316,57969,4357552,4357552,857836,67447502,105665,0,794881,2150532,0,4.0,0.0,2.0,1.0,1.0,617.1920821935485,635.227273,404.0733136774194,401.9002932258064,616.7111438064517,1.38876,22.487764741935486,1.0,1.0,1.0,1.0,none,0:1.0500|1:0.9300|2:1.0300|3:0.9400|4:0.9500|5:1.1000|6:0.8200|,Erdem Yılmaz:4:48542|Tolga Çetin:6:20830,2043288,20,179156,1578,31,34.53336362615389,34.530379547107685,none,274557
Dengeli,23,1639,2015,8,1438,1242,196,5855,154,17,0,0,177,3145802,2043779,1081349,345526,74617,86726,109678,0,723,464079,13782624,8371157,56237,5355230,5355230,926152,74749732,105665,0,812796,2150532,0,4.0,0.0,2.0,1.0,1.0,616.6568913548388,640.909091,401.1876831290322,402.1231672903226,619.3870966774193,1.398416,23.41735051612903,1.0,1.0,1.0,1.0,none,0:1.0500|1:0.9300|2:1.0300|3:0.9400|4:0.9500|5:1.1000|6:0.8200|,Erdem Yılmaz:4:48542|Tolga Çetin:6:20830,2045364,21,179156,1609,31,34.37435032465489,34.94150657303212,none,284923
Dengeli,23,1669,2015,9,1372,1188,184,5693,172,58,0,0,152,3363320,2171179,1172930,334380,72210,84499,92940,0,1284,587617,16900722,12017508,54483,4828731,4828731,869586,79824934,105665,0,830711,2081160,0,4.0,0.0,2.0,1.0,1.0,620.7575756000001,644.090909,399.7909092,400.6333333,621.1560604333333,1.408139,22.906029633333333,1.0,1.0,1.0,1.0,none,0:1.0500|1:0.9300|2:1.0300|3:0.9400|4:0.9500|5:1.1000|6:0.8200|,Erdem Yılmaz:4:48542|Tolga Çetin:6:20830,2176442,22,179156,1640,30,34.874171949145484,35.596289934347126,none,408461
Dengeli,23,1700,2015,10,1415,1203,212,5647,161,61,0,0,178,3332632,2188883,1123508,345526,74617,87905,96689,0,479,518292,18320253,12457687,52707,5809859,5809859,1037132,88638663,105665,0,848626,2150532,0,4.0,0.0,2.0,1.0,1.0,621.9721407419355,648.8636359999999,409.590909,406.60410548387097,621.8929618709677,1.417612,22.302692258064518,1.0,1.0,1.0,1.0,none,0:1.0500|1:0.9300|2:1.0300|3:0.9400|4:0.9500|5:1.1000|6:0.8200|,Erdem Yılmaz:4:48542|Tolga Çetin:6:20830,2224484,22,179156,1670,31,33.712333074878956,34.146421974558386,none,339136
Dengeli,23,1730,2015,11,1528,1332,196,6246,151,92,0,0,165,3815362,2521718,1274391,334380,72210,85669,94200,0,1200,686732,24954917,17283565,50907,7620445,7620445,1181758,97322486,105665,0,866541,2081160,0,4.0,0.0,2.0,1.0,1.0,619.7651516333333,653.863636,408.136364,408.1060607666667,621.4090908666666,1.427469,25.350065866666668,1.0,1.0,1.0,1.0,none,0:1.0500|1:0.9200|2:1.0300|3:0.9300|4:0.9400|5:1.1000|6:0.8200|,Erdem Yılmaz:4:48542|Tolga Çetin:6:20830,2559556,23,179156,1701,30,33.401575001271176,34.14660974009354,none,507576
Dengeli,23,1761,2015,12,1524,1335,189,6267,227,80,0,0,160,4048406,2616958,1411512,345526,74617,89114,107818,0,3139,791298,26997150,20078524,49084,6869542,6869542,1241074,105589148,113794,0,885835,2155401,0,4.0,0.0,2.0,1.0,1.0,630.3225804516129,658.181818,405.0,406.15542516129034,626.7434017741936,1.437072,24.739399774193547,1.0,1.0,1.0,1.0,none,0:1.0500|1:0.9250|2:1.0300|3:0.9350|4:0.9450|5:1.1000|6:0.8200|,Erdem Yılmaz:4:48542|Tolga Çetin:6:20830,2602298,24,192937,1731,31,34.86587066613378,35.74718524127345,none,598361
Dengeli,23,1792,2016,1,1535,1291,244,6120,222,105,0,0,193,4148509,2719087,1418869,328326,70868,89747,108562,0,32120,789246,28013434,18856771,47238,9109425,7163238,1120408,117043765,113794,0,905129,2301471,0,3.6129032258064515,0.0,2.0,0.6129032258064516,1.0,641.0850442258064,662.272727,420.772727,416.8343107741935,639.1847506774194,1.447064,22.68908425806452,1.0,1.0,1.0,1.0,none,0:1.0500|1:0.9300|2:1.0300|3:0.9400|4:0.9500|5:1.1000|6:0.8200|,Erdem Yılmaz:4:51950|Tolga Çetin:6:22291,2742574,24,192937,1762,31,34.201902418435154,34.36553686755588,none,596309
Dengeli,23,1821,2016,2,1434,1215,219,5653,225,101,0,0,175,3823691,2510204,1298911,375434,81548,84913,102689,0,1916,652411,24298494,17169652,45367,7083475,9029662,1219104,116492086,113794,0,924423,2152989,0,4.0,0.0,2.0,1.0,1.0,644.114420275862,669.318182,420.590909,419.6363635862069,644.664576586207,1.463258,22.702984482758623,1.0,1.0,1.0,1.0,none,0:1.0500|1:0.9300|2:1.0300|3:0.9400|4:0.9500|5:1.1000|6:0.8200|,Erdem Yılmaz:4:51950|Tolga Çetin:6:22291,2584596,25,192937,1793,29,33.97008283357625,34.70245413542071,none,459474
Dengeli,23,1852,2016,3,1459,1232,227,6171,175,70,0,0,189,3898397,2470799,1403620,401326,87172,91700,100843,0,1723,720856,32209844,23806673,43473,8359698,8359698,1176600,124307964,113794,0,943717,2301471,0,4.0,0.0,2.0,1.0,1.0,657.7052787741935,676.590909,415.227273,416.8020527419355,653.2199413225806,1.47857,21.914536483870968,1.0,1.0,1.0,1.0,none,0:1.0500|1:0.9300|2:1.0300|3:0.9400|4:0.9500|5:1.1000|6:0.8200|,Erdem Yılmaz:4:51950|Tolga Çetin:6:22291,2476152,26,192937,1822,31,36.00505541123698,36.86727377741515,none,527919
Dengeli,23,1882,2016,4,1466,1243,223,5880,167,65,0,0,196,3669019,2398358,1251863,388380,84360,89733,98670,0,413,590307,35291410,25329292,41554,9920564,9920564,1136436,137654380,113794,0,963011,2227230,0,4.0,0.0,2.0,1.0,1.0,655.1893939999999,684.545455,433.40909100000005,428.23787876666665,656.8348484333333,1.495116,23.422383733333334,1.0,1.0,1.0,1.0,none,0:1.0500|1:0.9300|2:1.0300|3:0.9400|4:0.9500|5:1.1000|6:0.8200|,Erdem Yılmaz:4:51950|Tolga Çetin:6:22291,2431884,26,192937,1853,30,34.11982876076684,33.849800535690584,none,397370
Dengeli,23,1913,2016,5,1501,1273,228,5913,218,51,0,0,182,3600700,2306412,1273386,401326,87172,93746,103075,0,1384,586683,37562167,25305127,39610,12217430,12217430,1002816,150820402,113794,0,982305,2301471,0,4.0,0.0,2.0,1.0,1.0,673.5263931935483,692.272727,433.409091,432.21114367741933,667.6422287741937,1.511305,21.937375548387095,1.0,1.0,1.0,1.0,none,0:1.0500|1:0.9300|2:1.0300|3:0.9400|4:0.9500|5:1.1000|6:0.8200|,Erdem Yılmaz:4:51950|Tolga Çetin:6:22291,2334444,28,192937,1883,31,35.364956813952844,35.650763595918484,none,393746
Dengeli,23,1943,2016,6,1464,1240,224,5898,168,65,0,0,201,3379405,2146151,1215762,388380,84360,91714,115980,0,775,534553,35508140,25429527,37642,10040971,10040971,993914,148131663,121921,0,1002976,2232498,0,4.0,0.0,2.0,1.0,1.0,673.9848485666666,698.863636,428.227273,429.8803029666667,675.8393939666668,1.528217,22.1787197,1.0,1.0,1.0,1.0,none,0:1.0500|1:0.9300|2:1.0300|3:0.9400|4:0.9500|5:1.1000|6:0.8200|,Erdem Yılmaz:4:51950|Tolga Çetin:6:22291,2166836,30,206719,1914,30,35.97562292770473,36.46336799548361,none,327834
Dengeli,23,1974,2016,7,1440,1237,203,5931,143,39,0,0,182,3574141,2263545,1295010,416326,90675,95824,121148,0,1378,569659,42011015,28133854,35647,13841514,11064983,1020610,171140989,121921,0,1023647,2464779,0,4.0,0.0,2.0,1.0,1.0,687.741935483871,706.818182,442.9721404516129,437.43401761290323,684.4310849354839,1.544764,21.00120535483871,1.0,1.0,1.020737322580645,0.9937788064516129,0,0:1.0500|1:0.9300|2:1.0300|3:0.9400|4:0.9500|5:1.1000|6:0.8200|,Erdem Yılmaz:4:55636|Tolga Çetin:6:23873,2276658,30,206719,1944,31,36.23276194196032,35.590354812382735,none|0,362940
Dengeli,23,2005,2016,8,1402,1202,200,5750,174,57,0,0,164,3276978,2101513,1152110,416826,90675,96879,122512,0,1284,423934,29045351,18189465,33627,10822259,13598790,920806,181111684,121921,0,1044318,2464779,0,4.0,0.0,2.0,1.0,1.0,697.4633431612903,715.0,458.96041022580647,451.95747803225805,693.3387097741936,1.562051,20.708373451612903,1.0,1.0,1.2413594516129032,0.9275921612903226,0,0:1.0500|1:0.9300|2:1.0300|3:0.9400|4:0.9500|5:1.1000|6:0.8200|,Erdem Yılmaz:4:55636|Tolga Çetin:6:23873,2209784,31,206719,1975,31,35.15769712216561,34.195766024699786,0,217215
Dengeli,23,2035,2016,9,1350,1153,197,5489,198,46,0,0,153,3684563,2439237,1226631,403380,87750,94804,104250,0,1359,535088,48364920,36881573,0,11483347,11483347,1112928,184401440,121921,0,1064989,2385270,0,4.0,0.0,2.0,1.0,1.0,706.1969695666667,723.1818179999999,474.227273,468.32727266666666,698.9318181666666,1.579531,20.4453306,1.0,1.0,1.25,0.925,0,0:1.0500|1:0.9300|2:1.0300|3:0.9400|4:0.9500|5:1.1000|6:0.8200|,Erdem Yılmaz:4:55636|Tolga Çetin:6:23873,2458452,32,206719,2006,30,33.2910849943399,32.84773321938875,0,328369
Dengeli,23,2066,2016,10,1480,1228,252,5973,195,70,0,0,203,3906833,2611062,1273161,416826,90675,99019,108903,0,1505,556233,44677289,27518439,46761,17112089,17112089,1139184,209314882,121921,0,1085660,2464779,0,4.0,0.0,2.0,1.0,1.0,704.8167154516129,731.1363640000001,471.81818200000004,471.9428151290322,704.104105483871,1.596634,21.467353322580646,1.0,1.0,1.25,0.925,0,0:1.0500|1:0.9200|2:1.0300|3:0.9300|4:0.9400|5:1.1000|6:0.8200|,Erdem Yılmaz:4:55636|Tolga Çetin:6:23873,2619996,32,206719,2036,31,32.58805789753491,33.05803173273473,0,349514
Dengeli,23,2096,2016,11,1435,1212,223,5485,164,42,0,0,197,3633279,2410250,1205519,403380,87750,96905,106560,0,1075,509849,46519687,32098797,46151,14374739,14374739,1035102,224984878,121921,0,1106331,2385270,0,4.0,0.0,2.0,1.0,1.0,712.7575757666667,738.863636,473.727273,472.65151499999996,707.4212122,1.614501,22.179592933333332,1.0,1.0,1.25,0.925,0,0:1.0500|1:0.9250|2:1.0300|3:0.9350|4:0.9450|5:1.1000|6:0.8200|,Erdem Yılmaz:4:55636|Tolga Çetin:6:23873,2438562,34,206719,2067,30,33.17991819510696,33.53598907869305,0,303130
Dengeli,23,2127,2016,12,1441,1217,224,5862,210,85,0,2,173,4168481,2835679,1313490,416826,90675,101220,122419,0,1964,580386,52347618,37912756,45531,14389331,14389331,1357962,239981340,130050,0,1128381,2469959,0,4.0,0.0,2.0,1.0,1.0,717.9472140645162,747.045455,492.272727,486.1436949354839,719.7683284193548,1.631982,22.696375193548388,1.0,1.0,1.25,0.925,0,0:1.0500|1:0.9250|2:1.0300|3:0.9350|4:0.9450|5:1.1000|6:0.8200|,Erdem Yılmaz:4:55636|Tolga Çetin:6:23873,2816924,35,220500,2097,31,31.510039268500925,31.43329797004222,0,359886
Dengeli,23,2158,2017,1,1399,1170,229,5310,226,62,0,0,189,4032816,2727287,1279880,431826,94147,102335,123814,0,2777,524981,29262060,12112627,44899,17104534,17104534,1036728,245293268,130050,0,1150431,2625359,0,4.0,0.0,2.0,1.0,1.0,731.5249266129032,755.909091,488.15982396774194,488.98826987096777,724.4017594838709,1.650245,22.121312,0.9419354838709677,0.9419354838709677,1.2458870967741935,0.8729952903225807,1,0:1.0500|1:0.9300|2:1.0300|3:0.9400|4:0.9500|5:1.1000|6:0.8200|,Erdem Yılmaz:4:59261|Tolga Çetin:6:25429,2859382,37,220500,2128,31,31.736632665611324,33.2681900221756,0|1,304481
Dengeli,23,2186,2017,2,1257,1051,206,4943,250,54,0,0,173,3553586,2392487,1145374,390488,85036,93411,112980,0,4284,459175,34803894,20242771,44254,14516869,14516869,1180014,257849991,130050,0,1172481,2371292,0,4.0,0.0,2.0,1.0,1.0,738.4659090714285,763.4090910000001,497.83116882142855,494.6266233214286,738.4464285,1.667464,22.41348064285714,0.9,0.9,1.2237500000000001,0.7945446428571429,1,0:1.0500|1:0.9300|2:1.0300|3:0.9400|4:0.9500|5:1.1000|6:0.8200|,Erdem Yılmaz:4:59261|Tolga Çetin:6:25429,2414926,39,220500,2159,28,32.231497985415295,32.585761548909154,1,238675
Dengeli,23,2217,2017,3,1577,1336,241,6705,256,56,0,0,213,4477006,3098697,1358467,432326,94147,104381,114793,0,3680,609140,59517099,42707842,43598,16765659,16765659,1565358,272783193,130050,0,1194531,2625359,0,4.0,0.0,2.0,1.0,1.0,728.0278592580645,770.681818,502.6906157741936,500.58797651612906,731.4794721935483,1.683171,26.313039741935487,0.9,0.9,1.1991666774193548,0.8,1,0:1.0500|1:0.9100|2:1.0300|3:0.9200|4:0.9300|5:1.1000|6:0.8200|,Erdem Yılmaz:4:59261|Tolga Çetin:6:25429,3078206,40,220500,2187,31,30.343202577794177,30.9517335934799,1,388640
Dengeli,23,2247,2017,4,1435,1183,252,5656,257,36,0,0,215,3843530,2588390,1230153,418380,91110,102065,112260,0,2022,504316,66243042,42479898,42930,23720214,19187315,1127322,298473216,130050,0,1216581,2540670,0,4.0,0.0,2.0,1.0,1.0,745.1590910333333,778.863636,496.2924243,498.07575756666665,743.7227272666667,1.700734,24.636964266666666,0.9,0.9,1.1737499999999998,0.8,1,0:1.0500|1:0.9300|2:1.0300|3:0.9400|4:0.9500|5:1.1000|6:0.8200|,Erdem Yılmaz:4:59261|Tolga Çetin:6:25429,2647202,41,220500,2218,30,32.00581236519554,33.39778977778059,1,283816
Dengeli,23,2278,2017,5,1476,1203,273,5708,239,56,0,0,232,3850756,2524670,1301415,432326,94147,106552,117149,0,2272,548969,68536451,48058076,42249,20436126,24969025,1092504,310513749,130050,0,1238631,2625359,0,4.0,0.0,2.0,1.0,1.0,757.785924064516,785.681818,495.0161290645161,496.0586510645161,757.2961877096775,1.717904,23.567644741935485,0.9,0.9,1.1483333225806451,0.8,1,0:1.0500|1:0.9300|2:1.0300|3:0.9400|4:0.9500|5:1.1000|6:0.8200|,Erdem Yılmaz:4:59261|Tolga Çetin:6:25429,2549010,44,220500,2248,31,33.79635063867978,34.67599313412799,1,328469
Dengeli,23,2308,2017,6,1433,1224,209,5974,203,48,0,3,175,3701592,2384740,1294708,418380,91110,104195,131760,0,4160,545103,68532057,47188627,41555,21301875,21301875,1064672,339131183,138178,0,1262059,2546275,0,4.0,0.0,2.0,1.0,1.0,770.0606059666667,794.545455,497.36363636666664,496.3818181666667,761.1772727666666,1.735829,23.237651500000002,0.9,0.9,1.1229166666666666,0.8,1,0:1.0500|1:0.9300|2:1.0300|3:0.9400|4:0.9500|5:1.1000|6:0.8200|,Erdem Yılmaz:4:59261|Tolga Çetin:6:25429,2355074,46,234281,2279,30,34.977058519685585,35.41240358058313,1,310822
Dengeli,23,2339,2017,7,1427,1202,225,6093,171,29,0,0,203,4054839,2601007,1434796,447326,97650,108753,137516,0,6726,636825,62542148,36930827,40848,25570473,25570473,1073160,340991670,138178,0,1285487,2799114,0,4.0,0.0,2.0,1.0,1.0,776.5175952903226,802.272727,496.07038122580644,496.32258058064514,773.1891496451613,1.753354,23.157750193548388,0.9,0.9,1.0975,0.8,1,0:1.0500|1:0.9300|2:1.0300|3:0.9400|4:0.9500|5:1.1000|6:0.8200|,Erdem Yılmaz:4:63182|Tolga Çetin:6:27112,2624214,48,234281,2309,31,35.384783464892195,36.116015369833725,1,402544
Dengeli,23,2370,2017,8,1468,1248,220,6208,218,37,0,0,193,4018603,2588257,1408633,447826,97650,109870,138942,0,7376,606969,80405098,55438402,40128,24926568,24926568,1133310,373526483,138178,0,1308915,2799114,0,4.0,0.0,2.0,1.0,1.0,790.6598241935484,810.681818,512.7536657096774,507.58651025806455,782.4472141612903,1.7716490000000003,23.509510032258063,0.9,0.9,1.0716666774193546,0.8,1,0:1.0500|1:0.9300|2:1.0300|3:0.9400|4:0.9500|5:1.1000|6:0.8200|,Erdem Yılmaz:4:63182|Tolga Çetin:6:27112,2678670,49,234281,2340,31,35.052803175630935,35.1486378819523,1,372688
Dengeli,23,2400,2017,9,1425,1197,228,5685,231,35,0,0,197,4025517,2652482,1335040,433380,94500,107436,118140,0,2661,578923,100871216,75883879,39394,24947943,24947943,1292036,391733013,138178,0,1332343,2708820,0,4.0,0.0,2.0,1.0,1.0,774.9924244666666,819.545455,503.8318182333333,506.4954545666667,778.6863634666666,1.790134,25.266095033333333,0.9,0.9,1.04625,0.8,1,0:1.0500|1:0.9200|2:1.0300|3:0.9300|4:0.9400|5:1.1000|6:0.8200|,Erdem Yılmaz:4:63182|Tolga Çetin:6:27112,2633462,51,234281,2371,30,33.16443577309449,34.988807331883315,1,344642
Dengeli,23,2431,2017,10,1369,1126,243,5178,265,54,0,0,206,3907127,2500403,1383101,447826,97650,112134,123318,0,1811,600362,88316703,52707781,76533,35532389,35532389,1190226,393149902,138178,0,1355771,2799114,0,4.0,0.0,2.0,1.0,1.0,805.1612904516129,827.727273,520.7243401612903,516.0410557096774,799.1070381935484,1.808208,21.893258258064517,0.9,0.9,1.0208333225806452,0.8,1,0:1.0500|1:0.9300|2:1.0300|3:0.9400|4:0.9500|5:1.1000|6:0.8200|,Erdem Yılmaz:4:63182|Tolga Çetin:6:27112,2625848,53,234281,2401,31,35.39943800137544,35.32670455763995,1,366081
Dengeli,23,2461,2017,11,1272,1076,196,5067,258,30,0,0,171,3968253,2536368,1405770,433380,94500,109657,120600,0,3078,644555,79979485,53626581,37110,26315794,26315794,1267296,427693399,138178,0,1379199,2708820,0,4.0,0.0,2.0,1.0,1.0,809.7575757333333,836.136364,517.7393938666667,517.5515150666666,807.3757575,1.827075,21.610008266666668,0.9,0.9,1.00125,0.8,1,0:1.0500|1:0.9300|2:1.0300|3:0.9400|4:0.9500|5:1.1000|6:0.8200|,Erdem Yılmaz:4:63182|Tolga Çetin:6:27112,2509842,55,234281,2432,30,35.425412643800684,36.06242048457638,1,410274
Dengeli,23,2492,2017,12,1383,1134,249,5034,237,38,0,0,206,4116344,2578298,1512843,447826,97650,114460,138446,0,4596,709865,112575787,73459019,36320,39080448,30669368,1187886,471826790,146306,0,1404005,2804148,0,4.0,0.0,2.0,1.0,1.0,823.6436949677419,845.227273,516.136364,517.0483872258064,817.4369501290322,1.845521,21.233615419354837,0.9580645161290322,0.9580645161290322,1.0,0.8329032258064516,none,0:1.0500|1:0.9300|2:1.0300|3:0.9400|4:0.9500|5:1.1000|6:0.8200|,Erdem Yılmaz:4:63182|Tolga Çetin:6:27112,2658306,56,248062,2462,31,36.752103322754365,37.33499483411762,1|none,461803
Dengeli,23,2523,2018,1,1379,1163,216,5545,181,123,0,0,190,4996441,3181163,1792325,464626,101529,115663,139903,0,47357,923247,78977072,49952740,35515,28988817,37399897,1369556,485250589,146306,0,1428811,2955168,0,3.870967741935484,0.0,2.0,0.8709677419354839,1.0,830.8797654516129,854.090909,530.5909087419356,526.536657,829.2844575483871,1.864777,21.06194280645161,1.0,1.0,1.0,0.983225806451613,none,0:1.0500|1:0.9300|2:1.0300|3:0.9400|4:0.9500|5:1.1000|6:0.8200|,Erdem Yılmaz:4:66705|Tolga Çetin:6:28623,3187912,58,248062,2493,31,35.87203371359734,36.14107229419164,none,675185
Dengeli,23,2551,2018,2,1438,1167,271,5912,213,92,0,0,228,5227829,3303877,1901201,457688,100156,105394,127484,0,12102,1098377,100265083,64113342,0,36151741,36151741,1663798,497695395,146306,0,1453617,2719962,0,4.0,0.0,2.0,1.0,1.0,829.7240258928571,861.363636,521.045455,524.0000000714286,833.8717531428572,1.8813790000000001,22.425391178571427,1.0,1.0,1.0,1.0,2,0:1.0500|1:0.9300|2:1.0300|3:0.9400|4:0.9500|5:1.1000|6:0.8200|,Erdem Yılmaz:4:66705|Tolga Çetin:6:28623|Gülay Çetin:1:16926,3242936,60,248062,2524,28,36.36693166513289,37.20255907507215,none|2,850315
Dengeli,23,2582,2018,3,1086,890,196,4370,147,23,0,0,175,3555519,2187208,1344267,506726,110887,117617,129332,0,14714,464991,84957370,53549398,33816,31374156,31374156,862794,531810749,146306,0,1478423,3479874,0,4.0,0.0,2.0,1.0,1.0,850.0439881612904,867.954545,527.2111437419355,525.2155424516129,841.7888562903225,1.896501,20.636593677419356,1.0,1.0,1.0,1.0,2,0:1.0500|1:0.9300|2:1.0300|3:0.9400|4:0.9500|5:1.1000|6:0.8200|,Erdem Yılmaz:4:66705|Tolga Çetin:6:28623|Gülay Çetin:1:16926,2303004,62,248062,2552,31,37.80789808745221,37.9783692274169,2,216929
Dengeli,23,2612,2018,4,960,780,180,3921,121,26,0,0,159,3320629,2054136,1243499,490380,107310,114843,126270,0,12797,391899,75097832,37590644,33366,37473822,37473822,952026,552972168,146306,0,1503229,4206676,0,4.0,0.0,2.0,1.0,1.0,853.7499998666666,875.6818179999999,532.227273,529.539394,851.1924242333333,1.9133850000000001,20.7557501,1.0,1.0,1.0,1.0,2,0:1.0500|1:0.9300|2:1.0300|3:0.9400|4:0.9500|5:1.1000|6:0.8200|,Erdem Yılmaz:4:66705|Tolga Çetin:6:28623|Gülay Çetin:1:16926|Tuncay Özkan:1:17548|Yasemin Kaya:1:18294|Elif Şimşek:2:38330,2080914,64,248062,2583,30,37.44769439765779,37.6600558614208,2,143837
Dengeli,23,2643,2018,5,1134,929,205,4566,155,18,0,0,181,3769288,2338208,1412888,506726,110887,119694,131626,0,15089,528866,118182591,81963528,32907,36186156,36186156,1091844,579976989,146306,0,1528035,6479646,0,4.0,0.0,2.0,1.0,1.0,854.2375367741936,883.409091,531.181818,530.9516128387097,855.2800586774194,1.929868,22.348263258064517,1.0,1.0,1.0,1.0,2,0:1.0500|1:0.9300|2:1.0300|3:0.9400|4:0.9500|5:1.1000|6:0.8200|,Erdem Yılmaz:4:66705|Tolga Çetin:6:28623|Gülay Çetin:1:16926|Tuncay Özkan:1:17548|Yasemin Kaya:1:18294|Elif Şimşek:2:38330|Gülay Er:1:19912|Osman Yılmaz:1:18419,2346058,69,248062,2613,31,37.48421452539578,37.8180195632856,2,280804
Dengeli,23,2673,2018,6,1115,900,215,4314,136,21,0,0,197,3188110,1963454,1194173,490380,107310,116854,147780,0,13178,318671,114193161,75675353,32440,38485368,38485368,882678,625314579,154434,0,1554219,8498768,0,4.0,0.0,2.0,1.0,1.0,872.0378785,890.909091,551.909091,543.4424242,863.5212122333334,1.94705,19.594655966666668,1.0,1.0,1.0,1.0,2,0:1.0500|1:0.9300|2:1.0300|3:0.9400|4:0.9500|5:1.1000|6:0.8200|,Erdem Yılmaz:4:66705|Tolga Çetin:6:28623|Gülay Çetin:1:16926|Tuncay Özkan:1:17548|Yasemin Kaya:1:18294|Elif Şimşek:2:38330|Gülay Er:1:19912|Osman Yılmaz:1:18419|Nazlı Aydın:1:20036|Alper Kaplan:2:34846|Ercan Duman:1:19787,1996380,73,261844,2644,30,37.45708272299262,36.71042226407141,2,56827
Dengeli,23,2704,2018,7,1198,981,217,5017,116,17,0,0,199,3814074,2370945,1426078,521726,114390,121803,154008,0,13192,500959,58393868,15698279,31965,42663624,42663624,1125558,658201135,154434,0,1580403,10259746,0,4.0,0.0,2.0,1.0,1.0,876.7228739032258,898.409091,550.857771451613,549.2375366774193,868.4369500967741,1.963822,20.78572912903226,1.0,1.0,1.0,1.0,2,0:1.0500|1:0.9300|2:1.0300|3:0.9400|4:0.9500|5:1.1000|6:0.8200|,Erdem Yılmaz:4:70483|Tolga Çetin:6:30244|Gülay Çetin:1:17884|Tuncay Özkan:1:18542|Yasemin Kaya:1:19330|Elif Şimşek:2:40501|Gülay Er:1:21039|Osman Yılmaz:1:19462|Nazlı Aydın:1:21172|Alper Kaplan:2:36820|Ercan Duman:1:20908|Erdem Taş:1:21172|Sevgi Kaya:1:18936|Meltem Yavuz:2:37609,2459184,77,261844,2674,31,37.389888082926554,37.16854118346893,2,239115
Dengeli,23,2735,2018,8,1129,898,231,4516,118,14,0,0,208,3540674,2177816,1349811,522226,114390,122888,155403,0,14081,420823,141399814,97948120,31482,43420212,43420212,1028916,727774600,154434,0,1606587,12755616,0,4.0,0.0,2.0,1.0,1.0,885.8651028064517,907.045455,548.409091,549.0175953225806,878.4868034193548,1.9813059999999998,19.891720612903224,1.0,1.0,1.0,1.0,2,0:1.0500|1:0.9300|2:1.0300|3:0.9400|4:0.9500|5:1.1000|6:0.8200|,Erdem Yılmaz:4:70483|Tolga Çetin:6:30244|Gülay Çetin:1:17884|Tuncay Özkan:1:18542|Yasemin Kaya:1:19330|Elif Şimşek:2:40501|Gülay Er:1:21039|Osman Yılmaz:1:19462|Nazlı Aydın:1:21172|Alper Kaplan:2:36820|Ercan Duman:1:20908|Erdem Taş:1:21172|Sevgi Kaya:1:18936|Meltem Yavuz:2:37609|Merve Kalkan:1:18542|Ayşe Soylu:2:35504|Burak Taş:3:53651,2180244,78,261844,2705,31,38.122995791196814,38.09338585946993,2,158979
Dengeli,23,2765,2018,9,1168,961,207,4506,172,21,0,0,185,3790192,2352779,1407863,505380,110700,119974,131940,0,9995,529874,128218628,78198024,30990,49989614,42101995,1200598,690034390,154434,0,1632771,15551017,0,4.0,0.0,2.0,1.0,1.0,897.4469695333333,915.454545,563.045455,557.2833334333334,883.2863637666667,1.998945,19.937687633333333,1.0,1.0,1.0,1.0,2,0:1.0500|1:0.9300|2:1.0300|3:0.9400|4:0.9500|5:1.1000|6:0.8200|,Erdem Yılmaz:4:70483|Tolga Çetin:6:30244|Gülay Çetin:1:17884|Tuncay Özkan:1:18542|Yasemin Kaya:1:19330|Elif Şimşek:2:40501|Gülay Er:1:21039|Osman Yılmaz:1:19462|Nazlı Aydın:1:21172|Alper Kaplan:2:36820|Ercan Duman:1:20908|Erdem Taş:1:21172|Sevgi Kaya:1:18936|Meltem Yavuz:2:37609|Merve Kalkan:1:18542|Ayşe Soylu:2:35504|Burak Taş:3:53651|Gamze Bozkurt:1:17753|Ayşe Bozkurt:1:17753,2421926,82,261844,2736,30,37.1448992557633,37.26142333593483,2,268030
Dengeli,23,2796,2018,10,1202,1008,194,4958,163,27,0,0,170,4531254,2867365,1640127,522226,114390,125028,137516,0,13108,727859,111521804,65968296,30489,45523019,53410638,1306068,758901904,154434,0,1658955,17104545,0,4.0,0.0,2.0,1.0,1.0,886.5542521290323,922.954545,561.3636359999999,560.7258065483871,884.1759530645162,2.016165,21.344290774193546,1.0,1.0,1.0,1.0,2,0:1.0500|1:0.9200|2:1.0300|3:0.9300|4:0.9400|5:1.1000|6:0.8200|,Erdem Yılmaz:4:70483|Tolga Çetin:6:30244|Gülay Çetin:1:17884|Tuncay Özkan:1:18542|Yasemin Kaya:1:19330|Elif Şimşek:2:40501|Gülay Er:1:21039|Osman Yılmaz:1:19462|Nazlı Aydın:1:21172|Alper Kaplan:2:36820|Ercan Duman:1:20908|Erdem Taş:1:21172|Sevgi Kaya:1:18936|Meltem Yavuz:2:37609|Merve Kalkan:1:18542|Ayşe Soylu:2:35504|Burak Taş:3:53651|Gamze Bozkurt:1:17753|Ayşe Bozkurt:1:17753|İbrahim Yıldırım:1:18673,2889306,86,261844,2766,31,36.19587425467652,36.68028384592339,2,466015
Dengeli,23,2826,2018,11,1099,891,208,4354,118,31,0,0,187,3796341,2364340,1413101,505380,110700,122075,134250,0,11478,529218,115827089,72137436,29979,43659674,43659674,1059912,811538559,154434,0,1685139,17400426,0,4.0,0.0,2.0,1.0,1.0,899.4469697333334,931.8181820000001,562.863636,561.3015153333333,894.1863635999999,2.034115,22.211358399999998,1.0,1.0,1.0,1.0,2,0:1.0500|1:0.9250|2:1.0300|3:0.9350|4:0.9450|5:1.1000|6:0.8200|,Erdem Yılmaz:4:70483|Tolga Çetin:6:30244|Gülay Çetin:1:17884|Tuncay Özkan:1:18542|Yasemin Kaya:1:19330|Elif Şimşek:2:40501|Gülay Er:1:21039|Osman Yılmaz:1:19462|Nazlı Aydın:1:21172|Alper Kaplan:2:36820|Ercan Duman:1:20908|Erdem Taş:1:21172|Sevgi Kaya:1:18936|Meltem Yavuz:2:37609|Merve Kalkan:1:18542|Ayşe Soylu:2:35504|Burak Taş:3:53651|Gamze Bozkurt:1:17753|Ayşe Bozkurt:1:17753|İbrahim Yıldırım:1:18673|Cengiz Yıldırım:1:19725|Özlem Erdoğan:1:17358,2356956,91,261844,2797,30,37.222709972576226,37.42114266426658,2,267374
Dengeli,23,2857,2018,12,950,777,173,3886,147,23,0,0,154,3559131,2219468,1316899,522226,114390,127230,153915,0,10706,388432,91606892,43031908,29460,48545524,48545524,956484,756176143,167439,0,1713528,22014580,0,4.0,0.0,2.0,1.0,1.0,916.6568913870968,939.318182,576.227273,570.1876833225806,908.9428152903226,2.051637,20.577608258064515,1.0,1.0,1.0,1.0,2,0:1.0500|1:0.9300|2:1.0300|3:0.9400|4:0.9500|5:1.1000|6:0.8200|,Erdem Yılmaz:4:70483|Tolga Çetin:6:30244|Gülay Çetin:1:17884|Tuncay Özkan:1:18542|Yasemin Kaya:1:19330|Elif Şimşek:2:40501|Gülay Er:1:21039|Osman Yılmaz:1:19462|Nazlı Aydın:1:21172|Alper Kaplan:2:36820|Ercan Duman:1:20908|Erdem Taş:1:21172|Sevgi Kaya:1:18936|Meltem Yavuz:2:37609|Merve Kalkan:1:18542|Ayşe Soylu:2:35504|Burak Taş:3:53651|Gamze Bozkurt:1:17753|Ayşe Bozkurt:1:17753|İbrahim Yıldırım:1:18673|Cengiz Yıldırım:1:19725|Özlem Erdoğan:1:17358|Nazlı Turan:1:19987|Halil Yavuz:2:38265|Halil Şimşek:3:54571|Osman Çetin:1:18278|Tuğba Uçar:1:21303,2217486,97,283894,2827,31,37.00057682619718,37.13817259061397,2,104538
Dengeli,23,2888,2019,1,1078,869,209,4407,116,30,0,0,198,4212718,2639094,1549831,546226,119970,128395,155279,0,14619,585342,79065085,35340077,28931,43696077,43696077,1168188,828529765,167439,0,1741917,26151324,0,4.0,0.0,2.0,1.0,1.0,919.0322578064516,947.272727,575.045455,573.7492668709677,911.5439882258065,2.069903,19.578083483870966,1.0,1.0,1.0,1.0,2,0:1.0500|1:0.9300|2:1.0300|3:0.9400|4:0.9500|5:1.1000|6:0.8200|,Erdem Yılmaz:4:76381|Tolga Çetin:6:32776|Gülay Çetin:1:19381|Tuncay Özkan:1:20092|Yasemin Kaya:1:20947|Elif Şimşek:2:43891|Gülay Er:1:22801|Osman Yılmaz:1:21091|Nazlı Aydın:1:22943|Alper Kaplan:2:39901|Ercan Duman:1:22658|Erdem Taş:1:22943|Sevgi Kaya:1:20520|Meltem Yavuz:2:40756|Merve Kalkan:1:20092|Ayşe Soylu:2:38476|Burak Taş:3:58141|Gamze Bozkurt:1:19237|Ayşe Bozkurt:1:19237|İbrahim Yıldırım:1:20236|Cengiz Yıldırım:1:21375|Özlem Erdoğan:1:18810|Nazlı Turan:1:21660|Halil Yavuz:2:41469|Halil Şimşek:3:59138|Osman Çetin:1:19808|Tuğba Uçar:1:23085|Zeynep Aydın:1:20663|Mustafa Erdoğan:2:40898,2719452,98,283894,2858,31,36.78933648062842,37.42924145312159,2,301448
Dengeli,23,2916,2019,2,946,785,161,3703,125,24,0,0,137,3637726,2289527,1326146,494088,108360,117511,142128,0,13652,450407,51600009,11700879,28393,39870737,39870737,1101866,845658432,167439,0,1770306,25562920,0,4.0,0.0,2.0,1.0,1.0,931.0957790714285,959.7727270000001,593.2727270000001,585.9642857142857,926.3116885,2.097689,19.3155845,1.0,1.0,1.0,1.0,2,0:1.0500|1:0.9300|2:1.0300|3:0.9400|4:0.9500|5:1.1000|6:0.8200|,Erdem Yılmaz:4:76381|Tolga Çetin:6:32776|Gülay Çetin:1:19381|Tuncay Özkan:1:20092|Yasemin Kaya:1:20947|Elif Şimşek:2:43891|Gülay Er:1:22801|Osman Yılmaz:1:21091|Nazlı Aydın:1:22943|Alper Kaplan:2:39901|Ercan Duman:1:22658|Erdem Taş:1:22943|Sevgi Kaya:1:20520|Meltem Yavuz:2:40756|Merve Kalkan:1:20092|Ayşe Soylu:2:38476|Burak Taş:3:58141|Gamze Bozkurt:1:19237|Ayşe Bozkurt:1:19237|İbrahim Yıldırım:1:20236|Cengiz Yıldırım:1:21375|Özlem Erdoğan:1:18810|Nazlı Turan:1:21660|Halil Yavuz:2:41469|Halil Şimşek:3:59138|Osman Çetin:1:19808|Tuğba Uçar:1:23085|Zeynep Aydın:1:20663|Mustafa Erdoğan:2:40898|Ercan Taş:1:20520|Kaan Aksoy:2:42608|Sevgi Bulut:1:20805,2344800,108,283894,2889,28,36.45535700049976,36.282309475007565,2,166513
Dengeli,23,2947,2019,3,994,825,169,4083,113,29,0,0,151,3784248,2430700,1335627,547026,119970,131683,144801,0,12119,380028,50687076,5630026,27846,45029204,36365218,1147284,821129376,167439,0,1798695,29553540,0,4.0,0.0,2.0,1.0,1.0,926.935484032258,971.818182,600.954545,596.5806451935484,929.8914956451613,2.1231059999999995,20.736789064516127,1.0,1.0,1.0,1.0,2,0:1.0500|1:0.9300|2:1.0300|3:0.9400|4:0.9500|5:1.1000|6:0.8200|,Erdem Yılmaz:4:76381|Tolga Çetin:6:32776|Gülay Çetin:1:19381|Tuncay Özkan:1:20092|Yasemin Kaya:1:20947|Elif Şimşek:2:43891|Gülay Er:1:22801|Osman Yılmaz:1:21091|Nazlı Aydın:1:22943|Alper Kaplan:2:39901|Ercan Duman:1:22658|Erdem Taş:1:22943|Sevgi Kaya:1:20520|Meltem Yavuz:2:40756|Merve Kalkan:1:20092|Ayşe Soylu:2:38476|Burak Taş:3:58141|Gamze Bozkurt:1:19237|Ayşe Bozkurt:1:19237|İbrahim Yıldırım:1:20236|Cengiz Yıldırım:1:21375|Özlem Erdoğan:1:18810|Nazlı Turan:1:21660|Halil Yavuz:2:41469|Halil Şimşek:3:59138|Osman Çetin:1:19808|Tuğba Uçar:1:23085|Zeynep Aydın:1:20663|Mustafa Erdoğan:2:40898|Ercan Taş:1:20520|Kaan Aksoy:2:42608|Sevgi Bulut:1:20805,2500518,114,283894,2917,31,35.294383454784146,35.16759738382328,2,96134
Dengeli,23,2977,2019,4,821,676,145,3408,123,6,0,0,125,3352578,2060623,1277172,529380,116100,129146,142020,0,14633,345893,49456716,14297999,27288,35131429,43795415,588224,799663891,167439,0,1827084,28600200,0,4.0,0.0,2.0,1.0,1.0,960.3181819,984.3181820000001,587.045455,592.3484848333334,948.7227272666667,2.151607,18.758245166666665,1.0,1.0,1.0,1.0,2,0:1.0500|1:0.9300|2:1.0300|3:0.9400|4:0.9500|5:1.1000|6:0.8200|,Erdem Yılmaz:4:76381|Tolga Çetin:6:32776|Gülay Çetin:1:19381|Tuncay Özkan:1:20092|Yasemin Kaya:1:20947|Elif Şimşek:2:43891|Gülay Er:1:22801|Osman Yılmaz:1:21091|Nazlı Aydın:1:22943|Alper Kaplan:2:39901|Ercan Duman:1:22658|Erdem Taş:1:22943|Sevgi Kaya:1:20520|Meltem Yavuz:2:40756|Merve Kalkan:1:20092|Ayşe Soylu:2:38476|Burak Taş:3:58141|Gamze Bozkurt:1:19237|Ayşe Bozkurt:1:19237|İbrahim Yıldırım:1:20236|Cengiz Yıldırım:1:21375|Özlem Erdoğan:1:18810|Nazlı Turan:1:21660|Halil Yavuz:2:41469|Halil Şimşek:3:59138|Osman Çetin:1:19808|Tuğba Uçar:1:23085|Zeynep Aydın:1:20663|Mustafa Erdoğan:2:40898|Ercan Taş:1:20520|Kaan Aksoy:2:42608|Sevgi Bulut:1:20805,1452600,108,283894,2948,30,38.0952210507854,38.869692768023604,2,61999
Dengeli,23,3008,2019,5,1182,975,207,4860,114,24,0,0,194,4352823,2675003,1625291,547026,119970,135188,148645,26130,11568,662894,164255573,111241377,0,53014196,53014196,1201840,860171066,167439,0,1855473,29553540,0,4.0,0.0,2.0,1.0,1.0,966.085043967742,997.727273,597.6363640000001,593.9574780967741,959.9765395806452,2.179552,19.63155183870968,1.0,1.0,1.0,1.0,2,0:1.0500|1:0.9300|2:1.0300|3:0.9400|4:0.9500|5:1.1000|6:0.8200|,Erdem Yılmaz:4:76381|Tolga Çetin:6:32776|Gülay Çetin:1:19381|Tuncay Özkan:1:20092|Yasemin Kaya:1:20947|Elif Şimşek:2:43891|Gülay Er:1:22801|Osman Yılmaz:1:21091|Nazlı Aydın:1:22943|Alper Kaplan:2:39901|Ercan Duman:1:22658|Erdem Taş:1:22943|Sevgi Kaya:1:20520|Meltem Yavuz:2:40756|Merve Kalkan:1:20092|Ayşe Soylu:2:38476|Burak Taş:3:58141|Gamze Bozkurt:1:19237|Ayşe Bozkurt:1:19237|İbrahim Yıldırım:1:20236|Cengiz Yıldırım:1:21375|Özlem Erdoğan:1:18810|Nazlı Turan:1:21660|Halil Yavuz:2:41469|Halil Şimşek:3:59138|Osman Çetin:1:19808|Tuğba Uçar:1:23085|Zeynep Aydın:1:20663|Mustafa Erdoğan:2:40898|Ercan Taş:1:20520|Kaan Aksoy:2:42608|Sevgi Bulut:1:20805,2398576,109,283894,2978,31,37.33877991363306,38.138327703999174,2,379000
Dengeli,23,3038,2019,6,1279,1037,242,5188,116,16,0,0,222,4320859,2688025,1605610,529380,116100,132597,167640,0,7817,652076,155514324,88292221,33594,67188509,54404888,1201602,947293943,180444,0,1886067,28681279,0,4.0,0.0,2.0,1.0,1.0,974.6136366,1010.6818179999999,616.954545,609.4196969999999,970.0590908333332,2.20881,19.6874176,1.0,1.0,1.0,1.0,none,0:1.0500|1:0.9300|2:1.0300|3:0.9400|4:0.9500|5:1.1000|6:0.8200|,Erdem Yılmaz:4:76381|Tolga Çetin:6:32776|Gülay Çetin:1:19381|Tuncay Özkan:1:20092|Yasemin Kaya:1:20947|Elif Şimşek:2:43891|Gülay Er:1:22801|Osman Yılmaz:1:21091|Nazlı Aydın:1:22943|Alper Kaplan:2:39901|Ercan Duman:1:22658|Erdem Taş:1:22943|Sevgi Kaya:1:20520|Meltem Yavuz:2:40756|Merve Kalkan:1:20092|Ayşe Soylu:2:38476|Burak Taş:3:58141|Gamze Bozkurt:1:19237|Ayşe Bozkurt:1:19237|İbrahim Yıldırım:1:20236|Cengiz Yıldırım:1:21375|Özlem Erdoğan:1:18810|Nazlı Turan:1:21660|Halil Yavuz:2:41469|Halil Şimşek:3:59138|Osman Çetin:1:19808|Tuğba Uçar:1:23085|Zeynep Aydın:1:20663|Mustafa Erdoğan:2:40898|Ercan Taş:1:20520|Kaan Aksoy:2:42608|Sevgi Bulut:1:20805,2706870,109,305944,3009,30,37.159509254988414,36.69752588807558,2|none,346132
Dengeli,23,3069,2019,7,1309,1064,245,5523,113,21,0,0,227,4790835,2974146,1802763,625876,137885,138785,175491,0,65038,659688,114311952,66353320,33194,47925438,60709059,1152348,944701505,180444,0,1916661,32066989,0,3.870967741935484,0.0,2.0,0.8709677419354839,1.0,987.7126098709678,1024.318182,617.954545,616.0043988387096,979.0997066451613,2.237498,19.498361258064516,1.0,1.0,1.0,1.0,none,0:1.0500|1:0.9300|2:1.0300|3:0.9400|4:0.9500|5:1.1000|6:0.8200|,Erdem Yılmaz:4:82877|Tolga Çetin:6:35563|Gülay Çetin:1:21028|Tuncay Özkan:1:21801|Yasemin Kaya:1:22730|Elif Şimşek:2:47623|Gülay Er:1:24739|Osman Yılmaz:1:22884|Nazlı Aydın:1:24894|Alper Kaplan:2:43294|Ercan Duman:1:24585|Erdem Taş:1:24894|Sevgi Kaya:1:22266|Meltem Yavuz:2:44221|Merve Kalkan:1:21801|Ayşe Soylu:2:41748|Burak Taş:3:63086|Gamze Bozkurt:1:20874|Ayşe Bozkurt:1:20874|İbrahim Yıldırım:1:21957|Cengiz Yıldırım:1:23193|Özlem Erdoğan:1:20410|Nazlı Turan:1:23503|Halil Yavuz:2:44995|Halil Şimşek:3:64168|Osman Çetin:1:21493|Tuğba Uçar:1:25049|Zeynep Aydın:1:22420|Mustafa Erdoğan:2:44377|Ercan Taş:1:22266|Kaan Aksoy:2:46231|Sevgi Bulut:1:22574,2920968,110,305944,3039,31,37.62941115692776,37.435794701383024,none,353744
Dengeli,23,3100,2019,8,1383,1127,256,5498,155,17,0,3,223,4828328,3032237,1754975,722176,159371,140646,177847,0,12418,542517,135817671,82892933,32785,52891953,52891953,1389860,999015564,180444,0,1947255,32066989,0,4.0,0.0,2.0,1.0,1.0,998.0425217741936,1037.727273,635.681818,629.2873900000001,996.9926686129032,2.267534,19.952327419354837,0.9709677419354839,0.9709677419354839,1.0,0.9745967741935483,3,0:1.0500|1:0.9300|2:1.0300|3:0.9400|4:0.9500|5:1.1000|6:0.8200|,Erdem Yılmaz:4:82877|Tolga Çetin:6:35563|Gülay Çetin:1:21028|Tuncay Özkan:1:21801|Yasemin Kaya:1:22730|Elif Şimşek:2:47623|Gülay Er:1:24739|Osman Yılmaz:1:22884|Nazlı Aydın:1:24894|Alper Kaplan:2:43294|Ercan Duman:1:24585|Erdem Taş:1:24894|Sevgi Kaya:1:22266|Meltem Yavuz:2:44221|Merve Kalkan:1:21801|Ayşe Soylu:2:41748|Burak Taş:3:63086|Gamze Bozkurt:1:20874|Ayşe Bozkurt:1:20874|İbrahim Yıldırım:1:21957|Cengiz Yıldırım:1:23193|Özlem Erdoğan:1:20410|Nazlı Turan:1:23503|Halil Yavuz:2:44995|Halil Şimşek:3:64168|Osman Çetin:1:21493|Tuğba Uçar:1:25049|Zeynep Aydın:1:22420|Mustafa Erdoğan:2:44377|Ercan Taş:1:22266|Kaan Aksoy:2:46231|Sevgi Bulut:1:22574,3025456,120,305944,3070,31,36.3474685232652,36.307140815006015,none|3,236573
Dengeli,23,3130,2019,9,1221,966,255,4587,207,41,0,0,209,4387760,2741942,1615784,698880,154230,137940,151680,0,15230,457824,118610946,52825371,32366,65753209,65753209,1317972,1021104160,180444,0,1977849,31032570,0,4.0,0.0,2.0,1.0,1.0,1017.4469693333334,1051.136364,640.272727,637.2333333333333,1016.1439394,2.297973,19.70208543333333,0.95,0.95,1.0,0.925,3,0:1.0500|1:0.9300|2:1.0300|3:0.9400|4:0.9500|5:1.1000|6:0.8200|,Erdem Yılmaz:4:82877|Tolga Çetin:6:35563|Gülay Çetin:1:21028|Tuncay Özkan:1:21801|Yasemin Kaya:1:22730|Elif Şimşek:2:47623|Gülay Er:1:24739|Osman Yılmaz:1:22884|Nazlı Aydın:1:24894|Alper Kaplan:2:43294|Ercan Duman:1:24585|Erdem Taş:1:24894|Sevgi Kaya:1:22266|Meltem Yavuz:2:44221|Merve Kalkan:1:21801|Ayşe Soylu:2:41748|Burak Taş:3:63086|Gamze Bozkurt:1:20874|Ayşe Bozkurt:1:20874|İbrahim Yıldırım:1:21957|Cengiz Yıldırım:1:23193|Özlem Erdoğan:1:20410|Nazlı Turan:1:23503|Halil Yavuz:2:44995|Halil Şimşek:3:64168|Osman Çetin:1:21493|Tuğba Uçar:1:25049|Zeynep Aydın:1:22420|Mustafa Erdoğan:2:44377|Ercan Taş:1:22266|Kaan Aksoy:2:46231|Sevgi Bulut:1:22574,2857632,127,305944,3101,30,36.82480354440535,37.07065367549043,3,151880
Dengeli,23,3161,2019,10,1252,1010,242,4925,254,36,0,0,195,4876820,3005623,1845396,722176,159371,144398,158751,0,12705,647995,132008172,75891973,31939,56084260,56084260,1293096,1038343700,180444,0,2008443,32066989,0,4.0,0.0,2.0,1.0,1.0,1035.564516064516,1065.227273,640.954545,639.2829913225806,1026.6715542580646,2.327819,18.78695070967742,0.95,0.95,1.0,0.925,3,0:1.0500|1:0.9300|2:1.0300|3:0.9400|4:0.9500|5:1.1000|6:0.8200|,Erdem Yılmaz:4:82877|Tolga Çetin:6:35563|Gülay Çetin:1:21028|Tuncay Özkan:1:21801|Yasemin Kaya:1:22730|Elif Şimşek:2:47623|Gülay Er:1:24739|Osman Yılmaz:1:22884|Nazlı Aydın:1:24894|Alper Kaplan:2:43294|Ercan Duman:1:24585|Erdem Taş:1:24894|Sevgi Kaya:1:22266|Meltem Yavuz:2:44221|Merve Kalkan:1:21801|Ayşe Soylu:2:41748|Burak Taş:3:63086|Gamze Bozkurt:1:20874|Ayşe Bozkurt:1:20874|İbrahim Yıldırım:1:21957|Cengiz Yıldırım:1:23193|Özlem Erdoğan:1:20410|Nazlı Turan:1:23503|Halil Yavuz:2:44995|Halil Şimşek:3:64168|Osman Çetin:1:21493|Tuğba Uçar:1:25049|Zeynep Aydın:1:22420|Mustafa Erdoğan:2:44377|Ercan Taş:1:22266|Kaan Aksoy:2:46231|Sevgi Bulut:1:22574,3032480,129,305944,3131,31,37.840149933768316,38.10578336192543,3,342051
Dengeli,23,3191,2019,11,1252,998,254,4922,192,49,0,0,212,4699716,2955411,1718421,698880,154230,141601,155700,0,12858,555152,167118899,105700483,0,61418416,61418416,1333820,1120687010,180444,0,2039037,31032570,0,4.0,0.0,2.0,1.0,1.0,1041.5378788,1079.772727,661.272727,653.5409091333333,1040.7924243666666,2.359067,19.350081766666666,0.95,0.95,1.0,0.925,3,0:1.0500|1:0.9300|2:1.0300|3:0.9400|4:0.9500|5:1.1000|6:0.8200|,Erdem Yılmaz:4:82877|Tolga Çetin:6:35563|Gülay Çetin:1:21028|Tuncay Özkan:1:21801|Yasemin Kaya:1:22730|Elif Şimşek:2:47623|Gülay Er:1:24739|Osman Yılmaz:1:22884|Nazlı Aydın:1:24894|Alper Kaplan:2:43294|Ercan Duman:1:24585|Erdem Taş:1:24894|Sevgi Kaya:1:22266|Meltem Yavuz:2:44221|Merve Kalkan:1:21801|Ayşe Soylu:2:41748|Burak Taş:3:63086|Gamze Bozkurt:1:20874|Ayşe Bozkurt:1:20874|İbrahim Yıldırım:1:21957|Cengiz Yıldırım:1:23193|Özlem Erdoğan:1:20410|Nazlı Turan:1:23503|Halil Yavuz:2:44995|Halil Şimşek:3:64168|Osman Çetin:1:21493|Tuğba Uçar:1:25049|Zeynep Aydın:1:22420|Mustafa Erdoğan:2:44377|Ercan Taş:1:22266|Kaan Aksoy:2:46231|Sevgi Bulut:1:22574,2990434,130,305944,3162,30,36.56435835697306,36.50996853212094,3,249208
Dengeli,23,3222,2019,12,1252,1003,249,4640,256,48,0,0,193,4876189,3039209,1810199,722176,159371,148214,179273,0,17931,583234,211274136,123638444,32132,87603560,87603560,1407276,1174766085,208080,0,2074317,32219061,0,4.0,0.0,2.0,1.0,1.0,1059.259530451613,1093.863636,657.727273,657.5249265483872,1048.4428151935483,2.389707,18.88874735483871,0.95,0.95,1.0,0.925,3,0:1.0500|1:0.9300|2:1.0300|3:0.9400|4:0.9500|5:1.1000|6:0.8200|,Erdem Yılmaz:4:82877|Tolga Çetin:6:35563|Gülay Çetin:1:21028|Tuncay Özkan:1:21801|Yasemin Kaya:1:22730|Elif Şimşek:2:47623|Gülay Er:1:24739|Osman Yılmaz:1:22884|Nazlı Aydın:1:24894|Alper Kaplan:2:43294|Ercan Duman:1:24585|Erdem Taş:1:24894|Sevgi Kaya:1:22266|Meltem Yavuz:2:44221|Merve Kalkan:1:21801|Ayşe Soylu:2:41748|Burak Taş:3:63086|Gamze Bozkurt:1:20874|Ayşe Bozkurt:1:20874|İbrahim Yıldırım:1:21957|Cengiz Yıldırım:1:23193|Özlem Erdoğan:1:20410|Nazlı Turan:1:23503|Halil Yavuz:2:44995|Halil Şimşek:3:64168|Osman Çetin:1:21493|Tuğba Uçar:1:25049|Zeynep Aydın:1:22420|Mustafa Erdoğan:2:44377|Ercan Taş:1:22266|Kaan Aksoy:2:46231|Sevgi Bulut:1:22574,3071382,140,352800,3192,31,37.12323291816622,37.90688173279127,3,230434
Dengeli,23,3253,2020,1,1218,919,299,4401,189,42,0,0,263,4906784,3055524,1818968,773176,171244,150276,181691,0,15873,526708,100120130,38702309,31749,61386072,61386072,1298032,1242859750,208080,0,2109597,36781221,0,4.0,0.0,2.0,1.0,1.0,1062.697946935484,1108.409091,662.1363640000001,659.7199411935484,1063.1158357741936,2.421786,19.086733419354836,0.95,0.95,1.0,0.925,3,0:1.0500|1:0.9300|2:1.0300|3:0.9400|4:0.9500|5:1.1000|6:0.8200|,Erdem Yılmaz:4:95061|Tolga Çetin:6:40791|Gülay Çetin:1:24120|Tuncay Özkan:1:25007|Yasemin Kaya:1:26070|Elif Şimşek:2:54625|Gülay Er:1:28376|Osman Yılmaz:1:26248|Nazlı Aydın:1:28554|Alper Kaplan:2:49659|Ercan Duman:1:28199|Erdem Taş:1:28554|Sevgi Kaya:1:25539|Meltem Yavuz:2:50722|Merve Kalkan:1:25007|Ayşe Soylu:2:47885|Burak Taş:3:72360|Gamze Bozkurt:1:23943|Ayşe Bozkurt:1:23943|İbrahim Yıldırım:1:25184|Cengiz Yıldırım:1:26603|Özlem Erdoğan:1:23411|Nazlı Turan:1:26957|Halil Yavuz:2:51609|Halil Şimşek:3:73602|Osman Çetin:1:24652|Tuğba Uçar:1:28731|Zeynep Aydın:1:25716|Mustafa Erdoğan:2:50900|Ercan Taş:1:25539|Kaan Aksoy:2:53029|Sevgi Bulut:1:25894,2984628,141,352800,3223,31,37.07047222783803,37.69289138937255,3,173908
Dengeli,23,3282,2020,2,1149,887,262,4407,258,55,0,0,214,5168610,3218210,1918548,724884,160196,143831,173913,0,15199,700525,55061767,-1602153,31358,56632562,56632562,1402902,1267067254,208080,0,2144877,34408239,0,4.0,0.0,2.0,1.0,1.0,1106.7711598965516,1134.318182,698.181818,686.3025078275862,1093.5203761724138,2.477969,17.8339875862069,0.95,0.95,1.0,0.925,3,0:1.0500|1:0.9300|2:1.0300|3:0.9400|4:0.9500|5:1.1000|6:0.8200|,Erdem Yılmaz:4:95061|Tolga Çetin:6:40791|Gülay Çetin:1:24120|Tuncay Özkan:1:25007|Yasemin Kaya:1:26070|Elif Şimşek:2:54625|Gülay Er:1:28376|Osman Yılmaz:1:26248|Nazlı Aydın:1:28554|Alper Kaplan:2:49659|Ercan Duman:1:28199|Erdem Taş:1:28554|Sevgi Kaya:1:25539|Meltem Yavuz:2:50722|Merve Kalkan:1:25007|Ayşe Soylu:2:47885|Burak Taş:3:72360|Gamze Bozkurt:1:23943|Ayşe Bozkurt:1:23943|İbrahim Yıldırım:1:25184|Cengiz Yıldırım:1:26603|Özlem Erdoğan:1:23411|Nazlı Turan:1:26957|Halil Yavuz:2:51609|Halil Şimşek:3:73602|Osman Çetin:1:24652|Tuğba Uçar:1:28731|Zeynep Aydın:1:25716|Mustafa Erdoğan:2:50900|Ercan Taş:1:25539|Kaan Aksoy:2:53029|Sevgi Bulut:1:25894,3321642,143,352800,3254,29,37.11922547841683,36.91723788093122,3,347725
Dengeli,23,3313,2020,3,1315,1011,304,4870,238,42,0,0,259,5234928,3245754,1964942,774876,171244,157071,172670,0,16777,672304,112809321,38362091,30958,74416272,74416272,1246506,1267805595,208080,0,2180157,36781221,0,4.0,0.0,2.0,1.0,1.0,1129.9706744193547,1159.772727,705.409091,700.9398826774194,1119.3680352903227,2.531706,18.68386058064516,0.95,0.95,1.0,0.925,3,0:1.0500|1:0.9300|2:1.0300|3:0.9400|4:0.9500|5:1.1000|6:0.8200|,Erdem Yılmaz:4:95061|Tolga Çetin:6:40791|Gülay Çetin:1:24120|Tuncay Özkan:1:25007|Yasemin Kaya:1:26070|Elif Şimşek:2:54625|Gülay Er:1:28376|Osman Yılmaz:1:26248|Nazlı Aydın:1:28554|Alper Kaplan:2:49659|Ercan Duman:1:28199|Erdem Taş:1:28554|Sevgi Kaya:1:25539|Meltem Yavuz:2:50722|Merve Kalkan:1:25007|Ayşe Soylu:2:47885|Burak Taş:3:72360|Gamze Bozkurt:1:23943|Ayşe Bozkurt:1:23943|İbrahim Yıldırım:1:25184|Cengiz Yıldırım:1:26603|Özlem Erdoğan:1:23411|Nazlı Turan:1:26957|Halil Yavuz:2:51609|Halil Şimşek:3:73602|Osman Çetin:1:24652|Tuğba Uçar:1:28731|Zeynep Aydın:1:25716|Mustafa Erdoğan:2:50900|Ercan Taş:1:25539|Kaan Aksoy:2:53029|Sevgi Bulut:1:25894,3126960,145,352800,3283,31,37.535224935280866,37.57279662479023,3,319504
Dengeli,23,3343,2020,4,1235,946,289,4417,252,39,0,0,249,4768072,2941006,1811915,749880,165720,155546,170970,0,22969,546830,130617108,65137493,30549,65449066,65449066,1347816,1297998376,208080,0,2215437,35594730,0,4.0,0.0,2.0,1.0,1.0,1158.6136364333333,1186.1363640000002,724.545455,716.1424242666667,1143.3424243,2.590438,17.979247033333333,0.95,0.95,1.0,0.925,3,0:1.0500|1:0.9300|2:1.0300|3:0.9400|4:0.9500|5:1.1000|6:0.8200|,Erdem Yılmaz:4:95061|Tolga Çetin:6:40791|Gülay Çetin:1:24120|Tuncay Özkan:1:25007|Yasemin Kaya:1:26070|Elif Şimşek:2:54625|Gülay Er:1:28376|Osman Yılmaz:1:26248|Nazlı Aydın:1:28554|Alper Kaplan:2:49659|Ercan Duman:1:28199|Erdem Taş:1:28554|Sevgi Kaya:1:25539|Meltem Yavuz:2:50722|Merve Kalkan:1:25007|Ayşe Soylu:2:47885|Burak Taş:3:72360|Gamze Bozkurt:1:23943|Ayşe Bozkurt:1:23943|İbrahim Yıldırım:1:25184|Cengiz Yıldırım:1:26603|Özlem Erdoğan:1:23411|Nazlı Turan:1:26957|Halil Yavuz:2:51609|Halil Şimşek:3:73602|Osman Çetin:1:24652|Tuğba Uçar:1:28731|Zeynep Aydın:1:25716|Mustafa Erdoğan:2:50900|Ercan Taş:1:25539|Kaan Aksoy:2:53029|Sevgi Bulut:1:25894,2824770,146,352800,3314,30,38.00099914598605,37.46444610902089,3,194030
Dengeli,23,3374,2020,5,1335,1034,301,5212,217,55,0,2,254,5675945,3534588,2109826,774876,171244,164330,180637,0,22178,796561,177633158,89476856,30131,88126171,70935073,1508550,1369545930,208080,0,2250717,36781221,0,4.0,0.0,2.0,1.0,1.0,1181.4736069677417,1212.5,744.590909,737.0014662580645,1169.8328445483871,2.648573,18.30785170967742,0.95,0.95,1.0,0.925,3,0:1.0500|1:0.9300|2:1.0300|3:0.9400|4:0.9500|5:1.1000|6:0.8200|,Erdem Yılmaz:4:95061|Tolga Çetin:6:40791|Gülay Çetin:1:24120|Tuncay Özkan:1:25007|Yasemin Kaya:1:26070|Elif Şimşek:2:54625|Gülay Er:1:28376|Osman Yılmaz:1:26248|Nazlı Aydın:1:28554|Alper Kaplan:2:49659|Ercan Duman:1:28199|Erdem Taş:1:28554|Sevgi Kaya:1:25539|Meltem Yavuz:2:50722|Merve Kalkan:1:25007|Ayşe Soylu:2:47885|Burak Taş:3:72360|Gamze Bozkurt:1:23943|Ayşe Bozkurt:1:23943|İbrahim Yıldırım:1:25184|Cengiz Yıldırım:1:26603|Özlem Erdoğan:1:23411|Nazlı Turan:1:26957|Halil Yavuz:2:51609|Halil Şimşek:3:73602|Osman Çetin:1:24652|Tuğba Uçar:1:28731|Zeynep Aydın:1:25716|Mustafa Erdoğan:2:50900|Ercan Taş:1:25539|Kaan Aksoy:2:53029|Sevgi Bulut:1:25894,3554028,147,352800,3344,31,37.17136089232718,36.97777888487949,3,443761
Dengeli,23,3404,2020,6,1293,976,317,4672,249,24,0,0,269,4834031,2932687,1868381,749880,165720,162722,205680,0,15856,568523,171907659,97228347,29704,74649608,91840706,1257468,1415703061,238966,0,2291233,35771132,0,4.0,0.0,2.0,1.0,1.0,1217.7954546666665,1240.681818,744.5,743.1045454333333,1199.0863636333333,2.710017,17.489186433333334,0.95,0.95,1.0,0.925,3,0:1.0500|1:0.9300|2:1.0300|3:0.9400|4:0.9500|5:1.1000|6:0.8200|,Erdem Yılmaz:4:95061|Tolga Çetin:6:40791|Gülay Çetin:1:24120|Tuncay Özkan:1:25007|Yasemin Kaya:1:26070|Elif Şimşek:2:54625|Gülay Er:1:28376|Osman Yılmaz:1:26248|Nazlı Aydın:1:28554|Alper Kaplan:2:49659|Ercan Duman:1:28199|Erdem Taş:1:28554|Sevgi Kaya:1:25539|Meltem Yavuz:2:50722|Merve Kalkan:1:25007|Ayşe Soylu:2:47885|Burak Taş:3:72360|Gamze Bozkurt:1:23943|Ayşe Bozkurt:1:23943|İbrahim Yıldırım:1:25184|Cengiz Yıldırım:1:26603|Özlem Erdoğan:1:23411|Nazlı Turan:1:26957|Halil Yavuz:2:51609|Halil Şimşek:3:73602|Osman Çetin:1:24652|Tuğba Uçar:1:28731|Zeynep Aydın:1:25716|Mustafa Erdoğan:2:50900|Ercan Taş:1:25539|Kaan Aksoy:2:53029|Sevgi Bulut:1:25894,2991978,149,405169,3375,30,38.65057960943982,38.86493851270092,3,163354
Dengeli,23,3435,2020,7,1342,1037,305,5291,198,22,0,0,267,5676135,3584864,2069735,831876,184481,171930,217310,0,19022,645116,131250696,62920887,29268,68300541,68300541,1741636,1471700927,238966,0,2331749,42249683,0,4.0,0.0,2.0,1.0,1.0,1214.5674487741935,1268.409091,784.9061579032258,770.5029326451613,1214.111437,2.770836,18.896412451612903,0.95,0.95,1.0,0.925,3,0:1.0500|1:0.9200|2:1.0300|3:0.9300|4:0.9400|5:1.1000|6:0.8200|,Erdem Yılmaz:4:109194|Tolga Çetin:6:46856|Gülay Çetin:1:27706|Tuncay Özkan:1:28725|Yasemin Kaya:1:29946|Elif Şimşek:2:62746|Gülay Er:1:32595|Osman Yılmaz:1:30151|Nazlı Aydın:1:32799|Alper Kaplan:2:57042|Ercan Duman:1:32391|Erdem Taş:1:32799|Sevgi Kaya:1:29336|Meltem Yavuz:2:58265|Merve Kalkan:1:28725|Ayşe Soylu:2:55005|Burak Taş:3:83117|Gamze Bozkurt:1:27502|Ayşe Bozkurt:1:27502|İbrahim Yıldırım:1:28928|Cengiz Yıldırım:1:30558|Özlem Erdoğan:1:26891|Nazlı Turan:1:30966|Halil Yavuz:2:59283|Halil Şimşek:3:84545|Osman Çetin:1:28317|Tuğba Uçar:1:33003|Zeynep Aydın:1:29540|Mustafa Erdoğan:2:58468|Ercan Taş:1:29336|Kaan Aksoy:2:60912|Sevgi Bulut:1:29743,3720348,150,405169,3405,31,36.463808559873925,35.37566327045936,3,239947
Dengeli,23,3466,2020,8,1285,993,292,5087,184,16,0,0,256,5486972,3432002,2015514,833776,184481,175902,222363,0,21389,577603,147324087,57267390,28822,90027875,90027875,1469910,1504705039,238966,0,2372265,42249683,0,4.0,0.0,2.0,1.0,1.0,1241.2903226451613,1297.272727,783.272727,781.9736070645162,1238.646627516129,2.835116,18.764170838709678,0.95,0.95,1.0,0.925,3,0:1.0500|1:0.9250|2:1.0300|3:0.9350|4:0.9450|5:1.1000|6:0.8200|,Erdem Yılmaz:4:109194|Tolga Çetin:6:46856|Gülay Çetin:1:27706|Tuncay Özkan:1:28725|Yasemin Kaya:1:29946|Elif Şimşek:2:62746|Gülay Er:1:32595|Osman Yılmaz:1:30151|Nazlı Aydın:1:32799|Alper Kaplan:2:57042|Ercan Duman:1:32391|Erdem Taş:1:32799|Sevgi Kaya:1:29336|Meltem Yavuz:2:58265|Merve Kalkan:1:28725|Ayşe Soylu:2:55005|Burak Taş:3:83117|Gamze Bozkurt:1:27502|Ayşe Bozkurt:1:27502|İbrahim Yıldırım:1:28928|Cengiz Yıldırım:1:30558|Özlem Erdoğan:1:26891|Nazlı Turan:1:30966|Halil Yavuz:2:59283|Halil Şimşek:3:84545|Osman Çetin:1:28317|Tuğba Uçar:1:33003|Zeynep Aydın:1:29540|Mustafa Erdoğan:2:58468|Ercan Taş:1:29336|Kaan Aksoy:2:60912|Sevgi Bulut:1:29743,3190152,151,405169,3436,31,36.73271888393088,36.898506923757864,3,172434
Dengeli,23,3496,2020,9,1266,966,300,4515,228,26,0,0,252,5559208,3413480,2097336,806880,178530,174190,191460,0,27717,718559,165634107,87585833,28366,78019908,78019908,1698532,1556843422,238966,0,2412781,40886790,0,4.0,0.0,2.0,1.0,1.0,1287.689394,1328.409091,796.5,791.5090908666666,1273.4151513666666,2.900887,17.83256503333333,0.95,0.95,1.0,0.925,3,0:1.0500|1:0.9300|2:1.0300|3:0.9400|4:0.9500|5:1.1000|6:0.8200|,Erdem Yılmaz:4:109194|Tolga Çetin:6:46856|Gülay Çetin:1:27706|Tuncay Özkan:1:28725|Yasemin Kaya:1:29946|Elif Şimşek:2:62746|Gülay Er:1:32595|Osman Yılmaz:1:30151|Nazlı Aydın:1:32799|Alper Kaplan:2:57042|Ercan Duman:1:32391|Erdem Taş:1:32799|Sevgi Kaya:1:29336|Meltem Yavuz:2:58265|Merve Kalkan:1:28725|Ayşe Soylu:2:55005|Burak Taş:3:83117|Gamze Bozkurt:1:27502|Ayşe Bozkurt:1:27502|İbrahim Yıldırım:1:28928|Cengiz Yıldırım:1:30558|Özlem Erdoğan:1:26891|Nazlı Turan:1:30966|Halil Yavuz:2:59283|Halil Şimşek:3:84545|Osman Çetin:1:28317|Tuğba Uçar:1:33003|Zeynep Aydın:1:29540|Mustafa Erdoğan:2:58468|Ercan Taş:1:29336|Kaan Aksoy:2:60912|Sevgi Bulut:1:29743,3591318,153,405169,3467,30,37.72724460030997,38.14502132957694,3,313390
Dengeli,23,3527,2020,10,1336,1018,318,5000,230,25,0,0,284,6343259,4052113,2249485,833776,184481,184030,202275,0,24473,820450,155200302,79399596,27900,75772806,75772806,2116550,1608538259,238966,0,2453297,42249683,0,4.0,0.0,2.0,1.0,1.0,1282.5806454838707,1356.818182,834.954545,819.8651026129032,1288.8035191290323,2.965989,19.73877435483871,0.95,0.95,1.0,0.925,3,0:1.0500|1:0.9250|2:1.0300|3:0.9350|4:0.9450|5:1.1000|6:0.8200|,Erdem Yılmaz:4:109194|Tolga Çetin:6:46856|Gülay Çetin:1:27706|Tuncay Özkan:1:28725|Yasemin Kaya:1:29946|Elif Şimşek:2:62746|Gülay Er:1:32595|Osman Yılmaz:1:30151|Nazlı Aydın:1:32799|Alper Kaplan:2:57042|Ercan Duman:1:32391|Erdem Taş:1:32799|Sevgi Kaya:1:29336|Meltem Yavuz:2:58265|Merve Kalkan:1:28725|Ayşe Soylu:2:55005|Burak Taş:3:83117|Gamze Bozkurt:1:27502|Ayşe Bozkurt:1:27502|İbrahim Yıldırım:1:28928|Cengiz Yıldırım:1:30558|Özlem Erdoğan:1:26891|Nazlı Turan:1:30966|Halil Yavuz:2:59283|Halil Şimşek:3:84545|Osman Çetin:1:28317|Tuğba Uçar:1:33003|Zeynep Aydın:1:29540|Mustafa Erdoğan:2:58468|Ercan Taş:1:29336|Kaan Aksoy:2:60912|Sevgi Bulut:1:29743,4082932,155,405169,3497,31,35.462606839796386,34.90042533075943,3,415281
Dengeli,23,3557,2020,11,1263,977,286,4683,223,33,0,0,245,5870154,3720899,2105995,806880,178530,182236,200310,0,36237,701802,186911359,82463272,27423,104420664,104420664,1623334,1666177690,238966,0,2493813,40886790,0,4.0,0.0,2.0,1.0,1.0,1314.6666665999999,1389.545455,838.4515154666666,835.1212121333333,1311.2939393333334,3.034797,20.171493366666667,0.95,0.95,1.0,0.925,3,0:1.0500|1:0.9250|2:1.0300|3:0.9350|4:0.9450|5:1.1000|6:0.8200|,Erdem Yılmaz:4:109194|Tolga Çetin:6:46856|Gülay Çetin:1:27706|Tuncay Özkan:1:28725|Yasemin Kaya:1:29946|Elif Şimşek:2:62746|Gülay Er:1:32595|Osman Yılmaz:1:30151|Nazlı Aydın:1:32799|Alper Kaplan:2:57042|Ercan Duman:1:32391|Erdem Taş:1:32799|Sevgi Kaya:1:29336|Meltem Yavuz:2:58265|Merve Kalkan:1:28725|Ayşe Soylu:2:55005|Burak Taş:3:83117|Gamze Bozkurt:1:27502|Ayşe Bozkurt:1:27502|İbrahim Yıldırım:1:28928|Cengiz Yıldırım:1:30558|Özlem Erdoğan:1:26891|Nazlı Turan:1:30966|Halil Yavuz:2:59283|Halil Şimşek:3:84545|Osman Çetin:1:28317|Tuğba Uçar:1:33003|Zeynep Aydın:1:29540|Mustafa Erdoğan:2:58468|Ercan Taş:1:29336|Kaan Aksoy:2:60912|Sevgi Bulut:1:29743,3567388,156,405169,3528,30,35.876316021692105,36.22326200487947,3,296633
Dengeli,23,3588,2020,12,1362,1055,307,5119,252,67,0,0,260,7305786,4733115,2532194,833776,184481,192530,232779,0,25860,1062768,226953510,139019956,26936,87906618,87906618,2238334,1744478623,269854,0,2539567,42431040,0,4.0,0.0,2.0,1.0,1.0,1343.0205277419357,1420.681818,882.090909,868.6700879677419,1343.614369516129,3.102904,20.288248967741932,0.95,0.95,1.0,0.925,3,0:1.0500|1:0.9300|2:1.0300|3:0.9400|4:0.9500|5:1.1000|6:0.8200|,Erdem Yılmaz:4:109194|Tolga Çetin:6:46856|Gülay Çetin:1:27706|Tuncay Özkan:1:28725|Yasemin Kaya:1:29946|Elif Şimşek:2:62746|Gülay Er:1:32595|Osman Yılmaz:1:30151|Nazlı Aydın:1:32799|Alper Kaplan:2:57042|Ercan Duman:1:32391|Erdem Taş:1:32799|Sevgi Kaya:1:29336|Meltem Yavuz:2:58265|Merve Kalkan:1:28725|Ayşe Soylu:2:55005|Burak Taş:3:83117|Gamze Bozkurt:1:27502|Ayşe Bozkurt:1:27502|İbrahim Yıldırım:1:28928|Cengiz Yıldırım:1:30558|Özlem Erdoğan:1:26891|Nazlı Turan:1:30966|Halil Yavuz:2:59283|Halil Şimşek:3:84545|Osman Çetin:1:28317|Tuğba Uçar:1:33003|Zeynep Aydın:1:29540|Mustafa Erdoğan:2:58468|Ercan Taş:1:29336|Kaan Aksoy:2:60912|Sevgi Bulut:1:29743,4798306,158,457537,3558,31,34.660117337135254,34.320370330966696,3,605231
Dengeli,23,3619,2021,1,1320,1025,295,5099,231,56,0,0,248,7356704,4707000,2614322,890776,197749,196984,238173,0,24991,1065649,101765123,3840814,26439,97897870,79229772,2078772,1795634429,269854,0,2585321,47871750,0,4.0,0.0,2.0,1.0,1.0,1394.1568915806452,1453.409091,896.181818,890.2258064516129,1381.8284456774193,3.174888,19.333489225806453,0.95,0.95,1.0,0.925,3,0:1.0500|1:0.9300|2:1.0300|3:0.9400|4:0.9500|5:1.1000|6:0.8200|,Erdem Yılmaz:4:123725|Tolga Çetin:6:53090|Gülay Çetin:1:31393|Tuncay Özkan:1:32547|Yasemin Kaya:1:33932|Elif Şimşek:2:71095|Gülay Er:1:36933|Osman Yılmaz:1:34163|Nazlı Aydın:1:37164|Alper Kaplan:2:64632|Ercan Duman:1:36702|Erdem Taş:1:37164|Sevgi Kaya:1:33239|Meltem Yavuz:2:66018|Merve Kalkan:1:32547|Ayşe Soylu:2:62324|Burak Taş:3:94178|Gamze Bozkurt:1:31162|Ayşe Bozkurt:1:31162|İbrahim Yıldırım:1:32777|Cengiz Yıldırım:1:34625|Özlem Erdoğan:1:30469|Nazlı Turan:1:35086|Halil Yavuz:2:67172|Halil Şimşek:3:95794|Osman Çetin:1:32085|Tuğba Uçar:1:37394|Zeynep Aydın:1:33471|Mustafa Erdoğan:2:66248|Ercan Taş:1:33239|Kaan Aksoy:2:69018|Sevgi Bulut:1:33701,4606452,160,457537,3589,31,35.536593561464485,35.718725531389715,3,608112
Dengeli,23,3647,2021,2,1151,885,266,4401,231,54,0,0,217,6516386,4164982,2332435,806288,178612,181676,219688,0,25807,920364,83491423,8590084,25930,74875409,74859040,1995834,1782626162,269854,0,2631075,43239000,0,4.0,0.0,2.0,1.0,1.0,1432.5730517142858,1484.545455,917.181818,908.8149351071428,1418.8457792857141,3.242156,18.557261285714283,0.95,0.95,1.0,0.925,3,0:1.0500|1:0.9300|2:1.0300|3:0.9400|4:0.9500|5:1.1000|6:0.8200|,Erdem Yılmaz:4:123725|Tolga Çetin:6:53090|Gülay Çetin:1:31393|Tuncay Özkan:1:32547|Yasemin Kaya:1:33932|Elif Şimşek:2:71095|Gülay Er:1:36933|Osman Yılmaz:1:34163|Nazlı Aydın:1:37164|Alper Kaplan:2:64632|Ercan Duman:1:36702|Erdem Taş:1:37164|Sevgi Kaya:1:33239|Meltem Yavuz:2:66018|Merve Kalkan:1:32547|Ayşe Soylu:2:62324|Burak Taş:3:94178|Gamze Bozkurt:1:31162|Ayşe Bozkurt:1:31162|İbrahim Yıldırım:1:32777|Cengiz Yıldırım:1:34625|Özlem Erdoğan:1:30469|Nazlı Turan:1:35086|Halil Yavuz:2:67172|Halil Şimşek:3:95794|Osman Çetin:1:32085|Tuğba Uçar:1:37394|Zeynep Aydın:1:33471|Mustafa Erdoğan:2:66248|Ercan Taş:1:33239|Kaan Aksoy:2:69018|Sevgi Bulut:1:33701,4225284,161,457537,3620,28,35.79338301936073,35.976610972651194,3,462827
Dengeli,23,3653,2021,3,215,158,57,757,32,4,0,0,50,986128,614431,368556,172776,38274,39648,43614,0,2374,71870,38188987,38188987,0,0,18684467,1774486,1789914593,0,0,2631075,9265500,0,4.0,0.0,2.0,1.0,1.0,1468.4090910000002,1513.181818,924.545455,916.0227273333334,1455.0757576666667,3.304138,18.049066333333332,0.9499999999999998,0.9499999999999998,1.0,0.9250000000000002,3,0:1.0500|1:0.9300|2:1.0300|3:0.9400|4:0.9500|5:1.1000|6:0.8200|,Erdem Yılmaz:4:123725|Tolga Çetin:6:53090|Gülay Çetin:1:31393|Tuncay Özkan:1:32547|Yasemin Kaya:1:33932|Elif Şimşek:2:71095|Gülay Er:1:36933|Osman Yılmaz:1:34163|Nazlı Aydın:1:37164|Alper Kaplan:2:64632|Ercan Duman:1:36702|Erdem Taş:1:37164|Sevgi Kaya:1:33239|Meltem Yavuz:2:66018|Merve Kalkan:1:32547|Ayşe Soylu:2:62324|Burak Taş:3:94178|Gamze Bozkurt:1:31162|Ayşe Bozkurt:1:31162|İbrahim Yıldırım:1:32777|Cengiz Yıldırım:1:34625|Özlem Erdoğan:1:30469|Nazlı Turan:1:35086|Halil Yavuz:2:67172|Halil Şimşek:3:95794|Osman Çetin:1:32085|Tuğba Uçar:1:37394|Zeynep Aydın:1:33471|Mustafa Erdoğan:2:66248|Ercan Taş:1:33239|Kaan Aksoy:2:69018|Sevgi Bulut:1:33701,599524,161,0,3648,6,37.374052861291844,37.037610249989946,3,71870
Atak,21,25,2011,3,1481,1341,140,6065,208,75,0,4,112,2529530,1875968,644021,168750,37975,50012,55000,0,10442,321842,200567,139997,0,60570,66012,490282,140790,71527,0,12127,0,0,3.0,1.0,2.0,0.0,0.0,433.58181832,457.7272730000001,312.31272712,323.31272732,432.97454511999996,1.0,33.17696092,1.0,1.0,1.0,1.0,none,0:1.0000|1:0.9100|2:1.0300|3:0.9400|4:0.9500|5:1.1000|6:0.8200|,,2130312,1,121275,1,25,25.46010523694125,27.9691366372053,none,200567
Atak,21,55,2011,4,1743,1554,189,7301,240,90,0,5,145,2976755,2061953,891707,202500,45570,60374,66390,0,10552,506321,385046,279480,0,105566,116118,935548,899612,71527,0,24254,0,0,3.0,1.0,2.0,0.0,0.0,434.2954547,459.09090899999995,298.52727276666667,301.05303026666667,433.8196969333333,1.00592,30.453901433333332,1.0,1.0,1.0,1.0,none,0:1.0000|1:0.9200|2:1.0300|3:0.9400|4:0.9500|5:1.1000|6:0.8200|,,2049670,1,121275,26,30,29.955673207905924,31.261709157678947,none,385046
Atak,21,86,2011,5,2190,1945,245,11111,244,141,0,36,178,3921535,2901981,995687,209250,47089,62821,69099,0,9544,597884,476609,322059,0,154550,164094,1451066,1764874,71527,0,36381,0,0,3.0,1.0,2.0,0.0,0.0,405.61583593548386,464.31818200000004,295.0469207419355,296.48973606451614,407.2082110967742,1.01307,42.54341583870968,1.0,1.0,1.0,1.0,none,0:1.0000|1:0.8900|2:1.0300|3:0.9100|4:0.9500|5:1.1000|6:0.8200|,,2893388,1,121275,56,31,25.390236221275597,27.259516369359694,none,476609
Atak,21,116,2011,6,2064,1854,210,10632,240,68,0,31,153,3618110,2555856,1043469,202500,45570,61245,77460,0,9214,647480,545572,407461,0,138111,147325,1093608,1825880,78030,0,49611,0,0,3.0,1.0,2.0,0.0,0.0,419.5075758666666,466.818182,291.32727259999996,292.1924242333333,423.3045453666667,1.020512,42.14602576666667,1.0,1.0,1.0,1.0,none,0:1.0500|1:0.8950|2:1.0300|3:0.9050|4:0.9500|5:1.1000|6:0.8200|,,2560704,1,132300,87,30,28.840167932981583,30.554943614988876,none,515180
Atak,21,147,2011,7,2192,1983,209,11483,216,81,0,30,166,3953625,2880209,1052471,222750,50220,63751,80600,0,13570,621580,564064,408738,0,155326,129783,1331778,2471622,78030,0,62841,0,0,3.0,1.0,2.0,0.0,0.0,420.65249290322583,470.227273,303.45454551612903,301.0762464193548,421.15249277419355,1.027766,41.177234870967744,1.0,1.0,1.0,1.0,none,0:1.0500|1:0.9050|2:1.0300|3:0.9150|4:0.9500|5:1.1000|6:0.8200|,,2934560,1,132300,117,31,26.620405324227765,27.860989620726922,none,489280
Atak,21,178,2011,8,2339,2083,256,11631,222,125,0,67,167,3999000,2927740,1051001,223200,50220,64216,81189,0,10339,621837,186458,53850,0,132608,171710,1410014,2431592,78030,0,76071,0,0,3.0,1.0,2.0,0.0,0.0,421.136364,474.090909,303.91348954838713,303.7023460645161,426.98827006451614,1.035317,41.34006980645161,1.0,1.0,1.0,1.0,none,0:1.0500|1:0.9050|2:1.0300|3:0.9150|4:0.9500|5:1.1000|6:0.8200|,,2969638,1,132300,148,31,26.281595398849714,27.834897309322088,none,489537
Atak,21,208,2011,9,1998,1788,210,10583,234,133,0,18,156,4009660,3014645,970582,227180,48600,62595,68820,0,7399,555988,66250,-23405,0,89655,94044,1286410,10528469,78030,0,89301,0,0,3.8666666666666667,1.0,2.0,0.0,0.8666666666666667,398.65909096666667,477.272727,295.6166666333333,297.8909091,408.5636364,1.042922,44.545492366666664,1.0,1.0,1.0,1.0,none,0:1.0500|1:0.8900|2:1.0300|3:0.9000|4:0.9300|5:1.1000|6:0.8200|,,2983624,3,132300,179,30,24.20609228712659,25.847253121326442,none,423688
Atak,21,239,2011,10,1933,1730,203,10022,247,104,0,15,159,3701975,2741582,938044,222130,46980,65146,71641,0,0,532147,989580,636968,116600,236012,236012,1187408,11104057,78030,0,102531,0,0,3.806451612903226,0.8064516129032258,2.0,0.0,1.0,399.7067448709677,481.136364,292.5513197096774,292.8914956451613,408.66862187096774,1.050335,44.97050141935484,1.0,1.0,1.0,1.0,none,0:1.0500|1:0.8950|2:1.0300|3:0.9050|4:0.9350|5:1.1000|6:0.8200|,,2740362,3,132300,209,31,25.33901498524436,26.808510623427672,none,399847
Atak,21,269,2011,11,1959,1761,198,10469,208,121,0,22,150,4009980,2963733,1031167,156900,32400,63495,69840,0,0,708532,1201902,791093,116600,294209,294209,1341096,12075073,78030,0,115761,0,0,3.0,0.0,2.0,0.0,1.0,400.0,484.545455,293.1378788,293.00303019999996,409.51363626666665,1.058051,46.13431886666667,1.0,1.0,1.0,1.0,none,0:1.0500|1:0.9000|2:1.0300|3:0.9100|4:0.9400|5:1.1000|6:0.8200|,,2955588,3,132300,240,30,25.715016034992694,26.715530299999998,none,576232
Atak,21,300,2011,12,1988,1790,198,9838,290,146,0,19,145,4127255,2994056,1116159,242130,51480,66077,79949,0,21502,655021,-849834,-1216322,116600,249888,249888,1224586,5776942,79655,0,129266,0,0,3.6451612903225805,0.0,2.0,0.6451612903225806,1.0,408.629032,487.5,293.59237522580645,293.7096773225806,417.747800516129,1.065572,44.55064164516129,1.0,1.0,1.0,1.0,none,0:1.0500|1:0.9050|2:1.0300|3:0.9150|4:0.9450|5:1.1000|6:0.8200|,,3003404,5,135056,270,31,27.043616156501113,28.15185602725201,none,519965
Atak,21,331,2012,1,1952,1743,209,10148,220,158,0,20,161,4200235,3008236,1175940,289130,62062,66569,80538,0,0,677641,1073282,536831,126140,410311,410311,1225640,6294561,79655,0,142771,0,0,4.0,0.0,2.0,1.0,1.0,409.479472516129,491.81818200000004,289.0205277419355,290.5263929677419,418.60410583870964,1.0734,46.06414348387097,1.0,1.0,1.0,1.0,none,0:1.0500|1:0.9100|2:1.0300|3:0.9200|4:0.9500|5:1.1000|6:0.8200|,,3058952,5,135056,301,31,27.99700492948609,29.417578379206486,none,542585
Atak,21,360,2012,2,1855,1640,215,9321,227,152,0,18,165,3839085,2807690,1017543,270570,58058,62623,75777,0,0,550515,1150556,804908,0,345648,345648,1388382,7231728,79655,0,156276,0,0,4.0,0.0,2.0,1.0,1.0,409.184953,494.3181819999999,297.409091,295.43887144827585,419.3385580689655,1.079586,46.683173172413795,1.0,1.0,1.0,1.0,none,0:1.0500|1:0.9100|2:1.0300|3:0.9200|4:0.9500|5:1.1000|6:0.8200|,,2854656,5,135056,332,29,26.50483122931636,27.316708784254836,none,415459
Atak,21,391,2012,3,2108,1854,254,11140,257,132,0,28,198,4424525,3232562,1176285,289230,62062,67313,74028,0,0,683652,1698807,947865,246754,504188,504188,1449308,8040822,79655,0,169781,0,0,4.0,0.0,2.0,1.0,1.0,409.31818200000004,496.590909,295.1202349354839,295.60850448387095,419.7932553548387,1.085405,47.90052061290322,1.0,1.0,1.0,1.0,none,0:1.0500|1:0.9100|2:1.0300|3:0.9200|4:0.9500|5:1.1000|6:0.8200|,,3199898,5,135056,361,31,26.585565682191874,27.899553962280653,none,548596
Atak,21,421,2012,4,1883,1694,189,9651,269,103,0,16,148,3933710,2705048,1210963,279900,60060,65502,72060,0,0,733441,845086,53813,120561,670712,670712,1309262,30508077,79655,0,183286,105432,0,4.0,0.0,2.0,1.0,1.0,424.4621214,499.318182,289.0,290.43181823333333,433.5227275,1.09166,43.8916015,1.0,1.0,1.0,1.0,none,0:1.0500|1:0.9300|2:1.0300|3:0.9400|4:0.9500|5:1.1000|6:0.8200|,Emine Yıldız:6:13179,2768558,5,135056,392,30,30.7842469322853,31.91383036799759,none,598385
Atak,21,452,2012,5,2014,1795,219,10141,258,130,0,19,172,4108025,2898550,1194202,289230,62062,68058,74865,0,0,699987,-2977803,-3978237,513890,486544,486544,1377934,22403457,79655,0,196791,804373,0,4.0,0.0,2.0,1.0,1.0,426.136364,502.045455,300.636364,298.22434016129034,435.2785921935484,1.097747,44.36425596774193,1.0,1.0,1.0,1.0,none,0:1.0500|1:0.9300|2:1.0300|3:0.9400|4:0.9500|5:1.1000|6:0.8200|,Emine Yıldız:6:13179|Ayşe Akgül:4:35984,2896888,9,135056,422,31,29.069978882796477,29.45066664153543,none,564931
Atak,21,482,2012,6,1958,1787,171,10765,212,87,0,13,134,3841620,2699966,1130278,279900,60060,66252,83790,0,0,640276,1351506,399921,2935,948650,948650,1200248,22031441,82906,0,210847,1476723,0,4.0,0.0,2.0,1.0,1.0,426.136364,505.227273,298.636364,299.03939379999997,436.2560605,1.104074,46.939361999999996,1.0,1.0,1.0,1.0,none,0:1.0500|1:0.9300|2:1.0300|3:0.9400|4:0.9500|5:1.1000|6:0.8200|,Emine Yıldız:6:13179|Ayşe Akgül:4:35984,2711544,11,140569,453,30,29.421910548154163,29.919999974468265,none,499707
Atak,21,513,2012,7,2126,1911,215,11607,203,88,0,24,165,4298345,3011398,1258147,295230,63457,68833,87079,0,0,743548,6387551,4280314,531556,1575681,1575681,1420224,25508742,82906,0,224903,1580876,0,4.0,0.0,2.0,1.0,1.0,426.79618787096774,508.18181799999996,297.3064518064516,297.78885641935483,436.8988266451613,1.11023,47.82741835483871,1.0,1.0,1.0,1.0,none,0:1.0500|1:0.9300|2:1.0300|3:0.9400|4:0.9500|5:1.1000|6:0.8200|,Emine Yıldız:6:13670|Ayşe Akgül:4:37326,3059640,11,140569,483,31,29.27049829643735,30.339946734403462,none,602979
Atak,21,544,2012,8,1876,1671,205,8968,190,89,0,23,163,3538785,2400348,1125948,295430,63457,69236,87575,0,0,610250,6255027,3759758,690705,1804564,1804564,896524,18290132,82906,0,238959,1580876,0,4.0,0.0,2.0,1.0,1.0,441.56158374193546,510.909091,300.227273,299.35483883870967,448.705278483871,1.116629,39.88667493548387,1.0,1.0,1.0,1.0,none,0:1.0500|1:0.9300|2:1.0300|3:0.9400|4:0.9500|5:1.1000|6:0.8200|,Emine Yıldız:6:13670|Ayşe Akgül:4:37326,2398264,11,140569,514,31,31.817361043408965,32.00783671990277,none,469681
Atak,21,574,2012,9,1846,1647,199,8731,217,122,0,9,158,3906775,2714204,1178847,285900,61410,67393,74130,0,0,690014,7577629,4503653,496887,2577089,2035897,1195884,22901966,82906,0,253015,1529880,0,4.0,0.0,2.0,1.0,1.0,444.4999997333333,514.090909,307.454545,305.6257576,451.7924241666667,1.123064,38.17078763333333,1.0,1.0,1.0,1.0,none,0:1.0500|1:0.9300|2:1.0300|3:0.9400|4:0.9500|5:1.1000|6:0.8200|,Emine Yıldız:6:13670|Ayşe Akgül:4:37326,2750914,11,140569,545,30,30.17442775690947,30.831373411822344,none,549445
Atak,21,605,2012,10,1915,1706,209,8974,206,91,0,12,173,3925885,2672852,1239284,295430,63457,70042,77035,0,0,733320,9076992,6263168,478969,2334855,2876047,1075582,27583112,82906,0,267071,1580876,0,4.0,0.0,2.0,1.0,1.0,443.9222874516129,516.818182,297.909091,299.8519061290323,452.1290322903226,1.129326,39.13529125806452,1.0,1.0,1.0,1.0,none,0:1.0500|1:0.9300|2:1.0300|3:0.9400|4:0.9500|5:1.1000|6:0.8200|,Emine Yıldız:6:13670|Ayşe Akgül:4:37326,2662964,11,140569,575,31,31.56699699558189,32.8916120183599,none,592751
Atak,21,635,2012,11,1817,1616,201,8553,217,114,0,3,154,3613085,2457513,1139568,285900,61410,68172,74970,0,0,649116,6811797,4189926,460651,2161220,2161220,1112750,114078710,82906,0,281127,1529880,0,4.0,0.0,2.0,1.0,1.0,445.0,520.227273,299.76969699999995,299.55454560000004,453.9515149,1.135835,40.84744606666666,1.0,1.0,1.0,1.0,none,0:1.0500|1:0.9300|2:1.0300|3:0.9400|4:0.9500|5:1.1000|6:0.8200|,Emine Yıldız:6:13670|Ayşe Akgül:4:37326,2494582,12,140569,606,30,31.54002742808431,32.63602314606743,none,508547
Atak,21,666,2012,12,1811,1613,198,7857,294,148,0,6,159,3888560,2651048,1222311,295430,63457,70818,85684,0,0,706922,-7388700,-10681592,1613149,1679743,1679743,1214550,78978255,86158,0,295735,1582870,0,4.0,0.0,2.0,1.0,1.0,455.05131974193546,522.727273,308.9090908064516,306.61876841935486,462.536656967742,1.142168,37.913532967741936,1.0,1.0,1.0,1.0,none,0:1.0500|1:0.9300|2:1.0300|3:0.9400|4:0.9500|5:1.1000|6:0.8200|,Emine Yıldız:6:13670|Ayşe Akgül:4:37326,2687706,16,146081,636,31,31.433512662785194,32.115548861249906,none,560841
Atak,21,697,2013,1,1773,1577,196,8102,237,128,0,3,157,3956550,2694659,1249259,301430,64852,71252,86180,0,0,725545,-1369801,-2165773,1111,794861,794861,1215008,54098324,86158,0,310343,1642690,0,4.0,0.0,2.0,1.0,1.0,456.8768326774193,525.454545,306.1363637419355,306.8445748064516,463.9457477096774,1.148751,37.928340870967745,1.0,1.0,1.0,1.0,none,0:1.0500|1:0.9300|2:1.0300|3:0.9400|4:0.9500|5:1.1000|6:0.8200|,Emine Yıldız:6:14204|Ayşe Akgül:4:38786,2682384,20,146081,667,31,31.574452490174522,32.99367754151698,none,579464
Atak,21,725,2013,2,1581,1386,195,7259,226,143,0,3,157,3611460,2454239,1134714,272440,58576,64749,78316,0,0,660633,17610468,11994884,1767491,3848093,3848093,1215510,59249079,86158,0,324951,1483720,0,4.0,0.0,2.0,1.0,1.0,458.61201310714284,528.863636,307.3068185,307.10227285714285,465.4399351428571,1.155828,37.12438667857143,1.0,1.0,1.0,1.0,none,0:1.0500|1:0.9300|2:1.0300|3:0.9400|4:0.9500|5:1.1000|6:0.8200|,Emine Yıldız:6:14204|Ayşe Akgül:4:38786,2485218,20,146081,698,28,31.419813593394363,32.991982390961546,none,514552
Atak,21,756,2013,3,1807,1588,219,8262,181,111,0,12,188,3698530,2497686,1192797,301630,64852,72089,79267,0,0,674959,23403425,14484248,1744763,7174414,5718127,1062908,67620185,86158,0,339559,1642690,0,4.0,0.0,2.0,1.0,1.0,457.44868048387093,531.818182,305.409091,306.23167177419356,465.7170089032258,1.162259,38.60690283870968,1.0,1.0,1.0,1.0,none,0:1.0500|1:0.9300|2:1.0300|3:0.9400|4:0.9500|5:1.1000|6:0.8200|,Emine Yıldız:6:14204|Ayşe Akgül:4:38786,2481304,20,146081,726,31,32.25056982098293,33.236425411272265,none,528878
Atak,21,786,2013,4,1771,1552,219,8241,215,111,0,4,181,3709160,2408735,1286478,291900,62760,70184,77190,0,0,784444,23914568,15895678,1721659,6297231,7753518,1079732,79224873,86158,0,354167,1589700,0,4.0,0.0,2.0,1.0,1.0,472.15909089999997,535.454545,305.0075756666667,305.8015152,478.5181819,1.16942,35.39575206666667,1.0,1.0,1.0,1.0,none,0:1.0500|1:0.9300|2:1.0300|3:0.9400|4:0.9500|5:1.1000|6:0.8200|,Emine Yıldız:6:14204|Ayşe Akgül:4:38786,2428344,20,146081,757,30,34.68380981138586,35.401524285960384,none,638363
Atak,21,817,2013,5,1721,1533,188,7701,242,103,0,2,157,3478875,2270862,1190177,301630,64852,72957,80228,0,0,670510,25373903,17428324,1698170,6247409,6247409,1003044,87855600,86158,0,368775,1642690,0,4.0,0.0,2.0,1.0,1.0,477.6906160645161,538.409091,312.863636,310.71994122580645,484.56158361290323,1.176391,35.39584438709677,1.0,1.0,1.0,1.0,none,0:1.0500|1:0.9300|2:1.0300|3:0.9400|4:0.9500|5:1.1000|6:0.8200|,Emine Yıldız:6:14204|Ayşe Akgül:4:38786,2306640,20,146081,787,31,34.21154827350796,34.504965038345,none,524429
Atak,21,847,2013,6,1873,1643,230,8629,229,76,0,15,191,3789355,2467495,1305411,291900,62760,71024,89850,0,0,789877,19791927,10788538,1674578,7328811,5877539,1219778,94507141,89409,0,383934,1591804,0,4.0,0.0,2.0,1.0,1.0,479.6363634,542.045455,314.363636,313.27727276666667,486.4106060333333,1.183639,35.135198233333334,1.0,1.0,1.0,1.0,none,0:1.0500|1:0.9300|2:1.0300|3:0.9400|4:0.9500|5:1.1000|6:0.8200|,Emine Yıldız:6:14204|Ayşe Akgül:4:38786,2503142,20,151594,818,30,34.44942477017857,34.457922712204436,none,638283
Atak,21,878,2013,7,2076,1836,240,9937,187,87,0,18,186,4288490,2822494,1445491,307630,66247,73826,93372,0,0,904416,21085930,13575270,1653798,5856862,7308134,1304148,98831514,89409,0,399093,1707914,0,4.0,0.0,2.0,1.0,1.0,480.04398799999996,545.0,318.18181799999996,316.8284456774194,486.4442818387096,1.190696,34.897828064516126,1.0,1.0,1.0,1.0,none,0:1.0500|1:0.9300|2:1.0300|3:0.9400|4:0.9500|5:1.1000|6:0.8200|,Emine Yıldız:6:14769|Ayşe Akgül:4:40326,2850096,20,151594,848,31,33.70629289097095,33.718195425040925,none,752822
Atak,21,909,2013,8,1886,1667,219,7977,223,85,0,6,175,3597580,2308166,1273874,307830,66247,74291,93961,0,0,731545,21102438,13592005,1629160,5881273,5881273,938756,104811999,89409,0,414252,1707914,0,4.0,0.0,2.0,1.0,1.0,496.37096777419356,549.090909,320.18181799999996,319.0571847096774,498.96187658064514,1.198032,31.11347987096774,1.0,1.0,1.0,1.0,none,0:1.0500|1:0.9300|2:1.0300|3:0.9400|4:0.9500|5:1.1000|6:0.8200|,Emine Yıldız:6:14769|Ayşe Akgül:4:40326,2312028,20,151594,879,31,35.40919173444371,35.49545827876554,none,579951
Atak,21,939,2013,9,1759,1529,230,6834,283,89,0,6,184,3449450,2216793,1212823,297900,64110,72344,79560,0,0,698909,23508922,13964615,1604114,7940193,7940193,1104612,100948383,89409,0,429411,1652820,0,4.0,0.0,2.0,1.0,1.0,495.6060606666667,551.590909,314.5,316.0696969,499.5136363666667,1.205414,30.5006322,1.0,1.0,1.0,1.0,none,0:1.0500|1:0.9300|2:1.0300|3:0.9400|4:0.9500|5:1.1000|6:0.8200|,Emine Yıldız:6:14769|Ayşe Akgül:4:40326,2245908,21,151594,910,30,35.15989505573352,36.5423417992611,none,547315
Atak,21,970,2013,10,1827,1601,226,7610,249,81,0,5,192,3829330,2462125,1350587,307830,66247,75190,82708,0,0,818612,27513955,19924542,2443,7586970,7586970,1191168,115360604,89409,0,444570,1707914,0,4.0,0.0,2.0,1.0,1.0,498.4604109032258,555.227273,318.227273,317.0381230645161,502.1656889677419,1.2126,31.193522677419352,1.0,1.0,1.0,1.0,none,0:1.0500|1:0.9300|2:1.0300|3:0.9400|4:0.9500|5:1.1000|6:0.8200|,Emine Yıldız:6:14769|Ayşe Akgül:4:40326,2481438,21,151594,940,31,35.26953801317724,36.15796439613684,none,667018
Atak,21,1000,2013,11,1936,1704,232,8345,286,128,0,17,177,4242360,2720489,1502128,297900,64110,73215,80520,0,0,986383,35116913,26280064,1248176,7588673,7588673,1163622,110800586,89409,0,459729,1652820,0,4.0,0.0,2.0,1.0,1.0,499.0454545,558.409091,317.818182,317.4863635,504.8363634,1.220071,31.611728466666666,1.0,1.0,1.0,1.0,none,0:1.0500|1:0.9300|2:1.0300|3:0.9400|4:0.9500|5:1.1000|6:0.8200|,Emine Yıldız:6:14769|Ayşe Akgül:4:40326,2719654,21,151594,971,30,35.40783903299107,36.31478272486701,none,834789
Atak,21,1031,2013,12,1771,1554,217,7139,350,113,0,3,166,4026280,2518451,1493946,307830,66247,76120,92070,0,0,951679,29069860,16590989,1229014,11249857,11249857,1135650,131707521,94286,0,475715,1710200,0,4.0,0.0,2.0,1.0,1.0,510.7478009354839,562.045455,316.07038132258066,316.6568914516129,510.8739002580645,1.227345,29.80486090322581,1.0,1.0,1.0,1.0,none,0:1.0500|1:0.9300|2:1.0300|3:0.9400|4:0.9500|5:1.1000|6:0.8200|,Emine Yıldız:6:14769|Ayşe Akgül:4:40326,2546866,21,159862,1001,31,37.10487099754612,38.11615424605505,none,791817
Atak,21,1062,2014,1,1792,1541,251,7087,315,98,0,10,206,4220250,2734417,1469721,316830,68355,76586,92628,0,0,915322,18286509,10431197,1209605,6645707,6645707,1217592,130758133,94286,0,491701,1778780,0,4.0,0.0,2.0,1.0,1.0,511.796188,565.227273,328.18181799999996,325.3519060967742,513.1715540322581,1.234907,29.940239322580645,1.0,1.0,1.0,1.0,none,0:1.0500|1:0.9300|2:1.0300|3:0.9400|4:0.9500|5:1.1000|6:0.8200|,Emine Yıldız:6:15381|Ayşe Akgül:4:41999,2760042,23,159862,1032,31,34.82544872934068,35.876462995461004,none,755460
Atak,21,1090,2014,2,1711,1468,243,6429,287,107,0,7,202,3671695,2340948,1314454,286440,61740,69623,84224,0,0,812427,24842479,15668504,1189945,7984030,7984030,1234768,143499768,94286,0,507687,1606640,0,4.0,0.0,2.0,1.0,1.0,513.3116884285714,569.545455,322.363636,323.6704545714286,516.1542205,1.243005,29.91933639285714,1.0,1.0,1.0,1.0,none,0:1.0500|1:0.9300|2:1.0300|3:0.9400|4:0.9500|5:1.1000|6:0.8200|,Emine Yıldız:6:15381|Ayşe Akgül:4:41999,2345992,24,159862,1063,28,35.79965111481209,37.19924107185849,none,652565
Atak,21,1121,2014,3,1831,1593,238,7456,254,59,0,3,211,3902725,2511747,1371167,317130,68355,77547,85281,0,0,822854,29137788,16953925,1170033,11013830,11013830,1080140,147583297,94286,0,523673,1778780,0,4.0,0.0,2.0,1.0,1.0,512.8739003870968,572.954545,329.954545,328.0718475483871,518.0909090967742,1.250366,30.838496838709677,1.0,1.0,1.0,1.0,none,0:1.0500|1:0.9300|2:1.0300|3:0.9400|4:0.9500|5:1.1000|6:0.8200|,Emine Yıldız:6:15381|Ayşe Akgül:4:41999,2568472,25,159862,1091,31,35.13357974235951,35.66556131030192,none,662992
Atak,21,1151,2014,4,1743,1490,253,7204,287,102,0,4,206,3888830,2483433,1386952,306900,66150,75526,83070,0,0,855306,26684571,17568959,841,9114771,9114771,1209166,159020535,94286,0,539659,1721400,0,4.0,0.0,2.0,1.0,1.0,525.5909091333334,575.454545,333.59090899999995,332.1045454333333,523.3030302666667,1.258565,28.18490016666667,1.0,1.0,1.0,1.0,none,0:1.0500|1:0.9300|2:1.0300|3:0.9400|4:0.9500|5:1.1000|6:0.8200|,Emine Yıldız:6:15381|Ayşe Akgül:4:41999,2509698,26,159862,1122,30,35.665020070303925,36.53031222513522,none,695444
Atak,21,1182,2014,5,1870,1621,249,7482,296,112,0,2,202,4057580,2603652,1438667,317130,68355,78540,86366,0,0,888276,38136647,27098219,1248180,9790248,9790248,1073292,163548130,94286,0,555645,1778780,0,4.0,0.0,2.0,1.0,1.0,524.5087976451613,579.772727,332.31818200000004,332.53225806451616,526.1906158709677,1.266552,29.509641612903227,1.0,1.0,1.0,1.0,none,0:1.0500|1:0.9300|2:1.0300|3:0.9400|4:0.9500|5:1.1000|6:0.8200|,Emine Yıldız:6:15381|Ayşe Akgül:4:41999,2607684,27,159862,1152,31,35.45628182315568,36.64201944905818,none,728414
Atak,21,1212,2014,6,1806,1595,211,7741,259,89,0,6,181,3706765,2372754,1322991,306900,66150,76516,96750,0,0,776675,36808275,21603247,1229376,13975652,13975652,1057362,173437831,97537,0,572182,1723818,0,4.0,0.0,2.0,1.0,1.0,523.7272730666666,582.954545,335.818182,334.5696971,527.3257575666667,1.274857,31.261547399999998,1.0,1.0,1.0,1.0,none,0:1.0500|1:0.9300|2:1.0300|3:0.9400|4:0.9500|5:1.1000|6:0.8200|,Emine Yıldız:6:15381|Ayşe Akgül:4:41999,2405262,27,165375,1183,30,35.69125639202917,35.879187647870914,none,611300
Atak,21,1243,2014,7,1994,1760,234,8596,225,90,0,17,196,4271110,2783873,1464149,323130,69750,79563,100626,0,0,891080,34366487,22961726,1210315,10194446,10194446,1277856,183794107,97537,0,588719,1853738,0,4.0,0.0,2.0,1.0,1.0,526.1510263548387,587.954545,343.909091,341.7287390645161,530.8621697419355,1.282947,32.28061167741936,1.0,1.0,1.0,1.0,none,0:1.0500|1:0.9300|2:1.0300|3:0.9400|4:0.9500|5:1.1000|6:0.8200|,Emine Yıldız:6:16029|Ayşe Akgül:4:43769,2817138,29,165375,1213,31,34.28029247666298,34.63681076846059,none,725705
Atak,21,1274,2014,8,1886,1638,248,8035,200,58,0,14,207,3980820,2530928,1431338,323330,69750,80090,101277,0,0,856891,36559075,21757461,1191279,13610335,10729050,1189054,188943686,97537,0,605256,1853738,0,4.0,0.0,2.0,1.0,1.0,532.9178887419355,590.681818,336.136364,338.07331374193546,536.7111435483871,1.291361,30.517959193548386,1.0,1.0,1.0,1.0,none,0:1.0500|1:0.9300|2:1.0300|3:0.9400|4:0.9500|5:1.1000|6:0.8200|,Emine Yıldız:6:16029|Ayşe Akgül:4:43769,2547362,31,165375,1244,31,35.955858340743866,36.925299168785564,none,691516
Atak,21,1304,2014,9,1739,1542,197,7259,283,91,0,0,164,4057085,2606930,1433291,312900,67500,78016,85800,0,0,889075,47598188,32939682,1175747,13482759,16364044,1239344,213123464,97537,0,621793,1793940,0,4.0,0.0,2.0,1.0,1.0,537.045455,594.3181820000001,344.1196966333334,342.01818173333334,539.5651512333334,1.299829,31.152454766666665,1.0,1.0,1.0,1.0,none,0:1.0500|1:0.9300|2:1.0300|3:0.9400|4:0.9500|5:1.1000|6:0.8200|,Emine Yıldız:6:16029|Ayşe Akgül:4:43769,2618940,31,165375,1275,30,35.32809886901556,35.92354363499205,none,723700
Atak,21,1335,2014,10,1871,1621,250,8090,263,82,0,3,215,4403435,2763044,1618913,323330,69750,81113,89218,0,0,1055502,53253204,38071033,1155889,14026282,14026282,1243788,217648776,97537,0,638330,1853738,0,4.0,0.0,2.0,1.0,1.0,538.0058648709678,599.318182,333.409091,335.6964808709677,542.3020529032258,1.308077,31.850522935483873,1.0,1.0,1.0,1.0,none,0:1.0500|1:0.9300|2:1.0300|3:0.9400|4:0.9500|5:1.1000|6:0.8200|,Emine Yıldız:6:16029|Ayşe Akgül:4:43769,2772232,32,165375,1305,31,36.76477568080374,38.028725564178956,none,890127
Atak,21,1365,2014,11,1847,1602,245,7779,240,94,0,9,203,4188835,2676791,1499841,312900,67500,79007,86910,0,0,953524,67810000,50224410,3174,17582416,13407475,1227068,196720783,97537,0,654867,1793940,0,4.0,0.0,2.0,1.0,1.0,539.5000004,602.272727,345.772727,342.8893938333333,544.5848483666666,1.316655,31.73246933333333,1.0,1.0,1.0,1.0,none,0:1.0500|1:0.9300|2:1.0300|3:0.9400|4:0.9500|5:1.1000|6:0.8200|,Emine Yıldız:6:16029|Ayşe Akgül:4:43769,2715752,32,165375,1336,30,35.805683441816164,35.90866974168032,none,788149
Atak,21,1396,2014,12,1763,1545,218,6978,294,99,0,5,180,4253895,2682805,1554619,323330,69750,82167,99417,0,0,979955,73025304,52825979,1158110,19041215,23216156,1262076,255256632,102414,0,672231,1856365,0,4.0,0.0,2.0,1.0,1.0,551.5175949677421,606.818182,345.363636,344.98680338709676,552.7624636451612,1.32501,30.000500612903227,1.0,1.0,1.0,1.0,none,0:1.0500|1:0.9300|2:1.0300|3:0.9400|4:0.9500|5:1.1000|6:0.8200|,Emine Yıldız:6:16029|Ayşe Akgül:4:43769,2687902,32,173644,1366,31,36.54577745807078,37.37939838162369,none,806311
Atak,21,1427,2015,1,1788,1504,284,7162,277,123,0,4,231,4207800,2651922,1540219,343380,74323,82696,100068,0,28310,911442,36381216,20831586,1140653,14408977,14408977,1205876,251533805,102414,0,689595,1935175,0,4.0,0.0,2.0,1.0,1.0,552.302053064516,610.227273,343.81818200000004,344.16568941935486,553.935483935484,1.3337,28.00495022580645,1.0,1.0,1.0,1.0,none,0:1.0500|1:0.9300|2:1.0300|3:0.9400|4:0.9500|5:1.1000|6:0.8200|,Emine Yıldız:6:16733|Ayşe Akgül:4:45691,2683226,35,173644,1397,31,36.60390227672418,37.74816151917552,none,737798
Atak,21,1455,2015,2,1547,1331,216,6164,215,109,0,0,183,3672650,2326715,1327120,324240,70252,75225,91000,0,0,766403,39690069,24516474,1122957,14050638,14050638,1194762,274117103,102414,0,706959,1747900,0,4.0,0.0,2.0,1.0,1.0,553.57954575,614.5454550000001,351.818182,349.3246752857143,557.0714285,1.342972,27.717012178571427,1.0,1.0,1.0,1.0,none,0:1.0500|1:0.9300|2:1.0300|3:0.9400|4:0.9500|5:1.1000|6:0.8200|,Emine Yıldız:6:16733|Ayşe Akgül:4:45691,2314386,37,173644,1428,28,36.13521571617225,36.446679668528915,none,592759
Atak,21,1486,2015,3,1663,1429,234,6662,256,68,0,4,195,3739970,2357275,1367831,358980,77779,83812,92163,0,0,755097,65393850,41909138,1105020,22379692,22379692,994768,288250565,102414,0,724323,1935175,0,4.0,0.0,2.0,1.0,1.0,556.0043991290322,618.409091,345.772727,347.15395893548384,558.6363635806451,1.351403,28.273077354838712,1.0,1.0,1.0,1.0,none,0:1.0500|1:0.9300|2:1.0300|3:0.9400|4:0.9500|5:1.1000|6:0.8200|,Emine Yıldız:6:16733|Ayşe Akgül:4:45691,2385340,37,173644,1456,31,36.573314759209296,37.81115265605006,none,581453
Atak,21,1516,2015,4,1710,1453,257,6817,275,64,0,6,211,3912000,2443124,1446080,347400,75270,81678,89820,0,0,851912,59721904,41071505,1086835,17563564,17563564,1106406,297071116,102414,0,741687,1872750,0,4.0,0.0,2.0,1.0,1.0,561.0606060000001,622.954545,348.318182,347.61212126666663,565.7848484,1.360799,27.9500012,1.0,1.0,1.0,1.0,none,0:1.0500|1:0.9300|2:1.0300|3:0.9400|4:0.9500|5:1.1000|6:0.8200|,Emine Yıldız:6:16733|Ayşe Akgül:4:45691,2474626,39,173644,1487,30,36.965235173824134,37.917904362724066,none,678268
Atak,21,1547,2015,5,1778,1527,251,7418,254,82,0,7,207,4140500,2568033,1554711,358980,77779,84959,93434,0,845,938714,80278321,55240834,1314,25036173,19657347,1062610,321860938,102414,0,759051,2021352,0,4.0,0.0,2.0,1.0,1.0,566.2096772580646,626.818182,348.5,348.0601172580645,570.1715544193548,1.369954,28.091555,1.0,1.0,1.0,1.0,none,0:1.0500|1:0.9300|2:1.0300|3:0.9400|4:0.9500|5:1.1000|6:0.8200|,Emine Yıldız:6:16733|Ayşe Akgül:4:45691|Songül Kurt:1:12311,2604778,40,173644,1517,31,37.54887090931047,38.45036317859291,none,765070
Atak,21,1577,2015,6,1800,1528,272,7584,200,71,0,5,240,3901024,2418581,1462492,347400,75270,82789,104700,0,338,851995,68766873,47068077,1155385,20543411,25922237,1059012,331520790,105665,0,776966,2245410,0,4.0,0.0,2.0,1.0,1.0,567.5,632.045455,352.40909100000005,350.97878796666663,572.1454547999999,1.379479,29.173983,1.0,1.0,1.0,1.0,none,0:1.0500|1:0.9300|2:1.0300|3:0.9400|4:0.9500|5:1.1000|6:0.8200|,Emine Yıldız:6:16733|Ayşe Akgül:4:45691|Songül Kurt:1:12311,2456620,43,179156,1548,30,37.489951356361814,37.90148176211453,none,672839
Atak,21,1608,2015,7,1781,1533,248,7300,204,64,0,8,216,3696455,2314601,1363389,364980,79174,86137,108934,0,724,723440,65234288,43891852,1138284,20204152,20204152,918348,349653180,105665,0,794881,2420046,0,4.0,0.0,2.0,1.0,1.0,574.8607037096774,635.227273,361.545455,358.8929618709678,577.8475073548387,1.38876,27.510818322580647,1.0,1.0,1.0,1.0,none,0:1.0500|1:0.9300|2:1.0300|3:0.9400|4:0.9500|5:1.1000|6:0.8200|,Emine Yıldız:6:17478|Ayşe Akgül:4:47727|Songül Kurt:1:12860,2375166,45,179156,1578,31,36.883689913714626,37.10729352921786,none,544284
Atak,21,1639,2015,8,1729,1457,272,7158,232,47,0,3,235,3742105,2367806,1352955,365180,79174,86726,109678,0,1174,711023,70729155,43481121,1120934,26127100,26127100,1017768,365736102,105665,0,812796,3409598,0,4.0,0.0,2.0,1.0,1.0,582.1774193548387,640.909091,369.2448683870968,366.70087977419354,583.712610032258,1.398416,26.835009870967742,1.0,1.0,1.0,1.0,none,0:1.0500|1:0.9300|2:1.0300|3:0.9400|4:0.9500|5:1.1000|6:0.8200|,Emine Yıldız:6:17478|Ayşe Akgül:4:47727|Songül Kurt:1:12860|Murat Kaya:1:12407|Hüseyin Sarı:1:13675|Tuğba Kurt:1:13765|Kaan Bulut:2:27351,2392608,48,179156,1609,31,36.1549181543543,36.57519922426928,none,531867
Atak,21,1669,2015,9,1690,1450,240,6894,275,96,0,5,191,4180074,2663613,1493832,353400,76620,84499,92940,0,1525,884848,85436207,59326499,1103333,25006375,25006375,1114156,387991681,105665,0,830711,4357890,0,4.0,0.0,2.0,1.0,1.0,582.5,644.090909,366.136364,366.7818183,584.9727273999999,1.408139,27.430137466666668,1.0,1.0,1.0,1.0,none,0:1.0500|1:0.9300|2:1.0300|3:0.9400|4:0.9500|5:1.1000|6:0.8200|,Emine Yıldız:6:17478|Ayşe Akgül:4:47727|Songül Kurt:1:12860|Murat Kaya:1:12407|Hüseyin Sarı:1:13675|Tuğba Kurt:1:13765|Kaan Bulut:2:27351,2670180,50,179156,1640,30,35.73697499135183,37.14397184549356,none,705692
Atak,21,1700,2015,10,1751,1504,247,6934,265,115,0,0,198,4193555,2620599,1554325,365180,79174,87905,96689,0,1145,924232,100647180,72581193,1085814,26980173,26980173,1117852,431534681,105665,0,848626,4503153,0,4.0,0.0,2.0,1.0,1.0,589.3548385161291,648.8636359999999,364.0307917741936,365.37243396774187,591.8768328709677,1.417612,27.00221251612903,1.0,1.0,1.0,1.0,none,0:1.0500|1:0.9300|2:1.0300|3:0.9400|4:0.9500|5:1.1000|6:0.8200|,Emine Yıldız:6:17478|Ayşe Akgül:4:47727|Songül Kurt:1:12860|Murat Kaya:1:12407|Hüseyin Sarı:1:13675|Tuğba Kurt:1:13765|Kaan Bulut:2:27351,2607420,50,179156,1670,31,37.06461462887693,38.232323214526225,none,745076
Atak,21,1730,2015,11,1698,1419,279,6656,253,91,0,0,241,4002670,2485209,1498726,353400,76620,85669,94200,0,1051,887786,139113665,105641836,4430,33467399,33467399,1172628,353020081,105665,0,866541,4357890,0,4.0,0.0,2.0,1.0,1.0,592.2575753666666,653.863636,362.163636,363.3469697666667,595.0090908000001,1.427469,27.409057066666666,1.0,1.0,1.0,1.0,none,0:1.0500|1:0.9300|2:1.0300|3:0.9400|4:0.9500|5:1.1000|6:0.8200|,Emine Yıldız:6:17478|Ayşe Akgül:4:47727|Songül Kurt:1:12860|Murat Kaya:1:12407|Hüseyin Sarı:1:13675|Tuğba Kurt:1:13765|Kaan Bulut:2:27351,2534886,52,179156,1701,30,37.443156692907486,38.850315966700045,none,708630
Atak,21,1761,2015,12,1716,1454,262,6732,273,112,0,4,219,4178750,2603907,1556920,365180,79174,89114,107818,0,856,914778,155460940,115910697,1093486,38456757,38456757,1245816,473311679,110542,0,885283,4509914,0,4.0,0.0,2.0,1.0,1.0,593.1378296774194,658.181818,368.454545,366.6906157419355,597.2712611290323,1.437072,27.796497516129033,1.0,1.0,1.0,1.0,none,0:1.0500|1:0.9300|2:1.0300|3:0.9400|4:0.9500|5:1.1000|6:0.8200|,Emine Yıldız:6:17478|Ayşe Akgül:4:47727|Songül Kurt:1:12860|Murat Kaya:1:12407|Hüseyin Sarı:1:13675|Tuğba Kurt:1:13765|Kaan Bulut:2:27351,2600508,52,187425,1731,31,37.258031708046666,37.880450956839894,none,727353
Atak,21,1792,2016,1,1700,1417,283,6414,345,99,0,3,225,4460780,2720017,1731142,374180,81251,89735,108562,0,848,1076566,85704946,48500823,1077307,36126816,28606352,1165376,491446623,110542,0,904025,5760973,0,4.0,0.0,2.0,1.0,1.0,606.7448681290323,662.272727,367.409091,367.2697948387097,609.4618768064515,1.447064,26.524357677419356,1.0,1.0,1.0,1.0,none,0:1.0500|1:0.9300|2:1.0300|3:0.9400|4:0.9500|5:1.1000|6:0.8200|,Emine Yıldız:6:18292|Ayşe Akgül:4:49948|Songül Kurt:1:13458|Murat Kaya:1:12985|Hüseyin Sarı:1:14312|Tuğba Kurt:1:14406|Kaan Bulut:2:28623|Ahmet Güler:1:12227|Meltem Özdemir:1:14690|Can Taş:1:14216|Merve Korkmaz:1:13648,2727258,55,187425,1762,31,38.80805599020799,39.44586756325632,none,889141
Atak,21,1821,2016,2,1595,1336,259,6315,304,65,0,0,219,4243655,2554427,1672346,350320,76009,84555,102312,0,387,1058763,33872298,5195333,1060893,27616072,35136536,1136288,533462351,110542,0,922767,7688047,0,4.0,0.0,2.0,1.0,1.0,615.2899682413794,667.272727,371.454545,369.9623823103448,615.543887137931,1.4576940000000003,26.10725593103448,1.0,1.0,1.0,1.0,none,0:1.0500|1:0.9300|2:1.0300|3:0.9400|4:0.9500|5:1.1000|6:0.8200|,Emine Yıldız:6:18292|Ayşe Akgül:4:49948|Songül Kurt:1:13458|Murat Kaya:1:12985|Hüseyin Sarı:1:14312|Tuğba Kurt:1:14406|Kaan Bulut:2:28623|Ahmet Güler:1:12227|Meltem Özdemir:1:14690|Can Taş:1:14216|Merve Korkmaz:1:13648|Ahmet Tunç:1:14406|Hasan Özkan:1:12605|Songül Er:2:26727|Ufuk Kurt:3:37247|Emine Özdemir:1:13838|Mehmet Uysal:1:13553,2586394,63,187425,1793,29,39.408151699419484,39.62935133467385,none,871338
Atak,21,1852,2016,3,1728,1436,292,6774,286,82,0,4,249,4271295,2635898,1612299,374480,81251,91007,100099,0,441,965021,95178724,64143314,1044239,29991171,29991171,1161254,554278305,110542,0,941509,10080611,0,4.0,0.0,2.0,1.0,1.0,613.2404689032259,671.1363640000001,381.0,378.071847516129,616.0835775806452,1.467709,26.80875929032258,1.0,1.0,1.0,1.0,none,0:1.0500|1:0.9300|2:1.0300|3:0.9400|4:0.9500|5:1.1000|6:0.8200|,Emine Yıldız:6:18292|Ayşe Akgül:4:49948|Songül Kurt:1:13458|Murat Kaya:1:12985|Hüseyin Sarı:1:14312|Tuğba Kurt:1:14406|Kaan Bulut:2:28623|Ahmet Güler:1:12227|Meltem Özdemir:1:14690|Can Taş:1:14216|Merve Korkmaz:1:13648|Ahmet Tunç:1:14406|Hasan Özkan:1:12605|Songül Er:2:26727|Ufuk Kurt:3:37247|Emine Özdemir:1:13838|Mehmet Uysal:1:13553,2674656,72,187425,1822,31,37.747310827278376,37.87102787240794,none,777596
Atak,21,1882,2016,4,1607,1338,269,6271,306,47,0,0,233,4001485,2467855,1515638,362400,78630,88731,97590,0,542,887745,107645127,74230110,1027345,32387672,32387672,1176938,570956826,110542,0,960251,11117778,0,4.0,0.0,2.0,1.0,1.0,625.2424241333334,676.590909,385.09090899999995,383.0984848,625.0469696,1.4784910000000002,25.515742566666667,1.0,1.0,1.0,1.0,none,0:1.0500|1:0.9300|2:1.0300|3:0.9400|4:0.9500|5:1.1000|6:0.8200|,Emine Yıldız:6:18292|Ayşe Akgül:4:49948|Songül Kurt:1:13458|Murat Kaya:1:12985|Hüseyin Sarı:1:14312|Tuğba Kurt:1:14406|Kaan Bulut:2:28623|Ahmet Güler:1:12227|Meltem Özdemir:1:14690|Can Taş:1:14216|Merve Korkmaz:1:13648|Ahmet Tunç:1:14406|Hasan Özkan:1:12605|Songül Er:2:26727|Ufuk Kurt:3:37247|Emine Özdemir:1:13838|Mehmet Uysal:1:13553|Murat Erdoğan:1:13932|Elif Kalkan:2:28908|Songül Kara:1:13269|Ebru Sarı:2:28908|Levent Taş:3:42081,2510658,75,187425,1853,30,37.8768882052538,38.40934425814346,none,700320
Atak,21,1913,2016,5,1731,1438,293,6672,250,82,0,0,257,4034967,2499415,1515291,374480,81251,92340,101556,0,833,864831,136061689,90908154,2297,45151238,45151238,1138200,600655096,110542,0,978993,14410199,0,4.0,0.0,2.0,1.0,1.0,627.2434016774193,680.909091,388.272727,386.56598235483875,626.8299117741936,1.489001,25.49179635483871,1.0,1.0,1.0,1.0,none,0:1.0500|1:0.9300|2:1.0300|3:0.9400|4:0.9500|5:1.1000|6:0.8200|,Emine Yıldız:6:18292|Ayşe Akgül:4:49948|Songül Kurt:1:13458|Murat Kaya:1:12985|Hüseyin Sarı:1:14312|Tuğba Kurt:1:14406|Kaan Bulut:2:28623|Ahmet Güler:1:12227|Meltem Özdemir:1:14690|Can Taş:1:14216|Merve Korkmaz:1:13648|Ahmet Tunç:1:14406|Hasan Özkan:1:12605|Songül Er:2:26727|Ufuk Kurt:3:37247|Emine Özdemir:1:13838|Mehmet Uysal:1:13553|Murat Erdoğan:1:13932|Elif Kalkan:2:28908|Songül Kara:1:13269|Ebru Sarı:2:28908|Levent Taş:3:42081|Volkan Tunç:1:12985,2518562,77,187425,1883,31,37.553987430380474,38.09855536755697,none,677406
Atak,21,1943,2016,6,1750,1483,267,7268,209,68,0,2,230,4135390,2545181,1568627,362400,78630,90021,113850,0,759,922967,127683532,88292324,1029991,38361217,38361217,1164444,637120416,117045,0,998838,14034253,0,4.0,0.0,2.0,1.0,1.0,627.5,685.6818179999999,388.09090899999995,387.3318179,631.9106062666666,1.499939,26.75787313333333,1.0,1.0,1.0,1.0,none,0:1.0500|1:0.9300|2:1.0300|3:0.9400|4:0.9500|5:1.1000|6:0.8200|,Emine Yıldız:6:18292|Ayşe Akgül:4:49948|Songül Kurt:1:13458|Murat Kaya:1:12985|Hüseyin Sarı:1:14312|Tuğba Kurt:1:14406|Kaan Bulut:2:28623|Ahmet Güler:1:12227|Meltem Özdemir:1:14690|Can Taş:1:14216|Merve Korkmaz:1:13648|Ahmet Tunç:1:14406|Hasan Özkan:1:12605|Songül Er:2:26727|Ufuk Kurt:3:37247|Emine Özdemir:1:13838|Mehmet Uysal:1:13553|Murat Erdoğan:1:13932|Elif Kalkan:2:28908|Songül Kara:1:13269|Ebru Sarı:2:28908|Levent Taş:3:42081|Volkan Tunç:1:12985|Seda Doğan:1:13458,2589816,79,198450,1914,30,37.931779106686434,38.152843187251,none,724517
Atak,21,1974,2016,7,1769,1475,294,7081,225,53,0,7,255,4027200,2437571,1572140,386480,84041,93673,118482,0,849,888615,101144979,56407179,1014677,43723123,34767551,1156212,664234250,117045,0,1018683,16444492,0,4.0,0.0,2.0,1.0,1.0,636.7008798709677,692.045455,386.68181799999996,386.9882696129032,638.2184750967742,1.510601,25.56637935483871,1.0,1.0,1.0,1.0,none,0:1.0500|1:0.9300|2:1.0300|3:0.9400|4:0.9500|5:1.1000|6:0.8200|,Emine Yıldız:6:19152|Ayşe Akgül:4:52295|Songül Kurt:1:14091|Murat Kaya:1:13595|Hüseyin Sarı:1:14984|Tuğba Kurt:1:15083|Kaan Bulut:2:29968|Ahmet Güler:1:12801|Meltem Özdemir:1:15381|Can Taş:1:14885|Merve Korkmaz:1:14290|Ahmet Tunç:1:15083|Hasan Özkan:1:13198|Songül Er:2:27984|Ufuk Kurt:3:38998|Emine Özdemir:1:14488|Mehmet Uysal:1:14190|Murat Erdoğan:1:14587|Elif Kalkan:2:30266|Songül Kara:1:13893|Ebru Sarı:2:30266|Levent Taş:3:44060|Volkan Tunç:1:13595|Seda Doğan:1:14091|Tuğba Tekin:1:15282|Ayşe Duman:2:27885,2454348,85,198450,1944,31,39.03804131903059,39.26789953889117,none,690165
Atak,21,2005,2016,8,1784,1520,264,7460,191,70,0,0,229,4095825,2498813,1571728,386880,84041,94356,119350,0,488,886613,108396331,69343462,999139,38053730,47009302,1077284,693484558,117045,0,1038528,16876152,0,4.0,0.0,2.0,1.0,1.0,639.5747801612903,696.590909,391.620234483871,389.8929619032258,641.6070381290323,1.521698,27.12458958064516,1.0,1.0,1.0,1.0,none,0:1.0500|1:0.9300|2:1.0300|3:0.9400|4:0.9500|5:1.1000|6:0.8200|,Emine Yıldız:6:19152|Ayşe Akgül:4:52295|Songül Kurt:1:14091|Murat Kaya:1:13595|Hüseyin Sarı:1:14984|Tuğba Kurt:1:15083|Kaan Bulut:2:29968|Ahmet Güler:1:12801|Meltem Özdemir:1:15381|Can Taş:1:14885|Merve Korkmaz:1:14290|Ahmet Tunç:1:15083|Hasan Özkan:1:13198|Songül Er:2:27984|Ufuk Kurt:3:38998|Emine Özdemir:1:14488|Mehmet Uysal:1:14190|Murat Erdoğan:1:14587|Elif Kalkan:2:30266|Songül Kara:1:13893|Ebru Sarı:2:30266|Levent Taş:3:44060|Volkan Tunç:1:13595|Seda Doğan:1:14091|Tuğba Tekin:1:15282|Ayşe Duman:2:27885,2538928,93,198450,1975,31,38.373905135107094,38.768655889603586,none,688163
Atak,21,2035,2016,9,1711,1449,262,7188,196,91,0,7,230,4453515,2711763,1723493,374400,81330,92002,101160,0,0,1074601,120024881,79364066,983376,39677439,39677439,1330444,721640088,117045,0,1058373,16331760,0,4.0,0.0,2.0,1.0,1.0,642.5,702.272727,390.227273,390.4030301,646.9893941666667,1.5328759999999997,28.186441066666664,1.0,1.0,1.0,1.0,none,0:1.0500|1:0.9300|2:1.0300|3:0.9400|4:0.9500|5:1.1000|6:0.8200|,Emine Yıldız:6:19152|Ayşe Akgül:4:52295|Songül Kurt:1:14091|Murat Kaya:1:13595|Hüseyin Sarı:1:14984|Tuğba Kurt:1:15083|Kaan Bulut:2:29968|Ahmet Güler:1:12801|Meltem Özdemir:1:15381|Can Taş:1:14885|Merve Korkmaz:1:14290|Ahmet Tunç:1:15083|Hasan Özkan:1:13198|Songül Er:2:27984|Ufuk Kurt:3:38998|Emine Özdemir:1:14488|Mehmet Uysal:1:14190|Murat Erdoğan:1:14587|Elif Kalkan:2:30266|Songül Kara:1:13893|Ebru Sarı:2:30266|Levent Taş:3:44060|Volkan Tunç:1:13595|Seda Doğan:1:14091|Tuğba Tekin:1:15282|Ayşe Duman:2:27885,2706136,103,198450,2006,30,38.699611430521735,39.26423766536965,none,876151
Atak,21,2066,2016,10,1624,1348,276,6432,305,62,0,3,220,4041990,2397578,1629992,386880,84041,95750,105276,0,519,957526,128632277,76831113,967384,50833780,50833780,1092262,729696839,117045,0,1078218,16876152,0,4.0,0.0,2.0,1.0,1.0,656.1436952580646,706.1363640000001,388.363636,389.27126112903227,651.6598239354838,1.543772,25.38809635483871,1.0,1.0,1.0,1.0,none,0:1.0500|1:0.9300|2:1.0300|3:0.9400|4:0.9500|5:1.1000|6:0.8200|,Emine Yıldız:6:19152|Ayşe Akgül:4:52295|Songül Kurt:1:14091|Murat Kaya:1:13595|Hüseyin Sarı:1:14984|Tuğba Kurt:1:15083|Kaan Bulut:2:29968|Ahmet Güler:1:12801|Meltem Özdemir:1:15381|Can Taş:1:14885|Merve Korkmaz:1:14290|Ahmet Tunç:1:15083|Hasan Özkan:1:13198|Songül Er:2:27984|Ufuk Kurt:3:38998|Emine Özdemir:1:14488|Mehmet Uysal:1:14190|Murat Erdoğan:1:14587|Elif Kalkan:2:30266|Songül Kara:1:13893|Ebru Sarı:2:30266|Levent Taş:3:44060|Volkan Tunç:1:13595|Seda Doğan:1:14091|Tuğba Tekin:1:15282|Ayşe Duman:2:27885,2449882,106,198450,2036,31,40.32647285124406,40.81119138891449,none,759076
Atak,21,2096,2016,11,1622,1362,260,6452,301,78,0,0,210,4270550,2549048,1707466,374400,81330,93322,102630,0,1000,1054784,201099776,160590154,0,40509622,40509622,1221762,603184021,117045,0,1098063,16331760,0,4.0,0.0,2.0,1.0,1.0,658.4545457999999,712.272727,393.0,391.4621214,656.0166666333333,1.555113,25.650023266666665,1.0,1.0,1.0,1.0,none,0:1.0500|1:0.9300|2:1.0300|3:0.9400|4:0.9500|5:1.1000|6:0.8200|,Emine Yıldız:6:19152|Ayşe Akgül:4:52295|Songül Kurt:1:14091|Murat Kaya:1:13595|Hüseyin Sarı:1:14984|Tuğba Kurt:1:15083|Kaan Bulut:2:29968|Ahmet Güler:1:12801|Meltem Özdemir:1:15381|Can Taş:1:14885|Merve Korkmaz:1:14290|Ahmet Tunç:1:15083|Hasan Özkan:1:13198|Songül Er:2:27984|Ufuk Kurt:3:38998|Emine Özdemir:1:14488|Mehmet Uysal:1:14190|Murat Erdoğan:1:14587|Elif Kalkan:2:30266|Songül Kara:1:13893|Ebru Sarı:2:30266|Levent Taş:3:44060|Volkan Tunç:1:13595|Seda Doğan:1:14091|Tuğba Tekin:1:15282|Ayşe Duman:2:27885,2554872,107,198450,2067,30,39.98234419454169,40.31478672191133,none,856334
Atak,21,2127,2016,12,1686,1422,264,6382,274,80,0,3,228,4450350,2699134,1732677,386880,84041,97115,117490,0,574,1046577,216353532,158459551,970183,56923798,56923798,1238854,754456418,123547,0,1119010,16906509,0,4.0,0.0,2.0,1.0,1.0,655.6891498709676,716.1363640000001,397.5,395.61876841935486,658.9589444838709,1.566167,26.459965258064514,1.0,1.0,1.0,1.0,none,0:1.0500|1:0.9300|2:1.0300|3:0.9400|4:0.9500|5:1.1000|6:0.8200|,Emine Yıldız:6:19152|Ayşe Akgül:4:52295|Songül Kurt:1:14091|Murat Kaya:1:13595|Hüseyin Sarı:1:14984|Tuğba Kurt:1:15083|Kaan Bulut:2:29968|Ahmet Güler:1:12801|Meltem Özdemir:1:15381|Can Taş:1:14885|Merve Korkmaz:1:14290|Ahmet Tunç:1:15083|Hasan Özkan:1:13198|Songül Er:2:27984|Ufuk Kurt:3:38998|Emine Özdemir:1:14488|Mehmet Uysal:1:14190|Murat Erdoğan:1:14587|Elif Kalkan:2:30266|Songül Kara:1:13893|Ebru Sarı:2:30266|Levent Taş:3:44060|Volkan Tunç:1:13595|Seda Doğan:1:14091|Tuğba Tekin:1:15282|Ayşe Duman:2:27885,2702456,107,209475,2097,31,38.93349961239004,39.376761064564874,none,837102
Atak,21,2158,2017,1,1648,1356,292,6184,284,100,0,0,244,4327105,2625744,1682158,391730,85228,97833,118358,0,34209,954800,90197174,29342938,960979,59893257,59893257,1211120,847235158,123547,0,1139957,17817219,0,3.838709677419355,0.0,2.0,0.8387096774193549,1.0,670.8137831612903,722.5,407.863636,404.70087974193547,667.7888562903225,1.577672,24.862836,1.0,1.0,1.0,1.0,none,0:1.0500|1:0.9300|2:1.0300|3:0.9400|4:0.9500|5:1.1000|6:0.8200|,Emine Yıldız:6:20220|Ayşe Akgül:4:55212|Songül Kurt:1:14876|Murat Kaya:1:14353|Hüseyin Sarı:1:15820|Tuğba Kurt:1:15925|Kaan Bulut:2:31639|Ahmet Güler:1:13515|Meltem Özdemir:1:16239|Can Taş:1:15714|Merve Korkmaz:1:15086|Ahmet Tunç:1:15925|Hasan Özkan:1:13934|Songül Er:2:29545|Ufuk Kurt:3:41173|Emine Özdemir:1:15295|Mehmet Uysal:1:14982|Murat Erdoğan:1:15401|Elif Kalkan:2:31954|Songül Kara:1:14667|Ebru Sarı:2:31954|Levent Taş:3:46516|Volkan Tunç:1:14353|Seda Doğan:1:14876|Tuğba Tekin:1:16134|Ayşe Duman:2:29439,2684148,110,209475,2128,31,38.87490597062008,39.19867983661669,none,745325
Atak,21,2186,2017,2,1510,1233,277,5961,237,84,0,0,239,4334015,2639002,1675811,413840,90412,89150,107856,0,475,974078,64109720,21892762,946295,41270663,41270663,1231138,842766597,123547,0,1160904,16092972,0,4.0,0.0,2.0,1.0,1.0,673.8068183571429,729.0909089999999,411.318182,409.6071429285715,673.2321428571429,1.591718,25.115536285714285,1.0,1.0,1.0,1.0,none,0:1.0500|1:0.9300|2:1.0300|3:0.9400|4:0.9500|5:1.1000|6:0.8200|,Emine Yıldız:6:20220|Ayşe Akgül:4:55212|Songül Kurt:1:14876|Murat Kaya:1:14353|Hüseyin Sarı:1:15820|Tuğba Kurt:1:15925|Kaan Bulut:2:31639|Ahmet Güler:1:13515|Meltem Özdemir:1:16239|Can Taş:1:15714|Merve Korkmaz:1:15086|Ahmet Tunç:1:15925|Hasan Özkan:1:13934|Songül Er:2:29545|Ufuk Kurt:3:41173|Emine Özdemir:1:15295|Mehmet Uysal:1:14982|Murat Erdoğan:1:15401|Elif Kalkan:2:31954|Songül Kara:1:14667|Ebru Sarı:2:31954|Levent Taş:3:46516|Volkan Tunç:1:14353|Seda Doğan:1:14876|Tuğba Tekin:1:16134|Ayşe Duman:2:29439,2614090,120,209475,2159,28,38.66647900387977,38.95606711091696,none,764603
Atak,21,2217,2017,3,1626,1350,276,6276,235,66,0,0,246,4256665,2601711,1638021,458180,100099,99508,109430,0,505,870299,141856753,93390677,931398,47534678,47534678,1249410,893037837,123547,0,1181851,17817219,0,4.0,0.0,2.0,1.0,1.0,675.227273,733.8636359999999,412.227273,410.9589442258064,675.6524927419355,1.604512,25.32266461290323,1.0,1.0,1.0,1.0,none,0:1.0500|1:0.9300|2:1.0300|3:0.9400|4:0.9500|5:1.1000|6:0.8200|,Emine Yıldız:6:20220|Ayşe Akgül:4:55212|Songül Kurt:1:14876|Murat Kaya:1:14353|Hüseyin Sarı:1:15820|Tuğba Kurt:1:15925|Kaan Bulut:2:31639|Ahmet Güler:1:13515|Meltem Özdemir:1:16239|Can Taş:1:15714|Merve Korkmaz:1:15086|Ahmet Tunç:1:15925|Hasan Özkan:1:13934|Songül Er:2:29545|Ufuk Kurt:3:41173|Emine Özdemir:1:15295|Mehmet Uysal:1:14982|Murat Erdoğan:1:15401|Elif Kalkan:2:31954|Songül Kara:1:14667|Ebru Sarı:2:31954|Levent Taş:3:46516|Volkan Tunç:1:14353|Seda Doğan:1:14876|Tuğba Tekin:1:16134|Ayşe Duman:2:29439,2670870,121,209475,2187,31,38.48132281962522,38.94984852011449,none,660824
Atak,21,2247,2017,4,1585,1294,291,5901,278,37,0,3,252,3872650,2368494,1480593,443400,96870,97167,106830,0,397,735929,132638777,70122019,916284,61600474,49695046,1065924,929257831,123547,0,1202798,17242470,0,4.0,0.0,2.0,1.0,1.0,683.1136359333334,740.6818179999999,420.363636,417.2893939,685.7439391333334,1.618797,25.1076981,1.0,1.0,1.0,1.0,none,0:1.0500|1:0.9300|2:1.0300|3:0.9400|4:0.9500|5:1.1000|6:0.8200|,Emine Yıldız:6:20220|Ayşe Akgül:4:55212|Songül Kurt:1:14876|Murat Kaya:1:14353|Hüseyin Sarı:1:15820|Tuğba Kurt:1:15925|Kaan Bulut:2:31639|Ahmet Güler:1:13515|Meltem Özdemir:1:16239|Can Taş:1:15714|Merve Korkmaz:1:15086|Ahmet Tunç:1:15925|Hasan Özkan:1:13934|Songül Er:2:29545|Ufuk Kurt:3:41173|Emine Özdemir:1:15295|Mehmet Uysal:1:14982|Murat Erdoğan:1:15401|Elif Kalkan:2:31954|Songül Kara:1:14667|Ebru Sarı:2:31954|Levent Taş:3:46516|Volkan Tunç:1:14353|Seda Doğan:1:14876|Tuğba Tekin:1:16134|Ayşe Duman:2:29439,2420676,124,209475,2218,30,38.23203749370586,38.46358586801447,none,526454
Atak,21,2278,2017,5,1587,1274,313,6028,305,51,0,2,269,4018500,2448581,1549803,458180,100099,101245,111352,0,2780,776147,173349954,121093667,3343,52252944,64158372,1038472,931513951,123547,0,1223745,17817219,0,4.0,0.0,2.0,1.0,1.0,684.8753667096775,747.272727,419.363636,418.8445747741935,686.1876834193548,1.632742,25.261383645161292,1.0,1.0,1.0,1.0,none,0:1.0500|1:0.9200|2:1.0300|3:0.9300|4:0.9400|5:1.1000|6:0.8200|,Emine Yıldız:6:20220|Ayşe Akgül:4:55212|Songül Kurt:1:14876|Murat Kaya:1:14353|Hüseyin Sarı:1:15820|Tuğba Kurt:1:15925|Kaan Bulut:2:31639|Ahmet Güler:1:13515|Meltem Özdemir:1:16239|Can Taş:1:15714|Merve Korkmaz:1:15086|Ahmet Tunç:1:15925|Hasan Özkan:1:13934|Songül Er:2:29545|Ufuk Kurt:3:41173|Emine Özdemir:1:15295|Mehmet Uysal:1:14982|Murat Erdoğan:1:15401|Elif Kalkan:2:31954|Songül Kara:1:14667|Ebru Sarı:2:31954|Levent Taş:3:46516|Volkan Tunç:1:14353|Seda Doğan:1:14876|Tuğba Tekin:1:16134|Ayşe Duman:2:29439,2457112,127,209475,2248,31,38.56670399402762,38.76789027838249,none,566672
Atak,21,2308,2017,6,1743,1446,297,7285,213,78,0,5,257,4452140,2707761,1726202,443400,96870,98878,125040,0,1085,960929,200841369,141468345,1023139,58349885,58349885,1234988,987088021,130050,0,1245795,17275015,0,4.0,0.0,2.0,1.0,1.0,687.0530305,754.3181820000001,418.045455,418.4348484333333,690.9272728,1.647278,27.006456033333333,1.0,1.0,1.0,1.0,none,0:1.0500|1:0.9250|2:1.0300|3:0.9350|4:0.9450|5:1.1000|6:0.8200|,Emine Yıldız:6:20220|Ayşe Akgül:4:55212|Songül Kurt:1:14876|Murat Kaya:1:14353|Hüseyin Sarı:1:15820|Tuğba Kurt:1:15925|Kaan Bulut:2:31639|Ahmet Güler:1:13515|Meltem Özdemir:1:16239|Can Taş:1:15714|Merve Korkmaz:1:15086|Ahmet Tunç:1:15925|Hasan Özkan:1:13934|Songül Er:2:29545|Ufuk Kurt:3:41173|Emine Özdemir:1:15295|Mehmet Uysal:1:14982|Murat Erdoğan:1:15401|Elif Kalkan:2:31954|Songül Kara:1:14667|Ebru Sarı:2:31954|Levent Taş:3:46516|Volkan Tunç:1:14353|Seda Doğan:1:14876|Tuğba Tekin:1:16134|Ayşe Duman:2:29439,2718658,127,220500,2279,30,38.772410571096145,39.15382998954693,none,740429
Atak,21,2339,2017,7,1744,1434,310,6811,230,58,0,0,267,4423255,2640000,1765335,470180,102889,103043,130324,0,464,958435,134181012,66851195,1008538,66321279,66321279,1145810,995435438,130050,0,1267845,18826114,0,4.0,0.0,2.0,1.0,1.0,698.7243402580646,760.0,418.636364,418.4398823225806,703.1026392903226,1.661468,26.329008677419353,1.0,1.0,1.0,1.0,none,0:1.0500|1:0.9300|2:1.0300|3:0.9400|4:0.9500|5:1.1000|6:0.8200|,Emine Yıldız:6:21365|Ayşe Akgül:4:58338|Songül Kurt:1:15719|Murat Kaya:1:15165|Hüseyin Sarı:1:16715|Tuğba Kurt:1:16827|Kaan Bulut:2:33431|Ahmet Güler:1:14280|Meltem Özdemir:1:17159|Can Taş:1:16605|Merve Korkmaz:1:15941|Ahmet Tunç:1:16827|Hasan Özkan:1:14723|Songül Er:2:31217|Ufuk Kurt:3:43505|Emine Özdemir:1:16161|Mehmet Uysal:1:15829|Murat Erdoğan:1:16273|Elif Kalkan:2:33763|Songül Kara:1:15497|Ebru Sarı:2:33763|Levent Taş:3:49151|Volkan Tunç:1:15165|Seda Doğan:1:15719|Tuğba Tekin:1:17047|Ayşe Duman:2:31106,2691724,131,220500,2309,31,39.91031491514733,40.08561890868404,none,737935
Atak,21,2370,2017,8,1777,1446,331,6839,232,51,0,2,291,4390140,2620158,1751629,470580,102889,103972,131471,0,2174,940543,127410378,72189461,993702,54227215,54227215,1074416,1042692179,130050,0,1289895,18826114,0,4.0,0.0,2.0,1.0,1.0,706.3343110645161,766.818182,422.81818200000004,421.1774192580645,707.9149560000001,1.67626,25.87056777419355,1.0,1.0,1.0,1.0,none,0:1.0500|1:0.9300|2:1.0300|3:0.9400|4:0.9500|5:1.1000|6:0.8200|,Emine Yıldız:6:21365|Ayşe Akgül:4:58338|Songül Kurt:1:15719|Murat Kaya:1:15165|Hüseyin Sarı:1:16715|Tuğba Kurt:1:16827|Kaan Bulut:2:33431|Ahmet Güler:1:14280|Meltem Özdemir:1:17159|Can Taş:1:16605|Merve Korkmaz:1:15941|Ahmet Tunç:1:16827|Hasan Özkan:1:14723|Songül Er:2:31217|Ufuk Kurt:3:43505|Emine Özdemir:1:16161|Mehmet Uysal:1:15829|Murat Erdoğan:1:16273|Elif Kalkan:2:33763|Songül Kara:1:15497|Ebru Sarı:2:33763|Levent Taş:3:49151|Volkan Tunç:1:15165|Seda Doğan:1:15719|Tuğba Tekin:1:17047|Ayşe Duman:2:31106,2600422,140,220500,2340,31,39.89916039124037,40.13908493801314,none,720043
Atak,21,2400,2017,9,1651,1352,299,6537,216,72,0,0,260,4561975,2791203,1731920,455400,99570,101490,111630,0,1562,962268,138347879,80620517,978626,56748736,56748736,1272856,1095289684,130050,0,1311945,18218820,0,4.0,0.0,2.0,1.0,1.0,714.1818185999999,773.863636,441.272727,435.4409090666667,714.5606059,1.691183,25.67884846666667,1.0,1.0,1.0,1.0,none,0:1.0500|1:0.9300|2:1.0300|3:0.9400|4:0.9500|5:1.1000|6:0.8200|,Emine Yıldız:6:21365|Ayşe Akgül:4:58338|Songül Kurt:1:15719|Murat Kaya:1:15165|Hüseyin Sarı:1:16715|Tuğba Kurt:1:16827|Kaan Bulut:2:33431|Ahmet Güler:1:14280|Meltem Özdemir:1:17159|Can Taş:1:16605|Merve Korkmaz:1:15941|Ahmet Tunç:1:16827|Hasan Özkan:1:14723|Songül Er:2:31217|Ufuk Kurt:3:43505|Emine Özdemir:1:16161|Mehmet Uysal:1:15829|Murat Erdoğan:1:16273|Elif Kalkan:2:33763|Songül Kara:1:15497|Ebru Sarı:2:33763|Levent Taş:3:49151|Volkan Tunç:1:15165|Seda Doğan:1:15719|Tuğba Tekin:1:17047|Ayşe Duman:2:31106,2799076,141,220500,2371,30,37.96425890102423,38.21283103159635,none,741768
Atak,21,2431,2017,10,1639,1330,309,6089,315,88,0,0,256,4340150,2656745,1661320,470580,102889,105802,116343,0,726,864980,132462492,64344854,1911047,66206591,66206591,1270822,1073691946,130050,0,1333995,18826114,0,4.0,0.0,2.0,1.0,1.0,719.8826981612904,781.1363640000001,441.2712611612903,440.88563038709674,722.626099451613,1.705752,24.472353161290325,1.0,1.0,1.0,1.0,none,0:1.0500|1:0.9300|2:1.0300|3:0.9400|4:0.9500|5:1.1000|6:0.8200|,Emine Yıldız:6:21365|Ayşe Akgül:4:58338|Songül Kurt:1:15719|Murat Kaya:1:15165|Hüseyin Sarı:1:16715|Tuğba Kurt:1:16827|Kaan Bulut:2:33431|Ahmet Güler:1:14280|Meltem Özdemir:1:17159|Can Taş:1:16605|Merve Korkmaz:1:15941|Ahmet Tunç:1:16827|Hasan Özkan:1:14723|Songül Er:2:31217|Ufuk Kurt:3:43505|Emine Özdemir:1:16161|Mehmet Uysal:1:15829|Murat Erdoğan:1:16273|Elif Kalkan:2:33763|Songül Kara:1:15497|Ebru Sarı:2:33763|Levent Taş:3:49151|Volkan Tunç:1:15165|Seda Doğan:1:15719|Tuğba Tekin:1:17047|Ayşe Duman:2:31106,2671500,146,220500,2401,31,38.27793970254484,38.702338271446685,none,644480
Atak,21,2461,2017,11,1661,1394,267,6513,259,67,0,0,242,4855340,2980127,1846218,455400,99570,103290,113580,0,1040,1073338,238340390,187057783,436,51282171,51282171,1384848,865436299,130050,0,1356045,18218820,0,4.0,0.0,2.0,1.0,1.0,725.833333,787.272727,447.454545,445.4030302333333,727.8909092666667,1.720938,25.464247433333334,1.0,1.0,1.0,1.0,none,0:1.0500|1:0.9300|2:1.0300|3:0.9400|4:0.9500|5:1.1000|6:0.8200|,Emine Yıldız:6:21365|Ayşe Akgül:4:58338|Songül Kurt:1:15719|Murat Kaya:1:15165|Hüseyin Sarı:1:16715|Tuğba Kurt:1:16827|Kaan Bulut:2:33431|Ahmet Güler:1:14280|Meltem Özdemir:1:17159|Can Taş:1:16605|Merve Korkmaz:1:15941|Ahmet Tunç:1:16827|Hasan Özkan:1:14723|Songül Er:2:31217|Ufuk Kurt:3:43505|Emine Özdemir:1:16161|Mehmet Uysal:1:15829|Murat Erdoğan:1:16273|Elif Kalkan:2:33763|Songül Kara:1:15497|Ebru Sarı:2:33763|Levent Taş:3:49151|Volkan Tunç:1:15165|Seda Doğan:1:15719|Tuğba Tekin:1:17047|Ayşe Duman:2:31106,2966884,148,220500,2432,30,38.024484382144195,38.35299032760184,none,852838
Atak,21,2492,2017,12,1689,1389,300,6255,329,117,0,0,249,4905702,3017030,1866039,470580,102889,107662,130231,0,3852,1050825,268472568,171595286,950116,95927166,76594781,1294588,1057887146,136552,0,1379197,18859980,0,4.0,0.0,2.0,1.0,1.0,733.9076243225807,794.545455,451.409091,449.6085043548387,732.9310849354839,1.735763,25.29263216129032,1.0,1.0,1.0,1.0,none,0:1.0500|1:0.9300|2:1.0300|3:0.9400|4:0.9500|5:1.1000|6:0.8200|,Emine Yıldız:6:21365|Ayşe Akgül:4:58338|Songül Kurt:1:15719|Murat Kaya:1:15165|Hüseyin Sarı:1:16715|Tuğba Kurt:1:16827|Kaan Bulut:2:33431|Ahmet Güler:1:14280|Meltem Özdemir:1:17159|Can Taş:1:16605|Merve Korkmaz:1:15941|Ahmet Tunç:1:16827|Hasan Özkan:1:14723|Songül Er:2:31217|Ufuk Kurt:3:43505|Emine Özdemir:1:16161|Mehmet Uysal:1:15829|Murat Erdoğan:1:16273|Elif Kalkan:2:33763|Songül Kara:1:15497|Ebru Sarı:2:33763|Levent Taş:3:49151|Volkan Tunç:1:15165|Seda Doğan:1:15719|Tuğba Tekin:1:17047|Ayşe Duman:2:31106,3020348,148,231525,2462,31,38.03816456849601,38.49238295941339,none,819300
Atak,21,2523,2018,1,1641,1289,352,6411,298,101,0,2,298,4907620,3011296,1871778,482580,105679,108594,131378,0,0,1043547,138703090,73131923,936895,64634272,83966657,1478354,1139142978,136552,0,1402349,19875960,0,4.0,0.0,2.0,1.0,1.0,728.8709677741936,801.590909,446.772727,447.983871,733.542522032258,1.751216,26.858148258064517,1.0,1.0,1.0,1.0,none,0:1.0500|1:0.9200|2:1.0300|3:0.9300|4:0.9400|5:1.1000|6:0.8200|,Emine Yıldız:6:22556|Ayşe Akgül:4:61592|Songül Kurt:1:16596|Murat Kaya:1:16012|Hüseyin Sarı:1:17647|Tuğba Kurt:1:17765|Kaan Bulut:2:35295|Ahmet Güler:1:15076|Meltem Özdemir:1:18115|Can Taş:1:17531|Merve Korkmaz:1:16829|Ahmet Tunç:1:17765|Hasan Özkan:1:15544|Songül Er:2:32957|Ufuk Kurt:3:45930|Emine Özdemir:1:17063|Mehmet Uysal:1:16713|Murat Erdoğan:1:17181|Elif Kalkan:2:35646|Songül Kara:1:16362|Ebru Sarı:2:35646|Levent Taş:3:51891|Volkan Tunç:1:16012|Seda Doğan:1:16596|Tuğba Tekin:1:17998|Ayşe Duman:2:32841,3043066,151,231525,2493,31,38.14023905681369,38.70345414300937,none,812022
Atak,21,2551,2018,2,1659,1340,319,6648,304,79,0,4,280,5049570,3103592,1924003,436240,95452,98980,119728,0,735,1172868,70462038,4984025,930392,64547621,64547621,1516890,1248214029,136552,0,1425501,17952480,0,4.0,0.0,2.0,1.0,1.0,732.1996753214286,809.0909089999999,451.045455,449.6396105357143,737.8035715,1.766807,29.001891035714287,1.0,1.0,1.0,1.0,none,0:1.0500|1:0.9200|2:1.0300|3:0.9300|4:0.9400|5:1.1000|6:0.8200|,Emine Yıldız:6:22556|Ayşe Akgül:4:61592|Songül Kurt:1:16596|Murat Kaya:1:16012|Hüseyin Sarı:1:17647|Tuğba Kurt:1:17765|Kaan Bulut:2:35295|Ahmet Güler:1:15076|Meltem Özdemir:1:18115|Can Taş:1:17531|Merve Korkmaz:1:16829|Ahmet Tunç:1:17765|Hasan Özkan:1:15544|Songül Er:2:32957|Ufuk Kurt:3:45930|Emine Özdemir:1:17063|Mehmet Uysal:1:16713|Murat Erdoğan:1:17181|Elif Kalkan:2:35646|Songül Kara:1:16362|Ebru Sarı:2:35646|Levent Taş:3:51891|Volkan Tunç:1:16012|Seda Doğan:1:16596|Tuğba Tekin:1:17998|Ayşe Duman:2:32841,3004876,157,231525,2524,28,38.10231366235145,38.398572110538645,none,941343
Atak,21,2582,2018,3,1854,1498,356,7934,271,101,0,5,308,5602155,3438090,2141391,482980,105679,110454,121458,0,1890,1318930,163445517,102592432,916209,59936876,59936876,1305216,1313191364,136552,0,1448653,19875960,0,4.0,0.0,2.0,1.0,1.0,739.3914958709678,815.227273,452.090909,451.0645161935484,739.9956012258065,1.781008,30.08742480645161,1.0,1.0,1.0,1.0,none,0:1.0500|1:0.9250|2:1.0300|3:0.9350|4:0.9450|5:1.1000|6:0.8200|,Emine Yıldız:6:22556|Ayşe Akgül:4:61592|Songül Kurt:1:16596|Murat Kaya:1:16012|Hüseyin Sarı:1:17647|Tuğba Kurt:1:17765|Kaan Bulut:2:35295|Ahmet Güler:1:15076|Meltem Özdemir:1:18115|Can Taş:1:17531|Merve Korkmaz:1:16829|Ahmet Tunç:1:17765|Hasan Özkan:1:15544|Songül Er:2:32957|Ufuk Kurt:3:45930|Emine Özdemir:1:17063|Mehmet Uysal:1:16713|Murat Erdoğan:1:17181|Elif Kalkan:2:35646|Songül Kara:1:16362|Ebru Sarı:2:35646|Levent Taş:3:51891|Volkan Tunç:1:16012|Seda Doğan:1:16596|Tuğba Tekin:1:17998|Ayşe Duman:2:32841,3193608,162,231525,2552,31,38.224415425849514,38.85635532398725,none,1087405
Atak,21,2612,2018,4,1703,1362,341,7155,257,66,0,7,303,5030920,3151351,1854195,467400,102270,107851,118590,0,1008,1057076,141016245,63404660,901796,76709789,76709789,1430684,1246604536,136552,0,1471805,19234800,0,4.0,0.0,2.0,1.0,1.0,743.4090912666667,822.045455,469.5,464.0363636,752.4151516333333,1.796864,29.923954733333336,1.0,1.0,1.0,1.0,none,0:1.0500|1:0.9250|2:1.0300|3:0.9350|4:0.9450|5:1.1000|6:0.8200|,Emine Yıldız:6:22556|Ayşe Akgül:4:61592|Songül Kurt:1:16596|Murat Kaya:1:16012|Hüseyin Sarı:1:17647|Tuğba Kurt:1:17765|Kaan Bulut:2:35295|Ahmet Güler:1:15076|Meltem Özdemir:1:18115|Can Taş:1:17531|Merve Korkmaz:1:16829|Ahmet Tunç:1:17765|Hasan Özkan:1:15544|Songül Er:2:32957|Ufuk Kurt:3:45930|Emine Özdemir:1:17063|Mehmet Uysal:1:16713|Murat Erdoğan:1:17181|Elif Kalkan:2:35646|Songül Kara:1:16362|Ebru Sarı:2:35646|Levent Taş:3:51891|Volkan Tunç:1:16012|Seda Doğan:1:16596|Tuğba Tekin:1:17998|Ayşe Duman:2:32841,3052158,167,231525,2583,30,36.85598260357946,36.84500155896175,none,825551
Atak,21,2643,2018,5,1900,1528,372,7949,287,112,0,9,303,5654270,3542959,2087762,482980,105679,112407,123597,0,2414,1260685,222975505,153660628,5319,69309558,69309558,1533494,1276161618,136552,0,1494957,19875960,0,4.0,0.0,2.0,1.0,1.0,751.1950148709677,829.772727,468.454545,468.0527858709678,754.8431084516129,1.812343,29.55122158064516,1.0,1.0,1.0,1.0,none,0:1.0500|1:0.9300|2:1.0300|3:0.9400|4:0.9500|5:1.1000|6:0.8200|,Emine Yıldız:6:22556|Ayşe Akgül:4:61592|Songül Kurt:1:16596|Murat Kaya:1:16012|Hüseyin Sarı:1:17647|Tuğba Kurt:1:17765|Kaan Bulut:2:35295|Ahmet Güler:1:15076|Meltem Özdemir:1:18115|Can Taş:1:17531|Merve Korkmaz:1:16829|Ahmet Tunç:1:17765|Hasan Özkan:1:15544|Songül Er:2:32957|Ufuk Kurt:3:45930|Emine Özdemir:1:17063|Mehmet Uysal:1:16713|Murat Erdoğan:1:17181|Elif Kalkan:2:35646|Songül Kara:1:16362|Ebru Sarı:2:35646|Levent Taş:3:51891|Volkan Tunç:1:16012|Seda Doğan:1:16596|Tuğba Tekin:1:17998|Ayşe Duman:2:32841,3539508,168,231525,2613,31,36.923634704391546,37.6387574829066,none,1029160
Atak,21,2673,2018,6,1911,1521,390,8554,201,70,0,9,350,5394645,3341918,2022682,467400,102270,109741,138780,0,2105,1202386,244487076,167014934,996484,76475658,76475658,1335470,1370275180,144680,0,1519487,19271105,0,4.0,0.0,2.0,1.0,1.0,752.121212,837.272727,460.772727,462.8575758,759.7424242,1.828478,32.5680863,1.0,1.0,1.0,1.0,none,0:1.0500|1:0.9200|2:1.0300|3:0.9300|4:0.9400|5:1.1000|6:0.8200|,Emine Yıldız:6:22556|Ayşe Akgül:4:61592|Songül Kurt:1:16596|Murat Kaya:1:16012|Hüseyin Sarı:1:17647|Tuğba Kurt:1:17765|Kaan Bulut:2:35295|Ahmet Güler:1:15076|Meltem Özdemir:1:18115|Can Taş:1:17531|Merve Korkmaz:1:16829|Ahmet Tunç:1:17765|Hasan Özkan:1:15544|Songül Er:2:32957|Ufuk Kurt:3:45930|Emine Özdemir:1:17063|Mehmet Uysal:1:16713|Murat Erdoğan:1:17181|Elif Kalkan:2:35646|Songül Kara:1:16362|Ebru Sarı:2:35646|Levent Taş:3:51891|Volkan Tunç:1:16012|Seda Doğan:1:16596|Tuğba Tekin:1:17998|Ayşe Duman:2:32841,3258928,167,245306,2644,30,37.494255877819576,38.73690574758049,none,957080
Atak,21,2704,2018,7,1877,1572,305,8238,261,36,0,4,281,5667020,3521289,2128049,497980,109151,114361,144646,0,961,1260950,132305278,48838381,982712,82484185,82484185,1521444,1333955870,144680,0,1544017,21001415,0,4.0,0.0,2.0,1.0,1.0,771.27566,844.318182,480.81818200000004,476.0381232580645,773.3357771290323,1.84423,29.537812451612904,1.0,1.0,1.0,1.0,none,0:1.0500|1:0.9300|2:1.0300|3:0.9400|4:0.9500|5:1.1000|6:0.8200|,Emine Yıldız:6:23834|Ayşe Akgül:4:65079|Songül Kurt:1:17536|Murat Kaya:1:16918|Hüseyin Sarı:1:18647|Tuğba Kurt:1:18771|Kaan Bulut:2:37294|Ahmet Güler:1:15930|Meltem Özdemir:1:19141|Can Taş:1:18523|Merve Korkmaz:1:17782|Ahmet Tunç:1:18771|Hasan Özkan:1:16424|Songül Er:2:34824|Ufuk Kurt:3:48532|Emine Özdemir:1:18030|Mehmet Uysal:1:17660|Murat Erdoğan:1:18153|Elif Kalkan:2:37664|Songül Kara:1:17288|Ebru Sarı:2:37664|Levent Taş:3:54830|Volkan Tunç:1:16918|Seda Doğan:1:17536|Tuğba Tekin:1:19017|Ayşe Duman:2:34701,3457818,175,245306,2674,31,37.55146443809974,37.65936007885948,none,1015644
Atak,21,2735,2018,8,1842,1480,362,7766,205,50,0,11,332,5320125,3337343,1966123,498480,109151,115384,145917,0,1067,1096124,158975081,86397929,968695,71608457,71608457,926222,1462319637,144680,0,1568547,21001415,0,4.0,0.0,2.0,1.0,1.0,773.0718476774193,851.590909,481.81818200000004,480.81671554838715,780.1950147419354,1.860649,30.515513032258063,1.0,1.0,1.0,1.0,none,0:1.0500|1:0.9300|2:1.0300|3:0.9400|4:0.9500|5:1.1000|6:0.8200|,Emine Yıldız:6:23834|Ayşe Akgül:4:65079|Songül Kurt:1:17536|Murat Kaya:1:16918|Hüseyin Sarı:1:18647|Tuğba Kurt:1:18771|Kaan Bulut:2:37294|Ahmet Güler:1:15930|Meltem Özdemir:1:19141|Can Taş:1:18523|Merve Korkmaz:1:17782|Ahmet Tunç:1:18771|Hasan Özkan:1:16424|Songül Er:2:34824|Ufuk Kurt:3:48532|Emine Özdemir:1:18030|Mehmet Uysal:1:17660|Murat Erdoğan:1:18153|Elif Kalkan:2:37664|Songül Kara:1:17288|Ebru Sarı:2:37664|Levent Taş:3:54830|Volkan Tunç:1:16918|Seda Doğan:1:17536|Tuğba Tekin:1:19017|Ayşe Duman:2:34701,2897628,172,245306,2705,31,36.95633091327741,37.67485086314397,none,850818
Atak,21,2765,2018,9,1811,1482,329,7724,262,79,0,11,297,5823450,3567712,2219482,482400,105630,112653,123900,7872,2050,1392849,173337056,83936327,954428,88446301,71187904,1682828,1440618844,144680,0,1593077,20323950,0,4.0,0.0,2.0,1.0,1.0,783.6666666666666,859.3181820000001,475.045455,477.1424242333333,786.2378788,1.877214,30.265357733333335,1.0,1.0,1.0,1.0,none,0:1.0500|1:0.9300|2:1.0300|3:0.9400|4:0.9500|5:1.1000|6:0.8200|,Emine Yıldız:6:23834|Ayşe Akgül:4:65079|Songül Kurt:1:17536|Murat Kaya:1:16918|Hüseyin Sarı:1:18647|Tuğba Kurt:1:18771|Kaan Bulut:2:37294|Ahmet Güler:1:15930|Meltem Özdemir:1:19141|Can Taş:1:18523|Merve Korkmaz:1:17782|Ahmet Tunç:1:18771|Hasan Özkan:1:16424|Songül Er:2:34824|Ufuk Kurt:3:48532|Emine Özdemir:1:18030|Mehmet Uysal:1:17660|Murat Erdoğan:1:18153|Elif Kalkan:2:37664|Songül Kara:1:17288|Ebru Sarı:2:37664|Levent Taş:3:54830|Volkan Tunç:1:16918|Seda Doğan:1:17536|Tuğba Tekin:1:19017|Ayşe Duman:2:34701,3361920,181,245306,2736,30,38.112836892220244,39.38169438536793,none,1147543
Atak,21,2796,2018,10,1744,1426,318,7003,309,93,0,0,271,5485245,3295140,2165630,498480,109151,117430,129115,0,2365,1309089,186593368,111351010,939906,74302452,91560849,1466016,1455105282,144680,0,1617607,21001415,0,4.0,0.0,2.0,1.0,1.0,799.149559967742,866.3636359999999,480.909091,479.4120236129032,799.4354836774194,1.893385,26.243911419354838,1.0,1.0,1.0,1.0,none,0:1.0500|1:0.9300|2:1.0300|3:0.9400|4:0.9500|5:1.1000|6:0.8200|,Emine Yıldız:6:23834|Ayşe Akgül:4:65079|Songül Kurt:1:17536|Murat Kaya:1:16918|Hüseyin Sarı:1:18647|Tuğba Kurt:1:18771|Kaan Bulut:2:37294|Ahmet Güler:1:15930|Meltem Özdemir:1:19141|Can Taş:1:18523|Merve Korkmaz:1:17782|Ahmet Tunç:1:18771|Hasan Özkan:1:16424|Songül Er:2:34824|Ufuk Kurt:3:48532|Emine Özdemir:1:18030|Mehmet Uysal:1:17660|Murat Erdoğan:1:18153|Elif Kalkan:2:37664|Songül Kara:1:17288|Ebru Sarı:2:37664|Levent Taş:3:54830|Volkan Tunç:1:16918|Seda Doğan:1:17536|Tuğba Tekin:1:19017|Ayşe Duman:2:34701,3292158,186,245306,2766,31,39.48100768516265,39.822391816193694,none,1063783
Atak,21,2826,2018,11,1574,1252,322,5998,273,77,0,0,277,4771740,2961775,1787978,482400,105630,114633,126090,0,1125,958100,294874546,228341605,1857,66531084,66531084,1230200,1171572081,144680,0,1642137,20323950,0,4.0,0.0,2.0,1.0,1.0,798.3636365666666,874.090909,500.40909100000005,494.96515153333337,806.8848484666667,1.910241,25.892411533333334,1.0,1.0,1.0,1.0,none,0:1.0500|1:0.9300|2:1.0300|3:0.9400|4:0.9500|5:1.1000|6:0.8200|,Emine Yıldız:6:23834|Ayşe Akgül:4:65079|Songül Kurt:1:17536|Murat Kaya:1:16918|Hüseyin Sarı:1:18647|Tuğba Kurt:1:18771|Kaan Bulut:2:37294|Ahmet Güler:1:15930|Meltem Özdemir:1:19141|Can Taş:1:18523|Merve Korkmaz:1:17782|Ahmet Tunç:1:18771|Hasan Özkan:1:16424|Songül Er:2:34824|Ufuk Kurt:3:48532|Emine Özdemir:1:18030|Mehmet Uysal:1:17660|Murat Erdoğan:1:18153|Elif Kalkan:2:37664|Songül Kara:1:17288|Ebru Sarı:2:37664|Levent Taş:3:54830|Volkan Tunç:1:16918|Seda Doğan:1:17536|Tuğba Tekin:1:19017|Ayşe Duman:2:34701,2956300,187,245306,2797,30,37.470147158059746,37.3206558915946,none,712794
Atak,21,2857,2018,12,1656,1348,308,6350,287,128,0,0,262,5396780,3267938,2109332,498480,109151,119478,144553,0,2160,1235510,338315729,216628117,942982,120744630,120744630,1354812,1366061721,156060,0,1668597,21051863,0,4.0,0.0,2.0,1.0,1.0,805.8870967419355,881.3636359999999,486.31818200000004,489.81524922580644,809.2917889677419,1.926697,26.288414838709677,1.0,1.0,1.0,1.0,none,0:1.0500|1:0.9200|2:1.0300|3:0.9300|4:0.9400|5:1.1000|6:0.8200|,Emine Yıldız:6:23834|Ayşe Akgül:4:65079|Songül Kurt:1:17536|Murat Kaya:1:16918|Hüseyin Sarı:1:18647|Tuğba Kurt:1:18771|Kaan Bulut:2:37294|Ahmet Güler:1:15930|Meltem Özdemir:1:19141|Can Taş:1:18523|Merve Korkmaz:1:17782|Ahmet Tunç:1:18771|Hasan Özkan:1:16424|Songül Er:2:34824|Ufuk Kurt:3:48532|Emine Özdemir:1:18030|Mehmet Uysal:1:17660|Murat Erdoğan:1:18153|Elif Kalkan:2:37664|Songül Kara:1:17288|Ebru Sarı:2:37664|Levent Taş:3:54830|Volkan Tunç:1:16918|Seda Doğan:1:17536|Tuğba Tekin:1:19017|Ayşe Duman:2:34701,3211854,187,264600,2827,31,39.08500995037782,39.654303441995566,none,970910
Atak,21,2888,2019,1,1585,1236,349,5848,376,63,0,0,293,5240018,3185516,2028138,519480,114049,120574,145824,0,2457,1125754,133700926,47749497,929820,85021609,85021609,1413010,1567906211,156060,0,1695057,22565303,0,4.0,0.0,2.0,1.0,1.0,818.9516130000001,889.318182,499.954545,496.66129032258067,820.9193548387096,1.94385,23.942284032258065,1.0,1.0,1.0,1.0,none,0:1.0500|1:0.9300|2:1.0300|3:0.9400|4:0.9500|5:1.1000|6:0.8200|,Emine Yıldız:6:25609|Ayşe Akgül:4:69925|Songül Kurt:1:18842|Murat Kaya:1:18178|Hüseyin Sarı:1:20035|Tuğba Kurt:1:20168|Kaan Bulut:2:40071|Ahmet Güler:1:17117|Meltem Özdemir:1:20567|Can Taş:1:19903|Merve Korkmaz:1:19106|Ahmet Tunç:1:20168|Hasan Özkan:1:17647|Songül Er:2:37418|Ufuk Kurt:3:52146|Emine Özdemir:1:19372|Mehmet Uysal:1:18974|Murat Erdoğan:1:19504|Elif Kalkan:2:40469|Songül Kara:1:18576|Ebru Sarı:2:40469|Levent Taş:3:58913|Volkan Tunç:1:18178|Seda Doğan:1:18842|Tuğba Tekin:1:20433|Ayşe Duman:2:37284,3303328,190,264600,2858,31,38.70479070873421,38.95188225241337,none,861154
Atak,21,2916,2019,2,1427,1102,325,5364,274,43,0,0,294,4851680,3035047,1802189,469840,103012,110195,133280,0,3188,982674,44021638,-27614717,916424,70719931,70719931,1115328,1611595913,156060,0,1721517,20381564,0,4.0,0.0,2.0,1.0,1.0,822.0373376428571,900.0,513.883117,509.20616885714287,831.1672077857144,1.967061,23.98393425,1.0,1.0,1.0,1.0,none,0:1.0500|1:0.9300|2:1.0300|3:0.9400|4:0.9500|5:1.1000|6:0.8200|,Emine Yıldız:6:25609|Ayşe Akgül:4:69925|Songül Kurt:1:18842|Murat Kaya:1:18178|Hüseyin Sarı:1:20035|Tuğba Kurt:1:20168|Kaan Bulut:2:40071|Ahmet Güler:1:17117|Meltem Özdemir:1:20567|Can Taş:1:19903|Merve Korkmaz:1:19106|Ahmet Tunç:1:20168|Hasan Özkan:1:17647|Songül Er:2:37418|Ufuk Kurt:3:52146|Emine Özdemir:1:19372|Mehmet Uysal:1:18974|Murat Erdoğan:1:19504|Elif Kalkan:2:40469|Songül Kara:1:18576|Ebru Sarı:2:40469|Levent Taş:3:58913|Volkan Tunç:1:18178|Seda Doğan:1:18842|Tuğba Tekin:1:20433|Ayşe Duman:2:37284,2624828,197,264600,2889,28,37.14566912904396,37.486645257072006,none,718074
Atak,21,2947,2019,3,1493,1175,318,5704,307,64,0,0,254,4866876,2975906,1874692,520180,114049,123334,135594,0,1667,979868,111887822,28279018,903428,82705376,66166058,684402,1640806304,156060,0,1747977,22565303,0,4.0,0.0,2.0,1.0,1.0,839.2228743225807,909.090909,514.090909,512.8299121935484,842.4032258064516,1.988265,22.41236093548387,1.0,1.0,1.0,1.0,none,0:1.0500|1:0.9300|2:1.0300|3:0.9400|4:0.9500|5:1.1000|6:0.8200|,Emine Yıldız:6:25609|Ayşe Akgül:4:69925|Songül Kurt:1:18842|Murat Kaya:1:18178|Hüseyin Sarı:1:20035|Tuğba Kurt:1:20168|Kaan Bulut:2:40071|Ahmet Güler:1:17117|Meltem Özdemir:1:20567|Can Taş:1:19903|Merve Korkmaz:1:19106|Ahmet Tunç:1:20168|Hasan Özkan:1:17647|Songül Er:2:37418|Ufuk Kurt:3:52146|Emine Özdemir:1:19372|Mehmet Uysal:1:18974|Murat Erdoğan:1:19504|Elif Kalkan:2:40469|Songül Kara:1:18576|Ebru Sarı:2:40469|Levent Taş:3:58913|Volkan Tunç:1:18178|Seda Doğan:1:18842|Tuğba Tekin:1:20433|Ayşe Duman:2:37284,2470326,198,264600,2917,31,38.51941163078739,38.74202852073434,none,715268
Atak,21,2977,2019,4,1610,1257,353,5994,265,61,0,0,312,4890514,2990076,1858223,503400,110370,120767,132780,17068,4969,985937,155421081,81052115,899312,73469654,90008972,1366194,1605442116,156060,0,1774437,21837390,0,4.0,0.0,2.0,1.0,1.0,843.1136367333332,922.045455,514.045455,513.2015153,850.3212122,2.012006,23.4263042,1.0,1.0,1.0,1.0,none,0:1.0500|1:0.9300|2:1.0300|3:0.9400|4:0.9500|5:1.1000|6:0.8200|,Emine Yıldız:6:25609|Ayşe Akgül:4:69925|Songül Kurt:1:18842|Murat Kaya:1:18178|Hüseyin Sarı:1:20035|Tuğba Kurt:1:20168|Kaan Bulut:2:40071|Ahmet Güler:1:17117|Meltem Özdemir:1:20567|Can Taş:1:19903|Merve Korkmaz:1:19106|Ahmet Tunç:1:20168|Hasan Özkan:1:17647|Songül Er:2:37418|Ufuk Kurt:3:52146|Emine Özdemir:1:19372|Mehmet Uysal:1:18974|Murat Erdoğan:1:19504|Elif Kalkan:2:40469|Songül Kara:1:18576|Ebru Sarı:2:40469|Levent Taş:3:58913|Volkan Tunç:1:18178|Seda Doğan:1:18842|Tuğba Tekin:1:20433|Ayşe Duman:2:37284,2603832,206,264600,2948,30,37.99647644398932,39.03011022432479,none,721337
Atak,21,3008,2019,5,1619,1275,344,6083,298,56,0,0,303,5163340,3100209,2033903,520180,114049,126249,138818,0,3947,1130660,248130282,166803590,8428,81318264,81318264,1360652,1618211424,156060,0,1800897,22565303,0,4.0,0.0,2.0,1.0,1.0,857.939882516129,931.818182,516.5,514.9208210322581,861.3856306129031,2.035252,22.693085258064517,1.0,1.0,1.0,1.0,none,0:1.0500|1:0.9300|2:1.0300|3:0.9400|4:0.9500|5:1.1000|6:0.8200|,Emine Yıldız:6:25609|Ayşe Akgül:4:69925|Songül Kurt:1:18842|Murat Kaya:1:18178|Hüseyin Sarı:1:20035|Tuğba Kurt:1:20168|Kaan Bulut:2:40071|Ahmet Güler:1:17117|Meltem Özdemir:1:20567|Can Taş:1:19903|Merve Korkmaz:1:19106|Ahmet Tunç:1:20168|Hasan Özkan:1:17647|Songül Er:2:37418|Ufuk Kurt:3:52146|Emine Özdemir:1:19372|Mehmet Uysal:1:18974|Murat Erdoğan:1:19504|Elif Kalkan:2:40469|Songül Kara:1:18576|Ebru Sarı:2:40469|Levent Taş:3:58913|Volkan Tunç:1:18178|Seda Doğan:1:18842|Tuğba Tekin:1:20433|Ayşe Duman:2:37284,3119086,210,264600,2978,31,39.391227383825196,39.797646603718775,none,866060
Atak,21,3038,2019,6,1592,1278,314,6168,248,71,0,2,270,4787275,2878842,1882168,503400,110370,123618,156330,0,0,988450,233120575,124151612,1026779,107942184,87018216,1261128,1708677640,167439,0,1829286,21892457,0,4.0,0.0,2.0,1.0,1.0,863.9090908000001,942.954545,523.227273,520.6227271666667,870.9545455333333,2.059555,23.0648104,1.0,1.0,1.0,1.0,none,0:1.0500|1:0.9300|2:1.0300|3:0.9400|4:0.9500|5:1.1000|6:0.8200|,Emine Yıldız:6:25609|Ayşe Akgül:4:69925|Songül Kurt:1:18842|Murat Kaya:1:18178|Hüseyin Sarı:1:20035|Tuğba Kurt:1:20168|Kaan Bulut:2:40071|Ahmet Güler:1:17117|Meltem Özdemir:1:20567|Can Taş:1:19903|Merve Korkmaz:1:19106|Ahmet Tunç:1:20168|Hasan Özkan:1:17647|Songül Er:2:37418|Ufuk Kurt:3:52146|Emine Özdemir:1:19372|Mehmet Uysal:1:18974|Murat Erdoğan:1:19504|Elif Kalkan:2:40469|Songül Kara:1:18576|Ebru Sarı:2:40469|Levent Taş:3:58913|Volkan Tunç:1:18178|Seda Doğan:1:18842|Tuğba Tekin:1:20433|Ayşe Duman:2:37284,2916930,211,283894,3009,30,39.31606185147083,39.43491525069157,none,704556
Atak,21,3069,2019,7,1528,1190,338,5753,334,32,0,0,271,4346345,2576614,1750609,541180,118916,129226,163401,0,1245,796641,141175686,59765260,1013368,80397058,101321026,972924,1759822733,167439,0,1857675,24272380,0,4.0,0.0,2.0,1.0,1.0,900.0439881935484,953.409091,540.954545,534.2287389999999,892.3211142903226,2.08335,21.095306387096777,1.0,1.0,1.0,1.0,none,0:1.0500|1:0.9300|2:1.0300|3:0.9400|4:0.9500|5:1.1000|6:0.8200|,Emine Yıldız:6:27545|Ayşe Akgül:4:75215|Songül Kurt:1:20266|Murat Kaya:1:19553|Hüseyin Sarı:1:21551|Tuğba Kurt:1:21694|Kaan Bulut:2:43103|Ahmet Güler:1:18412|Meltem Özdemir:1:22122|Can Taş:1:21408|Merve Korkmaz:1:20552|Ahmet Tunç:1:21694|Hasan Özkan:1:18983|Songül Er:2:40249|Ufuk Kurt:3:56090|Emine Özdemir:1:20837|Mehmet Uysal:1:20410|Murat Erdoğan:1:20981|Elif Kalkan:2:43530|Songül Kara:1:19981|Ebru Sarı:2:43530|Levent Taş:3:63369|Volkan Tunç:1:19553|Seda Doğan:1:20266|Tuğba Tekin:1:21979|Ayşe Duman:2:40105,2370714,213,283894,3039,31,40.27772760790963,39.89687703089558,none,512747
Atak,21,3100,2019,8,1501,1165,336,5652,259,35,0,2,279,4284247,2553162,1695506,541880,118916,130747,165354,11200,2002,736607,167084828,87743728,999685,78341415,78341415,374068,1786284032,167439,0,1886064,24272380,0,4.0,0.0,2.0,1.0,1.0,911.4076246129033,965.454545,547.454545,544.0483869677419,912.8431085806451,2.108227,21.927633483870967,1.0,1.0,1.0,1.0,none,0:1.0500|1:0.9300|2:1.0300|3:0.9400|4:0.9500|5:1.1000|6:0.8200|,Emine Yıldız:6:27545|Ayşe Akgül:4:75215|Songül Kurt:1:20266|Murat Kaya:1:19553|Hüseyin Sarı:1:21551|Tuğba Kurt:1:21694|Kaan Bulut:2:43103|Ahmet Güler:1:18412|Meltem Özdemir:1:22122|Can Taş:1:21408|Merve Korkmaz:1:20552|Ahmet Tunç:1:21694|Hasan Özkan:1:18983|Songül Er:2:40249|Ufuk Kurt:3:56090|Emine Özdemir:1:20837|Mehmet Uysal:1:20410|Murat Erdoğan:1:20981|Elif Kalkan:2:43530|Songül Kara:1:19981|Ebru Sarı:2:43530|Levent Taş:3:63369|Volkan Tunç:1:19553|Seda Doğan:1:20266|Tuğba Tekin:1:21979|Ayşe Duman:2:40105,1855620,214,283894,3070,31,39.575355949365196,39.93307382824264,none,452713
Atak,21,3130,2019,9,1442,1100,342,5084,401,18,0,0,263,4543160,2789967,1733031,524400,115080,128059,140790,0,2959,821743,58674934,-26298338,985724,83987548,83987548,794334,1663393434,167439,0,1914453,23489400,0,4.0,0.0,2.0,1.0,1.0,918.9242422333334,976.590909,576.7954544666667,562.5333334000001,922.1803029333333,2.133401,21.600430066666668,1.0,1.0,1.1625,0.95125,0,0:1.0500|1:0.9300|2:1.0300|3:0.9400|4:0.9500|5:1.1000|6:0.8200|,Emine Yıldız:6:27545|Ayşe Akgül:4:75215|Songül Kurt:1:20266|Murat Kaya:1:19553|Hüseyin Sarı:1:21551|Tuğba Kurt:1:21694|Kaan Bulut:2:43103|Ahmet Güler:1:18412|Meltem Özdemir:1:22122|Can Taş:1:21408|Merve Korkmaz:1:20552|Ahmet Tunç:1:21694|Hasan Özkan:1:18983|Songül Er:2:40249|Ufuk Kurt:3:56090|Emine Özdemir:1:20837|Mehmet Uysal:1:20410|Murat Erdoğan:1:20981|Elif Kalkan:2:43530|Songül Kara:1:19981|Ebru Sarı:2:43530|Levent Taş:3:63369|Volkan Tunç:1:19553|Seda Doğan:1:20266|Tuğba Tekin:1:21979|Ayşe Duman:2:40105,2150252,218,283894,3101,30,38.1459380695375,37.231446515674065,none|0,537849
Atak,21,3161,2019,10,1491,1133,358,5190,468,49,0,0,275,4662892,2956334,1678422,541880,118916,133848,147188,0,1820,734770,-279557925,-336008485,971479,55479081,55479081,1143270,1920155450,167439,0,1942842,24272380,0,4.0,0.0,2.0,1.0,1.0,932.7272727741936,987.727273,594.409091,587.9530792258064,932.9354838709677,2.158049,20.998966741935487,1.0,1.0,1.25,0.925,0,0:1.0500|1:0.9300|2:1.0300|3:0.9400|4:0.9500|5:1.1000|6:0.8200|,Emine Yıldız:6:27545|Ayşe Akgül:4:75215|Songül Kurt:1:20266|Murat Kaya:1:19553|Hüseyin Sarı:1:21551|Tuğba Kurt:1:21694|Kaan Bulut:2:43103|Ahmet Güler:1:18412|Meltem Özdemir:1:22122|Can Taş:1:21408|Merve Korkmaz:1:20552|Ahmet Tunç:1:21694|Hasan Özkan:1:18983|Songül Er:2:40249|Ufuk Kurt:3:56090|Emine Özdemir:1:20837|Mehmet Uysal:1:20410|Murat Erdoğan:1:20981|Elif Kalkan:2:43530|Songül Kara:1:19981|Ebru Sarı:2:43530|Levent Taş:3:63369|Volkan Tunç:1:19553|Seda Doğan:1:20266|Tuğba Tekin:1:21979|Ayşe Duman:2:40105,2883636,217,283894,3131,31,35.995300770423164,36.27192981802066,0,450876
Atak,21,3191,2019,11,1408,1075,333,4966,431,33,0,0,251,4343047,2723761,1542136,524400,115080,131090,144120,60459,4727,622719,40921406,-12160999,956945,52125460,52125460,323058,1821477337,167439,0,1971231,23489400,0,4.0,0.0,2.0,1.0,1.0,943.9318184,999.772727,590.6060606666666,590.3696969,945.3575756000001,2.183819,20.569617733333335,1.0,1.0,1.25,0.925,0,0:1.0500|1:0.9300|2:1.0300|3:0.9400|4:0.9500|5:1.1000|6:0.8200|,Emine Yıldız:6:27545|Ayşe Akgül:4:75215|Songül Kurt:1:20266|Murat Kaya:1:19553|Hüseyin Sarı:1:21551|Tuğba Kurt:1:21694|Kaan Bulut:2:43103|Ahmet Güler:1:18412|Meltem Özdemir:1:22122|Can Taş:1:21408|Merve Korkmaz:1:20552|Ahmet Tunç:1:21694|Hasan Özkan:1:18983|Songül Er:2:40249|Ufuk Kurt:3:56090|Emine Özdemir:1:20837|Mehmet Uysal:1:20410|Murat Erdoğan:1:20981|Elif Kalkan:2:43530|Songül Kara:1:19981|Ebru Sarı:2:43530|Levent Taş:3:63369|Volkan Tunç:1:19553|Seda Doğan:1:20266|Tuğba Tekin:1:21979|Ayşe Duman:2:40105,1929984,202,283894,3162,30,35.50815821242551,37.43127955282129,0,338825
Atak,21,3222,2019,12,1494,1141,353,4961,502,46,0,0,259,4726325,2977571,1728142,541880,118916,137011,165726,0,5945,758664,200882575,122519669,3261,78359645,78359645,1219200,1519421438,180444,0,2001825,24331006,0,4.0,0.0,2.0,1.0,1.0,953.1085041935484,1010.681818,595.909091,592.9178885483872,951.2565981290322,2.209049,21.165359612903224,1.0,1.0,1.25,0.925,0,0:1.0500|1:0.9300|2:1.0300|3:0.9400|4:0.9500|5:1.1000|6:0.8200|,Emine Yıldız:6:27545|Ayşe Akgül:4:75215|Songül Kurt:1:20266|Murat Kaya:1:19553|Hüseyin Sarı:1:21551|Tuğba Kurt:1:21694|Kaan Bulut:2:43103|Ahmet Güler:1:18412|Meltem Özdemir:1:22122|Can Taş:1:21408|Merve Korkmaz:1:20552|Ahmet Tunç:1:21694|Hasan Özkan:1:18983|Songül Er:2:40249|Ufuk Kurt:3:56090|Emine Özdemir:1:20837|Mehmet Uysal:1:20410|Murat Erdoğan:1:20981|Elif Kalkan:2:43530|Songül Kara:1:19981|Ebru Sarı:2:43530|Levent Taş:3:63369|Volkan Tunç:1:19553|Seda Doğan:1:20266|Tuğba Tekin:1:21979|Ayşe Duman:2:40105,2314656,207,305944,3192,31,36.5641804150159,37.477308367506886,0,452720
Atak,21,3253,2020,1,1489,1090,399,5041,452,64,0,0,297,5141035,3228852,1876608,519380,114030,138654,167710,0,56781,880053,81709774,6847290,960100,73902384,73902384,1066450,1690617252,180444,0,2032419,26089786,0,3.5483870967741935,0.0,2.0,0.5483870967741935,1.0,959.1055718064516,1023.409091,598.772727,596.5557184193548,964.0718475806452,2.235427,21.18498338709677,1.0,1.0,1.25,0.925,0,0:1.0500|1:0.9300|2:1.0300|3:0.9400|4:0.9500|5:1.1000|6:0.8200|,Emine Yıldız:6:29608|Ayşe Akgül:4:80848|Songül Kurt:1:21784|Murat Kaya:1:21017|Hüseyin Sarı:1:23165|Tuğba Kurt:1:23318|Kaan Bulut:2:46329|Ahmet Güler:1:19790|Meltem Özdemir:1:23778|Can Taş:1:23012|Merve Korkmaz:1:22090|Ahmet Tunç:1:23318|Hasan Özkan:1:20404|Songül Er:2:43262|Ufuk Kurt:3:60290|Emine Özdemir:1:22398|Mehmet Uysal:1:21937|Murat Erdoğan:1:22551|Elif Kalkan:2:46790|Songül Kara:1:21478|Ebru Sarı:2:46790|Levent Taş:3:68114|Volkan Tunç:1:21017|Seda Doğan:1:21784|Tuğba Tekin:1:23625|Ayşe Duman:2:43108,2965328,205,305944,3223,31,36.50253305025156,37.56967485109836,0,574109
Atak,21,3282,2020,2,1450,1050,400,4941,477,65,0,0,306,5046868,3183199,1826054,646120,142564,131247,158746,0,5303,742074,-127882079,-189604397,947358,60774960,60774960,1537310,1726396762,180444,0,2063013,24406574,0,4.0,0.0,2.0,1.0,1.0,977.311912275862,1035.227273,613.0266461724138,607.7570532758621,979.8040753103448,2.262121,21.36478303448276,0.9862068965517242,0.9862068965517242,1.2498275862068964,0.9227830344827587,1,0:1.0500|1:0.9300|2:1.0300|3:0.9400|4:0.9500|5:1.1000|6:0.8200|,Emine Yıldız:6:29608|Ayşe Akgül:4:80848|Songül Kurt:1:21784|Murat Kaya:1:21017|Hüseyin Sarı:1:23165|Tuğba Kurt:1:23318|Kaan Bulut:2:46329|Ahmet Güler:1:19790|Meltem Özdemir:1:23778|Can Taş:1:23012|Merve Korkmaz:1:22090|Ahmet Tunç:1:23318|Hasan Özkan:1:20404|Songül Er:2:43262|Ufuk Kurt:3:60290|Emine Özdemir:1:22398|Mehmet Uysal:1:21937|Murat Erdoğan:1:22551|Elif Kalkan:2:46790|Songül Kara:1:21478|Ebru Sarı:2:46790|Levent Taş:3:68114|Volkan Tunç:1:21017|Seda Doğan:1:21784|Tuğba Tekin:1:23625|Ayşe Duman:2:43108,3206748,209,305944,3254,29,36.181925106818724,37.27420709066552,0|1,436130
Atak,21,3313,2020,3,1405,1005,400,4740,605,38,0,0,279,4408067,2773078,1558999,690680,152396,141879,155992,62637,4649,413403,39877698,-38920290,934358,77863630,77863630,279956,1804282949,180444,0,2093607,26089786,0,4.0,0.0,2.0,1.0,1.0,980.7844576129032,1047.045455,613.5307917741935,612.539589548387,986.055718451613,2.28738,22.007397290322583,0.9,0.9,1.2341666774193547,0.8015934193548386,1,0:1.0500|1:0.9300|2:1.0300|3:0.9400|4:0.9500|5:1.1000|6:0.8200|,Emine Yıldız:6:29608|Ayşe Akgül:4:80848|Songül Kurt:1:21784|Murat Kaya:1:21017|Hüseyin Sarı:1:23165|Tuğba Kurt:1:23318|Kaan Bulut:2:46329|Ahmet Güler:1:19790|Meltem Özdemir:1:23778|Can Taş:1:23012|Merve Korkmaz:1:22090|Ahmet Tunç:1:23318|Hasan Özkan:1:20404|Songül Er:2:43262|Ufuk Kurt:3:60290|Emine Özdemir:1:22398|Mehmet Uysal:1:21937|Murat Erdoğan:1:22551|Elif Kalkan:2:46790|Songül Kara:1:21478|Ebru Sarı:2:46790|Levent Taş:3:68114|Volkan Tunç:1:21017|Seda Doğan:1:21784|Tuğba Tekin:1:23625|Ayşe Duman:2:43108,1866334,199,305944,3283,31,35.366953360736126,37.4448904637575,1,107459
Atak,21,3343,2020,4,1481,1071,410,5339,569,21,0,0,308,4698905,2986223,1695140,668400,147480,138924,152760,7130,4470,583106,49900997,-2384541,921094,51364444,51364444,596768,1552302456,180444,0,2124201,25248180,0,4.0,0.0,2.0,1.0,1.0,996.5303028333333,1058.863636,635.7136363666667,623.9893939333334,996.5196969333333,2.314693,23.190637133333333,0.9,0.9,1.20875,0.8,1,0:1.0500|1:0.9300|2:1.0300|3:0.9400|4:0.9500|5:1.1000|6:0.8200|,Emine Yıldız:6:29608|Ayşe Akgül:4:80848|Songül Kurt:1:21784|Murat Kaya:1:21017|Hüseyin Sarı:1:23165|Tuğba Kurt:1:23318|Kaan Bulut:2:46329|Ahmet Güler:1:19790|Meltem Özdemir:1:23778|Can Taş:1:23012|Merve Korkmaz:1:22090|Ahmet Tunç:1:23318|Hasan Özkan:1:20404|Songül Er:2:43262|Ufuk Kurt:3:60290|Emine Özdemir:1:22398|Mehmet Uysal:1:21937|Murat Erdoğan:1:22551|Elif Kalkan:2:46790|Songül Kara:1:21478|Ebru Sarı:2:46790|Levent Taş:3:68114|Volkan Tunç:1:21017|Seda Doğan:1:21784|Tuğba Tekin:1:23625|Ayşe Duman:2:43108,1823546,207,305944,3314,30,36.07521326777196,36.207294995525295,1,277162
Atak,21,3374,2020,5,1512,1087,425,5042,628,66,0,3,296,4407352,2757188,1620391,690680,152396,145229,159681,0,3695,468710,71547990,-9159819,908413,79799396,64756683,1293432,1629418263,180444,0,2154795,26089786,0,4.0,0.0,2.0,1.0,1.0,1009.4794719354838,1072.045455,635.1480937741936,631.5058650967742,1011.048387032258,2.341436,22.11978970967742,0.9,0.9,1.183333322580645,0.8,1,0:1.0500|1:0.9300|2:1.0300|3:0.9400|4:0.9500|5:1.1000|6:0.8200|,Emine Yıldız:6:29608|Ayşe Akgül:4:80848|Songül Kurt:1:21784|Murat Kaya:1:21017|Hüseyin Sarı:1:23165|Tuğba Kurt:1:23318|Kaan Bulut:2:46329|Ahmet Güler:1:19790|Meltem Özdemir:1:23778|Can Taş:1:23012|Merve Korkmaz:1:22090|Ahmet Tunç:1:23318|Hasan Özkan:1:20404|Songül Er:2:43262|Ufuk Kurt:3:60290|Emine Özdemir:1:22398|Mehmet Uysal:1:21937|Murat Erdoğan:1:22551|Elif Kalkan:2:46790|Songül Kara:1:21478|Ebru Sarı:2:46790|Levent Taş:3:68114|Volkan Tunç:1:21017|Seda Doğan:1:21784|Tuğba Tekin:1:23625|Ayşe Duman:2:43108,2796940,212,305944,3344,31,36.76563614614852,37.081623605835325,1,162766
Atak,21,3404,2020,6,1371,953,418,4682,583,15,0,0,295,3716882,2327067,1369818,668400,147480,142225,179850,0,5092,226771,111170515,43659261,904743,66606511,81649224,1116718,1626037422,193449,0,2187594,25311861,0,4.0,0.0,2.0,1.0,1.0,1018.7803028,1084.545455,639.9333333333333,636.6303030666667,1018.7833332333333,2.369395,21.850729666666666,0.9,0.9,1.1579166666666665,0.8,1,0:1.0500|1:0.9300|2:1.0300|3:0.9400|4:0.9500|5:1.1000|6:0.8200|,Emine Yıldız:6:29608|Ayşe Akgül:4:80848|Songül Kurt:1:21784|Murat Kaya:1:21017|Hüseyin Sarı:1:23165|Tuğba Kurt:1:23318|Kaan Bulut:2:46329|Ahmet Güler:1:19790|Meltem Özdemir:1:23778|Can Taş:1:23012|Merve Korkmaz:1:22090|Ahmet Tunç:1:23318|Hasan Özkan:1:20404|Songül Er:2:43262|Ufuk Kurt:3:60290|Emine Özdemir:1:22398|Mehmet Uysal:1:21937|Murat Erdoğan:1:22551|Elif Kalkan:2:46790|Songül Kara:1:21478|Ebru Sarı:2:46790|Levent Taş:3:68114|Volkan Tunç:1:21017|Seda Doğan:1:21784|Tuğba Tekin:1:23625|Ayşe Duman:2:43108,2211910,215,327994,3375,30,36.85395447044055,37.186326475438285,1,-101223
Atak,21,3435,2020,7,1474,1041,433,4923,624,29,0,0,293,4108398,2500443,1596849,714680,157976,148671,187984,936,4098,383440,139256893,67908860,890832,70457201,70457201,797774,1663794120,193449,0,2220393,28063897,0,4.0,0.0,2.0,1.0,1.0,1034.589442967742,1097.5,629.1862169999999,633.2287389999999,1033.4882697419355,2.39677,20.96153248387097,0.9,0.9,1.1325,0.8,1,0:1.0500|1:0.9300|2:1.0300|3:0.9400|4:0.9500|5:1.1000|6:0.8200|,Emine Yıldız:6:31849|Ayşe Akgül:4:86964|Songül Kurt:1:23433|Murat Kaya:1:22607|Hüseyin Sarı:1:24918|Tuğba Kurt:1:25083|Kaan Bulut:2:49835|Ahmet Güler:1:21287|Meltem Özdemir:1:25578|Can Taş:1:24752|Merve Korkmaz:1:23763|Ahmet Tunç:1:25083|Hasan Özkan:1:21947|Songül Er:2:46535|Ufuk Kurt:3:64851|Emine Özdemir:1:24092|Mehmet Uysal:1:23597|Murat Erdoğan:1:24257|Elif Kalkan:2:50330|Songül Kara:1:23102|Ebru Sarı:2:50330|Levent Taş:3:73268|Volkan Tunç:1:22607|Seda Doğan:1:23433|Tuğba Tekin:1:25413|Ayşe Duman:2:46370,2130476,217,327994,3405,31,38.867923701647214,39.18493743806569,1,55446
Atak,21,3466,2020,8,1389,959,430,4487,633,18,0,0,293,3859899,2321772,1515312,715480,157976,150439,190216,634,1375,299826,129821349,36590584,876641,92354124,92354124,862940,1690933195,193449,0,2253192,28063897,0,4.0,0.0,2.0,1.0,1.0,1049.0322582903225,1109.545455,635.6173020967741,633.7917888387096,1047.4061584516128,2.4253900000000006,20.42200987096774,0.9,0.9,1.1066666774193548,0.8,1,0:1.0500|1:0.9300|2:1.0300|3:0.9400|4:0.9500|5:1.1000|6:0.8200|,Emine Yıldız:6:31849|Ayşe Akgül:4:86964|Songül Kurt:1:23433|Murat Kaya:1:22607|Hüseyin Sarı:1:24918|Tuğba Kurt:1:25083|Kaan Bulut:2:49835|Ahmet Güler:1:21287|Meltem Özdemir:1:25578|Can Taş:1:24752|Merve Korkmaz:1:23763|Ahmet Tunç:1:25083|Hasan Özkan:1:21947|Songül Er:2:46535|Ufuk Kurt:3:64851|Emine Özdemir:1:24092|Mehmet Uysal:1:23597|Murat Erdoğan:1:24257|Elif Kalkan:2:50330|Songül Kara:1:23102|Ebru Sarı:2:50330|Levent Taş:3:73268|Volkan Tunç:1:22607|Seda Doğan:1:23433|Tuğba Tekin:1:25413|Ayşe Duman:2:46370,2004692,217,327994,3436,31,39.25781477701878,39.40917478241501,1,-28168
Atak,21,3496,2020,9,1255,863,392,3749,680,16,0,0,241,3653035,2195222,1432050,692400,152880,147326,162000,8050,3170,274274,141908825,62773556,862163,78273106,78273106,579872,1730104408,193449,0,2285991,27158610,0,4.0,0.0,2.0,1.0,1.0,1066.5075758666667,1123.8636359999998,643.0393939999999,639.3636365333333,1061.1651515,2.454351,19.75361333333333,0.9,0.9,1.08125,0.8,1,0:1.0500|1:0.9300|2:1.0300|3:0.9400|4:0.9500|5:1.1000|6:0.8200|,Emine Yıldız:6:31849|Ayşe Akgül:4:86964|Songül Kurt:1:23433|Murat Kaya:1:22607|Hüseyin Sarı:1:24918|Tuğba Kurt:1:25083|Kaan Bulut:2:49835|Ahmet Güler:1:21287|Meltem Özdemir:1:25578|Can Taş:1:24752|Merve Korkmaz:1:23763|Ahmet Tunç:1:25083|Hasan Özkan:1:21947|Songül Er:2:46535|Ufuk Kurt:3:64851|Emine Özdemir:1:24092|Mehmet Uysal:1:23597|Murat Erdoğan:1:24257|Elif Kalkan:2:50330|Songül Kara:1:23102|Ebru Sarı:2:50330|Levent Taş:3:73268|Volkan Tunç:1:22607|Seda Doğan:1:23433|Tuğba Tekin:1:25413|Ayşe Duman:2:46370,1775660,218,327994,3467,30,39.20165013475097,39.706064115160885,1,-53720
Atak,21,3527,2020,10,1435,978,457,4307,709,9,0,0,316,4070680,2452032,1597880,715480,157976,153975,169322,0,5281,395846,165524250,86128788,847393,78548069,78548069,991684,1792918591,193449,0,2318790,28063897,0,4.0,0.0,2.0,1.0,1.0,1073.7976537096774,1136.590909,646.7991201935483,644.2815249354838,1071.2507332903226,2.482707,20.19945464516129,0.9,0.9,1.055833322580645,0.8,1,0:1.0500|1:0.9300|2:1.0300|3:0.9400|4:0.9500|5:1.1000|6:0.8200|,Emine Yıldız:6:31849|Ayşe Akgül:4:86964|Songül Kurt:1:23433|Murat Kaya:1:22607|Hüseyin Sarı:1:24918|Tuğba Kurt:1:25083|Kaan Bulut:2:49835|Ahmet Güler:1:21287|Meltem Özdemir:1:25578|Can Taş:1:24752|Merve Korkmaz:1:23763|Ahmet Tunç:1:25083|Hasan Özkan:1:21947|Songül Er:2:46535|Ufuk Kurt:3:64851|Emine Özdemir:1:24092|Mehmet Uysal:1:23597|Murat Erdoğan:1:24257|Elif Kalkan:2:50330|Songül Kara:1:23102|Ebru Sarı:2:50330|Levent Taş:3:73268|Volkan Tunç:1:22607|Seda Doğan:1:23433|Tuğba Tekin:1:25413|Ayşe Duman:2:46370,2470766,222,327994,3497,31,39.25339255357827,39.76526974527891,1,67852
Atak,21,3557,2020,11,1354,971,383,4407,715,52,0,0,248,4587579,2777933,1785609,692400,152880,150808,165810,0,6693,617018,140747728,41653900,832325,98261503,98261503,1173558,1795884583,193449,0,2351589,27158610,0,4.0,0.0,2.0,1.0,1.0,1085.3939393333335,1150.454545,662.5469696666667,655.3560606666666,1083.8939392333334,2.512353,19.95391203333333,0.9,0.9,1.0304166666666668,0.8,1,0:1.0500|1:0.9300|2:1.0300|3:0.9400|4:0.9500|5:1.1000|6:0.8200|,Emine Yıldız:6:31849|Ayşe Akgül:4:86964|Songül Kurt:1:23433|Murat Kaya:1:22607|Hüseyin Sarı:1:24918|Tuğba Kurt:1:25083|Kaan Bulut:2:49835|Ahmet Güler:1:21287|Meltem Özdemir:1:25578|Can Taş:1:24752|Merve Korkmaz:1:23763|Ahmet Tunç:1:25083|Hasan Özkan:1:21947|Songül Er:2:46535|Ufuk Kurt:3:64851|Emine Özdemir:1:24092|Mehmet Uysal:1:23597|Murat Erdoğan:1:24257|Elif Kalkan:2:50330|Songül Kara:1:23102|Ebru Sarı:2:50330|Levent Taş:3:73268|Volkan Tunç:1:22607|Seda Doğan:1:23433|Tuğba Tekin:1:25413|Ayşe Duman:2:46370,2467840,225,327994,3528,30,38.92268667198974,38.957926181749855,1,289024
Atak,21,3588,2020,12,1424,950,474,4245,726,39,0,0,306,4348560,2586607,1736816,715480,157976,157633,190650,0,6801,508276,217074454,123592552,816952,92664950,92664950,1069856,1884605562,204829,0,2386318,28118642,0,4.0,0.0,2.0,1.0,1.0,1096.2609972580644,1163.409091,643.0073313548387,648.9692081290322,1096.5205279354839,2.54138,20.63918558064516,0.9,0.9,1.0062096774193547,0.8,1,0:1.0500|1:0.9300|2:1.0300|3:0.9400|4:0.9500|5:1.1000|6:0.8200|,Emine Yıldız:6:31849|Ayşe Akgül:4:86964|Songül Kurt:1:23433|Murat Kaya:1:22607|Hüseyin Sarı:1:24918|Tuğba Kurt:1:25083|Kaan Bulut:2:49835|Ahmet Güler:1:21287|Meltem Özdemir:1:25578|Can Taş:1:24752|Merve Korkmaz:1:23763|Ahmet Tunç:1:25083|Hasan Özkan:1:21947|Songül Er:2:46535|Ufuk Kurt:3:64851|Emine Özdemir:1:24092|Mehmet Uysal:1:23597|Murat Erdoğan:1:24257|Elif Kalkan:2:50330|Songül Kara:1:23102|Ebru Sarı:2:50330|Levent Taş:3:73268|Volkan Tunç:1:22607|Seda Doğan:1:23433|Tuğba Tekin:1:25413|Ayşe Duman:2:46370,2598754,229,347287,3558,31,39.940026123590336,41.345415647997186,1,160989
Atak,21,3619,2021,1,1345,948,397,4269,593,69,0,0,278,4781095,2857871,1895913,736480,162874,159483,192944,0,5444,638688,123478992,23303987,801269,99373736,80744387,1393636,1905896655,204829,0,2421047,29760992,0,4.0,0.0,2.0,1.0,1.0,1111.752199516129,1176.818182,669.590909,660.6260997419355,1112.2302053548387,2.571726,20.236170612903226,0.9193548387096774,0.9193548387096774,1.0,0.803225806451613,none,0:1.0500|1:0.9300|2:1.0300|3:0.9400|4:0.9500|5:1.1000|6:0.8200|,Emine Yıldız:6:33774|Ayşe Akgül:4:92223|Songül Kurt:1:24849|Murat Kaya:1:23974|Hüseyin Sarı:1:26424|Tuğba Kurt:1:26600|Kaan Bulut:2:52849|Ahmet Güler:1:22574|Meltem Özdemir:1:27124|Can Taş:1:26249|Merve Korkmaz:1:25199|Ahmet Tunç:1:26600|Hasan Özkan:1:23275|Songül Er:2:49349|Ufuk Kurt:3:68774|Emine Özdemir:1:25550|Mehmet Uysal:1:25024|Murat Erdoğan:1:25725|Elif Kalkan:2:53374|Songül Kara:1:24500|Ebru Sarı:2:53374|Levent Taş:3:77698|Volkan Tunç:1:23974|Seda Doğan:1:24849|Tuğba Tekin:1:26950|Ayşe Duman:2:49174,2745976,233,347287,3589,31,39.654367880161345,39.771568764026014,1|none,291401
Atak,21,3647,2021,2,1371,996,375,4892,262,39,0,0,318,5650155,3427895,2203667,665840,147112,145450,175952,0,6987,1062326,117884031,35869309,785270,81229452,80906960,1623696,1911652056,204829,0,2455776,26880896,0,4.0,0.0,2.0,1.0,1.0,1109.715909,1188.863636,670.636364,668.0730519642857,1118.339285892857,2.596599,21.993856285714287,1.0,1.0,1.0,0.9285714285714286,none,0:1.0500|1:0.9300|2:1.0300|3:0.9400|4:0.9500|5:1.1000|6:0.8200|,Emine Yıldız:6:33774|Ayşe Akgül:4:92223|Songül Kurt:1:24849|Murat Kaya:1:23974|Hüseyin Sarı:1:26424|Tuğba Kurt:1:26600|Kaan Bulut:2:52849|Ahmet Güler:1:22574|Meltem Özdemir:1:27124|Can Taş:1:26249|Merve Korkmaz:1:25199|Ahmet Tunç:1:26600|Hasan Özkan:1:23275|Songül Er:2:49349|Ufuk Kurt:3:68774|Emine Özdemir:1:25550|Mehmet Uysal:1:25024|Murat Erdoğan:1:25725|Elif Kalkan:2:53374|Songül Kara:1:24500|Ebru Sarı:2:53374|Levent Taş:3:77698|Volkan Tunç:1:23974|Seda Doğan:1:24849|Tuğba Tekin:1:26950|Ayşe Duman:2:49174,3279534,235,347287,3620,28,39.00188578897393,39.56684241786427,none,715039
Atak,21,3653,2021,3,311,239,72,1136,54,25,0,0,65,1215800,715894,492386,142680,31524,31434,34572,0,2716,249460,43973537,43973537,0,0,18951841,1609158,1933045754,0,0,2455776,5760192,0,4.0,0.0,2.0,1.0,1.0,1135.454545,1198.409091,669.090909,669.0075756666666,1133.5227276666667,2.619271,21.850008666666668,1.0,1.0,1.0,1.0,none,0:1.0500|1:0.9300|2:1.0300|3:0.9400|4:0.9500|5:1.1000|6:0.8200|,Emine Yıldız:6:33774|Ayşe Akgül:4:92223|Songül Kurt:1:24849|Murat Kaya:1:23974|Hüseyin Sarı:1:26424|Tuğba Kurt:1:26600|Kaan Bulut:2:52849|Ahmet Güler:1:22574|Meltem Özdemir:1:27124|Can Taş:1:26249|Merve Korkmaz:1:25199|Ahmet Tunç:1:26600|Hasan Özkan:1:23275|Songül Er:2:49349|Ufuk Kurt:3:68774|Emine Özdemir:1:25550|Mehmet Uysal:1:25024|Murat Erdoğan:1:25725|Elif Kalkan:2:53374|Songül Kara:1:24500|Ebru Sarı:2:53374|Levent Taş:3:77698|Volkan Tunç:1:23974|Seda Doğan:1:24849|Tuğba Tekin:1:26950|Ayşe Duman:2:49174,668460,235,0,3648,6,40.49893074518835,41.07285827104598,none,249460
Atak,22,25,2011,3,1552,1382,170,6513,196,109,0,6,120,2702940,1995811,694305,167500,37675,50012,55000,0,14100,370018,248743,180616,0,68127,77227,533876,259246,71527,0,12127,0,0,3.0,1.0,2.0,0.0,0.0,434.25454556,457.7272730000001,311.38727267999997,322.36181816,432.29999991999995,1.0,31.97579588,1.0,1.0,1.0,1.0,none,0:1.0000|1:0.9100|2:1.0300|3:0.9400|4:0.9500|5:1.1000|6:0.8200|,,2215742,1,121275,1,25,25.6870296787942,28.29383690654396,none,248743
Atak,22,55,2011,4,1866,1661,205,7908,237,96,0,14,151,3213625,2211643,977457,201000,45210,60374,66390,0,12935,591548,470273,349461,0,120812,128697,992980,1101493,71527,0,24254,0,0,3.0,1.0,2.0,0.0,0.0,431.0909092333333,459.09090899999995,293.34545453333334,296.3015150333333,431.19696963333337,1.00592,31.808879366666666,1.0,1.0,1.0,1.0,none,0:1.0000|1:0.9050|2:1.0300|3:0.9400|4:0.9500|5:1.1000|6:0.8200|,,2201498,1,121275,26,30,30.41602551635614,31.952762572741594,none,470273
Atak,22,86,2011,5,2218,1965,253,11390,188,167,0,44,171,4033315,2964810,1048528,207700,46717,62821,69099,0,8390,653801,532526,358545,0,173981,182371,1417652,1855552,71527,0,36381,0,0,3.0,1.0,2.0,0.0,0.0,404.6334310967742,464.31818200000004,293.7434017096774,293.954545483871,406.8313782580645,1.01307,43.357124258064516,1.0,1.0,1.0,1.0,none,0:1.0000|1:0.8900|2:1.0300|3:0.9100|4:0.9500|5:1.1000|6:0.8200|,,3012236,1,121275,56,31,25.99668015019903,27.405058718585153,none,532526
Atak,22,116,2011,6,2023,1812,211,10267,215,105,0,28,150,3548985,2523675,1007319,201000,45210,61245,77460,0,9028,613376,481076,354771,0,126305,130233,1190264,1998060,78030,0,49611,0,0,3.0,1.0,2.0,0.0,0.0,419.0303030333333,466.818182,294.0636364,293.5954546,422.19545453333336,1.020512,42.43744316666667,1.0,1.0,1.0,1.0,none,0:1.0500|1:0.8950|2:1.0300|3:0.9150|4:0.9500|5:1.1000|6:0.8200|,,2523874,1,132300,87,30,28.38329832332343,29.82282324898884,none,481076
Atak,22,147,2011,7,2247,1994,253,11565,187,99,0,52,167,4019735,2921335,1080068,222700,50220,63751,80600,0,5150,657647,605711,442367,0,163344,128487,1290760,2560355,78030,0,62841,0,0,3.0,1.0,2.0,0.0,0.0,420.7038123870968,470.227273,302.72434016129034,300.90762464516126,426.3269795806451,1.027766,42.234569580645164,1.0,1.0,1.0,1.0,none,0:1.0500|1:0.9100|2:1.0300|3:0.9300|4:0.9500|5:1.1000|6:0.8200|,,2955530,1,132300,117,31,26.86913440811397,28.043357048842598,none,525347
Atak,22,178,2011,8,2244,1991,253,11787,167,121,0,60,160,4092230,2994159,1077523,223200,50220,64216,81189,0,13079,645619,218614,109120,0,109494,152230,1403802,2633830,78030,0,76071,0,0,3.0,1.0,2.0,0.0,0.0,421.136364,474.090909,303.7478005806451,303.23167138709675,428.22140793548385,1.035317,42.55945696774193,1.0,1.0,1.0,1.0,none,0:1.0500|1:0.9100|2:1.0300|3:0.9300|4:0.9500|5:1.1000|6:0.8200|,,3013200,1,132300,148,31,26.33094914019984,27.874240615173974,none,513319
Atak,22,208,2011,9,1880,1679,201,9492,211,115,0,11,148,3566520,2539526,1002486,219980,46980,62595,68820,0,3010,601101,15410,-87814,0,103224,103224,1093840,11145849,78030,0,89301,0,0,3.7666666666666666,0.9,2.0,0.0,0.8666666666666667,433.9696969,477.272727,303.3075758333333,304.01212116666665,437.18636376666666,1.042922,39.65154486666667,1.0,1.0,1.0,1.0,none,0:1.0500|1:0.9300|2:1.0300|3:0.9400|4:0.9500|5:1.1000|6:0.8200|,,2568674,3,132300,179,30,28.108239965007908,30.108581774265048,none,468801
Atak,22,239,2011,10,1947,1733,214,9558,175,118,0,16,166,3688145,2553812,1114851,162130,33480,65146,71641,0,0,782454,1150069,747443,126500,276126,276126,1087278,11909155,78030,0,102531,0,0,3.0,0.0,2.0,0.0,1.0,435.89442822580645,481.136364,295.6319648387097,297.2170086774193,440.57624629032256,1.050335,40.70506235483871,1.0,1.0,1.0,1.0,none,0:1.0500|1:0.9300|2:1.0300|3:0.9400|4:0.9500|5:1.1000|6:0.8200|,,2568978,3,132300,209,31,30.22796012629655,32.17808127486241,none,650154
Atak,22,269,2011,11,1830,1631,199,9055,186,125,0,8,149,3508275,2424158,1068779,156900,32400,63495,69840,0,0,746144,1074148,672095,126500,275553,275553,1106150,12616490,78030,0,115761,0,0,3.0,0.0,2.0,0.0,1.0,435.90909100000005,484.545455,297.0727273,296.69848483333334,443.26363649999996,1.058051,41.55628143333333,1.0,1.0,1.0,1.0,none,0:1.0500|1:0.9300|2:1.0300|3:0.9400|4:0.9500|5:1.1000|6:0.8200|,,2419254,3,132300,240,30,30.46451603708375,31.849843595026112,none,613844
Atak,22,300,2011,12,1804,1616,188,8534,227,142,0,7,134,3701725,2461518,1223783,283630,60804,66077,79949,0,21502,711821,-1007446,-1364673,126500,230727,230727,1049142,5612512,79655,0,129266,0,0,3.870967741935484,0.0,2.0,0.8709677419354839,1.0,450.64516103225804,487.5,297.1686216129032,297.12903222580644,453.2038123870968,1.065572,36.846478612903226,1.0,1.0,1.0,1.0,none,0:1.0500|1:0.9300|2:1.0300|3:0.9400|4:0.9500|5:1.1000|6:0.8200|,,2479340,5,135056,270,31,33.05980319985952,34.057070327305404,none,576765
Atak,22,331,2012,1,1730,1534,196,7902,225,117,0,2,140,3469260,2239977,1217337,304630,65565,66569,80538,0,0,700035,1943146,1270722,136850,535574,535574,975000,6743342,79655,0,142771,0,0,4.0,0.0,2.0,1.0,1.0,454.52346083870964,491.81818200000004,289.24340180645163,291.14369496774196,457.2844574516129,1.0734,36.679742612903226,1.0,1.0,1.0,1.0,none,0:1.0500|1:0.9300|2:1.0300|3:0.9400|4:0.9500|5:1.1000|6:0.8200|,,2263440,5,135056,301,31,35.08924093322495,36.363372470867596,none,564979
Atak,22,360,2012,2,1725,1533,192,8069,215,150,0,6,140,3616895,2327326,1277897,285070,61335,62623,75777,0,0,793092,2321805,1634789,0,687016,687016,1115952,8495652,79655,0,156276,0,0,4.0,0.0,2.0,1.0,1.0,454.4043886551724,494.3181819999999,289.3542317931035,289.5752350689655,459.6081503448276,1.079586,37.57599537931035,1.0,1.0,1.0,1.0,none,0:1.0500|1:0.9300|2:1.0300|3:0.9400|4:0.9500|5:1.1000|6:0.8200|,,2342244,5,135056,332,29,35.33132700838703,36.322306954503965,none,658036
Atak,22,391,2012,3,1881,1678,203,8911,207,116,0,6,149,3663695,2369442,1279513,304730,65565,67313,74028,0,0,767877,2532450,1592790,267705,671955,671955,1079088,9782833,79655,0,169781,89724,0,4.0,0.0,2.0,1.0,1.0,454.61876809677415,496.590909,291.44721403225805,290.85483867741937,461.75953096774197,1.085405,38.38582987096774,1.0,1.0,1.0,1.0,none,0:1.0500|1:0.9300|2:1.0300|3:0.9400|4:0.9500|5:1.1000|6:0.8200|,Serap Kara:6:14954,2383176,5,135056,361,31,34.92411349743906,35.891952887827536,none,632821
Atak,22,421,2012,4,1706,1518,188,7881,215,76,0,5,143,3401880,2151853,1231316,294900,63450,65502,72060,0,0,735404,1093900,171751,130797,791352,791352,1063396,35811717,79655,0,183286,448620,0,4.0,0.0,2.0,1.0,1.0,464.37121219999995,499.318182,292.136364,291.5545455,465.3030301333334,1.09166,36.1704121,1.0,1.0,1.0,1.0,none,0:1.0500|1:0.9300|2:1.0300|3:0.9400|4:0.9500|5:1.1000|6:0.8200|,Serap Kara:6:14954,2158856,5,135056,392,30,36.19516267475631,37.089906453077056,none,600348
Atak,22,452,2012,5,1827,1624,203,8679,208,100,0,3,159,3761715,2406506,1341635,304730,65565,68058,74865,0,0,828417,-1971678,-3068400,495592,601130,601130,1104344,28936995,79655,0,196791,861653,0,4.0,0.0,2.0,1.0,1.0,465.909091,502.045455,296.863636,295.4105571935484,468.3152492258065,1.097747,35.636200064516125,1.0,1.0,1.0,1.0,none,0:1.0500|1:0.9300|2:1.0300|3:0.9400|4:0.9500|5:1.1000|6:0.8200|,Serap Kara:6:14954|Levent Aksoy:4:36189,2450804,9,135056,422,31,35.665514266763964,36.28292691974968,none,693361
Atak,22,482,2012,6,1793,1616,177,8750,158,61,0,10,148,3398520,2200744,1185004,294900,63450,66252,83790,0,0,676612,886138,-80019,2935,963222,963222,1011058,26813414,82906,0,210847,1536196,0,4.0,0.0,2.0,1.0,1.0,467.1363634,505.227273,301.80454540000005,300.1227272666667,471.57424223333334,1.104074,37.14645723333333,1.0,1.0,1.0,1.0,none,0:1.0500|1:0.9300|2:1.0300|3:0.9400|4:0.9500|5:1.1000|6:0.8200|,Serap Kara:6:14954|Levent Aksoy:4:36189,2234270,13,140569,453,30,34.86823676188458,35.39262428569052,none,536043
Atak,22,513,2012,7,1844,1658,186,9177,140,77,0,6,151,3489545,2254007,1209029,310730,66960,68833,87079,0,0,675427,9131566,6140980,674583,2316003,2316003,1004156,31848876,82906,0,224903,1644519,0,4.0,0.0,2.0,1.0,1.0,467.93255087096776,508.18181799999996,299.3988266451613,299.3709677419355,472.6422290322581,1.11023,37.972858096774196,1.0,1.0,1.0,1.0,none,0:1.0500|1:0.9300|2:1.0300|3:0.9400|4:0.9500|5:1.1000|6:0.8200|,Serap Kara:6:15511|Levent Aksoy:4:37538,2257186,13,140569,483,31,34.64718179590749,36.016670332532506,none,534858
Atak,22,544,2012,8,1731,1567,164,8281,120,75,0,7,133,3301430,2021131,1268153,310930,66960,69236,87575,0,0,733452,10576442,7217910,665575,2692957,2692957,793432,38081621,82906,0,238959,1644519,0,4.0,0.0,2.0,1.0,1.0,482.0527859032258,510.909091,292.227273,294.114369516129,480.5777125483871,1.116629,33.071972483870965,1.0,1.0,1.0,1.0,none,0:1.0500|1:0.9300|2:1.0300|3:0.9400|4:0.9500|5:1.1000|6:0.8200|,Serap Kara:6:15511|Levent Aksoy:4:37538,2028298,13,140569,514,31,38.41223348670122,39.378573976613026,none,592883
Atak,22,574,2012,9,1652,1456,196,7006,187,104,0,5,147,3266125,1990627,1262699,300900,64800,67393,74130,0,0,755476,8946077,5133985,656400,3155692,2614210,919358,37836120,82906,0,253015,1591470,0,4.0,0.0,2.0,1.0,1.0,482.70454540000003,514.090909,293.818182,293.44545453333336,484.26666670000003,1.123064,30.9640893,1.0,1.0,1.0,1.0,none,0:1.0500|1:0.9300|2:1.0300|3:0.9400|4:0.9500|5:1.1000|6:0.8200|,Serap Kara:6:15511|Levent Aksoy:4:37538,2017542,14,140569,545,30,38.66046155612538,39.130844157159665,none,614907
Atak,22,605,2012,10,1595,1405,190,7215,161,95,0,0,153,3190650,1972073,1201550,310930,66960,70042,77035,0,0,676583,9716052,5897021,647055,3171976,3713458,916060,121869294,82906,0,267071,1644519,0,4.0,0.0,2.0,1.0,1.0,483.409091,516.818182,297.954545,296.4545455483871,485.3841642580645,1.129326,32.18263790322581,1.0,1.0,1.0,1.0,none,0:1.0500|1:0.9300|2:1.0300|3:0.9400|4:0.9500|5:1.1000|6:0.8200|,Serap Kara:6:15511|Levent Aksoy:4:37538,1997952,14,140569,575,31,37.65847084449877,38.36389291239043,none,536014
Atak,22,635,2012,11,1655,1470,185,7580,179,116,0,0,144,3394420,2129744,1250878,300900,64800,68172,74970,0,0,742036,688425,-1662257,1802023,548659,548659,1072134,67093417,82906,0,281127,1591470,0,4.0,0.0,2.0,1.0,1.0,481.79545443333336,520.227273,302.5909092,300.93939386666665,487.15454536666664,1.135835,33.66954376666667,1.0,1.0,1.0,1.0,none,0:1.0500|1:0.9300|2:1.0300|3:0.9400|4:0.9500|5:1.1000|6:0.8200|,Serap Kara:6:15511|Levent Aksoy:4:37538,2150388,18,140569,606,30,36.85100841970057,37.195150677398125,none,601467
Atak,22,666,2012,12,1596,1390,206,6400,252,130,0,0,142,3199540,1951441,1235659,310930,66960,70818,85684,0,0,701267,27060112,21402254,1381,5656477,5656477,834700,55995652,86158,0,295735,1646594,0,4.0,0.0,2.0,1.0,1.0,495.21260977419354,522.727273,301.4706740967742,301.64076251612903,493.6158355483871,1.142168,29.37145338709677,1.0,1.0,1.0,1.0,none,0:1.0500|1:0.9300|2:1.0300|3:0.9400|4:0.9500|5:1.1000|6:0.8200|,Serap Kara:6:15511|Levent Aksoy:4:37538,1964950,19,146081,636,31,38.619895359957994,39.12298109003355,none,555186
Atak,22,697,2013,1,1517,1325,192,6368,224,152,0,0,135,3339240,2050316,1277423,316930,68355,71252,86180,0,0,734706,27076469,18392274,1757866,6926329,6926329,975476,75080606,86158,0,310343,1708844,0,4.0,0.0,2.0,1.0,1.0,497.331378483871,525.454545,305.272727,303.81964816129033,495.7448682258065,1.148751,28.543426999999998,1.0,1.0,1.0,1.0,none,0:1.0500|1:0.9300|2:1.0300|3:0.9400|4:0.9500|5:1.1000|6:0.8200|,Serap Kara:6:16117|Levent Aksoy:4:39006,2049936,19,146081,667,31,38.254902313101184,38.61784311083836,none,588625
Atak,22,725,2013,2,1384,1187,197,5579,209,100,0,0,141,2870285,1763086,1088431,286440,61740,64749,78316,0,0,597186,20683634,12241392,1732066,6710176,6710176,760394,79612435,86158,0,324951,1543472,0,4.0,0.0,2.0,1.0,1.0,498.5795457142857,528.863636,305.863636,304.95779207142857,499.16720789285716,1.155828,28.847453357142857,1.0,1.0,1.0,1.0,none,0:1.0500|1:0.9300|2:1.0300|3:0.9400|4:0.9500|5:1.1000|6:0.8200|,Serap Kara:6:16117|Levent Aksoy:4:39006,1809066,20,146081,698,28,37.92065944671,38.652991557885294,none,451105
Atak,22,756,2013,3,1620,1421,199,6749,166,94,0,0,166,3140012,1909671,1215498,317130,68355,72089,79267,0,687,677970,33603461,22819003,1705890,9078568,7061314,845970,88562238,86158,0,339559,1708844,0,4.0,0.0,2.0,1.0,1.0,498.49706754838707,531.818182,302.272727,303.22140770967746,500.93988277419356,1.162259,29.674643838709677,1.0,1.0,1.0,1.0,none,0:1.0500|1:0.9300|2:1.0300|3:0.9400|4:0.9500|5:1.1000|6:0.8200|,Serap Kara:6:16117|Levent Aksoy:4:39006,1925042,20,146081,726,31,38.70997945230783,39.36318853657858,none,531889
Atak,22,786,2013,4,1516,1340,176,6218,193,63,0,0,140,3034201,1798770,1223334,306900,66150,70184,77190,0,384,702526,33190331,22865828,1679333,8645170,10662424,891574,100185408,86158,0,354167,1653720,0,4.0,0.0,2.0,1.0,1.0,510.0681821,535.454545,303.59090899999995,302.9651515,505.7000002666667,1.16942,28.3798919,1.0,1.0,1.0,1.0,none,0:1.0500|1:0.9300|2:1.0300|3:0.9400|4:0.9500|5:1.1000|6:0.8200|,Serap Kara:6:16117|Levent Aksoy:4:39006,1817338,20,146081,757,30,40.31815954183655,40.48032799260545,none,556445
Atak,22,817,2013,5,1743,1534,209,7079,207,84,0,2,170,3322472,2002687,1301079,317130,68355,72957,80228,0,577,761832,35100863,25851043,1652390,7597430,7597430,971082,104558806,86158,0,368775,1708844,0,4.0,0.0,2.0,1.0,1.0,508.555718483871,538.409091,308.68181799999996,306.6422288064516,508.80058638709676,1.176391,29.14762577419355,1.0,1.0,1.0,1.0,none,0:1.0500|1:0.9300|2:1.0300|3:0.9400|4:0.9500|5:1.1000|6:0.8200|,Serap Kara:6:16117|Levent Aksoy:4:39006,2033904,21,146081,787,31,39.159968842476324,39.30226191925321,none,615751
Atak,22,847,2013,6,1738,1519,219,7594,191,84,0,10,160,3366964,2001923,1350771,306900,66150,71024,89850,0,729,816118,36848793,23835296,1625340,11388157,9051915,936116,121683818,89409,0,383934,1655909,0,4.0,0.0,2.0,1.0,1.0,512.9545452666666,542.045455,305.545455,306.46060620000003,512.1287877333333,1.183639,28.1315249,1.0,1.0,1.0,1.0,none,0:1.0500|1:0.9300|2:1.0300|3:0.9400|4:0.9500|5:1.1000|6:0.8200|,Serap Kara:6:16117|Levent Aksoy:4:39006,1996988,21,151594,818,30,40.118367763955895,40.43420458606953,none,664524
Atak,22,878,2013,7,1847,1631,216,8306,162,76,0,5,174,3687788,2205139,1463575,323130,69750,73826,93372,0,779,902718,26781921,17765987,1601102,7414832,9751074,1009360,109493518,89409,0,399093,1776703,0,4.0,0.0,2.0,1.0,1.0,513.3504395806452,545.0,309.727273,308.3665689354839,514.2008798709677,1.190696,28.622921774193546,1.0,1.0,1.0,1.0,none,0:1.0500|1:0.9300|2:1.0300|3:0.9400|4:0.9500|5:1.1000|6:0.8200|,Serap Kara:6:16758|Levent Aksoy:4:40555,2247346,23,151594,848,31,39.68706986410282,39.66552882412733,none,751124
Atak,22,909,2013,8,1740,1542,198,7470,203,67,0,5,155,3339271,1969107,1355215,323330,69750,74291,93961,0,336,793547,35597535,26096397,2954,9498184,9498184,854774,137131323,89409,0,414252,1776703,0,4.0,0.0,2.0,1.0,1.0,523.8049856774193,549.090909,312.35630525806454,310.9428153870968,518.9941346451612,1.198032,27.046443032258065,1.0,1.0,1.0,1.0,none,0:1.0500|1:0.9300|2:1.0300|3:0.9400|4:0.9500|5:1.1000|6:0.8200|,Serap Kara:6:16758|Levent Aksoy:4:40555,1965564,23,151594,879,31,40.584157440351504,40.3678250877844,none,641953
Atak,22,939,2013,9,1710,1491,219,7004,227,85,0,4,157,3408797,2071564,1319272,312900,67500,72344,79560,0,1178,785790,45076184,30144359,1421130,13510695,13510695,873300,149576209,89409,0,429411,1719390,0,4.0,0.0,2.0,1.0,1.0,523.2651519,551.590909,320.636364,318.1848485,521.4863636,1.205414,27.8926981,1.0,1.0,1.0,1.0,none,0:1.0500|1:0.9300|2:1.0300|3:0.9400|4:0.9500|5:1.1000|6:0.8200|,Serap Kara:6:16758|Levent Aksoy:4:40555,2123316,23,151594,910,30,38.701981960204726,38.72392173723885,none,634196
Atak,22,970,2013,10,1743,1510,233,7255,179,91,0,5,188,3660333,2241222,1401503,323330,69750,75190,82708,0,811,849714,40390847,28919806,1399358,10071683,10071683,937876,150137718,89409,0,444570,1776703,0,4.0,0.0,2.0,1.0,1.0,524.1348977741935,555.227273,322.0161292258065,320.93255122580644,524.806451483871,1.2126,28.216275290322578,1.0,1.0,1.0,1.0,none,0:1.0500|1:0.9300|2:1.0300|3:0.9400|4:0.9500|5:1.1000|6:0.8200|,Serap Kara:6:16758|Levent Aksoy:4:40555,2274588,25,151594,940,31,38.28894802740625,38.56235663885585,none,698120
Atak,22,1000,2013,11,1779,1526,253,6829,232,99,0,10,191,3439970,2120592,1299854,312900,67500,73215,80520,0,0,765719,60235990,47078388,1377305,11780297,11780297,1055490,142239899,89409,0,459729,1719390,0,4.0,0.0,2.0,1.0,1.0,525.9999997,558.409091,325.681818,323.9257575666667,527.7727273333334,1.220071,28.222312900000002,1.0,1.0,1.0,1.0,none,0:1.0500|1:0.9300|2:1.0300|3:0.9400|4:0.9500|5:1.1000|6:0.8200|,Serap Kara:6:16758|Levent Aksoy:4:40555,2151274,25,151594,971,30,37.78678302427056,38.083304527423934,none,614125
Atak,22,1031,2013,12,1529,1312,217,5968,267,64,0,0,154,3381538,2060070,1310629,323330,69750,76120,92070,0,879,748480,63624943,44135359,1354968,18134616,18134616,866106,173770059,94286,0,475715,1779082,0,4.0,0.0,2.0,1.0,1.0,538.1671553870968,562.045455,328.272727,326.7258064516129,530.4794723225807,1.227345,26.047646419354837,1.0,1.0,1.0,1.0,none,0:1.0500|1:0.9300|2:1.0300|3:0.9400|4:0.9500|5:1.1000|6:0.8200|,Serap Kara:6:16758|Levent Aksoy:4:40555,2106172,25,159862,1001,31,38.758369712243365,39.001716527297624,none,588618
Atak,22,1062,2014,1,1628,1350,278,6114,270,127,0,0,191,3377533,2041248,1321252,332330,71827,76586,92628,0,320,747561,27587622,14549517,1332343,11705762,11705762,832578,194942673,94286,0,491701,1850452,0,4.0,0.0,2.0,1.0,1.0,539.1129031935484,565.227273,323.31818200000004,324.57331370967745,533.8900291612904,1.234907,25.656944612903224,1.0,1.0,1.0,1.0,none,0:1.0500|1:0.9300|2:1.0300|3:0.9400|4:0.9500|5:1.1000|6:0.8200|,Serap Kara:6:17454|Levent Aksoy:4:42238,2030010,27,159862,1032,31,39.11884798756962,40.02774185430233,none,587699
Atak,22,1090,2014,2,1554,1306,248,5949,240,100,0,0,182,3368620,2035014,1317206,300440,64876,69623,84224,0,0,798043,25573176,14841448,1309426,9422302,9422302,1034850,180147933,94286,0,507687,1671376,0,4.0,0.0,2.0,1.0,1.0,539.2288960714286,569.545455,325.409091,324.83766225,538.9886362142857,1.243005,27.272261964285715,1.0,1.0,1.0,1.0,none,0:1.0500|1:0.9300|2:1.0300|3:0.9400|4:0.9500|5:1.1000|6:0.8200|,Serap Kara:6:17454|Levent Aksoy:4:42238,2034090,31,159862,1063,28,39.10224364873449,39.65288333567071,none,638181
Atak,22,1121,2014,3,1706,1473,233,6862,203,79,0,5,189,3547380,2115772,1413934,332630,71827,77547,85281,0,0,846649,60466481,42830035,1115,17635331,17635331,978850,187781419,94286,0,523673,1850452,0,4.0,0.0,2.0,1.0,1.0,540.3885631612903,572.954545,322.10117299999996,322.67888561290323,542.0293255161291,1.250366,28.250412741935484,1.0,1.0,1.0,1.0,none,0:1.0500|1:0.9300|2:1.0300|3:0.9400|4:0.9500|5:1.1000|6:0.8200|,Serap Kara:6:17454|Levent Aksoy:4:42238,2150746,31,159862,1091,31,39.85854348843372,40.394524429662646,none,686787
Atak,22,1151,2014,4,1654,1420,234,6476,300,59,0,0,181,3528480,2053762,1455349,321900,69510,75526,83070,0,0,905343,63814927,46059984,1396210,16358733,16358733,988190,213241419,94286,0,539659,1790760,0,4.0,0.0,2.0,1.0,1.0,553.4166666,575.454545,323.09090899999995,322.1999998666667,544.5727271000001,1.258565,25.600401933333334,1.0,1.0,1.0,1.0,none,0:1.0500|1:0.9300|2:1.0300|3:0.9400|4:0.9500|5:1.1000|6:0.8200|,Serap Kara:6:17454|Levent Aksoy:4:42238,2052226,31,159862,1122,30,41.245777218519024,41.61886901871633,none,745481
Atak,22,1182,2014,5,1821,1544,277,7390,278,94,0,0,220,3886290,2298991,1571756,332630,71827,78540,86366,0,0,1002393,70340485,51924120,1375215,17041150,17041150,1052442,242295575,94286,0,555645,1850452,0,4.0,0.0,2.0,1.0,1.0,552.9398826451613,579.772727,328.954545,326.87829916129033,548.3709675161291,1.266552,26.33677887096774,1.0,1.0,1.0,1.0,none,0:1.0500|1:0.9300|2:1.0300|3:0.9400|4:0.9500|5:1.1000|6:0.8200|,Serap Kara:6:17454|Levent Aksoy:4:42238,2329692,31,159862,1152,31,40.4436107444375,40.50808138014159,none,842531
Atak,22,1212,2014,6,1691,1479,212,7114,215,50,0,4,184,3333419,2006100,1316019,321900,69510,76516,96750,0,390,750953,49445188,29173933,1353933,18917322,18917322,940962,236862034,97537,0,572182,1793275,0,4.0,0.0,2.0,1.0,1.0,552.7954544,582.954545,334.954545,332.4575757,551.4303032,1.274857,28.03690273333333,1.0,1.0,1.0,1.0,none,0:1.0500|1:0.9300|2:1.0300|3:0.9400|4:0.9500|5:1.1000|6:0.8200|,Serap Kara:6:17454|Levent Aksoy:4:42238,2037588,34,165375,1183,30,39.47955537542685,39.40714556642708,none,585578
Atak,22,1243,2014,7,1851,1588,263,7617,185,75,0,9,204,3520819,2137844,1362627,338630,73222,79563,100626,0,577,770009,61235824,43142584,1332359,16760881,16760881,828650,258054555,97537,0,588719,1928417,0,4.0,0.0,2.0,1.0,1.0,553.9149559032259,587.954545,339.363636,337.38856316129034,555.5879768387097,1.282947,28.899667483870967,1.0,1.0,1.0,1.0,none,0:1.0500|1:0.9300|2:1.0300|3:0.9400|4:0.9500|5:1.1000|6:0.8200|,Serap Kara:6:18189|Levent Aksoy:4:44018,2158904,34,165375,1213,31,38.70198950869102,38.7336210399616,none,604634
Atak,22,1274,2014,8,1762,1531,231,7288,169,57,0,3,198,3394305,2025436,1352310,338830,73222,80090,101277,0,1409,757482,56638141,34580613,1310776,20746752,16300687,853416,272138243,97537,0,605256,1928417,0,4.0,0.0,2.0,1.0,1.0,565.6451611290323,590.681818,340.954545,339.67448687096777,559.3856306129031,1.291361,27.095913161290323,1.0,1.0,1.0,1.0,none,0:1.0500|1:0.9300|2:1.0300|3:0.9400|4:0.9500|5:1.1000|6:0.8200|,Serap Kara:6:18189|Levent Aksoy:4:44018,2062902,37,165375,1244,31,39.84055646148475,39.72289194175161,none,592107
Atak,22,1304,2014,9,1722,1482,240,6985,184,103,0,0,207,3755739,2227008,1513206,327900,70860,78016,85800,0,462,950168,86472488,63596392,1292661,21583435,26029500,1055286,292995333,97537,0,621793,1866210,0,4.0,0.0,2.0,1.0,1.0,565.6818179999999,594.3181820000001,332.772727,335.0515152,562.368182,1.299829,27.199756133333334,1.0,1.0,1.0,1.0,none,0:1.0500|1:0.9300|2:1.0300|3:0.9400|4:0.9500|5:1.1000|6:0.8200|,Serap Kara:6:18189|Levent Aksoy:4:44018,2266346,37,165375,1275,30,40.29049941968811,41.17316194171897,none,784793
Atak,22,1335,2014,10,1753,1523,230,7180,203,81,0,7,183,3853355,2266097,1564948,338830,73222,81113,89218,0,0,982565,98041454,73776490,1270186,22994778,22994778,1024726,322045811,97537,0,638330,1928417,0,4.0,0.0,2.0,1.0,1.0,567.8958946774193,599.318182,333.545455,333.6832842903226,566.6085042903226,1.308077,27.92506387096774,1.0,1.0,1.0,1.0,none,0:1.0500|1:0.9300|2:1.0300|3:0.9400|4:0.9500|5:1.1000|6:0.8200|,Serap Kara:6:18189|Levent Aksoy:4:44018,2232314,38,165375,1305,31,40.61260901214656,41.26644370453441,none,817190
Atak,22,1365,2014,11,1662,1453,209,6991,196,82,0,5,166,3758490,2247384,1497642,327900,70860,79007,86910,0,0,932965,109600899,81664180,3174,27933545,21276060,1077760,289927326,97537,0,654867,1866210,0,4.0,0.0,2.0,1.0,1.0,569.7045456333333,602.272727,343.545455,340.76212123333335,569.5909090333333,1.316655,27.8719112,1.0,1.0,1.0,1.0,none,0:1.0500|1:0.9300|2:1.0300|3:0.9400|4:0.9500|5:1.1000|6:0.8200|,Serap Kara:6:18189|Levent Aksoy:4:44018,2312108,40,165375,1336,30,39.84690660344979,39.69761034325522,none,767590
Atak,22,1396,2014,12,1696,1466,230,6649,244,111,0,0,186,3928305,2328019,1584685,338830,73222,82167,99417,0,0,991049,131926802,100561518,1271986,30093298,36750783,961710,356677497,102414,0,672231,1965277,0,4.0,0.0,2.0,1.0,1.0,580.3372432258064,606.818182,345.136364,343.9032258709678,574.0381234516129,1.32501,26.351522806451612,1.0,1.0,1.0,1.0,none,0:1.0500|1:0.9300|2:1.0300|3:0.9400|4:0.9500|5:1.1000|6:0.8200|,Serap Kara:6:18189|Levent Aksoy:4:44018|Can Şimşek:1:11212,2319828,40,173644,1366,31,40.34017216076654,40.52831038698147,none,817405
Atak,22,1427,2015,1,1661,1402,259,6210,235,111,0,0,195,3726790,2240954,1467401,347830,75330,82696,100068,0,0,861477,55686171,30626722,1252838,23806611,23806611,900396,420503639,102414,0,689595,2375933,0,4.0,0.0,2.0,1.0,1.0,581.6715543870968,610.227273,351.0,348.7082111290323,577.8460409354839,1.3337,24.83804929032258,1.0,1.0,1.0,1.0,none,0:1.0500|1:0.9300|2:1.0300|3:0.9400|4:0.9500|5:1.1000|6:0.8200|,Serap Kara:6:18987|Levent Aksoy:4:45951|Can Şimşek:1:11705,2256750,44,173644,1397,31,39.37439458622568,39.65666752092661,none,687833
Atak,22,1455,2015,2,1344,1153,191,5368,215,95,0,0,147,3302755,1968216,1317075,314440,68040,75225,91000,0,0,768370,52477378,30053858,1233429,21190091,21190091,901310,392318141,102414,0,706959,2924387,0,4.0,0.0,2.0,1.0,1.0,583.7905840714286,614.5454550000001,346.91558442857144,347.827922,581.6801949642856,1.342972,24.49767042857143,1.0,1.0,1.0,1.0,none,0:1.0500|1:0.9300|2:1.0300|3:0.9400|4:0.9500|5:1.1000|6:0.8200|,Serap Kara:6:18987|Levent Aksoy:4:45951|Can Şimşek:1:11705|Can Kaya:1:12571|Onur Aksoy:1:12485|Ahmet Öztürk:1:11444|Songül Çelik:1:13179|Halil Yıldırım:2:22802,2015324,50,173644,1428,28,39.87807148880253,40.57533747647338,none,594726
Atak,22,1486,2015,3,1438,1213,225,5717,224,44,0,0,184,3231550,1948050,1268954,348130,75330,83812,92163,0,0,669519,96077818,65331351,1213753,29532714,29532714,792356,371716327,102414,0,724323,4622844,0,4.0,0.0,2.0,1.0,1.0,586.0777122258065,618.409091,355.117302,352.86070377419355,585.1774192903225,1.351403,24.631387903225807,1.0,1.0,1.0,1.0,none,0:1.0500|1:0.9300|2:1.0300|3:0.9400|4:0.9500|5:1.1000|6:0.8200|,Serap Kara:6:18987|Levent Aksoy:4:45951|Can Şimşek:1:11705|Can Kaya:1:12571|Onur Aksoy:1:12485|Ahmet Öztürk:1:11444|Songül Çelik:1:13179|Halil Yıldırım:2:22802,1996680,56,173644,1456,31,39.26765793504665,39.40781323157041,none,495875
Atak,22,1516,2015,4,1377,1170,207,5621,236,64,0,0,157,3089190,1821779,1249920,336900,72900,81678,89820,0,0,668622,120413399,89012412,1193807,30207180,30207180,856566,410223904,102414,0,741687,4473720,0,4.0,0.0,2.0,1.0,1.0,595.7196965666667,622.954545,350.65909100000005,351.7409090666667,587.2393938,1.360799,23.395192366666667,1.0,1.0,1.0,1.0,none,0:1.0500|1:0.9300|2:1.0300|3:0.9400|4:0.9500|5:1.1000|6:0.8200|,Serap Kara:6:18987|Levent Aksoy:4:45951|Can Şimşek:1:11705|Can Kaya:1:12571|Onur Aksoy:1:12485|Ahmet Öztürk:1:11444|Songül Çelik:1:13179|Halil Yıldırım:2:22802,1808340,56,173644,1487,30,40.461091742495604,41.13689827263283,none,494978
Atak,22,1547,2015,5,1394,1160,234,5278,195,50,0,0,199,3023906,1762794,1243927,348130,75330,84959,93434,0,571,641503,122988392,82218494,1173587,39596311,32220817,814732,455476471,102414,0,759051,4622844,0,4.0,0.0,2.0,1.0,1.0,597.9178883548387,626.818182,347.0,348.64809374193544,593.3489735483871,1.369954,24.08778909677419,1.0,1.0,1.0,1.0,none,0:1.0500|1:0.9300|2:1.0300|3:0.9400|4:0.9500|5:1.1000|6:0.8200|,Serap Kara:6:18987|Levent Aksoy:4:45951|Can Şimşek:1:11705|Can Kaya:1:12571|Onur Aksoy:1:12485|Ahmet Öztürk:1:11444|Songül Çelik:1:13179|Halil Yıldırım:2:22802,1805132,57,173644,1517,31,41.13643082820696,41.96527537338533,none,467859
Atak,22,1577,2015,6,1431,1210,221,5833,201,36,0,0,179,3015915,1743321,1254763,336900,72900,82789,104700,0,2090,655384,106341549,74381636,1153090,30806823,38182317,787170,463382557,105665,0,776966,6110942,0,4.0,0.0,2.0,1.0,1.0,600.1287881999999,632.045455,347.545455,347.9121212333333,596.5757576666667,1.379479,24.686405833333332,1.0,1.0,1.0,1.0,none,0:1.0500|1:0.9300|2:1.0300|3:0.9400|4:0.9500|5:1.1000|6:0.8200|,Serap Kara:6:18987|Levent Aksoy:4:45951|Can Şimşek:1:11705|Can Kaya:1:12571|Onur Aksoy:1:12485|Ahmet Öztürk:1:11444|Songül Çelik:1:13179|Halil Yıldırım:2:22802|Cengiz Tunç:1:13785|Özlem Özkan:1:12571|Can Yıldız:2:24969|Can Demir:1:12832|Emine Uysal:1:13179|Sevgi Yavuz:1:12832,1755814,61,179156,1548,30,41.6047202921833,42.0881880966896,none,476228
Atak,22,1608,2015,7,1479,1255,224,6315,180,54,0,0,186,3290817,1898114,1375607,354130,76725,86137,108934,0,1316,748365,100935641,71956482,665,28978494,28978494,866618,492469646,105665,0,794881,7748698,0,4.0,0.0,2.0,1.0,1.0,608.3797654193548,635.227273,353.772727,351.5322580967742,601.2170091290322,1.38876,24.02788219354839,1.0,1.0,1.0,1.0,none,0:1.0500|1:0.9300|2:1.0300|3:0.9400|4:0.9500|5:1.1000|6:0.8200|,Serap Kara:6:19834|Levent Aksoy:4:47999|Can Şimşek:1:12225|Can Kaya:1:13132|Onur Aksoy:1:13041|Ahmet Öztürk:1:11955|Songül Çelik:1:13765|Halil Yıldırım:2:23818|Cengiz Tunç:1:14400|Özlem Özkan:1:13132|Can Yıldız:2:26083|Can Demir:1:13404|Emine Uysal:1:13765|Sevgi Yavuz:1:13404,1918370,63,179156,1578,31,41.801382453050415,41.85001752052927,none,569209
Atak,22,1639,2015,8,1399,1181,218,5694,155,25,0,0,195,2975694,1726929,1237166,354330,76725,86726,109678,0,1923,607784,107273209,64934469,1224571,41114169,41114169,851448,527155138,105665,0,812796,10177848,0,4.0,0.0,2.0,1.0,1.0,608.5630501935483,640.909091,355.772727,353.9413489032258,606.6275662258064,1.398416,25.365320774193545,1.0,1.0,1.0,1.0,none,0:1.0500|1:0.9300|2:1.0300|3:0.9400|4:0.9500|5:1.1000|6:0.8200|,Serap Kara:6:19834|Levent Aksoy:4:47999|Can Şimşek:1:12225|Can Kaya:1:13132|Onur Aksoy:1:13041|Ahmet Öztürk:1:11955|Songül Çelik:1:13765|Halil Yıldırım:2:23818|Cengiz Tunç:1:14400|Özlem Özkan:1:13132|Can Yıldız:2:26083|Can Demir:1:13404|Emine Uysal:1:13765|Sevgi Yavuz:1:13404|Fatma Kalkan:1:11683|Yasemin Doğan:2:26444|Songül Erdoğan:3:35410|Yusuf Demir:1:12769|Ebru Çetin:1:13132,1748506,66,179156,1609,31,41.57571309415552,41.53888789553531,none,428628
Atak,22,1669,2015,9,1322,1128,194,5468,174,44,0,0,164,3070801,1826645,1227020,342900,74250,84499,92940,0,1632,630799,143030990,106617462,1206448,35207080,35207080,876228,538471483,105665,0,830711,12294600,0,4.0,0.0,2.0,1.0,1.0,609.7272728,644.090909,366.5,362.2,609.2257578333333,1.408139,25.510704866666668,1.0,1.0,1.0,1.0,none,0:1.0500|1:0.9300|2:1.0300|3:0.9400|4:0.9500|5:1.1000|6:0.8200|,Serap Kara:6:19834|Levent Aksoy:4:47999|Can Şimşek:1:12225|Can Kaya:1:13132|Onur Aksoy:1:13041|Ahmet Öztürk:1:11955|Songül Çelik:1:13765|Halil Yıldırım:2:23818|Cengiz Tunç:1:14400|Özlem Özkan:1:13132|Can Yıldız:2:26083|Can Demir:1:13404|Emine Uysal:1:13765|Sevgi Yavuz:1:13404|Fatma Kalkan:1:11683|Yasemin Doğan:2:26444|Songül Erdoğan:3:35410|Yusuf Demir:1:12769|Ebru Çetin:1:13132|Selin Uçar:1:13765|Ercan Yavuz:2:27351|İbrahim Özkan:3:34414,1848608,75,179156,1640,30,39.957652742720875,39.89115849829836,none,451643
Atak,22,1700,2015,10,1402,1176,226,5251,191,54,0,0,187,3085211,1821853,1243986,354330,76725,87905,96689,0,1008,627329,152583995,112063724,1188399,39331872,39331872,858570,571361717,105665,0,848626,13683658,0,4.0,0.0,2.0,1.0,1.0,620.7551318064516,648.8636359999999,368.0703815806451,366.32551309677416,613.7976539032258,1.417612,24.353227129032256,1.0,1.0,1.0,1.0,none,0:1.0500|1:0.9300|2:1.0300|3:0.9400|4:0.9500|5:1.1000|6:0.8200|,Serap Kara:6:19834|Levent Aksoy:4:47999|Can Şimşek:1:12225|Can Kaya:1:13132|Onur Aksoy:1:13041|Ahmet Öztürk:1:11955|Songül Çelik:1:13765|Halil Yıldırım:2:23818|Cengiz Tunç:1:14400|Özlem Özkan:1:13132|Can Yıldız:2:26083|Can Demir:1:13404|Emine Uysal:1:13765|Sevgi Yavuz:1:13404|Fatma Kalkan:1:11683|Yasemin Doğan:2:26444|Songül Erdoğan:3:35410|Yusuf Demir:1:12769|Ebru Çetin:1:13132|Selin Uçar:1:13765|Ercan Yavuz:2:27351|İbrahim Özkan:3:34414|Hatice Bulut:1:13856|Esin Taş:2:25448,1857306,75,179156,1670,31,40.32093753069077,40.70602678554937,none,448173
Atak,22,1730,2015,11,1328,1121,207,5187,171,42,0,0,175,3047938,1818844,1212500,342900,74250,85669,94200,0,1207,614274,200949276,149287944,1174517,50486815,50486815,800486,503374046,105665,0,866541,13926900,0,4.0,0.0,2.0,1.0,1.0,619.4242423666667,653.863636,369.545455,368.2303030333333,616.9484848666667,1.427469,25.0508159,1.0,1.0,1.0,1.0,none,0:1.0500|1:0.9300|2:1.0300|3:0.9400|4:0.9500|5:1.1000|6:0.8200|,Serap Kara:6:19834|Levent Aksoy:4:47999|Can Şimşek:1:12225|Can Kaya:1:13132|Onur Aksoy:1:13041|Ahmet Öztürk:1:11955|Songül Çelik:1:13765|Halil Yıldırım:2:23818|Cengiz Tunç:1:14400|Özlem Özkan:1:13132|Can Yıldız:2:26083|Can Demir:1:13404|Emine Uysal:1:13765|Sevgi Yavuz:1:13404|Fatma Kalkan:1:11683|Yasemin Doğan:2:26444|Songül Erdoğan:3:35410|Yusuf Demir:1:12769|Ebru Çetin:1:13132|Selin Uçar:1:13765|Ercan Yavuz:2:27351|İbrahim Özkan:3:34414|Hatice Bulut:1:13856|Esin Taş:2:25448,1852214,76,179156,1701,30,39.78099292045967,40.34049206920635,none,435118
Atak,22,1761,2015,12,1373,1168,205,5750,190,86,0,0,164,3514928,2137516,1363241,354330,76725,89114,107818,0,953,734301,238273679,183649847,1155594,53468238,53468238,913156,620289514,110542,0,885283,14412734,0,4.0,0.0,2.0,1.0,1.0,614.6407622903226,658.181818,372.545455,370.78739003225803,617.4252199354839,1.437072,26.77944,1.0,1.0,1.0,1.0,none,0:1.0500|1:0.9250|2:1.0300|3:0.9350|4:0.9450|5:1.1000|6:0.8200|,Serap Kara:6:19834|Levent Aksoy:4:47999|Can Şimşek:1:12225|Can Kaya:1:13132|Onur Aksoy:1:13041|Ahmet Öztürk:1:11955|Songül Çelik:1:13765|Halil Yıldırım:2:23818|Cengiz Tunç:1:14400|Özlem Özkan:1:13132|Can Yıldız:2:26083|Can Demir:1:13404|Emine Uysal:1:13765|Sevgi Yavuz:1:13404|Fatma Kalkan:1:11683|Yasemin Doğan:2:26444|Songül Erdoğan:3:35410|Yusuf Demir:1:12769|Ebru Çetin:1:13132|Selin Uçar:1:13765|Ercan Yavuz:2:27351|İbrahim Özkan:3:34414|Hatice Bulut:1:13856|Esin Taş:2:25448,2135518,76,187425,1731,31,38.78432218241739,39.3880982426561,none,546876
Atak,22,1792,2016,1,1411,1209,202,5899,198,61,0,0,165,3700984,2211171,1481525,363330,78802,89735,108562,0,562,840534,108902168,51463549,1136395,56302224,46787710,922184,811387134,110542,0,904025,15383288,0,4.0,0.0,2.0,1.0,1.0,634.0542526451612,662.272727,377.727273,375.18768332258065,625.5351908387097,1.447064,25.088257645161292,1.0,1.0,1.0,1.0,none,0:1.0500|1:0.9300|2:1.0300|3:0.9400|4:0.9500|5:1.1000|6:0.8200|,Serap Kara:6:20756|Levent Aksoy:4:50232|Can Şimşek:1:12795|Can Kaya:1:13743|Onur Aksoy:1:13648|Ahmet Öztürk:1:12511|Songül Çelik:1:14406|Halil Yıldırım:2:24926|Cengiz Tunç:1:15070|Özlem Özkan:1:13743|Can Yıldız:2:27295|Can Demir:1:14027|Emine Uysal:1:14406|Sevgi Yavuz:1:14027|Fatma Kalkan:1:12227|Yasemin Doğan:2:27675|Songül Erdoğan:3:37059|Yusuf Demir:1:13364|Ebru Çetin:1:13743|Selin Uçar:1:14406|Ercan Yavuz:2:28623|İbrahim Özkan:3:36015|Hatice Bulut:1:14502|Esin Taş:2:26633|Ercan Turan:1:15354,2223744,79,187425,1762,31,40.030570248344766,40.42666358214786,none,653109
Atak,22,1821,2016,2,1239,1013,226,4680,186,67,0,0,189,2899179,1713069,1171290,340170,73718,84555,102312,0,809,569726,89986582,49770211,1116917,39099454,48613968,833680,696002244,110542,0,922767,14548764,0,4.0,0.0,2.0,1.0,1.0,635.227273,667.272727,369.863636,372.05172420689655,630.1927898965517,1.4576940000000003,24.49832224137931,1.0,1.0,1.0,1.0,none,0:1.0500|1:0.9300|2:1.0300|3:0.9400|4:0.9500|5:1.1000|6:0.8200|,Serap Kara:6:20756|Levent Aksoy:4:50232|Can Şimşek:1:12795|Can Kaya:1:13743|Onur Aksoy:1:13648|Ahmet Öztürk:1:12511|Songül Çelik:1:14406|Halil Yıldırım:2:24926|Cengiz Tunç:1:15070|Özlem Özkan:1:13743|Can Yıldız:2:27295|Can Demir:1:14027|Emine Uysal:1:14406|Sevgi Yavuz:1:14027|Fatma Kalkan:1:12227|Yasemin Doğan:2:27675|Songül Erdoğan:3:37059|Yusuf Demir:1:13364|Ebru Çetin:1:13743|Selin Uçar:1:14406|Ercan Yavuz:2:28623|İbrahim Özkan:3:36015|Hatice Bulut:1:14502|Esin Taş:2:26633|Ercan Turan:1:15354|Yusuf Aydın:1:14312,1746298,85,187425,1793,29,40.40074793588116,41.77459757777119,none,382301
Atak,22,1852,2016,3,1296,1075,221,4912,183,26,0,0,179,2914829,1726499,1169148,363630,78802,91007,100099,0,1406,534204,138228364,99935914,1097155,37195295,37195295,837246,659848443,110542,0,941509,16722604,0,4.0,0.0,2.0,1.0,1.0,632.6539588064517,671.1363640000001,375.090909,373.3123166451613,632.3079178064515,1.467709,25.8841964516129,1.0,1.0,1.0,1.0,none,0:1.0500|1:0.9300|2:1.0300|3:0.9400|4:0.9500|5:1.1000|6:0.8200|,Serap Kara:6:20756|Levent Aksoy:4:50232|Can Şimşek:1:12795|Can Kaya:1:13743|Onur Aksoy:1:13648|Ahmet Öztürk:1:12511|Songül Çelik:1:14406|Halil Yıldırım:2:24926|Cengiz Tunç:1:15070|Özlem Özkan:1:13743|Can Yıldız:2:27295|Can Demir:1:14027|Emine Uysal:1:14406|Sevgi Yavuz:1:14027|Fatma Kalkan:1:12227|Yasemin Doğan:2:27675|Songül Erdoğan:3:37059|Yusuf Demir:1:13364|Ebru Çetin:1:13743|Selin Uçar:1:14406|Ercan Yavuz:2:28623|İbrahim Özkan:3:36015|Hatice Bulut:1:14502|Esin Taş:2:26633|Ercan Turan:1:15354|Yusuf Aydın:1:14312|Hüseyin Çelik:1:15260|Tuğba Bulut:2:25969,1719960,95,187425,1822,31,40.1103460957744,40.71152108055458,none,346779
Atak,22,1882,2016,4,1260,1060,200,5005,171,49,0,0,162,3057812,1794789,1245903,351900,76260,88731,97590,0,1025,630397,169816069,123236540,2664,46576865,46576865,806668,714332662,110542,0,960251,16701840,0,4.0,0.0,2.0,1.0,1.0,642.8257575666667,676.590909,378.454545,376.30606059999997,636.5969696333334,1.4784910000000002,24.689207733333333,1.0,1.0,1.0,1.0,none,0:1.0500|1:0.9300|2:1.0300|3:0.9400|4:0.9500|5:1.1000|6:0.8200|,Serap Kara:6:20756|Levent Aksoy:4:50232|Can Şimşek:1:12795|Can Kaya:1:13743|Onur Aksoy:1:13648|Ahmet Öztürk:1:12511|Songül Çelik:1:14406|Halil Yıldırım:2:24926|Cengiz Tunç:1:15070|Özlem Özkan:1:13743|Can Yıldız:2:27295|Can Demir:1:14027|Emine Uysal:1:14406|Sevgi Yavuz:1:14027|Fatma Kalkan:1:12227|Yasemin Doğan:2:27675|Songül Erdoğan:3:37059|Yusuf Demir:1:13364|Ebru Çetin:1:13743|Selin Uçar:1:14406|Ercan Yavuz:2:28623|İbrahim Özkan:3:36015|Hatice Bulut:1:14502|Esin Taş:2:26633|Ercan Turan:1:15354|Yusuf Aydın:1:14312|Hüseyin Çelik:1:15260|Tuğba Bulut:2:25969,1843590,95,187425,1853,30,40.74491826181597,41.126418699743695,none,442972
Atak,22,1913,2016,5,1338,1129,209,5438,166,40,0,0,181,3096371,1833406,1242827,363630,78802,92340,101556,0,1984,604515,171548217,110013461,1098228,60436528,60436528,800746,737179449,110542,0,978993,17258568,0,4.0,0.0,2.0,1.0,1.0,646.1436953548387,680.909091,383.363636,380.6774194516129,640.542522032258,1.489001,25.660421258064517,1.0,1.0,1.0,1.0,none,0:1.0500|1:0.9300|2:1.0300|3:0.9400|4:0.9500|5:1.1000|6:0.8200|,Serap Kara:6:20756|Levent Aksoy:4:50232|Can Şimşek:1:12795|Can Kaya:1:13743|Onur Aksoy:1:13648|Ahmet Öztürk:1:12511|Songül Çelik:1:14406|Halil Yıldırım:2:24926|Cengiz Tunç:1:15070|Özlem Özkan:1:13743|Can Yıldız:2:27295|Can Demir:1:14027|Emine Uysal:1:14406|Sevgi Yavuz:1:14027|Fatma Kalkan:1:12227|Yasemin Doğan:2:27675|Songül Erdoğan:3:37059|Yusuf Demir:1:13364|Ebru Çetin:1:13743|Selin Uçar:1:14406|Ercan Yavuz:2:28623|İbrahim Özkan:3:36015|Hatice Bulut:1:14502|Esin Taş:2:26633|Ercan Turan:1:15354|Yusuf Aydın:1:14312|Hüseyin Çelik:1:15260|Tuğba Bulut:2:25969,1861310,98,187425,1883,31,40.13818111589341,40.66898141140717,none,417090
Atak,22,1943,2016,6,1358,1170,188,5978,128,30,0,0,168,3245500,1957791,1271664,351900,76260,90021,113850,0,512,639121,148738602,100364686,1081932,47291984,47291984,1001530,780580876,117045,0,998838,16728006,0,4.0,0.0,2.0,1.0,1.0,644.7954548333332,685.6818179999999,390.727273,387.2,645.7787877666667,1.499939,27.0523584,1.0,1.0,1.0,1.0,none,0:1.0500|1:0.9300|2:1.0300|3:0.9400|4:0.9500|5:1.1000|6:0.8200|,Serap Kara:6:20756|Levent Aksoy:4:50232|Can Şimşek:1:12795|Can Kaya:1:13743|Onur Aksoy:1:13648|Ahmet Öztürk:1:12511|Songül Çelik:1:14406|Halil Yıldırım:2:24926|Cengiz Tunç:1:15070|Özlem Özkan:1:13743|Can Yıldız:2:27295|Can Demir:1:14027|Emine Uysal:1:14406|Sevgi Yavuz:1:14027|Fatma Kalkan:1:12227|Yasemin Doğan:2:27675|Songül Erdoğan:3:37059|Yusuf Demir:1:13364|Ebru Çetin:1:13743|Selin Uçar:1:14406|Ercan Yavuz:2:28623|İbrahim Özkan:3:36015|Hatice Bulut:1:14502|Esin Taş:2:26633|Ercan Turan:1:15354|Yusuf Aydın:1:14312|Hüseyin Çelik:1:15260|Tuğba Bulut:2:25969,2008586,102,198450,1914,30,39.182375596980435,39.40291140839458,none,440671
Atak,22,1974,2016,7,1323,1140,183,5387,164,25,0,0,156,3037362,1816753,1204562,377630,82048,93673,118482,0,33601,499128,112394953,60301701,1065399,51027853,41010855,842510,800150996,117045,0,1018683,18069714,0,3.838709677419355,0.0,2.0,0.8387096774193549,1.0,654.7214078387098,692.045455,396.61143683870966,393.45601174193547,654.1422290967741,1.510601,26.30281406451613,1.0,1.0,1.0,1.0,none,0:1.0500|1:0.9300|2:1.0300|3:0.9400|4:0.9500|5:1.1000|6:0.8200|,Serap Kara:6:21731|Levent Aksoy:4:52593|Can Şimşek:1:13397|Can Kaya:1:14389|Onur Aksoy:1:14290|Ahmet Öztürk:1:13099|Songül Çelik:1:15083|Halil Yıldırım:2:26099|Cengiz Tunç:1:15778|Özlem Özkan:1:14389|Can Yıldız:2:28579|Can Demir:1:14687|Emine Uysal:1:15083|Sevgi Yavuz:1:14687|Fatma Kalkan:1:12801|Yasemin Doğan:2:28976|Songül Erdoğan:3:38799|Yusuf Demir:1:13992|Ebru Çetin:1:14389|Selin Uçar:1:15083|Ercan Yavuz:2:29968|İbrahim Özkan:3:37708|Hatice Bulut:1:15183|Esin Taş:2:27885|Ercan Turan:1:16076|Yusuf Aydın:1:14984|Hüseyin Çelik:1:15976|Tuğba Bulut:2:27190,1860594,111,198450,1944,31,39.65816389353656,39.42287023301143,none,300678
Atak,22,2005,2016,8,1399,1193,206,5922,164,26,0,0,183,3282924,1925821,1336595,430280,93806,94356,119350,0,1379,597424,137656120,87554254,1048626,49053240,59070238,930222,810246459,117045,0,1038528,18069714,0,4.0,0.0,2.0,1.0,1.0,662.3533726451612,696.590909,384.409091,388.428152483871,657.3093843548387,1.521698,25.890914548387094,1.0,1.0,1.0,1.0,none,0:1.0500|1:0.9300|2:1.0300|3:0.9400|4:0.9500|5:1.1000|6:0.8200|,Serap Kara:6:21731|Levent Aksoy:4:52593|Can Şimşek:1:13397|Can Kaya:1:14389|Onur Aksoy:1:14290|Ahmet Öztürk:1:13099|Songül Çelik:1:15083|Halil Yıldırım:2:26099|Cengiz Tunç:1:15778|Özlem Özkan:1:14389|Can Yıldız:2:28579|Can Demir:1:14687|Emine Uysal:1:15083|Sevgi Yavuz:1:14687|Fatma Kalkan:1:12801|Yasemin Doğan:2:28976|Songül Erdoğan:3:38799|Yusuf Demir:1:13992|Ebru Çetin:1:14389|Selin Uçar:1:15083|Ercan Yavuz:2:29968|İbrahim Özkan:3:37708|Hatice Bulut:1:15183|Esin Taş:2:27885|Ercan Turan:1:16076|Yusuf Aydın:1:14984|Hüseyin Çelik:1:15976|Tuğba Bulut:2:27190,1841052,115,198450,1975,31,40.71355291806938,41.9631412964908,none,398974
Atak,22,2035,2016,9,1305,1083,222,5204,146,33,0,0,198,3156166,1889862,1247410,416400,90780,92002,101160,0,781,546287,203540313,149175214,1031609,53333490,53333490,987714,833036645,117045,0,1058373,17486820,0,4.0,0.0,2.0,1.0,1.0,665.227273,702.272727,401.136364,395.3090909666667,662.9045456666666,1.5328759999999997,26.173872,1.0,1.0,1.0,1.0,none,0:1.0500|1:0.9300|2:1.0300|3:0.9400|4:0.9500|5:1.1000|6:0.8200|,Serap Kara:6:21731|Levent Aksoy:4:52593|Can Şimşek:1:13397|Can Kaya:1:14389|Onur Aksoy:1:14290|Ahmet Öztürk:1:13099|Songül Çelik:1:15083|Halil Yıldırım:2:26099|Cengiz Tunç:1:15778|Özlem Özkan:1:14389|Can Yıldız:2:28579|Can Demir:1:14687|Emine Uysal:1:15083|Sevgi Yavuz:1:14687|Fatma Kalkan:1:12801|Yasemin Doğan:2:28976|Songül Erdoğan:3:38799|Yusuf Demir:1:13992|Ebru Çetin:1:14389|Selin Uçar:1:15083|Ercan Yavuz:2:29968|İbrahim Özkan:3:37708|Hatice Bulut:1:15183|Esin Taş:2:27885|Ercan Turan:1:16076|Yusuf Aydın:1:14984|Hüseyin Çelik:1:15976|Tuğba Bulut:2:27190,1911448,116,198450,2006,30,39.52295284848769,39.69935084125752,none,347837
Atak,22,2066,2016,10,1255,1051,204,4804,207,25,0,0,162,3156692,1885747,1257280,430280,93806,95750,105276,0,543,531625,189536571,119625188,395,69910988,69910988,813732,879715401,117045,0,1078218,18069714,0,4.0,0.0,2.0,1.0,1.0,670.8724338709678,706.1363640000001,402.590909,400.55425225806454,668.0791790967742,1.543772,24.89073970967742,1.0,1.0,1.0,1.0,none,0:1.0500|1:0.9300|2:1.0300|3:0.9400|4:0.9500|5:1.1000|6:0.8200|,Serap Kara:6:21731|Levent Aksoy:4:52593|Can Şimşek:1:13397|Can Kaya:1:14389|Onur Aksoy:1:14290|Ahmet Öztürk:1:13099|Songül Çelik:1:15083|Halil Yıldırım:2:26099|Cengiz Tunç:1:15778|Özlem Özkan:1:14389|Can Yıldız:2:28579|Can Demir:1:14687|Emine Uysal:1:15083|Sevgi Yavuz:1:14687|Fatma Kalkan:1:12801|Yasemin Doğan:2:28976|Songül Erdoğan:3:38799|Yusuf Demir:1:13992|Ebru Çetin:1:14389|Selin Uçar:1:15083|Ercan Yavuz:2:29968|İbrahim Özkan:3:37708|Hatice Bulut:1:15183|Esin Taş:2:27885|Ercan Turan:1:16076|Yusuf Aydın:1:14984|Hüseyin Çelik:1:15976|Tuğba Bulut:2:27190,1907310,117,198450,2036,31,39.82903621892792,39.989946124775145,none,333175
Atak,22,2096,2016,11,1271,1057,214,5278,181,62,0,0,171,3371783,1983354,1373410,416400,90780,93322,102630,0,610,669668,256150889,201911867,1034228,53204794,53204794,885900,775043864,117045,0,1098063,17486820,0,4.0,0.0,2.0,1.0,1.0,679.3787879666667,712.272727,398.272727,399.1863636333334,673.3151513333333,1.555113,24.754844066666667,1.0,1.0,1.0,1.0,none,0:1.0500|1:0.9300|2:1.0300|3:0.9400|4:0.9500|5:1.1000|6:0.8200|,Serap Kara:6:21731|Levent Aksoy:4:52593|Can Şimşek:1:13397|Can Kaya:1:14389|Onur Aksoy:1:14290|Ahmet Öztürk:1:13099|Songül Çelik:1:15083|Halil Yıldırım:2:26099|Cengiz Tunç:1:15778|Özlem Özkan:1:14389|Can Yıldız:2:28579|Can Demir:1:14687|Emine Uysal:1:15083|Sevgi Yavuz:1:14687|Fatma Kalkan:1:12801|Yasemin Doğan:2:28976|Songül Erdoğan:3:38799|Yusuf Demir:1:13992|Ebru Çetin:1:14389|Selin Uçar:1:15083|Ercan Yavuz:2:29968|İbrahim Özkan:3:37708|Hatice Bulut:1:15183|Esin Taş:2:27885|Ercan Turan:1:16076|Yusuf Aydın:1:14984|Hüseyin Çelik:1:15976|Tuğba Bulut:2:27190,1979424,119,198450,2067,30,40.73245520248486,41.3769263841748,none,471218
Atak,22,2127,2016,12,1279,1063,216,5290,183,44,0,0,187,3603091,2121285,1465246,430280,93806,97115,117490,0,705,725850,300231959,227679905,1019200,71532854,71532854,1073376,914541720,125173,0,1119286,18115810,0,4.0,0.0,2.0,1.0,1.0,681.6422289032258,716.1363640000001,400.090909,399.24633432258065,677.1246331612903,1.566167,24.884000483870967,1.0,1.0,1.0,1.0,none,0:1.0500|1:0.9300|2:1.0300|3:0.9400|4:0.9500|5:1.1000|6:0.8200|,Serap Kara:6:21731|Levent Aksoy:4:52593|Can Şimşek:1:13397|Can Kaya:1:14389|Onur Aksoy:1:14290|Ahmet Öztürk:1:13099|Songül Çelik:1:15083|Halil Yıldırım:2:26099|Cengiz Tunç:1:15778|Özlem Özkan:1:14389|Can Yıldız:2:28579|Can Demir:1:14687|Emine Uysal:1:15083|Sevgi Yavuz:1:14687|Fatma Kalkan:1:12801|Yasemin Doğan:2:28976|Songül Erdoğan:3:38799|Yusuf Demir:1:13992|Ebru Çetin:1:14389|Selin Uçar:1:15083|Ercan Yavuz:2:29968|İbrahim Özkan:3:37708|Hatice Bulut:1:15183|Esin Taş:2:27885|Ercan Turan:1:16076|Yusuf Aydın:1:14984|Hüseyin Çelik:1:15976|Tuğba Bulut:2:27190,2044500,118,212231,2097,31,40.66636118821312,41.3048528927333,none,513619
Atak,22,2158,2017,1,1209,983,226,4442,176,57,0,0,186,3186535,1885675,1284777,445280,97309,97845,118358,0,959,525026,96651890,24486415,1008846,71156629,71156629,933288,1067087017,125173,0,1140509,19498690,0,4.0,0.0,2.0,1.0,1.0,687.1700877096774,722.5,407.772727,404.4164223225806,682.4369501612903,1.577672,23.828867548387095,1.0,1.0,1.0,1.0,none,0:1.0500|1:0.9300|2:1.0300|3:0.9400|4:0.9500|5:1.1000|6:0.8200|,Serap Kara:6:23450|Levent Aksoy:4:56753|Can Şimşek:1:14456|Can Kaya:1:15527|Onur Aksoy:1:15419|Ahmet Öztürk:1:14134|Songül Çelik:1:16277|Halil Yıldırım:2:28162|Cengiz Tunç:1:17026|Özlem Özkan:1:15527|Can Yıldız:2:30839|Can Demir:1:15848|Emine Uysal:1:16277|Sevgi Yavuz:1:15848|Fatma Kalkan:1:13813|Yasemin Doğan:2:31267|Songül Erdoğan:3:41868|Yusuf Demir:1:15098|Ebru Çetin:1:15527|Selin Uçar:1:16277|Ercan Yavuz:2:32339|İbrahim Özkan:3:40691|Hatice Bulut:1:16383|Esin Taş:2:30090|Ercan Turan:1:17347|Yusuf Aydın:1:16169|Hüseyin Çelik:1:17239|Tuğba Bulut:2:29340,1930284,121,212231,2128,31,40.31893577192781,40.65912729712998,none,312795
Atak,22,2186,2017,2,1100,891,209,4390,174,70,0,0,164,3193704,1881024,1291600,402640,87892,89497,108248,0,710,602613,63221670,13625312,992995,48603363,48603363,859520,1029223183,125173,0,1161732,17611720,0,4.0,0.0,2.0,1.0,1.0,697.9788960357143,731.5909089999999,410.96590907142854,408.6769480714285,692.0,1.597686,23.502037142857144,1.0,1.0,1.0,1.0,none,0:1.0500|1:0.9300|2:1.0300|3:0.9400|4:0.9500|5:1.1000|6:0.8200|,Serap Kara:6:23450|Levent Aksoy:4:56753|Can Şimşek:1:14456|Can Kaya:1:15527|Onur Aksoy:1:15419|Ahmet Öztürk:1:14134|Songül Çelik:1:16277|Halil Yıldırım:2:28162|Cengiz Tunç:1:17026|Özlem Özkan:1:15527|Can Yıldız:2:30839|Can Demir:1:15848|Emine Uysal:1:16277|Sevgi Yavuz:1:15848|Fatma Kalkan:1:13813|Yasemin Doğan:2:31267|Songül Erdoğan:3:41868|Yusuf Demir:1:15098|Ebru Çetin:1:15527|Selin Uçar:1:16277|Ercan Yavuz:2:32339|İbrahim Özkan:3:40691|Hatice Bulut:1:16383|Esin Taş:2:30090|Ercan Turan:1:17347|Yusuf Aydın:1:16169|Hüseyin Çelik:1:17239|Tuğba Bulut:2:29340,1915508,127,212231,2159,28,40.44206977227695,41.120582383568205,none,390382
Atak,22,2217,2017,3,1233,994,239,4849,219,48,0,0,189,3350062,1983074,1352876,445780,97309,100233,110205,0,790,598559,131279509,84020228,976915,46282366,46282366,942750,991663881,125173,0,1182955,19498690,0,4.0,0.0,2.0,1.0,1.0,705.2199412258065,739.772727,420.363636,416.3475074193549,699.2829912258064,1.61598,23.36570287096774,1.0,1.0,1.0,1.0,none,0:1.0500|1:0.9300|2:1.0300|3:0.9400|4:0.9500|5:1.1000|6:0.8200|,Serap Kara:6:23450|Levent Aksoy:4:56753|Can Şimşek:1:14456|Can Kaya:1:15527|Onur Aksoy:1:15419|Ahmet Öztürk:1:14134|Songül Çelik:1:16277|Halil Yıldırım:2:28162|Cengiz Tunç:1:17026|Özlem Özkan:1:15527|Can Yıldız:2:30839|Can Demir:1:15848|Emine Uysal:1:16277|Sevgi Yavuz:1:15848|Fatma Kalkan:1:13813|Yasemin Doğan:2:31267|Songül Erdoğan:3:41868|Yusuf Demir:1:15098|Ebru Çetin:1:15527|Selin Uçar:1:16277|Ercan Yavuz:2:32339|İbrahim Özkan:3:40691|Hatice Bulut:1:16383|Esin Taş:2:30090|Ercan Turan:1:17347|Yusuf Aydın:1:16169|Hüseyin Çelik:1:17239|Tuğba Bulut:2:29340,2020608,137,212231,2187,31,40.383610810784994,40.392548278012676,none,386328
Atak,22,2247,2017,4,1228,991,237,4592,202,31,0,0,190,3199642,1902794,1276146,431400,94170,98230,108000,0,1206,543140,199263519,124079014,3738,75180767,59487794,894764,1036868942,125173,0,1204178,18869700,0,4.0,0.0,2.0,1.0,1.0,712.1515151666666,749.3181820000001,424.772727,421.8121212,707.1742421666667,1.636479,24.3001411,1.0,1.0,1.0,1.0,none,0:1.0500|1:0.9300|2:1.0300|3:0.9400|4:0.9500|5:1.1000|6:0.8200|,Serap Kara:6:23450|Levent Aksoy:4:56753|Can Şimşek:1:14456|Can Kaya:1:15527|Onur Aksoy:1:15419|Ahmet Öztürk:1:14134|Songül Çelik:1:16277|Halil Yıldırım:2:28162|Cengiz Tunç:1:17026|Özlem Özkan:1:15527|Can Yıldız:2:30839|Can Demir:1:15848|Emine Uysal:1:16277|Sevgi Yavuz:1:15848|Fatma Kalkan:1:13813|Yasemin Doğan:2:31267|Songül Erdoğan:3:41868|Yusuf Demir:1:15098|Ebru Çetin:1:15527|Selin Uçar:1:16277|Ercan Yavuz:2:32339|İbrahim Özkan:3:40691|Hatice Bulut:1:16383|Esin Taş:2:30090|Ercan Turan:1:17347|Yusuf Aydın:1:16169|Hüseyin Çelik:1:17239|Tuğba Bulut:2:29340,1823930,136,212231,2218,30,39.88402452524376,40.35360201394933,none,330909
Atak,22,2278,2017,5,1270,998,272,4636,266,41,0,0,206,3195176,1858036,1320107,445780,97309,102745,112964,0,592,560717,224453078,157599362,1369742,65483974,81176947,838856,1059766824,125173,0,1225401,19498690,0,4.0,0.0,2.0,1.0,1.0,724.5967742580646,758.6363640000001,421.7756596774194,422.1862171290323,716.6979472903225,1.656565,22.61159564516129,1.0,1.0,1.0,1.0,none,0:1.0500|1:0.9300|2:1.0300|3:0.9400|4:0.9500|5:1.1000|6:0.8200|,Serap Kara:6:23450|Levent Aksoy:4:56753|Can Şimşek:1:14456|Can Kaya:1:15527|Onur Aksoy:1:15419|Ahmet Öztürk:1:14134|Songül Çelik:1:16277|Halil Yıldırım:2:28162|Cengiz Tunç:1:17026|Özlem Özkan:1:15527|Can Yıldız:2:30839|Can Demir:1:15848|Emine Uysal:1:16277|Sevgi Yavuz:1:15848|Fatma Kalkan:1:13813|Yasemin Doğan:2:31267|Songül Erdoğan:3:41868|Yusuf Demir:1:15098|Ebru Çetin:1:15527|Selin Uçar:1:16277|Ercan Yavuz:2:32339|İbrahim Özkan:3:40691|Hatice Bulut:1:16383|Esin Taş:2:30090|Ercan Turan:1:17347|Yusuf Aydın:1:16169|Hüseyin Çelik:1:17239|Tuğba Bulut:2:29340,1877546,139,212231,2248,31,41.31562705778962,41.79167301575588,none,348486
Atak,22,2308,2017,6,1247,1049,198,5040,174,23,0,0,170,3187482,1840051,1325906,431400,94170,100691,127320,0,3651,568674,223313973,154881392,1352314,67080267,67080267,875312,1108041956,134926,0,1248277,18920246,0,4.0,0.0,2.0,1.0,1.0,733.8787876,767.727273,425.6969693666667,423.7727274,726.4712122333333,1.677579,24.378234033333335,1.0,1.0,1.0035714,0.9989285999999999,0,0:1.0500|1:0.9300|2:1.0300|3:0.9400|4:0.9500|5:1.1000|6:0.8200|,Serap Kara:6:23450|Levent Aksoy:4:56753|Can Şimşek:1:14456|Can Kaya:1:15527|Onur Aksoy:1:15419|Ahmet Öztürk:1:14134|Songül Çelik:1:16277|Halil Yıldırım:2:28162|Cengiz Tunç:1:17026|Özlem Özkan:1:15527|Can Yıldız:2:30839|Can Demir:1:15848|Emine Uysal:1:16277|Sevgi Yavuz:1:15848|Fatma Kalkan:1:13813|Yasemin Doğan:2:31267|Songül Erdoğan:3:41868|Yusuf Demir:1:15098|Ebru Çetin:1:15527|Selin Uçar:1:16277|Ercan Yavuz:2:32339|İbrahim Özkan:3:40691|Hatice Bulut:1:16383|Esin Taş:2:30090|Ercan Turan:1:17347|Yusuf Aydın:1:16169|Hüseyin Çelik:1:17239|Tuğba Bulut:2:29340,1887080,142,228769,2279,30,41.597285882712434,41.993558533171225,none|0,339905
Atak,22,2339,2017,7,1301,1031,270,4949,225,19,0,0,233,3049113,1821464,1215972,463780,101494,105319,133176,0,1396,410807,65887441,8633213,1334533,55919695,55919695,835320,1064622808,134926,0,1271153,21065616,0,4.0,0.0,2.0,1.0,1.0,733.5043988064516,777.045455,450.932551,439.05131974193546,733.938416516129,1.698169,24.173848677419354,1.0,1.0,1.2183179999999998,0.9345045806451613,0,0:1.0500|1:0.9300|2:1.0300|3:0.9400|4:0.9500|5:1.1000|6:0.8200|,Serap Kara:6:25335|Levent Aksoy:4:61314|Can Şimşek:1:15618|Can Kaya:1:16774|Onur Aksoy:1:16659|Ahmet Öztürk:1:15271|Songül Çelik:1:17584|Halil Yıldırım:2:30425|Cengiz Tunç:1:18393|Özlem Özkan:1:16774|Can Yıldız:2:33318|Can Demir:1:17122|Emine Uysal:1:17584|Sevgi Yavuz:1:17122|Fatma Kalkan:1:14923|Yasemin Doğan:2:33781|Songül Erdoğan:3:45233|Yusuf Demir:1:16312|Ebru Çetin:1:16774|Selin Uçar:1:17584|Ercan Yavuz:2:34937|İbrahim Özkan:3:43960|Hatice Bulut:1:17700|Esin Taş:2:32508|Ercan Turan:1:18741|Yusuf Aydın:1:17468|Hüseyin Çelik:1:18625|Tuğba Bulut:2:31698,1878104,143,228769,2309,31,39.87953217870246,38.52353827274229,0,182038
Atak,22,2370,2017,8,1318,1084,234,5223,216,19,0,0,193,3268188,1970046,1280731,464380,101494,106653,134881,0,2924,470399,-169827266,-216579773,1316392,45436115,45436115,878188,1371482560,134926,0,1294029,21065616,0,4.0,0.0,2.0,1.0,1.0,748.9296185483871,787.045455,458.863636,454.3372434516129,744.0234604193548,1.719711,25.54911229032258,1.0,1.0,1.25,0.925,0,0:1.0500|1:0.9300|2:1.0300|3:0.9400|4:0.9500|5:1.1000|6:0.8200|,Serap Kara:6:25335|Levent Aksoy:4:61314|Can Şimşek:1:15618|Can Kaya:1:16774|Onur Aksoy:1:16659|Ahmet Öztürk:1:15271|Songül Çelik:1:17584|Halil Yıldırım:2:30425|Cengiz Tunç:1:18393|Özlem Özkan:1:16774|Can Yıldız:2:33318|Can Demir:1:17122|Emine Uysal:1:17584|Sevgi Yavuz:1:17122|Fatma Kalkan:1:14923|Yasemin Doğan:2:33781|Songül Erdoğan:3:45233|Yusuf Demir:1:16312|Ebru Çetin:1:16774|Selin Uçar:1:17584|Ercan Yavuz:2:34937|İbrahim Özkan:3:43960|Hatice Bulut:1:17700|Esin Taş:2:32508|Ercan Turan:1:18741|Yusuf Aydın:1:17468|Hüseyin Çelik:1:18625|Tuğba Bulut:2:31698,1971814,143,228769,2340,31,39.18780070179561,38.73073989390452,0,241630
Atak,22,2400,2017,9,1219,975,244,4613,258,25,0,0,182,3246447,1999339,1213073,449400,98220,104533,114930,0,2337,443653,127341446,77868412,1297884,48175150,48175150,983946,1209214008,134926,0,1316905,20386080,0,4.0,0.0,2.0,1.0,1.0,755.5757575333333,797.727273,467.90909100000005,462.7015150666667,753.4393939666667,1.741526,24.372380099999997,1.0,1.0,1.25,0.925,0,0:1.0500|1:0.9300|2:1.0300|3:0.9400|4:0.9500|5:1.1000|6:0.8200|,Serap Kara:6:25335|Levent Aksoy:4:61314|Can Şimşek:1:15618|Can Kaya:1:16774|Onur Aksoy:1:16659|Ahmet Öztürk:1:15271|Songül Çelik:1:17584|Halil Yıldırım:2:30425|Cengiz Tunç:1:18393|Özlem Özkan:1:16774|Can Yıldız:2:33318|Can Demir:1:17122|Emine Uysal:1:17584|Sevgi Yavuz:1:17122|Fatma Kalkan:1:14923|Yasemin Doğan:2:33781|Songül Erdoğan:3:45233|Yusuf Demir:1:16312|Ebru Çetin:1:16774|Selin Uçar:1:17584|Ercan Yavuz:2:34937|İbrahim Özkan:3:43960|Hatice Bulut:1:17700|Esin Taş:2:32508|Ercan Turan:1:18741|Yusuf Aydın:1:17468|Hüseyin Çelik:1:18625|Tuğba Bulut:2:31698,1920120,151,228769,2371,30,37.36617292689515,38.07251141466678,0,214884
Atak,22,2431,2017,10,1296,1033,263,4723,294,38,0,0,188,3331384,2069453,1240550,464380,101494,109351,120218,0,1019,444088,67120295,-863470,2538739,65445026,65445026,927174,1150495562,134926,0,1339781,21065616,0,4.0,0.0,2.0,1.0,1.0,766.1143692258064,806.818182,479.363636,473.86656887096774,761.4486803548388,1.762901,24.40924922580645,1.0,1.0,1.25,0.925,0,0:1.0500|1:0.9300|2:1.0300|3:0.9400|4:0.9500|5:1.1000|6:0.8200|,Serap Kara:6:25335|Levent Aksoy:4:61314|Can Şimşek:1:15618|Can Kaya:1:16774|Onur Aksoy:1:16659|Ahmet Öztürk:1:15271|Songül Çelik:1:17584|Halil Yıldırım:2:30425|Cengiz Tunç:1:18393|Özlem Özkan:1:16774|Can Yıldız:2:33318|Can Demir:1:17122|Emine Uysal:1:17584|Sevgi Yavuz:1:17122|Fatma Kalkan:1:14923|Yasemin Doğan:2:33781|Songül Erdoğan:3:45233|Yusuf Demir:1:16312|Ebru Çetin:1:16774|Selin Uçar:1:17584|Ercan Yavuz:2:34937|İbrahim Özkan:3:43960|Hatice Bulut:1:17700|Esin Taş:2:32508|Ercan Turan:1:18741|Yusuf Aydın:1:17468|Hüseyin Çelik:1:18625|Tuğba Bulut:2:31698,2143824,159,228769,2401,31,37.23827694435706,37.429233120321335,0,215319
Atak,22,2461,2017,11,1195,963,232,4544,263,59,0,0,187,3281956,2060749,1198713,449400,98220,107173,117840,0,1086,424994,111198122,51064668,1240082,58893372,58893372,1028396,1195407617,134926,0,1362657,20386080,0,4.0,0.0,2.0,1.0,1.0,776.3939392333334,817.272727,490.454545,484.8287879,772.3651515,1.785264,23.9356062,1.0,1.0,1.25,0.925,0,0:1.0500|1:0.9300|2:1.0300|3:0.9400|4:0.9500|5:1.1000|6:0.8200|,Serap Kara:6:25335|Levent Aksoy:4:61314|Can Şimşek:1:15618|Can Kaya:1:16774|Onur Aksoy:1:16659|Ahmet Öztürk:1:15271|Songül Çelik:1:17584|Halil Yıldırım:2:30425|Cengiz Tunç:1:18393|Özlem Özkan:1:16774|Can Yıldız:2:33318|Can Demir:1:17122|Emine Uysal:1:17584|Sevgi Yavuz:1:17122|Fatma Kalkan:1:14923|Yasemin Doğan:2:33781|Songül Erdoğan:3:45233|Yusuf Demir:1:16312|Ebru Çetin:1:16774|Selin Uçar:1:17584|Ercan Yavuz:2:34937|İbrahim Özkan:3:43960|Hatice Bulut:1:17700|Esin Taş:2:32508|Ercan Turan:1:18741|Yusuf Aydın:1:17468|Hüseyin Çelik:1:18625|Tuğba Bulut:2:31698,2109826,164,228769,2432,30,36.52434706620077,36.829163622231555,0,196225
Atak,22,2492,2017,12,1299,1046,253,4778,281,79,0,0,181,3698282,2354875,1321333,464380,101494,112080,135563,0,1162,506654,173336494,90927655,0,82408839,65130027,1005842,1285358618,144680,0,1387187,21109893,0,4.0,0.0,2.0,1.0,1.0,781.3416424193549,827.272727,495.68621706451614,492.5219941290323,782.0337241935484,1.807175,24.83475970967742,0.9580645161290322,0.9580645161290322,1.2479032258064517,0.897454870967742,1,0:1.0500|1:0.9300|2:1.0300|3:0.9400|4:0.9500|5:1.1000|6:0.8200|,Serap Kara:6:25335|Levent Aksoy:4:61314|Can Şimşek:1:15618|Can Kaya:1:16774|Onur Aksoy:1:16659|Ahmet Öztürk:1:15271|Songül Çelik:1:17584|Halil Yıldırım:2:30425|Cengiz Tunç:1:18393|Özlem Özkan:1:16774|Can Yıldız:2:33318|Can Demir:1:17122|Emine Uysal:1:17584|Sevgi Yavuz:1:17122|Fatma Kalkan:1:14923|Yasemin Doğan:2:33781|Songül Erdoğan:3:45233|Yusuf Demir:1:16312|Ebru Çetin:1:16774|Selin Uçar:1:17584|Ercan Yavuz:2:34937|İbrahim Özkan:3:43960|Hatice Bulut:1:17700|Esin Taş:2:32508|Ercan Turan:1:18741|Yusuf Aydın:1:17468|Hüseyin Çelik:1:18625|Tuğba Bulut:2:31698,2418280,165,245306,2462,31,35.72829221784602,36.559605919675825,0|1,261348
Atak,22,2523,2018,1,1113,833,280,3690,478,24,0,0,179,3135288,1989165,1122764,482380,105679,113498,137299,0,3835,280073,-51021084,-98790954,1244431,46525439,63804251,999822,1264889434,144680,0,1411717,22438203,0,4.0,0.0,2.0,1.0,1.0,802.2873900322581,837.5,502.68914961290324,498.7023460967742,791.1217008064516,1.8301,22.36264464516129,0.9,0.9,1.2266666774193549,0.7907742903225806,1,0:1.0500|1:0.9300|2:1.0300|3:0.9400|4:0.9500|5:1.1000|6:0.8200|,Serap Kara:6:26986|Levent Aksoy:4:65308|Can Şimşek:1:16635|Can Kaya:1:17868|Onur Aksoy:1:17744|Ahmet Öztürk:1:16266|Songül Çelik:1:18730|Halil Yıldırım:2:32407|Cengiz Tunç:1:19593|Özlem Özkan:1:17868|Can Yıldız:2:35488|Can Demir:1:18237|Emine Uysal:1:18730|Sevgi Yavuz:1:18237|Fatma Kalkan:1:15896|Yasemin Doğan:2:35981|Songül Erdoğan:3:48180|Yusuf Demir:1:17374|Ebru Çetin:1:17868|Selin Uçar:1:18730|Ercan Yavuz:2:37213|İbrahim Özkan:3:46824|Hatice Bulut:1:18853|Esin Taş:2:34626|Ercan Turan:1:19963|Yusuf Aydın:1:18607|Hüseyin Çelik:1:19839|Tuğba Bulut:2:33763,1990468,168,245306,2493,31,35.8105539267844,37.343007523439795,1,34767
Atak,22,2551,2018,2,1033,810,223,3666,269,37,0,0,168,3037439,1912491,1109291,436240,95452,103579,125300,0,4314,344406,-116193237,-163688018,1236928,46257853,46257853,958384,1406655113,144680,0,1436247,20266764,0,4.0,0.0,2.0,1.0,1.0,796.4448054285714,846.5909089999999,490.8668831071428,494.79383107142854,800.4675324642857,1.849195,24.536154928571428,0.9,0.9,1.2020833214285713,0.8,1,0:1.0500|1:0.9300|2:1.0300|3:0.9400|4:0.9500|5:1.1000|6:0.8200|,Serap Kara:6:26986|Levent Aksoy:4:65308|Can Şimşek:1:16635|Can Kaya:1:17868|Onur Aksoy:1:17744|Ahmet Öztürk:1:16266|Songül Çelik:1:18730|Halil Yıldırım:2:32407|Cengiz Tunç:1:19593|Özlem Özkan:1:17868|Can Yıldız:2:35488|Can Demir:1:18237|Emine Uysal:1:18730|Sevgi Yavuz:1:18237|Fatma Kalkan:1:15896|Yasemin Doğan:2:35981|Songül Erdoğan:3:48180|Yusuf Demir:1:17374|Ebru Çetin:1:17868|Selin Uçar:1:18730|Ercan Yavuz:2:37213|İbrahim Özkan:3:46824|Hatice Bulut:1:18853|Esin Taş:2:34626|Ercan Turan:1:19963|Yusuf Aydın:1:18607|Hüseyin Çelik:1:19839|Tuğba Bulut:2:33763,1871594,157,245306,2524,28,36.52060173060266,38.367746294358135,1,99100
Atak,22,2582,2018,3,1193,916,277,4174,354,14,0,0,203,3213378,1964639,1201666,482980,105679,115762,127317,39803,1979,367949,23401278,-16954834,1220499,39135613,39135613,638140,1336817191,144680,0,1460777,22438203,0,4.0,0.0,2.0,1.0,1.0,812.001465967742,854.318182,498.3372434516129,493.47067451612907,806.8651028064517,1.866614,24.777865774193547,0.9,0.9,1.1775,0.8,1,0:1.0500|1:0.9300|2:1.0300|3:0.9400|4:0.9500|5:1.1000|6:0.8200|,Serap Kara:6:26986|Levent Aksoy:4:65308|Can Şimşek:1:16635|Can Kaya:1:17868|Onur Aksoy:1:17744|Ahmet Öztürk:1:16266|Songül Çelik:1:18730|Halil Yıldırım:2:32407|Cengiz Tunç:1:19593|Özlem Özkan:1:17868|Can Yıldız:2:35488|Can Demir:1:18237|Emine Uysal:1:18730|Sevgi Yavuz:1:18237|Fatma Kalkan:1:15896|Yasemin Doğan:2:35981|Songül Erdoğan:3:48180|Yusuf Demir:1:17374|Ebru Çetin:1:17868|Selin Uçar:1:18730|Ercan Yavuz:2:37213|İbrahim Özkan:3:46824|Hatice Bulut:1:18853|Esin Taş:2:34626|Ercan Turan:1:19963|Yusuf Aydın:1:18607|Hüseyin Çelik:1:19839|Tuğba Bulut:2:33763,915438,161,245306,2552,31,37.39572499718365,38.62852909290066,1,122643
Atak,22,2612,2018,4,1126,859,267,3905,361,27,0,0,185,2966034,1795438,1151176,467400,102270,113198,124470,3024,1755,342083,4977959,-42619691,1203734,46393916,46393916,713766,1177774987,144680,0,1485307,21714390,0,4.0,0.0,2.0,1.0,1.0,824.4393936666668,863.863636,500.0303031,497.3242423666667,818.4378789333333,1.886091,23.03328966666667,0.9,0.9,1.1520833333333333,0.8,1,0:1.0500|1:0.9300|2:1.0300|3:0.9400|4:0.9500|5:1.1000|6:0.8200|,Serap Kara:6:26986|Levent Aksoy:4:65308|Can Şimşek:1:16635|Can Kaya:1:17868|Onur Aksoy:1:17744|Ahmet Öztürk:1:16266|Songül Çelik:1:18730|Halil Yıldırım:2:32407|Cengiz Tunç:1:19593|Özlem Özkan:1:17868|Can Yıldız:2:35488|Can Demir:1:18237|Emine Uysal:1:18730|Sevgi Yavuz:1:18237|Fatma Kalkan:1:15896|Yasemin Doğan:2:35981|Songül Erdoğan:3:48180|Yusuf Demir:1:17374|Ebru Çetin:1:17868|Selin Uçar:1:18730|Ercan Yavuz:2:37213|İbrahim Özkan:3:46824|Hatice Bulut:1:18853|Esin Taş:2:34626|Ercan Turan:1:19963|Yusuf Aydın:1:18607|Hüseyin Çelik:1:19839|Tuğba Bulut:2:33763,1482022,171,245306,2583,30,38.811962371301206,39.349052587585376,1,96777
Atak,22,2643,2018,5,1214,939,275,4363,332,36,0,0,196,3273391,1984396,1275665,482980,105679,118150,129921,0,3193,435742,46856074,-1264366,1186630,46933810,46933810,837860,1280439280,144680,0,1509837,22438203,0,4.0,0.0,2.0,1.0,1.0,824.8240469032257,871.590909,499.741935483871,498.88709674193547,824.8856305806452,1.905133,23.498845677419354,0.9,0.9,1.126666677419355,0.8,1,0:1.0500|1:0.9300|2:1.0300|3:0.9400|4:0.9500|5:1.1000|6:0.8200|,Serap Kara:6:26986|Levent Aksoy:4:65308|Can Şimşek:1:16635|Can Kaya:1:17868|Onur Aksoy:1:17744|Ahmet Öztürk:1:16266|Songül Çelik:1:18730|Halil Yıldırım:2:32407|Cengiz Tunç:1:19593|Özlem Özkan:1:17868|Can Yıldız:2:35488|Can Demir:1:18237|Emine Uysal:1:18730|Sevgi Yavuz:1:18237|Fatma Kalkan:1:15896|Yasemin Doğan:2:35981|Songül Erdoğan:3:48180|Yusuf Demir:1:17374|Ebru Çetin:1:17868|Selin Uçar:1:18730|Ercan Yavuz:2:37213|İbrahim Özkan:3:46824|Hatice Bulut:1:18853|Esin Taş:2:34626|Ercan Turan:1:19963|Yusuf Aydın:1:18607|Hüseyin Çelik:1:19839|Tuğba Bulut:2:33763,1836922,173,245306,2613,31,38.97074929331693,39.41229800948029,1,190436
Atak,22,2673,2018,6,1172,885,287,4033,394,21,0,0,208,2973202,1776367,1173739,467400,102270,115539,146100,0,3382,339048,80440254,30111648,1169178,49159428,49159428,857868,1214989483,154434,0,1536021,21762294,0,4.0,0.0,2.0,1.0,1.0,837.9696970666666,880.909091,502.05,500.5242424,831.7166664,1.925011,23.0617773,0.9,0.9,1.10125,0.8,1,0:1.0500|1:0.9300|2:1.0300|3:0.9400|4:0.9500|5:1.1000|6:0.8200|,Serap Kara:6:26986|Levent Aksoy:4:65308|Can Şimşek:1:16635|Can Kaya:1:17868|Onur Aksoy:1:17744|Ahmet Öztürk:1:16266|Songül Çelik:1:18730|Halil Yıldırım:2:32407|Cengiz Tunç:1:19593|Özlem Özkan:1:17868|Can Yıldız:2:35488|Can Demir:1:18237|Emine Uysal:1:18730|Sevgi Yavuz:1:18237|Fatma Kalkan:1:15896|Yasemin Doğan:2:35981|Songül Erdoğan:3:48180|Yusuf Demir:1:17374|Ebru Çetin:1:17868|Selin Uçar:1:18730|Ercan Yavuz:2:37213|İbrahim Özkan:3:46824|Hatice Bulut:1:18853|Esin Taş:2:34626|Ercan Turan:1:19963|Yusuf Aydın:1:18607|Hüseyin Çelik:1:19839|Tuğba Bulut:2:33763,1821396,178,261844,2644,30,39.477270632805975,40.08733230360975,1,77204
Atak,22,2704,2018,7,1199,941,258,4367,409,31,0,0,160,3086639,1851244,1225662,500980,109864,120599,152489,0,6595,335135,72126784,14274208,4871,57847705,57847705,804228,1184468051,154434,0,1562205,23923227,0,4.0,0.0,2.0,1.0,1.0,843.4604107741935,889.772727,513.9604105806452,508.10557190322584,840.4677418387097,1.944446,22.59711116129032,0.9,0.9,1.0758333225806451,0.8,1,0:1.0500|1:0.9300|2:1.0300|3:0.9400|4:0.9500|5:1.1000|6:0.8200|,Serap Kara:6:28772|Levent Aksoy:4:69630|Can Şimşek:1:17736|Can Kaya:1:19050|Onur Aksoy:1:18919|Ahmet Öztürk:1:17342|Songül Çelik:1:19970|Halil Yıldırım:2:34552|Cengiz Tunç:1:20889|Özlem Özkan:1:19050|Can Yıldız:2:37837|Can Demir:1:19444|Emine Uysal:1:19970|Sevgi Yavuz:1:19444|Fatma Kalkan:1:16948|Yasemin Doğan:2:38362|Songül Erdoğan:3:51369|Yusuf Demir:1:18524|Ebru Çetin:1:19050|Selin Uçar:1:19970|Ercan Yavuz:2:39677|İbrahim Özkan:3:49924|Hatice Bulut:1:20101|Esin Taş:2:36917|Ercan Turan:1:21283|Yusuf Aydın:1:19838|Hüseyin Çelik:1:21152|Tuğba Bulut:2:35998,1757266,180,261844,2674,31,39.70862805789728,39.06525973057913,1,73291
Atak,22,2735,2018,8,1171,905,266,4119,354,19,0,0,200,3209053,1949132,1250798,501580,109864,121840,154101,0,4388,359025,126208800,65660669,1125909,59422222,59422222,564442,1247476047,154434,0,1588389,23923227,0,4.0,0.0,2.0,1.0,1.0,849.9046918064516,899.090909,517.3343108709678,514.5806450645161,849.6862168064516,1.964735,22.630036451612902,0.9,0.9,1.0499999999999998,0.8,1,0:1.0500|1:0.9300|2:1.0300|3:0.9400|4:0.9500|5:1.1000|6:0.8200|,Serap Kara:6:28772|Levent Aksoy:4:69630|Can Şimşek:1:17736|Can Kaya:1:19050|Onur Aksoy:1:18919|Ahmet Öztürk:1:17342|Songül Çelik:1:19970|Halil Yıldırım:2:34552|Cengiz Tunç:1:20889|Özlem Özkan:1:19050|Can Yıldız:2:37837|Can Demir:1:19444|Emine Uysal:1:19970|Sevgi Yavuz:1:19444|Fatma Kalkan:1:16948|Yasemin Doğan:2:38362|Songül Erdoğan:3:51369|Yusuf Demir:1:18524|Ebru Çetin:1:19050|Selin Uçar:1:19970|Ercan Yavuz:2:39677|İbrahim Özkan:3:49924|Hatice Bulut:1:20101|Esin Taş:2:36917|Ercan Turan:1:21283|Yusuf Aydın:1:19838|Hüseyin Çelik:1:21152|Tuğba Bulut:2:35998,1629024,174,261844,2705,31,38.97716865380534,39.13031474489377,1,97181
Atak,22,2765,2018,9,1171,918,253,4266,339,17,0,0,183,3547637,2172728,1336206,485400,106320,119141,131040,17721,4624,489681,97544095,26242809,1110944,70190342,56784775,881222,1283156140,154434,0,1614573,23151510,0,4.0,0.0,2.0,1.0,1.0,855.0151513000001,908.1818179999999,523.4909090666666,519.2015151,857.4484848666667,1.985235,24.087735300000002,0.9,0.9,1.0245833333333334,0.8,1,0:1.0500|1:0.9300|2:1.0300|3:0.9400|4:0.9500|5:1.1000|6:0.8200|,Serap Kara:6:28772|Levent Aksoy:4:69630|Can Şimşek:1:17736|Can Kaya:1:19050|Onur Aksoy:1:18919|Ahmet Öztürk:1:17342|Songül Çelik:1:19970|Halil Yıldırım:2:34552|Cengiz Tunç:1:20889|Özlem Özkan:1:19050|Can Yıldız:2:37837|Can Demir:1:19444|Emine Uysal:1:19970|Sevgi Yavuz:1:19444|Fatma Kalkan:1:16948|Yasemin Doğan:2:38362|Songül Erdoğan:3:51369|Yusuf Demir:1:18524|Ebru Çetin:1:19050|Selin Uçar:1:19970|Ercan Yavuz:2:39677|İbrahim Özkan:3:49924|Hatice Bulut:1:20101|Esin Taş:2:36917|Ercan Turan:1:21283|Yusuf Aydın:1:19838|Hüseyin Çelik:1:21152|Tuğba Bulut:2:35998,1805446,178,261844,2736,30,37.66467651566381,38.77407806508111,1,227837
Atak,22,2796,2018,10,1175,865,310,3783,549,26,0,0,193,3102491,1872035,1213182,501580,109864,124382,136772,0,2418,338166,79007111,23139476,1095687,54771948,68177515,737884,1277218265,154434,0,1640757,23923227,0,4.0,0.0,2.0,1.0,1.0,869.4868035806452,916.818182,523.7551320322581,522.2873898387097,863.2697947096775,2.005278,22.21023406451613,0.9,0.9,1.0028225806451612,0.8,1,0:1.0500|1:0.9300|2:1.0300|3:0.9400|4:0.9500|5:1.1000|6:0.8200|,Serap Kara:6:28772|Levent Aksoy:4:69630|Can Şimşek:1:17736|Can Kaya:1:19050|Onur Aksoy:1:18919|Ahmet Öztürk:1:17342|Songül Çelik:1:19970|Halil Yıldırım:2:34552|Cengiz Tunç:1:20889|Özlem Özkan:1:19050|Can Yıldız:2:37837|Can Demir:1:19444|Emine Uysal:1:19970|Sevgi Yavuz:1:19444|Fatma Kalkan:1:16948|Yasemin Doğan:2:38362|Songül Erdoğan:3:51369|Yusuf Demir:1:18524|Ebru Çetin:1:19050|Selin Uçar:1:19970|Ercan Yavuz:2:39677|İbrahim Özkan:3:49924|Hatice Bulut:1:20101|Esin Taş:2:36917|Ercan Turan:1:21283|Yusuf Aydın:1:19838|Hüseyin Çelik:1:21152|Tuğba Bulut:2:35998,1787930,181,261844,2766,31,39.10348168616766,39.76272786713092,1,76322
Atak,22,2826,2018,11,1210,976,234,4893,223,52,0,0,186,3948180,2347048,1578556,485400,106320,121601,133740,0,3814,727681,116557788,55428356,1080133,60049299,60049299,1178734,1292203375,154434,0,1666941,23151510,0,4.0,0.0,2.0,1.0,1.0,872.1287880666666,927.045455,512.5909091666666,516.3848485333333,875.0757577666666,2.026201,25.516279766666667,0.9433333333333334,0.9433333333333334,1.0,0.8173333333333334,none,0:1.0500|1:0.9300|2:1.0300|3:0.9400|4:0.9500|5:1.1000|6:0.8200|,Serap Kara:6:28772|Levent Aksoy:4:69630|Can Şimşek:1:17736|Can Kaya:1:19050|Onur Aksoy:1:18919|Ahmet Öztürk:1:17342|Songül Çelik:1:19970|Halil Yıldırım:2:34552|Cengiz Tunç:1:20889|Özlem Özkan:1:19050|Can Yıldız:2:37837|Can Demir:1:19444|Emine Uysal:1:19970|Sevgi Yavuz:1:19444|Fatma Kalkan:1:16948|Yasemin Doğan:2:38362|Songül Erdoğan:3:51369|Yusuf Demir:1:18524|Ebru Çetin:1:19050|Selin Uçar:1:19970|Ercan Yavuz:2:39677|İbrahim Özkan:3:49924|Hatice Bulut:1:20101|Esin Taş:2:36917|Ercan Turan:1:21283|Yusuf Aydın:1:19838|Hüseyin Çelik:1:21152|Tuğba Bulut:2:35998,2323532,185,261844,2797,30,39.98186506187661,41.22531945047048,1|none,465837
Atak,22,2857,2018,12,1262,1020,242,5018,170,56,0,0,210,4586340,2703008,1866543,501580,109864,126926,153543,0,8780,965850,200052162,111510132,1064276,87477754,87477754,1218226,1352121784,162562,0,1694503,23962617,0,4.0,0.0,2.0,1.0,1.0,877.2653957096775,936.590909,517.363636,516.2478006129032,882.5307919032258,2.046658,25.523042967741937,1.0,1.0,1.0,0.9670967741935484,none,0:1.0500|1:0.9300|2:1.0300|3:0.9400|4:0.9500|5:1.1000|6:0.8200|,Serap Kara:6:28772|Levent Aksoy:4:69630|Can Şimşek:1:17736|Can Kaya:1:19050|Onur Aksoy:1:18919|Ahmet Öztürk:1:17342|Songül Çelik:1:19970|Halil Yıldırım:2:34552|Cengiz Tunç:1:20889|Özlem Özkan:1:19050|Can Yıldız:2:37837|Can Demir:1:19444|Emine Uysal:1:19970|Sevgi Yavuz:1:19444|Fatma Kalkan:1:16948|Yasemin Doğan:2:38362|Songül Erdoğan:3:51369|Yusuf Demir:1:18524|Ebru Çetin:1:19050|Selin Uçar:1:19970|Ercan Yavuz:2:39677|İbrahim Özkan:3:49924|Hatice Bulut:1:20101|Esin Taş:2:36917|Ercan Turan:1:21283|Yusuf Aydın:1:19838|Hüseyin Çelik:1:21152|Tuğba Bulut:2:35998,2705146,186,275625,2827,31,40.697876738314214,41.025413913486155,none,690225
Atak,22,2888,2019,1,1284,1023,261,5102,186,69,0,0,213,4704453,2816603,1860202,554580,121896,128250,155155,1974,50520,849801,98070444,34636603,1048109,62385732,62385732,844494,1374274194,162562,0,1722065,25144317,0,3.870967741935484,0.0,2.0,0.8709677419354839,1.0,889.0689146774195,946.3636359999999,535.045455,529.2785922580646,892.3343107741936,2.068013,24.36527335483871,1.0,1.0,1.0,1.0,2,0:1.0500|1:0.9300|2:1.0300|3:0.9400|4:0.9500|5:1.1000|6:0.8200|,Serap Kara:6:30240|Levent Aksoy:4:73184|Can Şimşek:1:18641|Can Kaya:1:20023|Onur Aksoy:1:19884|Ahmet Öztürk:1:18227|Songül Çelik:1:20989|Halil Yıldırım:2:36316|Cengiz Tunç:1:21956|Özlem Özkan:1:20023|Can Yıldız:2:39768|Can Demir:1:20437|Emine Uysal:1:20989|Sevgi Yavuz:1:20437|Fatma Kalkan:1:17813|Yasemin Doğan:2:40320|Songül Erdoğan:3:53991|Yusuf Demir:1:19470|Ebru Çetin:1:20023|Selin Uçar:1:20989|Ercan Yavuz:2:41701|İbrahim Özkan:3:52472|Hatice Bulut:1:21126|Esin Taş:2:38802|Ercan Turan:1:22370|Yusuf Aydın:1:20851|Hüseyin Çelik:1:22231|Tuğba Bulut:2:37835,2487824,186,275625,2858,31,39.54130267642168,39.81957459460493,none|2,574176
Atak,22,2916,2019,2,1104,873,231,4184,215,70,0,0,193,4000515,2397684,1588686,565040,124432,116790,141260,0,14910,626254,80283487,15552690,1031627,63699170,63699170,733194,1437899821,162562,0,1749627,22710996,0,4.0,0.0,2.0,1.0,1.0,891.1769481428572,954.0909089999999,530.681818,531.0146102857143,896.4383118214286,2.084821,24.174461892857146,1.0,1.0,1.0,1.0,2,0:1.0500|1:0.9300|2:1.0300|3:0.9400|4:0.9500|5:1.1000|6:0.8200|,Serap Kara:6:30240|Levent Aksoy:4:73184|Can Şimşek:1:18641|Can Kaya:1:20023|Onur Aksoy:1:19884|Ahmet Öztürk:1:18227|Songül Çelik:1:20989|Halil Yıldırım:2:36316|Cengiz Tunç:1:21956|Özlem Özkan:1:20023|Can Yıldız:2:39768|Can Demir:1:20437|Emine Uysal:1:20989|Sevgi Yavuz:1:20437|Fatma Kalkan:1:17813|Yasemin Doğan:2:40320|Songül Erdoğan:3:53991|Yusuf Demir:1:19470|Ebru Çetin:1:20023|Selin Uçar:1:20989|Ercan Yavuz:2:41701|İbrahim Özkan:3:52472|Hatice Bulut:1:21126|Esin Taş:2:38802|Ercan Turan:1:22370|Yusuf Aydın:1:20851|Hüseyin Çelik:1:22231|Tuğba Bulut:2:37835,2238660,188,275625,2889,28,39.71203707522656,40.4515770851233,2,350629
Atak,22,2947,2019,3,949,735,214,3636,151,10,0,0,182,3272079,1926315,1326677,625580,137764,130234,143220,8514,13760,276119,37909692,-30281223,1015570,67175345,53449312,675250,1410117799,162562,0,1777189,25144317,0,4.0,0.0,2.0,1.0,1.0,908.9296184193549,962.045455,540.818182,536.1436950645161,908.3152493225806,2.10012,21.954654967741934,1.0,1.0,1.0,1.0,2,0:1.0500|1:0.9300|2:1.0300|3:0.9400|4:0.9500|5:1.1000|6:0.8200|,Serap Kara:6:30240|Levent Aksoy:4:73184|Can Şimşek:1:18641|Can Kaya:1:20023|Onur Aksoy:1:19884|Ahmet Öztürk:1:18227|Songül Çelik:1:20989|Halil Yıldırım:2:36316|Cengiz Tunç:1:21956|Özlem Özkan:1:20023|Can Yıldız:2:39768|Can Demir:1:20437|Emine Uysal:1:20989|Sevgi Yavuz:1:20437|Fatma Kalkan:1:17813|Yasemin Doğan:2:40320|Songül Erdoğan:3:53991|Yusuf Demir:1:19470|Ebru Çetin:1:20023|Selin Uçar:1:20989|Ercan Yavuz:2:41701|İbrahim Özkan:3:52472|Hatice Bulut:1:21126|Esin Taş:2:38802|Ercan Turan:1:22370|Yusuf Aydın:1:20851|Hüseyin Çelik:1:22231|Tuğba Bulut:2:37835,1667232,191,275625,2917,31,40.54538414262003,40.49944340679616,2,494
Atak,22,2977,2019,4,836,643,193,3049,204,6,0,0,154,2745894,1611439,1113475,605400,133320,127054,139740,3408,11333,96628,19282034,-35283944,1006636,53559342,67285375,370340,1339929770,162562,0,1804751,24333210,0,4.0,0.0,2.0,1.0,1.0,919.4393937666666,969.090909,543.727273,540.5439395333334,914.1045452333333,2.117189,21.2895446,1.0,1.0,1.0,1.0,2,0:1.0500|1:0.9300|2:1.0300|3:0.9400|4:0.9500|5:1.1000|6:0.8200|,Serap Kara:6:30240|Levent Aksoy:4:73184|Can Şimşek:1:18641|Can Kaya:1:20023|Onur Aksoy:1:19884|Ahmet Öztürk:1:18227|Songül Çelik:1:20989|Halil Yıldırım:2:36316|Cengiz Tunç:1:21956|Özlem Özkan:1:20023|Can Yıldız:2:39768|Can Demir:1:20437|Emine Uysal:1:20989|Sevgi Yavuz:1:20437|Fatma Kalkan:1:17813|Yasemin Doğan:2:40320|Songül Erdoğan:3:53991|Yusuf Demir:1:19470|Ebru Çetin:1:20023|Selin Uçar:1:20989|Ercan Yavuz:2:41701|İbrahim Özkan:3:52472|Hatice Bulut:1:21126|Esin Taş:2:38802|Ercan Turan:1:22370|Yusuf Aydın:1:20851|Hüseyin Çelik:1:22231|Tuğba Bulut:2:37835,1215712,186,275625,2948,30,40.55054565107029,40.86317415958077,2,-178997
Atak,22,3008,2019,5,1065,838,227,4351,160,18,0,0,195,3899057,2286609,1536392,625580,137764,132342,145514,56424,21514,473678,161137129,101824936,6865,59305328,59305328,866550,1419380793,162562,0,1832313,25144317,0,4.0,0.0,2.0,1.0,1.0,915.5131963870967,976.590909,538.181818,539.6231671290323,918.3709679032257,2.13384,22.996631677419355,1.0,1.0,1.0,1.0,2,0:1.0500|1:0.9250|2:1.0300|3:0.9350|4:0.9450|5:1.1000|6:0.8200|,Serap Kara:6:30240|Levent Aksoy:4:73184|Can Şimşek:1:18641|Can Kaya:1:20023|Onur Aksoy:1:19884|Ahmet Öztürk:1:18227|Songül Çelik:1:20989|Halil Yıldırım:2:36316|Cengiz Tunç:1:21956|Özlem Özkan:1:20023|Can Yıldız:2:39768|Can Demir:1:20437|Emine Uysal:1:20989|Sevgi Yavuz:1:20437|Fatma Kalkan:1:17813|Yasemin Doğan:2:40320|Songül Erdoğan:3:53991|Yusuf Demir:1:19470|Ebru Çetin:1:20023|Selin Uçar:1:20989|Ercan Yavuz:2:41701|İbrahim Özkan:3:52472|Hatice Bulut:1:21126|Esin Taş:2:38802|Ercan Turan:1:22370|Yusuf Aydın:1:20851|Hüseyin Çelik:1:22231|Tuğba Bulut:2:37835,1601508,187,275625,2978,31,39.404194398799504,41.21528557711294,2,198053
Atak,22,3038,2019,6,947,734,213,3633,184,11,0,0,184,2931202,1733737,1177781,605400,133320,129094,163260,0,10269,136438,109844105,29911433,837859,79094813,64220233,614448,1464327118,170690,0,1861253,24375229,0,4.0,0.0,2.0,1.0,1.0,929.2272724666667,984.3181820000001,562.909091,552.1636364666666,927.8242424333333,2.151183,20.9956594,1.0,1.0,1.0,1.0,2,0:1.0500|1:0.9300|2:1.0300|3:0.9400|4:0.9500|5:1.1000|6:0.8200|,Serap Kara:6:30240|Levent Aksoy:4:73184|Can Şimşek:1:18641|Can Kaya:1:20023|Onur Aksoy:1:19884|Ahmet Öztürk:1:18227|Songül Çelik:1:20989|Halil Yıldırım:2:36316|Cengiz Tunç:1:21956|Özlem Özkan:1:20023|Can Yıldız:2:39768|Can Demir:1:20437|Emine Uysal:1:20989|Sevgi Yavuz:1:20437|Fatma Kalkan:1:17813|Yasemin Doğan:2:40320|Songül Erdoğan:3:53991|Yusuf Demir:1:19470|Ebru Çetin:1:20023|Selin Uçar:1:20989|Ercan Yavuz:2:41701|İbrahim Özkan:3:52472|Hatice Bulut:1:21126|Esin Taş:2:38802|Ercan Turan:1:22370|Yusuf Aydın:1:20851|Hüseyin Çelik:1:22231|Tuğba Bulut:2:37835,1531664,185,289406,3009,30,40.18082001854529,39.4218069487201,2,-152968
Atak,22,3069,2019,7,1000,797,203,4002,150,15,0,0,164,3289426,1927613,1349165,640580,141236,134451,170035,0,9491,253372,101412059,36483053,825699,64103307,78977887,675836,1463935335,170690,0,1890193,26446906,0,4.0,0.0,2.0,1.0,1.0,938.6656890322581,992.5,550.2829912903226,553.4457478709677,934.9266862903227,2.1681009999999996,21.406022677419354,1.0,1.0,1.0,1.0,2,0:1.0500|1:0.9300|2:1.0300|3:0.9400|4:0.9500|5:1.1000|6:0.8200|,Serap Kara:6:31807|Levent Aksoy:4:76977|Can Şimşek:1:19607|Can Kaya:1:21059|Onur Aksoy:1:20914|Ahmet Öztürk:1:19171|Songül Çelik:1:22076|Halil Yıldırım:2:38198|Cengiz Tunç:1:23092|Özlem Özkan:1:21059|Can Yıldız:2:41829|Can Demir:1:21495|Emine Uysal:1:22076|Sevgi Yavuz:1:21495|Fatma Kalkan:1:18735|Yasemin Doğan:2:42409|Songül Erdoğan:3:56789|Yusuf Demir:1:20478|Ebru Çetin:1:21059|Selin Uçar:1:22076|Ercan Yavuz:2:43862|İbrahim Özkan:3:55190|Hatice Bulut:1:22221|Esin Taş:2:40812|Ercan Turan:1:23529|Yusuf Aydın:1:21931|Hüseyin Çelik:1:23383|Tuğba Bulut:2:39795,1698412,187,289406,3039,31,41.01521055649223,41.3760407224801,2,-36034
Atak,22,3100,2019,8,1049,822,227,4165,119,10,0,0,206,3368154,1966681,1371394,641080,141236,135537,171430,9928,15820,266291,162373225,91462488,813342,70097395,70097395,424448,1440139557,170690,0,1919133,26446906,0,4.0,0.0,2.0,1.0,1.0,939.5674484193548,1000.909091,553.545455,552.8196479032258,940.8973605806452,2.185722,23.164607903225807,1.0,1.0,1.0,1.0,2,0:1.0500|1:0.9200|2:1.0300|3:0.9300|4:0.9400|5:1.1000|6:0.8200|,Serap Kara:6:31807|Levent Aksoy:4:76977|Can Şimşek:1:19607|Can Kaya:1:21059|Onur Aksoy:1:20914|Ahmet Öztürk:1:19171|Songül Çelik:1:22076|Halil Yıldırım:2:38198|Cengiz Tunç:1:23092|Özlem Özkan:1:21059|Can Yıldız:2:41829|Can Demir:1:21495|Emine Uysal:1:22076|Sevgi Yavuz:1:21495|Fatma Kalkan:1:18735|Yasemin Doğan:2:42409|Songül Erdoğan:3:56789|Yusuf Demir:1:20478|Ebru Çetin:1:21059|Selin Uçar:1:22076|Ercan Yavuz:2:43862|İbrahim Özkan:3:55190|Hatice Bulut:1:22221|Esin Taş:2:40812|Ercan Turan:1:23529|Yusuf Aydın:1:21931|Hüseyin Çelik:1:23383|Tuğba Bulut:2:39795,1608164,184,289406,3070,31,40.71648742901898,41.08507527253782,2,-23115
Atak,22,3130,2019,9,951,725,226,3613,202,2,0,0,186,3326560,1941711,1354841,620400,136680,132245,145440,4092,11826,308250,146552653,55323307,800786,90428560,90428560,839634,1499753958,170690,0,1948073,25593780,0,4.0,0.0,2.0,1.0,1.0,952.6515147000001,1008.863636,563.868182,558.3924243333333,952.8181821,2.203487,20.766620133333333,1.0,1.0,1.0,1.0,2,0:1.0500|1:0.9300|2:1.0300|3:0.9400|4:0.9500|5:1.1000|6:0.8200|,Serap Kara:6:31807|Levent Aksoy:4:76977|Can Şimşek:1:19607|Can Kaya:1:21059|Onur Aksoy:1:20914|Ahmet Öztürk:1:19171|Songül Çelik:1:22076|Halil Yıldırım:2:38198|Cengiz Tunç:1:23092|Özlem Özkan:1:21059|Can Yıldız:2:41829|Can Demir:1:21495|Emine Uysal:1:22076|Sevgi Yavuz:1:21495|Fatma Kalkan:1:18735|Yasemin Doğan:2:42409|Songül Erdoğan:3:56789|Yusuf Demir:1:20478|Ebru Çetin:1:21059|Selin Uçar:1:22076|Ercan Yavuz:2:43862|İbrahim Özkan:3:55190|Hatice Bulut:1:22221|Esin Taş:2:40812|Ercan Turan:1:23529|Yusuf Aydın:1:21931|Hüseyin Çelik:1:23383|Tuğba Bulut:2:39795,1738422,183,289406,3101,30,40.727989274205186,40.81065601647965,2,18844
Atak,22,3161,2019,10,961,759,202,3689,207,17,0,0,166,3463535,2021125,1419043,641080,141236,137738,151466,0,12707,334816,89649029,24144816,788028,64716185,64716185,875088,1508040618,170690,0,1977013,26446906,0,4.0,0.0,2.0,1.0,1.0,967.4266861290322,1016.1363640000001,572.590909,567.6671554838709,960.7595308064516,2.220816,20.404570322580646,1.0,1.0,1.0,1.0,2,0:1.0500|1:0.9300|2:1.0300|3:0.9400|4:0.9500|5:1.1000|6:0.8200|,Serap Kara:6:31807|Levent Aksoy:4:76977|Can Şimşek:1:19607|Can Kaya:1:21059|Onur Aksoy:1:20914|Ahmet Öztürk:1:19171|Songül Çelik:1:22076|Halil Yıldırım:2:38198|Cengiz Tunç:1:23092|Özlem Özkan:1:21059|Can Yıldız:2:41829|Can Demir:1:21495|Emine Uysal:1:22076|Sevgi Yavuz:1:21495|Fatma Kalkan:1:18735|Yasemin Doğan:2:42409|Songül Erdoğan:3:56789|Yusuf Demir:1:20478|Ebru Çetin:1:21059|Selin Uçar:1:22076|Ercan Yavuz:2:43862|İbrahim Özkan:3:55190|Hatice Bulut:1:22221|Esin Taş:2:40812|Ercan Turan:1:23529|Yusuf Aydın:1:21931|Hüseyin Çelik:1:23383|Tuğba Bulut:2:39795,2059302,186,289406,3131,31,40.970944425276485,40.812992115081094,2,45410
Atak,22,3191,2019,11,854,666,188,3155,172,20,0,0,149,2927309,1736375,1179210,620400,136680,134375,147780,0,13351,126624,49841232,-11936398,775062,61002568,61002568,610704,1489689623,170690,0,2005953,25593780,0,4.0,0.0,2.0,1.0,1.0,969.1287878999999,1024.545455,583.6818179999999,577.8787878333334,969.1045454666667,2.238867,21.150300833333333,1.0,1.0,1.0,1.0,2,0:1.0500|1:0.9300|2:1.0300|3:0.9400|4:0.9500|5:1.1000|6:0.8200|,Serap Kara:6:31807|Levent Aksoy:4:76977|Can Şimşek:1:19607|Can Kaya:1:21059|Onur Aksoy:1:20914|Ahmet Öztürk:1:19171|Songül Çelik:1:22076|Halil Yıldırım:2:38198|Cengiz Tunç:1:23092|Özlem Özkan:1:21059|Can Yıldız:2:41829|Can Demir:1:21495|Emine Uysal:1:22076|Sevgi Yavuz:1:21495|Fatma Kalkan:1:18735|Yasemin Doğan:2:42409|Songül Erdoğan:3:56789|Yusuf Demir:1:20478|Ebru Çetin:1:21059|Selin Uçar:1:22076|Ercan Yavuz:2:43862|İbrahim Özkan:3:55190|Hatice Bulut:1:22221|Esin Taş:2:40812|Ercan Turan:1:23529|Yusuf Aydın:1:21931|Hüseyin Çelik:1:23383|Tuğba Bulut:2:39795,1671490,188,289406,3162,30,40.28307226876288,39.77252298275268,2,-162782
Atak,22,3222,2019,12,788,603,185,3145,187,3,0,0,147,3217629,1920044,1265446,641080,141236,139940,169291,17469,12852,161047,42243048,-30590130,761888,72071290,72071290,300852,1446590947,186946,0,2037649,26530452,0,4.0,0.0,2.0,1.0,1.0,976.7961874193549,1032.954545,587.1363640000001,583.5322580645161,973.6612901290323,2.256474,20.940863580645164,1.0,1.0,1.0,1.0,2,0:1.0500|1:0.9300|2:1.0300|3:0.9400|4:0.9500|5:1.1000|6:0.8200|,Serap Kara:6:31807|Levent Aksoy:4:76977|Can Şimşek:1:19607|Can Kaya:1:21059|Onur Aksoy:1:20914|Ahmet Öztürk:1:19171|Songül Çelik:1:22076|Halil Yıldırım:2:38198|Cengiz Tunç:1:23092|Özlem Özkan:1:21059|Can Yıldız:2:41829|Can Demir:1:21495|Emine Uysal:1:22076|Sevgi Yavuz:1:21495|Fatma Kalkan:1:18735|Yasemin Doğan:2:42409|Songül Erdoğan:3:56789|Yusuf Demir:1:20478|Ebru Çetin:1:21059|Selin Uçar:1:22076|Ercan Yavuz:2:43862|İbrahim Özkan:3:55190|Hatice Bulut:1:22221|Esin Taş:2:40812|Ercan Turan:1:23529|Yusuf Aydın:1:21931|Hüseyin Çelik:1:23383|Tuğba Bulut:2:39795,1348364,187,316969,3192,31,39.32852420213766,39.89162001633278,2,-155922
Atak,22,3253,2020,1,977,742,235,3585,180,4,0,0,207,3627702,2170455,1393408,671080,148211,141121,170655,45060,14283,248058,62947924,1824616,1979,61121329,61121329,243192,1452706021,186946,0,2069345,29036832,0,4.0,0.0,2.0,1.0,1.0,984.9193548709677,1040.681818,588.818182,586.1231672258065,982.523460483871,2.274814,21.912323870967743,1.0,1.0,1.0,1.0,2,0:1.0500|1:0.9300|2:1.0300|3:0.9400|4:0.9500|5:1.1000|6:0.8200|,Serap Kara:6:34922|Levent Aksoy:4:84514|Can Şimşek:1:21527|Can Kaya:1:23122|Onur Aksoy:1:22963|Ahmet Öztürk:1:21049|Songül Çelik:1:24238|Halil Yıldırım:2:41938|Cengiz Tunç:1:25354|Özlem Özkan:1:23122|Can Yıldız:2:45925|Can Demir:1:23601|Emine Uysal:1:24238|Sevgi Yavuz:1:23601|Fatma Kalkan:1:20570|Yasemin Doğan:2:46562|Songül Erdoğan:3:62349|Yusuf Demir:1:22484|Ebru Çetin:1:23122|Selin Uçar:1:24238|Ercan Yavuz:2:48157|İbrahim Özkan:3:60595|Hatice Bulut:1:24397|Esin Taş:2:44808|Ercan Turan:1:25833|Yusuf Aydın:1:24079|Hüseyin Çelik:1:25674|Tuğba Bulut:2:43692,1454448,181,316969,3223,31,38.41021120257397,40.21660970637135,2,-68911
Atak,22,3282,2020,2,762,575,187,2885,152,8,0,0,154,2986173,1768617,1097243,628720,138649,134076,162139,104933,12969,20690,29468775,-29751970,1036122,58184623,58184623,61884,1455396470,186946,0,2101041,27163488,0,4.0,0.0,2.0,1.0,1.0,1002.6332291034482,1057.5,598.1363639999998,591.7836989655173,998.6598744482759,2.310313,20.358400344827587,1.0,1.0,1.0,1.0,2,0:1.0500|1:0.9300|2:1.0300|3:0.9400|4:0.9500|5:1.1000|6:0.8200|,Serap Kara:6:34922|Levent Aksoy:4:84514|Can Şimşek:1:21527|Can Kaya:1:23122|Onur Aksoy:1:22963|Ahmet Öztürk:1:21049|Songül Çelik:1:24238|Halil Yıldırım:2:41938|Cengiz Tunç:1:25354|Özlem Özkan:1:23122|Can Yıldız:2:45925|Can Demir:1:23601|Emine Uysal:1:24238|Sevgi Yavuz:1:23601|Fatma Kalkan:1:20570|Yasemin Doğan:2:46562|Songül Erdoğan:3:62349|Yusuf Demir:1:22484|Ebru Çetin:1:23122|Selin Uçar:1:24238|Ercan Yavuz:2:48157|İbrahim Özkan:3:60595|Hatice Bulut:1:24397|Esin Taş:2:44808|Ercan Turan:1:25833|Yusuf Aydın:1:24079|Hüseyin Çelik:1:25674|Tuğba Bulut:2:43692,961020,169,316969,3254,29,36.74412031720868,40.3434529558878,2,-296279
Atak,22,3313,2020,3,774,588,186,2966,177,0,0,0,152,2924547,1704343,1121942,672080,148211,145401,159867,95149,14768,-18385,4331022,-64630286,1023132,67938176,67938176,175902,1390712644,186946,0,2132737,29036832,0,4.0,0.0,2.0,1.0,1.0,1017.4999998709677,1072.954545,596.0,593.482404451613,1011.4633429354839,2.344024,21.209137935483874,1.0,1.0,1.0,1.0,2,0:1.0500|1:0.9300|2:1.0300|3:0.9400|4:0.9500|5:1.1000|6:0.8200|,Serap Kara:6:34922|Levent Aksoy:4:84514|Can Şimşek:1:21527|Can Kaya:1:23122|Onur Aksoy:1:22963|Ahmet Öztürk:1:21049|Songül Çelik:1:24238|Halil Yıldırım:2:41938|Cengiz Tunç:1:25354|Özlem Özkan:1:23122|Can Yıldız:2:45925|Can Demir:1:23601|Emine Uysal:1:24238|Sevgi Yavuz:1:23601|Fatma Kalkan:1:20570|Yasemin Doğan:2:46562|Songül Erdoğan:3:62349|Yusuf Demir:1:22484|Ebru Çetin:1:23122|Selin Uçar:1:24238|Ercan Yavuz:2:48157|İbrahim Özkan:3:60595|Hatice Bulut:1:24397|Esin Taş:2:44808|Ercan Turan:1:25833|Yusuf Aydın:1:24079|Hüseyin Çelik:1:25674|Tuğba Bulut:2:43692,495306,162,316969,3283,31,38.36293278924907,41.42506141763336,2,-335354
Atak,22,3343,2020,4,1038,761,277,3543,233,12,0,0,223,3459306,1983221,1463789,650400,143430,142902,157110,0,11641,358306,181377510,118869207,1009860,61498443,61498443,777804,1478446564,186946,0,2164433,28100160,0,4.0,0.0,2.0,1.0,1.0,1035.9318179333334,1090.0,604.136364,596.8318182333334,1031.2136363,2.380603,20.354371133333334,1.0,1.0,1.0,1.0,none,0:1.0500|1:0.9300|2:1.0300|3:0.9400|4:0.9500|5:1.1000|6:0.8200|,Serap Kara:6:34922|Levent Aksoy:4:84514|Can Şimşek:1:21527|Can Kaya:1:23122|Onur Aksoy:1:22963|Ahmet Öztürk:1:21049|Songül Çelik:1:24238|Halil Yıldırım:2:41938|Cengiz Tunç:1:25354|Özlem Özkan:1:23122|Can Yıldız:2:45925|Can Demir:1:23601|Emine Uysal:1:24238|Sevgi Yavuz:1:23601|Fatma Kalkan:1:20570|Yasemin Doğan:2:46562|Songül Erdoğan:3:62349|Yusuf Demir:1:22484|Ebru Çetin:1:23122|Selin Uçar:1:24238|Ercan Yavuz:2:48157|İbrahim Özkan:3:60595|Hatice Bulut:1:24397|Esin Taş:2:44808|Ercan Turan:1:25833|Yusuf Aydın:1:24079|Hüseyin Çelik:1:25674|Tuğba Bulut:2:43692,1247220,163,316969,3314,30,42.314527827257834,41.681841068918814,2|none,41337
Atak,22,3374,2020,5,1117,809,308,3840,259,13,0,0,254,3657595,2113222,1525377,672080,148211,149899,164796,0,19002,371389,179602283,97064338,996979,81540966,63777991,848444,1567087435,186946,0,2196129,29036832,0,4.0,0.0,2.0,1.0,1.0,1049.4354841612903,1106.363636,617.545455,609.6759530322581,1046.4574779032257,2.416546,20.011915000000002,1.0,1.0,1.0,1.0,none,0:1.0500|1:0.9300|2:1.0300|3:0.9400|4:0.9500|5:1.1000|6:0.8200|,Serap Kara:6:34922|Levent Aksoy:4:84514|Can Şimşek:1:21527|Can Kaya:1:23122|Onur Aksoy:1:22963|Ahmet Öztürk:1:21049|Songül Çelik:1:24238|Halil Yıldırım:2:41938|Cengiz Tunç:1:25354|Özlem Özkan:1:23122|Can Yıldız:2:45925|Can Demir:1:23601|Emine Uysal:1:24238|Sevgi Yavuz:1:23601|Fatma Kalkan:1:20570|Yasemin Doğan:2:46562|Songül Erdoğan:3:62349|Yusuf Demir:1:22484|Ebru Çetin:1:23122|Selin Uçar:1:24238|Ercan Yavuz:2:48157|İbrahim Özkan:3:60595|Hatice Bulut:1:24397|Esin Taş:2:44808|Ercan Turan:1:25833|Yusuf Aydın:1:24079|Hüseyin Çelik:1:25674|Tuğba Bulut:2:43692,2011244,167,316969,3344,31,41.70437131503078,41.15450979880457,none,54420
Atak,22,3404,2020,6,1086,792,294,4021,246,19,0,0,241,3687993,2111344,1547968,650400,143430,147344,186270,0,14667,405857,156673912,79768885,995896,75909131,93672106,1093818,1594330975,204829,0,2230858,28192891,0,4.0,0.0,2.0,1.0,1.0,1076.3333331333333,1123.6363640000002,626.5,620.3575756666667,1062.2469697666666,2.454257,19.253584166666666,1.0,1.0,1.0,1.0,none,0:1.0500|1:0.9300|2:1.0300|3:0.9400|4:0.9500|5:1.1000|6:0.8200|,Serap Kara:6:34922|Levent Aksoy:4:84514|Can Şimşek:1:21527|Can Kaya:1:23122|Onur Aksoy:1:22963|Ahmet Öztürk:1:21049|Songül Çelik:1:24238|Halil Yıldırım:2:41938|Cengiz Tunç:1:25354|Özlem Özkan:1:23122|Can Yıldız:2:45925|Can Demir:1:23601|Emine Uysal:1:24238|Sevgi Yavuz:1:23601|Fatma Kalkan:1:20570|Yasemin Doğan:2:46562|Songül Erdoğan:3:62349|Yusuf Demir:1:22484|Ebru Çetin:1:23122|Selin Uçar:1:24238|Ercan Yavuz:2:48157|İbrahim Özkan:3:60595|Hatice Bulut:1:24397|Esin Taş:2:44808|Ercan Turan:1:25833|Yusuf Aydın:1:24079|Hüseyin Çelik:1:25674|Tuğba Bulut:2:43692,2145696,171,347287,3375,30,41.97318161937943,41.79312479562586,none,58570
Atak,22,3435,2020,7,1171,860,311,4523,161,18,0,0,277,4102165,2432602,1654518,705080,155899,154550,195393,0,15185,428411,158446011,84803524,11181,73631306,73631306,1169706,1664771397,204829,0,2265587,31911493,0,4.0,0.0,2.0,1.0,1.0,1073.1451613548388,1140.681818,650.6363640000001,639.1451611935483,1076.5923752903227,2.491312,22.58422970967742,0.9790322580645161,0.9790322580645161,1.0,0.9865207419354838,3,0:1.0500|1:0.9300|2:1.0300|3:0.9400|4:0.9500|5:1.1000|6:0.8200|,Serap Kara:6:38379|Levent Aksoy:4:92881|Can Şimşek:1:23658|Can Kaya:1:25411|Onur Aksoy:1:25235|Ahmet Öztürk:1:23133|Songül Çelik:1:26638|Halil Yıldırım:2:46089|Cengiz Tunç:1:27864|Özlem Özkan:1:25411|Can Yıldız:2:50471|Can Demir:1:25937|Emine Uysal:1:26638|Sevgi Yavuz:1:25937|Fatma Kalkan:1:22607|Yasemin Doğan:2:51172|Songül Erdoğan:3:68522|Yusuf Demir:1:24709|Ebru Çetin:1:25411|Selin Uçar:1:26638|Ercan Yavuz:2:52925|İbrahim Özkan:3:66593|Hatice Bulut:1:26813|Esin Taş:2:49245|Ercan Turan:1:28391|Yusuf Aydın:1:26462|Hüseyin Çelik:1:28214|Tuğba Bulut:2:48018,2383550,172,347287,3405,31,40.33279987518786,39.37107602679065,none|3,81124
Atak,22,3466,2020,8,1184,874,310,4558,267,22,0,0,248,3902381,2286503,1590392,706180,155899,156939,198431,1539,20312,352631,137890781,41636136,1000027,95254618,95254618,903030,1688566858,204829,0,2300316,31911493,0,4.0,0.0,2.0,1.0,1.0,1091.840176,1158.409091,649.045455,647.1187684516128,1092.6480938064515,2.5301889999999996,22.72937319354839,0.95,0.95,1.0,0.9251728064516129,3,0:1.0500|1:0.9300|2:1.0300|3:0.9400|4:0.9500|5:1.1000|6:0.8200|,Serap Kara:6:38379|Levent Aksoy:4:92881|Can Şimşek:1:23658|Can Kaya:1:25411|Onur Aksoy:1:25235|Ahmet Öztürk:1:23133|Songül Çelik:1:26638|Halil Yıldırım:2:46089|Cengiz Tunç:1:27864|Özlem Özkan:1:25411|Can Yıldız:2:50471|Can Demir:1:25937|Emine Uysal:1:26638|Sevgi Yavuz:1:25937|Fatma Kalkan:1:22607|Yasemin Doğan:2:51172|Songül Erdoğan:3:68522|Yusuf Demir:1:24709|Ebru Çetin:1:25411|Selin Uçar:1:26638|Ercan Yavuz:2:52925|İbrahim Özkan:3:66593|Hatice Bulut:1:26813|Esin Taş:2:49245|Ercan Turan:1:28391|Yusuf Aydın:1:26462|Hüseyin Çelik:1:28214|Tuğba Bulut:2:48018,1951950,173,347287,3436,31,40.75440096699938,40.55490269850631,3,5344
Atak,22,3496,2020,9,1119,820,299,4129,302,20,0,0,238,3953157,2318473,1614986,683400,150870,154248,169590,0,21562,435316,170340858,87232764,987296,82120798,82120798,966826,1753559716,204829,0,2335045,30882090,0,4.0,0.0,2.0,1.0,1.0,1106.1212120000002,1176.3636359999998,647.454545,647.3060603666668,1106.4712121,2.569674,23.373842466666666,0.95,0.95,1.0,0.925,3,0:1.0500|1:0.9300|2:1.0300|3:0.9400|4:0.9500|5:1.1000|6:0.8200|,Serap Kara:6:38379|Levent Aksoy:4:92881|Can Şimşek:1:23658|Can Kaya:1:25411|Onur Aksoy:1:25235|Ahmet Öztürk:1:23133|Songül Çelik:1:26638|Halil Yıldırım:2:46089|Cengiz Tunç:1:27864|Özlem Özkan:1:25411|Can Yıldız:2:50471|Can Demir:1:25937|Emine Uysal:1:26638|Sevgi Yavuz:1:25937|Fatma Kalkan:1:22607|Yasemin Doğan:2:51172|Songül Erdoğan:3:68522|Yusuf Demir:1:24709|Ebru Çetin:1:25411|Selin Uçar:1:26638|Ercan Yavuz:2:52925|İbrahim Özkan:3:66593|Hatice Bulut:1:26813|Esin Taş:2:49245|Ercan Turan:1:28391|Yusuf Aydın:1:26462|Hüseyin Çelik:1:28214|Tuğba Bulut:2:48018,2204686,176,347287,3467,30,40.85307009056306,41.46622106366405,3,88029
Atak,22,3527,2020,10,1172,831,341,3831,422,16,0,0,239,4000995,2339478,1636184,706180,155899,161808,177909,0,16647,417741,146905124,66917794,974285,79013045,79013045,1104004,1795390640,204829,0,2369774,31911493,0,4.0,0.0,2.0,1.0,1.0,1134.941349,1193.863636,676.545455,663.5087976774194,1126.058651,2.608471,20.69735864516129,0.95,0.95,1.0,0.925,3,0:1.0500|1:0.9300|2:1.0300|3:0.9400|4:0.9500|5:1.1000|6:0.8200|,Serap Kara:6:38379|Levent Aksoy:4:92881|Can Şimşek:1:23658|Can Kaya:1:25411|Onur Aksoy:1:25235|Ahmet Öztürk:1:23133|Songül Çelik:1:26638|Halil Yıldırım:2:46089|Cengiz Tunç:1:27864|Özlem Özkan:1:25411|Can Yıldız:2:50471|Can Demir:1:25937|Emine Uysal:1:26638|Sevgi Yavuz:1:25937|Fatma Kalkan:1:22607|Yasemin Doğan:2:51172|Songül Erdoğan:3:68522|Yusuf Demir:1:24709|Ebru Çetin:1:25411|Selin Uçar:1:26638|Ercan Yavuz:2:52925|İbrahim Özkan:3:66593|Hatice Bulut:1:26813|Esin Taş:2:49245|Ercan Turan:1:28391|Yusuf Aydın:1:26462|Hüseyin Çelik:1:28214|Tuğba Bulut:2:48018,2184068,179,347287,3497,31,40.8944275111566,40.38939055343202,3,70454
Atak,22,3557,2020,11,1036,765,271,3920,315,18,0,0,219,3691867,2185379,1486963,683400,150870,159020,174840,0,18283,300550,152287464,49540722,960990,101785752,101785752,1091640,1804815601,204829,0,2404503,30882090,0,4.0,0.0,2.0,1.0,1.0,1151.4848489333333,1212.5,692.1969695333333,682.1818182000001,1141.5136363666668,2.649177,21.1174389,0.95,0.95,1.0,0.925,3,0:1.0500|1:0.9300|2:1.0300|3:0.9400|4:0.9500|5:1.1000|6:0.8200|,Serap Kara:6:38379|Levent Aksoy:4:92881|Can Şimşek:1:23658|Can Kaya:1:25411|Onur Aksoy:1:25235|Ahmet Öztürk:1:23133|Songül Çelik:1:26638|Halil Yıldırım:2:46089|Cengiz Tunç:1:27864|Özlem Özkan:1:25411|Can Yıldız:2:50471|Can Demir:1:25937|Emine Uysal:1:26638|Sevgi Yavuz:1:25937|Fatma Kalkan:1:22607|Yasemin Doğan:2:51172|Songül Erdoğan:3:68522|Yusuf Demir:1:24709|Ebru Çetin:1:25411|Selin Uçar:1:26638|Ercan Yavuz:2:52925|İbrahim Özkan:3:66593|Hatice Bulut:1:26813|Esin Taş:2:49245|Ercan Turan:1:28391|Yusuf Aydın:1:26462|Hüseyin Çelik:1:28214|Tuğba Bulut:2:48018,2090524,183,347287,3528,30,40.2767217778972,39.88657600014944,3,-46737
Atak,22,3588,2020,12,1149,794,355,3497,465,34,0,0,265,3944923,2345382,1574547,706180,155899,166802,201748,0,24882,319036,215355669,122853301,947402,91554966,91554966,1142982,1895961826,234090,0,2444193,32057476,0,4.0,0.0,2.0,1.0,1.0,1167.3826980000001,1230.909091,701.454545,694.8343108709677,1156.8343107741937,2.689175,19.908340387096775,0.95,0.95,1.0,0.925,3,0:1.0500|1:0.9300|2:1.0300|3:0.9400|4:0.9500|5:1.1000|6:0.8200|,Serap Kara:6:38379|Levent Aksoy:4:92881|Can Şimşek:1:23658|Can Kaya:1:25411|Onur Aksoy:1:25235|Ahmet Öztürk:1:23133|Songül Çelik:1:26638|Halil Yıldırım:2:46089|Cengiz Tunç:1:27864|Özlem Özkan:1:25411|Can Yıldız:2:50471|Can Demir:1:25937|Emine Uysal:1:26638|Sevgi Yavuz:1:25937|Fatma Kalkan:1:22607|Yasemin Doğan:2:51172|Songül Erdoğan:3:68522|Yusuf Demir:1:24709|Ebru Çetin:1:25411|Selin Uçar:1:26638|Ercan Yavuz:2:52925|İbrahim Özkan:3:66593|Hatice Bulut:1:26813|Esin Taş:2:49245|Ercan Turan:1:28391|Yusuf Aydın:1:26462|Hüseyin Çelik:1:28214|Tuğba Bulut:2:48018,2379444,186,396900,3558,31,39.913250524788445,39.912203067446875,3,-77864
Atak,22,3619,2021,1,1150,854,296,4306,368,39,0,0,217,5167721,3077943,2060360,760180,168454,169445,204879,0,17115,740287,123468969,20312746,5385,103150838,83979463,1386508,1948995182,234090,0,2483883,36436966,0,4.0,0.0,2.0,1.0,1.0,1178.8416421935483,1250.227273,699.4178886451614,698.2653959032258,1173.9222873225806,2.731141,22.142264967741934,0.95,0.95,1.0,0.925,3,0:1.0500|1:0.9300|2:1.0300|3:0.9400|4:0.9500|5:1.1000|6:0.8200|,Serap Kara:6:43822|Levent Aksoy:4:106053|Can Şimşek:1:27014|Can Kaya:1:29014|Onur Aksoy:1:28814|Ahmet Öztürk:1:26413|Songül Çelik:1:30416|Halil Yıldırım:2:52626|Cengiz Tunç:1:31816|Özlem Özkan:1:29014|Can Yıldız:2:57629|Can Demir:1:29614|Emine Uysal:1:30416|Sevgi Yavuz:1:29614|Fatma Kalkan:1:25813|Yasemin Doğan:2:58429|Songül Erdoğan:3:78240|Yusuf Demir:1:28214|Ebru Çetin:1:29014|Selin Uçar:1:30416|Ercan Yavuz:2:60430|İbrahim Özkan:3:76038|Hatice Bulut:1:30615|Esin Taş:2:56227|Ercan Turan:1:32416|Yusuf Aydın:1:30215|Hüseyin Çelik:1:32216|Tuğba Bulut:2:54827,2755234,185,396900,3589,31,39.869799472533444,40.6690548067416,3,343387
Atak,22,3647,2021,2,948,619,329,2780,574,13,0,0,191,3307501,1919520,1371031,688240,152152,156494,189224,0,16489,168432,116553243,31279973,1344013,83929257,81975406,1091876,1967737606,234090,0,2523573,32910808,0,4.0,0.0,2.0,1.0,1.0,1225.38961025,1278.1818179999998,715.136364,705.8051947499999,1200.595779142857,2.792682,18.368500357142857,0.95,0.95,1.0,0.925,3,0:1.0500|1:0.9300|2:1.0300|3:0.9400|4:0.9500|5:1.1000|6:0.8200|,Serap Kara:6:43822|Levent Aksoy:4:106053|Can Şimşek:1:27014|Can Kaya:1:29014|Onur Aksoy:1:28814|Ahmet Öztürk:1:26413|Songül Çelik:1:30416|Halil Yıldırım:2:52626|Cengiz Tunç:1:31816|Özlem Özkan:1:29014|Can Yıldız:2:57629|Can Demir:1:29614|Emine Uysal:1:30416|Sevgi Yavuz:1:29614|Fatma Kalkan:1:25813|Yasemin Doğan:2:58429|Songül Erdoğan:3:78240|Yusuf Demir:1:28214|Ebru Çetin:1:29014|Selin Uçar:1:30416|Ercan Yavuz:2:60430|İbrahim Özkan:3:76038|Hatice Bulut:1:30615|Esin Taş:2:56227|Ercan Turan:1:32416|Yusuf Aydın:1:30215|Hüseyin Çelik:1:32216|Tuğba Bulut:2:54827,1814548,186,396900,3620,28,41.452171896546666,41.64008263020117,3,-228468
Atak,22,3653,2021,3,215,142,73,668,104,3,0,0,49,793178,451806,336861,147480,32604,34194,37614,0,4668,80301,33213802,33213802,0,0,21125226,1142694,1978610694,0,0,2523573,7052316,0,4.0,0.0,2.0,1.0,1.0,1252.3484846666668,1304.318182,734.0,714.6060606666666,1229.6136363333333,2.849458,18.697120166666668,0.9499999999999998,0.9499999999999998,1.0,0.9250000000000002,3,0:1.0500|1:0.9300|2:1.0300|3:0.9400|4:0.9500|5:1.1000|6:0.8200|,Serap Kara:6:43822|Levent Aksoy:4:106053|Can Şimşek:1:27014|Can Kaya:1:29014|Onur Aksoy:1:28814|Ahmet Öztürk:1:26413|Songül Çelik:1:30416|Halil Yıldırım:2:52626|Cengiz Tunç:1:31816|Özlem Özkan:1:29014|Can Yıldız:2:57629|Can Demir:1:29614|Emine Uysal:1:30416|Sevgi Yavuz:1:29614|Fatma Kalkan:1:25813|Yasemin Doğan:2:58429|Songül Erdoğan:3:78240|Yusuf Demir:1:28214|Ebru Çetin:1:29014|Selin Uçar:1:30416|Ercan Yavuz:2:60430|İbrahim Özkan:3:76038|Hatice Bulut:1:30615|Esin Taş:2:56227|Ercan Turan:1:32416|Yusuf Aydın:1:30215|Hüseyin Çelik:1:32216|Tuğba Bulut:2:54827,427020,186,0,3648,6,42.46978610097607,41.39011553199059,3,80301
Atak,23,25,2011,3,1510,1361,149,6445,203,84,0,9,107,2713770,2019866,683968,171250,38525,50012,55000,0,5000,364181,242906,174068,0,68838,68838,541522,259990,71527,0,12127,0,0,3.0,1.0,2.0,0.0,0.0,430.90909092000004,457.7272730000001,311.60545460000003,321.92181812,430.71818176,1.0,32.72682492,1.0,1.0,1.0,1.0,none,0:1.0000|1:0.9000|2:1.0300|3:0.9400|4:0.9500|5:1.1000|6:0.8200|,,2242772,1,121275,1,25,25.20360973848189,27.68649787946785,none,242906
Atak,23,55,2011,4,1887,1728,159,8554,225,109,0,6,119,3331075,2307268,999998,205500,46230,60374,66390,0,13927,607577,486302,361142,0,125160,134037,1120458,1212383,71527,0,24254,0,0,3.0,1.0,2.0,0.0,0.0,427.6136363,459.09090899999995,292.8666666666667,295.8833332666666,429.9621212666667,1.00592,32.97791326666667,1.0,1.0,1.0,1.0,none,0:1.0000|1:0.8950|2:1.0300|3:0.9300|4:0.9500|5:1.1000|6:0.8200|,,2316572,1,121275,26,30,30.02027873884557,31.511382751788386,none,486302
Atak,23,86,2011,5,2130,1908,222,10975,221,131,0,31,155,3939455,2926241,990448,212350,47771,62821,69099,0,6927,591480,470205,315805,0,154400,161327,1377330,1791004,71527,0,36381,0,0,3.0,1.0,2.0,0.0,0.0,403.7170090645161,464.31818200000004,296.8196482580645,296.0410557419355,406.2287390322581,1.01307,43.09012483870968,1.0,1.0,1.0,1.0,none,0:1.0000|1:0.8900|2:1.0300|3:0.9000|4:0.9500|5:1.1000|6:0.8200|,,2939574,1,121275,56,31,25.141751841307997,26.478290090910896,none,470205
Atak,23,116,2011,6,2081,1881,200,10745,281,68,0,28,143,3755845,2737064,998570,205500,46230,61245,77460,0,5100,603035,470735,344300,0,126435,126435,1262430,2048782,78030,0,49611,0,0,3.0,1.0,2.0,0.0,0.0,419.4772728,466.818182,302.27121213333334,300.7484849,423.55757566666665,1.020512,42.113254633333334,1.0,1.0,1.0,1.0,none,0:1.0500|1:0.9000|2:1.0300|3:0.9100|4:0.9500|5:1.1000|6:0.8200|,,2726752,1,132300,87,30,26.587092917838728,27.940979944948914,none,470735
Atak,23,147,2011,7,2305,2084,221,11964,222,121,0,48,141,4079905,2965426,1094173,224350,50561,63751,80600,0,5150,669761,598691,432386,0,166305,135829,1194152,2419456,78030,0,62841,0,0,3.0,1.0,2.0,0.0,0.0,420.11730232258066,470.227273,300.91788864516127,301.1744867741935,421.73900296774195,1.027766,41.59706090322581,1.0,1.0,1.0,1.0,none,0:1.0500|1:0.9050|2:1.0300|3:0.9150|4:0.9500|5:1.1000|6:0.8200|,,3007400,1,132300,117,31,26.818590138740976,28.37288848101141,none,537461
Atak,23,178,2011,8,2172,1929,243,11257,203,111,0,57,149,3954070,2863565,1070570,224750,50561,64216,81189,0,0,649854,214475,104309,0,110166,140642,1286360,2467909,78030,0,76071,0,0,3.0,1.0,2.0,0.0,0.0,421.136364,474.090909,299.21260996774197,299.8343108709677,426.9897363548387,1.035317,41.51803870967742,1.0,1.0,1.0,1.0,none,0:1.0500|1:0.9100|2:1.0300|3:0.9200|4:0.9500|5:1.1000|6:0.8200|,,2885492,1,132300,148,31,27.075140298477265,28.951134229828234,none,517554
Atak,23,208,2011,9,1873,1685,188,9215,248,130,0,12,145,3617635,2553112,1040793,228680,48930,62595,68820,0,3010,628758,140454,34919,0,105535,105535,1010288,10879964,78030,0,89301,0,0,3.8666666666666667,1.0,2.0,0.0,0.8666666666666667,435.69696949999997,477.272727,302.94393940000003,302.9106061,437.6939394666667,1.042922,38.456706966666665,1.0,1.0,1.0,1.0,none,0:1.0500|1:0.9300|2:1.0300|3:0.9400|4:0.9500|5:1.1000|6:0.8200|,,2545436,3,132300,179,30,28.76998370482373,30.46911945528231,none,496458
Atak,23,239,2011,10,1930,1728,202,9352,235,113,0,14,152,3744805,2580553,1143505,238080,50561,65146,71641,0,0,718077,1152869,727895,122788,302186,302186,1126080,11973495,78030,0,102531,0,0,4.0,1.0,2.0,0.0,1.0,435.74046919354834,481.136364,295.0733138064516,296.63782996774194,440.7360703548387,1.050335,40.63740693548387,1.0,1.0,1.0,1.0,none,0:1.0500|1:0.9300|2:1.0300|3:0.9400|4:0.9500|5:1.1000|6:0.8200|,,2642038,3,132300,209,31,30.535768885162245,32.28232522157927,none,585777
Atak,23,269,2011,11,1831,1638,193,9099,271,106,0,9,133,3677615,2506994,1153631,230400,48930,63495,69840,0,0,740966,1222813,794537,126071,302205,302205,1170218,12820241,78030,0,115761,0,0,4.0,1.0,2.0,0.0,1.0,435.90909100000005,484.545455,292.51515163333335,293.2954545333333,443.1378789,1.058051,41.0630684,1.0,1.0,1.0,1.0,none,0:1.0500|1:0.9300|2:1.0300|3:0.9400|4:0.9500|5:1.1000|6:0.8200|,,2478706,3,132300,240,30,31.368998658097706,32.89537711583691,none,608666
Atak,23,300,2011,12,1842,1657,185,9030,287,152,0,5,129,3935240,2557078,1361070,328530,70919,66077,79949,0,21502,794093,-846461,-1224103,125815,251827,251827,1021748,5869795,79655,0,129266,0,0,4.870967741935484,1.0,2.0,0.8709677419354839,1.0,451.45894403225805,487.5,288.816715516129,290.3475073548387,453.85190619354836,1.065572,37.184848129032254,1.0,1.0,1.0,1.0,none,0:1.0500|1:0.9300|2:1.0300|3:0.9400|4:0.9500|5:1.1000|6:0.8200|,,2567452,5,135056,270,31,34.58670881572662,36.02591789708961,none,659037
Atak,23,331,2012,1,1768,1568,200,8526,231,163,0,2,136,3709440,2428224,1264380,344930,74617,66569,80538,0,0,697726,1920974,1246248,138110,536616,536616,1029024,6995431,79655,0,142771,0,0,5.0,1.0,2.0,1.0,1.0,454.47947258064517,491.81818200000004,294.8870968709677,293.8900293870968,456.46187683870966,1.0734,36.32054161290323,1.0,1.0,1.0,1.0,none,0:1.0500|1:0.9300|2:1.0300|3:0.9400|4:0.9500|5:1.1000|6:0.8200|,,2460284,5,135056,301,31,34.08546842650104,35.115420021826964,none,562670
Atak,23,360,2012,2,1665,1470,195,7826,220,134,0,4,142,3436895,2214431,1211177,322770,69803,62623,75777,0,0,680204,2401331,1685347,0,715984,715984,1109810,8720813,79655,0,156276,0,0,5.0,1.0,2.0,1.0,1.0,454.4043886551724,494.3181819999999,288.045455,289.82915358620687,459.6724136896552,1.079586,37.133777344827585,1.0,1.0,1.0,1.0,none,0:1.0500|1:0.9300|2:1.0300|3:0.9400|4:0.9500|5:1.1000|6:0.8200|,,2258150,5,135056,332,29,35.24044231784794,36.61032723462865,none,545148
Atak,23,391,2012,3,1796,1601,195,8426,248,101,0,5,147,3551530,2324596,1211031,345030,74617,67313,74028,0,0,650043,2382845,1469655,264065,649125,649125,969068,9756091,79655,0,169781,84804,0,5.0,1.0,2.0,1.0,1.0,454.772727,496.590909,296.5073310967742,294.614369483871,461.53225822580646,1.085405,38.1747725483871,1.0,1.0,1.0,1.0,none,0:1.0500|1:0.9300|2:1.0300|3:0.9400|4:0.9500|5:1.1000|6:0.8200|,Nazlı Yılmaz:6:14134,2307222,5,135056,361,31,34.09885317032378,34.80098662627713,none,514987
Atak,23,421,2012,4,1715,1527,188,7996,219,68,0,2,147,3297920,2116433,1161153,333900,72210,65502,72060,0,0,617481,739416,-125405,128660,736161,736161,1011000,36391335,79655,0,183286,424020,0,5.0,1.0,2.0,1.0,1.0,463.29545433333334,499.318182,295.09090899999995,295.2757576,465.4015152666667,1.09166,36.671023633333334,1.0,1.0,1.0,1.0,none,0:1.0500|1:0.9300|2:1.0300|3:0.9400|4:0.9500|5:1.1000|6:0.8200|,Nazlı Yılmaz:6:14134,2151528,5,135056,392,30,35.20864666213856,36.30610742239509,none,482425
Atak,23,452,2012,5,1902,1703,199,9600,239,135,0,2,151,3856250,2443707,1392861,345030,74617,68058,74865,0,0,830291,-1443989,-2572224,505869,622366,622366,1125998,30212157,79655,0,196791,828731,0,5.0,1.0,2.0,1.0,1.0,463.863636,502.045455,290.0,291.5117302580645,466.90762470967746,1.097747,37.60765990322581,1.0,1.0,1.0,1.0,none,0:1.0500|1:0.9300|2:1.0300|3:0.9400|4:0.9500|5:1.1000|6:0.8200|,Nazlı Yılmaz:6:14134|Serap Karaca:4:35507,2435312,9,135056,422,31,36.11957212317666,37.48162660459118,none,695235
Atak,23,482,2012,6,1851,1693,158,9567,190,76,0,6,129,3494910,2240815,1239274,333900,72210,66252,83790,0,0,683122,2006942,446224,563591,997127,997127,1056060,27738509,82906,0,210847,1491079,0,5.0,1.0,2.0,1.0,1.0,465.0909093,505.227273,296.7136364,295.0484849,469.25000016666667,1.104074,38.8141537,1.0,1.0,1.0,1.0,none,0:1.0500|1:0.9300|2:1.0300|3:0.9400|4:0.9500|5:1.1000|6:0.8200|,Nazlı Yılmaz:6:14134|Serap Karaca:4:35507,2221326,13,140569,453,30,35.45939666543631,36.203088371136225,none,542553
Atak,23,513,2012,7,1956,1749,207,9713,189,108,0,12,155,3478330,2213170,1241081,354030,76725,68833,87079,0,296,654118,10244957,7014408,561225,2669324,2669324,1049232,33933071,82906,0,224903,1596190,0,5.0,1.0,2.0,1.0,1.0,465.8870968709677,508.18181799999996,292.545455,293.46041048387093,471.0469209677419,1.11023,39.81205409677419,1.0,1.0,1.0,1.0,none,0:1.0500|1:0.9300|2:1.0300|3:0.9400|4:0.9500|5:1.1000|6:0.8200|,Nazlı Yılmaz:6:14661|Serap Karaca:4:36830,2268480,13,140569,483,31,35.680369602654146,37.20679173885266,none,513549
Atak,23,544,2012,8,1796,1618,178,8293,171,74,0,6,146,3181905,1947899,1219215,354330,76725,69236,87575,0,328,631021,7979422,4604904,558822,2815696,2815696,830310,37184765,82906,0,238959,1596190,0,5.0,1.0,2.0,1.0,1.0,479.941349,510.909091,291.5,292.27565987096773,479.5366568709677,1.116629,34.207644290322584,1.0,1.0,1.0,1.0,none,0:1.0500|1:0.9300|2:1.0300|3:0.9400|4:0.9500|5:1.1000|6:0.8200|,Nazlı Yılmaz:6:14661|Serap Karaca:4:36830,1964050,13,140569,514,31,38.31714020374587,39.263411954947024,none,490452
Atak,23,574,2012,9,1643,1478,165,7630,240,108,0,3,119,3352820,2079009,1258554,342900,74250,67393,74130,0,741,699140,12944227,9003664,556381,3384182,2594771,973822,41881346,82906,0,253015,1544700,0,5.0,1.0,2.0,1.0,1.0,481.59090899999995,514.090909,298.9636364,296.96515156666663,483.3030304,1.123064,32.7884511,1.0,1.0,1.0,1.0,none,0:1.0500|1:0.9300|2:1.0300|3:0.9400|4:0.9500|5:1.1000|6:0.8200|,Nazlı Yılmaz:6:14661|Serap Karaca:4:36830,2095382,14,140569,545,30,37.53717765940313,37.921661141655804,none,558571
Atak,23,605,2012,10,1718,1530,188,7770,211,115,0,0,137,3271845,2031908,1223656,354330,76725,70042,77035,0,685,644839,12348234,8275626,553901,3518707,4308118,919880,155260532,82906,0,267071,1596190,0,5.0,1.0,2.0,1.0,1.0,480.28592383870966,516.818182,296.334311,297.08651045161287,482.66422290322583,1.129326,33.15583919354839,1.0,1.0,1.0,1.0,none,0:1.0500|1:0.9300|2:1.0300|3:0.9400|4:0.9500|5:1.1000|6:0.8200|,Nazlı Yılmaz:6:14661|Serap Karaca:4:36830,2050328,14,140569,575,31,37.399571189955516,38.30043807415113,none,504270
Atak,23,635,2012,11,1704,1535,169,8215,210,100,0,2,130,3493435,2225652,1251878,342900,74250,68172,74970,0,669,690917,2046701,-817952,2010357,854296,854296,1026592,103683227,82906,0,281127,1544700,0,5.0,1.0,2.0,1.0,1.0,481.33333346666666,520.227273,307.0636366,304.5863637333333,487.3484847666667,1.135835,35.47446956666667,1.0,1.0,1.0,1.0,none,0:1.0500|1:0.9300|2:1.0300|3:0.9400|4:0.9500|5:1.1000|6:0.8200|,Nazlı Yılmaz:6:14661|Serap Karaca:4:36830,2259616,18,140569,606,30,35.83515937751812,36.20561568249152,none,550348
Atak,23,666,2012,12,1709,1511,198,7024,310,123,0,3,136,3453493,2116653,1318777,354330,76725,70818,85684,0,571,730649,20378280,15844895,3313,4530072,4530072,871260,65689386,86158,0,295735,1598204,0,5.0,1.0,2.0,1.0,1.0,493.22580641935485,522.727273,299.2375367096774,301.3240469032258,492.97947216129035,1.142168,30.21348329032258,1.0,1.0,1.0,1.0,none,0:1.0500|1:0.9300|2:1.0300|3:0.9400|4:0.9500|5:1.1000|6:0.8200|,Nazlı Yılmaz:6:14661|Serap Karaca:4:36830,2116278,21,146081,636,31,38.186757581382096,39.330519041159626,none,584568
Atak,23,697,2013,1,1593,1383,210,6521,289,117,0,0,147,3261130,1971042,1273137,292980,62989,71252,86180,0,367,759369,30782666,20616633,2202379,7963654,7963654,864618,84408230,86158,0,310343,1658624,0,4.32258064516129,1.0,2.0,0.3225806451612903,1.0,497.45601187096776,525.454545,298.363636,299.4604106129032,495.5659822580645,1.148751,28.40979480645161,1.0,1.0,1.0,1.0,none,0:1.0500|1:0.9300|2:1.0300|3:0.9400|4:0.9500|5:1.1000|6:0.8200|,Nazlı Yılmaz:6:15234|Serap Karaca:4:38270,2001594,21,146081,667,31,39.03975002529798,40.02210670289561,none,613288
Atak,23,725,2013,2,1450,1277,173,6158,251,110,0,0,120,3225795,1995169,1208108,283590,61103,64749,78316,0,24826,695524,28534341,18102777,2170160,8261404,8261404,966232,102362077,86158,0,324951,1498112,0,4.392857142857143,1.0,2.0,0.39285714285714285,1.0,498.4009741785714,528.863636,309.318182,306.30519478571426,497.32792217857144,1.155828,28.725191535714288,1.0,1.0,1.0,1.0,none,0:1.0500|1:0.9300|2:1.0300|3:0.9400|4:0.9500|5:1.1000|6:0.8200|,Nazlı Yılmaz:6:15234|Serap Karaca:4:38270,2032094,21,146081,698,28,37.45148095275738,37.93788575357504,none,549443
Atak,23,756,2013,3,1731,1530,201,7702,241,110,0,0,151,3579995,2215933,1347067,397730,86490,72089,79267,0,373,711118,32244918,20250792,2137470,9856656,7811278,957794,110328715,86158,0,339559,1658624,0,5.0,1.0,2.0,1.0,1.0,498.4017596451613,531.818182,307.68181799999996,307.8387097096774,501.54692093548385,1.162259,30.252150806451613,1.0,1.0,1.0,1.0,none,0:1.0500|1:0.9300|2:1.0300|3:0.9400|4:0.9500|5:1.1000|6:0.8200|,Nazlı Yılmaz:6:15234|Serap Karaca:4:38270,2219476,21,146081,726,31,37.627622384947465,38.266305837472366,none,565037
Atak,23,786,2013,4,1652,1435,217,6785,293,116,0,0,152,3325700,1993593,1316574,384900,83700,70184,77190,0,643,699957,28202983,18094045,2104305,8004633,10050011,960020,117446550,86158,0,354167,1605120,0,5.0,1.0,2.0,1.0,1.0,510.0681821,535.454545,305.181818,306.2500000333333,505.63484880000004,1.16942,27.781058466666664,1.0,1.0,1.0,1.0,none,0:1.0500|1:0.9300|2:1.0300|3:0.9400|4:0.9500|5:1.1000|6:0.8200|,Nazlı Yılmaz:6:15234|Serap Karaca:4:38270,1998954,22,146081,757,30,39.58787623658177,40.16842674962846,none,553876
Atak,23,817,2013,5,1824,1607,217,7714,242,81,0,4,163,3667820,2243852,1405760,397730,86490,72957,80228,0,355,768000,33908107,23560388,2070657,8277062,8277062,1059168,122411256,86158,0,368775,1658624,0,5.0,1.0,2.0,1.0,1.0,508.9882697419355,538.409091,313.045455,310.9428151290322,508.78005851612903,1.176391,29.18855029032258,1.0,1.0,1.0,1.0,none,0:1.0500|1:0.9300|2:1.0300|3:0.9400|4:0.9500|5:1.1000|6:0.8200|,Nazlı Yılmaz:6:15234|Serap Karaca:4:38270,2262060,22,146081,787,31,38.32685355333686,38.49652858233478,none,621919
Atak,23,847,2013,6,1783,1564,219,7539,183,89,0,4,165,3239615,1934578,1286435,384900,83700,71024,89850,0,1058,655903,26689023,14621102,2036518,10031403,8649406,855114,121614960,89409,0,383934,1607244,0,5.0,1.0,2.0,1.0,1.0,512.6666662666668,542.045455,306.045455,308.00606066666666,512.4424241,1.183639,29.132170466666665,1.0,1.0,1.0,1.0,none,0:1.0500|1:0.9300|2:1.0300|3:0.9400|4:0.9500|5:1.1000|6:0.8200|,Nazlı Yılmaz:6:15234|Serap Karaca:4:38270,1959228,23,151594,818,30,39.70950251804613,40.30322719659551,none,504309
Atak,23,878,2013,7,1908,1689,219,8289,202,110,0,5,163,3499544,2094883,1385827,406730,88567,73826,93372,0,928,722404,29772342,21195810,1437,8575095,9957092,920368,127700563,89409,0,399093,1724468,0,5.0,1.0,2.0,1.0,1.0,513.3724343548387,545.0,309.727273,308.70087964516125,513.979471935484,1.190696,29.019879,1.0,1.0,1.0,1.0,none,0:1.0500|1:0.9300|2:1.0300|3:0.9400|4:0.9500|5:1.1000|6:0.8200|,Nazlı Yılmaz:6:15839|Serap Karaca:4:39789,2116064,24,151594,848,31,39.60021648534781,39.66811377606629,none,570810
Atak,23,909,2013,8,1753,1547,206,7470,219,79,0,0,166,3321135,1978092,1325899,407030,88567,74291,93961,0,450,661600,38374923,26341171,1808416,10225336,10225336,928660,150109655,89409,0,414252,1724468,0,5.0,1.0,2.0,1.0,1.0,519.6774196774194,549.090909,313.1744872580645,311.5395893870968,517.6671552903225,1.198032,27.86299922580645,1.0,1.0,1.0,1.0,none,0:1.0500|1:0.9300|2:1.0300|3:0.9400|4:0.9500|5:1.1000|6:0.8200|,Nazlı Yılmaz:6:15839|Serap Karaca:4:39789,2001916,24,151594,879,31,39.923068469062535,39.73675295484994,none,510006
Atak,23,939,2013,9,1690,1459,231,7275,229,71,0,2,174,3558300,2133715,1405496,393900,85710,72344,79560,0,386,773596,39352852,24598061,1780719,12974072,12974072,1029426,151226719,89409,0,429411,1668840,0,5.0,1.0,2.0,1.0,1.0,522.6515152999999,551.590909,313.0,312.5045455,521.1090908333333,1.205414,28.565378066666664,1.0,1.0,1.0,1.0,none,0:1.0500|1:0.9300|2:1.0300|3:0.9400|4:0.9500|5:1.1000|6:0.8200|,Nazlı Yılmaz:6:15839|Serap Karaca:4:39789,2141466,25,151594,910,30,39.49908664249782,40.11305988076219,none,622002
Atak,23,970,2013,10,1832,1608,224,8074,229,81,0,11,170,3763330,2312802,1433015,407030,88567,75190,82708,0,806,778714,45062873,31757189,1752665,11553019,11553019,1005410,156859811,89409,0,444570,1724468,0,5.0,1.0,2.0,1.0,1.0,523.1011733870968,555.227273,323.0,320.2214076451613,524.2873898064516,1.2126,30.327435193548386,1.0,1.0,1.0,1.0,none,0:1.0500|1:0.9300|2:1.0300|3:0.9400|4:0.9500|5:1.1000|6:0.8200|,Nazlı Yılmaz:6:15839|Serap Karaca:4:39789,2368754,26,151594,940,31,38.07837739448839,38.252862652063136,none,627120
Atak,23,1000,2013,11,1733,1511,222,7457,230,86,0,11,166,3633601,2239282,1375050,393900,85710,73215,80520,0,281,741424,59102490,45987256,1724249,11390985,11390985,994028,147513801,89409,0,459729,1668840,0,5.0,1.0,2.0,1.0,1.0,525.2727269000001,558.409091,323.09090899999995,322.29090893333336,527.2287877666666,1.220071,30.076435833333335,1.0,1.0,1.0,1.0,none,0:1.0500|1:0.9300|2:1.0300|3:0.9400|4:0.9500|5:1.1000|6:0.8200|,Nazlı Yılmaz:6:15839|Serap Karaca:4:39789,2228944,26,151594,971,30,37.842624988269215,38.49082724953487,none,589830
Atak,23,1031,2013,12,1658,1452,206,6606,300,114,0,0,155,3734640,2310790,1410060,407030,88567,76120,92070,0,460,745813,65071284,45096254,1695466,18279564,18279564,1001750,173290219,94286,0,475715,1726779,0,5.0,1.0,2.0,1.0,1.0,531.6788857096774,562.045455,329.636364,327.4604106129032,529.6422287741937,1.227345,27.751011032258063,1.0,1.0,1.0,1.0,none,0:1.0500|1:0.9300|2:1.0300|3:0.9400|4:0.9500|5:1.1000|6:0.8200|,Nazlı Yılmaz:6:15839|Serap Karaca:4:39789,2350958,26,159862,1001,31,37.75624959835486,38.00085486561948,none,585951
Atak,23,1062,2014,1,1702,1481,221,6996,337,160,0,2,146,3954910,2433068,1505822,420530,91729,76586,92628,0,823,823526,26027836,12440985,1666609,11920242,11920242,1062838,195195936,94286,0,491701,1796109,0,5.0,1.0,2.0,1.0,1.0,537.2727273870967,565.227273,329.772727,328.88269780645163,533.1935485483871,1.234907,27.488251290322584,1.0,1.0,1.0,1.0,none,0:1.0500|1:0.9300|2:1.0300|3:0.9400|4:0.9500|5:1.1000|6:0.8200|,Nazlı Yılmaz:6:16497|Serap Karaca:4:41442,2467118,28,159862,1032,31,38.07474759223345,38.620981451306044,none,663664
Atak,23,1090,2014,2,1619,1385,234,6293,272,121,0,10,169,3444520,2099619,1328290,380240,82852,69623,84224,0,317,711034,25286031,13829357,1640981,9815693,9815693,1029696,181984568,94286,0,507687,1622292,0,5.0,1.0,2.0,1.0,1.0,537.38636375,569.545455,325.08279235714286,326.59253239285715,537.37500025,1.243005,28.147360142857142,1.0,1.0,1.0,1.0,none,0:1.0500|1:0.9300|2:1.0300|3:0.9400|4:0.9500|5:1.1000|6:0.8200|,Nazlı Yılmaz:6:16497|Serap Karaca:4:41442,2107512,32,159862,1063,28,38.56241217934574,39.506691221443766,none,551172
Atak,23,1121,2014,3,1746,1528,218,7405,232,142,0,7,163,3534400,2120279,1393820,420980,91729,77547,85281,0,0,718283,61769584,43774798,3320,17991466,17991466,965376,187571508,94286,0,523673,1796109,0,5.0,1.0,2.0,1.0,1.0,537.5879768064516,572.954545,322.363636,323.15249261290325,539.5674485806452,1.250366,29.795000935483873,1.0,1.0,1.0,1.0,none,0:1.0500|1:0.9300|2:1.0300|3:0.9400|4:0.9500|5:1.1000|6:0.8200|,Nazlı Yılmaz:6:16497|Serap Karaca:4:41442,2140038,32,159862,1091,31,39.435830692621096,40.03518495428313,none,558421
Atak,23,1151,2014,4,1693,1460,233,6708,328,102,0,0,165,3405300,2008075,1379663,407400,88770,75526,83070,0,0,724897,65484505,47056224,1748766,16679515,16679515,910288,209035048,94286,0,539659,1738170,0,5.0,1.0,2.0,1.0,1.0,551.0833332999999,575.454545,325.863636,324.7742425,542.3666668,1.258565,26.433525333333332,1.0,1.0,1.0,1.0,none,0:1.0500|1:0.9300|2:1.0300|3:0.9400|4:0.9500|5:1.1000|6:0.8200|,Nazlı Yılmaz:6:16497|Serap Karaca:4:41442,2027266,32,159862,1122,30,40.515167532963325,40.86853724124412,none,565035
Atak,23,1182,2014,5,1798,1557,241,7703,249,96,0,4,184,3969485,2367181,1585815,420980,91729,78540,86366,0,0,908200,71507897,52246371,1722559,17538967,17538967,1057326,241349614,94286,0,555645,1796109,0,5.0,1.0,2.0,1.0,1.0,551.4222874516129,579.772727,329.727273,328.16275651612904,548.1979470967742,1.266552,27.446267516129033,1.0,1.0,1.0,1.0,none,0:1.0500|1:0.9300|2:1.0300|3:0.9400|4:0.9500|5:1.1000|6:0.8200|,Nazlı Yılmaz:6:16497|Serap Karaca:4:41442,2395512,32,159862,1152,31,39.95014466612167,40.20421725718994,none,748338
Atak,23,1212,2014,6,1838,1627,211,7736,212,55,0,3,175,3611547,2182228,1415417,407400,88770,76516,96750,0,759,745222,49781812,28389963,1695991,19695858,19695858,1111398,244495096,97537,0,572182,1740610,0,5.0,1.0,2.0,1.0,1.0,552.5681814000001,582.954545,336.318182,333.7106061,551.3303030333334,1.274857,28.777967133333334,1.0,1.0,1.0,1.0,none,0:1.0500|1:0.9300|2:1.0300|3:0.9400|4:0.9500|5:1.1000|6:0.8200|,Nazlı Yılmaz:6:16497|Serap Karaca:4:41442,2202084,34,165375,1183,30,39.191432369563515,39.13544186567237,none,579847
Atak,23,1243,2014,7,1923,1656,267,7962,186,75,0,12,217,3668165,2192972,1451473,429980,93806,79563,100626,0,1368,746130,61776842,43031869,1669061,17075912,17075912,911016,261697057,97537,0,588719,1871749,0,5.0,1.0,2.0,1.0,1.0,553.6876829032259,587.954545,330.909091,332.33724332258066,555.5909093870968,1.282947,29.18030187096774,1.0,1.0,1.0,1.0,none,0:1.0500|1:0.9300|2:1.0300|3:0.9400|4:0.9500|5:1.1000|6:0.8200|,Nazlı Yılmaz:6:17192|Serap Karaca:4:43187,2211762,35,165375,1213,31,39.56945775339986,40.235424912308076,none,580755
Atak,23,1274,2014,8,1715,1519,196,6889,195,60,0,0,173,3387087,2025618,1343002,430280,93806,80090,101277,0,769,636780,58339010,35381870,1641759,21315381,16792721,883962,274355328,97537,0,605256,1871749,0,5.0,1.0,2.0,1.0,1.0,565.4178881290323,590.681818,342.090909,338.90909093548385,559.5043990645162,1.291361,27.148243419354838,1.0,1.0,1.0,1.0,none,0:1.0500|1:0.9300|2:1.0300|3:0.9400|4:0.9500|5:1.1000|6:0.8200|,Nazlı Yılmaz:6:17192|Serap Karaca:4:43187,2068084,38,165375,1244,31,39.6506496585414,39.49768548498196,none,471405
Atak,23,1304,2014,9,1671,1456,215,6881,216,68,0,2,173,3617945,2188715,1410369,416400,90780,78016,85800,0,0,739373,83434853,61790385,1562,21642906,26165566,1051136,296317377,97537,0,621793,1811370,0,5.0,1.0,2.0,1.0,1.0,564.0757573333334,594.3181820000001,340.5,340.5424243,560.4500002,1.299829,27.4431087,1.0,1.0,1.0,1.0,none,0:1.0500|1:0.9300|2:1.0300|3:0.9400|4:0.9500|5:1.1000|6:0.8200|,Nazlı Yılmaz:6:17192|Serap Karaca:4:43187,2219532,38,165375,1275,30,38.982599237965196,39.63576778946983,none,573998
Atak,23,1335,2014,10,1680,1467,213,6815,261,103,0,5,149,3681827,2200657,1456622,430280,93806,81113,89218,0,321,761884,94667570,69839389,1646029,23182152,23182152,926484,328207846,97537,0,638330,1871749,0,5.0,1.0,2.0,1.0,1.0,568.6950147419354,599.318182,339.18181799999996,339.7258066451613,567.1158357096775,1.308077,27.951841612903223,1.0,1.0,1.0,1.0,none,0:1.0500|1:0.9300|2:1.0300|3:0.9400|4:0.9500|5:1.1000|6:0.8200|,Nazlı Yılmaz:6:17192|Serap Karaca:4:43187,2201802,39,165375,1305,31,39.56247808492903,40.357870350962166,none,596509
Atak,23,1365,2014,11,1696,1480,216,6981,248,109,0,8,155,3769045,2249999,1503336,416400,90780,79007,86910,0,404,829835,118394863,88094569,1621300,28678994,21788093,989294,284909083,97537,0,654867,1811370,0,5.0,1.0,2.0,1.0,1.0,568.2575758333334,602.272727,338.954545,339.2681817666667,567.6303029333334,1.316655,28.176033833333335,1.0,1.0,1.0,1.0,none,0:1.0500|1:0.9300|2:1.0300|3:0.9400|4:0.9500|5:1.1000|6:0.8200|,Nazlı Yılmaz:6:17192|Serap Karaca:4:43187,2256724,41,165375,1336,30,39.88639031903307,40.35195316086496,none,664460
Atak,23,1396,2014,12,1724,1516,208,6750,326,94,0,0,152,4019160,2388114,1612622,430280,93806,82167,99417,0,766,906186,139265548,106314080,1596233,31355235,38246136,1068978,354786933,102414,0,672231,1874400,0,5.0,1.0,2.0,1.0,1.0,580.4178882580645,606.818182,346.31818200000004,344.06598238709677,574.0938417741935,1.32501,26.38767041935484,1.0,1.0,1.0,1.0,none,0:1.0500|1:0.9300|2:1.0300|3:0.9400|4:0.9500|5:1.1000|6:0.8200|,Nazlı Yılmaz:6:17192|Serap Karaca:4:43187,2431928,41,173644,1366,31,40.123359109863756,40.33295854485784,none,732542
Atak,23,1427,2015,1,1634,1410,224,6623,273,111,0,0,166,3979575,2370103,1593692,443780,96937,82696,100068,0,0,870211,67178322,40020073,1570821,25587428,25587428,1116602,426693679,102414,0,689595,2298045,0,5.0,1.0,2.0,1.0,1.0,580.931084967742,610.227273,344.9648096774194,345.06451622580647,577.3137828709677,1.3337,25.01342887096774,1.0,1.0,1.0,1.0,none,0:1.0500|1:0.9300|2:1.0300|3:0.9400|4:0.9500|5:1.1000|6:0.8200|,Nazlı Yılmaz:6:17946|Serap Karaca:4:45084|Murat Yıldırım:1:12745,2361266,44,173644,1397,31,40.04678891590182,40.61863470491089,none,696567
Atak,23,1455,2015,2,1376,1171,205,5460,252,78,0,0,158,3252480,1919951,1315118,401240,87556,75225,91000,0,0,660097,58646098,33930202,1545059,23170837,23170837,1005954,377737036,102414,0,706959,3244995,0,5.0,1.0,2.0,1.0,1.0,581.2418832857143,614.5454550000001,341.409091,342.81655839285713,580.1769480357143,1.342972,24.631765392857144,1.0,1.0,1.0,1.0,none,0:1.0500|1:0.9300|2:1.0300|3:0.9400|4:0.9500|5:1.1000|6:0.8200|,Nazlı Yılmaz:6:17946|Serap Karaca:4:45084|Murat Yıldırım:1:12745|Ercan Kaplan:1:12832|Arzu Er:1:14046|Esra Arslan:1:12571|Songül Özdemir:2:25577,1956660,50,173644,1428,28,40.43431473829201,41.26213185635531,none,486453
Atak,23,1486,2015,3,1623,1362,261,6367,269,64,0,0,200,3468265,2096388,1356059,444230,96937,83812,92163,0,0,638917,97130955,66389686,0,30741269,30741269,905316,366299002,102414,0,724323,4364800,0,5.0,1.0,2.0,1.0,1.0,583.1524925806451,618.409091,354.435484,351.3240468709678,583.4105572580645,1.351403,25.976326612903225,1.0,1.0,1.0,1.0,none,0:1.0500|1:0.9300|2:1.0300|3:0.9400|4:0.9500|5:1.1000|6:0.8200|,Nazlı Yılmaz:6:17946|Serap Karaca:4:45084|Murat Yıldırım:1:12745|Ercan Kaplan:1:12832|Arzu Er:1:14046|Esra Arslan:1:12571|Songül Özdemir:2:25577,2125274,55,173644,1456,31,39.09905961626346,39.22078898582697,none,465273
Atak,23,1516,2015,4,1660,1419,241,6398,282,45,0,0,186,3469640,2075523,1368948,429900,93810,81678,89820,0,0,673740,120313667,87904963,1647796,30760908,30760908,1020060,409274637,102414,0,741687,4224000,0,5.0,1.0,2.0,1.0,1.0,593.3484849,622.954545,356.0,354.6818181666667,589.0378787333334,1.360799,24.965833166666666,1.0,1.0,1.0,1.0,none,0:1.0500|1:0.9300|2:1.0300|3:0.9400|4:0.9500|5:1.1000|6:0.8200|,Nazlı Yılmaz:6:17946|Serap Karaca:4:45084|Murat Yıldırım:1:12745|Ercan Kaplan:1:12832|Arzu Er:1:14046|Esra Arslan:1:12571|Songül Özdemir:2:25577,2097738,55,173644,1487,30,39.45504432736538,40.001532141773566,none,500096
Atak,23,1547,2015,5,1637,1406,231,6579,278,92,0,2,178,3716245,2237419,1460096,444230,96937,84959,93434,0,1343,739193,127608309,85618978,1623584,40365747,32508009,958434,463882368,102414,0,759051,4455835,0,5.0,1.0,2.0,1.0,1.0,594.9633433548386,626.818182,358.636364,357.2038124516129,593.4750734516128,1.369954,25.520890258064515,1.0,1.0,1.0,1.0,none,0:1.0500|1:0.9300|2:1.0300|3:0.9400|4:0.9500|5:1.1000|6:0.8200|,Nazlı Yılmaz:6:17946|Serap Karaca:4:45084|Murat Yıldırım:1:12745|Ercan Kaplan:1:12832|Arzu Er:1:14046|Esra Arslan:1:12571|Songül Özdemir:2:25577|Ufuk Yavuz:1:13005,2267418,55,173644,1517,31,39.289551684563314,39.72126719979993,none,565549
Atak,23,1577,2015,6,1656,1414,242,6815,250,57,0,2,206,3524314,2090333,1417075,429900,93810,82789,104700,0,765,705111,102474058,70673023,1599021,30202014,38059752,990142,470022900,105665,0,776966,5280960,0,5.0,1.0,2.0,1.0,1.0,598.1818179999999,632.045455,353.272727,354.8984847666667,597.2454542,1.379479,26.2434047,1.0,1.0,1.0,1.0,none,0:1.0500|1:0.9300|2:1.0300|3:0.9400|4:0.9500|5:1.1000|6:0.8200|,Nazlı Yılmaz:6:17946|Serap Karaca:4:45084|Murat Yıldırım:1:12745|Ercan Kaplan:1:12832|Arzu Er:1:14046|Esra Arslan:1:12571|Songül Özdemir:2:25577|Ufuk Yavuz:1:13005|İbrahim Soylu:1:13438|Hatice Erdoğan:1:13266|Alper Aksoy:1:12139|Erdem Güler:1:13525,2091740,61,179156,1548,30,40.20853419984712,40.9422492677636,none,525955
Atak,23,1608,2015,7,1743,1519,224,7052,226,70,0,3,186,3575520,2111547,1442541,453230,99045,86137,108934,0,1432,693763,102938225,72197943,1574100,29166182,29166182,890816,496785921,105665,0,794881,6676160,0,5.0,1.0,2.0,1.0,1.0,607.7126096774194,635.227273,362.013196516129,359.4237536451613,601.8401763870967,1.38876,24.869992838709678,1.0,1.0,1.0,1.0,none,0:1.0500|1:0.9300|2:1.0300|3:0.9400|4:0.9500|5:1.1000|6:0.8200|,Nazlı Yılmaz:6:18746|Serap Karaca:4:47093|Murat Yıldırım:1:13313|Ercan Kaplan:1:13404|Arzu Er:1:14672|Esra Arslan:1:13132|Songül Özdemir:2:26716|Ufuk Yavuz:1:13584|İbrahim Soylu:1:14037|Hatice Erdoğan:1:13856|Alper Aksoy:1:12679|Erdem Güler:1:14128,2149952,66,179156,1578,31,40.34492884951,40.43019829582117,none,514607
Atak,23,1639,2015,8,1677,1438,239,6685,194,47,0,0,204,3524225,2087934,1415625,453530,99045,86726,109678,0,679,665967,103072023,60762308,1548816,40760899,40760899,919340,530528485,105665,0,812796,9280475,0,5.0,1.0,2.0,1.0,1.0,608.3357771935483,640.909091,361.6583576129032,361.0351905483871,606.4780060322581,1.398416,25.74928770967742,1.0,1.0,1.0,1.0,none,0:1.0500|1:0.9300|2:1.0300|3:0.9400|4:0.9500|5:1.1000|6:0.8200|,Nazlı Yılmaz:6:18746|Serap Karaca:4:47093|Murat Yıldırım:1:13313|Ercan Kaplan:1:13404|Arzu Er:1:14672|Esra Arslan:1:13132|Songül Özdemir:2:26716|Ufuk Yavuz:1:13584|İbrahim Soylu:1:14037|Hatice Erdoğan:1:13856|Alper Aksoy:1:12679|Erdem Güler:1:14128|Alper Uçar:1:13493|Tolga Öztürk:2:25629|Barış Şimşek:3:40029|Gülay Soylu:1:13493|Ufuk Er:1:13313,2102592,70,179156,1609,31,40.168405819719226,40.549549907889464,none,486811
Atak,23,1669,2015,9,1573,1380,193,6369,221,94,0,0,161,3769815,2237924,1511640,438900,95850,84499,92940,0,1228,798223,138242237,102409116,2540,35830581,35830581,958032,553112183,105665,0,830711,11366060,0,5.0,1.0,2.0,1.0,1.0,609.4469696666667,644.090909,360.272727,360.5924243333333,609.0272728666666,1.408139,25.717897133333334,1.0,1.0,1.0,1.0,none,0:1.0500|1:0.9300|2:1.0300|3:0.9400|4:0.9500|5:1.1000|6:0.8200|,Nazlı Yılmaz:6:18746|Serap Karaca:4:47093|Murat Yıldırım:1:13313|Ercan Kaplan:1:13404|Arzu Er:1:14672|Esra Arslan:1:13132|Songül Özdemir:2:26716|Ufuk Yavuz:1:13584|İbrahim Soylu:1:14037|Hatice Erdoğan:1:13856|Alper Aksoy:1:12679|Erdem Güler:1:14128|Alper Uçar:1:13493|Tolga Öztürk:2:25629|Barış Şimşek:3:40029|Gülay Soylu:1:13493|Ufuk Er:1:13313|Seda Yavuz:1:12679|Ahmet Özkan:2:25901|Zeynep Aksoy:1:12407|Emine Duman:2:27621|Erdem Bulut:3:40029,2271276,78,179156,1640,30,40.09851942336693,40.88530340924512,none,619067
Atak,23,1700,2015,10,1595,1366,229,6481,257,83,0,0,174,3794220,2283426,1490532,453530,99045,87905,96689,0,453,752910,143055552,104220625,1553227,37281700,37281700,1080932,581243689,105665,0,848626,13721772,0,5.0,1.0,2.0,1.0,1.0,612.2800589032258,648.8636359999999,369.0,366.24486803225807,609.3152492903225,1.417612,24.76305964516129,1.0,1.0,1.0,1.0,none,0:1.0500|1:0.9300|2:1.0300|3:0.9400|4:0.9500|5:1.1000|6:0.8200|,Nazlı Yılmaz:6:18746|Serap Karaca:4:47093|Murat Yıldırım:1:13313|Ercan Kaplan:1:13404|Arzu Er:1:14672|Esra Arslan:1:13132|Songül Özdemir:2:26716|Ufuk Yavuz:1:13584|İbrahim Soylu:1:14037|Hatice Erdoğan:1:13856|Alper Aksoy:1:12679|Erdem Güler:1:14128|Alper Uçar:1:13493|Tolga Öztürk:2:25629|Barış Şimşek:3:40029|Gülay Soylu:1:13493|Ufuk Er:1:13313|Seda Yavuz:1:12679|Ahmet Özkan:2:25901|Zeynep Aksoy:1:12407|Emine Duman:2:27621|Erdem Bulut:3:40029|Dilek Çelik:1:13856,2310732,79,179156,1670,31,39.284279772917756,39.73346107972423,none,573754
Atak,23,1730,2015,11,1646,1423,223,6839,236,125,0,0,180,4015495,2411631,1582444,438900,95850,85669,94200,0,899,866926,192368680,142834236,1530335,48004109,48004109,1096732,497442936,105665,0,866541,13614360,0,5.0,1.0,2.0,1.0,1.0,614.2121210333333,653.863636,367.59090899999995,367.6363636,614.8651515666667,1.427469,26.3658185,1.0,1.0,1.0,1.0,none,0:1.0500|1:0.9300|2:1.0300|3:0.9400|4:0.9500|5:1.1000|6:0.8200|,Nazlı Yılmaz:6:18746|Serap Karaca:4:47093|Murat Yıldırım:1:13313|Ercan Kaplan:1:13404|Arzu Er:1:14672|Esra Arslan:1:13132|Songül Özdemir:2:26716|Ufuk Yavuz:1:13584|İbrahim Soylu:1:14037|Hatice Erdoğan:1:13856|Alper Aksoy:1:12679|Erdem Güler:1:14128|Alper Uçar:1:13493|Tolga Öztürk:2:25629|Barış Şimşek:3:40029|Gülay Soylu:1:13493|Ufuk Er:1:13313|Seda Yavuz:1:12679|Ahmet Özkan:2:25901|Zeynep Aksoy:1:12407|Emine Duman:2:27621|Erdem Bulut:3:40029|Dilek Çelik:1:13856,2431698,81,179156,1701,30,39.40844154954744,40.15244955088557,none,687770
Atak,23,1761,2015,12,1682,1443,239,6923,276,140,0,0,189,4473185,2660463,1793070,453530,99045,89114,107818,0,2950,1040613,223193404,170059779,1507109,51626516,51626516,1296338,614359587,113794,0,885835,14100033,0,5.0,1.0,2.0,1.0,1.0,619.4428150322581,658.181818,364.727273,365.9296187096774,618.8914957419355,1.437072,26.99497158064516,1.0,1.0,1.0,1.0,none,0:1.0500|1:0.9300|2:1.0300|3:0.9400|4:0.9500|5:1.1000|6:0.8200|,Nazlı Yılmaz:6:18746|Serap Karaca:4:47093|Murat Yıldırım:1:13313|Ercan Kaplan:1:13404|Arzu Er:1:14672|Esra Arslan:1:13132|Songül Özdemir:2:26716|Ufuk Yavuz:1:13584|İbrahim Soylu:1:14037|Hatice Erdoğan:1:13856|Alper Aksoy:1:12679|Erdem Güler:1:14128|Alper Uçar:1:13493|Tolga Öztürk:2:25629|Barış Şimşek:3:40029|Gülay Soylu:1:13493|Ufuk Er:1:13313|Seda Yavuz:1:12679|Ahmet Özkan:2:25901|Zeynep Aksoy:1:12407|Emine Duman:2:27621|Erdem Bulut:3:40029|Dilek Çelik:1:13856,2644786,81,192937,1731,31,40.08486123422125,41.1201059808876,none,847676
Atak,23,1792,2016,1,1671,1388,283,6493,301,152,0,2,204,4185200,2496582,1679583,464530,101690,89747,108562,0,32588,882466,85903203,34872433,1483547,49547223,40913504,1077042,738316109,113794,0,905129,15613553,0,4.870967741935484,1.0,2.0,0.8709677419354839,1.0,633.4017595483871,662.272727,378.68181799999996,374.87390038709674,625.6759529354838,1.447064,24.230140548387098,1.0,1.0,1.0,1.0,none,0:1.0500|1:0.9300|2:1.0300|3:0.9400|4:0.9500|5:1.1000|6:0.8200|,Nazlı Yılmaz:6:20063|Serap Karaca:4:50399|Murat Yıldırım:1:14248|Ercan Kaplan:1:14345|Arzu Er:1:15701|Esra Arslan:1:14053|Songül Özdemir:2:28591|Ufuk Yavuz:1:14538|İbrahim Soylu:1:15022|Hatice Erdoğan:1:14829|Alper Aksoy:1:13569|Erdem Güler:1:15120|Alper Uçar:1:14442|Tolga Öztürk:2:27429|Barış Şimşek:3:42839|Gülay Soylu:1:14442|Ufuk Er:1:14248|Seda Yavuz:1:13569|Ahmet Özkan:2:27719|Zeynep Aksoy:1:13278|Emine Duman:2:29560|Erdem Bulut:3:42839|Dilek Çelik:1:14829|Tuğba Sarı:1:12697|Halil Koç:1:13569|Elif Arslan:2:28010,2539866,84,192937,1762,31,40.13148714517825,40.21459329857268,none,689529
Atak,23,1821,2016,2,1584,1315,269,6289,261,115,0,0,206,4173520,2513535,1645896,472120,103414,84913,102689,0,1814,880946,61203476,25002901,1459640,34740935,43374654,1226646,759754192,113794,0,924423,15658521,0,5.0,1.0,2.0,1.0,1.0,630.4388713103449,669.318182,378.590909,377.54075234482764,630.4968654137931,1.463258,25.035247655172416,1.0,1.0,1.0,1.0,none,0:1.0500|1:0.9300|2:1.0300|3:0.9400|4:0.9500|5:1.1000|6:0.8200|,Nazlı Yılmaz:6:20063|Serap Karaca:4:50399|Murat Yıldırım:1:14248|Ercan Kaplan:1:14345|Arzu Er:1:15701|Esra Arslan:1:14053|Songül Özdemir:2:28591|Ufuk Yavuz:1:14538|İbrahim Soylu:1:15022|Hatice Erdoğan:1:14829|Alper Aksoy:1:13569|Erdem Güler:1:15120|Alper Uçar:1:14442|Tolga Öztürk:2:27429|Barış Şimşek:3:42839|Gülay Soylu:1:14442|Ufuk Er:1:14248|Seda Yavuz:1:13569|Ahmet Özkan:2:27719|Zeynep Aksoy:1:13278|Emine Duman:2:29560|Erdem Bulut:3:42839|Dilek Çelik:1:14829|Tuğba Sarı:1:12697|Halil Koç:1:13569|Elif Arslan:2:28010,2553070,91,192937,1793,29,39.43663861680308,39.94803838584505,none,688009
Atak,23,1852,2016,3,1623,1370,253,6340,305,87,0,0,190,3896255,2258091,1610475,504680,110546,91700,100843,0,1291,801415,123370000,85524608,1435387,36410005,36410005,1064570,698730229,113794,0,943717,16738419,0,5.0,1.0,2.0,1.0,1.0,647.7419357096774,676.590909,373.590909,375.0703811935484,639.0029326129032,1.47857,24.155676806451613,1.0,1.0,1.0,1.0,none,0:1.0500|1:0.9300|2:1.0300|3:0.9400|4:0.9500|5:1.1000|6:0.8200|,Nazlı Yılmaz:6:20063|Serap Karaca:4:50399|Murat Yıldırım:1:14248|Ercan Kaplan:1:14345|Arzu Er:1:15701|Esra Arslan:1:14053|Songül Özdemir:2:28591|Ufuk Yavuz:1:14538|İbrahim Soylu:1:15022|Hatice Erdoğan:1:14829|Alper Aksoy:1:13569|Erdem Güler:1:15120|Alper Uçar:1:14442|Tolga Öztürk:2:27429|Barış Şimşek:3:42839|Gülay Soylu:1:14442|Ufuk Er:1:14248|Seda Yavuz:1:13569|Ahmet Özkan:2:27719|Zeynep Aksoy:1:13278|Emine Duman:2:29560|Erdem Bulut:3:42839|Dilek Çelik:1:14829|Tuğba Sarı:1:12697|Halil Koç:1:13569|Elif Arslan:2:28010,2284162,101,192937,1822,31,41.33392193272771,42.324112674488596,none,608478
Atak,23,1882,2016,4,1608,1366,242,6525,233,91,0,0,194,4007895,2402625,1586030,488400,106980,89733,98670,0,543,801704,172016020,125503372,0,46512648,46512648,1158902,741948083,113794,0,963011,16198470,0,5.0,1.0,2.0,1.0,1.0,646.5227275666667,684.545455,390.46363660000003,385.89393946666667,644.9469697000001,1.495116,25.252918299999997,1.0,1.0,1.0,1.0,none,0:1.0500|1:0.9300|2:1.0300|3:0.9400|4:0.9500|5:1.1000|6:0.8200|,Nazlı Yılmaz:6:20063|Serap Karaca:4:50399|Murat Yıldırım:1:14248|Ercan Kaplan:1:14345|Arzu Er:1:15701|Esra Arslan:1:14053|Songül Özdemir:2:28591|Ufuk Yavuz:1:14538|İbrahim Soylu:1:15022|Hatice Erdoğan:1:14829|Alper Aksoy:1:13569|Erdem Güler:1:15120|Alper Uçar:1:14442|Tolga Öztürk:2:27429|Barış Şimşek:3:42839|Gülay Soylu:1:14442|Ufuk Er:1:14248|Seda Yavuz:1:13569|Ahmet Özkan:2:27719|Zeynep Aksoy:1:13278|Emine Duman:2:29560|Erdem Bulut:3:42839|Dilek Çelik:1:14829|Tuğba Sarı:1:12697|Halil Koç:1:13569|Elif Arslan:2:28010,2434166,101,192937,1853,30,39.57264349490194,39.60558230186315,none,608767
Atak,23,1913,2016,5,1645,1381,264,6334,335,63,0,0,199,3860820,2258687,1581209,504680,110546,93746,103075,0,1608,767554,175420676,112143946,1850137,61426593,61426593,954616,760602297,113794,0,982305,16738419,0,5.0,1.0,2.0,1.0,1.0,665.051319483871,692.272727,390.5,389.55131977419353,653.1539592580644,1.511305,23.82090893548387,1.0,1.0,1.0,1.0,none,0:1.0500|1:0.9300|2:1.0300|3:0.9400|4:0.9500|5:1.1000|6:0.8200|,Nazlı Yılmaz:6:20063|Serap Karaca:4:50399|Murat Yıldırım:1:14248|Ercan Kaplan:1:14345|Arzu Er:1:15701|Esra Arslan:1:14053|Songül Özdemir:2:28591|Ufuk Yavuz:1:14538|İbrahim Soylu:1:15022|Hatice Erdoğan:1:14829|Alper Aksoy:1:13569|Erdem Güler:1:15120|Alper Uçar:1:14442|Tolga Öztürk:2:27429|Barış Şimşek:3:42839|Gülay Soylu:1:14442|Ufuk Er:1:14248|Seda Yavuz:1:13569|Ahmet Özkan:2:27719|Zeynep Aksoy:1:13278|Emine Duman:2:29560|Erdem Bulut:3:42839|Dilek Çelik:1:14829|Tuğba Sarı:1:12697|Halil Koç:1:13569|Elif Arslan:2:28010,2289700,104,192937,1883,31,40.95526338964262,41.28272682729855,none,574617
Atak,23,1943,2016,6,1619,1369,250,6620,222,70,0,0,213,3653788,2115505,1518047,488400,106980,91714,115980,0,1232,713741,177691326,124701493,1832331,51157502,51157502,993474,816015372,121921,0,1002976,16236777,0,5.0,1.0,2.0,1.0,1.0,665.6060605333333,698.863636,385.818182,387.22424243333336,660.8848485,1.528217,24.537790833333336,1.0,1.0,1.0,1.0,none,0:1.0500|1:0.9300|2:1.0300|3:0.9400|4:0.9500|5:1.1000|6:0.8200|,Nazlı Yılmaz:6:20063|Serap Karaca:4:50399|Murat Yıldırım:1:14248|Ercan Kaplan:1:14345|Arzu Er:1:15701|Esra Arslan:1:14053|Songül Özdemir:2:28591|Ufuk Yavuz:1:14538|İbrahim Soylu:1:15022|Hatice Erdoğan:1:14829|Alper Aksoy:1:13569|Erdem Güler:1:15120|Alper Uçar:1:14442|Tolga Öztürk:2:27429|Barış Şimşek:3:42839|Gülay Soylu:1:14442|Ufuk Er:1:14248|Seda Yavuz:1:13569|Ahmet Özkan:2:27719|Zeynep Aksoy:1:13278|Emine Duman:2:29560|Erdem Bulut:3:42839|Dilek Çelik:1:14829|Tuğba Sarı:1:12697|Halil Koç:1:13569|Elif Arslan:2:28010,2128128,108,206719,1914,30,41.547210730343416,42.03505573689434,none,507022
Atak,23,1974,2016,7,1619,1374,245,6597,266,76,0,0,186,3843943,2234135,1595751,527180,115785,95824,121148,0,1326,734488,128925718,71121921,1807296,55996501,46190851,1015900,845952145,121921,0,1023647,17925936,0,5.0,1.0,2.0,1.0,1.0,676.8475073225807,706.818182,398.97800616129035,394.1554252258065,668.9442817419355,1.544764,24.110153225806453,1.0,1.0,1.020737322580645,0.9937788064516129,0,0:1.0500|1:0.9300|2:1.0300|3:0.9400|4:0.9500|5:1.1000|6:0.8200|,Nazlı Yılmaz:6:21486|Serap Karaca:4:53975|Murat Yıldırım:1:15259|Ercan Kaplan:1:15361|Arzu Er:1:16816|Esra Arslan:1:15050|Songül Özdemir:2:30620|Ufuk Yavuz:1:15570|İbrahim Soylu:1:16089|Hatice Erdoğan:1:15881|Alper Aksoy:1:14532|Erdem Güler:1:16192|Alper Uçar:1:15466|Tolga Öztürk:2:29374|Barış Şimşek:3:45879|Gülay Soylu:1:15466|Ufuk Er:1:15259|Seda Yavuz:1:14532|Ahmet Özkan:2:29685|Zeynep Aksoy:1:14220|Emine Duman:2:31658|Erdem Bulut:3:45879|Dilek Çelik:1:15881|Tuğba Sarı:1:13597|Halil Koç:1:14532|Elif Arslan:2:29998,2288064,114,206719,1944,31,41.51338872610754,41.053486665033944,none|0,527769
Atak,23,2005,2016,8,1590,1297,293,5939,358,34,0,0,218,3337594,1994836,1327994,527930,115785,96879,122512,0,2082,462806,69332736,30517240,1781794,37033702,46839352,840584,855627887,121921,0,1044318,17925936,0,5.0,1.0,2.0,1.0,1.0,682.954545,715.0,417.65249277419355,410.17595306451614,676.5909088709677,1.562051,24.021247032258067,1.0,1.0,1.2413594516129032,0.9275921612903226,0,0:1.0500|1:0.9300|2:1.0300|3:0.9400|4:0.9500|5:1.1000|6:0.8200|,Nazlı Yılmaz:6:21486|Serap Karaca:4:53975|Murat Yıldırım:1:15259|Ercan Kaplan:1:15361|Arzu Er:1:16816|Esra Arslan:1:15050|Songül Özdemir:2:30620|Ufuk Yavuz:1:15570|İbrahim Soylu:1:16089|Hatice Erdoğan:1:15881|Alper Aksoy:1:14532|Erdem Güler:1:16192|Alper Uçar:1:15466|Tolga Öztürk:2:29374|Barış Şimşek:3:45879|Gülay Soylu:1:15466|Ufuk Er:1:15259|Seda Yavuz:1:14532|Ahmet Özkan:2:29685|Zeynep Aksoy:1:14220|Emine Duman:2:31658|Erdem Bulut:3:45879|Dilek Çelik:1:15881|Tuğba Sarı:1:13597|Halil Koç:1:14532|Elif Arslan:2:29998,2036980,118,206719,1975,31,39.78896174909231,38.846223979050684,0,256087
Atak,23,2035,2016,9,1530,1275,255,5738,443,53,0,0,162,3701728,2302916,1377556,510900,112050,94804,104250,0,2238,553314,-32167086,-70429072,1755814,36506172,36506172,1192058,913815121,121921,0,1064989,17347680,0,5.0,1.0,2.0,1.0,1.0,688.2272728666667,723.1818179999999,432.545455,426.3712121,682.4818185,1.579531,23.722206866666667,1.0,1.0,1.25,0.925,0,0:1.0500|1:0.9300|2:1.0300|3:0.9400|4:0.9500|5:1.1000|6:0.8200|,Nazlı Yılmaz:6:21486|Serap Karaca:4:53975|Murat Yıldırım:1:15259|Ercan Kaplan:1:15361|Arzu Er:1:16816|Esra Arslan:1:15050|Songül Özdemir:2:30620|Ufuk Yavuz:1:15570|İbrahim Soylu:1:16089|Hatice Erdoğan:1:15881|Alper Aksoy:1:14532|Erdem Güler:1:16192|Alper Uçar:1:15466|Tolga Öztürk:2:29374|Barış Şimşek:3:45879|Gülay Soylu:1:15466|Ufuk Er:1:15259|Seda Yavuz:1:14532|Ahmet Özkan:2:29685|Zeynep Aksoy:1:14220|Emine Duman:2:31658|Erdem Bulut:3:45879|Dilek Çelik:1:15881|Tuğba Sarı:1:13597|Halil Koç:1:14532|Elif Arslan:2:29998,2368706,118,206719,2006,30,37.2138633632725,37.15078258983803,0,346595
Atak,23,2066,2016,10,1654,1338,316,6367,425,79,0,0,196,4164730,2598435,1545899,527930,115785,99019,108903,0,3282,690980,85454249,29729783,1729348,53995118,53995118,1153378,922476617,121921,0,1085660,17925936,0,5.0,1.0,2.0,1.0,1.0,692.1260997741934,731.1363640000001,430.227273,430.08357787096776,688.8049854516129,1.596634,24.137711161290323,1.0,1.0,1.25,0.925,0,0:1.0500|1:0.9200|2:1.0300|3:0.9300|4:0.9400|5:1.1000|6:0.8200|,Nazlı Yılmaz:6:21486|Serap Karaca:4:53975|Murat Yıldırım:1:15259|Ercan Kaplan:1:15361|Arzu Er:1:16816|Esra Arslan:1:15050|Songül Özdemir:2:30620|Ufuk Yavuz:1:15570|İbrahim Soylu:1:16089|Hatice Erdoğan:1:15881|Alper Aksoy:1:14532|Erdem Güler:1:16192|Alper Uçar:1:15466|Tolga Öztürk:2:29374|Barış Şimşek:3:45879|Gülay Soylu:1:15466|Ufuk Er:1:15259|Seda Yavuz:1:14532|Ahmet Özkan:2:29685|Zeynep Aksoy:1:14220|Emine Duman:2:31658|Erdem Bulut:3:45879|Dilek Çelik:1:15881|Tuğba Sarı:1:13597|Halil Koç:1:14532|Elif Arslan:2:29998,2383108,119,206719,2036,31,37.11882883164095,37.83975591436851,0,484261
Atak,23,2096,2016,11,1587,1325,262,6147,351,63,0,0,181,4000119,2475949,1507899,510900,112050,96905,106560,0,871,680613,89355982,42887089,1702387,44766506,44766506,1150086,917722351,121921,0,1106331,17347680,0,5.0,1.0,2.0,1.0,1.0,697.5151514,738.863636,431.90909100000005,430.91363633333333,696.9999999333334,1.614501,24.6255031,1.0,1.0,1.25,0.925,0,0:1.0500|1:0.9250|2:1.0300|3:0.9350|4:0.9450|5:1.1000|6:0.8200|,Nazlı Yılmaz:6:21486|Serap Karaca:4:53975|Murat Yıldırım:1:15259|Ercan Kaplan:1:15361|Arzu Er:1:16816|Esra Arslan:1:15050|Songül Özdemir:2:30620|Ufuk Yavuz:1:15570|İbrahim Soylu:1:16089|Hatice Erdoğan:1:15881|Alper Aksoy:1:14532|Erdem Güler:1:16192|Alper Uçar:1:15466|Tolga Öztürk:2:29374|Barış Şimşek:3:45879|Gülay Soylu:1:15466|Ufuk Er:1:15259|Seda Yavuz:1:14532|Ahmet Özkan:2:29685|Zeynep Aksoy:1:14220|Emine Duman:2:31658|Erdem Bulut:3:45879|Dilek Çelik:1:15881|Tuğba Sarı:1:13597|Halil Koç:1:14532|Elif Arslan:2:29998,2505600,124,206719,2067,30,37.69635353348238,38.0788947547441,0,473894
Atak,23,2127,2016,12,1599,1348,251,6470,384,78,0,3,180,4432535,2800246,1610831,527930,115785,101220,122419,0,1822,741655,177825710,129014100,3304,48808306,48808306,1384922,896704795,130050,0,1128381,17963609,0,5.0,1.0,2.0,1.0,1.0,708.2038124516129,747.045455,449.045455,443.40469209677417,705.1642229677419,1.631982,25.33865529032258,1.0,1.0,1.25,0.925,0,0:1.0500|1:0.9250|2:1.0300|3:0.9350|4:0.9450|5:1.1000|6:0.8200|,Nazlı Yılmaz:6:21486|Serap Karaca:4:53975|Murat Yıldırım:1:15259|Ercan Kaplan:1:15361|Arzu Er:1:16816|Esra Arslan:1:15050|Songül Özdemir:2:30620|Ufuk Yavuz:1:15570|İbrahim Soylu:1:16089|Hatice Erdoğan:1:15881|Alper Aksoy:1:14532|Erdem Güler:1:16192|Alper Uçar:1:15466|Tolga Öztürk:2:29374|Barış Şimşek:3:45879|Gülay Soylu:1:15466|Ufuk Er:1:15259|Seda Yavuz:1:14532|Ahmet Özkan:2:29685|Zeynep Aksoy:1:14220|Emine Duman:2:31658|Erdem Bulut:3:45879|Dilek Çelik:1:15881|Tuğba Sarı:1:13597|Halil Koç:1:14532|Elif Arslan:2:29998,2788190,126,220500,2097,31,36.34107796103133,36.59375350642009,0,521155
Atak,23,2158,2017,1,1534,1223,311,5548,521,81,0,0,190,4127550,2622951,1480616,550430,121024,102335,123814,0,3923,579090,72309177,10394388,1707826,60206963,60206963,1063298,973606212,130050,0,1150431,19093799,0,5.0,1.0,2.0,1.0,1.0,712.7272725483871,755.909091,445.36363648387095,446.10410561290325,711.9882699032257,1.650245,24.225364709677418,0.9419354838709677,0.9419354838709677,1.2458870967741935,0.8729952903225807,1,0:1.0500|1:0.9300|2:1.0300|3:0.9400|4:0.9500|5:1.1000|6:0.8200|,Nazlı Yılmaz:6:22885|Serap Karaca:4:57492|Murat Yıldırım:1:16252|Ercan Kaplan:1:16362|Arzu Er:1:17911|Esra Arslan:1:16032|Songül Özdemir:2:32616|Ufuk Yavuz:1:16584|İbrahim Soylu:1:17137|Hatice Erdoğan:1:16916|Alper Aksoy:1:15478|Erdem Güler:1:17247|Alper Uçar:1:16474|Tolga Öztürk:2:31289|Barış Şimşek:3:48868|Gülay Soylu:1:16474|Ufuk Er:1:16252|Seda Yavuz:1:15478|Ahmet Özkan:2:31620|Zeynep Aksoy:1:15147|Emine Duman:2:33721|Erdem Bulut:3:48868|Dilek Çelik:1:16916|Tuğba Sarı:1:14483|Halil Koç:1:15478|Elif Arslan:2:31952,2604108,126,220500,2128,31,35.87154607454786,37.51275506948765,0|1,358590
Atak,23,2186,2017,2,1377,1129,248,5054,425,57,0,0,177,3683285,2314066,1349028,497840,109312,93411,112980,0,3048,532437,5969421,-33431127,1685075,37715473,37715473,1113074,945113999,130050,0,1172481,17246012,0,5.0,1.0,2.0,1.0,1.0,724.7077925,763.4090910000001,454.04058442857144,451.1542207142857,721.21590925,1.667464,24.44727182142857,0.9,0.9,1.2237500000000001,0.7945446428571429,1,0:1.0500|1:0.9300|2:1.0300|3:0.9400|4:0.9500|5:1.1000|6:0.8200|,Nazlı Yılmaz:6:22885|Serap Karaca:4:57492|Murat Yıldırım:1:16252|Ercan Kaplan:1:16362|Arzu Er:1:17911|Esra Arslan:1:16032|Songül Özdemir:2:32616|Ufuk Yavuz:1:16584|İbrahim Soylu:1:17137|Hatice Erdoğan:1:16916|Alper Aksoy:1:15478|Erdem Güler:1:17247|Alper Uçar:1:16474|Tolga Öztürk:2:31289|Barış Şimşek:3:48868|Gülay Soylu:1:16474|Ufuk Er:1:16252|Seda Yavuz:1:15478|Ahmet Özkan:2:31620|Zeynep Aksoy:1:15147|Emine Duman:2:33721|Erdem Bulut:3:48868|Dilek Çelik:1:16916|Tuğba Sarı:1:14483|Halil Koç:1:15478|Elif Arslan:2:31952,2371164,131,220500,2159,28,36.62567517854307,37.34846111392248,1,311937
Atak,23,2217,2017,3,1696,1389,307,7129,417,60,0,2,232,4555685,2926313,1611561,551180,121024,104381,114793,0,4367,715816,71342954,29293751,1661899,40387304,40387304,1356398,970475700,130050,0,1194531,19093799,0,5.0,1.0,2.0,1.0,1.0,717.9985337419355,770.681818,458.2228739677419,456.0953079677419,719.9999999032258,1.683171,28.29556358064516,0.9,0.9,1.1991666774193548,0.8,1,0:1.0500|1:0.9100|2:1.0300|3:0.9200|4:0.9300|5:1.1000|6:0.8200|,Nazlı Yılmaz:6:22885|Serap Karaca:4:57492|Murat Yıldırım:1:16252|Ercan Kaplan:1:16362|Arzu Er:1:17911|Esra Arslan:1:16032|Songül Özdemir:2:32616|Ufuk Yavuz:1:16584|İbrahim Soylu:1:17137|Hatice Erdoğan:1:16916|Alper Aksoy:1:15478|Erdem Güler:1:17247|Alper Uçar:1:16474|Tolga Öztürk:2:31289|Barış Şimşek:3:48868|Gülay Soylu:1:16474|Ufuk Er:1:16252|Seda Yavuz:1:15478|Ahmet Özkan:2:31620|Zeynep Aksoy:1:15147|Emine Duman:2:33721|Erdem Bulut:3:48868|Dilek Çelik:1:16916|Tuğba Sarı:1:14483|Halil Koç:1:15478|Elif Arslan:2:31952,2768202,134,220500,2187,31,35.374724108449115,36.18052789332891,1,495316
Atak,23,2247,2017,4,1537,1218,319,5710,498,31,0,0,211,3682315,2296238,1362437,533400,117120,102065,112260,2070,3033,494559,125531590,61728198,1638289,62165103,49990131,1007096,991187387,130050,0,1216581,18477870,0,5.0,1.0,2.0,1.0,1.0,734.1287878666667,778.863636,453.58181816666666,454.97272726666665,734.6666669,1.700734,25.629741733333333,0.9,0.9,1.1737499999999998,0.8,1,0:1.0500|1:0.9300|2:1.0300|3:0.9400|4:0.9500|5:1.1000|6:0.8200|,Nazlı Yılmaz:6:22885|Serap Karaca:4:57492|Murat Yıldırım:1:16252|Ercan Kaplan:1:16362|Arzu Er:1:17911|Esra Arslan:1:16032|Songül Özdemir:2:32616|Ufuk Yavuz:1:16584|İbrahim Soylu:1:17137|Hatice Erdoğan:1:16916|Alper Aksoy:1:15478|Erdem Güler:1:17247|Alper Uçar:1:16474|Tolga Öztürk:2:31289|Barış Şimşek:3:48868|Gülay Soylu:1:16474|Ufuk Er:1:16252|Seda Yavuz:1:15478|Ahmet Özkan:2:31620|Zeynep Aksoy:1:15147|Emine Duman:2:33721|Erdem Bulut:3:48868|Dilek Çelik:1:16916|Tuğba Sarı:1:14483|Halil Koç:1:15478|Elif Arslan:2:31952,2044570,133,220500,2218,30,36.99946908398657,38.214952789857534,1,274059
Atak,23,2278,2017,5,1602,1254,348,6013,480,58,0,0,234,4064515,2486038,1554148,551180,121024,106552,117149,0,2643,655600,112297827,59565236,1614239,51118352,63293324,1106458,979670323,130050,0,1238631,19093799,0,5.0,1.0,2.0,1.0,1.0,744.7800587741935,785.681818,452.6744867741935,453.47507332258067,741.4809384838709,1.717904,25.079652129032258,0.9,0.9,1.1483333225806451,0.8,1,0:1.0500|1:0.9300|2:1.0300|3:0.9400|4:0.9500|5:1.1000|6:0.8200|,Nazlı Yılmaz:6:22885|Serap Karaca:4:57492|Murat Yıldırım:1:16252|Ercan Kaplan:1:16362|Arzu Er:1:17911|Esra Arslan:1:16032|Songül Özdemir:2:32616|Ufuk Yavuz:1:16584|İbrahim Soylu:1:17137|Hatice Erdoğan:1:16916|Alper Aksoy:1:15478|Erdem Güler:1:17247|Alper Uçar:1:16474|Tolga Öztürk:2:31289|Barış Şimşek:3:48868|Gülay Soylu:1:16474|Ufuk Er:1:16252|Seda Yavuz:1:15478|Ahmet Özkan:2:31620|Zeynep Aksoy:1:15147|Emine Duman:2:33721|Erdem Bulut:3:48868|Dilek Çelik:1:16916|Tuğba Sarı:1:14483|Halil Koç:1:15478|Elif Arslan:2:31952,2516698,139,220500,2248,31,38.23698522455939,39.220380373873866,1,435100
Atak,23,2308,2017,6,1549,1250,299,5681,484,61,0,3,200,3574146,2157622,1393391,533400,117120,104195,131760,0,3956,502960,117247368,63317178,1589738,52340452,52340452,970194,1006871584,138178,0,1262059,18518638,0,5.0,1.0,2.0,1.0,1.0,752.4924239333334,794.545455,455.8090908666666,454.3636363,747.4015150333333,1.735829,24.66495133333333,0.9,0.9,1.1229166666666666,0.8,1,0:1.0500|1:0.9300|2:1.0300|3:0.9400|4:0.9500|5:1.1000|6:0.8200|,Nazlı Yılmaz:6:22885|Serap Karaca:4:57492|Murat Yıldırım:1:16252|Ercan Kaplan:1:16362|Arzu Er:1:17911|Esra Arslan:1:16032|Songül Özdemir:2:32616|Ufuk Yavuz:1:16584|İbrahim Soylu:1:17137|Hatice Erdoğan:1:16916|Alper Aksoy:1:15478|Erdem Güler:1:17247|Alper Uçar:1:16474|Tolga Öztürk:2:31289|Barış Şimşek:3:48868|Gülay Soylu:1:16474|Ufuk Er:1:16252|Seda Yavuz:1:15478|Ahmet Özkan:2:31620|Zeynep Aksoy:1:15147|Emine Duman:2:33721|Erdem Bulut:3:48868|Dilek Çelik:1:16916|Tuğba Sarı:1:14483|Halil Koç:1:15478|Elif Arslan:2:31952,2152932,142,234281,2279,30,38.98528487644321,39.42675349684999,1,268679
Atak,23,2339,2017,7,1563,1261,302,6347,418,59,0,0,206,3936706,2365891,1553472,461330,100969,108753,137516,0,6809,738095,93791110,34684692,0,59106418,59106418,991866,1009183318,138178,0,1285487,20357607,0,4.32258064516129,1.0,2.0,0.3225806451612903,1.0,761.5469205483871,802.272727,454.59824048387094,454.69941335483867,757.0410558709676,1.753354,25.214090709677418,0.9,0.9,1.0975,0.8,1,0:1.0500|1:0.9300|2:1.0300|3:0.9400|4:0.9500|5:1.1000|6:0.8200|,Nazlı Yılmaz:6:24401|Serap Karaca:4:61297|Murat Yıldırım:1:17328|Ercan Kaplan:1:17445|Arzu Er:1:19097|Esra Arslan:1:17092|Songül Özdemir:2:34774|Ufuk Yavuz:1:17682|İbrahim Soylu:1:18271|Hatice Erdoğan:1:18036|Alper Aksoy:1:16503|Erdem Güler:1:18388|Alper Uçar:1:17564|Tolga Öztürk:2:33359|Barış Şimşek:3:52102|Gülay Soylu:1:17564|Ufuk Er:1:17328|Seda Yavuz:1:16503|Ahmet Özkan:2:33713|Zeynep Aksoy:1:16149|Emine Duman:2:35953|Erdem Bulut:3:52102|Dilek Çelik:1:18036|Tuğba Sarı:1:15442|Halil Koç:1:16503|Elif Arslan:2:34066,2401406,143,234281,2309,31,39.46121452808516,40.30594462170283,1,503814
Atak,23,2370,2017,8,1588,1276,312,6035,480,36,0,0,226,4188439,2537035,1631773,604830,133089,109870,138942,0,45511,599531,111029780,55930566,1532646,53566568,53566568,1113114,1084213848,138178,0,1308915,20357607,0,4.806451612903226,1.0,2.0,0.8064516129032258,1.0,769.9486804838709,810.681818,469.6539589677419,464.20087977419354,765.5938416774194,1.7716490000000003,24.833101741935483,0.9,0.9,1.0716666774193546,0.8,1,0:1.0500|1:0.9300|2:1.0300|3:0.9400|4:0.9500|5:1.1000|6:0.8200|,Nazlı Yılmaz:6:24401|Serap Karaca:4:61297|Murat Yıldırım:1:17328|Ercan Kaplan:1:17445|Arzu Er:1:19097|Esra Arslan:1:17092|Songül Özdemir:2:34774|Ufuk Yavuz:1:17682|İbrahim Soylu:1:18271|Hatice Erdoğan:1:18036|Alper Aksoy:1:16503|Erdem Güler:1:18388|Alper Uçar:1:17564|Tolga Öztürk:2:33359|Barış Şimşek:3:52102|Gülay Soylu:1:17564|Ufuk Er:1:17328|Seda Yavuz:1:16503|Ahmet Özkan:2:33713|Zeynep Aksoy:1:16149|Emine Duman:2:35953|Erdem Bulut:3:52102|Dilek Çelik:1:18036|Tuğba Sarı:1:15442|Halil Koç:1:16503|Elif Arslan:2:34066,2462438,145,234281,2340,31,38.958977318280155,39.001913910341415,1,365250
Atak,23,2400,2017,9,1499,1187,312,5604,472,73,0,0,204,4206670,2563135,1606204,630900,139050,107436,118140,0,3048,607630,138349190,82926887,1511796,53910507,53910507,1249616,1072359613,138178,0,1332343,19700910,0,5.0,1.0,2.0,1.0,1.0,765.2348486333334,819.545455,460.2878788,462.88787870000004,770.4666667333333,1.790134,25.285103433333333,0.9,0.9,1.04625,0.8,1,0:1.0500|1:0.9300|2:1.0300|3:0.9400|4:0.9500|5:1.1000|6:0.8200|,Nazlı Yılmaz:6:24401|Serap Karaca:4:61297|Murat Yıldırım:1:17328|Ercan Kaplan:1:17445|Arzu Er:1:19097|Esra Arslan:1:17092|Songül Özdemir:2:34774|Ufuk Yavuz:1:17682|İbrahim Soylu:1:18271|Hatice Erdoğan:1:18036|Alper Aksoy:1:16503|Erdem Güler:1:18388|Alper Uçar:1:17564|Tolga Öztürk:2:33359|Barış Şimşek:3:52102|Gülay Soylu:1:17564|Ufuk Er:1:17328|Seda Yavuz:1:16503|Ahmet Özkan:2:33713|Zeynep Aksoy:1:16149|Emine Duman:2:35953|Erdem Bulut:3:52102|Dilek Çelik:1:18036|Tuğba Sarı:1:15442|Halil Koç:1:16503|Elif Arslan:2:34066,2450430,157,234281,2371,30,38.18231522795941,39.85011534406093,1,373349
Atak,23,2431,2017,10,1483,1130,353,5098,602,58,0,0,206,3773660,2267578,1484367,651930,143685,112134,123318,0,1842,451458,125972073,49941159,2959546,73071368,73071368,1114882,1082187998,138178,0,1355771,20357607,0,5.0,1.0,2.0,1.0,1.0,786.3196478387098,827.727273,475.84164225806455,470.28445741935485,782.6788856129032,1.808208,23.35578377419355,0.9,0.9,1.0208333225806452,0.8,1,0:1.0500|1:0.9300|2:1.0300|3:0.9400|4:0.9500|5:1.1000|6:0.8200|,Nazlı Yılmaz:6:24401|Serap Karaca:4:61297|Murat Yıldırım:1:17328|Ercan Kaplan:1:17445|Arzu Er:1:19097|Esra Arslan:1:17092|Songül Özdemir:2:34774|Ufuk Yavuz:1:17682|İbrahim Soylu:1:18271|Hatice Erdoğan:1:18036|Alper Aksoy:1:16503|Erdem Güler:1:18388|Alper Uçar:1:17564|Tolga Öztürk:2:33359|Barış Şimşek:3:52102|Gülay Soylu:1:17564|Ufuk Er:1:17328|Seda Yavuz:1:16503|Ahmet Özkan:2:33713|Zeynep Aksoy:1:16149|Emine Duman:2:35953|Erdem Bulut:3:52102|Dilek Çelik:1:18036|Tuğba Sarı:1:15442|Halil Koç:1:16503|Elif Arslan:2:34066,2293692,159,234281,2401,31,39.33494273463958,39.48496091049356,1,217177
Atak,23,2461,2017,11,1419,1147,272,5371,492,53,0,0,178,4069723,2461579,1588070,630900,139050,109657,120600,0,2313,585550,125590987,64366003,1446984,59778000,59778000,1137600,1143782985,138178,0,1379199,19700910,0,5.0,1.0,2.0,1.0,1.0,788.7499998333334,836.136364,475.5712118,474.08030303333334,790.2378787666668,1.827075,24.225167866666666,0.9,0.9,1.00125,0.8,1,0:1.0500|1:0.9300|2:1.0300|3:0.9400|4:0.9500|5:1.1000|6:0.8200|,Nazlı Yılmaz:6:24401|Serap Karaca:4:61297|Murat Yıldırım:1:17328|Ercan Kaplan:1:17445|Arzu Er:1:19097|Esra Arslan:1:17092|Songül Özdemir:2:34774|Ufuk Yavuz:1:17682|İbrahim Soylu:1:18271|Hatice Erdoğan:1:18036|Alper Aksoy:1:16503|Erdem Güler:1:18388|Alper Uçar:1:17564|Tolga Öztürk:2:33359|Barış Şimşek:3:52102|Gülay Soylu:1:17564|Ufuk Er:1:17328|Seda Yavuz:1:16503|Ahmet Özkan:2:33713|Zeynep Aksoy:1:16149|Emine Duman:2:35953|Erdem Bulut:3:52102|Dilek Çelik:1:18036|Tuğba Sarı:1:15442|Halil Koç:1:16503|Elif Arslan:2:34066,2381182,161,234281,2432,30,39.021574687024156,39.70571006015969,1,351269
Atak,23,2492,2017,12,1512,1194,318,5445,445,55,0,0,214,4483854,2665142,1792499,651930,143685,114460,138446,0,5805,738173,215112272,131933182,4206,83174884,65554384,1200368,1180181266,146306,0,1404005,20394227,0,5.0,1.0,2.0,1.0,1.0,803.3504397096774,845.227273,474.0,473.9296185806451,798.744867935484,1.845521,23.40238529032258,0.9580645161290322,0.9580645161290322,1.0,0.8329032258064516,none,0:1.0500|1:0.9300|2:1.0300|3:0.9400|4:0.9500|5:1.1000|6:0.8200|,Nazlı Yılmaz:6:24401|Serap Karaca:4:61297|Murat Yıldırım:1:17328|Ercan Kaplan:1:17445|Arzu Er:1:19097|Esra Arslan:1:17092|Songül Özdemir:2:34774|Ufuk Yavuz:1:17682|İbrahim Soylu:1:18271|Hatice Erdoğan:1:18036|Alper Aksoy:1:16503|Erdem Güler:1:18388|Alper Uçar:1:17564|Tolga Öztürk:2:33359|Barış Şimşek:3:52102|Gülay Soylu:1:17564|Ufuk Er:1:17328|Seda Yavuz:1:16503|Ahmet Özkan:2:33713|Zeynep Aksoy:1:16149|Emine Duman:2:35953|Erdem Bulut:3:52102|Dilek Çelik:1:18036|Tuğba Sarı:1:15442|Halil Koç:1:16503|Elif Arslan:2:34066,2619122,163,248062,2462,31,39.976747681793384,40.99710704443023,1|none,490111
Atak,23,2523,2018,1,1576,1285,291,5903,317,110,0,0,223,5086980,3071982,1991072,674430,148924,115663,139903,0,6392,905760,96978544,38955459,1452439,56570646,74191146,1236896,1206031785,146306,0,1428811,21492827,0,5.0,1.0,2.0,1.0,1.0,807.3460410967742,854.090909,487.363636,483.372434,808.0747800645161,1.864777,24.09983570967742,1.0,1.0,1.0,0.983225806451613,none,0:1.0500|1:0.9300|2:1.0300|3:0.9400|4:0.9500|5:1.1000|6:0.8200|,Nazlı Yılmaz:6:25762|Serap Karaca:4:64714|Murat Yıldırım:1:18294|Ercan Kaplan:1:18419|Arzu Er:1:20161|Esra Arslan:1:18045|Songül Özdemir:2:36713|Ufuk Yavuz:1:18668|İbrahim Soylu:1:19290|Hatice Erdoğan:1:19041|Alper Aksoy:1:17423|Erdem Güler:1:19414|Alper Uçar:1:18543|Tolga Öztürk:2:35220|Barış Şimşek:3:55007|Gülay Soylu:1:18543|Ufuk Er:1:18294|Seda Yavuz:1:17423|Ahmet Özkan:2:35592|Zeynep Aksoy:1:17050|Emine Duman:2:37958|Erdem Bulut:3:55007|Dilek Çelik:1:19041|Tuğba Sarı:1:16304|Halil Koç:1:17423|Elif Arslan:2:35966,3012132,163,248062,2493,31,39.14055097523482,39.633860675415,none,657698
Atak,23,2551,2018,2,1577,1284,293,6051,268,149,0,0,243,5067171,2989085,2058018,609840,134512,105394,127484,0,11808,1068980,103777455,39439972,1432561,62904922,62904922,1378464,1244905813,146306,0,1453617,19412876,0,5.0,1.0,2.0,1.0,1.0,818.9853898214286,861.363636,480.545455,482.38474025,814.1233764285714,1.8813790000000001,24.469328321428574,1.0,1.0,1.0,1.0,2,0:1.0500|1:0.9300|2:1.0300|3:0.9400|4:0.9500|5:1.1000|6:0.8200|,Nazlı Yılmaz:6:25762|Serap Karaca:4:64714|Murat Yıldırım:1:18294|Ercan Kaplan:1:18419|Arzu Er:1:20161|Esra Arslan:1:18045|Songül Özdemir:2:36713|Ufuk Yavuz:1:18668|İbrahim Soylu:1:19290|Hatice Erdoğan:1:19041|Alper Aksoy:1:17423|Erdem Güler:1:19414|Alper Uçar:1:18543|Tolga Öztürk:2:35220|Barış Şimşek:3:55007|Gülay Soylu:1:18543|Ufuk Er:1:18294|Seda Yavuz:1:17423|Ahmet Özkan:2:35592|Zeynep Aksoy:1:17050|Emine Duman:2:37958|Erdem Bulut:3:55007|Dilek Çelik:1:19041|Tuğba Sarı:1:16304|Halil Koç:1:17423|Elif Arslan:2:35966,2814002,164,248062,2524,28,40.61473354658842,41.32429455124004,none|2,820918
Atak,23,2582,2018,3,1227,988,239,5059,227,15,0,0,204,4175665,2441656,1711175,675180,148924,117617,129332,0,18537,621585,70688766,10755973,1412328,58520465,58520465,904458,1247669902,146306,0,1478423,21492827,0,5.0,1.0,2.0,1.0,1.0,826.2903228064516,867.954545,486.727273,484.59090906451615,821.2932550967741,1.896501,24.13869958064516,1.0,1.0,1.0,1.0,2,0:1.0500|1:0.9300|2:1.0300|3:0.9400|4:0.9500|5:1.1000|6:0.8200|,Nazlı Yılmaz:6:25762|Serap Karaca:4:64714|Murat Yıldırım:1:18294|Ercan Kaplan:1:18419|Arzu Er:1:20161|Esra Arslan:1:18045|Songül Özdemir:2:36713|Ufuk Yavuz:1:18668|İbrahim Soylu:1:19290|Hatice Erdoğan:1:19041|Alper Aksoy:1:17423|Erdem Güler:1:19414|Alper Uçar:1:18543|Tolga Öztürk:2:35220|Barış Şimşek:3:55007|Gülay Soylu:1:18543|Ufuk Er:1:18294|Seda Yavuz:1:17423|Ahmet Özkan:2:35592|Zeynep Aksoy:1:17050|Emine Duman:2:37958|Erdem Bulut:3:55007|Dilek Çelik:1:19041|Tuğba Sarı:1:16304|Halil Koç:1:17423|Elif Arslan:2:35966,2232426,166,248062,2552,31,40.97970023936307,41.09488401765902,2,373523
Atak,23,2612,2018,4,1101,892,209,4426,239,22,0,0,172,3643163,2157272,1461138,653400,144120,114843,126270,0,17384,405121,28595130,-32192522,1391734,59395918,59395918,875598,1142506030,146306,0,1503229,20799510,0,5.0,1.0,2.0,1.0,1.0,828.7121213666667,875.6818179999999,493.40909100000005,490.20303036666667,829.3484851666667,1.9133850000000001,24.64603023333333,1.0,1.0,1.0,1.0,2,0:1.0500|1:0.9300|2:1.0300|3:0.9400|4:0.9500|5:1.1000|6:0.8200|,Nazlı Yılmaz:6:25762|Serap Karaca:4:64714|Murat Yıldırım:1:18294|Ercan Kaplan:1:18419|Arzu Er:1:20161|Esra Arslan:1:18045|Songül Özdemir:2:36713|Ufuk Yavuz:1:18668|İbrahim Soylu:1:19290|Hatice Erdoğan:1:19041|Alper Aksoy:1:17423|Erdem Güler:1:19414|Alper Uçar:1:18543|Tolga Öztürk:2:35220|Barış Şimşek:3:55007|Gülay Soylu:1:18543|Ufuk Er:1:18294|Seda Yavuz:1:17423|Ahmet Özkan:2:35592|Zeynep Aksoy:1:17050|Emine Duman:2:37958|Erdem Bulut:3:55007|Dilek Çelik:1:19041|Tuğba Sarı:1:16304|Halil Koç:1:17423|Elif Arslan:2:35966,2074194,163,248062,2583,30,40.10630323156005,40.46073681337052,2,157059
Atak,23,2643,2018,5,1262,1025,237,5186,211,31,0,0,202,4147023,2447092,1647947,675180,148924,119694,131626,39291,16567,555956,136123967,82246834,1370772,52506361,52506361,913698,1163133299,146306,0,1528035,21492827,0,5.0,1.0,2.0,1.0,1.0,834.7140764193548,883.409091,492.31818200000004,491.51759548387093,834.9310850967742,1.929868,25.046452193548387,1.0,1.0,1.0,1.0,2,0:1.0500|1:0.9300|2:1.0300|3:0.9400|4:0.9500|5:1.1000|6:0.8200|,Nazlı Yılmaz:6:25762|Serap Karaca:4:64714|Murat Yıldırım:1:18294|Ercan Kaplan:1:18419|Arzu Er:1:20161|Esra Arslan:1:18045|Songül Özdemir:2:36713|Ufuk Yavuz:1:18668|İbrahim Soylu:1:19290|Hatice Erdoğan:1:19041|Alper Aksoy:1:17423|Erdem Güler:1:19414|Alper Uçar:1:18543|Tolga Öztürk:2:35220|Barış Şimşek:3:55007|Gülay Soylu:1:18543|Ufuk Er:1:18294|Seda Yavuz:1:17423|Ahmet Özkan:2:35592|Zeynep Aksoy:1:17050|Emine Duman:2:37958|Erdem Bulut:3:55007|Dilek Çelik:1:19041|Tuğba Sarı:1:16304|Halil Koç:1:17423|Elif Arslan:2:35966,1491174,156,248062,2613,31,39.73807234731999,41.01954239086503,2,307894
Atak,23,2673,2018,6,1306,1052,254,5435,216,19,0,0,217,4057889,2392250,1625549,653400,144120,116854,147780,21596,19299,544096,148034349,83550187,630,64483532,64483532,951692,1236543547,154434,0,1554219,20838769,0,5.0,1.0,2.0,1.0,1.0,848.7575759666666,890.909091,511.59090899999995,499.94696980000003,842.9727271333334,1.94705,24.273165600000002,1.0,1.0,1.0,1.0,2,0:1.0500|1:0.9300|2:1.0300|3:0.9400|4:0.9500|5:1.1000|6:0.8200|,Nazlı Yılmaz:6:25762|Serap Karaca:4:64714|Murat Yıldırım:1:18294|Ercan Kaplan:1:18419|Arzu Er:1:20161|Esra Arslan:1:18045|Songül Özdemir:2:36713|Ufuk Yavuz:1:18668|İbrahim Soylu:1:19290|Hatice Erdoğan:1:19041|Alper Aksoy:1:17423|Erdem Güler:1:19414|Alper Uçar:1:18543|Tolga Öztürk:2:35220|Barış Şimşek:3:55007|Gülay Soylu:1:18543|Ufuk Er:1:18294|Seda Yavuz:1:17423|Ahmet Özkan:2:35592|Zeynep Aksoy:1:17050|Emine Duman:2:37958|Erdem Bulut:3:55007|Dilek Çelik:1:19041|Tuğba Sarı:1:16304|Halil Koç:1:17423|Elif Arslan:2:35966,1650226,155,261844,2644,30,40.05898140634206,39.724731361915794,2,282252
Atak,23,2704,2018,7,1371,1133,238,5792,170,27,0,0,208,4460644,2661499,1781888,697680,154132,121803,154008,0,16595,637670,3989510,-70416191,1375782,73029919,73029919,967038,1335686232,154434,0,1580403,22709856,0,5.0,1.0,2.0,1.0,1.0,850.3225801935484,898.409091,510.31818200000004,508.84164212903227,850.2683283548388,1.963822,24.796367806451613,1.0,1.0,1.0,1.0,2,0:1.0500|1:0.9300|2:1.0300|3:0.9400|4:0.9500|5:1.1000|6:0.8200|,Nazlı Yılmaz:6:27219|Serap Karaca:4:68379|Murat Yıldırım:1:19330|Ercan Kaplan:1:19462|Arzu Er:1:21303|Esra Arslan:1:19067|Songül Özdemir:2:38792|Ufuk Yavuz:1:19725|İbrahim Soylu:1:20383|Hatice Erdoğan:1:20119|Alper Aksoy:1:18409|Erdem Güler:1:20514|Alper Uçar:1:19593|Tolga Öztürk:2:37214|Barış Şimşek:3:58123|Gülay Soylu:1:19593|Ufuk Er:1:19330|Seda Yavuz:1:18409|Ahmet Özkan:2:37609|Zeynep Aksoy:1:18015|Emine Duman:2:40106|Erdem Bulut:3:58123|Dilek Çelik:1:20119|Tuğba Sarı:1:17226|Halil Koç:1:18409|Elif Arslan:2:38003,2533986,153,261844,2674,31,39.946877625741934,39.98534275264775,2,375826
Atak,23,2735,2018,8,1325,1096,229,5498,206,36,0,0,193,4135059,2435883,1686280,698430,154132,122888,155403,0,15722,539705,125009878,65742897,1357459,57909522,57909522,972234,1295925539,154434,0,1606587,22709856,0,5.0,1.0,2.0,1.0,1.0,856.3636362903226,907.045455,507.68181799999996,508.5835776129032,858.0938415483871,1.9813059999999998,24.494251258064516,1.0,1.0,1.0,1.0,2,0:1.0500|1:0.9300|2:1.0300|3:0.9400|4:0.9500|5:1.1000|6:0.8200|,Nazlı Yılmaz:6:27219|Serap Karaca:4:68379|Murat Yıldırım:1:19330|Ercan Kaplan:1:19462|Arzu Er:1:21303|Esra Arslan:1:19067|Songül Özdemir:2:38792|Ufuk Yavuz:1:19725|İbrahim Soylu:1:20383|Hatice Erdoğan:1:20119|Alper Aksoy:1:18409|Erdem Güler:1:20514|Alper Uçar:1:19593|Tolga Öztürk:2:37214|Barış Şimşek:3:58123|Gülay Soylu:1:19593|Ufuk Er:1:19330|Seda Yavuz:1:18409|Ahmet Özkan:2:37609|Zeynep Aksoy:1:18015|Emine Duman:2:40106|Erdem Bulut:3:58123|Dilek Çelik:1:20119|Tuğba Sarı:1:17226|Halil Koç:1:18409|Elif Arslan:2:38003,2217132,156,261844,2705,31,40.78007109451159,40.71656052571028,2,277861
Atak,23,2765,2018,9,1322,1066,256,4922,316,39,0,0,203,4249125,2516914,1701524,675900,149160,119974,131940,0,12541,612009,123378014,43922954,1346649,78108411,62631063,1184814,1282939578,154434,0,1632771,21977280,0,5.0,1.0,2.0,1.0,1.0,873.4015155,915.454545,521.636364,517.2712121999999,863.1454543333333,1.998945,23.339071633333333,1.0,1.0,1.0,1.0,2,0:1.0500|1:0.9300|2:1.0300|3:0.9400|4:0.9500|5:1.1000|6:0.8200|,Nazlı Yılmaz:6:27219|Serap Karaca:4:68379|Murat Yıldırım:1:19330|Ercan Kaplan:1:19462|Arzu Er:1:21303|Esra Arslan:1:19067|Songül Özdemir:2:38792|Ufuk Yavuz:1:19725|İbrahim Soylu:1:20383|Hatice Erdoğan:1:20119|Alper Aksoy:1:18409|Erdem Güler:1:20514|Alper Uçar:1:19593|Tolga Öztürk:2:37214|Barış Şimşek:3:58123|Gülay Soylu:1:19593|Ufuk Er:1:19330|Seda Yavuz:1:18409|Ahmet Özkan:2:37609|Zeynep Aksoy:1:18015|Emine Duman:2:40106|Erdem Bulut:3:58123|Dilek Çelik:1:20119|Tuğba Sarı:1:17226|Halil Koç:1:18409|Elif Arslan:2:38003,2612198,157,261844,2736,30,40.04410319771718,40.27530812087308,2,350165
Atak,23,2796,2018,10,1348,1092,256,5531,236,69,0,0,206,4664995,2786724,1856725,698430,154132,125028,137516,0,14761,726858,118415070,55112294,1327065,61975711,77453059,1195874,1311196384,154434,0,1658955,22709856,0,5.0,1.0,2.0,1.0,1.0,870.8064513870968,922.954545,519.727273,519.498533516129,870.3680351935484,2.016165,24.422715451612905,1.0,1.0,1.0,1.0,2,0:1.0500|1:0.9300|2:1.0300|3:0.9400|4:0.9500|5:1.1000|6:0.8200|,Nazlı Yılmaz:6:27219|Serap Karaca:4:68379|Murat Yıldırım:1:19330|Ercan Kaplan:1:19462|Arzu Er:1:21303|Esra Arslan:1:19067|Songül Özdemir:2:38792|Ufuk Yavuz:1:19725|İbrahim Soylu:1:20383|Hatice Erdoğan:1:20119|Alper Aksoy:1:18409|Erdem Güler:1:20514|Alper Uçar:1:19593|Tolga Öztürk:2:37214|Barış Şimşek:3:58123|Gülay Soylu:1:19593|Ufuk Er:1:19330|Seda Yavuz:1:18409|Ahmet Özkan:2:37609|Zeynep Aksoy:1:18015|Emine Duman:2:40106|Erdem Bulut:3:58123|Dilek Çelik:1:20119|Tuğba Sarı:1:17226|Halil Koç:1:18409|Elif Arslan:2:38003,2786882,160,261844,2766,31,39.80122165189888,40.31655689135825,2,465014
Atak,23,2826,2018,11,1247,984,263,5061,189,44,0,0,206,4148340,2458488,1662064,675900,149160,122075,134250,0,13936,566743,77795125,19919236,1307131,56568758,56568758,1073184,1311071040,154434,0,1685139,21977280,0,5.0,1.0,2.0,1.0,1.0,875.6287877333333,931.8181820000001,521.4242421666667,520.1363636666666,879.4303030666667,2.034115,25.996713266666667,1.0,1.0,1.0,1.0,2,0:1.0500|1:0.9300|2:1.0300|3:0.9400|4:0.9500|5:1.1000|6:0.8200|,Nazlı Yılmaz:6:27219|Serap Karaca:4:68379|Murat Yıldırım:1:19330|Ercan Kaplan:1:19462|Arzu Er:1:21303|Esra Arslan:1:19067|Songül Özdemir:2:38792|Ufuk Yavuz:1:19725|İbrahim Soylu:1:20383|Hatice Erdoğan:1:20119|Alper Aksoy:1:18409|Erdem Güler:1:20514|Alper Uçar:1:19593|Tolga Öztürk:2:37214|Barış Şimşek:3:58123|Gülay Soylu:1:19593|Ufuk Er:1:19330|Seda Yavuz:1:18409|Ahmet Özkan:2:37609|Zeynep Aksoy:1:18015|Emine Duman:2:40106|Erdem Bulut:3:58123|Dilek Çelik:1:20119|Tuğba Sarı:1:17226|Halil Koç:1:18409|Elif Arslan:2:38003,2508240,164,261844,2797,30,40.06576124425674,40.45145049234461,2,304899
Atak,23,2857,2018,12,1078,844,234,4163,219,40,0,0,181,3834160,2269831,1544647,698430,154132,127230,153915,0,15768,395172,74051585,10292582,6018,63752985,63752985,808392,1257872566,167439,0,1713528,22771160,0,5.0,1.0,2.0,1.0,1.0,896.1217010645161,939.318182,534.090909,528.6642229032258,887.8504397096774,2.051637,24.098727193548388,1.0,1.0,1.0,1.0,2,0:1.0500|1:0.9300|2:1.0300|3:0.9400|4:0.9500|5:1.1000|6:0.8200|,Nazlı Yılmaz:6:27219|Serap Karaca:4:68379|Murat Yıldırım:1:19330|Ercan Kaplan:1:19462|Arzu Er:1:21303|Esra Arslan:1:19067|Songül Özdemir:2:38792|Ufuk Yavuz:1:19725|İbrahim Soylu:1:20383|Hatice Erdoğan:1:20119|Alper Aksoy:1:18409|Erdem Güler:1:20514|Alper Uçar:1:19593|Tolga Öztürk:2:37214|Barış Şimşek:3:58123|Gülay Soylu:1:19593|Ufuk Er:1:19330|Seda Yavuz:1:18409|Ahmet Özkan:2:37609|Zeynep Aksoy:1:18015|Emine Duman:2:40106|Erdem Bulut:3:58123|Dilek Çelik:1:20119|Tuğba Sarı:1:17226|Halil Koç:1:18409|Elif Arslan:2:38003,2056014,166,283894,2827,31,40.286451269639244,40.399734950560216,2,111278
Atak,23,2888,2019,1,1142,902,240,4592,233,27,0,0,198,4536861,2707637,1772582,734430,162502,128395,155279,33600,15173,576803,76899988,18034747,1311830,57553411,57553411,642012,1308474180,167439,0,1741917,24610280,0,5.0,1.0,2.0,1.0,1.0,896.6495601935484,947.272727,533.090909,531.6774192903225,893.5249266774193,2.069903,22.228463677419352,1.0,1.0,1.0,1.0,2,0:1.0500|1:0.9300|2:1.0300|3:0.9400|4:0.9500|5:1.1000|6:0.8200|,Nazlı Yılmaz:6:29498|Serap Karaca:4:74101|Murat Yıldırım:1:20947|Ercan Kaplan:1:21091|Arzu Er:1:23085|Esra Arslan:1:20663|Songül Özdemir:2:42038|Ufuk Yavuz:1:21375|İbrahim Soylu:1:22088|Hatice Erdoğan:1:21803|Alper Aksoy:1:19950|Erdem Güler:1:22230|Alper Uçar:1:21233|Tolga Öztürk:2:40328|Barış Şimşek:3:62986|Gülay Soylu:1:21233|Ufuk Er:1:20947|Seda Yavuz:1:19950|Ahmet Özkan:2:40756|Zeynep Aksoy:1:19523|Emine Duman:2:43463|Erdem Bulut:3:62986|Dilek Çelik:1:21803|Tuğba Sarı:1:18668|Halil Koç:1:19950|Elif Arslan:2:41183,2167912,159,283894,2858,31,39.07067022771912,40.54634801974046,2,292909
Atak,23,2916,2019,2,1032,834,198,4053,219,29,0,0,152,4086712,2431413,1635781,664440,146776,117511,142128,13984,15296,549630,69272079,10686945,1293792,57291342,57291342,798366,1326250253,167439,0,1770306,22228640,0,5.0,1.0,2.0,1.0,1.0,914.9350647857143,959.7727270000001,549.863636,541.4529220000001,907.5454544285715,2.097689,21.444186785714287,1.0,1.0,1.0,1.0,2,0:1.0500|1:0.9300|2:1.0300|3:0.9400|4:0.9500|5:1.1000|6:0.8200|,Nazlı Yılmaz:6:29498|Serap Karaca:4:74101|Murat Yıldırım:1:20947|Ercan Kaplan:1:21091|Arzu Er:1:23085|Esra Arslan:1:20663|Songül Özdemir:2:42038|Ufuk Yavuz:1:21375|İbrahim Soylu:1:22088|Hatice Erdoğan:1:21803|Alper Aksoy:1:19950|Erdem Güler:1:22230|Alper Uçar:1:21233|Tolga Öztürk:2:40328|Barış Şimşek:3:62986|Gülay Soylu:1:21233|Ufuk Er:1:20947|Seda Yavuz:1:19950|Ahmet Özkan:2:40756|Zeynep Aksoy:1:19523|Emine Duman:2:43463|Erdem Bulut:3:62986|Dilek Çelik:1:21803|Tuğba Sarı:1:18668|Halil Koç:1:19950|Elif Arslan:2:41183,1758126,155,283894,2889,28,40.0268235197391,39.901348504029315,2,265736
Atak,23,2947,2019,3,1086,868,218,4169,209,21,0,0,174,3746847,2256146,1462927,735630,162502,131683,144801,14598,11141,277170,26450090,-37341288,1275434,62515944,50038895,880176,1256217317,167439,0,1798695,24610280,0,5.0,1.0,2.0,1.0,1.0,916.554252548387,971.818182,557.181818,552.2463343870967,918.263929516129,2.1231059999999995,22.51885248387097,1.0,1.0,1.0,1.0,2,0:1.0500|1:0.9300|2:1.0300|3:0.9400|4:0.9500|5:1.1000|6:0.8200|,Nazlı Yılmaz:6:29498|Serap Karaca:4:74101|Murat Yıldırım:1:20947|Ercan Kaplan:1:21091|Arzu Er:1:23085|Esra Arslan:1:20663|Songül Özdemir:2:42038|Ufuk Yavuz:1:21375|İbrahim Soylu:1:22088|Hatice Erdoğan:1:21803|Alper Aksoy:1:19950|Erdem Güler:1:22230|Alper Uçar:1:21233|Tolga Öztürk:2:40328|Barış Şimşek:3:62986|Gülay Soylu:1:21233|Ufuk Er:1:20947|Seda Yavuz:1:19950|Ahmet Özkan:2:40756|Zeynep Aksoy:1:19523|Emine Duman:2:43463|Erdem Bulut:3:62986|Dilek Çelik:1:21803|Tuğba Sarı:1:18668|Halil Koç:1:19950|Elif Arslan:2:41183,2021756,158,283894,2917,31,39.044215042674544,39.20907393634234,2,-6724
Atak,23,2977,2019,4,902,739,163,3633,227,4,0,0,130,3328295,1946058,1366411,711900,157260,129146,142020,0,15730,210355,39068771,-13132619,1256747,50944643,63421692,482114,1230417301,167439,0,1827084,23816400,0,5.0,1.0,2.0,1.0,1.0,937.3333330333334,984.3181820000001,544.0,548.9636363333334,929.6590909666667,2.151607,20.538317933333335,1.0,1.0,1.0,1.0,2,0:1.0500|1:0.9300|2:1.0300|3:0.9400|4:0.9500|5:1.1000|6:0.8200|,Nazlı Yılmaz:6:29498|Serap Karaca:4:74101|Murat Yıldırım:1:20947|Ercan Kaplan:1:21091|Arzu Er:1:23085|Esra Arslan:1:20663|Songül Özdemir:2:42038|Ufuk Yavuz:1:21375|İbrahim Soylu:1:22088|Hatice Erdoğan:1:21803|Alper Aksoy:1:19950|Erdem Güler:1:22230|Alper Uçar:1:21233|Tolga Öztürk:2:40328|Barış Şimşek:3:62986|Gülay Soylu:1:21233|Ufuk Er:1:20947|Seda Yavuz:1:19950|Ahmet Özkan:2:40756|Zeynep Aksoy:1:19523|Emine Duman:2:43463|Erdem Bulut:3:62986|Dilek Çelik:1:21803|Tuğba Sarı:1:18668|Halil Koç:1:19950|Elif Arslan:2:41183,1314820,150,283894,2948,30,41.05438370096401,41.963015628651036,2,-73539
Atak,23,3008,2019,5,1299,1034,265,5192,254,40,0,0,205,4681074,2746835,1882197,735630,162502,135188,148645,27331,13718,686514,210781474,146965609,1237727,62578138,62578138,1205760,1299008979,167439,0,1855473,24610280,0,5.0,1.0,2.0,1.0,1.0,940.0659822258065,997.727273,554.0,550.7375366129032,941.3958945483871,2.179552,22.249764741935483,1.0,1.0,1.0,1.0,2,0:1.0500|1:0.9300|2:1.0300|3:0.9400|4:0.9500|5:1.1000|6:0.8200|,Nazlı Yılmaz:6:29498|Serap Karaca:4:74101|Murat Yıldırım:1:20947|Ercan Kaplan:1:21091|Arzu Er:1:23085|Esra Arslan:1:20663|Songül Özdemir:2:42038|Ufuk Yavuz:1:21375|İbrahim Soylu:1:22088|Hatice Erdoğan:1:21803|Alper Aksoy:1:19950|Erdem Güler:1:22230|Alper Uçar:1:21233|Tolga Öztürk:2:40328|Barış Şimşek:3:62986|Gülay Soylu:1:21233|Ufuk Er:1:20947|Seda Yavuz:1:19950|Ahmet Özkan:2:40756|Zeynep Aksoy:1:19523|Emine Duman:2:43463|Erdem Bulut:3:62986|Dilek Çelik:1:21803|Tuğba Sarı:1:18668|Halil Koç:1:19950|Elif Arslan:2:41183,2371500,151,283894,2978,31,40.20865724404271,41.067966453983686,2,402620
Atak,23,3038,2019,6,1337,1065,272,5215,277,51,0,0,216,4256646,2500078,1730255,711900,157260,132597,167640,0,12994,547864,210237623,116336052,2101,93899470,75436521,1130898,1402354553,180444,0,1886067,23883917,0,5.0,1.0,2.0,1.0,1.0,957.3712123666667,1010.6818179999999,571.590909,565.4606061333333,953.4696969,2.20881,20.833231266666665,1.0,1.0,1.0,1.0,none,0:1.0500|1:0.9300|2:1.0300|3:0.9400|4:0.9500|5:1.1000|6:0.8200|,Nazlı Yılmaz:6:29498|Serap Karaca:4:74101|Murat Yıldırım:1:20947|Ercan Kaplan:1:21091|Arzu Er:1:23085|Esra Arslan:1:20663|Songül Özdemir:2:42038|Ufuk Yavuz:1:21375|İbrahim Soylu:1:22088|Hatice Erdoğan:1:21803|Alper Aksoy:1:19950|Erdem Güler:1:22230|Alper Uçar:1:21233|Tolga Öztürk:2:40328|Barış Şimşek:3:62986|Gülay Soylu:1:21233|Ufuk Er:1:20947|Seda Yavuz:1:19950|Ahmet Özkan:2:40756|Zeynep Aksoy:1:19523|Emine Duman:2:43463|Erdem Bulut:3:62986|Dilek Çelik:1:21803|Tuğba Sarı:1:18668|Halil Koç:1:19950|Elif Arslan:2:41183,2560970,151,305944,3009,30,40.64831794798064,40.29579105611496,2|none,241920
Atak,23,3069,2019,7,1417,1141,276,5653,244,26,0,0,235,4698213,2754986,1923563,771630,170872,138785,175491,0,14782,652003,140333812,68177296,1530512,70626004,89088953,1085822,1452049588,180444,0,1916661,26703307,0,5.0,1.0,2.0,1.0,1.0,969.4868037096775,1024.318182,572.6363640000001,570.9032256129033,963.7228738709678,2.237498,21.31760351612903,1.0,1.0,1.0,1.0,none,0:1.0500|1:0.9300|2:1.0300|3:0.9400|4:0.9500|5:1.1000|6:0.8200|,Nazlı Yılmaz:6:32007|Serap Karaca:4:80403|Murat Yıldırım:1:22730|Ercan Kaplan:1:22884|Arzu Er:1:25049|Esra Arslan:1:22420|Songül Özdemir:2:45613|Ufuk Yavuz:1:23193|İbrahim Soylu:1:23966|Hatice Erdoğan:1:23657|Alper Aksoy:1:21647|Erdem Güler:1:24121|Alper Uçar:1:23039|Tolga Öztürk:2:43758|Barış Şimşek:3:68343|Gülay Soylu:1:23039|Ufuk Er:1:22730|Seda Yavuz:1:21647|Ahmet Özkan:2:44221|Zeynep Aksoy:1:21183|Emine Duman:2:47160|Erdem Bulut:3:68343|Dilek Çelik:1:23657|Tuğba Sarı:1:20255|Halil Koç:1:21647|Elif Arslan:2:44686,2687254,153,305944,3039,31,40.94243917847062,40.93407338719364,none,346059
Atak,23,3100,2019,8,1467,1089,378,5314,456,43,0,3,265,4620410,2731038,1855201,772830,170872,140646,177847,0,16859,576147,165868708,92144095,1511591,72213022,72213022,1140938,1508085389,180444,0,1947255,26703307,0,5.0,1.0,2.0,1.0,1.0,980.8064519032258,1037.727273,589.181818,582.8651025161291,979.6099708387096,2.267534,20.469414354838708,0.9709677419354839,0.9709677419354839,1.0,0.9745967741935483,3,0:1.0500|1:0.9300|2:1.0300|3:0.9400|4:0.9500|5:1.1000|6:0.8200|,Nazlı Yılmaz:6:32007|Serap Karaca:4:80403|Murat Yıldırım:1:22730|Ercan Kaplan:1:22884|Arzu Er:1:25049|Esra Arslan:1:22420|Songül Özdemir:2:45613|Ufuk Yavuz:1:23193|İbrahim Soylu:1:23966|Hatice Erdoğan:1:23657|Alper Aksoy:1:21647|Erdem Güler:1:24121|Alper Uçar:1:23039|Tolga Öztürk:2:43758|Barış Şimşek:3:68343|Gülay Soylu:1:23039|Ufuk Er:1:22730|Seda Yavuz:1:21647|Ahmet Özkan:2:44221|Zeynep Aksoy:1:21183|Emine Duman:2:47160|Erdem Bulut:3:68343|Dilek Çelik:1:23657|Tuğba Sarı:1:20255|Halil Koç:1:21647|Elif Arslan:2:44686,2760300,157,305944,3070,31,40.15230250129318,39.928839491552054,none|3,270203
Atak,23,3130,2019,9,1312,990,322,4752,491,37,0,0,215,4601400,2737976,1830813,747900,165360,137940,151680,0,18080,609853,134810049,44673156,1492257,88644636,88644636,1074732,1507957273,180444,0,1977849,25841910,0,5.0,1.0,2.0,1.0,1.0,998.1060609666666,1051.136364,594.2545458,590.7575756333333,995.4378789666666,2.297973,20.6058228,0.95,0.95,1.0,0.925,3,0:1.0500|1:0.9300|2:1.0300|3:0.9400|4:0.9500|5:1.1000|6:0.8200|,Nazlı Yılmaz:6:32007|Serap Karaca:4:80403|Murat Yıldırım:1:22730|Ercan Kaplan:1:22884|Arzu Er:1:25049|Esra Arslan:1:22420|Songül Özdemir:2:45613|Ufuk Yavuz:1:23193|İbrahim Soylu:1:23966|Hatice Erdoğan:1:23657|Alper Aksoy:1:21647|Erdem Güler:1:24121|Alper Uçar:1:23039|Tolga Öztürk:2:43758|Barış Şimşek:3:68343|Gülay Soylu:1:23039|Ufuk Er:1:22730|Seda Yavuz:1:21647|Ahmet Özkan:2:44221|Zeynep Aksoy:1:21183|Emine Duman:2:47160|Erdem Bulut:3:68343|Dilek Çelik:1:23657|Tuğba Sarı:1:20255|Halil Koç:1:21647|Elif Arslan:2:44686,2632300,160,305944,3101,30,39.788173164689006,40.461783668113995,3,303909
Atak,23,3161,2019,10,1293,941,352,4367,634,44,0,0,177,4131903,2421101,1685800,772830,170872,144398,158751,0,14227,424722,146428192,71790904,1473223,73164065,73164065,1116364,1566447690,180444,0,2008443,26703307,0,5.0,1.0,2.0,1.0,1.0,1014.1788859354839,1065.227273,596.3636359999999,594.4809383870968,1007.171554548387,2.327819,19.245253258064515,0.95,0.95,1.0,0.925,3,0:1.0500|1:0.9300|2:1.0300|3:0.9400|4:0.9500|5:1.1000|6:0.8200|,Nazlı Yılmaz:6:32007|Serap Karaca:4:80403|Murat Yıldırım:1:22730|Ercan Kaplan:1:22884|Arzu Er:1:25049|Esra Arslan:1:22420|Songül Özdemir:2:45613|Ufuk Yavuz:1:23193|İbrahim Soylu:1:23966|Hatice Erdoğan:1:23657|Alper Aksoy:1:21647|Erdem Güler:1:24121|Alper Uçar:1:23039|Tolga Öztürk:2:43758|Barış Şimşek:3:68343|Gülay Soylu:1:23039|Ufuk Er:1:22730|Seda Yavuz:1:21647|Ahmet Özkan:2:44221|Zeynep Aksoy:1:21183|Emine Duman:2:47160|Erdem Bulut:3:68343|Dilek Çelik:1:23657|Tuğba Sarı:1:20255|Halil Koç:1:21647|Elif Arslan:2:44686,2483488,164,305944,3131,31,40.79960250760969,41.19739187333692,3,118778
Atak,23,3191,2019,11,1330,985,345,4743,587,36,0,0,205,4712955,2809702,1874168,747900,165360,141601,155700,0,15211,648396,147073748,72663290,1465408,72945050,72945050,1253946,1597176637,180444,0,2039037,25841910,0,5.0,1.0,2.0,1.0,1.0,1026.2045453,1079.772727,615.272727,607.7621213,1020.6484849333334,2.359067,19.9173791,0.95,0.95,1.0,0.925,3,0:1.0500|1:0.9300|2:1.0300|3:0.9400|4:0.9500|5:1.1000|6:0.8200|,Nazlı Yılmaz:6:32007|Serap Karaca:4:80403|Murat Yıldırım:1:22730|Ercan Kaplan:1:22884|Arzu Er:1:25049|Esra Arslan:1:22420|Songül Özdemir:2:45613|Ufuk Yavuz:1:23193|İbrahim Soylu:1:23966|Hatice Erdoğan:1:23657|Alper Aksoy:1:21647|Erdem Güler:1:24121|Alper Uçar:1:23039|Tolga Öztürk:2:43758|Barış Şimşek:3:68343|Gülay Soylu:1:23039|Ufuk Er:1:22730|Seda Yavuz:1:21647|Ahmet Özkan:2:44221|Zeynep Aksoy:1:21183|Emine Duman:2:47160|Erdem Bulut:3:68343|Dilek Çelik:1:23657|Tuğba Sarı:1:20255|Halil Koç:1:21647|Elif Arslan:2:44686,2806638,168,305944,3162,30,39.76630373088646,40.04385092446345,3,342452
Atak,23,3222,2019,12,1353,999,354,4673,581,43,0,0,211,4777104,2843995,1913866,772830,170872,148214,179273,0,18087,624590,216454114,112221770,1444656,102787688,102787688,1268064,1628450328,208080,0,2074317,26829942,0,5.0,1.0,2.0,1.0,1.0,1031.9354837419355,1093.863636,611.1319646451614,611.4310850645161,1031.190616,2.389707,20.63284264516129,0.95,0.95,1.0,0.925,3,0:1.0500|1:0.9300|2:1.0300|3:0.9400|4:0.9500|5:1.1000|6:0.8200|,Nazlı Yılmaz:6:32007|Serap Karaca:4:80403|Murat Yıldırım:1:22730|Ercan Kaplan:1:22884|Arzu Er:1:25049|Esra Arslan:1:22420|Songül Özdemir:2:45613|Ufuk Yavuz:1:23193|İbrahim Soylu:1:23966|Hatice Erdoğan:1:23657|Alper Aksoy:1:21647|Erdem Güler:1:24121|Alper Uçar:1:23039|Tolga Öztürk:2:43758|Barış Şimşek:3:68343|Gülay Soylu:1:23039|Ufuk Er:1:22730|Seda Yavuz:1:21647|Ahmet Özkan:2:44221|Zeynep Aksoy:1:21183|Emine Duman:2:47160|Erdem Bulut:3:68343|Dilek Çelik:1:23657|Tuğba Sarı:1:20255|Halil Koç:1:21647|Elif Arslan:2:44686,2887460,171,352800,3192,31,40.06331032357679,40.77808406886878,3,271790
Atak,23,3253,2020,1,1330,954,376,4608,514,50,0,0,236,4783204,2821333,1932540,809830,179778,150276,181691,0,76021,534944,85652789,7624851,1423448,76604490,76604490,872070,1690376285,208080,0,2109597,30628992,0,4.67741935483871,1.0,2.0,0.6774193548387096,1.0,1047.6759532258063,1108.409091,613.545455,612.1099707419354,1046.002932516129,2.421786,20.519210967741937,0.95,0.95,1.0,0.925,3,0:1.0500|1:0.9300|2:1.0300|3:0.9400|4:0.9500|5:1.1000|6:0.8200|,Nazlı Yılmaz:6:36712|Serap Karaca:4:92223|Murat Yıldırım:1:26070|Ercan Kaplan:1:26248|Arzu Er:1:28731|Esra Arslan:1:25716|Songül Özdemir:2:52319|Ufuk Yavuz:1:26603|İbrahim Soylu:1:27490|Hatice Erdoğan:1:27135|Alper Aksoy:1:24830|Erdem Güler:1:27667|Alper Uçar:1:26426|Tolga Öztürk:2:50191|Barış Şimşek:3:78390|Gülay Soylu:1:26426|Ufuk Er:1:26070|Seda Yavuz:1:24830|Ahmet Özkan:2:50722|Zeynep Aksoy:1:24298|Emine Duman:2:54092|Erdem Bulut:3:78390|Dilek Çelik:1:27135|Tuğba Sarı:1:23233|Halil Koç:1:24830|Elif Arslan:2:51255,2553438,170,352800,3223,31,40.40262552046703,41.437478534189275,3,182144
Atak,23,3282,2020,2,1248,885,363,4085,588,70,0,0,208,4716283,2799122,1894821,891170,197693,143831,173913,0,21538,466676,54501068,-16130836,8984,70622920,70622920,796344,1680081845,208080,0,2144877,28652928,0,5.0,1.0,2.0,1.0,1.0,1074.6551724482758,1134.318182,647.8855796896553,635.0501568275863,1071.2492163103448,2.477969,19.46761924137931,0.95,0.95,1.0,0.925,3,0:1.0500|1:0.9300|2:1.0300|3:0.9400|4:0.9500|5:1.1000|6:0.8200|,Nazlı Yılmaz:6:36712|Serap Karaca:4:92223|Murat Yıldırım:1:26070|Ercan Kaplan:1:26248|Arzu Er:1:28731|Esra Arslan:1:25716|Songül Özdemir:2:52319|Ufuk Yavuz:1:26603|İbrahim Soylu:1:27490|Hatice Erdoğan:1:27135|Alper Aksoy:1:24830|Erdem Güler:1:27667|Alper Uçar:1:26426|Tolga Öztürk:2:50191|Barış Şimşek:3:78390|Gülay Soylu:1:26426|Ufuk Er:1:26070|Seda Yavuz:1:24830|Ahmet Özkan:2:50722|Zeynep Aksoy:1:24298|Emine Duman:2:54092|Erdem Bulut:3:78390|Dilek Çelik:1:27135|Tuğba Sarı:1:23233|Halil Koç:1:24830|Elif Arslan:2:51255,2410908,169,352800,3254,29,40.17615143111641,39.71223548725453,3,113876
Atak,23,3313,2020,3,1426,1019,407,4874,554,67,0,0,270,4935215,2934430,1987498,952630,211327,157071,172670,0,17557,476243,130514300,39461938,2018409,89033953,89033953,1021030,1689683219,208080,0,2180157,30628992,0,5.0,1.0,2.0,1.0,1.0,1095.3885633548387,1159.772727,656.3636359999999,650.4178886129033,1095.920821064516,2.531706,20.109884419354838,0.95,0.95,1.0,0.925,3,0:1.0500|1:0.9300|2:1.0300|3:0.9400|4:0.9500|5:1.1000|6:0.8200|,Nazlı Yılmaz:6:36712|Serap Karaca:4:92223|Murat Yıldırım:1:26070|Ercan Kaplan:1:26248|Arzu Er:1:28731|Esra Arslan:1:25716|Songül Özdemir:2:52319|Ufuk Yavuz:1:26603|İbrahim Soylu:1:27490|Hatice Erdoğan:1:27135|Alper Aksoy:1:24830|Erdem Güler:1:27667|Alper Uçar:1:26426|Tolga Öztürk:2:50191|Barış Şimşek:3:78390|Gülay Soylu:1:26426|Ufuk Er:1:26070|Seda Yavuz:1:24830|Ahmet Özkan:2:50722|Zeynep Aksoy:1:24298|Emine Duman:2:54092|Erdem Bulut:3:78390|Dilek Çelik:1:27135|Tuğba Sarı:1:23233|Halil Koç:1:24830|Elif Arslan:2:51255,2626252,167,352800,3283,31,40.27176120999794,40.079378408903615,3,123443
Atak,23,3343,2020,4,1395,979,416,4825,518,64,0,0,284,4898166,2912389,1960989,921900,204510,155546,170970,0,22222,485841,167839486,81715388,1998883,84125215,84125215,1295042,1749664712,208080,0,2215437,29640960,0,5.0,1.0,2.0,1.0,1.0,1119.1060609333333,1186.1363640000002,673.954545,666.1363636666666,1118.8727272666665,2.590438,20.788250566666665,0.95,0.95,1.0,0.925,3,0:1.0500|1:0.9300|2:1.0300|3:0.9400|4:0.9500|5:1.1000|6:0.8200|,Nazlı Yılmaz:6:36712|Serap Karaca:4:92223|Murat Yıldırım:1:26070|Ercan Kaplan:1:26248|Arzu Er:1:28731|Esra Arslan:1:25716|Songül Özdemir:2:52319|Ufuk Yavuz:1:26603|İbrahim Soylu:1:27490|Hatice Erdoğan:1:27135|Alper Aksoy:1:24830|Erdem Güler:1:27667|Alper Uçar:1:26426|Tolga Öztürk:2:50191|Barış Şimşek:3:78390|Gülay Soylu:1:26426|Ufuk Er:1:26070|Seda Yavuz:1:24830|Ahmet Özkan:2:50722|Zeynep Aksoy:1:24298|Emine Duman:2:54092|Erdem Bulut:3:78390|Dilek Çelik:1:27135|Tuğba Sarı:1:23233|Halil Koç:1:24830|Elif Arslan:2:51255,2799168,166,352800,3314,30,40.03516826502001,39.777419806133246,3,133041
Atak,23,3374,2020,5,1489,1074,415,5172,581,47,0,3,278,5549390,3316326,2203474,952630,211327,164330,180637,0,25225,669325,221359365,108724892,1978756,110655717,88747675,1275528,1832112963,208080,0,2250717,30628992,0,5.0,1.0,2.0,1.0,1.0,1146.8841644193546,1212.5,692.8636359999999,685.2580644516129,1146.483871,2.648573,20.690120806451613,0.95,0.95,1.0,0.925,3,0:1.0500|1:0.9300|2:1.0300|3:0.9400|4:0.9500|5:1.1000|6:0.8200|,Nazlı Yılmaz:6:36712|Serap Karaca:4:92223|Murat Yıldırım:1:26070|Ercan Kaplan:1:26248|Arzu Er:1:28731|Esra Arslan:1:25716|Songül Özdemir:2:52319|Ufuk Yavuz:1:26603|İbrahim Soylu:1:27490|Hatice Erdoğan:1:27135|Alper Aksoy:1:24830|Erdem Güler:1:27667|Alper Uçar:1:26426|Tolga Öztürk:2:50191|Barış Şimşek:3:78390|Gülay Soylu:1:26426|Ufuk Er:1:26070|Seda Yavuz:1:24830|Ahmet Özkan:2:50722|Zeynep Aksoy:1:24298|Emine Duman:2:54092|Erdem Bulut:3:78390|Dilek Çelik:1:27135|Tuğba Sarı:1:23233|Halil Koç:1:24830|Elif Arslan:2:51255,3192080,165,352800,3344,31,39.706598382885325,39.587304673372714,3,316525
Atak,23,3404,2020,6,1416,963,453,4533,668,54,0,0,285,4388928,2542838,1808760,921900,204510,162722,205680,0,20958,292990,199630356,104654691,1958012,93017653,114925695,1287140,1856994641,238966,0,2291233,29787853,0,5.0,1.0,2.0,1.0,1.0,1183.0909089666668,1240.681818,692.772727,690.9606061666667,1173.7787877333333,2.710017,19.0779906,0.95,0.95,1.0,0.925,3,0:1.0500|1:0.9300|2:1.0300|3:0.9400|4:0.9500|5:1.1000|6:0.8200|,Nazlı Yılmaz:6:36712|Serap Karaca:4:92223|Murat Yıldırım:1:26070|Ercan Kaplan:1:26248|Arzu Er:1:28731|Esra Arslan:1:25716|Songül Özdemir:2:52319|Ufuk Yavuz:1:26603|İbrahim Soylu:1:27490|Hatice Erdoğan:1:27135|Alper Aksoy:1:24830|Erdem Güler:1:27667|Alper Uçar:1:26426|Tolga Öztürk:2:50191|Barış Şimşek:3:78390|Gülay Soylu:1:26426|Ufuk Er:1:26070|Seda Yavuz:1:24830|Ahmet Özkan:2:50722|Zeynep Aksoy:1:24298|Emine Duman:2:54092|Erdem Bulut:3:78390|Dilek Çelik:1:27135|Tuğba Sarı:1:23233|Halil Koç:1:24830|Elif Arslan:2:51255,2606928,169,405169,3375,30,41.211885909269874,41.44382973874084,3,-112179
Atak,23,3435,2020,7,1457,1068,389,5299,521,25,0,0,255,5242176,3128328,2096322,1038130,231229,171930,217310,0,24805,412918,135797044,49536543,1936631,84323870,84323870,1467448,1908419421,238966,0,2331749,35182675,0,5.0,1.0,2.0,1.0,1.0,1195.6671553870967,1268.409091,729.681818,714.6422286774193,1196.9618768387097,2.770836,20.53338529032258,0.95,0.95,1.0,0.925,3,0:1.0500|1:0.9300|2:1.0300|3:0.9400|4:0.9500|5:1.1000|6:0.8200|,Nazlı Yılmaz:6:42171|Serap Karaca:4:105934|Murat Yıldırım:1:29946|Ercan Kaplan:1:30151|Arzu Er:1:33003|Esra Arslan:1:29540|Songül Özdemir:2:60097|Ufuk Yavuz:1:30558|İbrahim Soylu:1:31577|Hatice Erdoğan:1:31169|Alper Aksoy:1:28520|Erdem Güler:1:31780|Alper Uçar:1:30354|Tolga Öztürk:2:57653|Barış Şimşek:3:90045|Gülay Soylu:1:30354|Ufuk Er:1:29946|Seda Yavuz:1:28520|Ahmet Özkan:2:58265|Zeynep Aksoy:1:27909|Emine Duman:2:62134|Erdem Bulut:3:90045|Dilek Çelik:1:31169|Tuğba Sarı:1:26688|Halil Koç:1:28520|Elif Arslan:2:58875,3219876,170,405169,3405,31,39.98953869538146,38.97283079890525,3,7749
Atak,23,3466,2020,8,1445,1065,380,5159,517,41,0,0,259,4858072,2837594,1993038,1040980,231229,175902,222363,0,25192,297372,158723198,45004895,3174,113715129,113715129,1195614,1952440520,238966,0,2372265,35182675,0,5.0,1.0,2.0,1.0,1.0,1230.4398823548388,1297.272727,727.772727,725.7507330967742,1225.0997066451612,2.835116,20.543576580645162,0.95,0.95,1.0,0.925,3,0:1.0500|1:0.9300|2:1.0300|3:0.9400|4:0.9500|5:1.1000|6:0.8200|,Nazlı Yılmaz:6:42171|Serap Karaca:4:105934|Murat Yıldırım:1:29946|Ercan Kaplan:1:30151|Arzu Er:1:33003|Esra Arslan:1:29540|Songül Özdemir:2:60097|Ufuk Yavuz:1:30558|İbrahim Soylu:1:31577|Hatice Erdoğan:1:31169|Alper Aksoy:1:28520|Erdem Güler:1:31780|Alper Uçar:1:30354|Tolga Öztürk:2:57653|Barış Şimşek:3:90045|Gülay Soylu:1:30354|Ufuk Er:1:29946|Seda Yavuz:1:28520|Ahmet Özkan:2:58265|Zeynep Aksoy:1:27909|Emine Duman:2:62134|Erdem Bulut:3:90045|Dilek Çelik:1:31169|Tuğba Sarı:1:26688|Halil Koç:1:28520|Elif Arslan:2:58875,2413494,168,405169,3436,31,41.02528739796364,40.85263835831012,3,-107797
Atak,23,3496,2020,9,1418,1014,404,4779,557,25,0,0,281,5435740,3174265,2231807,1007400,223770,174190,191460,0,29255,605732,210287424,108674816,1951784,99660824,99660824,1583832,2021279103,238966,0,2412781,34047750,0,5.0,1.0,2.0,1.0,1.0,1258.3636367333334,1328.409091,740.0,734.6818181,1252.6257575999998,2.900887,20.17770253333333,0.95,0.95,1.0,0.925,3,0:1.0500|1:0.9300|2:1.0300|3:0.9400|4:0.9500|5:1.1000|6:0.8200|,Nazlı Yılmaz:6:42171|Serap Karaca:4:105934|Murat Yıldırım:1:29946|Ercan Kaplan:1:30151|Arzu Er:1:33003|Esra Arslan:1:29540|Songül Özdemir:2:60097|Ufuk Yavuz:1:30558|İbrahim Soylu:1:31577|Hatice Erdoğan:1:31169|Alper Aksoy:1:28520|Erdem Güler:1:31780|Alper Uçar:1:30354|Tolga Öztürk:2:57653|Barış Şimşek:3:90045|Gülay Soylu:1:30354|Ufuk Er:1:29946|Seda Yavuz:1:28520|Ahmet Özkan:2:58265|Zeynep Aksoy:1:27909|Emine Duman:2:62134|Erdem Bulut:3:90045|Dilek Çelik:1:31169|Tuğba Sarı:1:26688|Halil Koç:1:28520|Elif Arslan:2:58875,3304572,168,405169,3467,30,41.058016019897934,41.19346916913354,3,200563
Atak,23,3527,2020,10,1415,999,416,4816,622,56,0,0,251,5934915,3540726,2359051,1040980,231229,184030,202275,0,31828,668709,169905024,73134566,1932700,94837758,94837758,1790150,2073046016,238966,0,2453297,35182675,0,5.0,1.0,2.0,1.0,1.0,1280.4985339677419,1356.818182,775.727273,761.6656891290323,1278.2390029032258,2.965989,20.018082548387095,0.95,0.95,1.0,0.925,3,0:1.0500|1:0.9300|2:1.0300|3:0.9400|4:0.9500|5:1.1000|6:0.8200|,Nazlı Yılmaz:6:42171|Serap Karaca:4:105934|Murat Yıldırım:1:29946|Ercan Kaplan:1:30151|Arzu Er:1:33003|Esra Arslan:1:29540|Songül Özdemir:2:60097|Ufuk Yavuz:1:30558|İbrahim Soylu:1:31577|Hatice Erdoğan:1:31169|Alper Aksoy:1:28520|Erdem Güler:1:31780|Alper Uçar:1:30354|Tolga Öztürk:2:57653|Barış Şimşek:3:90045|Gülay Soylu:1:30354|Ufuk Er:1:29946|Seda Yavuz:1:28520|Ahmet Özkan:2:58265|Zeynep Aksoy:1:27909|Emine Duman:2:62134|Erdem Bulut:3:90045|Dilek Çelik:1:31169|Tuğba Sarı:1:26688|Halil Koç:1:28520|Elif Arslan:2:58875,3591002,170,405169,3497,31,39.748690587818025,39.41990151317565,3,263540
Atak,23,3557,2020,11,1302,890,412,4189,706,43,0,0,232,5189489,3071907,2084449,1007400,223770,182236,200310,0,37470,433263,210417839,82851702,1913032,125653105,125653105,1397174,2109581092,238966,0,2493813,34047750,0,5.0,1.0,2.0,1.0,1.0,1312.8787879333333,1389.545455,778.727273,775.1393939000001,1305.2303031666668,3.034797,19.441477233333334,0.95,0.95,1.0,0.925,3,0:1.0500|1:0.9300|2:1.0300|3:0.9400|4:0.9500|5:1.1000|6:0.8200|,Nazlı Yılmaz:6:42171|Serap Karaca:4:105934|Murat Yıldırım:1:29946|Ercan Kaplan:1:30151|Arzu Er:1:33003|Esra Arslan:1:29540|Songül Özdemir:2:60097|Ufuk Yavuz:1:30558|İbrahim Soylu:1:31577|Hatice Erdoğan:1:31169|Alper Aksoy:1:28520|Erdem Güler:1:31780|Alper Uçar:1:30354|Tolga Öztürk:2:57653|Barış Şimşek:3:90045|Gülay Soylu:1:30354|Ufuk Er:1:29946|Seda Yavuz:1:28520|Ahmet Özkan:2:58265|Zeynep Aksoy:1:27909|Emine Duman:2:62134|Erdem Bulut:3:90045|Dilek Çelik:1:31169|Tuğba Sarı:1:26688|Halil Koç:1:28520|Elif Arslan:2:58875,2869358,173,405169,3528,30,40.16674859509289,40.68551642716137,3,28094
Atak,23,3588,2020,12,1417,968,449,4539,665,99,0,0,291,5912379,3577681,2295639,1040980,231229,192530,232779,0,28736,569385,273745976,162166495,1893862,109685619,109685619,1442852,2209547168,269854,0,2539567,35333704,0,5.0,1.0,2.0,1.0,1.0,1337.8519063548385,1420.681818,818.954545,805.3929618709677,1333.8020528709678,3.102904,19.935616354838707,0.95,0.95,1.0,0.925,3,0:1.0500|1:0.9300|2:1.0300|3:0.9400|4:0.9500|5:1.1000|6:0.8200|,Nazlı Yılmaz:6:42171|Serap Karaca:4:105934|Murat Yıldırım:1:29946|Ercan Kaplan:1:30151|Arzu Er:1:33003|Esra Arslan:1:29540|Songül Özdemir:2:60097|Ufuk Yavuz:1:30558|İbrahim Soylu:1:31577|Hatice Erdoğan:1:31169|Alper Aksoy:1:28520|Erdem Güler:1:31780|Alper Uçar:1:30354|Tolga Öztürk:2:57653|Barış Şimşek:3:90045|Gülay Soylu:1:30354|Ufuk Er:1:29946|Seda Yavuz:1:28520|Ahmet Özkan:2:58265|Zeynep Aksoy:1:27909|Emine Duman:2:62134|Erdem Bulut:3:90045|Dilek Çelik:1:31169|Tuğba Sarı:1:26688|Halil Koç:1:28520|Elif Arslan:2:58875,3727148,173,457537,3558,31,38.827669877049495,38.78585954768684,3,111848
Atak,23,3619,2021,1,1365,894,471,4549,853,60,0,0,244,6151625,3695648,2416650,1126480,251100,196984,238173,0,33134,570779,117594183,-8394308,1896718,124091773,100406874,1687600,2284175174,269854,0,2585321,39864574,0,5.0,1.0,2.0,1.0,1.0,1378.3651026129032,1453.409091,832.045455,825.3636363870968,1362.7668622258063,3.174888,18.626440096774193,0.95,0.95,1.0,0.925,3,0:1.0500|1:0.9300|2:1.0300|3:0.9400|4:0.9500|5:1.1000|6:0.8200|,Nazlı Yılmaz:6:47781|Serap Karaca:4:120032|Murat Yıldırım:1:33932|Ercan Kaplan:1:34163|Arzu Er:1:37394|Esra Arslan:1:33471|Songül Özdemir:2:68095|Ufuk Yavuz:1:34625|İbrahim Soylu:1:35779|Hatice Erdoğan:1:35317|Alper Aksoy:1:32317|Erdem Güler:1:36009|Alper Uçar:1:34393|Tolga Öztürk:2:65324|Barış Şimşek:3:102027|Gülay Soylu:1:34393|Ufuk Er:1:33932|Seda Yavuz:1:32317|Ahmet Özkan:2:66018|Zeynep Aksoy:1:31623|Emine Duman:2:70403|Erdem Bulut:3:102027|Dilek Çelik:1:35317|Tuğba Sarı:1:30239|Halil Koç:1:32317|Elif Arslan:2:66710,3737340,174,457537,3589,31,39.28474183650661,39.635336572093294,3,113242
Atak,23,3647,2021,2,1181,786,395,3546,713,30,0,0,216,4926223,2961432,1940131,1020040,226800,181676,219688,0,30132,261795,88471315,-5126255,21023,93576547,93888743,1540112,2266405343,269854,0,2631075,36006712,0,5.0,1.0,2.0,1.0,1.0,1415.6006492142858,1484.545455,851.363636,841.1818181428571,1397.170454642857,3.242156,17.76638175,0.95,0.95,1.0,0.925,3,0:1.0500|1:0.9300|2:1.0300|3:0.9400|4:0.9500|5:1.1000|6:0.8200|,Nazlı Yılmaz:6:47781|Serap Karaca:4:120032|Murat Yıldırım:1:33932|Ercan Kaplan:1:34163|Arzu Er:1:37394|Esra Arslan:1:33471|Songül Özdemir:2:68095|Ufuk Yavuz:1:34625|İbrahim Soylu:1:35779|Hatice Erdoğan:1:35317|Alper Aksoy:1:32317|Erdem Güler:1:36009|Alper Uçar:1:34393|Tolga Öztürk:2:65324|Barış Şimşek:3:102027|Gülay Soylu:1:34393|Ufuk Er:1:33932|Seda Yavuz:1:32317|Ahmet Özkan:2:66018|Zeynep Aksoy:1:31623|Emine Duman:2:70403|Erdem Bulut:3:102027|Dilek Çelik:1:35317|Tuğba Sarı:1:30239|Halil Koç:1:32317|Elif Arslan:2:66710,2785244,174,457537,3620,28,39.383742879686935,39.85848788127213,3,-195742
Atak,23,3653,2021,3,230,167,63,794,86,9,0,0,45,1067667,631609,427438,218580,48600,39648,43614,0,5712,71284,43637316,43637316,0,0,23372703,1440200,2265163496,0,0,2631075,7715724,0,5.0,1.0,2.0,1.0,1.0,1438.4090910000002,1513.181818,858.318182,848.909091,1428.2196968333335,3.304138,18.9115455,0.9499999999999998,0.9499999999999998,1.0,0.9250000000000002,3,0:1.0500|1:0.9300|2:1.0300|3:0.9400|4:0.9500|5:1.1000|6:0.8200|,Nazlı Yılmaz:6:47781|Serap Karaca:4:120032|Murat Yıldırım:1:33932|Ercan Kaplan:1:34163|Arzu Er:1:37394|Esra Arslan:1:33471|Songül Özdemir:2:68095|Ufuk Yavuz:1:34625|İbrahim Soylu:1:35779|Hatice Erdoğan:1:35317|Alper Aksoy:1:32317|Erdem Güler:1:36009|Alper Uçar:1:34393|Tolga Öztürk:2:65324|Barış Şimşek:3:102027|Gülay Soylu:1:34393|Ufuk Er:1:33932|Seda Yavuz:1:32317|Ahmet Özkan:2:66018|Zeynep Aksoy:1:31623|Emine Duman:2:70403|Erdem Bulut:3:102027|Dilek Çelik:1:35317|Tuğba Sarı:1:30239|Halil Koç:1:32317|Elif Arslan:2:66710,607540,174,0,3648,6,40.034767394702655,40.328645906757565,3,71284
