tarz,tohum,gun,takvim_yili,ay,musteri,alan,kaybolan,satilan_adet,pahali_istek,bos_raf_istek,rafta_yok_istek,bekleme_kaybi,kart_kaybi,ciro_kurus,mal_maliyeti_kurus,brut_kar_kurus,ucret_kurus,sgk_kurus,kira_kurus,isletme_kurus,fire_kurus,aile_diger_gider_kurus,aile_favok_kurus,sirket_favok_kurus,sirket_net_kurus,faiz_kurus,vergi_kurus,vergi_odeme_kurus,toptanci_vade_kurus,kasa_kurus,patron_net_maas_kurus,patron_net_kar_payi_kurus,servet_kurus,mudur_gunluk_maliyet_kurus,aile_mudur_gunluk_maliyet_kurus,calisan,kasiyer,gorevli,ik,musavir,raf_ortalama_kurus,liste_ortalama_kurus,alis_ortalama_kurus,stok_maliyeti_ortalama_kurus,bot_hedef_ortalama_kurus,liste_duzeyi,yerel_pay,butce_carpani,donem_butce,donem_ithal_carpani,donem_talep_carpani,donem,rakip_fiyatlari,mudurler,siparis_kurus,magaza,patron_sirket_maliyeti_kurus,oyun_yili,ilk_gun,oynanan_gun,brut_marj_yuzde,raf_alis_marj_yuzde,donemler,aile_mudur_patron_sonrasi_favok_kurus
Temkinli,21,366,2012,3,20192,18263,1929,88121,2760,953,0,32,1597,36857415,25533694,11109940,2319952,518396,761950,890631,0,94910,6524101,5438784,4025614,0,1413170,1484258,0,3528350,921726,0,156276,0,0,2.7759562841530054,0.674863387978142,2.0,0.0,0.10109289617486339,463.4215101584699,476.3158222868853,318.84090909836067,319.1013413060109,461.3828862431694,1.040633426229508,29.079650308743172,1.0,1.0,1.0,1.0,none,0:1.0500|1:0.9300|2:1.0300|3:0.9400|4:0.9500|5:1.1000|6:0.8200|,,25985184,1,1562793,1,1,366,30.14302549432726,31.19850889326846,none,4961308
Temkinli,21,731,2013,3,19978,17939,2039,95025,2115,1295,0,49,1694,40308775,28385671,11715062,2639290,557120,818544,956726,0,23127,6720255,9731503,6605009,0,3126494,3126494,0,9143940,994875,0,324951,0,0,3.372602739726027,0.0,2.0,0.3726027397260274,1.0,472.79016191506855,513.0136986821918,328.47683687945204,328.5185554109589,472.3790784273973,1.1210992712328767,33.72446359452054,1.0,1.0,1.0,1.0,none,0:1.0500|1:0.9300|2:1.0300|3:0.9400|4:0.9500|5:1.1000|6:0.8200|,,28614186,6,1686825,2,367,365,29.063304454179022,30.523758034868074,none,5033430
Temkinli,21,1096,2014,3,16910,14939,1971,69932,2174,720,0,0,1691,33876605,21617198,12073141,3845090,828480,878505,1026742,0,0,5494324,15887579,8647939,0,7239640,7239640,0,17052353,1077786,0,507687,13436479,0,4.0,0.0,2.0,1.0,1.0,535.0790784739726,550.8779577835616,341.3738480493151,340.4452055232877,533.5422166849315,1.2031732383561644,25.204920589041095,1.0,1.0,1.0,1.0,none,0:1.0500|1:0.9300|2:1.0300|3:0.9400|4:0.9500|5:1.1000|6:0.8200|,Derya Soylu:4:38859|Derya Soylu:4:40402|Derya Soylu:4:42079,21840270,9,1827393,3,732,365,35.638580076132186,36.201234213286426,none,3666931
Temkinli,21,1461,2015,3,16387,14255,2132,66204,2300,588,0,0,1870,35455855,22373866,12883718,4027590,869660,947218,1107115,0,0,5932135,49770236,32605767,0,17164469,17164469,0,37529221,1175322,0,706959,18131201,0,4.0,0.0,2.0,1.0,1.0,574.7795765808219,593.7247819671232,362.9576587342466,362.1169364904109,574.0535492054794,1.2972740301369863,24.190205723287672,1.0,1.0,1.0,1.0,none,0:1.0500|1:0.9300|2:1.0300|3:0.9400|4:0.9500|5:1.1000|6:0.8200|,Derya Soylu:4:42079|Derya Soylu:4:43853|Osman Kurt:6:16444|Derya Soylu:4:45777|Osman Kurt:6:17167,22600700,14,1992768,4,1097,365,36.33734964225231,36.85272171753831,none,3939367
Temkinli,21,1827,2016,3,16075,13721,2354,64686,2369,596,0,0,2070,37077324,22993882,13882489,4221936,913170,1028970,1202786,0,4391,6511236,197842737,141182677,0,56660060,55022317,0,164394110,1272858,0,922767,23946512,0,4.0,0.0,2.0,1.0,1.0,621.1071783715847,643.3525831393442,386.3555637677595,385.01055634972676,620.7396919808743,1.4053722759562843,22.97393499180328,1.0,1.0,1.0,1.0,none,0:1.0500|1:0.9300|2:1.0300|3:0.9400|4:0.9500|5:1.1000|6:0.8200|,Derya Soylu:4:45777|Osman Kurt:6:17167|Derya Soylu:4:47818|Osman Kurt:6:17932|Derya Soylu:4:50042|Osman Kurt:6:18766,23250860,26,2158143,5,1462,366,37.441992847164485,37.79566921433683,none,4353093
Temkinli,21,2192,2017,3,16009,13502,2507,63306,2057,496,0,0,2295,39703064,24640351,14847920,5003940,1089495,1116944,1305503,0,36127,6295911,390844131,282190762,0,108653369,110291112,0,352806296,1404537,0,1160904,26188608,0,3.989041095890411,0.0,2.0,0.989041095890411,1.0,674.5722290767123,700.1220423863014,419.37322524383563,417.8931507068493,674.2937733534246,1.5297444164383562,22.761053068493148,1.0,1.0,1.0,1.0,none,0:1.0500|1:0.9300|2:1.0300|3:0.9400|4:0.9500|5:1.1000|6:0.8200|,Derya Soylu:4:50042|Osman Kurt:6:18766|Derya Soylu:4:52394|Osman Kurt:6:19648|Derya Soylu:4:55316|Osman Kurt:6:20744,24971854,38,2381400,6,1828,365,37.39741597776937,37.8312347933694,none,3914511
Temkinli,21,2557,2018,3,16058,13297,2761,63939,1994,570,0,3,2533,43025534,26517530,16248553,5671340,1239695,1231749,1439665,0,10312,6655792,1003981356,735251252,0,268730104,268730104,0,846029799,1560597,0,1425501,29134396,0,4.0,0.0,2.0,1.0,1.0,742.5958903671233,771.9694893890411,457.88455787671234,456.06936488767127,739.7689912849315,1.6867796027397262,23.302499709589043,1.0,1.0,1.0,1.0,none,0:1.0500|1:0.9200|2:1.0300|3:0.9300|4:0.9400|5:1.1000|6:0.8200|,Derya Soylu:4:55316|Osman Kurt:6:20744|Derya Soylu:4:58448|Osman Kurt:6:21919|Derya Soylu:4:61708|Osman Kurt:6:23140,26893866,50,2646000,7,2193,365,37.7649072292746,38.34000917371841,none,4009792
Temkinli,21,2922,2019,3,16976,13727,3249,71091,2111,492,0,2,3029,51484769,32306493,18912291,6007340,1315293,1367651,1598486,0,15047,8608474,1754608749,1284977198,0,469631551,469631551,0,1845004602,1745916,0,1721517,32611570,0,4.0,0.0,2.0,1.0,1.0,815.9277708273972,857.1550435643836,509.1236612493151,506.8125778191781,813.6313823178082,1.872964882191781,26.07082137534247,1.0,1.0,1.0,1.0,none,0:1.0500|1:0.9300|2:1.0300|3:0.9400|4:0.9500|5:1.1000|6:0.8200|,Derya Soylu:4:61708|Osman Kurt:6:23140|Derya Soylu:4:65203|Osman Kurt:6:24451|Derya Soylu:4:70058|Osman Kurt:6:26271,32678124,63,2960211,8,2558,365,36.73375906571514,37.601871213056675,none,5648263
Temkinli,21,3288,2020,3,14621,11533,3088,54683,2419,403,0,0,2770,47226386,29541123,17397974,6520036,1430584,1557438,1820505,0,28370,6041041,2272287788,1637619273,0,634668515,634668515,0,2739556001,2014146,346443593,348506606,48837071,0,4.0,0.0,2.0,1.0,1.0,936.2580725901639,973.5506706338798,587.5999750874316,583.5337804508197,933.9586438278689,2.126791852459016,19.80280206557377,0.9972677595628415,0.9972677595628415,1.1211407103825135,0.962290568306011,1,0:1.0500|1:0.9300|2:1.0300|3:0.9400|4:0.9500|5:1.1000|6:0.8200|,Derya Soylu:4:70058|Osman Kurt:6:26271|Derya Soylu:4:75358|Osman Kurt:6:28260|Esin Karaca:1:21123|Esra Yıldırım:1:20695|Tuğba Yıldız:1:18983|Özlem Tunç:2:39820|Derya Soylu:4:81001|Osman Kurt:6:30375|Esin Karaca:1:22704|Esra Yıldırım:1:22245|Tuğba Yıldız:1:20404|Özlem Tunç:2:42801|Osman Turan:1:20864|Onur Demir:1:20557,30027342,78,3414996,9,2923,366,36.83952017840196,37.23952911168685,none|0|1,2626045
Temkinli,21,3653,2021,3,13859,10314,3545,48877,3465,296,0,0,2979,48106883,29950989,17849829,7853090,1730535,1786026,2087541,0,84099,4308538,2242410215,1492668848,0,749741367,749741367,0,3764022578,2316513,301342678,650242047,195590242,0,3.9972602739726026,0.0,2.0,0.9972602739726028,1.0,1075.0460771561643,1119.5062266876712,669.9769614739727,667.012328750685,1072.7377334849316,2.4456721561643837,19.532113315068493,0.910958904109589,0.910958904109589,1.0963356164383562,0.812669194520548,none,0:1.0500|1:0.9300|2:1.0300|3:0.9400|4:0.9500|5:1.1000|6:0.8200|,Derya Soylu:4:81001|Osman Kurt:6:30375|Esin Karaca:1:22704|Esra Yıldırım:1:22245|Tuğba Yıldız:1:20404|Özlem Tunç:2:42801|Osman Turan:1:20864|Onur Demir:1:20557|Ebru Akgül:1:24239|Dilek Sarı:2:41113|Osman Demir:1:20096|Dilek Er:1:21478|Derya Soylu:4:87129|Osman Kurt:6:32673|Esin Karaca:1:24423|Esra Yıldırım:1:23928|Tuğba Yıldız:1:21947|Özlem Tunç:2:46040|Osman Turan:1:22442|Onur Demir:1:22112|Ebru Akgül:1:26073|Dilek Sarı:2:44225|Osman Demir:1:21618|Dilek Er:1:23102|Pınar Kara:1:24257|Gamze Tekin:2:44720|Esin Uçar:1:24588|Gülay Yavuz:2:47196|Dilek Çelik:3:73598|Arzu Yılmaz:1:23102|Songül Yıldırım:1:23763|Esin Aktaş:1:22773|Yasemin Yavuz:1:25247|Derya Soylu:4:92398|Osman Kurt:6:34649|Esin Karaca:1:25899|Esra Yıldırım:1:25375|Tuğba Yıldız:1:23275|Özlem Tunç:2:48824|Osman Turan:1:23799|Onur Demir:1:23450|Ebru Akgül:1:27649|Dilek Sarı:2:46899|Osman Demir:1:22925|Dilek Er:1:24500|Pınar Kara:1:25725|Gamze Tekin:2:47425|Esin Uçar:1:26074|Gülay Yavuz:2:50049|Dilek Çelik:3:78048|Arzu Yılmaz:1:24500|Songül Yıldırım:1:25199|Esin Aktaş:1:24150|Yasemin Yavuz:1:26775|Gamze Taş:1:22749|Ercan Aydın:1:25375|Tuncay Demir:2:51799|Burak Kaplan:3:71224,30371586,114,3927657,10,3289,365,37.10452202858373,37.679232945412636,1|none,380881
Temkinli,22,366,2012,3,19857,17806,2051,84238,2274,1002,0,23,1607,35726615,24637291,10874733,2319136,520244,761950,890631,0,97924,6284848,5049557,3679266,0,1370291,1434043,0,3152632,921726,0,156276,0,0,2.7349726775956285,0.6912568306010929,2.0,0.0,0.04371584699453552,465.66753598633875,476.3158222868853,320.26092894808744,320.2928464918033,463.28837555191257,1.040633426229508,27.476536527322402,1.0,1.0,1.0,1.0,none,0:1.0500|1:0.9300|2:1.0300|3:0.9400|4:0.9500|5:1.1000|6:0.8200|,,25119388,1,1562793,1,1,366,30.43874433668009,31.22541208080202,none,4722055
Temkinli,22,731,2013,3,20621,18401,2220,98954,1667,1316,0,58,1789,41828100,30140376,11470264,2267790,473582,818544,956726,0,23127,6930495,7270178,5022025,0,2248153,2248153,0,7389194,994875,0,324951,0,0,3.180821917808219,0.0,2.0,0.18082191780821918,1.0,462.74346219452053,513.0136986821918,330.7074719890411,330.53212953972604,462.1285180739726,1.1210992712328767,34.82153681369863,1.0,1.0,1.0,1.0,none,0:1.0500|1:0.9300|2:1.0300|3:0.9400|4:0.9500|5:1.1000|6:0.8200|,,30372066,5,1686825,2,367,365,27.422388298775225,28.533302140955218,none,5243670
Temkinli,22,1096,2014,3,17082,15049,2033,74216,1737,757,0,0,1705,35756077,22855154,12714215,3571340,767095,878505,1026742,0,5280,6465253,16019986,9396338,0,6623648,6623648,0,16047766,1077786,0,507687,11302990,0,4.0,0.0,2.0,1.0,1.0,532.8051058849315,550.8779577835616,339.91133257534244,339.09825652876714,531.7549190630137,1.2031732383561644,26.460027939726025,1.0,1.0,1.0,1.0,none,0:1.0500|1:0.9300|2:1.0300|3:0.9400|4:0.9500|5:1.1000|6:0.8200|,Arzu Koç:4:39006|Arzu Koç:4:40555|Arzu Koç:4:42238,23099286,8,1827393,3,732,365,35.558193366682815,36.20343934002161,none,4637860
Temkinli,22,1461,2015,3,16137,14020,2117,65341,1870,693,0,0,1733,35271584,22162850,12923485,4199890,908402,947218,1107115,0,28999,5731861,35433860,21724043,0,13709817,13709817,0,30252614,1175322,0,706959,16330422,0,3.9917808219178084,0.0,2.0,0.9917808219178083,1.0,577.3437110767123,593.7247819671232,364.0242840520548,362.8032378520548,576.5462017479452,1.2972740301369863,23.310010969863015,1.0,1.0,1.0,1.0,none,0:1.0500|1:0.9300|2:1.0300|3:0.9400|4:0.9500|5:1.1000|6:0.8200|,Arzu Koç:4:42238|Arzu Koç:4:44018|Arzu Koç:4:45951|Ufuk Karaca:6:17946,22400012,12,1992768,4,1097,365,36.63993372115071,36.94842828145288,none,3739093
Temkinli,22,1827,2016,3,15719,13395,2324,64215,1733,528,0,0,2002,37094034,23196943,13691771,4752636,1032786,1028970,1202786,0,12201,5662392,133222743,92714131,0,40508612,39144087,0,107801451,1272858,0,922767,24309319,0,4.0,0.0,2.0,1.0,1.0,622.2963238907104,643.3525831393442,389.8161947486339,388.64431196448083,620.7893690710383,1.4053722759562843,22.097417081967215,1.0,1.0,1.0,1.0,none,0:1.0500|1:0.9300|2:1.0300|3:0.9400|4:0.9500|5:1.1000|6:0.8200|,Arzu Koç:4:45951|Ufuk Karaca:6:17946|Arzu Koç:4:47999|Ufuk Karaca:6:18746|Arzu Koç:4:50232|Ufuk Karaca:6:19620,23477510,22,2158143,5,1462,366,36.91097873043412,37.35842880905486,none,3504249
Temkinli,22,2192,2017,3,15679,13212,2467,64243,1543,602,0,0,2172,39159583,24370105,14571846,4984240,1084970,1117441,1306045,0,9634,6069516,354766093,257626656,0,97139437,98503962,0,332171806,1409415,0,1161732,26698224,0,4.0,0.0,2.0,1.0,1.0,675.4607720630138,700.4109589506849,421.6140722493151,420.0359900246575,674.981320030137,1.5303907506849315,23.06276649863014,1.0,1.0,1.0,1.0,none,0:1.0500|1:0.9300|2:1.0300|3:0.9400|4:0.9500|5:1.1000|6:0.8200|,Arzu Koç:4:50232|Ufuk Karaca:6:19620|Arzu Koç:4:52593|Ufuk Karaca:6:20541|Arzu Koç:4:56753|Ufuk Karaca:6:22165,24703208,34,2389668,6,1828,365,37.2114432372786,37.58126456972358,none,3679848
Temkinli,22,2557,2018,3,14714,11971,2743,56348,2106,435,0,0,2342,39802296,24884302,14661155,5368740,1171700,1267091,1481008,0,17386,5355230,666778429,475825646,0,190952783,190952783,0,640552315,1619115,0,1436247,30757200,0,4.0,0.0,2.0,1.0,1.0,772.4508094904111,794.2739727178082,487.07123277260274,483.24396016438357,766.5171855369863,1.7351105068493151,20.857249339726028,0.9786301369863013,0.9786301369863013,1.1612945205479452,0.9241715178082193,1,0:1.0500|1:0.9300|2:1.0300|3:0.9400|4:0.9500|5:1.1000|6:0.8200|,Arzu Koç:4:56753|Ufuk Karaca:6:22165|Arzu Koç:4:61314|Ufuk Karaca:6:23946|Arzu Koç:4:65308|Ufuk Karaca:6:25507,25324604,46,2745225,7,2193,365,36.83494791355755,36.94469255667871,none|0|1,2610005
Temkinli,22,2922,2019,3,14302,11317,2985,53411,2694,401,0,0,2473,43918464,27168443,16503714,6501940,1426555,1444980,1688986,0,88691,5352562,1347792317,968952298,0,378840019,378840019,0,1331024490,1848330,0,1749627,34976147,0,3.9945205479452053,0.0,2.0,0.9945205479452055,1.0,875.5672478082191,905.5118305863014,543.6285181150685,541.8224159561644,870.6894146986301,1.9788475369863014,20.98151436712329,0.9298630136986301,0.9298630136986301,1.0565136986301369,0.8512328767123287,2,0:1.0500|1:0.9300|2:1.0300|3:0.9400|4:0.9500|5:1.1000|6:0.8200|,Arzu Koç:4:65308|Ufuk Karaca:6:25507|Arzu Koç:4:69630|Ufuk Karaca:6:27195|Arzu Koç:4:73184|Ufuk Karaca:6:28583,27476750,59,3133857,8,2558,365,37.5780765010361,37.9112775773743,1|none|2,2218705
Temkinli,22,3288,2020,3,11466,8993,2473,44119,1354,136,0,0,2229,40320895,24598450,15443407,7343336,1615802,1611135,1883192,0,102477,2887465,1829199854,1303879632,0,525320222,525320222,0,2159328188,2072664,0,2101041,40810312,0,4.0,0.0,2.0,1.0,1.0,970.899776431694,1007.1417039398907,596.4046201393443,593.2668902131148,966.7360904453552,2.2003299945355193,19.558176079234972,1.0,1.0,1.0,1.0,2,0:1.0500|1:0.9300|2:1.0300|3:0.9400|4:0.9500|5:1.1000|6:0.8200|,Arzu Koç:4:73184|Ufuk Karaca:6:28583|Arzu Koç:4:76977|Ufuk Karaca:6:30064|Nesrin Avcı:1:20624|Arzu Koç:4:84514|Ufuk Karaca:6:33009|Nesrin Avcı:1:22643,25052620,72,3514218,9,2923,366,38.30125050547613,38.57196853713527,2,-626753
Temkinli,22,3653,2021,3,13306,9810,3496,48307,2351,277,0,0,3000,49873703,30079919,19503635,8132690,1793780,1870918,2186729,0,204342,5315176,2792539074,1964929735,0,827609339,827609339,0,3489324770,2492082,0,2523573,149855659,0,3.9972602739726026,0.0,2.0,0.9972602739726028,1.0,1131.5373599452055,1172.6245329205478,687.2070982246576,681.4754670191782,1124.9597758356165,2.561577063013699,19.01651884657534,0.9683561643835616,0.9683561643835616,1.0,0.9540753424657534,3,0:1.0500|1:0.9300|2:1.0300|3:0.9400|4:0.9500|5:1.1000|6:0.8200|,Arzu Koç:4:84514|Ufuk Karaca:6:33009|Nesrin Avcı:1:22643|Nesrin Bulut:1:24397|Bülent Er:1:22963|Hasan Sarı:2:41140|Derya Bulut:1:25833|Gamze Uçar:1:22484|Arzu Koç:4:92881|Ufuk Karaca:6:36276|Nesrin Avcı:1:24885|Nesrin Bulut:1:26813|Bülent Er:1:25235|Hasan Sarı:2:45214|Derya Bulut:1:28391|Gamze Uçar:1:24709|Halil Yavuz:1:25762|Bülent Kocabaş:2:48718|Burak Bozkurt:1:26813|Pınar Duman:1:24184|Onur Turan:1:26112|Meltem Bozkurt:2:51697|Arzu Kara:1:24359|Gamze Soylu:2:48543|Esra Er:3:72201|Arzu Koç:4:106053|Ufuk Karaca:6:41421|Nesrin Avcı:1:28414|Nesrin Bulut:1:30615|Bülent Er:1:28814|Hasan Sarı:2:51625|Derya Bulut:1:32416|Gamze Uçar:1:28214|Halil Yavuz:1:29415|Bülent Kocabaş:2:55627|Burak Bozkurt:1:30615|Pınar Duman:1:27614|Onur Turan:1:29815|Meltem Bozkurt:2:59029|Arzu Kara:1:27814|Gamze Soylu:2:55428|Esra Er:3:82441|Serap Özdemir:1:26613|Ahmet Turan:1:28414,30575382,101,4225329,10,3289,365,39.10604953476184,39.26783838070221,2|none|3,1089847
Temkinli,23,366,2012,3,19402,17599,1803,82347,2381,1054,0,9,1378,35454465,24357241,10878540,2620336,588024,761950,890631,0,88024,5929575,4892248,3570988,0,1321260,1364662,0,3072607,921726,0,156276,0,0,3.0437158469945356,1.0,2.0,0.0,0.04371584699453552,466.2630402459016,476.3158222868853,319.7375807404372,320.02136118032786,463.7446596967213,1.040633426229508,26.45378063661202,1.0,1.0,1.0,1.0,none,0:1.0500|1:0.9300|2:1.0300|3:0.9400|4:0.9500|5:1.1000|6:0.8200|,,24814512,1,1562793,1,1,366,30.683131165566877,31.425493092523187,none,4366782
Temkinli,23,731,2013,3,21247,19028,2219,102430,2147,1329,0,52,1760,42370923,30690252,11460091,2425490,509123,818544,956726,0,30147,6720061,7123458,4877593,0,2245865,2245865,0,7226398,994875,0,324951,0,0,3.3945205479452056,0.2328767123287671,2.0,0.16164383561643836,1.0,461.265255230137,513.0136986821918,330.2521793287671,330.5003736,461.0839351890411,1.1210992712328767,35.84367076986301,1.0,1.0,1.0,1.0,none,0:1.0500|1:0.9300|2:1.0300|3:0.9400|4:0.9500|5:1.1000|6:0.8200|,,30889944,5,1686825,2,367,365,27.047064799603255,28.402979503844076,none,5033236
Temkinli,23,1096,2014,3,17596,15622,1974,78283,2022,923,0,0,1645,37074750,23864604,13014468,3271090,699460,878505,1026742,0,29917,7108754,17041295,10128298,0,6912997,6912997,0,16634752,1077786,0,507687,10620555,0,3.712328767123288,0.0,2.0,0.7123287671232876,1.0,531.0797011260274,550.8779577835616,340.3582814273973,339.6310087150685,530.9153175643836,1.2031732383561644,27.93015525479452,1.0,1.0,1.0,1.0,none,0:1.0500|1:0.9300|2:1.0300|3:0.9400|4:0.9500|5:1.1000|6:0.8200|,Emine Turan:4:36651|Emine Turan:4:38106|Emine Turan:4:39689,24114224,8,1827393,3,732,365,35.10331964477171,35.91201457977983,none,5281361
Temkinli,23,1461,2015,3,16338,14268,2070,66763,2155,645,0,0,1728,35328787,22096819,13038589,4191840,906590,947218,1107115,0,1295,5884531,43753021,27942177,0,15810844,15810844,0,34541818,1175322,0,706959,16428197,0,4.0,0.0,2.0,1.0,1.0,576.934620169863,593.7247819671232,361.08443340273976,360.34595267945207,574.9220423506849,1.2972740301369863,23.899380627397264,1.0,1.0,1.0,1.0,none,0:1.0500|1:0.9300|2:1.0300|3:0.9400|4:0.9500|5:1.1000|6:0.8200|,Emine Turan:4:39689|Emine Turan:4:41361|Hasan Erdoğan:6:18022|Emine Turan:4:43176|Hasan Erdoğan:6:18814,22325128,13,1992768,4,1097,365,36.90641572267964,37.41328379697026,none,3891763
Temkinli,23,1827,2016,3,16028,13791,2237,64930,2171,666,0,0,1866,37352399,23561048,13590357,4399636,953406,1029472,1203307,0,10694,5993842,163904989,115584720,0,48320269,46771831,0,136512827,1282614,0,924423,23686368,0,4.0,0.0,2.0,1.0,1.0,620.3980378005465,643.6040734808743,391.8698460874317,390.5890462021858,620.6054396092895,1.4059911885245902,23.17501953825137,1.0,1.0,1.0,1.0,none,0:1.0500|1:0.9300|2:1.0300|3:0.9400|4:0.9500|5:1.1000|6:0.8200|,Emine Turan:4:43176|Hasan Erdoğan:6:18814|Emine Turan:4:45101|Hasan Erdoğan:6:19653|Emine Turan:4:48266|Hasan Erdoğan:6:21032,23840194,24,2174679,5,1462,366,36.3841610280507,36.83573734747771,none,3819163
Temkinli,23,2192,2017,3,15273,12926,2347,60628,2232,538,0,0,1959,38693201,24467674,14004863,4736090,1029228,1149744,1343854,0,49537,5696410,366444421,264390923,0,102053498,103601936,0,328699155,1463058,0,1172481,26842130,0,3.9917808219178084,0.0,2.0,0.9917808219178083,1.0,696.8150684630137,720.7440847123287,443.41021172876714,440.4212950958904,695.6410958657534,1.5744647369863014,21.82919631232877,0.9857534246575342,0.9857534246575342,1.1473150684931506,0.9384180931506849,1,0:1.0500|1:0.9300|2:1.0300|3:0.9400|4:0.9500|5:1.1000|6:0.8200|,Emine Turan:4:48266|Hasan Erdoğan:6:21032|Emine Turan:4:51691|Hasan Erdoğan:6:22524|Emine Turan:4:55059|Hasan Erdoğan:6:23992,24834118,36,2480625,6,1828,365,36.19463533141133,36.36615627345566,none|0|1,3215785
Temkinli,23,2557,2018,3,15177,12583,2594,59703,2730,527,0,0,2180,42752592,26760295,15736818,5428790,1184983,1303122,1523125,0,41369,6255429,763279698,546003027,0,217276671,217276671,0,761805526,1658136,0,1453617,30471516,0,4.0,0.0,2.0,1.0,1.0,786.8138231863014,816.881693660274,492.21569113150684,490.9768368493151,785.3468244,1.784531112328767,23.030567602739726,0.9227397260273973,0.9227397260273973,1.0704931506849316,0.836986301369863,2,0:1.0500|1:0.9300|2:1.0300|3:0.9400|4:0.9500|5:1.1000|6:0.8200|,Emine Turan:4:55059|Hasan Erdoğan:6:23992|Emine Turan:4:58703|Hasan Erdoğan:6:25579|Emine Turan:4:61976|Hasan Erdoğan:6:27006,27089874,48,2811372,7,2193,365,36.80903838532176,37.44191108155452,1|none|2,3444057
Temkinli,23,2922,2019,3,11524,9384,2140,46231,1614,172,0,0,1893,38520819,23425090,14875831,6209890,1360941,1456630,1702441,0,148221,3997708,1218009887,861464614,0,356545273,356545273,0,1274165096,1867839,0,1770306,34257583,0,3.9835616438356163,0.0,2.0,0.9835616438356164,1.0,888.4003735479453,913.068493079452,543.8169365643836,540.2288916410959,881.7205479616438,1.994753517808219,20.58394384657534,1.0,1.0,1.0,1.0,2,0:1.0500|1:0.9300|2:1.0300|3:0.9400|4:0.9500|5:1.1000|6:0.8200|,Emine Turan:4:61976|Hasan Erdoğan:6:27006|Emine Turan:4:65486|Hasan Erdoğan:6:28535|Emine Turan:4:70967|Hasan Erdoğan:6:30923,23810244,61,3166932,8,2558,365,38.61763946399997,38.78695318501745,2,830776
Temkinli,23,3288,2020,3,12684,10039,2645,48784,2334,328,0,0,2210,45874903,27804153,17760767,7182336,1579908,1679207,1962846,0,168888,5187582,2192095331,1586737420,0,605357911,605357911,0,2262350447,2209221,0,2144877,44000455,0,3.9863387978142075,0.0,2.0,0.9863387978142076,1.0,1014.9447341775956,1049.3771734644808,618.6019623060109,614.5573770437159,1009.2755837185792,2.292878341530055,19.1043483715847,0.9718579234972677,0.9718579234972677,1.0,0.9593237704918033,3,0:1.0500|1:0.9300|2:1.0300|3:0.9400|4:0.9500|5:1.1000|6:0.8200|,Emine Turan:4:70967|Hasan Erdoğan:6:30923|Emine Turan:4:77001|Hasan Erdoğan:6:33553|Alper Uçar:1:24739|Emine Turan:4:88321|Hasan Erdoğan:6:38486|Alper Uçar:1:28376|Sinan Uçar:1:26780,28294188,73,3745746,9,2923,366,38.71565025434495,39.050675226443644,2|none|3,1441836
Temkinli,23,3653,2021,3,13743,10350,3393,49592,3326,308,0,0,2713,58296753,35320542,22603814,9290990,2054610,2108417,2464509,0,266578,6418710,3036579562,2108779066,0,927800496,927800496,0,3701505682,2867598,0,2631075,195386235,0,3.9972602739726026,0.0,2.0,0.9972602739726028,1.0,1270.800747260274,1321.2758406630137,776.6672479424658,768.1163138273972,1263.7235367287672,2.886108224657534,18.614091802739726,0.95,0.95,1.0,0.925,3,0:1.0500|1:0.9300|2:1.0300|3:0.9400|4:0.9500|5:1.1000|6:0.8200|,Emine Turan:4:88321|Hasan Erdoğan:6:38486|Alper Uçar:1:28376|Sinan Uçar:1:26780|Ufuk Doğan:1:24652|Sinan Aksoy:2:51255|Hülya Doğan:1:27667|Osman Turan:1:25894|Emine Aydın:1:28022|Gamze Kocabaş:2:55688|Emine Turan:4:101453|Hasan Erdoğan:6:44208|Alper Uçar:1:32595|Sinan Uçar:1:30762|Ufuk Doğan:1:28317|Sinan Aksoy:2:58875|Hülya Doğan:1:31780|Osman Turan:1:29743|Emine Aydın:1:32188|Gamze Kocabaş:2:63968|Pınar Öztürk:1:31780|Volkan Aktaş:1:27706|Alper Yavuz:1:26891|Burak Turan:2:59283|Barış Uysal:1:28928|Merve Soylu:2:54597|Yusuf Kurt:3:85766|Tolga Bulut:1:30762|Emine Turan:4:114953|Hasan Erdoğan:6:50090|Alper Uçar:1:36933|Sinan Uçar:1:34855|Ufuk Doğan:1:32085|Sinan Aksoy:2:66710|Hülya Doğan:1:36009|Osman Turan:1:33701|Emine Aydın:1:36471|Gamze Kocabaş:2:72481|Pınar Öztürk:1:36009|Volkan Aktaş:1:31393|Alper Yavuz:1:30469|Burak Turan:2:67172|Barış Uysal:1:32777|Merve Soylu:2:61862|Yusuf Kurt:3:97179|Tolga Bulut:1:34855|Emine Güneş:1:31855|Gülay Kaplan:1:34393,36054200,104,4862025,10,3289,365,38.77371008982267,38.88363304657423,3,1556685
Dengeli,21,366,2012,3,21921,19826,2095,105863,2535,1257,0,125,1697,41396030,31230639,9925048,2282040,507056,761950,890631,0,84457,5398914,3833570,2408061,220159,1205350,1265985,1133882,10528793,921726,398225,554501,0,0,2.7950819672131146,0.6174863387978142,2.0,0.0,0.17759562841530055,437.08643806557376,476.3158222868853,327.1207153688524,327.6762295136612,435.0086934590164,1.040633426229508,35.38591907650273,1.0,1.0,1.0,1.0,none,0:1.0500|1:0.9300|2:1.0300|3:0.9400|4:0.9500|5:1.1000|6:0.8200|,,31732066,3,1562793,1,1,366,23.975845026684926,25.15880455669132,none,3836121
Dengeli,21,731,2013,3,17860,16040,1820,79359,2190,990,0,3,1560,35891250,24004868,11676549,3134940,668885,818544,956726,0,22296,6075158,7803234,1812196,1180411,4810627,4810627,1014990,10673960,994875,0,723176,11185758,0,3.8904109589041096,0.0,2.0,0.8904109589041096,1.0,492.9445829068493,513.0136986821918,328.6339975178082,328.46836860547944,492.7618929150685,1.1210992712328767,28.56750876438356,1.0,1.0,1.0,1.0,none,0:1.0500|1:0.9200|2:1.0300|3:0.9300|4:0.9400|5:1.1000|6:0.8200|,Kadir Bulut:4:39808|Kadir Bulut:4:41291|Kadir Bulut:4:42907,24185954,7,1686825,2,367,365,32.53313551353045,33.332465978247804,none,4388333
Dengeli,21,1096,2014,3,16858,14971,1887,69842,2120,642,0,0,1695,34689180,22654900,11831555,3027940,644713,878505,1026742,0,24986,6228669,15092306,6834930,1054775,7202601,7202601,887726,14938228,1077786,0,905912,16209287,0,3.5726027397260274,0.0,2.0,0.5726027397260274,1.0,533.779576630137,550.8779577835616,348.93349938082196,347.95093407945205,532.9143213041095,1.2031732383561644,25.247365654794518,1.0,1.0,1.0,1.0,none,0:1.0500|1:0.9300|2:1.0300|3:0.9400|4:0.9500|5:1.1000|6:0.8200|,Kadir Bulut:4:42907|Kadir Bulut:4:44611|Kadir Bulut:4:46463,22937624,8,1827393,3,732,365,34.107335486166,34.629664629787314,none,4401276
Dengeli,21,1461,2015,3,16473,14376,2097,66723,2173,548,0,0,1885,36002815,23533804,12271243,4191840,906590,947218,1107115,0,0,5118480,24782064,13158482,889363,10734219,10734219,900676,20752963,1175322,0,1105184,21314349,0,4.0,0.0,2.0,1.0,1.0,575.3343711589041,593.7247819671232,376.63075960821914,375.42166872876714,574.5906600328767,1.2972740301369863,24.069146600000003,1.0,1.0,1.0,1.0,none,0:1.0500|1:0.9300|2:1.0300|3:0.9400|4:0.9500|5:1.1000|6:0.8200|,Kadir Bulut:4:46463|Kadir Bulut:4:48421|Yasemin Akgül:6:18272|Kadir Bulut:4:50546|Yasemin Akgül:6:19074,23793650,8,1992768,4,1097,365,34.08412092221122,34.537066010923965,none,3125712
Dengeli,21,1827,2016,3,16467,14075,2392,66565,2191,554,0,0,2149,38430781,25132491,13069644,4386636,950436,1028970,1202786,0,5832,5494984,46985307,27561830,803576,18619901,17971582,1022154,41820427,1272858,0,1320992,26486250,0,4.0,0.0,2.0,1.0,1.0,618.6183557950819,643.3525831393442,405.0033531748634,403.74056135519123,618.6294087978142,1.4053722759562843,23.70220094535519,1.0,1.0,1.0,1.0,none,0:1.0500|1:0.9250|2:1.0300|3:0.9350|4:0.9450|5:1.1000|6:0.8200|,Kadir Bulut:4:50546|Yasemin Akgül:6:19074|Kadir Bulut:4:52799|Yasemin Akgül:6:19923|Kadir Bulut:4:55255|Yasemin Akgül:6:20851,25428764,13,2158143,5,1462,366,34.00827060995716,34.53098354084061,none,3336841
Dengeli,21,2192,2017,3,16961,14351,2610,66899,2128,545,0,0,2427,43057554,27925705,14896508,4612840,1001350,1116944,1305503,0,4150,6855721,220541692,152116118,762631,67662943,68311262,1129360,122613815,1404537,0,1559129,28966428,0,4.0,0.0,2.0,1.0,1.0,675.0933998273972,700.1220423863014,438.7841841890411,437.28493149863016,674.2458281397261,1.5297444164383562,22.60014581369863,1.0,1.0,1.0,1.0,none,0:1.0500|1:0.9300|2:1.0300|3:0.9400|4:0.9500|5:1.1000|6:0.8200|,Kadir Bulut:4:55255|Yasemin Akgül:6:20851|Kadir Bulut:4:57853|Yasemin Akgül:6:21831|Kadir Bulut:4:61078|Yasemin Akgül:6:23048,28276394,25,2381400,6,1828,365,34.596735337079295,35.00392918946827,none,4474321
Dengeli,21,2557,2018,3,17997,14870,3127,71660,2167,641,0,3,2888,49286752,31808061,17187289,5165940,1125798,1231749,1439665,0,50259,8173878,659966589,464373056,475367,195118166,195118166,1413214,312498115,1560597,0,1823726,32224635,0,3.9945205479452053,0.0,2.0,0.9945205479452055,1.0,740.9458281945206,771.9694893890411,478.1393524273972,476.6511830767123,738.7871731123288,1.6867796027397262,23.345877202739725,1.0,1.0,1.0,1.0,none,0:1.0500|1:0.9100|2:1.0300|3:0.9200|4:0.9300|5:1.1000|6:0.8200|,Kadir Bulut:4:61078|Yasemin Akgül:6:23048|Kadir Bulut:4:64538|Yasemin Akgül:6:24354|Kadir Bulut:4:68136|Yasemin Akgül:6:25712,32190094,42,2646000,7,2193,365,34.872026056819486,35.46905398030377,none,5527878
Dengeli,21,2922,2019,3,18841,15235,3606,76808,2188,716,0,13,3364,57053089,36818492,19930881,5678840,1241382,1367651,1598486,0,19596,10024926,1509763733,1047100931,213063,462449739,462449739,1243320,888879244,1745916,0,2119742,41737917,0,4.0,0.0,2.0,1.0,1.0,817.8057285369863,857.1550435643836,524.8216687643836,523.1946450821919,815.1085928027397,1.872964882191781,25.6075007369863,1.0,1.0,1.0,1.0,none,0:1.0500|1:0.9300|2:1.0300|3:0.9400|4:0.9500|5:1.1000|6:0.8200|,Kadir Bulut:4:68136|Yasemin Akgül:6:25712|Kadir Bulut:4:71994|Yasemin Akgül:6:27168|Ayşe Kocabaş:1:17288|Kadir Bulut:4:77355|Yasemin Akgül:6:29191|Ayşe Kocabaş:1:18576|Ayşe Doğan:1:20301|Meltem Yıldız:1:17912|Erdem Aktaş:2:41265|Hülya Güneş:1:19638|Ufuk Özdemir:1:18178,37259204,70,2960211,8,2558,365,34.93392093108228,35.82563065396186,none,7064715
Dengeli,21,3288,2020,3,16331,12921,3410,61194,2278,498,0,0,3114,53935918,34891303,18687270,6820186,1498181,1557438,1820505,0,86578,6904382,1771706536,1086099783,6643,685600110,685600110,1453454,1151094458,2014146,0,2461238,268608414,0,3.9863387978142075,0.0,2.0,0.9863387978142076,1.0,937.0504222677596,973.5506706338798,607.9754098142076,604.0425981147541,934.4663437704918,2.126791852459016,19.62865269125683,0.9972677595628415,0.9972677595628415,1.1211407103825135,0.962290568306011,1,0:1.0500|1:0.9300|2:1.0300|3:0.9400|4:0.9500|5:1.1000|6:0.8200|,Kadir Bulut:4:77355|Yasemin Akgül:6:29191|Ayşe Kocabaş:1:18576|Ayşe Doğan:1:20301|Meltem Yıldız:1:17912|Erdem Aktaş:2:41265|Hülya Güneş:1:19638|Ufuk Özdemir:1:18178|Sinan Kara:1:18708|Dilek Er:2:36886|Tuncay Şahin:1:20567|Mustafa Aksoy:1:20965|Onur Tekin:1:18178|Hasan Kalkan:2:38877|Dilek Öztürk:1:19106|Ahmet Yıldırım:2:37284|Seda Güneş:3:55728|Burak Öztürk:1:19770|Onur Korkmaz:1:20301|Kadir Bulut:4:83208|Yasemin Akgül:6:31399|Ayşe Kocabaş:1:19981|Ayşe Doğan:1:21837|Meltem Yıldız:1:19268|Erdem Aktaş:2:44387|Hülya Güneş:1:21123|Ufuk Özdemir:1:19553|Sinan Kara:1:20124|Dilek Er:2:39677|Tuncay Şahin:1:22122|Mustafa Aksoy:1:22550|Onur Tekin:1:19553|Hasan Kalkan:2:41818|Dilek Öztürk:1:20552|Ahmet Yıldırım:2:40105|Seda Güneş:3:59944|Burak Öztürk:1:21266|Onur Korkmaz:1:21837|Tuğba Turan:1:21123|Seda Uysal:1:19125|Hasan Er:1:20124|Halil Kalkan:1:18839|Kadir Şahin:2:40962|Yusuf Bulut:3:62798|Ayşe Tekin:1:22550|Ayşe Soylu:1:19696|Pınar Koç:1:21266|Zeynep Şahin:2:38678|Meltem Özkan:1:20410|Murat Arslan:2:39677|Emine Bulut:1:20695|Kadir Bulut:4:89438|Yasemin Akgül:6:33750|Ayşe Kocabaş:1:21478|Ayşe Doğan:1:23472|Meltem Yıldız:1:20710|Erdem Aktaş:2:47710|Hülya Güneş:1:22704|Ufuk Özdemir:1:21017|Sinan Kara:1:21631|Dilek Er:2:42648|Tuncay Şahin:1:23778|Mustafa Aksoy:1:24239|Onur Tekin:1:21017|Hasan Kalkan:2:44949|Dilek Öztürk:1:22090|Ahmet Yıldırım:2:43108|Seda Güneş:3:64433|Burak Öztürk:1:22858|Onur Korkmaz:1:23472|Tuğba Turan:1:22704|Seda Uysal:1:20557|Hasan Er:1:21631|Halil Kalkan:1:20250|Kadir Şahin:2:44029|Yusuf Bulut:3:67500|Ayşe Tekin:1:24239|Ayşe Soylu:1:21170|Pınar Koç:1:22858|Zeynep Şahin:2:41574|Meltem Özkan:1:21937|Murat Arslan:2:42648|Emine Bulut:1:22245,35427696,129,3414996,9,2923,366,34.64717148227643,35.118175568093356,none|0|1,3489386
Dengeli,21,3653,2021,3,15498,11705,3793,55200,3149,407,0,2,3437,55936060,36224244,19386083,7760740,1709935,1786026,2087541,0,46014,5995827,1752509669,861331210,0,891178459,891178459,1557184,1616790850,2316513,0,2854001,399020634,0,4.0,0.0,2.0,1.0,1.0,1076.2889165095892,1119.5062266876712,696.7443338273972,694.2805728246575,1072.0515566657534,2.4456721561643837,19.46647207671233,0.910958904109589,0.910958904109589,1.0963356164383562,0.812669194520548,none,0:1.0500|1:0.9300|2:1.0300|3:0.9400|4:0.9500|5:1.1000|6:0.8200|,Kadir Bulut:4:89438|Yasemin Akgül:6:33750|Ayşe Kocabaş:1:21478|Ayşe Doğan:1:23472|Meltem Yıldız:1:20710|Erdem Aktaş:2:47710|Hülya Güneş:1:22704|Ufuk Özdemir:1:21017|Sinan Kara:1:21631|Dilek Er:2:42648|Tuncay Şahin:1:23778|Mustafa Aksoy:1:24239|Onur Tekin:1:21017|Hasan Kalkan:2:44949|Dilek Öztürk:1:22090|Ahmet Yıldırım:2:43108|Seda Güneş:3:64433|Burak Öztürk:1:22858|Onur Korkmaz:1:23472|Tuğba Turan:1:22704|Seda Uysal:1:20557|Hasan Er:1:21631|Halil Kalkan:1:20250|Kadir Şahin:2:44029|Yusuf Bulut:3:67500|Ayşe Tekin:1:24239|Ayşe Soylu:1:21170|Pınar Koç:1:22858|Zeynep Şahin:2:41574|Meltem Özkan:1:21937|Murat Arslan:2:42648|Emine Bulut:1:22245|Kadir Bulut:4:96205|Yasemin Akgül:6:36304|Ayşe Kocabaş:1:23102|Ayşe Doğan:1:25247|Meltem Yıldız:1:22278|Erdem Aktaş:2:51320|Hülya Güneş:1:24423|Ufuk Özdemir:1:22607|Sinan Kara:1:23268|Dilek Er:2:45875|Tuncay Şahin:1:25578|Mustafa Aksoy:1:26073|Onur Tekin:1:22607|Hasan Kalkan:2:48351|Dilek Öztürk:1:23763|Ahmet Yıldırım:2:46370|Seda Güneş:3:69308|Burak Öztürk:1:24588|Onur Korkmaz:1:25247|Tuğba Turan:1:24423|Seda Uysal:1:22112|Hasan Er:1:23268|Halil Kalkan:1:21783|Kadir Şahin:2:47360|Yusuf Bulut:3:72608|Ayşe Tekin:1:26073|Ayşe Soylu:1:22773|Pınar Koç:1:24588|Zeynep Şahin:2:44720|Meltem Özkan:1:23597|Murat Arslan:2:45875|Emine Bulut:1:23928|Kadir Bulut:4:102023|Yasemin Akgül:6:38499|Ayşe Kocabaş:1:24500|Ayşe Doğan:1:26775|Meltem Yıldız:1:23624|Erdem Aktaş:2:54424|Hülya Güneş:1:25899|Ufuk Özdemir:1:23974|Sinan Kara:1:24674|Dilek Er:2:48650|Tuncay Şahin:1:27124|Mustafa Aksoy:1:27649|Onur Tekin:1:23974|Hasan Kalkan:2:51274|Dilek Öztürk:1:25199|Ahmet Yıldırım:2:49174|Seda Güneş:3:73499|Burak Öztürk:1:26074|Onur Korkmaz:1:26775|Tuğba Turan:1:25899|Seda Uysal:1:23450|Hasan Er:1:24674|Halil Kalkan:1:23100|Kadir Şahin:2:50224|Yusuf Bulut:3:76999|Ayşe Tekin:1:27649|Ayşe Soylu:1:24150|Pınar Koç:1:26074|Zeynep Şahin:2:47425|Meltem Özkan:1:25024|Murat Arslan:2:48650|Emine Bulut:1:25375,36180134,189,3927657,10,3289,365,34.65757688331999,35.26419132077074,1|none,2068170
Dengeli,22,366,2012,3,22385,20103,2282,107760,1968,1375,0,122,1763,42106880,31969786,9910476,2193380,490544,761950,890631,0,86858,5487113,3481906,2248260,82925,1150721,1203407,1105552,8743825,921726,0,156276,0,0,2.622950819672131,0.5409836065573771,2.0,0.0,0.08196721311475409,435.70293089617485,476.3158222868853,328.91058125409836,329.3266269453552,432.7677595081967,1.040633426229508,35.6773897568306,1.0,1.0,1.0,1.0,none,0:1.0500|1:0.9300|2:1.0300|3:0.9400|4:0.9500|5:1.1000|6:0.8200|,,32441866,3,1562793,1,1,366,23.53647669929475,24.510358335763502,none,3924320
Dengeli,22,731,2013,3,17449,15569,1880,77230,1572,918,0,3,1571,35192430,23448176,11551485,3275290,700296,818544,956726,0,22296,5778333,13527489,7104305,892696,5530488,5530488,775156,13478552,994875,0,324951,6114703,0,3.8328767123287673,0.0,2.0,0.8328767123287671,1.0,496.35927762739726,513.0136986821918,330.0754669506849,329.77098383835613,495.11369861369866,1.1210992712328767,27.680387030136984,1.0,1.0,1.0,1.0,none,0:1.0500|1:0.9300|2:1.0300|3:0.9400|4:0.9500|5:1.1000|6:0.8200|,Mustafa Çelik:4:38317|Mustafa Çelik:4:39816,23672578,7,1686825,2,367,365,32.82377772719872,33.500695599274536,none,4091508
Dengeli,22,1096,2014,3,16284,14405,1879,67792,1625,704,0,0,1598,33940987,21943246,11813054,3680840,791615,878505,1026742,0,5198,5430154,29323683,17136620,775994,11411069,11411069,895404,22835651,1077786,0,507687,18081946,0,4.0,0.0,2.0,1.0,1.0,536.4495641890411,550.8779577835616,347.7914072136986,346.7082191890411,534.180323789041,1.2031732383561644,24.08179272328767,1.0,1.0,1.0,1.0,none,0:1.0500|1:0.9300|2:1.0300|3:0.9400|4:0.9500|5:1.1000|6:0.8200|,Mustafa Çelik:4:39816|Mustafa Çelik:4:41396|Serkan Kalkan:6:14998|Mustafa Çelik:4:43115|Serkan Kalkan:6:15620,22222828,9,1827393,3,732,365,34.80468614539701,35.16792063398166,none,3602761
Dengeli,22,1461,2015,3,16612,14427,2185,67350,1719,593,0,0,1868,36791881,23771518,12820044,3863340,832795,947218,1107115,0,1057,6068519,87471812,57830581,654443,28986788,28986788,912716,64512074,1175322,0,706959,22234551,0,4.0,0.0,2.0,1.0,1.0,577.2559153095891,593.7247819671232,374.21245338904106,372.9369863260274,577.0064757178083,1.2972740301369863,23.56053088219178,1.0,1.0,1.0,1.0,none,0:1.0500|1:0.9300|2:1.0300|3:0.9400|4:0.9500|5:1.1000|6:0.8200|,Mustafa Çelik:4:43115|Serkan Kalkan:6:15620|Mustafa Çelik:4:44932|Serkan Kalkan:6:16279|Mustafa Çelik:4:46904|Serkan Kalkan:6:16993,24009364,20,1992768,4,1097,365,34.844763712950694,35.173907540064526,none,4075751
Dengeli,22,1827,2016,3,17349,14813,2536,69547,1695,618,0,0,2209,41010788,26349537,14439299,4326686,936778,1028970,1202786,0,42333,6901746,315791406,218396228,493091,96902087,94468076,1146752,166637628,1272858,0,922767,24309252,0,3.9836065573770494,0.0,2.0,0.9836065573770492,1.0,622.7123695846994,643.3525831393442,400.52446589071036,399.5378787650273,621.308494795082,1.4053722759562843,22.122951961748633,1.0,1.0,1.0,1.0,none,0:1.0500|1:0.9300|2:1.0300|3:0.9400|4:0.9500|5:1.1000|6:0.8200|,Mustafa Çelik:4:46904|Serkan Kalkan:6:16993|Mustafa Çelik:4:48995|Serkan Kalkan:6:17750|Mustafa Çelik:4:51275|Serkan Kalkan:6:18576,26626894,30,2158143,5,1462,366,35.20853829972738,35.680663263871104,none,4743603
Dengeli,22,2192,2017,3,17268,14502,2766,68930,1684,752,0,0,2426,43482580,27589980,15651680,4819990,1048040,1117441,1306045,0,11887,7348277,719392150,494971804,462129,223958217,226392228,1027224,345400179,1409415,0,1161732,26698109,0,4.0,0.0,2.0,1.0,1.0,677.1046077178082,700.4109589506849,431.831631430137,430.2896637287671,675.1430884328768,1.5303907506849315,22.29374222465753,1.0,1.0,1.0,1.0,none,0:1.0500|1:0.9300|2:1.0300|3:0.9400|4:0.9500|5:1.1000|6:0.8200|,Mustafa Çelik:4:51275|Serkan Kalkan:6:18576|Mustafa Çelik:4:53684|Serkan Kalkan:6:19449|Mustafa Çelik:4:57930|Serkan Kalkan:6:20988,27978646,49,2389668,6,1828,365,35.99528822806742,36.22379370809005,none,4958609
Dengeli,22,2557,2018,3,16407,13404,3003,63538,2143,614,0,2,2564,46217733,29749813,16176563,5224940,1139084,1267091,1481008,0,71680,6992760,1069184914,678583093,414756,390187065,390187065,1152530,637792200,1619115,0,1436247,42460437,0,3.9863013698630136,0.0,2.0,0.9863013698630136,1.0,774.7546700465753,794.2739727178082,500.66338720547947,497.7073474273972,767.2787048575342,1.7351105068493151,20.678924252054795,0.9786301369863013,0.9786301369863013,1.1612945205479452,0.9241715178082193,1,0:1.0500|1:0.9300|2:1.0300|3:0.9400|4:0.9500|5:1.1000|6:0.8200|,Mustafa Çelik:4:57930|Serkan Kalkan:6:20988|Mustafa Çelik:4:62585|Serkan Kalkan:6:22675|Esra Şahin:1:18047|Alper Yılmaz:1:15964|Burak Güler:1:16659|Sevgi Korkmaz:2:32045|Mustafa Çelik:4:66663|Serkan Kalkan:6:24152|Esra Şahin:1:19223|Alper Yılmaz:1:17004|Burak Güler:1:17744|Sevgi Korkmaz:2:34132|Cengiz Taş:1:19963|Nesrin Doğan:1:19099|Zeynep Turan:1:17744|Ercan Tekin:2:34010|Yasemin Aydın:1:17620,30193700,73,2745225,7,2193,365,35.00077124077029,35.377816157548104,none|0|1,4247535
Dengeli,22,2922,2019,3,16147,13012,3135,61624,2334,528,0,0,2745,51526526,32607647,18633246,5982840,1309700,1444980,1688986,0,64922,8141818,1289487143,741761064,417046,547309033,547309033,1238592,950421845,1848330,0,1749627,252360763,0,4.0,0.0,2.0,1.0,1.0,875.7478206876712,905.5118305863014,555.7780821917809,554.176836860274,871.3590286301369,1.9788475369863014,21.348671873972602,0.9298630136986301,0.9298630136986301,1.0565136986301369,0.8512328767123287,2,0:1.0500|1:0.9300|2:1.0300|3:0.9400|4:0.9500|5:1.1000|6:0.8200|,Mustafa Çelik:4:66663|Serkan Kalkan:6:24152|Esra Şahin:1:19223|Alper Yılmaz:1:17004|Burak Güler:1:17744|Sevgi Korkmaz:2:34132|Cengiz Taş:1:19963|Nesrin Doğan:1:19099|Zeynep Turan:1:17744|Ercan Tekin:2:34010|Yasemin Aydın:1:17620|Ayşe Tunç:1:17990|Gamze Erdoğan:1:17004|İbrahim Karaca:2:36104|Selin Aktaş:1:18360|Tolga Öztürk:2:38445|Tuğba Aktaş:3:52739|Ayşe Bozkurt:1:19593|Pınar Soylu:1:18360|Selin Arslan:1:18730|Seda Güler:1:17498|Mustafa Çelik:4:71076|Serkan Kalkan:6:25749|Esra Şahin:1:20495|Alper Yılmaz:1:18130|Burak Güler:1:18919|Sevgi Korkmaz:2:36391|Cengiz Taş:1:21283|Nesrin Doğan:1:20363|Zeynep Turan:1:18919|Ercan Tekin:2:36260|Yasemin Aydın:1:18787|Ayşe Tunç:1:19181|Gamze Erdoğan:1:18130|İbrahim Karaca:2:38493|Selin Aktaş:1:19575|Tolga Öztürk:2:40990|Tuğba Aktaş:3:56230|Ayşe Bozkurt:1:20889|Pınar Soylu:1:19575|Selin Arslan:1:19970|Seda Güler:1:18656|Hülya Kalkan:1:19838|Onur Kaplan:1:19050|Hülya Aktaş:2:39544|Özlem Yıldız:3:56099|Tolga Şahin:1:19970|Emre Tunç:1:18130|Selin Güler:1:17604|Alper Kaya:2:38757|Cengiz Korkmaz:1:18261|Songül Koç:2:39019|Merve Güler:1:18393|Mustafa Çelik:4:74703|Serkan Kalkan:6:27064|Esra Şahin:1:21540|Alper Yılmaz:1:19055|Burak Güler:1:19884|Sevgi Korkmaz:2:38249|Cengiz Taş:1:22370|Nesrin Doğan:1:21403|Zeynep Turan:1:19884|Ercan Tekin:2:38111|Yasemin Aydın:1:19746|Ayşe Tunç:1:20160|Gamze Erdoğan:1:19055|İbrahim Karaca:2:40458|Selin Aktaş:1:20574|Tolga Öztürk:2:43082|Tuğba Aktaş:3:59100|Ayşe Bozkurt:1:21956|Pınar Soylu:1:20574|Selin Arslan:1:20989|Seda Güler:1:19607|Hülya Kalkan:1:20851|Onur Kaplan:1:20023|Hülya Aktaş:2:41563|Özlem Yıldız:3:58962|Tolga Şahin:1:20989|Emre Tunç:1:19055|Selin Güler:1:18504|Alper Kaya:2:40735|Cengiz Korkmaz:1:19193|Songül Koç:2:41011|Merve Güler:1:19332,32943088,124,3133857,8,2558,365,36.16243408298087,36.53674390472792,1|none|2,5007961
Dengeli,22,3288,2020,3,12865,10134,2731,50400,1377,148,0,0,2521,47577910,29713842,17514226,7029686,1545316,1611135,1883192,63825,204695,5240202,1315594348,609815577,272286,705506485,705506485,978162,1193158265,2072664,0,2101041,358037777,0,4.0,0.0,2.0,1.0,1.0,972.0019870956285,1007.1417039398907,610.7088921939891,607.6340039863387,967.0307998224043,2.2003299945355193,19.6415703579235,1.0,1.0,1.0,1.0,2,0:1.0500|1:0.9300|2:1.0300|3:0.9400|4:0.9500|5:1.1000|6:0.8200|,Mustafa Çelik:4:74703|Serkan Kalkan:6:27064|Esra Şahin:1:21540|Alper Yılmaz:1:19055|Burak Güler:1:19884|Sevgi Korkmaz:2:38249|Cengiz Taş:1:22370|Nesrin Doğan:1:21403|Zeynep Turan:1:19884|Ercan Tekin:2:38111|Yasemin Aydın:1:19746|Ayşe Tunç:1:20160|Gamze Erdoğan:1:19055|İbrahim Karaca:2:40458|Selin Aktaş:1:20574|Tolga Öztürk:2:43082|Tuğba Aktaş:3:59100|Ayşe Bozkurt:1:21956|Pınar Soylu:1:20574|Selin Arslan:1:20989|Seda Güler:1:19607|Hülya Kalkan:1:20851|Onur Kaplan:1:20023|Hülya Aktaş:2:41563|Özlem Yıldız:3:58962|Tolga Şahin:1:20989|Emre Tunç:1:19055|Selin Güler:1:18504|Alper Kaya:2:40735|Cengiz Korkmaz:1:19193|Songül Koç:2:41011|Merve Güler:1:19332|Mustafa Çelik:4:78574|Serkan Kalkan:6:28467|Esra Şahin:1:22658|Alper Yılmaz:1:20043|Burak Güler:1:20914|Sevgi Korkmaz:2:40231|Cengiz Taş:1:23529|Nesrin Doğan:1:22512|Zeynep Turan:1:20914|Ercan Tekin:2:40086|Yasemin Aydın:1:20769|Ayşe Tunç:1:21205|Gamze Erdoğan:1:20043|İbrahim Karaca:2:42555|Selin Aktaş:1:21641|Tolga Öztürk:2:45314|Tuğba Aktaş:3:62161|Ayşe Bozkurt:1:23092|Pınar Soylu:1:21641|Selin Arslan:1:22076|Seda Güler:1:20624|Hülya Kalkan:1:21931|Onur Kaplan:1:21059|Hülya Aktaş:2:43717|Özlem Yıldız:3:62017|Tolga Şahin:1:22076|Emre Tunç:1:20043|Selin Güler:1:19462|Alper Kaya:2:42846|Cengiz Korkmaz:1:20188|Songül Koç:2:43136|Merve Güler:1:20334|Mustafa Çelik:4:86268|Serkan Kalkan:6:31255|Esra Şahin:1:24876|Alper Yılmaz:1:22006|Burak Güler:1:22963|Sevgi Korkmaz:2:44171|Cengiz Taş:1:25833|Nesrin Doğan:1:24717|Zeynep Turan:1:22963|Ercan Tekin:2:44012|Yasemin Aydın:1:22803|Ayşe Tunç:1:23281|Gamze Erdoğan:1:22006|İbrahim Karaca:2:46721|Selin Aktaş:1:23760|Tolga Öztürk:2:49752|Tuğba Aktaş:3:68250|Ayşe Bozkurt:1:25354|Pınar Soylu:1:23760|Selin Arslan:1:24238|Seda Güler:1:22643|Hülya Kalkan:1:24079|Onur Kaplan:1:23122|Hülya Aktaş:2:47998|Özlem Yıldız:3:68090|Tolga Şahin:1:24238|Emre Tunç:1:22006|Selin Güler:1:21368|Alper Kaya:2:47041|Cengiz Korkmaz:1:22165|Songül Koç:2:47360|Merve Güler:1:22324,26850298,145,3514218,9,2923,366,36.81167583864024,37.16999550393865,2,1725984
Dengeli,22,3653,2021,3,14985,11220,3765,55756,1989,357,0,0,3373,59620383,37219733,22018338,8215790,1812455,1870918,2186729,15734,262625,7669821,1597960211,701131005,356725,896472481,896472481,1832002,1712711079,2492082,0,2523573,428605370,0,3.989041095890411,0.0,2.0,0.989041095890411,1.0,1128.6320050027398,1172.6245329205478,709.9788293671232,704.8373599013698,1122.9129514082192,2.561577063013699,19.190322342465755,0.9683561643835616,0.9683561643835616,1.0,0.9540753424657534,3,0:1.0500|1:0.9300|2:1.0300|3:0.9400|4:0.9500|5:1.1000|6:0.8200|,Mustafa Çelik:4:86268|Serkan Kalkan:6:31255|Esra Şahin:1:24876|Alper Yılmaz:1:22006|Burak Güler:1:22963|Sevgi Korkmaz:2:44171|Cengiz Taş:1:25833|Nesrin Doğan:1:24717|Zeynep Turan:1:22963|Ercan Tekin:2:44012|Yasemin Aydın:1:22803|Ayşe Tunç:1:23281|Gamze Erdoğan:1:22006|İbrahim Karaca:2:46721|Selin Aktaş:1:23760|Tolga Öztürk:2:49752|Tuğba Aktaş:3:68250|Ayşe Bozkurt:1:25354|Pınar Soylu:1:23760|Selin Arslan:1:24238|Seda Güler:1:22643|Hülya Kalkan:1:24079|Onur Kaplan:1:23122|Hülya Aktaş:2:47998|Özlem Yıldız:3:68090|Tolga Şahin:1:24238|Emre Tunç:1:22006|Selin Güler:1:21368|Alper Kaya:2:47041|Cengiz Korkmaz:1:22165|Songül Koç:2:47360|Merve Güler:1:22324|Mustafa Çelik:4:94809|Serkan Kalkan:6:34349|Esra Şahin:1:27338|Alper Yılmaz:1:24184|Burak Güler:1:25235|Sevgi Korkmaz:2:48543|Cengiz Taş:1:28391|Nesrin Doğan:1:27163|Zeynep Turan:1:25235|Ercan Tekin:2:48368|Yasemin Aydın:1:25060|Ayşe Tunç:1:25587|Gamze Erdoğan:1:24184|İbrahim Karaca:2:51347|Selin Aktaş:1:26112|Tolga Öztürk:2:54677|Tuğba Aktaş:3:75006|Ayşe Bozkurt:1:27864|Pınar Soylu:1:26112|Selin Arslan:1:26638|Seda Güler:1:24885|Hülya Kalkan:1:26462|Onur Kaplan:1:25411|Hülya Aktaş:2:52750|Özlem Yıldız:3:74830|Tolga Şahin:1:26638|Emre Tunç:1:24184|Selin Güler:1:23483|Alper Kaya:2:51697|Cengiz Korkmaz:1:24359|Songül Koç:2:52048|Merve Güler:1:24534|Mustafa Çelik:4:108254|Serkan Kalkan:6:39220|Esra Şahin:1:31215|Alper Yılmaz:1:27614|Burak Güler:1:28814|Sevgi Korkmaz:2:55428|Cengiz Taş:1:32416|Nesrin Doğan:1:31016|Zeynep Turan:1:28814|Ercan Tekin:2:55228|Yasemin Aydın:1:28615|Ayşe Tunç:1:29215|Gamze Erdoğan:1:27614|İbrahim Karaca:2:58630|Selin Aktaş:1:29815|Tolga Öztürk:2:62431|Tuğba Aktaş:3:85642|Ayşe Bozkurt:1:31816|Pınar Soylu:1:29815|Selin Arslan:1:30416|Seda Güler:1:28414|Hülya Kalkan:1:30215|Onur Kaplan:1:29014|Hülya Aktaş:2:60230|Özlem Yıldız:3:85443|Tolga Şahin:1:30416|Emre Tunç:1:27614|Selin Güler:1:26813|Alper Kaya:2:59029|Cengiz Korkmaz:1:27814|Songül Koç:2:59430|Merve Güler:1:28015,36122058,178,4225329,10,3289,365,36.930889893813664,37.09385998092446,2|none|3,3444492
Dengeli,23,366,2012,3,22327,20103,2224,109574,2331,1478,0,129,1666,43260360,32818204,10199045,2626580,588024,761950,890631,0,70214,5261646,2989922,1719326,114442,1156154,1187146,1171628,10766165,921726,0,156276,0,0,3.081967213114754,1.0,2.0,0.0,0.08196721311475409,434.9819920273224,476.3158222868853,327.97404369125684,328.5054644781421,431.88238941803274,1.040633426229508,35.7136831010929,1.0,1.0,1.0,1.0,none,0:1.0500|1:0.9300|2:1.0300|3:0.9400|4:0.9500|5:1.1000|6:0.8200|,,33257784,3,1562793,1,1,366,23.57595960828805,24.600546757656144,none,3698853
Dengeli,23,731,2013,3,17960,16160,1800,80031,1888,1023,0,3,1453,35449223,23697064,11549325,3381140,724064,818544,956726,0,27060,5641791,10365187,3796294,1420983,5147910,5147910,856738,11926385,994875,0,324951,9247027,0,3.9342465753424656,0.10136986301369863,2.0,0.8328767123287671,1.0,493.6369863424658,513.0136986821918,328.97185552054793,328.9901618739726,493.30684933972606,1.1210992712328767,28.402250624657533,1.0,1.0,1.0,1.0,none,0:1.0500|1:0.9200|2:1.0300|3:0.9300|4:0.9400|5:1.1000|6:0.8200|,Erdem Yılmaz:4:37963|Erdem Yılmaz:4:39447,23917580,7,1686825,2,367,365,32.57991014358763,33.35753506680711,none,3954966
Dengeli,23,1096,2014,3,16849,14979,1870,72412,2006,798,0,0,1511,35615349,23324002,12100591,3699090,795630,878505,1026742,0,5311,5695313,26499920,14940779,1213678,10345463,10345463,867380,19120752,1077786,0,507687,16499283,0,4.0,0.0,2.0,1.0,1.0,532.2210460328768,550.8779577835616,349.053300030137,348.14196761917805,532.3388543041096,1.2031732383561644,25.6463588630137,1.0,1.0,1.0,1.0,none,0:1.0500|1:0.9300|2:1.0300|3:0.9400|4:0.9500|5:1.1000|6:0.8200|,Erdem Yılmaz:4:39447|Erdem Yılmaz:4:41014|Tolga Çetin:6:17600|Erdem Yılmaz:4:42717|Tolga Çetin:6:18330,23579410,8,1827393,3,732,365,33.97577544445795,34.41572770713486,none,3867920
Dengeli,23,1461,2015,3,16466,14383,2083,66935,2014,656,0,0,1750,36035287,23337281,12504453,3881590,836810,947218,1107115,0,1586,5730134,48340653,28815175,897066,18628412,18628412,912216,40028741,1175322,0,706959,23109493,0,4.0,0.0,2.0,1.0,1.0,577.414072139726,593.7247819671232,374.8806973561644,373.9298878767123,575.4640099808219,1.2972740301369863,23.592401271232877,1.0,1.0,1.0,1.0,none,0:1.0500|1:0.9300|2:1.0300|3:0.9400|4:0.9500|5:1.1000|6:0.8200|,Erdem Yılmaz:4:42717|Tolga Çetin:6:18330|Erdem Yılmaz:4:44516|Tolga Çetin:6:19103|Erdem Yılmaz:4:46472|Tolga Çetin:6:19941,23603388,14,1992768,4,1097,365,34.70057835254649,35.07593329567338,none,3737366
Dengeli,23,1827,2016,3,17232,14867,2365,69731,2122,726,0,0,1998,41018583,26812725,13987189,4101836,886168,1029472,1203307,0,44461,6721945,216066751,149128062,662748,66275941,63985495,1051740,122630055,1282614,0,924423,25375975,0,3.9672131147540983,0.0,2.0,0.9672131147540983,1.0,619.6963487431694,643.6040734808743,405.4145553551913,404.41058122404377,619.9806258825137,1.4059911885245902,23.335788103825134,1.0,1.0,1.0,1.0,none,0:1.0500|1:0.9300|2:1.0300|3:0.9400|4:0.9500|5:1.1000|6:0.8200|,Erdem Yılmaz:4:46472|Tolga Çetin:6:19941|Erdem Yılmaz:4:48542|Tolga Çetin:6:20830|Erdem Yılmaz:4:51950|Tolga Çetin:6:22291,27082372,25,2174679,5,1462,366,34.09963966819624,34.57851475526223,none,4547266
Dengeli,23,2192,2017,3,17106,14469,2637,68584,2297,706,0,2,2206,44514583,29225112,15045884,4881290,1061797,1149744,1343854,0,21208,6587991,472351296,316540144,502747,155308405,157598851,1134814,261707411,1463058,0,1172481,28756845,0,4.0,0.0,2.0,1.0,1.0,697.5280199479452,720.7440847123287,460.3972603041096,457.6642589808219,694.9347446931507,1.5744647369863014,21.87130681369863,0.9857534246575342,0.9857534246575342,1.1473150684931506,0.9384180931506849,1,0:1.0500|1:0.9300|2:1.0300|3:0.9400|4:0.9500|5:1.1000|6:0.8200|,Erdem Yılmaz:4:51950|Tolga Çetin:6:22291|Erdem Yılmaz:4:55636|Tolga Çetin:6:23873|Erdem Yılmaz:4:59261|Tolga Çetin:6:25429,29616452,39,2480625,6,1828,365,33.79989878822408,33.99587584474844,none|0|1,4107366
Dengeli,23,2557,2018,3,17034,14213,2821,68629,2733,636,0,3,2425,50217964,32506308,17421060,5295690,1155039,1303122,1523125,0,99232,8044852,977286749,650766652,432582,326087515,326087515,1656462,516161181,1658136,0,1453617,32797313,0,3.989041095890411,0.0,2.0,0.989041095890411,1.0,788.3561644438356,816.881693660274,509.5398506,508.89452056164384,785.7924034958904,1.784531112328767,23.151731334246577,0.9227397260273973,0.9227397260273973,1.0704931506849316,0.836986301369863,2,0:1.0500|1:0.9300|2:1.0300|3:0.9400|4:0.9500|5:1.1000|6:0.8200|,Erdem Yılmaz:4:59261|Tolga Çetin:6:25429|Erdem Yılmaz:4:63182|Tolga Çetin:6:27112|Erdem Yılmaz:4:66705|Tolga Çetin:6:28623|Gülay Çetin:1:16926,32837632,61,2811372,7,2193,365,34.690892685334674,35.36679567166613,1|none|2,5233480
Dengeli,23,2922,2019,3,12988,10610,2378,52190,1614,265,0,0,2136,44454658,27683653,16508128,6141490,1345442,1456630,1702441,0,155674,5706451,1151212173,647132520,374218,503705435,503705435,988540,816518940,1867839,0,1770306,174511654,0,4.0,0.0,2.0,1.0,1.0,887.7154420136986,913.068493079452,557.077957709589,553.9697385150685,881.6587795890412,1.994753517808219,20.568335526027397,1.0,1.0,1.0,1.0,2,0:1.0500|1:0.9300|2:1.0300|3:0.9400|4:0.9500|5:1.1000|6:0.8200|,Erdem Yılmaz:4:66705|Tolga Çetin:6:28623|Gülay Çetin:1:16926|Tuncay Özkan:1:17548|Yasemin Kaya:1:18294|Elif Şimşek:2:38330|Gülay Er:1:19912|Osman Yılmaz:1:18419|Nazlı Aydın:1:20036|Alper Kaplan:2:34846|Ercan Duman:1:19787|Erdem Yılmaz:4:70483|Tolga Çetin:6:30244|Gülay Çetin:1:17884|Tuncay Özkan:1:18542|Yasemin Kaya:1:19330|Elif Şimşek:2:40501|Gülay Er:1:21039|Osman Yılmaz:1:19462|Nazlı Aydın:1:21172|Alper Kaplan:2:36820|Ercan Duman:1:20908|Erdem Taş:1:21172|Sevgi Kaya:1:18936|Meltem Yavuz:2:37609|Merve Kalkan:1:18542|Ayşe Soylu:2:35504|Burak Taş:3:53651|Gamze Bozkurt:1:17753|Ayşe Bozkurt:1:17753|İbrahim Yıldırım:1:18673|Cengiz Yıldırım:1:19725|Özlem Erdoğan:1:17358|Nazlı Turan:1:19987|Halil Yavuz:2:38265|Halil Şimşek:3:54571|Osman Çetin:1:18278|Tuğba Uçar:1:21303|Erdem Yılmaz:4:76381|Tolga Çetin:6:32776|Gülay Çetin:1:19381|Tuncay Özkan:1:20092|Yasemin Kaya:1:20947|Elif Şimşek:2:43891|Gülay Er:1:22801|Osman Yılmaz:1:21091|Nazlı Aydın:1:22943|Alper Kaplan:2:39901|Ercan Duman:1:22658|Erdem Taş:1:22943|Sevgi Kaya:1:20520|Meltem Yavuz:2:40756|Merve Kalkan:1:20092|Ayşe Soylu:2:38476|Burak Taş:3:58141|Gamze Bozkurt:1:19237|Ayşe Bozkurt:1:19237|İbrahim Yıldırım:1:20236|Cengiz Yıldırım:1:21375|Özlem Erdoğan:1:18810|Nazlı Turan:1:21660|Halil Yavuz:2:41469|Halil Şimşek:3:59138|Osman Çetin:1:19808|Tuğba Uçar:1:23085|Zeynep Aydın:1:20663|Mustafa Erdoğan:2:40898|Ercan Taş:1:20520|Kaan Aksoy:2:42608|Sevgi Bulut:1:20805,28139142,109,3166932,8,2558,365,37.13475424780008,37.24588631173181,2,2539519
Dengeli,23,3288,2020,3,14391,11543,2848,56724,2097,398,0,3,2447,54707100,34084256,20277330,7885136,1737962,1679207,1962846,26130,214121,6798058,1478113480,782634148,314251,695165081,695165081,1501002,1265945862,2209221,0,2144877,379462093,0,3.989071038251366,0.0,2.0,0.9890710382513661,1.0,1014.4044956967214,1049.3771734644808,636.1879035300547,632.430079478142,1009.040362636612,2.292878341530055,19.307566724043717,0.9718579234972677,0.9718579234972677,1.0,0.9593237704918033,3,0:1.0500|1:0.9300|2:1.0300|3:0.9400|4:0.9500|5:1.1000|6:0.8200|,Erdem Yılmaz:4:76381|Tolga Çetin:6:32776|Gülay Çetin:1:19381|Tuncay Özkan:1:20092|Yasemin Kaya:1:20947|Elif Şimşek:2:43891|Gülay Er:1:22801|Osman Yılmaz:1:21091|Nazlı Aydın:1:22943|Alper Kaplan:2:39901|Ercan Duman:1:22658|Erdem Taş:1:22943|Sevgi Kaya:1:20520|Meltem Yavuz:2:40756|Merve Kalkan:1:20092|Ayşe Soylu:2:38476|Burak Taş:3:58141|Gamze Bozkurt:1:19237|Ayşe Bozkurt:1:19237|İbrahim Yıldırım:1:20236|Cengiz Yıldırım:1:21375|Özlem Erdoğan:1:18810|Nazlı Turan:1:21660|Halil Yavuz:2:41469|Halil Şimşek:3:59138|Osman Çetin:1:19808|Tuğba Uçar:1:23085|Zeynep Aydın:1:20663|Mustafa Erdoğan:2:40898|Ercan Taş:1:20520|Kaan Aksoy:2:42608|Sevgi Bulut:1:20805|Erdem Yılmaz:4:82877|Tolga Çetin:6:35563|Gülay Çetin:1:21028|Tuncay Özkan:1:21801|Yasemin Kaya:1:22730|Elif Şimşek:2:47623|Gülay Er:1:24739|Osman Yılmaz:1:22884|Nazlı Aydın:1:24894|Alper Kaplan:2:43294|Ercan Duman:1:24585|Erdem Taş:1:24894|Sevgi Kaya:1:22266|Meltem Yavuz:2:44221|Merve Kalkan:1:21801|Ayşe Soylu:2:41748|Burak Taş:3:63086|Gamze Bozkurt:1:20874|Ayşe Bozkurt:1:20874|İbrahim Yıldırım:1:21957|Cengiz Yıldırım:1:23193|Özlem Erdoğan:1:20410|Nazlı Turan:1:23503|Halil Yavuz:2:44995|Halil Şimşek:3:64168|Osman Çetin:1:21493|Tuğba Uçar:1:25049|Zeynep Aydın:1:22420|Mustafa Erdoğan:2:44377|Ercan Taş:1:22266|Kaan Aksoy:2:46231|Sevgi Bulut:1:22574|Erdem Yılmaz:4:95061|Tolga Çetin:6:40791|Gülay Çetin:1:24120|Tuncay Özkan:1:25007|Yasemin Kaya:1:26070|Elif Şimşek:2:54625|Gülay Er:1:28376|Osman Yılmaz:1:26248|Nazlı Aydın:1:28554|Alper Kaplan:2:49659|Ercan Duman:1:28199|Erdem Taş:1:28554|Sevgi Kaya:1:25539|Meltem Yavuz:2:50722|Merve Kalkan:1:25007|Ayşe Soylu:2:47885|Burak Taş:3:72360|Gamze Bozkurt:1:23943|Ayşe Bozkurt:1:23943|İbrahim Yıldırım:1:25184|Cengiz Yıldırım:1:26603|Özlem Erdoğan:1:23411|Nazlı Turan:1:26957|Halil Yavuz:2:51609|Halil Şimşek:3:73602|Osman Çetin:1:24652|Tuğba Uçar:1:28731|Zeynep Aydın:1:25716|Mustafa Erdoğan:2:50900|Ercan Taş:1:25539|Kaan Aksoy:2:53029|Sevgi Bulut:1:25894,33503846,144,3745746,9,2923,366,37.06526209577916,37.28459345075132,2|none|3,3052312
Dengeli,23,3653,2021,3,15468,11887,3581,58166,2736,449,0,2,3061,70644284,44477345,25779084,9716340,2150403,2108417,2464509,0,282656,9056759,1801933561,835417026,342426,966174109,966174109,1774486,1789914593,2867598,0,2631075,489139277,0,4.0,0.0,2.0,1.0,1.0,1271.1195517123288,1321.2758406630137,807.3682440164384,799.9519302684931,1263.0021170630137,2.886108224657534,18.828432638356166,0.95,0.95,1.0,0.925,3,0:1.0500|1:0.9300|2:1.0300|3:0.9400|4:0.9500|5:1.1000|6:0.8200|,Erdem Yılmaz:4:95061|Tolga Çetin:6:40791|Gülay Çetin:1:24120|Tuncay Özkan:1:25007|Yasemin Kaya:1:26070|Elif Şimşek:2:54625|Gülay Er:1:28376|Osman Yılmaz:1:26248|Nazlı Aydın:1:28554|Alper Kaplan:2:49659|Ercan Duman:1:28199|Erdem Taş:1:28554|Sevgi Kaya:1:25539|Meltem Yavuz:2:50722|Merve Kalkan:1:25007|Ayşe Soylu:2:47885|Burak Taş:3:72360|Gamze Bozkurt:1:23943|Ayşe Bozkurt:1:23943|İbrahim Yıldırım:1:25184|Cengiz Yıldırım:1:26603|Özlem Erdoğan:1:23411|Nazlı Turan:1:26957|Halil Yavuz:2:51609|Halil Şimşek:3:73602|Osman Çetin:1:24652|Tuğba Uçar:1:28731|Zeynep Aydın:1:25716|Mustafa Erdoğan:2:50900|Ercan Taş:1:25539|Kaan Aksoy:2:53029|Sevgi Bulut:1:25894|Erdem Yılmaz:4:109194|Tolga Çetin:6:46856|Gülay Çetin:1:27706|Tuncay Özkan:1:28725|Yasemin Kaya:1:29946|Elif Şimşek:2:62746|Gülay Er:1:32595|Osman Yılmaz:1:30151|Nazlı Aydın:1:32799|Alper Kaplan:2:57042|Ercan Duman:1:32391|Erdem Taş:1:32799|Sevgi Kaya:1:29336|Meltem Yavuz:2:58265|Merve Kalkan:1:28725|Ayşe Soylu:2:55005|Burak Taş:3:83117|Gamze Bozkurt:1:27502|Ayşe Bozkurt:1:27502|İbrahim Yıldırım:1:28928|Cengiz Yıldırım:1:30558|Özlem Erdoğan:1:26891|Nazlı Turan:1:30966|Halil Yavuz:2:59283|Halil Şimşek:3:84545|Osman Çetin:1:28317|Tuğba Uçar:1:33003|Zeynep Aydın:1:29540|Mustafa Erdoğan:2:58468|Ercan Taş:1:29336|Kaan Aksoy:2:60912|Sevgi Bulut:1:29743|Erdem Yılmaz:4:123725|Tolga Çetin:6:53090|Gülay Çetin:1:31393|Tuncay Özkan:1:32547|Yasemin Kaya:1:33932|Elif Şimşek:2:71095|Gülay Er:1:36933|Osman Yılmaz:1:34163|Nazlı Aydın:1:37164|Alper Kaplan:2:64632|Ercan Duman:1:36702|Erdem Taş:1:37164|Sevgi Kaya:1:33239|Meltem Yavuz:2:66018|Merve Kalkan:1:32547|Ayşe Soylu:2:62324|Burak Taş:3:94178|Gamze Bozkurt:1:31162|Ayşe Bozkurt:1:31162|İbrahim Yıldırım:1:32777|Cengiz Yıldırım:1:34625|Özlem Erdoğan:1:30469|Nazlı Turan:1:35086|Halil Yavuz:2:67172|Halil Şimşek:3:95794|Osman Çetin:1:32085|Tuğba Uçar:1:37394|Zeynep Aydın:1:33471|Mustafa Erdoğan:2:66248|Ercan Taş:1:33239|Kaan Aksoy:2:69018|Sevgi Bulut:1:33701,44234794,161,4862025,10,3289,365,36.49139398171266,36.483689285651344,3,4194734
Atak,21,366,2012,3,24125,21585,2540,120806,2844,1404,0,294,1904,45738440,33358748,12150173,2692970,588236,761950,890631,0,92562,7123824,6386217,3322612,600247,2463358,2516058,1409268,7351172,921726,0,156276,0,0,3.3743169398907105,0.6366120218579235,2.0,0.23497267759562843,0.5027322404371585,412.9986339945355,476.3158222868853,296.91480373224044,298.0427222978142,418.77111279234975,1.040633426229508,42.193318846994536,1.0,1.0,1.0,1.0,none,0:1.0500|1:0.9100|2:1.0300|3:0.9200|4:0.9500|5:1.1000|6:0.8200|,,33726578,5,1562793,1,1,366,26.564467437017967,28.107557920840726,none,5561031
Atak,21,731,2013,3,22661,20224,2437,111411,2770,1392,0,156,1928,47024190,32526802,14303097,3467850,744860,818544,956726,0,0,8315117,50240548,22769361,6800352,20670835,20670835,1254774,60515449,994875,0,324951,15216136,0,4.0,0.0,2.0,1.0,1.0,438.8586551506849,513.0136986821918,300.8261520547945,300.6383562191781,447.3306350821918,1.1210992712328767,41.72746218904109,1.0,1.0,1.0,1.0,none,0:1.0500|1:0.9300|2:1.0300|3:0.9400|4:0.9500|5:1.1000|6:0.8200|,Emine Yıldız:6:13179|Ayşe Akgül:4:35984|Emine Yıldız:6:13670|Ayşe Akgül:4:37326|Emine Yıldız:6:14204|Ayşe Akgül:4:38786,32773114,20,1686825,2,367,365,30.41646650372925,31.45261041929231,none,6628292
Atak,21,1096,2014,3,21924,19203,2721,93841,3068,1171,0,102,2213,45968565,29719249,16050885,3620250,779205,878505,1026742,0,0,9746183,289339137,184037330,16605425,88696382,88696382,1183212,143336877,1077786,0,507687,20018226,0,4.0,0.0,2.0,1.0,1.0,491.818804569863,550.8779577835616,316.4841842109589,315.951930230137,496.3377334356164,1.2031732383561644,32.67911349863014,1.0,1.0,1.0,1.0,none,0:1.0500|1:0.9300|2:1.0300|3:0.9400|4:0.9500|5:1.1000|6:0.8200|,Emine Yıldız:6:14204|Ayşe Akgül:4:38786|Emine Yıldız:6:14769|Ayşe Akgül:4:40326|Emine Yıldız:6:15381|Ayşe Akgül:4:41999,29954176,24,1827393,3,732,365,34.91708953716523,35.65024735323998,none,7918790
Atak,21,1461,2015,3,21603,18765,2838,89613,3075,1116,0,64,2375,48442055,30893359,17344002,3842700,829409,947218,1107115,0,28310,10589250,531388572,357263798,11806554,162318220,162318220,1118002,275123719,1175322,0,706959,21721582,0,4.0,0.0,2.0,1.0,1.0,535.3779577808219,593.7247819671232,339.82752177534246,339.16077210958906,538.2368617287672,1.2972740301369863,30.229823534246574,1.0,1.0,1.0,1.0,none,0:1.0500|1:0.9300|2:1.0300|3:0.9400|4:0.9500|5:1.1000|6:0.8200|,Emine Yıldız:6:15381|Ayşe Akgül:4:41999|Emine Yıldız:6:16029|Ayşe Akgül:4:43769|Emine Yıldız:6:16733|Ayşe Akgül:4:45691,31146858,37,1992768,4,1097,365,35.8036049461568,36.52567931934466,none,8596482
Atak,21,1827,2016,3,20672,17554,3118,83154,3155,971,0,47,2608,48682803,30281831,18181099,4307580,933966,1028970,1202786,0,8893,10698904,1014631655,682324812,11033035,321273808,315190542,1211398,526268893,1272858,0,922767,46658734,0,4.0,0.0,2.0,1.0,1.0,583.1271732650273,643.3525831393442,361.0055886775956,360.2876304125683,586.1137605983606,1.4053722759562843,27.496361027322404,1.0,1.0,1.0,1.0,none,0:1.0500|1:0.9300|2:1.0300|3:0.9400|4:0.9500|5:1.1000|6:0.8200|,Emine Yıldız:6:16733|Ayşe Akgül:4:45691|Songül Kurt:1:12311|Emine Yıldız:6:17478|Ayşe Akgül:4:47727|Songül Kurt:1:12860|Murat Kaya:1:12407|Hüseyin Sarı:1:13675|Tuğba Kurt:1:13765|Kaan Bulut:2:27351|Emine Yıldız:6:18292|Ayşe Akgül:4:49948|Songül Kurt:1:13458|Murat Kaya:1:12985|Hüseyin Sarı:1:14312|Tuğba Kurt:1:14406|Kaan Bulut:2:28623|Ahmet Güler:1:12227|Meltem Özdemir:1:14690|Can Taş:1:14216|Merve Korkmaz:1:13648|Ahmet Tunç:1:14406|Hasan Özkan:1:12605|Songül Er:2:26727|Ufuk Kurt:3:37247|Emine Özdemir:1:13838|Mehmet Uysal:1:13553,30581974,65,2158143,5,1462,366,37.34603983258729,38.091448104490745,none,8540761
Atak,21,2192,2017,3,20147,16833,3314,79801,3062,905,0,24,2829,50295952,30617122,19447835,4591450,997874,1116944,1305503,0,40689,11395375,1494883680,962612835,10877303,521393542,527476808,1194242,846837792,1404537,0,1160904,184817265,0,3.9863013698630136,0.0,2.0,0.9863013698630136,1.0,644.7061022082191,700.1220423863014,392.81344947945206,391.5648816712329,645.3265255342466,1.5297444164383562,26.047447334246577,1.0,1.0,1.0,1.0,none,0:1.0500|1:0.9300|2:1.0300|3:0.9400|4:0.9500|5:1.1000|6:0.8200|,Emine Yıldız:6:18292|Ayşe Akgül:4:49948|Songül Kurt:1:13458|Murat Kaya:1:12985|Hüseyin Sarı:1:14312|Tuğba Kurt:1:14406|Kaan Bulut:2:28623|Ahmet Güler:1:12227|Meltem Özdemir:1:14690|Can Taş:1:14216|Merve Korkmaz:1:13648|Ahmet Tunç:1:14406|Hasan Özkan:1:12605|Songül Er:2:26727|Ufuk Kurt:3:37247|Emine Özdemir:1:13838|Mehmet Uysal:1:13553|Murat Erdoğan:1:13932|Elif Kalkan:2:28908|Songül Kara:1:13269|Ebru Sarı:2:28908|Levent Taş:3:42081|Volkan Tunç:1:12985|Seda Doğan:1:13458|Emine Yıldız:6:19152|Ayşe Akgül:4:52295|Songül Kurt:1:14091|Murat Kaya:1:13595|Hüseyin Sarı:1:14984|Tuğba Kurt:1:15083|Kaan Bulut:2:29968|Ahmet Güler:1:12801|Meltem Özdemir:1:15381|Can Taş:1:14885|Merve Korkmaz:1:14290|Ahmet Tunç:1:15083|Hasan Özkan:1:13198|Songül Er:2:27984|Ufuk Kurt:3:38998|Emine Özdemir:1:14488|Mehmet Uysal:1:14190|Murat Erdoğan:1:14587|Elif Kalkan:2:30266|Songül Kara:1:13893|Ebru Sarı:2:30266|Levent Taş:3:44060|Volkan Tunç:1:13595|Seda Doğan:1:14091|Tuğba Tekin:1:15282|Ayşe Duman:2:27885|Emine Yıldız:6:20220|Ayşe Akgül:4:55212|Songül Kurt:1:14876|Murat Kaya:1:14353|Hüseyin Sarı:1:15820|Tuğba Kurt:1:15925|Kaan Bulut:2:31639|Ahmet Güler:1:13515|Meltem Özdemir:1:16239|Can Taş:1:15714|Merve Korkmaz:1:15086|Ahmet Tunç:1:15925|Hasan Özkan:1:13934|Songül Er:2:29545|Ufuk Kurt:3:41173|Emine Özdemir:1:15295|Mehmet Uysal:1:14982|Murat Erdoğan:1:15401|Elif Kalkan:2:31954|Songül Kara:1:14667|Ebru Sarı:2:31954|Levent Taş:3:46516|Volkan Tunç:1:14353|Seda Doğan:1:14876|Tuğba Tekin:1:16134|Ayşe Duman:2:29439,30927062,121,2381400,6,1828,365,38.66679966610434,39.07092733665702,none,9013975
Atak,21,2557,2018,3,20040,16361,3679,78046,3207,858,0,20,3182,54427807,33196995,20958275,5519500,1206845,1231749,1439665,0,15320,11545196,1907477340,1157231810,9652518,740593012,740593012,1513740,1235018661,1560597,0,1425501,220154791,0,4.0,0.0,2.0,1.0,1.0,708.3748443726028,771.9694893890411,433.0684931643836,431.699626339726,710.7404732054795,1.6867796027397262,26.027234120547945,1.0,1.0,1.0,1.0,none,0:1.0500|1:0.9200|2:1.0300|3:0.9300|4:0.9400|5:1.1000|6:0.8200|,Emine Yıldız:6:20220|Ayşe Akgül:4:55212|Songül Kurt:1:14876|Murat Kaya:1:14353|Hüseyin Sarı:1:15820|Tuğba Kurt:1:15925|Kaan Bulut:2:31639|Ahmet Güler:1:13515|Meltem Özdemir:1:16239|Can Taş:1:15714|Merve Korkmaz:1:15086|Ahmet Tunç:1:15925|Hasan Özkan:1:13934|Songül Er:2:29545|Ufuk Kurt:3:41173|Emine Özdemir:1:15295|Mehmet Uysal:1:14982|Murat Erdoğan:1:15401|Elif Kalkan:2:31954|Songül Kara:1:14667|Ebru Sarı:2:31954|Levent Taş:3:46516|Volkan Tunç:1:14353|Seda Doğan:1:14876|Tuğba Tekin:1:16134|Ayşe Duman:2:29439|Emine Yıldız:6:21365|Ayşe Akgül:4:58338|Songül Kurt:1:15719|Murat Kaya:1:15165|Hüseyin Sarı:1:16715|Tuğba Kurt:1:16827|Kaan Bulut:2:33431|Ahmet Güler:1:14280|Meltem Özdemir:1:17159|Can Taş:1:16605|Merve Korkmaz:1:15941|Ahmet Tunç:1:16827|Hasan Özkan:1:14723|Songül Er:2:31217|Ufuk Kurt:3:43505|Emine Özdemir:1:16161|Mehmet Uysal:1:15829|Murat Erdoğan:1:16273|Elif Kalkan:2:33763|Songül Kara:1:15497|Ebru Sarı:2:33763|Levent Taş:3:49151|Volkan Tunç:1:15165|Seda Doğan:1:15719|Tuğba Tekin:1:17047|Ayşe Duman:2:31106|Emine Yıldız:6:22556|Ayşe Akgül:4:61592|Songül Kurt:1:16596|Murat Kaya:1:16012|Hüseyin Sarı:1:17647|Tuğba Kurt:1:17765|Kaan Bulut:2:35295|Ahmet Güler:1:15076|Meltem Özdemir:1:18115|Can Taş:1:17531|Merve Korkmaz:1:16829|Ahmet Tunç:1:17765|Hasan Özkan:1:15544|Songül Er:2:32957|Ufuk Kurt:3:45930|Emine Özdemir:1:17063|Mehmet Uysal:1:16713|Murat Erdoğan:1:17181|Elif Kalkan:2:35646|Songül Kara:1:16362|Ebru Sarı:2:35646|Levent Taş:3:51891|Volkan Tunç:1:16012|Seda Doğan:1:16596|Tuğba Tekin:1:17998|Ayşe Duman:2:32841,33179588,158,2646000,7,2193,365,38.50655787031802,38.864501385852286,none,8899196
Atak,21,2922,2019,3,20807,16744,4063,85433,3279,918,0,54,3550,64053314,39522755,24252765,5855500,1282443,1367651,1598486,7872,22790,14125895,2234092546,1279823483,9456632,944812431,944812431,939564,1575721280,1745916,0,1721517,246429218,0,4.0,0.0,2.0,1.0,1.0,781.3125779342466,857.1550435643836,481.6268991287671,479.99066004931507,785.9098381095891,1.872964882191781,28.134630383561646,1.0,1.0,1.0,1.0,none,0:1.0500|1:0.9300|2:1.0300|3:0.9400|4:0.9500|5:1.1000|6:0.8200|,Emine Yıldız:6:22556|Ayşe Akgül:4:61592|Songül Kurt:1:16596|Murat Kaya:1:16012|Hüseyin Sarı:1:17647|Tuğba Kurt:1:17765|Kaan Bulut:2:35295|Ahmet Güler:1:15076|Meltem Özdemir:1:18115|Can Taş:1:17531|Merve Korkmaz:1:16829|Ahmet Tunç:1:17765|Hasan Özkan:1:15544|Songül Er:2:32957|Ufuk Kurt:3:45930|Emine Özdemir:1:17063|Mehmet Uysal:1:16713|Murat Erdoğan:1:17181|Elif Kalkan:2:35646|Songül Kara:1:16362|Ebru Sarı:2:35646|Levent Taş:3:51891|Volkan Tunç:1:16012|Seda Doğan:1:16596|Tuğba Tekin:1:17998|Ayşe Duman:2:32841|Emine Yıldız:6:23834|Ayşe Akgül:4:65079|Songül Kurt:1:17536|Murat Kaya:1:16918|Hüseyin Sarı:1:18647|Tuğba Kurt:1:18771|Kaan Bulut:2:37294|Ahmet Güler:1:15930|Meltem Özdemir:1:19141|Can Taş:1:18523|Merve Korkmaz:1:17782|Ahmet Tunç:1:18771|Hasan Özkan:1:16424|Songül Er:2:34824|Ufuk Kurt:3:48532|Emine Özdemir:1:18030|Mehmet Uysal:1:17660|Murat Erdoğan:1:18153|Elif Kalkan:2:37664|Songül Kara:1:17288|Ebru Sarı:2:37664|Levent Taş:3:54830|Volkan Tunç:1:16918|Seda Doğan:1:17536|Tuğba Tekin:1:19017|Ayşe Duman:2:34701|Emine Yıldız:6:25609|Ayşe Akgül:4:69925|Songül Kurt:1:18842|Murat Kaya:1:18178|Hüseyin Sarı:1:20035|Tuğba Kurt:1:20168|Kaan Bulut:2:40071|Ahmet Güler:1:17117|Meltem Özdemir:1:20567|Can Taş:1:19903|Merve Korkmaz:1:19106|Ahmet Tunç:1:20168|Hasan Özkan:1:17647|Songül Er:2:37418|Ufuk Kurt:3:52146|Emine Özdemir:1:19372|Mehmet Uysal:1:18974|Murat Erdoğan:1:19504|Elif Kalkan:2:40469|Songül Kara:1:18576|Ebru Sarı:2:40469|Levent Taş:3:58913|Volkan Tunç:1:18178|Seda Doğan:1:18842|Tuğba Tekin:1:20433|Ayşe Duman:2:37284,38051728,198,2960211,8,2558,365,37.863403913808426,38.35669452523525,none,11165684
Atak,21,3288,2020,3,18095,13894,4201,65351,4519,600,0,4,3334,56719423,34899204,21429068,6461280,1418678,1557438,1820505,88727,92882,10078285,1022334925,101039511,9675867,911619547,911619547,1425698,1729946957,2014146,0,2063013,284165917,0,3.9617486338797816,0.0,2.0,0.9617486338797814,1.0,910.4911823333333,973.5506706338798,561.951068057377,557.9551664153006,912.5730253442623,2.126791852459016,21.751254344262296,0.9972677595628415,0.9972677595628415,1.1211407103825135,0.962290568306011,1,0:1.0500|1:0.9300|2:1.0300|3:0.9400|4:0.9500|5:1.1000|6:0.8200|,Emine Yıldız:6:25609|Ayşe Akgül:4:69925|Songül Kurt:1:18842|Murat Kaya:1:18178|Hüseyin Sarı:1:20035|Tuğba Kurt:1:20168|Kaan Bulut:2:40071|Ahmet Güler:1:17117|Meltem Özdemir:1:20567|Can Taş:1:19903|Merve Korkmaz:1:19106|Ahmet Tunç:1:20168|Hasan Özkan:1:17647|Songül Er:2:37418|Ufuk Kurt:3:52146|Emine Özdemir:1:19372|Mehmet Uysal:1:18974|Murat Erdoğan:1:19504|Elif Kalkan:2:40469|Songül Kara:1:18576|Ebru Sarı:2:40469|Levent Taş:3:58913|Volkan Tunç:1:18178|Seda Doğan:1:18842|Tuğba Tekin:1:20433|Ayşe Duman:2:37284|Emine Yıldız:6:27545|Ayşe Akgül:4:75215|Songül Kurt:1:20266|Murat Kaya:1:19553|Hüseyin Sarı:1:21551|Tuğba Kurt:1:21694|Kaan Bulut:2:43103|Ahmet Güler:1:18412|Meltem Özdemir:1:22122|Can Taş:1:21408|Merve Korkmaz:1:20552|Ahmet Tunç:1:21694|Hasan Özkan:1:18983|Songül Er:2:40249|Ufuk Kurt:3:56090|Emine Özdemir:1:20837|Mehmet Uysal:1:20410|Murat Erdoğan:1:20981|Elif Kalkan:2:43530|Songül Kara:1:19981|Ebru Sarı:2:43530|Levent Taş:3:63369|Volkan Tunç:1:19553|Seda Doğan:1:20266|Tuğba Tekin:1:21979|Ayşe Duman:2:40105|Emine Yıldız:6:29608|Ayşe Akgül:4:80848|Songül Kurt:1:21784|Murat Kaya:1:21017|Hüseyin Sarı:1:23165|Tuğba Kurt:1:23318|Kaan Bulut:2:46329|Ahmet Güler:1:19790|Meltem Özdemir:1:23778|Can Taş:1:23012|Merve Korkmaz:1:22090|Ahmet Tunç:1:23318|Hasan Özkan:1:20404|Songül Er:2:43262|Ufuk Kurt:3:60290|Emine Özdemir:1:22398|Mehmet Uysal:1:21937|Murat Erdoğan:1:22551|Elif Kalkan:2:46790|Songül Kara:1:21478|Ebru Sarı:2:46790|Levent Taş:3:68114|Volkan Tunç:1:21017|Seda Doğan:1:21784|Tuğba Tekin:1:23625|Ayşe Duman:2:43108,30858806,209,3414996,9,2923,366,37.78082862373265,38.28044917280207,none|0|1,6663289
Atak,21,3653,2021,3,16854,11866,4988,55273,7243,415,0,3,3491,52589717,32103914,20165757,8375400,1849430,1786026,2087541,79387,58954,6008406,1475293896,515114818,10381453,949797625,949797625,1609158,1933045754,2316513,0,2455776,326719610,0,4.0,0.0,2.0,1.0,1.0,1054.9570360986302,1119.5062266876712,644.3803237972602,641.430635139726,1055.148443350685,2.4456721561643837,21.12485765479452,0.910958904109589,0.910958904109589,1.0963356164383562,0.812669194520548,none,0:1.0500|1:0.9300|2:1.0300|3:0.9400|4:0.9500|5:1.1000|6:0.8200|,Emine Yıldız:6:29608|Ayşe Akgül:4:80848|Songül Kurt:1:21784|Murat Kaya:1:21017|Hüseyin Sarı:1:23165|Tuğba Kurt:1:23318|Kaan Bulut:2:46329|Ahmet Güler:1:19790|Meltem Özdemir:1:23778|Can Taş:1:23012|Merve Korkmaz:1:22090|Ahmet Tunç:1:23318|Hasan Özkan:1:20404|Songül Er:2:43262|Ufuk Kurt:3:60290|Emine Özdemir:1:22398|Mehmet Uysal:1:21937|Murat Erdoğan:1:22551|Elif Kalkan:2:46790|Songül Kara:1:21478|Ebru Sarı:2:46790|Levent Taş:3:68114|Volkan Tunç:1:21017|Seda Doğan:1:21784|Tuğba Tekin:1:23625|Ayşe Duman:2:43108|Emine Yıldız:6:31849|Ayşe Akgül:4:86964|Songül Kurt:1:23433|Murat Kaya:1:22607|Hüseyin Sarı:1:24918|Tuğba Kurt:1:25083|Kaan Bulut:2:49835|Ahmet Güler:1:21287|Meltem Özdemir:1:25578|Can Taş:1:24752|Merve Korkmaz:1:23763|Ahmet Tunç:1:25083|Hasan Özkan:1:21947|Songül Er:2:46535|Ufuk Kurt:3:64851|Emine Özdemir:1:24092|Mehmet Uysal:1:23597|Murat Erdoğan:1:24257|Elif Kalkan:2:50330|Songül Kara:1:23102|Ebru Sarı:2:50330|Levent Taş:3:73268|Volkan Tunç:1:22607|Seda Doğan:1:23433|Tuğba Tekin:1:25413|Ayşe Duman:2:46370|Emine Yıldız:6:33774|Ayşe Akgül:4:92223|Songül Kurt:1:24849|Murat Kaya:1:23974|Hüseyin Sarı:1:26424|Tuğba Kurt:1:26600|Kaan Bulut:2:52849|Ahmet Güler:1:22574|Meltem Özdemir:1:27124|Can Taş:1:26249|Merve Korkmaz:1:25199|Ahmet Tunç:1:26600|Hasan Özkan:1:23275|Songül Er:2:49349|Ufuk Kurt:3:68774|Emine Özdemir:1:25550|Mehmet Uysal:1:25024|Murat Erdoğan:1:25725|Elif Kalkan:2:53374|Songül Kara:1:24500|Ebru Sarı:2:53374|Levent Taş:3:77698|Volkan Tunç:1:23974|Seda Doğan:1:24849|Tuğba Tekin:1:26950|Ayşe Duman:2:49174,28220626,235,3927657,10,3289,365,38.34543737894615,38.91880884739502,1|none,2080749
Atak,22,366,2012,3,23444,20869,2575,113880,2480,1493,0,254,1828,43984815,30688628,13079635,2694420,588506,761950,890631,0,87194,8056934,8664034,4990603,651211,3022220,3059402,1128960,8718637,921726,0,156276,0,0,3.3169398907103824,0.5601092896174863,2.0,0.2540983606557377,0.5027322404371585,433.2687531748634,476.3158222868853,297.3004222486339,298.38015395901635,436.9046200054645,1.040633426229508,39.057420991803276,1.0,1.0,1.0,1.0,none,0:1.0500|1:0.9300|2:1.0300|3:0.9400|4:0.9500|5:1.1000|6:0.8200|,,31077034,5,1562793,1,1,366,29.736705724464226,31.381984029518488,none,6494141
Atak,22,731,2013,3,20136,17841,2295,91369,2239,1203,0,42,1751,40051785,25093934,14771949,3650350,786105,818544,956726,0,0,8560224,121965052,77875532,8699117,35390403,35390403,769658,82597829,994875,0,324951,16282344,0,4.0,0.0,2.0,1.0,1.0,479.0361145260274,513.0136986821918,298.5198006219178,297.9069738493151,481.0062266547945,1.1210992712328767,33.3820772630137,1.0,1.0,1.0,1.0,none,0:1.0500|1:0.9300|2:1.0300|3:0.9400|4:0.9500|5:1.1000|6:0.8200|,Serap Kara:6:14954|Levent Aksoy:4:36189|Serap Kara:6:15511|Levent Aksoy:4:37538|Serap Kara:6:16117|Levent Aksoy:4:39006,25362512,20,1686825,2,367,365,36.88212398024208,37.683236906411075,none,6873399
Atak,22,1096,2014,3,20156,17478,2678,82498,2550,1019,0,41,2043,40598409,24494108,15910340,3802750,820385,878505,1026742,0,6680,9375278,468316219,322085431,16461539,129769249,129769249,1007118,180160875,1077786,0,507687,20824524,0,4.0,0.0,2.0,1.0,1.0,521.9887920821918,550.8779577835616,315.9255293424657,315.09613949315064,520.3863013397261,1.2031732383561644,27.829536997260274,1.0,1.0,1.0,1.0,none,0:1.0500|1:0.9300|2:1.0300|3:0.9400|4:0.9500|5:1.1000|6:0.8200|,Serap Kara:6:16117|Levent Aksoy:4:39006|Serap Kara:6:16758|Levent Aksoy:4:40555|Serap Kara:6:17454|Levent Aksoy:4:42238,24737850,31,1827393,3,732,365,39.18956528567413,39.47656843698659,none,7547885
Atak,22,1461,2015,3,20264,17473,2791,81926,2619,984,0,33,2243,43517292,25903795,17414932,3985250,861330,947218,1107115,0,2838,10511181,898031586,627743526,13093882,257194178,257194178,857654,367879414,1175322,0,706959,24604799,0,4.0,0.0,2.0,1.0,1.0,564.6463262246575,593.7247819671232,337.34047315616436,336.2762141917808,561.7046077643836,1.2972740301369863,26.88359964657534,1.0,1.0,1.0,1.0,none,0:1.0500|1:0.9300|2:1.0300|3:0.9400|4:0.9500|5:1.1000|6:0.8200|,Serap Kara:6:17454|Levent Aksoy:4:42238|Serap Kara:6:18189|Levent Aksoy:4:44018|Can Şimşek:1:11212|Serap Kara:6:18987|Levent Aksoy:4:45951|Can Şimşek:1:11705|Can Kaya:1:12571|Onur Aksoy:1:12485|Ahmet Öztürk:1:11444|Songül Çelik:1:13179|Halil Yıldırım:2:22802,26156504,51,1992768,4,1097,365,40.01841842548475,40.25632373955344,none,8518413
Atak,22,1827,2016,3,16571,13976,2595,66558,2300,634,0,0,2149,37891024,22389917,15313919,4179480,905052,1028970,1202786,0,12608,7985023,1601571119,1111314884,12937743,477318492,469141158,813822,682437689,1272858,0,922767,124205096,0,4.0,0.0,2.0,1.0,1.0,611.6101589836065,643.3525831393442,361.4669648169399,360.45032287978137,607.6758569945355,1.4053722759562843,24.80781617759563,1.0,1.0,1.0,1.0,none,0:1.0500|1:0.9300|2:1.0300|3:0.9400|4:0.9500|5:1.1000|6:0.8200|,Serap Kara:6:18987|Levent Aksoy:4:45951|Can Şimşek:1:11705|Can Kaya:1:12571|Onur Aksoy:1:12485|Ahmet Öztürk:1:11444|Songül Çelik:1:13179|Halil Yıldırım:2:22802|Cengiz Tunç:1:13785|Özlem Özkan:1:12571|Can Yıldız:2:24969|Can Demir:1:12832|Emine Uysal:1:13179|Sevgi Yavuz:1:12832|Serap Kara:6:19834|Levent Aksoy:4:47999|Can Şimşek:1:12225|Can Kaya:1:13132|Onur Aksoy:1:13041|Ahmet Öztürk:1:11955|Songül Çelik:1:13765|Halil Yıldırım:2:23818|Cengiz Tunç:1:14400|Özlem Özkan:1:13132|Can Yıldız:2:26083|Can Demir:1:13404|Emine Uysal:1:13765|Sevgi Yavuz:1:13404|Fatma Kalkan:1:11683|Yasemin Doğan:2:26444|Songül Erdoğan:3:35410|Yusuf Demir:1:12769|Ebru Çetin:1:13132|Selin Uçar:1:13765|Ercan Yavuz:2:27351|İbrahim Özkan:3:34414|Hatice Bulut:1:13856|Esin Taş:2:25448|Serap Kara:6:20756|Levent Aksoy:4:50232|Can Şimşek:1:12795|Can Kaya:1:13743|Onur Aksoy:1:13648|Ahmet Öztürk:1:12511|Songül Çelik:1:14406|Halil Yıldırım:2:24926|Cengiz Tunç:1:15070|Özlem Özkan:1:13743|Can Yıldız:2:27295|Can Demir:1:14027|Emine Uysal:1:14406|Sevgi Yavuz:1:14027|Fatma Kalkan:1:12227|Yasemin Doğan:2:27675|Songül Erdoğan:3:37059|Yusuf Demir:1:13364|Ebru Çetin:1:13743|Selin Uçar:1:14406|Ercan Yavuz:2:28623|İbrahim Özkan:3:36015|Hatice Bulut:1:14502|Esin Taş:2:26633|Ercan Turan:1:15354|Yusuf Aydın:1:14312,22679008,85,2158143,5,1462,366,40.41569053399032,40.899123484535096,none,5826880
Atak,22,2192,2017,3,15391,12894,2497,62041,2063,486,0,0,2096,38376340,22741382,15422435,4796150,1043933,1117441,1306045,0,43936,7114930,1989738759,1317060397,11458192,661220170,669397504,871350,975095872,1409415,0,1161732,212500960,0,3.9863013698630136,0.0,2.0,0.9863013698630136,1.0,664.8237858739726,700.4109589506849,394.7513075041096,392.78194273424657,661.0379825945205,1.5303907506849315,25.25076946575342,1.0,1.0,1.0,1.0,none,0:1.0500|1:0.9300|2:1.0300|3:0.9400|4:0.9500|5:1.1000|6:0.8200|,Serap Kara:6:20756|Levent Aksoy:4:50232|Can Şimşek:1:12795|Can Kaya:1:13743|Onur Aksoy:1:13648|Ahmet Öztürk:1:12511|Songül Çelik:1:14406|Halil Yıldırım:2:24926|Cengiz Tunç:1:15070|Özlem Özkan:1:13743|Can Yıldız:2:27295|Can Demir:1:14027|Emine Uysal:1:14406|Sevgi Yavuz:1:14027|Fatma Kalkan:1:12227|Yasemin Doğan:2:27675|Songül Erdoğan:3:37059|Yusuf Demir:1:13364|Ebru Çetin:1:13743|Selin Uçar:1:14406|Ercan Yavuz:2:28623|İbrahim Özkan:3:36015|Hatice Bulut:1:14502|Esin Taş:2:26633|Ercan Turan:1:15354|Yusuf Aydın:1:14312|Hüseyin Çelik:1:15260|Tuğba Bulut:2:25969|Serap Kara:6:21731|Levent Aksoy:4:52593|Can Şimşek:1:13397|Can Kaya:1:14389|Onur Aksoy:1:14290|Ahmet Öztürk:1:13099|Songül Çelik:1:15083|Halil Yıldırım:2:26099|Cengiz Tunç:1:15778|Özlem Özkan:1:14389|Can Yıldız:2:28579|Can Demir:1:14687|Emine Uysal:1:15083|Sevgi Yavuz:1:14687|Fatma Kalkan:1:12801|Yasemin Doğan:2:28976|Songül Erdoğan:3:38799|Yusuf Demir:1:13992|Ebru Çetin:1:14389|Selin Uçar:1:15083|Ercan Yavuz:2:29968|İbrahim Özkan:3:37708|Hatice Bulut:1:15183|Esin Taş:2:27885|Ercan Turan:1:16076|Yusuf Aydın:1:14984|Hüseyin Çelik:1:15976|Tuğba Bulut:2:27190|Serap Kara:6:23450|Levent Aksoy:4:56753|Can Şimşek:1:14456|Can Kaya:1:15527|Onur Aksoy:1:15419|Ahmet Öztürk:1:14134|Songül Çelik:1:16277|Halil Yıldırım:2:28162|Cengiz Tunç:1:17026|Özlem Özkan:1:15527|Can Yıldız:2:30839|Can Demir:1:15848|Emine Uysal:1:16277|Sevgi Yavuz:1:15848|Fatma Kalkan:1:13813|Yasemin Doğan:2:31267|Songül Erdoğan:3:41868|Yusuf Demir:1:15098|Ebru Çetin:1:15527|Selin Uçar:1:16277|Ercan Yavuz:2:32339|İbrahim Özkan:3:40691|Hatice Bulut:1:16383|Esin Taş:2:30090|Ercan Turan:1:17347|Yusuf Aydın:1:16169|Hüseyin Çelik:1:17239|Tuğba Bulut:2:29340,22855708,128,2389668,6,1828,365,40.18735241557689,40.623167237439866,none,4725262
Atak,22,2557,2018,3,14745,11795,2950,55294,3159,435,0,0,2268,39116412,23867458,15012467,5435900,1188125,1267091,1481008,0,25565,5614778,963769520,246342282,12934783,704492455,704492455,510046,1397650349,1619115,0,1436247,245140132,0,4.0,0.0,2.0,1.0,1.0,754.3237857561645,794.2739727178082,461.92801972876714,458.17795768767127,750.5283935150685,1.7351105068493151,24.108103484931505,0.9786301369863013,0.9786301369863013,1.1612945205479452,0.9241715178082193,1,0:1.0500|1:0.9300|2:1.0300|3:0.9400|4:0.9500|5:1.1000|6:0.8200|,Serap Kara:6:23450|Levent Aksoy:4:56753|Can Şimşek:1:14456|Can Kaya:1:15527|Onur Aksoy:1:15419|Ahmet Öztürk:1:14134|Songül Çelik:1:16277|Halil Yıldırım:2:28162|Cengiz Tunç:1:17026|Özlem Özkan:1:15527|Can Yıldız:2:30839|Can Demir:1:15848|Emine Uysal:1:16277|Sevgi Yavuz:1:15848|Fatma Kalkan:1:13813|Yasemin Doğan:2:31267|Songül Erdoğan:3:41868|Yusuf Demir:1:15098|Ebru Çetin:1:15527|Selin Uçar:1:16277|Ercan Yavuz:2:32339|İbrahim Özkan:3:40691|Hatice Bulut:1:16383|Esin Taş:2:30090|Ercan Turan:1:17347|Yusuf Aydın:1:16169|Hüseyin Çelik:1:17239|Tuğba Bulut:2:29340|Serap Kara:6:25335|Levent Aksoy:4:61314|Can Şimşek:1:15618|Can Kaya:1:16774|Onur Aksoy:1:16659|Ahmet Öztürk:1:15271|Songül Çelik:1:17584|Halil Yıldırım:2:30425|Cengiz Tunç:1:18393|Özlem Özkan:1:16774|Can Yıldız:2:33318|Can Demir:1:17122|Emine Uysal:1:17584|Sevgi Yavuz:1:17122|Fatma Kalkan:1:14923|Yasemin Doğan:2:33781|Songül Erdoğan:3:45233|Yusuf Demir:1:16312|Ebru Çetin:1:16774|Selin Uçar:1:17584|Ercan Yavuz:2:34937|İbrahim Özkan:3:43960|Hatice Bulut:1:17700|Esin Taş:2:32508|Ercan Turan:1:18741|Yusuf Aydın:1:17468|Hüseyin Çelik:1:18625|Tuğba Bulut:2:31698|Serap Kara:6:26986|Levent Aksoy:4:65308|Can Şimşek:1:16635|Can Kaya:1:17868|Onur Aksoy:1:17744|Ahmet Öztürk:1:16266|Songül Çelik:1:18730|Halil Yıldırım:2:32407|Cengiz Tunç:1:19593|Özlem Özkan:1:17868|Can Yıldız:2:35488|Can Demir:1:18237|Emine Uysal:1:18730|Sevgi Yavuz:1:18237|Fatma Kalkan:1:15896|Yasemin Doğan:2:35981|Songül Erdoğan:3:48180|Yusuf Demir:1:17374|Ebru Çetin:1:17868|Selin Uçar:1:18730|Ercan Yavuz:2:37213|İbrahim Özkan:3:46824|Hatice Bulut:1:18853|Esin Taş:2:34626|Ercan Turan:1:19963|Yusuf Aydın:1:18607|Hüseyin Çelik:1:19839|Tuğba Bulut:2:33763,23531468,157,2745225,7,2193,365,38.37894692386408,38.76263370566899,none|0|1,2869553
Atak,22,2922,2019,3,14199,11047,3152,51776,3848,438,0,0,2327,42350748,25452274,16628422,6024500,1320532,1444980,1688986,71036,107131,6042293,1014569338,303587272,12341597,698640469,698640469,596066,1419355656,1848330,0,1749627,278767485,0,3.989041095890411,0.0,2.0,0.989041095890411,1.0,855.3854295561644,905.5118305863014,515.1337484630137,512.8215441643836,854.6454545589041,1.9788475369863014,23.747182723287672,0.9298630136986301,0.9298630136986301,1.0565136986301369,0.8512328767123287,2,0:1.0500|1:0.9300|2:1.0300|3:0.9400|4:0.9500|5:1.1000|6:0.8200|,Serap Kara:6:26986|Levent Aksoy:4:65308|Can Şimşek:1:16635|Can Kaya:1:17868|Onur Aksoy:1:17744|Ahmet Öztürk:1:16266|Songül Çelik:1:18730|Halil Yıldırım:2:32407|Cengiz Tunç:1:19593|Özlem Özkan:1:17868|Can Yıldız:2:35488|Can Demir:1:18237|Emine Uysal:1:18730|Sevgi Yavuz:1:18237|Fatma Kalkan:1:15896|Yasemin Doğan:2:35981|Songül Erdoğan:3:48180|Yusuf Demir:1:17374|Ebru Çetin:1:17868|Selin Uçar:1:18730|Ercan Yavuz:2:37213|İbrahim Özkan:3:46824|Hatice Bulut:1:18853|Esin Taş:2:34626|Ercan Turan:1:19963|Yusuf Aydın:1:18607|Hüseyin Çelik:1:19839|Tuğba Bulut:2:33763|Serap Kara:6:28772|Levent Aksoy:4:69630|Can Şimşek:1:17736|Can Kaya:1:19050|Onur Aksoy:1:18919|Ahmet Öztürk:1:17342|Songül Çelik:1:19970|Halil Yıldırım:2:34552|Cengiz Tunç:1:20889|Özlem Özkan:1:19050|Can Yıldız:2:37837|Can Demir:1:19444|Emine Uysal:1:19970|Sevgi Yavuz:1:19444|Fatma Kalkan:1:16948|Yasemin Doğan:2:38362|Songül Erdoğan:3:51369|Yusuf Demir:1:18524|Ebru Çetin:1:19050|Selin Uçar:1:19970|Ercan Yavuz:2:39677|İbrahim Özkan:3:49924|Hatice Bulut:1:20101|Esin Taş:2:36917|Ercan Turan:1:21283|Yusuf Aydın:1:19838|Hüseyin Çelik:1:21152|Tuğba Bulut:2:35998|Serap Kara:6:30240|Levent Aksoy:4:73184|Can Şimşek:1:18641|Can Kaya:1:20023|Onur Aksoy:1:19884|Ahmet Öztürk:1:18227|Songül Çelik:1:20989|Halil Yıldırım:2:36316|Cengiz Tunç:1:21956|Özlem Özkan:1:20023|Can Yıldız:2:39768|Can Demir:1:20437|Emine Uysal:1:20989|Sevgi Yavuz:1:20437|Fatma Kalkan:1:17813|Yasemin Doğan:2:40320|Songül Erdoğan:3:53991|Yusuf Demir:1:19470|Ebru Çetin:1:20023|Selin Uçar:1:20989|Ercan Yavuz:2:41701|İbrahim Özkan:3:52472|Hatice Bulut:1:21126|Esin Taş:2:38802|Ercan Turan:1:22370|Yusuf Aydın:1:20851|Hüseyin Çelik:1:22231|Tuğba Bulut:2:37835,23045776,189,3133857,8,2558,365,39.26358514376181,39.777586727155,1|none|2,2908436
Atak,22,3288,2020,3,11144,8647,2497,43096,2075,124,0,0,2092,39310940,23162868,15698818,7575380,1669354,1611135,1883192,241314,160341,2799416,1031122540,220628628,8669836,801824076,801824076,135456,1449500166,2072664,0,2101041,313009513,0,4.0,0.0,2.0,1.0,1.0,951.9895676693989,1007.1417039398907,566.0525336721312,562.5707898825136,950.0740188688525,2.2003299945355193,21.424690653005463,1.0,1.0,1.0,1.0,2,0:1.0500|1:0.9300|2:1.0300|3:0.9400|4:0.9500|5:1.1000|6:0.8200|,Serap Kara:6:30240|Levent Aksoy:4:73184|Can Şimşek:1:18641|Can Kaya:1:20023|Onur Aksoy:1:19884|Ahmet Öztürk:1:18227|Songül Çelik:1:20989|Halil Yıldırım:2:36316|Cengiz Tunç:1:21956|Özlem Özkan:1:20023|Can Yıldız:2:39768|Can Demir:1:20437|Emine Uysal:1:20989|Sevgi Yavuz:1:20437|Fatma Kalkan:1:17813|Yasemin Doğan:2:40320|Songül Erdoğan:3:53991|Yusuf Demir:1:19470|Ebru Çetin:1:20023|Selin Uçar:1:20989|Ercan Yavuz:2:41701|İbrahim Özkan:3:52472|Hatice Bulut:1:21126|Esin Taş:2:38802|Ercan Turan:1:22370|Yusuf Aydın:1:20851|Hüseyin Çelik:1:22231|Tuğba Bulut:2:37835|Serap Kara:6:31807|Levent Aksoy:4:76977|Can Şimşek:1:19607|Can Kaya:1:21059|Onur Aksoy:1:20914|Ahmet Öztürk:1:19171|Songül Çelik:1:22076|Halil Yıldırım:2:38198|Cengiz Tunç:1:23092|Özlem Özkan:1:21059|Can Yıldız:2:41829|Can Demir:1:21495|Emine Uysal:1:22076|Sevgi Yavuz:1:21495|Fatma Kalkan:1:18735|Yasemin Doğan:2:42409|Songül Erdoğan:3:56789|Yusuf Demir:1:20478|Ebru Çetin:1:21059|Selin Uçar:1:22076|Ercan Yavuz:2:43862|İbrahim Özkan:3:55190|Hatice Bulut:1:22221|Esin Taş:2:40812|Ercan Turan:1:23529|Yusuf Aydın:1:21931|Hüseyin Çelik:1:23383|Tuğba Bulut:2:39795|Serap Kara:6:34922|Levent Aksoy:4:84514|Can Şimşek:1:21527|Can Kaya:1:23122|Onur Aksoy:1:22963|Ahmet Öztürk:1:21049|Songül Çelik:1:24238|Halil Yıldırım:2:41938|Cengiz Tunç:1:25354|Özlem Özkan:1:23122|Can Yıldız:2:45925|Can Demir:1:23601|Emine Uysal:1:24238|Sevgi Yavuz:1:23601|Fatma Kalkan:1:20570|Yasemin Doğan:2:46562|Songül Erdoğan:3:62349|Yusuf Demir:1:22484|Ebru Çetin:1:23122|Selin Uçar:1:24238|Ercan Yavuz:2:48157|İbrahim Özkan:3:60595|Hatice Bulut:1:24397|Esin Taş:2:44808|Ercan Turan:1:25833|Yusuf Aydın:1:24079|Hüseyin Çelik:1:25674|Tuğba Bulut:2:43692,18422752,169,3514218,9,2923,366,39.934985019437335,40.54004866272795,2,-714802
Atak,22,3653,2021,3,12984,9375,3609,45837,3856,227,0,0,2776,45793259,26800833,18653703,8301200,1833142,1870918,2186729,96688,212771,4248943,1762741793,768772785,10256446,983712562,983712562,1142694,1978610694,2492082,0,2523573,374702908,0,4.0,0.0,2.0,1.0,1.0,1112.1083437123289,1172.6245329205478,658.2752180547945,651.5516811561644,1105.0597757917808,2.561577063013699,20.95815848767123,0.9683561643835616,0.9683561643835616,1.0,0.9540753424657534,3,0:1.0500|1:0.9300|2:1.0300|3:0.9400|4:0.9500|5:1.1000|6:0.8200|,Serap Kara:6:34922|Levent Aksoy:4:84514|Can Şimşek:1:21527|Can Kaya:1:23122|Onur Aksoy:1:22963|Ahmet Öztürk:1:21049|Songül Çelik:1:24238|Halil Yıldırım:2:41938|Cengiz Tunç:1:25354|Özlem Özkan:1:23122|Can Yıldız:2:45925|Can Demir:1:23601|Emine Uysal:1:24238|Sevgi Yavuz:1:23601|Fatma Kalkan:1:20570|Yasemin Doğan:2:46562|Songül Erdoğan:3:62349|Yusuf Demir:1:22484|Ebru Çetin:1:23122|Selin Uçar:1:24238|Ercan Yavuz:2:48157|İbrahim Özkan:3:60595|Hatice Bulut:1:24397|Esin Taş:2:44808|Ercan Turan:1:25833|Yusuf Aydın:1:24079|Hüseyin Çelik:1:25674|Tuğba Bulut:2:43692|Serap Kara:6:38379|Levent Aksoy:4:92881|Can Şimşek:1:23658|Can Kaya:1:25411|Onur Aksoy:1:25235|Ahmet Öztürk:1:23133|Songül Çelik:1:26638|Halil Yıldırım:2:46089|Cengiz Tunç:1:27864|Özlem Özkan:1:25411|Can Yıldız:2:50471|Can Demir:1:25937|Emine Uysal:1:26638|Sevgi Yavuz:1:25937|Fatma Kalkan:1:22607|Yasemin Doğan:2:51172|Songül Erdoğan:3:68522|Yusuf Demir:1:24709|Ebru Çetin:1:25411|Selin Uçar:1:26638|Ercan Yavuz:2:52925|İbrahim Özkan:3:66593|Hatice Bulut:1:26813|Esin Taş:2:49245|Ercan Turan:1:28391|Yusuf Aydın:1:26462|Hüseyin Çelik:1:28214|Tuğba Bulut:2:48018|Serap Kara:6:43822|Levent Aksoy:4:106053|Can Şimşek:1:27014|Can Kaya:1:29014|Onur Aksoy:1:28814|Ahmet Öztürk:1:26413|Songül Çelik:1:30416|Halil Yıldırım:2:52626|Cengiz Tunç:1:31816|Özlem Özkan:1:29014|Can Yıldız:2:57629|Can Demir:1:29614|Emine Uysal:1:30416|Sevgi Yavuz:1:29614|Fatma Kalkan:1:25813|Yasemin Doğan:2:58429|Songül Erdoğan:3:78240|Yusuf Demir:1:28214|Ebru Çetin:1:29014|Selin Uçar:1:30416|Ercan Yavuz:2:60430|İbrahim Özkan:3:76038|Hatice Bulut:1:30615|Esin Taş:2:56227|Ercan Turan:1:32416|Yusuf Aydın:1:30215|Hüseyin Çelik:1:32216|Tuğba Bulut:2:54827,23968306,186,4225329,10,3289,365,40.734604628161534,40.80835542898581,2|none|3,23614
Atak,23,366,2012,3,23369,20966,2403,114690,2900,1442,0,227,1686,44644180,31144973,13272470,3003870,658080,761950,890631,0,60616,7897323,9072105,5326602,645930,3099573,3115377,1003292,8847663,921726,0,156276,0,0,3.7568306010928962,1.0,2.0,0.2540983606557377,0.5027322404371585,432.85829615027325,476.3158222868853,296.97454056557376,298.093144568306,436.2957029644809,1.040633426229508,38.82202939617486,1.0,1.0,1.0,1.0,none,0:1.0500|1:0.9300|2:1.0300|3:0.9400|4:0.9500|5:1.1000|6:0.8200|,,31496552,5,1562793,1,1,366,29.729451856882577,31.392203128186182,none,6334530
Atak,23,731,2013,3,20765,18550,2215,96711,2754,1226,0,39,1653,40822198,25625274,14982299,4047450,875444,818544,956726,0,28483,8255652,134263280,85553647,9945577,38764056,38764056,954284,102521296,994875,0,324951,15782568,0,4.895890410958904,1.0,2.0,0.8958904109589041,1.0,477.656288909589,513.0136986821918,297.6912827205479,297.5178082547945,479.9463263260274,1.1210992712328767,34.4205862520548,1.0,1.0,1.0,1.0,none,0:1.0500|1:0.9300|2:1.0300|3:0.9400|4:0.9500|5:1.1000|6:0.8200|,Nazlı Yılmaz:6:14134|Serap Karaca:4:35507|Nazlı Yılmaz:6:14661|Serap Karaca:4:36830|Nazlı Yılmaz:6:15234|Serap Karaca:4:38270,25871360,21,1686825,2,367,365,36.701353023666194,37.676674706800505,none,6568827
Atak,23,1096,2014,3,20919,18283,2636,88150,2985,1249,0,52,1951,42784315,26015688,16557281,4786150,1041663,878505,1026742,0,6880,8817341,454445515,302195736,20419492,131830287,131830287,979066,181328718,1077786,0,507687,20212486,0,5.0,1.0,2.0,1.0,1.0,520.5728518958905,550.8779577835616,316.75927782465754,316.1439601150685,519.9073474356164,1.2031732383561644,28.773857243835614,1.0,1.0,1.0,1.0,none,0:1.0500|1:0.9300|2:1.0300|3:0.9400|4:0.9500|5:1.1000|6:0.8200|,Nazlı Yılmaz:6:15234|Serap Karaca:4:38270|Nazlı Yılmaz:6:15839|Serap Karaca:4:39789|Nazlı Yılmaz:6:16497|Serap Karaca:4:41442,26255346,32,1827393,3,732,365,38.69941823306041,39.1517869840807,none,6989948
Atak,23,1461,2015,3,20450,17809,2641,83688,2973,1064,0,38,2030,43871621,26194521,17460058,5059900,1103283,947218,1107115,0,4387,9238155,931257848,648246570,16462460,266548818,266548818,924820,359410630,1175322,0,706959,24223591,0,5.0,1.0,2.0,1.0,1.0,563.6108342630138,593.7247819671232,337.0681195369863,336.3824408575342,560.8951432547946,1.2972740301369863,27.346108123287674,1.0,1.0,1.0,1.0,none,0:1.0500|1:0.9300|2:1.0300|3:0.9400|4:0.9500|5:1.1000|6:0.8200|,Nazlı Yılmaz:6:16497|Serap Karaca:4:41442|Nazlı Yılmaz:6:17192|Serap Karaca:4:43187|Nazlı Yılmaz:6:17946|Serap Karaca:4:45084|Murat Yıldırım:1:12745|Ercan Kaplan:1:12832|Arzu Er:1:14046|Esra Arslan:1:12571|Songül Özdemir:2:25577,26459854,51,1992768,4,1097,365,39.79806900684157,40.194882879116086,none,7245387
Atak,23,1827,2016,3,19748,16871,2877,79227,3054,1084,0,9,2280,45714119,27306484,18183377,5388230,1177112,1029472,1203307,0,44151,9341105,1510960189,1033899015,15529715,461531459,453571531,1116906,757579704,1282614,0,924423,120751423,0,4.9890710382513666,1.0,2.0,0.9890710382513661,1.0,609.755961215847,643.6040734808743,364.0033531748634,363.0618479918033,607.493542046448,1.4059911885245902,25.51169806010929,1.0,1.0,1.0,1.0,none,0:1.0500|1:0.9300|2:1.0300|3:0.9400|4:0.9500|5:1.1000|6:0.8200|,Nazlı Yılmaz:6:17946|Serap Karaca:4:45084|Murat Yıldırım:1:12745|Ercan Kaplan:1:12832|Arzu Er:1:14046|Esra Arslan:1:12571|Songül Özdemir:2:25577|Ufuk Yavuz:1:13005|İbrahim Soylu:1:13438|Hatice Erdoğan:1:13266|Alper Aksoy:1:12139|Erdem Güler:1:13525|Nazlı Yılmaz:6:18746|Serap Karaca:4:47093|Murat Yıldırım:1:13313|Ercan Kaplan:1:13404|Arzu Er:1:14672|Esra Arslan:1:13132|Songül Özdemir:2:26716|Ufuk Yavuz:1:13584|İbrahim Soylu:1:14037|Hatice Erdoğan:1:13856|Alper Aksoy:1:12679|Erdem Güler:1:14128|Alper Uçar:1:13493|Tolga Öztürk:2:25629|Barış Şimşek:3:40029|Gülay Soylu:1:13493|Ufuk Er:1:13313|Seda Yavuz:1:12679|Ahmet Özkan:2:25901|Zeynep Aksoy:1:12407|Emine Duman:2:27621|Erdem Bulut:3:40029|Dilek Çelik:1:13856|Nazlı Yılmaz:6:20063|Serap Karaca:4:50399|Murat Yıldırım:1:14248|Ercan Kaplan:1:14345|Arzu Er:1:15701|Esra Arslan:1:14053|Songül Özdemir:2:28591|Ufuk Yavuz:1:14538|İbrahim Soylu:1:15022|Hatice Erdoğan:1:14829|Alper Aksoy:1:13569|Erdem Güler:1:15120|Alper Uçar:1:14442|Tolga Öztürk:2:27429|Barış Şimşek:3:42839|Gülay Soylu:1:14442|Ufuk Er:1:14248|Seda Yavuz:1:13569|Ahmet Özkan:2:27719|Zeynep Aksoy:1:13278|Emine Duman:2:29560|Erdem Bulut:3:42839|Dilek Çelik:1:14829|Tuğba Sarı:1:12697|Halil Koç:1:13569|Elif Arslan:2:28010,27580574,92,2174679,5,1462,366,39.77628224662932,40.30343673081203,none,7166426
Atak,23,2192,2017,3,18990,15782,3208,73625,4322,824,0,3,2294,46796592,28462862,18092393,6176200,1354656,1149744,1343854,0,24835,8043104,1218532793,627899288,18952598,571680907,579640835,1025300,979296197,1463058,0,1172481,209144553,0,5.0,1.0,2.0,1.0,1.0,685.1326276575343,720.7440847123287,417.8488171178082,415.2108343917808,680.4244085616439,1.5744647369863014,24.361507663013697,0.9857534246575342,0.9857534246575342,1.1473150684931506,0.9384180931506849,1,0:1.0500|1:0.9300|2:1.0300|3:0.9400|4:0.9500|5:1.1000|6:0.8200|,Nazlı Yılmaz:6:20063|Serap Karaca:4:50399|Murat Yıldırım:1:14248|Ercan Kaplan:1:14345|Arzu Er:1:15701|Esra Arslan:1:14053|Songül Özdemir:2:28591|Ufuk Yavuz:1:14538|İbrahim Soylu:1:15022|Hatice Erdoğan:1:14829|Alper Aksoy:1:13569|Erdem Güler:1:15120|Alper Uçar:1:14442|Tolga Öztürk:2:27429|Barış Şimşek:3:42839|Gülay Soylu:1:14442|Ufuk Er:1:14248|Seda Yavuz:1:13569|Ahmet Özkan:2:27719|Zeynep Aksoy:1:13278|Emine Duman:2:29560|Erdem Bulut:3:42839|Dilek Çelik:1:14829|Tuğba Sarı:1:12697|Halil Koç:1:13569|Elif Arslan:2:28010|Nazlı Yılmaz:6:21486|Serap Karaca:4:53975|Murat Yıldırım:1:15259|Ercan Kaplan:1:15361|Arzu Er:1:16816|Esra Arslan:1:15050|Songül Özdemir:2:30620|Ufuk Yavuz:1:15570|İbrahim Soylu:1:16089|Hatice Erdoğan:1:15881|Alper Aksoy:1:14532|Erdem Güler:1:16192|Alper Uçar:1:15466|Tolga Öztürk:2:29374|Barış Şimşek:3:45879|Gülay Soylu:1:15466|Ufuk Er:1:15259|Seda Yavuz:1:14532|Ahmet Özkan:2:29685|Zeynep Aksoy:1:14220|Emine Duman:2:31658|Erdem Bulut:3:45879|Dilek Çelik:1:15881|Tuğba Sarı:1:13597|Halil Koç:1:14532|Elif Arslan:2:29998|Nazlı Yılmaz:6:22885|Serap Karaca:4:57492|Murat Yıldırım:1:16252|Ercan Kaplan:1:16362|Arzu Er:1:17911|Esra Arslan:1:16032|Songül Özdemir:2:32616|Ufuk Yavuz:1:16584|İbrahim Soylu:1:17137|Hatice Erdoğan:1:16916|Alper Aksoy:1:15478|Erdem Güler:1:17247|Alper Uçar:1:16474|Tolga Öztürk:2:31289|Barış Şimşek:3:48868|Gülay Soylu:1:16474|Ufuk Er:1:16252|Seda Yavuz:1:15478|Ahmet Özkan:2:31620|Zeynep Aksoy:1:15147|Emine Duman:2:33721|Erdem Bulut:3:48868|Dilek Çelik:1:16916|Tuğba Sarı:1:14483|Halil Koç:1:15478|Elif Arslan:2:31952,28450654,131,2480625,6,1828,365,38.66177477197485,39.011981001921974,none|0|1,5562479
Atak,23,2557,2018,3,18567,14853,3714,70438,5340,799,0,5,2573,50949478,30894271,19776701,7109250,1564652,1303122,1523125,2070,100132,8176420,1455910914,725215018,15182444,715513452,715513452,1249496,1250744981,1658136,0,1453617,237423005,0,4.926027397260274,1.0,2.0,0.9260273972602739,1.0,772.363013649315,816.881693660274,466.9070983671233,465.7679949780822,770.3993773342465,1.784531112328767,24.865733753424657,0.9227397260273973,0.9227397260273973,1.0704931506849316,0.836986301369863,2,0:1.0500|1:0.9300|2:1.0300|3:0.9400|4:0.9500|5:1.1000|6:0.8200|,Nazlı Yılmaz:6:22885|Serap Karaca:4:57492|Murat Yıldırım:1:16252|Ercan Kaplan:1:16362|Arzu Er:1:17911|Esra Arslan:1:16032|Songül Özdemir:2:32616|Ufuk Yavuz:1:16584|İbrahim Soylu:1:17137|Hatice Erdoğan:1:16916|Alper Aksoy:1:15478|Erdem Güler:1:17247|Alper Uçar:1:16474|Tolga Öztürk:2:31289|Barış Şimşek:3:48868|Gülay Soylu:1:16474|Ufuk Er:1:16252|Seda Yavuz:1:15478|Ahmet Özkan:2:31620|Zeynep Aksoy:1:15147|Emine Duman:2:33721|Erdem Bulut:3:48868|Dilek Çelik:1:16916|Tuğba Sarı:1:14483|Halil Koç:1:15478|Elif Arslan:2:31952|Nazlı Yılmaz:6:24401|Serap Karaca:4:61297|Murat Yıldırım:1:17328|Ercan Kaplan:1:17445|Arzu Er:1:19097|Esra Arslan:1:17092|Songül Özdemir:2:34774|Ufuk Yavuz:1:17682|İbrahim Soylu:1:18271|Hatice Erdoğan:1:18036|Alper Aksoy:1:16503|Erdem Güler:1:18388|Alper Uçar:1:17564|Tolga Öztürk:2:33359|Barış Şimşek:3:52102|Gülay Soylu:1:17564|Ufuk Er:1:17328|Seda Yavuz:1:16503|Ahmet Özkan:2:33713|Zeynep Aksoy:1:16149|Emine Duman:2:35953|Erdem Bulut:3:52102|Dilek Çelik:1:18036|Tuğba Sarı:1:15442|Halil Koç:1:16503|Elif Arslan:2:34066|Nazlı Yılmaz:6:25762|Serap Karaca:4:64714|Murat Yıldırım:1:18294|Ercan Kaplan:1:18419|Arzu Er:1:20161|Esra Arslan:1:18045|Songül Özdemir:2:36713|Ufuk Yavuz:1:18668|İbrahim Soylu:1:19290|Hatice Erdoğan:1:19041|Alper Aksoy:1:17423|Erdem Güler:1:19414|Alper Uçar:1:18543|Tolga Öztürk:2:35220|Barış Şimşek:3:55007|Gülay Soylu:1:18543|Ufuk Er:1:18294|Seda Yavuz:1:17423|Ahmet Özkan:2:35592|Zeynep Aksoy:1:17050|Emine Duman:2:37958|Erdem Bulut:3:55007|Dilek Çelik:1:19041|Tuğba Sarı:1:16304|Halil Koç:1:17423|Elif Arslan:2:35966,29994394,164,2811372,7,2193,365,38.816297587975285,39.548231839708656,1|none|2,5365048
Atak,23,2922,2019,3,14678,11854,2824,59344,2641,400,0,0,2319,49833845,29557365,19921423,8212500,1812842,1456630,1702441,123069,189080,6547930,1032863771,282525067,13501190,736837514,736837514,508120,1299252058,1867839,0,1770306,266921519,0,5.0,1.0,2.0,1.0,1.0,865.2608966684932,913.068493079452,516.0638854493151,512.7503113260274,862.7546699534247,1.994753517808219,24.072718194520547,1.0,1.0,1.0,1.0,2,0:1.0500|1:0.9300|2:1.0300|3:0.9400|4:0.9500|5:1.1000|6:0.8200|,Nazlı Yılmaz:6:25762|Serap Karaca:4:64714|Murat Yıldırım:1:18294|Ercan Kaplan:1:18419|Arzu Er:1:20161|Esra Arslan:1:18045|Songül Özdemir:2:36713|Ufuk Yavuz:1:18668|İbrahim Soylu:1:19290|Hatice Erdoğan:1:19041|Alper Aksoy:1:17423|Erdem Güler:1:19414|Alper Uçar:1:18543|Tolga Öztürk:2:35220|Barış Şimşek:3:55007|Gülay Soylu:1:18543|Ufuk Er:1:18294|Seda Yavuz:1:17423|Ahmet Özkan:2:35592|Zeynep Aksoy:1:17050|Emine Duman:2:37958|Erdem Bulut:3:55007|Dilek Çelik:1:19041|Tuğba Sarı:1:16304|Halil Koç:1:17423|Elif Arslan:2:35966|Nazlı Yılmaz:6:27219|Serap Karaca:4:68379|Murat Yıldırım:1:19330|Ercan Kaplan:1:19462|Arzu Er:1:21303|Esra Arslan:1:19067|Songül Özdemir:2:38792|Ufuk Yavuz:1:19725|İbrahim Soylu:1:20383|Hatice Erdoğan:1:20119|Alper Aksoy:1:18409|Erdem Güler:1:20514|Alper Uçar:1:19593|Tolga Öztürk:2:37214|Barış Şimşek:3:58123|Gülay Soylu:1:19593|Ufuk Er:1:19330|Seda Yavuz:1:18409|Ahmet Özkan:2:37609|Zeynep Aksoy:1:18015|Emine Duman:2:40106|Erdem Bulut:3:58123|Dilek Çelik:1:20119|Tuğba Sarı:1:17226|Halil Koç:1:18409|Elif Arslan:2:38003|Nazlı Yılmaz:6:29498|Serap Karaca:4:74101|Murat Yıldırım:1:20947|Ercan Kaplan:1:21091|Arzu Er:1:23085|Esra Arslan:1:20663|Songül Özdemir:2:42038|Ufuk Yavuz:1:21375|İbrahim Soylu:1:22088|Hatice Erdoğan:1:21803|Alper Aksoy:1:19950|Erdem Güler:1:22230|Alper Uçar:1:21233|Tolga Öztürk:2:40328|Barış Şimşek:3:62986|Gülay Soylu:1:21233|Ufuk Er:1:20947|Seda Yavuz:1:19950|Ahmet Özkan:2:40756|Zeynep Aksoy:1:19523|Emine Duman:2:43463|Erdem Bulut:3:62986|Dilek Çelik:1:21803|Tuğba Sarı:1:18668|Halil Koç:1:19950|Elif Arslan:2:41183,25967242,156,3166932,8,2558,365,39.975689212823134,40.35742428251276,2,3380998
Atak,23,3288,2020,3,15445,11712,3733,56486,5166,470,0,3,2506,53173261,31425484,21429263,9223980,2040653,1679207,1962846,27331,249000,6273577,1608401362,691530764,14122088,902748510,902748510,1081200,1676328464,2209221,0,2144877,315991392,0,4.972677595628415,1.0,2.0,0.9726775956284153,1.0,993.8828863387979,1049.3771734644808,590.3076254043716,586.6366120081967,990.8807750300546,2.292878341530055,20.648966857923497,0.9718579234972677,0.9718579234972677,1.0,0.9593237704918033,3,0:1.0500|1:0.9300|2:1.0300|3:0.9400|4:0.9500|5:1.1000|6:0.8200|,Nazlı Yılmaz:6:29498|Serap Karaca:4:74101|Murat Yıldırım:1:20947|Ercan Kaplan:1:21091|Arzu Er:1:23085|Esra Arslan:1:20663|Songül Özdemir:2:42038|Ufuk Yavuz:1:21375|İbrahim Soylu:1:22088|Hatice Erdoğan:1:21803|Alper Aksoy:1:19950|Erdem Güler:1:22230|Alper Uçar:1:21233|Tolga Öztürk:2:40328|Barış Şimşek:3:62986|Gülay Soylu:1:21233|Ufuk Er:1:20947|Seda Yavuz:1:19950|Ahmet Özkan:2:40756|Zeynep Aksoy:1:19523|Emine Duman:2:43463|Erdem Bulut:3:62986|Dilek Çelik:1:21803|Tuğba Sarı:1:18668|Halil Koç:1:19950|Elif Arslan:2:41183|Nazlı Yılmaz:6:32007|Serap Karaca:4:80403|Murat Yıldırım:1:22730|Ercan Kaplan:1:22884|Arzu Er:1:25049|Esra Arslan:1:22420|Songül Özdemir:2:45613|Ufuk Yavuz:1:23193|İbrahim Soylu:1:23966|Hatice Erdoğan:1:23657|Alper Aksoy:1:21647|Erdem Güler:1:24121|Alper Uçar:1:23039|Tolga Öztürk:2:43758|Barış Şimşek:3:68343|Gülay Soylu:1:23039|Ufuk Er:1:22730|Seda Yavuz:1:21647|Ahmet Özkan:2:44221|Zeynep Aksoy:1:21183|Emine Duman:2:47160|Erdem Bulut:3:68343|Dilek Çelik:1:23657|Tuğba Sarı:1:20255|Halil Koç:1:21647|Elif Arslan:2:44686|Nazlı Yılmaz:6:36712|Serap Karaca:4:92223|Murat Yıldırım:1:26070|Ercan Kaplan:1:26248|Arzu Er:1:28731|Esra Arslan:1:25716|Songül Özdemir:2:52319|Ufuk Yavuz:1:26603|İbrahim Soylu:1:27490|Hatice Erdoğan:1:27135|Alper Aksoy:1:24830|Erdem Güler:1:27667|Alper Uçar:1:26426|Tolga Öztürk:2:50191|Barış Şimşek:3:78390|Gülay Soylu:1:26426|Ufuk Er:1:26070|Seda Yavuz:1:24830|Ahmet Özkan:2:50722|Zeynep Aksoy:1:24298|Emine Duman:2:54092|Erdem Bulut:3:78390|Dilek Çelik:1:27135|Tuğba Sarı:1:23233|Halil Koç:1:24830|Elif Arslan:2:51255,29620386,169,3745746,9,2923,366,40.300825258770566,40.60591710368321,2|none|3,2527831
Atak,23,3653,2021,3,16699,11704,4995,56207,7430,612,0,3,3140,63618335,37812039,25448951,12105650,2689728,2108417,2464509,0,329939,5750708,2098919718,874507464,19502984,1204909270,1204909270,1440200,2265163496,2867598,0,2631075,407322844,0,5.0,1.0,2.0,1.0,1.0,1250.7764633452055,1321.2758406630137,750.2718554082193,742.4810709726028,1245.0597758465753,2.886108224657534,19.820754273972604,0.95,0.95,1.0,0.925,3,0:1.0500|1:0.9300|2:1.0300|3:0.9400|4:0.9500|5:1.1000|6:0.8200|,Nazlı Yılmaz:6:36712|Serap Karaca:4:92223|Murat Yıldırım:1:26070|Ercan Kaplan:1:26248|Arzu Er:1:28731|Esra Arslan:1:25716|Songül Özdemir:2:52319|Ufuk Yavuz:1:26603|İbrahim Soylu:1:27490|Hatice Erdoğan:1:27135|Alper Aksoy:1:24830|Erdem Güler:1:27667|Alper Uçar:1:26426|Tolga Öztürk:2:50191|Barış Şimşek:3:78390|Gülay Soylu:1:26426|Ufuk Er:1:26070|Seda Yavuz:1:24830|Ahmet Özkan:2:50722|Zeynep Aksoy:1:24298|Emine Duman:2:54092|Erdem Bulut:3:78390|Dilek Çelik:1:27135|Tuğba Sarı:1:23233|Halil Koç:1:24830|Elif Arslan:2:51255|Nazlı Yılmaz:6:42171|Serap Karaca:4:105934|Murat Yıldırım:1:29946|Ercan Kaplan:1:30151|Arzu Er:1:33003|Esra Arslan:1:29540|Songül Özdemir:2:60097|Ufuk Yavuz:1:30558|İbrahim Soylu:1:31577|Hatice Erdoğan:1:31169|Alper Aksoy:1:28520|Erdem Güler:1:31780|Alper Uçar:1:30354|Tolga Öztürk:2:57653|Barış Şimşek:3:90045|Gülay Soylu:1:30354|Ufuk Er:1:29946|Seda Yavuz:1:28520|Ahmet Özkan:2:58265|Zeynep Aksoy:1:27909|Emine Duman:2:62134|Erdem Bulut:3:90045|Dilek Çelik:1:31169|Tuğba Sarı:1:26688|Halil Koç:1:28520|Elif Arslan:2:58875|Nazlı Yılmaz:6:47781|Serap Karaca:4:120032|Murat Yıldırım:1:33932|Ercan Kaplan:1:34163|Arzu Er:1:37394|Esra Arslan:1:33471|Songül Özdemir:2:68095|Ufuk Yavuz:1:34625|İbrahim Soylu:1:35779|Hatice Erdoğan:1:35317|Alper Aksoy:1:32317|Erdem Güler:1:36009|Alper Uçar:1:34393|Tolga Öztürk:2:65324|Barış Şimşek:3:102027|Gülay Soylu:1:34393|Ufuk Er:1:33932|Seda Yavuz:1:32317|Ahmet Özkan:2:66018|Zeynep Aksoy:1:31623|Emine Duman:2:70403|Erdem Bulut:3:102027|Dilek Çelik:1:35317|Tuğba Sarı:1:30239|Halil Koç:1:32317|Elif Arslan:2:66710,37016952,174,4862025,10,3289,365,40.00254172008746,40.015512172205824,3,888683
