tarz,tohum,gun,takvim_yili,ay,musteri,alan,kaybolan,satilan_adet,pahali_istek,bos_raf_istek,rafta_yok_istek,bekleme_kaybi,kart_kaybi,ciro_kurus,mal_maliyeti_kurus,brut_kar_kurus,ucret_kurus,sgk_kurus,kira_kurus,isletme_kurus,fire_kurus,aile_diger_gider_kurus,aile_favok_kurus,sirket_favok_kurus,sirket_net_kurus,faiz_kurus,vergi_kurus,vergi_odeme_kurus,toptanci_vade_kurus,kasa_kurus,patron_net_maas_kurus,patron_net_kar_payi_kurus,servet_kurus,mudur_gunluk_maliyet_kurus,aile_mudur_gunluk_maliyet_kurus,calisan,kasiyer,gorevli,ik,musavir,raf_ortalama_kurus,liste_ortalama_kurus,alis_ortalama_kurus,stok_maliyeti_ortalama_kurus,bot_hedef_ortalama_kurus,liste_duzeyi,yerel_pay,butce_carpani,donem_butce,donem_ithal_carpani,donem_talep_carpani,donem,rakip_fiyatlari,mudurler,siparis_kurus,magaza,patron_sirket_maliyeti_kurus,ilk_gun,oynanan_gun,brut_marj_yuzde,raf_alis_marj_yuzde,donemler,aile_mudur_patron_sonrasi_favok_kurus
Temkinli,21,25,2011,3,1342,1222,120,5546,184,68,0,0,94,2336440,1718088,609045,168750,37975,50012,55000,0,9845,287463,166188,113440,0,52748,57593,461764,138381,71527,0,12127,0,0,3.0,1.0,2.0,0.0,0.0,446.51818184,457.7272730000001,320.86909091999996,329.18909096000004,449.8,1.0,28.99997088,1.0,1.0,1.0,1.0,none,0:1.0000|1:0.9100|2:1.0300|3:0.9400|4:0.9500|5:1.1000|6:0.8200|,,1993368,1,121275,1,25,26.067221927376693,28.13974794984354,none,166188
Temkinli,21,55,2011,4,1589,1422,167,6631,205,66,0,2,140,2727650,1910675,792488,202500,45570,60374,66390,0,9994,407660,286385,198427,0,87958,97952,868888,690922,71527,0,24254,0,0,3.0,1.0,2.0,0.0,0.0,449.7727271333333,459.09090899999995,312.1742424,314.46515153333337,443.69393933333333,1.00592,27.8167803,1.0,1.0,1.0,1.0,none,0:1.0000|1:0.9150|2:1.0300|3:0.9400|4:0.9500|5:1.1000|6:0.8200|,,1913858,1,121275,26,30,29.053874214067054,30.592892016892517,none,286385
Temkinli,21,86,2011,5,1753,1602,151,7342,226,75,0,2,127,2985445,2086757,877897,209250,47089,62821,69099,0,7963,481675,360400,236479,0,123921,131884,965502,1038615,71527,0,36381,0,0,3.0,1.0,2.0,0.0,0.0,447.3093839032258,464.31818200000004,310.05278596774195,311.42228741935486,447.3240469032258,1.01307,29.632555032258065,1.0,1.0,1.0,1.0,none,0:1.0000|1:0.9100|2:1.0300|3:0.9300|4:0.9500|5:1.1000|6:0.8200|,,2087964,1,121275,56,31,29.405900962838036,30.68493594696841,none,360400
Temkinli,21,116,2011,6,1609,1468,141,6892,182,44,0,0,119,2609465,1744786,850546,202500,45570,61245,77460,0,7256,456515,324215,221440,0,102775,110031,768616,1064829,78030,0,49611,0,0,3.0,1.0,2.0,0.0,0.0,460.92424216666666,466.818182,307.56363626666666,308.7651515333334,455.06666666666666,1.020512,28.1891393,1.0,1.0,1.0,1.0,none,0:1.0000|1:0.9250|2:1.0300|3:0.9400|4:0.9500|5:1.1000|6:0.8200|,,1754802,1,132300,87,30,32.594650627619075,33.272410489649616,none,324215
Temkinli,21,147,2011,7,1715,1565,150,7640,187,76,0,0,129,2823350,1950385,854240,222750,50220,63751,80600,0,11517,425402,367886,260227,0,107659,92527,857376,1418790,78030,0,62841,0,0,3.0,1.0,2.0,0.0,0.0,460.21994154838706,470.227273,321.1451612580645,317.48826987096777,457.0630498387097,1.027766,27.837997548387097,1.0,1.0,1.0,1.0,none,0:1.0000|1:0.9300|2:1.0300|3:0.9400|4:0.9500|5:1.1000|6:0.8200|,,1984280,1,132300,117,31,30.25625586625817,30.21919906869146,none,293102
Temkinli,21,178,2011,8,1882,1712,170,8948,150,101,0,8,150,3269525,2302718,949668,223200,50220,64216,81189,0,9395,521448,551934,442478,0,109456,135150,1087400,2047355,78030,0,76071,0,0,3.0,1.0,2.0,0.0,0.0,459.13489738709677,474.090909,321.4149560967742,321.13049841935486,457.34604106451616,1.035317,29.44815664516129,1.0,1.0,1.0,1.0,none,0:1.0500|1:0.9250|2:1.0300|3:0.9350|4:0.9450|5:1.1000|6:0.8200|,,2339472,1,132300,148,31,29.04605409042598,29.995528999010258,none,389148
Temkinli,21,208,2011,9,1619,1462,157,6997,263,83,0,0,134,3061280,2096329,944488,216000,48600,62595,68820,0,12444,536029,470846,360687,0,110159,122603,894972,2256584,78030,0,89301,0,0,3.0,1.0,2.0,0.0,0.0,464.8409093,477.272727,315.24242426666666,317.01666670000003,461.44696976666665,1.042922,28.098190666666667,1.0,1.0,1.0,1.0,none,0:1.0500|1:0.9300|2:1.0300|3:0.9400|4:0.9500|5:1.1000|6:0.8200|,,2075816,1,132300,179,30,30.85271520409763,32.18272790547038,none,403729
Temkinli,21,239,2011,10,1708,1550,158,7606,247,77,0,2,130,3144570,2167638,953665,223200,50220,65146,71641,0,7906,535552,403252,263059,0,140193,148099,0,1606794,78030,0,102531,0,0,3.0,1.0,2.0,0.0,0.0,464.25953074193546,481.136364,318.7580646129032,317.7331377419355,466.085044,1.050335,30.968369225806452,1.0,1.0,1.0,1.0,none,0:1.0500|1:0.9300|2:1.0300|3:0.9400|4:0.9500|5:1.1000|6:0.8200|,,2207230,1,132300,209,31,30.32735795355168,31.34054478030977,none,403252
Temkinli,21,269,2011,11,1695,1541,154,7337,216,110,0,9,113,3078675,2132553,931589,163200,36720,63495,69840,0,0,598334,466034,347648,0,118386,118386,0,1975640,78030,0,115761,0,0,2.2666666666666666,0.26666666666666666,2.0,0.0,0.0,468.02272716666664,484.545455,322.41515150000004,320.87878793333334,469.02878799999996,1.058051,30.546697933333334,1.0,1.0,1.0,1.0,none,0:1.0500|1:0.9300|2:1.0300|3:0.9400|4:0.9500|5:1.1000|6:0.8200|,,2124442,1,132300,240,30,30.259413546412013,31.11121901027139,none,466034
Temkinli,21,300,2011,12,1678,1521,157,6962,307,118,0,3,119,3338410,2266289,1055266,148800,33480,66077,79949,0,9109,717851,580039,446750,0,133289,137048,0,2418794,81281,0,129542,0,0,2.0,0.0,2.0,0.0,0.0,478.8856304193548,487.5,321.85190606451613,321.5806451935484,474.43401758064516,1.065572,27.99313635483871,1.0,1.0,1.0,1.0,none,0:1.0500|1:0.9300|2:1.0300|3:0.9400|4:0.9500|5:1.1000|6:0.8200|,,2286740,1,137812,270,31,31.60983821639643,32.791488067271096,none,580039
Temkinli,21,331,2012,1,1637,1488,149,7265,302,91,0,0,121,3412780,2307564,1087568,155700,34875,66569,80538,0,9264,740622,781386,591720,0,189666,195780,0,2980114,81281,0,143323,0,0,2.064516129032258,0.0,2.0,0.0,0.06451612903225806,480.0733136451613,491.81818200000004,321.5571847096774,321.44134896774193,477.48240474193545,1.0734,28.610654870967743,1.0,1.0,1.0,1.0,none,0:1.0500|1:0.9300|2:1.0300|3:0.9400|4:0.9500|5:1.1000|6:0.8200|,,2355612,1,137812,301,31,31.86750977209196,33.01915029016768,none,602810
Temkinli,21,360,2012,2,1591,1421,170,7152,248,109,0,2,131,3248190,2266332,970115,158050,32625,62623,75777,0,0,641040,541013,425408,0,115605,115605,0,3402481,81281,0,157104,0,0,3.0,0.0,2.0,0.0,1.0,478.1583072068965,494.3181819999999,332.4576803103448,329.2993730344828,477.78683386206893,1.079586,30.32586020689655,1.0,1.0,1.0,1.0,none,0:1.0500|1:0.9300|2:1.0300|3:0.9400|4:0.9500|5:1.1000|6:0.8200|,,2281116,1,137812,332,29,29.866325553616015,30.471211040469868,none,503228
Temkinli,21,391,2012,3,1913,1725,188,9903,261,106,0,11,151,4124975,3031917,1077663,168950,34875,67313,74028,0,0,732497,271262,141636,0,129626,129626,0,3478021,81281,0,170885,0,0,3.0,0.0,2.0,0.0,1.0,452.2507328064516,496.590909,329.4090909677419,330.0337242903226,442.62316683870966,1.085405,35.121624483870974,1.0,1.0,1.0,1.0,none,0:1.0500|1:0.9100|2:1.0300|3:0.9200|4:0.9300|5:1.1000|6:0.8200|,,2994696,1,137812,361,31,26.12532197164831,27.162286963342932,none,594685
Temkinli,21,421,2012,4,1747,1582,165,8199,168,121,0,6,136,3274935,2398967,855482,163500,33750,65502,72060,0,0,520670,319876,233306,0,86570,86570,0,3609044,81281,0,184666,0,0,3.0,0.0,2.0,0.0,1.0,443.9166665666667,499.318182,323.03939396666664,324.97575756666663,438.81060613333335,1.09166,36.33677026666667,1.0,1.0,1.0,1.0,none,0:1.0500|1:0.9100|2:1.0300|3:0.9200|4:0.9300|5:1.1000|6:0.8200|,,2452256,2,137812,392,30,26.122106240276526,27.229721635568943,none,382858
Temkinli,21,452,2012,5,1855,1666,189,8790,194,129,0,5,155,3509315,2622706,870507,168950,34875,68058,74865,0,0,523759,578562,430529,0,148033,148033,0,4006364,81281,0,198447,0,0,3.0,0.0,2.0,0.0,1.0,444.090909,502.045455,332.6627565806451,330.4926686774194,441.02785941935485,1.097747,37.369046806451614,1.0,1.0,1.0,1.0,none,0:1.0500|1:0.9100|2:1.0300|3:0.9200|4:0.9300|5:1.1000|6:0.8200|,,2640618,2,137812,422,31,24.805610211679486,25.091293282780278,none,385947
Temkinli,21,482,2012,6,1789,1599,190,9262,128,84,0,6,164,3387860,2504561,870186,163500,33750,66252,83790,0,0,522894,666336,501496,0,164840,164840,0,4504220,84532,0,212779,0,0,3.0,0.0,2.0,0.0,1.0,444.09090899999995,505.227273,329.11818193333335,329.9848484666667,443.6636362,1.104074,38.71549326666666,1.0,1.0,1.0,1.0,none,0:1.0500|1:0.9100|2:1.0300|3:0.9200|4:0.9300|5:1.1000|6:0.8200|,,2516892,2,143325,453,30,25.68541793344471,25.889457481928915,none,379569
Temkinli,21,513,2012,7,1932,1721,211,10694,151,116,0,9,174,3859295,2813167,1018277,174950,36270,68833,87079,0,0,651145,461239,242698,0,218541,218541,0,4598546,84532,0,227111,0,0,3.0,0.0,2.0,0.0,1.0,448.5117301935484,508.18181799999996,327.0205278064516,328.10850445161293,449.71407603225805,1.11023,39.090267806451614,1.0,1.0,1.0,1.0,none,0:1.0500|1:0.9150|2:1.0300|3:0.9250|4:0.9350|5:1.1000|6:0.8200|,,2865656,2,143325,483,31,26.385052192174996,27.087630982286488,none,507820
Temkinli,21,544,2012,8,1651,1477,174,7785,144,99,0,8,146,3132415,2187311,930648,175150,36270,69236,87575,0,0,562417,438781,316267,0,122514,122514,0,4837360,84532,0,241443,0,0,3.0,0.0,2.0,0.0,1.0,471.4956011935484,510.909091,329.82258058064514,328.93108519354837,476.71407616129034,1.116629,33.312776322580646,1.0,1.0,1.0,1.0,none,0:1.0500|1:0.9300|2:1.0300|3:0.9400|4:0.9500|5:1.1000|6:0.8200|,,2183526,3,143325,514,31,29.71023954361092,30.047580561572758,none,419092
Temkinli,21,574,2012,9,1611,1436,175,7674,190,108,0,4,143,3322330,2331296,976584,169500,35100,67393,74130,0,0,630461,850519,557191,0,293328,232789,0,5434543,84532,0,255775,0,0,3.0,0.0,2.0,0.0,1.0,485.3863638,514.090909,336.2545453666666,334.5045454333333,486.540909,1.123064,32.073940066666665,1.0,1.0,1.0,1.0,none,0:1.0500|1:0.9300|2:1.0300|3:0.9400|4:0.9500|5:1.1000|6:0.8200|,,2370430,3,143325,545,30,29.394551414218334,30.724352712714882,none,487136
Temkinli,21,605,2012,10,1681,1505,176,7853,193,84,0,0,160,3467515,2396629,1055667,187150,38970,70042,77035,0,23431,659039,964846,690008,0,274838,335377,0,6080136,84532,0,270107,0,0,3.096774193548387,0.0,2.0,0.0967741935483871,1.0,476.8035191290323,516.818182,324.460410516129,327.4266863548387,480.4164223225806,1.129326,33.39185929032258,1.0,1.0,1.0,1.0,none,0:1.0500|1:0.9300|2:1.0300|3:0.9400|4:0.9500|5:1.1000|6:0.8200|,,2392914,3,143325,575,31,30.44448257613882,31.95091950898044,none,515714
Temkinli,21,635,2012,11,1562,1392,170,7558,166,124,0,0,149,3214980,2176251,1021958,289500,62100,68172,74970,0,0,527216,430042,176275,0,253767,253767,0,6182218,84532,0,284439,0,0,4.0,0.0,2.0,1.0,1.0,489.2878786,520.227273,326.5333332,326.10606046666663,490.52424236666667,1.135835,33.22478123333333,1.0,1.0,1.0,1.0,none,0:1.0500|1:0.9300|2:1.0300|3:0.9400|4:0.9500|5:1.1000|6:0.8200|,,2196862,3,143325,606,30,31.78738281420102,33.263555570943176,none,383891
Temkinli,21,666,2012,12,1538,1373,165,6700,186,123,0,2,142,3291405,2255645,1018646,299150,64170,70818,85684,0,0,498824,667243,427251,0,239992,239992,0,6532714,87784,0,299323,0,0,4.0,0.0,2.0,1.0,1.0,497.0234603548387,522.727273,338.2727272903226,335.3856304516129,499.61143687096774,1.142168,30.04135090322581,1.0,1.0,1.0,1.0,none,0:1.0500|1:0.9300|2:1.0300|3:0.9400|4:0.9500|5:1.1000|6:0.8200|,,2271482,4,148837,636,31,30.948667818150607,31.940289689983558,none,349987
Temkinli,21,697,2013,1,1481,1337,144,6331,155,94,0,0,125,3112560,2081791,1015711,305150,65565,71252,86180,0,0,487564,722564,442863,0,279701,279701,0,6901100,87784,0,314207,0,0,4.0,0.0,2.0,1.0,1.0,505.5645161612903,525.454545,331.1730203870968,332.4354839354839,504.4237536451613,1.148751,29.17313270967742,1.0,1.0,1.0,1.0,none,0:1.0500|1:0.9300|2:1.0300|3:0.9400|4:0.9500|5:1.1000|6:0.8200|,,2097960,4,148837,667,31,32.63265607731257,34.494409753740975,none,338727
Temkinli,21,725,2013,2,1317,1171,146,5558,128,98,0,0,126,2787895,1846204,919465,275800,59220,64749,78316,0,0,441380,922373,636912,0,285461,285461,0,7450456,87784,0,329091,0,0,4.0,0.0,2.0,1.0,1.0,510.2110388928572,528.863636,333.6672078214286,332.89772725,507.7256493571429,1.155828,28.554909285714285,1.0,1.0,1.0,1.0,none,0:1.0500|1:0.9300|2:1.0300|3:0.9400|4:0.9500|5:1.1000|6:0.8200|,,1861714,5,148837,698,28,32.980617993145366,34.60211904754619,none,292543
Temkinli,21,756,2013,3,1547,1400,147,7282,124,98,0,0,132,3255215,2161019,1082560,305350,65565,72089,79267,0,0,560289,961365,513919,0,447446,387810,0,7950575,87784,0,343975,0,0,4.0,0.0,2.0,1.0,1.0,504.34750758064513,531.818182,330.21114358064517,331.30791787096774,505.96920829032257,1.162259,31.296368,1.0,1.0,1.0,1.0,none,0:1.0500|1:0.9300|2:1.0300|3:0.9400|4:0.9500|5:1.1000|6:0.8200|,,2185154,5,148837,726,31,33.25617509135341,34.527059494222954,none,411452
Temkinli,21,786,2013,4,1484,1327,157,6841,151,81,0,0,143,3124705,2007037,1102983,295500,63450,70184,77190,0,0,596659,1441258,1015525,0,425733,485369,0,8819376,87784,0,358859,0,0,4.0,0.0,2.0,1.0,1.0,516.2196967666666,535.454545,329.42121196666665,330.3227273,514.5818182,1.16942,27.3268918,1.0,1.0,1.0,1.0,none,0:1.0500|1:0.9300|2:1.0300|3:0.9400|4:0.9500|5:1.1000|6:0.8200|,,2015360,6,148837,757,30,35.29878820560661,36.18584993366373,none,447822
Temkinli,21,817,2013,5,1473,1320,153,6371,178,65,0,0,134,2936195,1913776,1004811,305350,65565,72957,80228,0,0,480711,1059156,654111,0,405045,405045,0,9375778,87784,0,373743,0,0,4.0,0.0,2.0,1.0,1.0,515.777126032258,538.409091,338.363636,335.5234603870968,517.290322483871,1.176391,28.369067354838712,1.0,1.0,1.0,1.0,none,0:1.0500|1:0.9300|2:1.0300|3:0.9400|4:0.9500|5:1.1000|6:0.8200|,,1924058,6,148837,787,31,34.221535013852964,34.39731641398191,none,331874
Temkinli,21,847,2013,6,1478,1314,164,6391,155,61,0,0,148,2712350,1740863,956465,295500,63450,71024,89850,0,0,436641,-12739,-403915,0,391176,315158,855380,9625098,92660,0,389453,1109650,0,4.0,0.0,2.0,1.0,1.0,527.2272729666666,542.045455,340.2636364,338.5621213,526.9681816333334,1.183639,27.33245713333333,1.0,1.0,1.0,1.0,none,0:1.0500|1:0.9300|2:1.0300|3:0.9400|4:0.9500|5:1.1000|6:0.8200|,Emine Uçar:4:39567,1800080,7,157106,818,30,35.263332534518035,35.46167775324612,none,279535
Temkinli,21,878,2013,7,1600,1406,194,6996,139,67,0,0,172,2957330,1935028,1001235,314350,67642,73826,93372,0,0,452045,174098,-216011,0,390109,466127,889110,9376720,92660,0,405163,1281571,0,4.0,0.0,2.0,1.0,1.0,522.4926687419354,545.0,343.090909,341.02052783870965,523.2844575483871,1.190696,28.060275967741937,1.0,1.0,1.0,1.0,none,0:1.0500|1:0.9300|2:1.0300|3:0.9400|4:0.9500|5:1.1000|6:0.8200|,Emine Uçar:4:41341,1955104,7,157106,848,31,33.85604582511928,34.335746791223166,none,294939
Temkinli,21,909,2013,8,1417,1273,144,6117,144,60,0,0,125,2666605,1694262,959717,314650,67642,74291,93961,0,0,409173,326646,-67784,0,394430,394430,707560,9123553,92660,0,420873,1281571,0,4.0,0.0,2.0,1.0,1.0,537.4560119677419,549.090909,345.090909,343.43255125806456,535.120234451613,1.198032,24.107281935483872,1.0,1.0,1.0,1.0,none,0:1.0500|1:0.9300|2:1.0300|3:0.9400|4:0.9500|5:1.1000|6:0.8200|,Emine Uçar:4:41341,1709716,7,157106,879,31,35.99021977383227,35.79178550137563,none,252067
Temkinli,21,939,2013,9,1384,1222,162,5749,154,72,0,0,140,2898515,1875096,1003432,304500,65460,72344,79560,0,0,481568,993067,454751,0,538316,538316,894684,9797302,92660,0,436583,1240230,0,4.0,0.0,2.0,1.0,1.0,526.9469697333333,551.590909,339.454545,341.07575756666665,530.4151514333333,1.205414,25.94985773333333,1.0,1.0,1.0,1.0,none,0:1.0500|1:0.9300|2:1.0300|3:0.9400|4:0.9500|5:1.1000|6:0.8200|,Emine Uçar:4:41341,1865424,7,157106,910,30,34.6188306770881,35.580890583395075,none,324462
Temkinli,21,970,2013,10,1353,1209,144,5420,174,59,0,0,125,2709835,1703091,994559,314650,67642,75190,82708,0,0,454369,642265,213612,0,428653,428653,788158,9871884,92660,0,452293,1281571,0,4.0,0.0,2.0,1.0,1.0,544.3401758387097,555.227273,343.227273,341.93548387096774,539.5718475483872,1.2126,23.529835838709676,1.0,1.0,1.0,1.0,none,0:1.0500|1:0.9300|2:1.0300|3:0.9400|4:0.9500|5:1.1000|6:0.8200|,Emine Uçar:4:41341,1750902,7,157106,940,31,36.701828709128044,36.94618030514439,none,297263
Temkinli,21,1000,2013,11,1431,1285,146,5820,183,52,0,0,125,3014455,1900086,1096342,304500,65460,73215,80520,0,0,572647,1028581,582751,0,445830,445830,893268,10569357,92660,0,468003,1240230,0,4.0,0.0,2.0,1.0,1.0,544.3106059666667,558.409091,342.954545,342.30757579999994,544.2666666333333,1.220071,23.8781606,1.0,1.0,1.0,1.0,none,0:1.0500|1:0.9300|2:1.0300|3:0.9400|4:0.9500|5:1.1000|6:0.8200|,Emine Uçar:4:41341,1922184,7,157106,971,30,36.36949299292907,36.992860098522065,none,415541
Temkinli,21,1031,2013,12,1323,1139,184,5078,211,63,0,0,155,2791515,1735813,1044999,314650,67642,76120,92070,0,0,494517,1271384,649954,0,621430,621430,760026,11089957,95911,0,484264,1283503,0,4.0,0.0,2.0,1.0,1.0,551.8035190967743,562.045455,340.81818200000004,341.4824047741935,548.1671553225807,1.227345,22.846494258064514,1.0,1.0,1.0,1.0,none,0:1.0500|1:0.9300|2:1.0300|3:0.9400|4:0.9500|5:1.1000|6:0.8200|,Emine Uçar:4:41341,1738098,7,162619,1001,31,37.43483377305871,38.23559107454189,none,331898
Temkinli,21,1062,2014,1,1309,1139,170,5164,237,51,0,0,137,3010320,1905400,1089793,320650,69037,76586,92628,0,0,530892,927078,438223,0,488855,488855,803510,11538100,95911,0,500525,1341463,0,4.0,0.0,2.0,1.0,1.0,555.9384163870967,565.227273,353.545455,349.620234516129,548.9516128709678,1.234907,22.106450096774193,1.0,1.0,1.0,1.0,none,0:1.0500|1:0.9300|2:1.0300|3:0.9400|4:0.9500|5:1.1000|6:0.8200|,Emine Uçar:4:43273,1940214,7,162619,1032,31,36.20189880145632,36.40564411835351,none,368273
Temkinli,21,1090,2014,2,1260,1089,171,4768,237,63,0,0,147,2836660,1783794,1036580,289800,62356,69623,84224,0,0,530577,1051658,554476,0,497182,497182,0,11339093,95911,0,516786,1211644,0,4.0,0.0,2.0,1.0,1.0,558.1818179642858,569.545455,347.136364,348.93668832142856,554.5162338571429,1.243005,22.47488792857143,1.0,1.0,1.0,1.0,none,0:1.0500|1:0.9300|2:1.0300|3:0.9400|4:0.9500|5:1.1000|6:0.8200|,Emine Uçar:4:43273,1761552,7,162619,1063,28,36.542271544703986,37.80944616468842,none,367958
Temkinli,21,1121,2014,3,1290,1123,167,5144,208,40,0,0,142,2699530,1711052,974632,320850,69037,77547,85281,0,0,421917,642741,116698,0,526043,526043,0,11499059,95911,0,533047,1341463,0,4.0,0.0,2.0,1.0,1.0,557.6319649354839,572.954545,355.454545,352.8401759032258,555.3900293548387,1.250366,23.745667032258066,1.0,1.0,1.0,1.0,none,0:1.0500|1:0.9200|2:1.0300|3:0.9300|4:0.9400|5:1.1000|6:0.8200|,Emine Uçar:4:43273,1759674,7,162619,1091,31,36.103766211155275,36.25642585946003,none,259298
Temkinli,21,1151,2014,4,1306,1129,177,5152,182,41,0,0,153,2794285,1782506,993432,310500,66810,75526,83070,0,0,457526,508648,103244,0,405404,405404,0,11583770,95911,0,549308,1298190,0,4.0,0.0,2.0,1.0,1.0,559.1515154,575.454545,359.09090899999995,356.82575756666665,557.480303,1.258565,23.397308333333335,1.0,1.0,1.0,1.0,none,0:1.0500|1:0.9300|2:1.0300|3:0.9400|4:0.9500|5:1.1000|6:0.8200|,Emine Uçar:4:43273,1813980,7,162619,1122,30,35.552279026656194,35.77931935977724,none,294907
Temkinli,21,1182,2014,5,1475,1275,200,5846,198,32,0,0,176,3016615,1942232,1060828,320850,69037,78540,86366,0,0,506035,771658,347610,0,424048,424048,0,11937059,95911,0,565569,1341463,0,4.0,0.0,2.0,1.0,1.0,557.0014661290323,579.772727,357.727273,357.4340176774193,557.6759530645162,1.266552,25.161183193548386,1.0,1.0,1.0,1.0,none,0:1.0500|1:0.9250|2:1.0300|3:0.9350|4:0.9450|5:1.1000|6:0.8200|,Emine Uçar:4:43273,1954812,7,162619,1152,31,35.16617135431601,35.77624211905923,none,343416
Temkinli,21,1212,2014,6,1392,1245,147,5914,179,40,0,0,127,2833900,1810932,1013355,310500,66810,76516,96750,0,0,462779,327032,-142100,0,469132,469132,0,11770995,100789,0,582658,1300235,0,4.0,0.0,2.0,1.0,1.0,563.5530302333334,582.954545,361.636364,359.8606061,563.7893939999999,1.274857,25.605376200000002,1.0,1.0,1.0,1.0,none,0:1.0500|1:0.9300|2:1.0300|3:0.9400|4:0.9500|5:1.1000|6:0.8200|,Emine Uçar:4:43273,1841284,7,170887,1183,30,35.75831892445041,35.82922198993977,none,291892
Temkinli,21,1243,2014,7,1527,1312,215,6140,165,36,0,0,193,3154745,2024323,1111690,329850,71145,79563,100626,0,0,530506,191277,-200679,0,391956,391956,0,11536343,100789,0,599747,1404858,0,4.0,0.0,2.0,1.0,1.0,573.8416421612903,587.954545,370.409091,367.1920820967742,571.0923752903226,1.282947,24.257288322580646,1.0,1.0,1.0,1.0,none,0:1.0500|1:0.9300|2:1.0300|3:0.9400|4:0.9500|5:1.1000|6:0.8200|,Emine Uçar:4:45318,2064228,7,170887,1213,31,35.238664297748315,35.45099139112517,none,359619
Temkinli,21,1274,2014,8,1427,1238,189,5980,154,39,0,0,163,2820270,1796260,1007342,330150,71145,80090,101277,0,0,424680,244570,-211087,0,455657,351451,0,11244918,100789,0,616836,1404858,0,4.0,0.0,2.0,1.0,1.0,570.6231671935484,590.681818,361.863636,364.7595308064516,569.0029325483871,1.291361,24.410202032258066,1.0,1.0,1.0,1.0,none,0:1.0500|1:0.9200|2:1.0300|3:0.9300|4:0.9400|5:1.1000|6:0.8200|,Emine Uçar:4:45318,1793724,7,170887,1244,31,35.71792771614065,36.58448222848613,none,253793
Temkinli,21,1304,2014,9,1284,1098,186,5051,200,44,0,0,159,2791410,1789924,986000,319500,68850,78016,85800,0,0,433834,527924,87647,0,440277,544483,453246,11675423,100789,0,633925,1359540,0,4.0,0.0,2.0,1.0,1.0,580.3484847333333,594.3181820000001,374.8984847333333,370.8075757,578.0636362666667,1.299829,23.320222233333332,1.0,1.0,1.0,1.0,none,0:1.0500|1:0.9300|2:1.0300|3:0.9400|4:0.9500|5:1.1000|6:0.8200|,Emine Uçar:4:45318,1826316,7,170887,1275,30,35.3226505601112,35.40114352058713,none,262947
Temkinli,21,1335,2014,10,1394,1213,181,5699,179,67,0,0,165,3075540,1950879,1101332,330150,71145,81113,89218,0,0,529706,852710,386833,0,465877,465877,0,11611355,100789,0,651014,1404858,0,4.0,0.0,2.0,1.0,1.0,579.8460408064517,599.318182,363.454545,366.8181818387097,580.643695,1.308077,24.624241612903226,1.0,1.0,1.0,1.0,none,0:1.0500|1:0.9200|2:1.0300|3:0.9300|4:0.9400|5:1.1000|6:0.8200|,Emine Uçar:4:45318,1953748,7,170887,1305,31,35.809386319150455,37.318784742497115,none,358819
Temkinli,21,1365,2014,11,1397,1221,176,5498,188,76,0,0,155,3240240,2079727,1147855,319500,68850,79007,86910,0,0,593588,713376,147715,0,565661,458603,0,11868874,100789,0,668103,1359540,0,4.0,0.0,2.0,1.0,1.0,583.8939393,602.272727,377.136364,373.3166667,583.1575756999999,1.316655,25.002793433333334,1.0,1.0,1.0,1.0,none,0:1.0500|1:0.9250|2:1.0300|3:0.9350|4:0.9450|5:1.1000|6:0.8200|,Emine Uçar:4:45318,2112888,7,170887,1336,30,35.42499938276177,35.4101252614252,none,422701
Temkinli,21,1396,2014,12,1301,1122,179,5188,244,51,0,0,150,3091085,1964146,1116251,330150,71145,82167,99417,0,0,533372,868010,409453,0,458557,565615,0,12268164,105665,0,686018,1407085,0,4.0,0.0,2.0,1.0,1.0,591.2170090645161,606.818182,376.636364,375.79032251612904,590.6862169354838,1.32501,22.596832193548387,1.0,1.0,1.0,1.0,none,0:1.0500|1:0.9300|2:1.0300|3:0.9400|4:0.9500|5:1.1000|6:0.8200|,Emine Uçar:4:45318,1955472,7,179156,1366,31,36.11194774650325,36.29473472085106,none,354216
Temkinli,21,1427,2015,1,1431,1220,211,5609,209,76,0,0,186,3420180,2185718,1215796,231150,48922,82696,100068,0,0,752960,1176272,721837,0,454435,454435,0,12987496,105665,0,703933,1473895,0,3.129032258064516,0.0,2.0,0.12903225806451613,1.0,587.8152490322581,610.227273,374.954545,375.2404693225806,589.0351906774193,1.3337,22.546820967741937,1.0,1.0,1.0,1.0,none,0:1.0500|1:0.9300|2:1.0300|3:0.9400|4:0.9500|5:1.1000|6:0.8200|,Emine Uçar:4:47545,2200436,7,179156,1397,31,35.547719710658505,36.2121779560327,none,573804
Temkinli,21,1455,2015,2,1168,1002,166,4648,159,61,0,0,148,2798015,1782877,997394,194600,40936,75225,91000,0,0,595633,773715,321637,0,452078,452078,0,13274007,105665,0,721848,1331260,0,3.0,0.0,2.0,0.0,1.0,596.3717532500001,614.5454550000001,383.5,380.21753239285715,595.5357143214286,1.342972,21.773697607142857,1.0,1.0,1.0,1.0,none,0:1.0500|1:0.9300|2:1.0300|3:0.9400|4:0.9500|5:1.1000|6:0.8200|,Emine Uçar:4:47545,1838676,7,179156,1428,28,35.64648509747089,35.69447279988191,none,416477
Temkinli,21,1486,2015,3,1249,1065,184,4792,183,46,0,0,152,2831900,1795718,1020245,305050,65482,83812,92163,0,29403,444335,144633,-407499,0,552132,552132,0,12706607,105665,0,739763,1473895,0,3.5161290322580645,0.0,2.0,0.5161290322580645,1.0,599.8460411612903,618.409091,377.136364,379.00586512903226,597.0029324838711,1.351403,22.20714758064516,1.0,1.0,1.0,1.0,none,0:1.0500|1:0.9300|2:1.0300|3:0.9400|4:0.9500|5:1.1000|6:0.8200|,Emine Uçar:4:47545,1818498,8,179156,1456,31,36.02687241781136,37.12780645015655,none,265179
Temkinli,21,1516,2015,4,1318,1125,193,5327,177,50,0,0,171,3048270,1933703,1093122,376500,81660,81678,89820,0,0,463464,814740,336325,0,478415,478415,0,13029347,105665,0,757678,1426350,0,4.0,0.0,2.0,1.0,1.0,599.2121214,622.954545,379.818182,379.0424242,597.9787878000001,1.360799,23.0431434,1.0,1.0,1.0,1.0,none,0:1.0500|1:0.9300|2:1.0300|3:0.9400|4:0.9500|5:1.1000|6:0.8200|,Emine Uçar:4:47545,1955298,8,179156,1487,30,35.860406066391754,36.61373519738014,none,284308
Temkinli,21,1547,2015,5,1368,1189,179,5534,180,50,0,0,161,3157850,1987338,1150133,389050,84382,84959,93434,0,0,498308,1145850,502019,0,643831,512465,0,13683579,105665,0,775593,1473895,0,4.0,0.0,2.0,1.0,1.0,603.3211143870968,626.818182,379.909091,379.3885628387096,606.2228738709678,1.369954,23.022617032258065,1.0,1.0,1.0,1.0,none,0:1.0500|1:0.9300|2:1.0300|3:0.9400|4:0.9500|5:1.1000|6:0.8200|,Emine Uçar:4:47545,1999626,8,179156,1517,31,36.42139430308596,37.030367089681114,none,319152
Temkinli,21,1577,2015,6,1353,1153,200,5964,149,15,0,0,181,2946025,1849924,1079557,376500,81660,82789,104700,0,0,433908,148477,-324796,0,473273,604639,0,12945312,110542,0,794335,1428713,0,4.0,0.0,2.0,1.0,1.0,610.5833333666667,632.045455,384.045455,381.93939396666667,610.0696969,1.379479,23.989808999999997,1.0,1.0,1.0,1.0,none,0:1.0500|1:0.9300|2:1.0300|3:0.9400|4:0.9500|5:1.1000|6:0.8200|,Emine Uçar:4:47545,1892644,8,187425,1548,30,36.64452949313058,37.10187717007769,none,246483
Temkinli,21,1608,2015,7,1352,1178,174,5745,139,12,0,0,155,2975742,1903842,1053117,398050,86490,86137,108934,0,728,372778,355346,-152074,0,507420,507420,747234,13511516,110542,0,813077,1547148,0,4.0,0.0,2.0,1.0,1.0,609.3255133225806,635.227273,393.727273,389.9061583870968,609.5469208064517,1.38876,23.930994612903223,1.0,1.0,1.0,1.0,none,0:1.0500|1:0.9300|2:1.0300|3:0.9400|4:0.9500|5:1.1000|6:0.8200|,Emine Uçar:4:49908,1904754,8,187425,1578,31,35.390064057972765,35.38309747559209,none,185353
Temkinli,21,1639,2015,8,1349,1159,190,5475,149,38,0,0,174,2847085,1831861,994046,398350,86490,86726,109678,0,1223,311579,396870,-239401,0,636271,636271,786436,13297841,110542,0,831819,1547148,0,4.0,0.0,2.0,1.0,1.0,618.6803517741936,640.909091,402.772727,398.90909093548385,620.5483870645161,1.398416,22.461395161290323,1.0,1.0,1.0,1.0,none,0:1.0500|1:0.9300|2:1.0300|3:0.9400|4:0.9500|5:1.1000|6:0.8200|,Emine Uçar:4:49908,1890806,8,187425,1609,31,34.91451783139597,34.898089805993344,none,124154
Temkinli,21,1669,2015,9,1290,1101,189,5306,199,62,0,0,167,3126824,2006200,1102044,385500,83700,84499,92940,0,1173,454232,785810,237075,0,548735,548735,837174,13604655,110542,0,850561,1497240,0,4.0,0.0,2.0,1.0,1.0,625.7272727,644.090909,401.181818,400.74090923333335,622.9499999666666,1.408139,22.040358033333334,1.0,1.0,1.0,1.0,none,0:1.0500|1:0.9300|2:1.0300|3:0.9400|4:0.9500|5:1.1000|6:0.8200|,Emine Uçar:4:49908,2024628,8,187425,1640,30,35.24483629395195,35.885515063310415,none,266807
Temkinli,21,1700,2015,10,1334,1134,200,5396,195,61,0,0,175,3216785,2033202,1166169,398350,86490,87905,96689,0,796,495939,1066287,494113,0,572174,572174,905184,14165654,110542,0,869303,1547148,0,4.0,0.0,2.0,1.0,1.0,631.5029323225806,648.8636359999999,399.227273,399.97067458064515,626.9266861935483,1.417612,21.818854838709676,1.0,1.0,1.0,1.0,none,0:1.0500|1:0.9300|2:1.0300|3:0.9400|4:0.9500|5:1.1000|6:0.8200|,Emine Uçar:4:49908,2069850,8,187425,1670,31,36.25262490343619,36.7814062981945,none,308514
Temkinli,21,1730,2015,11,1332,1160,172,5497,157,43,0,0,160,3207450,2044861,1144678,385500,83700,85669,94200,0,882,494727,1078322,381125,0,697197,697197,990608,14647618,110542,0,888045,1497240,0,4.0,0.0,2.0,1.0,1.0,626.9545455,653.863636,399.136364,399.7287879,628.8818181333334,1.427469,23.371025066666668,1.0,1.0,1.0,1.0,none,0:1.0500|1:0.9300|2:1.0300|3:0.9400|4:0.9500|5:1.1000|6:0.8200|,Emine Uçar:4:49908,2044594,8,187425,1701,30,35.688101139534524,36.337272476159114,none,307302
Temkinli,21,1761,2015,12,1349,1165,184,5323,170,79,0,0,163,3431560,2194634,1219128,398350,86490,89114,107818,0,0,537356,1258201,696084,0,562117,562117,0,14440108,117045,0,907890,1549731,0,4.0,0.0,2.0,1.0,1.0,633.2404693870967,658.181818,407.409091,404.5161290645161,633.950146516129,1.437072,23.67580112903226,1.0,1.0,1.0,1.0,none,0:1.0500|1:0.9300|2:1.0300|3:0.9400|4:0.9500|5:1.1000|6:0.8200|,Emine Uçar:4:49908,2203318,8,198450,1731,31,35.52693235729522,35.66281520283681,none,338906
Temkinli,21,1792,2016,1,1352,1143,209,5411,189,72,0,0,181,3543000,2253116,1279353,410350,89280,89735,108562,0,414,581012,1304357,581601,0,722756,567200,0,15179913,117045,0,927735,1627221,0,4.0,0.0,2.0,1.0,1.0,636.1363635806451,662.272727,406.21554264516124,405.5718474516129,637.9501465806452,1.447064,23.242018387096774,1.0,1.0,1.0,1.0,none,0:1.0500|1:0.9300|2:1.0300|3:0.9400|4:0.9500|5:1.1000|6:0.8200|,Emine Uçar:4:52491,2258276,8,198450,1762,31,36.10931414055885,36.143323051258974,none,382562
Temkinli,21,1821,2016,2,1256,1045,211,4978,190,55,0,0,187,3234155,2040479,1177021,384250,83520,84555,102312,0,395,521989,1026634,463747,0,562887,718443,0,15440437,117045,0,947580,1522239,0,4.0,0.0,2.0,1.0,1.0,648.7539185172413,667.272727,411.045455,408.6927900689655,646.0673981034483,1.4576940000000003,22.29949824137931,1.0,1.0,1.0,1.0,none,0:1.0500|1:0.9300|2:1.0300|3:0.9400|4:0.9500|5:1.1000|6:0.8200|,Emine Uçar:4:52491,2106540,8,198450,1793,29,36.39346289834594,36.640774989156995,none,323539
Temkinli,21,1852,2016,3,1421,1206,215,5778,191,57,0,0,186,3620370,2359573,1236918,410750,89280,91007,100099,0,458,545324,610008,106982,0,503026,503026,0,15545634,117045,0,967425,1627221,0,4.0,0.0,2.0,1.0,1.0,644.8313782903226,671.1363640000001,422.2873900967742,418.06451612903226,644.8181818064517,1.467709,23.572561612903225,1.0,1.0,1.0,1.0,none,0:1.0500|1:0.9300|2:1.0300|3:0.9400|4:0.9500|5:1.1000|6:0.8200|,Emine Uçar:4:52491,2404294,8,198450,1822,31,34.16551346961774,34.51196633507379,none,346874
Temkinli,21,1882,2016,4,1274,1051,223,4990,152,48,0,0,199,3227075,2089189,1121336,397500,86400,88731,97590,0,0,451115,354548,-133290,0,487838,487838,0,15395191,117045,0,987270,1574730,0,4.0,0.0,2.0,1.0,1.0,657.6136364333332,676.590909,427.727273,424.96515143333335,653.9893939333334,1.4784910000000002,21.3180807,1.0,1.0,1.0,1.0,none,0:1.0500|1:0.9300|2:1.0300|3:0.9400|4:0.9500|5:1.1000|6:0.8200|,Emine Uçar:4:52491,2132456,8,198450,1853,30,34.74775144674357,34.957663694469076,none,252665
Temkinli,21,1913,2016,5,1346,1122,224,5169,170,52,0,0,202,3289560,2151295,1115243,410750,89280,92340,101556,0,0,421317,360036,-244771,0,604807,604807,0,15124686,117045,0,1007115,1627221,0,4.0,0.0,2.0,1.0,1.0,657.0454546451613,680.909091,431.227273,428.9252199354839,651.9736071290322,1.489001,21.4995815483871,1.0,1.0,1.0,1.0,none,0:1.0500|1:0.9300|2:1.0300|3:0.9400|4:0.9500|5:1.1000|6:0.8200|,Emine Uçar:4:52491,2189134,8,198450,1883,31,33.902497598463015,34.368730511516105,none,222867
Temkinli,21,1943,2016,6,1408,1209,199,5743,141,36,0,0,183,3242685,2124458,1102634,397500,86400,90021,113850,0,369,414494,-71184,-560231,0,489047,489047,0,14287054,123547,0,1028062,1577469,0,4.0,0.0,2.0,1.0,1.0,657.0227274666667,685.6818179999999,431.045455,430.0333333666667,661.0969697333334,1.499939,23.981913066666667,1.0,1.0,1.0,1.0,none,0:1.0500|1:0.9300|2:1.0300|3:0.9400|4:0.9500|5:1.1000|6:0.8200|,Emine Uçar:4:52491,2124426,8,209475,1914,30,34.003734559477714,34.39413326506751,none,205019
Temkinli,21,1974,2016,7,1471,1259,212,6028,118,27,0,0,205,3257065,2115976,1126472,422750,92070,93673,118482,0,863,398634,259894,-409995,0,669889,536987,942834,14980709,123547,0,1049009,1712130,0,4.0,0.0,2.0,1.0,1.0,659.9266863225806,692.045455,429.272727,429.78152500000004,662.4560117419354,1.510601,24.384464806451614,1.0,1.0,1.0,1.0,none,0:1.0500|1:0.9300|2:1.0300|3:0.9400|4:0.9500|5:1.1000|6:0.8200|,Emine Uçar:4:55230,2119998,8,209475,1944,31,34.58549338131109,34.95145204808917,none,189159
Temkinli,21,2005,2016,8,1405,1202,203,5620,128,30,0,0,181,3202255,2066730,1115011,423150,92070,94356,119350,0,426,385659,266338,-286473,0,552811,685713,992016,14576579,123547,0,1069956,1712130,0,4.0,0.0,2.0,1.0,1.0,668.673020483871,696.590909,434.5,432.36363632258065,669.6803519354838,1.521698,23.793197,1.0,1.0,1.0,1.0,none,0:1.0500|1:0.9300|2:1.0300|3:0.9400|4:0.9500|5:1.1000|6:0.8200|,Emine Uçar:4:55230,2097804,8,209475,1975,31,34.81955684353682,35.02055762836322,none,176184
Temkinli,21,2035,2016,9,1311,1117,194,5635,164,45,0,0,174,3596940,2310667,1267157,409500,89100,92002,101160,0,0,575395,874907,287168,0,587739,587739,1093990,14995541,123547,0,1090903,1656900,0,4.0,0.0,2.0,1.0,1.0,673.8409094,702.272727,432.818182,432.7075759,678.6348484333333,1.5328759999999997,24.587740466666666,1.0,1.0,1.0,1.0,none,0:1.0500|1:0.9300|2:1.0300|3:0.9400|4:0.9500|5:1.1000|6:0.8200|,Emine Uçar:4:55230,2305036,8,209475,2006,30,35.22874999304965,35.768491351261375,none,365920
Temkinli,21,2066,2016,10,1296,1121,175,5338,167,48,0,0,160,3607175,2275108,1315195,423150,92070,95750,105276,0,442,598507,1015324,258995,0,756329,756329,1055722,15206899,123547,0,1111850,1712130,0,4.0,0.0,2.0,1.0,1.0,686.6568913225807,706.1363640000001,430.909091,431.6319646451613,680.3929618387097,1.543772,21.956989677419354,1.0,1.0,1.0,1.0,none,0:1.0500|1:0.9300|2:1.0300|3:0.9400|4:0.9500|5:1.1000|6:0.8200|,Emine Uçar:4:55230,2328244,8,209475,2036,31,36.46052658936703,37.24535551226768,none,389032
Temkinli,21,2096,2016,11,1289,1089,200,5170,144,42,0,0,184,3374337,2128873,1226675,409500,89100,93322,102630,0,978,531145,943531,337890,0,605641,605641,991040,15479291,123547,0,1132797,1656900,0,4.0,0.0,2.0,1.0,1.0,689.5000001999999,712.272727,435.90909100000005,433.91515146666666,688.0242424333334,1.555113,22.188701733333335,1.0,1.0,1.0,1.0,none,0:1.0500|1:0.9300|2:1.0300|3:0.9400|4:0.9500|5:1.1000|6:0.8200|,Emine Uçar:4:55230,2150732,8,209475,2067,30,36.35306728403239,36.77895708867904,none,321670
Temkinli,21,2127,2016,12,1319,1123,196,4987,190,56,0,0,181,3457000,2215064,1220753,423150,92070,97115,117490,0,0,490928,1039114,476621,0,562493,562493,0,15086264,130050,0,1154847,1715502,0,4.0,0.0,2.0,1.0,1.0,686.1730204193549,716.1363640000001,440.909091,438.2536657741935,688.4164221935484,1.566167,22.43518429032258,1.0,1.0,1.0,1.0,none,0:1.0500|1:0.9300|2:1.0300|3:0.9400|4:0.9500|5:1.1000|6:0.8200|,Emine Uçar:4:55230,2212364,8,220500,2097,31,35.312496384148105,35.743744233700966,none,270428
Temkinli,21,2158,2017,1,1313,1092,221,5013,181,65,0,0,196,3673665,2349106,1305154,435150,94860,97833,118358,0,0,558953,630621,-33055,0,663676,663676,1056666,16042642,130050,0,1176897,1816662,0,4.0,0.0,2.0,1.0,1.0,704.706745,722.5,452.272727,448.2478005806451,700.3137830322581,1.577672,21.869441903225805,1.0,1.0,1.0,1.0,none,0:1.0500|1:0.9300|2:1.0300|3:0.9400|4:0.9500|5:1.1000|6:0.8200|,Emine Uçar:4:58602,2422830,8,220500,2128,31,35.52730039347627,35.821144013599586,none,338453
Temkinli,21,2186,2017,2,1185,987,198,4438,132,45,0,0,180,3247800,2101683,1124674,393400,85680,89150,107856,0,0,448588,609111,73492,0,535619,535619,1009314,16060578,130050,0,1198947,1640856,0,4.0,0.0,2.0,1.0,1.0,704.3749999642857,729.0909089999999,456.409091,453.79707803571426,707.1931817142857,1.591718,21.98166960714286,1.0,1.0,1.0,1.0,none,0:1.0500|1:0.9300|2:1.0300|3:0.9400|4:0.9500|5:1.1000|6:0.8200|,Emine Uçar:4:58602,2126238,8,220500,2159,28,34.628794876531806,35.20367829307662,none,228088
Temkinli,21,2217,2017,3,1293,1100,193,5189,156,42,0,0,170,3595850,2311751,1267834,435550,94860,99508,109430,0,629,527857,538312,-4536,0,542848,542848,1021354,16105203,130050,0,1220997,1816662,0,4.0,0.0,2.0,1.0,1.0,709.8607038709677,733.8636359999999,457.31818200000004,455.51026396774193,706.3255131612902,1.604512,21.911562483870966,1.0,1.0,1.0,1.0,none,0:1.0500|1:0.9300|2:1.0300|3:0.9400|4:0.9500|5:1.1000|6:0.8200|,Emine Uçar:4:58602,2300796,8,220500,2187,31,35.25825604516317,35.57634906310754,none,307357
Temkinli,21,2247,2017,4,1232,1014,218,4688,165,44,0,0,200,3255501,2081409,1155346,421500,91800,97167,106830,0,403,437646,246887,-399497,0,646384,526079,1002510,15728598,130050,0,1243047,1758060,0,4.0,0.0,2.0,1.0,1.0,724.0909088333334,740.6818179999999,466.40909100000005,462.65606073333333,718.2030303666667,1.618797,20.411061033333333,1.0,1.0,1.0,1.0,none,0:1.0500|1:0.9300|2:1.0300|3:0.9400|4:0.9500|5:1.1000|6:0.8200|,Emine Uçar:4:58602,2186826,8,220500,2218,30,35.48903839992677,35.58694283961034,none,217146
Temkinli,21,2278,2017,5,1269,1073,196,5137,175,32,0,0,171,3418660,2245990,1155723,435550,94860,101245,111352,0,947,411769,468794,-78660,0,547454,667759,1043148,15599728,130050,0,1265097,1816662,0,4.0,0.0,2.0,1.0,1.0,705.4985334193549,747.272727,465.227273,464.5674488709678,707.4633430967742,1.632742,23.14040925806452,1.0,1.0,1.0,1.0,none,0:1.0500|1:0.9100|2:1.0300|3:0.9200|4:0.9300|5:1.1000|6:0.8200|,Emine Uçar:4:58602,2227604,8,220500,2248,31,33.806315924953054,34.056946830892336,none,191269
Temkinli,21,2308,2017,6,1440,1179,261,5952,106,36,0,3,243,3613295,2380411,1213252,421500,91800,98878,125040,0,489,475545,222377,-322733,0,545110,545110,1113546,15008857,138178,0,1288525,1761683,0,4.0,0.0,2.0,1.0,1.0,706.5075755666668,754.3181820000001,463.772727,464.2606060666667,707.1393939999999,1.647278,25.64669113333333,1.0,1.0,1.0,1.0,none,0:1.0500|1:0.9050|2:1.0300|3:0.9150|4:0.9250|5:1.1000|6:0.8200|,Emine Uçar:4:58602,2404606,8,234281,2279,30,33.57744108908904,34.35700577902184,none,241264
Temkinli,21,2339,2017,7,1400,1186,214,5677,141,23,0,0,198,3561525,2259879,1287278,450550,98332,103043,130324,0,0,505029,525209,-250979,0,776188,776188,1004540,14611582,138178,0,1311953,1928975,0,4.0,0.0,2.0,1.0,1.0,729.1788858387096,760.0,464.636364,464.31378316129025,724.6143694516129,1.661468,23.43533377419355,1.0,1.0,1.0,1.0,none,0:1.0500|1:0.9250|2:1.0300|3:0.9350|4:0.9450|5:1.1000|6:0.8200|,Emine Uçar:4:62225,2323486,8,234281,2309,31,36.144011343455404,36.27950931881823,none,270748
Temkinli,21,2370,2017,8,1441,1205,236,5842,97,26,0,0,221,3493345,2212574,1262018,451050,98332,103972,131471,0,554,476639,485530,-136095,0,621625,621625,978972,14514543,138178,0,1335381,1928975,0,4.0,0.0,2.0,1.0,1.0,739.6334310645162,766.818182,469.18181799999996,467.13782993548386,739.1085043870968,1.67626,23.57339829032258,1.0,1.0,1.0,1.0,none,0:1.0500|1:0.9300|2:1.0300|3:0.9400|4:0.9500|5:1.1000|6:0.8200|,Emine Uçar:4:62225,2193504,8,234281,2340,31,36.12634881467476,36.5656285540351,none,242358
Temkinli,21,2400,2017,9,1339,1119,220,5565,146,30,0,0,208,3840725,2491803,1309187,436500,95160,101490,111630,0,459,563948,373036,-253259,0,626295,626295,1160192,14382093,138178,0,1358809,1866750,0,4.0,0.0,2.0,1.0,1.0,749.098485,773.863636,489.318182,482.4575758333333,750.6272727666667,1.691183,23.513069466666664,1.0,1.0,1.0,1.0,none,0:1.0500|1:0.9300|2:1.0300|3:0.9400|4:0.9500|5:1.1000|6:0.8200|,Emine Uçar:4:62225,2584212,8,234281,2371,30,34.086975766294124,34.67905865541832,none,329667
Temkinli,21,2431,2017,10,1323,1106,217,5363,166,45,0,0,204,3866415,2470476,1370419,451050,98332,105802,116343,0,0,598892,627732,-161464,0,789196,789196,1176528,14278025,138178,0,1382237,1928975,0,4.0,0.0,2.0,1.0,1.0,765.2199413548386,781.1363640000001,487.772727,487.2595308064516,755.4956012903226,1.705752,21.999712258064516,1.0,1.0,1.0,1.0,none,0:1.0500|1:0.9300|2:1.0300|3:0.9400|4:0.9500|5:1.1000|6:0.8200|,Emine Uçar:4:62225,2461692,8,234281,2401,31,35.444177616732816,36.25718559602777,none,364611
Temkinli,21,2461,2017,11,1292,1072,220,5227,183,32,0,0,201,3681595,2352712,1305165,436500,95160,103290,113580,0,1034,555601,535561,-97130,0,632691,632691,1103310,14052836,138178,0,1405665,1866750,0,4.0,0.0,2.0,1.0,1.0,772.2954545333334,787.272727,494.772727,491.9121212333333,765.8969698,1.720938,21.2967653,1.0,1.0,1.0,1.0,none,0:1.0500|1:0.9300|2:1.0300|3:0.9400|4:0.9500|5:1.1000|6:0.8200|,Emine Uçar:4:62225,2435550,8,234281,2432,30,35.45107487379791,35.93478712120986,none,321320
Temkinli,21,2492,2017,12,1354,1125,229,5502,174,78,0,0,205,4227272,2744253,1463520,451050,98332,107662,130231,0,2766,673479,975775,222273,0,753502,607828,1270160,14702042,146306,0,1430471,1932774,0,4.0,0.0,2.0,1.0,1.0,771.2463342903226,794.545455,499.454545,496.8064516451613,770.6290321612903,1.735763,22.53907329032258,1.0,1.0,1.0,1.0,none,0:1.0500|1:0.9300|2:1.0300|3:0.9400|4:0.9500|5:1.1000|6:0.8200|,Emine Uçar:4:62225,2763874,8,248062,2462,31,34.6209091820919,35.24059398485402,none,425417
Temkinli,21,2523,2018,1,1346,1080,266,5268,173,74,0,0,234,3908170,2552628,1333871,331650,71595,108594,131378,0,0,690654,1035311,427844,0,607467,753141,1316580,15007897,146306,0,1455277,2046744,0,3.225806451612903,0.0,2.0,0.22580645161290322,1.0,763.966275516129,801.590909,494.272727,495.7404693225806,759.4692082258065,1.751216,24.969636129032256,1.0,1.0,1.0,1.0,none,0:1.0500|1:0.9200|2:1.0300|3:0.9300|4:0.9400|5:1.1000|6:0.8200|,Emine Uçar:4:66024,2583776,8,248062,2493,31,34.13032186419731,35.3017609754994,none,442592
Temkinli,21,2551,2018,2,1360,1102,258,5516,137,73,0,0,234,4191300,2731373,1436433,264600,56700,98980,119728,0,0,896425,1299424,679537,0,619887,619887,1449126,15819603,146306,0,1480083,1848672,0,3.0,0.0,2.0,0.0,1.0,765.211039,809.0909089999999,498.909091,497.36525975,764.10876625,1.766807,26.904849928571426,1.0,1.0,1.0,1.0,none,0:1.0500|1:0.9200|2:1.0300|3:0.9300|4:0.9400|5:1.1000|6:0.8200|,Emine Uçar:4:66024,2720436,8,248062,2524,28,34.271777252880966,34.80111164470538,none,648363
Temkinli,21,2582,2018,3,1489,1199,290,6196,154,54,0,0,267,4177845,2753817,1404256,292950,62775,110454,121458,0,1218,815401,1182969,576340,0,606629,606629,1239936,16235576,146306,0,1504889,2046744,0,3.0,0.0,2.0,0.0,1.0,763.101173,815.227273,499.81818200000004,498.6715542580645,764.9956011935484,1.781008,28.861435935483872,1.0,1.0,1.0,1.0,none,0:1.0500|1:0.9200|2:1.0300|3:0.9300|4:0.9400|5:1.1000|6:0.8200|,Emine Uçar:4:66024,2771388,8,248062,2552,31,33.611969807400705,34.5017148859762,none,567339
Temkinli,21,2612,2018,4,1346,1103,243,5630,142,34,0,0,226,4065824,2660723,1376753,283500,60750,107851,118590,0,465,805597,579870,-147558,0,727428,727428,1204052,15990571,146306,0,1529695,1980720,0,3.0,0.0,2.0,0.0,1.0,790.0378789,822.045455,519.227273,513.2742423666666,784.6757574999999,1.796864,25.8953931,1.0,1.0,1.0,1.0,none,0:1.0500|1:0.9300|2:1.0300|3:0.9400|4:0.9500|5:1.1000|6:0.8200|,Emine Uçar:4:66024,2747930,8,248062,2583,30,33.861598534516006,34.278179962340545,none,557535
Temkinli,21,2643,2018,5,1482,1218,264,6256,190,63,0,0,251,4495929,2943565,1531193,292950,62775,112407,123597,0,1697,937767,1157166,540785,0,616381,616381,1303636,16638772,146306,0,1554501,2046744,0,3.0,0.0,2.0,0.0,1.0,796.0410557096774,829.772727,517.772727,517.2932552580645,789.2903226774193,1.812343,24.99074351612903,1.0,1.0,1.0,1.0,none,0:1.0500|1:0.9300|2:1.0300|3:0.9400|4:0.9500|5:1.1000|6:0.8200|,Emine Uçar:4:66024,2945826,8,248062,2613,31,34.05732163475002,34.9565297811931,none,689705
Temkinli,21,2673,2018,6,1560,1279,281,6862,97,33,0,2,275,4343390,2873923,1436864,283500,60750,109741,138780,0,1792,842301,557997,-35288,0,593285,593285,1303768,16607353,156060,0,1580961,1984802,0,3.0,0.0,2.0,0.0,1.0,784.2348486333334,837.272727,509.545455,512.2121212333334,789.3939393666666,1.828478,29.961794233333332,1.0,1.0,1.0,1.0,none,0:1.0500|1:0.9200|2:1.0300|3:0.9300|4:0.9400|5:1.1000|6:0.8200|,Emine Uçar:4:66024,2908420,8,264600,2644,30,33.08162518217337,35.026420225016494,none,577701
Temkinli,21,2704,2018,7,1518,1230,288,6461,139,28,0,0,271,4281745,2813760,1450138,310950,66960,114361,144646,0,123,813098,-14107,-712826,0,698719,698719,1246692,15772132,156060,0,1607421,2173286,0,3.0,0.0,2.0,0.0,1.0,811.2536656451614,844.318182,531.8636359999999,525.0630498387097,801.1217007741936,1.84423,26.710392806451615,1.0,1.0,1.0,1.0,none,0:1.0500|1:0.9300|2:1.0300|3:0.9400|4:0.9500|5:1.1000|6:0.8200|,Emine Uçar:4:70106,2895024,8,264600,2674,31,33.86792067252954,34.43929334026151,none,548498
Temkinli,21,2735,2018,8,1499,1201,298,6298,120,29,0,0,278,4124785,2739007,1371749,311550,66960,115384,145917,0,560,731378,-109035,-663083,0,554048,554048,1085944,14970254,156060,0,1633881,2173286,0,3.0,0.0,2.0,0.0,1.0,804.3914957096774,851.590909,530.681818,529.6920820967742,809.7771260645161,1.860649,27.908293903225807,1.0,1.0,1.0,1.0,none,0:1.0500|1:0.9300|2:1.0300|3:0.9400|4:0.9500|5:1.1000|6:0.8200|,Emine Uçar:4:70106,2701360,8,264600,2705,31,33.256254568419926,34.02692335380747,none,466778
Temkinli,21,2765,2018,9,1455,1201,254,6213,120,56,0,0,245,4535680,2921399,1588168,301500,64800,112653,123900,0,2015,983300,1328084,527951,0,800133,649401,1375562,15950011,156060,0,1660341,2103180,0,3.0,0.0,2.0,0.0,1.0,819.3560606333334,859.3181820000001,523.136364,525.4833333,822.9030302666666,1.877214,26.779063833333336,1.0,1.0,1.0,1.0,none,0:1.0500|1:0.9300|2:1.0300|3:0.9400|4:0.9500|5:1.1000|6:0.8200|,Emine Uçar:4:70106,2978704,8,264600,2736,30,35.01499223931142,36.15274370514402,none,718700
Temkinli,21,2796,2018,10,1352,1104,248,5633,190,27,0,0,227,4453275,2799841,1631642,311550,66960,117430,129115,0,2782,1003805,1235025,577675,0,657350,808082,1251442,16246533,156060,0,1686801,2173286,0,3.0,0.0,2.0,0.0,1.0,841.9648094193549,866.3636359999999,529.954545,527.9105572258064,827.5234604193548,1.893385,23.3755285483871,1.0,1.0,1.0,1.0,none,0:1.0500|1:0.9300|2:1.0300|3:0.9400|4:0.9500|5:1.1000|6:0.8200|,Emine Uçar:4:70106,2820466,8,264600,2766,31,36.63914759362492,37.05739965955665,none,739205
Temkinli,21,2826,2018,11,1300,1058,242,5354,119,41,0,0,231,4155425,2708323,1420315,301500,64800,114633,126090,0,523,812769,787660,168359,0,619301,619301,1127122,16253618,156060,0,1713261,2103180,0,3.0,0.0,2.0,0.0,1.0,839.2045454333334,874.090909,551.590909,544.5878788333333,837.5515150666666,1.910241,24.485718233333333,1.0,1.0,1.0,1.0,none,0:1.0500|1:0.9300|2:1.0300|3:0.9400|4:0.9500|5:1.1000|6:0.8200|,Emine Uçar:4:70106,2771046,8,264600,2797,30,34.179777038449735,34.272173333477426,none,548169
Temkinli,21,2857,2018,12,1360,1096,264,5283,169,48,0,0,243,4484115,2879970,1584581,311550,66960,119478,144553,0,567,941473,1802405,994457,0,807948,807948,1276654,17480598,167439,0,1741650,2178884,0,3.0,0.0,2.0,0.0,1.0,840.447213967742,881.3636359999999,535.818182,540.0850439354839,840.2976539354838,1.926697,24.539124677419355,1.0,1.0,1.0,1.0,none,0:1.0500|1:0.9200|2:1.0300|3:0.9300|4:0.9400|5:1.1000|6:0.8200|,Emine Uçar:4:70106,2821578,8,283894,2827,31,35.33765302629393,36.246063631955145,none,657579
Temkinli,21,2888,2019,1,1297,1033,264,5224,165,47,0,0,236,4471433,2875306,1565417,332550,71827,120574,145824,0,1172,893470,1050747,362467,0,688280,688280,1271526,17718093,167439,0,1770039,2346824,0,3.0,0.0,2.0,0.0,1.0,853.4530792903226,889.318182,551.030791516129,546.6568916129032,851.1510264193549,1.94385,22.14647270967742,1.0,1.0,1.0,1.0,none,0:1.0500|1:0.9300|2:1.0300|3:0.9400|4:0.9500|5:1.1000|6:0.8200|,Emine Uçar:4:75704,3004304,8,283894,2858,31,35.00929120485536,35.435139331346576,none,609576
Temkinli,21,2916,2019,2,1138,898,240,4548,127,42,0,0,223,3837955,2486536,1334672,301000,64876,110195,133280,0,1174,724147,580611,-68800,0,649411,649411,1134818,17445921,167439,0,1798428,2119712,0,3.0,0.0,2.0,0.0,1.0,873.0032467857143,900.0,568.0,561.2110389642856,864.7224027142856,1.967061,21.119998714285714,1.0,1.0,1.0,1.0,none,0:1.0500|1:0.9300|2:1.0300|3:0.9400|4:0.9500|5:1.1000|6:0.8200|,Emine Uçar:4:75704,2532644,8,283894,2889,28,34.77560315324177,34.93724083028294,none,440253
Temkinli,21,2947,2019,3,1203,938,265,4373,164,30,0,0,239,3498365,2256826,1224437,333250,71827,123334,135594,0,1693,558739,350661,-428581,0,779242,636430,932124,17005332,167439,0,1826817,2346824,0,3.0,0.0,2.0,0.0,1.0,878.0278591612904,909.090909,567.954545,565.8958944193548,877.9560118709677,1.988265,20.040478387096773,1.0,1.0,1.0,1.0,none,0:1.0500|1:0.9300|2:1.0300|3:0.9400|4:0.9500|5:1.1000|6:0.8200|,Emine Uçar:4:75704,2291730,8,283894,2917,31,35.00026440923117,35.31474667073531,none,274845
Temkinli,21,2977,2019,4,1247,990,257,4751,150,29,0,0,239,3798940,2399277,1373159,322500,69510,120767,132780,0,3078,724524,849962,177040,0,672922,815734,1194858,17282518,167439,0,1855206,2271120,0,3.0,0.0,2.0,0.0,1.0,897.3484847333333,922.045455,567.863636,566.6030303666666,887.0787878333334,2.012006,19.505301499999998,1.0,1.0,1.0,1.0,none,0:1.0500|1:0.9300|2:1.0300|3:0.9400|4:0.9500|5:1.1000|6:0.8200|,Emine Uçar:4:75704,2435286,8,283894,2948,30,36.14584594650086,36.71760239626937,none,440630
Temkinli,21,3008,2019,5,1316,1042,274,5019,177,39,0,0,247,4166795,2674385,1464128,333250,71827,126249,138818,0,4232,789752,1285453,595349,0,690104,690104,1206834,17894828,167439,0,1883595,2346824,0,3.0,0.0,2.0,0.0,1.0,889.1495600967743,931.818182,570.727273,568.6554251612904,887.9222874193548,2.035252,20.766609774193547,1.0,1.0,1.0,1.0,none,0:1.0500|1:0.9200|2:1.0300|3:0.9300|4:0.9400|5:1.1000|6:0.8200|,Emine Uçar:4:75704,2672796,8,283894,2978,31,35.137989749915704,35.81200524489013,none,505858
Temkinli,21,3038,2019,6,1289,1050,239,5138,148,44,0,0,218,3968955,2532883,1415545,322500,69510,123618,156330,0,0,743587,580137,-208617,0,788754,644021,1179200,17774494,182070,0,1914465,2277247,0,3.0,0.0,2.0,0.0,1.0,899.0454547333334,942.954545,577.863636,574.6424241999999,896.8257575666667,2.059555,21.0169366,1.0,1.0,1.0,1.0,none,0:1.0500|1:0.9200|2:1.0300|3:0.9300|4:0.9400|5:1.1000|6:0.8200|,Emine Uçar:4:75704,2598428,8,308700,3009,30,35.665433344545356,35.724758636213714,none,434887
Temkinli,21,3069,2019,7,1238,975,263,4821,142,36,0,0,241,3654425,2337745,1302572,360250,78120,129226,163401,0,0,571575,-528444,-1146855,0,618411,763144,1132544,16431528,182070,0,1945335,2536761,0,3.0,0.0,2.0,0.0,1.0,918.9442815806452,953.409091,597.8445749354838,589.2609970000001,908.6891495483871,2.08335,19.256479612903227,1.0,1.0,1.0,1.0,none,0:1.0500|1:0.9300|2:1.0300|3:0.9400|4:0.9500|5:1.1000|6:0.8200|,Emine Uçar:4:81831,2380570,8,308700,3039,31,35.6436922361247,34.942238945417735,none,262875
Temkinli,21,3100,2019,8,1231,1006,225,4979,112,24,0,0,211,3994615,2580515,1381497,361150,78120,130747,165354,0,1327,644799,-656903,-1252824,0,595921,595921,1169996,15221694,182070,0,1976205,2536761,0,3.0,0.0,2.0,0.0,1.0,930.3665688709677,965.454545,605.318182,600.8445748064516,930.4824047741936,2.108227,20.39183635483871,1.0,1.0,1.0,1.0,none,0:1.0500|1:0.9300|2:1.0300|3:0.9400|4:0.9500|5:1.1000|6:0.8200|,Emine Uçar:4:81831,2584986,8,308700,3070,31,34.58398368804002,34.93766841444285,none,336099
Temkinli,21,3130,2019,9,1184,941,243,4464,157,29,0,0,225,3991935,2655445,1311049,349500,75600,128059,140790,0,1669,615431,-3567390,-4350122,0,782732,782732,1194000,10837370,182070,0,2007075,2454930,0,3.0,0.0,2.0,0.0,1.0,937.6439393333334,976.590909,637.7136365333333,622.6924242,940.3015152666667,2.133401,20.191079866666666,1.0,1.0,1.1625,0.95125,0,0:1.0500|1:0.9300|2:1.0300|3:0.9400|4:0.9500|5:1.1000|6:0.8200|,Emine Uçar:4:81831,2766282,8,308700,3101,30,32.84244357686185,31.987654398241094,none|0,306731
Temkinli,21,3161,2019,10,1255,1012,243,4655,187,61,0,0,220,4293447,2963069,1300704,361150,78120,133848,147188,0,1124,579274,-731129,-1362143,0,631014,631014,1290950,9511834,182070,0,2037945,2536761,0,3.0,0.0,2.0,0.0,1.0,950.2859238387097,987.727273,657.1363640000001,649.7624632580645,947.6832844193549,2.158049,20.605298677419356,1.0,1.0,1.25,0.925,0,0:1.0500|1:0.9300|2:1.0300|3:0.9400|4:0.9500|5:1.1000|6:0.8200|,Emine Uçar:4:81831,3028770,8,308700,3131,31,30.295098553679598,30.848563835874028,0,270574
Temkinli,21,3191,2019,11,1123,876,247,4201,218,28,0,0,214,3883550,2614171,1243476,349500,75600,131090,144120,0,3122,540044,-31402,-663663,0,632261,632261,1222916,8783464,182070,0,2068815,2454930,0,3.0,0.0,2.0,0.0,1.0,968.9924242333333,999.772727,652.363636,652.5999999333333,962.3424242666666,2.183819,18.0317377,1.0,1.0,1.25,0.925,0,0:1.0500|1:0.9300|2:1.0300|3:0.9400|4:0.9500|5:1.1000|6:0.8200|,Emine Uçar:4:81831,2667176,8,308700,3162,30,32.01905473085193,32.67608500488019,0,231344
Temkinli,21,3222,2019,12,1193,949,244,4335,240,22,0,0,207,4511338,3094817,1392243,361150,78120,137011,165726,0,3974,646262,346358,-494191,0,840549,840549,1354120,8445770,196700,0,2102165,2543328,0,3.0,0.0,2.0,0.0,1.0,966.9134895161291,1010.681818,657.454545,654.8416422258064,966.0865103225806,2.209049,18.742159387096773,1.0,1.0,1.25,0.925,0,0:1.0500|1:0.9300|2:1.0300|3:0.9400|4:0.9500|5:1.1000|6:0.8200|,Emine Uçar:4:81831,3085922,8,333506,3192,31,30.86097738630978,32.004822341551055,0,312756
Temkinli,21,3253,2020,1,1235,936,299,4436,204,41,0,0,269,4305231,2911254,1359287,388150,84382,138654,167710,0,4958,575433,-18723,-712232,0,693509,693509,1264322,7586316,196700,0,2135515,2740338,0,3.0,0.0,2.0,0.0,1.0,979.7360703225808,1023.409091,660.590909,658.2815249677419,979.8269793548387,2.235427,19.99895241935484,1.0,1.0,1.25,0.925,0,0:1.0500|1:0.9300|2:1.0300|3:0.9400|4:0.9500|5:1.1000|6:0.8200|,Emine Uçar:4:88398,2944678,8,333506,3223,31,31.57291676102862,32.57460565042801,0,241927
Temkinli,21,3282,2020,2,1113,840,273,3968,203,31,0,0,242,4117889,2794384,1291165,363950,78938,131247,158746,0,3346,554938,-196215,-889172,0,692957,692957,1231202,6687349,196700,0,2168865,2563542,0,3.0,0.0,2.0,0.0,1.0,998.5423196896552,1035.227273,676.7068967931034,669.9702194827586,1000.6708463448276,2.262121,19.194927068965516,0.9862068965517242,0.9862068965517242,1.2498275862068964,0.9227830344827587,1,0:1.0500|1:0.9300|2:1.0300|3:0.9400|4:0.9500|5:1.1000|6:0.8200|,Emine Uçar:4:88398,2860054,8,333506,3254,29,31.355021954210034,32.23052409001328,0|1,221432
Temkinli,21,3313,2020,3,1124,823,301,3939,266,8,0,0,250,3751035,2516010,1211577,389050,84382,141879,155992,0,2369,437905,-460473,-1314299,0,853826,853826,1108530,5191479,196700,0,2202215,2740338,0,3.0,0.0,2.0,0.0,1.0,1009.6480939354839,1047.045455,677.0806451290323,675.0615835806452,1006.0967741290323,2.28738,19.47833874193548,0.9,0.9,1.2341666774193547,0.8015934193548386,1,0:1.0500|1:0.9300|2:1.0300|3:0.9400|4:0.9500|5:1.1000|6:0.8200|,Emine Uçar:4:88398,2596926,8,333506,3283,31,32.299805253749966,32.93894682751736,1,104399
Temkinli,21,3343,2020,4,1271,955,316,4543,322,15,0,0,265,4167630,2868638,1276615,376500,81660,138924,152760,0,1381,525390,-597504,-1278761,0,681257,681257,1358252,4140418,196700,0,2235565,2651940,0,3.0,0.0,2.0,0.0,1.0,1011.7121212000001,1058.863636,701.6666666333333,691.4590909,1014.7621212333332,2.314693,21.442152866666667,0.9,0.9,1.20875,0.8,1,0:1.0500|1:0.9300|2:1.0300|3:0.9400|4:0.9500|5:1.1000|6:0.8200|,Emine Uçar:4:88398,2905584,8,333506,3314,30,30.63167795605656,30.645620238187846,1,191884
Temkinli,21,3374,2020,5,1260,945,315,4697,298,31,0,0,263,4265817,2889619,1348635,389050,84382,145229,159681,0,1183,569110,-322056,-1164303,0,842247,678047,1137252,2923447,196700,0,2268915,2740338,0,3.0,0.0,2.0,0.0,1.0,1035.586510483871,1072.045455,700.9574780322581,699.630498516129,1029.8973608064516,2.341436,19.731859290322582,0.9,0.9,1.183333322580645,0.8,1,0:1.0500|1:0.9300|2:1.0300|3:0.9400|4:0.9500|5:1.1000|6:0.8200|,Emine Uçar:4:88398,2910210,8,333506,3344,31,31.61492862914654,32.31299645794533,1,235604
Temkinli,21,3404,2020,6,1102,808,294,3867,240,22,0,0,254,3234305,2189200,1015532,376500,81660,142225,179850,0,2531,232766,-879207,-1522520,0,643313,807513,1053752,1113876,211331,0,2304746,2659101,0,3.0,0.0,2.0,0.0,1.0,1032.8863638999999,1084.545455,706.0560606,703.1924241666667,1032.4727272333334,2.369395,19.5134976,0.9,0.9,1.1579166666666665,0.8,1,0:1.0500|1:0.9300|2:1.0300|3:0.9400|4:0.9500|5:1.1000|6:0.8200|,Emine Uçar:4:88398,2265180,8,358312,3375,30,31.398770369522975,31.64242599407986,1,-125546
Temkinli,21,3435,2020,7,1219,918,301,4455,240,28,0,0,253,3872594,2564026,1291860,416050,90675,148671,187984,0,2941,445539,-464183,-1159699,0,695516,695516,1200570,107464,0,0,2129246,2962329,0,3.0,0.0,2.0,0.0,1.0,1050.718475032258,1097.5,694.4193548709677,698.806451548387,1047.552786032258,2.39677,19.852424193548387,0.9,0.9,1.1325,0.8,1,0:1.0500|1:0.9200|2:1.0300|3:0.9300|4:0.9400|5:1.1000|6:0.8200|,Emine Uçar:4:95559,2564212,8,0,3405,31,33.35903531328097,33.91004618533538,1,445539
Temkinli,21,3466,2020,8,977,404,573,1742,93,1079,0,0,126,1857505,1232641,624413,416950,90675,150439,190216,0,193539,-417406,-4003885,-4755496,0,751611,319988,848074,-2269094,0,0,1953746,2962329,0,3.0,0.0,2.0,0.0,1.0,1061.297653935484,1109.545455,701.6950146129032,696.7170085483872,1059.0410557096775,2.4253900000000006,12.812498354838711,0.9,0.9,1.1066666774193548,0.8,1,0:1.0500|1:0.9300|2:1.0300|3:0.9400|4:0.9500|5:1.1000|6:0.8200|,Emine Uçar:4:95559,141074,8,0,3436,31,33.61568340327482,33.883297300159775,1,-417406
Temkinli,21,3496,2020,9,719,12,707,21,27,1562,0,0,6,101641,65688,35953,403500,87750,147326,162000,0,127634,-892257,-11362403,-11370657,0,8254,0,848074,-13438714,0,0,1778246,2866770,0,3.0,0.0,2.0,0.0,1.0,1089.1893937666666,1123.8636359999998,735.8712121333333,696.772727,1081.4015149666668,2.454351,5.0,0.9,0.9,1.08125,0.8,1,0:1.0500|1:0.9300|2:1.0300|3:0.9400|4:0.9500|5:1.1000|6:0.8200|,Emine Uçar:4:95559,0,8,0,3467,30,35.372536673192904,32.43863589338471,1,-892257
Temkinli,21,3527,2020,10,1023,403,620,2182,97,1100,0,0,125,2065950,1600017,445634,416950,90675,153975,169322,0,75011,-460299,-5696289,-5696637,0,348,716344,0,3512135,140887,0,1743633,1528944,0,3.0,0.0,2.0,0.0,1.0,1058.0498533225807,1136.590909,774.0058650967742,733.6906157096774,1040.6319649032257,2.482707,11.371099483870967,0.9,0.9,1.055833322580645,0.8,1,0:1.0500|1:0.9200|2:1.0300|3:0.9300|4:0.9400|5:1.1000|6:0.8200|,Emine Uçar:4:95559,2853632,1,238875,3497,31,21.570415547326895,26.845992873948873,1,-699174
Temkinli,21,3557,2020,11,1485,1121,364,5751,200,68,0,0,343,5735629,4492320,1209956,403500,87750,150808,165810,0,4861,397227,206873,184276,0,22597,22597,0,3673852,140887,0,1709020,0,0,3.0,0.0,2.0,0.0,1.0,1009.5606059666667,1150.454545,790.6333333,786.5500000666667,1010.4227271,2.512353,26.654483433333333,0.9,0.9,1.0304166666666668,0.8,1,0:1.0500|1:0.8900|2:1.0300|3:0.9000|4:0.9100|5:1.1000|6:0.8200|,,4548232,1,238875,3528,30,21.095436960793663,21.68540168591871,1,158352
Temkinli,21,3588,2020,12,1519,1142,377,5362,237,43,0,0,343,5812280,4422770,1354572,416950,90675,157633,190650,0,8696,489968,315847,225361,0,90486,90486,0,3997495,150641,0,1672011,0,0,3.0,0.0,2.0,0.0,1.0,1024.244868,1163.409091,766.1348972258064,772.4164222580646,1021.5249266129032,2.54138,26.034936709677417,0.9,0.9,1.0062096774193547,0.8,1,0:1.0500|1:0.8900|2:1.0300|3:0.9000|4:0.9100|5:1.1000|6:0.8200|,,4359426,1,255412,3558,31,23.305346610968503,25.20002577881538,1,234556
Temkinli,21,3619,2021,1,1441,1101,340,5585,226,100,0,0,310,6260245,4817658,1399551,443950,96937,159483,192944,0,3833,502404,330583,231912,0,98671,78028,0,4175000,150641,0,1635002,0,0,3.0,0.0,2.0,0.0,1.0,1036.7668623225807,1176.818182,797.6129031612903,789.7961877419355,1034.1656893870968,2.571726,25.615131741935482,0.9193548387096774,0.9193548387096774,1.0,0.803225806451613,none,0:1.0500|1:0.8950|2:1.0300|3:0.9050|4:0.9150|5:1.1000|6:0.8200|,,4935744,1,255412,3589,31,22.356169766518722,23.067284251884175,1|none,246992
Temkinli,21,3647,2021,2,1433,1093,340,5761,131,95,0,0,325,6843950,5292707,1529636,401800,87556,145450,175952,0,1210,717668,514249,416934,0,97315,96641,0,4522694,150641,0,1597993,0,0,3.0,0.0,2.0,0.0,1.0,1042.0454547499999,1188.863636,794.2451298928571,794.4334416071428,1043.2759737142858,2.596599,26.60964914285714,1.0,1.0,1.0,0.9285714285714286,none,0:1.0500|1:0.8950|2:1.0300|3:0.9050|4:0.9150|5:1.1000|6:0.8200|,,5384228,1,255412,3620,28,22.350192505789785,23.78018384203722,none,462256
Temkinli,21,3653,2021,3,332,262,70,1432,26,4,0,0,68,1442710,1095582,338207,86100,18762,31434,34572,0,770,166569,161331,161331,0,0,21317,0,4768433,0,0,1597993,0,0,3.0,0.0,2.0,0.0,1.0,1049.772727,1198.409091,791.5454544999999,792.6742424999999,1051.1212123333332,2.619271,27.6079,1.0,1.0,1.0,1.0,none,0:1.0500|1:0.8950|2:1.0300|3:0.9050|4:0.9150|5:1.1000|6:0.8200|,,998778,1,0,3648,6,23.44247977764069,24.59839790636894,none,166569
Temkinli,22,25,2011,3,1390,1222,168,5876,203,80,0,0,119,2468015,1798345,658681,167500,37675,50012,55000,0,12553,335941,214666,153228,0,61438,68991,548180,200559,71527,0,12127,0,0,3.0,1.0,2.0,0.0,0.0,449.98181828,457.7272730000001,320.77454548000003,329.19636363999996,448.61454535999997,1.0,27.245458319999997,1.0,1.0,1.0,1.0,none,0:1.0000|1:0.9200|2:1.0300|3:0.9400|4:0.9500|5:1.1000|6:0.8200|,,2062388,1,121275,1,25,26.688695165953206,28.713887439692307,none,214666
Temkinli,22,55,2011,4,1694,1532,162,7203,198,92,0,3,130,2944165,2055544,865518,201000,45210,60374,66390,0,12951,479593,358318,258428,0,99890,107791,976612,924007,71527,0,24254,0,0,3.0,1.0,2.0,0.0,0.0,443.7727272666667,459.09090899999995,306.49242423333334,309.73333333333335,441.7318181333333,1.00592,28.7426312,1.0,1.0,1.0,1.0,none,0:1.0000|1:0.9100|2:1.0300|3:0.9400|4:0.9500|5:1.1000|6:0.8200|,,2041334,1,121275,26,30,29.397740955415202,30.934821947911303,none,358318
Temkinli,22,86,2011,5,1764,1576,188,7253,207,89,0,0,149,3052055,2090228,943105,207700,46717,62821,69099,0,5783,550985,429710,285016,0,144694,150477,912306,1130228,71527,0,36381,0,0,3.0,1.0,2.0,0.0,0.0,450.60850429032257,464.31818200000004,308.26686212903223,307.8533724516129,449.9589442903226,1.01307,29.493857129032257,1.0,1.0,1.0,1.0,none,0:1.0000|1:0.9150|2:1.0300|3:0.9400|4:0.9500|5:1.1000|6:0.8200|,,2121970,1,121275,56,31,30.90065546000973,31.58876071046831,none,429710
Temkinli,22,116,2011,6,1592,1435,157,6645,170,63,0,0,123,2556475,1705283,832236,201000,45210,61245,77460,0,3952,443369,311069,216507,0,94562,98514,839354,1241298,78030,0,49611,0,0,3.0,1.0,2.0,0.0,0.0,461.62878786666664,466.818182,310.8075756333334,309.4848484666667,456.19545446666666,1.020512,27.0009791,1.0,1.0,1.0,1.0,none,0:1.0000|1:0.9300|2:1.0300|3:0.9400|4:0.9500|5:1.1000|6:0.8200|,,1754640,1,132300,87,30,32.55404414281384,32.67153526761752,none,311069
Temkinli,22,147,2011,7,1774,1610,164,7757,150,73,0,2,145,2950130,2058668,875984,222700,50220,63751,80600,0,5150,453563,365432,251199,0,114233,94583,960534,1637624,78030,0,62841,0,0,3.0,1.0,2.0,0.0,0.0,455.1979471612903,470.227273,320.46920819354835,317.3519061612903,455.56891496774193,1.027766,28.93816241935484,1.0,1.0,1.0,1.0,none,0:1.0000|1:0.9300|2:1.0300|3:0.9400|4:0.9500|5:1.1000|6:0.8200|,,2070092,1,132300,117,31,29.693064373434392,29.597835361064032,none,321263
Temkinli,22,178,2011,8,1746,1577,169,8183,128,66,0,7,146,3028565,2110114,900541,223200,50220,64216,81189,0,6914,474802,403727,304966,0,98761,125325,996228,1951269,78030,0,76071,0,0,3.0,1.0,2.0,0.0,0.0,461.5322579032258,474.090909,321.6055719354839,320.60410548387097,459.561583483871,1.035317,29.557650129032258,1.0,1.0,1.0,1.0,none,0:1.0500|1:0.9300|2:1.0300|3:0.9400|4:0.9500|5:1.1000|6:0.8200|,,2133346,1,132300,148,31,29.734907456171488,30.317856135005357,none,342502
Temkinli,22,208,2011,9,1644,1471,173,6763,170,86,0,0,138,2865480,1994846,846045,216000,48600,62595,68820,0,6644,443386,355696,264087,0,91609,98253,914528,2134159,78030,0,89301,0,0,3.0,1.0,2.0,0.0,0.0,464.49242440000006,477.272727,324.63030299999997,323.45303036666667,463.9272727333333,1.042922,27.546715866666666,1.0,1.0,1.0,1.0,none,0:1.0500|1:0.9300|2:1.0300|3:0.9400|4:0.9500|5:1.1000|6:0.8200|,,2016360,1,132300,179,30,29.525419824950795,30.110743265762522,none,311086
Temkinli,22,239,2011,10,1677,1494,183,6834,158,109,0,5,138,2982340,2049836,913675,223200,50220,65146,71641,0,11414,492054,390587,260442,0,130145,136309,0,1452956,78030,0,102531,0,0,3.0,1.0,2.0,0.0,0.0,472.4193549354839,481.136364,323.3152493548387,323.58944296774195,469.7258065483871,1.050335,26.827309419354837,1.0,1.0,1.0,1.0,none,0:1.0500|1:0.9300|2:1.0300|3:0.9400|4:0.9500|5:1.1000|6:0.8200|,,2094116,1,132300,209,31,30.636178302943325,31.56181134894603,none,359754
Temkinli,22,269,2011,11,1556,1395,161,6581,177,53,0,3,130,2747975,1891036,842527,177600,39960,63495,69840,0,21453,470179,337879,239192,0,98687,109540,0,1690628,78030,0,115761,0,0,2.466666666666667,0.4666666666666667,2.0,0.0,0.0,475.5681815,484.545455,326.9212121666667,325.6121212666667,471.5621212,1.058051,26.435735933333333,1.0,1.0,1.0,1.0,none,0:1.0500|1:0.9300|2:1.0300|3:0.9400|4:0.9500|5:1.1000|6:0.8200|,,1905442,1,132300,240,30,30.659922306425642,31.256710418363703,none,337879
Temkinli,22,300,2011,12,1566,1391,175,6275,228,99,0,3,117,3066140,2088974,961668,148800,33480,66077,79949,0,9083,624279,539746,422539,0,117207,126290,0,2151255,81281,0,129542,0,0,2.0,0.0,2.0,0.0,0.0,482.45601177419354,487.5,328.39589438709675,327.36363645161293,475.91495596774195,1.065572,24.610155483870965,1.0,1.0,1.0,1.0,none,0:1.0500|1:0.9300|2:1.0300|3:0.9400|4:0.9500|5:1.1000|6:0.8200|,,2066384,1,137812,270,31,31.364125578088412,31.93246920492357,none,486467
Temkinli,22,331,2012,1,1541,1355,186,6335,213,89,0,0,145,3124515,2132140,979997,154800,34875,66569,80538,0,0,643215,552096,393613,0,158483,158483,0,2514442,81281,0,143323,0,0,2.0,0.0,2.0,0.0,0.0,480.1759529677419,491.81818200000004,324.3123167419355,325.3079178709678,478.82551335483873,1.0734,25.69567358064516,1.0,1.0,1.0,1.0,none,0:1.0500|1:0.9300|2:1.0300|3:0.9400|4:0.9500|5:1.1000|6:0.8200|,,2174944,1,137812,301,31,31.364771812585314,32.45969217377225,none,505403
Temkinli,22,360,2012,2,1550,1378,172,6552,158,85,0,0,134,3125365,2113627,999696,149500,32625,62623,75777,0,3150,676021,538209,400956,0,137253,137253,0,2905401,81281,0,157104,0,0,2.3448275862068964,0.0,2.0,0.0,0.3448275862068966,483.8871474137931,494.3181819999999,325.8542319655172,325.47962375862073,482.3589341724138,1.079586,26.85635044827586,1.0,1.0,1.0,1.0,none,0:1.0500|1:0.9300|2:1.0300|3:0.9400|4:0.9500|5:1.1000|6:0.8200|,,2135666,1,137812,332,29,31.9865359725984,32.65904380657894,none,538209
Temkinli,22,391,2012,3,1824,1634,190,8895,194,103,0,6,153,3801745,2754793,1027623,168950,34875,67313,74028,0,0,682457,235713,118353,0,117360,117360,0,2938978,81281,0,170885,0,0,3.0,0.0,2.0,0.0,1.0,456.64955993548386,496.590909,328.4281524516129,327.66275651612904,444.9354835483871,1.085405,32.48169451612903,1.0,1.0,1.0,1.0,none,0:1.0500|1:0.9100|2:1.0300|3:0.9200|4:0.9300|5:1.1000|6:0.8200|,,2740186,1,137812,361,31,27.03029792897735,28.078732300100384,none,544645
Temkinli,22,421,2012,4,1711,1541,170,7576,120,89,0,5,140,3081770,2269639,793115,163500,33750,65502,72060,0,0,458303,247244,166927,0,80317,80317,0,2990175,81281,0,184666,0,0,3.0,0.0,2.0,0.0,1.0,444.41666710000004,499.318182,327.0424242333333,327.5727273,438.7136364,1.09166,34.95245746666667,1.0,1.0,1.0,1.0,none,0:1.0500|1:0.8900|2:1.0300|3:0.9000|4:0.9100|5:1.1000|6:0.8200|,,2310806,2,137812,392,30,25.735697342760815,26.41085529770554,none,320491
Temkinli,22,452,2012,5,1820,1643,177,8762,116,107,0,3,150,3543245,2616181,910845,168950,34875,68058,74865,0,0,564097,622958,483738,0,139220,139220,0,3448316,81281,0,198447,0,0,3.0,0.0,2.0,0.0,1.0,444.545455,502.045455,328.0263929354839,327.7463342580645,441.0571849354839,1.097747,35.03449580645161,1.0,1.0,1.0,1.0,none,0:1.0500|1:0.8950|2:1.0300|3:0.9050|4:0.9150|5:1.1000|6:0.8200|,,2622944,2,137812,422,31,25.70652043536363,26.21083193045267,none,426285
Temkinli,22,482,2012,6,1798,1598,200,9039,112,70,0,11,168,3340435,2476414,849970,163500,33750,66252,83790,0,0,502678,642688,478881,0,163807,163807,0,3918493,84532,0,212779,0,0,3.0,0.0,2.0,0.0,1.0,444.545455,505.227273,332.17878790000003,330.7075757,443.65757560000003,1.104074,37.05007356666667,1.0,1.0,1.0,1.0,none,0:1.0500|1:0.8950|2:1.0300|3:0.9050|4:0.9150|5:1.1000|6:0.8200|,,2505792,2,143325,453,30,25.444889662573885,25.276755354522738,none,359353
Temkinli,22,513,2012,7,1854,1642,212,9062,81,100,0,6,184,3248025,2414024,805105,174950,36270,68833,87079,0,0,437973,598282,414478,0,183804,183804,0,4334403,84532,0,227111,0,0,3.0,0.0,2.0,0.0,1.0,444.545455,508.18181799999996,332.68328451612905,331.80938419354834,445.621701,1.11023,37.85980712903226,1.0,1.0,1.0,1.0,none,0:1.0500|1:0.8950|2:1.0300|3:0.9050|4:0.9150|5:1.1000|6:0.8200|,,2436924,2,143325,483,31,24.787524726564605,25.16326940827029,none,294648
Temkinli,22,544,2012,8,1836,1635,201,9345,130,75,0,11,164,3491645,2531918,944161,175150,36270,69236,87575,0,0,575930,329304,148453,0,180851,180851,0,4368452,84532,0,241443,0,0,3.0,0.0,2.0,0.0,1.0,448.3724343548387,510.909091,324.5967741290322,326.5513196774193,450.31524916129035,1.116629,37.403051999999995,1.0,1.0,1.0,1.0,none,0:1.0500|1:0.9050|2:1.0300|3:0.9150|4:0.9250|5:1.1000|6:0.8200|,,2539498,2,143325,514,31,27.040578294757914,27.605546358778003,none,432605
Temkinli,22,574,2012,9,1705,1522,183,8278,161,143,0,6,132,3641435,2584290,1043400,169500,35100,67393,74130,0,0,697277,686458,486058,0,200400,145280,0,4839019,84532,0,255775,0,0,3.0,0.0,2.0,0.0,1.0,464.4393940333333,514.090909,325.1454546333333,325.539394,472.9984848,1.123064,35.5446373,1.0,1.0,1.0,1.0,none,0:1.0500|1:0.9200|2:1.0300|3:0.9300|4:0.9400|5:1.1000|6:0.8200|,,2589680,3,143325,545,30,28.65353905809111,29.9918441866718,none,553952
Temkinli,22,605,2012,10,1579,1390,189,7535,130,74,0,0,161,3220280,2250590,954773,175150,36270,70042,77035,0,0,596276,818291,581941,0,236350,291470,0,5371578,84532,0,270107,0,0,3.0,0.0,2.0,0.0,1.0,475.3299122580645,516.818182,327.75073312903226,326.9134898064516,477.4882698064516,1.129326,34.72915883870968,1.0,1.0,1.0,1.0,none,0:1.0500|1:0.9300|2:1.0300|3:0.9400|4:0.9500|5:1.1000|6:0.8200|,,2274380,3,143325,575,31,29.64875725092228,31.047736597925073,none,452951
Temkinli,22,635,2012,11,1603,1412,191,7753,143,126,0,0,150,3317385,2326274,977335,169500,35100,68172,74970,0,0,629593,895879,653076,0,242803,242803,0,6018720,84532,0,284439,0,0,3.0,0.0,2.0,0.0,1.0,476.2272729,520.227273,332.30606073333337,330.6469696666666,480.4712121333333,1.135835,34.86851453333334,1.0,1.0,1.0,1.0,none,0:1.0500|1:0.9300|2:1.0300|3:0.9400|4:0.9500|5:1.1000|6:0.8200|,,2343008,3,143325,606,30,29.46100618408777,30.2211192757303,none,486268
Temkinli,22,666,2012,12,1569,1396,173,7061,164,135,0,0,127,3460140,2363509,1079775,296950,63675,70818,85684,0,23431,539217,473474,203563,0,269911,269911,0,6143583,87784,0,299323,0,0,3.935483870967742,0.0,2.0,0.9354838709677419,1.0,496.1363636129032,522.727273,333.08504387096775,332.2595306129032,496.62756596774193,1.142168,31.195465258064516,1.0,1.0,1.0,1.0,none,0:1.0500|1:0.9300|2:1.0300|3:0.9400|4:0.9500|5:1.1000|6:0.8200|,,2404226,3,148837,636,31,31.206107267336005,32.86421469988275,none,390380
Temkinli,22,697,2013,1,1494,1315,179,6690,161,144,0,0,135,3433925,2345690,1078348,311350,66960,71252,86180,0,0,542606,808206,602167,0,206039,206039,0,6695076,87784,0,314207,0,0,4.0,0.0,2.0,1.0,1.0,496.7521993548387,525.454545,334.3269794193548,333.20967738709675,498.19501483870965,1.148751,30.536581322580645,1.0,1.0,1.0,1.0,none,0:1.0500|1:0.9300|2:1.0300|3:0.9400|4:0.9500|5:1.1000|6:0.8200|,,2330896,4,148837,667,31,31.40278253019504,32.69743347818793,none,393769
Temkinli,22,725,2013,2,1366,1201,165,6125,132,128,0,0,123,2978705,2021443,935985,281400,60480,64749,78316,0,0,451040,495191,228535,0,266656,266656,0,6818402,87784,0,329091,0,0,4.0,0.0,2.0,1.0,1.0,501.7370128928572,528.863636,333.4350650714286,333.21915589285715,501.6168831071428,1.155828,31.068336357142858,1.0,1.0,1.0,1.0,none,0:1.0500|1:0.9300|2:1.0300|3:0.9400|4:0.9500|5:1.1000|6:0.8200|,,2080052,4,148837,698,28,31.422547717884115,33.54385733893792,none,302203
Temkinli,22,756,2013,3,1580,1407,173,7168,117,83,0,0,156,3263925,2187401,1063525,311550,66960,72089,79267,0,0,533659,1038949,664678,0,374271,284958,0,7528791,87784,0,343975,0,0,4.0,0.0,2.0,1.0,1.0,498.1378298709677,531.818182,327.8885630322581,329.8196480967742,500.6114369032258,1.162259,31.32342141935484,1.0,1.0,1.0,1.0,none,0:1.0500|1:0.9300|2:1.0300|3:0.9400|4:0.9500|5:1.1000|6:0.8200|,,2159616,5,148837,726,31,32.584235238248425,34.17714066863967,none,384822
Temkinli,22,786,2013,4,1452,1268,184,6358,125,74,0,0,155,3007855,1927972,1066919,301500,64800,70184,77190,0,0,553245,902822,539888,0,362934,452247,0,7745529,87784,0,358859,0,0,4.0,0.0,2.0,1.0,1.0,516.0454543333333,535.454545,327.6954545666667,328.3848483666667,514.6515151666666,1.16942,28.58865943333333,1.0,1.0,1.0,1.0,none,0:1.0500|1:0.9300|2:1.0300|3:0.9400|4:0.9500|5:1.1000|6:0.8200|,,1969364,5,148837,757,30,35.47109152535611,36.498722774332236,none,404408
Temkinli,22,817,2013,5,1531,1372,159,6863,133,98,0,0,137,3272653,2106106,1148219,311550,66960,72957,80228,0,261,616263,1065880,707084,0,358796,358796,0,8341859,87784,0,373743,0,0,4.0,0.0,2.0,1.0,1.0,516.5175952258064,538.409091,332.20234600000003,330.9061582903226,520.2932548709678,1.176391,28.360015806451614,1.0,1.0,1.0,1.0,none,0:1.0500|1:0.9300|2:1.0300|3:0.9400|4:0.9500|5:1.1000|6:0.8200|,,2116232,6,148837,787,31,35.08526568505735,35.68421500631148,none,467426
Temkinli,22,847,2013,6,1473,1303,170,6240,113,46,0,0,154,2714265,1710336,991617,301500,64800,71024,89850,0,660,463783,1788579,1150543,0,638036,508298,0,9613583,92660,0,389453,0,0,4.0,0.0,2.0,1.0,1.0,524.4696969666667,542.045455,328.227273,329.61212116666667,523.1257577,1.183639,27.4977465,1.0,1.0,1.0,1.0,none,0:1.0500|1:0.9300|2:1.0300|3:0.9400|4:0.9500|5:1.1000|6:0.8200|,,1726416,6,157106,818,30,36.53353670330642,37.41730458435601,none,306677
Temkinli,22,878,2013,7,1566,1371,195,7201,87,66,0,0,175,3183014,2009432,1154234,320550,69037,73826,93372,0,572,596877,1379605,892769,0,486836,616574,0,10276708,92660,0,405163,0,0,4.0,0.0,2.0,1.0,1.0,528.1891495161291,545.0,332.727273,331.3445747741935,525.3797654193548,1.190696,28.324593935483872,1.0,1.0,1.0,1.0,none,0:1.0500|1:0.9300|2:1.0300|3:0.9400|4:0.9500|5:1.1000|6:0.8200|,,2049220,6,157106,848,31,36.262297306892144,37.00603783610294,none,439771
Temkinli,22,909,2013,8,1442,1286,156,6527,119,38,0,0,140,2886555,1802867,1070572,320850,69037,74291,93961,0,826,511607,368555,-8699,0,377254,377254,0,10160746,92660,0,420873,1154250,0,4.0,0.0,2.0,1.0,1.0,533.8416421612903,549.090909,335.6862173225806,333.99413483870967,531.6011731612903,1.198032,25.563554870967742,1.0,1.0,1.0,1.0,none,0:1.0500|1:0.9300|2:1.0300|3:0.9400|4:0.9500|5:1.1000|6:0.8200|,Osman Özkan:4:42750,1807748,7,157106,879,31,37.088224544482955,37.11876503984692,none,354501
Temkinli,22,939,2013,9,1407,1252,155,6143,142,61,0,0,130,3034055,1947294,1067502,310500,66810,72344,79560,0,1143,537145,777182,242492,0,534690,534690,875100,11263963,92660,0,436583,1282500,0,4.0,0.0,2.0,1.0,1.0,535.8560605,551.590909,344.545455,341.5181817666667,534.0136364,1.205414,26.12751323333333,1.0,1.0,1.0,1.0,none,0:1.0500|1:0.9300|2:1.0300|3:0.9400|4:0.9500|5:1.1000|6:0.8200|,Osman Özkan:4:42750,1983624,7,157106,910,30,35.18400292677621,35.70186466147097,none,380039
Temkinli,22,970,2013,10,1408,1246,162,6195,139,54,0,0,139,3089170,1974415,1099842,320850,69037,75190,82708,0,768,551289,646923,198099,0,448824,448824,796674,11381179,92660,0,452293,1325250,0,4.0,0.0,2.0,1.0,1.0,540.982404483871,555.227273,346.31818200000004,345.019061516129,537.2595307741935,1.2126,25.587122838709675,1.0,1.0,1.0,1.0,none,0:1.0500|1:0.9300|2:1.0300|3:0.9400|4:0.9500|5:1.1000|6:0.8200|,Osman Özkan:4:42750,1988160,7,157106,940,31,35.603155540161275,35.98346653614217,none,394183
Temkinli,22,1000,2013,11,1466,1298,168,6594,148,73,0,0,145,3270020,2135217,1116189,310500,66810,73215,80520,0,0,585144,826747,364867,0,461880,461880,956592,11910917,92660,0,468003,1282500,0,4.0,0.0,2.0,1.0,1.0,537.0227272333334,558.409091,351.0,349.11666676666664,537.0560606,1.220071,26.489574566666665,1.0,1.0,1.0,1.0,none,0:1.0500|1:0.9250|2:1.0300|3:0.9350|4:0.9450|5:1.1000|6:0.8200|,Osman Özkan:4:42750,2164350,7,157106,971,30,34.134011412774235,34.63963772849925,none,428038
Temkinli,22,1031,2013,12,1240,1087,153,5101,196,48,0,0,114,2792320,1805949,976143,320850,69037,76120,92070,0,846,417220,719761,169525,0,550236,550236,0,11073306,95911,0,484264,1327248,0,4.0,0.0,2.0,1.0,1.0,546.3343107419355,562.045455,353.636364,351.8416422258065,544.1187682903226,1.227345,23.64843829032258,1.0,1.0,1.0,1.0,none,0:1.0500|1:0.9300|2:1.0300|3:0.9400|4:0.9500|5:1.1000|6:0.8200|,Osman Özkan:4:42750,1873668,7,162619,1001,31,34.95813517075407,35.27106809020413,none,254601
Temkinli,22,1062,2014,1,1315,1129,186,5361,165,68,0,0,136,2948040,1880225,1054341,326850,70432,76586,92628,0,310,487535,913018,431389,0,481629,481629,0,11498589,95911,0,500525,1387188,0,4.0,0.0,2.0,1.0,1.0,551.6495600645162,565.227273,348.136364,349.8782990967742,549.388563,1.234907,23.284697516129032,1.0,1.0,1.0,1.0,none,0:1.0500|1:0.9300|2:1.0300|3:0.9400|4:0.9500|5:1.1000|6:0.8200|,Osman Özkan:4:44748,1863576,7,162619,1032,31,35.76413481499573,36.89175353293403,none,324916
Temkinli,22,1090,2014,2,1240,1075,165,5018,147,77,0,0,126,2755425,1729554,1009330,295400,63616,69623,84224,0,0,496467,805953,338275,0,467678,467678,0,11916867,95911,0,516786,1252944,0,4.0,0.0,2.0,1.0,1.0,558.7337662857143,569.545455,350.409091,349.8019478214286,555.7045453928571,1.243005,23.904922142857142,1.0,1.0,1.0,1.0,none,0:1.0500|1:0.9300|2:1.0300|3:0.9400|4:0.9500|5:1.1000|6:0.8200|,Osman Özkan:4:44748,1735062,7,162619,1063,28,36.63064681491966,37.285141485289316,none,333848
Temkinli,22,1121,2014,3,1346,1169,177,5462,132,64,0,0,159,2860065,1787398,1055139,327050,70432,77547,85281,0,0,494829,584734,74610,0,510124,510124,0,11989197,95911,0,533047,1387188,0,4.0,0.0,2.0,1.0,1.0,561.4589444193548,572.954545,350.81818200000004,350.20674477419357,557.611436967742,1.250366,24.256022516129033,1.0,1.0,1.0,1.0,none,0:1.0500|1:0.9300|2:1.0300|3:0.9400|4:0.9500|5:1.1000|6:0.8200|,Osman Özkan:4:44748,1836718,7,162619,1091,31,36.89213357039088,37.51668123075207,none,332210
Temkinli,22,1151,2014,4,1300,1124,176,4916,156,62,0,0,138,2577220,1591717,967977,316500,68160,75526,83070,0,0,424721,47508,-345013,0,392521,392521,0,11530980,95911,0,549308,1342440,0,4.0,0.0,2.0,1.0,1.0,568.5378788333333,575.454545,352.09090899999995,351.17878783333333,561.5924243000001,1.258565,21.780934600000002,1.0,1.0,1.0,1.0,none,0:1.0500|1:0.9300|2:1.0300|3:0.9400|4:0.9500|5:1.1000|6:0.8200|,Osman Özkan:4:44748,1584660,8,162619,1122,30,37.558958878171055,38.07080898065979,none,262102
Temkinli,22,1182,2014,5,1438,1258,180,5742,178,33,0,0,153,3016175,1896483,1105451,327050,70432,78540,86366,0,0,543063,793139,352950,0,440189,440189,0,11884921,95911,0,565569,1387188,0,4.0,0.0,2.0,1.0,1.0,566.0557182903226,579.772727,357.81818200000004,355.0557184516129,563.2492669032258,1.266552,22.75056312903226,1.0,1.0,1.0,1.0,none,0:1.0500|1:0.9300|2:1.0300|3:0.9400|4:0.9500|5:1.1000|6:0.8200|,Osman Özkan:4:44748,1903158,8,162619,1152,31,36.65075799646904,36.78746271113902,none,380444
Temkinli,22,1212,2014,6,1347,1202,145,5640,111,53,0,0,120,2589050,1650904,925411,316500,68160,76516,96750,0,0,367485,146158,-359841,0,505999,505999,0,11471412,100789,0,582658,1344554,0,4.0,0.0,2.0,1.0,1.0,567.2954545666666,582.954545,364.545455,361.32121213333335,566.4621211333334,1.274857,24.447331000000002,1.0,1.0,1.0,1.0,none,0:1.0500|1:0.9300|2:1.0300|3:0.9400|4:0.9500|5:1.1000|6:0.8200|,Osman Özkan:4:44748,1704000,8,170887,1183,30,35.74326490411541,35.739753938543174,none,196598
Temkinli,22,1243,2014,7,1430,1244,186,5767,107,56,0,0,162,2912525,1861106,1032890,336050,72540,79563,100626,0,510,443601,117511,-315147,0,432658,432658,736154,11881678,100789,0,599747,1452722,0,4.0,0.0,2.0,1.0,1.0,572.5806448709677,587.954545,369.227273,366.6847507419355,569.9926686451613,1.282947,23.758319806451613,1.0,1.0,1.0,1.0,none,0:1.0500|1:0.9300|2:1.0300|3:0.9400|4:0.9500|5:1.1000|6:0.8200|,Osman Özkan:4:46862,1887134,8,170887,1213,31,35.463729925065024,35.515236795472504,none,272714
Temkinli,22,1274,2014,8,1403,1241,162,5956,122,25,0,0,138,2784842,1778432,990711,336350,72540,80090,101277,0,645,399809,35508,-455064,0,490572,381417,791400,11339714,100789,0,616836,1452722,0,4.0,0.0,2.0,1.0,1.0,572.9032256451613,590.681818,370.772727,369.1070381290323,574.6026392580645,1.291361,23.956261193548386,1.0,1.0,1.0,1.0,none,0:1.0500|1:0.9300|2:1.0300|3:0.9400|4:0.9500|5:1.1000|6:0.8200|,Osman Özkan:4:46862,1816572,8,170887,1244,31,35.5751241901695,35.28178749867168,none,228922
Temkinli,22,1304,2014,9,1351,1150,201,5237,178,54,0,0,162,3076505,1938183,1122106,325500,70200,78016,85800,0,383,562207,1166434,629293,0,537141,646296,853674,11920947,100789,0,633925,1405860,0,4.0,0.0,2.0,1.0,1.0,580.5227271,594.3181820000001,361.818182,364.62121213333336,579.6454545666667,1.299829,23.109990866666667,1.0,1.0,1.0,1.0,none,0:1.0500|1:0.9300|2:1.0300|3:0.9400|4:0.9500|5:1.1000|6:0.8200|,Osman Özkan:4:46862,1963110,8,170887,1275,30,36.473400823336874,37.67372660714562,none,391320
Temkinli,22,1335,2014,10,1389,1218,171,5775,128,39,0,0,149,3096455,1935145,1140524,336350,72540,81113,89218,0,0,561303,1007905,498314,0,509591,509591,885372,12572521,100789,0,651014,1452722,0,4.0,0.0,2.0,1.0,1.0,580.9310848387097,599.318182,362.909091,363.3387097419355,581.156891451613,1.308077,24.204279225806452,1.0,1.0,1.0,1.0,none,0:1.0500|1:0.9200|2:1.0300|3:0.9300|4:0.9400|5:1.1000|6:0.8200|,Osman Özkan:4:46862,1922656,8,170887,1305,31,36.83321734047483,37.529751725928314,none,390416
Temkinli,22,1365,2014,11,1344,1165,179,5467,151,49,0,0,144,2962640,1907578,1043387,325500,70200,79007,86910,0,0,481770,758978,187126,0,571852,462803,900054,12880271,100789,0,668103,1405860,0,4.0,0.0,2.0,1.0,1.0,577.4015151333333,602.272727,373.727273,369.98787883333335,579.0757574666667,1.316655,25.187348233333335,1.0,1.0,1.0,1.0,none,0:1.0500|1:0.9200|2:1.0300|3:0.9300|4:0.9400|5:1.1000|6:0.8200|,Osman Özkan:4:46862,1926828,8,170887,1336,30,35.218150028353094,35.27428259108411,none,310883
Temkinli,22,1396,2014,12,1338,1148,190,5555,189,78,0,0,144,3417865,2163607,1238467,336350,72540,82167,99417,0,0,647993,1193925,703842,0,490083,599132,0,12612686,105665,0,686018,1455025,0,4.0,0.0,2.0,1.0,1.0,590.7478007096773,606.818182,375.409091,373.87829903225804,588.079179032258,1.32501,22.669303129032258,1.0,1.0,1.0,1.0,none,0:1.0500|1:0.9300|2:1.0300|3:0.9400|4:0.9500|5:1.1000|6:0.8200|,Osman Özkan:4:46862,2144480,8,179156,1366,31,36.2351058336125,36.451885127796764,none,468837
Temkinli,22,1427,2015,1,1329,1121,208,5304,180,81,0,0,164,3341045,2148589,1174364,345350,74617,82696,100068,0,0,571633,913644,406252,0,507392,507392,0,12939112,105665,0,703933,1524115,0,4.0,0.0,2.0,1.0,1.0,591.2096775806451,610.227273,381.954545,379.38709677419354,593.6173020967741,1.3337,22.012196741935483,1.0,1.0,1.0,1.0,none,0:1.0500|1:0.9300|2:1.0300|3:0.9400|4:0.9500|5:1.1000|6:0.8200|,Osman Özkan:4:49165,2235514,8,179156,1397,31,35.14960139716765,35.3944024456706,none,392477
Temkinli,22,1455,2015,2,1141,978,163,4467,136,64,0,0,134,2785680,1776315,991505,312200,67396,75225,91000,0,0,445684,1020462,516218,0,504244,504244,0,13511277,105665,0,721848,1376620,0,4.0,0.0,2.0,1.0,1.0,597.18344175,614.5454550000001,378.454545,379.17857142857144,596.2240259285715,1.342972,21.839149107142855,1.0,1.0,1.0,1.0,none,0:1.0500|1:0.9300|2:1.0300|3:0.9400|4:0.9500|5:1.1000|6:0.8200|,Osman Özkan:4:49165,1747044,8,179156,1428,28,35.59292524625944,36.626751758058106,none,266528
Temkinli,22,1486,2015,3,1344,1155,189,5419,163,46,0,0,165,3139585,2029884,1091759,345650,74617,83812,92163,0,0,495517,606039,37093,0,568946,568946,0,13495612,105665,0,739763,1524115,0,4.0,0.0,2.0,1.0,1.0,597.7712607741935,618.409091,389.545455,386.11583577419356,599.0513196129032,1.351403,22.738100838709677,1.0,1.0,1.0,1.0,none,0:1.0500|1:0.9300|2:1.0300|3:0.9400|4:0.9500|5:1.1000|6:0.8200|,Osman Özkan:4:49165,2100372,8,179156,1456,31,34.77399082999823,34.833692992284924,none,316361
Temkinli,22,1516,2015,4,1292,1120,172,5407,128,55,0,0,150,3158945,2019024,1119309,334500,72210,81678,89820,0,0,541101,593931,108196,0,485735,485735,0,13310000,105665,0,757678,1474950,0,4.0,0.0,2.0,1.0,1.0,606.5378787666667,622.954545,386.954545,387.4333335,599.730303,1.360799,21.3398755,1.0,1.0,1.0,1.0,none,0:1.0500|1:0.9300|2:1.0300|3:0.9400|4:0.9500|5:1.1000|6:0.8200|,Osman Özkan:4:49165,2058936,8,179156,1487,30,35.43300057455891,36.20274041469053,none,361945
Temkinli,22,1547,2015,5,1286,1089,197,4979,176,42,0,0,168,2936110,1852137,1066643,345650,74617,84959,93434,0,538,467445,770151,101289,0,668862,536468,0,13582728,105665,0,775593,1524115,0,4.0,0.0,2.0,1.0,1.0,609.8460412258064,626.818182,382.590909,384.42815267741935,609.7653959354839,1.369954,21.055530967741934,1.0,1.0,1.0,1.0,none,0:1.0500|1:0.9300|2:1.0300|3:0.9400|4:0.9500|5:1.1000|6:0.8200|,Osman Özkan:4:49165,1864660,8,179156,1517,31,36.32844137310932,37.264344910564255,none,288289
Temkinli,22,1577,2015,6,1339,1152,187,5309,114,20,0,0,169,2713415,1707548,988433,334500,72210,82789,104700,0,2024,392210,862733,303938,0,558795,691189,0,13746200,110542,0,794335,1477394,0,4.0,0.0,2.0,1.0,1.0,608.3030304,632.045455,383.454545,383.79696966666666,608.5666666666667,1.379479,22.400580766666668,1.0,1.0,1.0,1.0,none,0:1.0500|1:0.9300|2:1.0300|3:0.9400|4:0.9500|5:1.1000|6:0.8200|,Osman Özkan:4:49165,1708404,8,187425,1548,30,36.427638234475744,36.963236111473435,none,204785
Temkinli,22,1608,2015,7,1354,1165,189,5381,115,25,0,0,169,2771322,1722899,1032737,241250,51210,86137,108934,0,846,544360,593482,75452,0,518030,518030,0,13793456,110542,0,813077,1599879,0,3.129032258064516,0.0,2.0,0.12903225806451613,1.0,620.2712610967742,635.227273,390.227273,387.57478000000003,615.8255131935483,1.38876,20.78609164516129,1.0,1.0,1.0,1.0,none,0:1.0500|1:0.9300|2:1.0300|3:0.9400|4:0.9500|5:1.1000|6:0.8200|,Osman Özkan:4:51609,1740704,8,187425,1578,31,37.26513916462973,37.087642540459875,none,356935
Temkinli,22,1639,2015,8,1236,1049,187,5093,136,27,0,0,153,2841395,1770096,1053807,224750,47430,86726,109678,0,1871,583352,882643,229943,0,652700,652700,0,14056625,110542,0,831819,1599879,0,3.0,0.0,2.0,0.0,1.0,623.9076248064516,640.909091,392.0,390.2214077419355,620.9926685161291,1.398416,20.29633706451613,1.0,1.0,1.0,1.0,none,0:1.0500|1:0.9300|2:1.0300|3:0.9400|4:0.9500|5:1.1000|6:0.8200|,Osman Özkan:4:51609,1777306,8,187425,1609,31,37.08766292613311,37.17018603168921,none,395927
Temkinli,22,1669,2015,9,1207,1017,190,4856,133,32,0,0,165,3005455,1922817,1061258,217500,45900,84499,92940,0,1174,619245,924775,374914,0,549861,549861,0,14377528,110542,0,850561,1548270,0,3.0,0.0,2.0,0.0,1.0,624.3106058666667,644.090909,404.136364,399.5090909,624.0712122,1.408139,20.543847533333334,1.0,1.0,1.0,1.0,none,0:1.0500|1:0.9300|2:1.0300|3:0.9400|4:0.9500|5:1.1000|6:0.8200|,Osman Özkan:4:51609,2008836,8,187425,1640,30,35.311059390341896,35.266779035576576,none,431820
Temkinli,22,1700,2015,10,1335,1139,196,5487,120,59,0,0,166,3150160,2014366,1117921,224750,47430,87905,96689,0,981,660166,1009009,424342,0,584667,584667,0,14835858,110542,0,869303,1599879,0,3.0,0.0,2.0,0.0,1.0,630.4545453225807,648.8636359999999,406.0073314838709,404.0029325483871,629.1304985483871,1.417612,20.950728,1.0,1.0,1.0,1.0,none,0:1.0500|1:0.9300|2:1.0300|3:0.9400|4:0.9500|5:1.1000|6:0.8200|,Osman Özkan:4:51609,2011750,8,187425,1670,31,35.48775300302207,35.60085584344043,none,472741
Temkinli,22,1730,2015,11,1307,1124,183,5313,136,30,0,0,154,3196940,2073204,1105439,217500,45900,85669,94200,0,1171,660999,1050233,299687,0,750546,750546,0,15100460,110542,0,888045,1548270,0,3.0,0.0,2.0,0.0,1.0,624.8787876666667,653.863636,407.181818,405.94393940000003,624.2287879333333,1.427469,23.002950833333333,1.0,1.0,1.0,1.0,none,0:1.0500|1:0.9250|2:1.0300|3:0.9350|4:0.9450|5:1.1000|6:0.8200|,Osman Özkan:4:51609,2131932,8,187425,1701,30,34.57803399500773,34.83827167178448,none,473574
Temkinli,22,1761,2015,12,1397,1208,189,5907,121,72,0,0,159,3642130,2416242,1206435,224750,47430,89114,107818,0,941,736382,1256520,657628,0,598892,598892,0,15843706,117045,0,907890,1602551,0,3.0,0.0,2.0,0.0,1.0,617.8372433870968,658.181818,410.68181799999996,408.630498483871,619.587976483871,1.437072,26.305252741935487,1.0,1.0,1.0,1.0,none,0:1.0500|1:0.9100|2:1.0300|3:0.9200|4:0.9300|5:1.1000|6:0.8200|,Osman Özkan:4:51609,2411166,8,198450,1731,31,33.12443542652239,33.52912560781103,none,537932
Temkinli,22,1792,2016,1,1341,1146,195,5677,128,65,0,0,177,3736685,2428052,1297687,236750,50220,89735,108562,0,567,811853,1117921,436355,0,681566,539852,0,16412516,117045,0,927735,1682711,0,3.0,0.0,2.0,0.0,1.0,640.8651026774194,662.272727,416.590909,414.00733141935484,635.8035190967743,1.447064,22.949727193548387,1.0,1.0,1.0,1.0,none,0:1.0500|1:0.9300|2:1.0300|3:0.9400|4:0.9500|5:1.1000|6:0.8200|,Osman Özkan:4:54281,2457124,8,198450,1762,31,34.72829526706158,34.99553849015059,none,613403
Temkinli,22,1821,2016,2,1262,1065,197,5007,151,71,0,0,168,3279505,2092486,1171644,338450,73204,84555,102312,0,33245,539878,981822,425463,0,556359,698073,0,16713972,117045,0,947580,1574149,0,3.7586206896551726,0.0,2.0,0.7586206896551724,1.0,646.2617554827585,667.272727,407.454545,410.221003137931,643.6974920000001,1.4576940000000003,22.568824965517244,1.0,1.0,1.0,1.0,none,0:1.0500|1:0.9300|2:1.0300|3:0.9400|4:0.9500|5:1.1000|6:0.8200|,Osman Özkan:4:54281,2096986,8,198450,1793,29,35.7262452717712,36.95208767295369,none,341428
Temkinli,22,1852,2016,3,1346,1142,204,5884,109,58,0,0,166,3546890,2287696,1235618,401450,87172,91007,100099,0,1274,554616,574879,71768,0,503111,503111,0,16784898,117045,0,967425,1682711,0,4.0,0.0,2.0,1.0,1.0,640.124633483871,671.1363640000001,413.409091,411.800586483871,644.2287388709677,1.467709,24.174697387096774,1.0,1.0,1.0,1.0,none,0:1.0500|1:0.9300|2:1.0300|3:0.9400|4:0.9500|5:1.1000|6:0.8200|,Osman Özkan:4:54281,2321634,8,198450,1822,31,34.83665972161528,35.41740633382194,none,356166
Temkinli,22,1882,2016,4,1326,1106,220,5576,119,39,0,0,194,3273330,2102589,1152089,388500,84360,88731,97590,0,1002,491906,495889,1563,0,494326,494326,0,16754176,117045,0,987270,1628430,0,4.0,0.0,2.0,1.0,1.0,647.3939394333333,676.590909,417.272727,415.2030303,646.4696970666666,1.4784910000000002,23.798209333333332,1.0,1.0,1.0,1.0,none,0:1.0500|1:0.9300|2:1.0300|3:0.9400|4:0.9500|5:1.1000|6:0.8200|,Osman Özkan:4:54281,2152122,8,198450,1853,30,35.19623747071026,35.545777990254194,none,293456
Temkinli,22,1913,2016,5,1396,1181,215,5878,132,54,0,0,175,3373785,2160080,1190961,401450,87172,92340,101556,0,1079,507364,376038,-228119,0,604157,604157,0,16520912,117045,0,1007115,1682711,0,4.0,0.0,2.0,1.0,1.0,657.001465967742,680.909091,422.636364,420.00293248387095,652.7976539677419,1.489001,23.68162809677419,1.0,1.0,1.0,1.0,none,0:1.0500|1:0.9300|2:1.0300|3:0.9400|4:0.9500|5:1.1000|6:0.8200|,Osman Özkan:4:54281,2194314,8,198450,1883,31,35.30044149227055,35.67192983694941,none,308914
Temkinli,22,1943,2016,6,1379,1177,202,6040,105,51,0,0,181,3354725,2180551,1155352,388500,84360,90021,113850,0,486,478135,-313825,-785045,0,471220,471220,0,15440438,123547,0,1028062,1631262,0,4.0,0.0,2.0,1.0,1.0,656.4772728333334,685.6818179999999,431.09090899999995,427.41515146666666,658.9075757666667,1.499939,24.272944633333335,1.0,1.0,1.0,1.0,none,0:1.0500|1:0.9300|2:1.0300|3:0.9400|4:0.9500|5:1.1000|6:0.8200|,Osman Özkan:4:54281,2208990,8,209475,1914,30,34.43954422493647,34.332698656965476,none,268660
Temkinli,22,1974,2016,7,1306,1091,215,5351,124,34,0,0,190,2990885,1925974,1051108,413450,89962,93673,118482,0,1150,334391,-337514,-969010,0,631496,505531,0,14579496,123547,0,1049009,1770503,0,4.0,0.0,2.0,1.0,1.0,670.5571846774193,692.045455,437.0,434.0381230967742,669.1348972580645,1.510601,22.34042041935484,1.0,1.0,1.0,1.0,none,0:1.0500|1:0.9300|2:1.0300|3:0.9400|4:0.9500|5:1.1000|6:0.8200|,Osman Özkan:4:57113,1961046,8,209475,1944,31,35.143711643877985,34.83031574552067,none,124916
Temkinli,22,2005,2016,8,1426,1225,201,6257,92,30,0,0,181,3531347,2251285,1257336,413850,89962,94356,119350,0,1745,538073,484110,-84271,0,568381,694346,110790,14483355,123547,0,1069956,1770503,0,4.0,0.0,2.0,1.0,1.0,669.9046918709678,696.590909,423.31818200000004,427.4457477741936,670.7536657096774,1.521698,23.631017,1.0,1.0,1.0,1.0,none,0:1.0500|1:0.9300|2:1.0300|3:0.9400|4:0.9500|5:1.1000|6:0.8200|,Osman Özkan:4:57113,2251936,8,209475,1975,31,35.60499718662595,36.80919283939923,none,328598
Temkinli,22,2035,2016,9,1350,1148,202,6012,129,56,0,0,181,3739165,2427134,1288455,400500,87060,92002,101160,0,756,606977,580587,1289,0,579298,579298,1149524,15484844,123547,0,1090903,1713390,0,4.0,0.0,2.0,1.0,1.0,676.7272726666667,702.272727,442.363636,437.2318181,676.5484848666667,1.5328759999999997,24.308651899999997,1.0,1.0,1.0,1.0,none,0:1.0500|1:0.9300|2:1.0300|3:0.9400|4:0.9500|5:1.1000|6:0.8200|,Osman Özkan:4:57113,2492800,8,209475,2006,30,34.45836169305179,34.63191837136235,none,397502
Temkinli,22,2066,2016,10,1280,1077,203,5121,108,56,0,0,181,3221185,2069322,1135244,413850,89962,95750,105276,0,530,429876,342884,-361331,0,704215,704215,1003228,15018175,123547,0,1111850,1770503,0,4.0,0.0,2.0,1.0,1.0,686.1070380645162,706.1363640000001,443.590909,442.0117301935484,683.2991201935483,1.543772,22.53077019354839,1.0,1.0,1.0,1.0,none,0:1.0500|1:0.9300|2:1.0300|3:0.9400|4:0.9500|5:1.1000|6:0.8200|,Osman Özkan:4:57113,2067918,8,209475,2036,31,35.2430549626923,35.34669018243067,none,220401
Temkinli,22,2096,2016,11,1317,1123,194,5415,106,62,0,0,170,3444540,2209903,1219204,400500,87060,93322,102630,0,422,535270,684111,91974,0,592137,592137,1030558,15163767,123547,0,1132797,1713390,0,4.0,0.0,2.0,1.0,1.0,686.1666665666667,712.272727,438.90909100000005,440.3287878333333,687.9272727,1.555113,23.131868766666667,1.0,1.0,1.0,1.0,none,0:1.0500|1:0.9300|2:1.0300|3:0.9400|4:0.9500|5:1.1000|6:0.8200|,Osman Özkan:4:57113,2204180,8,209475,2067,30,35.39526322818141,36.034623600102194,none,325795
Temkinli,22,2127,2016,12,1336,1133,203,5305,111,79,0,0,168,3551685,2265883,1267629,413850,89962,97115,117490,0,690,548522,869820,314344,0,555476,555476,1018116,15567816,133301,0,1155398,1775328,0,4.0,0.0,2.0,1.0,1.0,690.7478005483871,716.1363640000001,441.045455,440.2712609032258,692.9853372580645,1.566167,23.301913161290326,1.0,1.0,1.0,1.0,none,0:1.0500|1:0.9300|2:1.0300|3:0.9400|4:0.9500|5:1.1000|6:0.8200|,Osman Özkan:4:57113,2282352,8,226012,2097,31,35.69091853584989,36.14956795376656,none,322510
Temkinli,22,2158,2017,1,1216,988,228,4700,134,69,0,0,194,3352145,2131516,1201355,431850,94147,97845,118358,0,962,458193,438169,-224778,0,662947,662947,960852,15237255,133301,0,1177999,1920078,0,4.0,0.0,2.0,1.0,1.0,701.9501467741935,722.5,449.045455,445.58064512903223,698.6612902580645,1.577672,20.97333864516129,1.0,1.0,1.0,1.0,none,0:1.0500|1:0.9300|2:1.0300|3:0.9400|4:0.9500|5:1.1000|6:0.8200|,Osman Özkan:4:61938,2188326,8,226012,2128,31,35.83839601210568,36.02886799531492,none,232181
Temkinli,22,2186,2017,2,1077,899,178,4114,97,43,0,0,159,3022465,1926292,1081046,390600,85036,89497,108248,0,664,407001,413895,-126405,0,540300,540300,877122,14992314,133301,0,1200600,1734264,0,4.0,0.0,2.0,1.0,1.0,708.4659091785715,731.5909089999999,452.772727,450.0584415357143,709.2126624285714,1.597686,21.767464035714287,1.0,1.0,1.0,1.0,none,0:1.0500|1:0.9300|2:1.0300|3:0.9400|4:0.9500|5:1.1000|6:0.8200|,Osman Özkan:4:61938,1956062,8,226012,2159,28,35.767031214588094,36.09110598914126,none,180989
Temkinli,22,2217,2017,3,1203,993,210,4670,140,38,0,0,175,3223120,2042626,1168190,432450,94147,100233,110205,0,927,430228,200251,-316001,0,516252,516252,922772,14701774,133301,0,1223201,1920078,0,4.0,0.0,2.0,1.0,1.0,723.2697946774194,739.772727,462.81818200000004,458.29912025806453,715.5791787096774,1.61598,20.62341706451613,1.0,1.0,1.0,1.0,none,0:1.0500|1:0.9300|2:1.0300|3:0.9400|4:0.9500|5:1.1000|6:0.8200|,Osman Özkan:4:61938,2080320,8,226012,2187,31,36.24407406488123,36.01029859038723,none,204216
Temkinli,22,2247,2017,4,1224,1007,217,4812,111,42,0,0,188,3219615,2070662,1125203,418500,91110,98230,108000,0,1109,408254,214683,-439515,0,654198,525688,963688,14458520,133301,0,1245802,1858140,0,4.0,0.0,2.0,1.0,1.0,723.8787877666667,749.3181820000001,467.818182,464.9454545666667,722.6787878666668,1.636479,21.13691223333333,1.0,1.0,1.0,1.0,none,0:1.0500|1:0.9300|2:1.0300|3:0.9400|4:0.9500|5:1.1000|6:0.8200|,Osman Özkan:4:61938,2094230,8,226012,2218,30,34.94837115617861,35.373409208007445,none,182242
Temkinli,22,2278,2017,5,1263,1002,261,4658,167,36,0,0,223,3210800,2000674,1188275,432450,94147,102745,112964,0,589,445380,581986,19637,0,562349,690859,923582,14270540,133301,0,1268403,1920078,0,4.0,0.0,2.0,1.0,1.0,744.765396032258,758.6363640000001,465.045455,465.4956009354839,733.1994133548387,1.656565,19.26661980645161,1.0,1.0,1.0,1.0,none,0:1.0500|1:0.9300|2:1.0300|3:0.9400|4:0.9500|5:1.1000|6:0.8200|,Osman Özkan:4:61938,2051124,8,226012,2248,31,37.008689423196714,37.55812803903989,none,219368
Temkinli,22,2308,2017,6,1249,1027,222,4977,96,27,0,0,206,3170485,1987386,1162231,418500,91110,100691,127320,0,1640,422970,178209,-332342,0,510551,510551,851880,13860841,144680,0,1292933,1863447,0,4.0,0.0,2.0,1.0,1.0,743.0984850666666,767.727273,469.59696993333336,467.42878766666666,745.5409091666667,1.677579,21.312316733333333,1.0,1.0,1.0035714,0.9989285999999999,0,0:1.0500|1:0.9300|2:1.0300|3:0.9400|4:0.9500|5:1.1000|6:0.8200|,Osman Özkan:4:61938,1998842,8,245306,2279,30,36.65782995346138,36.80555412635463,none|0,177664
Temkinli,22,2339,2017,7,1266,1006,260,4866,136,20,0,0,220,3039008,1938709,1088348,320950,69220,105319,133176,0,1473,458210,-761037,-1362537,0,601500,601500,940782,12550986,144680,0,1317463,2084595,0,3.193548387096774,0.0,2.0,0.1935483870967742,1.0,757.5513194516129,777.045455,497.7991203870968,484.2947213548387,750.9956012258065,1.698169,20.615728032258065,1.0,1.0,1.2183179999999998,0.9345045806451613,0,0:1.0500|1:0.9200|2:1.0300|3:0.9300|4:0.9400|5:1.1000|6:0.8200|,Osman Özkan:4:67245,2013410,8,245306,2309,31,35.8126072718466,34.288396362711005,0,212904
Temkinli,22,2370,2017,8,1361,1109,252,5859,131,26,0,0,228,3649717,2421041,1210263,289850,62062,106653,134881,0,2177,614640,-2970349,-3484037,0,513688,513688,1198656,9379489,144680,0,1341993,2084595,0,3.0,0.0,2.0,0.0,1.0,754.2888565806452,787.045455,506.409091,501.19208216129033,747.7111435806452,1.719711,23.479794806451615,1.0,1.0,1.25,0.925,0,0:1.0500|1:0.9100|2:1.0300|3:0.9200|4:0.9300|5:1.1000|6:0.8200|,Osman Özkan:4:67245,2411846,8,245306,2340,31,33.16046148235603,32.86271080608798,0,369334
Temkinli,22,2400,2017,9,1251,1023,228,4925,163,43,0,0,197,3740045,2520617,1179973,280500,60060,104533,114930,0,2121,617829,-86873,-620210,0,533337,533337,1321492,8830962,144680,0,1366523,2017350,0,3.0,0.0,2.0,0.0,1.0,763.4924243999999,797.727273,516.318182,511.82727266666666,760.9969696333334,1.741526,21.5445838,1.0,1.0,1.25,0.925,0,0:1.0500|1:0.9250|2:1.0300|3:0.9350|4:0.9450|5:1.1000|6:0.8200|,Osman Özkan:4:67245,2588692,8,245306,2371,30,31.54970060520662,32.37415781751141,0,372523
Temkinli,22,2431,2017,10,1280,1054,226,4909,177,46,0,0,197,3447570,2293563,1125714,289850,62062,109351,120218,0,1048,543185,-328219,-985918,0,657699,657699,1064112,7519601,144680,0,1391053,2084595,0,3.0,0.0,2.0,0.0,1.0,784.8973606774193,806.818182,529.318182,524.0058651612903,777.5439882580646,1.762901,20.58401935483871,1.0,1.0,1.25,0.925,0,0:1.0500|1:0.9300|2:1.0300|3:0.9400|4:0.9500|5:1.1000|6:0.8200|,Osman Özkan:4:67245,2382432,8,245306,2401,31,32.65238994422158,32.56211467660399,0,297879
Temkinli,22,2461,2017,11,1188,954,234,4478,138,45,0,0,205,3287701,2196819,1067296,280500,60060,107173,117840,0,415,501308,-420509,-935395,0,514886,514886,996596,6517614,144680,0,1415583,2017350,0,3.0,0.0,2.0,0.0,1.0,799.7424245,817.272727,541.272727,535.4181819,791.1469697,1.785264,20.0123252,1.0,1.0,1.25,0.925,0,0:1.0500|1:0.9300|2:1.0300|3:0.9400|4:0.9500|5:1.1000|6:0.8200|,Osman Özkan:4:67245,2229252,8,245306,2432,30,32.46329273860366,32.3191179537081,0,256002
Temkinli,22,2492,2017,12,1318,1079,239,4921,199,77,0,0,182,4043580,2748290,1267697,289850,62062,112080,135563,0,0,668142,158546,-515730,0,674276,543272,1125464,6221638,154434,0,1441767,2089335,0,3.0,0.0,2.0,0.0,1.0,805.960410483871,827.272727,547.0703813225806,543.9516130000001,801.0527859354838,1.807175,20.71490148387097,0.9580645161290322,0.9580645161290322,1.2479032258064517,0.897454870967742,1,0:1.0500|1:0.9300|2:1.0300|3:0.9400|4:0.9500|5:1.1000|6:0.8200|,Osman Özkan:4:67245,2808056,8,261844,2462,31,31.350857408534022,32.12192879373091,0|1,406298
Temkinli,22,2523,2018,1,1101,843,258,3855,275,31,0,0,199,3399125,2307516,1061629,307850,66247,113498,137299,0,3292,433443,-488905,-1033713,0,544808,675812,1117854,5047750,154434,0,1467951,2231535,0,3.0,0.0,2.0,0.0,1.0,823.0865103870967,837.5,554.8035190322581,550.9941349032258,810.6026392903226,1.8301,19.00918241935484,0.9,0.9,1.2266666774193549,0.7907742903225806,1,0:1.0500|1:0.9300|2:1.0300|3:0.9400|4:0.9500|5:1.1000|6:0.8200|,Osman Özkan:4:71985,2343814,8,261844,2493,31,31.23242010811606,32.594750122762356,1,171599
Temkinli,22,2551,2018,2,1016,780,236,3702,218,44,0,0,180,3216185,2150150,1051698,278600,59836,103579,125300,0,4401,479982,79050,-498609,0,577659,577659,1106518,4543215,154434,0,1494135,2015580,0,3.0,0.0,2.0,0.0,1.0,822.9788958214286,846.5909089999999,541.7256493928571,546.1006493571429,819.6996752142858,1.849195,20.594396964285714,0.9,0.9,1.2020833214285713,0.8,1,0:1.0500|1:0.9300|2:1.0300|3:0.9400|4:0.9500|5:1.1000|6:0.8200|,Osman Özkan:4:71985,2147638,8,261844,2524,28,32.70017116552686,34.17502536900999,1,218138
Temkinli,22,2582,2018,3,1190,961,229,4470,211,26,0,0,200,3476775,2303401,1149857,308450,66247,115762,127317,0,1975,530106,-180244,-732559,0,552315,552315,930042,3649486,154434,0,1520319,2231535,0,3.0,0.0,2.0,0.0,1.0,827.0307915806452,854.318182,550.6158357096775,547.7756598709677,828.7478006774193,1.866614,21.46684309677419,0.9,0.9,1.1775,0.8,1,0:1.0500|1:0.9300|2:1.0300|3:0.9400|4:0.9500|5:1.1000|6:0.8200|,Osman Özkan:4:71985,2318896,8,261844,2552,31,33.072516915819975,33.42257128572872,1,268262
Temkinli,22,2612,2018,4,1137,902,235,4083,195,28,0,0,199,3215065,2085167,1107333,298500,64110,113198,124470,0,1181,505874,56839,-663864,0,720703,720703,1035026,3011825,154434,0,1546503,2159550,0,3.0,0.0,2.0,0.0,1.0,847.0000000333333,863.863636,552.1075757,550.5696969666666,842.1454546333333,1.886091,20.5378116,0.9,0.9,1.1520833333333333,0.8,1,0:1.0500|1:0.9300|2:1.0300|3:0.9400|4:0.9500|5:1.1000|6:0.8200|,Osman Özkan:4:71985,2187476,8,261844,2583,30,34.44200972608641,34.816106767618415,1,244030
Temkinli,22,2643,2018,5,1202,953,249,4259,256,18,0,0,199,3465030,2247212,1196817,308450,66247,118150,129921,0,2574,571475,481708,-128650,0,610358,610358,1023568,2920690,154434,0,1572687,2231535,0,3.0,0.0,2.0,0.0,1.0,850.0073313225806,871.590909,551.8900293548387,551.0630498387097,847.4340175483871,1.905133,20.038721096774193,0.9,0.9,1.126666677419355,0.8,1,0:1.0500|1:0.9300|2:1.0300|3:0.9400|4:0.9500|5:1.1000|6:0.8200|,Osman Özkan:4:71985,2214806,8,261844,2613,31,34.53987411364404,35.07232125914516,1,309631
Temkinli,22,2673,2018,6,1176,928,248,4265,250,18,0,0,208,3160813,2027869,1107151,298500,64110,115539,146100,0,3319,479583,-205919,-755372,0,549453,549453,862678,2012884,165814,0,1600801,2164692,0,3.0,0.0,2.0,0.0,1.0,858.8560606,880.909091,554.5227272666667,553.0227272,851.3545454333333,1.925011,20.075528533333333,0.9,0.9,1.10125,0.8,1,0:1.0500|1:0.9300|2:1.0300|3:0.9400|4:0.9500|5:1.1000|6:0.8200|,Osman Özkan:4:71985,2047112,8,281137,2644,30,35.02741225121512,35.43473083495794,1,198446
Temkinli,22,2704,2018,7,1204,952,252,4698,256,23,0,0,196,3445741,2225604,1203648,329450,71145,120599,152489,0,4912,525053,-802882,-1483061,0,680179,680179,955744,606786,165814,0,1628915,2390937,0,3.0,0.0,2.0,0.0,1.0,869.1202345483871,889.772727,567.6744868387098,562.4882697419355,860.4413489354839,1.944446,19.642601451612904,0.9,0.9,1.0758333225806451,0.8,1,0:1.0500|1:0.9300|2:1.0300|3:0.9400|4:0.9500|5:1.1000|6:0.8200|,Osman Özkan:4:77127,2247088,8,281137,2674,31,34.9314704732596,34.68400984431283,1,243916
Temkinli,22,2735,2018,8,1170,892,278,4331,202,137,0,0,209,3320757,2154922,1160145,330150,71145,121840,154101,0,83777,399132,-702986,-1276703,0,573717,403962,834251,-19029,0,0,1491215,2390937,0,3.0,0.0,2.0,0.0,1.0,877.9472138709677,899.090909,571.5146627419355,569.1041053870969,868.7331379032258,1.964735,19.451534677419353,0.9,0.9,1.0499999999999998,0.8,1,0:1.0500|1:0.9300|2:1.0300|3:0.9400|4:0.9500|5:1.1000|6:0.8200|,Osman Özkan:4:77127,1601482,8,0,2705,31,34.936160640480466,34.90330014010031,1,399132
Temkinli,22,2765,2018,9,802,104,698,249,49,1583,0,0,14,475743,321235,154508,319500,68850,119141,131040,0,174869,-658892,-5477982,-5915206,0,437224,116256,766039,-4271280,0,0,1353515,2313810,0,3.0,0.0,2.0,0.0,1.0,878.0984847666666,908.1818179999999,580.7530303333333,569.954545,873.2151515,1.985235,6.733544266666667,0.9,0.9,1.0245833333333334,0.8,1,0:1.0500|1:0.9300|2:1.0300|3:0.9400|4:0.9500|5:1.1000|6:0.8200|,Osman Özkan:4:77127,0,8,0,2736,30,32.47719882373466,33.862426549152474,1,-658892
Temkinli,22,2796,2018,10,825,91,734,477,47,1530,0,0,18,337772,253942,80660,330150,71145,124382,136772,0,131033,-712822,-8109447,-8109727,0,280,774012,0,2685911,110542,0,1326357,2005302,0,3.0,0.0,2.0,0.0,1.0,881.1363636774194,916.818182,604.9589441935484,575.8137825483872,866.8460410645162,2.005278,5.832596580645162,0.9,0.9,1.0028225806451612,0.8,1,0:1.0500|1:0.9300|2:1.0300|3:0.9400|4:0.9500|5:1.1000|6:0.8200|,Osman Özkan:4:77127,1246012,1,187425,2766,31,23.880013737077082,31.343323334341292,1,-900247
Temkinli,22,2826,2018,11,1582,1302,280,7269,106,93,0,2,257,5680095,4222211,1424579,319500,68850,121601,133740,0,1521,779367,510906,485484,0,25422,25422,0,3314095,110542,0,1299199,0,0,3.0,0.0,2.0,0.0,1.0,815.2727274,927.045455,601.3606059333334,604.6757575666667,814.2787875666668,2.026201,30.799481866666667,0.9433333333333334,0.9433333333333334,1.0,0.8173333333333334,none,0:1.0500|1:0.8900|2:1.0300|3:0.9000|4:0.9100|5:1.1000|6:0.8200|,,4112816,1,187425,2797,30,25.080196722061867,26.238105884991068,1|none,591942
Temkinli,22,2857,2018,12,1630,1302,328,6587,108,110,0,0,294,5546293,4077959,1441424,330150,71145,126926,153543,0,4929,754731,667558,566356,0,101202,101202,0,3801730,117045,0,1270444,0,0,3.0,0.0,2.0,0.0,1.0,831.4589443548388,936.590909,611.5777126774193,610.016129032258,821.9633431612903,2.046658,29.651491322580647,1.0,1.0,1.0,0.9670967741935484,none,0:1.0500|1:0.8900|2:1.0300|3:0.9000|4:0.9100|5:1.1000|6:0.8200|,,4183590,1,198450,2827,31,25.988962357379965,26.44523017886756,none,556281
Temkinli,22,2888,2019,1,1697,1362,335,7205,106,90,0,0,310,6323340,4803886,1483974,348150,75330,128250,155155,0,4486,772603,713314,620571,0,92743,92743,0,4440407,117045,0,1241689,0,0,3.0,0.0,2.0,0.0,1.0,830.681818,946.3636359999999,631.9545453870968,627.4472140645162,829.7712612258065,2.068013,29.48600035483871,1.0,1.0,1.0,1.0,2,0:1.0500|1:0.8900|2:1.0300|3:0.9000|4:0.9100|5:1.1000|6:0.8200|,,4821260,1,198450,2858,31,23.46819876837241,23.92339260432726,none|2,574153
Temkinli,22,2916,2019,2,1470,1185,285,6288,107,129,0,8,247,5799775,4395438,1382536,315000,68040,116790,141260,0,9135,732311,602541,504957,0,97584,97584,0,4883125,117045,0,1212934,0,0,3.0,0.0,2.0,0.0,1.0,830.681818,954.0909089999999,624.7824676071428,626.0811689285714,835.7597403928572,2.084821,29.812591821428573,1.0,1.0,1.0,1.0,2,0:1.0500|1:0.8950|2:1.0300|3:0.9050|4:0.9150|5:1.1000|6:0.8200|,,4479478,1,198450,2889,28,23.837752326598878,24.78678910880618,2,533861
Temkinli,22,2947,2019,3,1300,1063,237,5596,84,42,0,0,222,4757810,3580508,1156683,348750,75330,130234,143220,0,7536,451613,336469,255456,0,81013,65759,0,5120728,117045,0,1184179,0,0,3.0,0.0,2.0,0.0,1.0,847.0454549677419,962.045455,640.3299120322581,635.4868034838709,845.1436948387096,2.10012,28.92993148387097,1.0,1.0,1.0,1.0,2,0:1.0500|1:0.9000|2:1.0300|3:0.9100|4:0.9200|5:1.1000|6:0.8200|,,3634234,1,198450,2917,31,24.311248242363607,24.404303419980707,2,253163
Temkinli,22,2977,2019,4,1167,930,237,4816,70,24,0,0,227,3808955,2863958,920821,337500,72900,127054,139740,0,7016,236611,16981,-416766,379591,54156,69410,0,4613662,117045,0,1155424,0,0,3.0,0.0,2.0,0.0,1.0,857.5,969.090909,649.1348483999999,645.4212121333333,851.2045455333333,2.117189,28.8028323,1.0,1.0,1.0,1.0,2,0:1.0500|1:0.9150|2:1.0300|3:0.9250|4:0.9350|5:1.1000|6:0.8200|,,2912338,1,198450,2948,30,24.175160903712435,24.29914304373179,2,38161
Temkinli,22,3008,2019,5,1476,1187,289,6701,77,68,0,0,274,5529040,4170843,1319128,348750,75330,132342,145514,0,15800,601392,484167,24850,378447,80870,80870,0,4614518,117045,0,1126669,0,0,3.0,0.0,2.0,0.0,1.0,858.0718473548388,976.590909,642.3313783870968,644.5014663225807,857.9017592903226,2.13384,31.00295558064516,1.0,1.0,1.0,1.0,2,0:1.0500|1:0.9150|2:1.0300|3:0.9250|4:0.9350|5:1.1000|6:0.8200|,,4181920,1,198450,2978,31,23.8581742942717,25.14247141807541,2,402942
Temkinli,22,3038,2019,6,1369,1127,242,6373,85,21,0,0,233,5048580,3858361,1155888,337500,72900,129094,163260,0,9102,444032,325464,-136019,377277,84206,72957,0,4325452,123547,0,1096316,0,0,3.0,0.0,2.0,0.0,1.0,866.4545458666666,984.3181820000001,670.5530301666666,663.0863636333332,864.9015152,2.151183,30.717154566666668,1.0,1.0,1.0,1.0,2,0:1.0500|1:0.9250|2:1.0300|3:0.9350|4:0.9450|5:1.1000|6:0.8200|,,4003832,1,209475,3009,30,22.89530917604554,22.609554838684648,2,234557
Temkinli,22,3069,2019,7,1463,1190,273,6719,58,45,0,0,260,5049850,3785912,1249341,366750,79515,134451,170035,0,8225,490365,351074,-108393,376081,83386,94635,0,4251971,123547,0,1065963,0,0,3.0,0.0,2.0,0.0,1.0,877.954545,992.5,655.4604105806452,660.0146627419355,871.7917889354839,2.1681009999999996,31.919805322580643,1.0,1.0,1.0,1.0,2,0:1.0500|1:0.9300|2:1.0300|3:0.9400|4:0.9500|5:1.1000|6:0.8200|,,3699996,1,209475,3039,31,24.740160598829668,25.342329587160442,2,280890
Temkinli,22,3100,2019,8,1505,1187,318,7686,113,42,0,3,308,5874460,4392715,1438333,367350,79515,135537,171430,0,7313,677188,509129,48837,374858,85434,85434,0,4274900,123547,0,1035610,0,0,3.0,0.0,2.0,0.0,1.0,877.954545,1000.909091,658.2463342580645,658.1920820645162,879.2448683870967,2.185722,32.83094567741936,1.0,1.0,1.0,1.0,2,0:1.0500|1:0.9300|2:1.0300|3:0.9400|4:0.9500|5:1.1000|6:0.8200|,,4406460,1,209475,3070,31,24.484514321316343,25.025009779058156,2,467713
Temkinli,22,3130,2019,9,1417,1132,285,6617,85,76,0,0,264,5570926,4196132,1338387,355500,76950,132245,145440,0,6766,621486,389991,-85724,373608,102107,102107,0,4066104,123547,0,1005257,0,0,3.0,0.0,2.0,0.0,1.0,887.8409089,1008.863636,670.1954545666666,666.9303029333333,886.7621213333333,2.203487,32.161128,1.0,1.0,1.0,1.0,2,0:1.0500|1:0.9300|2:1.0300|3:0.9400|4:0.9500|5:1.1000|6:0.8200|,,4298786,1,209475,3101,30,24.024497902144095,24.514015084412765,2,412011
Temkinli,22,3161,2019,10,1442,1190,252,6774,96,60,0,0,230,5994253,4535924,1421606,367350,79515,137738,151466,0,8918,676619,444204,-8069,372329,79944,79944,0,3956700,123547,0,974904,0,0,3.0,0.0,2.0,0.0,1.0,895.5131962258065,1016.1363640000001,679.4530792258064,676.699413483871,892.5835774516129,2.220816,32.10899870967742,1.0,1.0,1.0,1.0,2,0:1.0500|1:0.9300|2:1.0300|3:0.9400|4:0.9500|5:1.1000|6:0.8200|,,4615878,1,209475,3131,31,23.716149451816598,24.126960709300352,2,467144
Temkinli,22,3191,2019,11,1307,1022,285,6202,89,86,0,0,258,5523271,4229296,1267087,355500,76950,134375,147780,0,4908,547574,382343,-68698,371022,80019,80019,0,3790035,123547,0,944551,0,0,3.0,0.0,2.0,0.0,1.0,899.7272727,1024.545455,692.0681817999999,688.2712121333333,899.3136365666667,2.238867,31.746897266666668,1.0,1.0,1.0,1.0,2,0:1.0500|1:0.9300|2:1.0300|3:0.9400|4:0.9500|5:1.1000|6:0.8200|,,4294740,1,209475,3162,30,22.94088050360013,23.080226330900686,2,338099
Temkinli,22,3222,2019,12,1171,932,239,5402,108,92,0,0,219,5067634,3919901,1116881,367350,79515,139940,169291,0,7386,353399,343392,-108637,369685,82344,82344,0,3623551,135469,0,911270,0,0,3.0,0.0,2.0,0.0,1.0,907.258064516129,1032.954545,698.9780059032258,696.0850439354839,907.7947213548388,2.256474,32.069756193548386,1.0,1.0,1.0,1.0,2,0:1.0500|1:0.9300|2:1.0300|3:0.9400|4:0.9500|5:1.1000|6:0.8200|,,3947852,1,229687,3192,31,22.039496143565223,22.957090904888886,2,123712
Temkinli,22,3253,2020,1,1401,1040,361,6254,103,110,0,0,335,6125402,4700236,1386483,400350,87172,141121,170655,0,7333,579852,393833,-62558,368318,88073,88073,0,3561355,135469,0,877989,0,0,3.0,0.0,2.0,0.0,1.0,917.6026396774192,1040.681818,700.3944282580644,699.6055718709678,914.6378300967741,2.274814,31.447984774193547,1.0,1.0,1.0,1.0,2,0:1.0500|1:0.9300|2:1.0300|3:0.9400|4:0.9500|5:1.1000|6:0.8200|,,4676442,1,229687,3223,31,22.634971549622374,23.67127142264039,2,350165
Temkinli,22,3282,2020,2,1138,846,292,5058,82,56,0,0,273,4858641,3732753,1089623,375550,81548,134076,162139,0,6611,329699,290589,-142718,366921,66386,66386,0,3244783,135469,0,844708,0,0,3.0,0.0,2.0,0.0,1.0,927.7978056551724,1057.5,711.7711598275863,707.860501586207,929.3573671724138,2.310313,31.473485413793103,1.0,1.0,1.0,1.0,2,0:1.0500|1:0.9300|2:1.0300|3:0.9400|4:0.9500|5:1.1000|6:0.8200|,,3879360,1,229687,3254,29,22.426497450624566,23.28380650512932,2,100012
Temkinli,22,3313,2020,3,1143,868,275,5229,80,58,0,0,261,4798305,3625381,1143904,401450,87172,145401,159867,0,6964,343050,89152,-367426,365492,91086,91086,0,2854613,135469,0,811427,0,0,3.0,0.0,2.0,0.0,1.0,945.3152493548388,1072.954545,713.2609969032259,712.0175952903226,942.4076246129033,2.344024,32.12691170967742,1.0,1.0,1.0,1.0,2,0:1.0500|1:0.9300|2:1.0300|3:0.9400|4:0.9500|5:1.1000|6:0.8200|,,3612204,1,229687,3283,31,23.839751745668522,24.547816467573746,2,113363
Temkinli,22,3343,2020,4,1561,1169,392,7194,107,77,0,2,375,6314308,4740153,1541719,388500,84360,142902,157110,0,6063,762784,628307,165674,364031,98602,98602,2375596,5297358,135469,0,778146,0,0,3.0,0.0,2.0,0.0,1.0,959.3106064666666,1090.0,720.8878787,719.0348484333333,958.1015153666666,2.380603,31.990506566666667,1.0,1.0,1.0,1.0,none,0:1.0500|1:0.9300|2:1.0300|3:0.9400|4:0.9500|5:1.1000|6:0.8200|,,4804712,1,229687,3314,30,24.416278078294564,24.853548596197157,2|none,533097
Temkinli,22,3374,2020,5,1719,1295,424,7886,96,130,0,5,398,6953165,5236659,1677090,401450,87172,149899,164796,0,11237,862536,818232,340415,362536,115281,93020,2570840,5759670,135469,0,744865,0,0,3.0,0.0,2.0,0.0,1.0,971.2096777096774,1106.363636,732.8225807096775,729.5263929354838,972.0703810967742,2.416546,33.026691322580646,1.0,1.0,1.0,1.0,none,0:1.0500|1:0.9300|2:1.0300|3:0.9400|4:0.9500|5:1.1000|6:0.8200|,,5303786,1,229687,3344,31,24.119807310771424,24.54537907428685,none,632849
Temkinli,22,3404,2020,6,1695,1312,383,7907,89,78,0,0,367,6735713,4996869,1698927,388500,84360,147344,186270,0,9976,882477,761679,290646,361009,110024,132285,0,3334121,149557,0,708122,0,0,3.0,0.0,2.0,0.0,1.0,990.8484844666667,1123.6363640000002,742.1136364,738.9575757333333,987.3500001666666,2.454257,31.954981866666667,1.0,1.0,1.0,1.0,none,0:1.0500|1:0.9300|2:1.0300|3:0.9400|4:0.9500|5:1.1000|6:0.8200|,,5090456,1,253575,3375,30,25.22267501599311,25.103217289629356,none,628902
Temkinli,22,3435,2020,7,1706,1326,380,8514,63,61,0,3,369,7102781,5402416,1675166,440450,96255,154550,195393,0,8276,780242,628410,171366,359447,97597,97597,2309398,5733322,149557,0,671379,0,0,3.0,0.0,2.0,0.0,1.0,1000.3445749354838,1140.681818,770.1466275483871,762.2859236451613,1002.4501464516129,2.491312,33.86743499999999,0.9790322580645161,0.9790322580645161,1.0,0.9865207419354838,3,0:1.0500|1:0.9300|2:1.0300|3:0.9400|4:0.9500|5:1.1000|6:0.8200|,,5438192,1,253575,3405,31,23.58464944927909,23.01186542666492,none|3,526667
Temkinli,22,3466,2020,8,1634,1258,376,7570,119,73,0,0,362,6767714,5072575,1642447,441750,96255,156939,198431,0,10795,738277,585078,103633,357850,123595,123595,0,3508599,149557,0,634636,0,0,3.0,0.0,2.0,0.0,1.0,1020.821114451613,1158.409091,768.6568916129032,768.5043987096774,1018.2126099677419,2.5301889999999996,31.808408483870966,0.95,0.95,1.0,0.9251728064516129,3,0:1.0500|1:0.9300|2:1.0300|3:0.9400|4:0.9500|5:1.1000|6:0.8200|,,5071642,1,253575,3436,31,24.268859470125363,24.702097093100672,3,484702
Temkinli,22,3496,2020,9,1609,1245,364,7575,123,120,0,0,343,7384027,5490614,1848601,427500,93150,154248,169590,0,12881,991232,711947,244242,356216,111489,111489,0,3752966,149557,0,597893,0,0,3.0,0.0,2.0,0.0,1.0,1032.909091,1176.3636359999998,766.4757576,767.4257574666667,1033.5409090666667,2.569674,32.646356399999995,0.95,0.95,1.0,0.925,3,0:1.0500|1:0.9300|2:1.0300|3:0.9400|4:0.9500|5:1.1000|6:0.8200|,,5461084,1,253575,3467,30,25.03513326806633,25.79446107324464,3,737657
Temkinli,22,3527,2020,10,1716,1303,413,7727,145,108,0,0,382,7503610,5644562,1811211,441750,96255,161808,177909,0,10497,922992,772902,307426,354547,110929,110929,0,3913311,149557,0,561150,0,0,3.0,0.0,2.0,0.0,1.0,1056.495601,1193.863636,800.5659823870967,792.8357771612904,1049.3343108387098,2.608471,30.867361806451616,0.95,0.95,1.0,0.925,3,0:1.0500|1:0.9300|2:1.0300|3:0.9400|4:0.9500|5:1.1000|6:0.8200|,,5763594,1,253575,3497,31,24.13786164259603,24.22439036855993,3,669417
Temkinli,22,3557,2020,11,1579,1187,392,7406,119,82,0,0,364,7155250,5524798,1583494,427500,93150,159020,174840,0,10376,718608,438543,-36246,352839,121950,121950,0,3692347,149557,0,524407,0,0,3.0,0.0,2.0,0.0,1.0,1055.681818,1212.5,818.8257576666667,813.780303,1065.8090909,2.649177,31.715336999999998,0.95,0.95,1.0,0.925,3,0:1.0500|1:0.9300|2:1.0300|3:0.9400|4:0.9500|5:1.1000|6:0.8200|,,5678880,1,253575,3528,30,22.13051954858321,22.436311424029213,3,465033
Temkinli,22,3588,2020,12,1682,1264,418,7439,154,118,0,0,384,8068882,6137109,1893629,441750,96255,166802,201748,0,19710,967364,823171,359056,351093,113022,113022,0,4046858,172316,0,482073,0,0,3.0,0.0,2.0,0.0,1.0,1088.966275580645,1230.909091,827.8284458387096,825.1319647419356,1081.7052783548386,2.689175,29.768995838709678,0.95,0.95,1.0,0.925,3,0:1.0500|1:0.9300|2:1.0300|3:0.9400|4:0.9500|5:1.1000|6:0.8200|,,6100458,1,292162,3558,31,23.468294616280172,23.98034131981679,3,675202
Temkinli,22,3619,2021,1,1654,1262,392,7799,142,137,0,0,357,9134808,6968116,2116576,504750,110887,169445,204879,0,9737,1116878,911745,409853,349308,152584,135202,3383816,7664352,172316,0,439739,0,0,3.0,0.0,2.0,0.0,1.0,1090.0,1250.227273,824.316715548387,825.1392961612903,1098.9648092258064,2.731141,31.745223387096775,0.95,0.95,1.0,0.925,3,0:1.0500|1:0.9300|2:1.0300|3:0.9400|4:0.9500|5:1.1000|6:0.8200|,,7130664,1,292162,3589,31,23.170448683759965,24.374613252441556,3,824716
Temkinli,22,3647,2021,2,1416,1062,354,5608,147,96,0,0,317,6299119,4645930,1620547,457800,100156,156494,189224,0,14288,702585,463830,11050,347483,105297,100119,0,4172736,172316,0,397405,0,0,3.0,0.0,2.0,0.0,1.0,1143.2873375714285,1278.1818179999998,846.4334416785714,838.8003246428572,1122.573052107143,2.792682,28.53682457142857,0.95,0.95,1.0,0.925,3,0:1.0500|1:0.9300|2:1.0300|3:0.9400|4:0.9500|5:1.1000|6:0.8200|,,4719650,1,292162,3620,28,25.726565889610914,25.964942157361268,3,410423
Temkinli,22,3653,2021,3,324,243,81,1414,20,10,0,0,77,1532045,1133857,394345,98100,21462,34194,37614,0,3075,199900,194200,194200,0,0,22560,0,4377426,0,0,397405,0,0,3.0,0.0,2.0,0.0,1.0,1152.6515153333332,1304.318182,871.7878786666666,853.6439396666666,1146.212121,2.849458,29.919505,0.9499999999999998,0.9499999999999998,1.0,0.9250000000000002,3,0:1.0500|1:0.9300|2:1.0300|3:0.9400|4:0.9500|5:1.1000|6:0.8200|,,1104650,1,0,3648,6,25.7397791840318,24.366743367829102,3,199900
Temkinli,23,25,2011,3,1334,1213,121,5595,213,59,0,0,98,2367435,1726862,630254,171250,38525,50012,55000,0,5000,310467,189192,134541,0,54651,54651,548746,183016,71527,0,12127,0,0,3.0,1.0,2.0,0.0,0.0,450.45454568,457.7272730000001,321.37636363999997,329.9,448.3745454,1.0,27.22310308,1.0,1.0,1.0,1.0,none,0:1.0000|1:0.9200|2:1.0300|3:0.9400|4:0.9500|5:1.1000|6:0.8200|,,1994896,1,121275,1,25,26.62180799050449,28.65509589766608,none,189192
Temkinli,23,55,2011,4,1664,1526,138,7068,187,102,0,2,108,2926070,2042663,860825,205500,46230,60374,66390,0,11997,470334,399355,295331,0,104024,110971,988798,937603,71527,0,24254,0,0,3.0,1.0,2.0,0.0,0.0,443.65151499999996,459.09090899999995,306.5000001,310.0439394333333,442.69696966666663,1.00592,28.385266933333334,1.0,1.0,1.0,1.0,none,0:1.0000|1:0.9150|2:1.0300|3:0.9300|4:0.9500|5:1.1000|6:0.8200|,,2044928,1,121275,26,30,29.419152651850435,30.91424468594454,none,349059
Temkinli,23,86,2011,5,1695,1563,132,7315,220,84,0,0,101,2964680,2049568,891903,212350,47771,62821,69099,0,5464,494398,373123,248647,0,124476,129940,928132,1118508,71527,0,36381,0,0,3.0,1.0,2.0,0.0,0.0,449.7507330322581,464.31818200000004,312.0058650645162,310.4266863225806,448.3049852903226,1.01307,29.591813032258063,1.0,1.0,1.0,1.0,none,0:1.0000|1:0.9150|2:1.0300|3:0.9300|4:0.9500|5:1.1000|6:0.8200|,,2077628,1,121275,56,31,30.08429240255272,30.62693573372392,none,373123
Temkinli,23,116,2011,6,1596,1457,139,6613,163,72,0,0,117,2553670,1759892,777660,205500,46230,61245,77460,0,5100,382125,249825,166693,0,83132,83132,808334,1154516,78030,0,49611,0,0,3.0,1.0,2.0,0.0,0.0,459.71212116666663,466.818182,319.94999996666667,317.12575763333336,455.38181820000005,1.020512,27.335123866666667,1.0,1.0,1.0,1.0,none,0:1.0000|1:0.9300|2:1.0300|3:0.9400|4:0.9500|5:1.1000|6:0.8200|,,1784590,1,132300,87,30,30.45264266722012,30.40209617386395,none,249825
Temkinli,23,147,2011,7,1765,1601,164,7401,131,65,0,0,136,2808635,1933544,858830,224350,50561,63751,80600,0,5150,434418,363348,252032,0,111316,85240,782104,1409333,78030,0,62841,0,0,3.0,1.0,2.0,0.0,0.0,460.8797654516129,470.227273,318.95307922580645,318.79178893548385,458.31818174193546,1.027766,26.793797741935485,1.0,1.0,1.0,1.0,none,0:1.0000|1:0.9300|2:1.0300|3:0.9400|4:0.9500|5:1.1000|6:0.8200|,,1945862,1,132300,117,31,30.578199018384375,30.794731482024055,none,302118
Temkinli,23,178,2011,8,1670,1518,152,7397,128,80,0,2,118,2664860,1841949,804700,224750,50561,64216,81189,0,0,383984,349150,266110,0,83040,109116,852722,1701077,78030,0,76071,0,0,3.0,1.0,2.0,0.0,0.0,457.4633429677419,474.090909,317.5205279032258,318.0821114516129,457.4589442258064,1.035317,27.12647106451613,1.0,1.0,1.0,1.0,none,0:1.0500|1:0.9200|2:1.0300|3:0.9300|4:0.9400|5:1.1000|6:0.8200|,,1876604,1,132300,148,31,30.196708269852824,30.59104455378935,none,251684
Temkinli,23,208,2011,9,1587,1428,159,6730,192,100,0,0,121,2931220,2033577,874327,217500,48930,62595,68820,0,12559,463923,398740,305791,0,92949,100308,887788,2059088,78030,0,89301,0,0,3.0,1.0,2.0,0.0,0.0,464.5833331,477.272727,324.25606053333337,322.2166667666667,464.80151516666666,1.042922,25.9832624,1.0,1.0,1.0,1.0,none,0:1.0500|1:0.9300|2:1.0300|3:0.9400|4:0.9500|5:1.1000|6:0.8200|,,2036340,1,132300,179,30,29.82809205723214,30.204973482434777,none,331623
Temkinli,23,239,2011,10,1631,1486,145,6587,190,87,0,2,110,2939200,2003258,917488,224750,50561,65146,71641,0,5250,500140,367840,236477,0,131363,131363,0,1385178,78030,0,102531,0,0,3.0,1.0,2.0,0.0,0.0,473.8709679032258,481.136364,322.6129031612904,322.7170087419355,471.91788864516127,1.050335,25.58284806451613,1.0,1.0,1.0,1.0,none,0:1.0500|1:0.9300|2:1.0300|3:0.9400|4:0.9500|5:1.1000|6:0.8200|,,2044154,1,132300,209,31,31.21556886227545,31.919673283893903,none,367840
Temkinli,23,269,2011,11,1575,1436,139,6437,207,86,0,3,105,2847275,1967059,864290,217500,48930,63495,69840,0,4350,460175,327875,232180,0,95695,100045,0,1652005,78030,0,115761,0,0,3.0,1.0,2.0,0.0,0.0,469.3030305666667,484.545455,321.7318181666667,322.2136364,470.819697,1.058051,26.979967966666667,1.0,1.0,1.0,1.0,none,0:1.0500|1:0.9300|2:1.0300|3:0.9400|4:0.9500|5:1.1000|6:0.8200|,,1946538,1,132300,240,30,30.354988541675812,31.44476016313234,none,327875
Temkinli,23,300,2011,12,1582,1441,141,6769,209,109,0,0,97,3171880,2103181,1048981,224750,50561,66077,79949,0,14827,612817,475005,350256,0,124749,134226,0,1990424,81281,0,129542,0,0,3.0,1.0,2.0,0.0,0.0,483.22580641935485,487.5,317.9281524193549,319.36070400000006,477.43401758064516,1.065572,24.33412609677419,1.0,1.0,1.0,1.0,none,0:1.0500|1:0.9300|2:1.0300|3:0.9400|4:0.9500|5:1.1000|6:0.8200|,,2134138,1,137812,270,31,33.0712700354364,34.207124661829575,none,475005
Temkinli,23,331,2012,1,1525,1345,180,5889,251,95,0,0,130,2869280,1932834,918777,232250,52297,66569,80538,0,0,487123,479819,352621,0,127198,127198,0,2312603,81281,0,143323,0,0,3.0,1.0,2.0,0.0,0.0,487.360703967742,491.81818200000004,330.3475073548387,326.79472145161293,478.7052786451613,1.0734,23.751582677419357,1.0,1.0,1.0,1.0,none,0:1.0500|1:0.9300|2:1.0300|3:0.9400|4:0.9500|5:1.1000|6:0.8200|,,1978302,1,137812,301,31,32.02116907377461,32.21704075330946,none,349311
Temkinli,23,360,2012,2,1450,1288,162,5927,220,125,0,0,103,2936805,1982456,940936,217500,48923,62623,75777,0,12067,524046,386234,266275,0,119959,126626,0,2580455,81281,0,157104,0,0,3.0,1.0,2.0,0.0,0.0,484.92946706896555,494.3181819999999,324.4576803103448,325.90595603448276,483.59090896551726,1.079586,24.85447017241379,1.0,1.0,1.0,1.0,none,0:1.0500|1:0.9300|2:1.0300|3:0.9400|4:0.9500|5:1.1000|6:0.8200|,,1993414,1,137812,332,29,32.039444225953034,33.09177883714763,none,386234
Temkinli,23,391,2012,3,1712,1558,154,8524,215,99,0,0,118,3498485,2557918,923149,232500,52297,67313,74028,0,0,497011,524225,427903,0,96322,96322,0,3043498,81281,0,170885,0,0,3.0,1.0,2.0,0.0,0.0,457.3607037741935,496.590909,334.8870967096774,332.3841642903226,444.74926654838714,1.085405,31.823301483870967,1.0,1.0,1.0,1.0,none,0:1.0500|1:0.9100|2:1.0300|3:0.9200|4:0.9300|5:1.1000|6:0.8200|,,2539772,1,137812,361,31,26.387107562273385,26.778340608156697,none,359199
Temkinli,23,421,2012,4,1781,1589,192,8184,176,132,0,5,155,3411570,2573431,817377,225000,50610,65502,72060,0,5450,398755,260943,151661,0,109282,109282,0,3179401,81281,0,184666,0,0,3.0,1.0,2.0,0.0,0.0,441.3409092333333,499.318182,331.7727274,332.6484848,438.71060616666665,1.09166,34.838454,1.0,1.0,1.0,1.0,none,0:1.0500|1:0.8900|2:1.0300|3:0.9000|4:0.9100|5:1.1000|6:0.8200|,,2608278,1,137812,392,30,23.95896903771577,24.826201138631703,none,260943
Temkinli,23,452,2012,5,1987,1801,186,9602,164,116,0,7,140,3820805,2844696,956593,230000,51735,68058,74865,0,5500,526435,-3614,-113366,0,109752,109752,0,2956284,81281,0,198447,0,0,2.967741935483871,0.967741935483871,2.0,0.0,0.0,441.136364,502.045455,325.0117301935484,326.8049852903226,440.6070382903226,1.097747,36.21438235483871,1.0,1.0,1.0,1.0,none,0:1.0500|1:0.8900|2:1.0300|3:0.9000|4:0.9100|5:1.1000|6:0.8200|,,2851368,1,137812,422,31,25.036425570004226,26.323976729891992,none,388623
Temkinli,23,482,2012,6,1850,1683,167,9086,140,68,0,4,142,3438430,2562844,862832,150000,33750,66252,83790,0,6727,522313,-24075,-93965,0,69890,76617,0,2799228,84532,0,212779,0,0,2.0,0.0,2.0,0.0,0.0,443.7954545,505.227273,332.0621212666667,330.35909086666663,443.101515,1.104074,37.01174233333334,1.0,1.0,1.0,1.0,none,0:1.0500|1:0.8950|2:1.0300|3:0.9050|4:0.9150|5:1.1000|6:0.8200|,,2563620,2,143325,453,30,25.093778265080285,25.176763777181346,none,378988
Temkinli,23,513,2012,7,1941,1746,195,9433,146,112,0,11,156,3455918,2560831,867264,161000,36270,68833,87079,0,611,513471,640513,499686,0,140827,140827,0,3245597,84532,0,227111,0,0,2.0,0.0,2.0,0.0,0.0,444.090909,508.18181799999996,326.8724339032258,328.3519060967742,445.2082112580645,1.11023,38.772556516129036,1.0,1.0,1.0,1.0,none,0:1.0500|1:0.8950|2:1.0300|3:0.9050|4:0.9150|5:1.1000|6:0.8200|,,2605804,2,143325,483,31,25.095039870737672,26.395153046642132,none,370146
Temkinli,23,544,2012,8,1902,1724,178,10405,142,73,0,10,153,3847095,2782681,1048724,161200,36270,69236,87575,0,15967,678476,856885,658133,0,198752,213781,0,3941656,84532,0,241443,0,0,2.0,0.0,2.0,0.0,0.0,449.58211135483873,510.909091,323.8123167419355,324.9428152903226,448.75073283870967,1.116629,38.05009906451613,1.0,1.0,1.0,1.0,none,0:1.0500|1:0.9000|2:1.0300|3:0.9100|4:0.9200|5:1.1000|6:0.8200|,,2760412,2,143325,514,31,27.26015344045312,27.974821825959562,none,535151
Temkinli,23,574,2012,9,1796,1622,174,9367,176,133,0,6,129,3817375,2808514,993302,156000,35100,67393,74130,0,760,659919,821445,539034,0,282411,216780,0,4549326,84532,0,255775,0,0,2.0,0.0,2.0,0.0,0.0,450.36363593333334,514.090909,330.5348484,329.02424243333337,451.5121216,1.123064,38.7084324,1.0,1.0,1.0,1.0,none,0:1.0500|1:0.9000|2:1.0300|3:0.9100|4:0.9200|5:1.1000|6:0.8200|,,2821752,2,143325,545,30,26.020550771145093,26.607118775253745,none,516594
Temkinli,23,605,2012,10,1848,1648,200,9001,185,137,0,6,155,3699369,2698136,981482,161200,36270,70042,77035,0,21605,615330,346917,154232,0,192685,273023,0,4512328,84532,0,270107,0,0,2.0,0.0,2.0,0.0,0.0,452.43401780645166,516.818182,327.6788857419355,328.3533726451613,455.33724332258066,1.129326,37.96107358064516,1.0,1.0,1.0,1.0,none,0:1.0500|1:0.9100|2:1.0300|3:0.9200|4:0.9300|5:1.1000|6:0.8200|,,2721774,2,143325,575,31,26.53106516273451,27.574215720862437,none,472005
Temkinli,23,635,2012,11,1686,1507,179,8578,197,109,0,3,145,3695525,2692463,982862,156000,35100,68172,74970,0,14716,633904,583841,413652,0,170189,184030,0,4748055,84532,0,284439,0,0,2.0,0.0,2.0,0.0,0.0,473.1363634666667,520.227273,339.19393940000003,337.0090909333333,476.83939399999997,1.135835,37.24039296666667,1.0,1.0,1.0,1.0,none,0:1.0500|1:0.9200|2:1.0300|3:0.9300|4:0.9400|5:1.1000|6:0.8200|,,2749966,3,143325,606,30,26.596004627218054,28.309475747176034,none,490579
Temkinli,23,666,2012,12,1683,1494,189,7495,199,130,0,3,157,3571931,2447813,1104721,161200,36270,70818,85684,0,22976,727773,1194486,792602,0,401884,424062,0,5595642,87784,0,299323,0,0,2.0,0.0,2.0,0.0,0.0,492.9472142903226,522.727273,329.98240474193545,332.5953078387097,496.34310848387094,1.142168,32.409224290322584,1.0,1.0,1.0,1.0,none,0:1.0500|1:0.9300|2:1.0300|3:0.9400|4:0.9500|5:1.1000|6:0.8200|,,2452166,3,148837,636,31,30.927837071880727,33.05928197261474,none,578936
Temkinli,23,697,2013,1,1599,1442,157,7401,179,130,0,0,124,3537485,2341568,1181715,214500,48302,71252,86180,0,36276,725205,824715,515827,0,308888,308888,0,5970618,87784,0,314207,0,0,2.3548387096774195,0.0,2.0,0.3548387096774194,0.0,503.1085044516129,525.454545,325.6129031935484,327.0777126129032,502.9105572580645,1.148751,31.57557022580645,1.0,1.0,1.0,1.0,none,0:1.0500|1:0.9300|2:1.0300|3:0.9400|4:0.9500|5:1.1000|6:0.8200|,,2356476,3,148837,667,31,33.405512673551975,35.279785510987196,none,576368
Temkinli,23,725,2013,2,1393,1222,171,6247,113,109,0,0,151,2958930,2000949,935120,271600,61096,64749,78316,0,13482,445877,386747,187542,0,199205,211994,0,6062410,87784,0,329091,206388,0,3.0,0.0,2.0,1.0,0.0,503.4334417857143,528.863636,337.6266234285714,334.39772725,503.1493506071429,1.155828,31.516069214285714,1.0,1.0,1.0,1.0,none,0:1.0500|1:0.9300|2:1.0300|3:0.9400|4:0.9500|5:1.1000|6:0.8200|,Levent Özkan:1:11466,2065338,4,148837,698,28,31.603316063577036,32.93520147748117,none,297040
Temkinli,23,756,2013,3,1525,1371,154,7323,124,102,0,0,132,3292090,2218552,1058283,300700,67642,72089,79267,0,20889,517696,518577,212958,0,305619,246696,0,6368188,87784,0,343975,355446,0,3.0,0.0,2.0,1.0,0.0,503.3797654516129,531.818182,334.9428152580645,335.50000006451614,506.117302,1.162259,32.627268838709675,1.0,1.0,1.0,1.0,none,0:1.0500|1:0.9300|2:1.0300|3:0.9400|4:0.9500|5:1.1000|6:0.8200|,Levent Özkan:1:11466,2218150,4,148837,726,31,32.14623537023593,33.461207969381384,none,368859
Temkinli,23,786,2013,4,1349,1203,146,6158,156,89,0,0,111,2949215,1906081,1029036,291000,65460,70184,77190,0,25515,499687,461587,198174,0,263413,356371,0,6507596,87784,0,358859,343980,0,3.0,0.0,2.0,1.0,0.0,518.7045455,535.454545,332.45151516666664,333.70909106666664,516.1560607,1.16942,27.8694247,1.0,1.0,1.0,1.0,none,0:1.0500|1:0.9300|2:1.0300|3:0.9400|4:0.9500|5:1.1000|6:0.8200|,Levent Özkan:1:11466,1905472,4,148837,757,30,34.8918610545518,35.90734493251773,none,350850
Temkinli,23,817,2013,5,1448,1283,165,6615,153,96,0,0,135,3014320,1965192,1031701,300700,67642,72957,80228,0,356,509818,461894,225507,0,236387,236387,0,6713763,87784,0,373743,355446,0,3.0,0.0,2.0,1.0,0.0,521.1070381612903,538.409091,340.58211135483873,338.00146632258065,521.0058650645161,1.176391,27.99992758064516,1.0,1.0,1.0,1.0,none,0:1.0500|1:0.9300|2:1.0300|3:0.9400|4:0.9500|5:1.1000|6:0.8200|,Levent Özkan:1:11466,1999682,4,148837,787,31,34.22665808540567,34.642580810926695,none,360981
Temkinli,23,847,2013,6,1455,1305,150,6791,125,53,0,0,135,2783755,1804439,964957,291000,65460,71024,89850,0,36134,411489,355679,72100,0,283579,248001,0,6775523,92660,0,389453,344493,0,3.0,0.0,2.0,1.0,0.0,521.2499999666667,542.045455,334.2363635333333,336.1712121333333,523.1666667666666,1.183639,29.626369166666667,1.0,1.0,1.0,1.0,none,0:1.0500|1:0.9300|2:1.0300|3:0.9400|4:0.9500|5:1.1000|6:0.8200|,Levent Özkan:1:11466,1806960,4,157106,818,30,34.663862301100494,35.87791586480435,none,254383
Temkinli,23,878,2013,7,1556,1395,161,7302,102,43,0,0,142,3003209,1930385,1057917,309700,69750,73826,93372,0,6815,504454,397413,146999,0,250414,315172,0,6878737,92660,0,405163,371349,0,3.0,0.0,2.0,1.0,0.0,527.3533722258064,545.0,338.2683284516129,336.9281525483871,524.8137830000001,1.190696,29.564823806451614,1.0,1.0,1.0,1.0,none,0:1.0500|1:0.9300|2:1.0300|3:0.9400|4:0.9500|5:1.1000|6:0.8200|,Levent Özkan:1:11979,1920122,4,157106,848,31,35.22621968700813,35.855472579253664,none,347348
Temkinli,23,909,2013,8,1435,1294,141,6508,115,55,0,0,123,2897090,1873367,1009341,310000,69750,74291,93961,0,24190,437149,410147,163698,0,246449,264240,0,7009726,92660,0,420873,371349,0,3.0,0.0,2.0,1.0,0.0,526.2390029354839,549.090909,341.66422293548385,339.8900292258064,527.919355,1.198032,28.62959080645161,1.0,1.0,1.0,1.0,none,0:1.0500|1:0.9300|2:1.0300|3:0.9400|4:0.9500|5:1.1000|6:0.8200|,Levent Özkan:1:11979,1927376,4,157106,879,31,34.83982202831117,35.07432534844412,none,280043
Temkinli,23,939,2013,9,1321,1164,157,5761,132,60,0,0,135,2672475,1701233,954218,300000,67500,72344,79560,0,14726,420088,459678,113234,0,346444,360839,0,7103222,92660,0,436583,359370,0,3.0,0.0,2.0,1.0,0.0,538.0530304333333,551.590909,341.31212116666666,340.536364,535.009091,1.205414,26.6235225,1.0,1.0,1.0,1.0,none,0:1.0500|1:0.9300|2:1.0300|3:0.9400|4:0.9500|5:1.1000|6:0.8200|,Levent Özkan:1:11979,1733282,4,157106,910,30,35.705404166549734,36.565338012912385,none,262982
Temkinli,23,970,2013,10,1407,1240,167,6501,148,66,0,0,143,3241900,2105936,1122913,310000,69750,75190,82708,0,21512,563753,388431,112963,0,275468,290174,0,7233034,92660,0,452293,371349,0,3.0,0.0,2.0,1.0,0.0,539.655424967742,555.227273,351.64369516129034,348.2917889032258,538.9501466129033,1.2126,27.373991032258065,1.0,1.0,1.0,1.0,none,0:1.0500|1:0.9300|2:1.0300|3:0.9400|4:0.9500|5:1.1000|6:0.8200|,Levent Özkan:1:11979,2134422,4,157106,940,31,34.637496529812765,34.83921797278144,none,406647
Temkinli,23,1000,2013,11,1344,1199,145,6070,154,64,0,0,128,2868721,1867100,988683,300000,67500,73215,80520,0,6383,461065,420441,186770,0,233671,233671,0,7430782,92660,0,468003,359370,0,3.0,0.0,2.0,1.0,0.0,542.4999999666667,558.409091,351.6681821,350.61363643333334,541.3257575666667,1.220071,27.597205366666667,1.0,1.0,1.0,1.0,none,0:1.0500|1:0.9300|2:1.0300|3:0.9400|4:0.9500|5:1.1000|6:0.8200|,Levent Özkan:1:11979,1870498,4,157106,971,30,34.46424382154974,35.176371959150615,none,303959
Temkinli,23,1031,2013,12,1297,1138,159,5298,199,70,0,0,124,2943465,1964570,967347,310000,69750,76120,92070,0,14326,405081,427387,126832,0,300555,314881,0,7556767,95911,0,484264,371909,0,3.0,0.0,2.0,1.0,0.0,536.6055718709678,562.045455,358.93255125806456,355.9809384516129,539.6085044193547,1.227345,26.17591541935484,1.0,1.0,1.0,1.0,none,0:1.0500|1:0.9300|2:1.0300|3:0.9400|4:0.9500|5:1.1000|6:0.8200|,Levent Özkan:1:11979,1976542,4,162619,1001,31,32.86422634548058,33.1105433723723,none,242462
Temkinli,23,1062,2014,1,1326,1156,170,5534,171,94,0,0,132,2976785,1956663,1009405,316000,71145,76586,92628,0,6150,446896,491420,237400,0,254020,254020,0,7749872,95911,0,500525,388709,0,3.0,0.0,2.0,1.0,0.0,546.9208212258064,565.227273,358.94428158064517,358.00439870967745,546.0366568709678,1.234907,25.48390029032258,1.0,1.0,1.0,1.0,none,0:1.0500|1:0.9300|2:1.0300|3:0.9400|4:0.9500|5:1.1000|6:0.8200|,Levent Özkan:1:12539,2000526,4,162619,1032,31,33.90923429135796,34.3699731935332,none,284277
Temkinli,23,1090,2014,2,1246,1103,143,5246,172,86,0,0,115,2866950,1857621,993132,285600,64260,69623,84224,0,0,489425,65353,-198980,0,264333,264333,0,7345751,95911,0,516786,351092,0,3.0,0.0,2.0,1.0,0.0,553.1737012857143,569.545455,355.74512978571425,356.6899350714286,551.1022727142857,1.243005,25.521731071428572,1.0,1.0,1.0,1.0,none,0:1.0500|1:0.9300|2:1.0300|3:0.9400|4:0.9500|5:1.1000|6:0.8200|,Levent Özkan:1:12539,1857752,5,162619,1063,28,34.64071574321143,35.690158632112585,none,326806
Temkinli,23,1121,2014,3,1277,1119,158,5774,130,76,0,0,140,2827860,1834825,974232,316200,71145,77547,85281,0,34961,389098,88735,-216356,0,305091,333802,0,7112132,95911,0,533047,388709,0,3.0,0.0,2.0,1.0,0.0,550.5351907096774,572.954545,355.1876831290322,355.92228732258064,549.486803516129,1.250366,26.977716612903226,1.0,1.0,1.0,1.0,none,0:1.0500|1:0.9300|2:1.0300|3:0.9400|4:0.9500|5:1.1000|6:0.8200|,Levent Özkan:1:12539,1870340,5,162619,1091,31,34.451210455963164,35.483200870198495,none,226479
Temkinli,23,1151,2014,4,1224,1055,169,5121,153,47,0,0,143,2682450,1706913,956376,306000,68850,75526,83070,0,23600,399330,246003,-25621,0,271624,288924,0,6965695,95911,0,549308,376170,0,3.0,0.0,2.0,1.0,0.0,562.4469696666667,575.454545,358.10909093333333,357.08181813333334,556.6818182333334,1.258565,23.3239497,1.0,1.0,1.0,1.0,none,0:1.0500|1:0.9300|2:1.0300|3:0.9400|4:0.9500|5:1.1000|6:0.8200|,Levent Özkan:1:12539,1725776,5,162619,1122,30,35.65307834255997,36.330159064495255,none,236711
Temkinli,23,1182,2014,5,1293,1151,142,5428,154,44,0,0,119,2817915,1797169,1006697,316200,71145,78540,86366,0,17349,437097,345602,52413,0,293189,310538,244954,7271165,95911,0,565569,388709,0,3.0,0.0,2.0,1.0,0.0,565.7697946774194,579.772727,361.85483870967744,359.89149567741936,562.8621699677419,1.266552,24.00300170967742,1.0,1.0,1.0,1.0,none,0:1.0500|1:0.9250|2:1.0300|3:0.9350|4:0.9450|5:1.1000|6:0.8200|,Levent Özkan:1:12539,1808006,5,162619,1152,31,35.72488879189046,36.04203651133525,none,274478
Temkinli,23,1212,2014,6,1250,1105,145,5229,142,14,0,0,125,2395040,1525303,858167,306000,68850,76516,96750,0,31178,278873,-183309,-513279,0,329970,361148,734246,7251874,100789,0,582658,376763,0,3.0,0.0,2.0,1.0,0.0,574.4772726666667,582.954545,369.57727270000004,365.8878788666667,567.6106060666666,1.274857,23.3797525,1.0,1.0,1.0,1.0,none,0:1.0500|1:0.9300|2:1.0300|3:0.9400|4:0.9500|5:1.1000|6:0.8200|,Levent Özkan:1:12539,1571192,5,170887,1183,30,35.83100908544325,35.66720734060395,none,107986
Temkinli,23,1243,2014,7,1315,1145,170,5589,110,39,0,0,146,2556005,1625330,912231,325200,73222,79563,100626,0,23278,310342,5309,-257078,0,262387,278735,640418,6916424,100789,0,599747,407092,0,3.0,0.0,2.0,1.0,0.0,573.5263928709678,587.954545,364.2492669032258,365.8695014838709,571.9046920967742,1.282947,24.22497435483871,1.0,1.0,1.0,1.0,none,0:1.0500|1:0.9300|2:1.0300|3:0.9400|4:0.9500|5:1.1000|6:0.8200|,Levent Özkan:1:13132,1625642,5,170887,1213,31,35.68971891682528,36.48953711094953,none,139455
Temkinli,23,1274,2014,8,1222,1066,156,5162,127,28,0,0,133,2576047,1655364,905846,325500,73222,80090,101277,0,36656,289101,-158232,-440423,0,282191,242048,797246,6663883,100789,0,616836,407092,0,3.0,0.0,2.0,1.0,0.0,577.9032259032258,590.681818,377.26832835483873,372.73753667741937,576.7903224838709,1.291361,23.165061483870968,1.0,1.0,1.0,1.0,none,0:1.0500|1:0.9300|2:1.0300|3:0.9400|4:0.9500|5:1.1000|6:0.8200|,Levent Özkan:1:13132,1711724,5,170887,1244,31,35.16418760993103,34.71773275444303,none,118214
Temkinli,23,1304,2014,9,1202,1061,141,5036,158,45,0,0,118,2767220,1798781,952637,315000,70860,78016,85800,0,33621,369340,166220,-102520,0,268740,371727,814678,6529167,100789,0,633925,393960,0,3.0,0.0,2.0,1.0,0.0,577.9999997666667,594.3181820000001,374.9575757,374.8969696333333,574.8484847666666,1.299829,22.9827033,1.0,1.0,1.0,1.0,none,0:1.0500|1:0.9300|2:1.0300|3:0.9400|4:0.9500|5:1.1000|6:0.8200|,Levent Özkan:1:13132,1791650,5,170887,1275,30,34.42577749510339,35.1284470845386,none,198453
Temkinli,23,1335,2014,10,1225,1083,142,5177,167,28,0,0,114,2767100,1756673,990252,325500,73222,81113,89218,0,21783,399416,62158,-200738,0,262896,278129,753744,6281579,100789,0,651014,407092,0,3.0,0.0,2.0,1.0,0.0,590.1612904193548,599.318182,373.1158357096774,373.9208211612903,584.457477967742,1.308077,23.23818583870968,1.0,1.0,1.0,1.0,none,0:1.0500|1:0.9300|2:1.0300|3:0.9400|4:0.9500|5:1.1000|6:0.8200|,Levent Özkan:1:13132,1767190,5,170887,1305,31,35.78663582812331,36.77731125934234,none,228529
Temkinli,23,1365,2014,11,1236,1079,157,5208,158,47,0,0,122,2757575,1776444,968187,315000,70860,79007,86910,0,17851,398559,249225,-85744,0,334969,289806,731568,6211510,100789,0,668103,393960,0,3.0,0.0,2.0,1.0,0.0,580.3030302666666,602.272727,372.8742425,373.4515149333334,577.2015150999999,1.316655,24.78529393333333,1.0,1.0,1.0,1.0,none,0:1.0500|1:0.9250|2:1.0300|3:0.9350|4:0.9450|5:1.1000|6:0.8200|,Levent Özkan:1:13132,1810738,5,170887,1336,30,35.1100876676065,35.74490859910673,none,227672
Temkinli,23,1396,2014,12,1266,1099,167,5075,194,45,0,0,136,3037450,1962208,1061852,325500,73222,82167,99417,0,18225,463321,403136,116125,0,287011,368250,864686,6385698,105665,0,686018,407738,0,3.0,0.0,2.0,1.0,0.0,585.2272726451613,606.818182,380.3093842258064,377.7155425483871,588.8181818387096,1.32501,24.093990677419356,1.0,1.0,1.0,1.0,none,0:1.0500|1:0.9300|2:1.0300|3:0.9400|4:0.9500|5:1.1000|6:0.8200|,Levent Özkan:1:13132,1988414,5,179156,1366,31,34.95866598627138,35.01509550181234,none,284165
Temkinli,23,1427,2015,1,1203,1041,162,4979,171,54,0,0,140,3022080,1944373,1060776,334500,75330,82696,100068,0,16852,451330,420875,144530,0,276345,293197,830512,6536026,105665,0,703933,427118,0,3.0,0.0,2.0,1.0,0.0,588.8269793548387,610.227273,378.82551322580645,378.62756593548386,591.0557185161291,1.3337,22.821323451612905,1.0,1.0,1.0,1.0,none,0:1.0500|1:0.9300|2:1.0300|3:0.9400|4:0.9500|5:1.1000|6:0.8200|,Levent Özkan:1:13778,1921148,5,179156,1397,31,35.100857687420586,35.66437569812528,none,272174
Temkinli,23,1455,2015,2,1102,932,170,4381,163,38,0,0,136,2664055,1708680,936411,302400,68040,75225,91000,0,0,399746,374254,83385,0,290869,290869,861556,6626048,105665,0,721848,385784,0,3.0,0.0,2.0,1.0,0.0,590.0324674642858,614.5454550000001,376.9204544642857,377.72240264285716,592.9220779285714,1.342972,22.84210642857143,1.0,1.0,1.0,1.0,none,0:1.0500|1:0.9300|2:1.0300|3:0.9400|4:0.9500|5:1.1000|6:0.8200|,Levent Özkan:1:13778,1754868,5,179156,1428,28,35.149837371976176,36.118692572269275,none,220590
Temkinli,23,1486,2015,3,1216,1038,178,4890,150,41,0,0,152,2666050,1739342,912892,334800,75330,83812,92163,0,13656,313131,-154565,-469023,0,314458,328114,783916,6055569,105665,0,739763,427118,0,3.0,0.0,2.0,1.0,0.0,596.3856302903226,618.409091,393.1451613548387,387.62316716129027,595.9897359677419,1.351403,24.634269516129034,1.0,1.0,1.0,1.0,none,0:1.0500|1:0.9300|2:1.0300|3:0.9400|4:0.9500|5:1.1000|6:0.8200|,Levent Özkan:1:13778,1773394,5,179156,1456,31,34.24136831642317,34.078699856759755,none,133975
Temkinli,23,1516,2015,4,1207,1050,157,4879,142,36,0,0,132,2760505,1804862,937561,324000,72900,81678,89820,0,0,369163,-78424,-338405,0,259981,259981,882266,5821036,105665,0,757678,413340,0,3.0,0.0,2.0,1.0,0.0,604.1363637,622.954545,397.5090909666667,394.6015151666667,602.3924241999999,1.360799,22.3121294,1.0,1.0,1.0,1.0,none,0:1.0500|1:0.9300|2:1.0300|3:0.9400|4:0.9500|5:1.1000|6:0.8200|,Levent Özkan:1:13778,1815094,5,179156,1487,30,33.96338713387587,34.202091638360564,none,190007
Temkinli,23,1547,2015,5,1191,1008,183,4934,169,46,0,0,156,2841540,1875967,945950,334800,75330,84959,93434,0,7742,349685,-83236,-397000,0,313764,255483,822358,5381464,105665,0,775593,427118,0,3.0,0.0,2.0,1.0,0.0,603.4604105161291,626.818182,400.31964800000003,398.14076238709674,608.1026393548386,1.369954,22.869455741935482,1.0,1.0,1.0,1.0,none,0:1.0500|1:0.9300|2:1.0300|3:0.9400|4:0.9500|5:1.1000|6:0.8200|,Levent Özkan:1:13778,1939956,5,179156,1517,31,33.29004694637415,33.66264944246903,none,170529
Temkinli,23,1577,2015,6,1204,1049,155,4951,128,28,0,0,132,2492474,1615045,860656,324000,72900,82789,104700,0,17106,259161,-184281,-431921,0,247640,322239,805122,4886424,110542,0,794335,414024,0,3.0,0.0,2.0,1.0,0.0,611.7045454333334,632.045455,395.1272727,396.60454550000003,611.4681818333333,1.379479,23.4137922,1.0,1.0,1.0,1.0,none,0:1.0500|1:0.9300|2:1.0300|3:0.9400|4:0.9500|5:1.1000|6:0.8200|,Levent Özkan:1:13778,1618520,5,187425,1548,30,34.53018968302177,35.405535948716775,none,71736
Temkinli,23,1608,2015,7,1309,1130,179,5029,125,24,0,0,163,2705910,1759995,928725,262100,59034,86137,108934,0,1425,411095,-113372,-348105,0,234733,234733,767756,4734810,110542,0,813077,448322,0,2.3870967741935485,0.0,2.0,0.3870967741935484,0.0,616.5322580645161,635.227273,405.8607037419355,401.8739002580645,616.7111438064517,1.38876,22.446349193548386,1.0,1.0,1.0,1.0,none,0:1.0500|1:0.9300|2:1.0300|3:0.9400|4:0.9500|5:1.1000|6:0.8200|,Levent Özkan:1:14462,1671278,4,187425,1578,31,34.32209496989922,34.1704025323741,none,223670
Temkinli,23,1639,2015,8,1326,1132,194,5367,133,10,0,0,177,2802290,1835659,953658,210800,47430,86726,109678,0,11881,487143,139236,-107741,0,246977,258165,804736,4897419,110542,0,831819,448322,0,2.0,0.0,2.0,0.0,0.0,617.9692084516129,640.909091,407.47947216129035,405.5293255483871,619.9794720645161,1.398416,23.071665225806452,1.0,1.0,1.0,1.0,none,0:1.0500|1:0.9300|2:1.0300|3:0.9400|4:0.9500|5:1.1000|6:0.8200|,Levent Özkan:1:14462,1746964,3,187425,1609,31,34.03138147729179,34.06152497755136,none,299718
Temkinli,23,1669,2015,9,1261,1106,155,5205,158,46,0,0,134,3171337,2075192,1078310,204000,45900,84499,92940,0,1154,649817,363704,169606,0,194098,194098,879104,5143048,110542,0,850561,433860,0,2.0,0.0,2.0,0.0,0.0,621.1439394666667,644.090909,407.1999999333333,406.5060604333333,622.2787878333334,1.408139,22.902562566666667,1.0,1.0,1.0,1.0,none,0:1.0500|1:0.9300|2:1.0300|3:0.9400|4:0.9500|5:1.1000|6:0.8200|,Levent Özkan:1:14462,2091838,3,187425,1640,30,34.00174752793538,34.44353650412049,none,462392
Temkinli,23,1700,2015,10,1297,1108,189,5302,157,30,0,0,162,3116690,2087909,1009205,210800,47430,87905,96689,0,11973,554408,175271,-10414,0,185685,197244,968408,5152521,110542,0,869303,448322,0,2.0,0.0,2.0,0.0,0.0,621.8181816774194,648.8636359999999,417.5366568064516,413.62756596774193,621.7008797096775,1.417612,22.64271012903226,1.0,1.0,1.0,1.0,none,0:1.0500|1:0.9300|2:1.0300|3:0.9400|4:0.9500|5:1.1000|6:0.8200|,Levent Özkan:1:14462,2112326,3,187425,1670,31,32.38066666880569,32.852292018849795,none,366983
Temkinli,23,1730,2015,11,1359,1191,168,5899,145,69,0,0,146,3654615,2446985,1188015,204000,45900,85669,94200,0,1194,757052,543293,270035,0,273258,273258,1111326,5548298,110542,0,888045,433860,0,2.0,0.0,2.0,0.0,0.0,621.0303029,653.863636,414.9181819,415.17272736666666,623.7787879666666,1.427469,24.7973349,1.0,1.0,1.0,1.0,none,0:1.0500|1:0.9250|2:1.0300|3:0.9350|4:0.9450|5:1.1000|6:0.8200|,Levent Özkan:1:14462,2478780,3,187425,1701,30,32.50725452612655,33.18873814007571,none,569627
Temkinli,23,1761,2015,12,1352,1162,190,5579,227,67,0,0,153,3549415,2317303,1210957,210800,47430,89114,107818,0,10259,745536,684806,461687,0,223119,223119,1116294,6061084,118670,0,908165,449415,0,2.0,0.0,2.0,0.0,0.0,637.1554253548387,658.181818,411.7639295806452,412.9486803870968,631.1539588064517,1.437072,24.109624096774194,1.0,1.0,1.0,1.0,none,0:1.0500|1:0.9300|2:1.0300|3:0.9400|4:0.9500|5:1.1000|6:0.8200|,Levent Özkan:1:14462,2307598,3,201206,1731,31,34.11708690023567,35.374649073837915,none,544330
Temkinli,23,1792,2016,1,1371,1183,188,5396,171,95,0,0,148,3625430,2400774,1215886,225800,50902,89747,108562,0,40824,700051,493454,233299,0,260155,232534,1071662,6285797,118670,0,928285,482205,0,2.0,0.0,2.0,0.0,0.0,641.979472,662.272727,427.57184738709674,423.2302053225807,639.6876833225806,1.447064,22.590763967741935,1.0,1.0,1.0,1.0,none,0:1.0500|1:0.9300|2:1.0300|3:0.9400|4:0.9500|5:1.1000|6:0.8200|,Levent Özkan:1:15555,2432184,3,201206,1762,31,33.53770449298428,33.397894163959066,none,498845
Temkinli,23,1821,2016,2,1289,1075,214,4925,196,114,0,0,160,3149570,2104642,1030281,211700,47618,84913,102689,0,13038,570323,387709,184832,0,202877,268941,0,5305925,118670,0,948405,451095,0,2.0,0.0,2.0,0.0,0.0,641.277429586207,669.318182,427.4326019655172,426.1802507931035,644.1614419310345,1.463258,22.977454,1.0,1.0,1.0,1.0,none,0:1.0500|1:0.9300|2:1.0300|3:0.9400|4:0.9500|5:1.1000|6:0.8200|,Levent Özkan:1:15555,2158856,3,201206,1793,29,32.711798753480636,33.34669485540385,none,369117
Temkinli,23,1852,2016,3,1315,1113,202,5448,136,49,0,0,171,3274795,2119046,1131337,226300,50902,91700,100843,0,28479,633113,434826,222348,0,212478,225643,0,5533217,118670,0,968525,482205,0,2.0,0.0,2.0,0.0,0.0,655.9897360322581,676.590909,422.5821115806451,424.0542522258064,653.2844575483871,1.47857,22.135349838709676,1.0,1.0,1.0,1.0,none,0:1.0500|1:0.9300|2:1.0300|3:0.9400|4:0.9500|5:1.1000|6:0.8200|,Levent Özkan:1:15555,2140280,3,201206,1822,31,34.546803693055594,35.58098726717505,none,431907
Temkinli,23,1882,2016,4,1291,1091,200,5190,133,51,0,0,174,3234234,2155270,1063485,219000,49260,89733,98670,0,7870,598952,328909,121060,0,207849,207849,0,5632931,118670,0,988645,466650,0,2.0,0.0,2.0,0.0,0.0,655.9015151333333,684.545455,441.4030302,435.6196969666667,657.4590908666667,1.495116,22.5659358,1.0,1.0,1.0,1.0,none,0:1.0500|1:0.9300|2:1.0300|3:0.9400|4:0.9500|5:1.1000|6:0.8200|,Levent Özkan:1:15555,2193046,3,201206,1853,30,32.88212912238261,32.702849434602925,none,397746
Temkinli,23,1913,2016,5,1295,1094,201,5100,165,53,0,0,166,3104175,2029106,1050713,226300,50902,93746,103075,0,8666,568024,336279,92125,0,244154,244154,0,5694660,118670,0,1008765,482205,0,2.0,0.0,2.0,0.0,0.0,674.6407627096773,692.272727,441.66715545161287,440.0278592258065,668.1436949677419,1.511305,21.315051935483872,1.0,1.0,1.0,1.0,none,0:1.0500|1:0.9300|2:1.0300|3:0.9400|4:0.9500|5:1.1000|6:0.8200|,Levent Özkan:1:15555,2084132,3,201206,1883,31,33.848381615082914,34.53298705556005,none,366818
Temkinli,23,1943,2016,6,1295,1116,179,5562,137,47,0,0,163,3184480,2060169,1108217,219000,49260,91714,115980,0,14148,618115,394873,178535,0,216338,229673,0,5806200,128424,0,1030539,467836,0,2.0,0.0,2.0,0.0,0.0,675.5606063666667,698.863636,436.9030303333333,438.3939393666667,675.8651514666667,1.528217,21.711947533333333,1.0,1.0,1.0,1.0,none,0:1.0500|1:0.9300|2:1.0300|3:0.9400|4:0.9500|5:1.1000|6:0.8200|,Levent Özkan:1:15555,2063638,3,217744,1914,30,34.80056398532884,35.32733758957517,none,400371
Temkinli,23,1974,2016,7,1291,1111,180,5228,131,33,0,0,156,3152853,2049148,1089154,244300,55087,95824,121148,0,13840,558955,226766,-41499,0,268265,236869,0,5773832,128424,0,1052313,518971,0,2.0,0.0,2.0,0.0,0.0,684.970674516129,706.818182,452.37390032258065,446.34164232258064,684.2360702903227,1.544764,21.2174715483871,1.0,1.0,1.020737322580645,0.9937788064516129,0,0:1.0500|1:0.9300|2:1.0300|3:0.9400|4:0.9500|5:1.1000|6:0.8200|,Levent Özkan:1:16741,2096802,3,217744,1944,31,34.54502953356849,33.95718719751868,none|0,341211
Temkinli,23,2005,2016,8,1252,1056,196,5000,184,48,0,0,153,2951320,1955867,974866,244900,55087,96879,122512,0,1204,454284,-38183,-233628,0,195445,239860,0,5488006,128424,0,1074087,518971,0,2.0,0.0,2.0,0.0,0.0,695.366569,715.0,473.879765483871,464.0175953870968,693.7844575483871,1.562051,20.585097709677417,1.0,1.0,1.2413594516129032,0.9275921612903226,0,0:1.0500|1:0.9300|2:1.0300|3:0.9400|4:0.9500|5:1.1000|6:0.8200|,Levent Özkan:1:16741,2013154,3,217744,1975,31,33.03152487700419,31.85180498893513,0,236540
Temkinli,23,2035,2016,9,1224,1071,153,5180,202,31,0,0,121,3530420,2427465,1082817,237000,53310,94804,104250,0,18104,575349,35382,-158791,0,194173,203395,1089534,6426303,128424,0,1095861,502230,0,2.0,0.0,2.0,0.0,0.0,703.7575756000001,723.1818179999999,489.74393940000004,483.7924241666667,699.0136363333334,1.579531,21.051428766666668,1.0,1.0,1.25,0.925,0,0:1.0500|1:0.9300|2:1.0300|3:0.9400|4:0.9500|5:1.1000|6:0.8200|,Levent Özkan:1:16741,2442918,3,217744,2006,30,30.671053302439937,30.410136049695694,0,357605
Temkinli,23,2066,2016,10,1356,1139,217,5476,169,59,0,0,173,3701430,2587481,1095914,244900,55087,99019,108903,0,11119,576886,115483,-127787,0,243270,253959,1167706,6375262,128424,0,1117635,518971,0,2.0,0.0,2.0,0.0,0.0,700.5058650967742,731.1363640000001,487.3636362580645,487.65102638709675,703.0923753548387,1.596634,22.45964929032258,1.0,1.0,1.25,0.925,0,0:1.0500|1:0.9200|2:1.0300|3:0.9300|4:0.9400|5:1.1000|6:0.8200|,Levent Özkan:1:16741,2609444,3,217744,2036,31,29.607854261731276,30.42690139493183,0,359142
Temkinli,23,2096,2016,11,1288,1086,202,4968,172,45,0,0,168,3205470,2188139,1002772,237000,53310,96905,106560,0,34312,474685,43500,-155263,0,198763,224431,936380,5997077,128424,0,1139409,502230,0,2.0,0.0,2.0,0.0,0.0,713.8863637,738.863636,489.4348486,488.39545476666666,709.35,1.614501,22.358324866666667,1.0,1.0,1.25,0.925,0,0:1.0500|1:0.9300|2:1.0300|3:0.9400|4:0.9500|5:1.1000|6:0.8200|,Levent Özkan:1:16741,2192788,3,217744,2067,30,31.283150364845092,31.440790371270115,0,256941
Temkinli,23,2127,2016,12,1283,1068,215,5044,181,57,0,0,173,3500400,2458916,1020759,244900,55087,101220,122419,0,12067,485066,28194,-162313,0,190507,202103,1179120,6083357,138178,0,1162837,520151,0,2.0,0.0,2.0,0.0,0.0,717.529325451613,747.045455,509.07917912903224,501.94574787096775,722.7991202258064,1.631982,22.64955770967742,1.0,1.0,1.25,0.925,0,0:1.0500|1:0.9300|2:1.0300|3:0.9400|4:0.9500|5:1.1000|6:0.8200|,Levent Özkan:1:16741,2477106,3,234281,2097,31,29.161210147411726,29.051097833720203,0,250785
Temkinli,23,2158,2017,1,1235,1031,204,4668,259,52,0,0,157,3522310,2436956,1066545,262900,59272,102335,123814,0,15202,503022,67871,-184387,0,252258,266342,963964,5621012,138178,0,1186265,555551,0,2.0,0.0,2.0,0.0,0.0,735.0000000967742,755.909091,503.68914961290324,504.46774193548384,727.0117302580645,1.650245,21.65808448387097,0.9419354838709677,0.9419354838709677,1.2458870967741935,0.8729952903225807,1,0:1.0500|1:0.9300|2:1.0300|3:0.9400|4:0.9500|5:1.1000|6:0.8200|,Levent Özkan:1:17921,2512134,3,234281,2128,31,30.279702808668176,31.470864007267384,0|1,268741
Temkinli,23,2186,2017,2,1110,925,185,4246,213,34,0,0,158,3153995,2202554,930956,238000,53536,93411,112980,0,1058,431971,27200,-177527,0,204727,204727,1094502,5535176,138178,0,1209693,501788,0,2.0,0.0,2.0,0.0,0.0,736.0389610714285,763.4090910000001,513.7840908928572,510.14610392857145,738.4399351071428,1.667464,22.04422560714286,0.9,0.9,1.2237500000000001,0.7945446428571429,1,0:1.0500|1:0.9300|2:1.0300|3:0.9400|4:0.9500|5:1.1000|6:0.8200|,Levent Özkan:1:17921,2255304,3,234281,2159,28,29.51672402778064,30.19607411203368,1,197690
Temkinli,23,2217,2017,3,1410,1165,245,5795,238,26,0,0,206,3734230,2675194,1041284,263500,59272,104381,114793,0,19879,479459,-61157,-261653,0,200496,211595,1381894,5604167,138178,0,1233121,555551,0,2.0,0.0,2.0,0.0,0.0,726.9941345806451,770.681818,518.768328516129,516.2214075806452,731.143695032258,1.683171,26.31925825806452,0.9,0.9,1.1991666774193548,0.8,1,0:1.0500|1:0.9100|2:1.0300|3:0.9200|4:0.9300|5:1.1000|6:0.8200|,Levent Özkan:1:17921,2661928,3,234281,2187,31,27.884838373640616,28.642020087910034,1,245178
Temkinli,23,2247,2017,4,1282,1055,227,4933,233,39,0,0,187,3342220,2328581,987122,255000,57360,102065,112260,0,14273,446164,61526,-196411,0,257937,220375,1013086,5070237,138178,0,1256549,537630,0,2.0,0.0,2.0,0.0,0.0,742.5075756666666,778.863636,511.62272736666665,513.6924242333333,741.2484847333333,1.700734,24.632326566666666,0.9,0.9,1.1737499999999998,0.8,1,0:1.0500|1:0.9250|2:1.0300|3:0.9350|4:0.9450|5:1.1000|6:0.8200|,Levent Özkan:1:17921,2384092,3,234281,2218,30,29.53491990353717,31.095285201999197,1,211883
Temkinli,23,2278,2017,5,1313,1056,257,5040,217,38,0,0,215,3287540,2230784,1033990,263500,59272,106552,117149,0,1249,486268,107547,-107849,0,215396,266067,1021880,4911568,138178,0,1279977,555551,0,2.0,0.0,2.0,0.0,0.0,757.3973604516129,785.681818,511.48533735483875,512.0850440322581,756.4164222580646,1.717904,23.43186467741935,0.9,0.9,1.1483333225806451,0.8,1,0:1.0500|1:0.9300|2:1.0300|3:0.9400|4:0.9500|5:1.1000|6:0.8200|,Levent Özkan:1:17921,2250562,3,234281,2248,31,31.451784617069297,32.468032757619376,1,251987
Temkinli,23,2308,2017,6,1273,1073,200,5078,237,34,0,0,164,3145450,2095938,1025850,255000,57360,104195,131760,0,14042,463493,42889,-160094,0,202983,215073,983104,4706766,147931,0,1305058,538910,0,2.0,0.0,2.0,0.0,0.0,769.8787880333333,794.545455,516.3287879333333,514.4030304666667,761.1575757333334,1.735829,23.0675247,0.9,0.9,1.1229166666666666,0.8,1,0:1.0500|1:0.9300|2:1.0300|3:0.9400|4:0.9500|5:1.1000|6:0.8200|,Levent Özkan:1:17921,2116508,3,250819,2279,30,32.61377545343274,32.933755812093125,1,212674
Temkinli,23,2339,2017,7,1284,1076,208,5337,170,43,0,0,190,3435056,2295732,1124588,281500,63457,108753,137516,0,13718,519644,-262,-265957,0,265695,265695,1048594,4489257,147931,0,1330139,595231,0,2.0,0.0,2.0,0.0,0.0,774.1568915483871,802.272727,516.0645160967741,515.6700880645161,772.0263929354838,1.753354,23.554151870967743,0.9,0.9,1.0975,0.8,1,0:1.0500|1:0.9300|2:1.0300|3:0.9400|4:0.9500|5:1.1000|6:0.8200|,Levent Özkan:1:19201,2344890,3,250819,2309,31,32.738563796339854,33.338510354846,1,268825
Temkinli,23,2370,2017,8,1273,1038,235,4970,231,32,0,0,191,3221682,2143978,1062311,282100,63457,109870,138942,0,23251,444691,-94864,-300632,0,205768,217600,919848,4028452,147931,0,1355220,595231,0,2.0,0.0,2.0,0.0,0.0,790.3519060645161,810.681818,533.6275660322581,527.1099706451613,783.7214076774193,1.7716490000000003,22.192760516129034,0.9,0.9,1.0716666774193546,0.8,1,0:1.0500|1:0.9300|2:1.0300|3:0.9400|4:0.9500|5:1.1000|6:0.8200|,Levent Özkan:1:19201,2193118,3,250819,2340,31,32.973800642024884,32.48228264680135,1,193872
Temkinli,23,2400,2017,9,1244,1026,218,4748,226,25,0,0,182,3400175,2329391,1039837,273000,61410,107436,118140,0,14190,465661,119519,-94447,0,213966,228156,1085540,4140051,147931,0,1380301,576030,0,2.0,0.0,2.0,0.0,0.0,772.3484848,819.545455,523.9515151666667,527.0196969666666,777.8712121333333,1.790134,24.062375766666666,0.9,0.9,1.04625,0.8,1,0:1.0500|1:0.9200|2:1.0300|3:0.9300|4:0.9400|5:1.1000|6:0.8200|,Levent Özkan:1:19201,2310826,3,250819,2371,30,30.581867109781115,32.16125551119011,1,214842
Temkinli,23,2431,2017,10,1213,985,228,4500,275,34,0,0,172,3525710,2357609,1146862,282100,63457,112134,123318,0,19088,546765,141478,-142082,0,283560,301017,1109842,3977439,147931,0,1405382,595231,0,2.0,0.0,2.0,0.0,0.0,803.4457479032258,827.727273,540.6466275806451,535.4677419354839,798.8328447419356,1.808208,21.61026109677419,0.9,0.9,1.0208333225806452,0.8,1,0:1.0500|1:0.9300|2:1.0300|3:0.9400|4:0.9500|5:1.1000|6:0.8200|,Levent Özkan:1:19201,2422682,3,250819,2401,31,32.52854035073786,32.70900630296627,1,295946
Temkinli,23,2461,2017,11,1133,950,183,4418,263,24,0,0,146,3319558,2210883,1085645,273000,61410,109657,120600,0,25180,495798,174784,-50942,0,225726,240000,1089918,3928572,147931,0,1430463,576030,0,2.0,0.0,2.0,0.0,0.0,811.0833332,836.136364,540.4893939333334,538.7969697,807.6469695666667,1.827075,21.3884289,0.9,0.9,1.00125,0.8,1,0:1.0500|1:0.9300|2:1.0300|3:0.9400|4:0.9500|5:1.1000|6:0.8200|,Levent Özkan:1:19201,2210048,3,250819,2432,30,32.70450463585815,33.36203916298974,1,244979
Temkinli,23,2492,2017,12,1242,1004,238,4446,234,37,0,0,190,3495029,2293871,1174423,282100,63457,114460,138446,0,11662,564298,469903,175202,0,294701,239898,1071122,4084993,156060,0,1456923,596403,0,2.0,0.0,2.0,0.0,0.0,821.9648093548387,845.227273,538.5733138064517,538.599707,817.7052785806452,1.845521,21.443743032258066,0.9580645161290322,0.9580645161290322,1.0,0.8329032258064516,none,0:1.0500|1:0.9300|2:1.0300|3:0.9400|4:0.9500|5:1.1000|6:0.8200|,Levent Özkan:1:19201,2378194,3,264600,2462,31,33.60266824681569,34.47732704893065,1|none,299698
Temkinli,23,2523,2018,1,1249,1030,219,4850,173,70,0,0,194,4407564,2918067,1461430,297100,66960,115663,139903,0,19626,822178,535167,272740,0,262427,333858,1346226,4570747,156060,0,1483383,631563,0,2.0,0.0,2.0,0.0,0.0,831.268328516129,854.090909,552.856304967742,547.8768328064516,829.598240483871,1.864777,20.847720645161292,1.0,1.0,1.0,0.983225806451613,none,0:1.0500|1:0.9300|2:1.0300|3:0.9400|4:0.9500|5:1.1000|6:0.8200|,Levent Özkan:1:20373,2942934,3,264600,2493,31,33.15731773832439,33.49243727899169,none,557578
Temkinli,23,2551,2018,2,1270,1050,220,5152,151,80,0,0,192,4625364,3068238,1533689,268800,60480,105394,127484,0,22786,948745,849246,560542,0,288704,304045,1763804,5627997,156060,0,1509843,570444,0,2.0,0.0,2.0,0.0,0.0,827.1103893571428,861.363636,544.8733767857142,547.1525974642857,833.775974,1.8813790000000001,22.745755964285713,1.0,1.0,1.0,1.0,2,0:1.0500|1:0.9300|2:1.0300|3:0.9400|4:0.9500|5:1.1000|6:0.8200|,Levent Özkan:1:20373,3016838,3,264600,2524,28,33.15823360064203,34.123258056375334,none|2,684145
Temkinli,23,2582,2018,3,987,798,189,3882,130,13,0,0,164,3190339,2069481,1096017,297600,66960,117617,129332,0,59539,424969,-314257,-527884,0,213627,254210,862916,4124886,156060,0,1536303,631563,0,2.0,0.0,2.0,0.0,0.0,847.4193549999999,867.954545,552.7404691290322,549.2111438064517,841.3475072580645,1.896501,20.793133096774195,1.0,1.0,1.0,1.0,2,0:1.0500|1:0.9300|2:1.0300|3:0.9400|4:0.9500|5:1.1000|6:0.8200|,Levent Özkan:1:20373,2191092,3,264600,2552,31,34.35424887449265,34.77367895036663,2,160369
Temkinli,23,2612,2018,4,852,706,146,3338,116,11,0,0,132,2788408,1826647,945250,288000,64800,114843,126270,0,24277,327060,-572604,-805825,0,233221,244150,857760,3331338,156060,0,1562763,611190,0,2.0,0.0,2.0,0.0,0.0,853.6590906,875.6818179999999,564.7833332333333,558.7257575666666,851.1106060666666,1.9133850000000001,20.9298734,1.0,1.0,1.0,1.0,2,0:1.0500|1:0.9300|2:1.0300|3:0.9400|4:0.9500|5:1.1000|6:0.8200|,Levent Özkan:1:20373,1811740,3,264600,2583,30,33.89927155566904,33.83970961565329,2,62460
Temkinli,23,2643,2018,5,1026,862,164,4123,119,19,0,0,152,3365863,2235473,1108387,297600,66960,119694,131626,0,7718,484789,-149079,-360910,0,211831,211831,1150762,3205342,156060,0,1589223,631563,0,2.0,0.0,2.0,0.0,0.0,852.5513194193549,883.409091,564.601172967742,563.1129031935484,855.313782967742,1.929868,23.047370161290324,1.0,1.0,1.0,1.0,2,0:1.0500|1:0.9300|2:1.0300|3:0.9400|4:0.9500|5:1.1000|6:0.8200|,Levent Özkan:1:20373,2312992,3,264600,2613,31,32.93024701243039,33.77511005996993,2,220189
Temkinli,23,2673,2018,6,1003,818,185,3879,115,18,0,0,168,2888438,1904462,959254,288000,64800,116854,147780,0,20438,321382,-483873,-668304,0,184431,198531,835814,2239307,165814,0,1617337,612449,0,2.0,0.0,2.0,0.0,0.0,869.7727272,890.909091,586.9484849,576.5030303666666,863.3939394333333,1.94705,19.887687733333333,1.0,1.0,1.0,1.0,2,0:1.0500|1:0.9300|2:1.0300|3:0.9400|4:0.9500|5:1.1000|6:0.8200|,Levent Özkan:1:20373,1916292,3,281137,2644,30,33.21012948867173,32.517028121872336,2,40245
Temkinli,23,2704,2018,7,1084,875,209,4344,126,6,0,0,190,3347025,2242439,1088041,315600,71145,121803,154008,0,21426,404059,-509291,-762063,0,252772,266785,933794,1761592,165814,0,1645451,670592,0,2.0,0.0,2.0,0.0,0.0,867.9252198709678,898.409091,586.0571847096774,584.0894428064516,858.2507330322582,1.963822,21.281896999999997,1.0,1.0,1.0,1.0,2,0:1.0500|1:0.9300|2:1.0300|3:0.9400|4:0.9500|5:1.1000|6:0.8200|,Levent Özkan:1:21632,2188840,2,281137,2674,31,32.50770460334177,32.47607382617537,2,122922
Temkinli,23,2735,2018,8,1354,1127,227,6517,85,50,0,0,217,4464299,3311946,1137122,316200,71145,122888,155403,0,6998,464488,-383045,-539545,0,156500,156500,1569788,1863808,165814,0,1673565,670592,0,2.0,0.0,2.0,0.0,0.0,791.4442814193549,907.045455,591.8284457741936,589.0454545806452,797.3108502580645,1.9813059999999998,32.893472967741936,1.0,1.0,1.0,1.0,2,0:1.0500|1:0.8900|2:1.0300|3:0.9000|4:0.9100|5:1.1000|6:0.8200|,Levent Özkan:1:21632,3314588,2,281137,2705,31,25.471456996943978,25.221716844952827,2,183351
Temkinli,23,2765,2018,9,1357,1121,236,5944,100,82,0,0,210,4704610,3500667,1165543,306000,68850,119974,131940,0,16357,522422,-232850,-418581,0,185731,159789,1727124,1628234,165814,0,1701679,648960,0,2.0,0.0,2.0,0.0,0.0,809.5681817999999,915.454545,606.6318181333334,602.0318182666667,803.6181818,1.998945,30.2794399,1.0,1.0,1.0,1.0,2,0:1.0500|1:0.8950|2:1.0300|3:0.9050|4:0.9150|5:1.1000|6:0.8200|,Levent Özkan:1:21632,3556244,2,281137,2736,30,24.77448715196371,25.06723562374405,2,241285
Temkinli,23,2796,2018,10,1386,1158,228,6090,114,45,0,0,205,4780800,3566699,1185293,316200,71145,125028,137516,0,27449,507955,-158799,-325458,0,166659,212759,1555034,1124375,165814,0,1729793,670592,0,2.0,0.0,2.0,0.0,0.0,810.0,922.954545,603.4281526129032,603.941349032258,810.3255134516128,2.016165,31.796607387096774,1.0,1.0,1.0,1.0,2,0:1.0500|1:0.8950|2:1.0300|3:0.9050|4:0.9150|5:1.1000|6:0.8200|,Levent Özkan:1:21632,3572494,2,281137,2766,31,24.792775267737618,25.502697208283553,2,226818
Temkinli,23,2826,2018,11,1272,1040,232,5717,89,52,0,0,218,4443230,3319017,1101956,306000,68850,122075,134250,0,15326,455455,-170566,-318693,0,148127,148127,1379818,601353,165814,0,1757907,648960,0,2.0,0.0,2.0,0.0,0.0,810.0,931.8181820000001,605.4287878666668,604.4106060666667,817.5000001999999,2.034115,33.406132666666664,1.0,1.0,1.0,1.0,2,0:1.0500|1:0.8950|2:1.0300|3:0.9050|4:0.9150|5:1.1000|6:0.8200|,Levent Özkan:1:21632,3357794,2,281137,2797,30,24.8007868149972,25.25570520164608,2,174318
Temkinli,23,2857,2018,12,1107,911,196,4759,138,42,0,0,170,4090095,3060032,1004353,316200,71145,127230,153915,0,8565,327298,-431865,-606067,0,174202,174202,1380394,28550,180444,0,1788501,672520,0,2.0,0.0,2.0,0.0,0.0,827.9985338064516,939.318182,622.2082110967742,616.0439882580646,825.5410556451612,2.051637,31.600327903225807,1.0,1.0,1.0,1.0,2,0:1.0500|1:0.9100|2:1.0300|3:0.9200|4:0.9300|5:1.1000|6:0.8200|,Levent Özkan:1:21632,3062574,2,305944,2827,31,24.55573770291399,24.853947719402825,2,21354
Temkinli,23,2888,2019,1,1218,984,234,5690,99,71,0,0,217,4952055,3704589,1215281,343200,77407,128395,155279,0,21578,489422,-4369,-169551,0,165182,176747,1651162,85086,0,0,1638651,730360,0,2.0,0.0,2.0,0.0,0.0,832.9912022903226,947.272727,620.130498483871,620.0322580645161,832.0967743548387,2.069903,30.93958170967742,1.0,1.0,1.0,1.0,2,0:1.0500|1:0.9300|2:1.0300|3:0.9400|4:0.9500|5:1.1000|6:0.8200|,Levent Özkan:1:23560,3776800,2,0,2858,31,24.54094310341868,25.55377574471228,2,489422
Temkinli,23,2916,2019,2,1128,937,191,5522,143,77,0,0,169,5031860,3785232,1222636,310800,69916,117511,142128,0,16425,565856,6645,-150082,0,156727,167079,1865348,151792,0,0,1488801,659680,0,2.0,0.0,2.0,0.0,0.0,843.7337660357143,959.7727270000001,637.9448052500001,632.7792208214286,843.56168825,2.097689,32.33500025,1.0,1.0,1.0,1.0,2,0:1.0500|1:0.9300|2:1.0300|3:0.9400|4:0.9500|5:1.1000|6:0.8200|,Levent Özkan:1:23560,3804640,2,0,2889,28,24.297893820575293,24.39027203481666,2,565856
Temkinli,23,2947,2019,3,948,422,526,2509,36,1054,0,0,81,2050419,1563500,482301,344100,77407,131683,144801,0,161927,-377617,-1609200,-1792567,0,183367,101787,1136949,-1134451,0,0,1338951,730360,0,2.0,0.0,2.0,0.0,0.0,844.6187680645162,971.818182,655.4941349354839,641.4486802580645,853.4281526451612,2.1231059999999995,21.80124835483871,1.0,1.0,1.0,1.0,2,0:1.0500|1:0.9300|2:1.0300|3:0.9400|4:0.9500|5:1.1000|6:0.8200|,Levent Özkan:1:23560,589404,2,0,2917,31,23.52207036708107,22.39171568048628,2,-377617
Temkinli,23,2977,2019,4,541,0,541,0,0,1235,0,0,0,1935,0,1935,333000,74910,129146,142020,0,30234,-707375,-2191799,-2192134,0,335,0,1136949,-3171870,0,0,1189101,706800,0,2.0,0.0,2.0,0.0,0.0,867.0227275333333,984.3181820000001,669.5075757666667,642.090909,865.0196972666666,2.151607,5.0,1.0,1.0,1.0,1.0,2,0:1.0500|1:0.9300|2:1.0300|3:0.9400|4:0.9500|5:1.1000|6:0.8200|,Levent Özkan:1:23560,0,1,0,2948,30,100.0,22.780850546858698,2,-707375
Temkinli,23,3008,2019,5,1031,537,494,3074,57,835,0,0,122,2437569,1935229,486961,344100,77407,135188,148645,0,17370,-235749,-833915,-833963,0,48,151016,0,2898985,120296,0,1159547,306280,0,2.0,0.0,2.0,0.0,0.0,872.3826980967742,997.727273,692.6466275806451,671.5087976129032,876.5703812903225,2.179552,15.11853670967742,1.0,1.0,1.0,1.0,2,0:1.0500|1:0.9100|2:1.0300|3:0.9200|4:0.9300|5:1.1000|6:0.8200|,Levent Özkan:1:23560,3072468,1,203962,2978,31,19.97732166761228,20.602892619059116,2,-439711
Temkinli,23,3038,2019,6,1475,1213,262,6562,94,36,0,3,244,4896196,3766674,1090763,333000,74910,132597,167640,0,10610,372006,157013,118629,0,38384,18363,0,3105040,131134,0,1127331,0,0,2.0,0.0,2.0,0.0,0.0,889.7424242333333,1010.6818179999999,688.5984848666667,687.3530304,887.9363637,2.20881,28.162114499999998,1.0,1.0,1.0,1.0,none,0:1.0500|1:0.8900|2:1.0300|3:0.9000|4:0.9100|5:1.1000|6:0.8200|,,3742446,1,222337,3009,30,22.277764207151836,22.606985335108284,2|none,149669
Temkinli,23,3069,2019,7,1548,1281,267,6607,68,36,0,0,254,5128942,3904235,1200605,374100,84382,138785,175491,0,20606,407241,257466,177947,0,79519,103958,0,3254075,131134,0,1095115,0,0,2.0,0.0,2.0,0.0,0.0,898.409091,1024.318182,684.7639296774192,685.983871,899.0043990645162,2.237498,28.027229580645162,1.0,1.0,1.0,1.0,none,0:1.0500|1:0.8900|2:1.0300|3:0.9000|4:0.9100|5:1.1000|6:0.8200|,,3932810,1,222337,3039,31,23.408433942126855,23.78038729380809,none,184904
Temkinli,23,3100,2019,8,1616,1355,261,6461,92,50,0,3,236,5275415,4014156,1210976,375100,84382,140646,177847,0,13168,419833,269748,188983,0,80765,85300,0,3447485,131134,0,1062899,0,0,2.0,0.0,2.0,0.0,0.0,914.2228741935483,1037.727273,703.7346040645161,698.617302,911.4794723225807,2.267534,27.65454058064516,0.9709677419354839,0.9709677419354839,1.0,0.9745967741935483,3,0:1.0500|1:0.8900|2:1.0300|3:0.9000|4:0.9100|5:1.1000|6:0.8200|,,4060012,1,222337,3070,31,22.955085050180887,23.023736997907367,none|3,197496
Temkinli,23,3130,2019,9,1471,1186,285,6065,143,57,0,0,252,5274035,4063507,1171457,363000,81660,137940,151680,0,9971,427206,248153,150477,0,97676,97676,0,3571502,131134,0,1030683,0,0,2.0,0.0,2.0,0.0,0.0,917.3712121333333,1051.136364,707.2863636666666,705.4499999666666,923.1272727666667,2.297973,28.615041333333334,0.95,0.95,1.0,0.925,3,0:1.0500|1:0.8900|2:1.0300|3:0.9000|4:0.9100|5:1.1000|6:0.8200|,,4129038,1,222337,3101,30,22.21177902687411,22.900745705559853,3,204869
Temkinli,23,3161,2019,10,1481,1198,283,6130,152,75,0,0,241,5575750,4198187,1334176,375100,84382,144398,158751,0,13330,558215,380761,290044,0,90717,96976,0,3826570,131134,0,998467,0,0,2.0,0.0,2.0,0.0,0.0,939.017595,1065.227273,707.4208210967741,706.6803518387097,935.8519058387097,2.327819,27.96202048387097,0.95,0.95,1.0,0.925,3,0:1.0500|1:0.9000|2:1.0300|3:0.9100|4:0.9200|5:1.1000|6:0.8200|,,4276550,1,222337,3131,31,23.928189032865532,24.663731024467744,3,335878
Temkinli,23,3191,2019,11,1542,1239,303,6951,139,81,0,0,268,5906393,4507292,1356400,363000,81660,141601,155700,0,8537,605902,612752,290753,232505,89494,89494,0,4161737,131134,0,966251,0,0,2.0,0.0,2.0,0.0,0.0,947.2499998000001,1079.772727,728.0787879,722.2803029666667,948.3545455,2.359067,29.474598066666665,0.95,0.95,1.0,0.925,3,0:1.0500|1:0.9000|2:1.0300|3:0.9100|4:0.9200|5:1.1000|6:0.8200|,,4481616,1,222337,3162,30,22.964946626477445,23.137631242678847,3,383565
Temkinli,23,3222,2019,12,1523,1240,283,6348,169,125,0,0,248,6149544,4640113,1481132,375100,84382,148214,179273,0,9626,684537,712026,357713,231906,122407,122407,0,4423322,150641,0,929242,0,0,2.0,0.0,2.0,0.0,0.0,963.3577709032259,1093.863636,723.8782992580644,724.5674486451612,961.1700882580645,2.389707,28.79758522580645,0.95,0.95,1.0,0.925,3,0:1.0500|1:0.9100|2:1.0300|3:0.9200|4:0.9300|5:1.1000|6:0.8200|,,4739978,1,255412,3192,31,24.085232986380777,24.858830112579053,3,429125
Temkinli,23,3253,2020,1,1527,1191,336,6766,145,135,0,0,307,6567804,4926375,1595092,429100,96937,150276,181691,0,21302,715786,644445,299793,231292,113360,113360,0,4710309,150641,0,892233,0,0,2.0,0.0,2.0,0.0,0.0,970.3445746451613,1108.409091,727.9956012258065,726.8035190645162,973.8225803225806,2.421786,29.964490322580644,0.95,0.95,1.0,0.925,3,0:1.0500|1:0.9100|2:1.0300|3:0.9200|4:0.9300|5:1.1000|6:0.8200|,,4960342,1,255412,3223,31,24.286534738247365,24.975558142114387,3,460374
Temkinli,23,3282,2020,2,1476,1146,330,6482,152,140,0,0,294,7116556,5424681,1656535,403100,90683,143831,173913,0,12777,832231,552865,212766,230662,109437,109437,0,4825814,150641,0,855224,0,0,2.0,0.0,2.0,0.0,0.0,999.3652037586206,1134.318182,764.1630093448276,756.3401253793104,996.84326,2.477969,29.633127379310345,0.95,0.95,1.0,0.925,3,0:1.0500|1:0.9150|2:1.0300|3:0.9250|4:0.9350|5:1.1000|6:0.8200|,,5531476,1,255412,3254,29,23.277200376136996,23.535159472152486,3,576819
Temkinli,23,3313,2020,3,1673,1314,359,7182,174,117,0,0,326,6844340,5164607,1646490,430900,96937,157071,172670,0,13743,775169,567932,202534,230017,135381,140444,0,5029729,150641,0,818215,0,0,2.0,0.0,2.0,0.0,0.0,1023.7536661290322,1159.772727,772.9677419354839,769.9956011612904,1019.1392964193548,2.531706,30.346369032258064,0.95,0.95,1.0,0.925,3,0:1.0500|1:0.9250|2:1.0300|3:0.9350|4:0.9450|5:1.1000|6:0.8200|,,5170018,1,255412,3283,31,24.056227481393385,24.496705847394708,3,519757
Temkinli,23,3343,2020,4,1615,1272,343,7425,131,107,0,2,316,7127512,5405880,1687437,417000,93810,155546,170970,0,21179,828932,788585,439122,229356,120107,128648,0,5271968,150641,0,781206,0,0,2.0,0.0,2.0,0.0,0.0,1044.3484848,1186.1363640000002,794.7106061,789.4651515,1042.4742425666666,2.590438,31.0071841,0.95,0.95,1.0,0.925,3,0:1.0500|1:0.9250|2:1.0300|3:0.9350|4:0.9450|5:1.1000|6:0.8200|,,5609846,1,255412,3314,30,23.674979431812954,23.903695206471955,3,573520
Temkinli,23,3374,2020,5,1737,1352,385,7925,144,130,0,6,349,7736115,5892360,1803310,430900,96937,164330,180637,0,22312,908194,701360,334930,228678,137752,113632,0,5616928,150641,0,744197,0,0,2.0,0.0,2.0,0.0,0.0,1068.5630500322582,1212.5,815.3577712903226,809.9999999354839,1065.6612903225807,2.648573,31.281181967741936,0.95,0.95,1.0,0.925,3,0:1.0500|1:0.9300|2:1.0300|3:0.9400|4:0.9500|5:1.1000|6:0.8200|,,5926420,1,255412,3344,31,23.310279125892002,23.6958669621125,3,652782
Temkinli,23,3404,2020,6,1735,1348,387,8029,145,67,0,0,364,7422475,5492229,1876960,417000,93810,162722,205680,0,18858,978890,826765,464151,227984,134630,174177,0,5976927,174484,0,701331,0,0,2.0,0.0,2.0,0.0,0.0,1095.7651518999999,1240.681818,815.7151515333334,814.8742423666666,1090.187879,2.710017,31.179237333333333,0.95,0.95,1.0,0.925,3,0:1.0500|1:0.9300|2:1.0300|3:0.9400|4:0.9500|5:1.1000|6:0.8200|,,5589748,1,295837,3375,30,25.287522019272547,25.557483725511286,3,683053
Temkinli,23,3435,2020,7,1705,1359,346,8308,132,60,0,0,337,8286617,6296571,1958217,496900,112282,171930,217310,0,13191,946604,765768,408985,227271,129512,129512,0,6302233,174484,0,658465,0,0,2.0,0.0,2.0,0.0,0.0,1116.9868037741935,1268.409091,859.1363636129032,846.9560117419354,1114.9369502580646,2.770836,31.16406906451613,0.95,0.95,1.0,0.925,3,0:1.0500|1:0.9300|2:1.0300|3:0.9400|4:0.9500|5:1.1000|6:0.8200|,,6382882,1,295837,3405,31,23.6310788829748,23.08446610918212,3,650767
Temkinli,23,3466,2020,8,1676,1297,379,7949,118,60,0,3,362,7870100,5865301,1956943,499100,112282,175902,222363,0,44484,902812,658981,275981,226541,156459,171109,0,6625562,174484,0,615599,0,0,2.0,0.0,2.0,0.0,0.0,1143.7170092258066,1297.272727,855.8636364193549,856.0161291290323,1140.2463342580645,2.835116,30.581909806451613,0.95,0.95,1.0,0.925,3,0:1.0500|1:0.9300|2:1.0300|3:0.9400|4:0.9500|5:1.1000|6:0.8200|,,5835882,1,295837,3436,31,24.86554173390427,25.16823396736073,3,606975
Temkinli,23,3496,2020,9,1664,1293,371,7121,132,76,0,3,348,8160770,6061772,2047502,483000,108660,174190,191460,0,30092,1060100,816554,443774,225793,146987,155817,0,6943067,174484,0,572733,0,0,2.0,0.0,2.0,0.0,0.0,1173.356061,1328.409091,871.0075757,867.3924241999999,1167.2287878,2.900887,30.087057599999998,0.95,0.95,1.0,0.925,3,0:1.0500|1:0.9300|2:1.0300|3:0.9400|4:0.9500|5:1.1000|6:0.8200|,,6208862,1,295837,3467,30,25.08956875392886,25.767837687932648,3,764263
Temkinli,23,3527,2020,10,1677,1300,377,7500,165,110,0,0,355,8478415,6446667,1977127,499100,112282,184030,202275,0,26394,953046,713577,368403,225026,120148,128185,0,7324954,174484,0,529867,0,0,2.0,0.0,2.0,0.0,0.0,1194.362170032258,1356.818182,914.9633431290322,902.8533723225806,1192.7008797096776,2.965989,31.218433838709675,0.95,0.95,1.0,0.925,3,0:1.0500|1:0.9300|2:1.0300|3:0.9400|4:0.9500|5:1.1000|6:0.8200|,,6456362,1,295837,3497,31,23.319535549981925,23.393141034907337,3,657209
Temkinli,23,3557,2020,11,1564,1200,364,6837,143,82,0,0,336,7673575,5748664,1868358,483000,108660,182236,200310,0,54699,839453,602236,213799,224240,164197,177959,0,7436152,174484,0,487001,0,0,2.0,0.0,2.0,0.0,0.0,1224.2727272999998,1389.545455,917.5545453666667,915.5151515666668,1220.7242426666667,3.034797,31.025076366666667,0.95,0.95,1.0,0.925,3,0:1.0500|1:0.9300|2:1.0300|3:0.9400|4:0.9500|5:1.1000|6:0.8200|,,5875590,1,295837,3528,30,24.347947338756708,25.05309275407667,3,543616
Temkinli,23,3588,2020,12,1660,1244,416,7233,200,156,0,0,362,9275803,7131723,2093411,499100,112282,192530,232779,0,35946,1020774,937067,574617,223435,139015,158685,0,7931330,198326,0,438277,0,0,2.0,0.0,2.0,0.0,0.0,1249.5527857419356,1420.681818,964.2991202580645,954.2991201290323,1248.3284455483872,3.102904,30.53625270967742,0.95,0.95,1.0,0.925,3,0:1.0500|1:0.9300|2:1.0300|3:0.9400|4:0.9500|5:1.1000|6:0.8200|,,7228798,1,336262,3558,31,22.568515092439974,22.828460609168957,3,684512
Temkinli,23,3619,2021,1,1612,1218,394,7246,203,106,0,0,365,9935348,7697852,2182005,565100,127627,196984,238173,0,20694,1033427,794317,395966,222609,175742,152738,0,8305483,198326,0,389553,0,0,2.0,0.0,2.0,0.0,0.0,1270.1979472258065,1453.409091,977.6129032903226,974.0601172903226,1276.9706748387098,3.174888,30.931553516129032,0.95,0.95,1.0,0.925,3,0:1.0500|1:0.9300|2:1.0300|3:0.9400|4:0.9500|5:1.1000|6:0.8200|,,7774664,1,336262,3589,31,21.962038974377144,23.034602171614928,3,697165
Temkinli,23,3647,2021,2,1501,1156,345,6505,169,112,0,0,304,8916970,6846504,2031306,512400,115276,181676,219688,0,48487,953779,790327,423984,221762,144581,174543,0,8596764,198326,0,340829,0,0,2.0,0.0,2.0,0.0,0.0,1306.2500002857143,1484.545455,998.2662336785714,992.7353896428571,1304.5357145,3.242156,30.7729395,0.95,0.95,1.0,0.925,3,0:1.0500|1:0.9300|2:1.0300|3:0.9400|4:0.9500|5:1.1000|6:0.8200|,,6965130,1,336262,3620,28,22.780226915645112,23.5777046154854,3,617517
Temkinli,23,3653,2021,3,344,266,78,1628,29,18,0,0,74,2197341,1658426,527584,109800,24702,39648,43614,0,1418,308402,301796,80901,220895,0,14836,0,8743515,0,0,340829,0,0,2.0,0.0,2.0,0.0,0.0,1328.409091,1513.181818,1006.962121,999.9318181666667,1328.6287876666668,3.304138,31.77806216666667,0.9499999999999998,0.9499999999999998,1.0,0.9250000000000002,3,0:1.0500|1:0.9300|2:1.0300|3:0.9400|4:0.9500|5:1.1000|6:0.8200|,,1553498,1,0,3648,6,24.010110401617226,24.197889955572425,3,308402
Dengeli,21,25,2011,3,1338,1217,121,5567,186,88,0,0,97,2382565,1783024,590636,168750,37975,50012,55000,0,9737,269162,147887,96610,0,51277,56014,523112,94309,71527,0,12127,0,0,3.0,1.0,2.0,0.0,0.0,446.51818184,457.7272730000001,328.7618182,334.40181824,448.12727284,1.0,28.879036160000002,1.0,1.0,1.0,1.0,none,0:1.0000|1:0.9100|2:1.0300|3:0.9400|4:0.9500|5:1.1000|6:0.8200|,,2072572,1,121275,1,25,24.78992178597436,26.37213184796928,none,147887
Dengeli,21,55,2011,4,1585,1426,159,6213,201,53,0,2,140,2621475,1903280,694462,202500,45570,60374,66390,0,7904,311724,190449,123172,0,67277,75181,883942,588029,71527,0,24254,0,0,3.0,1.0,2.0,0.0,0.0,449.7727271333333,459.09090899999995,324.1772727,326.07575770000005,443.680303,1.00592,27.704730933333334,1.0,1.0,1.0,1.0,none,0:1.0000|1:0.9150|2:1.0300|3:0.9400|4:0.9500|5:1.1000|6:0.8200|,,1916682,1,121275,26,30,26.49126922820168,27.9242041272327,none,190449
Dengeli,21,86,2011,5,1765,1609,156,7007,228,70,0,2,133,2890230,2093913,775577,209250,47089,62821,69099,0,4977,382341,261066,163053,0,98013,102990,935610,821770,71527,0,36381,0,0,3.0,1.0,2.0,0.0,0.0,447.3093839032258,464.31818200000004,321.9956011935484,323.48826987096777,447.3328446129032,1.01307,29.44130558064516,1.0,1.0,1.0,1.0,none,0:1.0000|1:0.9100|2:1.0300|3:0.9400|4:0.9500|5:1.1000|6:0.8200|,,2091270,1,121275,56,31,26.834438781688654,28.01501314731835,none,261066
Dengeli,21,116,2011,6,1802,1663,139,8920,153,74,0,10,113,3022175,2253843,750133,202500,45570,61245,77460,0,5955,357403,255495,171084,0,84411,90366,1071746,1146713,78030,0,49611,0,0,3.0,1.0,2.0,0.0,0.0,428.5984847333333,466.818182,318.87272740000003,320.4136364,420.0893938333333,1.020512,36.0551144,1.0,1.0,1.0,1.0,none,0:1.0000|1:0.8900|2:1.0300|3:0.9200|4:0.9500|5:1.1000|6:0.8200|,,2251368,1,132300,87,30,24.820965033461,25.601060489423514,none,225103
Dengeli,21,147,2011,7,2012,1822,190,10010,139,92,0,16,157,3404240,2670144,711945,222750,50220,63751,80600,0,9785,284839,227323,152851,0,74472,65136,1168822,1377731,78030,0,62841,0,0,3.0,1.0,2.0,0.0,0.0,417.5,470.227273,330.5131965483871,328.036656967742,413.4574776774193,1.027766,38.30741929032258,1.0,1.0,1.0,1.0,none,0:1.0500|1:0.8900|2:1.0300|3:0.9000|4:0.9500|5:1.1000|6:0.8200|,,2723052,1,132300,117,31,20.913478485653187,20.835162503380335,none,152539
Dengeli,21,178,2011,8,2158,1959,199,11339,155,102,0,27,154,3799690,2998727,779602,223200,50220,64216,81189,0,9101,351676,382162,304417,0,77745,95617,1403082,1917047,78030,0,76071,0,0,3.0,1.0,2.0,0.0,0.0,417.954545,474.090909,330.2404691612903,330.2653958064516,416.16568893548384,1.035317,38.86130861290323,1.0,1.0,1.0,1.0,none,0:1.0500|1:0.8900|2:1.0300|3:0.9000|4:0.9500|5:1.1000|6:0.8200|,,3002400,1,132300,148,31,20.51751590261311,20.986510827082803,none,219376
Dengeli,21,208,2011,9,1851,1660,191,9169,196,120,0,13,149,3620170,2784586,810124,216000,48600,62595,68820,0,9928,404181,404921,321873,0,83048,92976,1218168,2117933,78030,0,89301,0,0,3.0,1.0,2.0,0.0,0.0,422.68181853333334,477.272727,324.0969697,325.65,419.5015155333333,1.042922,36.5975883,1.0,1.0,1.0,1.0,none,0:1.0500|1:0.9100|2:1.0300|3:0.9200|4:0.9500|5:1.1000|6:0.8200|,,2745366,1,132300,179,30,22.378065118488912,23.323654936333345,none,271881
Dengeli,21,239,2011,10,1912,1727,185,10292,210,127,0,13,147,3923195,3010704,885208,208800,46980,65146,71641,0,8037,484604,352304,228293,0,124011,132048,1278756,2379437,78030,0,102531,0,0,2.806451612903226,0.8064516129032258,2.0,0.0,0.0,426.51026412903224,481.136364,327.1686216129032,326.65395893548384,422.84897332258066,1.050335,38.89889361290323,1.0,1.0,1.0,1.0,none,0:1.0500|1:0.9100|2:1.0300|3:0.9200|4:0.9500|5:1.1000|6:0.8200|,,3063022,1,132300,209,31,22.563446374702252,23.291735480034113,none,352304
Dengeli,21,269,2011,11,1924,1754,170,10038,235,137,0,21,123,3963220,3042478,904485,144000,32400,63495,69840,0,0,594750,462450,350354,0,112096,112096,1497462,2990246,78030,0,115761,0,0,2.0,0.0,2.0,0.0,0.0,431.2651513333333,484.545455,329.59545453333334,328.9121212666667,431.4848486333333,1.058051,39.39438573333334,1.0,1.0,1.0,1.0,none,0:1.0500|1:0.9150|2:1.0300|3:0.9250|4:0.9500|5:1.1000|6:0.8200|,,3016986,1,132300,240,30,22.821973042122316,23.574753602434583,none,462450
Dengeli,21,300,2011,12,1965,1746,219,9526,302,164,0,16,158,4046565,3109668,918915,148800,33480,66077,79949,0,9422,581187,443375,329684,0,113691,117763,1384926,3195626,81281,0,129542,0,0,2.0,0.0,2.0,0.0,0.0,431.18768287096776,487.5,330.98973606451614,330.4853371935484,428.5087976451613,1.065572,38.26633132258065,1.0,1.0,1.0,1.0,none,0:1.0500|1:0.9250|2:1.0300|3:0.9350|4:0.9500|5:1.1000|6:0.8200|,,3139418,1,137812,270,31,22.708519447976247,23.237664429397835,none,443375
Dengeli,21,331,2012,1,1889,1695,194,9901,275,150,0,15,145,4369335,3313516,1038504,154800,34875,66569,80538,0,5383,696339,228624,113673,0,114951,120334,1324102,11939898,81281,0,143323,0,0,2.0,0.0,2.0,0.0,0.0,438.6070383548388,491.81818200000004,329.744868,330.3196480645161,436.1642226774194,1.0734,39.303933032258065,1.0,1.0,1.0,1.0,none,0:1.0500|1:0.9250|2:1.0300|3:0.9350|4:0.9500|5:1.1000|6:0.8200|,,3401572,2,137812,301,31,23.768010463834887,24.81997798374769,none,558527
Dengeli,21,360,2012,2,1622,1455,167,8071,181,124,0,6,130,3403320,2533128,856362,155800,32625,62623,75777,0,3150,526387,-140030,-243707,0,103677,103677,1113482,11289249,81281,0,157104,0,0,2.8275862068965516,0.0,2.0,0.0,0.8275862068965517,457.398119,494.3181819999999,338.1300940689655,336.2852665172414,459.992163,1.079586,37.04826993103448,1.0,1.0,1.0,1.0,none,0:1.0500|1:0.9300|2:1.0300|3:0.9400|4:0.9500|5:1.1000|6:0.8200|,,2557762,3,137812,332,29,25.162547159832165,26.075320377746138,none,388575
Dengeli,21,391,2012,3,1698,1522,176,8707,169,114,0,0,150,3564585,2532779,1015213,168950,34875,67313,74028,0,0,670047,795928,408245,231205,156478,156478,1111972,11551088,81281,0,170885,0,0,3.0,0.0,2.0,0.0,1.0,472.5439882903226,496.590909,330.45894441935485,332.16715545161287,473.62609964516133,1.085405,34.19418051612904,1.0,1.0,1.0,1.0,none,0:1.0500|1:0.9300|2:1.0300|3:0.9400|4:0.9500|5:1.1000|6:0.8200|,,2494230,3,137812,361,31,28.48053840769683,30.068109507653546,none,532235
Dengeli,21,421,2012,4,1483,1355,128,6842,187,87,0,0,106,2964225,2019385,926049,163500,33750,65502,72060,0,0,591237,707211,336075,113644,257492,257492,954652,11591698,81281,0,184666,0,0,3.0,0.0,2.0,0.0,1.0,478.0757576,499.318182,323.67272740000004,325.65909100000005,480.91363636666665,1.09166,29.849215466666667,1.0,1.0,1.0,1.0,none,0:1.0500|1:0.9300|2:1.0300|3:0.9400|4:0.9500|5:1.1000|6:0.8200|,,2073514,3,137812,392,30,31.240847101687624,32.29677048991617,none,453425
Dengeli,21,452,2012,5,1515,1357,158,6651,205,98,0,0,134,2982595,2038153,926979,168950,34875,68058,74865,0,0,580231,623230,311790,112316,199124,199124,886556,11647986,81281,0,198447,0,0,3.0,0.0,2.0,0.0,1.0,489.53812303225806,502.045455,336.83137841935485,333.16129032258067,483.92521999999997,1.097747,27.678145258064518,1.0,1.0,1.0,1.0,none,0:1.0500|1:0.9300|2:1.0300|3:0.9400|4:0.9500|5:1.1000|6:0.8200|,,2083010,3,137812,422,31,31.079613557992285,31.194045453910565,none,442419
Dengeli,21,482,2012,6,1472,1346,126,6892,138,61,0,0,109,2702130,1874125,816466,163500,33750,66252,83790,0,0,469174,451883,185155,110970,155758,155758,918134,11787774,84532,0,212779,0,0,3.0,0.0,2.0,0.0,1.0,484.6515152666667,505.227273,335.57121226666663,335.23484850000006,484.6212122,1.104074,29.308824066666666,1.0,1.0,1.0,1.0,none,0:1.0500|1:0.9300|2:1.0300|3:0.9400|4:0.9500|5:1.1000|6:0.8200|,,1877260,3,143325,453,30,30.215644695110893,30.760308861919594,none,325849
Dengeli,21,513,2012,7,1598,1441,157,7470,178,70,0,0,140,3021540,2057122,935513,174950,36270,68833,87079,0,0,568381,577525,243534,109607,224384,224384,923066,11941800,84532,0,227111,0,0,3.0,0.0,2.0,0.0,1.0,491.9354841935484,508.18181799999996,334.3489737096774,334.755132,489.1583578064516,1.11023,28.890082709677422,1.0,1.0,1.0,1.0,none,0:1.0500|1:0.9300|2:1.0300|3:0.9400|4:0.9500|5:1.1000|6:0.8200|,,2071226,3,143325,483,31,30.961463359743707,32.03397915932199,none,425056
Dengeli,21,544,2012,8,1572,1427,145,6990,129,64,0,3,126,2930395,2024925,891528,175150,36270,69236,87575,0,0,523297,549654,266891,108227,174536,174536,793382,11959469,84532,0,241443,0,0,3.0,0.0,2.0,0.0,1.0,485.2346041935484,510.909091,337.5967741290322,336.3064516451613,485.97507338709676,1.116629,28.25541477419355,1.0,1.0,1.0,1.0,none,0:1.0500|1:0.9300|2:1.0300|3:0.9400|4:0.9500|5:1.1000|6:0.8200|,,2048708,3,143325,514,31,30.42347533353012,30.426072004878495,none,379972
Dengeli,21,574,2012,9,1468,1308,160,6205,185,107,0,0,132,2924120,2029612,881677,169500,35100,67393,74130,0,0,535554,569689,236367,106829,226493,178403,910296,12179772,84532,0,255775,0,0,3.0,0.0,2.0,0.0,1.0,495.81060633333334,514.090909,345.44242436666667,342.61969700000003,497.37575756666666,1.123064,27.511560733333333,1.0,1.0,1.0,1.0,none,0:1.0500|1:0.9300|2:1.0300|3:0.9400|4:0.9500|5:1.1000|6:0.8200|,,2061986,3,143325,545,30,30.15187475206216,30.32774612844288,none,392229
Dengeli,21,605,2012,10,1540,1367,173,6424,199,60,0,0,152,3136835,2147277,971127,175150,36270,70042,77035,0,0,612630,704720,381466,105412,217842,265932,915364,12452285,84532,0,270107,0,0,3.0,0.0,2.0,0.0,1.0,490.8211143870968,516.818182,334.15835783870966,336.7565981612903,491.0938415806452,1.129326,27.94057164516129,1.0,1.0,1.0,1.0,none,0:1.0500|1:0.9300|2:1.0300|3:0.9400|4:0.9500|5:1.1000|6:0.8200|,,2140530,3,143325,575,31,30.958816769131943,31.91850390218373,none,469305
Dengeli,21,635,2012,11,1432,1299,133,6382,197,91,0,0,115,2977715,1983330,976589,169500,35100,68172,74970,0,0,628847,760684,431160,103978,225546,225546,866696,12687679,84532,0,284439,0,0,3.0,0.0,2.0,0.0,1.0,507.6515151333333,520.227273,336.8015150333333,336.1151516,503.30303033333337,1.135835,27.952514833333332,1.0,1.0,1.0,1.0,none,0:1.0500|1:0.9300|2:1.0300|3:0.9400|4:0.9500|5:1.1000|6:0.8200|,,2032682,3,143325,606,30,32.79659067439295,33.65497689002794,none,485522
Dengeli,21,666,2012,12,1440,1268,172,6053,207,92,0,0,149,3251590,2254857,981157,296950,63675,70818,85684,0,23431,440599,-313021,-617997,102525,202451,202451,1006956,11882381,87784,0,299323,0,0,3.935483870967742,0.0,2.0,0.9354838709677419,1.0,501.69354858064514,522.727273,349.72140761290325,345.9868034516129,503.30938412903225,1.142168,26.483443290322583,1.0,1.0,1.0,1.0,none,0:1.0500|1:0.9200|2:1.0300|3:0.9300|4:0.9400|5:1.1000|6:0.8200|,,2285710,4,148837,636,31,30.174683770094017,30.29182683287246,none,291762
Dengeli,21,697,2013,1,1421,1254,167,5832,173,82,0,0,149,2824265,1947334,864531,311350,66960,71252,86180,0,0,328789,-984652,-1307715,101053,222010,222010,808446,9620524,87784,0,314207,0,0,4.0,0.0,2.0,1.0,1.0,503.841642516129,525.454545,343.8680351290323,345.8401759677419,504.7903225483871,1.148751,26.933150612903226,1.0,1.0,1.0,1.0,none,0:1.0500|1:0.9300|2:1.0300|3:0.9400|4:0.9500|5:1.1000|6:0.8200|,,1934856,7,148837,667,31,30.610831490671025,31.750771251896992,none,179952
Dengeli,21,725,2013,2,1275,1150,125,5382,166,85,0,0,109,2727990,1842338,865618,281400,60480,64749,78316,0,0,380673,-289386,-647726,0,358340,358340,890712,9277688,87784,0,329091,1028550,0,4.0,0.0,2.0,1.0,1.0,513.2061688214286,528.863636,343.99350657142855,344.38311685714285,510.91883128571425,1.155828,26.611069964285715,1.0,1.0,1.0,1.0,none,0:1.0500|1:0.9300|2:1.0300|3:0.9400|4:0.9500|5:1.1000|6:0.8200|,Hasan Demir:4:41142,1828290,7,148837,698,28,31.730981418553586,32.97167347746321,none,231836
Dengeli,21,756,2013,3,1519,1360,159,6563,147,82,0,0,142,3074265,2115715,947006,311550,66960,72089,79267,0,0,417140,196208,-383621,117933,461896,375778,920172,8876431,87784,0,343975,1275402,0,4.0,0.0,2.0,1.0,1.0,499.6627566129032,531.818182,341.19501429032255,342.85043990322583,503.6436950322581,1.162259,30.103947612903227,1.0,1.0,1.0,1.0,none,0:1.0500|1:0.9050|2:1.0300|3:0.9150|4:0.9250|5:1.1000|6:0.8200|,Hasan Demir:4:41142,2162432,7,148837,726,31,30.80430606990614,31.71493977193665,none,268303
Dengeli,21,786,2013,4,1460,1284,176,6293,139,46,0,0,161,3025535,2019558,991256,301500,64800,70184,77190,0,0,477582,469191,-45678,116237,398632,484750,935790,8657523,87784,0,358859,1234260,0,4.0,0.0,2.0,1.0,1.0,508.70454556666664,535.454545,338.363636,339.80303026666667,507.8454545,1.16942,26.507341566666664,1.0,1.0,1.0,1.0,none,0:1.0500|1:0.9200|2:1.0300|3:0.9300|4:0.9400|5:1.1000|6:0.8200|,Hasan Demir:4:41142,2025408,7,148837,757,30,32.76299894068322,33.4852344157682,none,328745
Dengeli,21,817,2013,5,1448,1273,175,6267,180,44,0,0,160,2986225,2018189,952584,311550,66960,72957,80228,0,0,420889,204639,-286135,114517,376257,376257,857514,8149099,87784,0,373743,1275402,0,4.0,0.0,2.0,1.0,1.0,511.80351887096776,538.409091,347.8533722903226,345.3519060967742,512.7785923548387,1.176391,27.346692290322583,1.0,1.0,1.0,1.0,none,0:1.0500|1:0.9200|2:1.0300|3:0.9300|4:0.9400|5:1.1000|6:0.8200|,Hasan Demir:4:41142,2030658,7,148837,787,31,31.899270818508317,32.03380604774213,none,272052
Dengeli,21,847,2013,6,1456,1311,145,6257,135,47,0,0,128,2728900,1792042,923894,301500,64800,71024,89850,0,0,396720,-84456,-635757,112770,438531,352953,892710,7510338,92660,0,389453,1236103,0,4.0,0.0,2.0,1.0,1.0,527.9772727666666,542.045455,348.4000002,347.20151516666664,527.0136363666667,1.183639,26.413001366666666,1.0,1.0,1.0,1.0,none,0:1.0500|1:0.9300|2:1.0300|3:0.9400|4:0.9500|5:1.1000|6:0.8200|,Hasan Demir:4:41142,1852692,7,157106,818,30,33.85591263879219,34.0123111030252,none,239614
Dengeli,21,878,2013,7,1534,1348,186,6973,124,34,0,0,175,2859965,1906441,934288,320550,69037,73826,93372,0,0,377503,-184441,-654292,110997,358854,444432,825294,6593726,92660,0,405163,1332535,0,4.0,0.0,2.0,1.0,1.0,525.2859236774194,545.0,351.363636,349.5469208387097,524.4032258387097,1.190696,27.364538870967742,1.0,1.0,1.0,1.0,none,0:1.0500|1:0.9300|2:1.0300|3:0.9400|4:0.9500|5:1.1000|6:0.8200|,Hasan Demir:4:42985,1910702,7,157106,848,31,32.66781236833318,33.11002253017272,none,220397
Dengeli,21,909,2013,8,1385,1241,144,5820,168,37,0,0,128,2649845,1728623,907309,320850,69037,74291,93961,0,0,349170,-455037,-804115,0,349078,349078,762404,5875065,92660,0,420873,1332535,0,4.0,0.0,2.0,1.0,1.0,534.640762451613,549.090909,353.5,351.93401758064516,534.98827,1.198032,23.959289096774196,1.0,1.0,1.0,1.0,none,0:1.0500|1:0.9300|2:1.0300|3:0.9400|4:0.9500|5:1.1000|6:0.8200|,Hasan Demir:4:42985,1749566,7,157106,879,31,34.24007819325281,33.88083647438067,none,192064
Dengeli,21,939,2013,9,1399,1259,140,5659,162,55,0,0,124,2816385,1895453,898170,310500,66810,72344,79560,0,0,368956,477956,-143907,133040,488823,488823,920586,5775942,92660,0,436583,1289550,0,4.0,0.0,2.0,1.0,1.0,518.9848482666667,551.590909,347.636364,349.30757580000005,522.9393939333333,1.205414,26.717404733333336,1.0,1.0,1.0,1.0,none,0:1.0500|1:0.9150|2:1.0300|3:0.9250|4:0.9350|5:1.1000|6:0.8200|,Hasan Demir:4:42985,1913364,7,157106,910,30,31.89088139583189,33.01608608400525,none,211850
Dengeli,21,970,2013,10,1387,1212,175,5352,185,52,0,0,152,2661355,1756885,891038,320850,69037,75190,82708,0,0,343253,208268,-282110,98451,391927,391927,810390,5240849,92660,0,452293,1332535,0,4.0,0.0,2.0,1.0,1.0,531.0703812258065,555.227273,351.409091,350.03665677419355,533.758064483871,1.2126,24.779386161290322,1.0,1.0,1.0,1.0,none,0:1.0500|1:0.9300|2:1.0300|3:0.9400|4:0.9500|5:1.1000|6:0.8200|,Hasan Demir:4:42985,1777436,7,157106,940,31,33.48061419840645,33.830033942227345,none,186147
Dengeli,21,1000,2013,11,1447,1307,140,5894,172,59,0,0,121,3026900,1953044,1054854,310500,66810,73215,80520,0,0,523809,661397,120822,128876,411699,411699,852526,3453273,92660,0,468003,1289550,0,4.0,0.0,2.0,1.0,1.0,544.5151515666666,558.409091,351.272727,350.4121211666667,543.4545455,1.220071,24.4109993,1.0,1.0,1.0,1.0,none,0:1.0500|1:0.9300|2:1.0300|3:0.9400|4:0.9500|5:1.1000|6:0.8200|,Hasan Demir:4:42985,1968570,7,157106,971,30,34.849317783871285,35.48889760196276,none,366703
Dengeli,21,1031,2013,12,1327,1160,167,5140,208,81,0,0,138,2937320,1880743,1042980,320850,69037,76120,92070,0,0,484903,931455,310691,93625,527139,527139,853770,3641525,95911,0,484264,1334544,0,4.0,0.0,2.0,1.0,1.0,547.9105573225805,562.045455,348.909091,349.6099707419355,548.2287391290323,1.227345,23.047246193548386,1.0,1.0,1.0,1.0,none,0:1.0500|1:0.9300|2:1.0300|3:0.9400|4:0.9500|5:1.1000|6:0.8200|,Hasan Demir:4:42985,1871844,7,162619,1001,31,35.507877929541216,36.320064226362234,none,322284
Dengeli,21,1062,2014,1,1320,1153,167,5391,193,61,0,0,150,3163635,2073130,1072579,326850,70432,76586,92628,0,0,506083,555162,45645,91147,418370,418370,890274,3536568,95911,0,500525,1394814,0,4.0,0.0,2.0,1.0,1.0,550.630498516129,565.227273,361.772727,358.0410557096774,548.8782991290323,1.234907,22.653061322580648,1.0,1.0,1.0,1.0,none,0:1.0500|1:0.9300|2:1.0300|3:0.9400|4:0.9500|5:1.1000|6:0.8200|,Hasan Demir:4:44994,2126322,7,162619,1032,31,33.903373808925494,34.29845822653738,none,343464
Dengeli,21,1090,2014,2,1264,1101,163,4713,183,65,0,0,148,2814515,1815785,980661,295400,63616,69623,84224,0,0,467798,612384,194334,0,418050,418050,903360,3810749,95911,0,516786,1259832,0,4.0,0.0,2.0,1.0,1.0,558.07629875,569.545455,355.318182,356.7987013571429,554.4756493571429,1.243005,22.55513607142857,1.0,1.0,1.0,1.0,none,0:1.0500|1:0.9300|2:1.0300|3:0.9400|4:0.9500|5:1.1000|6:0.8200|,Hasan Demir:4:44994,1825746,7,162619,1063,28,34.84298360463526,36.331612219358746,none,305179
Dengeli,21,1121,2014,3,1360,1194,166,5628,180,47,0,0,148,3108870,2015256,1077056,327050,70432,77547,85281,0,0,516746,511798,-93899,79885,525812,525812,820754,3613291,95911,0,533047,1394814,0,4.0,0.0,2.0,1.0,1.0,558.431085,572.954545,363.772727,361.05571851612905,555.0351906129032,1.250366,23.77801093548387,1.0,1.0,1.0,1.0,none,0:1.0500|1:0.9200|2:1.0300|3:0.9300|4:0.9400|5:1.1000|6:0.8200|,Hasan Demir:4:44994,2041898,7,162619,1091,31,34.64461363775263,34.85808065287054,none,354127
Dengeli,21,1151,2014,4,1341,1185,156,5328,162,40,0,0,142,2846255,1849948,977290,316500,68160,75526,83070,0,0,434034,283520,-209078,78762,413836,413836,904768,3384553,95911,0,549308,1349820,0,4.0,0.0,2.0,1.0,1.0,561.5909091666667,575.454545,367.818182,365.6166666666667,557.730303,1.258565,22.99834673333333,1.0,1.0,1.0,1.0,none,0:1.0500|1:0.9300|2:1.0300|3:0.9400|4:0.9500|5:1.1000|6:0.8200|,Hasan Demir:4:44994,1889118,7,162619,1122,30,34.335995896362064,34.50424926824441,none,271415
Dengeli,21,1182,2014,5,1483,1298,185,5988,167,54,0,0,155,3205570,2123317,1065892,327050,70432,78540,86366,0,0,503504,621236,123075,77620,420541,420541,840008,3369422,95911,0,565569,1394814,0,4.0,0.0,2.0,1.0,1.0,555.073313516129,579.772727,366.363636,366.3914952903226,557.332844483871,1.266552,25.45056851612903,1.0,1.0,1.0,1.0,none,0:1.0500|1:0.9200|2:1.0300|3:0.9300|4:0.9400|5:1.1000|6:0.8200|,Hasan Demir:4:44994,2147152,7,162619,1152,31,33.25124704810689,33.997252781032074,none,340885
Dengeli,21,1212,2014,6,1413,1251,162,6109,147,36,0,0,148,2927430,1930651,983316,316500,68160,76516,96750,0,0,425390,33007,-531228,76461,487774,487774,781382,2695629,100789,0,582658,1351946,0,4.0,0.0,2.0,1.0,1.0,557.6439392,582.954545,370.181818,368.440909,560.2893939999999,1.274857,26.382724333333332,1.0,1.0,1.0,1.0,none,0:1.0500|1:0.9200|2:1.0300|3:0.9300|4:0.9400|5:1.1000|6:0.8200|,Hasan Demir:4:44994,1956272,7,170887,1183,30,33.58973570674619,33.61681317095179,none,254503
Dengeli,21,1243,2014,7,1514,1300,214,6068,152,37,0,0,196,3085785,2057701,1005809,336050,72540,79563,100626,0,0,417030,-182314,-658706,75283,401109,401109,944978,2100103,100789,0,599747,1460720,0,4.0,0.0,2.0,1.0,1.0,565.183284451613,587.954545,379.545455,376.0850439677419,567.3284457096775,1.282947,25.639287806451613,1.0,1.0,1.0,1.0,none,0:1.0500|1:0.9300|2:1.0300|3:0.9400|4:0.9500|5:1.1000|6:0.8200|,Hasan Demir:4:47120,2092328,7,170887,1213,31,32.59491507023334,32.84559797831494,none,246143
Dengeli,21,1274,2014,8,1430,1242,188,6205,113,22,0,0,175,3065050,1991758,1054249,336350,72540,80090,101277,0,0,463992,-49577,-529219,0,479642,380769,915340,1788923,100789,0,616836,1460720,0,4.0,0.0,2.0,1.0,1.0,571.810850516129,590.681818,370.31818200000004,372.9809384516129,569.1392962258064,1.291361,24.54949219354839,1.0,1.0,1.0,1.0,none,0:1.0500|1:0.9200|2:1.0300|3:0.9300|4:0.9400|5:1.1000|6:0.8200|,Hasan Demir:4:47120,1972108,7,170887,1244,31,34.39581736023882,35.23764341552058,none,293105
Dengeli,21,1304,2014,9,1291,1116,175,5261,172,42,0,0,155,2973780,1963245,992628,325500,70200,78016,85800,0,0,433112,207826,-270899,69602,409123,507996,886376,1252516,100789,0,633925,1413600,0,4.0,0.0,2.0,1.0,1.0,577.8181817333333,594.3181820000001,383.9439393,380.0757574666667,577.6287879666667,1.299829,23.62186,1.0,1.0,1.0,1.0,none,0:1.0500|1:0.9300|2:1.0300|3:0.9400|4:0.9500|5:1.1000|6:0.8200|,Hasan Demir:4:47120,2038880,7,170887,1275,30,33.37933539132014,33.55281099873861,none,262225
Dengeli,21,1335,2014,10,1407,1236,171,6119,162,61,0,0,158,3338555,2175095,1142647,336350,72540,81113,89218,0,0,563426,506596,1280,68590,436726,436726,943186,1269922,100789,0,651014,1460720,0,4.0,0.0,2.0,1.0,1.0,577.5366569677419,599.318182,372.31818200000004,375.35777129032255,580.568915,1.308077,24.953423419354838,1.0,1.0,1.0,1.0,none,0:1.0500|1:0.9200|2:1.0300|3:0.9300|4:0.9400|5:1.1000|6:0.8200|,Hasan Demir:4:47120,2152498,7,170887,1305,31,34.22579529167559,35.53341116825495,none,392539
Dengeli,21,1365,2014,11,1397,1221,176,5649,173,64,0,0,159,3217160,2119974,1084957,325500,70200,79007,86910,0,0,523340,284782,-307210,67564,524428,425708,958560,988697,100789,0,668103,1413600,0,4.0,0.0,2.0,1.0,1.0,582.1818181666666,602.272727,386.0,382.0272727,582.9909091666667,1.316655,25.06029433333333,1.0,1.0,1.0,1.0,none,0:1.0500|1:0.9250|2:1.0300|3:0.9350|4:0.9450|5:1.1000|6:0.8200|,Hasan Demir:4:47120,2162838,7,170887,1336,30,33.72406097303212,33.697688942684195,none,352453
Dengeli,21,1396,2014,12,1304,1119,185,5067,235,46,0,0,156,3055545,1992161,1050638,336350,72540,82167,99417,0,0,460164,501314,-5215,66523,440006,538726,900192,770560,105665,0,686018,1463035,0,4.0,0.0,2.0,1.0,1.0,592.192082,606.818182,385.545455,384.7082113548387,590.6129032903226,1.32501,22.722869193548387,1.0,1.0,1.0,1.0,none,0:1.0500|1:0.9300|2:1.0300|3:0.9400|4:0.9500|5:1.1000|6:0.8200|,Hasan Demir:4:47120,2001468,7,179156,1366,31,34.38463514692142,34.89520263460733,none,281008
Dengeli,21,1427,2015,1,1414,1215,199,5488,177,68,0,0,184,3325705,2172980,1134695,345350,74617,82696,100068,0,0,531964,633977,124594,65467,443916,443916,950424,889844,105665,0,703933,1532485,0,4.0,0.0,2.0,1.0,1.0,590.3885632580644,610.227273,383.81818200000004,384.0791788709678,588.8944281935484,1.3337,22.710640032258066,1.0,1.0,1.0,1.0,none,0:1.0500|1:0.9300|2:1.0300|3:0.9400|4:0.9500|5:1.1000|6:0.8200|,Hasan Demir:4:49435,2167986,7,179156,1397,31,34.11893117399168,34.98888598351295,none,352808
Dengeli,21,1455,2015,2,1178,1010,168,4692,169,58,0,0,155,2849810,1862904,969249,312200,67396,75225,91000,0,0,423428,236251,-196332,0,432583,432583,1004568,804242,105665,0,721848,1384180,0,4.0,0.0,2.0,1.0,1.0,595.9659091071428,614.5454550000001,392.681818,389.25324675,595.5146103571429,1.342972,21.479341214285714,1.0,1.0,1.0,1.0,none,0:1.0500|1:0.9300|2:1.0300|3:0.9400|4:0.9500|5:1.1000|6:0.8200|,Hasan Demir:4:49435,1907536,7,179156,1428,28,34.01100424238809,34.1100200532773,none,244272
Dengeli,21,1486,2015,3,1268,1103,165,5260,150,38,0,0,145,2966025,1924097,1025852,345650,74617,83812,92163,0,0,429610,488859,-133080,69437,552502,552502,849904,428667,105665,0,739763,1532485,0,4.0,0.0,2.0,1.0,1.0,598.819647967742,618.409091,386.0,387.696481,596.8812315806452,1.351403,22.76041293548387,1.0,1.0,1.0,1.0,none,0:1.0500|1:0.9300|2:1.0300|3:0.9400|4:0.9500|5:1.1000|6:0.8200|,Hasan Demir:4:49435,1961520,7,179156,1456,31,34.5867617434108,35.53985723247451,none,250454
Dengeli,21,1516,2015,4,1340,1139,201,5205,150,59,0,0,183,2933170,1915334,998472,334500,72210,81678,89820,0,0,420264,394350,-121648,68449,447549,447549,869742,252125,105665,0,757678,1483050,0,4.0,0.0,2.0,1.0,1.0,595.8560605333333,622.954545,388.954545,387.93181833333335,594.3454544666668,1.360799,23.702775066666668,1.0,1.0,1.0,1.0,none,0:1.0500|1:0.9200|2:1.0300|3:0.9300|4:0.9400|5:1.1000|6:0.8200|,Hasan Demir:4:49435,1927032,7,179156,1487,30,34.04071363064534,34.72340540568503,none,241108
Dengeli,21,1547,2015,5,1388,1201,187,5616,172,48,0,0,169,3109060,2009890,1079886,345650,74617,84959,93434,0,0,481226,616649,-10572,67446,559775,450249,870804,294774,105665,0,775593,1532485,0,4.0,0.0,2.0,1.0,1.0,601.6202347096773,626.818182,389.045455,388.30645174193546,602.476539451613,1.369954,23.79378383870968,1.0,1.0,1.0,1.0,none,0:1.0500|1:0.9300|2:1.0300|3:0.9400|4:0.9500|5:1.1000|6:0.8200|,Hasan Demir:4:49435,2041194,7,179156,1517,31,34.73352074260387,35.33371509890439,none,302070
Dengeli,21,1577,2015,6,1401,1171,230,6210,168,21,0,0,207,2974500,1931157,1018654,334500,72210,82789,104700,0,1291,423164,326593,-163343,66428,423508,533034,991927,46339,0,0,683793,1485507,0,4.0,0.0,2.0,1.0,1.0,605.1136364333332,632.045455,393.227273,391.10606053333333,607.4,1.379479,25.759983966666667,1.0,1.0,1.0,1.0,none,0:1.0500|1:0.9300|2:1.0300|3:0.9400|4:0.9500|5:1.1000|6:0.8200|,Hasan Demir:4:49435,1986186,7,0,1548,30,34.2462262565137,35.01596240372898,none,423164
Dengeli,21,1608,2015,7,1242,815,427,3659,78,914,0,0,110,1995225,1313193,673236,253850,54045,86137,108934,0,73297,96973,-1265170,-1746394,65395,415829,229829,467138,-2797,0,0,591993,1608652,0,3.225806451612903,0.0,2.0,0.22580645161290322,1.0,609.1055716451614,635.227273,403.22873925806454,398.27565961290327,608.313782967742,1.38876,19.139613322580644,1.0,1.0,1.0,1.0,none,0:1.0500|1:0.9300|2:1.0300|3:0.9400|4:0.9500|5:1.1000|6:0.8200|,Hasan Demir:4:51892,681348,7,0,1578,31,33.74235988422358,33.79986031502463,none,96973
Dengeli,21,1639,2015,8,854,0,854,0,0,1949,0,0,0,0,0,0,224750,47430,86726,109678,0,47520,-516104,-6767864,-6861352,60455,33033,0,467138,-2816,0,0,500193,1608652,0,3.0,0.0,2.0,0.0,1.0,617.2067448064516,640.909091,432.2829912258064,399.363636,618.6099705806452,1.398416,5.0,1.0,1.0,1.0,1.0,none,0:1.0500|1:0.9300|2:1.0300|3:0.9400|4:0.9500|5:1.1000|6:0.8200|,Hasan Demir:4:51892,0,7,0,1609,31,0.0,29.961395454068636,none,-516104
Dengeli,21,1669,2015,9,1170,694,476,3747,94,861,0,3,97,2088560,1673983,398317,217500,45900,84499,92940,0,24090,-66612,-2577814,-2838629,260815,0,305493,0,2134223,73695,0,482088,830272,0,3.0,0.0,2.0,0.0,1.0,587.7348483333334,644.090909,450.0606062,430.85757566666666,586.1000001333334,1.408139,16.827433833333334,1.0,1.0,1.0,1.0,none,0:1.0500|1:0.9100|2:1.0300|3:0.9200|4:0.9300|5:1.1000|6:0.8200|,Hasan Demir:4:51892,2374448,1,124950,1640,30,19.07136974757728,23.424549781885922,none,-191562
Dengeli,21,1700,2015,10,1817,1556,261,7973,171,104,0,6,223,4331810,3398148,914069,224750,47430,87905,96689,0,0,457295,332345,300193,0,32152,32152,0,2426211,73695,0,463983,0,0,3.0,0.0,2.0,0.0,1.0,569.2302053548386,648.8636359999999,445.1788855483871,446.73167154838706,570.3211143548388,1.417612,32.21463383870967,1.0,1.0,1.0,1.0,none,0:1.0500|1:0.8900|2:1.0300|3:0.9000|4:0.9100|5:1.1000|6:0.8200|,,3425946,1,124950,1670,31,21.101317924839734,21.7928210132704,none,332345
Dengeli,21,1730,2015,11,1815,1560,255,8162,166,92,0,5,215,4302765,3367299,909918,217500,45900,85669,94200,0,0,466649,341699,274482,0,67217,67217,729844,3464070,73695,0,445878,0,0,3.0,0.0,2.0,0.0,1.0,568.6287882333332,653.863636,443.81363630000004,444.8530302666667,574.4015154333333,1.427469,33.08253186666666,1.0,1.0,1.0,1.0,none,0:1.0500|1:0.8900|2:1.0300|3:0.9000|4:0.9100|5:1.1000|6:0.8200|,,3359314,1,124950,1701,30,21.147285524540614,21.95019923650367,none,341699
Dengeli,21,1761,2015,12,1838,1603,235,8440,185,131,0,8,200,4863850,3851717,991711,224750,47430,89114,107818,0,0,522599,422633,358734,0,63899,63899,1703822,4810571,78030,0,426708,0,0,3.0,0.0,2.0,0.0,1.0,570.2859236774194,658.181818,451.6774193870968,450.1129031612903,577.9868031612904,1.437072,33.61975132258065,1.0,1.0,1.0,1.0,none,0:1.0500|1:0.8900|2:1.0300|3:0.9000|4:0.9100|5:1.1000|6:0.8200|,,3858350,1,132300,1731,31,20.38942401595444,20.798076783219567,none,390299
Dengeli,21,1792,2016,1,1765,1488,277,7792,180,129,0,5,243,4786750,3711807,1062750,236750,50220,89735,108562,0,0,577483,581766,504469,0,77297,61161,1732172,5336320,78030,0,407538,0,0,3.0,0.0,2.0,0.0,1.0,582.7052781935485,662.272727,449.9164222580645,450.14662754838713,582.1070382580646,1.447064,31.65511180645161,1.0,1.0,1.0,1.0,none,0:1.0500|1:0.9050|2:1.0300|3:0.9150|4:0.9250|5:1.1000|6:0.8200|,,3747206,1,132300,1762,31,22.201911526609912,22.788339303729032,none,445183
Dengeli,21,1821,2016,2,1727,1476,251,8304,193,108,0,6,228,4927560,3854520,1053420,221850,46980,84555,102312,0,0,597723,602378,534689,0,67689,83825,1816440,5944603,78030,0,388368,0,0,3.0,0.0,2.0,0.0,1.0,582.954545,667.272727,454.8620688965517,453.7413793103448,586.2727276896551,1.4576940000000003,33.87286834482759,1.0,1.0,1.0,1.0,none,0:1.0500|1:0.9050|2:1.0300|3:0.9150|4:0.9250|5:1.1000|6:0.8200|,,3868678,1,132300,1793,29,21.378126293743758,21.97297837405974,none,465423
Dengeli,21,1852,2016,3,1922,1640,282,9389,204,113,0,9,252,5297860,4219177,1045866,237150,50220,91007,100099,0,0,567390,551587,429328,59938,62321,62321,1764566,6267153,78030,0,369198,0,0,3.0,0.0,2.0,0.0,1.0,583.8709675806452,671.1363640000001,465.34897348387096,463.21260996774197,589.4589443870967,1.467709,34.4856665483871,1.0,1.0,1.0,1.0,none,0:1.0500|1:0.9100|2:1.0300|3:0.9200|4:0.9300|5:1.1000|6:0.8200|,,4274178,1,132300,1822,31,19.741291766864357,20.299347060856185,none,435090
Dengeli,21,1882,2016,4,1768,1437,331,8154,188,107,0,5,297,4809555,3785756,999039,229500,48600,88731,97590,0,0,534618,476243,354274,59365,62604,62604,1918464,6709026,78030,0,350028,0,0,3.0,0.0,2.0,0.0,1.0,597.3636366,676.590909,471.45151516666664,469.71666666666664,594.6636360666668,1.4784910000000002,32.921508466666666,1.0,1.0,1.0,1.0,none,0:1.0500|1:0.9250|2:1.0300|3:0.9350|4:0.9450|5:1.1000|6:0.8200|,,3843522,1,132300,1853,30,20.771963310534968,21.07796888173245,none,402318
Dengeli,21,1913,2016,5,1905,1601,304,9191,213,114,0,9,261,5009750,3972247,1009082,237150,50220,92340,101556,0,0,527816,395516,262781,58782,73953,73953,1805344,6821753,78030,0,330858,0,0,3.0,0.0,2.0,0.0,1.0,597.727273,680.909091,475.5307919032258,474.177419516129,598.436949967742,1.489001,34.35358270967742,1.0,1.0,1.0,1.0,none,0:1.0500|1:0.9300|2:1.0300|3:0.9400|4:0.9500|5:1.1000|6:0.8200|,,4003726,1,132300,1883,31,20.142362393333002,20.44351774070282,none,395516
Dengeli,21,1943,2016,6,1942,1647,295,10276,185,84,0,13,269,5253960,4159077,1069538,229500,48600,90021,113850,0,0,587567,565187,438831,58189,68167,68167,1824794,7277929,82365,0,310623,0,0,3.0,0.0,2.0,0.0,1.0,597.727273,685.6818179999999,474.38030299999997,474.71515146666667,602.7772723,1.499939,36.5399389,1.0,1.0,1.0,1.0,none,0:1.0500|1:0.9300|2:1.0300|3:0.9400|4:0.9500|5:1.1000|6:0.8200|,,4152058,1,139650,1914,30,20.35679753937982,20.63599497157293,none,447917
Dengeli,21,1974,2016,7,2055,1722,333,10341,168,96,0,27,288,5469185,4209096,1240078,249150,53010,93673,118482,0,0,725763,704084,555001,57586,91497,75917,1847424,7832897,82365,0,290388,0,0,3.0,0.0,2.0,0.0,1.0,610.6158358387097,692.045455,472.483871,473.0410557096774,608.2844574838709,1.510601,35.160909612903225,1.0,1.0,1.0,1.0,none,0:1.0500|1:0.9300|2:1.0300|3:0.9400|4:0.9500|5:1.1000|6:0.8200|,,4232278,1,139650,1944,31,22.673908452539088,22.62174623247019,none,586113
Dengeli,21,2005,2016,8,1942,1623,319,9861,192,113,0,11,289,5124920,3988102,1109556,249550,53010,94356,119350,0,0,593290,616669,493037,56972,66660,82240,1897698,8327026,82365,0,270153,0,0,3.0,0.0,2.0,0.0,1.0,610.909091,696.590909,479.1803519354838,477.6158357419355,612.2126102903226,1.521698,36.04867129032258,1.0,1.0,1.0,1.0,none,0:1.0500|1:0.9300|2:1.0300|3:0.9400|4:0.9500|5:1.1000|6:0.8200|,,4013280,1,139650,1975,31,21.650211125246834,21.56274002223289,none,453640
Dengeli,21,2035,2016,9,1815,1530,285,9718,213,96,0,9,254,5658005,4429740,1201485,241500,51300,92002,101160,0,0,715523,620871,490276,56348,74247,74247,2223850,9113038,82365,0,249918,0,0,3.0,0.0,2.0,0.0,1.0,611.8939398,702.272727,476.8924242333333,477.5515150666667,617.0575755333334,1.5328759999999997,37.859631300000004,1.0,1.0,1.0,1.0,none,0:1.0500|1:0.9300|2:1.0300|3:0.9400|4:0.9500|5:1.1000|6:0.8200|,,4450626,1,139650,2006,30,21.235134998996998,22.062894692304432,none,575873
Dengeli,21,2066,2016,10,1861,1559,302,8793,212,114,0,10,272,5349845,4095289,1231828,249550,53010,95750,105276,0,0,728242,700516,551226,55713,93577,93577,1862098,9223590,82365,0,229683,0,0,3.0,0.0,2.0,0.0,1.0,622.5513199032257,706.1363640000001,474.04985335483866,474.92082106451613,620.719941451613,1.543772,36.28475216129032,1.0,1.0,1.0,1.0,none,0:1.0500|1:0.9300|2:1.0300|3:0.9400|4:0.9500|5:1.1000|6:0.8200|,,4159994,1,139650,2036,31,23.02548952352825,23.853690740141918,none,588592
Dengeli,21,2096,2016,11,1851,1536,315,9436,205,132,0,10,280,5461670,4206214,1234088,241500,51300,93322,102630,0,0,745336,605686,473731,55066,76889,76889,1899872,9698269,82365,0,209448,0,0,3.0,0.0,2.0,0.0,1.0,623.090909,712.272727,480.32878793333333,478.87272740000003,625.7712120666667,1.555113,36.74156536666667,1.0,1.0,1.0,1.0,none,0:1.0500|1:0.9300|2:1.0300|3:0.9400|4:0.9500|5:1.1000|6:0.8200|,,4226816,1,139650,2067,30,22.59543326491714,22.91192489002703,none,605686
Dengeli,21,2127,2016,12,1900,1597,303,9072,258,125,0,11,256,5660150,4421596,1212758,249550,53010,97115,117490,0,0,695593,603409,477976,54408,71025,71025,1988026,10314689,86700,0,188148,0,0,3.0,0.0,2.0,0.0,1.0,624.1715543870968,716.1363640000001,485.66715548387094,484.1598240967742,629.2199413225806,1.566167,37.2527404516129,1.0,1.0,1.0,1.0,none,0:1.0500|1:0.9300|2:1.0300|3:0.9400|4:0.9500|5:1.1000|6:0.8200|,,4358852,1,147000,2097,31,21.426251954453505,22.19011711279117,none,548593
Dengeli,21,2158,2017,1,1866,1533,333,8832,224,179,0,12,279,5709035,4461407,1221699,261550,55800,97833,118358,0,0,688158,588143,444824,53739,89580,89580,1854718,10490676,86700,0,166848,0,0,3.0,0.0,2.0,0.0,1.0,637.954545548387,722.5,497.4149559032258,495.1085043548387,634.9149561612903,1.577672,35.55318583870967,1.0,1.0,1.0,1.0,none,0:1.0500|1:0.9300|2:1.0300|3:0.9400|4:0.9500|5:1.1000|6:0.8200|,,4583946,1,147000,2128,31,21.399395869879935,22.029718359378272,none,541158
Dengeli,21,2186,2017,2,1703,1409,294,8436,223,124,0,5,271,5472630,4320508,1125149,236600,50400,89150,107856,0,0,641143,541128,413408,53058,74662,74662,2095556,11126087,86700,0,145548,0,0,3.0,0.0,2.0,0.0,1.0,638.7824672500001,729.0909089999999,501.56818182142854,500.4837661428572,640.56493475,1.591718,36.45875939285714,1.0,1.0,1.0,1.0,none,0:1.0500|1:0.9300|2:1.0300|3:0.9400|4:0.9500|5:1.1000|6:0.8200|,,4326716,1,147000,2159,28,20.559566424187274,21.480596676250045,none,494143
Dengeli,21,2217,2017,3,1861,1532,329,9289,199,135,0,7,293,5637145,4442055,1171233,261950,55800,99508,109430,0,0,644545,624756,500029,52365,72362,72362,1909010,11387153,86700,0,124248,0,0,3.0,0.0,2.0,0.0,1.0,638.8636359999999,733.8636359999999,502.63782996774194,501.9252200322581,644.8563049032258,1.604512,36.65424429032258,1.0,1.0,1.0,1.0,none,0:1.0500|1:0.9300|2:1.0300|3:0.9400|4:0.9500|5:1.1000|6:0.8200|,,4478036,1,147000,2187,31,20.777060018857064,21.32314289872307,none,497545
Dengeli,21,2247,2017,4,1798,1483,315,8448,194,110,0,9,285,5209125,4057546,1118163,253500,54000,97167,106830,0,0,606666,411102,279793,51660,79649,68482,1922020,11536667,86700,0,102948,0,0,3.0,0.0,2.0,0.0,1.0,656.4621216333333,740.6818179999999,514.0181819666666,511.46363633333334,651.1969693333334,1.618797,34.80476126666667,1.0,1.0,1.0,1.0,none,0:1.0500|1:0.9300|2:1.0300|3:0.9400|4:0.9500|5:1.1000|6:0.8200|,,4204420,1,147000,2218,30,21.465466849038947,21.698729442645387,none,459666
Dengeli,21,2278,2017,5,1752,1464,288,8516,218,97,0,6,250,5266575,4114391,1120952,261950,55800,101245,111352,0,1636,588969,463823,341995,50942,70886,82053,1800164,11780396,86700,0,81648,0,0,3.0,0.0,2.0,0.0,1.0,657.045455,747.272727,514.0997066129032,513.5703811612904,656.5146631290322,1.632742,35.02020322580645,1.0,1.0,1.0,1.0,none,0:1.0500|1:0.9300|2:1.0300|3:0.9400|4:0.9500|5:1.1000|6:0.8200|,,4069150,1,147000,2248,31,21.28426918822954,21.75583854957139,none,441969
Dengeli,21,2308,2017,6,1925,1605,320,9783,160,90,0,13,281,5606925,4363974,1213074,253500,54000,98878,125040,0,1441,680215,610074,485718,50212,74144,74144,1942124,12392611,92119,0,59017,0,0,3.0,0.0,2.0,0.0,1.0,657.2424240666667,754.3181820000001,511.8500002,512.6712122,662.7530305666666,1.647278,36.554563,1.0,1.0,1.0,1.0,none,0:1.0500|1:0.9300|2:1.0300|3:0.9400|4:0.9500|5:1.1000|6:0.8200|,,4366868,1,156187,2279,30,21.635281370804854,22.121582317686624,none,524028
Dengeli,21,2339,2017,7,1949,1636,313,10058,158,72,0,12,281,5920685,4508572,1388784,276950,59272,103043,130324,0,605,818590,828773,674584,49469,104720,104720,2043736,13013289,92119,0,36386,0,0,3.0,0.0,2.0,0.0,1.0,671.7375370645161,760.0,512.5791789032257,512.5117301612903,667.9442813548387,1.661468,36.488876612903226,1.0,1.0,1.0,1.0,none,0:1.0500|1:0.9300|2:1.0300|3:0.9400|4:0.9500|5:1.1000|6:0.8200|,,4644230,1,156187,2309,31,23.456475053139965,23.69353346796879,none,662403
Dengeli,21,2370,2017,8,2029,1676,353,10776,156,92,0,16,316,6061730,4652177,1385054,277450,59272,103972,131471,0,2770,810119,702914,571237,48713,82964,82964,1940586,13557931,92119,0,13755,0,0,3.0,0.0,2.0,0.0,1.0,672.045455,766.818182,516.882698,515.8167155161291,673.7419353225807,1.67626,37.4046455483871,1.0,1.0,1.0,1.0,none,0:1.0500|1:0.9300|2:1.0300|3:0.9400|4:0.9500|5:1.1000|6:0.8200|,,4556176,1,156187,2340,31,22.849153624460342,23.08813426913213,none,653932
Dengeli,21,2400,2017,9,1900,1563,337,9611,206,135,0,12,294,6035115,4812245,1177400,268500,57360,101490,111630,0,1235,637185,-163322,-284209,47944,72943,72943,2253392,13277625,138178,0,37183,0,0,3.0,0.0,2.0,0.0,1.0,674.4999998000001,773.863636,539.2,534.6727271666666,679.4909089666667,1.691183,37.76204306666667,1.0,1.0,1.0,1.0,none,0:1.0500|1:0.9300|2:1.0300|3:0.9400|4:0.9500|5:1.1000|6:0.8200|,,4936936,1,234281,2371,30,19.50915599785588,20.059303163842642,none,402904
Dengeli,21,2431,2017,10,1682,1388,294,7539,175,101,0,0,282,5044105,3810816,1206389,277450,59272,105802,116343,0,746,646776,-1115584,-1343966,101562,126820,126820,1526718,14378669,138178,0,60611,0,0,3.0,0.0,2.0,0.0,1.0,716.1803520645161,781.1363640000001,535.1612902580645,536.3914956451613,722.4076246451613,1.705752,32.84283022580645,1.0,1.0,1.0,1.0,none,0:1.0500|1:0.9300|2:1.0300|3:0.9400|4:0.9500|5:1.1000|6:0.8200|,,3894822,3,234281,2401,31,23.916809820572727,25.27562523666452,none,412495
Dengeli,21,2461,2017,11,1433,1188,245,6130,159,72,0,0,218,4168461,2981228,1155937,268500,57360,103290,113580,0,937,612270,321723,34004,100185,187534,187534,1382626,14198411,138178,0,84039,0,0,3.0,0.0,2.0,0.0,1.0,755.6818179999999,787.272727,536.8727272333333,536.8545454333333,757.1803031,1.720938,26.1567547,1.0,1.0,1.0,1.0,none,0:1.0500|1:0.9300|2:1.0300|3:0.9400|4:0.9500|5:1.1000|6:0.8200|,,3010918,3,234281,2432,30,27.73054611761991,28.955187958044352,none,377989
Dengeli,21,2492,2017,12,1462,1213,249,6122,205,91,0,0,225,4720057,3333465,1360907,277450,59272,107662,130231,0,3933,782359,886506,532325,98785,255396,207750,1444148,14762627,146306,0,108845,0,0,3.0,0.0,2.0,0.0,1.0,758.3504399677419,794.545455,531.7800587096774,532.4662755806452,760.765396032258,1.735763,26.44060670967742,1.0,1.0,1.0,1.0,none,0:1.0500|1:0.9300|2:1.0300|3:0.9400|4:0.9500|5:1.1000|6:0.8200|,,3353390,3,248062,2462,31,28.832427235518555,29.876738947722128,none,534297
Dengeli,21,2523,2018,1,1391,1120,271,5645,164,83,0,0,243,4347220,3040514,1280007,292450,62775,108594,131378,0,0,684810,833410,523436,97362,212612,260258,1426500,15118252,146306,0,133651,0,0,3.0,0.0,2.0,0.0,1.0,757.4266861612903,801.590909,525.739003032258,528.0469208387098,756.0777125806452,1.751216,26.564052967741937,1.0,1.0,1.0,1.0,none,0:1.0500|1:0.9200|2:1.0300|3:0.9300|4:0.9400|5:1.1000|6:0.8200|,,3062328,3,248062,2493,31,29.444265530614967,30.588793260407453,none,436748
Dengeli,21,2551,2018,2,1369,1099,270,5533,152,75,0,0,252,4335420,3006580,1307576,264600,56700,98980,119728,0,2207,765361,839423,525063,95918,218442,218442,1620902,15650344,146306,0,158457,0,0,3.0,0.0,2.0,0.0,1.0,763.2305191785715,809.0909089999999,529.74513,528.7288961428571,762.0162336785714,1.766807,27.10292482142857,1.0,1.0,1.0,1.0,none,0:1.0500|1:0.9200|2:1.0300|3:0.9300|4:0.9400|5:1.1000|6:0.8200|,,3020398,3,248062,2524,28,30.16030742119564,30.59172600040426,none,517299
Dengeli,21,2582,2018,3,1494,1183,311,6174,147,61,0,0,294,4293035,3012283,1255614,292950,62775,110454,121458,0,1944,666033,590470,281147,94449,214874,214874,1357740,15678579,146306,0,183263,0,0,3.0,0.0,2.0,0.0,1.0,763.1818181612904,815.227273,531.2419352903227,530.1466276129032,762.9501466774194,1.781008,29.136062000000003,1.0,1.0,1.0,1.0,none,0:1.0500|1:0.9200|2:1.0300|3:0.9300|4:0.9400|5:1.1000|6:0.8200|,,2997454,3,248062,2552,31,29.24770005369162,30.391169882659558,none,417971
Dengeli,21,2612,2018,4,1412,1166,246,6330,144,34,0,0,229,4418114,3119393,1270002,283500,60750,107851,118590,0,1042,698269,531621,191808,92957,246856,246856,1472920,15809782,146306,0,208069,0,0,3.0,0.0,2.0,0.0,1.0,780.7424243333334,822.045455,552.5439394,546.4439394333333,777.4590910999999,1.796864,28.5158767,1.0,1.0,1.0,1.0,none,0:1.0500|1:0.9250|2:1.0300|3:0.9350|4:0.9450|5:1.1000|6:0.8200|,,3228594,3,248062,2583,30,28.74534246966013,29.228395668160253,none,450207
Dengeli,21,2643,2018,5,1570,1296,274,6751,169,47,0,0,261,4699235,3324390,1349553,292950,62775,112407,123597,0,2307,755517,737942,440880,91441,205621,205621,1498874,16209624,146306,0,232875,0,0,3.0,0.0,2.0,0.0,1.0,785.6671553548388,829.772727,551.3753666774194,550.878299,781.2727271612903,1.812343,28.01032193548387,1.0,1.0,1.0,1.0,none,0:1.0500|1:0.9300|2:1.0300|3:0.9400|4:0.9500|5:1.1000|6:0.8200|,,3315726,3,248062,2613,31,28.718568022241918,29.82074369286875,none,507455
Dengeli,21,2673,2018,6,1615,1323,292,7642,107,46,0,3,279,4752980,3394765,1321624,283500,60750,109741,138780,0,2097,726756,666261,367927,89900,208434,208434,1582598,16468550,156060,0,259335,0,0,3.0,0.0,2.0,0.0,1.0,777.4772727666666,837.272727,542.8742423,545.4590908333333,781.2136364333332,1.828478,32.179017300000005,1.0,1.0,1.0,1.0,none,0:1.0500|1:0.9100|2:1.0300|3:0.9200|4:0.9300|5:1.1000|6:0.8200|,,3432930,3,264600,2644,30,27.806218414552553,30.17490525888012,none,462156
Dengeli,21,2704,2018,7,1573,1298,275,6935,121,29,0,0,258,4711875,3351246,1339154,310950,66960,114361,144646,0,123,702114,396352,50062,88336,257954,257954,1379222,16197919,156060,0,285795,0,0,3.0,0.0,2.0,0.0,1.0,799.9120235483871,844.318182,566.624633419355,560.4574780322581,793.7800586451614,1.84423,28.722166838709676,1.0,1.0,1.0,1.0,none,0:1.0500|1:0.9300|2:1.0300|3:0.9400|4:0.9500|5:1.1000|6:0.8200|,,3422230,3,264600,2674,31,28.420830348852633,29.16413096207454,none,437514
Dengeli,21,2735,2018,8,1574,1275,299,7219,119,21,0,0,285,4735515,3441526,1276700,311550,66960,115384,145917,0,1096,635793,-325946,-601694,86745,189003,189003,1311734,15572228,156060,0,312255,0,0,3.0,0.0,2.0,0.0,1.0,789.4501465806452,851.590909,569.0351906774193,567.1348973225806,797.595307967742,1.860649,30.39368812903226,1.0,1.0,1.0,1.0,none,0:1.0500|1:0.9200|2:1.0300|3:0.9300|4:0.9400|5:1.1000|6:0.8200|,,3294758,2,264600,2705,31,26.960108879393264,27.920060165662363,none,371193
Dengeli,21,2765,2018,9,1607,1315,292,7519,142,63,0,3,276,5424050,3940883,1451224,301500,64800,112653,123900,0,2008,846363,361546,38614,85129,237803,187021,1757906,15871596,156060,0,338715,0,0,3.0,0.0,2.0,0.0,1.0,789.3939393,859.3181820000001,562.1515152333334,564.2090909333333,795.0318183333333,1.877214,32.245345566666664,1.0,1.0,1.0,1.0,none,0:1.0500|1:0.9150|2:1.0300|3:0.9250|4:0.9350|5:1.1000|6:0.8200|,,3991530,3,264600,2736,30,26.75535808113863,28.78694815774432,none,581763
Dengeli,21,2796,2018,10,1476,1209,267,6268,169,34,0,0,250,4804520,3339227,1435819,311550,66960,117430,129115,0,3098,807666,708257,364706,119138,224413,275195,1477754,15630885,156060,0,365175,0,0,3.0,0.0,2.0,0.0,1.0,822.060117483871,866.3636359999999,567.2829912903226,565.659824032258,816.8885630645161,1.893385,27.868730032258064,1.0,1.0,1.0,1.0,none,0:1.0500|1:0.9300|2:1.0300|3:0.9400|4:0.9500|5:1.1000|6:0.8200|,,3389666,3,264600,2766,31,29.88475435631447,30.992517551314876,none,543066
Dengeli,21,2826,2018,11,1391,1162,229,6195,123,47,0,0,218,4793438,3396337,1373603,301500,64800,114633,126090,0,1067,765513,531754,221017,80820,229917,229917,1548618,15796801,156060,0,391635,0,0,3.0,0.0,2.0,0.0,1.0,830.0909090666667,874.090909,589.6272727333333,582.8924241999999,831.9090908000001,1.910241,28.0825413,1.0,1.0,1.0,1.0,none,0:1.0500|1:0.9300|2:1.0300|3:0.9400|4:0.9500|5:1.1000|6:0.8200|,,3467118,3,264600,2797,30,28.65590417566682,28.968349575554885,none,500913
Dengeli,21,2857,2018,12,1453,1184,269,6034,173,62,0,0,250,5036285,3528408,1488657,311550,66960,119478,144553,0,565,845551,899580,550624,79107,269849,269849,1567896,16358307,167439,0,420024,0,0,3.0,0.0,2.0,0.0,1.0,828.8269796129032,881.3636359999999,573.4956011290323,577.5073313548387,833.5425219677419,1.926697,27.950421612903227,1.0,1.0,1.0,1.0,none,0:1.0500|1:0.9200|2:1.0300|3:0.9300|4:0.9400|5:1.1000|6:0.8200|,,3449324,3,283894,2827,31,29.5586330003167,30.806354614942837,none,561657
Dengeli,21,2888,2019,1,1342,1059,283,5485,150,52,0,0,264,4644103,3194259,1418180,332550,71827,120574,145824,0,1140,746265,616406,305849,77366,233191,233191,1351562,16220348,167439,0,448413,0,0,3.0,0.0,2.0,0.0,1.0,854.7360705161291,889.318182,588.6862169354838,584.6099705483871,849.3577711935484,1.94385,23.52265693548387,1.0,1.0,1.0,1.0,none,0:1.0500|1:0.9300|2:1.0300|3:0.9400|4:0.9500|5:1.1000|6:0.8200|,,3329350,3,283894,2858,31,30.53722107369281,31.126550377123092,none,462371
Dengeli,21,2916,2019,2,1146,908,238,4682,110,47,0,0,229,3982310,2770654,1191368,301000,64876,110195,133280,0,2219,579798,311870,27871,75597,208402,208402,1294472,15980007,167439,0,476802,0,0,3.0,0.0,2.0,0.0,1.0,867.4594153928572,900.0,605.9756491785714,599.0990260357142,863.7386363571429,1.967061,21.57191907142857,1.0,1.0,1.0,1.0,none,0:1.0500|1:0.9300|2:1.0300|3:0.9400|4:0.9500|5:1.1000|6:0.8200|,,2784174,3,283894,2889,28,29.916505746664626,30.143631111072136,none,295904
Dengeli,21,2947,2019,3,1244,966,278,4657,150,41,0,0,256,3734485,2625018,1094257,333250,71827,123334,135594,0,1651,428601,-526985,-857496,73800,256711,218235,1008832,14948197,167439,0,505191,0,0,3.0,0.0,2.0,0.0,1.0,863.6656889354839,909.090909,607.4794721612902,604.6964809032257,865.8240470645162,1.988265,21.249539387096775,1.0,1.0,1.0,1.0,none,0:1.0500|1:0.9200|2:1.0300|3:0.9300|4:0.9400|5:1.1000|6:0.8200|,,2495644,2,283894,2917,31,29.301416393425065,29.662659991733314,none,144707
Dengeli,21,2977,2019,4,1473,1182,291,6454,102,66,0,0,278,4997990,3596562,1366408,322500,69510,120767,132780,0,2905,717946,128818,-133906,71974,190750,229226,1669002,15079132,167439,0,533580,0,0,3.0,0.0,2.0,0.0,1.0,850.659091,922.045455,608.8712121000001,608.0393939999999,858.1424241000001,2.012006,26.892421433333332,1.0,1.0,1.0,1.0,none,0:1.0500|1:0.9100|2:1.0300|3:0.9200|4:0.9300|5:1.1000|6:0.8200|,,3708202,3,283894,2948,30,27.339150338436053,28.423593124216655,none,434052
Dengeli,21,3008,2019,5,1426,1146,280,6075,115,50,0,0,256,4831390,3375538,1426000,333250,71827,126249,138818,0,4212,751644,835320,536029,70118,229173,229173,1488182,15366333,167439,0,561969,0,0,3.0,0.0,2.0,0.0,1.0,873.1598243225807,931.818182,609.8548386774194,608.7683283870969,875.7829912258064,2.035252,24.336136645161293,1.0,1.0,1.0,1.0,none,0:1.0500|1:0.9250|2:1.0300|3:0.9350|4:0.9450|5:1.1000|6:0.8200|,,3349020,3,283894,2978,31,29.515315468219292,30.155416947801044,none,467750
Dengeli,21,3038,2019,6,1371,1105,266,6100,117,58,0,0,254,4614525,3154405,1428428,322500,69510,123618,156330,0,0,756470,453844,116437,68233,269174,219952,1522756,15290274,182070,0,592839,0,0,3.0,0.0,2.0,0.0,1.0,904.3863637666667,942.954545,618.4196969000001,615.1181818333333,899.3727272,2.059555,23.562376933333333,1.0,1.0,1.0,1.0,none,0:1.0500|1:0.9300|2:1.0300|3:0.9400|4:0.9500|5:1.1000|6:0.8200|,,3249678,3,308700,3009,30,30.95503870929294,31.619966678361656,none,447770
Dengeli,21,3069,2019,7,1341,1079,262,5741,94,33,0,0,247,4322360,3002376,1301718,360250,78120,129226,163401,0,0,570721,60272,-231057,66316,225013,274235,1382136,14768519,182070,0,623709,0,0,3.0,0.0,2.0,0.0,1.0,914.4208209354839,953.409091,640.9090908709678,632.398827,907.9296187096775,2.08335,22.61720174193548,1.0,1.0,1.0,1.0,none,0:1.0500|1:0.9300|2:1.0300|3:0.9400|4:0.9500|5:1.1000|6:0.8200|,,3041546,3,308700,3039,31,30.11590890161856,29.910925451665044,none,262021
Dengeli,21,3100,2019,8,1360,1086,274,6365,97,43,0,0,257,4771320,3394542,1342465,361150,78120,130747,165354,0,1979,605115,-625987,-883934,64368,193579,193579,1487082,14065213,182070,0,654579,0,0,3.0,0.0,2.0,0.0,1.0,911.8768329354838,965.454545,650.0234604193548,645.4252199032259,905.7258065161291,2.108227,24.03081787096774,1.0,1.0,1.0,1.0,none,0:1.0500|1:0.9300|2:1.0300|3:0.9400|4:0.9500|5:1.1000|6:0.8200|,,3204270,2,308700,3070,31,28.136134235389786,28.715870724906917,none,296415
Dengeli,21,3130,2019,9,1372,1106,266,5983,112,63,0,0,254,5265870,3929079,1305059,349500,75600,128059,140790,0,2945,608165,-964437,-1226554,62390,199727,199727,1558032,12669652,182070,0,685449,0,0,3.0,0.0,2.0,0.0,1.0,900.6212123666667,976.590909,685.1227272333333,672.2621212333332,908.5227272666667,2.133401,25.91532266666667,1.0,1.0,1.1625,0.95125,0,0:1.0500|1:0.9200|2:1.0300|3:0.9300|4:0.9400|5:1.1000|6:0.8200|,,3893616,2,308700,3101,30,24.783350139673026,23.927760325236296,none|0,299465
Dengeli,21,3161,2019,10,1446,1161,285,6390,152,69,0,0,264,5356670,4141412,1173204,361150,78120,133848,147188,0,613,452285,-645290,-876395,60379,170726,170726,1739690,11515164,182070,0,716319,0,0,3.0,0.0,2.0,0.0,1.0,913.3284457741936,987.727273,703.5175952903226,700.0131963870967,918.2873900322581,2.158049,27.20173306451613,1.0,1.0,1.25,0.925,0,0:1.0500|1:0.9100|2:1.0300|3:0.9200|4:0.9300|5:1.1000|6:0.8200|,,4257756,3,308700,3131,31,21.901741193689364,22.972113860531564,0,143585
Dengeli,21,3191,2019,11,1270,1002,268,5089,144,41,0,0,244,4541865,3356071,1154694,349500,75600,131090,144120,0,2374,452010,22986,-247760,62701,208045,208045,1591358,11061055,182070,0,747189,0,0,3.0,0.0,2.0,0.0,1.0,948.2878788666666,999.772727,695.8106061666666,698.1060606666666,946.8863637333333,2.183819,22.9466721,1.0,1.0,1.25,0.925,0,0:1.0500|1:0.9300|2:1.0300|3:0.9400|4:0.9500|5:1.1000|6:0.8200|,,3369306,3,308700,3162,30,25.42334481540072,26.62453863712196,0,143310
Dengeli,21,3222,2019,12,1303,1059,244,5182,192,45,0,0,229,5110105,3761471,1316920,361150,78120,137011,165726,0,889,574024,285673,-44633,60597,269709,269709,1660410,10943919,196700,0,780539,0,0,3.0,0.0,2.0,0.0,1.0,958.2258066129032,1010.681818,700.3519060967742,699.1099707096774,958.3900291935485,2.209049,22.35119519354839,1.0,1.0,1.25,0.925,0,0:1.0500|1:0.9300|2:1.0300|3:0.9400|4:0.9500|5:1.1000|6:0.8200|,,3801030,3,333506,3192,31,25.770899032407357,26.911600453305564,0,240518
Dengeli,21,3253,2020,1,1380,1051,329,5456,163,50,0,0,309,5248501,3950999,1249759,388150,84382,138654,167710,0,4753,466110,-640334,-890337,48520,201483,201483,1976838,10335837,196700,0,813889,0,0,3.0,0.0,2.0,0.0,1.0,945.5278591612904,1023.409091,704.755132,702.3636364516129,950.7697948064516,2.235427,23.946844612903224,1.0,1.0,1.25,0.925,0,0:1.0500|1:0.9200|2:1.0300|3:0.9300|4:0.9400|5:1.1000|6:0.8200|,,3867386,2,333506,3223,31,23.81173214980811,25.46437154954509,0,132604
Dengeli,21,3282,2020,2,1355,1045,310,5599,202,51,0,0,296,5666615,4425543,1206809,363950,78938,131247,158746,0,1869,472059,-479850,-697311,56124,161337,161337,1815986,8869272,196700,0,847239,0,0,3.0,0.0,2.0,0.0,1.0,938.0877745517241,1035.227273,723.5673982068967,718.1990595172414,936.6598747241379,2.262121,26.904459620689657,0.9862068965517242,0.9862068965517242,1.2498275862068964,0.9227830344827587,1,0:1.0500|1:0.9200|2:1.0300|3:0.9300|4:0.9400|5:1.1000|6:0.8200|,,4309634,2,333506,3254,29,21.296823588685662,22.867836269088833,0|1,138553
Dengeli,21,3313,2020,3,1464,1098,366,5962,194,57,0,0,346,5473420,4370570,1072331,389050,84382,141879,155992,0,1549,299479,-1104087,-1323381,43814,175480,175480,1962374,7112891,196700,0,880589,0,0,3.0,0.0,2.0,0.0,1.0,917.2947218387096,1047.045455,727.1290322580645,725.741935516129,927.5557185161291,2.28738,29.476346677419354,0.9,0.9,1.2341666774193547,0.8015934193548386,1,0:1.0500|1:0.9100|2:1.0300|3:0.9200|4:0.9300|5:1.1000|6:0.8200|,,4442144,3,333506,3283,31,19.591608171855988,20.73114398821129,1,-34027
Dengeli,21,3343,2020,4,1338,1016,322,5264,213,31,0,0,298,5031000,3795604,1203033,376500,81660,138924,152760,0,679,452510,-743724,-929427,14757,170946,170946,1823048,5948340,196700,0,913939,0,0,3.0,0.0,2.0,0.0,1.0,997.9924241666666,1058.863636,752.7969696,744.7530302333333,1003.6424242666667,2.314693,23.57965366666667,0.9,0.9,1.20875,0.8,1,0:1.0500|1:0.9300|2:1.0300|3:0.9400|4:0.9500|5:1.1000|6:0.8200|,,3839046,3,333506,3314,30,23.912403100775194,24.56886932497581,1,119004
Dengeli,21,3374,2020,5,1331,986,345,5093,214,47,0,0,313,4661012,3436280,1189784,389050,84382,145229,159681,0,1250,410192,-183331,-504268,64889,256048,204034,1516452,5035177,196700,0,947289,0,0,3.0,0.0,2.0,0.0,1.0,1027.4999999677418,1072.045455,749.8826979032259,749.5689149032258,1026.3577713870968,2.341436,21.96965435483871,0.9,0.9,1.183333322580645,0.8,1,0:1.0500|1:0.9300|2:1.0300|3:0.9400|4:0.9500|5:1.1000|6:0.8200|,,3522506,3,333506,3344,31,25.5263020133825,27.018715530241522,1,76686
Dengeli,21,3404,2020,6,1211,931,280,5041,193,18,0,0,258,4207095,3149661,1022807,376500,81660,142225,179850,0,2578,239994,-295187,-534032,62688,176157,228171,1587354,4826851,211331,0,983120,0,0,3.0,0.0,2.0,0.0,1.0,1018.3636362666667,1084.545455,758.1878786666667,754.1151514666667,997.1030302,2.369395,22.733757533333335,0.9,0.9,1.1579166666666665,0.8,1,0:1.0500|1:0.9200|2:1.0300|3:0.9300|4:0.9400|5:1.1000|6:0.8200|,,3008760,2,358312,3375,30,24.311478585579835,25.548413978508446,1,-118318
Dengeli,21,3435,2020,7,1542,1220,322,6456,137,46,0,0,307,5824779,4535903,1261232,416050,90675,148671,187984,0,2805,415047,119382,-96398,60439,155341,155341,2027728,5034000,211331,0,1018951,0,0,3.0,0.0,2.0,0.0,1.0,963.4090909677419,1097.5,749.2302052580645,751.6994135161291,964.0014664516129,2.39677,28.532344612903227,0.9,0.9,1.1325,0.8,1,0:1.0500|1:0.9050|2:1.0300|3:0.9150|4:0.9250|5:1.1000|6:0.8200|,,4589988,2,358312,3405,31,21.652873010289316,22.231354023713358,1,56735
Dengeli,21,3466,2020,8,1527,1166,361,6096,118,50,0,0,349,5241475,4076533,1123090,416950,90675,150439,190216,0,0,274810,-76052,-276030,58139,141839,141839,2082564,5172396,211331,0,1054782,0,0,3.0,0.0,2.0,0.0,1.0,977.4046924516128,1109.545455,766.3519060645161,759.042522,974.6510261612904,2.4253900000000006,28.687532322580644,0.9,0.9,1.1066666774193548,0.8,1,0:1.0500|1:0.9050|2:1.0300|3:0.9150|4:0.9250|5:1.1000|6:0.8200|,,3920450,1,358312,3436,31,21.42698381657835,21.593183255312134,1,-83502
Dengeli,21,3496,2020,9,1434,1100,334,5634,149,71,0,0,312,5441586,4347554,1050530,403500,87750,147326,162000,0,638,249316,-133536,-256162,55788,66838,66838,1936542,4649515,211331,0,1090613,0,0,3.0,0.0,2.0,0.0,1.0,987.5000002333333,1123.8636359999998,788.2984848333333,782.5878787999999,987.5272727333333,2.454351,28.516920333333335,0.9,0.9,1.08125,0.8,1,0:1.0500|1:0.9150|2:1.0300|3:0.9250|4:0.9350|5:1.1000|6:0.8200|,,4396260,1,358312,3467,30,19.30558480560631,20.172305352195572,1,-108996
Dengeli,21,3527,2020,10,1659,1271,388,7156,210,80,0,0,364,6790160,5435903,1311053,416950,90675,153975,169322,0,2058,478073,347720,215576,53385,78759,78759,2583150,5381150,211331,0,1126444,0,0,3.0,0.0,2.0,0.0,1.0,995.9970677096775,1136.590909,796.1085044193547,794.1627566129032,998.6304982258065,2.482707,30.006685677419355,0.9,0.9,1.055833322580645,0.8,1,0:1.0500|1:0.9200|2:1.0300|3:0.9300|4:0.9400|5:1.1000|6:0.8200|,,5491760,1,358312,3497,31,19.30813117805766,20.069191945511644,1,119761
Dengeli,21,3557,2020,11,1610,1235,375,7233,249,73,0,0,352,7072449,5705468,1324642,403500,87750,150808,165810,0,4993,511781,258518,111618,50930,95970,95970,2447754,5177358,211331,0,1162275,0,0,3.0,0.0,2.0,0.0,1.0,1007.1742424333333,1150.454545,812.5439393333334,808.5500000333334,1010.9787877,2.512353,31.2638945,0.9,0.9,1.0304166666666668,0.8,1,0:1.0500|1:0.9250|2:1.0300|3:0.9350|4:0.9450|5:1.1000|6:0.8200|,,5807470,1,358312,3528,30,18.72960837186666,19.324392433803023,1,153469
Dengeli,21,3588,2020,12,1653,1235,418,7126,244,110,0,0,386,7530025,5885414,1597653,416950,90675,157633,190650,0,8491,733254,397509,243885,48418,105206,105206,2413946,5346218,225961,0,1200586,0,0,3.0,0.0,2.0,0.0,1.0,1021.7961879032258,1163.409091,788.2316715806452,793.5498533225806,1021.9281528387097,2.54138,30.899559967741933,0.9,0.9,1.0062096774193547,0.8,1,0:1.0500|1:0.9300|2:1.0300|3:0.9400|4:0.9500|5:1.1000|6:0.8200|,,5850726,1,383119,3558,31,21.21710087283907,22.85822936977932,1,350135
Dengeli,21,3619,2021,1,1579,1193,386,7070,228,130,0,0,353,7720985,6138319,1532265,443950,96937,159483,192944,0,3842,635109,391674,234558,45851,111265,82060,2926228,6000619,225961,0,1238897,0,0,3.0,0.0,2.0,0.0,1.0,1033.467742032258,1176.818182,821.1202345806452,813.882698,1034.456012064516,2.571726,30.98942616129032,0.9193548387096774,0.9193548387096774,1.0,0.803225806451613,none,0:1.0500|1:0.9300|2:1.0300|3:0.9400|4:0.9500|5:1.1000|6:0.8200|,,6184964,1,383119,3589,31,19.84546013235358,20.547086165848103,1|none,251990
Dengeli,21,3647,2021,2,1566,1191,375,7139,172,114,0,0,357,7905520,6221507,1654107,401800,87556,145450,175952,0,1700,841649,510523,364342,43227,102954,102954,3215744,6509288,225961,0,1277208,0,0,3.0,0.0,2.0,0.0,1.0,1046.363636,1188.863636,819.2775973214285,819.2970777857144,1044.6980515714288,2.596599,31.67660839285714,1.0,1.0,1.0,0.9285714285714286,none,0:1.0500|1:0.9300|2:1.0300|3:0.9400|4:0.9500|5:1.1000|6:0.8200|,,6361206,1,383119,3620,28,20.92344336615428,21.702401618873875,none,458530
Dengeli,21,3653,2021,3,361,283,78,1609,25,17,0,0,76,1565855,1214888,341773,86100,18762,31434,34572,0,761,170144,164906,164906,0,0,29205,2805946,6338177,0,0,1277208,0,0,3.0,0.0,2.0,0.0,1.0,1056.136364,1198.409091,816.8712121666667,818.0454546666666,1052.5151511666666,2.619271,32.67683733333333,1.0,1.0,1.0,1.0,none,0:1.0500|1:0.9300|2:1.0300|3:0.9400|4:0.9500|5:1.1000|6:0.8200|,,1121096,1,0,3648,6,21.826605911786213,22.654759365272003,none,170144
Dengeli,22,25,2011,3,1389,1232,157,5699,197,75,0,0,110,2406940,1785680,610338,167500,37675,50012,55000,0,11560,288591,167316,115471,0,51845,58405,595200,207566,71527,0,12127,0,0,3.0,1.0,2.0,0.0,0.0,449.98181828,457.7272730000001,329.10363639999997,334.59454548,447.73999988,1.0,27.26892256,1.0,1.0,1.0,1.0,none,0:1.0000|1:0.9200|2:1.0300|3:0.9400|4:0.9500|5:1.1000|6:0.8200|,,2051986,1,121275,1,25,25.357424780011133,26.862903559535358,none,167316
Dengeli,22,55,2011,4,1692,1514,178,6957,172,81,0,2,147,2832380,2053101,754832,201000,45210,60374,66390,0,11539,370319,249044,168050,0,80994,87483,977886,755630,71527,0,24254,0,0,3.0,1.0,2.0,0.0,0.0,443.8257574,459.09090899999995,318.66363636666665,321.76818173333334,442.31212116666666,1.00592,28.66788473333333,1.0,1.0,1.0,1.0,none,0:1.0000|1:0.9200|2:1.0300|3:0.9400|4:0.9500|5:1.1000|6:0.8200|,,2079266,1,121275,26,30,26.65009638537202,28.200733947158096,none,249044
Dengeli,22,86,2011,5,1766,1605,161,7367,197,65,0,2,133,3017500,2142010,854737,207700,46717,62821,69099,0,3915,464485,343210,221621,0,121589,125504,968246,973416,71527,0,36381,0,0,3.0,1.0,2.0,0.0,0.0,451.22434012903227,464.31818200000004,320.38269809677416,320.1524926774194,451.3607037419355,1.01307,29.70144058064516,1.0,1.0,1.0,1.0,none,0:1.0000|1:0.9250|2:1.0300|3:0.9400|4:0.9500|5:1.1000|6:0.8200|,,2155784,1,121275,56,31,28.32599834299917,28.997026622021895,none,343210
Dengeli,22,116,2011,6,1824,1658,166,8814,146,69,0,7,131,3096285,2326618,750542,201000,45210,61245,77460,0,3090,362537,319309,240476,0,78833,81923,1144310,1406827,78030,0,49611,0,0,3.0,1.0,2.0,0.0,0.0,428.6742424,466.818182,321.8909089333334,321.55606059999997,417.0999999,1.020512,36.02242986666667,1.0,1.0,1.0,1.0,none,0:1.0000|1:0.9000|2:1.0300|3:0.9100|4:0.9500|5:1.1000|6:0.8200|,,2326444,1,132300,87,30,24.240081258669665,24.910135227351986,none,230237
Dengeli,22,147,2011,7,2046,1850,196,10408,112,96,0,22,162,3546380,2774456,752808,222700,50220,63751,80600,0,5150,330387,198087,113892,0,84195,70177,1246284,1596282,78030,0,62841,0,0,3.0,1.0,2.0,0.0,0.0,417.4486802903226,470.227273,329.36803522580647,327.58357777419354,412.96334277419356,1.027766,38.25942516129032,1.0,1.0,1.0,1.0,none,0:1.0500|1:0.8900|2:1.0300|3:0.9000|4:0.9500|5:1.1000|6:0.8200|,,2834154,1,132300,117,31,21.22750523068594,21.099754107081804,none,198087
Dengeli,22,178,2011,8,1983,1761,222,10202,96,107,0,22,179,3505485,2754487,730538,223200,50220,64216,81189,0,3971,307742,250542,181742,0,68800,86789,1301510,1812492,78030,0,76071,0,0,3.0,1.0,2.0,0.0,0.0,417.954545,474.090909,330.20234619354835,329.5630498709677,416.1642226774194,1.035317,38.197764580645156,1.0,1.0,1.0,1.0,none,0:1.0500|1:0.8900|2:1.0300|3:0.9000|4:0.9500|5:1.1000|6:0.8200|,,2779542,1,132300,148,31,20.839855255406885,20.995632146182704,none,175442
Dengeli,22,208,2011,9,1904,1722,182,9169,125,111,0,10,138,3538085,2784870,727498,208800,46980,62595,68820,0,5319,334984,247392,182427,0,64965,70284,1269074,2004037,78030,0,89301,0,0,2.9,0.9,2.0,0.0,0.0,421.89393973333335,477.272727,333.13484843333333,332.32878796666665,419.45909126666663,1.042922,36.872456533333335,1.0,1.0,1.0,1.0,none,0:1.0500|1:0.9050|2:1.0300|3:0.9150|4:0.9500|5:1.1000|6:0.8200|,,2766842,1,132300,179,30,20.561914142820196,21.038247516923803,none,202684
Dengeli,22,239,2011,10,2008,1813,195,10276,155,143,0,14,149,3952180,3072708,858155,148800,33480,65146,71641,0,10569,528519,479569,348253,0,131316,136635,1402382,2445581,78030,0,102531,0,0,2.0,0.0,2.0,0.0,0.0,426.51026412903224,481.136364,330.35777125806453,331.1363636129032,422.772727,1.050335,38.423162741935485,1.0,1.0,1.0,1.0,none,0:1.0500|1:0.9050|2:1.0300|3:0.9150|4:0.9500|5:1.1000|6:0.8200|,,3134042,1,132300,209,31,21.713459407213236,22.544004437341904,none,396219
Dengeli,22,269,2011,11,1874,1684,190,9804,141,124,0,10,150,3797500,2933098,846607,144000,32400,63495,69840,0,19926,516946,384646,281821,0,102825,112151,1418632,2764611,78030,0,115761,0,0,2.0,0.0,2.0,0.0,0.0,433.0606059333333,484.545455,333.5287877666667,332.87727263333335,428.87878809999995,1.058051,38.49848406666667,1.0,1.0,1.0,1.0,none,0:1.0500|1:0.9100|2:1.0300|3:0.9200|4:0.9500|5:1.1000|6:0.8200|,,2929934,1,132300,240,30,22.293798551678737,22.983346165175973,none,384646
Dengeli,22,300,2011,12,1927,1720,207,9313,194,164,0,13,148,3975420,3100659,856172,148800,33480,66077,79949,0,7429,520437,39179,-60937,0,100116,107545,1364072,2597040,81281,0,129542,0,0,2.0,0.0,2.0,0.0,0.0,431.15102661290325,487.5,334.79472145161293,334.29178867741933,428.5117301935484,1.065572,37.24082364516129,1.0,1.0,1.0,1.0,none,0:1.0500|1:0.9150|2:1.0300|3:0.9250|4:0.9500|5:1.1000|6:0.8200|,,3054780,1,137812,270,31,21.536642669202248,22.348620138576432,none,382625
Dengeli,22,331,2012,1,1731,1533,198,8399,196,125,0,5,158,3678770,2732600,933135,168300,34875,66569,80538,0,3150,579703,-109404,-316394,109017,97973,97973,1090662,9514652,81281,380970,524293,0,0,2.967741935483871,0.0,2.0,0.0,0.967741935483871,449.9266861612903,491.81818200000004,329.5850440645161,331.199413516129,453.806451483871,1.0734,36.916648096774196,1.0,1.0,1.0,1.0,none,0:1.0500|1:0.9250|2:1.0300|3:0.9350|4:0.9500|5:1.1000|6:0.8200|,,2823366,3,137812,301,31,25.365407459558494,26.746944735266037,none,441891
Dengeli,22,360,2012,2,1547,1397,150,7567,156,108,0,0,131,3420080,2370820,1036319,158050,32625,62623,75777,0,0,707244,759273,599139,0,160134,160134,1128700,10192545,81281,0,538074,0,0,3.0,0.0,2.0,0.0,1.0,471.7006271034483,494.3181819999999,323.8307208965517,325.62382451724136,472.05956113793104,1.079586,33.40848872413793,1.0,1.0,1.0,1.0,none,0:1.0500|1:0.9300|2:1.0300|3:0.9400|4:0.9500|5:1.1000|6:0.8200|,,2357670,3,137812,332,29,30.301016350494724,31.348253046623014,none,569432
Dengeli,22,391,2012,3,1683,1507,176,8459,151,95,0,0,151,3525910,2444145,1062969,168950,34875,67313,74028,0,0,717803,989870,555764,214376,219730,219730,1140362,10564855,81281,0,551855,0,0,3.0,0.0,2.0,0.0,1.0,473.0498532580645,496.590909,325.3372434193548,325.0366568709677,474.58357777419354,1.085405,33.99178835483871,1.0,1.0,1.0,1.0,none,0:1.0500|1:0.9300|2:1.0300|3:0.9400|4:0.9500|5:1.1000|6:0.8200|,,2470342,3,137812,361,31,30.147366211843185,31.225590457614523,none,579991
Dengeli,22,421,2012,4,1457,1316,141,6578,131,58,0,0,113,2886700,1952509,917515,163500,33750,65502,72060,0,0,582703,726672,349461,105327,271884,271884,997054,10661358,81281,0,565636,0,0,3.0,0.0,2.0,0.0,1.0,480.25000023333337,499.318182,326.0954547,325.4121212333333,480.28484853333333,1.09166,29.127545133333335,1.0,1.0,1.0,1.0,none,0:1.0500|1:0.9300|2:1.0300|3:0.9400|4:0.9500|5:1.1000|6:0.8200|,,1980946,3,137812,392,30,31.78421727231787,32.09881217250101,none,444891
Dengeli,22,452,2012,5,1542,1413,129,7259,152,85,0,0,108,3297630,2244422,1038570,183150,38071,68058,74865,0,22478,651948,414594,83864,104066,226664,226664,991166,10503343,81281,0,579417,0,0,3.129032258064516,0.0,2.0,0.12903225806451613,1.0,486.0630499354839,502.045455,331.5322581612903,329.7052786451613,483.33577722580645,1.097747,28.057461290322582,1.0,1.0,1.0,1.0,none,0:1.0500|1:0.9300|2:1.0300|3:0.9400|4:0.9500|5:1.1000|6:0.8200|,,2271086,3,137812,422,31,31.494436913783534,31.792334717626602,none,514136
Dengeli,22,482,2012,6,1497,1332,165,6918,124,76,0,0,137,2769960,1898551,858012,270000,57720,66252,83790,0,0,380250,-627317,-889053,102787,158949,158949,860508,9098849,84532,0,593749,0,0,4.0,0.0,2.0,1.0,1.0,487.49242426666666,505.227273,336.71666666666664,334.63787866666667,487.6878787333333,1.104074,28.68319596666667,1.0,1.0,1.0,1.0,none,0:1.0500|1:0.9300|2:1.0300|3:0.9400|4:0.9500|5:1.1000|6:0.8200|,,1928408,5,143325,453,30,30.975609756097562,30.928841166467667,none,236925
Dengeli,22,513,2012,7,1535,1363,172,7216,100,46,0,0,159,2818700,1927223,862926,285000,61039,68833,87079,0,0,360975,391519,15758,101493,274268,274268,841978,8935349,84532,0,608081,0,0,4.0,0.0,2.0,1.0,1.0,490.7551320322581,508.18181799999996,333.81818190322576,334.67741925806456,488.72434022580643,1.11023,29.04758941935484,1.0,1.0,1.0,1.0,none,0:1.0500|1:0.9300|2:1.0300|3:0.9400|4:0.9500|5:1.1000|6:0.8200|,,1940202,6,143325,483,31,30.614325753006707,31.978667136733396,none,217650
Dengeli,22,544,2012,8,1484,1326,158,6427,94,52,0,3,141,2673410,1767646,890862,285200,61039,69236,87575,0,0,387812,894248,528748,100182,265318,265318,708838,9226290,84532,0,622413,0,0,4.0,0.0,2.0,1.0,1.0,492.71994122580645,510.909091,323.40909077419354,326.7771259677419,494.3005864516129,1.116629,27.187648096774193,1.0,1.0,1.0,1.0,none,0:1.0500|1:0.9300|2:1.0300|3:0.9400|4:0.9500|5:1.1000|6:0.8200|,,1767808,6,143325,514,31,33.323059313760325,34.362492013291615,none,244487
Dengeli,22,574,2012,9,1465,1303,162,6072,134,101,0,0,135,2889665,1884606,991726,276000,59070,67393,74130,0,0,515133,241538,-226574,98854,369258,295381,858132,8502904,84532,0,636745,0,0,4.0,0.0,2.0,1.0,1.0,498.7651515,514.090909,324.90909100000005,325.11818193333335,498.96515146666667,1.123064,26.765795299999997,1.0,1.0,1.0,1.0,none,0:1.0500|1:0.9300|2:1.0300|3:0.9400|4:0.9500|5:1.1000|6:0.8200|,,1882068,7,143325,545,30,34.31975678841665,34.8572990669337,none,371808
Dengeli,22,605,2012,10,1385,1207,178,5758,128,77,0,0,140,2741450,1787956,936230,285200,61039,70042,77035,0,0,442914,132151,-272927,0,405078,478955,830406,8267168,84532,0,651077,1203451,0,4.0,0.0,2.0,1.0,1.0,502.9912024516129,516.818182,328.96480912903223,327.6598240967742,498.260997,1.129326,26.749320838709675,1.0,1.0,1.0,1.0,none,0:1.0500|1:0.9300|2:1.0300|3:0.9400|4:0.9500|5:1.1000|6:0.8200|,Mustafa Çelik:4:38821,1852544,7,143325,575,31,34.15090554268726,34.598297639076854,none,299589
Dengeli,22,635,2012,11,1440,1298,142,6689,141,86,0,0,119,3059595,2021514,1023370,276000,59070,68172,74970,0,0,545158,1030369,480103,121917,428349,428349,979308,8784754,84532,0,665409,1164630,0,4.0,0.0,2.0,1.0,1.0,502.26515163333335,520.227273,332.9272726,331.2515151333333,498.9666666333333,1.135835,28.160309433333335,1.0,1.0,1.0,1.0,none,0:1.0500|1:0.9200|2:1.0300|3:0.9300|4:0.9400|5:1.1000|6:0.8200|,Mustafa Çelik:4:38821,2021982,7,143325,606,30,33.44789097903481,33.714837368799664,none,401833
Dengeli,22,666,2012,12,1422,1287,135,5864,140,88,0,0,115,3098290,2036848,1043908,285200,61039,70818,85684,0,0,541167,1333806,649866,120202,563738,563738,887844,9260117,87784,0,680293,1205171,0,4.0,0.0,2.0,1.0,1.0,506.59824067741937,522.727273,332.68181799999996,332.2829912258064,506.50293248387095,1.142168,25.64420135483871,1.0,1.0,1.0,1.0,none,0:1.0500|1:0.9300|2:1.0300|3:0.9400|4:0.9500|5:1.1000|6:0.8200|,Mustafa Çelik:4:38821,2052240,7,148837,636,31,33.69303712693131,34.330246083140686,none,392330
Dengeli,22,697,2013,1,1347,1196,151,5567,133,115,0,0,113,2992965,1972308,1008652,291200,62434,71252,86180,0,0,497586,1040058,443516,118460,478082,478082,906570,9579322,87784,0,695177,1256771,0,4.0,0.0,2.0,1.0,1.0,511.77419341935484,525.454545,337.863636,335.8167154193548,509.3401758387097,1.148751,24.93718729032258,1.0,1.0,1.0,1.0,none,0:1.0500|1:0.9300|2:1.0300|3:0.9400|4:0.9500|5:1.1000|6:0.8200|,Mustafa Çelik:4:40541,2009220,7,148837,667,31,33.70076161933066,33.98189272839127,none,348749
Dengeli,22,725,2013,2,1237,1094,143,5137,125,89,0,0,116,2648510,1728801,901779,263200,56392,64749,78316,0,0,439122,953416,349022,116690,487704,487704,846804,9733895,87784,0,710061,1135148,0,4.0,0.0,2.0,1.0,1.0,518.0275974642857,528.863636,338.545455,337.12337675,513.3944805357143,1.155828,25.48340842857143,1.0,1.0,1.0,1.0,none,0:1.0500|1:0.9300|2:1.0300|3:0.9400|4:0.9500|5:1.1000|6:0.8200|,Mustafa Çelik:4:40541,1742508,7,148837,698,28,34.048540500130265,34.64721635349933,none,290285
Dengeli,22,756,2013,3,1439,1240,199,6042,118,68,0,0,172,2830905,1850666,965575,291400,62434,72089,79267,0,0,460385,1106675,369026,114892,622757,506060,854220,10132966,87784,0,724945,1256771,0,4.0,0.0,2.0,1.0,1.0,513.3797653548387,531.818182,334.545455,335.50586512903226,512.1642228387096,1.162259,25.946290806451614,1.0,1.0,1.0,1.0,none,0:1.0500|1:0.9300|2:1.0300|3:0.9400|4:0.9500|5:1.1000|6:0.8200|,Mustafa Çelik:4:40541,1863140,7,148837,726,31,34.108350509819296,34.834701798430196,none,311548
Dengeli,22,786,2013,4,1342,1177,165,5626,116,48,0,0,143,2881930,1846087,1019994,282000,60420,70184,77190,0,0,530200,1079461,531144,0,548317,665014,879426,10691567,87784,0,739829,1216230,0,4.0,0.0,2.0,1.0,1.0,523.1136362666667,535.454545,335.818182,335.3151513,519.9742425,1.16942,24.527441033333332,1.0,1.0,1.0,1.0,none,0:1.0500|1:0.9300|2:1.0300|3:0.9400|4:0.9500|5:1.1000|6:0.8200|,Mustafa Çelik:4:40541,1871852,7,148837,757,30,35.39274028168623,35.80397093131586,none,381363
Dengeli,22,817,2013,5,1442,1282,160,6188,120,66,0,0,132,3114305,2033180,1061448,291400,62434,72957,80228,0,0,554429,1301518,663028,94083,544407,544407,926600,11293816,87784,0,754713,1256771,0,4.0,0.0,2.0,1.0,1.0,519.9193547741935,538.409091,341.2741933870968,339.2434018709678,523.4589443548386,1.176391,25.190659483870967,1.0,1.0,1.0,1.0,none,0:1.0500|1:0.9300|2:1.0300|3:0.9400|4:0.9500|5:1.1000|6:0.8200|,Mustafa Çelik:4:40541,2043104,7,148837,787,31,34.082981596214886,34.36016754265365,none,405592
Dengeli,22,847,2013,6,1386,1231,155,5697,111,41,0,0,139,2551350,1620240,916987,282000,60420,71024,89850,0,0,413693,1113064,401314,92656,619094,490255,756912,11254676,92660,0,770423,1218048,0,4.0,0.0,2.0,1.0,1.0,530.2651514333334,542.045455,337.045455,338.1803030333333,526.1757576,1.183639,24.377576299999998,1.0,1.0,1.0,1.0,none,0:1.0500|1:0.9300|2:1.0300|3:0.9400|4:0.9500|5:1.1000|6:0.8200|,Mustafa Çelik:4:40541,1625708,7,157106,818,30,35.94124679091461,36.4383169271167,none,256587
Dengeli,22,878,2013,7,1472,1312,160,6232,94,40,0,0,137,2815115,1784369,1010925,218750,46134,73826,93372,0,0,578843,1142303,507231,91210,543862,672701,810960,11620989,92660,0,786133,1313129,0,3.2580645161290325,0.0,2.0,0.25806451612903225,1.0,534.7800587419355,545.0,341.272727,339.75513193548386,528.8504399032257,1.190696,25.035386451612904,1.0,1.0,1.0,1.0,none,0:1.0500|1:0.9300|2:1.0300|3:0.9400|4:0.9500|5:1.1000|6:0.8200|,Mustafa Çelik:4:42359,1826472,7,157106,848,31,35.91061111180183,36.184470340416105,none,421737
Dengeli,22,909,2013,8,1375,1236,139,6053,70,51,0,0,124,2726680,1723912,988439,190650,39742,74291,93961,0,0,589795,730443,163569,89746,477128,477128,790500,11630464,92660,0,801843,1313129,0,3.0,0.0,2.0,0.0,1.0,536.7668622903226,549.090909,344.2478008387097,342.66862167741937,533.2800586129032,1.198032,23.375002612903227,1.0,1.0,1.0,1.0,none,0:1.0500|1:0.9300|2:1.0300|3:0.9400|4:0.9500|5:1.1000|6:0.8200|,Mustafa Çelik:4:42359,1760184,7,157106,879,31,36.25064180615254,35.86642078278755,none,432689
Dengeli,22,939,2013,9,1342,1189,153,5559,139,33,0,0,132,2806635,1829328,956483,184500,38460,72344,79560,0,1084,580535,1268960,520703,88263,659994,659994,846436,12078376,92660,0,817553,1270770,0,3.0,0.0,2.0,0.0,1.0,537.4015151666666,551.590909,352.727273,349.4984848666667,535.7818181666667,1.205414,23.738330599999998,1.0,1.0,1.0,1.0,none,0:1.0500|1:0.9300|2:1.0300|3:0.9400|4:0.9500|5:1.1000|6:0.8200|,Mustafa Çelik:4:42359,1862804,7,157106,910,30,34.07935125158775,34.3642950298331,none,423429
Dengeli,22,970,2013,10,1340,1181,159,5582,154,41,0,0,136,2875075,1869815,989728,190650,39742,75190,82708,0,849,600589,1172579,528339,86761,557479,557479,786616,12246462,92660,0,833263,1313129,0,3.0,0.0,2.0,0.0,1.0,542.7639295483871,555.227273,354.636364,352.9310850967742,538.816715516129,1.2126,23.21893922580645,1.0,1.0,1.0,1.0,none,0:1.0500|1:0.9300|2:1.0300|3:0.9400|4:0.9500|5:1.1000|6:0.8200|,Mustafa Çelik:4:42359,1890634,7,157106,940,31,34.42442371068581,34.661029465410635,none,443483
Dengeli,22,1000,2013,11,1403,1242,161,5985,145,59,0,0,137,3096565,2047948,1027983,184500,38460,73215,80520,0,0,651288,1358727,686539,85239,586949,586949,937080,13047458,92660,0,848973,1270770,0,3.0,0.0,2.0,0.0,1.0,541.2196967000001,558.409091,359.045455,357.0545454,539.0196969,1.220071,24.158786533333334,1.0,1.0,1.0,1.0,none,0:1.0500|1:0.9250|2:1.0300|3:0.9350|4:0.9450|5:1.1000|6:0.8200|,Mustafa Çelik:4:42359,2060616,7,157106,971,30,33.19752693710612,33.65994305284493,none,494182
Dengeli,22,1031,2013,12,1216,1068,148,5160,142,60,0,0,121,2923690,1926910,985191,190650,39742,76120,92070,0,865,585744,1458895,662730,83698,712467,712467,860898,13456980,95911,0,865234,1315108,0,3.0,0.0,2.0,0.0,1.0,547.939882451613,562.045455,361.863636,360.01026390322585,544.7536657741936,1.227345,22.798525129032257,1.0,1.0,1.0,1.0,none,0:1.0500|1:0.9300|2:1.0300|3:0.9400|4:0.9500|5:1.1000|6:0.8200|,Mustafa Çelik:4:42359,2015274,7,162619,1001,31,33.69683516378275,33.95924487538008,none,423125
Dengeli,22,1062,2014,1,1299,1131,168,5330,119,74,0,0,138,2986855,1944944,1027598,255450,54373,76586,92628,0,27076,521485,1529124,837691,82137,609296,609296,841338,14169333,95911,0,881495,1374478,0,3.3870967741935485,0.0,2.0,0.3870967741935484,1.0,551.7375366774193,565.227273,356.31818200000004,357.8401759677419,549.7961875806452,1.234907,22.70395722580645,1.0,1.0,1.0,1.0,none,0:1.0500|1:0.9300|2:1.0300|3:0.9400|4:0.9500|5:1.1000|6:0.8200|,Mustafa Çelik:4:44338,1895928,7,162619,1032,31,34.404013586196854,35.41889787927801,none,358866
Dengeli,22,1090,2014,2,1237,1082,155,5003,134,60,0,0,127,2818190,1818093,983711,315000,68040,69623,84224,0,0,446824,1211016,560823,80555,569638,569638,910046,14520356,95911,0,897756,1241464,0,4.0,0.0,2.0,1.0,1.0,557.3214284642858,569.545455,358.5,357.88149364285715,556.2094155714286,1.243005,23.84152217857143,1.0,1.0,1.0,1.0,none,0:1.0500|1:0.9300|2:1.0300|3:0.9400|4:0.9500|5:1.1000|6:0.8200|,Mustafa Çelik:4:44338,1841758,7,162619,1063,28,34.90577285420784,35.67446330067436,none,284205
Dengeli,22,1121,2014,3,1320,1151,169,5545,136,60,0,0,138,3028740,1925189,1087320,348750,75330,77547,85281,0,0,500412,1263517,442685,78953,741879,741879,873376,14856988,95911,0,914017,1374478,0,4.0,0.0,2.0,1.0,1.0,563.7756597741935,572.954545,358.954545,358.3489735483871,558.7888563225807,1.250366,23.28677293548387,1.0,1.0,1.0,1.0,none,0:1.0500|1:0.9300|2:1.0300|3:0.9400|4:0.9500|5:1.1000|6:0.8200|,Mustafa Çelik:4:44338,1968628,7,162619,1091,31,35.90007725985063,36.33025144367346,none,337793
Dengeli,22,1151,2014,4,1293,1126,167,5071,128,49,0,0,132,2686320,1703526,963147,337500,72900,75526,83070,0,0,394151,213538,-454277,77331,590484,590484,930100,14088166,95911,0,930278,1330140,0,4.0,0.0,2.0,1.0,1.0,565.4393939333333,575.454545,360.8939393333333,359.39696956666666,561.3999999333333,1.258565,21.713662366666664,1.0,1.0,1.0,1.0,none,0:1.0500|1:0.9300|2:1.0300|3:0.9400|4:0.9500|5:1.1000|6:0.8200|,Mustafa Çelik:4:44338,1737814,7,162619,1122,30,35.85377021352631,36.17460275930411,none,231532
Dengeli,22,1182,2014,5,1458,1290,168,5897,148,55,0,0,145,3152915,2056886,1080067,348750,75330,78540,86366,0,0,491081,1349551,713001,75688,560862,560862,943300,14247443,95911,0,946539,1374478,0,4.0,0.0,2.0,1.0,1.0,561.1730201935485,579.772727,368.31818200000004,365.39442819354844,563.1290323225807,1.266552,23.477322935483873,1.0,1.0,1.0,1.0,none,0:1.0500|1:0.9300|2:1.0300|3:0.9400|4:0.9500|5:1.1000|6:0.8200|,Mustafa Çelik:4:44338,2042768,8,162619,1152,31,34.25614074594463,34.36637743686125,none,328462
Dengeli,22,1212,2014,6,1356,1201,155,5885,100,49,0,0,141,2730690,1783834,932416,337500,72900,76516,96750,0,0,348750,1374708,569488,0,805220,805220,875894,14798192,100789,0,963628,1332236,0,4.0,0.0,2.0,1.0,1.0,567.7575757333333,582.954545,374.90909100000005,371.6621211666667,566.2439394666667,1.274857,24.892964233333334,1.0,1.0,1.0,1.0,none,0:1.0500|1:0.9300|2:1.0300|3:0.9400|4:0.9500|5:1.1000|6:0.8200|,Mustafa Çelik:4:44338,1837668,8,170887,1183,30,34.14580197678975,33.966695113534,none,177863
Dengeli,22,1243,2014,7,1440,1240,200,6053,116,35,0,0,182,2998925,1966955,1011823,357750,77407,79563,100626,0,522,395955,1543193,709195,80375,753623,753623,805008,15306389,100789,0,980717,1439454,0,4.0,0.0,2.0,1.0,1.0,574.4134898064516,587.954545,379.954545,377.3900292580645,569.7741935483871,1.282947,24.145702967741936,1.0,1.0,1.0,1.0,none,0:1.0500|1:0.9300|2:1.0300|3:0.9400|4:0.9500|5:1.1000|6:0.8200|,Mustafa Çelik:4:46434,1992390,8,170887,1213,31,33.73952332919296,33.85347807064463,none,225068
Dengeli,22,1274,2014,8,1419,1265,154,6300,99,25,0,0,139,2999279,1973046,1014839,358050,77407,80090,101277,0,982,397033,1550320,656155,79181,814984,638604,885248,15952893,100789,0,997806,1439454,0,4.0,0.0,2.0,1.0,1.0,572.976539451613,590.681818,381.636364,380.1173019354839,574.4164221935484,1.291361,24.46286770967742,1.0,1.0,1.0,1.0,none,0:1.0500|1:0.9300|2:1.0300|3:0.9400|4:0.9500|5:1.1000|6:0.8200|,Mustafa Çelik:4:46434,1998746,8,170887,1244,31,33.83609860903237,33.39406804242661,none,226146
Dengeli,22,1304,2014,9,1380,1208,172,5463,123,42,0,0,152,3096755,2017056,1062317,346500,74910,78016,85800,0,381,476710,2586712,1572483,77971,936258,1112638,933708,17336734,100789,0,1014895,1393020,0,4.0,0.0,2.0,1.0,1.0,577.2575759666666,594.3181820000001,372.5,375.28939396666664,579.4272727666666,1.299829,24.196587633333333,1.0,1.0,1.0,1.0,none,0:1.0500|1:0.9300|2:1.0300|3:0.9400|4:0.9500|5:1.1000|6:0.8200|,Mustafa Çelik:4:46434,2055108,8,170887,1275,30,34.3041990729005,35.470747287081124,none,305823
Dengeli,22,1335,2014,10,1417,1223,194,5775,103,61,0,0,174,3086255,1982987,1084122,358050,77407,81113,89218,0,0,478334,2383409,1424815,76745,881849,881849,869820,14139684,100789,0,1031984,1439454,0,4.0,0.0,2.0,1.0,1.0,581.1070382258065,599.318182,373.136364,373.7800584516129,581.6495600967743,1.308077,25.095469741935485,1.0,1.0,1.0,1.0,none,0:1.0500|1:0.9300|2:1.0300|3:0.9400|4:0.9500|5:1.1000|6:0.8200|,Mustafa Çelik:4:46434,1956300,8,170887,1305,31,35.12742790210142,35.788703379117095,none,307447
Dengeli,22,1365,2014,11,1346,1192,154,5690,114,60,0,0,124,3135305,2056609,1066624,346500,74910,79007,86910,0,0,479297,1537498,525424,75502,936572,760897,1032412,14910224,100789,0,1049073,1393020,0,4.0,0.0,2.0,1.0,1.0,582.9242425333333,602.272727,384.545455,380.8060605666667,583.8560606666666,1.316655,25.1677808,1.0,1.0,1.0,1.0,none,0:1.0500|1:0.9300|2:1.0300|3:0.9400|4:0.9500|5:1.1000|6:0.8200|,Mustafa Çelik:4:46434,2094168,8,170887,1336,30,34.01978435909744,34.03165850011624,none,308410
Dengeli,22,1396,2014,12,1343,1164,179,5346,169,70,0,0,145,3339455,2174508,1151423,358050,77407,82167,99417,0,0,534382,1747998,946712,0,801286,976961,982908,15767350,105665,0,1066988,1441735,0,4.0,0.0,2.0,1.0,1.0,593.1158359354839,606.818182,386.227273,384.5615836451613,590.1642229354838,1.32501,22.730234838709677,1.0,1.0,1.0,1.0,none,0:1.0500|1:0.9300|2:1.0300|3:0.9400|4:0.9500|5:1.1000|6:0.8200|,Mustafa Çelik:4:46434,2175498,8,179156,1366,31,34.47936863949357,34.881645439321595,none,355226
Dengeli,22,1427,2015,1,1330,1121,209,5062,146,84,0,0,182,3142425,2090248,1034458,367050,79515,82696,100068,0,0,405129,1343390,536228,75726,731436,731436,864042,16046941,105665,0,1084903,1510165,0,4.0,0.0,2.0,1.0,1.0,590.601173064516,610.227273,393.227273,390.2668621935484,592.8079179032258,1.3337,22.05827080645161,1.0,1.0,1.0,1.0,none,0:1.0500|1:0.9300|2:1.0300|3:0.9400|4:0.9500|5:1.1000|6:0.8200|,Mustafa Çelik:4:48715,2152574,8,179156,1397,31,32.91909910339945,33.41915137763455,none,225973
Dengeli,22,1455,2015,2,1150,992,158,4654,122,40,0,0,138,2908320,1919196,971089,331800,71820,75225,91000,0,0,401244,1567235,775831,74602,716802,716802,914892,16844321,105665,0,1102818,1364020,0,4.0,0.0,2.0,1.0,1.0,593.6444805714285,614.5454550000001,389.454545,390.3327923214286,595.7516233214285,1.342972,22.164427999999997,1.0,1.0,1.0,1.0,none,0:1.0500|1:0.9300|2:1.0300|3:0.9400|4:0.9500|5:1.1000|6:0.8200|,Mustafa Çelik:4:48715,1885206,8,179156,1428,28,33.390032733674424,34.395996636721016,none,222088
Dengeli,22,1486,2015,3,1344,1146,198,5444,128,36,0,0,177,3185235,2117825,1048703,367350,79515,83812,92163,0,0,425863,1305566,362429,73462,869675,869675,878286,17030468,105665,0,1120733,1510165,0,4.0,0.0,2.0,1.0,1.0,598.3870969354838,618.409091,401.090909,397.6524926451613,598.9090909032259,1.351403,22.658406387096775,1.0,1.0,1.0,1.0,none,0:1.0500|1:0.9300|2:1.0300|3:0.9400|4:0.9500|5:1.1000|6:0.8200|,Mustafa Çelik:4:48715,2175814,8,179156,1456,31,32.92388159743316,32.97133058949559,none,246707
Dengeli,22,1516,2015,4,1304,1133,171,5211,133,59,0,0,151,2965315,1946397,1000659,355500,76950,81678,89820,0,0,396711,1420869,586670,72307,761892,761892,907636,17521053,105665,0,1138648,1536726,0,4.0,0.0,2.0,1.0,1.0,606.5454544666667,622.954545,398.181818,398.8348484,599.4272726,1.360799,21.643515533333336,1.0,1.0,1.0,1.0,none,0:1.0500|1:0.9300|2:1.0300|3:0.9400|4:0.9500|5:1.1000|6:0.8200|,Mustafa Çelik:4:48715|Songül Şimşek:6:18820,1981306,8,179156,1487,30,33.74545368704505,34.352518007060176,none,217555
Dengeli,22,1547,2015,5,1304,1112,192,5035,129,28,0,0,179,3020745,1964478,1037646,367350,79515,84959,93434,0,0,412388,1577507,551323,71136,955048,767485,878562,18149352,105665,0,1156563,2093554,0,4.0,0.0,2.0,1.0,1.0,608.5557185806451,626.818182,393.863636,395.76099703225805,609.0777126129033,1.369954,21.76894306451613,1.0,1.0,1.0,1.0,none,0:1.0500|1:0.9300|2:1.0300|3:0.9400|4:0.9500|5:1.1000|6:0.8200|,Mustafa Çelik:4:48715|Songül Şimşek:6:18820,1989228,8,179156,1517,31,34.3506651504844,35.27895244849209,none,233232
Dengeli,22,1577,2015,6,1343,1157,186,5438,88,26,0,0,173,2831459,1833500,976322,355500,76950,82789,104700,0,332,356051,1067379,330362,0,737017,924580,805456,16684570,110542,0,1175305,2029378,0,4.0,0.0,2.0,1.0,1.0,607.7499999333334,632.045455,394.5,394.9106060666666,607.8651514666667,1.379479,22.488268433333335,1.0,1.0,1.0,1.0,none,0:1.0500|1:0.9300|2:1.0300|3:0.9400|4:0.9500|5:1.1000|6:0.8200|,Mustafa Çelik:4:48715|Songül Şimşek:6:18820,1833992,8,187425,1548,30,34.48123387977717,35.08844096367349,none,168626
Dengeli,22,1608,2015,7,1370,1180,190,5557,97,21,0,0,171,2928407,1871833,1039112,376350,81592,86137,108934,0,754,385345,635224,-113363,75671,672916,672916,802904,16462649,110542,0,1194047,2197652,0,4.0,0.0,2.0,1.0,1.0,620.3152492258064,635.227273,401.590909,398.9105570967742,615.5938417096773,1.38876,21.24904180645161,1.0,1.0,1.0,1.0,none,0:1.0500|1:0.9300|2:1.0300|3:0.9400|4:0.9500|5:1.1000|6:0.8200|,Mustafa Çelik:4:51136|Songül Şimşek:6:19756,1898424,8,187425,1578,31,35.48386545995827,35.260190765709616,none,197920
Dengeli,22,1639,2015,8,1258,1075,183,5225,122,23,0,0,163,2829830,1815894,997816,376650,81592,86726,109678,0,1586,341584,927820,6377,74572,846871,846871,846808,16459620,110542,0,1212789,2197652,0,4.0,0.0,2.0,1.0,1.0,622.4413488387097,640.909091,403.636364,401.82111429032256,620.7302054516128,1.398416,21.076569451612905,1.0,1.0,1.0,1.0,none,0:1.0500|1:0.9300|2:1.0300|3:0.9400|4:0.9500|5:1.1000|6:0.8200|,Mustafa Çelik:4:51136|Songül Şimşek:6:19756,1837352,8,187425,1609,31,35.26063403101953,35.15270719834643,none,154159
Dengeli,22,1669,2015,9,1233,1073,160,5102,111,42,0,0,143,3083990,2030919,1034499,364500,78960,84499,92940,0,956,412644,1100761,325024,73456,702281,702281,878242,16665776,110542,0,1231531,2126760,0,4.0,0.0,2.0,1.0,1.0,624.7196969,644.090909,415.954545,411.36212123333337,623.8575757666666,1.408139,21.286758833333334,1.0,1.0,1.0,1.0,none,0:1.0500|1:0.9300|2:1.0300|3:0.9400|4:0.9500|5:1.1000|6:0.8200|,Mustafa Çelik:4:51136|Songül Şimşek:6:19756,2081434,8,187425,1640,30,33.54417491626108,33.417411510464575,none,225219
Dengeli,22,1700,2015,10,1369,1178,191,5607,120,48,0,0,158,3242795,2125231,1098083,376650,81592,87905,96689,0,472,454775,1223247,434346,72324,716577,716577,954848,17117203,110542,0,1250273,2197652,0,4.0,0.0,2.0,1.0,1.0,632.7272726451613,648.8636359999999,416.909091,415.2917888064516,629.2888563225807,1.417612,21.002140129032256,1.0,1.0,1.0,1.0,none,0:1.0500|1:0.9300|2:1.0300|3:0.9400|4:0.9500|5:1.1000|6:0.8200|,Mustafa Çelik:4:51136|Songül Şimşek:6:19756,2152832,8,187425,1670,31,33.86223921031086,34.10919537938014,none,267350
Dengeli,22,1730,2015,11,1344,1168,176,5442,104,46,0,0,155,3261430,2168930,1070800,364500,78960,85669,94200,0,795,446676,1234609,209569,71176,953864,953864,982898,17278350,110542,0,1269015,2126760,0,4.0,0.0,2.0,1.0,1.0,626.6969694333334,653.863636,417.818182,416.60000003333334,629.0787878666667,1.427469,23.246152300000002,1.0,1.0,1.0,1.0,none,0:1.0500|1:0.9300|2:1.0300|3:0.9400|4:0.9500|5:1.1000|6:0.8200|,Mustafa Çelik:4:51136|Songül Şimşek:6:19756,2219418,8,187425,1701,30,32.83222390178541,33.330109705525466,none,259251
Dengeli,22,1761,2015,12,1390,1187,203,5876,135,66,0,0,169,3691705,2502542,1173955,376650,81592,89114,107818,0,1090,517691,1500583,701658,0,798925,798925,1091654,18158410,117045,0,1288860,2201321,0,4.0,0.0,2.0,1.0,1.0,621.5249267741935,658.181818,421.545455,419.6143693225806,626.7023460645162,1.437072,26.04527219354839,1.0,1.0,1.0,1.0,none,0:1.0500|1:0.9300|2:1.0300|3:0.9400|4:0.9500|5:1.1000|6:0.8200|,Mustafa Çelik:4:51136|Songül Şimşek:6:19756,2499722,8,198450,1731,31,31.799805239042666,32.17561567677046,none,319241
Dengeli,22,1792,2016,1,1316,1119,197,5310,145,59,0,0,166,3617985,2389416,1218098,388650,84382,89735,108562,0,468,546301,1142022,152842,71411,917769,733184,1034684,18393905,117045,0,1308705,2311391,0,4.0,0.0,2.0,1.0,1.0,647.1260999032258,662.272727,427.272727,424.6788856129032,640.912023516129,1.447064,22.134999258064518,1.0,1.0,1.0,1.0,none,0:1.0500|1:0.9300|2:1.0300|3:0.9400|4:0.9500|5:1.1000|6:0.8200|,Mustafa Çelik:4:53784|Songül Şimşek:6:20777,2391936,8,198450,1762,31,33.66785655551364,33.973807104381,none,347851
Dengeli,22,1821,2016,2,1239,1030,209,4830,127,35,0,0,193,3262180,2140450,1105034,363950,78938,84555,102312,0,0,475279,1202329,364064,70373,767892,952477,1061898,18524898,117045,0,1328550,2162269,0,4.0,0.0,2.0,1.0,1.0,646.4968652413794,667.272727,418.363636,421.01724137931035,644.1003135172415,1.4576940000000003,21.808414931034484,1.0,1.0,1.0,1.0,none,0:1.0500|1:0.9300|2:1.0300|3:0.9400|4:0.9500|5:1.1000|6:0.8200|,Mustafa Çelik:4:53784|Songül Şimşek:6:20777,2165292,8,198450,1793,29,33.87409646310136,35.28760022002619,none,276829
Dengeli,22,1852,2016,3,1338,1133,205,5428,94,64,0,0,174,3280430,2174018,1080981,389050,84382,91007,100099,0,905,415538,972200,162101,69320,740779,740779,1037196,18574770,117045,0,1348395,2311391,0,4.0,0.0,2.0,1.0,1.0,638.0865101612903,671.1363640000001,424.045455,422.1876832580645,641.9956011612904,1.467709,23.85013777419355,1.0,1.0,1.0,1.0,none,0:1.0500|1:0.9200|2:1.0300|3:0.9300|4:0.9400|5:1.1000|6:0.8200|,Mustafa Çelik:4:53784|Songül Şimşek:6:20777,2204840,8,198450,1822,31,32.952417823273166,33.54420627184028,none,217088
Dengeli,22,1882,2016,4,1315,1112,203,5338,98,39,0,0,184,3330670,2187225,1124583,376500,81660,88731,97590,0,587,479515,1079443,250759,68252,760432,760432,962832,18673376,117045,0,1368240,2236830,0,4.0,0.0,2.0,1.0,1.0,647.5303032333334,676.590909,428.136364,425.9621212,645.7363636666666,1.4784910000000002,23.410380999999997,1.0,1.0,1.0,1.0,none,0:1.0500|1:0.9300|2:1.0300|3:0.9400|4:0.9500|5:1.1000|6:0.8200|,Mustafa Çelik:4:53784|Songül Şimşek:6:20777,2199526,8,198450,1853,30,33.764467809780015,33.8816481850852,none,281065
Dengeli,22,1913,2016,5,1364,1151,213,5423,120,64,0,0,184,3135950,2046854,1067765,389050,84382,92340,101556,0,862,399575,846121,-127556,67168,906509,906509,904414,18401711,117045,0,1388085,2311391,0,4.0,0.0,2.0,1.0,1.0,657.6979472580645,680.909091,433.590909,430.6774193548387,653.140762483871,1.489001,23.02760348387097,1.0,1.0,1.0,1.0,none,0:1.0500|1:0.9300|2:1.0300|3:0.9400|4:0.9500|5:1.1000|6:0.8200|,Mustafa Çelik:4:53784|Songül Şimşek:6:20777,2101724,8,198450,1883,31,34.04917170235495,34.07446217406702,none,201125
Dengeli,22,1943,2016,6,1364,1153,211,5696,89,38,0,0,194,3147705,2088638,1042009,376500,81660,90021,113850,0,536,379442,140446,-553156,0,693602,693602,965052,17940174,123547,0,1409032,2240722,0,4.0,0.0,2.0,1.0,1.0,656.5454546,685.6818179999999,442.136364,438.4015152,659.6363637666667,1.499939,23.785791266666667,1.0,1.0,1.0,1.0,none,0:1.0500|1:0.9300|2:1.0300|3:0.9400|4:0.9500|5:1.1000|6:0.8200|,Mustafa Çelik:4:53784|Songül Şimşek:6:20777,2153682,8,209475,1914,30,33.103769254107355,32.657158632014074,none,169967
Dengeli,22,1974,2016,7,1272,1069,203,5255,100,30,0,0,191,3085490,2025607,1045719,401050,87172,93673,118482,0,0,345342,-191172,-1098311,67390,839749,672483,837834,16817525,123547,0,1429979,2432043,0,4.0,0.0,2.0,1.0,1.0,673.4164219354839,692.045455,448.409091,445.17888558064516,669.9325512903226,1.510601,21.288399032258067,1.0,1.0,1.0,1.0,none,0:1.0500|1:0.9300|2:1.0300|3:0.9400|4:0.9500|5:1.1000|6:0.8200|,Mustafa Çelik:4:56590|Songül Şimşek:6:21863,2046114,8,209475,1944,31,33.89150507698939,33.412807232823994,none,135867
Dengeli,22,2005,2016,8,1385,1165,220,5698,118,29,0,0,194,3232214,2088384,1124681,401450,87172,94356,119350,0,738,421615,686878,-121437,66411,741904,909170,945494,16572607,123547,0,1450926,2432043,0,4.0,0.0,2.0,1.0,1.0,673.4164219354839,696.590909,434.409091,438.8401759032258,671.9486803870968,1.521698,21.851952677419355,1.0,1.0,1.0,1.0,none,0:1.0500|1:0.9300|2:1.0300|3:0.9400|4:0.9500|5:1.1000|6:0.8200|,Mustafa Çelik:4:56590|Songül Şimşek:6:21863,2086120,8,209475,1975,31,34.795994324633206,35.49175861327329,none,212140
Dengeli,22,2035,2016,9,1320,1114,206,5624,106,63,0,0,183,3543115,2347737,1177940,388500,84360,92002,101160,0,415,511503,958787,142038,65417,751332,751332,1136912,16754264,123547,0,1471873,2353590,0,4.0,0.0,2.0,1.0,1.0,677.2196969,702.272727,453.545455,448.09090906666665,677.6803030333334,1.5328759999999997,23.250433633333333,1.0,1.0,1.0,1.0,none,0:1.0500|1:0.9300|2:1.0300|3:0.9400|4:0.9500|5:1.1000|6:0.8200|,Mustafa Çelik:4:56590|Songül Şimşek:6:21863,2395940,8,209475,2006,30,33.245886740904545,33.028313104872424,none,302028
Dengeli,22,2066,2016,10,1249,1051,198,4944,117,44,0,0,181,3241580,2119973,1106063,401450,87172,95750,105276,0,452,415963,662662,-327380,64409,925633,925633,921230,16183220,123547,0,1492820,2432043,0,4.0,0.0,2.0,1.0,1.0,690.6378298709677,706.1363640000001,454.954545,453.1202346451613,683.8284458064516,1.543772,21.443832838709678,1.0,1.0,1.0,1.0,none,0:1.0500|1:0.9300|2:1.0300|3:0.9400|4:0.9500|5:1.1000|6:0.8200|,Mustafa Çelik:4:56590|Songül Şimşek:6:21863,2128172,8,209475,2036,31,34.12110760801831,34.12545254218127,none,206488
Dengeli,22,2096,2016,11,1265,1049,216,4986,135,51,0,0,188,3291815,2150792,1125467,388500,84360,93322,102630,0,433,456222,1036573,203441,63387,769745,769745,985538,16407829,123547,0,1513767,2353590,0,4.0,0.0,2.0,1.0,1.0,690.7803029,712.272727,450.181818,451.54696966666666,688.8242424666666,1.555113,21.391261866666664,1.0,1.0,1.0,1.0,none,0:1.0500|1:0.9300|2:1.0300|3:0.9400|4:0.9500|5:1.1000|6:0.8200|,Mustafa Çelik:4:56590|Songül Şimşek:6:21863,2141680,8,209475,2067,30,34.189861823948185,34.829957352566545,none,246747
Dengeli,22,2127,2016,12,1308,1113,195,5233,124,74,0,0,160,3618515,2361883,1237454,401450,87172,97115,117490,0,367,533860,1364006,577899,0,786107,786107,1034160,17151118,133301,0,1536368,2438670,0,4.0,0.0,2.0,1.0,1.0,693.4897361290322,716.1363640000001,452.363636,451.73753667741937,693.2492669032258,1.566167,22.473387129032258,1.0,1.0,1.0,1.0,none,0:1.0500|1:0.9300|2:1.0300|3:0.9400|4:0.9500|5:1.1000|6:0.8200|,Mustafa Çelik:4:56590|Songül Şimşek:6:21863,2371614,8,226012,2097,31,34.19784082696908,34.769959462553274,none,307848
Dengeli,22,2158,2017,1,1210,980,230,4696,131,63,0,0,199,3385468,2214009,1151747,292050,62705,97845,118358,0,424,580365,715117,-313101,63596,964622,964622,1130278,16780687,133301,0,1558969,2637480,0,3.161290322580645,0.0,2.0,0.16129032258064516,1.0,703.4237536451614,722.5,460.81818200000004,457.35337248387094,698.678885483871,1.577672,20.734773387096773,1.0,1.0,1.0,1.0,none,0:1.0500|1:0.9300|2:1.0300|3:0.9400|4:0.9500|5:1.1000|6:0.8200|,Mustafa Çelik:4:61371|Songül Şimşek:6:23709,2295786,8,226012,2128,31,34.02031860883045,34.48924924527677,none,354353
Dengeli,22,2186,2017,2,1078,894,184,4116,106,60,0,0,160,3068045,2003006,1044271,242200,51660,89497,108248,0,647,552019,715885,-130066,62672,783279,783279,925270,16389852,133301,0,1581570,2382240,0,3.0,0.0,2.0,0.0,1.0,709.42370125,731.5909089999999,464.272727,461.84902585714286,708.7175323928572,1.597686,21.802475821428573,1.0,1.0,1.0,1.0,none,0:1.0500|1:0.9300|2:1.0300|3:0.9400|4:0.9500|5:1.1000|6:0.8200|,Mustafa Çelik:4:61371|Songül Şimşek:6:23709,2018770,8,226012,2159,28,34.037017058094,34.5563552243949,none,326007
Dengeli,22,2217,2017,3,1190,949,241,4462,132,37,0,0,208,3120980,2021334,1086575,268150,57195,100233,110205,0,501,550291,739329,-92307,61734,769902,769902,925158,16177021,133301,0,1604171,2637480,0,3.0,0.0,2.0,0.0,1.0,725.6524926451613,739.772727,474.954545,470.4662756451613,715.5762462903226,1.61598,20.131448419354836,1.0,1.0,1.0,1.0,none,0:1.0500|1:0.9300|2:1.0300|3:0.9400|4:0.9500|5:1.1000|6:0.8200|,Mustafa Çelik:4:61371|Songül Şimşek:6:23709,2077920,8,226012,2187,31,34.8151862555992,34.54793447085294,none,324279
Dengeli,22,2247,2017,4,1214,999,215,4704,121,38,0,0,182,3339430,2200204,1115761,259500,55350,98230,108000,0,559,594122,942485,-106227,60783,987929,793284,968138,16272205,133301,0,1626772,2552400,0,3.0,0.0,2.0,0.0,1.0,726.2727272666667,749.3181820000001,480.136364,477.3833333666667,722.6136364333332,1.636479,20.909962833333335,1.0,1.0,1.0,1.0,none,0:1.0500|1:0.9300|2:1.0300|3:0.9400|4:0.9500|5:1.1000|6:0.8200|,Mustafa Çelik:4:61371|Songül Şimşek:6:23709,2192614,8,226012,2218,30,33.41171996418551,33.890349179571,none,368110
Dengeli,22,2278,2017,5,1257,1015,242,4509,158,27,0,0,209,3216925,2055004,1139900,268150,57195,102745,112964,0,452,598394,1406631,508213,59818,838600,1033245,930554,16423918,133301,0,1649373,2637480,0,3.0,0.0,2.0,0.0,1.0,746.5249266451613,758.6363640000001,477.227273,477.7844574516129,733.1774192258064,1.656565,19.191665967741937,1.0,1.0,1.0,1.0,none,0:1.0500|1:0.9300|2:1.0300|3:0.9400|4:0.9500|5:1.1000|6:0.8200|,Mustafa Çelik:4:61371|Songül Şimşek:6:23709,2112806,8,226012,2248,31,35.434459926793444,36.07349788778908,none,372382
Dengeli,22,2308,2017,6,1247,1042,205,4946,76,41,0,0,191,3159370,2021693,1117138,259500,55350,100691,127320,0,529,573748,900039,108932,0,791107,791107,933368,16600357,144680,0,1673903,2559689,0,3.0,0.0,2.0,0.0,1.0,745.9318183666667,767.727273,481.73030273333336,479.71515153333337,745.4833333666667,1.677579,21.1610468,1.0,1.0,1.0035714,0.9989285999999999,0,0:1.0500|1:0.9300|2:1.0300|3:0.9400|4:0.9500|5:1.1000|6:0.8200|,Mustafa Çelik:4:61371|Songül Şimşek:6:23709,2053470,8,245306,2279,30,35.3595178785644,35.41898993018471,none|0,328442
Dengeli,22,2339,2017,7,1291,1054,237,5157,84,16,0,0,213,3261004,2139539,1105690,289150,62062,105319,133176,0,452,515531,-389067,-1418774,84022,945685,945685,1057992,15247002,144680,0,1698433,2863439,0,3.0,0.0,2.0,0.0,1.0,755.9457478709677,777.045455,510.84310825806455,497.4486803225806,751.0850439999999,1.698169,21.410570903225807,1.0,1.0,1.2183179999999998,0.9345045806451613,0,0:1.0500|1:0.9200|2:1.0300|3:0.9300|4:0.9400|5:1.1000|6:0.8200|,Mustafa Çelik:4:66629|Songül Şimşek:6:25740,2218896,8,245306,2309,31,33.90642881762795,32.42331083985933,0,270225
Dengeli,22,2370,2017,8,1365,1136,229,5919,125,27,0,0,207,3933323,2687347,1224905,289850,62062,106653,134881,0,1778,629681,-4855976,-5740765,82975,801814,801814,1287372,9719147,144680,0,1722963,2863439,0,3.0,0.0,2.0,0.0,1.0,751.818182,787.045455,519.681818,515.5278593225806,747.6642228709677,1.719711,23.769614935483872,1.0,1.0,1.25,0.925,0,0:1.0500|1:0.9100|2:1.0300|3:0.9200|4:0.9300|5:1.1000|6:0.8200|,Mustafa Çelik:4:66629|Songül Şimşek:6:25740,2676162,8,245306,2340,31,31.141734355403816,30.8766626769343,0,384375
Dengeli,22,2400,2017,9,1256,1042,214,4816,123,44,0,0,195,3581425,2473969,1067135,280500,60060,104533,114930,0,1536,505576,169288,-723843,81906,811225,811225,1329132,8914067,144680,0,1747493,2771070,0,3.0,0.0,2.0,0.0,1.0,763.6060607666666,797.727273,530.0,525.3924243333333,760.8045454,1.741526,21.82362893333333,1.0,1.0,1.25,0.925,0,0:1.0500|1:0.9250|2:1.0300|3:0.9350|4:0.9450|5:1.1000|6:0.8200|,Mustafa Çelik:4:66629|Songül Şimşek:6:25740,2525828,8,245306,2371,30,29.79637993256874,30.59248384332155,0,260270
Dengeli,22,2431,2017,10,1285,1061,224,4918,163,49,0,0,190,3549470,2424839,1101701,289850,62062,109351,120218,0,1047,519173,-94642,-1263846,160519,1008685,1008685,1065212,7212552,144680,0,1772023,2863439,0,3.0,0.0,2.0,0.0,1.0,786.4736069354839,806.818182,542.954545,537.8489736451613,777.5425219677419,1.762901,20.66372393548387,1.0,1.0,1.25,0.925,0,0:1.0500|1:0.9300|2:1.0300|3:0.9400|4:0.9500|5:1.1000|6:0.8200|,Mustafa Çelik:4:66629|Songül Şimşek:6:25740,2501324,8,245306,2401,31,31.038464897576258,30.963411840908755,0,273867
Dengeli,22,2461,2017,11,1189,993,196,4638,128,36,0,0,170,3492320,2396515,1065263,280500,60060,107173,117840,0,499,499191,-255565,-1047506,0,791941,791941,1134468,6294388,144680,0,1796553,2771070,0,3.0,0.0,2.0,0.0,1.0,800.1287880666666,817.272727,555.090909,549.6909090666667,791.2833333666666,1.785264,20.466716533333333,1.0,1.0,1.25,0.925,0,0:1.0500|1:0.9300|2:1.0300|3:0.9400|4:0.9500|5:1.1000|6:0.8200|,Mustafa Çelik:4:66629|Songül Şimşek:6:25740,2451116,8,245306,2432,30,30.503018051037706,30.62480474658913,0,253885
Dengeli,22,2492,2017,12,1262,1041,221,4774,210,67,0,0,175,4031450,2805794,1197105,289850,62062,112080,135563,0,0,597550,364575,-728130,83410,1009295,809933,1199682,5823401,154434,0,1822737,2869951,0,3.0,0.0,2.0,0.0,1.0,808.548387032258,827.272727,561.5322578709678,558.3680351290323,801.0322580967742,1.807175,20.296065774193547,0.9580645161290322,0.9580645161290322,1.2479032258064517,0.897454870967742,1,0:1.0500|1:0.9300|2:1.0300|3:0.9400|4:0.9500|5:1.1000|6:0.8200|,Mustafa Çelik:4:66629|Songül Şimşek:6:25740,2846066,8,261844,2462,31,29.694154708603605,30.550568540239414,0|1,335706
Dengeli,22,2523,2018,1,1106,871,235,4124,212,27,0,0,183,3669905,2555779,1085762,307850,66247,113498,137299,0,3449,457419,-574014,-1470558,88856,807688,1007050,1233880,4133364,154434,0,1848921,3065311,0,3.0,0.0,2.0,0.0,1.0,823.8636363548387,837.5,569.2976539354838,565.8739003225807,810.3680351935484,1.8301,19.154625516129034,0.9,0.9,1.2266666774193549,0.7907742903225806,1,0:1.0500|1:0.9300|2:1.0300|3:0.9400|4:0.9500|5:1.1000|6:0.8200|,Mustafa Çelik:4:71326|Songül Şimşek:6:27555,2606892,8,261844,2493,31,29.585561479111856,30.89904338364476,1,195575
Dengeli,22,2551,2018,2,1015,797,218,3749,174,45,0,0,176,3320465,2271418,1029822,278600,59836,103579,125300,0,4285,458222,35667,-901562,87885,849344,849344,1220950,3142317,154434,0,1875105,2768668,0,3.0,0.0,2.0,0.0,1.0,825.9740259285715,846.5909089999999,556.0113636428571,560.6493505714286,819.8425323928572,1.849195,20.458091607142855,0.9,0.9,1.2020833214285713,0.8,1,0:1.0500|1:0.9300|2:1.0300|3:0.9400|4:0.9500|5:1.1000|6:0.8200|,Mustafa Çelik:4:71326|Songül Şimşek:6:27555,2274250,8,261844,2524,28,31.01439105667429,32.6841588005408,1,196378
Dengeli,22,2582,2018,3,1167,930,237,4300,192,36,0,0,202,3450245,2328423,1093670,308450,66247,115762,127317,0,2092,473802,39960,-864288,65168,839080,839080,1031186,2011636,154434,0,1901289,3065311,0,3.0,0.0,2.0,0.0,1.0,831.9354836774194,854.318182,564.8181818387096,562.0058649032259,828.9604105161291,1.866614,20.530372967741936,0.9,0.9,1.1775,0.8,1,0:1.0500|1:0.9300|2:1.0300|3:0.9400|4:0.9500|5:1.1000|6:0.8200|,Mustafa Çelik:4:71326|Songül Şimşek:6:27555,2369378,8,261844,2552,31,31.698328669413332,32.10793469921085,1,211958
Dengeli,22,2612,2018,4,1142,929,213,4206,183,29,0,0,189,3467560,2325680,1114841,298500,64110,113198,124470,0,1183,513380,420049,-756602,85377,1091274,1091274,1068084,224981,154434,0,1927473,2966430,0,3.0,0.0,2.0,0.0,1.0,845.0075760333333,863.863636,566.4409091333333,564.8303030999999,841.9590909333333,1.886091,20.65161506666667,0.9,0.9,1.1520833333333333,0.8,1,0:1.0500|1:0.9300|2:1.0300|3:0.9400|4:0.9500|5:1.1000|6:0.8200|,Mustafa Çelik:4:71326|Songül Şimşek:6:27555,2402850,8,261844,2583,30,32.150590040258855,32.96617389013933,1,251536
Dengeli,22,2643,2018,5,1195,955,240,4331,188,33,0,0,209,3518800,2326233,1171623,308450,66247,118150,129921,0,2594,546261,929995,14889,0,915106,915106,983360,246564,154434,0,1953657,3065311,0,3.0,0.0,2.0,0.0,1.0,854.0029326129032,871.590909,566.0806451612904,565.340175967742,847.6085043548387,1.905133,19.788546032258065,0.9,0.9,1.126666677419355,0.8,1,0:1.0500|1:0.9300|2:1.0300|3:0.9400|4:0.9500|5:1.1000|6:0.8200|,Mustafa Çelik:4:71326|Songül Şimşek:6:27555,2283408,8,261844,2613,31,33.29609525974764,33.714437791295076,1,284417
Dengeli,22,2673,2018,6,1178,901,277,4233,146,131,0,0,216,3179013,2105649,1045957,298500,64110,115539,146100,0,75798,345910,435524,-435611,0,871135,838026,546802,-3889,0,0,1815957,2973492,0,3.0,0.0,2.0,0.0,1.0,855.6287877333333,880.909091,568.9075756999999,567.4515149333333,851.2454546,1.925011,20.237064266666668,0.9,0.9,1.10125,0.8,1,0:1.0500|1:0.9300|2:1.0300|3:0.9400|4:0.9500|5:1.1000|6:0.8200|,Mustafa Çelik:4:71326|Songül Şimşek:6:27555,1620426,8,0,2644,30,32.90194157746445,33.5100006152076,1,345910
Dengeli,22,2704,2018,7,865,122,743,445,29,1732,0,0,22,565609,374757,190852,329450,71145,120599,152489,0,183110,-665941,-9315106,-9955395,0,640289,96908,460678,-7911971,0,0,1678257,3284233,0,3.0,0.0,2.0,0.0,1.0,870.0659825483871,889.772727,584.5674486451612,567.8636359999999,860.4970674516129,1.944446,7.356776322580646,0.9,0.9,1.0758333225806451,0.8,1,0:1.0500|1:0.9300|2:1.0300|3:0.9400|4:0.9500|5:1.1000|6:0.8200|,Mustafa Çelik:4:76420|Songül Şimşek:6:29522,0,8,0,2674,31,33.74274454614407,32.813434800313935,1,-665941
Dengeli,22,2735,2018,8,806,0,806,0,0,1781,0,0,0,2945,0,2945,330150,71145,121840,154101,0,207703,-881994,-13345244,-13386460,0,41216,0,460678,-20469683,0,0,1540557,3284233,0,3.0,0.0,2.0,0.0,1.0,875.6671555806452,899.090909,618.633431,567.8636359999999,868.1466276451613,1.964735,5.0,0.9,0.9,1.0499999999999998,0.8,1,0:1.0500|1:0.9300|2:1.0300|3:0.9400|4:0.9500|5:1.1000|6:0.8200|,Mustafa Çelik:4:76420|Songül Şimşek:6:29522,0,3,0,2705,31,100.0,29.35290229199118,1,-881994
Dengeli,22,2765,2018,9,1257,815,442,4786,85,568,0,0,192,3674312,2972452,672812,319500,68850,119141,131040,0,48889,-14608,-2053922,-2057753,0,3831,1052328,0,2966890,110542,0,1513399,741601,0,3.0,0.0,2.0,0.0,1.0,816.2045454333334,908.1818179999999,647.6696969333333,627.7848484333333,813.5848482666667,1.985235,20.430353266666668,0.9,0.9,1.0245833333333334,0.8,1,0:1.0500|1:0.9000|2:1.0300|3:0.9100|4:0.9200|5:1.1000|6:0.8200|,Mustafa Çelik:4:76420|Songül Şimşek:6:29522,3974068,1,187425,2736,30,18.31123758679176,20.648604500299957,1,-202033
Dengeli,22,2796,2018,10,1658,1346,312,6755,150,91,0,0,291,5297880,4261716,1003736,330150,71145,124382,136772,0,291,340996,192420,149745,0,42675,42675,0,3090509,110542,0,1486241,0,0,3.0,0.0,2.0,0.0,1.0,807.8738998709678,916.818182,644.480938516129,645.3504398709678,805.4076247741936,2.005278,30.691478483870966,0.9,0.9,1.0028225806451612,0.8,1,0:1.0500|1:0.8900|2:1.0300|3:0.9000|4:0.9100|5:1.1000|6:0.8200|,,4320270,1,187425,2766,31,18.945993491736317,20.225057571600672,1,153571
Dengeli,22,2826,2018,11,1628,1310,318,7260,99,90,0,2,286,5570670,4381085,1159752,319500,68850,121601,133740,0,1478,514583,437382,364582,0,72800,72800,2014494,5562533,110542,0,1459083,0,0,3.0,0.0,2.0,0.0,1.0,810.5757572,927.045455,630.8833333,634.5378787999999,813.4939393333334,2.026201,32.1473419,0.9433333333333334,0.9433333333333334,1.0,0.8173333333333334,none,0:1.0500|1:0.8900|2:1.0300|3:0.9000|4:0.9100|5:1.1000|6:0.8200|,,4317970,1,187425,2797,30,20.818896111239763,22.168492248117285,1|none,327158
Dengeli,22,2857,2018,12,1663,1308,355,6956,109,90,0,0,332,5729124,4407738,1297513,330150,71145,126926,153543,0,5862,609887,594606,502654,0,91952,91952,1906766,5891224,117045,0,1430328,0,0,3.0,0.0,2.0,0.0,1.0,826.7668623225806,936.590909,634.7829911935484,634.0087976129032,822.196481032258,2.046658,30.916869903225805,1.0,1.0,1.0,0.9670967741935484,none,0:1.0500|1:0.9000|2:1.0300|3:0.9100|4:0.9200|5:1.1000|6:0.8200|,,4497846,1,198450,2827,31,22.647668299726103,23.22104088566211,none,411437
Dengeli,22,2888,2019,1,1739,1393,346,7779,122,135,0,2,315,6677180,5261470,1380104,348150,75330,128250,155155,0,4489,668730,521301,435236,0,86065,86065,2370710,6820230,117045,0,1401573,0,0,3.0,0.0,2.0,0.0,1.0,829.5674489354838,946.3636359999999,655.2771260967742,650.813782967742,830.303519,2.068013,31.09523729032258,1.0,1.0,1.0,1.0,2,0:1.0500|1:0.9100|2:1.0300|3:0.9200|4:0.9300|5:1.1000|6:0.8200|,,5267250,1,198450,2858,31,20.668965042128562,21.009783238525348,none|2,470280
Dengeli,22,2916,2019,2,1521,1227,294,7197,134,127,0,9,257,6835260,5354943,1455173,315000,68040,116790,141260,0,10908,803175,585265,483702,0,101563,101563,2204026,7121093,117045,0,1372818,0,0,3.0,0.0,2.0,0.0,1.0,830.2272729999999,954.0909089999999,645.9431817857143,647.5292207499999,836.5860387857143,2.084821,32.05801267857143,1.0,1.0,1.0,1.0,2,0:1.0500|1:0.9150|2:1.0300|3:0.9250|4:0.9350|5:1.1000|6:0.8200|,,5396242,1,198450,2889,28,21.28921211482811,22.196824557254168,2,604725
Dengeli,22,2947,2019,3,1370,1114,256,6505,65,53,0,0,237,5239110,4085666,1132226,348750,75330,130234,143220,0,9149,425543,205393,-447166,575341,77218,65424,1856016,6167626,117045,0,1344063,0,0,3.0,0.0,2.0,0.0,1.0,846.165689516129,962.045455,661.7228738709678,657.4486803870968,845.4545454516128,2.10012,32.17734667741936,1.0,1.0,1.0,1.0,2,0:1.0500|1:0.9150|2:1.0300|3:0.9250|4:0.9350|5:1.1000|6:0.8200|,,4199908,1,198450,2917,31,21.61103698910693,21.79748221068062,2,227093
Dengeli,22,2977,2019,4,1219,976,243,5472,80,43,0,0,228,4629245,3613273,988703,337500,72900,127054,139740,0,7084,304425,84795,-547314,573607,58502,70296,1741988,5430703,117045,0,1315308,0,0,3.0,0.0,2.0,0.0,1.0,854.545455,969.090909,669.9560606,666.9181817666666,851.4469699999999,2.117189,31.564769433333332,1.0,1.0,1.0,1.0,2,0:1.0500|1:0.9300|2:1.0300|3:0.9400|4:0.9500|5:1.1000|6:0.8200|,,3625534,1,198450,2948,30,21.357759202634554,21.600886567233566,2,105975
Dengeli,22,3008,2019,5,1540,1245,295,7518,102,73,0,0,272,6439470,5017692,1378979,348750,75330,132342,145514,0,15262,661781,671076,14258,571834,84984,84984,2381116,5994370,117045,0,1286553,0,0,3.0,0.0,2.0,0.0,1.0,855.1173023548387,976.590909,662.6378299032258,664.6158358709678,857.6935486129032,2.13384,33.4924135483871,1.0,1.0,1.0,1.0,2,0:1.0500|1:0.9300|2:1.0300|3:0.9400|4:0.9500|5:1.1000|6:0.8200|,,5069642,1,198450,2978,31,21.414479763086092,22.509130843401152,2,463331
Dengeli,22,3038,2019,6,1424,1149,275,7272,95,20,0,0,265,5488910,4313353,1145646,337500,72900,129094,163260,0,9153,433739,294852,-361495,570021,86326,78267,2043438,5148901,123547,0,1256200,0,0,3.0,0.0,2.0,0.0,1.0,868.3787880666666,984.3181820000001,691.5742424333333,684.0030303,865.0727275,2.151183,32.93289146666667,1.0,1.0,1.0,1.0,2,0:1.0500|1:0.9300|2:1.0300|3:0.9400|4:0.9500|5:1.1000|6:0.8200|,,4415238,1,209475,3009,30,20.872012840436444,20.360302216382532,2,224264
Dengeli,22,3069,2019,7,1488,1223,265,7581,87,30,0,0,261,5806830,4499093,1287615,366750,79515,134451,170035,0,8147,528717,388927,-265481,568168,86240,94299,1861854,4735900,123547,0,1225847,0,0,3.0,0.0,2.0,0.0,1.0,874.545455,992.5,676.9912023548387,680.8533724193549,871.9853375806451,2.1681009999999996,33.209210322580645,1.0,1.0,1.0,1.0,2,0:1.0500|1:0.9300|2:1.0300|3:0.9400|4:0.9500|5:1.1000|6:0.8200|,,4392858,1,209475,3039,31,22.174146651443213,22.589363596333737,2,319242
Dengeli,22,3100,2019,8,1526,1192,334,7616,108,58,0,3,320,5662070,4390465,1220721,367350,79515,135537,171430,0,7454,459435,227361,-412112,566272,73201,73201,1993842,4333543,123547,0,1195494,0,0,3.0,0.0,2.0,0.0,1.0,874.545455,1000.909091,681.7287389677418,680.4486803548388,879.4340172903226,2.185722,33.70687148387097,1.0,1.0,1.0,1.0,2,0:1.0500|1:0.9300|2:1.0300|3:0.9400|4:0.9500|5:1.1000|6:0.8200|,,4477452,1,209475,3070,31,21.559623953783685,22.047649430898723,2,249960
Dengeli,22,3130,2019,9,1412,1123,289,6738,97,68,0,0,270,5795626,4498627,1257292,355500,76950,132245,145440,0,6153,541004,309509,-345565,564334,90740,90740,2120284,3954766,123547,0,1165141,0,0,3.0,0.0,2.0,0.0,1.0,891.9015151666666,1008.863636,694.7772726999999,691.3863636666666,886.7606062,2.203487,32.089133233333335,1.0,1.0,1.0,1.0,2,0:1.0500|1:0.9300|2:1.0300|3:0.9400|4:0.9500|5:1.1000|6:0.8200|,,4609920,1,209475,3101,30,21.693808399644837,22.10157053380841,2,331529
Dengeli,22,3161,2019,10,1450,1180,270,6780,84,76,0,0,250,5795783,4542946,1214552,367350,79515,137738,151466,0,8988,469495,237080,-395776,562353,70503,70503,2092036,3473206,123547,0,1134788,0,0,3.0,0.0,2.0,0.0,1.0,896.7155427419355,1016.1363640000001,705.7785923548388,702.3768329032257,892.8431083548387,2.220816,32.54747396774194,1.0,1.0,1.0,1.0,2,0:1.0500|1:0.9300|2:1.0300|3:0.9400|4:0.9500|5:1.1000|6:0.8200|,,4548718,1,209475,3131,31,20.95578802726051,21.29292303814189,2,260020
Dengeli,22,3191,2019,11,1333,1037,296,6635,75,74,0,0,276,5849981,4647993,1164007,355500,76950,134375,147780,0,5681,443721,241847,-387789,560327,69309,69309,1900806,2688980,123547,0,1104435,0,0,3.0,0.0,2.0,0.0,1.0,901.2045454,1024.545455,718.1212121666666,714.9924243666667,900.3515149,2.238867,32.78201936666667,1.0,1.0,1.0,1.0,2,0:1.0500|1:0.9300|2:1.0300|3:0.9400|4:0.9500|5:1.1000|6:0.8200|,,4799106,1,209475,3162,30,19.89762018030486,20.31540277596711,2,234246
Dengeli,22,3222,2019,12,1157,921,236,5240,113,60,0,0,223,5077504,4033799,1019286,367350,79515,139940,169291,0,7447,255743,178868,-455600,558255,76213,76213,1857736,2138303,135469,0,1071154,0,0,3.0,0.0,2.0,0.0,1.0,915.4472141612903,1032.954545,724.9486803870968,722.1070381612903,907.856304967742,2.256474,31.362886161290323,1.0,1.0,1.0,1.0,2,0:1.0500|1:0.9300|2:1.0300|3:0.9400|4:0.9500|5:1.1000|6:0.8200|,,4016078,1,229687,3192,31,20.074548439548252,20.809341142484488,2,26056
Dengeli,22,3253,2020,1,1387,1046,341,5965,100,102,0,0,312,5905667,4688317,1172232,400350,87172,141121,170655,0,7237,365697,179678,-1004790,1110108,74360,74360,2166716,1256316,135469,0,1037873,0,0,3.0,0.0,2.0,0.0,1.0,921.0557188709677,1040.681818,728.9164222580646,727.2639296451613,914.583577935484,2.274814,30.658604806451613,1.0,1.0,1.0,1.0,2,0:1.0500|1:0.9300|2:1.0300|3:0.9400|4:0.9500|5:1.1000|6:0.8200|,,4724916,1,229687,3223,31,19.849273587555817,20.860767994408405,2,136010
Dengeli,22,3282,2020,2,1123,827,296,5013,86,50,0,0,279,5026706,3995480,993539,375550,81548,134076,162139,0,6315,233911,117304,58133,0,59171,59171,1898204,950974,135469,0,1004592,0,0,3.0,0.0,2.0,0.0,1.0,934.529781,1057.5,740.8949843793104,737.2053292413793,929.4122261034482,2.310313,30.624047103448273,1.0,1.0,1.0,1.0,2,0:1.0500|1:0.9300|2:1.0300|3:0.9400|4:0.9500|5:1.1000|6:0.8200|,,4128130,1,229687,3254,29,19.765210060027382,20.720024183016335,2,4224
Dengeli,22,3313,2020,3,1141,873,268,5133,74,22,0,0,261,4934995,3882701,1027136,401450,87172,145401,159867,0,43572,189674,303016,-332249,551756,83509,83509,1181122,50882,0,0,835842,0,0,3.0,0.0,2.0,0.0,1.0,943.3431088709677,1072.954545,741.9442814838709,740.8049852580646,941.7375368064517,2.344024,32.19764732258064,1.0,1.0,1.0,1.0,2,0:1.0500|1:0.9300|2:1.0300|3:0.9400|4:0.9500|5:1.1000|6:0.8200|,,3677546,1,0,3283,31,20.81331389393505,21.349477776769824,2,189674
Dengeli,22,3343,2020,4,1363,716,647,4054,66,1160,0,0,209,3750479,2921679,817463,388500,84360,142902,157110,0,139787,-95196,-119016,-803614,549932,134666,75898,751660,-226598,0,0,667092,0,0,3.0,0.0,2.0,0.0,1.0,958.6742423,1090.0,757.4,749.8560606,958.1348486999999,2.380603,24.6872221,1.0,1.0,1.0,1.0,none,0:1.0500|1:0.9300|2:1.0300|3:0.9400|4:0.9500|5:1.1000|6:0.8200|,,1961488,1,0,3314,30,21.796229228319902,20.995061035238997,2|none,-95196
Dengeli,22,3374,2020,5,900,0,900,0,0,2010,0,0,0,3625,0,3625,401450,87172,149899,164796,0,20718,-820410,-845396,-845685,0,289,0,751660,-1054121,0,0,498342,0,0,3.0,0.0,2.0,0.0,1.0,973.6290318387098,1106.363636,810.0249268064516,751.590909,972.0278592258065,2.416546,5.172611967741935,1.0,1.0,1.0,1.0,none,0:1.0500|1:0.9300|2:1.0300|3:0.9400|4:0.9500|5:1.1000|6:0.8200|,,0,1,0,3344,31,100.0,16.803536016514414,none,-820410
Dengeli,22,3404,2020,6,1001,295,706,2004,33,1325,0,0,93,1617990,1351345,256084,388500,84360,147344,186270,0,33467,-583857,-849701,-849799,0,98,95356,0,3227786,149557,0,461599,0,0,3.0,0.0,2.0,0.0,1.0,987.9166667666667,1123.6363640000002,837.7560605,779.5712121,987.5424244,2.454257,9.692852433333334,1.0,1.0,1.0,1.0,none,0:1.0500|1:0.9200|2:1.0300|3:0.9300|4:0.9400|5:1.1000|6:0.8200|,,2722884,1,253575,3375,30,15.827291886847261,15.199723956285146,none,-837432
Dengeli,22,3435,2020,7,1631,1253,378,7435,68,41,0,0,370,6235634,5140364,1065674,440450,96255,154550,195393,0,9446,169580,-53670,-53670,0,0,0,0,3247640,149557,0,424856,0,0,3.0,0.0,2.0,0.0,1.0,996.5175950322581,1140.681818,822.6070381935484,823.4999999032258,1001.2155427096774,2.491312,30.485034322580645,0.9790322580645161,0.9790322580645161,1.0,0.9865207419354838,3,0:1.0500|1:0.8900|2:1.0300|3:0.9000|4:0.9100|5:1.1000|6:0.8200|,,5096436,1,253575,3405,31,17.090066543353892,17.451830023440785,none|3,-83995
Dengeli,22,3466,2020,8,1553,1187,366,6130,71,31,0,0,354,5537289,4413776,1080246,441750,96255,156939,198431,0,10220,176651,-122034,-193720,0,71686,71686,982052,4056261,149557,0,388113,0,0,3.0,0.0,2.0,0.0,1.0,1017.3900293225806,1158.409091,812.7697946451614,815.1392961612903,1017.5102639032258,2.5301889999999996,27.233139387096774,0.95,0.95,1.0,0.9251728064516129,3,0:1.0500|1:0.8900|2:1.0300|3:0.9000|4:0.9100|5:1.1000|6:0.8200|,,4436754,1,253575,3436,31,19.508571793886865,20.112270494105754,3,-76924
Dengeli,22,3496,2020,9,1451,1118,333,6022,104,57,0,0,314,6154967,4835009,1272855,427500,93150,154248,169590,0,12041,416326,212947,128126,0,84821,84821,2310532,5508893,149557,0,351370,0,0,3.0,0.0,2.0,0.0,1.0,1032.9545456,1176.3636359999998,808.5227272666667,810.6530302666666,1032.7818181333334,2.569674,27.2519982,0.95,0.95,1.0,0.925,3,0:1.0500|1:0.8900|2:1.0300|3:0.9000|4:0.9100|5:1.1000|6:0.8200|,,4886086,1,253575,3467,30,20.68012712334607,21.72717272888037,3,162751
Dengeli,22,3527,2020,10,1597,1223,374,6027,126,57,0,0,342,6245962,4944024,1265763,441750,96255,161808,177909,0,9384,378657,98143,28678,0,69465,69465,2414532,5687148,149557,0,314627,0,0,3.0,0.0,2.0,0.0,1.0,1053.8636363870967,1193.863636,841.898826967742,833.2844574516129,1048.734604096774,2.608471,26.636363322580646,0.95,0.95,1.0,0.925,3,0:1.0500|1:0.9000|2:1.0300|3:0.9100|4:0.9200|5:1.1000|6:0.8200|,,4934622,1,253575,3497,31,20.265301005673745,20.113115407039004,3,125082
Dengeli,22,3557,2020,11,1491,1123,368,6065,118,61,0,0,342,6155150,4988225,1120586,427500,93150,159020,174840,0,8503,257573,90976,2404,0,88572,88572,2525684,5668590,149557,0,277884,0,0,3.0,0.0,2.0,0.0,1.0,1059.5303027666666,1212.5,858.7454545,853.5166666,1065.6681818333334,2.649177,28.348331433333332,0.95,0.95,1.0,0.925,3,0:1.0500|1:0.9000|2:1.0300|3:0.9100|4:0.9200|5:1.1000|6:0.8200|,,5166678,1,253575,3528,30,18.205665174691113,18.95036392469127,3,3998
Dengeli,22,3588,2020,12,1615,1226,389,6623,160,85,0,0,346,7344447,5888942,1415338,441750,96255,166802,201748,0,20075,488708,342744,64376,194931,83437,83437,2576534,5803056,172316,0,235550,0,0,3.0,0.0,2.0,0.0,1.0,1086.092375064516,1230.909091,866.967742,864.5131965161291,1081.6568912903226,2.689175,27.53545164516129,0.95,0.95,1.0,0.925,3,0:1.0500|1:0.9150|2:1.0300|3:0.9250|4:0.9350|5:1.1000|6:0.8200|,,5892932,1,292162,3558,31,19.27085865007944,20.17550607069676,3,196546
Dengeli,22,3619,2021,1,1545,1146,399,6824,122,101,0,0,371,7686567,6106744,1530449,504750,110887,169445,204879,0,9092,531396,324492,14236,194479,115777,101500,2637158,5897116,172316,0,193216,0,0,3.0,0.0,2.0,0.0,1.0,1093.4604106774193,1250.227273,862.4662756451613,863.4530790322581,1098.7390028064517,2.731141,29.62696948387097,0.95,0.95,1.0,0.925,3,0:1.0500|1:0.9150|2:1.0300|3:0.9250|4:0.9350|5:1.1000|6:0.8200|,,6133806,1,292162,3589,31,19.910696153432344,21.125057000385844,3,239234
Dengeli,22,3647,2021,2,1451,1082,369,5832,103,92,0,0,338,6720986,5226319,1462296,457800,100156,156494,189224,0,12094,546528,228298,-56080,194015,90363,84362,2806688,5891856,172316,0,150882,0,0,3.0,0.0,2.0,0.0,1.0,1134.1558443571428,1278.1818179999998,882.9594156428572,877.1834414642857,1122.1753248214286,2.792682,27.962144107142855,0.95,0.95,1.0,0.925,3,0:1.0500|1:0.9200|2:1.0300|3:0.9300|4:0.9400|5:1.1000|6:0.8200|,,5365548,1,292162,3620,28,21.757164796950924,22.14831673831101,3,254366
Dengeli,22,3653,2021,3,322,241,81,1262,16,9,0,0,78,1369920,1057539,301692,98100,21462,34194,37614,0,3079,107243,101543,101543,0,0,20278,2588696,5800663,0,0,150882,0,0,3.0,0.0,2.0,0.0,1.0,1156.5151516666667,1304.318182,907.5530304999999,888.3939391666667,1146.1666663333333,2.849458,29.339082666666666,0.9499999999999998,0.9499999999999998,1.0,0.9250000000000002,3,0:1.0500|1:0.9200|2:1.0300|3:0.9300|4:0.9400|5:1.1000|6:0.8200|,,1022694,1,0,3648,6,22.02259985984583,21.526922566287595,3,107243
Dengeli,23,25,2011,3,1333,1190,143,5601,233,60,0,0,107,2427015,1802550,614588,171250,38525,50012,55000,0,5000,294801,173526,121868,0,51658,51658,557222,178624,71527,0,12127,0,0,3.0,1.0,2.0,0.0,0.0,450.49090920000003,457.7272730000001,329.16363636,335.00727268,446.881818,1.0,26.97425184,1.0,1.0,1.0,1.0,none,0:1.0000|1:0.9300|2:1.0300|3:0.9400|4:0.9500|5:1.1000|6:0.8200|,,2070684,1,121275,1,25,25.322793637451767,26.932235559527253,none,173526
Dengeli,23,55,2011,4,1666,1533,133,6799,190,89,0,3,112,2845160,2058936,759712,205500,46230,60374,66390,0,10289,370929,249654,168249,0,81405,86644,981080,775393,71527,0,24254,0,0,3.0,1.0,2.0,0.0,0.0,444.0984846666667,459.09090899999995,318.3924242,321.56060603333333,443.76060606666664,1.00592,28.42692783333333,1.0,1.0,1.0,1.0,none,0:1.0000|1:0.9200|2:1.0300|3:0.9300|4:0.9500|5:1.1000|6:0.8200|,,2079432,1,121275,26,30,26.70190780131873,28.30589718427427,none,249654
Dengeli,23,86,2011,5,1699,1561,138,7356,206,74,0,0,109,2991425,2146348,824367,212350,47771,62821,69099,0,4771,427555,306280,196166,0,110114,114885,993038,993697,71527,0,36381,0,0,3.0,1.0,2.0,0.0,0.0,449.816715516129,464.31818200000004,323.89442822580645,322.21847519354844,449.0747799677419,1.01307,29.77106748387097,1.0,1.0,1.0,1.0,none,0:1.0000|1:0.9200|2:1.0300|3:0.9300|4:0.9500|5:1.1000|6:0.8200|,,2154684,1,121275,56,31,27.557669003902824,27.994132487014568,none,306280
Dengeli,23,116,2011,6,1801,1654,147,9034,170,83,0,6,116,3211130,2465857,727082,205500,46230,61245,77460,0,5100,331547,229639,153916,0,75723,75723,1190924,1339321,78030,0,49611,0,0,3.0,1.0,2.0,0.0,0.0,428.63636356666666,466.818182,330.4681818333333,328.66363643333335,417.67575746666665,1.020512,35.601018100000005,1.0,1.0,1.0,1.0,none,0:1.0000|1:0.9050|2:1.0300|3:0.9150|4:0.9500|5:1.1000|6:0.8200|,,2488610,1,132300,87,30,22.642558849999844,22.902439008319245,none,199247
Dengeli,23,147,2011,7,2116,1911,205,10836,129,81,0,22,168,3643145,2853340,768744,224350,50561,63751,80600,0,5150,344332,273039,182290,0,90749,68267,1173754,1542470,78030,0,62841,0,0,3.0,1.0,2.0,0.0,0.0,417.5,470.227273,327.0469209032258,327.9970673870968,412.9266859032258,1.027766,38.71572248387096,1.0,1.0,1.0,1.0,none,0:1.0500|1:0.8950|2:1.0300|3:0.9050|4:0.9500|5:1.1000|6:0.8200|,,2856636,1,132300,117,31,21.10110906922453,21.66540816689203,none,212032
Dengeli,23,178,2011,8,2004,1811,193,10252,127,92,0,20,155,3484820,2712764,752617,224750,50561,64216,81189,0,0,331901,296844,224430,0,72414,94896,1214482,1767163,78030,0,76071,0,0,3.0,1.0,2.0,0.0,0.0,417.954545,474.090909,324.82991193548384,326.016129,417.05278574193545,1.035317,38.96711248387097,1.0,1.0,1.0,1.0,none,0:1.0500|1:0.8950|2:1.0300|3:0.9050|4:0.9500|5:1.1000|6:0.8200|,,2748198,1,132300,148,31,21.597012184273506,22.28104328055965,none,199601
Dengeli,23,208,2011,9,1910,1734,176,9783,183,122,0,11,137,3720285,2907646,788556,217500,48930,62595,68820,0,9806,380905,367868,288803,0,79065,83671,1372152,2217564,78030,0,89301,0,0,3.0,1.0,2.0,0.0,0.0,422.68181853333334,477.272727,332.65303036666666,330.98484836666665,419.5272731333333,1.042922,37.655051,1.0,1.0,1.0,1.0,none,0:1.0500|1:0.9050|2:1.0300|3:0.9150|4:0.9500|5:1.1000|6:0.8200|,,2924684,1,132300,179,30,21.19611803934376,21.2994229274063,none,248605
Dengeli,23,239,2011,10,2010,1812,198,10482,193,131,0,18,146,3990490,3102080,864645,224750,50561,65146,71641,0,5250,447297,314997,200795,0,114202,114202,1423444,2449604,78030,0,102531,0,0,3.0,1.0,2.0,0.0,0.0,426.51026412903224,481.136364,330.369501516129,330.9780058064516,422.83431054838707,1.050335,38.846043838709676,1.0,1.0,1.0,1.0,none,0:1.0500|1:0.9050|2:1.0300|3:0.9150|4:0.9500|5:1.1000|6:0.8200|,,3145796,1,132300,209,31,21.66763981365697,22.541254149939462,none,314997
Dengeli,23,269,2011,11,1907,1724,183,9718,182,157,0,16,129,3866810,2990111,861243,217500,48930,63495,69840,0,6234,455244,322944,225783,0,97161,103395,1392386,2691575,78030,0,115761,0,0,3.0,1.0,2.0,0.0,0.0,427.18181799999996,484.545455,328.9303029,329.37727276666664,427.0818183,1.058051,39.21858493333333,1.0,1.0,1.0,1.0,none,0:1.0500|1:0.9050|2:1.0300|3:0.9150|4:0.9500|5:1.1000|6:0.8200|,,2956530,1,132300,240,30,22.272700236111937,22.999929060651162,none,322944
Dengeli,23,300,2011,12,1967,1759,208,9865,248,159,0,15,147,4175180,3170601,984028,224750,50561,66077,79949,0,12998,549693,411881,302099,0,109782,117430,1324484,2976778,81281,0,129542,0,0,3.0,1.0,2.0,0.0,0.0,431.18768287096776,487.5,325.1026392903226,326.34164225806455,428.5087976451613,1.065572,37.62746812903226,1.0,1.0,1.0,1.0,none,0:1.0500|1:0.9200|2:1.0300|3:0.9300|4:0.9500|5:1.1000|6:0.8200|,,3140394,1,137812,270,31,23.568516806461037,24.602985612738603,none,411881
Dengeli,23,331,2012,1,1933,1711,222,9608,249,169,0,9,158,4193130,3229866,941660,232250,52297,66569,80538,0,0,510006,58428,-61376,0,119804,119804,1367002,11240417,81281,0,143323,0,0,3.0,1.0,2.0,0.0,0.0,437.49266887096775,491.81818200000004,337.1114369032258,334.9838709032258,432.08357758064517,1.0734,38.431234290322585,1.0,1.0,1.0,1.0,none,0:1.0500|1:0.9250|2:1.0300|3:0.9350|4:0.9500|5:1.1000|6:0.8200|,,3329352,1,137812,301,31,22.45720976931314,22.94466607332978,none,372194
Dengeli,23,360,2012,2,1659,1498,161,8354,185,154,0,10,118,3687240,2722010,950773,228300,48923,62623,75777,0,3150,532000,-166945,-257463,0,90518,90518,1148996,10449483,81281,0,157104,0,0,3.8275862068965516,1.0,2.0,0.0,0.8275862068965517,454.4984326206897,494.3181819999999,329.40282124137934,331.54075234482764,459.6896552068966,1.079586,37.66000889655172,1.0,1.0,1.0,1.0,none,0:1.0500|1:0.9300|2:1.0300|3:0.9400|4:0.9500|5:1.1000|6:0.8200|,,2739076,3,137812,332,29,25.78549267202569,27.523881800426643,none,394188
Dengeli,23,391,2012,3,1614,1477,137,7930,202,81,0,0,114,3265400,2316127,930909,196450,41057,67313,74028,0,0,552061,274076,-86111,217847,142340,142340,964366,10018332,81281,0,170885,0,0,3.3548387096774195,0.3548387096774194,2.0,0.0,1.0,472.82258096774194,496.590909,333.7111437096774,332.58797651612906,474.24486806451614,1.085405,34.108157,1.0,1.0,1.0,1.0,none,0:1.0500|1:0.9300|2:1.0300|3:0.9400|4:0.9500|5:1.1000|6:0.8200|,,2320022,3,137812,361,31,28.50826851228027,29.421487648356486,none,414249
Dengeli,23,421,2012,4,1492,1346,146,6801,133,102,0,0,118,2956472,2067548,871269,163500,33750,65502,72060,0,528,535929,677404,401081,107078,169245,169245,908836,10256838,81281,0,184666,0,0,3.0,0.0,2.0,0.0,1.0,474.21969713333334,499.318182,330.75454556666665,331.7015151,479.25757580000004,1.09166,30.471431833333334,1.0,1.0,1.0,1.0,none,0:1.0500|1:0.9300|2:1.0300|3:0.9400|4:0.9500|5:1.1000|6:0.8200|,,2096580,3,137812,392,30,29.469888434593663,30.252887518995124,none,398117
Dengeli,23,452,2012,5,1580,1408,172,7620,163,108,0,0,138,3209370,2159469,1035186,212950,44775,68058,74865,0,22478,612060,434906,96455,105826,232625,232625,928940,10231001,81281,0,198447,0,0,3.3548387096774195,0.0,2.0,0.3548387096774194,1.0,487.54398838709676,502.045455,324.85190619354836,326.8900293225807,483.73900296774195,1.097747,28.51291780645161,1.0,1.0,1.0,1.0,none,0:1.0500|1:0.9300|2:1.0300|3:0.9400|4:0.9500|5:1.1000|6:0.8200|,,2156022,3,137812,422,31,32.255115489955976,33.369723772365596,none,474248
Dengeli,23,482,2012,6,1504,1357,147,7001,142,61,0,0,121,2830530,1910990,909102,283500,60750,66252,83790,0,0,414810,-478537,-733673,104559,150577,150577,941142,9013861,84532,0,212779,0,0,4.0,0.0,2.0,1.0,1.0,490.3181817,505.227273,332.56666673333336,330.35151510000003,484.6712122,1.104074,28.3524281,1.0,1.0,1.0,1.0,none,0:1.0500|1:0.9300|2:1.0300|3:0.9400|4:0.9500|5:1.1000|6:0.8200|,,1921442,5,143325,453,30,32.11773060168944,32.173294985660256,none,271485
Dengeli,23,513,2012,7,1620,1467,153,7805,160,79,0,0,131,3067623,2048474,993267,298950,64170,68833,87079,0,590,473645,701196,271947,103275,325974,325974,899276,9104621,84532,0,227111,0,0,4.0,0.0,2.0,1.0,1.0,492.9912023870968,508.18181799999996,326.7375366129032,328.6085043548387,488.6832845806452,1.11023,29.97013187096774,1.0,1.0,1.0,1.0,none,0:1.0500|1:0.9300|2:1.0300|3:0.9400|4:0.9500|5:1.1000|6:0.8200|,,2073930,6,143325,483,31,32.37904396987505,33.72345489517502,none,330320
Dengeli,23,544,2012,8,1529,1376,153,6775,92,41,0,3,137,2740340,1797410,929194,299150,64170,69236,87575,0,326,408737,1013159,637180,101974,274005,274005,743502,9483856,84532,0,241443,0,0,4.0,0.0,2.0,1.0,1.0,493.3870965483871,510.909091,323.6994133548388,325.0161292258065,494.40175951612906,1.116629,27.365684580645162,1.0,1.0,1.0,1.0,none,0:1.0500|1:0.9300|2:1.0300|3:0.9400|4:0.9500|5:1.1000|6:0.8200|,,1803742,6,143325,514,31,33.907982221184234,34.39240393205273,none,265412
Dengeli,23,574,2012,9,1429,1297,132,6273,134,84,0,0,105,2922345,1922121,984989,289500,62100,67393,74130,0,734,491132,205689,-305903,100657,410935,331484,836322,8802429,84532,0,255775,0,0,4.0,0.0,2.0,1.0,1.0,500.4015153666667,514.090909,331.272727,329.08484853333334,498.7242424,1.123064,27.317644066666666,1.0,1.0,1.0,1.0,none,0:1.0500|1:0.9300|2:1.0300|3:0.9400|4:0.9500|5:1.1000|6:0.8200|,,1946462,7,143325,545,30,33.70543176798085,33.79861634566363,none,347807
Dengeli,23,605,2012,10,1513,1363,150,6530,148,84,0,0,124,2880920,1925778,936640,299150,64170,70042,77035,0,683,425560,173857,-209874,0,383731,463182,881102,8666572,84532,0,270107,1256864,0,4.0,0.0,2.0,1.0,1.0,492.36803522580647,516.818182,328.51906167741936,329.44281519354837,493.73900306451617,1.129326,28.359766387096773,1.0,1.0,1.0,1.0,none,0:1.0500|1:0.9200|2:1.0300|3:0.9300|4:0.9400|5:1.1000|6:0.8200|,Mehmet Yılmaz:4:40544,1949922,7,143325,575,31,32.511836496674675,33.27774384729175,none,282235
Dengeli,23,635,2012,11,1486,1334,152,6752,132,81,0,0,127,2977760,2039073,919883,289500,62100,68172,74970,0,645,424496,613583,81025,124185,408373,408373,860972,8557899,84532,0,284439,1216320,0,4.0,0.0,2.0,1.0,1.0,491.96212116666663,520.227273,339.0090908,336.26969693333336,494.8257574666667,1.135835,29.721832533333334,1.0,1.0,1.0,1.0,none,0:1.0500|1:0.9100|2:1.0300|3:0.9200|4:0.9300|5:1.1000|6:0.8200|,Mehmet Yılmaz:4:40544,2068360,7,143325,606,30,30.891777712105743,31.090407937087758,none,281171
Dengeli,23,666,2012,12,1507,1316,191,6061,217,106,0,0,144,3129671,2083582,1026341,299150,64170,70818,85684,0,490,506029,1201842,537312,122438,542092,542092,988062,9171329,87784,0,299323,1258660,0,4.0,0.0,2.0,1.0,1.0,500.60850445161293,522.727273,329.909091,332.558651,502.3357771935484,1.142168,25.98891287096774,1.0,1.0,1.0,1.0,none,0:1.0500|1:0.9300|2:1.0300|3:0.9400|4:0.9500|5:1.1000|6:0.8200|,Mehmet Yılmaz:4:40544,2082690,7,148837,636,31,32.793894310296515,34.09838465261473,none,357192
Dengeli,23,697,2013,1,1449,1318,131,6045,166,88,0,0,107,3137780,2048641,1073903,305150,65565,71252,86180,0,335,545421,1214658,554897,120663,539098,539098,833738,9406265,87784,0,314207,1312540,0,4.0,0.0,2.0,1.0,1.0,507.33137848387094,525.454545,329.272727,330.4017596451613,508.3460410322581,1.148751,25.947835258064515,1.0,1.0,1.0,1.0,none,0:1.0500|1:0.9300|2:1.0300|3:0.9400|4:0.9500|5:1.1000|6:0.8200|,Mehmet Yılmaz:4:42340,2072818,7,148837,667,31,34.22492972738688,35.09710990398198,none,396584
Dengeli,23,725,2013,2,1297,1127,170,5113,152,86,0,0,138,2636430,1739154,875108,275800,59220,64749,78316,0,679,396344,758661,196364,118861,443436,443436,873220,9514878,87784,0,329091,1185520,0,4.0,0.0,2.0,1.0,1.0,514.4967530357143,528.863636,341.4545454285714,337.72564942857144,509.8100649285715,1.155828,25.223992035714286,1.0,1.0,1.0,1.0,none,0:1.0500|1:0.9300|2:1.0300|3:0.9400|4:0.9500|5:1.1000|6:0.8200|,Mehmet Yılmaz:4:42340,1806658,7,148837,698,28,33.19291617831689,33.63329439615161,none,247507
Dengeli,23,756,2013,3,1462,1282,180,6165,150,62,0,0,144,3057705,2032128,1010704,305350,65565,72089,79267,0,359,488074,925124,245922,117029,562173,452090,849520,9758217,87784,0,343975,1312540,0,4.0,0.0,2.0,1.0,1.0,509.25953077419354,531.818182,339.5,339.2331378387097,510.2756598064516,1.162259,27.137746838709674,1.0,1.0,1.0,1.0,none,0:1.0500|1:0.9250|2:1.0300|3:0.9350|4:0.9450|5:1.1000|6:0.8200|,Mehmet Yılmaz:4:42340,2025762,7,148837,726,31,33.05433323358532,33.334580997653475,none,339237
Dengeli,23,786,2013,4,1310,1177,133,5513,178,55,0,0,98,2801510,1801235,988396,295500,63450,70184,77190,0,367,481705,740134,246942,0,493192,603275,876952,10071111,87784,0,358859,1270200,0,4.0,0.0,2.0,1.0,1.0,524.4015150666667,535.454545,336.863636,337.9878787,520.0500000666666,1.16942,23.673848200000002,1.0,1.0,1.0,1.0,none,0:1.0500|1:0.9300|2:1.0300|3:0.9400|4:0.9500|5:1.1000|6:0.8200|,Mehmet Yılmaz:4:42340,1812884,7,148837,757,30,35.28083069487526,35.76226873464032,none,332868
Dengeli,23,817,2013,5,1442,1281,161,6198,140,63,0,0,129,3032825,1994708,1019396,305350,65565,72957,80228,0,355,494941,798361,252402,95833,450126,450126,931880,10252395,87784,0,373743,1312540,0,4.0,0.0,2.0,1.0,1.0,521.7228738709678,538.409091,345.136364,342.43255141935487,522.8005865806451,1.176391,25.177266258064517,1.0,1.0,1.0,1.0,none,0:1.0500|1:0.9200|2:1.0300|3:0.9300|4:0.9400|5:1.1000|6:0.8200|,Mehmet Yılmaz:4:42340,1998386,7,148837,787,31,33.61209433449012,33.84680233794791,none,346104
Dengeli,23,847,2013,6,1463,1303,160,6403,131,54,0,0,137,2821655,1845285,959950,295500,63450,71024,89850,0,1171,438955,813306,161600,94379,557327,455056,839850,10323478,92660,0,389453,1272097,0,4.0,0.0,2.0,1.0,1.0,517.3560604333334,542.045455,337.727273,340.0469697,520.8666666333334,1.183639,27.173355366666666,1.0,1.0,1.0,1.0,none,0:1.0500|1:0.9200|2:1.0300|3:0.9300|4:0.9400|5:1.1000|6:0.8200|,Mehmet Yılmaz:4:42340,1870962,7,157106,818,30,34.02081402581109,34.72053411008227,none,281849
Dengeli,23,878,2013,7,1575,1410,165,7417,90,69,0,0,143,3005104,1944895,1044496,314350,67642,73826,93372,0,879,494427,726673,188055,92907,445711,547982,849684,10301034,92660,0,405163,1371347,0,4.0,0.0,2.0,1.0,1.0,526.5615836774193,545.0,341.5,340.3621700967742,522.8592374193548,1.190696,27.375165193548387,1.0,1.0,1.0,1.0,none,0:1.0500|1:0.9250|2:1.0300|3:0.9350|4:0.9450|5:1.1000|6:0.8200|,Mehmet Yılmaz:4:44237,1946760,7,157106,848,31,34.75739941113519,35.14528773348404,none,337321
Dengeli,23,909,2013,8,1447,1287,160,6074,130,38,0,0,143,2712335,1755858,940602,314650,67642,74291,93961,0,438,389620,543186,33669,91415,418102,418102,843836,10199762,92660,0,420873,1371347,0,4.0,0.0,2.0,1.0,1.0,526.0557185806451,549.090909,345.07771290322586,343.11876835483866,528.5249267419355,1.198032,26.21767393548387,1.0,1.0,1.0,1.0,none,0:1.0500|1:0.9300|2:1.0300|3:0.9400|4:0.9500|5:1.1000|6:0.8200|,Mehmet Yılmaz:4:44237,1800160,7,157106,879,31,34.67868091515244,34.40282070608745,none,232514
Dengeli,23,939,2013,9,1355,1203,152,5820,143,66,0,0,127,2775615,1783504,974242,304500,65460,72344,79560,0,409,451969,965765,273463,89905,602397,602397,862958,10364846,92660,0,436583,1327110,0,4.0,0.0,2.0,1.0,1.0,534.7954542666668,551.590909,344.454545,343.76060616666666,535.760606,1.205414,25.3302497,1.0,1.0,1.0,1.0,none,0:1.0500|1:0.9300|2:1.0300|3:0.9400|4:0.9500|5:1.1000|6:0.8200|,Mehmet Yılmaz:4:44237,1804252,7,157106,910,30,35.10004089183838,35.59134763545624,none,294863
Dengeli,23,970,2013,10,1432,1279,153,6345,133,64,0,0,128,3158905,2066486,1077640,314650,67642,75190,82708,0,761,536689,543436,67223,0,476213,476213,928842,10600738,92660,0,452293,1371347,0,4.0,0.0,2.0,1.0,1.0,538.9222873225807,555.227273,355.363636,351.7903225806452,540.0337244516129,1.2126,25.79778758064516,1.0,1.0,1.0,1.0,none,0:1.0500|1:0.9300|2:1.0300|3:0.9400|4:0.9500|5:1.1000|6:0.8200|,Mehmet Yılmaz:4:44237,2105142,7,157106,940,31,34.1143529165961,34.06031920381661,none,379583
Dengeli,23,1000,2013,11,1340,1178,162,5595,184,37,0,0,133,2884711,1873415,991826,304500,65460,73215,80520,0,283,467848,854260,303197,90142,460921,460921,859364,10759674,92660,0,468003,1327110,0,4.0,0.0,2.0,1.0,1.0,546.9090909333333,558.409091,355.5,354.4393940333333,542.9984849,1.220071,24.739422966666666,1.0,1.0,1.0,1.0,none,0:1.0500|1:0.9300|2:1.0300|3:0.9400|4:0.9500|5:1.1000|6:0.8200|,Mehmet Yılmaz:4:44237,1869616,7,157106,971,30,34.38216167928087,34.99833776883873,none,310742
Dengeli,23,1031,2013,12,1360,1208,152,5561,188,69,0,0,126,3146650,2130443,1006366,314650,67642,76120,92070,0,0,455884,884263,198999,88775,596489,596489,968994,10950103,95911,0,484264,1373415,0,4.0,0.0,2.0,1.0,1.0,534.3108504838709,562.045455,362.727273,359.9618768709677,538.516129,1.227345,26.01927677419355,1.0,1.0,1.0,1.0,none,0:1.0500|1:0.9200|2:1.0300|3:0.9300|4:0.9400|5:1.1000|6:0.8200|,Mehmet Yılmaz:4:44237,2153328,7,162619,1001,31,31.98213973590962,32.113062523152045,none,293265
Dengeli,23,1062,2014,1,1392,1212,180,5684,190,91,0,0,137,3210900,2144571,1050674,320650,69037,76586,92628,0,0,491773,847285,276560,87390,483335,483335,905872,10975115,95911,0,500525,1435455,0,4.0,0.0,2.0,1.0,1.0,544.5014661612904,565.227273,362.954545,361.79765383870966,545.9398826774194,1.234907,25.341462258064517,1.0,1.0,1.0,1.0,none,0:1.0500|1:0.9300|2:1.0300|3:0.9400|4:0.9500|5:1.1000|6:0.8200|,Mehmet Yılmaz:4:46305,2198444,7,162619,1032,31,32.72210283721075,33.34186084771959,none,329154
Dengeli,23,1090,2014,2,1273,1105,168,5303,174,84,0,0,125,2928280,1913178,1001083,289800,62356,69623,84224,0,0,495080,964637,365158,85987,513492,513492,929270,11283474,95911,0,516786,1296540,0,4.0,0.0,2.0,1.0,1.0,554.77272725,569.545455,359.454545,360.4415585714286,553.0064935,1.243005,23.981706250000002,1.0,1.0,1.0,1.0,none,0:1.0500|1:0.9300|2:1.0300|3:0.9400|4:0.9500|5:1.1000|6:0.8200|,Mehmet Yılmaz:4:46305,1891826,7,162619,1063,28,34.18672394716352,35.20688250451482,none,332461
Dengeli,23,1121,2014,3,1369,1205,164,5863,151,64,0,0,140,2969080,1917580,1033159,320850,69037,77547,85281,0,0,480444,889476,193981,84566,610929,610929,854020,11331886,95911,0,533047,1435455,0,4.0,0.0,2.0,1.0,1.0,557.947213967742,572.954545,359.18181799999996,359.875366516129,554.026393,1.250366,25.281727322580647,1.0,1.0,1.0,1.0,none,0:1.0500|1:0.9300|2:1.0300|3:0.9400|4:0.9500|5:1.1000|6:0.8200|,Mehmet Yılmaz:4:46305,1947998,7,162619,1091,31,34.79727727107387,35.62440872394673,none,317825
Dengeli,23,1151,2014,4,1336,1149,187,5406,138,74,0,0,162,2969060,1917915,1032666,310500,66810,75526,83070,0,0,496760,814275,280034,0,534241,534241,963572,11814246,95911,0,549308,1389150,0,4.0,0.0,2.0,1.0,1.0,561.2045453666667,575.454545,362.954545,361.53484843333337,557.3393939333333,1.258565,22.738513533333332,1.0,1.0,1.0,1.0,none,0:1.0500|1:0.9300|2:1.0300|3:0.9400|4:0.9500|5:1.1000|6:0.8200|,Mehmet Yılmaz:4:46305,1967952,7,162619,1122,30,34.78090708843877,35.325800905111834,none,334141
Dengeli,23,1182,2014,5,1436,1268,168,5922,161,42,0,0,145,3139245,2035634,1088474,320850,69037,78540,86366,0,0,533681,1030335,428598,90260,511477,511477,903784,12102012,95911,0,565569,1435455,0,4.0,0.0,2.0,1.0,1.0,563.0131964193548,579.772727,367.409091,365.095308,562.173020483871,1.266552,24.25193670967742,1.0,1.0,1.0,1.0,none,0:1.0500|1:0.9200|2:1.0300|3:0.9300|4:0.9400|5:1.1000|6:0.8200|,Mehmet Yılmaz:4:46305,2031154,7,162619,1152,31,34.67311407679235,34.74236601617079,none,371062
Dengeli,23,1212,2014,6,1434,1276,158,5868,120,30,0,0,140,2718205,1784481,923240,310500,66810,76516,96750,0,0,372664,281385,-346448,88919,538914,538914,913524,11622979,100789,0,582658,1391339,0,4.0,0.0,2.0,1.0,1.0,564.2727271,582.954545,374.90909100000005,371.540909,562.4287879333333,1.274857,25.33004813333333,1.0,1.0,1.0,1.0,none,0:1.0500|1:0.9250|2:1.0300|3:0.9350|4:0.9450|5:1.1000|6:0.8200|,Mehmet Yılmaz:4:46305,1834758,7,170887,1183,30,33.96506150198385,33.55888509324341,none,201777
Dengeli,23,1243,2014,7,1415,1265,150,6224,118,21,0,0,135,2874300,1851932,999664,329850,71145,79563,100626,0,687,417793,540443,-9881,87561,462763,462763,785874,11400398,100789,0,599747,1503314,0,4.0,0.0,2.0,1.0,1.0,572.8739002903226,587.954545,368.68181799999996,370.480938483871,571.2536658064516,1.282947,24.838630516129033,1.0,1.0,1.0,1.0,none,0:1.0500|1:0.9300|2:1.0300|3:0.9400|4:0.9500|5:1.1000|6:0.8200|,Mehmet Yılmaz:4:48494,1851824,7,170887,1213,31,34.77938976446439,35.64346048700099,none,246906
Dengeli,23,1274,2014,8,1349,1177,172,5937,129,38,0,0,155,2955962,1911635,1026934,330150,71145,80090,101277,0,1032,443240,404374,-209727,86184,527917,422554,796932,11179891,100789,0,616836,1503314,0,4.0,0.0,2.0,1.0,1.0,578.7683281935484,590.681818,381.045455,377.2668622580645,576.2272726451613,1.291361,22.882621741935484,1.0,1.0,1.0,1.0,none,0:1.0500|1:0.9300|2:1.0300|3:0.9400|4:0.9500|5:1.1000|6:0.8200|,Mehmet Yılmaz:4:48494,1966404,7,170887,1244,31,34.74110966243815,34.162697501205884,none,272353
Dengeli,23,1304,2014,9,1299,1129,170,5225,145,49,0,0,149,2872300,1890567,965748,319500,68850,78016,85800,0,0,413582,809347,251984,84788,472575,577938,869926,11307710,100789,0,633925,1454820,0,4.0,0.0,2.0,1.0,1.0,576.9848485333333,594.3181820000001,379.59090899999995,379.2696971666667,574.7499999333334,1.299829,22.95686476666667,1.0,1.0,1.0,1.0,none,0:1.0500|1:0.9300|2:1.0300|3:0.9400|4:0.9500|5:1.1000|6:0.8200|,Mehmet Yılmaz:4:48494,1876964,7,170887,1275,30,33.622810987710196,34.21128648960175,none,242695
Dengeli,23,1335,2014,10,1307,1154,153,5371,165,40,0,0,128,2890580,1857336,1015173,330150,71145,81113,89218,0,0,443547,644704,170432,0,474272,474272,819072,11536174,100789,0,651014,1503314,0,4.0,0.0,2.0,1.0,1.0,589.4281523870968,599.318182,377.590909,378.4457478387097,584.1070382258065,1.308077,23.448864483870967,1.0,1.0,1.0,1.0,none,0:1.0500|1:0.9300|2:1.0300|3:0.9400|4:0.9500|5:1.1000|6:0.8200|,Mehmet Yılmaz:4:48494,1889046,7,170887,1305,31,35.12004511205364,35.93945123407956,none,272660
Dengeli,23,1365,2014,11,1358,1181,177,5536,178,66,0,0,151,2993815,1955272,1024926,319500,68850,79007,86910,0,0,470659,1004299,286228,85040,633031,508353,794764,11826193,100789,0,668103,1454820,0,4.0,0.0,2.0,1.0,1.0,579.5833332666666,602.272727,377.454545,378.06363616666664,577.2303030333334,1.316655,25.080161133333334,1.0,1.0,1.0,1.0,none,0:1.0500|1:0.9250|2:1.0300|3:0.9350|4:0.9450|5:1.1000|6:0.8200|,Mehmet Yılmaz:4:48494,1988376,7,170887,1336,30,34.234780706222665,34.87484485232205,none,299772
Dengeli,23,1396,2014,12,1398,1229,169,5711,199,75,0,0,144,3382825,2219845,1149730,330150,71145,82167,99417,0,0,566851,1119434,467479,83777,568178,692856,963342,12240658,105665,0,686018,1505695,0,4.0,0.0,2.0,1.0,1.0,585.6598239677419,606.818182,385.727273,382.9648094193548,588.2580646129032,1.32501,24.014605903225807,1.0,1.0,1.0,1.0,none,0:1.0500|1:0.9300|2:1.0300|3:0.9400|4:0.9500|5:1.1000|6:0.8200|,Mehmet Yılmaz:4:48494,2233458,7,179156,1366,31,33.987273950026974,34.1380000446734,none,387695
Dengeli,23,1427,2015,1,1315,1133,182,5380,172,58,0,0,155,3276940,2139072,1121704,231150,48922,82696,100068,0,0,658868,1261109,634150,82497,544462,544462,938056,12773377,105665,0,703933,1577125,0,3.129032258064516,0.0,2.0,0.12903225806451613,1.0,591.3709677419355,610.227273,384.53372406451615,384.3944282580645,590.9164223225807,1.3337,22.38041677419355,1.0,1.0,1.0,1.0,none,0:1.0500|1:0.9300|2:1.0300|3:0.9400|4:0.9500|5:1.1000|6:0.8200|,Mehmet Yılmaz:4:50875,2148132,7,179156,1397,31,34.23022698004846,34.975887380335465,none,479712
Dengeli,23,1455,2015,2,1202,1019,183,4592,184,75,0,0,152,2773765,1800665,955835,194600,40936,75225,91000,0,0,554074,920943,275897,81200,563846,563846,915132,12916472,105665,0,721848,1424500,0,3.0,0.0,2.0,0.0,1.0,591.8993507142857,614.5454550000001,382.681818,383.5129870357143,593.4740259285715,1.342972,22.281201250000002,1.0,1.0,1.0,1.0,none,0:1.0500|1:0.9300|2:1.0300|3:0.9400|4:0.9500|5:1.1000|6:0.8200|,Mehmet Yılmaz:4:50875,1824642,7,179156,1428,28,34.459840685854786,35.346808956929664,none,374918
Dengeli,23,1486,2015,3,1333,1142,191,5458,133,42,0,0,165,2990070,1991948,983387,215450,45322,83812,92163,0,0,546640,652396,-13461,79884,585973,585973,936756,12811522,105665,0,739763,1577125,0,3.0,0.0,2.0,0.0,1.0,591.620234483871,618.409091,398.545455,393.4926686451613,596.1143694193548,1.351403,24.478462935483872,1.0,1.0,1.0,1.0,none,0:1.0500|1:0.9300|2:1.0300|3:0.9400|4:0.9500|5:1.1000|6:0.8200|,Mehmet Yılmaz:4:50875,2012712,7,179156,1456,31,32.888427361232345,32.63491818401195,none,367484
Dengeli,23,1516,2015,4,1357,1202,155,5546,159,29,0,0,125,3249745,2160315,1065921,208500,43860,81678,89820,0,0,642063,605103,113144,0,491959,491959,1042474,13131303,105665,0,757678,1526250,0,3.0,0.0,2.0,0.0,1.0,603.4545454,622.954545,403.045455,400.66515150000004,602.3757575333333,1.360799,23.022965833333334,1.0,1.0,1.0,1.0,none,0:1.0500|1:0.9300|2:1.0300|3:0.9400|4:0.9500|5:1.1000|6:0.8200|,Mehmet Yılmaz:4:50875,2191792,7,179156,1487,30,32.80014278043354,33.21030422716574,none,462907
Dengeli,23,1547,2015,5,1326,1147,179,5693,157,54,0,0,154,3144505,2098834,1028521,215450,45322,84959,93434,0,888,588468,757676,66201,84978,606497,486526,877872,13058080,105665,0,775593,1577125,0,3.0,0.0,2.0,0.0,1.0,605.7331377096774,626.818182,406.045455,404.2331378387097,608.0014662580645,1.369954,23.16654722580645,1.0,1.0,1.0,1.0,none,0:1.0500|1:0.9300|2:1.0300|3:0.9400|4:0.9500|5:1.1000|6:0.8200|,Mehmet Yılmaz:4:50875,2143884,7,179156,1517,31,32.7085185108626,32.9662800791635,none,409312
Dengeli,23,1577,2015,6,1327,1139,188,5503,135,36,0,0,163,2913424,1913992,979058,208500,43860,82789,104700,0,788,538421,718166,164780,83743,469643,589614,933968,13089059,110542,0,794335,1528780,0,3.0,0.0,2.0,0.0,1.0,610.1893936333333,632.045455,399.772727,401.9515151333333,611.3166667,1.379479,23.3021244,1.0,1.0,1.0,1.0,none,0:1.0500|1:0.9300|2:1.0300|3:0.9400|4:0.9500|5:1.1000|6:0.8200|,Mehmet Yılmaz:4:50875,1911740,7,187425,1548,30,33.60506400716133,34.48382892734679,none,350996
Dengeli,23,1608,2015,7,1408,1220,188,5667,121,45,0,0,163,3088465,2029321,1042019,224450,47430,86137,108934,0,1433,573635,246233,-294628,82490,458371,458371,828780,12552669,110542,0,813077,1655555,0,3.0,0.0,2.0,0.0,1.0,617.2360702258064,635.227273,409.727273,406.8812317096774,616.7096775483872,1.38876,22.46907612903226,1.0,1.0,1.0,1.0,none,0:1.0500|1:0.9300|2:1.0300|3:0.9400|4:0.9500|5:1.1000|6:0.8200|,Mehmet Yılmaz:4:53405,2080518,7,187425,1578,31,33.7390580757755,33.61903285235623,none,386210
Dengeli,23,1639,2015,8,1360,1180,180,5878,127,7,0,0,162,3166485,2089794,1056904,224750,47430,86726,109678,0,692,587628,452853,-206956,81219,578590,578590,960054,12437921,110542,0,831819,1655555,0,3.0,0.0,2.0,0.0,1.0,616.8841641290322,640.909091,408.909091,408.27565983870966,619.3870966774193,1.398416,23.43963064516129,1.0,1.0,1.0,1.0,none,0:1.0500|1:0.9300|2:1.0300|3:0.9400|4:0.9500|5:1.1000|6:0.8200|,Mehmet Yılmaz:4:53405,2078570,7,187425,1609,31,33.377830622914686,33.713796725949116,none,400203
Dengeli,23,1669,2015,9,1272,1105,167,5154,151,39,0,0,143,3069202,2017152,1035820,217500,45900,84499,92940,0,1171,593810,776812,197231,79929,499652,499652,837950,12412115,110542,0,850561,1602150,0,3.0,0.0,2.0,0.0,1.0,620.6060606,644.090909,407.181818,407.60757586666665,621.1696968333333,1.408139,23.19175476666667,1.0,1.0,1.0,1.0,none,0:1.0500|1:0.9300|2:1.0300|3:0.9400|4:0.9500|5:1.1000|6:0.8200|,Mehmet Yılmaz:4:53405,2039320,7,187425,1640,30,33.748837645746356,34.389648466156146,none,406385
Dengeli,23,1700,2015,10,1294,1120,174,5313,148,42,0,0,148,3213050,2144635,1048953,224750,47430,87905,96689,0,459,591720,492901,9635,0,483266,483266,1021572,12718639,110542,0,869303,1655555,0,3.0,0.0,2.0,0.0,1.0,621.8328445161291,648.8636359999999,416.909091,413.65102638709675,621.8900293225806,1.417612,22.610950774193547,1.0,1.0,1.0,1.0,none,0:1.0500|1:0.9300|2:1.0300|3:0.9400|4:0.9500|5:1.1000|6:0.8200|,Mehmet Yılmaz:4:53405,2170284,7,187425,1670,31,32.64664415430821,32.95479730981205,none,404295
Dengeli,23,1730,2015,11,1372,1178,194,5428,152,81,0,0,164,3368055,2266083,1082066,217500,45900,85669,94200,0,1052,637745,833067,130070,80193,622804,622804,1020988,12735715,110542,0,888045,1602150,0,3.0,0.0,2.0,0.0,1.0,619.7651516333333,653.863636,415.40909100000005,415.33030293333337,621.4090908666666,1.427469,25.163824233333333,1.0,1.0,1.0,1.0,none,0:1.0500|1:0.9200|2:1.0300|3:0.9300|4:0.9400|5:1.1000|6:0.8200|,Mehmet Yılmaz:4:53405,2310624,7,187425,1701,30,32.12732571172383,32.973144762136414,none,450320
Dengeli,23,1761,2015,12,1370,1203,167,5670,191,55,0,0,148,3703665,2438049,1251092,224750,47430,89114,107818,0,2956,779024,1431207,776555,79028,575624,575624,1212282,13615806,118670,0,908165,1659590,0,3.0,0.0,2.0,0.0,1.0,630.3225804516129,658.181818,412.227273,413.41202345161287,626.741935483871,1.437072,24.923686677419354,1.0,1.0,1.0,1.0,none,0:1.0500|1:0.9250|2:1.0300|3:0.9350|4:0.9450|5:1.1000|6:0.8200|,Mehmet Yılmaz:4:53405,2443272,7,201206,1731,31,33.77983699929664,34.60058614675555,none,577818
Dengeli,23,1792,2016,1,1385,1182,203,5702,189,110,0,0,159,3850985,2560155,1281565,239750,50902,89747,108562,0,468,792136,724942,12590,77846,634506,508745,1093188,13573613,118670,0,928285,1780640,0,3.0,0.0,2.0,0.0,1.0,641.0850442258064,662.272727,428.045455,423.81085038709676,639.1847506774194,1.447064,22.94324941935484,1.0,1.0,1.0,1.0,none,0:1.0500|1:0.9300|2:1.0300|3:0.9400|4:0.9500|5:1.1000|6:0.8200|,Mehmet Yılmaz:4:57440,2562084,7,201206,1762,31,33.278888388295464,33.23109642700828,none,590930
Dengeli,23,1821,2016,2,1287,1088,199,5068,198,99,0,0,151,3507365,2340449,1153317,224750,47618,84913,102689,0,457,692890,773272,168742,76646,527884,653645,1138748,13533903,118670,0,948405,1665760,0,3.0,0.0,2.0,0.0,1.0,644.114420275862,669.318182,427.954545,426.7695923793103,644.6630092068966,1.463258,22.83408324137931,1.0,1.0,1.0,1.0,none,0:1.0500|1:0.9300|2:1.0300|3:0.9400|4:0.9500|5:1.1000|6:0.8200|,Mehmet Yılmaz:4:57440,2400172,7,201206,1793,29,32.88271964851106,33.55923551335566,none,491684
Dengeli,23,1852,2016,3,1314,1123,191,5534,142,50,0,0,163,3433770,2212903,1197129,240250,50902,91700,100843,0,515,712919,923946,280877,75429,567640,567640,1053210,13638340,118670,0,968525,1780640,0,3.0,0.0,2.0,0.0,1.0,657.7052787741935,676.590909,422.636364,424.0997066129032,653.215542483871,1.47857,22.122848483870968,1.0,1.0,1.0,1.0,none,0:1.0500|1:0.9300|2:1.0300|3:0.9400|4:0.9500|5:1.1000|6:0.8200|,Mehmet Yılmaz:4:57440,2242172,7,201206,1822,31,34.86340086843324,35.740767538357936,none,511713
Dengeli,23,1882,2016,4,1316,1116,200,5441,127,48,0,0,176,3414844,2269617,1127343,232500,49260,89733,98670,0,369,656811,532598,-9148,0,541746,541746,1027182,13698785,118670,0,988645,1723200,0,3.0,0.0,2.0,0.0,1.0,655.1893939999999,684.545455,440.954545,435.5151515,656.8348484333333,1.495116,23.53726076666667,1.0,1.0,1.0,1.0,none,0:1.0500|1:0.9300|2:1.0300|3:0.9400|4:0.9500|5:1.1000|6:0.8200|,Mehmet Yılmaz:4:57440,2299194,7,201206,1853,30,33.01301611435252,32.698155825153655,none,455605
Dengeli,23,1913,2016,5,1318,1119,199,5357,172,29,0,0,165,3416295,2227137,1170260,240250,50902,93746,103075,0,1004,681283,844720,76894,97301,670525,670525,1036818,13725410,118670,0,1008765,1780640,0,3.0,0.0,2.0,0.0,1.0,673.5263931935483,692.272727,440.954545,439.80351893548385,667.6422287741937,1.511305,21.939396,1.0,1.0,1.0,1.0,none,0:1.0500|1:0.9300|2:1.0300|3:0.9400|4:0.9500|5:1.1000|6:0.8200|,Mehmet Yılmaz:4:57440,2243928,7,201206,1883,31,34.25523849667549,34.53047282836252,none,480077
Dengeli,23,1943,2016,6,1313,1121,192,5376,118,48,0,0,175,3139648,2030262,1089158,232500,49260,91714,115980,0,741,598963,768793,144450,96033,528310,528310,890960,13625611,128424,0,1030539,1727580,0,3.0,0.0,2.0,0.0,1.0,673.9848485666666,698.863636,435.818182,437.4621211,675.8378787999999,1.528217,22.3907026,1.0,1.0,1.0,1.0,none,0:1.0500|1:0.9300|2:1.0300|3:0.9400|4:0.9500|5:1.1000|6:0.8200|,Mehmet Yılmaz:4:57440,2057146,7,217744,1914,30,34.69044937521659,35.33709505089989,none,381219
Dengeli,23,1974,2016,7,1288,1111,177,5383,115,36,0,0,154,3229203,2081457,1132381,258250,55087,95824,121148,0,812,601260,14284,-693883,94742,613425,501732,995956,13073910,128424,0,1052313,1916420,0,3.0,0.0,2.0,0.0,1.0,687.741935483871,706.818182,450.69208241935485,444.80351903225807,684.4252199032259,1.544764,21.092666838709675,1.0,1.0,1.020737322580645,0.9937788064516129,0,0:1.0500|1:0.9300|2:1.0300|3:0.9400|4:0.9500|5:1.1000|6:0.8200|,Mehmet Yılmaz:4:61820,2122912,7,217744,1944,31,35.066888021595425,34.467849179174486,none|0,383516
Dengeli,23,2005,2016,8,1249,1063,186,5198,140,45,0,0,159,3041655,1997826,1024389,258850,55087,96879,122512,0,1112,489949,-428177,-998496,93426,476893,588586,889374,11754693,128424,0,1074087,1916420,0,3.0,0.0,2.0,0.0,1.0,697.4633431612903,715.0,471.90469180645164,462.5615834193548,693.3387097741936,1.562051,20.642766870967744,1.0,1.0,1.2413594516129032,0.9275921612903226,0,0:1.0500|1:0.9300|2:1.0300|3:0.9400|4:0.9500|5:1.1000|6:0.8200|,Mehmet Yılmaz:4:61820,2036478,7,217744,1975,31,33.67867164422,32.339857508852276,0,272205
Dengeli,23,2035,2016,9,1206,1026,180,4785,174,29,0,0,144,3291425,2251216,1017321,250500,53310,94804,104250,0,980,513477,-341791,-921798,92086,487921,487921,1090128,10881660,128424,0,1095861,1854600,0,3.0,0.0,2.0,0.0,1.0,706.1969695666667,723.1818179999999,488.8818178,482.15454553333336,698.9318181666666,1.579531,20.371911766666667,1.0,1.0,1.25,0.925,0,0:1.0500|1:0.9300|2:1.0300|3:0.9400|4:0.9500|5:1.1000|6:0.8200|,Mehmet Yılmaz:4:61820,2322666,7,217744,2006,30,30.908223641735724,30.7725976082869,0,295733
Dengeli,23,2066,2016,10,1323,1077,246,5204,185,51,0,0,204,3435330,2373742,1043231,258850,55087,99019,108903,0,496,520876,-207919,-825368,0,617449,617449,1035026,10128032,128424,0,1117635,1916420,0,3.0,0.0,2.0,0.0,1.0,704.8167154516129,731.1363640000001,487.7741933870968,486.9985337741935,704.1055717741935,1.596634,21.324795741935485,1.0,1.0,1.25,0.925,0,0:1.0500|1:0.9200|2:1.0300|3:0.9300|4:0.9400|5:1.1000|6:0.8200|,Mehmet Yılmaz:4:61820,2393794,7,217744,2036,31,30.367708487976408,30.794179154143027,0,303132
Dengeli,23,2096,2016,11,1288,1112,176,5133,140,25,0,0,153,3486810,2395670,1075093,250500,53310,96905,106560,0,1026,566792,63307,-552370,92535,523142,523142,1026324,9509329,128424,0,1139409,1854600,0,3.0,0.0,2.0,0.0,1.0,712.7575757666667,738.863636,490.045455,488.76818166666664,707.4181819,1.614501,22.448213133333336,1.0,1.0,1.25,0.925,0,0:1.0500|1:0.9250|2:1.0300|3:0.9350|4:0.9450|5:1.1000|6:0.8200|,Mehmet Yılmaz:4:61820,2390286,7,217744,2067,30,30.833139746645216,31.246545577170448,0,349048
Dengeli,23,2127,2016,12,1283,1073,210,5185,173,51,0,0,159,3723050,2627659,1071874,258850,55087,101220,122419,0,286,534012,-190985,-775015,91329,492701,492701,1310310,8963405,138178,0,1162837,1920777,0,3.0,0.0,2.0,0.0,1.0,717.9472140645162,747.045455,509.31818200000004,502.5938415806452,719.7712610000001,1.631982,22.59719790322581,1.0,1.0,1.25,0.925,0,0:1.0500|1:0.9250|2:1.0300|3:0.9350|4:0.9450|5:1.1000|6:0.8200|,Mehmet Yılmaz:4:61820,2664924,7,234281,2097,31,28.79021232591558,29.05910462182925,0,299731
Dengeli,23,2158,2017,1,1250,1046,204,4663,196,41,0,0,165,3592660,2518767,1050404,276850,59272,102335,123814,0,1084,487049,-274085,-1006850,90101,642664,642664,982784,7469763,138178,0,1186265,2051487,0,3.0,0.0,2.0,0.0,1.0,731.5249266129032,755.909091,505.04692106451614,505.43695009677424,724.4017594838709,1.650245,22.169414903225807,0.9419354838709677,0.9419354838709677,1.2458870967741935,0.8729952903225807,1,0:1.0500|1:0.9300|2:1.0300|3:0.9400|4:0.9500|5:1.1000|6:0.8200|,Mehmet Yılmaz:4:66177,2611666,7,234281,2128,31,29.237500904622202,30.95971132481055,0|1,252768
Dengeli,23,2186,2017,2,1124,953,171,4398,192,29,0,0,151,3212630,2246590,947686,250600,53536,93411,112980,0,1057,436102,-352061,-952086,88850,511175,511175,1140374,6580250,138178,0,1209693,1852956,0,3.0,0.0,2.0,0.0,1.0,738.4659090714285,763.4090910000001,515.1136364642857,511.3993506428571,738.4448051071429,1.667464,22.475791214285714,0.9,0.9,1.2237500000000001,0.7945446428571429,1,0:1.0500|1:0.9300|2:1.0300|3:0.9400|4:0.9500|5:1.1000|6:0.8200|,Mehmet Yılmaz:4:66177,2272016,7,234281,2159,28,29.49875958326978,30.245441240204755,1,201821
Dengeli,23,2217,2017,3,1408,1196,212,5995,229,34,0,0,181,4046110,2895466,1129698,277450,59272,104381,114793,0,395,573407,-309099,-919968,87575,523294,523294,1473768,5970741,138178,0,1233121,2051487,0,3.0,0.0,2.0,0.0,1.0,728.0278592580645,770.681818,519.6686217096774,517.3870966774194,731.4780059032258,1.683171,26.31712222580645,0.9,0.9,1.1991666774193548,0.8,1,0:1.0500|1:0.9100|2:1.0300|3:0.9200|4:0.9300|5:1.1000|6:0.8200|,Mehmet Yılmaz:4:66177,2905578,7,234281,2187,31,27.920595337249853,28.619679164575743,1,339126
Dengeli,23,2247,2017,4,1278,1067,211,5101,207,33,0,0,179,3534295,2455148,1053659,268500,57360,102065,112260,0,857,512617,-59049,-728841,0,669792,538836,1088884,5069349,138178,0,1256549,1985310,0,3.0,0.0,2.0,0.0,1.0,745.1590910333333,778.863636,513.0151515666666,515.0863636333333,743.7227272666667,1.700734,24.430191866666668,0.9,0.9,1.1737499999999998,0.8,1,0:1.0500|1:0.9300|2:1.0300|3:0.9400|4:0.9500|5:1.1000|6:0.8200|,Mehmet Yılmaz:4:66177,2490822,7,234281,2218,30,29.812423694117214,31.153607633605606,1,278336
Dengeli,23,2278,2017,5,1325,1103,222,5350,196,62,0,0,188,3696900,2511705,1164066,277450,59272,106552,117149,0,1260,602383,318050,-373874,125159,566765,697721,1179386,4560690,138178,0,1279977,2051487,0,3.0,0.0,2.0,0.0,1.0,757.785924064516,785.681818,511.62463338709676,512.8519061935484,757.2976540000001,1.717904,23.722788,0.9,0.9,1.1483333225806451,0.8,1,0:1.0500|1:0.9300|2:1.0300|3:0.9400|4:0.9500|5:1.1000|6:0.8200|,Mehmet Yılmaz:4:66177,2536836,7,234281,2248,31,31.48762476669642,32.4842785884819,1,368102
Dengeli,23,2308,2017,6,1272,1060,212,5188,200,39,0,0,178,3333435,2219245,1091701,268500,57360,104195,131760,0,1935,527951,-119937,-738146,92284,525925,525925,982582,3534948,147931,0,1305058,1990036,0,3.0,0.0,2.0,0.0,1.0,770.0606059666667,794.545455,515.2393938666667,513.6424242,761.1772727666666,1.735829,22.9159148,0.9,0.9,1.1229166666666666,0.8,1,0:1.0500|1:0.9300|2:1.0300|3:0.9400|4:0.9500|5:1.1000|6:0.8200|,Mehmet Yılmaz:4:66177,2192732,7,250819,2279,30,32.750031124050714,33.09105934332529,1,277132
Dengeli,23,2339,2017,7,1274,1067,207,5545,151,17,0,0,186,3658020,2427733,1214190,295450,63457,108753,137516,0,4412,604602,-285805,-1095142,120054,689283,689283,1031108,1225901,147931,0,1330139,2197993,0,3.0,0.0,2.0,0.0,1.0,776.5175952903226,802.272727,513.8313783225807,514.0601171935484,773.1876833548387,1.753354,23.04840119354839,0.9,0.9,1.0975,0.8,1,0:1.0500|1:0.9300|2:1.0300|3:0.9400|4:0.9500|5:1.1000|6:0.8200|,Mehmet Yılmaz:4:70903,2479288,7,250819,2309,31,33.19254678760641,33.82875269806724,1,353783
Dengeli,23,2370,2017,8,1314,1136,178,5773,159,15,0,0,156,3809206,2535852,1252128,296050,63457,109870,138942,0,2609,641200,-200455,-838019,86223,551341,551341,1163440,373150,147931,0,1355220,2197993,0,3.0,0.0,2.0,0.0,1.0,790.6598241935484,810.681818,531.117302,525.3328446451612,782.4472141612903,1.7716490000000003,23.648581967741936,0.9,0.9,1.0716666774193546,0.8,1,0:1.0500|1:0.9300|2:1.0300|3:0.9400|4:0.9500|5:1.1000|6:0.8200|,Mehmet Yılmaz:4:70903,2597924,7,250819,2340,31,32.87110227170702,32.82606681808763,1,390381
Dengeli,23,2400,2017,9,1072,554,518,2451,76,1067,0,0,76,1757760,1219261,527744,286500,61410,107436,118140,0,111964,-157706,-1504131,-2191284,83071,604082,410750,323429,-1023302,0,0,1232370,2127090,0,3.0,0.0,2.0,0.0,1.0,775.2196970666666,819.545455,521.5924242666666,526.8787878333334,780.4030302,1.790134,17.341956766666666,0.9,0.9,1.04625,0.8,1,0:1.0500|1:0.9300|2:1.0300|3:0.9400|4:0.9500|5:1.1000|6:0.8200|,Mehmet Yılmaz:4:70903,367464,7,0,2371,30,30.023666484616786,32.71682514772181,1,-157706
Dengeli,23,2431,2017,10,782,0,782,0,0,1797,0,0,0,542,0,542,296050,63457,112134,123318,0,110260,-704677,-8884276,-8938659,0,54383,0,323429,-9393666,0,0,1109520,2197993,0,3.0,0.0,2.0,0.0,1.0,805.1979473225806,827.727273,556.3401759032257,526.590909,800.0909091612904,1.808208,5.0,0.9,0.9,1.0208333225806452,0.8,1,0:1.0500|1:0.9300|2:1.0300|3:0.9400|4:0.9500|5:1.1000|6:0.8200|,Mehmet Yılmaz:4:70903,0,5,0,2401,31,100.0,30.906409069577126,1,-704677
Dengeli,23,2461,2017,11,989,434,555,2580,89,1085,0,0,68,1825878,1469291,339916,286500,61410,109657,120600,0,70830,-309081,-4008664,-4011053,0,2389,482483,0,2526592,98621,0,1085291,1205351,0,3.0,0.0,2.0,0.0,1.0,782.4924241666666,836.136364,589.6303029666667,553.3393939333333,775.3409090666667,1.827075,11.793162466666667,0.9,0.9,1.00125,0.8,1,0:1.0500|1:0.9200|2:1.0300|3:0.9300|4:0.9400|5:1.1000|6:0.8200|,Mehmet Yılmaz:4:70903,2354228,1,167212,2432,30,18.61657788746017,24.647155070592905,1,-476293
Dengeli,23,2492,2017,12,1684,1377,307,7012,165,94,0,0,267,5271069,4159148,1074829,296050,63457,114460,138446,0,3430,458986,360411,328057,0,32354,22458,0,2792483,104040,0,1059731,0,0,3.0,0.0,2.0,0.0,1.0,746.1876836129032,845.227273,583.4369501612903,585.7478005806452,742.8651023548387,1.845521,31.658413096774193,0.9580645161290322,0.9580645161290322,1.0,0.8329032258064516,none,0:1.0500|1:0.8900|2:1.0300|3:0.9000|4:0.9100|5:1.1000|6:0.8200|,,4268302,1,176400,2462,31,20.391100932277684,21.81096485854657,1|none,282586
Dengeli,23,2523,2018,1,1703,1455,248,7962,141,152,0,2,225,6435345,5178006,1229106,311050,66960,115663,139903,0,5859,589671,514622,435690,0,78932,88828,1312272,4570476,104040,0,1034171,0,0,3.0,0.0,2.0,0.0,1.0,746.1363640000001,854.090909,596.662756548387,593.7873899032259,750.1334309354838,1.864777,32.14491064516129,1.0,1.0,1.0,0.983225806451613,none,0:1.0500|1:0.8900|2:1.0300|3:0.9000|4:0.9100|5:1.1000|6:0.8200|,,5166312,1,176400,2493,31,19.09930236840449,20.03301469590524,none,413271
Dengeli,23,2551,2018,2,1746,1429,317,7773,165,148,0,9,279,6223704,4933308,1264233,281400,60480,105394,127484,0,5645,683830,545240,458414,0,86826,86826,2605590,6352017,104040,0,1008611,0,0,3.0,0.0,2.0,0.0,1.0,746.136364,861.363636,585.0,587.448052,755.7987011071428,1.8813790000000001,33.27793185714286,1.0,1.0,1.0,1.0,2,0:1.0500|1:0.8900|2:1.0300|3:0.9000|4:0.9100|5:1.1000|6:0.8200|,,4929662,1,176400,2524,28,20.313192915344302,21.596101165228824,none|2,507430
Dengeli,23,2582,2018,3,1344,1132,212,6298,85,54,0,0,204,4829728,3714675,1080053,311550,66960,117617,129332,0,11526,443068,247076,188663,0,58413,58413,1526688,5389271,104040,0,983051,0,0,3.0,0.0,2.0,0.0,1.0,767.778592483871,867.954545,594.1744867096775,591.143695,762.772727483871,1.896501,32.037650806451616,1.0,1.0,1.0,1.0,2,0:1.0500|1:0.9050|2:1.0300|3:0.9150|4:0.9250|5:1.1000|6:0.8200|,,3822182,1,176400,2552,31,22.362605099086327,22.61121988470139,2,266668
Dengeli,23,2612,2018,4,1209,989,220,5461,90,41,0,0,200,4131305,3245138,858320,301500,64800,114843,126270,0,7876,243031,104386,33746,0,70640,70640,1573352,5448034,104040,0,957491,0,0,3.0,0.0,2.0,0.0,1.0,769.2878789666667,875.6818179999999,607.5318181333333,603.2606060666666,769.6863635999999,1.9133850000000001,33.0810913,1.0,1.0,1.0,1.0,2,0:1.0500|1:0.9050|2:1.0300|3:0.9150|4:0.9250|5:1.1000|6:0.8200|,,3294632,1,176400,2583,30,20.77600177183723,21.026726828272597,2,66631
Dengeli,23,2643,2018,5,1400,1175,225,6675,130,40,0,0,211,5189001,4092032,1068383,311550,66960,119694,131626,0,10741,427812,331932,-90064,356919,65077,65077,1984426,5676534,104040,0,931931,0,0,3.0,0.0,2.0,0.0,1.0,771.7008795806453,883.409091,607.0205278387098,607.1099706451613,775.7683281612904,1.929868,34.22450009677419,1.0,1.0,1.0,1.0,2,0:1.0500|1:0.9050|2:1.0300|3:0.9150|4:0.9250|5:1.1000|6:0.8200|,,4155918,1,176400,2613,31,20.58937741580701,21.33992018143422,2,251412
Dengeli,23,2673,2018,6,1443,1186,257,6380,96,48,0,0,237,4485790,3536923,913189,301500,64800,116854,147780,0,6074,276181,253445,-150815,355727,48533,48533,1506224,5044020,110542,0,904773,0,0,3.0,0.0,2.0,0.0,1.0,787.9469692666667,890.909091,630.6333334666667,623.1787879333333,783.0212118000001,1.94705,33.085292700000004,1.0,1.0,1.0,1.0,2,0:1.0500|1:0.9200|2:1.0300|3:0.9300|4:0.9400|5:1.1000|6:0.8200|,,3517696,1,187425,2644,30,20.357372948800545,19.965002967954806,2,88756
Dengeli,23,2704,2018,7,1533,1260,273,7126,139,47,0,0,258,5123929,4062925,1039064,329550,71145,121803,154008,0,8031,354527,230252,-207915,354510,83657,83657,1914654,5087927,110542,0,877615,0,0,3.0,0.0,2.0,0.0,1.0,791.4736069354839,898.409091,629.558650967742,629.3035190967743,789.4325512580646,1.963822,34.31741370967742,1.0,1.0,1.0,1.0,2,0:1.0500|1:0.9250|2:1.0300|3:0.9350|4:0.9450|5:1.1000|6:0.8200|,,4181854,1,187425,2674,31,20.27865725696043,20.457404334007084,2,167102
Dengeli,23,2735,2018,8,1492,1214,278,7712,118,44,0,0,265,5328244,4202369,1105356,330150,71145,122888,155403,0,6872,418898,281645,-141151,353268,69528,69528,1948854,4939229,110542,0,850457,0,0,3.0,0.0,2.0,0.0,1.0,791.590909,907.045455,625.6979470967742,627.0102639677419,796.8856307741936,1.9813059999999998,35.85680861290323,1.0,1.0,1.0,1.0,2,0:1.0500|1:0.9250|2:1.0300|3:0.9350|4:0.9450|5:1.1000|6:0.8200|,,4203774,1,187425,2705,31,20.745221127260688,20.956905898880883,2,231473
Dengeli,23,2765,2018,9,1547,1285,262,7586,109,74,0,0,236,5840665,4603608,1195856,319500,68850,119974,131940,0,7355,548237,340832,-93183,352000,82015,71303,2391148,5220416,110542,0,823299,0,0,3.0,0.0,2.0,0.0,1.0,809.5757575666667,915.454545,640.8848485333333,637.0833334,804.0863635666667,1.998945,35.2014365,1.0,1.0,1.0,1.0,2,0:1.0500|1:0.9300|2:1.0300|3:0.9400|4:0.9500|5:1.1000|6:0.8200|,,4661316,1,187425,2736,30,20.474654855226245,20.83695163258913,2,360812
Dengeli,23,2796,2018,10,1561,1286,275,8056,126,76,0,0,245,6377415,5025176,1322884,330150,71145,125028,137516,0,7405,651640,503351,60746,350706,91899,102611,2246614,5094862,110542,0,796141,0,0,3.0,0.0,2.0,0.0,1.0,810.0,922.954545,636.042522,637.3533723870968,810.7375363870967,2.016165,36.10260358064516,1.0,1.0,1.0,1.0,2,0:1.0500|1:0.9300|2:1.0300|3:0.9400|4:0.9500|5:1.1000|6:0.8200|,,5022162,1,187425,2766,31,20.74326353232462,21.476231851851857,2,464215
Dengeli,23,2826,2018,11,1435,1204,231,7328,104,58,0,0,219,5752665,4515098,1203086,319500,68850,122075,134250,0,5805,552606,492280,76105,349385,66790,66790,2057056,4923296,110542,0,768983,0,0,3.0,0.0,2.0,0.0,1.0,812.5606056666668,931.8181820000001,637.6015151666667,637.1363636666666,817.9393937333334,2.034115,38.101066466666666,1.0,1.0,1.0,1.0,2,0:1.0500|1:0.9300|2:1.0300|3:0.9400|4:0.9500|5:1.1000|6:0.8200|,,4542948,1,187425,2797,30,20.913541810621687,21.531820430360963,2,365181
Dengeli,23,2857,2018,12,1249,1036,213,6280,139,71,0,0,189,5458615,4286402,1138803,330150,71145,127230,153915,0,10175,446188,399476,-31831,348036,83271,83271,1945296,4751138,120296,0,739429,0,0,3.0,0.0,2.0,0.0,1.0,832.016129032258,939.318182,655.4486802580645,650.1451613870968,825.6407623870969,2.051637,35.73678525806452,1.0,1.0,1.0,1.0,2,0:1.0500|1:0.9300|2:1.0300|3:0.9400|4:0.9500|5:1.1000|6:0.8200|,,4282286,1,203962,2827,31,20.86248984403553,21.221637731898802,2,242226
Dengeli,23,2888,2019,1,1336,1083,253,6524,115,86,0,0,229,5771905,4561383,1179452,357150,77407,128395,155279,0,10921,450300,285433,-134593,346659,73367,73367,2112466,4678172,120296,0,709875,0,0,3.0,0.0,2.0,0.0,1.0,832.5,947.272727,653.7521994193548,654.1436949677419,832.1436947741936,2.069903,33.22325016129032,1.0,1.0,1.0,1.0,2,0:1.0500|1:0.9300|2:1.0300|3:0.9400|4:0.9500|5:1.1000|6:0.8200|,,4630526,1,203962,2858,31,20.434362658429063,21.471207276954374,2,246338
Dengeli,23,2916,2019,2,1227,1005,222,5613,149,76,0,0,205,5373460,4255659,1092904,323400,69916,117511,142128,0,7518,432431,208897,-203611,345253,67255,67255,2010450,4250773,120296,0,680321,0,0,3.0,0.0,2.0,0.0,1.0,847.2159088214286,959.7727270000001,673.573051892857,668.7938311785714,843.5438311071429,2.097689,32.54049267857143,1.0,1.0,1.0,1.0,2,0:1.0500|1:0.9300|2:1.0300|3:0.9400|4:0.9500|5:1.1000|6:0.8200|,,4333452,1,203962,2889,28,20.338925012933938,20.49570305757455,2,228469
Dengeli,23,2947,2019,3,1277,1033,244,6167,101,48,0,0,227,5176617,4158843,994265,358050,77407,131683,144801,0,7989,274335,48425,-370474,343818,75081,62911,1974180,3733932,120296,0,650767,0,0,3.0,0.0,2.0,0.0,1.0,848.7096770645161,971.818182,685.1275659677419,681.4105570967741,853.7844577741935,2.1231059999999995,34.52854554838709,1.0,1.0,1.0,1.0,2,0:1.0500|1:0.9300|2:1.0300|3:0.9400|4:0.9500|5:1.1000|6:0.8200|,,4234308,1,203962,2917,31,19.20684879719709,19.274213022121483,2,70373
Dengeli,23,2977,2019,4,1086,893,193,5359,82,44,0,0,173,4429185,3438265,958465,346500,74910,129146,142020,0,7966,257923,32451,-372532,342353,62630,74800,1935032,3324082,120296,0,621213,0,0,3.0,0.0,2.0,0.0,1.0,870.6818183666667,984.3181820000001,672.9545454666666,676.5727272333334,864.8151517666666,2.151607,33.2646268,1.0,1.0,1.0,1.0,2,0:1.0500|1:0.9300|2:1.0300|3:0.9400|4:0.9500|5:1.1000|6:0.8200|,,3384944,1,203962,2948,30,21.639759910683342,22.709475347828157,2,53961
Dengeli,23,3008,2019,5,1556,1271,285,7866,110,67,0,0,266,6576005,5139519,1399659,358050,77407,135188,148645,0,6253,674116,525704,96226,340858,88620,88620,2262034,3654151,120296,0,591659,0,0,3.0,0.0,2.0,0.0,1.0,872.8958945483871,997.727273,681.9164222903227,680.9266861935483,876.626100032258,2.179552,34.2440939032258,1.0,1.0,1.0,1.0,2,0:1.0500|1:0.9300|2:1.0300|3:0.9400|4:0.9500|5:1.1000|6:0.8200|,,5196234,1,203962,2978,31,21.284336006435517,21.87883726465137,2,470154
Dengeli,23,3038,2019,6,1585,1269,316,8033,126,62,0,3,295,5950876,4640500,1269181,346500,74910,132597,167640,0,6302,541232,296815,-136903,339332,94386,73932,1987306,3179556,131134,0,559443,0,0,3.0,0.0,2.0,0.0,1.0,889.1136365333333,1010.6818179999999,701.7257576,696.7590908666666,888.3590910333334,2.20881,32.62278593333333,1.0,1.0,1.0,1.0,none,0:1.0500|1:0.9300|2:1.0300|3:0.9400|4:0.9500|5:1.1000|6:0.8200|,,4690316,1,222337,3009,30,21.327633108133995,21.075807549635762,2|none,318895
Dengeli,23,3069,2019,7,1705,1405,300,8920,92,65,0,2,282,6675528,5237736,1408078,388050,84382,138785,175491,0,11175,610195,510387,89043,337773,83571,104025,2359218,3533313,131134,0,527227,0,0,3.0,0.0,2.0,0.0,1.0,892.045455,1024.318182,702.3621701290323,701.9076246774193,898.7023457419355,2.237498,34.030197096774195,1.0,1.0,1.0,1.0,none,0:1.0500|1:0.9300|2:1.0300|3:0.9400|4:0.9500|5:1.1000|6:0.8200|,,5277838,1,222337,3039,31,21.09313300760629,21.263858675337083,none,387858
Dengeli,23,3100,2019,8,1775,1464,311,8791,120,72,0,3,287,7007160,5482800,1468232,389050,84382,140646,177847,0,9816,666491,486982,62235,336183,88564,88564,2522520,3694186,131134,0,495011,0,0,3.0,0.0,2.0,0.0,1.0,913.5337240645162,1037.727273,720.6906158709678,716.480938548387,912.1026395483871,2.267534,33.38187277419355,0.9709677419354839,0.9709677419354839,1.0,0.9745967741935483,3,0:1.0500|1:0.9300|2:1.0300|3:0.9400|4:0.9500|5:1.1000|6:0.8200|,,5525646,1,222337,3070,31,20.953310613715114,21.109577360269327,none|3,444154
Dengeli,23,3130,2019,9,1612,1297,315,7884,133,124,0,0,291,6834125,5379672,1413078,376500,81660,137940,151680,0,10201,655097,476044,36843,334559,104642,104642,2306142,3370562,131134,0,462795,0,0,3.0,0.0,2.0,0.0,1.0,919.5757573,1051.136364,724.9106061,723.5409089999999,923.6666665,2.297973,34.195528100000004,0.95,0.95,1.0,0.925,3,0:1.0500|1:0.9300|2:1.0300|3:0.9400|4:0.9500|5:1.1000|6:0.8200|,,5485566,1,222337,3101,30,20.6767947615825,21.169017305497857,3,432760
Dengeli,23,3161,2019,10,1606,1324,282,7874,171,107,0,0,252,6934660,5343104,1547521,389050,84382,144398,158751,0,7269,763671,586217,155219,332901,98097,98097,2416840,3584270,131134,0,430579,0,0,3.0,0.0,2.0,0.0,1.0,940.9604103870968,1065.227273,726.2228739032258,725.241935483871,936.0190612258065,2.327819,32.85048609677419,0.95,0.95,1.0,0.925,3,0:1.0500|1:0.9300|2:1.0300|3:0.9400|4:0.9500|5:1.1000|6:0.8200|,,5358120,1,222337,3131,31,22.31574439121745,22.821102154078,3,541334
Dengeli,23,3191,2019,11,1647,1307,340,8085,184,101,0,0,313,7123083,5602707,1478236,376500,81660,141601,155700,0,8857,713918,620403,202731,331209,86463,86463,2342772,3650732,131134,0,398363,0,0,3.0,0.0,2.0,0.0,1.0,945.7954542000001,1079.772727,748.2424243,743.6181818333333,948.7530300666666,2.359067,33.743028366666664,0.95,0.95,1.0,0.925,3,0:1.0500|1:0.9300|2:1.0300|3:0.9400|4:0.9500|5:1.1000|6:0.8200|,,5624128,1,222337,3162,30,20.752755513307932,20.887500465637157,3,491581
Dengeli,23,3222,2019,12,1597,1279,318,7301,215,133,0,0,277,7115547,5523151,1557204,389050,84382,148214,179273,0,9797,746488,720209,273689,329481,117039,117039,2360992,3803030,150641,0,361354,0,0,3.0,0.0,2.0,0.0,1.0,966.8181818064517,1093.863636,745.3255130967742,745.8475072580645,961.2712613225806,2.389707,31.72655093548387,0.95,0.95,1.0,0.925,3,0:1.0500|1:0.9300|2:1.0300|3:0.9400|4:0.9500|5:1.1000|6:0.8200|,,5613306,1,255412,3192,31,21.884529748731897,22.90944387245898,3,491076
Dengeli,23,3253,2020,1,1592,1248,344,7556,148,117,0,0,314,7407284,5724804,1636877,443050,96937,150276,181691,0,8905,756018,684677,252653,327718,104306,104306,2584606,4178235,150641,0,324345,0,0,3.0,0.0,2.0,0.0,1.0,972.2653957419355,1108.409091,750.6891496129032,749.3005864838709,974.0703815483871,2.421786,32.629214,0.95,0.95,1.0,0.925,3,0:1.0500|1:0.9300|2:1.0300|3:0.9400|4:0.9500|5:1.1000|6:0.8200|,,5785058,1,255412,3223,31,22.09820765613955,22.789687579073775,3,500606
Dengeli,23,3282,2020,2,1515,1195,320,6939,189,155,0,0,280,7736080,6068943,1625020,416150,90683,143831,173913,0,12039,788404,509038,89028,325917,94093,94093,2636580,4146297,150641,0,287336,0,0,3.0,0.0,2.0,0.0,1.0,1004.5611281034484,1134.318182,789.3244513793104,781.5203760689656,997.015673724138,2.477969,31.10453472413793,0.95,0.95,1.0,0.925,3,0:1.0500|1:0.9300|2:1.0300|3:0.9400|4:0.9500|5:1.1000|6:0.8200|,,6195788,1,255412,3254,29,21.005728999700107,21.42594120981886,3,532992
Dengeli,23,3313,2020,3,1693,1329,364,7595,167,124,0,0,337,7654295,5958167,1658871,444850,96937,157071,172670,0,8344,778999,554386,108380,324080,121926,121926,2619246,4180836,150641,0,250327,0,0,3.0,0.0,2.0,0.0,1.0,1027.6686217741935,1159.772727,798.5190615161291,795.8035190967743,1019.2287392580645,2.531706,31.148785903225804,0.95,0.95,1.0,0.925,3,0:1.0500|1:0.9300|2:1.0300|3:0.9400|4:0.9500|5:1.1000|6:0.8200|,,5961882,1,255412,3283,31,21.672420516847076,22.298001067937125,3,523587
Dengeli,23,3343,2020,4,1629,1271,358,7424,137,90,0,2,334,7551057,5874821,1638795,430500,93810,155546,170970,0,12016,775953,624173,192250,322204,109719,109719,3056068,4563243,150641,0,213318,0,0,3.0,0.0,2.0,0.0,1.0,1050.6136364666665,1186.1363640000002,821.2515152333333,815.9045454666666,1042.5318183333334,2.590438,31.457671899999998,0.95,0.95,1.0,0.925,3,0:1.0500|1:0.9300|2:1.0300|3:0.9400|4:0.9500|5:1.1000|6:0.8200|,,6067002,1,255412,3314,30,21.702855639945508,21.83125301939771,3,520541
Dengeli,23,3374,2020,5,1745,1361,384,8043,150,113,0,10,339,8121235,6362328,1715334,444850,96937,164330,180637,0,15013,813567,530782,91934,320289,118559,89013,2733558,4313320,150641,0,176309,0,0,3.0,0.0,2.0,0.0,1.0,1075.1612904193548,1212.5,843.3812316451613,837.9677419354839,1065.7008797419355,2.648573,31.402617193548387,0.95,0.95,1.0,0.925,3,0:1.0500|1:0.9300|2:1.0300|3:0.9400|4:0.9500|5:1.1000|6:0.8200|,,6360954,1,255412,3344,31,21.121590497011844,21.557701234183224,3,558155
Dengeli,23,3404,2020,6,1749,1383,366,8081,156,44,0,0,352,7698776,5906982,1730018,430500,93810,162722,205680,0,9025,828281,600205,176244,318334,105627,135173,2827266,4356841,174484,0,133443,0,0,3.0,0.0,2.0,0.0,1.0,1096.4924242333334,1240.681818,844.5757575333333,843.6575756999999,1090.1696972,2.710017,31.73837723333333,0.95,0.95,1.0,0.925,3,0:1.0500|1:0.9300|2:1.0300|3:0.9400|4:0.9500|5:1.1000|6:0.8200|,,6069848,1,295837,3375,30,22.471338301049414,22.97477493983964,3,532444
Dengeli,23,3435,2020,7,1705,1313,392,7998,114,54,0,0,373,7894973,6195800,1664607,510850,112282,171930,217310,0,13184,639051,492850,66639,316338,109873,109873,2997282,4374161,174484,0,90577,0,0,3.0,0.0,2.0,0.0,1.0,1116.854838483871,1268.409091,891.3914956129032,878.5381232580645,1114.8973608387096,2.770836,31.322733193548387,0.95,0.95,1.0,0.925,3,0:1.0500|1:0.9300|2:1.0300|3:0.9400|4:0.9500|5:1.1000|6:0.8200|,,6351910,1,295837,3405,31,21.084391295575045,20.187345311323888,3,343214
Dengeli,23,3466,2020,8,1696,1331,365,7727,122,51,0,3,348,7670680,5929556,1694063,513050,112282,175902,222363,0,15172,655294,411463,-17360,314301,114522,114522,2858832,4232844,174484,0,47711,0,0,3.0,0.0,2.0,0.0,1.0,1143.4824048387097,1297.272727,890.6818182258064,890.0571847419354,1140.186216935484,2.835116,31.365086580645162,0.95,0.95,1.0,0.925,3,0:1.0500|1:0.9300|2:1.0300|3:0.9400|4:0.9500|5:1.1000|6:0.8200|,,5862296,1,295837,3436,31,22.08491294122555,22.107955972314354,3,359457
Dengeli,23,3496,2020,9,1682,1317,365,7310,159,96,0,3,348,8406120,6480594,1873984,496500,108660,174190,191460,0,21045,882129,638583,208549,312221,117813,117813,3130468,4537273,174484,0,4845,0,0,3.0,0.0,2.0,0.0,1.0,1171.3106063999999,1328.409091,904.5,900.8863636,1167.1772726666668,2.900887,30.798178133333334,0.95,0.95,1.0,0.925,3,0:1.0500|1:0.9300|2:1.0300|3:0.9400|4:0.9500|5:1.1000|6:0.8200|,,6605984,1,295837,3467,30,22.29309122401298,22.778809048783145,3,586292
Dengeli,23,3527,2020,10,1684,1309,375,7475,150,114,0,0,350,8723430,6874764,1788796,513050,112282,184030,202275,0,15607,761552,433103,30373,310098,92632,92632,3376582,4767411,174484,0,0,0,0,3.0,0.0,2.0,0.0,1.0,1193.247800451613,1356.818182,948.1539589354838,936.4736070645162,1192.6217008064516,2.965989,31.51691980645161,0.95,0.95,1.0,0.925,3,0:1.0500|1:0.9300|2:1.0300|3:0.9400|4:0.9500|5:1.1000|6:0.8200|,,6876952,1,295837,3497,31,20.505649727228853,20.540062292456575,3,465715
Dengeli,23,3557,2020,11,1570,1213,357,7043,153,77,0,0,334,8244285,6399092,1787036,496500,108660,182236,200310,0,25938,773392,623202,171517,307930,143755,143755,2848104,4189904,174484,0,0,0,0,3.0,0.0,2.0,0.0,1.0,1224.9848482999998,1389.545455,950.3287877666667,948.6984848333334,1220.8500002333335,3.034797,31.3046677,0.95,0.95,1.0,0.925,3,0:1.0500|1:0.9300|2:1.0300|3:0.9400|4:0.9500|5:1.1000|6:0.8200|,,6571596,1,295837,3528,30,21.67605802079865,22.421180222309957,3,477555
Dengeli,23,3588,2020,12,1665,1271,394,7232,213,137,0,0,347,9197222,7318804,1825866,513050,112282,192530,232779,0,10776,764449,500628,86105,305718,108805,108805,3400184,4739128,198326,0,0,0,0,3.0,0.0,2.0,0.0,1.0,1251.4589443548386,1420.681818,999.8387096774194,988.183284451613,1248.247800419355,3.102904,30.730703193548386,0.95,0.95,1.0,0.925,3,0:1.0500|1:0.9300|2:1.0300|3:0.9400|4:0.9500|5:1.1000|6:0.8200|,,7351906,1,336262,3558,31,19.852364116034167,20.106151768896932,3,428187
Dengeli,23,3619,2021,1,1601,1249,352,7032,190,104,0,0,321,9707429,7736324,1918919,579050,127627,196984,238173,0,6423,770662,531552,-208869,604613,135808,110885,3553652,4353619,198326,0,0,0,0,3.0,0.0,2.0,0.0,1.0,1283.5850444193547,1453.409091,1014.4428152903226,1010.4105571935484,1276.9985340967742,3.174888,30.363668258064518,0.95,0.95,1.0,0.925,3,0:1.0500|1:0.9300|2:1.0300|3:0.9400|4:0.9500|5:1.1000|6:0.8200|,,7919896,1,336262,3589,31,19.76753062010549,20.96800911627806,3,434400
Dengeli,23,3647,2021,2,1473,1110,363,6311,151,91,0,0,329,8911570,7049637,1818977,525000,115276,181676,219688,0,13158,764179,438619,317845,0,120774,128197,3627518,4730546,198326,0,0,0,0,3.0,0.0,2.0,0.0,1.0,1315.5681815357143,1484.545455,1037.3360390357143,1030.8814935357143,1304.6542209285712,3.242156,29.686922285714285,0.95,0.95,1.0,0.925,3,0:1.0500|1:0.9300|2:1.0300|3:0.9400|4:0.9500|5:1.1000|6:0.8200|,,7099954,1,336262,3620,28,20.411408988539616,21.149199745406484,3,427917
Dengeli,23,3653,2021,3,341,259,82,1588,33,18,0,0,79,2112525,1661392,439428,112500,24702,39648,43614,0,1092,217872,211266,-87534,298800,0,17500,3794764,4698256,0,0,0,0,0,3.0,0.0,2.0,0.0,1.0,1326.363636,1513.181818,1045.4015153333332,1039.0606061666667,1329.5909086666668,3.304138,31.431646666666666,0.9499999999999998,0.9499999999999998,1.0,0.9250000000000002,3,0:1.0500|1:0.9300|2:1.0300|3:0.9400|4:0.9500|5:1.1000|6:0.8200|,,1652270,1,0,3648,6,20.801079277168316,21.18288778739308,3,217872
Atak,21,25,2011,3,1481,1341,140,6065,208,75,0,4,112,2529530,1875968,644021,168750,37975,50012,55000,0,10442,321842,200567,139997,0,60570,66012,490282,140790,71527,0,12127,0,0,3.0,1.0,2.0,0.0,0.0,433.58181832,457.7272730000001,312.31272712,323.31272732,432.97454511999996,1.0,33.17696092,1.0,1.0,1.0,1.0,none,0:1.0000|1:0.9100|2:1.0300|3:0.9400|4:0.9500|5:1.1000|6:0.8200|,,2130312,1,121275,1,25,25.46010523694125,27.9691366372053,none,200567
Atak,21,55,2011,4,1743,1554,189,7301,240,90,0,5,145,2976755,2061953,891707,202500,45570,60374,66390,0,10552,506321,385046,279480,0,105566,116118,935548,899612,71527,0,24254,0,0,3.0,1.0,2.0,0.0,0.0,434.2954547,459.09090899999995,298.52727276666667,301.05303026666667,433.8196969333333,1.00592,30.453901433333332,1.0,1.0,1.0,1.0,none,0:1.0000|1:0.9200|2:1.0300|3:0.9400|4:0.9500|5:1.1000|6:0.8200|,,2049670,1,121275,26,30,29.955673207905924,31.261709157678947,none,385046
Atak,21,86,2011,5,2190,1945,245,11111,244,141,0,36,178,3921535,2901981,995687,209250,47089,62821,69099,0,9544,597884,476609,322059,0,154550,164094,1451066,1764874,71527,0,36381,0,0,3.0,1.0,2.0,0.0,0.0,405.61583593548386,464.31818200000004,295.0469207419355,296.48973606451614,407.2082110967742,1.01307,42.54341583870968,1.0,1.0,1.0,1.0,none,0:1.0000|1:0.8900|2:1.0300|3:0.9100|4:0.9500|5:1.1000|6:0.8200|,,2893388,1,121275,56,31,25.390236221275597,27.259516369359694,none,476609
Atak,21,116,2011,6,2064,1854,210,10632,240,68,0,31,153,3618110,2555856,1043469,202500,45570,61245,77460,0,9214,647480,545572,407461,0,138111,147325,1093608,1825880,78030,0,49611,0,0,3.0,1.0,2.0,0.0,0.0,419.5075758666666,466.818182,291.32727259999996,292.1924242333333,423.3045453666667,1.020512,42.14602576666667,1.0,1.0,1.0,1.0,none,0:1.0500|1:0.8950|2:1.0300|3:0.9050|4:0.9500|5:1.1000|6:0.8200|,,2560704,1,132300,87,30,28.840167932981583,30.554943614988876,none,515180
Atak,21,147,2011,7,2203,1970,233,11658,214,118,0,34,173,3942440,2908780,1012172,222750,50220,63751,80600,0,13410,581441,523925,376056,0,147869,127698,1335448,2454983,78030,0,62841,0,0,3.0,1.0,2.0,0.0,0.0,412.74926709677425,470.227273,303.5014663870968,301.159824,416.85043990322583,1.027766,41.848984967741934,1.0,1.0,1.0,1.0,none,0:1.0500|1:0.8950|2:1.0300|3:0.9050|4:0.9400|5:1.1000|6:0.8200|,,2945446,1,132300,117,31,25.67374519333205,26.468320944120038,none,449141
Atak,21,178,2011,8,2450,2140,310,12729,225,124,0,81,198,4262510,3275189,964956,223200,50220,64216,81189,0,10245,535886,166050,51541,0,114509,147985,1539626,2539353,78030,0,76071,0,0,3.0,1.0,2.0,0.0,0.0,394.3108503225807,474.090909,303.0527858387097,303.1744867741935,404.6979473548387,1.035317,45.28907754838709,1.0,1.0,1.0,1.0,none,0:1.0500|1:0.8950|2:1.0300|3:0.9050|4:0.9350|5:1.1000|6:0.8200|,,3323204,1,132300,148,31,22.63821081944676,23.14368585323328,none,403586
Atak,21,208,2011,9,1931,1741,190,9783,253,109,0,16,149,3702225,2718587,960356,227206,48600,62595,68820,0,7080,546055,-28368,-111427,0,83059,87122,1117560,10033210,78030,0,89301,0,0,3.8666666666666667,1.0,2.0,0.0,0.8666666666666667,409.1666666666667,477.272727,296.90909089999997,298.54393933333336,417.6878786666667,1.042922,41.47992356666667,1.0,1.0,1.0,1.0,none,0:1.0500|1:0.9150|2:1.0300|3:0.9250|4:0.9500|5:1.1000|6:0.8200|,,2689608,3,132300,179,30,25.939968532436577,27.435660065173128,none,413755
Atak,21,239,2011,10,1904,1716,188,9820,251,98,0,13,145,3721990,2681123,1019365,205361,43200,65146,71641,0,0,634017,888490,575194,113575,199721,199721,1130010,10645829,78030,0,102531,0,0,3.5806451612903225,0.5806451612903226,2.0,0.0,1.0,411.466275483871,481.136364,293.5351905483871,294.4897361935484,419.83577745161296,1.050335,43.65347970967742,1.0,1.0,1.0,1.0,none,0:1.0500|1:0.9150|2:1.0300|3:0.9250|4:0.9500|5:1.1000|6:0.8200|,,2690708,3,132300,209,31,27.387634034481554,28.66117880421689,none,501717
Atak,21,269,2011,11,1908,1709,199,9986,248,131,0,21,142,3841720,2758022,1070055,156930,32400,63495,69840,0,0,747390,1059559,680025,113575,265959,265959,1353200,11560334,78030,0,115761,0,0,3.0,0.0,2.0,0.0,1.0,411.59090899999995,484.545455,294.1045454333333,293.99393936666667,420.96818146666664,1.058051,43.885343733333336,1.0,1.0,1.0,1.0,none,0:1.0500|1:0.9200|2:1.0300|3:0.9300|4:0.9500|5:1.1000|6:0.8200|,,2761100,3,132300,240,30,27.853539560405235,28.54445056916129,none,615090
Atak,21,300,2011,12,1899,1699,200,8886,308,141,0,13,154,3805375,2640415,1147939,242161,51480,66077,79949,0,21570,686702,-1037747,-1385017,113575,233695,233695,1119680,4968249,81281,0,129542,0,0,3.6451612903225805,0.0,2.0,0.6451612903225806,1.0,426.96480932258066,487.5,294.67302048387097,294.6759531612903,433.8782992580645,1.065572,40.608881193548385,1.0,1.0,1.0,1.0,none,0:1.0500|1:0.9300|2:1.0300|3:0.9400|4:0.9500|5:1.1000|6:0.8200|,,2666272,5,137812,270,31,30.166251683474034,30.984237096402136,none,548890
Atak,21,331,2012,1,1843,1665,178,9050,235,120,0,6,159,3900270,2654849,1231731,292161,62775,66569,80538,0,0,729688,847984,333260,122867,391857,391857,1024692,5208342,81281,0,143323,0,0,4.0,0.0,2.0,1.0,1.0,429.7507328709677,491.81818200000004,289.03519061290325,290.49266854838714,436.4340175483871,1.0734,41.056119967741935,1.0,1.0,1.0,1.0,none,0:1.0500|1:0.9300|2:1.0300|3:0.9400|4:0.9500|5:1.1000|6:0.8200|,,2681658,5,137812,301,31,31.580659800475352,32.743525838340844,none,591876
Atak,21,360,2012,2,1750,1547,203,8303,250,111,0,15,158,3549095,2461677,1073988,273499,58725,62623,75777,0,0,603364,947013,609615,0,337398,337398,1222626,6011483,81281,0,157104,0,0,4.0,0.0,2.0,1.0,1.0,429.96081499999997,494.3181819999999,297.727273,295.3385579310345,437.93887162068967,1.079586,41.52676344827586,1.0,1.0,1.0,1.0,none,0:1.0500|1:0.9300|2:1.0300|3:0.9400|4:0.9500|5:1.1000|6:0.8200|,,2481222,5,137812,332,29,30.260897496404013,30.754789131190932,none,465552
Atak,21,391,2012,3,1994,1756,238,9745,276,115,0,19,194,3990775,2785810,1188555,292361,62775,67313,74028,0,0,692078,1287487,674137,240353,372997,372997,1220098,6452115,81281,0,170885,0,0,4.0,0.0,2.0,1.0,1.0,430.0,496.590909,295.28885641935483,295.81818177419353,439.4164225483871,1.085405,42.83686570967742,1.0,1.0,1.0,1.0,none,0:1.0500|1:0.9300|2:1.0300|3:0.9400|4:0.9500|5:1.1000|6:0.8200|,,2790112,5,137812,361,31,29.782561031378616,31.328172925731433,none,554266
Atak,21,421,2012,4,1785,1609,176,8704,241,109,0,3,148,3661400,2430204,1213350,282930,60750,65502,72060,0,0,732108,1463607,748475,117433,597699,597699,1151152,7270939,81281,0,184666,0,0,4.0,0.0,2.0,1.0,1.0,440.7651518666667,499.318182,288.863636,290.4545454666667,447.0848486333333,1.09166,39.4298578,1.0,1.0,1.0,1.0,none,0:1.0500|1:0.9300|2:1.0300|3:0.9400|4:0.9500|5:1.1000|6:0.8200|,,2463258,5,137812,392,30,33.138963238105646,34.46314102268629,none,594296
Atak,21,452,2012,5,1908,1725,183,9464,229,119,0,6,155,3917565,2670528,1230836,292361,62775,68058,74865,0,0,732777,1296357,711941,118752,465664,465664,1212590,7898128,81281,0,198447,0,0,4.0,0.0,2.0,1.0,1.0,441.136364,502.045455,300.39442816129036,298.0307918064516,448.3958944516129,1.097747,39.768873,1.0,1.0,1.0,1.0,none,0:1.0500|1:0.9300|2:1.0300|3:0.9400|4:0.9500|5:1.1000|6:0.8200|,,2676756,5,137812,422,31,31.418393823714474,31.904405831007313,none,594965
Atak,21,482,2012,6,1819,1648,171,9438,204,67,0,6,150,3590935,2430817,1148445,282930,60750,66252,83790,0,0,654723,681766,292099,2935,386732,386732,1072226,8190611,84532,0,212779,198415,0,4.0,0.0,2.0,1.0,1.0,442.3636364,505.227273,297.40909100000005,297.98939390000004,450.31666663333334,1.104074,40.414113633333336,1.0,1.0,1.0,1.0,none,0:1.0500|1:0.9300|2:1.0300|3:0.9400|4:0.9500|5:1.1000|6:0.8200|,Volkan Tekin:6:15213,2452452,5,143325,453,30,31.98178190359892,32.76818740791054,none,511398
Atak,21,513,2012,7,1986,1788,198,10139,217,69,0,13,174,3929750,2647006,1255384,298361,64170,68833,87079,0,0,736941,-250160,-822788,118633,453995,453995,1263954,32960968,84532,0,227111,491629,0,4.0,0.0,2.0,1.0,1.0,443.1598238709678,508.18181799999996,296.090909,296.7771261935484,451.32844538709674,1.11023,41.399338354838704,1.0,1.0,1.0,1.0,none,0:1.0500|1:0.9300|2:1.0300|3:0.9400|4:0.9500|5:1.1000|6:0.8200|,Volkan Tekin:6:15859,2701004,5,143325,483,31,31.945645397289905,33.18642777369389,none,593616
Atak,21,544,2012,8,1836,1636,200,8557,213,83,0,19,154,3473095,2258932,1199953,298561,64170,69236,87575,0,0,680411,-3921129,-4923566,559253,443184,443184,849788,23211043,84532,0,241443,950593,0,4.0,0.0,2.0,1.0,1.0,458.53372422580645,510.909091,299.18181799999996,298.2404693870968,463.247800516129,1.116629,35.232956,1.0,1.0,1.0,1.0,none,0:1.0500|1:0.9300|2:1.0300|3:0.9400|4:0.9500|5:1.1000|6:0.8200|,Volkan Tekin:6:15859|Özlem Yavuz:4:38247,2245318,9,143325,514,31,34.549961921571395,34.75249426742996,none,537086
Atak,21,574,2012,9,1747,1563,184,8248,228,111,0,8,151,3701245,2429754,1256031,288930,62100,67393,74130,0,0,763478,2498434,617235,557302,1323897,1015182,1107836,22223668,84532,0,255775,1623180,0,4.0,0.0,2.0,1.0,1.0,465.6515148,514.090909,306.40909100000005,304.4984849333333,470.0954543,1.123064,34.15319533333333,1.0,1.0,1.0,1.0,none,0:1.0500|1:0.9300|2:1.0300|3:0.9400|4:0.9500|5:1.1000|6:0.8200|,Volkan Tekin:6:15859|Özlem Yavuz:4:38247,2478910,11,143325,545,30,33.93536499204997,34.19776780247251,none,620153
Atak,21,605,2012,10,1798,1601,197,8012,234,101,0,8,160,3476625,2232792,1228489,298561,64170,70042,77035,0,0,718681,7713361,5752716,447947,1512698,1821413,914208,26967874,84532,0,270107,1677286,0,4.0,0.0,2.0,1.0,1.0,466.43694987096774,516.818182,296.863636,299.16862170967744,470.5161291612903,1.129326,34.39458264516129,1.0,1.0,1.0,1.0,none,0:1.0500|1:0.9300|2:1.0300|3:0.9400|4:0.9500|5:1.1000|6:0.8200|,Volkan Tekin:6:15859|Özlem Yavuz:4:38247,2234272,11,143325,575,31,35.33567756085284,36.35503446240215,none,575356
Atak,21,635,2012,11,1703,1515,188,8001,202,109,0,2,151,3454540,2211050,1227943,288930,62100,68172,74970,0,0,733771,7648730,4987580,553310,2107840,2107840,973550,24250864,84532,0,284439,1623180,0,4.0,0.0,2.0,1.0,1.0,466.59090899999995,520.227273,298.863636,298.47121223333335,473.83636383333334,1.135835,35.95276596666667,1.0,1.0,1.0,1.0,none,0:1.0500|1:0.9300|2:1.0300|3:0.9400|4:0.9500|5:1.1000|6:0.8200|,Volkan Tekin:6:15859|Özlem Yavuz:4:38247,2212882,11,143325,606,30,35.54577454595981,35.94739412293179,none,590446
Atak,21,666,2012,12,1664,1483,181,7176,285,128,0,6,145,3710610,2398389,1295877,298561,64170,70818,85684,0,0,776644,6956883,4403776,1381,2551726,2551726,1113420,29524180,87784,0,299323,1679684,0,4.0,0.0,2.0,1.0,1.0,477.42668638709677,522.727273,310.772727,308.06451612903226,480.5938416129032,1.142168,32.04511796774194,1.0,1.0,1.0,1.0,none,0:1.0500|1:0.9300|2:1.0300|3:0.9400|4:0.9500|5:1.1000|6:0.8200|,Volkan Tekin:6:15859|Özlem Yavuz:4:38247,2459832,11,148837,636,31,34.92355704318158,34.906712200828686,none,627807
Atak,21,697,2013,1,1616,1429,187,6758,204,123,0,0,153,3298195,2119781,1166885,304561,65565,71252,86180,0,0,639327,5195713,2914714,398808,1882191,1882191,1021530,95929905,87784,0,314207,1751624,0,4.0,0.0,2.0,1.0,1.0,480.05865067741934,525.454545,309.227273,309.41202345161287,482.63049861290324,1.148751,31.510658193548387,1.0,1.0,1.0,1.0,none,0:1.0500|1:0.9300|2:1.0300|3:0.9400|4:0.9500|5:1.1000|6:0.8200|,Volkan Tekin:6:16562|Özlem Yavuz:4:39942,2108380,12,148837,667,31,35.379503031203434,35.58552219324786,none,490490
Atak,21,725,2013,2,1453,1280,173,6320,227,136,0,0,133,3257380,2097778,1138212,275268,59220,64749,78316,0,0,660659,-7020103,-9454077,1313164,1120810,1120810,1050456,46154579,87784,0,329091,1582112,0,4.0,0.0,2.0,1.0,1.0,481.5827925,528.863636,310.31818175,309.72077924999996,484.84253225000003,1.155828,31.37588285714286,1.0,1.0,1.0,1.0,none,0:1.0500|1:0.9300|2:1.0300|3:0.9400|4:0.9500|5:1.1000|6:0.8200|,Volkan Tekin:6:16562|Özlem Yavuz:4:39942,2118284,17,148837,698,28,34.942561199491614,35.56285926682067,none,511822
Atak,21,756,2013,3,1666,1463,203,7374,210,106,0,0,165,3299435,2104905,1184153,304761,65565,72089,79267,0,0,662471,12113984,8597357,1459429,2057198,1390227,946676,44871783,87784,0,343975,1751624,0,4.0,0.0,2.0,1.0,1.0,480.51319664516126,531.818182,305.9252199032258,307.218475032258,485.64662751612906,1.162259,32.81621158064516,1.0,1.0,1.0,1.0,none,0:1.0500|1:0.9300|2:1.0300|3:0.9400|4:0.9500|5:1.1000|6:0.8200|,Volkan Tekin:6:16562|Özlem Yavuz:4:39942,2096432,18,148837,726,31,35.88956897165727,36.333648682465075,none,513634
Atak,21,786,2013,4,1640,1430,210,6849,218,84,0,0,167,3181240,1969835,1198635,294930,63450,70184,77190,0,0,692881,16255920,10668488,1453238,4134194,4801165,910180,47806980,87784,0,358859,1695120,0,4.0,0.0,2.0,1.0,1.0,491.24242446666665,535.454545,304.136364,304.95,492.5318180333333,1.16942,30.287856733333335,1.0,1.0,1.0,1.0,none,0:1.0500|1:0.9300|2:1.0300|3:0.9400|4:0.9500|5:1.1000|6:0.8200|,Volkan Tekin:6:16562|Özlem Yavuz:4:39942,2002098,18,148837,757,30,37.67823238737096,38.08833503535539,none,544044
Atak,21,817,2013,5,1615,1430,185,6788,220,109,0,0,142,3147700,1984490,1145922,304761,65565,72957,80228,0,0,622411,15840596,10194036,1446948,4199612,4199612,860706,55496252,87784,0,373743,1751624,0,4.0,0.0,2.0,1.0,1.0,492.57331416129034,538.409091,312.863636,310.4413489354839,495.7302050645161,1.176391,31.206895451612905,1.0,1.0,1.0,1.0,none,0:1.0500|1:0.9300|2:1.0300|3:0.9400|4:0.9500|5:1.1000|6:0.8200|,Volkan Tekin:6:16562|Özlem Yavuz:4:39942,2027526,18,148837,787,31,36.405057661149414,36.48384372330114,none,473574
Atak,21,847,2013,6,1646,1470,176,6945,196,75,0,3,147,3106865,1942314,1148816,294930,63450,71024,89850,0,0,629562,13615108,7159042,1440842,5015224,3978984,944814,59683798,92660,0,389453,1697651,0,4.0,0.0,2.0,1.0,1.0,496.3939393333333,542.045455,314.363636,313.01666659999995,498.95909083333333,1.183639,30.595448733333335,1.0,1.0,1.0,1.0,none,0:1.0500|1:0.9300|2:1.0300|3:0.9400|4:0.9500|5:1.1000|6:0.8200|,Volkan Tekin:6:16562|Özlem Yavuz:4:39942,1977032,18,157106,818,30,36.97669515733706,36.67053300002082,none,472456
Atak,21,878,2013,7,1739,1553,186,7709,172,101,0,0,155,3325250,2099449,1207426,313761,67642,73826,93372,0,0,658825,16115223,10275502,1437844,4401877,5438117,955044,66706813,92660,0,405163,1830085,0,4.0,0.0,2.0,1.0,1.0,496.14369474193546,545.0,318.18181799999996,316.37536658064516,498.82844561290324,1.190696,30.023310612903224,1.0,1.0,1.0,1.0,none,0:1.0500|1:0.9300|2:1.0300|3:0.9400|4:0.9500|5:1.1000|6:0.8200|,Volkan Tekin:6:17303|Özlem Yavuz:4:41732,2103618,18,157106,848,31,36.31083377189685,35.86901912247433,none,501719
Atak,21,909,2013,8,1619,1454,165,6905,181,62,0,3,139,3100235,1932480,1153935,314061,67642,74291,93961,0,0,603980,17172680,11331510,1431287,4409883,4409883,826360,69775955,92660,0,420873,1830085,0,4.0,0.0,2.0,1.0,1.0,509.1715544193548,549.090909,320.18181799999996,318.79765383870966,508.02639283870974,1.198032,28.505095225806453,1.0,1.0,1.0,1.0,none,0:1.0500|1:0.9300|2:1.0300|3:0.9400|4:0.9500|5:1.1000|6:0.8200|,Volkan Tekin:6:17303|Özlem Yavuz:4:41732,1950196,18,157106,879,31,37.22088809396707,37.11710420172107,none,446874
Atak,21,939,2013,9,1536,1339,197,6193,223,77,0,0,159,3202690,1994247,1188478,303930,65460,72344,79560,0,0,667184,22397984,14500511,1413527,6483946,6483946,1003296,71885108,92660,0,436583,1771050,0,4.0,0.0,2.0,1.0,1.0,506.13636349999996,551.590909,314.5,316.0651514666667,507.8984848333333,1.205414,28.89574256666667,1.0,1.0,1.0,1.0,none,0:1.0500|1:0.9300|2:1.0300|3:0.9400|4:0.9500|5:1.1000|6:0.8200|,Volkan Tekin:6:17303|Özlem Yavuz:4:41732,2032860,18,157106,910,30,37.10874296294677,37.86259540310622,none,510078
Atak,21,970,2013,10,1569,1378,191,6504,244,68,0,0,157,3261865,2018809,1228381,314061,67642,75190,82708,0,0,688780,18236309,11812823,1395486,5028000,5028000,921828,65730535,92660,0,452293,1830085,0,4.0,0.0,2.0,1.0,1.0,510.0513199032259,555.227273,318.227273,316.91202345161287,511.0410558064516,1.2126,28.82298570967742,1.0,1.0,1.0,1.0,none,0:1.0500|1:0.9300|2:1.0300|3:0.9400|4:0.9500|5:1.1000|6:0.8200|,Volkan Tekin:6:17303|Özlem Yavuz:4:41732,2016942,19,157106,940,31,37.65885467362996,37.60877374841838,none,531674
Atak,21,1000,2013,11,1677,1467,210,6961,260,85,0,0,177,3509675,2184085,1305767,303930,65460,73215,80520,0,0,782642,24388723,19006188,2183,5380352,5380352,951664,71400439,92660,0,468003,1771050,0,4.0,0.0,2.0,1.0,1.0,510.6363635,558.409091,317.818182,317.3909091,514.2454543333333,1.220071,29.6284402,1.0,1.0,1.0,1.0,none,0:1.0500|1:0.9300|2:1.0300|3:0.9400|4:0.9500|5:1.1000|6:0.8200|,Volkan Tekin:6:17303|Özlem Yavuz:4:41732,2202302,19,157106,971,30,37.20478391873891,37.76037025220591,none,625536
Atak,21,1031,2013,12,1524,1328,196,5754,329,87,0,0,146,3366920,2040284,1315259,314061,67642,76120,92070,0,0,765366,31832439,21869993,1137933,8824513,8824513,902754,85653925,95911,0,484264,1832844,0,4.0,0.0,2.0,1.0,1.0,522.5586505806452,562.045455,315.909091,316.5205275806452,519.3093838709677,1.227345,27.53410283870968,1.0,1.0,1.0,1.0,none,0:1.0500|1:0.9300|2:1.0300|3:0.9400|4:0.9500|5:1.1000|6:0.8200|,Volkan Tekin:6:17303|Özlem Yavuz:4:41732,2056806,19,162619,1001,31,39.064159528589926,39.54571594040687,none,602747
Atak,21,1062,2014,1,1537,1340,197,6077,293,86,0,0,162,3666515,2300385,1349677,320061,69037,76586,92628,0,0,791365,13378263,7366035,1120436,4891792,4891792,982566,75713306,95911,0,500525,1915614,0,4.0,0.0,2.0,1.0,1.0,522.7712608387096,565.227273,327.86217022580644,324.86510261290323,521.5586511612903,1.234907,27.64433583870968,1.0,1.0,1.0,1.0,none,0:1.0500|1:0.9300|2:1.0300|3:0.9400|4:0.9500|5:1.1000|6:0.8200|,Volkan Tekin:6:18112|Özlem Yavuz:4:43682,2323050,21,162619,1032,31,36.81089535976261,37.283818988098204,none,628746
Atak,21,1090,2014,2,1480,1291,189,5786,304,70,0,0,160,3367845,2089407,1263289,289268,62356,69623,84224,0,0,757818,20230408,12941344,1102714,6186350,6186350,1025134,90962571,95911,0,516786,1730232,0,4.0,0.0,2.0,1.0,1.0,524.7564937857143,569.545455,322.26623367857144,323.63474017857146,525.1055194285715,1.243005,28.145404428571428,1.0,1.0,1.0,1.0,none,0:1.0500|1:0.9300|2:1.0300|3:0.9400|4:0.9500|5:1.1000|6:0.8200|,Volkan Tekin:6:18112|Özlem Yavuz:4:43682,2114540,21,162619,1063,28,37.51030703610172,38.5874710470625,none,595199
Atak,21,1121,2014,3,1587,1384,203,6165,258,57,0,0,174,3309775,2071399,1219544,320261,69037,77547,85281,0,0,667418,30804535,20769083,1084763,8950689,8950689,877700,96091614,95911,0,533047,1915614,0,4.0,0.0,2.0,1.0,1.0,524.3841643548387,572.954545,329.227273,326.8592375483871,527.4648095806451,1.250366,29.137200387096772,1.0,1.0,1.0,1.0,none,0:1.0500|1:0.9300|2:1.0300|3:0.9400|4:0.9500|5:1.1000|6:0.8200|,Volkan Tekin:6:18112|Özlem Yavuz:4:43682,2116626,21,162619,1091,31,36.846734294627275,37.2163967985083,none,504799
Atak,21,1151,2014,4,1619,1405,214,6485,272,82,0,0,173,3613370,2238409,1355299,309930,66810,75526,83070,0,0,819963,25836470,17547285,1066582,7222603,7222603,1132760,105409860,95911,0,549308,1853820,0,4.0,0.0,2.0,1.0,1.0,536.0606061666666,575.454545,332.90909100000005,331.13333320000004,531.6878788333333,1.258565,26.849746566666667,1.0,1.0,1.0,1.0,none,0:1.0500|1:0.9300|2:1.0300|3:0.9400|4:0.9500|5:1.1000|6:0.8200|,Volkan Tekin:6:18112|Özlem Yavuz:4:43682,2247608,21,162619,1122,30,37.50789429258559,37.89711701059129,none,657344
Atak,21,1182,2014,5,1828,1588,240,7400,263,87,0,2,202,4065345,2535478,1515342,320261,69037,78540,86366,0,0,961138,29919482,22227079,563,7691840,7691840,1032642,116874944,95911,0,565569,1915614,0,4.0,0.0,2.0,1.0,1.0,534.4208209032258,579.772727,331.68181799999996,331.64076251612903,534.6876832903225,1.266552,28.562036838709677,1.0,1.0,1.0,1.0,none,0:1.0500|1:0.9300|2:1.0300|3:0.9400|4:0.9500|5:1.1000|6:0.8200|,Volkan Tekin:6:18112|Özlem Yavuz:4:43682,2532222,21,162619,1152,31,37.274622449017244,37.936209626072625,none,798519
Atak,21,1212,2014,6,1753,1531,222,7277,248,66,0,4,192,3432095,2123931,1295665,309930,66810,76516,96750,0,0,745659,18701560,9410837,1137776,8152947,8152947,923010,104200727,100789,0,582658,1856740,0,4.0,0.0,2.0,1.0,1.0,535.7424245333333,582.954545,335.09090899999995,333.7757575333334,536.8560605666667,1.274857,29.580932266666665,1.0,1.0,1.0,1.0,none,0:1.0500|1:0.9300|2:1.0300|3:0.9400|4:0.9500|5:1.1000|6:0.8200|,Volkan Tekin:6:18112|Özlem Yavuz:4:43682,2169840,23,170887,1183,30,37.751431705707446,37.45298231853002,none,574772
Atak,21,1243,2014,7,1908,1679,229,7751,227,97,0,9,193,3851720,2432221,1397949,329261,71145,79563,100626,0,0,817354,27414616,18333916,1120604,7960096,7960096,1037364,111794964,100789,0,599747,2006134,0,4.0,0.0,2.0,1.0,1.0,538.6510263548387,587.954545,343.18181799999996,340.8313782258065,541.479472483871,1.282947,29.70520019354839,1.0,1.0,1.0,1.0,none,0:1.0500|1:0.9300|2:1.0300|3:0.9400|4:0.9500|5:1.1000|6:0.8200|,Volkan Tekin:6:18968|Özlem Yavuz:4:45746,2477670,23,170887,1213,31,36.294149107411755,36.28865421042984,none,646467
Atak,21,1274,2014,8,1826,1582,244,7506,209,47,0,11,208,3723835,2311943,1392718,329561,71145,80090,101277,0,0,810645,32118290,19999631,1103484,11015175,8750401,1087424,135001930,100789,0,616836,2006134,0,4.0,0.0,2.0,1.0,1.0,544.8167153870968,590.681818,335.454545,337.5263929032258,545.052786,1.291361,28.751877387096776,1.0,1.0,1.0,1.0,none,0:1.0500|1:0.9300|2:1.0300|3:0.9400|4:0.9500|5:1.1000|6:0.8200|,Volkan Tekin:6:18968|Özlem Yavuz:4:45746,2312478,23,170887,1244,31,37.40009962847441,38.428000550303096,none,639758
Atak,21,1304,2014,9,1684,1472,212,6749,270,107,0,0,183,3849795,2433543,1401912,318930,68850,78016,85800,0,0,850316,30868269,20410639,1089894,9367736,11632510,1123528,139098996,100789,0,633925,1941420,0,4.0,0.0,2.0,1.0,1.0,547.727273,594.3181820000001,347.90909100000005,344.90454546666666,548.5712118333335,1.299829,29.112993066666665,1.0,1.0,1.0,1.0,none,0:1.0500|1:0.9300|2:1.0300|3:0.9400|4:0.9500|5:1.1000|6:0.8200|,Volkan Tekin:6:18968|Özlem Yavuz:4:45746,2467870,23,170887,1275,30,36.41523769447464,36.481327815859906,none,679429
Atak,21,1335,2014,10,1805,1577,228,7418,247,96,0,3,205,4133885,2559896,1552958,329561,71145,81113,89218,0,0,981921,39106791,28652883,1072005,9381903,9381903,1108872,145229845,100789,0,651014,2006134,0,4.0,0.0,2.0,1.0,1.0,550.4032257741935,599.318182,337.590909,340.1451613548387,552.0527859032259,1.308077,29.594278032258067,1.0,1.0,1.0,1.0,none,0:1.0500|1:0.9300|2:1.0300|3:0.9400|4:0.9500|5:1.1000|6:0.8200|,Volkan Tekin:6:18968|Özlem Yavuz:4:45746,2535472,24,170887,1305,31,37.56655059344902,38.66480187772394,none,811034
Atak,21,1365,2014,11,1777,1533,244,7060,266,92,0,8,206,3889350,2447219,1429640,318930,68850,79007,86910,0,0,875943,46655480,33719041,3174,12933265,10063479,1063058,137941896,100789,0,668103,1941420,0,4.0,0.0,2.0,1.0,1.0,552.2272724666667,602.272727,350.09090899999995,347.2636365,554.9015151,1.316655,29.39405693333333,1.0,1.0,1.0,1.0,none,0:1.0500|1:0.9300|2:1.0300|3:0.9400|4:0.9500|5:1.1000|6:0.8200|,Volkan Tekin:6:18968|Özlem Yavuz:4:45746,2509954,24,170887,1336,30,36.7578130021726,36.603835693186994,none,705056
Atak,21,1396,2014,12,1682,1433,249,6400,311,105,0,0,194,4042440,2507237,1519730,329561,71145,82167,99417,0,0,937440,49169518,35755203,1074584,12339731,15209517,1212844,160683342,105665,0,686018,2009314,0,4.0,0.0,2.0,1.0,1.0,564.4648093548387,606.818182,349.727273,349.2228741290323,561.5689148064516,1.32501,27.336533161290323,1.0,1.0,1.0,1.0,none,0:1.0500|1:0.9300|2:1.0300|3:0.9400|4:0.9500|5:1.1000|6:0.8200|,Volkan Tekin:6:18968|Özlem Yavuz:4:45746,2505636,24,179156,1366,31,37.594373695095044,38.04267915306808,none,758284
Atak,21,1427,2015,1,1732,1488,244,6918,257,122,0,0,204,4152285,2575113,1558886,389861,84778,82696,100068,0,29403,872080,18606599,7785838,1058367,9762394,9762394,1119918,167074225,105665,0,703933,2104714,0,4.0,0.0,2.0,1.0,1.0,563.475073516129,610.227273,348.4193549354839,348.73607022580643,562.8137828387097,1.3337,26.252877548387097,1.0,1.0,1.0,1.0,none,0:1.0500|1:0.9300|2:1.0300|3:0.9400|4:0.9500|5:1.1000|6:0.8200|,Volkan Tekin:6:19900|Özlem Yavuz:4:47994,2575330,26,179156,1397,31,37.54284689032665,38.165968414304544,none,692924
Atak,21,1455,2015,2,1489,1280,209,5600,258,87,0,0,177,3372920,2108263,1245174,359268,78120,75225,91000,0,0,641561,23405792,13774206,1041928,8589658,8589658,1115796,173089025,105665,0,721848,1901032,0,4.0,0.0,2.0,1.0,1.0,566.4610388214286,614.5454550000001,356.863636,354.18181814285714,567.0064937142857,1.342972,25.594917428571428,1.0,1.0,1.0,1.0,none,0:1.0500|1:0.9300|2:1.0300|3:0.9400|4:0.9500|5:1.1000|6:0.8200|,Volkan Tekin:6:19900|Özlem Yavuz:4:47994,2156118,28,179156,1428,28,36.916796129169974,37.00120369399353,none,462405
Atak,21,1486,2015,3,1594,1369,225,6318,293,75,0,0,194,3699005,2299611,1382827,397761,86490,83812,92163,0,0,722601,49263647,33102245,1025265,15136137,15136137,969988,174219969,105665,0,739763,2104714,0,4.0,0.0,2.0,1.0,1.0,568.9589441290324,618.409091,350.636364,352.1202346774193,568.7184751935484,1.351403,26.025555451612906,1.0,1.0,1.0,1.0,none,0:1.0500|1:0.9300|2:1.0300|3:0.9400|4:0.9500|5:1.1000|6:0.8200|,Volkan Tekin:6:19900|Özlem Yavuz:4:47994,2304982,28,179156,1456,31,37.38375590192498,38.37229072182749,none,543445
Atak,21,1516,2015,4,1651,1405,246,6637,259,72,0,0,206,3810815,2350695,1436879,384930,83700,81678,89820,0,0,796751,48896202,34492475,1008372,13395355,13395355,1072260,192922755,105665,0,757678,2036820,0,4.0,0.0,2.0,1.0,1.0,573.3787877666667,622.954545,353.363636,352.51060616666666,574.4803031333333,1.360799,26.0453472,1.0,1.0,1.0,1.0,none,0:1.0500|1:0.9300|2:1.0300|3:0.9400|4:0.9500|5:1.1000|6:0.8200|,Volkan Tekin:6:19900|Özlem Yavuz:4:47994,2408398,28,179156,1487,30,37.70529401191084,38.37169362745953,none,617595
Atak,21,1547,2015,5,1721,1474,247,7195,213,78,0,2,209,3913446,2389829,1501860,397761,86490,84959,93434,0,827,838389,49552881,31596707,991248,16964926,13958355,1006434,214019149,105665,0,775593,2104714,0,4.0,0.0,2.0,1.0,1.0,577.5439884193548,626.818182,353.545455,352.8680350967742,579.2595308709678,1.369954,26.296787161290325,1.0,1.0,1.0,1.0,none,0:1.0500|1:0.9300|2:1.0300|3:0.9400|4:0.9500|5:1.1000|6:0.8200|,Volkan Tekin:6:19900|Özlem Yavuz:4:47994,2419496,28,179156,1517,31,38.376918960936216,38.784670589750725,none,659233
Atak,21,1577,2015,6,1750,1496,254,7189,219,68,0,4,218,3770006,2298721,1451875,384930,83700,82789,104700,0,344,795412,38272309,25397611,991,12873707,15880278,1032498,212606791,110542,0,794335,2040195,0,4.0,0.0,2.0,1.0,1.0,580.6818179999999,632.045455,354.88181840000004,354.3636364,582.0772726666668,1.379479,27.5462983,1.0,1.0,1.0,1.0,none,0:1.0500|1:0.9300|2:1.0300|3:0.9400|4:0.9500|5:1.1000|6:0.8200|,Volkan Tekin:6:19900|Özlem Yavuz:4:47994,2345106,30,187425,1548,30,38.51121191849562,38.88532283957269,none,607987
Atak,21,1608,2015,7,1731,1486,245,7109,199,54,0,7,206,3650585,2234110,1399324,406761,88567,86137,108934,0,746,708179,44644308,31412821,1053164,12178323,12178323,871224,217894388,110542,0,813077,2209339,0,4.0,0.0,2.0,1.0,1.0,584.9926688709677,635.227273,362.272727,359.57624632258063,586.3563049354839,1.38876,26.030851129032257,1.0,1.0,1.0,1.0,none,0:1.0500|1:0.9300|2:1.0300|3:0.9400|4:0.9500|5:1.1000|6:0.8200|,Volkan Tekin:6:20889|Özlem Yavuz:4:50381,2232456,31,187425,1578,31,38.33150029378853,38.07226205087593,none,520754
Atak,21,1639,2015,8,1708,1465,243,6950,208,55,0,3,217,3687468,2293416,1373800,407061,88567,86726,109678,0,1245,680523,43144161,24710762,1037539,17395860,17395860,1056742,232734453,110542,0,831819,2209339,0,4.0,0.0,2.0,1.0,1.0,591.7228743548387,640.909091,370.272727,367.4354838064516,592.774193516129,1.398416,26.251557548387094,1.0,1.0,1.0,1.0,none,0:1.0500|1:0.9300|2:1.0300|3:0.9400|4:0.9500|5:1.1000|6:0.8200|,Volkan Tekin:6:20889|Özlem Yavuz:4:50381,2335602,32,187425,1609,31,37.25591652591968,37.42463861926717,none,493098
Atak,21,1669,2015,9,1663,1447,216,6711,236,94,0,3,180,4057722,2545607,1489653,393930,85710,84499,92940,0,1484,831090,64003596,46874200,1021688,16107708,16107708,1016600,238990782,110542,0,850561,2138070,0,4.0,0.0,2.0,1.0,1.0,592.045455,644.090909,368.727273,368.77424260000004,594.4909089,1.408139,26.5597016,1.0,1.0,1.0,1.0,none,0:1.0500|1:0.9300|2:1.0300|3:0.9400|4:0.9500|5:1.1000|6:0.8200|,Volkan Tekin:6:20889|Özlem Yavuz:4:50381,2558724,33,187425,1640,30,36.71155885001486,37.71976967545506,none,643665
Atak,21,1700,2015,10,1711,1465,246,6825,232,111,0,0,198,4237364,2589717,1627845,407061,88567,87905,96689,0,955,946668,67138090,48982290,1005944,17149856,17149856,1087230,265136898,110542,0,869303,2209339,0,4.0,0.0,2.0,1.0,1.0,598.9076246129033,648.8636359999999,367.090909,367.5073313548387,600.4002933225806,1.417612,25.687826096774195,1.0,1.0,1.0,1.0,none,0:1.0500|1:0.9300|2:1.0300|3:0.9400|4:0.9500|5:1.1000|6:0.8200|,Volkan Tekin:6:20889|Özlem Yavuz:4:50381,2600852,33,187425,1670,31,38.41645419180415,38.70658947825805,none,759243
Atak,21,1730,2015,11,1648,1416,232,6571,200,98,0,0,204,3938077,2391467,1529703,393930,85710,85669,94200,0,1151,869043,75116137,53557378,994402,20564357,20564357,1158752,227800975,110542,0,888045,2138070,0,4.0,0.0,2.0,1.0,1.0,603.4242427,653.863636,367.09090899999995,367.2590908,604.0439392333334,1.427469,25.7925379,1.0,1.0,1.0,1.0,none,0:1.0500|1:0.9300|2:1.0300|3:0.9400|4:0.9500|5:1.1000|6:0.8200|,Volkan Tekin:6:20889|Özlem Yavuz:4:50381,2431522,34,187425,1701,30,38.84390782607856,39.165369399567886,none,681618
Atak,21,1761,2015,12,1674,1457,217,6720,235,141,0,0,190,4150072,2547916,1580624,407061,88567,89114,107818,0,465,887599,90119262,68243412,4086,21871764,21871764,1186464,276371863,117045,0,907890,2213029,0,4.0,0.0,2.0,1.0,1.0,604.7287388709677,658.181818,374.636364,372.2521993548387,606.8665686451612,1.437072,26.357453612903225,1.0,1.0,1.0,1.0,none,0:1.0500|1:0.9300|2:1.0300|3:0.9400|4:0.9500|5:1.1000|6:0.8200|,Volkan Tekin:6:20889|Özlem Yavuz:4:50381,2551168,34,198450,1731,31,38.086664520519165,38.04885729435509,none,689149
Atak,21,1792,2016,1,1679,1390,289,6488,323,70,0,2,241,4528049,2774996,1744337,419061,91357,89735,108562,0,432,1035190,36807971,13925843,996978,21885150,18283085,1227546,314753414,117045,0,927735,2323729,0,4.0,0.0,2.0,1.0,1.0,608.8563051290323,662.272727,373.31818200000004,373.3563050967742,611.7683285806452,1.447064,25.90367406451613,1.0,1.0,1.0,1.0,none,0:1.0500|1:0.9300|2:1.0300|3:0.9400|4:0.9500|5:1.1000|6:0.8200|,Volkan Tekin:6:21970|Özlem Yavuz:4:52989,2781216,36,198450,1762,31,38.52292676161411,38.68533858397273,none,836740
Atak,21,1821,2016,2,1596,1335,261,6292,263,65,0,0,228,4235662,2593533,1627312,392399,85463,84555,102312,0,403,962180,34096782,15873993,982192,17240597,20842662,1162234,298977801,117045,0,947580,2173811,0,4.0,0.0,2.0,1.0,1.0,615.7445142413793,667.272727,377.901253862069,376.20219437931036,616.2257052068966,1.4576940000000003,26.109128620689653,1.0,1.0,1.0,1.0,none,0:1.0500|1:0.9300|2:1.0300|3:0.9400|4:0.9500|5:1.1000|6:0.8200|,Volkan Tekin:6:21970|Özlem Yavuz:4:52989,2643260,40,198450,1793,29,38.419307300724185,38.62693940072568,none,763730
Atak,21,1852,2016,3,1787,1518,269,7165,243,79,0,0,244,4569067,2880278,1664194,419461,91357,91007,100099,0,474,961796,75063453,55575961,967191,18520301,18520301,1259696,287965296,117045,0,967425,2323729,0,4.0,0.0,2.0,1.0,1.0,613.7976540967742,671.1363640000001,388.4530789032258,385.4413489032258,616.7727271612903,1.467709,26.996582,1.0,1.0,1.0,1.0,none,0:1.0500|1:0.9300|2:1.0300|3:0.9400|4:0.9500|5:1.1000|6:0.8200|,Volkan Tekin:6:21970|Özlem Yavuz:4:52989,2914908,41,198450,1822,31,36.423059674983975,36.71316983528574,none,763346
Atak,21,1882,2016,4,1613,1349,264,6645,260,56,0,0,227,4130679,2535461,1576371,405930,88410,88731,97590,0,658,895052,79079375,55977890,951972,22149513,22149513,1230648,315680563,117045,0,987270,2248770,0,4.0,0.0,2.0,1.0,1.0,637.9772725333333,676.590909,393.0,391.1333333333333,636.2075756,1.4784910000000002,24.8415387,1.0,1.0,1.0,1.0,none,0:1.0500|1:0.9300|2:1.0300|3:0.9400|4:0.9500|5:1.1000|6:0.8200|,Volkan Tekin:6:21970|Özlem Yavuz:4:52989,2577240,41,198450,1853,30,38.16251517002411,38.399059508900244,none,696602
Atak,21,1913,2016,5,1686,1412,274,6592,251,74,0,0,239,4028743,2463703,1543058,419461,91357,92340,101556,0,993,837351,89706359,59312401,936532,29457426,29457426,1107450,343047386,117045,0,1007115,2323729,0,4.0,0.0,2.0,1.0,1.0,647.8445746129032,680.909091,396.31818200000004,394.5542522903226,640.6334312258065,1.489001,24.176966548387096,1.0,1.0,1.0,1.0,none,0:1.0500|1:0.9300|2:1.0300|3:0.9400|4:0.9500|5:1.1000|6:0.8200|,Volkan Tekin:6:21970|Özlem Yavuz:4:52989,2479694,41,198450,1883,31,38.30122695838379,38.82511368767639,none,638901
Atak,21,1943,2016,6,1704,1440,264,7029,202,75,0,0,237,3954795,2407744,1525565,405930,88410,90021,113850,0,963,826391,68993317,45915974,1926,23075417,23075417,1023960,359445302,123547,0,1028062,2310689,0,4.0,0.0,2.0,1.0,1.0,649.772727,685.6818179999999,396.136364,395.3469695333333,647.8212118,1.499939,25.309216,1.0,1.0,1.0,1.0,none,0:1.0500|1:0.9300|2:1.0300|3:0.9400|4:0.9500|5:1.1000|6:0.8200|,Volkan Tekin:6:21970|Özlem Yavuz:4:52989|Bülent Güneş:1:14315,2450842,43,209475,1914,30,38.57507152709559,39.03462741057767,none,616916
Atak,21,1974,2016,7,1751,1495,256,7296,223,65,0,3,217,4077069,2461977,1596935,431461,94147,93673,118482,0,959,858213,64076384,38171814,938871,24965699,19466294,1154994,375936120,123547,0,1049009,2911923,0,4.0,0.0,2.0,1.0,1.0,652.8445748709677,692.045455,394.590909,394.96774203225806,652.4721408709677,1.510601,25.009569000000003,1.0,1.0,1.0,1.0,none,0:1.0500|1:0.9300|2:1.0300|3:0.9400|4:0.9500|5:1.1000|6:0.8200|,Volkan Tekin:6:23117|Özlem Yavuz:4:55753|Bülent Güneş:1:15063,2471436,44,209475,1944,31,39.168701829672244,39.558215816070856,none,648738
Atak,21,2005,2016,8,1734,1460,274,6821,233,44,0,0,232,3731933,2266770,1443294,431861,94147,94356,119350,0,528,703052,66128156,42527237,924870,22676049,28175454,1075970,389708319,123547,0,1069956,2958051,0,4.0,0.0,2.0,1.0,1.0,657.5953080967741,696.590909,399.71114348387096,397.7727272903226,656.9633429677419,1.521698,26.181319903225805,1.0,1.0,1.0,1.0,none,0:1.0500|1:0.9300|2:1.0300|3:0.9400|4:0.9500|5:1.1000|6:0.8200|,Volkan Tekin:6:23117|Özlem Yavuz:4:55753|Bülent Güneş:1:15063|Ebru Turan:1:15376,2318766,46,209475,1975,31,38.67416697995382,39.216241575578884,none,493577
Atak,21,2035,2016,9,1610,1366,244,6540,212,42,0,0,219,4131000,2495789,1616851,417930,91110,92002,101160,0,0,914649,95517570,68484159,910666,26122745,26122745,1277406,410551648,123547,0,1090903,3279270,0,4.0,0.0,2.0,1.0,1.0,664.6818184666666,702.272727,398.227273,398.44090873333334,663.2893937000001,1.5328759999999997,26.9297251,1.0,1.0,1.0,1.0,none,0:1.0500|1:0.9300|2:1.0300|3:0.9400|4:0.9500|5:1.1000|6:0.8200|,Volkan Tekin:6:23117|Özlem Yavuz:4:55753|Bülent Güneş:1:15063|Ebru Turan:1:15376,2484582,47,209475,2006,30,39.13945775841201,40.08753332253651,none,705174
Atak,21,2066,2016,10,1622,1352,270,6395,300,53,0,0,231,4222342,2501425,1702730,431861,94147,95750,105276,0,541,975155,84471095,52662563,896256,30912276,30912276,1134504,403196331,123547,0,1111850,3511587,0,4.0,0.0,2.0,1.0,1.0,672.3900292580646,706.1363640000001,396.363636,397.1524927419355,665.8944278709678,1.543772,24.817766451612904,1.0,1.0,1.0,1.0,none,0:1.0500|1:0.9300|2:1.0300|3:0.9400|4:0.9500|5:1.1000|6:0.8200|,Volkan Tekin:6:23117|Özlem Yavuz:4:55753|Bülent Güneş:1:15063|Ebru Turan:1:15376|Cengiz Turan:1:15376,2523270,49,209475,2036,31,40.326671785468825,41.051529803712356,none,765680
Atak,21,2096,2016,11,1599,1326,273,6135,301,51,0,0,226,4036523,2386293,1637860,417930,91110,93322,102630,0,1068,931800,123795247,96837694,881636,26075917,26075917,1118862,347274860,123547,0,1132797,3740550,0,4.0,0.0,2.0,1.0,1.0,676.9545454,712.272727,399.29999990000005,398.2863636666667,671.5757575666667,1.555113,24.7321641,1.0,1.0,1.0,1.0,none,0:1.0500|1:0.9300|2:1.0300|3:0.9400|4:0.9500|5:1.1000|6:0.8200|,Volkan Tekin:6:23117|Özlem Yavuz:4:55753|Bülent Güneş:1:15063|Ebru Turan:1:15376|Cengiz Turan:1:15376,2436090,50,209475,2067,30,40.576010591293546,41.015242070047556,none,722325
Atak,21,2127,2016,12,1646,1354,292,6173,294,72,0,2,245,4231751,2526411,1685617,431861,94147,97115,117490,0,600,944404,145880911,111663487,0,34217424,34217424,1109214,406342178,130050,0,1154847,3872849,0,4.0,0.0,2.0,1.0,1.0,676.5982406451614,716.1363640000001,403.545455,401.68328451612905,674.611437064516,1.566167,25.227138999999998,1.0,1.0,1.0,1.0,none,0:1.0500|1:0.9300|2:1.0300|3:0.9400|4:0.9500|5:1.1000|6:0.8200|,Volkan Tekin:6:23117|Özlem Yavuz:4:55753|Bülent Güneş:1:15063|Ebru Turan:1:15376|Cengiz Turan:1:15376,2519358,50,220500,2097,31,39.83261302472664,40.356709379674925,none,723904
Atak,21,2158,2017,1,1632,1361,271,6276,279,93,0,0,216,4549855,2746624,1782787,443861,96937,97833,118358,0,0,1025798,43999078,9133633,889442,33976003,33976003,1204656,473789219,130050,0,1176897,4847125,0,4.0,0.0,2.0,1.0,1.0,687.9912023225806,722.5,414.136364,410.7272727741935,682.4120234516129,1.577672,24.369871967741936,1.0,1.0,1.0,1.0,none,0:1.0500|1:0.9300|2:1.0300|3:0.9400|4:0.9500|5:1.1000|6:0.8200|,Volkan Tekin:6:24528|Özlem Yavuz:4:59156|Bülent Güneş:1:15983|Ebru Turan:1:16316|Cengiz Turan:1:16316|Serap Korkmaz:1:16871|Can Korkmaz:2:29745,2781016,52,220500,2128,31,39.18338056927089,39.804991313562965,none,805298
Atak,21,2186,2017,2,1461,1189,272,5653,212,99,0,0,236,4122391,2474292,1630483,401268,87556,89150,107856,0,498,944155,24772241,3355222,876207,20540812,20540812,1137854,466356157,130050,0,1198947,5439025,0,4.0,0.0,2.0,1.0,1.0,696.12013025,729.0909089999999,416.72727242857144,415.48863625,689.2987015714285,1.591718,24.143696357142858,1.0,1.0,1.0,1.0,none,0:1.0500|1:0.9300|2:1.0300|3:0.9400|4:0.9500|5:1.1000|6:0.8200|,Volkan Tekin:6:24528|Özlem Yavuz:4:59156|Bülent Güneş:1:15983|Ebru Turan:1:16316|Cengiz Turan:1:16316|Serap Korkmaz:1:16871|Can Korkmaz:2:29745|Meltem Polat:1:15871|Ercan Öztürk:1:16093|Hülya Arslan:1:15316,2507990,57,220500,2159,28,39.551876568719464,40.135724522301814,none,723655
Atak,21,2217,2017,3,1586,1330,256,6131,240,51,0,0,233,4106439,2446672,1646317,444261,96937,99508,109430,0,650,895531,84122642,57370506,862781,25889355,25889355,1098342,448053889,130050,0,1220997,7012045,0,4.0,0.0,2.0,1.0,1.0,698.2258067741935,733.8636359999999,415.73020512903224,415.37096780645163,691.8739004516129,1.604512,24.041899193548385,1.0,1.0,1.0,1.0,none,0:1.0500|1:0.9300|2:1.0300|3:0.9400|4:0.9500|5:1.1000|6:0.8200|,Volkan Tekin:6:24528|Özlem Yavuz:4:59156|Bülent Güneş:1:15983|Ebru Turan:1:16316|Cengiz Turan:1:16316|Serap Korkmaz:1:16871|Can Korkmaz:2:29745|Meltem Polat:1:15871|Ercan Öztürk:1:16093|Hülya Arslan:1:15316,2460402,61,220500,2187,31,40.091110570496724,40.459060507988426,none,675031
Atak,21,2247,2017,4,1578,1291,287,5977,268,56,0,4,249,3944193,2366838,1553965,429930,93810,97167,106830,0,413,825815,101135749,61103043,849160,39183546,31101945,1114392,485901253,130050,0,1243047,6785850,0,4.0,0.0,2.0,1.0,1.0,701.2348483333334,740.6818179999999,422.863636,420.13030313333337,701.0848484666666,1.618797,24.372481233333335,1.0,1.0,1.0,1.0,none,0:1.0500|1:0.9300|2:1.0300|3:0.9400|4:0.9500|5:1.1000|6:0.8200|,Volkan Tekin:6:24528|Özlem Yavuz:4:59156|Bülent Güneş:1:15983|Ebru Turan:1:16316|Cengiz Turan:1:16316|Serap Korkmaz:1:16871|Can Korkmaz:2:29745|Meltem Polat:1:15871|Ercan Öztürk:1:16093|Hülya Arslan:1:15316,2417388,61,220500,2218,30,39.3988073098857,39.697287291833085,none,605315
Atak,21,2278,2017,5,1545,1260,285,5935,286,74,0,2,233,4142064,2495566,1627586,444261,96937,101245,111352,0,1028,872763,120372339,86045921,835341,33491077,41572678,1124940,516242232,130050,0,1265097,7012045,0,4.0,0.0,2.0,1.0,1.0,700.2565982580645,747.272727,421.863636,421.4985335483871,700.2434017419355,1.632742,24.70144529032258,1.0,1.0,1.0,1.0,none,0:1.0500|1:0.9300|2:1.0300|3:0.9400|4:0.9500|5:1.1000|6:0.8200|,Volkan Tekin:6:24528|Özlem Yavuz:4:59156|Bülent Güneş:1:15983|Ebru Turan:1:16316|Cengiz Turan:1:16316|Serap Korkmaz:1:16871|Can Korkmaz:2:29745|Meltem Polat:1:15871|Ercan Öztürk:1:16093|Hülya Arslan:1:15316,2525488,61,220500,2248,31,39.294081404826194,39.755849919955885,none,652263
Atak,21,2308,2017,6,1714,1409,305,6949,227,66,0,5,256,4184112,2486047,1678499,429930,93810,98878,125040,0,1182,929659,105488997,72175359,2943,33310695,33310695,1062484,532986498,138178,0,1288525,7253214,0,4.0,0.0,2.0,1.0,1.0,709.3181818666667,754.3181820000001,420.5,420.9318181,709.3318181,1.647278,26.108458733333336,1.0,1.0,1.0,1.0,none,0:1.0500|1:0.9300|2:1.0300|3:0.9400|4:0.9500|5:1.1000|6:0.8200|,Volkan Tekin:6:24528|Özlem Yavuz:4:59156|Bülent Güneş:1:15983|Ebru Turan:1:16316|Cengiz Turan:1:16316|Serap Korkmaz:1:16871|Can Korkmaz:2:29745|Meltem Polat:1:15871|Ercan Öztürk:1:16093|Hülya Arslan:1:15316|Gülay Bulut:1:14206|Murat Çelik:1:16426,2490396,63,234281,2279,30,40.11601505887032,40.71771868396248,none,695378
Atak,21,2339,2017,7,1697,1416,281,6404,247,57,0,0,241,4053072,2365035,1672918,459261,100440,103043,130324,0,677,879173,77555269,38683572,932684,37939013,37939013,1050778,556441803,138178,0,1311953,8555913,0,4.0,0.0,2.0,1.0,1.0,719.9266863870968,760.0,421.18181799999996,420.9853372258064,718.7727275483871,1.661468,24.970770612903227,1.0,1.0,1.0,1.0,none,0:1.0500|1:0.9300|2:1.0300|3:0.9400|4:0.9500|5:1.1000|6:0.8200|,Volkan Tekin:6:26045|Özlem Yavuz:4:62814|Bülent Güneş:1:16970|Ebru Turan:1:17324|Cengiz Turan:1:17324|Serap Korkmaz:1:17913|Can Korkmaz:2:31584|Meltem Polat:1:16852|Ercan Öztürk:1:17089|Hülya Arslan:1:16263|Gülay Bulut:1:15085|Murat Çelik:1:17442|Hasan Uçar:1:16617|Serkan Demir:2:31348|Kaan Doğan:3:54094,2411870,65,234281,2309,31,41.275309197566685,41.49656819728793,none,644892
Atak,21,2370,2017,8,1751,1428,323,7034,234,46,0,0,281,4543632,2648948,1876373,459761,100440,103972,131471,0,2113,1078616,95886091,60558220,919331,34408540,34408540,1075386,589805358,138178,0,1335381,11688837,0,4.0,0.0,2.0,1.0,1.0,726.4369500967741,766.818182,425.363636,423.6612902258064,724.741935516129,1.67626,25.074360483870965,1.0,1.0,1.0,1.0,none,0:1.0500|1:0.9300|2:1.0300|3:0.9400|4:0.9500|5:1.1000|6:0.8200|,Volkan Tekin:6:26045|Özlem Yavuz:4:62814|Bülent Güneş:1:16970|Ebru Turan:1:17324|Cengiz Turan:1:17324|Serap Korkmaz:1:17913|Can Korkmaz:2:31584|Meltem Polat:1:16852|Ercan Öztürk:1:17089|Hülya Arslan:1:16263|Gülay Bulut:1:15085|Murat Çelik:1:17442|Hasan Uçar:1:16617|Serkan Demir:2:31348|Kaan Doğan:3:54094|Can Demir:1:17796,2613836,67,234281,2340,31,41.29676435063403,41.44520925823857,none,844335
Atak,21,2400,2017,9,1616,1307,309,6314,239,72,0,0,266,4459578,2664474,1758703,444930,97200,101490,111630,0,1783,1001670,110817626,75964839,905763,33947024,33947024,1281588,591441583,138178,0,1358809,12244518,0,4.0,0.0,2.0,1.0,1.0,736.9090911999999,773.863636,443.90909100000005,438.5439395,732.4166666333333,1.691183,24.66321203333333,1.0,1.0,1.0,1.0,none,0:1.0500|1:0.9300|2:1.0300|3:0.9400|4:0.9500|5:1.1000|6:0.8200|,Volkan Tekin:6:26045|Özlem Yavuz:4:62814|Bülent Güneş:1:16970|Ebru Turan:1:17324|Cengiz Turan:1:17324|Serap Korkmaz:1:17913|Can Korkmaz:2:31584|Meltem Polat:1:16852|Ercan Öztürk:1:17089|Hülya Arslan:1:16263|Gülay Bulut:1:15085|Murat Çelik:1:17442|Hasan Uçar:1:16617|Serkan Demir:2:31348|Kaan Doğan:3:54094|Can Demir:1:17796|Hüseyin Kara:1:17324,2754084,68,234281,2371,30,39.43653412946247,39.76067111926545,none,767389
Atak,21,2431,2017,10,1589,1252,337,5718,319,81,0,0,274,3971351,2366212,1583644,459761,100440,105802,116343,0,766,800532,126420155,76845549,1769944,47804662,47804662,1145200,625410241,138178,0,1382237,12706373,0,4.0,0.0,2.0,1.0,1.0,743.6436948387096,781.1363640000001,442.5,442.24486790322584,738.3782991935484,1.705752,22.994654096774195,1.0,1.0,1.0,1.0,none,0:1.0500|1:0.9300|2:1.0300|3:0.9400|4:0.9500|5:1.1000|6:0.8200|,Volkan Tekin:6:26045|Özlem Yavuz:4:62814|Bülent Güneş:1:16970|Ebru Turan:1:17324|Cengiz Turan:1:17324|Serap Korkmaz:1:17913|Can Korkmaz:2:31584|Meltem Polat:1:16852|Ercan Öztürk:1:17089|Hülya Arslan:1:16263|Gülay Bulut:1:15085|Murat Çelik:1:17442|Hasan Uçar:1:16617|Serkan Demir:2:31348|Kaan Doğan:3:54094|Can Demir:1:17796|Hüseyin Kara:1:17324,2400342,68,234281,2401,31,39.8767069443119,40.49569665268597,none,566251
Atak,21,2461,2017,11,1626,1340,286,6384,275,83,0,0,232,4633043,2793914,1810252,444930,97200,103290,113580,0,940,1050312,162036443,125698405,436,36337602,36337602,1330816,547642198,138178,0,1405665,12296490,0,4.0,0.0,2.0,1.0,1.0,746.0984851666667,787.272727,448.636364,446.35454546666665,745.2560605333333,1.720938,24.332111933333334,1.0,1.0,1.0,1.0,none,0:1.0500|1:0.9300|2:1.0300|3:0.9400|4:0.9500|5:1.1000|6:0.8200|,Volkan Tekin:6:26045|Özlem Yavuz:4:62814|Bülent Güneş:1:16970|Ebru Turan:1:17324|Cengiz Turan:1:17324|Serap Korkmaz:1:17913|Can Korkmaz:2:31584|Meltem Polat:1:16852|Ercan Öztürk:1:17089|Hülya Arslan:1:16263|Gülay Bulut:1:15085|Murat Çelik:1:17442|Hasan Uçar:1:16617|Serkan Demir:2:31348|Kaan Doğan:3:54094|Can Demir:1:17796|Hüseyin Kara:1:17324,2848524,69,234281,2432,30,39.07263541478031,39.86901556303499,none,816031
Atak,21,2492,2017,12,1651,1365,286,6145,293,117,0,0,241,4895307,2931043,1944694,459761,100440,107662,130231,0,4080,1142520,189669375,128694948,880561,60093866,47757970,1292268,635369526,146306,0,1430471,12731397,0,4.0,0.0,2.0,1.0,1.0,757.3093842903226,794.545455,452.636364,450.72287403225806,751.4794719677419,1.735763,24.27139358064516,1.0,1.0,1.0,1.0,none,0:1.0500|1:0.9300|2:1.0300|3:0.9400|4:0.9500|5:1.1000|6:0.8200|,Volkan Tekin:6:26045|Özlem Yavuz:4:62814|Bülent Güneş:1:16970|Ebru Turan:1:17324|Cengiz Turan:1:17324|Serap Korkmaz:1:17913|Can Korkmaz:2:31584|Meltem Polat:1:16852|Ercan Öztürk:1:17089|Hülya Arslan:1:16263|Gülay Bulut:1:15085|Murat Çelik:1:17442|Hasan Uçar:1:16617|Serkan Demir:2:31348|Kaan Doğan:3:54094|Can Demir:1:17796|Hüseyin Kara:1:17324,2953878,69,248062,2462,31,39.725680125883834,40.230984404852286,none,894458
Atak,21,2523,2018,1,1608,1287,321,6499,274,109,0,0,268,5064545,3042419,1996039,474761,103912,108594,131378,0,0,1177394,61897718,22335312,868308,38694098,51029994,1504986,719741233,146306,0,1455277,13646802,0,4.0,0.0,2.0,1.0,1.0,753.3577711290322,801.590909,447.954545,449.20674493548387,750.5542522258065,1.751216,25.764058129032257,1.0,1.0,1.0,1.0,none,0:1.0500|1:0.9200|2:1.0300|3:0.9300|4:0.9400|5:1.1000|6:0.8200|,Volkan Tekin:6:27635|Özlem Yavuz:4:66649|Bülent Güneş:1:18006|Ebru Turan:1:18381|Cengiz Turan:1:18381|Serap Korkmaz:1:19007|Can Korkmaz:2:33512|Meltem Polat:1:17881|Ercan Öztürk:1:18131|Hülya Arslan:1:17257|Gülay Bulut:1:16006|Murat Çelik:1:18507|Hasan Uçar:1:17631|Serkan Demir:2:33262|Kaan Doğan:3:57396|Can Demir:1:18882|Hüseyin Kara:1:18381|Nesrin Bozkurt:1:17257|Cengiz Kaplan:2:37638,3073820,71,248062,2493,31,39.4120103582849,40.538936191145226,none,929332
Atak,21,2551,2018,2,1623,1304,319,6673,262,90,0,2,280,5012084,3021285,1971049,429268,93856,98980,119728,0,841,1228376,57017999,19394639,862789,36760571,36760571,1570438,760951417,146306,0,1480083,16602636,0,4.0,0.0,2.0,1.0,1.0,754.0746752857142,809.0909089999999,452.272727,450.9642856785714,756.1412338214286,1.766807,27.741192678571426,1.0,1.0,1.0,1.0,none,0:1.0500|1:0.9200|2:1.0300|3:0.9300|4:0.9400|5:1.1000|6:0.8200|,Volkan Tekin:6:27635|Özlem Yavuz:4:66649|Bülent Güneş:1:18006|Ebru Turan:1:18381|Cengiz Turan:1:18381|Serap Korkmaz:1:19007|Can Korkmaz:2:33512|Meltem Polat:1:17881|Ercan Öztürk:1:18131|Hülya Arslan:1:17257|Gülay Bulut:1:16006|Murat Çelik:1:18507|Hasan Uçar:1:17631|Serkan Demir:2:33262|Kaan Doğan:3:57396|Can Demir:1:18882|Hüseyin Kara:1:18381|Nesrin Bozkurt:1:17257|Cengiz Kaplan:2:37638|Arzu Özkan:1:20258|Emre Koç:2:35013|Kadir Erdoğan:3:51519|Yasemin Şimşek:1:19132,3015340,78,248062,2524,28,39.32593707527647,40.02281977860659,none,980314
Atak,21,2582,2018,3,1807,1456,351,7531,290,95,0,2,301,5294079,3175528,2093633,475261,103912,110454,121458,0,1926,1280622,120047205,82461787,849605,36735813,36735813,1372338,710456110,146306,0,1504889,19570200,0,4.0,0.0,2.0,1.0,1.0,760.410556967742,815.227273,452.954545,452.04105587096774,759.6979473548387,1.781008,28.64808048387097,1.0,1.0,1.0,1.0,none,0:1.0500|1:0.9250|2:1.0300|3:0.9350|4:0.9450|5:1.1000|6:0.8200|,Volkan Tekin:6:27635|Özlem Yavuz:4:66649|Bülent Güneş:1:18006|Ebru Turan:1:18381|Cengiz Turan:1:18381|Serap Korkmaz:1:19007|Can Korkmaz:2:33512|Meltem Polat:1:17881|Ercan Öztürk:1:18131|Hülya Arslan:1:17257|Gülay Bulut:1:16006|Murat Çelik:1:18507|Hasan Uçar:1:17631|Serkan Demir:2:33262|Kaan Doğan:3:57396|Can Demir:1:18882|Hüseyin Kara:1:18381|Nesrin Bozkurt:1:17257|Cengiz Kaplan:2:37638|Arzu Özkan:1:20258|Emre Koç:2:35013|Kadir Erdoğan:3:51519|Yasemin Şimşek:1:19132|Arzu Şimşek:1:17881,3210886,87,248062,2552,31,39.54668980194666,40.43289630193612,none,1032560
Atak,21,2612,2018,4,1630,1316,314,6859,244,71,0,0,278,5003982,3037394,1940739,459930,100560,107851,118590,0,1072,1152736,129621474,71958174,836208,56827092,56827092,1362228,744474461,146306,0,1529695,19008120,0,4.0,0.0,2.0,1.0,1.0,772.9015151,822.045455,470.454545,465.83636366666667,772.9909088666667,1.796864,27.381715866666664,1.0,1.0,1.0,1.0,none,0:1.0500|1:0.9300|2:1.0300|3:0.9400|4:0.9500|5:1.1000|6:0.8200|,Volkan Tekin:6:27635|Özlem Yavuz:4:66649|Bülent Güneş:1:18006|Ebru Turan:1:18381|Cengiz Turan:1:18381|Serap Korkmaz:1:19007|Can Korkmaz:2:33512|Meltem Polat:1:17881|Ercan Öztürk:1:18131|Hülya Arslan:1:17257|Gülay Bulut:1:16006|Murat Çelik:1:18507|Hasan Uçar:1:17631|Serkan Demir:2:33262|Kaan Doğan:3:57396|Can Demir:1:18882|Hüseyin Kara:1:18381|Nesrin Bozkurt:1:17257|Cengiz Kaplan:2:37638|Arzu Özkan:1:20258|Emre Koç:2:35013|Kadir Erdoğan:3:51519|Yasemin Şimşek:1:19132|Arzu Şimşek:1:17881,3102394,87,248062,2583,30,38.78389250800662,39.131372392363424,none,904674
Atak,21,2643,2018,5,1813,1463,350,7403,273,92,0,5,293,5395550,3279757,2094602,475261,103912,112407,123597,0,1578,1277847,161661102,113659902,5319,47995881,47995881,1436118,782268012,146306,0,1554501,19641724,0,4.0,0.0,2.0,1.0,1.0,778.2184751290323,829.772727,469.363636,469.0967741935484,776.7521992903227,1.812343,27.086467096774193,1.0,1.0,1.0,1.0,none,0:1.0500|1:0.9300|2:1.0300|3:0.9400|4:0.9500|5:1.1000|6:0.8200|,Volkan Tekin:6:27635|Özlem Yavuz:4:66649|Bülent Güneş:1:18006|Ebru Turan:1:18381|Cengiz Turan:1:18381|Serap Korkmaz:1:19007|Can Korkmaz:2:33512|Meltem Polat:1:17881|Ercan Öztürk:1:18131|Hülya Arslan:1:17257|Gülay Bulut:1:16006|Murat Çelik:1:18507|Hasan Uçar:1:17631|Serkan Demir:2:33262|Kaan Doğan:3:57396|Can Demir:1:18882|Hüseyin Kara:1:18381|Nesrin Bozkurt:1:17257|Cengiz Kaplan:2:37638|Arzu Özkan:1:20258|Emre Koç:2:35013|Kadir Erdoğan:3:51519|Yasemin Şimşek:1:19132|Arzu Şimşek:1:17881,3321684,87,248062,2613,31,38.820917237353,39.68742056372058,none,1029785
Atak,21,2673,2018,6,1823,1473,350,7736,178,70,0,8,319,4922385,2954086,1940244,459930,100560,109741,138780,0,2306,1128927,146135395,95725529,923884,49485982,49485982,1323524,833493977,156060,0,1580961,19047296,0,4.0,0.0,2.0,1.0,1.0,778.1060603000001,837.272727,461.681818,464.0500001333333,783.2681818666666,1.828478,29.6855079,1.0,1.0,1.0,1.0,none,0:1.0500|1:0.9200|2:1.0300|3:0.9300|4:0.9400|5:1.1000|6:0.8200|,Volkan Tekin:6:27635|Özlem Yavuz:4:66649|Bülent Güneş:1:18006|Ebru Turan:1:18381|Cengiz Turan:1:18381|Serap Korkmaz:1:19007|Can Korkmaz:2:33512|Meltem Polat:1:17881|Ercan Öztürk:1:18131|Hülya Arslan:1:17257|Gülay Bulut:1:16006|Murat Çelik:1:18507|Hasan Uçar:1:17631|Serkan Demir:2:33262|Kaan Doğan:3:57396|Can Demir:1:18882|Hüseyin Kara:1:18381|Nesrin Bozkurt:1:17257|Cengiz Kaplan:2:37638|Arzu Özkan:1:20258|Emre Koç:2:35013|Kadir Erdoğan:3:51519|Yasemin Şimşek:1:19132|Arzu Şimşek:1:17881,2962060,88,264600,2644,30,39.41674615049412,40.665952682337696,none,864327
Atak,21,2704,2018,7,1814,1516,298,8021,232,65,0,2,261,5412021,3279297,2115124,523861,114995,114361,144646,0,43481,1173780,78978490,28179064,911079,49888347,49888347,1572210,816287796,156060,0,1607421,22720350,0,3.903225806451613,0.0,2.0,0.9032258064516129,1.0,793.240468967742,844.318182,481.772727,476.3445748064516,791.2111436129031,1.84423,27.653516161290323,1.0,1.0,1.0,1.0,none,0:1.0500|1:0.9300|2:1.0300|3:0.9400|4:0.9500|5:1.1000|6:0.8200|,Volkan Tekin:6:29344|Özlem Yavuz:4:70769|Bülent Güneş:1:19120|Ebru Turan:1:19518|Cengiz Turan:1:19518|Serap Korkmaz:1:20182|Can Korkmaz:2:35584|Meltem Polat:1:18987|Ercan Öztürk:1:19252|Hülya Arslan:1:18324|Gülay Bulut:1:16996|Murat Çelik:1:19651|Hasan Uçar:1:18722|Serkan Demir:2:35318|Kaan Doğan:3:60945|Can Demir:1:20050|Hüseyin Kara:1:19518|Nesrin Bozkurt:1:18324|Cengiz Kaplan:2:39966|Arzu Özkan:1:21510|Emre Koç:2:37178|Kadir Erdoğan:3:54704|Yasemin Şimşek:1:20315|Arzu Şimşek:1:18987|Emine Uysal:1:21908|Hasan Öztürk:2:40231,3336210,94,264600,2674,31,39.081962172726236,39.26523597227214,none,909180
Atak,21,2735,2018,8,1808,1438,370,7590,205,66,0,9,327,5095526,3115891,1963446,558961,122760,115384,145917,0,1142,1019282,104574732,57211544,898046,46465142,46465142,1283966,872183626,156060,0,1633881,22782489,0,4.0,0.0,2.0,1.0,1.0,793.2991205483871,851.590909,482.81964790322576,481.68914961290324,797.7302052580645,1.860649,29.357172,1.0,1.0,1.0,1.0,none,0:1.0500|1:0.9300|2:1.0300|3:0.9400|4:0.9500|5:1.1000|6:0.8200|,Volkan Tekin:6:29344|Özlem Yavuz:4:70769|Bülent Güneş:1:19120|Ebru Turan:1:19518|Cengiz Turan:1:19518|Serap Korkmaz:1:20182|Can Korkmaz:2:35584|Meltem Polat:1:18987|Ercan Öztürk:1:19252|Hülya Arslan:1:18324|Gülay Bulut:1:16996|Murat Çelik:1:19651|Hasan Uçar:1:18722|Serkan Demir:2:35318|Kaan Doğan:3:60945|Can Demir:1:20050|Hüseyin Kara:1:19518|Nesrin Bozkurt:1:18324|Cengiz Kaplan:2:39966|Arzu Özkan:1:21510|Emre Koç:2:37178|Kadir Erdoğan:3:54704|Yasemin Şimşek:1:20315|Arzu Şimşek:1:18987|Emine Uysal:1:21908|Hasan Öztürk:2:40231,3114606,96,264600,2705,31,38.53274421521939,39.13775581025918,none,754682
Atak,21,2765,2018,9,1784,1454,330,7492,208,70,0,10,298,5417148,3241006,2146830,540930,118800,112653,123900,0,2270,1248277,144053868,83722965,884781,59446122,46471464,1460078,868665164,156060,0,1660341,22047570,0,4.0,0.0,2.0,1.0,1.0,806.3939395666667,859.3181820000001,476.363636,478.19545453333336,805.6196969,1.877214,29.2235251,1.0,1.0,1.0,1.0,none,0:1.0500|1:0.9300|2:1.0300|3:0.9400|4:0.9500|5:1.1000|6:0.8200|,Volkan Tekin:6:29344|Özlem Yavuz:4:70769|Bülent Güneş:1:19120|Ebru Turan:1:19518|Cengiz Turan:1:19518|Serap Korkmaz:1:20182|Can Korkmaz:2:35584|Meltem Polat:1:18987|Ercan Öztürk:1:19252|Hülya Arslan:1:18324|Gülay Bulut:1:16996|Murat Çelik:1:19651|Hasan Uçar:1:18722|Serkan Demir:2:35318|Kaan Doğan:3:60945|Can Demir:1:20050|Hüseyin Kara:1:19518|Nesrin Bozkurt:1:18324|Cengiz Kaplan:2:39966|Arzu Özkan:1:21510|Emre Koç:2:37178|Kadir Erdoğan:3:54704|Yasemin Şimşek:1:20315|Arzu Şimşek:1:18987|Emine Uysal:1:21908|Hasan Öztürk:2:40231,3272372,104,264600,2736,30,39.630263009243976,40.92668451154478,none,983677
Atak,21,2796,2018,10,1717,1413,304,6739,283,70,0,0,259,5339593,3126116,2189854,558961,122760,117430,129115,0,2107,1259481,160430624,106720891,871279,52838454,65813112,1405014,905546360,156060,0,1686801,22782489,0,4.0,0.0,2.0,1.0,1.0,822.8225807419356,866.3636359999999,482.227273,480.53665690322583,815.9765397096775,1.893385,25.48767822580645,1.0,1.0,1.0,1.0,none,0:1.0500|1:0.9300|2:1.0300|3:0.9400|4:0.9500|5:1.1000|6:0.8200|,Volkan Tekin:6:29344|Özlem Yavuz:4:70769|Bülent Güneş:1:19120|Ebru Turan:1:19518|Cengiz Turan:1:19518|Serap Korkmaz:1:20182|Can Korkmaz:2:35584|Meltem Polat:1:18987|Ercan Öztürk:1:19252|Hülya Arslan:1:18324|Gülay Bulut:1:16996|Murat Çelik:1:19651|Hasan Uçar:1:18722|Serkan Demir:2:35318|Kaan Doğan:3:60945|Can Demir:1:20050|Hüseyin Kara:1:19518|Nesrin Bozkurt:1:18324|Cengiz Kaplan:2:39966|Arzu Özkan:1:21510|Emre Koç:2:37178|Kadir Erdoğan:3:54704|Yasemin Şimşek:1:20315|Arzu Şimşek:1:18987|Emine Uysal:1:21908|Hasan Öztürk:2:40231,3158220,104,264600,2766,31,41.011627665254636,41.393529506059764,none,994881
Atak,21,2826,2018,11,1534,1227,307,5743,282,67,0,0,262,4539153,2738908,1779088,540930,118800,114633,126090,0,1272,877363,209376294,161480266,1857,47894171,47894171,1062018,763223788,156060,0,1713261,22047570,0,4.0,0.0,2.0,1.0,1.0,827.1515153,874.090909,501.727273,495.7636363666667,825.6303032333333,1.910241,24.614968700000002,1.0,1.0,1.0,1.0,none,0:1.0500|1:0.9300|2:1.0300|3:0.9400|4:0.9500|5:1.1000|6:0.8200|,Volkan Tekin:6:29344|Özlem Yavuz:4:70769|Bülent Güneş:1:19120|Ebru Turan:1:19518|Cengiz Turan:1:19518|Serap Korkmaz:1:20182|Can Korkmaz:2:35584|Meltem Polat:1:18987|Ercan Öztürk:1:19252|Hülya Arslan:1:18324|Gülay Bulut:1:16996|Murat Çelik:1:19651|Hasan Uçar:1:18722|Serkan Demir:2:35318|Kaan Doğan:3:60945|Can Demir:1:20050|Hüseyin Kara:1:19518|Nesrin Bozkurt:1:18324|Cengiz Kaplan:2:39966|Arzu Özkan:1:21510|Emre Koç:2:37178|Kadir Erdoğan:3:54704|Yasemin Şimşek:1:20315|Arzu Şimşek:1:18987|Emine Uysal:1:21908|Hasan Öztürk:2:40231,2694820,103,264600,2797,30,39.19427258785945,39.34276082199665,none,612763
Atak,21,2857,2018,12,1624,1305,319,6121,290,114,0,0,263,4999240,2977757,2005160,558961,122760,119478,144553,0,595,1058813,251513026,170267108,874041,80371877,80371877,1294764,819446078,167439,0,1741650,22841161,0,4.0,0.0,2.0,1.0,1.0,829.3181816451613,881.3636359999999,487.636364,491.3313782258065,829.2067448064516,1.926697,25.333775387096775,1.0,1.0,1.0,1.0,none,0:1.0500|1:0.9200|2:1.0300|3:0.9300|4:0.9400|5:1.1000|6:0.8200|,Volkan Tekin:6:29344|Özlem Yavuz:4:70769|Bülent Güneş:1:19120|Ebru Turan:1:19518|Cengiz Turan:1:19518|Serap Korkmaz:1:20182|Can Korkmaz:2:35584|Meltem Polat:1:18987|Ercan Öztürk:1:19252|Hülya Arslan:1:18324|Gülay Bulut:1:16996|Murat Çelik:1:19651|Hasan Uçar:1:18722|Serkan Demir:2:35318|Kaan Doğan:3:60945|Can Demir:1:20050|Hüseyin Kara:1:19518|Nesrin Bozkurt:1:18324|Cengiz Kaplan:2:39966|Arzu Özkan:1:21510|Emre Koç:2:37178|Kadir Erdoğan:3:54704|Yasemin Şimşek:1:20315|Arzu Şimşek:1:18987|Emine Uysal:1:21908|Hasan Öztürk:2:40231,2882778,103,283894,2827,31,40.10929661308519,41.20032880110616,none,774919
Atak,21,2888,2019,1,1553,1201,352,5812,323,66,0,0,286,4916301,2926682,1961301,579961,127627,120574,145824,0,1748,985567,76037248,22363698,861798,52811752,52811752,1287452,1004423474,167439,0,1770039,24601321,0,4.0,0.0,2.0,1.0,1.0,838.709677483871,889.318182,501.31818200000004,497.7478005483871,838.542522032258,1.94385,22.991294806451613,1.0,1.0,1.0,1.0,none,0:1.0500|1:0.9300|2:1.0300|3:0.9400|4:0.9500|5:1.1000|6:0.8200|,Volkan Tekin:6:31686|Özlem Yavuz:4:76420|Bülent Güneş:1:20646|Ebru Turan:1:21076|Cengiz Turan:1:21076|Serap Korkmaz:1:21793|Can Korkmaz:2:38425|Meltem Polat:1:20503|Ercan Öztürk:1:20789|Hülya Arslan:1:19786|Gülay Bulut:1:18352|Murat Çelik:1:21219|Hasan Uçar:1:20216|Serkan Demir:2:38138|Kaan Doğan:3:65811|Can Demir:1:21649|Hüseyin Kara:1:21076|Nesrin Bozkurt:1:19786|Cengiz Kaplan:2:43157|Arzu Özkan:1:23227|Emre Koç:2:40146|Kadir Erdoğan:3:59072|Yasemin Şimşek:1:21937|Arzu Şimşek:1:20503|Emine Uysal:1:23657|Hasan Öztürk:2:43443,3075526,103,283894,2858,31,39.893834816053776,40.22744753536712,none,701673
Atak,21,2916,2019,2,1389,1068,321,5152,236,67,0,0,279,4482350,2715146,1748994,524468,115276,110195,133280,0,2905,862870,5895992,-40875039,849336,45921695,45921695,1405736,972398373,167439,0,1798428,22220548,0,4.0,0.0,2.0,1.0,1.0,850.6168828928572,900.0,515.181818,509.8587662142857,849.9805193214286,1.967061,22.767886714285712,1.0,1.0,1.0,1.0,none,0:1.0500|1:0.9300|2:1.0300|3:0.9400|4:0.9500|5:1.1000|6:0.8200|,Volkan Tekin:6:31686|Özlem Yavuz:4:76420|Bülent Güneş:1:20646|Ebru Turan:1:21076|Cengiz Turan:1:21076|Serap Korkmaz:1:21793|Can Korkmaz:2:38425|Meltem Polat:1:20503|Ercan Öztürk:1:20789|Hülya Arslan:1:19786|Gülay Bulut:1:18352|Murat Çelik:1:21219|Hasan Uçar:1:20216|Serkan Demir:2:38138|Kaan Doğan:3:65811|Can Demir:1:21649|Hüseyin Kara:1:21076|Nesrin Bozkurt:1:19786|Cengiz Kaplan:2:43157|Arzu Özkan:1:23227|Emre Koç:2:40146|Kadir Erdoğan:3:59072|Yasemin Şimşek:1:21937|Arzu Şimşek:1:20503|Emine Uysal:1:23657|Hasan Öztürk:2:43443,2723268,114,283894,2889,28,39.0195767844992,39.43432955998691,none,578976
Atak,21,2947,2019,3,1465,1160,305,5605,295,52,0,0,250,4660642,2787118,1856624,580661,127627,123334,135594,0,1744,887664,93542872,40483384,837291,52222197,40180783,960108,955405115,167439,0,1826817,24601321,0,4.0,0.0,2.0,1.0,1.0,859.6114366129033,909.090909,515.090909,513.8035191612903,860.0674487741935,1.988265,21.5758235483871,1.0,1.0,1.0,1.0,none,0:1.0500|1:0.9300|2:1.0300|3:0.9400|4:0.9500|5:1.1000|6:0.8200|,Volkan Tekin:6:31686|Özlem Yavuz:4:76420|Bülent Güneş:1:20646|Ebru Turan:1:21076|Cengiz Turan:1:21076|Serap Korkmaz:1:21793|Can Korkmaz:2:38425|Meltem Polat:1:20503|Ercan Öztürk:1:20789|Hülya Arslan:1:19786|Gülay Bulut:1:18352|Murat Çelik:1:21219|Hasan Uçar:1:20216|Serkan Demir:2:38138|Kaan Doğan:3:65811|Can Demir:1:21649|Hüseyin Kara:1:21076|Nesrin Bozkurt:1:19786|Cengiz Kaplan:2:43157|Arzu Özkan:1:23227|Emre Koç:2:40146|Kadir Erdoğan:3:59072|Yasemin Şimşek:1:21937|Arzu Şimşek:1:20503|Emine Uysal:1:23657|Hasan Öztürk:2:43443,2579586,116,283894,2917,31,39.83622857108527,40.078634710864876,none,603770
Atak,21,2977,2019,4,1576,1237,339,5779,266,43,0,0,300,4608629,2724001,1854525,561930,123510,120767,132780,0,3800,911738,150256996,95183118,834144,54239734,66281148,1286664,967605950,167439,0,1855206,23807730,0,4.0,0.0,2.0,1.0,1.0,871.5227269666667,922.045455,515.045455,514.1742426,869.8136364666666,2.012006,22.5091588,1.0,1.0,1.0,1.0,none,0:1.0500|1:0.9300|2:1.0300|3:0.9400|4:0.9500|5:1.1000|6:0.8200|,Volkan Tekin:6:31686|Özlem Yavuz:4:76420|Bülent Güneş:1:20646|Ebru Turan:1:21076|Cengiz Turan:1:21076|Serap Korkmaz:1:21793|Can Korkmaz:2:38425|Meltem Polat:1:20503|Ercan Öztürk:1:20789|Hülya Arslan:1:19786|Gülay Bulut:1:18352|Murat Çelik:1:21219|Hasan Uçar:1:20216|Serkan Demir:2:38138|Kaan Doğan:3:65811|Can Demir:1:21649|Hüseyin Kara:1:21076|Nesrin Bozkurt:1:19786|Cengiz Kaplan:2:43157|Arzu Özkan:1:23227|Emre Koç:2:40146|Kadir Erdoğan:3:59072|Yasemin Şimşek:1:21937|Arzu Şimşek:1:20503|Emine Uysal:1:23657|Hasan Öztürk:2:43443,2777292,116,283894,2948,30,40.240275361718204,40.90280849099429,none,627844
Atak,21,3008,2019,5,1596,1248,348,5804,285,66,0,0,301,4954644,2917681,2013446,580661,127627,126249,138818,0,4016,1036075,191975463,133480532,8428,58486503,58486503,1287716,1009004104,167439,0,1883595,24601321,0,4.0,0.0,2.0,1.0,1.0,877.9618770967742,931.818182,517.545455,515.8284457419355,878.6173019354839,2.035252,22.020847354838708,1.0,1.0,1.0,1.0,none,0:1.0500|1:0.9300|2:1.0300|3:0.9400|4:0.9500|5:1.1000|6:0.8200|,Volkan Tekin:6:31686|Özlem Yavuz:4:76420|Bülent Güneş:1:20646|Ebru Turan:1:21076|Cengiz Turan:1:21076|Serap Korkmaz:1:21793|Can Korkmaz:2:38425|Meltem Polat:1:20503|Ercan Öztürk:1:20789|Hülya Arslan:1:19786|Gülay Bulut:1:18352|Murat Çelik:1:21219|Hasan Uçar:1:20216|Serkan Demir:2:38138|Kaan Doğan:3:65811|Can Demir:1:21649|Hüseyin Kara:1:21076|Nesrin Bozkurt:1:19786|Cengiz Kaplan:2:43157|Arzu Özkan:1:23227|Emre Koç:2:40146|Kadir Erdoğan:3:59072|Yasemin Şimşek:1:21937|Arzu Şimşek:1:20503|Emine Uysal:1:23657|Hasan Öztürk:2:43443,2903932,116,283894,2978,31,40.63755135585927,41.0514888514968,none,752181
Atak,21,3038,2019,6,1555,1233,322,6028,238,60,0,0,276,4740415,2769212,1948118,561930,123510,123618,156330,0,0,982730,151686912,78102577,952177,72632158,58835238,1270566,1087816883,182070,0,1914465,23871973,0,4.0,0.0,2.0,1.0,1.0,892.3787877333333,942.954545,524.318182,521.4863636,890.1984847,2.059555,22.115037166666664,1.0,1.0,1.0,1.0,none,0:1.0500|1:0.9300|2:1.0300|3:0.9400|4:0.9500|5:1.1000|6:0.8200|,Volkan Tekin:6:31686|Özlem Yavuz:4:76420|Bülent Güneş:1:20646|Ebru Turan:1:21076|Cengiz Turan:1:21076|Serap Korkmaz:1:21793|Can Korkmaz:2:38425|Meltem Polat:1:20503|Ercan Öztürk:1:20789|Hülya Arslan:1:19786|Gülay Bulut:1:18352|Murat Çelik:1:21219|Hasan Uçar:1:20216|Serkan Demir:2:38138|Kaan Doğan:3:65811|Can Demir:1:21649|Hüseyin Kara:1:21076|Nesrin Bozkurt:1:19786|Cengiz Kaplan:2:43157|Arzu Özkan:1:23227|Emre Koç:2:40146|Kadir Erdoğan:3:59072|Yasemin Şimşek:1:21937|Arzu Şimşek:1:20503|Emine Uysal:1:23657|Hasan Öztürk:2:43443,2806944,116,308700,3009,30,41.09593780291388,41.24488510851063,none,674030
Atak,21,3069,2019,7,1521,1214,307,5830,275,53,0,0,248,4382739,2585858,1781279,607661,133920,129226,163401,0,778,746293,85821474,37129079,939697,47752698,61549618,1119564,1081562136,182070,0,1945335,26592854,0,4.0,0.0,2.0,1.0,1.0,904.1202343870968,953.409091,542.0,535.1055718387097,898.4530790645161,2.08335,21.01557812903226,1.0,1.0,1.0,1.0,none,0:1.0500|1:0.9300|2:1.0300|3:0.9400|4:0.9500|5:1.1000|6:0.8200|,Volkan Tekin:6:34251|Özlem Yavuz:4:82607|Bülent Güneş:1:22317|Ebru Turan:1:22783|Cengiz Turan:1:22783|Serap Korkmaz:1:23558|Can Korkmaz:2:41536|Meltem Polat:1:22163|Ercan Öztürk:1:22473|Hülya Arslan:1:21387|Gülay Bulut:1:19838|Murat Çelik:1:22938|Hasan Uçar:1:21853|Serkan Demir:2:41226|Kaan Doğan:3:71137|Can Demir:1:23402|Hüseyin Kara:1:22783|Nesrin Bozkurt:1:21387|Cengiz Kaplan:2:46650|Arzu Özkan:1:25108|Emre Koç:2:43396|Kadir Erdoğan:3:63853|Yasemin Şimşek:1:23712|Arzu Şimşek:1:22163|Emine Uysal:1:25572|Hasan Öztürk:2:46960,2512860,117,308700,3039,31,40.6430544917231,40.05222100051529,none,437593
Atak,21,3100,2019,8,1518,1187,331,5764,224,27,0,3,288,4378129,2611226,1745974,608561,133920,130747,165354,0,2666,704726,101414576,47255331,926962,53232283,53232283,863380,1114674390,182070,0,1976205,26592854,0,4.0,0.0,2.0,1.0,1.0,911.8108506451613,965.454545,548.5,545.1217007741936,912.6656892903226,2.108227,22.362626516129033,1.0,1.0,1.0,1.0,none,0:1.0500|1:0.9300|2:1.0300|3:0.9400|4:0.9500|5:1.1000|6:0.8200|,Volkan Tekin:6:34251|Özlem Yavuz:4:82607|Bülent Güneş:1:22317|Ebru Turan:1:22783|Cengiz Turan:1:22783|Serap Korkmaz:1:23558|Can Korkmaz:2:41536|Meltem Polat:1:22163|Ercan Öztürk:1:22473|Hülya Arslan:1:21387|Gülay Bulut:1:19838|Murat Çelik:1:22938|Hasan Uçar:1:21853|Serkan Demir:2:41226|Kaan Doğan:3:71137|Can Demir:1:23402|Hüseyin Kara:1:22783|Nesrin Bozkurt:1:21387|Cengiz Kaplan:2:46650|Arzu Özkan:1:25108|Emre Koç:2:43396|Kadir Erdoğan:3:63853|Yasemin Şimşek:1:23712|Arzu Şimşek:1:22163|Emine Uysal:1:25572|Hasan Öztürk:2:46960,2412880,121,308700,3070,31,39.87945535638625,39.844979952596184,none,396026
Atak,21,3130,2019,9,1430,1081,349,5010,399,47,0,0,254,4393607,2695956,1681661,588930,129600,128059,140790,0,3006,691276,52843171,-629490,913969,52558692,52558692,878246,963851003,182070,0,2007075,25735020,0,4.0,0.0,2.0,1.0,1.0,921.6060606666666,976.590909,577.9318183333332,564.7469698,922.1999999,2.133401,21.253157666666667,1.0,1.0,1.1625,0.95125,0,0:1.0500|1:0.9300|2:1.0300|3:0.9400|4:0.9500|5:1.1000|6:0.8200|,Volkan Tekin:6:34251|Özlem Yavuz:4:82607|Bülent Güneş:1:22317|Ebru Turan:1:22783|Cengiz Turan:1:22783|Serap Korkmaz:1:23558|Can Korkmaz:2:41536|Meltem Polat:1:22163|Ercan Öztürk:1:22473|Hülya Arslan:1:21387|Gülay Bulut:1:19838|Murat Çelik:1:22938|Hasan Uçar:1:21853|Serkan Demir:2:41226|Kaan Doğan:3:71137|Can Demir:1:23402|Hüseyin Kara:1:22783|Nesrin Bozkurt:1:21387|Cengiz Kaplan:2:46650|Arzu Özkan:1:25108|Emre Koç:2:43396|Kadir Erdoğan:3:63853|Yasemin Şimşek:1:23712|Arzu Şimşek:1:22163|Emine Uysal:1:25572|Hasan Öztürk:2:46960,2530932,126,308700,3101,30,38.275180278982624,37.290796686463636,none|0,382576
Atak,21,3161,2019,10,1498,1151,347,5279,438,61,0,0,265,4785644,3036742,1714092,608561,133920,133848,147188,0,1927,688648,-179587179,-215816478,900712,35328587,35328587,1273986,1217907701,182070,0,2037945,26592854,0,4.0,0.0,2.0,1.0,1.0,934.772726967742,987.727273,595.5,589.6642229032258,933.348973516129,2.158049,21.180165161290322,1.0,1.0,1.25,0.925,0,0:1.0500|1:0.9300|2:1.0300|3:0.9400|4:0.9500|5:1.1000|6:0.8200|,Volkan Tekin:6:34251|Özlem Yavuz:4:82607|Bülent Güneş:1:22317|Ebru Turan:1:22783|Cengiz Turan:1:22783|Serap Korkmaz:1:23558|Can Korkmaz:2:41536|Meltem Polat:1:22163|Ercan Öztürk:1:22473|Hülya Arslan:1:21387|Gülay Bulut:1:19838|Murat Çelik:1:22938|Hasan Uçar:1:21853|Serkan Demir:2:41226|Kaan Doğan:3:71137|Can Demir:1:23402|Hüseyin Kara:1:22783|Nesrin Bozkurt:1:21387|Cengiz Kaplan:2:46650|Arzu Özkan:1:25108|Emre Koç:2:43396|Kadir Erdoğan:3:63853|Yasemin Şimşek:1:23712|Arzu Şimşek:1:22163|Emine Uysal:1:25572|Hasan Öztürk:2:46960,3092826,126,308700,3131,31,35.81737379545992,36.29467539861697,0,379948
Atak,21,3191,2019,11,1407,1095,312,5311,391,26,0,0,247,4697801,2944942,1727243,588930,129600,131090,144120,8580,4560,728943,16568324,-21603177,887186,37284315,37284315,887400,1103260203,182070,0,2068815,25735020,0,4.0,0.0,2.0,1.0,1.0,945.9772724666667,999.772727,591.363636,592.0757576333333,945.3651513666666,2.183819,20.638114833333336,1.0,1.0,1.25,0.925,0,0:1.0500|1:0.9300|2:1.0300|3:0.9400|4:0.9500|5:1.1000|6:0.8200|,Volkan Tekin:6:34251|Özlem Yavuz:4:82607|Bülent Güneş:1:22317|Ebru Turan:1:22783|Cengiz Turan:1:22783|Serap Korkmaz:1:23558|Can Korkmaz:2:41536|Meltem Polat:1:22163|Ercan Öztürk:1:22473|Hülya Arslan:1:21387|Gülay Bulut:1:19838|Murat Çelik:1:22938|Hasan Uçar:1:21853|Serkan Demir:2:41226|Kaan Doğan:3:71137|Can Demir:1:23402|Hüseyin Kara:1:22783|Nesrin Bozkurt:1:21387|Cengiz Kaplan:2:46650|Arzu Özkan:1:25108|Emre Koç:2:43396|Kadir Erdoğan:3:63853|Yasemin Şimşek:1:23712|Arzu Şimşek:1:22163|Emine Uysal:1:25572|Hasan Öztürk:2:46960,2368224,124,308700,3162,30,36.76705335113173,37.48648585837586,0,420243
Atak,21,3222,2019,12,1491,1121,370,5079,511,39,0,0,267,4928568,3106979,1800994,608561,133920,137011,165726,0,6231,749545,139109473,80597527,3261,58508685,58508685,1325484,954099477,196700,0,2102165,26661702,0,4.0,0.0,2.0,1.0,1.0,953.9442816774193,1010.681818,595.909091,593.9706744193549,951.1275659032258,2.209049,21.170319741935483,1.0,1.0,1.25,0.925,0,0:1.0500|1:0.9300|2:1.0300|3:0.9400|4:0.9500|5:1.1000|6:0.8200|,Volkan Tekin:6:34251|Özlem Yavuz:4:82607|Bülent Güneş:1:22317|Ebru Turan:1:22783|Cengiz Turan:1:22783|Serap Korkmaz:1:23558|Can Korkmaz:2:41536|Meltem Polat:1:22163|Ercan Öztürk:1:22473|Hülya Arslan:1:21387|Gülay Bulut:1:19838|Murat Çelik:1:22938|Hasan Uçar:1:21853|Serkan Demir:2:41226|Kaan Doğan:3:71137|Can Demir:1:23402|Hüseyin Kara:1:22783|Nesrin Bozkurt:1:21387|Cengiz Kaplan:2:46650|Arzu Özkan:1:25108|Emre Koç:2:43396|Kadir Erdoğan:3:63853|Yasemin Şimşek:1:23712|Arzu Şimşek:1:22163|Emine Uysal:1:25572|Hasan Öztürk:2:46960,3029920,126,333506,3192,31,36.54193266685171,37.532086260619835,0,416039
Atak,21,3253,2020,1,1486,1100,386,5264,450,58,0,0,291,5289491,3307227,1946037,635561,140182,138654,167710,0,6487,857443,38580150,-12289474,889995,49979629,49979629,1422758,995965570,196700,0,2135515,28727142,0,4.0,0.0,2.0,1.0,1.0,963.2624635806452,1023.409091,598.772727,596.8504398064516,964.3196481935483,2.235427,20.921167096774195,1.0,1.0,1.25,0.925,0,0:1.0500|1:0.9300|2:1.0300|3:0.9400|4:0.9500|5:1.1000|6:0.8200|,Volkan Tekin:6:37000|Özlem Yavuz:4:89235|Bülent Güneş:1:24109|Ebru Turan:1:24611|Cengiz Turan:1:24611|Serap Korkmaz:1:25448|Can Korkmaz:2:44869|Meltem Polat:1:23941|Ercan Öztürk:1:24276|Hülya Arslan:1:23105|Gülay Bulut:1:21430|Murat Çelik:1:24778|Hasan Uçar:1:23607|Serkan Demir:2:44534|Kaan Doğan:3:76847|Can Demir:1:25280|Hüseyin Kara:1:24611|Nesrin Bozkurt:1:23105|Cengiz Kaplan:2:50394|Arzu Özkan:1:27123|Emre Koç:2:46878|Kadir Erdoğan:3:68977|Yasemin Şimşek:1:25616|Arzu Şimşek:1:23941|Emine Uysal:1:27625|Hasan Öztürk:2:50728,3306212,126,333506,3223,31,36.79062881475741,37.8390885518119,0,523937
Atak,21,3282,2020,2,1391,1041,350,4864,369,78,0,0,281,5038997,3174315,1825803,595399,131138,131247,158746,0,5899,803374,-79871920,-128146520,878127,47396473,47396473,1474590,1217592114,196700,0,2168865,26873778,0,4.0,0.0,2.0,1.0,1.0,979.5454543103449,1035.227273,613.0266461724138,607.9059560689655,980.0705329310344,2.262121,21.741287448275862,0.9862068965517242,0.9862068965517242,1.2498275862068964,0.9227830344827587,1,0:1.0500|1:0.9300|2:1.0300|3:0.9400|4:0.9500|5:1.1000|6:0.8200|,Volkan Tekin:6:37000|Özlem Yavuz:4:89235|Bülent Güneş:1:24109|Ebru Turan:1:24611|Cengiz Turan:1:24611|Serap Korkmaz:1:25448|Can Korkmaz:2:44869|Meltem Polat:1:23941|Ercan Öztürk:1:24276|Hülya Arslan:1:23105|Gülay Bulut:1:21430|Murat Çelik:1:24778|Hasan Uçar:1:23607|Serkan Demir:2:44534|Kaan Doğan:3:76847|Can Demir:1:25280|Hüseyin Kara:1:24611|Nesrin Bozkurt:1:23105|Cengiz Kaplan:2:50394|Arzu Özkan:1:27123|Emre Koç:2:46878|Kadir Erdoğan:3:68977|Yasemin Şimşek:1:25616|Arzu Şimşek:1:23941|Emine Uysal:1:27625|Hasan Öztürk:2:50728,3303352,126,333506,3254,29,36.23346074625565,37.417233322365924,0|1,469868
Atak,21,3313,2020,3,1431,1014,417,4796,548,41,0,0,305,4432244,2773083,1629274,636461,140182,141879,155992,15117,4835,549925,30446,-51491573,866018,50656001,50656001,400310,1059081282,196700,0,2202215,28727142,0,4.0,0.0,2.0,1.0,1.0,985.0733136774194,1047.045455,613.5307917741935,612.3973609354838,986.0073313225806,2.28738,21.624601838709676,0.9,0.9,1.2341666774193547,0.8015934193548386,1,0:1.0500|1:0.9300|2:1.0300|3:0.9400|4:0.9500|5:1.1000|6:0.8200|,Volkan Tekin:6:37000|Özlem Yavuz:4:89235|Bülent Güneş:1:24109|Ebru Turan:1:24611|Cengiz Turan:1:24611|Serap Korkmaz:1:25448|Can Korkmaz:2:44869|Meltem Polat:1:23941|Ercan Öztürk:1:24276|Hülya Arslan:1:23105|Gülay Bulut:1:21430|Murat Çelik:1:24778|Hasan Uçar:1:23607|Serkan Demir:2:44534|Kaan Doğan:3:76847|Can Demir:1:25280|Hüseyin Kara:1:24611|Nesrin Bozkurt:1:23105|Cengiz Kaplan:2:50394|Arzu Özkan:1:27123|Emre Koç:2:46878|Kadir Erdoğan:3:68977|Yasemin Şimşek:1:25616|Arzu Şimşek:1:23941|Emine Uysal:1:27625|Hasan Öztürk:2:50728,2079212,133,333506,3283,31,36.75957370577974,37.717245685623595,1,216419
Atak,21,3343,2020,4,1481,1082,399,5452,563,56,0,0,299,4786661,3053896,1712361,615930,135660,138924,152760,2480,5376,663711,42917681,-447083,853664,42511100,42511100,995770,1064178299,196700,0,2235565,27800460,0,4.0,0.0,2.0,1.0,1.0,992.7272727666666,1058.863636,635.7136363666667,626.3181817333333,996.1212121000001,2.314693,23.016415866666666,0.9,0.9,1.20875,0.8,1,0:1.0500|1:0.9300|2:1.0300|3:0.9400|4:0.9500|5:1.1000|6:0.8200|,Volkan Tekin:6:37000|Özlem Yavuz:4:89235|Bülent Güneş:1:24109|Ebru Turan:1:24611|Cengiz Turan:1:24611|Serap Korkmaz:1:25448|Can Korkmaz:2:44869|Meltem Polat:1:23941|Ercan Öztürk:1:24276|Hülya Arslan:1:23105|Gülay Bulut:1:21430|Murat Çelik:1:24778|Hasan Uçar:1:23607|Serkan Demir:2:44534|Kaan Doğan:3:76847|Can Demir:1:25280|Hüseyin Kara:1:24611|Nesrin Bozkurt:1:23105|Cengiz Kaplan:2:50394|Arzu Özkan:1:27123|Emre Koç:2:46878|Kadir Erdoğan:3:68977|Yasemin Şimşek:1:25616|Arzu Şimşek:1:23941|Emine Uysal:1:27625|Hasan Öztürk:2:50728,2514924,131,333506,3314,30,35.77360084618485,35.96291209014798,1,330205
Atak,21,3374,2020,5,1551,1091,460,5028,688,54,0,3,312,4493852,2822934,1644714,636461,140182,145229,159681,0,3994,559167,76213126,19754382,841912,55616832,44611591,1161836,1085267985,196700,0,2268915,28727142,0,4.0,0.0,2.0,1.0,1.0,1012.2067449677419,1072.045455,635.1480937741936,633.5835778064516,1010.7888562580645,2.341436,21.76900777419355,0.9,0.9,1.183333322580645,0.8,1,0:1.0500|1:0.9300|2:1.0300|3:0.9400|4:0.9500|5:1.1000|6:0.8200|,Volkan Tekin:6:37000|Özlem Yavuz:4:89235|Bülent Güneş:1:24109|Ebru Turan:1:24611|Cengiz Turan:1:24611|Serap Korkmaz:1:25448|Can Korkmaz:2:44869|Meltem Polat:1:23941|Ercan Öztürk:1:24276|Hülya Arslan:1:23105|Gülay Bulut:1:21430|Murat Çelik:1:24778|Hasan Uçar:1:23607|Serkan Demir:2:44534|Kaan Doğan:3:76847|Can Demir:1:25280|Hüseyin Kara:1:24611|Nesrin Bozkurt:1:23105|Cengiz Kaplan:2:50394|Arzu Özkan:1:27123|Emre Koç:2:46878|Kadir Erdoğan:3:68977|Yasemin Şimşek:1:25616|Arzu Şimşek:1:23941|Emine Uysal:1:27625|Hasan Öztürk:2:50728,2930378,132,333506,3344,31,36.5992026439678,37.25114983358116,1,225661
Atak,21,3404,2020,6,1422,963,459,4413,651,25,0,0,325,3669499,2297875,1340042,615930,135660,142225,179850,0,4870,261507,41090308,-4150586,839189,44401705,55406946,1128360,1062789651,211331,0,2304746,27875509,0,4.0,0.0,2.0,1.0,1.0,1019.6287876,1084.545455,639.9333333333333,637.3424243333334,1018.0409089999999,2.369395,21.311818966666667,0.9,0.9,1.1579166666666665,0.8,1,0:1.0500|1:0.9300|2:1.0300|3:0.9400|4:0.9500|5:1.1000|6:0.8200|,Volkan Tekin:6:37000|Özlem Yavuz:4:89235|Bülent Güneş:1:24109|Ebru Turan:1:24611|Cengiz Turan:1:24611|Serap Korkmaz:1:25448|Can Korkmaz:2:44869|Meltem Polat:1:23941|Ercan Öztürk:1:24276|Hülya Arslan:1:23105|Gülay Bulut:1:21430|Murat Çelik:1:24778|Hasan Uçar:1:23607|Serkan Demir:2:44534|Kaan Doğan:3:76847|Can Demir:1:25280|Hüseyin Kara:1:24611|Nesrin Bozkurt:1:23105|Cengiz Kaplan:2:50394|Arzu Özkan:1:27123|Emre Koç:2:46878|Kadir Erdoğan:3:68977|Yasemin Şimşek:1:25616|Arzu Şimşek:1:23941|Emine Uysal:1:27625|Hasan Öztürk:2:50728,2329696,135,358312,3375,30,36.51839120272277,37.23859691725584,1,-96805
Atak,21,3435,2020,7,1458,1015,443,4896,671,51,0,0,288,4149334,2522699,1615455,463461,101475,148671,187984,0,3708,710156,-53561880,-95241412,8561,41670971,41670971,1174894,1126482489,211331,0,2340577,31053661,0,3.193548387096774,0.0,2.0,0.1935483870967742,1.0,1036.2023462258064,1097.5,629.1862169999999,633.3621701612904,1033.0777126129033,2.39677,20.485517387096774,0.9,0.9,1.1325,0.8,1,0:1.0500|1:0.9300|2:1.0300|3:0.9400|4:0.9500|5:1.1000|6:0.8200|,Volkan Tekin:6:39996|Özlem Yavuz:4:96463|Bülent Güneş:1:26062|Ebru Turan:1:26605|Cengiz Turan:1:26605|Serap Korkmaz:1:27509|Can Korkmaz:2:48503|Meltem Polat:1:25881|Ercan Öztürk:1:26242|Hülya Arslan:1:24975|Gülay Bulut:1:23166|Murat Çelik:1:26785|Hasan Uçar:1:25518|Serkan Demir:2:48141|Kaan Doğan:3:83071|Can Demir:1:27329|Hüseyin Kara:1:26605|Nesrin Bozkurt:1:24975|Cengiz Kaplan:2:54476|Arzu Özkan:1:29319|Emre Koç:2:50675|Kadir Erdoğan:3:74565|Yasemin Şimşek:1:27690|Arzu Şimşek:1:25881|Emine Uysal:1:29862|Hasan Öztürk:2:54837,2438408,134,358312,3405,31,38.9328745287798,39.27959927019029,1,351844
Atak,21,3466,2020,8,1362,900,462,4085,741,41,0,0,276,3529653,2113014,1396013,426811,93026,150439,190216,0,60473,475048,48992673,-2591543,739753,50844463,50844463,934704,1121708831,211331,0,2376408,31053661,0,3.032258064516129,0.0,2.0,0.03225806451612903,1.0,1053.3504402903225,1109.545455,635.6173020967741,633.4809385806451,1047.5058651935483,2.4253900000000006,19.45776677419355,0.9,0.9,1.1066666774193548,0.8,1,0:1.0500|1:0.9300|2:1.0300|3:0.9400|4:0.9500|5:1.1000|6:0.8200|,Volkan Tekin:6:39996|Özlem Yavuz:4:96463|Bülent Güneş:1:26062|Ebru Turan:1:26605|Cengiz Turan:1:26605|Serap Korkmaz:1:27509|Can Korkmaz:2:48503|Meltem Polat:1:25881|Ercan Öztürk:1:26242|Hülya Arslan:1:24975|Gülay Bulut:1:23166|Murat Çelik:1:26785|Hasan Uçar:1:25518|Serkan Demir:2:48141|Kaan Doğan:3:83071|Can Demir:1:27329|Hüseyin Kara:1:26605|Nesrin Bozkurt:1:24975|Cengiz Kaplan:2:54476|Arzu Özkan:1:29319|Emre Koç:2:50675|Kadir Erdoğan:3:74565|Yasemin Şimşek:1:27690|Arzu Şimşek:1:25881|Emine Uysal:1:29862|Hasan Öztürk:2:54837,1931642,133,358312,3436,31,39.55099835592904,39.65756525230231,1,116736
Atak,21,3496,2020,9,1220,820,400,3722,692,48,0,0,233,3677066,2205391,1448584,716430,158280,147326,162000,0,1653,262895,60678597,14790589,729275,45158733,45158733,919808,1114973007,211331,0,2412239,30051930,0,4.0,0.0,2.0,1.0,1.0,1071.2651515333334,1123.8636359999998,643.0393939999999,639.4909091000001,1061.1787878666667,2.454351,18.689887533333334,0.9,0.9,1.08125,0.8,1,0:1.0500|1:0.9300|2:1.0300|3:0.9400|4:0.9500|5:1.1000|6:0.8200|,Volkan Tekin:6:39996|Özlem Yavuz:4:96463|Bülent Güneş:1:26062|Ebru Turan:1:26605|Cengiz Turan:1:26605|Serap Korkmaz:1:27509|Can Korkmaz:2:48503|Meltem Polat:1:25881|Ercan Öztürk:1:26242|Hülya Arslan:1:24975|Gülay Bulut:1:23166|Murat Çelik:1:26785|Hasan Uçar:1:25518|Serkan Demir:2:48141|Kaan Doğan:3:83071|Can Demir:1:27329|Hüseyin Kara:1:26605|Nesrin Bozkurt:1:24975|Cengiz Kaplan:2:54476|Arzu Özkan:1:29319|Emre Koç:2:50675|Kadir Erdoğan:3:74565|Yasemin Şimşek:1:27690|Arzu Şimşek:1:25881|Emine Uysal:1:29862|Hasan Öztürk:2:54837,2287250,136,358312,3467,30,39.39510468400621,39.973834388283926,1,-95417
Atak,21,3527,2020,10,1426,1012,414,4594,647,41,0,0,285,4256792,2554565,1677408,740311,163556,153975,169322,0,4980,445264,76892903,29962075,718610,46212218,46212218,1113080,1145121970,211331,0,2448070,31053661,0,4.0,0.0,2.0,1.0,1.0,1078.5703815806453,1136.590909,646.7991201935483,644.124633419355,1071.2697948387095,2.482707,19.96060277419355,0.9,0.9,1.055833322580645,0.8,1,0:1.0500|1:0.9300|2:1.0300|3:0.9400|4:0.9500|5:1.1000|6:0.8200|,Volkan Tekin:6:39996|Özlem Yavuz:4:96463|Bülent Güneş:1:26062|Ebru Turan:1:26605|Cengiz Turan:1:26605|Serap Korkmaz:1:27509|Can Korkmaz:2:48503|Meltem Polat:1:25881|Ercan Öztürk:1:26242|Hülya Arslan:1:24975|Gülay Bulut:1:23166|Murat Çelik:1:26785|Hasan Uçar:1:25518|Serkan Demir:2:48141|Kaan Doğan:3:83071|Can Demir:1:27329|Hüseyin Kara:1:26605|Nesrin Bozkurt:1:24975|Cengiz Kaplan:2:54476|Arzu Özkan:1:29319|Emre Koç:2:50675|Kadir Erdoğan:3:74565|Yasemin Şimşek:1:27690|Arzu Şimşek:1:25881|Emine Uysal:1:29862|Hasan Öztürk:2:54837,2418598,136,358312,3497,31,39.40544898599697,40.0318114386134,1,86952
Atak,21,3557,2020,11,1361,972,389,4472,662,53,0,0,269,4573952,2771414,1776088,716430,158280,150808,165810,0,6099,578661,75468439,17686549,707757,57074133,57074133,1290428,1141543943,211331,0,2483901,30051930,0,4.0,0.0,2.0,1.0,1.0,1087.0909089666666,1150.454545,662.5469696666667,655.6878787999999,1084.2469695666666,2.512353,20.142331733333332,0.9,0.9,1.0304166666666668,0.8,1,0:1.0500|1:0.9300|2:1.0300|3:0.9400|4:0.9500|5:1.1000|6:0.8200|,Volkan Tekin:6:39996|Özlem Yavuz:4:96463|Bülent Güneş:1:26062|Ebru Turan:1:26605|Cengiz Turan:1:26605|Serap Korkmaz:1:27509|Can Korkmaz:2:48503|Meltem Polat:1:25881|Ercan Öztürk:1:26242|Hülya Arslan:1:24975|Gülay Bulut:1:23166|Murat Çelik:1:26785|Hasan Uçar:1:25518|Serkan Demir:2:48141|Kaan Doğan:3:83071|Can Demir:1:27329|Hüseyin Kara:1:26605|Nesrin Bozkurt:1:24975|Cengiz Kaplan:2:54476|Arzu Özkan:1:29319|Emre Koç:2:50675|Kadir Erdoğan:3:74565|Yasemin Şimşek:1:27690|Arzu Şimşek:1:25881|Emine Uysal:1:29862|Hasan Öztürk:2:54837,2817522,137,358312,3528,30,38.8304905692058,39.053214022693815,1,220349
Atak,21,3588,2020,12,1440,1014,426,4687,582,54,0,0,306,4996114,2982746,1981559,740311,163556,157633,190650,0,6300,723109,137494609,81935294,696710,54862605,54862605,1378020,1180342167,225961,0,2522212,31119552,0,4.0,0.0,2.0,1.0,1.0,1091.3782990645163,1163.409091,643.0073313548387,648.9090909032259,1095.7727272903226,2.54138,21.165840322580642,0.9,0.9,1.0062096774193547,0.8,1,0:1.0500|1:0.9300|2:1.0300|3:0.9400|4:0.9500|5:1.1000|6:0.8200|,Volkan Tekin:6:39996|Özlem Yavuz:4:96463|Bülent Güneş:1:26062|Ebru Turan:1:26605|Cengiz Turan:1:26605|Serap Korkmaz:1:27509|Can Korkmaz:2:48503|Meltem Polat:1:25881|Ercan Öztürk:1:26242|Hülya Arslan:1:24975|Gülay Bulut:1:23166|Murat Çelik:1:26785|Hasan Uçar:1:25518|Serkan Demir:2:48141|Kaan Doğan:3:83071|Can Demir:1:27329|Hüseyin Kara:1:26605|Nesrin Bozkurt:1:24975|Cengiz Kaplan:2:54476|Arzu Özkan:1:29319|Emre Koç:2:50675|Kadir Erdoğan:3:74565|Yasemin Şimşek:1:27690|Arzu Şimşek:1:25881|Emine Uysal:1:29862|Hasan Öztürk:2:54837,2990116,138,383119,3558,31,39.66200531052734,41.08300193379348,1,339990
Atak,21,3619,2021,1,1359,947,412,4400,605,35,0,0,291,5111502,3058749,2027442,767311,169849,159483,192944,0,5977,731878,42367868,-19592975,4075,61956768,50196764,1540100,1198990219,225961,0,2560523,33096282,0,4.0,0.0,2.0,1.0,1.0,1109.6994134838708,1176.818182,669.590909,660.2111438387097,1110.702346064516,2.571726,20.581622193548387,0.9193548387096774,0.9193548387096774,1.0,0.803225806451613,none,0:1.0500|1:0.9300|2:1.0300|3:0.9400|4:0.9500|5:1.1000|6:0.8200|,Volkan Tekin:6:42628|Özlem Yavuz:4:102808|Bülent Güneş:1:27776|Ebru Turan:1:28354|Cengiz Turan:1:28354|Serap Korkmaz:1:29319|Can Korkmaz:2:51694|Meltem Polat:1:27582|Ercan Öztürk:1:27968|Hülya Arslan:1:26618|Gülay Bulut:1:24690|Murat Çelik:1:28547|Hasan Uçar:1:27197|Serkan Demir:2:51308|Kaan Doğan:3:88534|Can Demir:1:29126|Hüseyin Kara:1:28354|Nesrin Bozkurt:1:26618|Cengiz Kaplan:2:58059|Arzu Özkan:1:31247|Emre Koç:2:54008|Kadir Erdoğan:3:79469|Yasemin Şimşek:1:29511|Arzu Şimşek:1:27582|Emine Uysal:1:31825|Hasan Öztürk:2:58445,2863836,137,383119,3589,31,39.66431002081189,39.660154735250536,1|none,348759
Atak,21,3647,2021,2,1365,972,393,4782,270,47,0,0,333,5664476,3420642,2223062,693868,153412,145450,175952,0,6051,1048329,24888648,-23343569,633652,47598565,48152433,1637952,1218501582,225961,0,2598834,29893416,0,4.0,0.0,2.0,1.0,1.0,1114.26136375,1188.863636,670.636364,668.2402597142857,1119.0535714642858,2.596599,21.70409442857143,1.0,1.0,1.0,0.9285714285714286,none,0:1.0500|1:0.9300|2:1.0300|3:0.9400|4:0.9500|5:1.1000|6:0.8200|,Volkan Tekin:6:42628|Özlem Yavuz:4:102808|Bülent Güneş:1:27776|Ebru Turan:1:28354|Cengiz Turan:1:28354|Serap Korkmaz:1:29319|Can Korkmaz:2:51694|Meltem Polat:1:27582|Ercan Öztürk:1:27968|Hülya Arslan:1:26618|Gülay Bulut:1:24690|Murat Çelik:1:28547|Hasan Uçar:1:27197|Serkan Demir:2:51308|Kaan Doğan:3:88534|Can Demir:1:29126|Hüseyin Kara:1:28354|Nesrin Bozkurt:1:26618|Cengiz Kaplan:2:58059|Arzu Özkan:1:31247|Emre Koç:2:54008|Kadir Erdoğan:3:79469|Yasemin Şimşek:1:29511|Arzu Şimşek:1:27582|Emine Uysal:1:31825|Hasan Öztürk:2:58445,3345666,139,383119,3620,28,39.24567779967644,39.813370020925674,none,665210
Atak,21,3653,2021,3,309,236,73,1125,54,19,0,0,66,1177844,691549,478631,148686,32874,31434,34572,0,2506,228559,12244738,12244738,0,0,11206136,1641496,1211320103,0,0,2598834,6405732,0,4.0,0.0,2.0,1.0,1.0,1140.0,1198.409091,669.090909,668.810606,1133.5227276666667,2.619271,21.515206333333335,1.0,1.0,1.0,1.0,none,0:1.0500|1:0.9300|2:1.0300|3:0.9400|4:0.9500|5:1.1000|6:0.8200|,Volkan Tekin:6:42628|Özlem Yavuz:4:102808|Bülent Güneş:1:27776|Ebru Turan:1:28354|Cengiz Turan:1:28354|Serap Korkmaz:1:29319|Can Korkmaz:2:51694|Meltem Polat:1:27582|Ercan Öztürk:1:27968|Hülya Arslan:1:26618|Gülay Bulut:1:24690|Murat Çelik:1:28547|Hasan Uçar:1:27197|Serkan Demir:2:51308|Kaan Doğan:3:88534|Can Demir:1:29126|Hüseyin Kara:1:28354|Nesrin Bozkurt:1:26618|Cengiz Kaplan:2:58059|Arzu Özkan:1:31247|Emre Koç:2:54008|Kadir Erdoğan:3:79469|Yasemin Şimşek:1:29511|Arzu Şimşek:1:27582|Emine Uysal:1:31825|Hasan Öztürk:2:58445,639304,139,0,3648,6,40.6361963044342,41.307815,none,228559
Atak,22,25,2011,3,1552,1382,170,6513,196,109,0,6,120,2702940,1995811,694305,167500,37675,50012,55000,0,14100,370018,248743,180616,0,68127,77227,533876,259246,71527,0,12127,0,0,3.0,1.0,2.0,0.0,0.0,434.25454556,457.7272730000001,311.38727267999997,322.36181816,432.29999991999995,1.0,31.97579588,1.0,1.0,1.0,1.0,none,0:1.0000|1:0.9100|2:1.0300|3:0.9400|4:0.9500|5:1.1000|6:0.8200|,,2215742,1,121275,1,25,25.6870296787942,28.29383690654396,none,248743
Atak,22,55,2011,4,1866,1661,205,7908,237,96,0,14,151,3213625,2211643,977457,201000,45210,60374,66390,0,12935,591548,470273,349461,0,120812,128697,992980,1101493,71527,0,24254,0,0,3.0,1.0,2.0,0.0,0.0,431.0909092333333,459.09090899999995,293.34545453333334,296.3015150333333,431.19696963333337,1.00592,31.808879366666666,1.0,1.0,1.0,1.0,none,0:1.0000|1:0.9050|2:1.0300|3:0.9400|4:0.9500|5:1.1000|6:0.8200|,,2201498,1,121275,26,30,30.41602551635614,31.952762572741594,none,470273
Atak,22,86,2011,5,2218,1965,253,11390,188,167,0,44,171,4033315,2964810,1048528,207700,46717,62821,69099,0,8390,653801,532526,358545,0,173981,182371,1417652,1855552,71527,0,36381,0,0,3.0,1.0,2.0,0.0,0.0,404.6334310967742,464.31818200000004,293.7434017096774,293.954545483871,406.8313782580645,1.01307,43.357124258064516,1.0,1.0,1.0,1.0,none,0:1.0000|1:0.8900|2:1.0300|3:0.9100|4:0.9500|5:1.1000|6:0.8200|,,3012236,1,121275,56,31,25.99668015019903,27.405058718585153,none,532526
Atak,22,116,2011,6,2023,1812,211,10267,215,105,0,28,150,3548985,2523675,1007319,201000,45210,61245,77460,0,9028,613376,481076,354771,0,126305,130233,1190264,1998060,78030,0,49611,0,0,3.0,1.0,2.0,0.0,0.0,419.0303030333333,466.818182,294.0636364,293.5954546,422.19545453333336,1.020512,42.43744316666667,1.0,1.0,1.0,1.0,none,0:1.0500|1:0.8950|2:1.0300|3:0.9150|4:0.9500|5:1.1000|6:0.8200|,,2523874,1,132300,87,30,28.38329832332343,29.82282324898884,none,481076
Atak,22,147,2011,7,2241,1986,255,11567,163,119,0,47,173,4037380,2939734,1079184,222700,50220,63751,80600,0,5150,656763,604827,442614,0,162213,126275,1363000,2618339,78030,0,62841,0,0,3.0,1.0,2.0,0.0,0.0,420.549853483871,470.227273,302.76099712903226,300.91055725806456,426.2844575483871,1.027766,41.99405716129032,1.0,1.0,1.0,1.0,none,0:1.0500|1:0.9100|2:1.0300|3:0.9350|4:0.9500|5:1.1000|6:0.8200|,,2989426,1,132300,117,31,26.729809926239295,28.008298036265085,none,524463
Atak,22,178,2011,8,2243,1992,251,11614,159,124,0,57,166,3994355,2921396,1054095,223200,50220,64216,81189,0,13101,622169,150772,41002,0,109770,153609,1350926,2507511,78030,0,76071,0,0,3.0,1.0,2.0,0.0,0.0,421.136364,474.090909,303.73167151612904,303.10263922580646,428.2390032580645,1.035317,42.717626193548384,1.0,1.0,1.0,1.0,none,0:1.0500|1:0.9100|2:1.0300|3:0.9350|4:0.9500|5:1.1000|6:0.8200|,,2928396,1,132300,148,31,26.389617347481632,27.87807050636714,none,489869
Atak,22,208,2011,9,1885,1682,203,9473,200,114,0,11,144,3547540,2529855,997305,203206,43200,62595,68820,0,3017,616467,-60399,-156607,0,96208,96208,1059068,10720948,78030,0,89301,0,0,3.533333333333333,0.6666666666666666,2.0,0.0,0.8666666666666667,433.7045453,477.272727,303.8772727333333,304.24696969999997,437.07121226666663,1.042922,39.86544636666667,1.0,1.0,1.0,1.0,none,0:1.0500|1:0.9250|2:1.0300|3:0.9400|4:0.9500|5:1.1000|6:0.8200|,,2557776,3,132300,179,30,28.11257942123274,29.934496646066552,none,484167
Atak,22,239,2011,10,1949,1748,201,9883,223,119,0,16,152,3815035,2662234,1134881,162161,33480,65146,71641,0,0,802453,1017730,657625,123063,237042,237042,1151294,11507236,78030,0,102531,0,0,3.0,0.0,2.0,0.0,1.0,435.89442822580645,481.136364,297.35923751612904,298.8445748064516,440.5630498064516,1.050335,40.66316867741936,1.0,1.0,1.0,1.0,none,0:1.0500|1:0.9300|2:1.0300|3:0.9400|4:0.9500|5:1.1000|6:0.8200|,,2658416,3,132300,209,31,29.74759078226019,31.781821867636264,none,670153
Atak,22,269,2011,11,1835,1652,183,9196,198,113,0,10,136,3614860,2509365,1092064,156930,32400,63495,69840,0,0,769399,967956,587392,123063,257501,257501,1160746,12095610,78030,0,115761,0,0,3.0,0.0,2.0,0.0,1.0,435.90909100000005,484.545455,298.63636356666666,298.30303033333337,443.2621213333333,1.058051,41.735407499999994,1.0,1.0,1.0,1.0,none,0:1.0500|1:0.9300|2:1.0300|3:0.9400|4:0.9500|5:1.1000|6:0.8200|,,2528694,3,132300,240,30,30.210409255130212,31.4911366309021,none,637099
Atak,22,300,2011,12,1803,1613,190,8314,224,127,0,7,126,3604930,2412617,1174918,216761,45765,66077,79949,0,21570,744796,-858049,-1225917,123063,244805,244805,977752,9961474,81281,0,129542,0,0,3.4193548387096775,0.0,2.0,0.41935483870967744,1.0,450.64516103225804,487.5,299.646627483871,299.04252196774195,453.2052786451613,1.065572,36.867996387096774,1.0,1.0,1.0,1.0,none,0:1.0500|1:0.9300|2:1.0300|3:0.9400|4:0.9500|5:1.1000|6:0.8200|,,2423274,4,137812,270,31,32.59197820762123,33.5071907135331,none,606984
Atak,22,331,2012,1,1727,1534,193,7689,208,115,0,2,153,3385105,2207065,1165169,298361,64170,66569,80538,0,0,655531,-2919640,-3559958,123063,517255,517255,947848,13233487,81281,337705,481028,586994,0,4.0,0.0,2.0,1.0,1.0,454.52346083870964,491.81818200000004,291.74486819354837,294.0601171935484,457.2844574516129,1.0734,36.470994258064515,1.0,1.0,1.0,1.0,none,0:1.0500|1:0.9300|2:1.0300|3:0.9400|4:0.9500|5:1.1000|6:0.8200|,Tolga Güler:6:12322|Esin Yıldız:4:33732,2215408,8,137812,301,31,34.42046849359178,35.81302323642304,none,517719
Atak,22,360,2012,2,1724,1527,197,8049,195,131,0,6,152,3629385,2335632,1283474,279299,60030,62623,75777,0,0,805745,3117964,2255091,0,862873,862873,1088862,15485410,81281,0,494809,1335566,0,4.0,0.0,2.0,1.0,1.0,454.4043886551724,494.3181819999999,288.636364,289.4937304827586,459.6081503448276,1.079586,37.554211310344826,1.0,1.0,1.0,1.0,none,0:1.0500|1:0.9300|2:1.0300|3:0.9400|4:0.9500|5:1.1000|6:0.8200|,Tolga Güler:6:12322|Esin Yıldız:4:33732,2344692,8,137812,332,29,35.363401788457274,36.48028689726553,none,667933
Atak,22,391,2012,3,1873,1676,197,8965,174,105,0,6,160,3712145,2391110,1305547,298561,64170,67313,74028,0,0,801475,4414228,2754243,761157,898828,898828,1061628,17428363,81281,0,508590,1427674,0,4.0,0.0,2.0,1.0,1.0,454.61876809677415,496.590909,290.98826935483874,290.19941345161294,461.75953096774197,1.085405,38.09011716129033,1.0,1.0,1.0,1.0,none,0:1.0500|1:0.9300|2:1.0300|3:0.9400|4:0.9500|5:1.1000|6:0.8200|,Tolga Güler:6:12322|Esin Yıldız:4:33732,2409834,8,137812,361,31,35.16961217840359,35.99290443440373,none,663663
Atak,22,421,2012,4,1699,1521,178,7904,208,89,0,5,139,3386765,2140558,1228098,288930,62100,65502,72060,0,0,739506,4144033,2098258,423862,1621913,1621913,1080114,12566261,81281,0,522371,1381620,0,4.0,0.0,2.0,1.0,1.0,464.37121219999995,499.318182,292.136364,291.3530302666667,465.30454530000003,1.09166,36.00240733333333,1.0,1.0,1.0,1.0,none,0:1.0500|1:0.9300|2:1.0300|3:0.9400|4:0.9500|5:1.1000|6:0.8200|,Tolga Güler:6:12322|Esin Yıldız:4:33732,2165568,8,137812,392,30,36.26168334679259,37.089906453077056,none,601694
Atak,22,452,2012,5,1826,1612,214,8332,211,110,0,3,171,3580925,2289603,1276579,298561,64170,68058,74865,0,0,770925,4218242,2575508,311147,1331587,1331587,1011436,14654053,81281,0,536152,1427674,0,4.0,0.0,2.0,1.0,1.0,465.909091,502.045455,296.8826975806452,295.4589442903226,468.3152492258065,1.097747,35.53311396774193,1.0,1.0,1.0,1.0,none,0:1.0500|1:0.9300|2:1.0300|3:0.9400|4:0.9500|5:1.1000|6:0.8200|,Tolga Güler:6:12322|Esin Yıldız:4:33732,2315872,8,137812,422,31,35.64942019171024,36.27883565366077,none,633113
Atak,22,482,2012,6,1788,1609,179,8562,157,60,0,8,151,3411110,2216753,1182057,288930,62100,66252,83790,0,0,680985,3558021,2090912,302773,1164336,1164336,1031228,16348546,84532,0,550484,1383571,0,4.0,0.0,2.0,1.0,1.0,467.1363634,505.227273,302.636364,300.84696963333334,471.57424223333334,1.104074,36.99303773333334,1.0,1.0,1.0,1.0,none,0:1.0500|1:0.9300|2:1.0300|3:0.9400|4:0.9500|5:1.1000|6:0.8200|,Tolga Güler:6:12322|Esin Yıldız:4:33732,2236270,8,143325,453,30,34.65314809548798,35.214556666645485,none,537660
Atak,22,513,2012,7,1843,1644,199,9305,151,78,0,6,163,3530425,2302155,1202219,304561,65565,68833,87079,0,0,676181,3218986,1798426,2683,1417877,1417877,988372,18353579,84532,0,564816,1488155,0,4.0,0.0,2.0,1.0,1.0,467.93255087096776,508.18181799999996,302.81818200000004,302.0542523225807,472.64076277419355,1.11023,38.00420125806452,1.0,1.0,1.0,1.0,none,0:1.0500|1:0.9300|2:1.0300|3:0.9400|4:0.9500|5:1.1000|6:0.8200|,Tolga Güler:6:12844|Esin Yıldız:4:35161,2340564,8,143325,483,31,34.053095590474236,35.285933531155,none,532856
Atak,22,544,2012,8,1716,1550,166,8194,133,57,0,7,132,3202390,1977595,1212330,304761,65565,69236,87575,0,0,685193,3742225,2355976,220517,1165732,1165732,708996,31503136,84532,0,579148,1488155,0,4.0,0.0,2.0,1.0,1.0,482.0527859032258,510.909091,295.0,296.81964800000003,480.57624625806454,1.116629,33.116605838709674,1.0,1.0,1.0,1.0,none,0:1.0500|1:0.9300|2:1.0300|3:0.9400|4:0.9500|5:1.1000|6:0.8200|,Tolga Güler:6:12844|Esin Yıldız:4:35161,1994118,10,143325,514,31,37.857038024725284,38.8033824040128,none,541868
Atak,22,574,2012,9,1508,1344,164,6630,153,101,0,0,119,3006730,1850246,1143956,294930,63450,67393,74130,0,0,644053,1629768,-798079,989771,1438076,1112603,841688,28858414,84532,0,593480,1735522,0,4.0,0.0,2.0,1.0,1.0,482.70454540000003,514.090909,296.1287878333333,296.1878786666667,484.26666670000003,1.123064,31.3711487,1.0,1.0,1.0,1.0,none,0:1.0500|1:0.9300|2:1.0300|3:0.9400|4:0.9500|5:1.1000|6:0.8200|,Tolga Güler:6:12844|Esin Yıldız:4:35161|Pınar Uçar:1:10548,1869414,13,143325,545,30,38.04651564989207,38.652165044780766,none,500728
Atak,22,605,2012,10,1438,1275,163,6460,155,88,0,0,134,2853350,1762408,1074984,304761,65565,70042,77035,0,0,557581,6974117,3913733,986228,2074156,2399629,839134,31773508,84532,0,607812,1815174,0,4.0,0.0,2.0,1.0,1.0,483.409091,516.818182,297.954545,296.7126100645161,485.3841642580645,1.129326,32.098294677419354,1.0,1.0,1.0,1.0,none,0:1.0500|1:0.9300|2:1.0300|3:0.9400|4:0.9500|5:1.1000|6:0.8200|,Tolga Güler:6:12844|Esin Yıldız:4:35161|Pınar Uçar:1:10548,1790832,13,143325,575,31,37.67445283613998,38.36389291239043,none,414256
Atak,22,635,2012,11,1444,1290,154,6705,140,101,0,0,117,2989430,1876397,1099747,294930,63450,68172,74970,0,0,598225,7175054,4027527,982637,2164890,2164890,922374,35348249,84532,0,622144,1756620,0,4.0,0.0,2.0,1.0,1.0,481.79545443333336,520.227273,302.818182,300.90303043333336,487.15454539999996,1.135835,33.632962733333336,1.0,1.0,1.0,1.0,none,0:1.0500|1:0.9300|2:1.0300|3:0.9400|4:0.9500|5:1.1000|6:0.8200|,Tolga Güler:6:12844|Esin Yıldız:4:35161|Pınar Uçar:1:10548,1900980,14,143325,606,30,36.78784918864131,37.14797862587529,none,454900
Atak,22,666,2012,12,1390,1224,166,5908,203,81,0,0,115,2915265,1784432,1116425,304761,65565,70818,85684,0,0,589597,1472169,-1967364,978997,2460536,2460536,736688,101754385,87784,0,637028,1817770,0,4.0,0.0,2.0,1.0,1.0,495.21260977419354,522.727273,304.090909,302.9178887096774,493.6158355483871,1.142168,29.810142903225806,1.0,1.0,1.0,1.0,none,0:1.0500|1:0.9300|2:1.0300|3:0.9400|4:0.9500|5:1.1000|6:0.8200|,Tolga Güler:6:12844|Esin Yıldız:4:35161|Pınar Uçar:1:10548,1791154,15,148837,636,31,38.29583245433948,38.593867967405146,none,440760
Atak,22,697,2013,1,1312,1153,159,5606,198,118,0,0,106,2967250,1837974,1119433,310761,66960,71252,86180,0,0,584280,-8375619,-10931913,2031907,524387,524387,883098,51935585,87784,0,651912,1895650,0,4.0,0.0,2.0,1.0,1.0,497.331378483871,525.454545,308.954545,306.66862170967744,495.746334516129,1.148751,28.673782870967745,1.0,1.0,1.0,1.0,none,0:1.0500|1:0.9300|2:1.0300|3:0.9400|4:0.9500|5:1.1000|6:0.8200|,Tolga Güler:6:13414|Esin Yıldız:4:36719|Pınar Uçar:1:11016,1853700,19,148837,667,31,37.726278540736374,37.877528270615706,none,435443
Atak,22,725,2013,2,1206,1059,147,4965,167,66,0,0,109,2523840,1561336,947053,280868,60480,64749,78316,0,0,462640,2767314,842813,838,1923663,1923663,682330,52123783,87784,0,666796,1712200,0,4.0,0.0,2.0,1.0,1.0,498.5795457142857,528.863636,308.2272725357143,307.77272735714286,499.16558453571434,1.155828,29.414381214285715,1.0,1.0,1.0,1.0,none,0:1.0500|1:0.9300|2:1.0300|3:0.9400|4:0.9500|5:1.1000|6:0.8200|,Tolga Güler:6:13414|Esin Yıldız:4:36719|Pınar Uçar:1:11016,1595008,20,148837,698,28,37.524288385951564,38.17891744954456,none,313803
Atak,22,756,2013,3,1397,1204,193,6042,166,79,0,0,152,2802949,1711340,1077802,310961,66960,72089,79267,0,645,547880,17446715,10625577,2398217,4422921,3249020,716094,54494168,87784,0,681680,1895650,0,4.0,0.0,2.0,1.0,1.0,498.49706754838707,531.818182,302.5234603225806,304.4193548064516,500.94281532258066,1.162259,29.570318387096773,1.0,1.0,1.0,1.0,none,0:1.0500|1:0.9300|2:1.0300|3:0.9400|4:0.9500|5:1.1000|6:0.8200|,Tolga Güler:6:13414|Esin Yıldız:4:36719|Pınar Uçar:1:11016,1711714,20,148837,726,31,38.45242992291333,39.31289068351121,none,399043
Atak,22,786,2013,4,1312,1159,153,5554,179,57,0,0,126,2799462,1664547,1122431,300930,64800,70184,77190,0,392,608935,17281868,9909939,2364937,5006992,6180893,841556,60651269,87784,0,696564,1834500,0,4.0,0.0,2.0,1.0,1.0,510.0681821,535.454545,303.4772726666667,303.4757578666667,505.7015154,1.16942,28.373104666666666,1.0,1.0,1.0,1.0,none,0:1.0500|1:0.9300|2:1.0300|3:0.9400|4:0.9500|5:1.1000|6:0.8200|,Tolga Güler:6:13414|Esin Yıldız:4:36719|Pınar Uçar:1:11016,1691990,20,148837,757,30,40.09452530521936,40.50260664815016,none,460098
Atak,22,817,2013,5,1407,1244,163,5805,162,57,0,0,127,2836312,1704621,1114304,310961,66960,72957,80228,0,585,582613,18614582,11213832,2331104,5069646,5069646,771480,68126590,87784,0,711448,1895650,0,4.0,0.0,2.0,1.0,1.0,508.555718483871,538.409091,307.954545,306.0073313225806,508.80058638709676,1.176391,29.015138225806453,1.0,1.0,1.0,1.0,none,0:1.0500|1:0.9300|2:1.0300|3:0.9400|4:0.9500|5:1.1000|6:0.8200|,Tolga Güler:6:13414|Esin Yıldız:4:36719|Pınar Uçar:1:11016,1699266,20,148837,787,31,39.2870742005816,39.44526945482241,none,433776
Atak,22,847,2013,6,1355,1175,180,5620,145,50,0,0,141,2494075,1477408,1004309,300930,64800,71024,89850,0,379,477326,17733807,9141711,2296994,6295102,5052567,625462,71331798,92660,0,727158,1837241,0,4.0,0.0,2.0,1.0,1.0,512.9545452666666,542.045455,304.863636,305.8878788666667,512.1272726000001,1.183639,28.211464766666666,1.0,1.0,1.0,1.0,none,0:1.0500|1:0.9300|2:1.0300|3:0.9400|4:0.9500|5:1.1000|6:0.8200|,Tolga Güler:6:13414|Esin Yıldız:4:36719|Pınar Uçar:1:11016,1503294,20,157106,818,30,40.2677946733759,40.567124550672936,none,320220
Atak,22,878,2013,7,1514,1327,187,6687,143,54,0,0,147,2937537,1752734,1167114,319961,69037,73826,93372,0,321,610597,13991354,7004475,2265522,4721357,5963892,791686,76020473,92660,0,742868,1980621,0,4.0,0.0,2.0,1.0,1.0,513.3504395806452,545.0,309.0,307.45454538709674,514.2008798709677,1.190696,28.578916516129034,1.0,1.0,1.0,1.0,none,0:1.0500|1:0.9300|2:1.0300|3:0.9400|4:0.9500|5:1.1000|6:0.8200|,Tolga Güler:6:14015|Esin Yıldız:4:38366|Pınar Uçar:1:11510,1785014,20,157106,848,31,39.73103998349638,39.807200661516646,none,453491
Atak,22,909,2013,8,1480,1295,185,6059,181,49,0,0,148,2705715,1589572,1101281,320261,69037,74291,93961,0,0,543731,14620176,7864734,2230013,4525429,4525429,690748,78273156,92660,0,758578,1980621,0,4.0,0.0,2.0,1.0,1.0,523.8049856774193,549.090909,311.6290322580645,309.9662758064516,518.9941346451612,1.198032,26.940435032258062,1.0,1.0,1.0,1.0,none,0:1.0500|1:0.9300|2:1.0300|3:0.9400|4:0.9500|5:1.1000|6:0.8200|,Tolga Güler:6:14015|Esin Yıldız:4:38366|Pınar Uçar:1:11510,1602564,20,157106,879,31,40.70203254962182,40.506669317962825,none,386625
Atak,22,939,2013,9,1469,1274,195,5877,196,64,0,0,156,2841436,1716570,1106008,309930,66810,72344,79560,0,1169,576195,12028205,5945972,2700,6079533,6079533,732084,85321617,92660,0,774288,1916730,0,4.0,0.0,2.0,1.0,1.0,523.2651519,551.590909,319.90909100000005,316.75606059999996,521.4863636,1.205414,27.851150433333334,1.0,1.0,1.0,1.0,none,0:1.0500|1:0.9300|2:1.0300|3:0.9400|4:0.9500|5:1.1000|6:0.8200|,Tolga Güler:6:14015|Esin Yıldız:4:38366|Pınar Uçar:1:11510,1752144,20,157106,910,30,38.92426223923397,38.862909207999934,none,419089
Atak,22,970,2013,10,1508,1322,186,6376,165,63,0,0,143,3325358,2030735,1279172,320261,69037,75190,82708,0,797,731179,15955100,9491967,1734599,4728534,4728534,848972,83747682,92660,0,789998,1980621,0,4.0,0.0,2.0,1.0,1.0,524.1348977741935,555.227273,321.5,320.0953079354839,524.806451483871,1.2126,28.491959677419356,1.0,1.0,1.0,1.0,none,0:1.0500|1:0.9300|2:1.0300|3:0.9400|4:0.9500|5:1.1000|6:0.8200|,Tolga Güler:6:14015|Esin Yıldız:4:38366|Pınar Uçar:1:11510,2056096,20,157106,940,31,38.46719661462014,38.66082923207532,none,574073
Atak,22,1000,2013,11,1534,1315,219,6025,200,75,0,0,172,3086325,1900260,1168517,309930,66810,73215,80520,0,0,638042,19184021,12779606,1708065,4696350,4696350,950414,76047479,92660,0,805708,1916730,0,4.0,0.0,2.0,1.0,1.0,525.9999997,558.409091,325.681818,323.6818182,527.7727273333334,1.220071,28.228632366666666,1.0,1.0,1.0,1.0,none,0:1.0500|1:0.9300|2:1.0300|3:0.9400|4:0.9500|5:1.1000|6:0.8200|,Tolga Güler:6:14015|Esin Yıldız:4:38366|Pınar Uçar:1:11510,1924882,20,157106,971,30,37.86111313617328,38.083304527423934,none,480936
Atak,22,1031,2013,12,1322,1125,197,4937,218,29,0,0,150,2743333,1667619,1063037,320261,69037,76120,92070,0,887,504662,18500044,9975223,1681189,6843632,6843632,698706,82519106,95911,0,821969,1983606,0,4.0,0.0,2.0,1.0,1.0,538.1671553870968,562.045455,328.272727,326.4985338064516,530.4794723225807,1.227345,26.17756412903226,1.0,1.0,1.0,1.0,none,0:1.0500|1:0.9300|2:1.0300|3:0.9400|4:0.9500|5:1.1000|6:0.8200|,Tolga Güler:6:14015|Esin Yıldız:4:38366|Pınar Uçar:1:11510,1737178,20,162619,1001,31,38.74983459900785,39.001716527297624,none,342043
Atak,22,1062,2014,1,1416,1188,228,5497,211,79,0,0,159,3048416,1842627,1192587,326261,70432,76586,92628,0,331,626349,14595708,7917639,1653967,5024102,5024102,755826,90178913,95911,0,838230,2073156,0,4.0,0.0,2.0,1.0,1.0,539.1129031935484,565.227273,323.31818200000004,324.63929622580645,533.8885629032259,1.234907,26.004015193548387,1.0,1.0,1.0,1.0,none,0:1.0500|1:0.9300|2:1.0300|3:0.9400|4:0.9500|5:1.1000|6:0.8200|,Tolga Güler:6:14671|Esin Yıldız:4:40158|Pınar Uçar:1:12048,1805604,20,162619,1032,31,39.12153065723313,40.02774185430233,none,463730
Atak,22,1090,2014,2,1346,1141,205,5275,193,83,0,0,153,2953290,1782529,1153982,294868,63616,69623,84224,0,0,641651,9835376,3932672,1626393,4276311,4276311,890298,82349839,95911,0,854491,1872528,0,4.0,0.0,2.0,1.0,1.0,539.2288960714286,569.545455,325.409091,324.81655832142854,538.9870128214286,1.243005,27.43055807142857,1.0,1.0,1.0,1.0,none,0:1.0500|1:0.9300|2:1.0300|3:0.9400|4:0.9500|5:1.1000|6:0.8200|,Tolga Güler:6:14671|Esin Yıldız:4:40158|Pınar Uçar:1:12048,1807590,21,162619,1063,28,39.07445594574187,39.65288333567071,none,479032
Atak,22,1121,2014,3,1482,1293,189,6117,173,58,0,0,159,3180380,1911926,1252697,326461,70432,77547,85281,0,0,692976,16060773,9002398,1115,7057260,7057260,845448,89932807,95911,0,870752,2073156,0,4.0,0.0,2.0,1.0,1.0,540.3885631612903,572.954545,325.545455,325.0703813870968,542.0249267096774,1.250366,28.54154370967742,1.0,1.0,1.0,1.0,none,0:1.0500|1:0.9300|2:1.0300|3:0.9400|4:0.9500|5:1.1000|6:0.8200|,Tolga Güler:6:14671|Esin Yıldız:4:40158|Pınar Uçar:1:12048,1940604,21,162619,1091,31,39.388280645709,39.75715305750575,none,530357
Atak,22,1151,2014,4,1431,1215,216,5644,256,40,0,0,173,3044255,1791109,1233309,315930,68160,75526,83070,0,0,690623,19925399,12139483,1735254,6050662,6050662,870672,95456318,95911,0,887013,2006280,0,4.0,0.0,2.0,1.0,1.0,553.4166666,575.454545,327.09090899999995,325.91666683333335,544.5696968,1.258565,25.5854147,1.0,1.0,1.0,1.0,none,0:1.0500|1:0.9300|2:1.0300|3:0.9400|4:0.9500|5:1.1000|6:0.8200|,Tolga Güler:6:14671|Esin Yıldız:4:40158|Pınar Uçar:1:12048,1813444,21,162619,1122,30,40.51267058771358,40.89608630518249,none,528004
Atak,22,1182,2014,5,1572,1342,230,6687,204,71,0,0,188,3592515,2151309,1427173,326461,70432,78540,86366,0,0,865374,23359874,15459226,1709225,6191423,6191423,971322,98908207,95911,0,903274,2073156,0,4.0,0.0,2.0,1.0,1.0,552.9398826451613,579.772727,333.045455,330.69208203225804,548.3709675161291,1.266552,26.346684903225803,1.0,1.0,1.0,1.0,none,0:1.0500|1:0.9300|2:1.0300|3:0.9400|4:0.9500|5:1.1000|6:0.8200|,Tolga Güler:6:14671|Esin Yıldız:4:40158|Pınar Uçar:1:12048,2151990,21,162619,1152,31,39.72629202661645,39.76823422344349,none,702755
Atak,22,1212,2014,6,1462,1276,186,6318,138,41,0,0,164,2950275,1791630,1147502,315930,68160,76516,96750,0,0,590146,20112440,10593033,1682840,7836567,7836567,845694,101383381,100789,0,920363,2009442,0,4.0,0.0,2.0,1.0,1.0,552.7954544,582.954545,339.045455,336.36515156666667,551.4303032,1.274857,28.003056233333332,1.0,1.0,1.0,1.0,none,0:1.0500|1:0.9300|2:1.0300|3:0.9400|4:0.9500|5:1.1000|6:0.8200|,Tolga Güler:6:14671|Esin Yıldız:4:40158|Pınar Uçar:1:12048,1834086,21,170887,1183,30,38.894747099846626,38.66710511069645,none,419259
Atak,22,1243,2014,7,1606,1398,208,6824,158,73,0,2,167,3173660,1946577,1203477,335461,72540,79563,100626,0,581,614706,19444276,11488887,1656093,6299296,6299296,775732,106540732,100789,0,937452,2171178,0,4.0,0.0,2.0,1.0,1.0,553.9149559032259,587.954545,343.454545,341.2419355806452,555.5879768387097,1.282947,29.07742529032258,1.0,1.0,1.0,1.0,none,0:1.0500|1:0.9300|2:1.0300|3:0.9400|4:0.9500|5:1.1000|6:0.8200|,Tolga Güler:6:15364|Esin Yıldız:4:42057|Pınar Uçar:1:12617,1992630,21,170887,1213,31,37.92079176723404,37.99507643913397,none,443819
Atak,22,1274,2014,8,1521,1324,197,6312,125,53,0,0,171,2831319,1703931,1112785,335761,72540,80090,101277,0,1018,522099,17458941,8904176,1629265,6925500,5239348,717918,103372153,100789,0,954541,2171178,0,4.0,0.0,2.0,1.0,1.0,565.6451611290323,590.681818,345.090909,343.46480938709675,559.3841643225807,1.291361,27.173778580645163,1.0,1.0,1.0,1.0,none,0:1.0500|1:0.9300|2:1.0300|3:0.9400|4:0.9500|5:1.1000|6:0.8200|,Tolga Güler:6:15364|Esin Yıldız:4:42057|Pınar Uçar:1:12617,1736904,22,170887,1244,31,39.30270661836409,38.991627134015296,none,351212
Atak,22,1304,2014,9,1492,1285,207,6031,153,59,0,0,178,3236285,1943797,1278347,324930,70200,78016,85800,0,473,718928,25429639,17794805,3766,7631068,9317220,873736,115262017,100789,0,971630,2101140,0,4.0,0.0,2.0,1.0,1.0,565.6818179999999,594.3181820000001,336.727273,339.3378787333333,562.368182,1.299829,27.368307566666665,1.0,1.0,1.0,1.0,none,0:1.0500|1:0.9300|2:1.0300|3:0.9400|4:0.9500|5:1.1000|6:0.8200|,Tolga Güler:6:15364|Esin Yıldız:4:42057|Pınar Uçar:1:12617,1939220,22,170887,1275,30,39.500445727122305,40.47408591095992,none,548041
Atak,22,1335,2014,10,1522,1341,181,6429,157,56,0,0,150,3453355,2057620,1374577,335761,72540,81113,89218,0,0,795945,26084609,17060813,1637582,7386214,7386214,986472,118704149,100789,0,988719,2171178,0,4.0,0.0,2.0,1.0,1.0,567.8958946774193,599.318182,337.545455,337.863636,566.6055717096775,1.308077,28.17909735483871,1.0,1.0,1.0,1.0,none,0:1.0500|1:0.9300|2:1.0300|3:0.9400|4:0.9500|5:1.1000|6:0.8200|,Tolga Güler:6:15364|Esin Yıldız:4:42057|Pınar Uçar:1:12617,2056818,22,170887,1305,31,39.80410354568239,40.56208925550778,none,625058
Atak,22,1365,2014,11,1439,1243,196,5781,172,69,0,0,165,3172870,1920873,1242273,324930,70200,79007,86910,0,0,681226,29719815,18833978,1613022,9272815,7202701,958226,111965365,100789,0,1005808,2101140,0,4.0,0.0,2.0,1.0,1.0,569.7045456333333,602.272727,347.727273,344.3969696666666,569.5909090333333,1.316655,27.901595733333334,1.0,1.0,1.0,1.0,none,0:1.0500|1:0.9300|2:1.0300|3:0.9400|4:0.9500|5:1.1000|6:0.8200|,Tolga Güler:6:15364|Esin Yıldız:4:42057|Pınar Uçar:1:12617,1958704,22,170887,1336,30,39.15297506673769,38.96357758328292,none,510339
Atak,22,1396,2014,12,1469,1267,202,5687,203,71,0,0,165,3335725,2005002,1318804,335761,72540,82167,99417,0,0,728919,32271541,21807152,1588126,8876263,10946377,823374,124856386,105665,0,1023723,2174618,0,4.0,0.0,2.0,1.0,1.0,580.3372432258064,606.818182,349.31818200000004,347.7096774516129,574.0381234516129,1.32501,26.50025041935484,1.0,1.0,1.0,1.0,none,0:1.0500|1:0.9300|2:1.0300|3:0.9400|4:0.9500|5:1.1000|6:0.8200|,Tolga Güler:6:15364|Esin Yıldız:4:42057|Pınar Uçar:1:12617,2008872,22,179156,1366,31,39.53575309715279,39.807726269933355,none,549763
Atak,22,1427,2015,1,1436,1206,230,5598,172,97,0,0,187,3390590,2072102,1300482,344761,74617,82696,100068,0,0,698340,16605163,7950654,1562888,7091621,7091621,799116,130526138,105665,0,1041638,2277818,0,4.0,0.0,2.0,1.0,1.0,581.6715543870968,610.227273,355.31818200000004,352.8592374193548,577.8460409354839,1.3337,24.853173387096778,1.0,1.0,1.0,1.0,none,0:1.0500|1:0.9300|2:1.0300|3:0.9400|4:0.9500|5:1.1000|6:0.8200|,Tolga Güler:6:16119|Esin Yıldız:4:44122|Pınar Uçar:1:13237,2086290,23,179156,1397,31,38.35562542212417,38.91429289947033,none,519184
Atak,22,1455,2015,2,1226,1036,190,4901,200,54,0,0,150,2892025,1749669,1125409,311668,67396,75225,91000,0,0,580120,8981668,1175464,1537303,6268901,6268901,875410,125764215,105665,0,1059553,2057384,0,4.0,0.0,2.0,1.0,1.0,583.7905840714286,614.5454550000001,352.29545449999995,352.64610392857145,581.6801949642856,1.342972,24.471054535714284,1.0,1.0,1.0,1.0,none,0:1.0500|1:0.9300|2:1.0300|3:0.9400|4:0.9500|5:1.1000|6:0.8200|,Tolga Güler:6:16119|Esin Yıldız:4:44122|Pınar Uçar:1:13237,1783266,25,179156,1428,28,38.91422100431359,39.65379639338351,none,400964
Atak,22,1486,2015,3,1425,1208,217,5672,233,51,0,0,172,3149945,1932527,1200406,345061,74617,83812,92163,0,0,604753,28599665,17679395,1949,10918321,10918321,759154,133702817,105665,0,1077468,2277818,0,4.0,0.0,2.0,1.0,1.0,586.0777122258065,618.409091,362.636364,359.26686206451615,585.175953,1.351403,24.680300645161292,1.0,1.0,1.0,1.0,none,0:1.0500|1:0.9300|2:1.0300|3:0.9400|4:0.9500|5:1.1000|6:0.8200|,Tolga Güler:6:16119|Esin Yıldız:4:44122|Pınar Uçar:1:13237,1969532,25,179156,1456,31,38.108792375739895,38.124866986874615,none,425597
Atak,22,1516,2015,4,1369,1148,221,5494,229,74,0,0,160,3087135,1866702,1203939,333930,72210,81678,89820,0,0,626301,31133063,20085727,1634551,9412785,9412785,856254,145161071,105665,0,1095383,2204340,0,4.0,0.0,2.0,1.0,1.0,595.7196965666667,622.954545,360.318182,360.6454546333334,587.2393938,1.360799,23.167870333333333,1.0,1.0,1.0,1.0,none,0:1.0500|1:0.9300|2:1.0300|3:0.9400|4:0.9500|5:1.1000|6:0.8200|,Tolga Güler:6:16119|Esin Yıldız:4:44122|Pınar Uçar:1:13237,1885392,25,179156,1487,30,38.99858606766468,39.51548285600845,none,447145
Atak,22,1547,2015,5,1394,1162,232,5279,185,47,0,0,197,2974141,1781405,1175275,345061,74617,84959,93434,0,580,576624,35300991,21393560,1610504,12296927,9791334,834000,158347912,105665,0,1113298,2277818,0,4.0,0.0,2.0,1.0,1.0,597.9178883548387,626.818182,356.18181799999996,358.02492667741933,593.3489735483871,1.369954,24.07154329032258,1.0,1.0,1.0,1.0,none,0:1.0500|1:0.9300|2:1.0300|3:0.9400|4:0.9500|5:1.1000|6:0.8200|,Tolga Güler:6:16119|Esin Yıldız:4:44122|Pınar Uçar:1:13237,1807560,25,179156,1517,31,39.51645197722637,40.4296434448502,none,397468
Atak,22,1577,2015,6,1387,1176,211,5615,173,33,0,0,182,2824408,1673296,1130893,333930,72210,82789,104700,0,2046,535218,28462353,17296004,1586107,9580242,12085835,769632,156864074,110542,0,1132040,2207993,0,4.0,0.0,2.0,1.0,1.0,600.1287881999999,632.045455,356.90909100000005,357.3969697666667,596.5757576666667,1.379479,24.7848373,1.0,1.0,1.0,1.0,none,0:1.0500|1:0.9300|2:1.0300|3:0.9400|4:0.9500|5:1.1000|6:0.8200|,Tolga Güler:6:16119|Esin Yıldız:4:44122|Pınar Uçar:1:13237,1695000,26,187425,1548,30,40.040001302927905,40.527917004198784,none,347793
Atak,22,1608,2015,7,1416,1207,209,5965,168,42,0,0,180,3075381,1818438,1242650,240661,51210,86137,108934,0,1378,754330,27549321,17189583,1561355,8798383,8798383,843532,167418031,110542,0,1150782,2391061,0,3.129032258064516,0.0,2.0,0.12903225806451613,1.0,608.3797654193548,635.227273,363.272727,360.960410483871,601.214076548387,1.38876,24.034442709677418,1.0,1.0,1.0,1.0,none,0:1.0500|1:0.9300|2:1.0300|3:0.9400|4:0.9500|5:1.1000|6:0.8200|,Tolga Güler:6:16920|Esin Yıldız:4:46316|Pınar Uçar:1:13895,1826018,27,187425,1578,31,40.40637566532407,40.28849287096245,none,566905
Atak,22,1639,2015,8,1342,1129,213,5420,120,24,0,0,194,2830174,1685417,1129216,224161,47430,86726,109678,0,1953,659268,34295611,20589539,1536243,12169829,12169829,821912,169693744,110542,0,1169524,2391061,0,3.0,0.0,2.0,0.0,1.0,608.5630501935483,640.909091,365.43108519354837,363.5337242580645,606.6260999354839,1.398416,25.43909458064516,1.0,1.0,1.0,1.0,none,0:1.0500|1:0.9300|2:1.0300|3:0.9400|4:0.9500|5:1.1000|6:0.8200|,Tolga Güler:6:16920|Esin Yıldız:4:46316|Pınar Uçar:1:13895,1723982,27,187425,1609,31,39.89917227704021,39.95181188254428,none,471843
Atak,22,1669,2015,9,1305,1116,189,5343,160,56,0,0,157,3158234,1929635,1208218,293430,63104,84499,92940,0,32621,641624,36149663,23675344,1510766,10963553,10963553,906150,180667104,110542,0,1188266,2313930,0,3.566666666666667,0.0,2.0,0.5666666666666667,1.0,609.7272728,644.090909,376.454545,372.0393939,609.2257578333333,1.408139,25.440721366666665,1.0,1.0,1.0,1.0,none,0:1.0500|1:0.9300|2:1.0300|3:0.9400|4:0.9500|5:1.1000|6:0.8200|,Tolga Güler:6:16920|Esin Yıldız:4:46316|Pınar Uçar:1:13895,1954506,27,187425,1640,30,38.25612668345664,38.25853593997215,none,454199
Atak,22,1700,2015,10,1404,1192,212,5582,189,58,0,0,172,3399206,2063039,1319730,363661,78802,87905,96689,0,1008,691665,33260951,21535717,1485257,10239977,10239977,973632,185954049,110542,0,1207008,2391061,0,4.0,0.0,2.0,1.0,1.0,620.7551318064516,648.8636359999999,378.0703815806451,376.3167155483871,613.7976539032258,1.417612,24.3391495483871,1.0,1.0,1.0,1.0,none,0:1.0500|1:0.9300|2:1.0300|3:0.9400|4:0.9500|5:1.1000|6:0.8200|,Tolga Güler:6:16920|Esin Yıldız:4:46316|Pınar Uçar:1:13895,2091882,28,187425,1670,31,38.824654934122854,39.0950856128362,none,504240
Atak,22,1730,2015,11,1330,1126,204,5229,156,47,0,0,171,3086277,1889606,1178590,351930,76260,85669,94200,0,1216,569315,49995977,35875211,4430,14116336,14116336,806214,163090756,110542,0,1225750,2313930,0,4.0,0.0,2.0,1.0,1.0,619.4242423666667,653.863636,379.636364,378.33484846666664,616.9484848666667,1.427469,25.192756866666667,1.0,1.0,1.0,1.0,none,0:1.0500|1:0.9300|2:1.0300|3:0.9400|4:0.9500|5:1.1000|6:0.8200|,Tolga Güler:6:16920|Esin Yıldız:4:46316|Pınar Uçar:1:13895,1912422,28,187425,1701,30,38.188082275181394,38.71141327154013,none,381890
Atak,22,1761,2015,12,1375,1159,216,5804,180,44,0,0,186,3591373,2242219,1333187,363661,78802,89114,107818,0,1053,692739,56988169,41346571,1492649,14148949,14148949,963954,186577957,117045,0,1245595,2395053,0,4.0,0.0,2.0,1.0,1.0,614.6700878387097,658.181818,382.954545,381.0146627741936,617.497067548387,1.437072,27.013776645161293,1.0,1.0,1.0,1.0,none,0:1.0500|1:0.9250|2:1.0300|3:0.9350|4:0.9450|5:1.1000|6:0.8200|,Tolga Güler:6:16920|Esin Yıldız:4:46316|Pınar Uçar:1:13895,2247986,28,198450,1731,31,37.1219308047368,37.69754660641827,none,494289
Atak,22,1792,2016,1,1365,1169,196,5763,205,46,0,0,163,3692644,2268630,1414922,375661,81592,89735,108562,0,498,758874,24694744,8775221,1470670,14448853,12418158,1013084,208752831,117045,0,1265440,2514813,0,4.0,0.0,2.0,1.0,1.0,634.0762467419355,662.272727,387.863636,385.40175951612906,625.5410559677418,1.447064,25.189938806451615,1.0,1.0,1.0,1.0,none,0:1.0500|1:0.9300|2:1.0300|3:0.9400|4:0.9500|5:1.1000|6:0.8200|,Tolga Güler:6:17796|Esin Yıldız:4:48713|Pınar Uçar:1:14614,2310490,29,198450,1762,31,38.31731409797424,38.830126819455245,none,560424
Atak,22,1821,2016,2,1278,1027,251,4802,176,68,0,0,200,2984629,1796300,1172411,351799,76328,84555,102312,0,809,556608,19589759,7706342,1448371,10435046,12465741,877918,207388089,117045,0,1285285,2352567,0,4.0,0.0,2.0,1.0,1.0,635.227273,667.272727,376.43730410344824,380.101881,630.1927898965517,1.4576940000000003,24.480114931034482,1.0,1.0,1.0,1.0,none,0:1.0500|1:0.9300|2:1.0300|3:0.9400|4:0.9500|5:1.1000|6:0.8200|,Tolga Güler:6:17796|Esin Yıldız:4:48713|Pınar Uçar:1:14614,1812924,31,198450,1793,29,39.28163265853143,40.73974463885334,none,358158
Atak,22,1852,2016,3,1355,1131,224,5372,168,20,0,0,186,3117439,1875988,1223232,376061,81592,91007,100099,0,1405,573068,33927785,20199171,1425747,12302867,12302867,897846,224556014,117045,0,1305130,2514813,0,4.0,0.0,2.0,1.0,1.0,632.6539588064517,671.1363640000001,380.81818200000004,379.1158358064516,632.306451548387,1.467709,25.807341290322583,1.0,1.0,1.0,1.0,none,0:1.0500|1:0.9300|2:1.0300|3:0.9400|4:0.9500|5:1.1000|6:0.8200|,Tolga Güler:6:17796|Esin Yıldız:4:48713|Pınar Uçar:1:14614,1871730,31,198450,1822,31,39.238362001630186,39.80624372944072,none,374618
Atak,22,1882,2016,4,1318,1110,208,5288,178,44,0,0,172,3276292,1948746,1312225,401930,87516,88731,97590,0,33524,602934,33867556,20741559,1402795,11723202,11723202,855724,224508379,117045,0,1324975,2433690,0,3.933333333333333,0.0,2.0,0.9333333333333333,1.0,642.8257575666667,676.590909,384.181818,382.1893940333333,636.5969696333334,1.4784910000000002,24.751519499999997,1.0,1.0,1.0,1.0,none,0:1.0500|1:0.9300|2:1.0300|3:0.9400|4:0.9500|5:1.1000|6:0.8200|,Tolga Güler:6:17796|Esin Yıldız:4:48713|Pınar Uçar:1:14614,1998574,32,198450,1853,30,40.05213820990315,40.23546606871038,none,404484
Atak,22,1913,2016,5,1406,1192,214,5872,160,47,0,0,183,3322612,1995227,1310570,448911,97991,92340,101556,0,1495,568277,44210114,26302326,1379508,16528280,16528280,901686,231888578,117045,0,1344820,2514813,0,4.0,0.0,2.0,1.0,1.0,646.1436953548387,680.909091,388.6011727096774,386.23753658064516,640.5395894838709,1.489001,25.820079677419354,1.0,1.0,1.0,1.0,none,0:1.0500|1:0.9300|2:1.0300|3:0.9400|4:0.9500|5:1.1000|6:0.8200|,Tolga Güler:6:17796|Esin Yıldız:4:48713|Pınar Uçar:1:14614,2012296,32,198450,1883,31,39.443967577315675,39.85839752003279,none,369827
Atak,22,1943,2016,6,1365,1165,200,5844,123,26,0,0,179,3189405,1947504,1225054,434430,94830,90021,113850,0,524,491399,36939358,22564508,1355882,13018968,13018968,983034,231104884,123547,0,1365767,2437923,0,4.0,0.0,2.0,1.0,1.0,644.7954548333332,685.6818179999999,395.954545,392.46060603333336,645.7787877666667,1.499939,26.993154266666668,1.0,1.0,1.0,1.0,none,0:1.0500|1:0.9300|2:1.0300|3:0.9400|4:0.9500|5:1.1000|6:0.8200|,Tolga Güler:6:17796|Esin Yıldız:4:48713|Pınar Uçar:1:14614,1956360,34,209475,1914,30,38.41011097681229,38.59222455245961,none,281924
Atak,22,1974,2016,7,1307,1090,217,5176,160,30,0,0,179,2997932,1822326,1161175,460911,100781,93673,118482,0,1199,386129,27830188,13177588,1551,14651049,11875407,859500,240035208,123547,0,1386714,2646036,0,4.0,0.0,2.0,1.0,1.0,654.7214078387098,692.045455,401.636364,398.7008796774193,654.1436953548387,1.510601,25.936315870967743,1.0,1.0,1.0,1.0,none,0:1.0500|1:0.9300|2:1.0300|3:0.9400|4:0.9500|5:1.1000|6:0.8200|,Tolga Güler:6:18724|Esin Yıldız:4:51255|Pınar Uçar:1:15376,1911696,35,209475,1944,31,38.732532959386674,38.655379342820744,none,176654
Atak,22,2005,2016,8,1497,1271,226,6519,147,30,0,0,203,3726471,2217270,1485774,461311,100781,94356,119350,0,1629,708347,40613440,25571682,1358140,13683618,16459260,1022668,247543802,123547,0,1407661,2646036,0,4.0,0.0,2.0,1.0,1.0,662.3533726451612,696.590909,389.090909,392.87829912903226,657.3093843548387,1.521698,25.83122706451613,1.0,1.0,1.0,1.0,none,0:1.0500|1:0.9300|2:1.0300|3:0.9400|4:0.9500|5:1.1000|6:0.8200|,Tolga Güler:6:18724|Esin Yıldız:4:51255|Pınar Uçar:1:15376,2031716,34,209475,1975,31,39.87080538128433,41.25629534486489,none,498872
Atak,22,2035,2016,9,1421,1191,230,5785,162,73,0,0,192,3607496,2189412,1398806,446430,97530,92002,101160,0,795,660889,48687529,32062139,1338037,15287353,15287353,1112490,267553169,123547,0,1428608,2560680,0,4.0,0.0,2.0,1.0,1.0,665.227273,702.272727,406.181818,400.90454543333334,662.9045456666666,1.5328759999999997,26.149531233333335,1.0,1.0,1.0,1.0,none,0:1.0500|1:0.9300|2:1.0300|3:0.9400|4:0.9500|5:1.1000|6:0.8200|,Tolga Güler:6:18724|Esin Yıldız:4:51255|Pınar Uçar:1:15376,2224812,34,209475,2006,30,38.774984088686445,38.94089516681616,none,451414
Atak,22,2066,2016,10,1365,1121,244,5330,204,29,0,0,194,3486457,2111985,1356350,461311,100781,95750,105276,0,543,592689,41496255,22477212,1317641,17701402,17701402,1001886,267635977,123547,0,1449555,2646036,0,4.0,0.0,2.0,1.0,1.0,670.8724338709678,706.1363640000001,407.5,405.9325512903226,668.0791790967742,1.543772,24.78827329032258,1.0,1.0,1.0,1.0,none,0:1.0500|1:0.9300|2:1.0300|3:0.9400|4:0.9500|5:1.1000|6:0.8200|,Tolga Güler:6:18724|Esin Yıldız:4:51255|Pınar Uçar:1:15376,2133714,35,209475,2036,31,38.90339103565597,39.25819881304343,none,383214
Atak,22,2096,2016,11,1385,1147,238,5710,188,55,0,0,189,3697454,2206142,1475998,446430,97530,93322,102630,0,445,735641,70589776,54713799,1296949,14579028,14579028,996472,220297788,123547,0,1470502,2560680,0,4.0,0.0,2.0,1.0,1.0,679.3787879666667,712.272727,403.272727,404.3333332333333,673.3151513333333,1.555113,24.69389173333333,1.0,1.0,1.0,1.0,none,0:1.0500|1:0.9300|2:1.0300|3:0.9400|4:0.9500|5:1.1000|6:0.8200|,Tolga Güler:6:18724|Esin Yıldız:4:51255|Pınar Uçar:1:15376,2199194,35,209475,2067,30,39.9193066364044,40.640959926498866,none,526166
Atak,22,2127,2016,12,1400,1165,235,5672,182,59,0,0,196,3771058,2250810,1503089,461311,100781,97115,117490,0,735,725657,77631889,56683460,1276355,19672074,19672074,1040916,253881974,133301,0,1493103,2653247,0,4.0,0.0,2.0,1.0,1.0,681.6422289032258,716.1363640000001,405.136364,404.463343,677.1246331612903,1.566167,24.890428451612905,1.0,1.0,1.0,1.0,none,0:1.0500|1:0.9300|2:1.0300|3:0.9400|4:0.9500|5:1.1000|6:0.8200|,Tolga Güler:6:18724|Esin Yıldız:4:51255|Pınar Uçar:1:15376,2265340,35,226012,2097,31,39.85854898015358,40.5646618091911,none,499645
Atak,22,2158,2017,1,1317,1064,253,4982,201,90,0,0,205,3639322,2179132,1439716,479311,104966,97845,118358,0,892,638344,18201653,-2591360,4894,20788119,20788119,1148800,301591333,133301,0,1515704,2869577,0,4.0,0.0,2.0,1.0,1.0,687.1700877096774,722.5,412.909091,409.75806458064517,682.4369501612903,1.577672,23.818357,1.0,1.0,1.0,1.0,none,0:1.0500|1:0.9300|2:1.0300|3:0.9400|4:0.9500|5:1.1000|6:0.8200|,Tolga Güler:6:20306|Esin Yıldız:4:55586|Pınar Uçar:1:16676,2223156,37,226012,2128,31,39.56000595715356,39.91166111781484,none,412332
Atak,22,2186,2017,2,1129,884,245,4235,172,91,0,0,176,3025524,1795205,1210167,433468,94808,89497,108248,0,727,483419,24989366,9149000,1797312,14043054,14043054,806006,294521041,133301,0,1538305,2591876,0,4.0,0.0,2.0,1.0,1.0,697.9788960357143,731.5909089999999,415.909091,413.55519485714285,692.0016233928571,1.597686,23.073900714285713,1.0,1.0,1.0,1.0,none,0:1.0500|1:0.9300|2:1.0300|3:0.9400|4:0.9500|5:1.1000|6:0.8200|,Tolga Güler:6:20306|Esin Yıldız:4:55586|Pınar Uçar:1:16676,1829378,39,226012,2159,28,39.998591979438935,40.412368717417685,none,257407
Atak,22,2217,2017,3,1292,1037,255,5132,209,40,0,0,203,3616315,2166129,1435123,479911,104966,100233,110205,0,1241,638567,55730700,36399133,1774585,17556982,17556982,999954,301253865,133301,0,1560906,2869577,0,4.0,0.0,2.0,1.0,1.0,705.2199412258065,739.772727,425.363636,421.5850439677419,699.2859237741935,1.61598,23.11472983870968,1.0,1.0,1.0,1.0,none,0:1.0500|1:0.9300|2:1.0300|3:0.9400|4:0.9500|5:1.1000|6:0.8200|,Tolga Güler:6:20306|Esin Yıldız:4:55586|Pınar Uçar:1:16676,2217004,39,226012,2187,31,39.68467901717632,39.68354960856083,none,412555
Atak,22,2247,2017,4,1334,1089,245,5181,188,57,0,0,197,3699297,2223821,1452120,464430,101580,98230,108000,0,1730,678150,57628269,32029393,1751396,23847480,19008737,1050360,317562534,133301,0,1583507,2777010,0,4.0,0.0,2.0,1.0,1.0,712.1515151666666,749.3181820000001,429.681818,427.23030296666667,707.1742421666667,1.636479,24.285894966666667,1.0,1.0,1.0,1.0,none,0:1.0500|1:0.9300|2:1.0300|3:0.9400|4:0.9500|5:1.1000|6:0.8200|,Tolga Güler:6:20306|Esin Yıldız:4:55586|Pınar Uçar:1:16676,2259948,39,226012,2218,30,39.25394473598632,39.66426963236321,none,452138
Atak,22,2278,2017,5,1387,1097,290,5188,270,47,0,0,224,3572136,2107269,1441885,479911,104966,102745,112964,0,592,640707,69974318,47709679,1727738,20536901,25375644,916586,328379086,133301,0,1606108,2869577,0,4.0,0.0,2.0,1.0,1.0,724.5967742580646,758.6363640000001,427.409091,427.67448677419355,716.6994135806451,1.656565,22.690252548387097,1.0,1.0,1.0,1.0,none,0:1.0500|1:0.9300|2:1.0300|3:0.9400|4:0.9500|5:1.1000|6:0.8200|,Tolga Güler:6:20306|Esin Yıldız:4:55586|Pınar Uçar:1:16676,2128022,39,226012,2248,31,40.364784543477626,41.01421560458416,none,414695
Atak,22,2308,2017,6,1357,1148,209,5531,156,34,0,0,171,3522186,2062042,1438073,464430,101580,100691,127320,0,3861,640191,71472726,48343589,1703599,21425538,21425538,974368,351692719,144680,0,1630638,2784941,0,4.0,0.0,2.0,1.0,1.0,733.8787876,767.727273,431.2999996,429.28939396666664,726.4712122333333,1.677579,24.24330773333333,1.0,1.0,1.0035714,0.9989285999999999,0,0:1.0500|1:0.9300|2:1.0300|3:0.9400|4:0.9500|5:1.1000|6:0.8200|,Tolga Güler:6:20306|Esin Yıldız:4:55586|Pınar Uçar:1:16676,2091640,39,245306,2279,30,40.828990859653636,41.230076834557636,none|0,394885
Atak,22,2339,2017,7,1396,1119,277,5489,214,39,0,0,239,3374529,2056278,1303906,500911,109864,105319,133176,0,1980,452656,18293176,-3016934,1678970,19631140,19631140,1006972,349105759,144680,0,1655168,3115438,0,4.0,0.0,2.0,1.0,1.0,733.5043988064516,777.045455,457.01173051612903,445.382698032258,733.9442816129033,1.698169,24.214602806451612,1.0,1.0,1.2183179999999998,0.9345045806451613,0,0:1.0500|1:0.9300|2:1.0300|3:0.9400|4:0.9500|5:1.1000|6:0.8200|,Tolga Güler:6:22045|Esin Yıldız:4:60348|Pınar Uçar:1:18104,2063000,39,245306,2309,31,38.63964422886868,37.69475257956567,0,207350
Atak,22,2370,2017,8,1440,1204,236,5848,205,45,0,0,198,3735971,2294880,1423322,501611,109864,106653,134881,0,6036,564277,-31383726,-40799336,2128,9413482,9413482,1079630,385305426,144680,0,1679698,3115438,0,4.0,0.0,2.0,1.0,1.0,748.9296185483871,787.045455,464.954545,461.0923754193549,744.0219941612903,1.719711,25.59046677419355,1.0,1.0,1.25,0.925,0,0:1.0500|1:0.9300|2:1.0300|3:0.9400|4:0.9500|5:1.1000|6:0.8200|,Tolga Güler:6:22045|Esin Yıldız:4:60348|Pınar Uçar:1:18104,2295706,39,245306,2340,31,38.09777966691926,37.917457998096246,0,318971
Atak,22,2400,2017,9,1345,1067,278,5107,274,51,0,0,199,3647915,2280788,1336623,485430,106320,104533,114930,0,2492,522918,39166760,21030857,1686461,16449442,16449442,1138306,356826065,144680,0,1704228,3014940,0,4.0,0.0,2.0,1.0,1.0,755.5757575333333,797.727273,474.136364,469.9030304,753.4409091333333,1.741526,24.1323266,1.0,1.0,1.25,0.925,0,0:1.0500|1:0.9300|2:1.0300|3:0.9400|4:0.9500|5:1.1000|6:0.8200|,Tolga Güler:6:22045|Esin Yıldız:4:60348|Pınar Uçar:1:18104,2340330,40,245306,2371,30,36.64073861370125,37.24833555434939,0,277612
Atak,22,2431,2017,10,1418,1156,262,5436,271,59,0,0,197,4037013,2545516,1468008,501611,109864,109351,120218,0,1089,625875,36660580,11801420,3308241,21550919,21550919,1087580,351191832,144680,0,1728758,3148444,0,4.0,0.0,2.0,1.0,1.0,766.1143692258064,806.818182,485.863636,481.4002932580645,761.4472140967741,1.762901,24.56930151612903,1.0,1.0,1.25,0.925,0,0:1.0500|1:0.9300|2:1.0300|3:0.9400|4:0.9500|5:1.1000|6:0.8200|,Tolga Güler:6:22045|Esin Yıldız:4:60348|Pınar Uçar:1:18104|Murat Kaplan:1:16503,2632104,42,245306,2401,31,36.36371743167535,36.5807958293502,0,380569
Atak,22,2461,2017,11,1310,1053,257,4945,246,51,0,0,194,3707536,2361697,1320773,485430,106320,107173,117840,0,1124,502886,38939958,18630140,1620903,18688915,18688915,1113138,360695688,144680,0,1753288,3510030,0,4.0,0.0,2.0,1.0,1.0,776.3939392333334,817.272727,497.0,492.00303023333333,772.3636363333334,1.785264,23.9876979,1.0,1.0,1.25,0.925,0,0:1.0500|1:0.9300|2:1.0300|3:0.9400|4:0.9500|5:1.1000|6:0.8200|,Tolga Güler:6:22045|Esin Yıldız:4:60348|Pınar Uçar:1:18104|Murat Kaplan:1:16503,2368746,43,245306,2432,30,35.62401012424424,35.98610513487867,0,257580
Atak,22,2492,2017,12,1418,1147,271,5135,316,71,0,0,202,3963627,2548007,1396537,501611,109864,112080,135563,0,1200,536219,58518520,30978929,1598159,25941432,20447345,1135080,389251126,154434,0,1779472,3635279,0,4.0,0.0,2.0,1.0,1.0,781.3416424193549,827.272727,502.1950147096774,499.28152480645156,782.0337241935484,1.807175,24.82687435483871,0.9580645161290322,0.9580645161290322,1.2479032258064517,0.897454870967742,1,0:1.0500|1:0.9300|2:1.0300|3:0.9400|4:0.9500|5:1.1000|6:0.8200|,Tolga Güler:6:22045|Esin Yıldız:4:60348|Pınar Uçar:1:18104|Murat Kaplan:1:16503,2617368,43,261844,2462,31,35.23381488722324,35.726577537237716,0|1,274375
Atak,22,2523,2018,1,1217,911,306,4004,452,63,0,0,199,3370610,2154830,1193123,519611,114049,113498,137299,0,5059,303607,7824369,-10154351,1575395,16403325,21897412,1052768,379234797,154434,0,1805656,3882719,0,4.0,0.0,2.0,1.0,1.0,802.2873900322581,837.5,509.24486806451614,505.58797651612906,791.1187682580645,1.8301,22.394719161290325,0.9,0.9,1.2266666774193549,0.7907742903225806,1,0:1.0500|1:0.9300|2:1.0300|3:0.9400|4:0.9500|5:1.1000|6:0.8200|,Tolga Güler:6:23600|Esin Yıldız:4:64602|Pınar Uçar:1:19381|Murat Kaplan:1:17667,2185156,45,261844,2493,31,35.397836000011864,36.52587908130519,1,41763
Atak,22,2551,2018,2,1119,854,265,3871,332,37,0,0,180,3392042,2167959,1205602,469868,103012,103579,125300,0,4811,399032,17855899,-892945,1560173,17188671,17188671,1124102,389164756,154434,0,1831840,4006106,0,4.0,0.0,2.0,1.0,1.0,796.4448054285714,846.5909089999999,497.39123375,501.34415582142856,800.4675324642857,1.849195,24.20793832142857,0.9,0.9,1.2020833214285713,0.8,1,0:1.0500|1:0.9300|2:1.0300|3:0.9400|4:0.9500|5:1.1000|6:0.8200|,Tolga Güler:6:23600|Esin Yıldız:4:64602|Pınar Uçar:1:19381|Murat Kaplan:1:17667|Onur Karaca:1:18457|Barış Kara:1:18722,2149574,46,261844,2524,28,35.542071707838524,37.54856201462058,1,137188
Atak,22,2582,2018,3,1304,1024,280,4652,332,34,0,0,217,3516392,2179603,1315742,520211,114049,115762,127317,0,3019,435384,44538601,27758947,7401,16772253,16772253,932030,382902766,154434,0,1858024,5035268,0,4.0,0.0,2.0,1.0,1.0,812.001465967742,854.318182,503.87243403225807,502.18475067741934,806.8651028064517,1.866614,24.81359670967742,0.9,0.9,1.1775,0.8,1,0:1.0500|1:0.9300|2:1.0300|3:0.9400|4:0.9500|5:1.1000|6:0.8200|,Tolga Güler:6:23600|Esin Yıldız:4:64602|Pınar Uçar:1:19381|Murat Kaplan:1:17667|Onur Karaca:1:18457|Barış Kara:1:18722,2203722,48,261844,2552,31,37.4173869124944,37.94685660674963,1,173540
Atak,22,2612,2018,4,1225,931,294,4371,377,38,0,0,201,3393510,2081318,1289494,503430,110370,113198,124470,0,2555,435471,57441412,28394442,1502184,27544786,27544786,925148,390863820,154434,0,1884208,4872840,0,4.0,0.0,2.0,1.0,1.0,824.4393936666668,863.863636,504.50151516666665,503.63030306666667,818.4348486333333,1.886091,23.017975966666665,0.9,0.9,1.1520833333333333,0.8,1,0:1.0500|1:0.9300|2:1.0300|3:0.9400|4:0.9500|5:1.1000|6:0.8200|,Tolga Güler:6:23600|Esin Yıldız:4:64602|Pınar Uçar:1:19381|Murat Kaplan:1:17667|Onur Karaca:1:18457|Barış Kara:1:18722,2167858,48,261844,2583,30,37.998827173045015,38.80671896051535,1,173627
Atak,22,2643,2018,5,1319,1027,292,4614,385,44,0,0,210,3571243,2190893,1359448,520211,114049,118150,129921,0,3699,473418,70948352,44959809,1482502,24506041,24506041,1042346,424549089,154434,0,1910392,5035268,0,4.0,0.0,2.0,1.0,1.0,824.8240469032257,871.590909,504.07624632258063,503.81085041935484,824.8885631612903,1.905133,23.421028387096772,0.9,0.9,1.126666677419355,0.8,1,0:1.0500|1:0.9300|2:1.0300|3:0.9400|4:0.9500|5:1.1000|6:0.8200|,Tolga Güler:6:23600|Esin Yıldız:4:64602|Pınar Uçar:1:19381|Murat Kaplan:1:17667|Onur Karaca:1:18457|Barış Kara:1:18722,2151912,48,261844,2613,31,38.066521936479816,38.88681492554466,1,211574
Atak,22,2673,2018,6,1273,947,326,4251,433,25,0,0,236,3150945,1898042,1231409,503430,110370,115539,146100,0,3655,352315,52080081,27717816,1462435,22899830,22899830,914700,432038358,165814,0,1938506,5258254,0,4.0,0.0,2.0,1.0,1.0,837.9696970666666,880.909091,506.5045454333333,505.22575756666663,831.7196967333333,1.925011,22.852851533333332,0.9,0.9,1.10125,0.8,1,0:1.0500|1:0.9300|2:1.0300|3:0.9400|4:0.9500|5:1.1000|6:0.8200|,Tolga Güler:6:23600|Esin Yıldız:4:64602|Pınar Uçar:1:19381|Murat Kaplan:1:17667|Onur Karaca:1:18457|Barış Kara:1:18722|Volkan Soylu:1:20303|Murat Demir:2:41267,1964528,50,281137,2644,30,39.080625018843556,39.55574441338811,1,71178
Atak,22,2704,2018,7,1307,1022,285,4805,419,24,0,0,175,3430158,2075169,1336235,541211,118916,120599,152489,0,6676,396344,41315112,13687195,1441977,26185940,26185940,1013182,425696000,165814,0,1966620,7439907,0,4.0,0.0,2.0,1.0,1.0,843.4604107741935,889.772727,517.2536656774193,512.7961876451614,840.4677418387097,1.944446,22.564658580645162,0.9,0.9,1.0758333225806451,0.8,1,0:1.0500|1:0.9300|2:1.0300|3:0.9400|4:0.9500|5:1.1000|6:0.8200|,Tolga Güler:6:25285|Esin Yıldız:4:69216|Pınar Uçar:1:20765|Murat Kaplan:1:18929|Onur Karaca:1:19776|Barış Kara:1:20058|Volkan Soylu:1:21754|Murat Demir:2:44214,2111806,50,281137,2674,31,38.955494178402276,38.674814007850856,1,115207
Atak,22,2735,2018,8,1268,929,339,4306,453,38,0,0,237,3300011,2004998,1279920,541911,118916,121840,154101,0,4906,338246,63854423,35926204,1421120,26507099,26507099,960488,477433890,165814,0,1994734,7439907,0,4.0,0.0,2.0,1.0,1.0,849.9046918064516,899.090909,519.9325512903226,517.9222873870968,849.6906155806453,1.964735,22.097618483870967,0.9,0.9,1.0499999999999998,0.8,1,0:1.0500|1:0.9300|2:1.0300|3:0.9400|4:0.9500|5:1.1000|6:0.8200|,Tolga Güler:6:25285|Esin Yıldız:4:69216|Pınar Uçar:1:20765|Murat Kaplan:1:18929|Onur Karaca:1:19776|Barış Kara:1:20058|Volkan Soylu:1:21754|Murat Demir:2:44214,2027250,50,281137,2705,31,38.78532526103701,38.82460512304989,1,57109
Atak,22,2765,2018,9,1262,966,296,4509,392,29,0,0,196,3685572,2264702,1392442,524430,115080,119141,131040,0,4662,498089,69818254,36371414,1399856,32046984,25390215,963438,483632147,165814,0,2022848,7199910,0,4.0,0.0,2.0,1.0,1.0,855.0151513000001,908.1818179999999,526.1166666333334,523.2363636666666,857.4545455,1.985235,23.588299733333333,0.9,0.9,1.0245833333333334,0.8,1,0:1.0500|1:0.9300|2:1.0300|3:0.9400|4:0.9500|5:1.1000|6:0.8200|,Tolga Güler:6:25285|Esin Yıldız:4:69216|Pınar Uçar:1:20765|Murat Kaplan:1:18929|Onur Karaca:1:19776|Barış Kara:1:20058|Volkan Soylu:1:21754|Murat Demir:2:44214,2281898,52,281137,2736,30,37.780892626707605,38.4669773590089,1,216952
Atak,22,2796,2018,10,1280,971,309,4428,504,36,0,0,190,3611425,2188816,1399252,541911,118916,124382,136772,0,2454,474817,55555699,30515077,2856,25037766,31694535,1113864,482603449,165814,0,2050962,7439907,0,4.0,0.0,2.0,1.0,1.0,869.4868035806452,916.818182,526.4794720645161,525.2111437419355,863.2683284193548,2.005278,22.276330193548386,0.9,0.9,1.0028225806451612,0.8,1,0:1.0500|1:0.9300|2:1.0300|3:0.9400|4:0.9500|5:1.1000|6:0.8200|,Tolga Güler:6:25285|Esin Yıldız:4:69216|Pınar Uçar:1:20765|Murat Kaplan:1:18929|Onur Karaca:1:19776|Barış Kara:1:20058|Volkan Soylu:1:21754|Murat Demir:2:44214,2232562,55,281137,2766,31,38.745149075503434,39.449400508850275,1,193680
Atak,22,2826,2018,11,1304,1037,267,5021,250,35,0,0,216,4249199,2541256,1684086,524430,115080,121601,133740,0,4009,785226,67845534,38590327,1404987,27850220,27850220,1188276,493372401,165814,0,2079076,7199910,0,4.0,0.0,2.0,1.0,1.0,870.0075757333333,927.045455,513.6484848666666,518.4454546333333,874.0742425333333,2.026201,24.842865833333335,0.9433333333333334,0.9433333333333334,1.0,0.8173333333333334,none,0:1.0500|1:0.9200|2:1.0300|3:0.9300|4:0.9400|5:1.1000|6:0.8200|,Tolga Güler:6:25285|Esin Yıldız:4:69216|Pınar Uçar:1:20765|Murat Kaplan:1:18929|Onur Karaca:1:19776|Barış Kara:1:20058|Volkan Soylu:1:21754|Murat Demir:2:44214,2483376,57,281137,2797,30,39.63302260025949,40.960458369145805,1|none,504089
Atak,22,2857,2018,12,1348,1063,285,5388,209,63,0,0,236,5019544,2960242,2040198,541911,118916,126926,153543,0,10543,1088359,124436552,81637394,1386405,41412753,41412753,1273676,506756906,175567,0,2108843,7453419,0,4.0,0.0,2.0,1.0,1.0,877.2653957096775,936.590909,517.136364,516.6187684516128,882.1876833870967,2.046658,24.699522838709676,1.0,1.0,1.0,0.9670967741935484,none,0:1.0500|1:0.9300|2:1.0300|3:0.9400|4:0.9500|5:1.1000|6:0.8200|,Tolga Güler:6:25285|Esin Yıldız:4:69216|Pınar Uçar:1:20765|Murat Kaplan:1:18929|Onur Karaca:1:19776|Barış Kara:1:20058|Volkan Soylu:1:21754|Murat Demir:2:44214,2980182,57,297675,2827,31,40.64508648594374,41.05132078284537,none,790684
Atak,22,2888,2019,1,1405,1126,279,5677,180,83,0,0,233,5216125,3124774,2065912,488111,106949,128250,155155,0,54347,1133100,64330680,33455285,1367459,29507936,29507936,1373472,552179480,175567,0,2138610,8209123,0,3.6129032258064515,0.0,2.0,0.6129032258064516,1.0,889.0689146774195,946.3636359999999,534.909091,529.7609970645161,892.3328445161291,2.068013,24.448609387096774,1.0,1.0,1.0,1.0,2,0:1.0500|1:0.9300|2:1.0300|3:0.9400|4:0.9500|5:1.1000|6:0.8200|,Tolga Güler:6:26709|Esin Yıldız:4:73113|Pınar Uçar:1:21934|Murat Kaplan:1:19994|Onur Karaca:1:20890|Barış Kara:1:21188|Volkan Soylu:1:22979|Murat Demir:2:46703|Hatice Doğan:1:21784|Seda Turan:1:22979|Kaan Tunç:2:42824,3178566,57,297675,2858,31,39.60625943588392,39.834912438246604,none|2,835425
Atak,22,2916,2019,2,1164,922,242,4567,202,68,0,0,212,4374743,2619452,1735982,579068,127568,116790,141260,0,15210,756086,38801649,8941054,1348143,28512452,28512452,1039992,564419100,175567,0,2168377,9902638,0,4.0,0.0,2.0,1.0,1.0,891.1769481428572,954.0909089999999,530.545455,531.3409091428572,896.4399351785714,2.084821,24.130845,1.0,1.0,1.0,1.0,2,0:1.0500|1:0.9300|2:1.0300|3:0.9400|4:0.9500|5:1.1000|6:0.8200|,Tolga Güler:6:26709|Esin Yıldız:4:73113|Pınar Uçar:1:21934|Murat Kaplan:1:19994|Onur Karaca:1:20890|Barış Kara:1:21188|Volkan Soylu:1:22979|Murat Demir:2:46703|Hatice Doğan:1:21784|Seda Turan:1:22979|Kaan Tunç:2:42824|Osman Güler:1:24022|Dilek Duman:1:21934,2661246,62,297675,2889,28,39.68191960076283,40.4668785356696,2,458411
Atak,22,2947,2019,3,987,778,209,3898,142,19,0,0,176,3632823,2143439,1474027,641111,141236,130234,143220,0,14888,403338,34699423,2457758,1329196,30912469,23799341,1004168,565561931,175567,0,2198144,12437271,0,4.0,0.0,2.0,1.0,1.0,908.9296184193549,962.045455,540.590909,536.6143694516129,908.3152493225806,2.10012,22.085085741935483,1.0,1.0,1.0,1.0,2,0:1.0500|1:0.9300|2:1.0300|3:0.9400|4:0.9500|5:1.1000|6:0.8200|,Tolga Güler:6:26709|Esin Yıldız:4:73113|Pınar Uçar:1:21934|Murat Kaplan:1:19994|Onur Karaca:1:20890|Barış Kara:1:21188|Volkan Soylu:1:22979|Murat Demir:2:46703|Hatice Doğan:1:21784|Seda Turan:1:22979|Kaan Tunç:2:42824|Osman Güler:1:24022|Dilek Duman:1:21934|Kadir Bozkurt:1:20890,2184486,67,297675,2917,31,40.57524960616028,40.52444787308203,2,105663
Atak,22,2977,2019,4,872,676,196,3374,198,8,0,0,156,3073739,1802383,1255519,620430,136680,127054,139740,0,13241,218374,50374199,22309592,1317316,26747291,33860419,610790,561981714,175567,0,2227911,12238230,0,4.0,0.0,2.0,1.0,1.0,919.4393937666666,969.090909,543.590909,540.7727272999999,914.1045452333333,2.117189,21.433497,1.0,1.0,1.0,1.0,2,0:1.0500|1:0.9300|2:1.0300|3:0.9400|4:0.9500|5:1.1000|6:0.8200|,Tolga Güler:6:26709|Esin Yıldız:4:73113|Pınar Uçar:1:21934|Murat Kaplan:1:19994|Onur Karaca:1:20890|Barış Kara:1:21188|Volkan Soylu:1:22979|Murat Demir:2:46703|Hatice Doğan:1:21784|Seda Turan:1:22979|Kaan Tunç:2:42824|Osman Güler:1:24022|Dilek Duman:1:21934|Kadir Bozkurt:1:20890,1588914,65,297675,2948,30,40.84663662074106,40.878005370960715,2,-79301
Atak,22,3008,2019,5,1110,888,222,4502,153,27,0,0,195,4136038,2428164,1682356,641111,141236,132342,145514,572,22324,599829,100429908,66550115,6865,33872928,33872928,1105170,594250652,175567,0,2257678,12646171,0,4.0,0.0,2.0,1.0,1.0,915.5131963870967,976.590909,538.0,539.2111437741936,918.3724341612904,2.13384,23.09012141935484,1.0,1.0,1.0,1.0,2,0:1.0500|1:0.9250|2:1.0300|3:0.9350|4:0.9450|5:1.1000|6:0.8200|,Tolga Güler:6:26709|Esin Yıldız:4:73113|Pınar Uçar:1:21934|Murat Kaplan:1:19994|Onur Karaca:1:20890|Barış Kara:1:21188|Volkan Soylu:1:22979|Murat Demir:2:46703|Hatice Doğan:1:21784|Seda Turan:1:22979|Kaan Tunç:2:42824|Osman Güler:1:24022|Dilek Duman:1:21934|Kadir Bozkurt:1:20890,2474976,65,297675,2978,31,40.67554505060156,41.23514525807849,2,302154
Atak,22,3038,2019,6,988,767,221,3879,183,9,0,0,178,3183053,1881584,1281513,620430,136680,129094,163260,0,11415,220634,58147429,19122758,1098271,37926400,31265155,908326,612384379,185321,0,2289099,12261480,0,4.0,0.0,2.0,1.0,1.0,929.2272724666667,984.3181820000001,562.6030302,553.0090909666667,927.8212121333332,2.151183,20.919227499999998,1.0,1.0,1.0,1.0,2,0:1.0500|1:0.9300|2:1.0300|3:0.9400|4:0.9500|5:1.1000|6:0.8200|,Tolga Güler:6:26709|Esin Yıldız:4:73113|Pınar Uçar:1:21934|Murat Kaplan:1:19994|Onur Karaca:1:20890|Barış Kara:1:21188|Volkan Soylu:1:22979|Murat Demir:2:46703|Hatice Doğan:1:21784|Seda Turan:1:22979|Kaan Tunç:2:42824|Osman Güler:1:24022|Dilek Duman:1:21934|Kadir Bozkurt:1:20890,1926576,66,314212,3009,30,40.26049833288984,39.45474407928748,2,-93578
Atak,22,3069,2019,7,1042,830,212,4300,146,18,0,0,172,3565106,2084457,1467872,659111,145421,134451,170035,0,10499,348355,13637342,-14677280,1082488,27232134,33893379,892480,641607694,185321,0,2320520,13366921,0,4.0,0.0,2.0,1.0,1.0,938.6656890322581,992.5,549.409091,553.0483871935484,934.92522,2.1681009999999996,21.51599535483871,1.0,1.0,1.0,1.0,2,0:1.0500|1:0.9300|2:1.0300|3:0.9400|4:0.9500|5:1.1000|6:0.8200|,Tolga Güler:6:28231|Esin Yıldız:4:77280|Pınar Uçar:1:23184|Murat Kaplan:1:21134|Onur Karaca:1:22079|Barış Kara:1:22395|Volkan Soylu:1:24288|Murat Demir:2:49365|Hatice Doğan:1:23026|Seda Turan:1:24288|Kaan Tunç:2:45264|Osman Güler:1:25392|Dilek Duman:1:23184|Kadir Bozkurt:1:22079,1980744,66,314212,3039,31,41.17330592694859,41.46914099242004,2,34143
Atak,22,3100,2019,8,1122,894,228,4595,116,11,0,0,206,3731919,2175515,1526660,659711,145421,135537,171430,4380,16301,398260,66855536,32432539,1066448,33356549,33356549,612798,701215367,185321,0,2351941,14203441,0,4.0,0.0,2.0,1.0,1.0,939.5674484193548,1000.909091,552.681818,551.9398828709677,940.8958942903226,2.185722,23.441766258064515,1.0,1.0,1.0,1.0,2,0:1.0500|1:0.9200|2:1.0300|3:0.9300|4:0.9400|5:1.1000|6:0.8200|,Tolga Güler:6:28231|Esin Yıldız:4:77280|Pınar Uçar:1:23184|Murat Kaplan:1:21134|Onur Karaca:1:22079|Barış Kara:1:22395|Volkan Soylu:1:24288|Murat Demir:2:49365|Hatice Doğan:1:23026|Seda Turan:1:24288|Kaan Tunç:2:45264|Osman Güler:1:25392|Dilek Duman:1:23184|Kadir Bozkurt:1:22079|Fatma Aydın:1:23499|Fatma Öztürk:2:46211|Zeynep Turan:3:69710,1855176,63,314212,3070,31,40.908176195678415,41.1769938465,2,84048
Atak,22,3130,2019,9,1001,771,230,3700,188,14,0,0,196,3488617,2035698,1427326,638430,140730,132245,145440,0,14011,356470,51221735,13777779,1050150,36393806,36393806,1020792,651826632,185321,0,2383362,17140884,0,4.0,0.0,2.0,1.0,1.0,952.6515147000001,1008.863636,563.1818179999999,558.3257576333333,952.8181821,2.203487,20.8316856,1.0,1.0,1.0,1.0,2,0:1.0500|1:0.9300|2:1.0300|3:0.9400|4:0.9500|5:1.1000|6:0.8200|,Tolga Güler:6:28231|Esin Yıldız:4:77280|Pınar Uçar:1:23184|Murat Kaplan:1:21134|Onur Karaca:1:22079|Barış Kara:1:22395|Volkan Soylu:1:24288|Murat Demir:2:49365|Hatice Doğan:1:23026|Seda Turan:1:24288|Kaan Tunç:2:45264|Osman Güler:1:25392|Dilek Duman:1:23184|Kadir Bozkurt:1:22079|Fatma Aydın:1:23499|Fatma Öztürk:2:46211|Zeynep Turan:3:69710|Hatice Tekin:1:22553,2080506,71,314212,3101,30,40.913806244709576,40.88270376840247,2,42258
Atak,22,3161,2019,10,988,751,237,3682,253,16,0,0,176,3547482,2076181,1445301,659711,145421,137738,151466,0,15043,335922,50181575,18840251,1033588,30307736,30307736,933760,654342884,185321,0,2414783,19038665,0,4.0,0.0,2.0,1.0,1.0,967.4266861290322,1016.1363640000001,572.409091,567.6187683225806,960.7624633225807,2.220816,19.970839419354842,1.0,1.0,1.0,1.0,2,0:1.0500|1:0.9300|2:1.0300|3:0.9400|4:0.9500|5:1.1000|6:0.8200|,Tolga Güler:6:28231|Esin Yıldız:4:77280|Pınar Uçar:1:23184|Murat Kaplan:1:21134|Onur Karaca:1:22079|Barış Kara:1:22395|Volkan Soylu:1:24288|Murat Demir:2:49365|Hatice Doğan:1:23026|Seda Turan:1:24288|Kaan Tunç:2:45264|Osman Güler:1:25392|Dilek Duman:1:23184|Kadir Bozkurt:1:22079|Fatma Aydın:1:23499|Fatma Öztürk:2:46211|Zeynep Turan:3:69710|Hatice Tekin:1:22553|Hüseyin Arslan:1:26023,2117226,73,314212,3131,31,40.74160207155385,40.831786097364905,2,21710
Atak,22,3191,2019,11,931,726,205,3462,154,14,0,0,165,3298515,1952204,1325322,638430,140730,134375,147780,0,17349,246658,42660226,12910284,1016758,28733184,28733184,756136,661652917,185321,0,2446204,18575610,0,4.0,0.0,2.0,1.0,1.0,969.1287878999999,1024.545455,583.5,578.0287878333334,969.1045454666667,2.238867,21.156829633333334,1.0,1.0,1.0,1.0,2,0:1.0500|1:0.9300|2:1.0300|3:0.9400|4:0.9500|5:1.1000|6:0.8200|,Tolga Güler:6:28231|Esin Yıldız:4:77280|Pınar Uçar:1:23184|Murat Kaplan:1:21134|Onur Karaca:1:22079|Barış Kara:1:22395|Volkan Soylu:1:24288|Murat Demir:2:49365|Hatice Doğan:1:23026|Seda Turan:1:24288|Kaan Tunç:2:45264|Osman Güler:1:25392|Dilek Duman:1:23184|Kadir Bozkurt:1:22079|Fatma Aydın:1:23499|Fatma Öztürk:2:46211|Zeynep Turan:3:69710|Hatice Tekin:1:22553|Hüseyin Arslan:1:26023,2025214,73,314212,3162,30,40.17935343631907,39.79128395676047,2,-67554
Atak,22,3222,2019,12,822,638,184,3181,177,12,0,0,149,3429140,2049254,1362135,659711,145421,139940,169291,0,14280,233492,36686182,4370396,2620,32313166,32313166,914364,634996453,203203,0,2480657,19258833,0,4.0,0.0,2.0,1.0,1.0,976.7961874193549,1032.954545,586.8636359999999,583.7287390967742,973.6627564193549,2.256474,20.88163393548387,1.0,1.0,1.0,1.0,2,0:1.0500|1:0.9300|2:1.0300|3:0.9400|4:0.9500|5:1.1000|6:0.8200|,Tolga Güler:6:28231|Esin Yıldız:4:77280|Pınar Uçar:1:23184|Murat Kaplan:1:21134|Onur Karaca:1:22079|Barış Kara:1:22395|Volkan Soylu:1:24288|Murat Demir:2:49365|Hatice Doğan:1:23026|Seda Turan:1:24288|Kaan Tunç:2:45264|Osman Güler:1:25392|Dilek Duman:1:23184|Kadir Bozkurt:1:22079|Fatma Aydın:1:23499|Fatma Öztürk:2:46211|Zeynep Turan:3:69710|Hatice Tekin:1:22553|Hüseyin Arslan:1:26023,2048836,74,344531,3192,31,39.7223502102568,39.91954068223143,2,-111039
Atak,22,3253,2020,1,1046,782,264,3846,183,11,0,0,225,3972344,2373251,1577201,692711,153109,141121,170655,0,15892,403713,35498534,5418728,1018956,29060850,29060850,731682,637895460,203203,0,2515110,21179913,0,4.0,0.0,2.0,1.0,1.0,984.9193548709677,1040.681818,588.590909,586.3064515806451,982.5278593225806,2.274814,21.450870161290325,1.0,1.0,1.0,1.0,2,0:1.0500|1:0.9300|2:1.0300|3:0.9400|4:0.9500|5:1.1000|6:0.8200|,Tolga Güler:6:31151|Esin Yıldız:4:85272|Pınar Uçar:1:25582|Murat Kaplan:1:23319|Onur Karaca:1:24364|Barış Kara:1:24712|Volkan Soylu:1:26799|Murat Demir:2:54470|Hatice Doğan:1:25408|Seda Turan:1:26799|Kaan Tunç:2:49946|Osman Güler:1:28018|Dilek Duman:1:25582|Kadir Bozkurt:1:24364|Fatma Aydın:1:25930|Fatma Öztürk:2:50989|Zeynep Turan:3:76919|Hatice Tekin:1:24886|Hüseyin Arslan:1:28714,1987662,71,344531,3223,31,39.704542204804014,40.23968499663507,2,59182
Atak,22,3282,2020,2,869,641,228,3130,182,19,0,0,182,3357124,1991830,1338591,649049,143231,134076,162139,0,14573,235523,16754513,-11759969,1004154,27510328,27510328,957520,624634810,203203,0,2549563,19813467,0,4.0,0.0,2.0,1.0,1.0,1002.6332291034482,1057.5,597.5297806551724,593.0532915172414,998.661441862069,2.310313,20.1711924137931,1.0,1.0,1.0,1.0,2,0:1.0500|1:0.9300|2:1.0300|3:0.9400|4:0.9500|5:1.1000|6:0.8200|,Tolga Güler:6:31151|Esin Yıldız:4:85272|Pınar Uçar:1:25582|Murat Kaplan:1:23319|Onur Karaca:1:24364|Barış Kara:1:24712|Volkan Soylu:1:26799|Murat Demir:2:54470|Hatice Doğan:1:25408|Seda Turan:1:26799|Kaan Tunç:2:49946|Osman Güler:1:28018|Dilek Duman:1:25582|Kadir Bozkurt:1:24364|Fatma Aydın:1:25930|Fatma Öztürk:2:50989|Zeynep Turan:3:76919|Hatice Tekin:1:24886|Hüseyin Arslan:1:28714,2092294,71,344531,3254,29,39.873147372572475,40.40395198257274,2,-109008
Atak,22,3313,2020,3,875,644,231,3288,196,3,0,0,187,3387652,1979665,1387904,693811,153109,145401,159867,10990,17051,218665,14636771,-19375710,989114,33023367,33023367,506042,607044392,203203,0,2584016,21179913,0,4.0,0.0,2.0,1.0,1.0,1017.4999998709677,1072.954545,594.772727,594.274193516129,1011.4721405806451,2.344024,20.70935664516129,1.0,1.0,1.0,1.0,2,0:1.0500|1:0.9300|2:1.0300|3:0.9400|4:0.9500|5:1.1000|6:0.8200|,Tolga Güler:6:31151|Esin Yıldız:4:85272|Pınar Uçar:1:25582|Murat Kaplan:1:23319|Onur Karaca:1:24364|Barış Kara:1:24712|Volkan Soylu:1:26799|Murat Demir:2:54470|Hatice Doğan:1:25408|Seda Turan:1:26799|Kaan Tunç:2:49946|Osman Güler:1:28018|Dilek Duman:1:25582|Kadir Bozkurt:1:24364|Fatma Aydın:1:25930|Fatma Öztürk:2:50989|Zeynep Turan:3:76919|Hatice Tekin:1:24886|Hüseyin Arslan:1:28714,1412288,67,344531,3283,31,40.96949745723587,41.54567792870517,2,-125866
Atak,22,3343,2020,4,1179,835,344,3904,267,16,0,0,271,3983696,2297458,1663679,671430,148170,142902,157110,0,17083,526984,86134263,54592412,973831,30568020,30568020,1178094,637595762,203203,0,2618469,20496690,0,4.0,0.0,2.0,1.0,1.0,1035.9318179333334,1090.0,602.909091,599.2590908666666,1031.2181817666667,2.380603,20.0608276,1.0,1.0,1.0,1.0,none,0:1.0500|1:0.9300|2:1.0300|3:0.9400|4:0.9500|5:1.1000|6:0.8200|,Tolga Güler:6:31151|Esin Yıldız:4:85272|Pınar Uçar:1:25582|Murat Kaplan:1:23319|Onur Karaca:1:24364|Barış Kara:1:24712|Volkan Soylu:1:26799|Murat Demir:2:54470|Hatice Doğan:1:25408|Seda Turan:1:26799|Kaan Tunç:2:49946|Osman Güler:1:28018|Dilek Duman:1:25582|Kadir Bozkurt:1:24364|Fatma Aydın:1:25930|Fatma Öztürk:2:50989|Zeynep Turan:3:76919|Hatice Tekin:1:24886|Hüseyin Arslan:1:28714,2317068,67,344531,3314,30,41.762197717898154,41.80031151057861,2|none,182453
Atak,22,3374,2020,5,1287,955,332,4707,254,24,0,0,270,4705005,2735238,1941386,693811,153109,149899,164796,0,22243,757528,97515478,51026264,958979,45530235,36674901,1291460,680077227,203203,0,2652922,21179913,0,4.0,0.0,2.0,1.0,1.0,1049.4354841612903,1106.363636,616.272727,610.4692081290322,1046.454545387097,2.416546,20.37649193548387,1.0,1.0,1.0,1.0,none,0:1.0500|1:0.9300|2:1.0300|3:0.9400|4:0.9500|5:1.1000|6:0.8200|,Tolga Güler:6:31151|Esin Yıldız:4:85272|Pınar Uçar:1:25582|Murat Kaplan:1:23319|Onur Karaca:1:24364|Barış Kara:1:24712|Volkan Soylu:1:26799|Murat Demir:2:54470|Hatice Doğan:1:25408|Seda Turan:1:26799|Kaan Tunç:2:49946|Osman Güler:1:28018|Dilek Duman:1:25582|Kadir Bozkurt:1:24364|Fatma Aydın:1:25930|Fatma Öztürk:2:50989|Zeynep Turan:3:76919|Hatice Tekin:1:24886|Hüseyin Arslan:1:28714,2797644,67,344531,3344,31,41.26214531121646,41.275787192146865,none,412997
Atak,22,3404,2020,6,1254,915,339,4657,280,16,0,0,272,4222474,2412047,1774444,671430,148170,147344,186270,0,17740,603490,84417750,46964368,955967,36497415,45352749,1224696,705432241,224336,0,2690958,20568044,0,4.0,0.0,2.0,1.0,1.0,1076.3333331333333,1123.6363640000002,625.1818179999999,620.1181817666667,1062.2469697666666,2.454257,19.319238700000003,1.0,1.0,1.0,1.0,none,0:1.0500|1:0.9300|2:1.0300|3:0.9400|4:0.9500|5:1.1000|6:0.8200|,Tolga Güler:6:31151|Esin Yıldız:4:85272|Pınar Uçar:1:25582|Murat Kaplan:1:23319|Onur Karaca:1:24364|Barış Kara:1:24712|Volkan Soylu:1:26799|Murat Demir:2:54470|Hatice Doğan:1:25408|Seda Turan:1:26799|Kaan Tunç:2:49946|Osman Güler:1:28018|Dilek Duman:1:25582|Kadir Bozkurt:1:24364|Fatma Aydın:1:25930|Fatma Öztürk:2:50989|Zeynep Turan:3:76919|Hatice Tekin:1:24886|Hüseyin Arslan:1:28714,2461002,68,380362,3375,30,42.02379931765122,41.91559447666442,none,223128
Atak,22,3435,2020,7,1354,986,368,5086,172,31,0,0,329,4346573,2566635,1762555,732811,162161,154550,195393,0,19066,498574,75501879,40294748,11181,35195950,35195950,1236660,748353442,224336,0,2728994,23391887,0,4.0,0.0,2.0,1.0,1.0,1073.1451613548388,1140.681818,649.318182,638.8460410967742,1076.5923752903227,2.491312,22.4495135483871,0.9790322580645161,0.9790322580645161,1.0,0.9865207419354838,3,0:1.0500|1:0.9300|2:1.0300|3:0.9400|4:0.9500|5:1.1000|6:0.8200|,Tolga Güler:6:34404|Esin Yıldız:4:94178|Pınar Uçar:1:28253|Murat Kaplan:1:25754|Onur Karaca:1:26908|Barış Kara:1:27292|Volkan Soylu:1:29598|Murat Demir:2:60159|Hatice Doğan:1:28061|Seda Turan:1:29598|Kaan Tunç:2:55162|Osman Güler:1:30945|Dilek Duman:1:28253|Kadir Bozkurt:1:26908|Fatma Aydın:1:28638|Fatma Öztürk:2:56314|Zeynep Turan:3:84953|Hatice Tekin:1:27484|Hüseyin Arslan:1:31713,2669194,68,380362,3405,31,40.55045204578411,39.49390954898963,none|3,118212
Atak,22,3466,2020,8,1345,1002,343,5230,295,34,0,0,265,4843728,2842291,1969764,734111,162161,156939,198431,0,23497,694625,64188043,17379094,1297371,45511578,45511578,1398570,760880636,224336,0,2767030,23391887,0,4.0,0.0,2.0,1.0,1.0,1091.840176,1158.409091,647.727273,646.1217008709677,1092.6510263870966,2.5301889999999996,22.47920519354839,0.95,0.95,1.0,0.9251728064516129,3,0:1.0500|1:0.9300|2:1.0300|3:0.9400|4:0.9500|5:1.1000|6:0.8200|,Tolga Güler:6:34404|Esin Yıldız:4:94178|Pınar Uçar:1:28253|Murat Kaplan:1:25754|Onur Karaca:1:26908|Barış Kara:1:27292|Volkan Soylu:1:29598|Murat Demir:2:60159|Hatice Doğan:1:28061|Seda Turan:1:29598|Kaan Tunç:2:55162|Osman Güler:1:30945|Dilek Duman:1:28253|Kadir Bozkurt:1:26908|Fatma Aydın:1:28638|Fatma Öztürk:2:56314|Zeynep Turan:3:84953|Hatice Tekin:1:27484|Hüseyin Arslan:1:31713,2835390,68,380362,3436,31,40.66628018749195,40.67563300583289,3,314263
Atak,22,3496,2020,9,1279,940,339,4895,305,34,0,0,266,4778617,2806211,1942278,710430,156930,154248,169590,0,26874,724206,78153528,39189184,1281097,37683247,37683247,1360008,777535485,224336,0,2805066,22637310,0,4.0,0.0,2.0,1.0,1.0,1106.1212120000002,1176.3636359999998,646.136364,646.4484846333334,1106.4712121333332,2.569674,23.336888633333334,0.95,0.95,1.0,0.925,3,0:1.0500|1:0.9300|2:1.0300|3:0.9400|4:0.9500|5:1.1000|6:0.8200|,Tolga Güler:6:34404|Esin Yıldız:4:94178|Pınar Uçar:1:28253|Murat Kaplan:1:25754|Onur Karaca:1:26908|Barış Kara:1:27292|Volkan Soylu:1:29598|Murat Demir:2:60159|Hatice Doğan:1:28061|Seda Turan:1:29598|Kaan Tunç:2:55162|Osman Güler:1:30945|Dilek Duman:1:28253|Kadir Bozkurt:1:26908|Fatma Aydın:1:28638|Fatma Öztürk:2:56314|Zeynep Turan:3:84953|Hatice Tekin:1:27484|Hüseyin Arslan:1:31713,2851038,69,380362,3467,30,40.64519085752217,41.58539254195228,3,343844
Atak,22,3527,2020,10,1341,952,389,4462,484,24,0,0,271,4552897,2661309,1863066,734111,162161,161808,177909,0,22154,604923,66456342,29512189,1264465,35679688,35679688,1278074,795762850,224336,0,2843102,23391887,0,4.0,0.0,2.0,1.0,1.0,1134.941349,1193.863636,675.1363640000001,663.8519060967742,1126.0571847419355,2.608471,20.779851161290324,0.95,0.95,1.0,0.925,3,0:1.0500|1:0.9300|2:1.0300|3:0.9400|4:0.9500|5:1.1000|6:0.8200|,Tolga Güler:6:34404|Esin Yıldız:4:94178|Pınar Uçar:1:28253|Murat Kaplan:1:25754|Onur Karaca:1:26908|Barış Kara:1:27292|Volkan Soylu:1:29598|Murat Demir:2:60159|Hatice Doğan:1:28061|Seda Turan:1:29598|Kaan Tunç:2:55162|Osman Güler:1:30945|Dilek Duman:1:28253|Kadir Bozkurt:1:26908|Fatma Aydın:1:28638|Fatma Öztürk:2:56314|Zeynep Turan:3:84953|Hatice Tekin:1:27484|Hüseyin Arslan:1:31713,2671854,71,380362,3497,31,40.92045130825494,40.513545955932905,3,224561
Atak,22,3557,2020,11,1170,829,341,4233,390,46,0,0,257,4130053,2444007,1665259,710430,156930,159020,174840,0,19306,444733,83396713,32848245,1247468,49301000,49301000,1281376,823569088,224336,0,2881138,22637310,0,4.0,0.0,2.0,1.0,1.0,1151.4848489333333,1212.5,690.590909,682.3984849000001,1141.5196969666665,2.649177,20.576544733333332,0.95,0.95,1.0,0.925,3,0:1.0500|1:0.9300|2:1.0300|3:0.9400|4:0.9500|5:1.1000|6:0.8200|,Tolga Güler:6:34404|Esin Yıldız:4:94178|Pınar Uçar:1:28253|Murat Kaplan:1:25754|Onur Karaca:1:26908|Barış Kara:1:27292|Volkan Soylu:1:29598|Murat Demir:2:60159|Hatice Doğan:1:28061|Seda Turan:1:29598|Kaan Tunç:2:55162|Osman Güler:1:30945|Dilek Duman:1:28253|Kadir Bozkurt:1:26908|Fatma Aydın:1:28638|Fatma Öztürk:2:56314|Zeynep Turan:3:84953|Hatice Tekin:1:27484|Hüseyin Arslan:1:31713,2535624,71,380362,3528,30,40.320523731777776,40.02605334844639,3,64371
Atak,22,3588,2020,12,1309,918,391,4065,503,53,0,0,280,4647015,2767372,1846823,734111,162161,166802,201748,0,24716,557285,108247142,65097371,1230097,41919674,41919674,1314456,845434559,258474,0,2924962,24199117,0,4.0,0.0,2.0,1.0,1.0,1167.3826980000001,1230.909091,700.0439882258065,694.4266862258065,1156.8328445161292,2.689175,19.89599851612903,0.95,0.95,1.0,0.925,3,0:1.0500|1:0.9300|2:1.0300|3:0.9400|4:0.9500|5:1.1000|6:0.8200|,Tolga Güler:6:34404|Esin Yıldız:4:94178|Pınar Uçar:1:28253|Murat Kaplan:1:25754|Onur Karaca:1:26908|Barış Kara:1:27292|Volkan Soylu:1:29598|Murat Demir:2:60159|Hatice Doğan:1:28061|Seda Turan:1:29598|Kaan Tunç:2:55162|Osman Güler:1:30945|Dilek Duman:1:28253|Kadir Bozkurt:1:26908|Fatma Aydın:1:28638|Fatma Öztürk:2:56314|Zeynep Turan:3:84953|Hatice Tekin:1:27484|Hüseyin Arslan:1:31713|Burak Kalkan:1:26331|Arzu Avcı:2:57660|Merve Şimşek:3:83799,2743884,72,438244,3558,31,39.74213554292379,40.03303377502975,3,119041
Atak,22,3619,2021,1,1303,917,386,4539,420,48,0,0,275,5461061,3254566,2173540,560861,123649,169445,204879,0,25256,1089450,43023409,-4225922,5385,47243946,38317870,1530108,871482971,258474,0,2968786,32811640,0,3.193548387096774,0.0,2.0,0.1935483870967742,1.0,1178.8416421935483,1250.227273,698.727273,697.8724339032259,1173.928152419355,2.731141,21.671504709677418,0.95,0.95,1.0,0.925,3,0:1.0500|1:0.9300|2:1.0300|3:0.9400|4:0.9500|5:1.1000|6:0.8200|,Tolga Güler:6:39479|Esin Yıldız:4:108072|Pınar Uçar:1:32422|Murat Kaplan:1:29554|Onur Karaca:1:30877|Barış Kara:1:31318|Volkan Soylu:1:33966|Murat Demir:2:69034|Hatice Doğan:1:32200|Seda Turan:1:33966|Kaan Tunç:2:63299|Osman Güler:1:35509|Dilek Duman:1:32422|Kadir Bozkurt:1:30877|Fatma Aydın:1:32863|Fatma Öztürk:2:64622|Zeynep Turan:3:97485|Hatice Tekin:1:31539|Hüseyin Arslan:1:36391|Burak Kalkan:1:30216|Arzu Avcı:2:66166|Merve Şimşek:3:96161,3371518,72,438244,3589,31,39.800690744893714,40.72763906610628,3,651206
Atak,22,3647,2021,2,1080,714,366,3271,646,30,0,0,216,3941577,2286369,1634374,457268,100156,156494,189224,0,21800,709432,53075223,14095151,1746473,37233599,36730858,1301016,881804350,258474,0,3012610,29636320,0,3.0,0.0,2.0,0.0,1.0,1225.38961025,1278.1818179999998,714.5909089999999,706.538961,1200.5974025,2.792682,18.182072357142857,0.95,0.95,1.0,0.925,3,0:1.0500|1:0.9300|2:1.0300|3:0.9400|4:0.9500|5:1.1000|6:0.8200|,Tolga Güler:6:39479|Esin Yıldız:4:108072|Pınar Uçar:1:32422|Murat Kaplan:1:29554|Onur Karaca:1:30877|Barış Kara:1:31318|Volkan Soylu:1:33966|Murat Demir:2:69034|Hatice Doğan:1:32200|Seda Turan:1:33966|Kaan Tunç:2:63299|Osman Güler:1:35509|Dilek Duman:1:32422|Kadir Bozkurt:1:30877|Fatma Aydın:1:32863|Fatma Öztürk:2:64622|Zeynep Turan:3:97485|Hatice Tekin:1:31539|Hüseyin Arslan:1:36391|Burak Kalkan:1:30216|Arzu Avcı:2:66166|Merve Şimşek:3:96161,2303362,72,438244,3620,28,41.46497708911941,41.68459541172286,3,271188
Atak,22,3653,2021,3,245,184,61,814,98,6,0,0,45,944580,540032,400705,97986,21462,34194,37614,0,5030,204419,13445092,13445092,0,0,9428817,1387592,880706545,0,0,3012610,6350640,0,3.0,0.0,2.0,0.0,1.0,1252.3484846666668,1304.318182,733.5,715.3863636666666,1229.6136363333333,2.849458,18.986607666666668,0.9499999999999998,0.9499999999999998,1.0,0.9250000000000002,3,0:1.0500|1:0.9300|2:1.0300|3:0.9400|4:0.9500|5:1.1000|6:0.8200|,Tolga Güler:6:39479|Esin Yıldız:4:108072|Pınar Uçar:1:32422|Murat Kaplan:1:29554|Onur Karaca:1:30877|Barış Kara:1:31318|Volkan Soylu:1:33966|Murat Demir:2:69034|Hatice Doğan:1:32200|Seda Turan:1:33966|Kaan Tunç:2:63299|Osman Güler:1:35509|Dilek Duman:1:32422|Kadir Bozkurt:1:30877|Fatma Aydın:1:32863|Fatma Öztürk:2:64622|Zeynep Turan:3:97485|Hatice Tekin:1:31539|Hüseyin Arslan:1:36391|Burak Kalkan:1:30216|Arzu Avcı:2:66166|Merve Şimşek:3:96161,582804,72,0,3648,6,42.42149950242436,41.43004052141021,3,204419
Atak,23,25,2011,3,1510,1361,149,6445,203,84,0,9,107,2713770,2019866,683968,171250,38525,50012,55000,0,5000,364181,242906,174068,0,68838,68838,541522,259990,71527,0,12127,0,0,3.0,1.0,2.0,0.0,0.0,430.90909092000004,457.7272730000001,311.60545460000003,321.92181812,430.71818176,1.0,32.72682492,1.0,1.0,1.0,1.0,none,0:1.0000|1:0.9000|2:1.0300|3:0.9400|4:0.9500|5:1.1000|6:0.8200|,,2242772,1,121275,1,25,25.20360973848189,27.68649787946785,none,242906
Atak,23,55,2011,4,1887,1728,159,8554,225,109,0,6,119,3331075,2307268,999998,205500,46230,60374,66390,0,13927,607577,486302,361142,0,125160,134037,1120458,1212383,71527,0,24254,0,0,3.0,1.0,2.0,0.0,0.0,427.6136363,459.09090899999995,292.8666666666667,295.8833332666666,429.9621212666667,1.00592,32.97791326666667,1.0,1.0,1.0,1.0,none,0:1.0000|1:0.8950|2:1.0300|3:0.9300|4:0.9500|5:1.1000|6:0.8200|,,2316572,1,121275,26,30,30.02027873884557,31.511382751788386,none,486302
Atak,23,86,2011,5,2130,1908,222,10975,221,131,0,31,155,3939455,2926241,990448,212350,47771,62821,69099,0,6927,591480,470205,315805,0,154400,161327,1377330,1791004,71527,0,36381,0,0,3.0,1.0,2.0,0.0,0.0,403.7170090645161,464.31818200000004,296.8196482580645,296.0410557419355,406.2287390322581,1.01307,43.09012483870968,1.0,1.0,1.0,1.0,none,0:1.0000|1:0.8900|2:1.0300|3:0.9000|4:0.9500|5:1.1000|6:0.8200|,,2939574,1,121275,56,31,25.141751841307997,26.478290090910896,none,470205
Atak,23,116,2011,6,2081,1881,200,10745,281,68,0,28,143,3755845,2737064,998570,205500,46230,61245,77460,0,5100,603035,470735,344300,0,126435,126435,1262430,2048782,78030,0,49611,0,0,3.0,1.0,2.0,0.0,0.0,419.4772728,466.818182,302.27121213333334,300.7484849,423.55757566666665,1.020512,42.113254633333334,1.0,1.0,1.0,1.0,none,0:1.0500|1:0.9000|2:1.0300|3:0.9100|4:0.9500|5:1.1000|6:0.8200|,,2726752,1,132300,87,30,26.587092917838728,27.940979944948914,none,470735
Atak,23,147,2011,7,2304,2049,255,11921,204,119,0,47,169,4064740,2955991,1087242,224350,50561,63751,80600,0,5150,662830,591760,427972,0,163788,131214,1242912,2449448,78030,0,62841,0,0,3.0,1.0,2.0,0.0,0.0,420.11730232258066,470.227273,301.0043989032258,301.3841641935484,421.76979474193547,1.027766,41.533368290322585,1.0,1.0,1.0,1.0,none,0:1.0500|1:0.9150|2:1.0300|3:0.9250|4:0.9500|5:1.1000|6:0.8200|,,3015718,1,132300,117,31,26.748131491805132,28.352296551665425,none,530530
Atak,23,178,2011,8,2184,1933,251,11378,170,115,0,57,168,3916310,2838773,1059856,224750,50561,64216,81189,0,0,639140,234376,125904,0,108472,141046,1324312,2525833,78030,0,76071,0,0,3.0,1.0,2.0,0.0,0.0,421.136364,474.090909,299.37096777419356,300.1744868064516,428.34310883870967,1.035317,42.025988322580645,1.0,1.0,1.0,1.0,none,0:1.0500|1:0.9150|2:1.0300|3:0.9250|4:0.9500|5:1.1000|6:0.8200|,,2839130,1,132300,148,31,27.062617617093643,28.91353172859859,none,506840
Atak,23,208,2011,9,2032,1834,198,10814,223,167,0,18,135,4098215,3125216,950024,228706,48930,62595,68820,0,3017,537956,-40926,-136296,0,95370,95370,1358780,11135025,78030,0,89301,0,0,3.8666666666666667,1.0,2.0,0.0,0.8666666666666667,398.8484848,477.272727,302.0651515,302.12272723333336,408.7515151,1.042922,45.989371733333336,1.0,1.0,1.0,1.0,none,0:1.0500|1:0.9000|2:1.0300|3:0.9100|4:0.9300|5:1.1000|6:0.8200|,,3106136,3,132300,179,30,23.181409467292468,24.26568909959163,none,405656
Atak,23,239,2011,10,2053,1822,231,10700,218,134,0,21,161,4050725,3016479,1011675,238111,50561,65146,71641,0,0,586216,869668,523999,123475,222194,222194,1309726,11635548,78030,0,102531,0,0,4.0,1.0,2.0,0.0,1.0,399.70674477419357,481.136364,293.6495601612903,294.96334309677417,408.58504416129034,1.050335,45.852936806451616,1.0,1.0,1.0,1.0,none,0:1.0500|1:0.9050|2:1.0300|3:0.9150|4:0.9350|5:1.1000|6:0.8200|,,3044014,3,132300,209,31,24.975158767874888,26.533749054652098,none,453916
Atak,23,269,2011,11,1956,1737,219,10296,233,113,0,18,149,4137185,3057122,1063543,230430,48930,63495,69840,0,0,650848,983226,594873,123475,264878,264878,1415132,12333153,78030,0,115761,0,0,4.0,1.0,2.0,0.0,1.0,399.8636364,484.545455,291.1409089333334,291.86515146666665,409.68333316666667,1.058051,46.77463846666667,1.0,1.0,1.0,1.0,none,0:1.0500|1:0.9050|2:1.0300|3:0.9150|4:0.9350|5:1.1000|6:0.8200|,,3058462,3,132300,240,30,25.706923910823424,27.189951165728615,none,518548
Atak,23,300,2011,12,2029,1830,199,10648,261,175,0,18,117,4436340,3151805,1268596,328561,70919,66077,79949,0,21570,701520,-1165742,-1515492,123475,226275,226275,1301482,5173553,81281,0,129542,0,0,4.870967741935484,1.0,2.0,0.8709677419354839,1.0,408.7316711935484,487.5,286.5967740967742,287.87536661290324,417.8416421935484,1.065572,45.3803905483871,1.0,1.0,1.0,1.0,none,0:1.0500|1:0.9250|2:1.0300|3:0.9350|4:0.9500|5:1.1000|6:0.8200|,,3147758,5,137812,270,31,28.5955539927057,29.881437066064585,none,563708
Atak,23,331,2012,1,2004,1746,258,10300,250,193,0,14,185,4381770,3165425,1199924,349461,75671,66569,80538,0,0,627685,1209286,607547,133577,468162,468162,1258476,5750475,81281,0,143323,0,0,5.0,1.0,2.0,1.0,1.0,409.52346083870964,491.81818200000004,293.73900258064515,292.87536658064516,418.72873929032255,1.0734,46.79331725806451,1.0,1.0,1.0,1.0,none,0:1.0500|1:0.9300|2:1.0300|3:0.9400|4:0.9500|5:1.1000|6:0.8200|,,3200000,5,137812,301,31,27.384458791766797,28.27297318227785,none,489873
Atak,23,360,2012,2,1899,1666,233,9615,207,173,0,28,159,4038330,2872314,1153288,327149,70789,62623,75777,0,0,616950,1659215,1191993,0,467222,467222,1376702,7032084,81281,0,157104,0,0,5.0,1.0,2.0,1.0,1.0,409.7335421724138,494.3181819999999,287.045455,288.4357366206896,419.6489028275862,1.079586,48.16683472413793,1.0,1.0,1.0,1.0,none,0:1.0500|1:0.9300|2:1.0300|3:0.9400|4:0.9500|5:1.1000|6:0.8200|,,2925440,5,137812,332,29,28.55853781142205,29.943383820108945,none,479138
Atak,23,391,2012,3,2040,1833,207,10639,210,126,0,16,151,4206380,3053755,1132915,349711,75671,67313,74028,0,0,566192,1595322,842471,261303,491548,491548,1269240,7522006,81281,0,170885,0,0,5.0,1.0,2.0,1.0,1.0,409.772727,496.590909,296.4736067419355,295.0190615806452,419.9985338709677,1.085405,49.43382722580645,1.0,1.0,1.0,1.0,none,0:1.0500|1:0.9300|2:1.0300|3:0.9400|4:0.9500|5:1.1000|6:0.8200|,,3040726,5,137812,361,31,26.933253771651636,27.649258428578747,none,428380
Atak,23,421,2012,4,1898,1680,218,9522,228,126,0,19,165,3831185,2677514,1135597,338430,73230,65502,72060,0,0,586375,1610538,826494,127669,656375,656375,1170132,8361166,81281,0,184666,0,0,5.0,1.0,2.0,1.0,1.0,424.9166666333333,499.318182,295.09090899999995,295.3272727333333,433.7045453666667,1.09166,44.7700052,1.0,1.0,1.0,1.0,none,0:1.0500|1:0.9300|2:1.0300|3:0.9400|4:0.9500|5:1.1000|6:0.8200|,,2694888,5,137812,392,30,29.64088134611093,30.55322792159665,none,448563
Atak,23,452,2012,5,2065,1822,243,10331,258,133,0,22,165,4051785,2782053,1250936,349711,75671,68058,74865,0,0,682631,1840163,1129912,128826,581425,581425,1301468,35977065,81281,0,198447,171886,0,5.0,1.0,2.0,1.0,1.0,426.590909,502.045455,290.0,291.28592387096774,435.4472141612903,1.097747,44.28734361290323,1.0,1.0,1.0,1.0,none,0:1.0500|1:0.9300|2:1.0300|3:0.9400|4:0.9500|5:1.1000|6:0.8200|,Ufuk Yıldırım:6:15626,2793008,5,137812,422,31,30.873701343975558,32.019179527334934,none,544819
Atak,23,482,2012,6,2005,1814,191,10991,220,83,0,16,136,4116310,2868432,1232137,338430,73230,66252,83790,0,0,670435,-3656731,-4644208,582477,405000,405000,1360620,28490899,84532,0,212779,709031,0,5.0,1.0,2.0,1.0,1.0,426.59090899999995,505.227273,297.0,295.5454545666667,436.4530304333333,1.104074,45.649939,1.0,1.0,1.0,1.0,none,0:1.0500|1:0.9300|2:1.0300|3:0.9400|4:0.9500|5:1.1000|6:0.8200|,Ufuk Yıldırım:6:15626|Nazlı Koç:4:39651,2872098,8,143325,453,30,29.93304683077805,30.378263171098183,none,527110
Atak,23,513,2012,7,2125,1901,224,11409,218,132,0,24,164,4145270,2875812,1243961,358711,77779,68833,87079,0,329,651230,-2311348,-3313761,2683,999730,999730,1324944,21748350,84532,0,227111,1786282,0,5.0,1.0,2.0,1.0,1.0,427.2507328709677,508.18181799999996,295.272727,295.80498538709674,436.9721407741935,1.11023,46.88897648387096,1.0,1.0,1.0,1.0,none,0:1.0500|1:0.9300|2:1.0300|3:0.9400|4:0.9500|5:1.1000|6:0.8200|,Ufuk Yıldırım:6:16289|Nazlı Koç:4:41333,2911994,12,143325,483,31,30.00916707476232,30.890059563882797,none,507905
Atak,23,544,2012,8,1959,1756,203,9768,157,62,0,14,168,3799682,2525141,1260825,359011,77779,69236,87575,0,325,666899,6627578,4668202,602378,1356998,1356998,984842,24662663,84532,0,241443,1786282,0,5.0,1.0,2.0,1.0,1.0,442.7712611612903,510.909091,292.48387087096773,293.6436950322581,449.87096764516133,1.116629,40.58131264516129,1.0,1.0,1.0,1.0,none,0:1.0500|1:0.9300|2:1.0300|3:0.9400|4:0.9500|5:1.1000|6:0.8200|,Ufuk Yıldırım:6:16289|Nazlı Koç:4:41333,2517922,12,143325,514,31,33.182382104607704,33.94244466006042,none,523574
Atak,23,574,2012,9,1765,1579,186,8603,158,141,0,5,148,3813340,2561860,1236197,347430,75270,67393,74130,0,753,671221,8684655,5360178,782945,2541532,1952602,1188276,20804008,84532,0,255775,1728660,0,5.0,1.0,2.0,1.0,1.0,446.49999993333336,514.090909,298.90909100000005,297.3272727666666,453.01060593333335,1.123064,37.84300033333333,1.0,1.0,1.0,1.0,none,0:1.0500|1:0.9300|2:1.0300|3:0.9400|4:0.9500|5:1.1000|6:0.8200|,Ufuk Yıldırım:6:16289|Nazlı Koç:4:41333,2600080,12,143325,545,30,32.417696822208356,33.05507479403584,none,527896
Atak,23,605,2012,10,1849,1640,209,8581,172,99,0,5,165,3764895,2529603,1218954,359011,77779,70042,77035,0,686,634401,9053102,6049244,563112,2440746,3029676,1164066,25188611,84532,0,270107,1786282,0,5.0,1.0,2.0,1.0,1.0,446.1070382903225,516.818182,296.636364,297.2140762580645,452.8196482258065,1.129326,38.342602451612905,1.0,1.0,1.0,1.0,none,0:1.0500|1:0.9300|2:1.0300|3:0.9400|4:0.9500|5:1.1000|6:0.8200|,Ufuk Yıldırım:6:16289|Nazlı Koç:4:41333,2546766,12,143325,575,31,32.37683919471858,33.50556289431334,none,491076
Atak,23,635,2012,11,1815,1607,208,8902,182,109,0,3,162,3915525,2704262,1194181,347430,75270,68172,74970,0,691,627648,8241934,5363158,542818,2335958,2335958,1268682,29717573,84532,0,284439,1728660,0,5.0,1.0,2.0,1.0,1.0,446.33333346666666,520.227273,308.0,305.5818182333333,455.06666659999996,1.135835,40.21076226666666,1.0,1.0,1.0,1.0,none,0:1.0500|1:0.9300|2:1.0300|3:0.9400|4:0.9500|5:1.1000|6:0.8200|,Ufuk Yıldırım:6:16289|Nazlı Koç:4:41333,2719068,12,143325,606,30,30.498617682175443,30.993278586708506,none,484323
Atak,23,666,2012,12,1897,1702,195,8620,267,161,0,10,129,4173365,2800707,1352650,359011,77779,70818,85684,0,580,758778,6146927,2563240,522071,3061616,3061616,1189218,116108320,87784,0,299323,1788836,0,5.0,1.0,2.0,1.0,1.0,455.3592378709677,522.727273,301.590909,302.92375367741937,462.873900483871,1.142168,37.488183032258064,1.0,1.0,1.0,1.0,none,0:1.0500|1:0.9300|2:1.0300|3:0.9400|4:0.9500|5:1.1000|6:0.8200|,Ufuk Yıldırım:6:16289|Nazlı Koç:4:41333,2799144,12,148837,636,31,32.41149528018757,33.76857568321477,none,609941
Atak,23,697,2013,1,1825,1618,207,8376,251,135,0,6,159,4292427,2881065,1394847,378811,82298,71252,86180,0,24835,751471,-5157081,-7672302,1678547,836674,836674,1291646,70057113,87784,4386935,4701142,1865456,0,4.935483870967742,1.0,2.0,0.9354838709677419,1.0,458.21847509677417,525.454545,301.227273,301.84017603225806,464.46041058064515,1.148751,37.20969870967742,1.0,1.0,1.0,1.0,none,0:1.0500|1:0.9300|2:1.0300|3:0.9400|4:0.9500|5:1.1000|6:0.8200|,Ufuk Yıldırım:6:17012|Nazlı Koç:4:43164,2924024,16,148837,667,31,32.49553224784021,34.261211764457585,none,602634
Atak,23,725,2013,2,1639,1427,212,7425,243,155,0,10,159,3654889,2501062,1132673,352268,76552,64749,78316,0,794,559994,3017989,1753950,838,1263201,1263201,1222562,53157592,87784,0,4716026,1684928,0,5.0,1.0,2.0,1.0,1.0,459.39123396428573,528.863636,310.98863603571425,308.93668832142856,465.1363637857143,1.155828,36.60805799999999,1.0,1.0,1.0,1.0,none,0:1.0500|1:0.9300|2:1.0300|3:0.9400|4:0.9500|5:1.1000|6:0.8200|,Ufuk Yıldırım:6:17012|Nazlı Koç:4:43164,2541756,18,148837,698,28,30.99062652791918,32.30418583479298,none,411157
Atak,23,756,2013,3,1810,1600,210,8345,197,102,0,5,163,3791825,2563628,1211816,390011,84754,72089,79267,0,373,585322,22826195,15223546,1636275,5966374,4522720,1058276,58116006,87784,0,4730910,1865456,0,5.0,1.0,2.0,1.0,1.0,459.8093844193549,531.818182,307.36803525806454,308.31085025806453,467.0161293870968,1.162259,37.62655625806452,1.0,1.0,1.0,1.0,none,0:1.0500|1:0.9300|2:1.0300|3:0.9400|4:0.9500|5:1.1000|6:0.8200|,Ufuk Yıldırım:6:17012|Nazlı Koç:4:43164,2592520,18,148837,726,31,31.95864788063795,33.15316179416229,none,436485
Atak,23,786,2013,4,1664,1478,186,7545,195,90,0,0,146,3575005,2322327,1236593,377430,82020,70184,77190,0,374,629395,23577943,15816144,1612482,6149317,7592971,1156894,68700979,87784,0,4745794,1805280,0,5.0,1.0,2.0,1.0,1.0,475.0454546666667,535.454545,304.6515155,305.92878790000003,479.55151516666666,1.16942,34.82413543333334,1.0,1.0,1.0,1.0,none,0:1.0500|1:0.9300|2:1.0300|3:0.9400|4:0.9500|5:1.1000|6:0.8200|,Ufuk Yıldırım:6:17012|Nazlı Koç:4:43164,2319750,18,148837,757,30,34.589965608439705,35.86897579858541,none,480558
Atak,23,817,2013,5,1798,1579,219,8095,235,72,0,4,178,3813013,2509873,1283236,390011,84754,72957,80228,0,363,654923,24571591,16930975,1588333,6052283,6052283,1099360,80309711,87784,0,4760678,1865456,0,5.0,1.0,2.0,1.0,1.0,478.43108493548385,538.409091,313.045455,311.1568913548387,484.7859236129032,1.176391,35.31224551612903,1.0,1.0,1.0,1.0,none,0:1.0500|1:0.9300|2:1.0300|3:0.9400|4:0.9500|5:1.1000|6:0.8200|,Ufuk Yıldırım:6:17012|Nazlı Koç:4:43164,2512924,18,148837,787,31,33.65412077011015,34.56832867742823,none,506086
Atak,23,847,2013,6,1749,1541,208,8145,150,90,0,2,174,3422250,2186438,1219734,377430,82020,71024,89850,0,1048,598362,24385986,15572594,1564109,7249283,5675917,1004606,82930867,92660,0,4776388,1807977,0,5.0,1.0,2.0,1.0,1.0,480.54545440000004,542.045455,306.045455,307.91818179999996,486.8272727666666,1.183639,35.0891626,1.0,1.0,1.0,1.0,none,0:1.0500|1:0.9300|2:1.0300|3:0.9400|4:0.9500|5:1.1000|6:0.8200|,Ufuk Yıldırım:6:17012|Nazlı Koç:4:43164,2220428,18,157106,818,30,35.64128862590401,36.31290189143032,none,441256
Atak,23,878,2013,7,1884,1692,192,8895,169,98,0,5,157,3712423,2375544,1319504,403511,87885,73826,93372,0,914,659996,21246803,13870965,1542728,5833110,7406476,1121442,80029066,92660,0,4792098,1949063,0,5.0,1.0,2.0,1.0,1.0,481.09970645161286,545.0,309.727273,308.7214075806452,487.70088003225806,1.190696,35.349035225806446,1.0,1.0,1.0,1.0,none,0:1.0500|1:0.9300|2:1.0300|3:0.9400|4:0.9500|5:1.1000|6:0.8200|,Ufuk Yıldırım:6:17774|Nazlı Koç:4:45100,2363780,19,157106,848,31,35.54293247294287,35.62098067271401,none,502890
Atak,23,909,2013,8,1665,1487,178,7418,184,59,0,0,150,3351680,2111902,1223819,403961,87885,74291,93961,0,0,563721,25917788,19592287,2954,6322547,6322547,974584,94457395,92660,0,4807808,1949063,0,5.0,1.0,2.0,1.0,1.0,494.3401760967742,549.090909,312.9134900322581,311.5938417096774,497.2272727096774,1.198032,31.528304129032257,1.0,1.0,1.0,1.0,none,0:1.0500|1:0.9300|2:1.0300|3:0.9400|4:0.9500|5:1.1000|6:0.8200|,Ufuk Yıldırım:6:17774|Nazlı Koç:4:45100,2164928,19,157106,879,31,36.513599150276875,36.70077708371395,none,406615
Atak,23,939,2013,9,1575,1360,215,6869,192,79,0,0,167,3311195,2087220,1204504,390930,85050,72344,79560,0,366,576254,27066410,16342813,1332993,9390604,9390604,1034040,99660358,92660,0,4823518,1886190,0,5.0,1.0,2.0,1.0,1.0,496.4242425666667,551.590909,311.818182,311.6,499.7545455,1.205414,31.128236933333334,1.0,1.0,1.0,1.0,none,0:1.0500|1:0.9300|2:1.0300|3:0.9400|4:0.9500|5:1.1000|6:0.8200|,Ufuk Yıldırım:6:17774|Nazlı Koç:4:45100,2106324,19,157106,910,30,36.376715959041974,37.187156616726924,none,419148
Atak,23,970,2013,10,1701,1501,200,7364,193,76,0,3,168,3600973,2330505,1251183,403961,87885,75190,82708,0,806,600633,29051487,20715099,1312558,7023830,7023830,995024,109080536,92660,0,4839228,1949063,0,5.0,1.0,2.0,1.0,1.0,497.5000001935484,555.227273,321.863636,319.06304990322576,501.92961864516127,1.2126,32.74745709677419,1.0,1.0,1.0,1.0,none,0:1.0500|1:0.9300|2:1.0300|3:0.9400|4:0.9500|5:1.1000|6:0.8200|,Ufuk Yıldırım:6:17774|Nazlı Koç:4:45100,2343104,20,157106,940,31,34.74569234481903,35.30379178396351,none,443527
Atak,23,1000,2013,11,1745,1510,235,7604,211,77,0,9,181,3742565,2439298,1283908,390930,85050,73215,80520,0,288,653905,35285603,26816269,1291859,7177475,7177475,1066878,98140148,92660,0,4854938,1886190,0,5.0,1.0,2.0,1.0,1.0,498.1363635,558.409091,321.954545,321.12272746666673,503.7863638,1.220071,33.29443356666666,1.0,1.0,1.0,1.0,none,0:1.0500|1:0.9300|2:1.0300|3:0.9400|4:0.9500|5:1.1000|6:0.8200|,Ufuk Yıldırım:6:17774|Nazlı Koç:4:45100,2478352,20,157106,971,30,34.30556316323163,35.368190601889275,none,496799
Atak,23,1031,2013,12,1747,1537,210,7514,272,121,0,3,155,4340640,2846269,1479887,403961,87885,76120,92070,0,448,819403,34262113,22174693,1270894,10816526,10816526,1228074,110305626,95911,0,4871199,1952001,0,5.0,1.0,2.0,1.0,1.0,506.46627577419355,562.045455,328.63049822580643,326.7800586451613,509.57331377419354,1.227345,31.2428944516129,1.0,1.0,1.0,1.0,none,0:1.0500|1:0.9300|2:1.0300|3:0.9400|4:0.9500|5:1.1000|6:0.8200|,Ufuk Yıldırım:6:17774|Nazlı Koç:4:45100,2860646,20,162619,1001,31,34.09375115190387,35.113054127156666,none,656784
Atak,23,1062,2014,1,1801,1566,235,7479,277,187,0,5,177,4254642,2782649,1455472,412961,89962,76586,92628,0,830,782505,17395088,8424621,1249658,7720809,7720809,1175852,117177150,95911,0,4887460,2040141,0,5.0,1.0,2.0,1.0,1.0,509.62609941935483,565.227273,329.136364,328.41935464516126,511.77272729032256,1.234907,30.790780451612903,1.0,1.0,1.0,1.0,none,0:1.0500|1:0.9300|2:1.0300|3:0.9400|4:0.9500|5:1.1000|6:0.8200|,Ufuk Yıldırım:6:18604|Nazlı Koç:4:47207,2789138,21,162619,1032,31,34.20903568384837,35.41610910920707,none,619886
Atak,23,1090,2014,2,1704,1465,239,7150,228,138,0,12,185,4027878,2609268,1402914,373268,81256,69623,84224,0,308,794235,20171860,11708682,1228148,7235030,7235030,1305150,132309185,95911,0,4903721,1842708,0,5.0,1.0,2.0,1.0,1.0,511.03896135714285,569.545455,326.17370110714285,326.88311685714285,514.6461040357143,1.243005,31.042031714285713,1.0,1.0,1.0,1.0,none,0:1.0500|1:0.9300|2:1.0300|3:0.9400|4:0.9500|5:1.1000|6:0.8200|,Ufuk Yıldırım:6:18604|Nazlı Koç:4:47207,2635614,22,162619,1063,28,34.83010160685105,36.17439651940857,none,631616
Atak,23,1121,2014,3,1815,1571,244,7975,244,143,0,9,182,4083800,2622494,1440746,413261,89962,77547,85281,0,749,773946,30402648,18840697,1206362,10355589,10355589,1170560,137875748,95911,0,4919982,2040141,0,5.0,1.0,2.0,1.0,1.0,511.10703848387095,572.954545,326.31818200000004,326.89589422580644,516.093841483871,1.250366,32.25622229032258,1.0,1.0,1.0,1.0,none,0:1.0500|1:0.9300|2:1.0300|3:0.9400|4:0.9500|5:1.1000|6:0.8200|,Ufuk Yıldırım:6:18604|Nazlı Koç:4:47207,2620614,22,162619,1091,31,35.27954356236838,36.15462957270589,none,611327
Atak,23,1151,2014,4,1766,1523,243,7122,239,122,0,6,177,3755477,2374531,1359874,399930,87060,75526,83070,0,1295,712993,24134966,14947255,1184295,8003416,8003416,1078214,141735785,95911,0,4936243,1974330,0,5.0,1.0,2.0,1.0,1.0,524.9545452666667,575.454545,329.818182,328.7924242333333,522.4590910333333,1.258565,28.771327566666667,1.0,1.0,1.0,1.0,none,0:1.0500|1:0.9300|2:1.0300|3:0.9400|4:0.9500|5:1.1000|6:0.8200|,Ufuk Yıldırım:6:18604|Nazlı Koç:4:47207,2419230,23,162619,1122,30,36.21042014103668,37.17204947097682,none,550374
Atak,23,1182,2014,5,1872,1598,274,7707,253,92,0,9,210,4103420,2622889,1462563,413261,89962,78540,86366,0,960,793474,31236605,21723711,1161942,8350952,8350952,1132800,140365367,95911,0,4952504,2040141,0,5.0,1.0,2.0,1.0,1.0,524.9120232580646,579.772727,333.81818200000004,332.21994116129036,527.0425218709678,1.266552,29.676360161290322,1.0,1.0,1.0,1.0,none,0:1.0500|1:0.9300|2:1.0300|3:0.9400|4:0.9500|5:1.1000|6:0.8200|,Ufuk Yıldırım:6:18604|Nazlı Koç:4:47207,2636604,24,162619,1152,31,35.64253720067651,36.40492745278885,none,630855
Atak,23,1212,2014,6,1856,1654,202,7971,171,58,0,3,171,3640414,2336578,1289718,399930,87060,76516,96750,0,472,628990,30977196,19044170,283,11932743,11932743,1175586,153594046,100789,0,4969593,1977440,0,5.0,1.0,2.0,1.0,1.0,525.7500003666667,582.954545,340.22121189999996,337.96818186666667,528.6606061,1.274857,30.6861267,1.0,1.0,1.0,1.0,none,0:1.0500|1:0.9300|2:1.0300|3:0.9400|4:0.9500|5:1.1000|6:0.8200|,Ufuk Yıldırım:6:18604|Nazlı Koç:4:47207,2388438,24,170887,1183,30,35.42778376305552,35.28840481926313,none,458103
Atak,23,1243,2014,7,1917,1665,252,8442,192,83,0,11,205,4031853,2550641,1458970,426761,93124,79563,100626,0,1162,757734,28865694,18257898,1236754,9371042,9371042,1057672,161219963,100789,0,4986682,2136551,0,5.0,1.0,2.0,1.0,1.0,527.9692083548387,587.954545,334.227273,335.5351905806452,531.7785926774193,1.282947,30.736046032258063,1.0,1.0,1.0,1.0,none,0:1.0500|1:0.9300|2:1.0300|3:0.9400|4:0.9500|5:1.1000|6:0.8200|,Ufuk Yıldırım:6:19484|Nazlı Koç:4:49437,2555992,25,170887,1213,31,36.186091109968544,36.6956883638237,none,586847
Atak,23,1274,2014,8,1766,1560,206,7426,201,72,0,4,181,3783016,2417886,1344021,427211,93124,80090,101277,0,1230,641089,29571256,16681188,1218392,11671676,9056016,1099968,168105995,100789,0,5003771,2136551,0,5.0,1.0,2.0,1.0,1.0,538.0718471290322,590.681818,345.545455,342.61143703225804,538.4178887741936,1.291361,28.81430993548387,1.0,1.0,1.0,1.0,none,0:1.0500|1:0.9300|2:1.0300|3:0.9400|4:0.9500|5:1.1000|6:0.8200|,Ufuk Yıldırım:6:19484|Nazlı Koç:4:49437,2454244,26,170887,1244,31,35.527764090873525,35.78079640410242,none,470202
Atak,23,1304,2014,9,1729,1504,225,7119,237,100,0,4,173,3840600,2473446,1350495,413430,90120,78016,85800,0,0,683129,35985471,23863901,1203543,10918027,13533687,1156622,181562171,100789,0,5020860,2067630,0,5.0,1.0,2.0,1.0,1.0,539.5227271666666,594.3181820000001,343.954545,344.0499999333333,539.4575757333333,1.299829,29.451862233333333,1.0,1.0,1.0,1.0,none,0:1.0500|1:0.9300|2:1.0300|3:0.9400|4:0.9500|5:1.1000|6:0.8200|,Ufuk Yıldırım:6:19484|Nazlı Koç:4:49437,2517152,27,170887,1275,30,35.163646305264805,36.2483677367409,none,512242
Atak,23,1335,2014,10,1757,1554,203,7428,249,90,0,11,155,4152506,2672653,1455130,427211,93124,81113,89218,0,353,764111,43287759,30212723,1184379,11890657,11890657,1170876,187092986,100789,0,5037949,2136551,0,5.0,1.0,2.0,1.0,1.0,541.5249268387096,599.318182,342.68181799999996,343.0557183225807,543.9208211935484,1.308077,30.625435612903225,1.0,1.0,1.0,1.0,none,0:1.0500|1:0.9300|2:1.0300|3:0.9400|4:0.9500|5:1.1000|6:0.8200|,Ufuk Yıldırım:6:19484|Nazlı Koç:4:49437,2650518,27,170887,1305,31,35.04221306362953,36.71910543426083,none,593224
Atak,23,1365,2014,11,1795,1560,235,7704,226,117,0,9,183,4335763,2792030,1526197,413430,90120,79007,86910,0,437,856293,56184905,40271103,1164951,14748851,11330485,1224334,168467300,100789,0,5055038,2067630,0,5.0,1.0,2.0,1.0,1.0,539.0606059666667,602.272727,342.5,342.6742425666667,543.3166665,1.316655,31.69519,1.0,1.0,1.0,1.0,none,0:1.0500|1:0.9300|2:1.0300|3:0.9400|4:0.9500|5:1.1000|6:0.8200|,Ufuk Yıldırım:6:19484|Nazlı Koç:4:49437,2832424,27,170887,1336,30,35.200194291062495,36.463544876217725,none,685406
Atak,23,1396,2014,12,1836,1591,245,7157,300,98,0,3,197,4242564,2705319,1522208,427211,93124,82167,99417,0,939,819350,59501438,44167280,2873,15331285,18749651,1254264,201715019,105665,0,5072953,2139937,0,5.0,1.0,2.0,1.0,1.0,550.9017591290323,606.818182,349.863636,347.6979471612903,552.501466516129,1.32501,29.849001258064515,1.0,1.0,1.0,1.0,none,0:1.0500|1:0.9300|2:1.0300|3:0.9400|4:0.9500|5:1.1000|6:0.8200|,Ufuk Yıldırım:6:19484|Nazlı Koç:4:49437,2751450,27,179156,1366,31,35.87943517174991,36.492554216358045,none,640194
Atak,23,1427,2015,1,1723,1461,262,7221,273,142,0,0,197,4522370,2896514,1608061,461461,100920,82696,100068,0,29403,833513,24790754,11608063,1167800,12014891,12014891,1331546,213821705,105665,0,5090868,2241517,0,4.838709677419355,1.0,2.0,0.8387096774193549,1.0,552.7126100645161,610.227273,348.590909,348.6143695806452,554.906158516129,1.3337,27.848072225806455,1.0,1.0,1.0,1.0,none,0:1.0500|1:0.9300|2:1.0300|3:0.9400|4:0.9500|5:1.1000|6:0.8200|,Ufuk Yıldırım:6:20440|Nazlı Koç:4:51866,2870980,29,179156,1397,31,35.557926485449,36.930892718494285,none,654357
Atak,23,1455,2015,2,1579,1313,266,6037,266,125,0,0,190,3708685,2349978,1340876,455868,99848,75225,91000,0,0,618935,21125179,9672071,1150191,10302917,10302917,1209606,217015696,105665,0,5108783,2024596,0,5.0,1.0,2.0,1.0,1.0,552.84902625,614.5454550000001,344.58766264285714,345.80357142857144,556.5827921428571,1.342972,27.762324464285715,1.0,1.0,1.0,1.0,none,0:1.0500|1:0.9300|2:1.0300|3:0.9400|4:0.9500|5:1.1000|6:0.8200|,Ufuk Yıldırım:6:20440|Nazlı Koç:4:51866,2373450,32,179156,1428,28,36.15502529872448,37.670567138335954,none,439779
Atak,23,1486,2015,3,1724,1472,252,6970,264,76,0,4,193,3819265,2473109,1330561,504711,110546,83812,92163,0,0,539329,49023011,30712219,1132342,17178450,17178450,1128740,224716124,105665,0,5126698,2241517,0,5.0,1.0,2.0,1.0,1.0,553.1524925806451,618.409091,357.5,353.8416422580645,557.8240467419355,1.351403,29.393543096774195,1.0,1.0,1.0,1.0,none,0:1.0500|1:0.9300|2:1.0300|3:0.9400|4:0.9500|5:1.1000|6:0.8200|,Ufuk Yıldırım:6:20440|Nazlı Koç:4:51866,2504238,32,179156,1456,31,34.838142941115635,35.370443992371705,none,360173
Atak,23,1516,2015,4,1763,1523,240,7074,255,76,0,2,190,4197435,2709935,1463661,488430,106980,81678,89820,0,0,696753,46711907,31077545,1114247,14520115,14520115,1284580,244060016,105665,0,5144613,2169210,0,5.0,1.0,2.0,1.0,1.0,563.5075756333333,622.954545,361.09090899999995,359.5015151,566.8515151333334,1.360799,28.157388766666667,1.0,1.0,1.0,1.0,none,0:1.0500|1:0.9300|2:1.0300|3:0.9400|4:0.9500|5:1.1000|6:0.8200|,Ufuk Yıldırım:6:20440|Nazlı Koç:4:51866,2738412,32,179156,1487,30,34.87036726000522,35.92084212991009,none,517597
Atak,23,1547,2015,5,1732,1507,225,7210,280,84,0,9,181,4249221,2751674,1473457,504711,110546,84959,93434,0,1454,678353,49157778,29943432,1095904,18118442,14814699,1170390,256089652,105665,0,5162528,2241517,0,5.0,1.0,2.0,1.0,1.0,566.260996967742,626.818182,363.863636,362.5879766129032,570.3680354193549,1.369954,28.612607870967743,1.0,1.0,1.0,1.0,none,0:1.0500|1:0.9300|2:1.0300|3:0.9400|4:0.9500|5:1.1000|6:0.8200|,Ufuk Yıldırım:6:20440|Nazlı Koç:4:51866,2798970,32,179156,1517,31,34.67593236501467,35.74276915619387,none,499197
Atak,23,1577,2015,6,1749,1502,247,7361,217,78,0,7,205,3901931,2480085,1398584,488430,106980,82789,104700,0,825,614860,47310829,32609884,991,14699954,18003697,1284964,256588426,110542,0,5181270,2172803,0,5.0,1.0,2.0,1.0,1.0,567.5,632.045455,358.40909100000005,359.8969697333333,572.4348487999999,1.379479,29.3790993,1.0,1.0,1.0,1.0,none,0:1.0500|1:0.9300|2:1.0300|3:0.9400|4:0.9500|5:1.1000|6:0.8200|,Ufuk Yıldırım:6:20440|Nazlı Koç:4:51866,2528298,34,187425,1548,30,35.84338113616053,36.84421303964757,none,427435
Atak,23,1608,2015,7,1821,1572,249,7561,200,91,0,8,208,3999795,2527630,1452804,518211,113677,86137,108934,0,1877,623968,41769259,25163600,1165046,15440613,15440613,1055356,266926079,110542,0,5200012,2352900,0,5.0,1.0,2.0,1.0,1.0,577.7346041290323,635.227273,367.18181799999996,364.91202348387094,579.876833032258,1.38876,27.12555964516129,1.0,1.0,1.0,1.0,none,0:1.0500|1:0.9300|2:1.0300|3:0.9400|4:0.9500|5:1.1000|6:0.8200|,Ufuk Yıldırım:6:21456|Nazlı Koç:4:54444,2523928,35,187425,1578,31,36.3219615005269,36.44455163741708,none,436543
Atak,23,1639,2015,8,1732,1503,229,7161,214,46,0,0,198,4064650,2581234,1461720,518661,113677,86726,109678,0,728,632250,49647837,29854293,1147796,18645748,18645748,1125584,278086083,110542,0,5218754,2352900,0,5.0,1.0,2.0,1.0,1.0,582.1774193548387,640.909091,366.454545,366.2096774193548,583.5410557741935,1.398416,27.41290106451613,1.0,1.0,1.0,1.0,none,0:1.0500|1:0.9300|2:1.0300|3:0.9400|4:0.9500|5:1.1000|6:0.8200|,Ufuk Yıldırım:6:21456|Nazlı Koç:4:54444,2566040,37,187425,1609,31,35.96176792589768,37.054490123285774,none,444825
Atak,23,1669,2015,9,1635,1425,210,6710,264,78,0,0,164,4187779,2653756,1511606,501930,110010,84499,92940,0,1274,720953,55709260,37262782,1130295,17316183,17316183,1152016,293493827,110542,0,5237496,2277000,0,5.0,1.0,2.0,1.0,1.0,582.0227271666666,644.090909,365.045455,365.51969703333333,584.7227273333333,1.408139,27.7747855,1.0,1.0,1.0,1.0,none,0:1.0500|1:0.9300|2:1.0300|3:0.9400|4:0.9500|5:1.1000|6:0.8200|,Ufuk Yıldırım:6:21456|Nazlı Koç:4:54444,2701020,38,187425,1640,30,36.09564879139993,37.27986245879597,none,533528
Atak,23,1700,2015,10,1679,1439,240,6869,251,98,0,4,186,4228772,2723444,1484081,518661,113677,87905,96689,0,423,666726,50129422,32274822,1112878,16741722,16741722,1240018,294547387,110542,0,5256238,2352900,0,5.0,1.0,2.0,1.0,1.0,582.8592375806451,648.8636359999999,373.590909,371.37390032258065,588.2478006451612,1.417612,27.503825677419357,1.0,1.0,1.0,1.0,none,0:1.0500|1:0.9300|2:1.0300|3:0.9400|4:0.9500|5:1.1000|6:0.8200|,Ufuk Yıldırım:6:21456|Nazlı Koç:4:54444,2756826,39,187425,1670,31,35.09484550124717,35.903750869469654,none,479301
Atak,23,1730,2015,11,1744,1497,247,7296,242,114,0,6,202,4434524,2856783,1556295,501930,110010,85669,94200,0,1071,763415,86307009,64572615,1099638,20634756,20634756,1379118,227419430,110542,0,5274980,2277000,0,5.0,1.0,2.0,1.0,1.0,583.2803031999999,653.863636,372.227273,372.3060606333333,590.2469696,1.427469,29.4815422,1.0,1.0,1.0,1.0,none,0:1.0500|1:0.9300|2:1.0300|3:0.9400|4:0.9500|5:1.1000|6:0.8200|,Ufuk Yıldırım:6:21456|Nazlı Koç:4:54444,2895594,40,187425,1701,30,35.09497298920921,36.18380888950271,none,575990
Atak,23,1761,2015,12,1796,1542,254,7456,260,135,0,5,203,5048089,3232189,1794578,518661,113677,89114,107818,0,3040,962268,104260438,79536932,4086,24719420,24719420,1544796,278176611,118670,0,5295100,2358636,0,5.0,1.0,2.0,1.0,1.0,586.8988272580644,658.181818,369.5850439032258,370.32991203225805,592.0381230645161,1.437072,30.75748538709677,1.0,1.0,1.0,1.0,none,0:1.0500|1:0.9300|2:1.0300|3:0.9400|4:0.9500|5:1.1000|6:0.8200|,Ufuk Yıldırım:6:21456|Nazlı Koç:4:54444,3222318,40,201206,1731,31,35.54965057074073,37.02746934597024,none,761062
Atak,23,1792,2016,1,1759,1500,259,7304,270,131,0,5,211,4934080,3099691,1823241,541161,118916,89747,108562,0,986,963869,41228472,13998879,1102562,26127031,22044015,1283568,348426177,118670,0,5315220,2752770,0,5.0,1.0,2.0,1.0,1.0,608.7683282903226,662.272727,383.909091,380.81231667741935,609.4999997419355,1.447064,26.920147806451613,1.0,1.0,1.0,1.0,none,0:1.0500|1:0.9300|2:1.0300|3:0.9400|4:0.9500|5:1.1000|6:0.8200|,Ufuk Yıldırım:6:23078|Nazlı Koç:4:58559|Tuncay Yılmaz:1:15860,3115146,41,201206,1762,31,36.95199510344381,36.936750294126156,none,762663
Atak,23,1821,2016,2,1627,1322,305,6228,258,142,0,0,226,4390799,2760723,1614930,506949,111244,84913,102689,0,1737,807398,33164481,14385727,1086242,17692512,21775528,1335492,346244636,118670,0,5335340,3193708,0,5.0,1.0,2.0,1.0,1.0,612.617554862069,669.318182,383.2774295862069,382.93260193103447,615.622257,1.463258,26.307273862068964,1.0,1.0,1.0,1.0,none,0:1.0500|1:0.9300|2:1.0300|3:0.9400|4:0.9500|5:1.1000|6:0.8200|,Ufuk Yıldırım:6:23078|Nazlı Koç:4:58559|Tuncay Yılmaz:1:15860|Mehmet Korkmaz:1:15962|Songül Duman:1:15860,2817444,46,201206,1793,29,36.779866261243114,37.43610078681113,none,606192
Atak,23,1852,2016,3,1658,1398,260,6881,273,103,0,0,200,4323379,2612648,1684042,541911,118916,91700,100843,0,903,829769,71508024,48352249,1069684,22086091,22086091,1272984,366982108,118670,0,5355460,4008858,0,5.0,1.0,2.0,1.0,1.0,628.7390032580645,676.590909,376.863636,378.7346042258065,625.0659821612903,1.47857,25.24250522580645,1.0,1.0,1.0,1.0,none,0:1.0500|1:0.9300|2:1.0300|3:0.9400|4:0.9500|5:1.1000|6:0.8200|,Ufuk Yıldırım:6:23078|Nazlı Koç:4:58559|Tuncay Yılmaz:1:15860|Mehmet Korkmaz:1:15962|Songül Duman:1:15860,2649048,46,201206,1822,31,38.95198639767645,40.06040120827097,none,628563
Atak,23,1882,2016,4,1654,1415,239,6609,208,96,0,2,200,4096513,2564590,1513995,524430,115080,89733,98670,0,390,685692,73804748,49677767,1052886,23074095,23074095,1253382,392559520,118670,0,5375580,3879540,0,5.0,1.0,2.0,1.0,1.0,625.1136367666666,684.545455,393.681818,389.5212121,629.2757574000001,1.495116,26.747235466666666,1.0,1.0,1.0,1.0,none,0:1.0500|1:0.9300|2:1.0300|3:0.9400|4:0.9500|5:1.1000|6:0.8200|,Ufuk Yıldırım:6:23078|Nazlı Koç:4:58559|Tuncay Yılmaz:1:15860|Mehmet Korkmaz:1:15962|Songül Duman:1:15860,2591436,46,201206,1853,30,36.95813976423363,37.022359640676356,none,484486
Atak,23,1913,2016,5,1696,1447,249,6786,295,86,0,0,197,4285311,2632789,1634571,541911,118916,93746,103075,0,1345,775578,77901397,46714998,1035843,30150556,30150556,1153566,409827097,118670,0,5395700,5302038,0,5.0,1.0,2.0,1.0,1.0,644.7800582258064,692.272727,393.636364,392.8035188709677,638.8724338064517,1.511305,25.318129387096775,1.0,1.0,1.0,1.0,none,0:1.0500|1:0.9300|2:1.0300|3:0.9400|4:0.9500|5:1.1000|6:0.8200|,Ufuk Yıldırım:6:23078|Nazlı Koç:4:58559|Tuncay Yılmaz:1:15860|Mehmet Korkmaz:1:15962|Songül Duman:1:15860|Seda Kocabaş:1:13827|Sinan Şahin:2:29279,2679036,46,201206,1883,31,38.143579310813145,38.95028871036427,none,574372
Atak,23,1943,2016,6,1663,1422,241,6920,188,55,0,2,216,4032905,2437866,1573869,524430,115080,91714,115980,0,2780,723885,80656246,55894905,1018553,23742788,23742788,1197192,422968575,128424,0,5417474,5185864,0,5.0,1.0,2.0,1.0,1.0,645.454545,698.863636,388.818182,390.30606059999997,645.4984849333334,1.528217,25.9030429,1.0,1.0,1.0,1.0,none,0:1.0500|1:0.9300|2:1.0300|3:0.9400|4:0.9500|5:1.1000|6:0.8200|,Ufuk Yıldırım:6:23078|Nazlı Koç:4:58559|Tuncay Yılmaz:1:15860|Mehmet Korkmaz:1:15962|Songül Duman:1:15860|Seda Kocabaş:1:13827|Sinan Şahin:2:29279,2436486,49,217744,1914,30,39.0256899183095,39.760563309690546,none,506141
Atak,23,1974,2016,7,1648,1409,239,6733,203,58,0,2,189,4120058,2506092,1594281,568911,125209,95824,121148,0,1311,681878,58450855,29376347,1001012,28073496,23860932,1130074,438532558,128424,0,5439248,5752608,0,5.0,1.0,2.0,1.0,1.0,659.2375370645161,706.818182,402.35483858064515,397.61876832258065,654.4824047096774,1.544764,24.936862516129032,1.0,1.0,1.020737322580645,0.9937788064516129,0,0:1.0500|1:0.9300|2:1.0300|3:0.9400|4:0.9500|5:1.1000|6:0.8200|,Ufuk Yıldırım:6:24837|Nazlı Koç:4:63023|Tuncay Yılmaz:1:17069|Mehmet Korkmaz:1:17178|Songül Duman:1:17069|Seda Kocabaş:1:14880|Sinan Şahin:2:31512,2561776,50,217744,1944,31,38.69559603287138,38.96663706798771,none|0,464134
Atak,23,2005,2016,8,1609,1317,292,6110,315,51,0,0,222,3468550,2160579,1285807,569811,125209,96879,122512,0,2022,369374,20018182,4107350,1170,15909662,20122226,933358,408973415,128424,0,5461022,5752608,0,5.0,1.0,2.0,1.0,1.0,662.272727,715.0,419.8665690967742,413.9809383870967,660.2771258709678,1.562051,24.636652096774196,1.0,1.0,1.2413594516129032,0.9275921612903226,0,0:1.0500|1:0.9300|2:1.0300|3:0.9400|4:0.9500|5:1.1000|6:0.8200|,Ufuk Yıldırım:6:24837|Nazlı Koç:4:63023|Tuncay Yılmaz:1:17069|Mehmet Korkmaz:1:17178|Songül Duman:1:17069|Seda Kocabaş:1:14880|Sinan Şahin:2:31512,2200416,53,217744,1975,31,37.07044730506984,36.60216524411186,0,151630
Atak,23,2035,2016,9,1531,1236,295,5444,437,63,0,0,195,3697096,2378691,1299049,551430,121170,94804,104250,0,2318,425077,-34390993,-51935277,1288667,16255617,16255617,1187822,459261745,128424,0,5482796,5567040,0,5.0,1.0,2.0,1.0,1.0,668.6818182333334,723.1818179999999,432.272727,427.7318182333333,667.3333332,1.579531,23.7070322,1.0,1.0,1.25,0.925,0,0:1.0500|1:0.9300|2:1.0300|3:0.9400|4:0.9500|5:1.1000|6:0.8200|,Ufuk Yıldırım:6:24837|Nazlı Koç:4:63023|Tuncay Yılmaz:1:17069|Mehmet Korkmaz:1:17178|Songül Duman:1:17069|Seda Kocabaş:1:14880|Sinan Şahin:2:31512,2425466,53,217744,2006,30,35.137010237224025,35.35449668093706,0,207333
Atak,23,2066,2016,10,1689,1386,303,6512,360,81,0,0,224,4293250,2758388,1515400,569811,125209,99019,108903,0,2701,609757,35386616,8944379,1271498,25170739,25170739,1312468,447098795,128424,0,5504570,6590716,0,5.0,1.0,2.0,1.0,1.0,671.5175950645162,731.1363640000001,429.954545,430.1480940645161,673.4061584516129,1.596634,25.303692935483873,1.0,1.0,1.25,0.925,0,0:1.0500|1:0.9200|2:1.0300|3:0.9300|4:0.9400|5:1.1000|6:0.8200|,Ufuk Yıldırım:6:24837|Nazlı Koç:4:63023|Tuncay Yılmaz:1:17069|Mehmet Korkmaz:1:17178|Songül Duman:1:17069|Seda Kocabaş:1:14880|Sinan Şahin:2:31512|Pınar Demir:1:15974|Sevgi Kara:1:15756|Derya Korkmaz:1:17506,2766468,55,217744,2036,31,35.29726896872998,35.97270597821163,0,392013
Atak,23,2096,2016,11,1608,1326,282,6450,354,66,0,0,203,4279904,2722092,1539813,551430,121170,96905,106560,0,906,662842,53709669,29138283,1254010,23317376,23317376,1250544,450097617,128424,0,5526344,7771536,0,5.0,1.0,2.0,1.0,1.0,679.3333336333333,738.863636,431.636364,430.72424243333336,682.5409091666667,1.614501,25.169569266666667,1.0,1.0,1.25,0.925,0,0:1.0500|1:0.9250|2:1.0300|3:0.9350|4:0.9450|5:1.1000|6:0.8200|,Ufuk Yıldırım:6:24837|Nazlı Koç:4:63023|Tuncay Yılmaz:1:17069|Mehmet Korkmaz:1:17178|Songül Duman:1:17069|Seda Kocabaş:1:14880|Sinan Şahin:2:31512|Pınar Demir:1:15974|Sevgi Kara:1:15756|Derya Korkmaz:1:17506|Sinan Doğan:1:14990|Seda Uçar:1:15319,2719830,58,217744,2067,30,35.977746229821975,36.46177176505613,0,445098
Atak,23,2127,2016,12,1608,1344,264,6336,325,98,0,3,198,4520742,2932943,1565920,569811,125209,101220,122419,0,1933,645328,85463086,58058710,1236596,26167780,26167780,1323950,464662954,138178,0,5549772,8237187,0,5.0,1.0,2.0,1.0,1.0,689.2375368064517,747.045455,448.772727,443.8064517096774,689.2756597419354,1.631982,25.6487135483871,1.0,1.0,1.25,0.925,0,0:1.0500|1:0.9250|2:1.0300|3:0.9350|4:0.9450|5:1.1000|6:0.8200|,Ufuk Yıldırım:6:24837|Nazlı Koç:4:63023|Tuncay Yılmaz:1:17069|Mehmet Korkmaz:1:17178|Songül Duman:1:17069|Seda Kocabaş:1:14880|Sinan Şahin:2:31512|Pınar Demir:1:15974|Sevgi Kara:1:15756|Derya Korkmaz:1:17506|Sinan Doğan:1:14990|Seda Uçar:1:15319,2945754,58,234281,2097,31,34.638561545870125,34.88852492286383,0,411047
Atak,23,2158,2017,1,1553,1227,326,5804,509,80,0,0,194,4568205,2975239,1569577,596811,131471,102335,123814,0,3966,611180,27941871,-2374181,1225655,29090397,29090397,1343862,492566856,138178,0,5573200,9681075,0,5.0,1.0,2.0,1.0,1.0,693.2551322903225,755.909091,445.0454545806452,445.6788856129032,697.8064513870968,1.650245,24.754015612903228,0.9419354838709677,0.9419354838709677,1.2458870967741935,0.8729952903225807,1,0:1.0500|1:0.9300|2:1.0300|3:0.9400|4:0.9500|5:1.1000|6:0.8200|,Ufuk Yıldırım:6:26587|Nazlı Koç:4:67464|Tuncay Yılmaz:1:18272|Mehmet Korkmaz:1:18388|Songül Duman:1:18272|Seda Kocabaş:1:15929|Sinan Şahin:2:33733|Pınar Demir:1:17101|Sevgi Kara:1:16866|Derya Korkmaz:1:18740|Sinan Doğan:1:16046|Seda Uçar:1:16398|Esra Bulut:1:16983|Hasan Yıldırım:2:32678|Emre Öztürk:3:48490,3039740,58,234281,2128,31,34.35872514477787,35.803511023374824,0|1,376899
Atak,23,2186,2017,2,1408,1145,263,5222,420,52,0,0,192,3984535,2580208,1382543,539868,118748,93411,112980,0,4442,513094,9241444,-13529500,1207066,21563878,21563878,1265706,485490015,138178,0,5596628,11123834,0,5.0,1.0,2.0,1.0,1.0,704.5373376785714,763.4090910000001,453.7224026071429,451.2207790714286,704.8603895,1.667464,25.541394535714286,0.9,0.9,1.2237500000000001,0.7945446428571429,1,0:1.0500|1:0.9300|2:1.0300|3:0.9400|4:0.9500|5:1.1000|6:0.8200|,Ufuk Yıldırım:6:26587|Nazlı Koç:4:67464|Tuncay Yılmaz:1:18272|Mehmet Korkmaz:1:18388|Songül Duman:1:18272|Seda Kocabaş:1:15929|Sinan Şahin:2:33733|Pınar Demir:1:17101|Sevgi Kara:1:16866|Derya Korkmaz:1:18740|Sinan Doğan:1:16046|Seda Uçar:1:16398|Esra Bulut:1:16983|Hasan Yıldırım:2:32678|Emre Öztürk:3:48490|Osman Kaya:1:17803|Arzu Duman:1:16046,2658198,63,234281,2159,28,34.69772507958896,35.59994930827313,1,278813
Atak,23,2217,2017,3,1721,1408,313,7286,341,114,0,2,238,4799801,3164540,1615429,597711,131471,104381,114793,0,4527,662546,47328230,27968037,5758,19354435,19354435,1542846,464640137,138178,0,5620056,12889738,0,5.0,1.0,2.0,1.0,1.0,697.2800584838709,770.681818,457.9046920645161,456.26099712903226,702.8782992903225,1.683171,29.198684483870966,0.9,0.9,1.1991666774193548,0.8,1,0:1.0500|1:0.9100|2:1.0300|3:0.9200|4:0.9300|5:1.1000|6:0.8200|,Ufuk Yıldırım:6:26587|Nazlı Koç:4:67464|Tuncay Yılmaz:1:18272|Mehmet Korkmaz:1:18388|Songül Duman:1:18272|Seda Kocabaş:1:15929|Sinan Şahin:2:33733|Pınar Demir:1:17101|Sevgi Kara:1:16866|Derya Korkmaz:1:18740|Sinan Doğan:1:16046|Seda Uçar:1:16398|Esra Bulut:1:16983|Hasan Yıldırım:2:32678|Emre Öztürk:3:48490|Osman Kaya:1:17803|Arzu Duman:1:16046,3108510,67,234281,2187,31,33.6561661618888,34.32987413118339,1,428265
Atak,23,2247,2017,4,1616,1311,305,6358,400,46,0,2,216,4440414,2882986,1529552,578430,127230,102065,112260,0,3396,606171,69766734,34872599,1157641,33736494,26687147,1257964,476625600,138178,0,5643484,12473940,0,5.0,1.0,2.0,1.0,1.0,708.3030306666666,778.863636,453.3090909333333,454.4136364,716.8606062,1.700734,28.4634111,0.9,0.9,1.1737499999999998,0.8,1,0:1.0500|1:0.9200|2:1.0300|3:0.9300|4:0.9400|5:1.1000|6:0.8200|,Ufuk Yıldırım:6:26587|Nazlı Koç:4:67464|Tuncay Yılmaz:1:18272|Mehmet Korkmaz:1:18388|Songül Duman:1:18272|Seda Kocabaş:1:15929|Sinan Şahin:2:33733|Pınar Demir:1:17101|Sevgi Kara:1:16866|Derya Korkmaz:1:18740|Sinan Doğan:1:16046|Seda Uçar:1:16398|Esra Bulut:1:16983|Hasan Yıldırım:2:32678|Emre Öztürk:3:48490|Osman Kaya:1:17803|Arzu Duman:1:16046,2957692,67,234281,2218,30,34.446157497927,36.000684550696995,1,371890
Atak,23,2278,2017,5,1683,1330,353,6420,450,82,0,0,244,4504033,2866007,1613444,597711,131471,106552,117149,0,2674,657887,78480936,47252297,1141750,30086889,37136236,1323166,511725759,138178,0,5666912,12889738,0,5.0,1.0,2.0,1.0,1.0,720.3152493225806,785.681818,452.4017594516129,453.1715543225806,721.8753666451613,1.717904,27.614202129032257,0.9,0.9,1.1483333225806451,0.8,1,0:1.0500|1:0.9300|2:1.0300|3:0.9400|4:0.9500|5:1.1000|6:0.8200|,Ufuk Yıldırım:6:26587|Nazlı Koç:4:67464|Tuncay Yılmaz:1:18272|Mehmet Korkmaz:1:18388|Songül Duman:1:18272|Seda Kocabaş:1:15929|Sinan Şahin:2:33733|Pınar Demir:1:17101|Sevgi Kara:1:16866|Derya Korkmaz:1:18740|Sinan Doğan:1:16046|Seda Uçar:1:16398|Esra Bulut:1:16983|Hasan Yıldırım:2:32678|Emre Öztürk:3:48490|Osman Kaya:1:17803|Arzu Duman:1:16046,2882298,67,234281,2248,31,35.82220645363833,37.19392170621496,1,423606
Atak,23,2308,2017,6,1597,1302,295,6100,418,76,0,3,207,4010348,2497422,1491826,578430,127230,104195,131760,0,3140,547071,70366898,38920018,1125575,30321305,30321305,1118826,544582795,147931,0,5691993,12503644,0,5.0,1.0,2.0,1.0,1.0,728.4469695333333,794.545455,455.4909090333333,454.4045455,730.7318183,1.735829,26.327721333333333,0.9,0.9,1.1229166666666666,0.8,1,0:1.0500|1:0.9300|2:1.0300|3:0.9400|4:0.9500|5:1.1000|6:0.8200|,Ufuk Yıldırım:6:26587|Nazlı Koç:4:67464|Tuncay Yılmaz:1:18272|Mehmet Korkmaz:1:18388|Songül Duman:1:18272|Seda Kocabaş:1:15929|Sinan Şahin:2:33733|Pınar Demir:1:17101|Sevgi Kara:1:16866|Derya Korkmaz:1:18740|Sinan Doğan:1:16046|Seda Uçar:1:16398|Esra Bulut:1:16983|Hasan Yıldırım:2:32678|Emre Öztürk:3:48490|Osman Kaya:1:17803|Arzu Duman:1:16046,2491746,67,250819,2279,30,37.199415113102404,37.47095834235737,1,296252
Atak,23,2339,2017,7,1617,1329,288,6578,375,73,0,0,199,4294031,2651010,1622351,624711,137764,108753,137516,0,7913,605694,49512805,16700346,1109110,31703349,31703349,1112328,536894730,147931,0,5717074,13810562,0,5.0,1.0,2.0,1.0,1.0,738.3651025483872,802.272727,454.3255131612903,454.46187683870966,739.4853370322581,1.753354,26.182995258064516,0.9,0.9,1.0975,0.8,1,0:1.0500|1:0.9300|2:1.0300|3:0.9400|4:0.9500|5:1.1000|6:0.8200|,Ufuk Yıldırım:6:28487|Nazlı Koç:4:72284|Tuncay Yılmaz:1:19577|Mehmet Korkmaz:1:19703|Songül Duman:1:19577|Seda Kocabaş:1:17067|Sinan Şahin:2:36142|Pınar Demir:1:18322|Sevgi Kara:1:18071|Derya Korkmaz:1:20079|Sinan Doğan:1:17193|Seda Uçar:1:17569|Esra Bulut:1:18196|Hasan Yıldırım:2:35013|Emre Öztürk:3:51955|Osman Kaya:1:19074|Arzu Duman:1:17193,2690568,68,250819,2309,31,37.78153907132948,38.46871803756231,1,354875
Atak,23,2370,2017,8,1609,1305,304,6479,423,47,0,0,230,4541111,2820170,1700713,625611,137764,109870,138942,0,7467,681059,62698640,32410440,1092351,29195849,29195849,1218154,576394041,147931,0,5742155,15537734,0,5.0,1.0,2.0,1.0,1.0,746.3269794193549,810.681818,469.33577712903224,464.4868034193548,749.0483870967741,1.7716490000000003,25.689967806451612,0.9,0.9,1.0716666774193546,0.8,1,0:1.0500|1:0.9300|2:1.0300|3:0.9400|4:0.9500|5:1.1000|6:0.8200|,Ufuk Yıldırım:6:28487|Nazlı Koç:4:72284|Tuncay Yılmaz:1:19577|Mehmet Korkmaz:1:19703|Songül Duman:1:19577|Seda Kocabaş:1:17067|Sinan Şahin:2:36142|Pınar Demir:1:18322|Sevgi Kara:1:18071|Derya Korkmaz:1:20079|Sinan Doğan:1:17193|Seda Uçar:1:17569|Esra Bulut:1:18196|Hasan Yıldırım:2:35013|Emre Öztürk:3:51955|Osman Kaya:1:19074|Arzu Duman:1:17193|Özlem Güneş:1:18071|Nazlı Karaca:2:34008|Songül Çelik:1:18573|Tolga Kurt:2:35013|Onur Arslan:3:52707,2664020,68,250819,2340,31,37.45147387940968,37.113920564123625,1,430240
Atak,23,2400,2017,9,1533,1224,309,5801,388,60,0,0,211,4515587,2821347,1650787,605430,133320,107436,118140,0,3226,683235,82655397,51780654,2418,30872325,30872325,1339640,581978516,147931,0,5767236,18634650,0,5.0,1.0,2.0,1.0,1.0,743.401515,819.545455,461.0015151,463.0727273,753.0272727666667,1.790134,26.464066600000002,0.9,0.9,1.04625,0.8,1,0:1.0500|1:0.9300|2:1.0300|3:0.9400|4:0.9500|5:1.1000|6:0.8200|,Ufuk Yıldırım:6:28487|Nazlı Koç:4:72284|Tuncay Yılmaz:1:19577|Mehmet Korkmaz:1:19703|Songül Duman:1:19577|Seda Kocabaş:1:17067|Sinan Şahin:2:36142|Pınar Demir:1:18322|Sevgi Kara:1:18071|Derya Korkmaz:1:20079|Sinan Doğan:1:17193|Seda Uçar:1:17569|Esra Bulut:1:18196|Hasan Yıldırım:2:35013|Emre Öztürk:3:51955|Osman Kaya:1:19074|Arzu Duman:1:17193|Özlem Güneş:1:18071|Nazlı Karaca:2:34008|Songül Çelik:1:18573|Tolga Kurt:2:35013|Onur Arslan:3:52707|Nazlı Güneş:1:19201,2854208,68,250819,2371,30,36.557528401069455,37.98754699874401,1,432416
Atak,23,2431,2017,10,1510,1145,365,5027,578,46,0,0,218,4129051,2568226,1536029,625611,137764,112134,123318,0,1918,535284,67540362,26185461,2177146,39177755,39177755,1258406,588534530,147931,0,5792317,19315325,0,5.0,1.0,2.0,1.0,1.0,762.5513191935485,827.727273,476.58504403225805,471.92522006451617,766.2712612258065,1.808208,24.27510780645161,0.9,0.9,1.0208333225806452,0.8,1,0:1.0500|1:0.9300|2:1.0300|3:0.9400|4:0.9500|5:1.1000|6:0.8200|,Ufuk Yıldırım:6:28487|Nazlı Koç:4:72284|Tuncay Yılmaz:1:19577|Mehmet Korkmaz:1:19703|Songül Duman:1:19577|Seda Kocabaş:1:17067|Sinan Şahin:2:36142|Pınar Demir:1:18322|Sevgi Kara:1:18071|Derya Korkmaz:1:20079|Sinan Doğan:1:17193|Seda Uçar:1:17569|Esra Bulut:1:18196|Hasan Yıldırım:2:35013|Emre Öztürk:3:51955|Osman Kaya:1:19074|Arzu Duman:1:17193|Özlem Güneş:1:18071|Nazlı Karaca:2:34008|Songül Çelik:1:18573|Tolga Kurt:2:35013|Onur Arslan:3:52707|Nazlı Güneş:1:19201,2658396,70,250819,2401,31,37.20053348820346,37.50124981276274,1,284465
Atak,23,2461,2017,11,1447,1175,272,5757,397,84,0,0,179,4544575,2838855,1677210,605430,133320,109657,120600,0,2965,705238,62822478,30198564,1065541,31558373,31558373,1348416,610545587,147931,0,5817398,18692250,0,5.0,1.0,2.0,1.0,1.0,765.7954541666667,836.136364,476.3060604666667,475.29090906666664,772.3666666666667,1.827075,25.212248833333334,0.9,0.9,1.00125,0.8,1,0:1.0500|1:0.9300|2:1.0300|3:0.9400|4:0.9500|5:1.1000|6:0.8200|,Ufuk Yıldırım:6:28487|Nazlı Koç:4:72284|Tuncay Yılmaz:1:19577|Mehmet Korkmaz:1:19703|Songül Duman:1:19577|Seda Kocabaş:1:17067|Sinan Şahin:2:36142|Pınar Demir:1:18322|Sevgi Kara:1:18071|Derya Korkmaz:1:20079|Sinan Doğan:1:17193|Seda Uçar:1:17569|Esra Bulut:1:18196|Hasan Yıldırım:2:35013|Emre Öztürk:3:51955|Osman Kaya:1:19074|Arzu Duman:1:17193|Özlem Güneş:1:18071|Nazlı Karaca:2:34008|Songül Çelik:1:18573|Tolga Kurt:2:35013|Onur Arslan:3:52707|Nazlı Güneş:1:19201,2845068,72,250819,2432,30,36.90576126480474,37.80244347559106,1,454419
Atak,23,2492,2017,12,1533,1197,336,5629,430,66,0,0,228,4703290,2858721,1817713,625611,137764,114460,138446,0,5895,795537,116010790,69622507,1049819,45338464,35620482,1319280,638097753,156060,0,5843858,19353364,0,5.0,1.0,2.0,1.0,1.0,779.2082112903225,845.227273,474.6920823870968,474.910557,781.7624636129033,1.845521,24.03183670967742,0.9580645161290322,0.9580645161290322,1.0,0.8329032258064516,none,0:1.0500|1:0.9300|2:1.0300|3:0.9400|4:0.9500|5:1.1000|6:0.8200|,Ufuk Yıldırım:6:28487|Nazlı Koç:4:72284|Tuncay Yılmaz:1:19577|Mehmet Korkmaz:1:19703|Songül Duman:1:19577|Seda Kocabaş:1:17067|Sinan Şahin:2:36142|Pınar Demir:1:18322|Sevgi Kara:1:18071|Derya Korkmaz:1:20079|Sinan Doğan:1:17193|Seda Uçar:1:17569|Esra Bulut:1:18196|Hasan Yıldırım:2:35013|Emre Öztürk:3:51955|Osman Kaya:1:19074|Arzu Duman:1:17193|Özlem Güneş:1:18071|Nazlı Karaca:2:34008|Songül Çelik:1:18573|Tolga Kurt:2:35013|Onur Arslan:3:52707|Nazlı Güneş:1:19201,2835772,72,264600,2462,31,38.6476912969432,39.08020019436976,1|none,530937
Atak,23,2523,2018,1,1609,1323,286,6123,266,112,0,0,224,5541824,3453974,2061190,619711,136594,115663,139903,0,50205,999114,51647721,20575712,1034447,30037562,39755544,1593168,653182539,156060,0,5870318,20494534,0,4.709677419354839,1.0,2.0,0.7096774193548387,1.0,782.5733140967742,854.090909,487.045455,483.66568916129035,789.478005967742,1.864777,25.186851612903226,1.0,1.0,1.0,0.983225806451613,none,0:1.0500|1:0.9300|2:1.0300|3:0.9400|4:0.9500|5:1.1000|6:0.8200|,Ufuk Yıldırım:6:30226|Nazlı Koç:4:76697|Tuncay Yılmaz:1:20772|Mehmet Korkmaz:1:20905|Songül Duman:1:20772|Seda Kocabaş:1:18109|Sinan Şahin:2:38349|Pınar Demir:1:19441|Sevgi Kara:1:19174|Derya Korkmaz:1:21305|Sinan Doğan:1:18243|Seda Uçar:1:18642|Esra Bulut:1:19307|Hasan Yıldırım:2:37151|Emre Öztürk:3:55126|Osman Kaya:1:20239|Arzu Duman:1:18243|Özlem Güneş:1:19174|Nazlı Karaca:2:36085|Songül Çelik:1:19707|Tolga Kurt:2:37151|Onur Arslan:3:55925|Nazlı Güneş:1:20373,3573676,72,264600,2493,31,37.193350059475,37.76360039031803,none,734514
Atak,23,2551,2018,2,1630,1337,293,6700,244,129,0,2,252,5866118,3576158,2266229,660268,145852,105394,127484,0,10966,1216265,47750392,14570920,7381,33172091,33172091,1900652,670158797,156060,0,5896778,18511192,0,5.0,1.0,2.0,1.0,1.0,793.6444803214287,861.363636,480.227273,482.04383114285713,793.8149350357143,1.8813790000000001,26.19220139285714,1.0,1.0,1.0,1.0,2,0:1.0500|1:0.9300|2:1.0300|3:0.9400|4:0.9500|5:1.1000|6:0.8200|,Ufuk Yıldırım:6:30226|Nazlı Koç:4:76697|Tuncay Yılmaz:1:20772|Mehmet Korkmaz:1:20905|Songül Duman:1:20772|Seda Kocabaş:1:18109|Sinan Şahin:2:38349|Pınar Demir:1:19441|Sevgi Kara:1:19174|Derya Korkmaz:1:21305|Sinan Doğan:1:18243|Seda Uçar:1:18642|Esra Bulut:1:19307|Hasan Yıldırım:2:37151|Emre Öztürk:3:55126|Osman Kaya:1:20239|Arzu Duman:1:18243|Özlem Güneş:1:19174|Nazlı Karaca:2:36085|Songül Çelik:1:19707|Tolga Kurt:2:37151|Onur Arslan:3:55925|Nazlı Güneş:1:20373,3514558,74,264600,2524,28,38.63251642738861,39.490882264372786,none|2,951665
Atak,23,2582,2018,3,1268,1038,230,5341,209,40,0,0,197,4689615,2853114,1811585,731011,161479,117617,129332,0,18201,653945,47731750,12708881,1045993,33976876,33976876,1144620,677935318,156060,0,5923238,21012232,0,5.0,1.0,2.0,1.0,1.0,802.5293253870967,867.954545,486.409091,484.78738996774194,803.6935486451613,1.896501,25.761301741935487,1.0,1.0,1.0,1.0,2,0:1.0500|1:0.9300|2:1.0300|3:0.9400|4:0.9500|5:1.1000|6:0.8200|,Ufuk Yıldırım:6:30226|Nazlı Koç:4:76697|Tuncay Yılmaz:1:20772|Mehmet Korkmaz:1:20905|Songül Duman:1:20772|Seda Kocabaş:1:18109|Sinan Şahin:2:38349|Pınar Demir:1:19441|Sevgi Kara:1:19174|Derya Korkmaz:1:21305|Sinan Doğan:1:18243|Seda Uçar:1:18642|Esra Bulut:1:19307|Hasan Yıldırım:2:37151|Emre Öztürk:3:55126|Osman Kaya:1:20239|Arzu Duman:1:18243|Özlem Güneş:1:19174|Nazlı Karaca:2:36085|Songül Çelik:1:19707|Tolga Kurt:2:37151|Onur Arslan:3:55925|Nazlı Güneş:1:20373|Murat Kara:1:19174,2969718,75,264600,2552,31,38.62971693838407,39.39049009014311,2,389345
Atak,23,2612,2018,4,1146,919,227,4663,195,17,0,0,194,4002632,2460465,1516824,707430,156270,114843,126270,0,17460,394551,28940091,-7091305,1031581,34999815,34999815,1041954,638314567,156060,0,5949698,21231540,0,5.0,1.0,2.0,1.0,1.0,801.3484847333333,875.6818179999999,493.045455,490.0984848,809.6651514333333,1.9133850000000001,26.741081633333334,1.0,1.0,1.0,1.0,2,0:1.0500|1:0.9300|2:1.0300|3:0.9400|4:0.9500|5:1.1000|6:0.8200|,Ufuk Yıldırım:6:30226|Nazlı Koç:4:76697|Tuncay Yılmaz:1:20772|Mehmet Korkmaz:1:20905|Songül Duman:1:20772|Seda Kocabaş:1:18109|Sinan Şahin:2:38349|Pınar Demir:1:19441|Sevgi Kara:1:19174|Derya Korkmaz:1:21305|Sinan Doğan:1:18243|Seda Uçar:1:18642|Esra Bulut:1:19307|Hasan Yıldırım:2:37151|Emre Öztürk:3:55126|Osman Kaya:1:20239|Arzu Duman:1:18243|Özlem Güneş:1:19174|Nazlı Karaca:2:36085|Songül Çelik:1:19707|Tolga Kurt:2:37151|Onur Arslan:3:55925|Nazlı Güneş:1:20373|Murat Kara:1:19174|Gamze Soylu:1:17310|Yasemin Duman:2:37550,2383242,77,264600,2583,30,37.89566465265855,38.4730283524437,2,129951
Atak,23,2643,2018,5,1317,1068,249,5727,186,40,0,0,218,4740982,2917253,1800599,731011,161479,119694,131626,0,16927,639862,73241229,41241335,1016910,30982984,30982984,1231410,650336577,156060,0,5976158,22789588,0,5.0,1.0,2.0,1.0,1.0,807.4999998387098,883.409091,491.954545,491.3724338709677,813.829912,1.929868,27.43318929032258,1.0,1.0,1.0,1.0,2,0:1.0500|1:0.9300|2:1.0300|3:0.9400|4:0.9500|5:1.1000|6:0.8200|,Ufuk Yıldırım:6:30226|Nazlı Koç:4:76697|Tuncay Yılmaz:1:20772|Mehmet Korkmaz:1:20905|Songül Duman:1:20772|Seda Kocabaş:1:18109|Sinan Şahin:2:38349|Pınar Demir:1:19441|Sevgi Kara:1:19174|Derya Korkmaz:1:21305|Sinan Doğan:1:18243|Seda Uçar:1:18642|Esra Bulut:1:19307|Hasan Yıldırım:2:37151|Emre Öztürk:3:55126|Osman Kaya:1:20239|Arzu Duman:1:18243|Özlem Güneş:1:19174|Nazlı Karaca:2:36085|Songül Çelik:1:19707|Tolga Kurt:2:37151|Onur Arslan:3:55925|Nazlı Güneş:1:20373|Murat Kara:1:19174|Gamze Soylu:1:17310|Yasemin Duman:2:37550,2866150,76,264600,2613,31,37.979452358182336,39.07683652033894,2,375262
Atak,23,2673,2018,6,1334,1082,252,5549,198,46,0,0,226,4411022,2707812,1672492,707430,156270,116854,147780,0,18416,525742,76307893,40246745,1001979,35059169,35059169,1120628,682705257,165814,0,6004272,22099888,0,5.0,1.0,2.0,1.0,1.0,822.4166667333334,890.909091,511.227273,505.23333333333335,825.1333336,1.94705,25.428337666666668,1.0,1.0,1.0,1.0,2,0:1.0500|1:0.9300|2:1.0300|3:0.9400|4:0.9500|5:1.1000|6:0.8200|,Ufuk Yıldırım:6:30226|Nazlı Koç:4:76697|Tuncay Yılmaz:1:20772|Mehmet Korkmaz:1:20905|Songül Duman:1:20772|Seda Kocabaş:1:18109|Sinan Şahin:2:38349|Pınar Demir:1:19441|Sevgi Kara:1:19174|Derya Korkmaz:1:21305|Sinan Doğan:1:18243|Seda Uçar:1:18642|Esra Bulut:1:19307|Hasan Yıldırım:2:37151|Emre Öztürk:3:55126|Osman Kaya:1:20239|Arzu Duman:1:18243|Özlem Güneş:1:19174|Nazlı Karaca:2:36085|Songül Çelik:1:19707|Tolga Kurt:2:37151|Onur Arslan:3:55925|Nazlı Güneş:1:20373|Murat Kara:1:19174|Gamze Soylu:1:17310|Yasemin Duman:2:37550,2771962,76,281137,2644,30,37.91620173284105,37.8384104214945,2,244605
Atak,23,2704,2018,7,1390,1163,227,5854,186,31,0,0,201,4695445,2910972,1762138,758011,167741,121803,154008,0,16022,544553,-3037012,-41251865,986782,37228071,37228071,1320006,711595232,165814,0,6032386,24198476,0,5.0,1.0,2.0,1.0,1.0,826.3856304193548,898.409091,509.954545,509.43108493548385,831.0058652258064,1.963822,25.468102129032257,1.0,1.0,1.0,1.0,2,0:1.0500|1:0.9300|2:1.0300|3:0.9400|4:0.9500|5:1.1000|6:0.8200|,Ufuk Yıldırım:6:32095|Nazlı Koç:4:81439|Tuncay Yılmaz:1:22056|Mehmet Korkmaz:1:22198|Songül Duman:1:22056|Seda Kocabaş:1:19229|Sinan Şahin:2:40719|Pınar Demir:1:20642|Sevgi Kara:1:20359|Derya Korkmaz:1:22622|Sinan Doğan:1:19370|Seda Uçar:1:19794|Esra Bulut:1:20502|Hasan Yıldırım:2:39447|Emre Öztürk:3:58534|Osman Kaya:1:21490|Arzu Duman:1:19370|Özlem Güneş:1:20359|Nazlı Karaca:2:38316|Songül Çelik:1:20925|Tolga Kurt:2:39447|Onur Arslan:3:59382|Nazlı Güneş:1:21632|Murat Kara:1:20359|Gamze Soylu:1:18380|Yasemin Duman:2:39871,2980086,76,281137,2674,31,37.52866874172736,38.29097140263436,2,263416
Atak,23,2735,2018,8,1337,1101,236,5573,186,41,0,0,194,4430061,2710617,1706226,758911,167741,122888,155403,0,17733,483550,54571243,18361557,971314,35238372,35238372,1278904,763162435,165814,0,6060500,24198476,0,5.0,1.0,2.0,1.0,1.0,830.5938413225807,907.045455,507.363636,508.20821106451615,837.3343109677419,1.9813059999999998,25.223495193548388,1.0,1.0,1.0,1.0,2,0:1.0500|1:0.9300|2:1.0300|3:0.9400|4:0.9500|5:1.1000|6:0.8200|,Ufuk Yıldırım:6:32095|Nazlı Koç:4:81439|Tuncay Yılmaz:1:22056|Mehmet Korkmaz:1:22198|Songül Duman:1:22056|Seda Kocabaş:1:19229|Sinan Şahin:2:40719|Pınar Demir:1:20642|Sevgi Kara:1:20359|Derya Korkmaz:1:22622|Sinan Doğan:1:19370|Seda Uçar:1:19794|Esra Bulut:1:20502|Hasan Yıldırım:2:39447|Emre Öztürk:3:58534|Osman Kaya:1:21490|Arzu Duman:1:19370|Özlem Güneş:1:20359|Nazlı Karaca:2:38316|Songül Çelik:1:20925|Tolga Kurt:2:39447|Onur Arslan:3:59382|Nazlı Güneş:1:21632|Murat Kara:1:20359|Gamze Soylu:1:18380|Yasemin Duman:2:39871,2710398,76,281137,2705,31,38.51472925542109,38.91555526199076,2,202413
Atak,23,2765,2018,9,1364,1095,269,5185,284,37,0,0,218,4765037,2938742,1796179,734430,162330,119974,131940,0,13280,634225,56248341,16563296,3246,39681799,31548078,1400244,707955900,165814,0,6088614,23417880,0,5.0,1.0,2.0,1.0,1.0,846.6060607666666,915.454545,521.272727,516.9515151,845.3227273666666,1.998945,24.6931828,1.0,1.0,1.0,1.0,2,0:1.0500|1:0.9300|2:1.0300|3:0.9400|4:0.9500|5:1.1000|6:0.8200|,Ufuk Yıldırım:6:32095|Nazlı Koç:4:81439|Tuncay Yılmaz:1:22056|Mehmet Korkmaz:1:22198|Songül Duman:1:22056|Seda Kocabaş:1:19229|Sinan Şahin:2:40719|Pınar Demir:1:20642|Sevgi Kara:1:20359|Derya Korkmaz:1:22622|Sinan Doğan:1:19370|Seda Uçar:1:19794|Esra Bulut:1:20502|Hasan Yıldırım:2:39447|Emre Öztürk:3:58534|Osman Kaya:1:21490|Arzu Duman:1:19370|Özlem Güneş:1:20359|Nazlı Karaca:2:38316|Songül Çelik:1:20925|Tolga Kurt:2:39447|Onur Arslan:3:59382|Nazlı Güneş:1:21632|Murat Kara:1:20359|Gamze Soylu:1:18380|Yasemin Duman:2:39871,2982480,84,281137,2736,30,37.694964383277615,38.42794764214803,2,353088
Atak,23,2796,2018,10,1374,1098,276,5520,232,61,0,0,226,4996002,3097127,1877227,758911,167741,125028,137516,0,14036,673995,65873140,30303171,973987,34595982,42729703,1391812,716944311,165814,0,6116728,24198476,0,5.0,1.0,2.0,1.0,1.0,845.4838713225806,922.954545,519.363636,519.2859237419354,850.8958944193548,2.016165,25.263885483870965,1.0,1.0,1.0,1.0,2,0:1.0500|1:0.9300|2:1.0300|3:0.9400|4:0.9500|5:1.1000|6:0.8200|,Ufuk Yıldırım:6:32095|Nazlı Koç:4:81439|Tuncay Yılmaz:1:22056|Mehmet Korkmaz:1:22198|Songül Duman:1:22056|Seda Kocabaş:1:19229|Sinan Şahin:2:40719|Pınar Demir:1:20642|Sevgi Kara:1:20359|Derya Korkmaz:1:22622|Sinan Doğan:1:19370|Seda Uçar:1:19794|Esra Bulut:1:20502|Hasan Yıldırım:2:39447|Emre Öztürk:3:58534|Osman Kaya:1:21490|Arzu Duman:1:19370|Özlem Güneş:1:20359|Nazlı Karaca:2:38316|Songül Çelik:1:20925|Tolga Kurt:2:39447|Onur Arslan:3:59382|Nazlı Güneş:1:21632|Murat Kara:1:20359|Gamze Soylu:1:18380|Yasemin Duman:2:39871,3111242,84,281137,2766,31,37.57458463787645,38.57202323829483,2,392858
Atak,23,2826,2018,11,1291,1041,250,5508,153,60,0,0,211,4639320,2857112,1759152,734430,162330,122075,134250,0,13330,592737,37339418,4295072,960410,32083936,32083936,1320138,707794659,165814,0,6144842,23417880,0,5.0,1.0,2.0,1.0,1.0,846.3863637666667,931.8181820000001,521.0,519.9954544333334,857.3560605333333,2.034115,27.8585751,1.0,1.0,1.0,1.0,2,0:1.0500|1:0.9300|2:1.0300|3:0.9400|4:0.9500|5:1.1000|6:0.8200|,Ufuk Yıldırım:6:32095|Nazlı Koç:4:81439|Tuncay Yılmaz:1:22056|Mehmet Korkmaz:1:22198|Songül Duman:1:22056|Seda Kocabaş:1:19229|Sinan Şahin:2:40719|Pınar Demir:1:20642|Sevgi Kara:1:20359|Derya Korkmaz:1:22622|Sinan Doğan:1:19370|Seda Uçar:1:19794|Esra Bulut:1:20502|Hasan Yıldırım:2:39447|Emre Öztürk:3:58534|Osman Kaya:1:21490|Arzu Duman:1:19370|Özlem Güneş:1:20359|Nazlı Karaca:2:38316|Songül Çelik:1:20925|Tolga Kurt:2:39447|Onur Arslan:3:59382|Nazlı Güneş:1:21632|Murat Kara:1:20359|Gamze Soylu:1:18380|Yasemin Duman:2:39871,2879892,85,281137,2797,30,37.91831561521947,38.44418786694557,2,311600
Atak,23,2857,2018,12,1117,905,212,4642,203,32,0,0,174,4546872,2776291,1747123,758911,167741,127230,153915,0,14675,524651,46058495,9509450,946592,35602453,35602453,1269942,685672344,180444,0,6175436,24268035,0,5.0,1.0,2.0,1.0,1.0,868.4677421290322,939.318182,533.409091,528.8900292580646,869.2478003548388,2.051637,25.825407612903224,1.0,1.0,1.0,1.0,2,0:1.0500|1:0.9300|2:1.0300|3:0.9400|4:0.9500|5:1.1000|6:0.8200|,Ufuk Yıldırım:6:32095|Nazlı Koç:4:81439|Tuncay Yılmaz:1:22056|Mehmet Korkmaz:1:22198|Songül Duman:1:22056|Seda Kocabaş:1:19229|Sinan Şahin:2:40719|Pınar Demir:1:20642|Sevgi Kara:1:20359|Derya Korkmaz:1:22622|Sinan Doğan:1:19370|Seda Uçar:1:19794|Esra Bulut:1:20502|Hasan Yıldırım:2:39447|Emre Öztürk:3:58534|Osman Kaya:1:21490|Arzu Duman:1:19370|Özlem Güneş:1:20359|Nazlı Karaca:2:38316|Songül Çelik:1:20925|Tolga Kurt:2:39447|Onur Arslan:3:59382|Nazlı Güneş:1:21632|Murat Kara:1:20359|Gamze Soylu:1:18380|Yasemin Duman:2:39871,2782710,86,305944,2827,31,38.424723634181916,38.58043711648314,2,218707
Atak,23,2888,2019,1,1188,942,246,4864,220,25,0,0,210,4985912,3079048,1882141,799411,177165,128395,155279,0,15740,606151,35226050,2990698,932528,31302824,31302824,1264596,693297055,180444,0,6206030,26354805,0,5.0,1.0,2.0,1.0,1.0,869.1495601935484,947.272727,532.409091,531.6539591612902,873.9002932580646,2.069903,23.75514206451613,1.0,1.0,1.0,1.0,2,0:1.0500|1:0.9300|2:1.0300|3:0.9400|4:0.9500|5:1.1000|6:0.8200|,Ufuk Yıldırım:6:34955|Nazlı Koç:4:88696|Tuncay Yılmaz:1:24022|Mehmet Korkmaz:1:24175|Songül Duman:1:24022|Seda Kocabaş:1:20943|Sinan Şahin:2:44347|Pınar Demir:1:22482|Sevgi Kara:1:22174|Derya Korkmaz:1:24637|Sinan Doğan:1:21096|Seda Uçar:1:21558|Esra Bulut:1:22328|Hasan Yıldırım:2:42962|Emre Öztürk:3:63750|Osman Kaya:1:23406|Arzu Duman:1:21096|Özlem Güneş:1:22174|Nazlı Karaca:2:41730|Songül Çelik:1:22790|Tolga Kurt:2:42962|Onur Arslan:3:64674|Nazlı Güneş:1:23560|Murat Kara:1:22174|Gamze Soylu:1:20018|Yasemin Duman:2:43424,2987452,85,305944,2858,31,37.7491820954722,38.743673657104615,2,300207
Atak,23,2916,2019,2,1076,850,226,4016,248,33,0,0,170,4344056,2693337,1629723,723268,160020,117511,142128,0,14355,472441,27899688,-3862157,918213,30843632,30843632,1241430,688844579,180444,0,6236624,23804340,0,5.0,1.0,2.0,1.0,1.0,887.1834411785715,959.7727270000001,549.136364,543.9805195357143,889.7159089642857,2.097689,22.480175535714288,1.0,1.0,1.0,1.0,2,0:1.0500|1:0.9300|2:1.0300|3:0.9400|4:0.9500|5:1.1000|6:0.8200|,Ufuk Yıldırım:6:34955|Nazlı Koç:4:88696|Tuncay Yılmaz:1:24022|Mehmet Korkmaz:1:24175|Songül Duman:1:24022|Seda Kocabaş:1:20943|Sinan Şahin:2:44347|Pınar Demir:1:22482|Sevgi Kara:1:22174|Derya Korkmaz:1:24637|Sinan Doğan:1:21096|Seda Uçar:1:21558|Esra Bulut:1:22328|Hasan Yıldırım:2:42962|Emre Öztürk:3:63750|Osman Kaya:1:23406|Arzu Duman:1:21096|Özlem Güneş:1:22174|Nazlı Karaca:2:41730|Songül Çelik:1:22790|Tolga Kurt:2:42962|Onur Arslan:3:64674|Nazlı Güneş:1:23560|Murat Kara:1:22174|Gamze Soylu:1:20018|Yasemin Duman:2:43424,2817474,85,305944,2889,28,37.516160012670184,38.103402463136106,2,166497
Atak,23,2947,2019,3,1116,910,206,4370,168,18,0,0,169,4170794,2622463,1529049,800761,177165,131683,144801,0,11979,262660,9642704,-26720701,0,36363405,29067094,1268988,658753130,180444,0,6267218,26354805,0,5.0,1.0,2.0,1.0,1.0,890.5718471935484,971.818182,556.409091,552.6290321935484,898.3958942580646,2.1231059999999995,23.82232258064516,1.0,1.0,1.0,1.0,2,0:1.0500|1:0.9300|2:1.0300|3:0.9400|4:0.9500|5:1.1000|6:0.8200|,Ufuk Yıldırım:6:34955|Nazlı Koç:4:88696|Tuncay Yılmaz:1:24022|Mehmet Korkmaz:1:24175|Songül Duman:1:24022|Seda Kocabaş:1:20943|Sinan Şahin:2:44347|Pınar Demir:1:22482|Sevgi Kara:1:22174|Derya Korkmaz:1:24637|Sinan Doğan:1:21096|Seda Uçar:1:21558|Esra Bulut:1:22328|Hasan Yıldırım:2:42962|Emre Öztürk:3:63750|Osman Kaya:1:23406|Arzu Duman:1:21096|Özlem Güneş:1:22174|Nazlı Karaca:2:41730|Songül Çelik:1:22790|Tolga Kurt:2:42962|Onur Arslan:3:64674|Nazlı Güneş:1:23560|Murat Kara:1:22174|Gamze Soylu:1:20018|Yasemin Duman:2:43424,2666676,85,305944,2917,31,36.66086121731258,37.52226810746294,2,-43284
Atak,23,2977,2019,4,923,738,185,3660,218,10,0,0,143,3691895,2230440,1443579,774930,171450,129146,142020,0,16057,209976,8541998,-21819521,1147540,29213979,36510290,735810,631632357,180444,0,6297812,25504650,0,5.0,1.0,2.0,1.0,1.0,917.0378784333334,984.3181820000001,543.227273,547.9272728333333,911.1742422666667,2.151607,21.654879833333332,1.0,1.0,1.0,1.0,2,0:1.0500|1:0.9300|2:1.0300|3:0.9400|4:0.9500|5:1.1000|6:0.8200|,Ufuk Yıldırım:6:34955|Nazlı Koç:4:88696|Tuncay Yılmaz:1:24022|Mehmet Korkmaz:1:24175|Songül Duman:1:24022|Seda Kocabaş:1:20943|Sinan Şahin:2:44347|Pınar Demir:1:22482|Sevgi Kara:1:22174|Derya Korkmaz:1:24637|Sinan Doğan:1:21096|Seda Uçar:1:21558|Esra Bulut:1:22328|Hasan Yıldırım:2:42962|Emre Öztürk:3:63750|Osman Kaya:1:23406|Arzu Duman:1:21096|Özlem Güneş:1:22174|Nazlı Karaca:2:41730|Songül Çelik:1:22790|Tolga Kurt:2:42962|Onur Arslan:3:64674|Nazlı Güneş:1:23560|Murat Kara:1:22174|Gamze Soylu:1:20018|Yasemin Duman:2:43424,1688782,80,305944,2948,30,39.10130163506817,40.76283152795728,2,-95968
Atak,23,3008,2019,5,1351,1072,279,5428,246,46,0,0,218,5113701,3101510,1984423,800761,177165,135188,148645,554,14203,708461,100634755,68261304,1133200,31240251,31240251,1433112,659307020,180444,0,6328406,26354805,0,5.0,1.0,2.0,1.0,1.0,915.095307967742,997.727273,553.181818,550.5439884193548,921.6319647096775,2.179552,23.302972548387096,1.0,1.0,1.0,1.0,2,0:1.0500|1:0.9300|2:1.0300|3:0.9400|4:0.9500|5:1.1000|6:0.8200|,Ufuk Yıldırım:6:34955|Nazlı Koç:4:88696|Tuncay Yılmaz:1:24022|Mehmet Korkmaz:1:24175|Songül Duman:1:24022|Seda Kocabaş:1:20943|Sinan Şahin:2:44347|Pınar Demir:1:22482|Sevgi Kara:1:22174|Derya Korkmaz:1:24637|Sinan Doğan:1:21096|Seda Uçar:1:21558|Esra Bulut:1:22328|Hasan Yıldırım:2:42962|Emre Öztürk:3:63750|Osman Kaya:1:23406|Arzu Duman:1:21096|Özlem Güneş:1:22174|Nazlı Karaca:2:41730|Songül Çelik:1:22790|Tolga Kurt:2:42962|Onur Arslan:3:64674|Nazlı Güneş:1:23560|Murat Kara:1:22174|Gamze Soylu:1:20018|Yasemin Duman:2:43424,3020364,80,305944,2978,31,38.806003714335276,39.549267362269084,2,402517
Atak,23,3038,2019,6,1366,1081,285,5284,299,46,0,0,223,4691977,2829211,1834252,774930,171450,132597,167640,0,12560,575075,99974750,50368527,1118547,48487676,38743554,1122952,701510454,196700,0,6361756,25581492,0,5.0,1.0,2.0,1.0,1.0,937.5984851999999,1010.6818179999999,570.772727,565.3651515,935.3409091666667,2.20881,21.8429188,1.0,1.0,1.0,1.0,none,0:1.0500|1:0.9300|2:1.0300|3:0.9400|4:0.9500|5:1.1000|6:0.8200|,Ufuk Yıldırım:6:34955|Nazlı Koç:4:88696|Tuncay Yılmaz:1:24022|Mehmet Korkmaz:1:24175|Songül Duman:1:24022|Seda Kocabaş:1:20943|Sinan Şahin:2:44347|Pınar Demir:1:22482|Sevgi Kara:1:22174|Derya Korkmaz:1:24637|Sinan Doğan:1:21096|Seda Uçar:1:21558|Esra Bulut:1:22328|Hasan Yıldırım:2:42962|Emre Öztürk:3:63750|Osman Kaya:1:23406|Arzu Duman:1:21096|Özlem Güneş:1:22174|Nazlı Karaca:2:41730|Songül Çelik:1:22790|Tolga Kurt:2:42962|Onur Arslan:3:64674|Nazlı Güneş:1:23560|Murat Kara:1:22174|Gamze Soylu:1:20018|Yasemin Duman:2:43424,2851976,80,333506,3009,30,39.093371514822,39.12397086709798,2|none,241569
Atak,23,3069,2019,7,1451,1170,281,6044,178,35,0,0,253,5179724,3127224,2030213,845761,187612,138785,175491,0,14652,667912,73001292,33265590,1103571,38632131,48376253,1376952,735124669,196700,0,6395106,28736907,0,5.0,1.0,2.0,1.0,1.0,940.6964811290322,1024.318182,571.818182,570.3651026774194,944.334311032258,2.237498,22.295116258064514,1.0,1.0,1.0,1.0,none,0:1.0500|1:0.9300|2:1.0300|3:0.9400|4:0.9500|5:1.1000|6:0.8200|,Ufuk Yıldırım:6:38115|Nazlı Koç:4:96713|Tuncay Yılmaz:1:26193|Mehmet Korkmaz:1:26361|Songül Duman:1:26193|Seda Kocabaş:1:22835|Sinan Şahin:2:48357|Pınar Demir:1:24513|Sevgi Kara:1:24178|Derya Korkmaz:1:26864|Sinan Doğan:1:23003|Seda Uçar:1:23507|Esra Bulut:1:24346|Hasan Yıldırım:2:46845|Emre Öztürk:3:69513|Osman Kaya:1:25522|Arzu Duman:1:23003|Özlem Güneş:1:24178|Nazlı Karaca:2:45501|Songül Çelik:1:24850|Tolga Kurt:2:46845|Onur Arslan:3:70520|Nazlı Güneş:1:25689|Murat Kara:1:24178|Gamze Soylu:1:21827|Yasemin Duman:2:47349,3220594,80,333506,3039,31,39.19538956129709,39.213317635280326,none,334406
Atak,23,3100,2019,8,1507,1164,343,5893,441,33,0,3,234,5498166,3335891,2119376,847261,187612,140646,177847,0,16622,749388,89068546,47237269,1088266,40743011,40743011,1468730,776222782,196700,0,6428456,28736907,0,5.0,1.0,2.0,1.0,1.0,961.1510267419354,1037.727273,588.409091,582.7375366129032,961.4677417096775,2.267534,21.778410387096773,0.9709677419354839,0.9709677419354839,1.0,0.9745967741935483,3,0:1.0500|1:0.9300|2:1.0300|3:0.9400|4:0.9500|5:1.1000|6:0.8200|,Ufuk Yıldırım:6:38115|Nazlı Koç:4:96713|Tuncay Yılmaz:1:26193|Mehmet Korkmaz:1:26361|Songül Duman:1:26193|Seda Kocabaş:1:22835|Sinan Şahin:2:48357|Pınar Demir:1:24513|Sevgi Kara:1:24178|Derya Korkmaz:1:26864|Sinan Doğan:1:23003|Seda Uçar:1:23507|Esra Bulut:1:24346|Hasan Yıldırım:2:46845|Emre Öztürk:3:69513|Osman Kaya:1:25522|Arzu Duman:1:23003|Özlem Güneş:1:24178|Nazlı Karaca:2:45501|Songül Çelik:1:24850|Tolga Kurt:2:46845|Onur Arslan:3:70520|Nazlı Güneş:1:25689|Murat Kara:1:24178|Gamze Soylu:1:21827|Yasemin Duman:2:47349,3337900,80,333506,3070,31,38.54696275085183,38.780787344673456,none|3,415882
Atak,23,3130,2019,9,1368,1051,317,5222,439,34,0,0,218,5228418,3217344,1975797,819930,181560,137940,151680,0,19286,665401,74611812,25909814,6497,48695501,48695501,1450050,796422334,196700,0,6461806,27809910,0,5.0,1.0,2.0,1.0,1.0,965.3939389666667,1051.136364,592.727273,590.2727273,973.0424240333334,2.297973,22.45037973333333,0.95,0.95,1.0,0.925,3,0:1.0500|1:0.9300|2:1.0300|3:0.9400|4:0.9500|5:1.1000|6:0.8200|,Ufuk Yıldırım:6:38115|Nazlı Koç:4:96713|Tuncay Yılmaz:1:26193|Mehmet Korkmaz:1:26361|Songül Duman:1:26193|Seda Kocabaş:1:22835|Sinan Şahin:2:48357|Pınar Demir:1:24513|Sevgi Kara:1:24178|Derya Korkmaz:1:26864|Sinan Doğan:1:23003|Seda Uçar:1:23507|Esra Bulut:1:24346|Hasan Yıldırım:2:46845|Emre Öztürk:3:69513|Osman Kaya:1:25522|Arzu Duman:1:23003|Özlem Güneş:1:24178|Nazlı Karaca:2:45501|Songül Çelik:1:24850|Tolga Kurt:2:46845|Onur Arslan:3:70520|Nazlı Güneş:1:25689|Murat Kara:1:24178|Gamze Soylu:1:21827|Yasemin Duman:2:47349,3272178,80,333506,3101,30,37.78957612034845,38.60254875492172,3,331895
Atak,23,3161,2019,10,1345,995,350,4675,600,70,0,0,206,5038892,3024720,1984696,847261,187612,144398,158751,0,13838,632836,70195964,30030191,1093074,39072699,39072699,1458352,827299759,196700,0,6495156,28736907,0,5.0,1.0,2.0,1.0,1.0,991.2609972580645,1065.227273,593.272727,591.7419353870968,987.3196479032258,2.327819,20.69581906451613,0.95,0.95,1.0,0.925,3,0:1.0500|1:0.9300|2:1.0300|3:0.9400|4:0.9500|5:1.1000|6:0.8200|,Ufuk Yıldırım:6:38115|Nazlı Koç:4:96713|Tuncay Yılmaz:1:26193|Mehmet Korkmaz:1:26361|Songül Duman:1:26193|Seda Kocabaş:1:22835|Sinan Şahin:2:48357|Pınar Demir:1:24513|Sevgi Kara:1:24178|Derya Korkmaz:1:26864|Sinan Doğan:1:23003|Seda Uçar:1:23507|Esra Bulut:1:24346|Hasan Yıldırım:2:46845|Emre Öztürk:3:69513|Osman Kaya:1:25522|Arzu Duman:1:23003|Özlem Güneş:1:24178|Nazlı Karaca:2:45501|Songül Çelik:1:24850|Tolga Kurt:2:46845|Onur Arslan:3:70520|Nazlı Güneş:1:25689|Murat Kara:1:24178|Gamze Soylu:1:21827|Yasemin Duman:2:47349,3113456,81,333506,3131,31,39.387547897434594,40.14969532332486,3,299330
Atak,23,3191,2019,11,1387,1058,329,5226,501,35,0,0,217,5399366,3303489,2067769,819930,181560,141601,155700,0,15835,753143,71858363,32284400,1079225,38494738,38494738,1484616,846574137,196700,0,6528506,27809910,0,5.0,1.0,2.0,1.0,1.0,993.0909094,1079.772727,612.090909,605.6333333666666,997.8227270333334,2.359067,21.6533591,0.95,0.95,1.0,0.925,3,0:1.0500|1:0.9300|2:1.0300|3:0.9400|4:0.9500|5:1.1000|6:0.8200|,Ufuk Yıldırım:6:38115|Nazlı Koç:4:96713|Tuncay Yılmaz:1:26193|Mehmet Korkmaz:1:26361|Songül Duman:1:26193|Seda Kocabaş:1:22835|Sinan Şahin:2:48357|Pınar Demir:1:24513|Sevgi Kara:1:24178|Derya Korkmaz:1:26864|Sinan Doğan:1:23003|Seda Uçar:1:23507|Esra Bulut:1:24346|Hasan Yıldırım:2:46845|Emre Öztürk:3:69513|Osman Kaya:1:25522|Arzu Duman:1:23003|Özlem Güneş:1:24178|Nazlı Karaca:2:45501|Songül Çelik:1:24850|Tolga Kurt:2:46845|Onur Arslan:3:70520|Nazlı Güneş:1:25689|Murat Kara:1:24178|Gamze Soylu:1:21827|Yasemin Duman:2:47349,3325524,82,333506,3162,30,38.29651481303546,38.365067769091795,3,419637
Atak,23,3222,2019,12,1375,994,381,4880,600,66,0,0,209,5348752,3200182,2123835,847261,187612,148214,179273,0,19989,741486,107271461,51409923,1065071,54796467,54796467,1454684,865742796,225961,0,6566817,28878500,0,5.0,1.0,2.0,1.0,1.0,1013.4310849354839,1093.863636,608.818182,609.1480938709677,1011.2082111612904,2.389707,20.59877964516129,0.95,0.95,1.0,0.925,3,0:1.0500|1:0.9300|2:1.0300|3:0.9400|4:0.9500|5:1.1000|6:0.8200|,Ufuk Yıldırım:6:38115|Nazlı Koç:4:96713|Tuncay Yılmaz:1:26193|Mehmet Korkmaz:1:26361|Songül Duman:1:26193|Seda Kocabaş:1:22835|Sinan Şahin:2:48357|Pınar Demir:1:24513|Sevgi Kara:1:24178|Derya Korkmaz:1:26864|Sinan Doğan:1:23003|Seda Uçar:1:23507|Esra Bulut:1:24346|Hasan Yıldırım:2:46845|Emre Öztürk:3:69513|Osman Kaya:1:25522|Arzu Duman:1:23003|Özlem Güneş:1:24178|Nazlı Karaca:2:45501|Songül Çelik:1:24850|Tolga Kurt:2:46845|Onur Arslan:3:70520|Nazlı Güneş:1:25689|Murat Kara:1:24178|Gamze Soylu:1:21827|Yasemin Duman:2:47349,3202850,82,383119,3192,31,39.70711298635644,39.925053508817726,3,358367
Atak,23,3253,2020,1,1347,954,393,4782,528,50,0,0,262,5377208,3243071,2103824,788261,174956,150276,181691,0,19213,789427,45167062,4986367,1050607,39130088,39130088,1464822,891628421,225961,0,6605128,33126290,0,4.483870967741935,1.0,2.0,0.4838709677419355,1.0,1020.0073314516129,1108.409091,612.8856308064517,611.0894427419355,1023.2434018387097,2.421786,21.098367548387095,0.95,0.95,1.0,0.925,3,0:1.0500|1:0.9300|2:1.0300|3:0.9400|4:0.9500|5:1.1000|6:0.8200|,Ufuk Yıldırım:6:43936|Nazlı Koç:4:111485|Tuncay Yılmaz:1:30194|Mehmet Korkmaz:1:30387|Songül Duman:1:30194|Seda Kocabaş:1:26323|Sinan Şahin:2:55742|Pınar Demir:1:28258|Sevgi Kara:1:27871|Derya Korkmaz:1:30968|Sinan Doğan:1:26516|Seda Uçar:1:27097|Esra Bulut:1:28065|Hasan Yıldırım:2:54000|Emre Öztürk:3:80130|Osman Kaya:1:29420|Arzu Duman:1:26516|Özlem Güneş:1:27871|Nazlı Karaca:2:52452|Songül Çelik:1:28645|Tolga Kurt:2:54000|Onur Arslan:3:81291|Nazlı Güneş:1:29613|Murat Kara:1:27871|Gamze Soylu:1:25161|Yasemin Duman:2:54581,3287028,83,383119,3223,31,39.124839507789176,39.913605333186204,3,406308
Atak,23,3282,2020,2,1251,880,371,4114,596,68,0,0,221,4779820,2834924,1919532,617149,136039,143831,173913,0,19479,829121,31299248,-7389646,1035825,37653069,37653069,1303234,887196835,225961,0,6643439,30989110,0,4.0,1.0,2.0,0.0,1.0,1072.460815137931,1134.318182,646.5,635.5830721379311,1067.1191222068965,2.477969,19.460119862068964,0.95,0.95,1.0,0.925,3,0:1.0500|1:0.9300|2:1.0300|3:0.9400|4:0.9500|5:1.1000|6:0.8200|,Ufuk Yıldırım:6:43936|Nazlı Koç:4:111485|Tuncay Yılmaz:1:30194|Mehmet Korkmaz:1:30387|Songül Duman:1:30194|Seda Kocabaş:1:26323|Sinan Şahin:2:55742|Pınar Demir:1:28258|Sevgi Kara:1:27871|Derya Korkmaz:1:30968|Sinan Doğan:1:26516|Seda Uçar:1:27097|Esra Bulut:1:28065|Hasan Yıldırım:2:54000|Emre Öztürk:3:80130|Osman Kaya:1:29420|Arzu Duman:1:26516|Özlem Güneş:1:27871|Nazlı Karaca:2:52452|Songül Çelik:1:28645|Tolga Kurt:2:54000|Onur Arslan:3:81291|Nazlı Güneş:1:29613|Murat Kara:1:27871|Gamze Soylu:1:25161|Yasemin Duman:2:54581,2953778,83,383119,3254,29,40.15908548857488,39.71807725983419,3,446002
Atak,23,3313,2020,3,1433,1042,391,5228,506,55,0,0,267,5692883,3378205,2286287,659711,145421,157071,172670,0,17603,1133811,57944855,10597006,984,47346865,47346865,1581652,881035339,225961,0,6681750,33126290,0,4.0,1.0,2.0,0.0,1.0,1095.197947516129,1159.772727,653.409091,649.3636364193549,1095.8372433870968,2.531706,20.35745112903226,0.95,0.95,1.0,0.925,3,0:1.0500|1:0.9300|2:1.0300|3:0.9400|4:0.9500|5:1.1000|6:0.8200|,Ufuk Yıldırım:6:43936|Nazlı Koç:4:111485|Tuncay Yılmaz:1:30194|Mehmet Korkmaz:1:30387|Songül Duman:1:30194|Seda Kocabaş:1:26323|Sinan Şahin:2:55742|Pınar Demir:1:28258|Sevgi Kara:1:27871|Derya Korkmaz:1:30968|Sinan Doğan:1:26516|Seda Uçar:1:27097|Esra Bulut:1:28065|Hasan Yıldırım:2:54000|Emre Öztürk:3:80130|Osman Kaya:1:29420|Arzu Duman:1:26516|Özlem Güneş:1:27871|Nazlı Karaca:2:52452|Songül Çelik:1:28645|Tolga Kurt:2:54000|Onur Arslan:3:81291|Nazlı Güneş:1:29613|Murat Kara:1:27871|Gamze Soylu:1:25161|Yasemin Duman:2:54581,3396232,83,383119,3283,31,40.1604424331222,40.338722102072126,3,750692
Atak,23,3343,2020,4,1407,1018,389,4914,440,59,0,0,286,5276076,3128864,2124118,638430,140730,155546,170970,0,22539,995903,74434266,30824647,1471882,42137737,42137737,1567334,899562864,225961,0,6720061,32057700,0,4.0,1.0,2.0,0.0,1.0,1118.5757579333333,1186.1363640000002,670.954545,664.4727272666667,1118.780303,2.590438,21.1678627,0.95,0.95,1.0,0.925,3,0:1.0500|1:0.9300|2:1.0300|3:0.9400|4:0.9500|5:1.1000|6:0.8200|,Ufuk Yıldırım:6:43936|Nazlı Koç:4:111485|Tuncay Yılmaz:1:30194|Mehmet Korkmaz:1:30387|Songül Duman:1:30194|Seda Kocabaş:1:26323|Sinan Şahin:2:55742|Pınar Demir:1:28258|Sevgi Kara:1:27871|Derya Korkmaz:1:30968|Sinan Doğan:1:26516|Seda Uçar:1:27097|Esra Bulut:1:28065|Hasan Yıldırım:2:54000|Emre Öztürk:3:80130|Osman Kaya:1:29420|Arzu Duman:1:26516|Özlem Güneş:1:27871|Nazlı Karaca:2:52452|Songül Çelik:1:28645|Tolga Kurt:2:54000|Onur Arslan:3:81291|Nazlı Güneş:1:29613|Murat Kara:1:27871|Gamze Soylu:1:25161|Yasemin Duman:2:54581,3228490,83,383119,3314,30,40.25942765039776,40.017067217722705,3,612784
Atak,23,3374,2020,5,1506,1106,400,5461,491,79,0,3,273,5842693,3471170,2343526,659711,145421,164330,180637,0,26916,1166511,96734746,38504751,1458274,56771721,45592902,1549402,923011179,225961,0,6758372,33126290,0,4.0,1.0,2.0,0.0,1.0,1144.4501466129032,1212.5,689.727273,682.7023459999999,1146.464809387097,2.648573,21.148315516129035,0.95,0.95,1.0,0.925,3,0:1.0500|1:0.9300|2:1.0300|3:0.9400|4:0.9500|5:1.1000|6:0.8200|,Ufuk Yıldırım:6:43936|Nazlı Koç:4:111485|Tuncay Yılmaz:1:30194|Mehmet Korkmaz:1:30387|Songül Duman:1:30194|Seda Kocabaş:1:26323|Sinan Şahin:2:55742|Pınar Demir:1:28258|Sevgi Kara:1:27871|Derya Korkmaz:1:30968|Sinan Doğan:1:26516|Seda Uçar:1:27097|Esra Bulut:1:28065|Hasan Yıldırım:2:54000|Emre Öztürk:3:80130|Osman Kaya:1:29420|Arzu Duman:1:26516|Özlem Güneş:1:27871|Nazlı Karaca:2:52452|Songül Çelik:1:28645|Tolga Kurt:2:54000|Onur Arslan:3:81291|Nazlı Güneş:1:29613|Murat Kara:1:27871|Gamze Soylu:1:25161|Yasemin Duman:2:54581,3512448,83,383119,3344,31,40.11037376086678,39.73286865825427,3,783392
Atak,23,3404,2020,6,1437,1030,407,5086,602,51,0,0,274,5164193,2985711,2137708,638430,140730,162722,205680,0,21979,968167,108402455,56680779,1463551,50258125,61436944,1470094,959381662,261725,0,6802747,32222656,0,4.0,1.0,2.0,0.0,1.0,1182.8030304666668,1240.681818,689.636364,688.1742424333333,1173.7696967999998,2.710017,19.541173633333337,0.95,0.95,1.0,0.925,3,0:1.0500|1:0.9300|2:1.0300|3:0.9400|4:0.9500|5:1.1000|6:0.8200|,Ufuk Yıldırım:6:43936|Nazlı Koç:4:111485|Tuncay Yılmaz:1:30194|Mehmet Korkmaz:1:30387|Songül Duman:1:30194|Seda Kocabaş:1:26323|Sinan Şahin:2:55742|Pınar Demir:1:28258|Sevgi Kara:1:27871|Derya Korkmaz:1:30968|Sinan Doğan:1:26516|Seda Uçar:1:27097|Esra Bulut:1:28065|Hasan Yıldırım:2:54000|Emre Öztürk:3:80130|Osman Kaya:1:29420|Arzu Duman:1:26516|Özlem Güneş:1:27871|Nazlı Karaca:2:52452|Songül Çelik:1:28645|Tolga Kurt:2:54000|Onur Arslan:3:81291|Nazlı Güneş:1:29613|Murat Kara:1:27871|Gamze Soylu:1:25161|Yasemin Duman:2:54581,3037726,83,443756,3375,30,41.39481231627091,41.69474153884196,3,524411
Atak,23,3435,2020,7,1446,1022,424,5078,537,31,0,0,290,5251650,3113908,2121198,758711,168454,171930,217310,0,24234,780559,65715062,19765770,1447712,44501580,44501580,1514614,975237941,261725,0,6847122,38239926,0,4.0,1.0,2.0,0.0,1.0,1195.300586387097,1268.409091,726.409091,711.3020527096775,1196.9178886129032,2.770836,20.198398483870967,0.95,0.95,1.0,0.925,3,0:1.0500|1:0.9300|2:1.0300|3:0.9400|4:0.9500|5:1.1000|6:0.8200|,Ufuk Yıldırım:6:50719|Nazlı Koç:4:128695|Tuncay Yılmaz:1:34855|Mehmet Korkmaz:1:35078|Songül Duman:1:34855|Seda Kocabaş:1:30386|Sinan Şahin:2:64347|Pınar Demir:1:32621|Sevgi Kara:1:32173|Derya Korkmaz:1:35748|Sinan Doğan:1:30609|Seda Uçar:1:31280|Esra Bulut:1:32398|Hasan Yıldırım:2:62337|Emre Öztürk:3:92499|Osman Kaya:1:33961|Arzu Duman:1:30609|Özlem Güneş:1:32173|Nazlı Karaca:2:60549|Songül Çelik:1:33068|Tolga Kurt:2:62337|Onur Arslan:3:93840|Nazlı Güneş:1:34185|Murat Kara:1:32173|Gamze Soylu:1:29046|Yasemin Duman:2:63007,3229808,83,443756,3405,31,40.39107709005741,39.22791477952533,3,336803
Atak,23,3466,2020,8,1425,1030,395,5185,525,35,0,0,261,5048799,2925507,2090619,762011,168454,175902,222363,0,26950,734939,73837847,14043172,1431380,58363295,58363295,1492326,983375540,261725,0,6891497,38239926,0,4.0,1.0,2.0,0.0,1.0,1230.8944283225806,1297.272727,724.5879764516129,722.6950146451612,1225.080645,2.835116,20.006756322580642,0.95,0.95,1.0,0.925,3,0:1.0500|1:0.9300|2:1.0300|3:0.9400|4:0.9500|5:1.1000|6:0.8200|,Ufuk Yıldırım:6:50719|Nazlı Koç:4:128695|Tuncay Yılmaz:1:34855|Mehmet Korkmaz:1:35078|Songül Duman:1:34855|Seda Kocabaş:1:30386|Sinan Şahin:2:64347|Pınar Demir:1:32621|Sevgi Kara:1:32173|Derya Korkmaz:1:35748|Sinan Doğan:1:30609|Seda Uçar:1:31280|Esra Bulut:1:32398|Hasan Yıldırım:2:62337|Emre Öztürk:3:92499|Osman Kaya:1:33961|Arzu Duman:1:30609|Özlem Güneş:1:32173|Nazlı Karaca:2:60549|Songül Çelik:1:33068|Tolga Kurt:2:62337|Onur Arslan:3:93840|Nazlı Güneş:1:34185|Murat Kara:1:32173|Gamze Soylu:1:29046|Yasemin Duman:2:63007,2866260,83,443756,3436,31,41.40824382194656,41.13321501998707,3,291183
Atak,23,3496,2020,9,1410,1002,408,4677,550,48,0,0,274,5473309,3177207,2269014,737430,163020,174190,191460,0,29885,973029,94570390,44073174,15089,50482127,50482127,1542018,1008661046,261725,0,6935872,37006380,0,4.0,1.0,2.0,0.0,1.0,1258.4545454666666,1328.409091,736.8181820000001,731.6939394,1252.6060606333333,2.900887,19.95677936666667,0.95,0.95,1.0,0.925,3,0:1.0500|1:0.9300|2:1.0300|3:0.9400|4:0.9500|5:1.1000|6:0.8200|,Ufuk Yıldırım:6:50719|Nazlı Koç:4:128695|Tuncay Yılmaz:1:34855|Mehmet Korkmaz:1:35078|Songül Duman:1:34855|Seda Kocabaş:1:30386|Sinan Şahin:2:64347|Pınar Demir:1:32621|Sevgi Kara:1:32173|Derya Korkmaz:1:35748|Sinan Doğan:1:30609|Seda Uçar:1:31280|Esra Bulut:1:32398|Hasan Yıldırım:2:62337|Emre Öztürk:3:92499|Osman Kaya:1:33961|Arzu Duman:1:30609|Özlem Güneş:1:32173|Nazlı Karaca:2:60549|Songül Çelik:1:33068|Tolga Kurt:2:62337|Onur Arslan:3:93840|Nazlı Güneş:1:34185|Murat Kara:1:32173|Gamze Soylu:1:29046|Yasemin Duman:2:63007,3249630,83,443756,3467,30,41.45598211246615,41.45055261199208,3,529273
Atak,23,3527,2020,10,1424,1015,409,5094,575,39,0,0,264,6482280,3853291,2592813,762011,168454,184030,202275,0,32137,1243906,86042989,34966912,1441040,49635037,49635037,1975408,1044925684,261725,0,6980247,38239926,0,4.0,1.0,2.0,0.0,1.0,1278.9002936451611,1356.818182,772.409091,759.2815248387096,1278.6847506774195,2.965989,20.383539838709677,0.95,0.95,1.0,0.925,3,0:1.0500|1:0.9300|2:1.0300|3:0.9400|4:0.9500|5:1.1000|6:0.8200|,Ufuk Yıldırım:6:50719|Nazlı Koç:4:128695|Tuncay Yılmaz:1:34855|Mehmet Korkmaz:1:35078|Songül Duman:1:34855|Seda Kocabaş:1:30386|Sinan Şahin:2:64347|Pınar Demir:1:32621|Sevgi Kara:1:32173|Derya Korkmaz:1:35748|Sinan Doğan:1:30609|Seda Uçar:1:31280|Esra Bulut:1:32398|Hasan Yıldırım:2:62337|Emre Öztürk:3:92499|Osman Kaya:1:33961|Arzu Duman:1:30609|Özlem Güneş:1:32173|Nazlı Karaca:2:60549|Songül Çelik:1:33068|Tolga Kurt:2:62337|Onur Arslan:3:93840|Nazlı Güneş:1:34185|Murat Kara:1:32173|Gamze Soylu:1:29046|Yasemin Duman:2:63007,3950842,83,443756,3497,31,39.998472759584594,39.603650508324165,3,800150
Atak,23,3557,2020,11,1307,895,412,4240,657,41,0,0,238,5322094,3119687,2162925,737430,163020,182236,200310,0,39698,840231,108608200,40798104,1426308,66383788,66383788,1435406,1081448192,261725,0,7024622,37006380,0,4.0,1.0,2.0,0.0,1.0,1313.9545454666666,1389.545455,775.409091,772.2833333,1305.8681819,3.034797,19.5830699,0.95,0.95,1.0,0.925,3,0:1.0500|1:0.9300|2:1.0300|3:0.9400|4:0.9500|5:1.1000|6:0.8200|,Ufuk Yıldırım:6:50719|Nazlı Koç:4:128695|Tuncay Yılmaz:1:34855|Mehmet Korkmaz:1:35078|Songül Duman:1:34855|Seda Kocabaş:1:30386|Sinan Şahin:2:64347|Pınar Demir:1:32621|Sevgi Kara:1:32173|Derya Korkmaz:1:35748|Sinan Doğan:1:30609|Seda Uçar:1:31280|Esra Bulut:1:32398|Hasan Yıldırım:2:62337|Emre Öztürk:3:92499|Osman Kaya:1:33961|Arzu Duman:1:30609|Özlem Güneş:1:32173|Nazlı Karaca:2:60549|Songül Çelik:1:33068|Tolga Kurt:2:62337|Onur Arslan:3:93840|Nazlı Güneş:1:34185|Murat Kara:1:32173|Gamze Soylu:1:29046|Yasemin Duman:2:63007,3137422,83,443756,3528,30,40.64048849945153,40.986612232875665,3,396475
Atak,23,3588,2020,12,1433,992,441,4793,640,70,0,0,278,6555542,3937969,2580250,762011,168454,192530,232779,0,29871,1194605,130254879,73200973,1411119,55642787,55642787,1590604,1121863302,297489,0,7075061,38411063,0,4.0,1.0,2.0,0.0,1.0,1335.703812,1420.681818,815.5,803.140762516129,1334.3709678387097,3.102904,20.41545193548387,0.95,0.95,1.0,0.925,3,0:1.0500|1:0.9300|2:1.0300|3:0.9400|4:0.9500|5:1.1000|6:0.8200|,Ufuk Yıldırım:6:50719|Nazlı Koç:4:128695|Tuncay Yılmaz:1:34855|Mehmet Korkmaz:1:35078|Songül Duman:1:34855|Seda Kocabaş:1:30386|Sinan Şahin:2:64347|Pınar Demir:1:32621|Sevgi Kara:1:32173|Derya Korkmaz:1:35748|Sinan Doğan:1:30609|Seda Uçar:1:31280|Esra Bulut:1:32398|Hasan Yıldırım:2:62337|Emre Öztürk:3:92499|Osman Kaya:1:33961|Arzu Duman:1:30609|Özlem Güneş:1:32173|Nazlı Karaca:2:60549|Songül Çelik:1:33068|Tolga Kurt:2:62337|Onur Arslan:3:93840|Nazlı Güneş:1:34185|Murat Kara:1:32173|Gamze Soylu:1:29046|Yasemin Duman:2:63007,4064308,83,504394,3558,31,39.35982715082903,38.94604532280844,3,690211
Atak,23,3619,2021,1,1381,920,461,4563,811,40,0,0,257,6130441,3654332,2447042,861011,191456,196984,238173,0,31506,927912,49490764,-15402447,1395460,63497751,51192031,1650242,1147483402,297489,0,7125500,43545173,0,4.0,1.0,2.0,0.0,1.0,1376.2463342258063,1453.409091,828.5,822.5073314193548,1362.6583578709678,3.174888,19.047586967741935,0.95,0.95,1.0,0.925,3,0:1.0500|1:0.9300|2:1.0300|3:0.9400|4:0.9500|5:1.1000|6:0.8200|,Ufuk Yıldırım:6:57755|Nazlı Koç:4:146549|Tuncay Yılmaz:1:39690|Mehmet Korkmaz:1:39945|Songül Duman:1:39690|Seda Kocabaş:1:34601|Sinan Şahin:2:73275|Pınar Demir:1:37146|Sevgi Kara:1:36637|Derya Korkmaz:1:40708|Sinan Doğan:1:34856|Seda Uçar:1:35619|Esra Bulut:1:36892|Hasan Yıldırım:2:70985|Emre Öztürk:3:105332|Osman Kaya:1:38673|Arzu Duman:1:34856|Özlem Güneş:1:36637|Nazlı Karaca:2:68949|Songül Çelik:1:37655|Tolga Kurt:2:70985|Onur Arslan:3:106859|Nazlı Güneş:1:38927|Murat Kara:1:36637|Gamze Soylu:1:33075|Yasemin Duman:2:71748,3747492,83,504394,3589,31,39.916247460827044,39.80002130461155,3,423518
Atak,23,3647,2021,2,1189,806,383,3603,678,47,0,0,224,5263729,3130921,2109758,780668,172928,181676,219688,0,30629,724169,38586055,-11562896,1379314,48769637,48982281,1744744,1135968932,297489,0,7175939,39331124,0,4.0,1.0,2.0,0.0,1.0,1414.0097404642856,1484.545455,847.7727270000001,838.33766225,1397.4188312499998,3.242156,17.998321285714287,0.95,0.95,1.0,0.925,3,0:1.0500|1:0.9300|2:1.0300|3:0.9400|4:0.9500|5:1.1000|6:0.8200|,Ufuk Yıldırım:6:57755|Nazlı Koç:4:146549|Tuncay Yılmaz:1:39690|Mehmet Korkmaz:1:39945|Songül Duman:1:39690|Seda Kocabaş:1:34601|Sinan Şahin:2:73275|Pınar Demir:1:37146|Sevgi Kara:1:36637|Derya Korkmaz:1:40708|Sinan Doğan:1:34856|Seda Uçar:1:35619|Esra Bulut:1:36892|Hasan Yıldırım:2:70985|Emre Öztürk:3:105332|Osman Kaya:1:38673|Arzu Duman:1:34856|Özlem Güneş:1:36637|Nazlı Karaca:2:68949|Songül Çelik:1:37655|Tolga Kurt:2:70985|Onur Arslan:3:106859|Nazlı Güneş:1:38927|Murat Kara:1:36637|Gamze Soylu:1:33075|Yasemin Duman:2:71748,3206292,83,504394,3620,28,40.08105280496013,40.04477460518506,3,219775
Atak,23,3653,2021,3,229,167,62,793,83,1,0,0,40,1046184,614895,427332,167286,37056,39648,43614,0,5551,134177,18957408,18957408,0,0,12093076,1597866,1131969168,0,0,7175939,8428098,0,4.0,1.0,2.0,0.0,1.0,1438.636364,1513.181818,854.681818,845.7651515000001,1428.2196968333335,3.304138,18.9128345,0.9499999999999998,0.9499999999999998,1.0,0.9250000000000002,3,0:1.0500|1:0.9300|2:1.0300|3:0.9400|4:0.9500|5:1.1000|6:0.8200|,Ufuk Yıldırım:6:57755|Nazlı Koç:4:146549|Tuncay Yılmaz:1:39690|Mehmet Korkmaz:1:39945|Songül Duman:1:39690|Seda Kocabaş:1:34601|Sinan Şahin:2:73275|Pınar Demir:1:37146|Sevgi Kara:1:36637|Derya Korkmaz:1:40708|Sinan Doğan:1:34856|Seda Uçar:1:35619|Esra Bulut:1:36892|Hasan Yıldırım:2:70985|Emre Öztürk:3:105332|Osman Kaya:1:38673|Arzu Duman:1:34856|Özlem Güneş:1:36637|Nazlı Karaca:2:68949|Songül Çelik:1:37655|Tolga Kurt:2:70985|Onur Arslan:3:106859|Nazlı Güneş:1:38927|Murat Kara:1:36637|Gamze Soylu:1:33075|Yasemin Duman:2:71748,554656,83,0,3648,6,40.84673441765502,40.59083731043518,3,134177
