tarz,tohum,gun,takvim_yili,ay,musteri,alan,kaybolan,satilan_adet,pahali_istek,bos_raf_istek,rafta_yok_istek,bekleme_kaybi,kart_kaybi,ciro_kurus,mal_maliyeti_kurus,brut_kar_kurus,ucret_kurus,sgk_kurus,kira_kurus,isletme_kurus,fire_kurus,aile_diger_gider_kurus,aile_favok_kurus,sirket_favok_kurus,sirket_net_kurus,faiz_kurus,vergi_kurus,vergi_odeme_kurus,toptanci_vade_kurus,kasa_kurus,patron_net_maas_kurus,patron_net_kar_payi_kurus,servet_kurus,mudur_gunluk_maliyet_kurus,aile_mudur_gunluk_maliyet_kurus,calisan,kasiyer,gorevli,ik,musavir,raf_ortalama_kurus,liste_ortalama_kurus,alis_ortalama_kurus,stok_maliyeti_ortalama_kurus,bot_hedef_ortalama_kurus,liste_duzeyi,yerel_pay,butce_carpani,donem_butce,donem_ithal_carpani,donem_talep_carpani,donem,rakip_fiyatlari,mudurler,siparis_kurus,magaza,patron_sirket_maliyeti_kurus,ilk_gun,oynanan_gun,brut_marj_yuzde,raf_alis_marj_yuzde,donemler,aile_mudur_patron_sonrasi_favok_kurus
Temkinli,21,25,2011,3,1342,1222,120,5546,184,68,0,0,94,2336440,1718088,609045,168750,37975,50012,55000,0,9845,287463,166188,113440,0,52748,57593,461764,138381,71527,0,12127,0,0,3.0,1.0,2.0,0.0,0.0,446.51818184,457.7272730000001,320.86909091999996,329.18909096000004,449.8,1.0,28.99997088,1.0,1.0,1.0,1.0,none,0:1.0000|1:0.9100|2:1.0300|3:0.9400|4:0.9500|5:1.1000|6:0.8200|,,1993368,1,121275,1,25,26.067221927376693,28.13974794984354,none,166188
Temkinli,21,55,2011,4,1589,1422,167,6631,205,66,0,2,140,2727650,1910675,792488,202500,45570,60374,66390,0,9994,407660,286385,198427,0,87958,97952,868888,690922,71527,0,24254,0,0,3.0,1.0,2.0,0.0,0.0,449.7727271333333,459.09090899999995,312.1742424,314.46515153333337,443.69393933333333,1.00592,27.8167803,1.0,1.0,1.0,1.0,none,0:1.0000|1:0.9150|2:1.0300|3:0.9400|4:0.9500|5:1.1000|6:0.8200|,,1913858,1,121275,26,30,29.053874214067054,30.592892016892517,none,286385
Temkinli,21,86,2011,5,1753,1602,151,7342,226,75,0,2,127,2985445,2086757,877897,209250,47089,62821,69099,0,7963,481675,360400,236479,0,123921,131884,965502,1038615,71527,0,36381,0,0,3.0,1.0,2.0,0.0,0.0,447.3093839032258,464.31818200000004,310.05278596774195,311.42228741935486,447.3240469032258,1.01307,29.632555032258065,1.0,1.0,1.0,1.0,none,0:1.0000|1:0.9100|2:1.0300|3:0.9300|4:0.9500|5:1.1000|6:0.8200|,,2087964,1,121275,56,31,29.405900962838036,30.68493594696841,none,360400
Temkinli,21,116,2011,6,1609,1468,141,6892,182,44,0,0,119,2609465,1744786,850546,202500,45570,61245,77460,0,7256,456515,324215,221440,0,102775,110031,768616,1064829,78030,0,49611,0,0,3.0,1.0,2.0,0.0,0.0,460.92424216666666,466.818182,307.56363626666666,308.7651515333334,455.06666666666666,1.020512,28.1891393,1.0,1.0,1.0,1.0,none,0:1.0000|1:0.9250|2:1.0300|3:0.9400|4:0.9500|5:1.1000|6:0.8200|,,1754802,1,132300,87,30,32.594650627619075,33.272410489649616,none,324215
Temkinli,21,147,2011,7,1718,1574,144,7934,174,66,0,0,128,2952575,2042490,892128,222750,50220,63751,80600,0,12222,462585,405069,289350,0,115719,99473,918712,1510905,78030,0,62841,0,0,3.0,1.0,2.0,0.0,0.0,460.21994154838706,470.227273,321.0000000322581,317.4134897741935,457.0630498387097,1.027766,27.932069322580645,1.0,1.0,1.0,1.0,none,0:1.0000|1:0.9300|2:1.0300|3:0.9400|4:0.9500|5:1.1000|6:0.8200|,,2075744,1,132300,117,31,30.215252787820802,30.250740775753965,none,330285
Temkinli,21,178,2011,8,1882,1698,184,8922,174,71,0,8,160,3345615,2353297,970987,223200,50220,64216,81189,0,9404,542758,521478,408341,0,113137,140659,1094520,2060892,78030,0,76071,0,0,3.0,1.0,2.0,0.0,0.0,459.13489738709677,474.090909,320.9838710645161,320.6832845483871,457.3475073548387,1.035317,29.497693967741935,1.0,1.0,1.0,1.0,none,0:1.0500|1:0.9250|2:1.0300|3:0.9350|4:0.9450|5:1.1000|6:0.8200|,,2382886,1,132300,148,31,29.022675950460528,30.089419712765917,none,410458
Temkinli,21,208,2011,9,1615,1459,156,7020,257,88,0,2,139,3061965,2094907,947930,216000,48600,62595,68820,0,12036,539879,488473,376396,0,112077,124113,936480,2315088,78030,0,89301,0,0,3.0,1.0,2.0,0.0,0.0,464.8409093,477.272727,314.89393946666667,316.5121212,461.4484849333333,1.042922,28.010068733333334,1.0,1.0,1.0,1.0,none,0:1.0500|1:0.9300|2:1.0300|3:0.9400|4:0.9500|5:1.1000|6:0.8200|,,2078448,1,132300,179,30,30.958224538817394,32.25769652226548,none,407579
Temkinli,21,239,2011,10,1704,1536,168,7553,261,72,0,2,138,3220000,2220779,974735,223200,50220,65146,71641,0,8411,556117,423817,279819,0,143998,152409,0,1651137,78030,0,102531,0,0,3.0,1.0,2.0,0.0,0.0,463.9882697419355,481.136364,318.3665689354839,317.4120235806452,465.25659819354837,1.050335,30.738581258064517,1.0,1.0,1.0,1.0,none,0:1.0500|1:0.9250|2:1.0300|3:0.9350|4:0.9450|5:1.1000|6:0.8200|,,2250718,1,132300,209,31,30.271273291925464,31.384780672891704,none,423817
Temkinli,21,269,2011,11,1692,1541,151,7320,226,91,0,9,114,3093685,2148380,930079,163200,36720,63495,69840,0,0,596824,464524,344460,0,120064,120064,0,1985294,78030,0,115761,0,0,2.2666666666666666,0.26666666666666666,2.0,0.0,0.0,466.02272696666665,484.545455,322.07121209999997,320.57878796666665,466.7651515,1.058051,30.422221933333333,1.0,1.0,1.0,1.0,none,0:1.0500|1:0.9300|2:1.0300|3:0.9400|4:0.9500|5:1.1000|6:0.8200|,,2172520,1,132300,240,30,30.06379123925028,30.889376533982464,none,464524
Temkinli,21,300,2011,12,1686,1513,173,6835,296,108,0,3,130,3216105,2182363,1017982,148800,33480,66077,79949,0,8221,681455,546399,422358,0,124041,126912,0,2411123,79655,0,129266,0,0,2.0,0.0,2.0,0.0,0.0,478.48240483870967,487.5,322.0513196451613,321.5014662258065,474.32258067741935,1.065572,28.27978364516129,1.0,1.0,1.0,1.0,none,0:1.0500|1:0.9300|2:1.0300|3:0.9400|4:0.9500|5:1.1000|6:0.8200|,,2194652,1,135056,270,31,31.65263571929399,32.693174004231004,none,546399
Temkinli,21,331,2012,1,1645,1486,159,7300,285,81,0,0,133,3351550,2268444,1068947,152692,34162,66569,80538,0,9558,725428,754563,570442,0,184121,190557,0,2957386,79655,0,142771,0,0,2.064516129032258,0.0,2.0,0.0,0.06451612903225806,479.8753666451613,491.81818200000004,321.74340180645163,321.52492667741933,477.4648094516129,1.0734,28.899828032258064,1.0,1.0,1.0,1.0,none,0:1.0500|1:0.9300|2:1.0300|3:0.9400|4:0.9500|5:1.1000|6:0.8200|,,2306782,1,135056,301,31,31.894108695976488,32.952715607016906,none,590372
Temkinli,21,360,2012,2,1590,1425,165,7010,250,97,0,4,129,3203055,2236597,953884,155034,31958,62623,75777,0,0,628492,493436,377212,0,116224,116224,0,3317237,79655,0,156276,0,0,3.0,0.0,2.0,0.0,1.0,478.3855799655172,494.3181819999999,332.69122248275863,329.5235108965517,477.93887148275866,1.079586,30.38266979310345,1.0,1.0,1.0,1.0,none,0:1.0500|1:0.9300|2:1.0300|3:0.9400|4:0.9500|5:1.1000|6:0.8200|,,2266532,1,135056,332,29,29.780443982385567,30.455424156652143,none,493436
Temkinli,21,391,2012,3,1905,1696,209,9836,256,130,0,11,161,4055190,2988010,1050237,165726,34162,67313,74028,0,0,709008,264914,139897,0,125017,125017,0,3399295,79655,0,169781,0,0,3.0,0.0,2.0,0.0,1.0,452.4780058064516,496.590909,329.6627566129032,330.31671548387095,442.64809351612905,1.085405,34.90683512903226,1.0,1.0,1.0,1.0,none,0:1.0500|1:0.9100|2:1.0300|3:0.9200|4:0.9300|5:1.1000|6:0.8200|,,2944080,1,135056,361,31,25.89858921530187,27.142810836662612,none,573952
Temkinli,21,421,2012,4,1736,1559,177,8254,171,121,0,4,149,3355765,2459925,876403,160380,33060,65502,72060,0,0,545401,353111,265386,0,87725,87725,0,3546066,79655,0,183286,0,0,3.0,0.0,2.0,0.0,1.0,444.14393956666663,499.318182,323.1030303333333,325.09090906666665,438.81515156666666,1.09166,35.726316399999995,1.0,1.0,1.0,1.0,none,0:1.0500|1:0.9100|2:1.0300|3:0.9200|4:0.9300|5:1.1000|6:0.8200|,,2528428,2,135056,392,30,26.116340089368595,27.252631061774267,none,410345
Temkinli,21,452,2012,5,1843,1648,195,8600,180,134,0,5,160,3529960,2630701,884664,165726,34162,68058,74865,0,0,541853,609494,451652,0,157842,157842,0,3994213,79655,0,196791,0,0,3.0,0.0,2.0,0.0,1.0,444.31818200000004,502.045455,332.50586516129033,330.2961876774193,441.02785941935485,1.097747,36.88593361290323,1.0,1.0,1.0,1.0,none,0:1.0500|1:0.9100|2:1.0300|3:0.9200|4:0.9300|5:1.1000|6:0.8200|,,2617424,2,135056,422,31,25.06158710013711,25.16492040352958,none,406797
Temkinli,21,482,2012,6,1787,1623,164,9108,145,88,0,6,138,3352260,2477479,861072,160380,33060,66252,83790,0,0,517590,673116,512683,0,160433,160433,0,4494980,82906,0,210847,0,0,3.0,0.0,2.0,0.0,1.0,444.318182,505.227273,329.06666666666666,329.81060613333335,443.6636362,1.104074,38.7208624,1.0,1.0,1.0,1.0,none,0:1.0500|1:0.9100|2:1.0300|3:0.9200|4:0.9300|5:1.1000|6:0.8200|,,2498672,2,140569,453,30,25.686313114137924,25.938959962105113,none,377021
Temkinli,21,513,2012,7,1929,1740,189,10388,153,83,0,9,164,3791870,2760615,1001028,171726,35557,68833,87079,0,0,637833,420480,200408,0,220072,220072,0,4528793,82906,0,224903,0,0,3.0,0.0,2.0,0.0,1.0,448.7390031935484,508.18181799999996,326.9926686774194,328.04985335483866,449.37243380645157,1.11023,38.97113832258064,1.0,1.0,1.0,1.0,none,0:1.0500|1:0.9150|2:1.0300|3:0.9250|4:0.9350|5:1.1000|6:0.8200|,,2833674,2,140569,483,31,26.399322761592565,27.130767249937012,none,497264
Temkinli,21,544,2012,8,1649,1488,161,7973,149,78,0,8,134,3239960,2270230,953615,171926,35557,69236,87575,0,0,589321,525785,397120,0,128665,128665,0,4872774,82906,0,238959,0,0,3.0,0.0,2.0,0.0,1.0,471.7228741290323,510.909091,329.71994135483874,328.8929618709678,476.91055712903227,1.116629,33.33818625806452,1.0,1.0,1.0,1.0,none,0:1.0500|1:0.9300|2:1.0300|3:0.9400|4:0.9500|5:1.1000|6:0.8200|,,2243846,3,140569,514,31,29.432925097840712,30.103041544546958,none,448752
Temkinli,21,574,2012,9,1608,1436,172,7328,201,122,0,4,137,3207030,2250741,943185,166380,34410,67393,74130,0,0,600872,841835,548844,0,292991,232858,0,5456291,82906,0,253015,0,0,3.0,0.0,2.0,0.0,1.0,485.6136361,514.090909,336.25606063333333,334.38636356666666,486.7500000333333,1.123064,31.92423013333333,1.0,1.0,1.0,1.0,none,0:1.0500|1:0.9300|2:1.0300|3:0.9400|4:0.9500|5:1.1000|6:0.8200|,,2293444,3,140569,545,30,29.409921329080177,30.756462414475983,none,460303
Temkinli,21,605,2012,10,1677,1499,178,7825,190,99,0,0,148,3480985,2408532,1053767,171926,35557,70042,77035,0,0,699207,1025874,752343,0,273531,333664,0,6172589,82906,0,267071,0,0,3.0,0.0,2.0,0.0,1.0,477.0307914516129,516.818182,324.5293255483871,327.2697948387097,480.6363636451613,1.129326,33.168693999999995,1.0,1.0,1.0,1.0,none,0:1.0500|1:0.9300|2:1.0300|3:0.9400|4:0.9500|5:1.1000|6:0.8200|,,2400302,3,140569,575,31,30.272092525535157,31.968893546506976,none,558638
Temkinli,21,635,2012,11,1562,1409,153,7578,160,92,0,0,136,3242870,2197986,1031556,272980,58408,68172,74970,0,23127,533899,457182,190558,0,266624,266624,0,6282895,82906,0,281127,0,0,3.8666666666666667,0.0,2.0,0.8666666666666667,1.0,489.5151513666667,520.227273,326.57878780000004,326.1651515333333,490.75151523333335,1.135835,33.31871846666667,1.0,1.0,1.0,1.0,none,0:1.0500|1:0.9300|2:1.0300|3:0.9400|4:0.9500|5:1.1000|6:0.8200|,,2221222,3,140569,606,30,31.80997079747261,33.285254422006794,none,393330
Temkinli,21,666,2012,12,1536,1367,169,6827,196,128,0,2,144,3384655,2323717,1044886,299026,64170,70818,85684,0,0,525188,724461,474436,0,250025,250025,0,6659835,86158,0,295735,0,0,4.0,0.0,2.0,1.0,1.0,497.2507330967742,522.727273,338.2111437419355,335.4325513548387,499.86950158064514,1.142168,29.89888,1.0,1.0,1.0,1.0,none,0:1.0500|1:0.9300|2:1.0300|3:0.9400|4:0.9500|5:1.1000|6:0.8200|,,2359168,4,146081,636,31,30.8712704839932,31.983781776323028,none,379107
Temkinli,21,697,2013,1,1475,1329,146,6105,188,115,0,0,127,3029450,2027250,986361,305026,65565,71252,86180,0,0,458338,719552,442488,0,277064,277064,0,7023665,86158,0,310343,0,0,4.0,0.0,2.0,1.0,1.0,505.79178893548385,525.454545,331.11876819354836,332.50586512903226,504.67888558064516,1.148751,29.000948451612903,1.0,1.0,1.0,1.0,none,0:1.0500|1:0.9300|2:1.0300|3:0.9400|4:0.9500|5:1.1000|6:0.8200|,,2048388,4,146081,667,31,32.55907838056413,34.53457026448799,none,312257
Temkinli,21,725,2013,2,1313,1170,143,5563,141,100,0,0,119,2736300,1811395,904130,275688,59220,64749,78316,0,0,426157,936371,651388,0,284983,284983,0,7616494,86158,0,324951,0,0,4.0,0.0,2.0,1.0,1.0,510.43831175,528.863636,333.74025971428574,332.9285714642857,507.98214285714283,1.155828,28.329445285714286,1.0,1.0,1.0,1.0,none,0:1.0500|1:0.9300|2:1.0300|3:0.9400|4:0.9500|5:1.1000|6:0.8200|,,1796480,5,146081,698,28,33.0420641011585,34.61692587884285,none,280076
Temkinli,21,756,2013,3,1535,1371,164,6804,121,100,0,0,141,3072495,2039079,1022799,305226,65565,72089,79267,0,0,500652,932196,493412,0,438784,380196,0,8074049,86158,0,339559,0,0,4.0,0.0,2.0,1.0,1.0,504.5747800322581,531.818182,330.3445749032258,331.4765395806451,506.23313777419355,1.162259,30.83156770967742,1.0,1.0,1.0,1.0,none,0:1.0500|1:0.9300|2:1.0300|3:0.9400|4:0.9500|5:1.1000|6:0.8200|,,2083200,5,146081,726,31,33.28887435130081,34.53010574921988,none,354571
Temkinli,21,786,2013,4,1478,1317,161,6756,143,77,0,0,143,3085630,1978069,1092266,295380,63450,70184,77190,0,0,586062,1471897,1043116,0,428781,487369,0,9005654,86158,0,354167,0,0,4.0,0.0,2.0,1.0,1.0,516.4469697666667,535.454545,329.4530301333333,330.3757575333333,514.7712120333333,1.16942,27.129523333333335,1.0,1.0,1.0,1.0,none,0:1.0500|1:0.9300|2:1.0300|3:0.9400|4:0.9500|5:1.1000|6:0.8200|,,1952816,6,146081,757,30,35.39847616208035,36.20777167456674,none,439981
Temkinli,21,817,2013,5,1463,1310,153,6423,176,73,0,0,134,2868210,1858917,991815,305226,65565,72957,80228,0,0,467839,1074569,670328,0,404241,404241,0,9546269,86158,0,368775,0,0,4.0,0.0,2.0,1.0,1.0,518.5703813548387,538.409091,338.14369477419353,335.44574774193546,519.8929618709677,1.176391,28.148609258064518,1.0,1.0,1.0,1.0,none,0:1.0500|1:0.9300|2:1.0300|3:0.9400|4:0.9500|5:1.1000|6:0.8200|,,1902092,6,146081,787,31,34.57958099302353,34.793095222533694,none,321758
Temkinli,21,847,2013,6,1478,1339,139,6306,163,74,0,0,122,2707205,1731277,957147,295380,63450,71024,89850,0,0,437443,101949,-295359,0,397308,317630,0,9264895,89409,0,383934,1089595,0,4.0,0.0,2.0,1.0,1.0,527.4545455,542.045455,339.318182,337.6575758,527.1727272,1.183639,27.150474799999998,1.0,1.0,1.0,1.0,none,0:1.0500|1:0.9300|2:1.0300|3:0.9400|4:0.9500|5:1.1000|6:0.8200|,Emine Uçar:4:38859,1786146,7,151594,818,30,35.355541970408595,35.66873489006647,none,285849
Temkinli,21,878,2013,7,1598,1413,185,7052,121,64,0,0,169,2917880,1908530,991586,311226,66960,73826,93372,0,0,446202,213552,-130775,0,344327,424005,864390,9917595,89409,0,399093,1252462,0,4.0,0.0,2.0,1.0,1.0,522.7199412903226,545.0,343.090909,341.1070380967742,523.4956012258065,1.190696,27.935790967741934,1.0,1.0,1.0,1.0,none,0:1.0500|1:0.9300|2:1.0300|3:0.9400|4:0.9500|5:1.1000|6:0.8200|,Emine Uçar:4:40402,1922720,7,151594,848,31,33.98309731723032,34.36429684448469,none,294608
Temkinli,21,909,2013,8,1413,1269,144,5849,147,40,0,0,130,2569775,1632968,922452,311426,66960,74291,93961,0,0,375814,107873,-229445,0,337318,337318,699432,9526167,89409,0,414252,1252462,0,4.0,0.0,2.0,1.0,1.0,537.6832844193549,549.090909,345.090909,343.41935487096777,535.3357771935483,1.198032,23.892732612903227,1.0,1.0,1.0,1.0,none,0:1.0500|1:0.9300|2:1.0300|3:0.9400|4:0.9500|5:1.1000|6:0.8200|,Emine Uçar:4:40402,1649840,7,151594,879,31,35.89621659483807,35.81892556457947,none,224220
Temkinli,21,939,2013,9,1376,1207,169,5561,166,60,0,0,143,2768420,1790812,958446,301380,64800,72344,79560,0,0,440362,817357,351416,0,465941,465941,863208,10051657,89409,0,429411,1212060,0,4.0,0.0,2.0,1.0,1.0,527.1742425,551.590909,339.454545,341.14393946666667,530.5666666333333,1.205414,25.673480066666666,1.0,1.0,1.0,1.0,none,0:1.0500|1:0.9300|2:1.0300|3:0.9400|4:0.9500|5:1.1000|6:0.8200|,Emine Uçar:4:40402,1800384,7,151594,910,30,34.62068616756128,35.60866263301929,none,288768
Temkinli,21,970,2013,10,1334,1165,169,5183,189,43,0,0,148,2602790,1635388,953933,311426,66960,75190,82708,0,0,417649,519027,148488,0,370539,370539,774568,9884442,89409,0,444570,1252462,0,4.0,0.0,2.0,1.0,1.0,544.5674486129033,555.227273,343.227273,341.85190619354836,539.8005865806451,1.2126,23.049409677419355,1.0,1.0,1.0,1.0,none,0:1.0500|1:0.9300|2:1.0300|3:0.9400|4:0.9500|5:1.1000|6:0.8200|,Emine Uçar:4:40402,1664614,7,151594,940,31,36.65040206854952,36.97249553305977,none,266055
Temkinli,21,1000,2013,11,1424,1274,150,5694,209,26,0,0,122,2943125,1853591,1072086,301380,64800,73215,80520,0,0,552171,982772,551100,0,431672,431672,831228,10522098,89409,0,459729,1212060,0,4.0,0.0,2.0,1.0,1.0,544.5378789666667,558.409091,342.954545,342.2727271333333,544.4636364,1.220071,23.66887223333333,1.0,1.0,1.0,1.0,none,0:1.0500|1:0.9300|2:1.0300|3:0.9400|4:0.9500|5:1.1000|6:0.8200|,Emine Uçar:4:40402,1873800,7,151594,971,30,36.42679125079635,37.01915729888212,none,400577
Temkinli,21,1031,2013,12,1313,1137,176,4989,236,83,0,0,141,2760255,1714763,1032371,311426,66960,76120,92070,0,0,485795,1347290,733271,0,614019,614019,58266,10536606,94286,0,475715,1254139,0,4.0,0.0,2.0,1.0,1.0,552.0307916451612,562.045455,340.81818200000004,341.4310851290322,548.2639296129032,1.227345,22.526461193548386,1.0,1.0,1.0,1.0,none,0:1.0500|1:0.9300|2:1.0300|3:0.9400|4:0.9500|5:1.1000|6:0.8200|,Emine Uçar:4:40402,1731870,7,159862,1001,31,37.40129082276819,38.26101964633273,none,325933
Temkinli,21,1062,2014,1,1298,1118,180,5075,240,42,0,0,147,2917535,1843000,1061377,320426,69037,76586,92628,0,0,502700,904775,461605,0,443170,443170,0,10923716,94286,0,491701,1304449,0,4.0,0.0,2.0,1.0,1.0,556.1656891612903,565.227273,353.545455,349.48826977419355,549.1612903225806,1.234907,21.717276870967744,1.0,1.0,1.0,1.0,none,0:1.0500|1:0.9300|2:1.0300|3:0.9400|4:0.9500|5:1.1000|6:0.8200|,Emine Uçar:4:42079,1862278,7,159862,1032,31,36.379237952586685,36.4316314562385,none,342838
Temkinli,21,1090,2014,2,1252,1077,175,4648,245,59,0,0,142,2732625,1716759,1002218,289688,62356,69623,84224,0,0,496327,1054427,597908,0,456519,456519,0,11454083,94286,0,507687,1178212,0,4.0,0.0,2.0,1.0,1.0,558.4090909642857,569.545455,347.136364,348.69318192857145,554.724026,1.243005,22.18645942857143,1.0,1.0,1.0,1.0,none,0:1.0500|1:0.9300|2:1.0300|3:0.9400|4:0.9500|5:1.1000|6:0.8200|,Emine Uçar:4:42079,1739268,7,159862,1063,28,36.67601665065642,37.834757775782364,none,336465
Temkinli,21,1121,2014,3,1288,1124,164,5088,207,41,0,0,134,2622445,1669859,934730,320726,69037,77547,85281,0,0,382139,685151,155397,0,529754,529754,0,11681867,94286,0,523673,1304449,0,4.0,0.0,2.0,1.0,1.0,555.0659823225806,572.954545,355.454545,352.41642229032254,552.9281523548387,1.250366,23.771924258064516,1.0,1.0,1.0,1.0,none,0:1.0500|1:0.9150|2:1.0300|3:0.9250|4:0.9350|5:1.1000|6:0.8200|,Emine Uçar:4:42079,1693372,7,159862,1091,31,35.64345486749961,35.96174935587657,none,222277
Temkinli,21,1151,2014,4,1321,1157,164,5198,184,33,0,0,147,2774800,1779344,977834,310380,66810,75526,83070,0,0,442048,585213,172303,0,412910,412910,0,11843150,94286,0,539659,1262370,0,4.0,0.0,2.0,1.0,1.0,555.7499998333334,575.454545,359.09090899999995,356.5969697,554.9636364,1.258565,24.050965233333333,1.0,1.0,1.0,1.0,none,0:1.0500|1:0.9250|2:1.0300|3:0.9350|4:0.9450|5:1.1000|6:0.8200|,Emine Uçar:4:42079,1802580,7,159862,1122,30,35.239801066743546,35.38625117270544,none,282186
Temkinli,21,1182,2014,5,1486,1293,193,5942,200,46,0,0,164,3037310,1961369,1060724,320726,69037,78540,86366,0,0,506055,863792,430173,0,433619,433619,0,12281405,94286,0,555645,1304449,0,4.0,0.0,2.0,1.0,1.0,555.9530792258064,579.772727,357.727273,357.53079183870966,557.136363516129,1.266552,25.59244606451613,1.0,1.0,1.0,1.0,none,0:1.0500|1:0.9250|2:1.0300|3:0.9350|4:0.9450|5:1.1000|6:0.8200|,Emine Uçar:4:42079,1973208,7,159862,1152,31,34.92313922516964,35.65513235430697,none,346193
Temkinli,21,1212,2014,6,1401,1244,157,5751,183,30,0,0,140,2748675,1755442,981442,310380,66810,76516,96750,0,0,430986,324588,-145098,0,469686,469686,0,11901402,97537,0,572182,1264144,0,4.0,0.0,2.0,1.0,1.0,563.3257577666666,582.954545,361.636364,359.8015150666667,563.6015152666666,1.274857,25.853539899999998,1.0,1.0,1.0,1.0,none,0:1.0500|1:0.9300|2:1.0300|3:0.9400|4:0.9500|5:1.1000|6:0.8200|,Emine Uçar:4:42079,1791678,7,165375,1183,30,35.70600380183179,35.8033324388138,none,265611
Temkinli,21,1243,2014,7,1537,1325,212,6202,138,55,0,0,190,3074975,1970370,1084694,326726,70432,79563,100626,0,0,507347,461156,20956,0,440200,440200,0,11892782,97537,0,588719,1359443,0,4.0,0.0,2.0,1.0,1.0,573.6143693548388,587.954545,370.07478029032256,366.8211142580645,570.8651026774194,1.282947,24.585160677419356,1.0,1.0,1.0,1.0,none,0:1.0500|1:0.9300|2:1.0300|3:0.9400|4:0.9500|5:1.1000|6:0.8200|,Emine Uçar:4:43853,2007684,7,165375,1213,31,35.27488841372694,35.48369774861869,none,341972
Temkinli,21,1274,2014,8,1440,1260,180,6053,153,33,0,0,160,2936325,1873808,1042319,326926,70432,80090,101277,0,0,463594,843491,312957,0,530534,424292,0,12331716,97537,0,605256,1359443,0,4.0,0.0,2.0,1.0,1.0,570.3958944193548,590.681818,361.045455,363.91642229032254,568.7903225806451,1.291361,24.808090322580643,1.0,1.0,1.0,1.0,none,0:1.0500|1:0.9200|2:1.0300|3:0.9300|4:0.9400|5:1.1000|6:0.8200|,Emine Uçar:4:43853,1874088,7,165375,1244,31,35.49739895958383,36.702655378062815,none,298219
Temkinli,21,1304,2014,9,1288,1101,187,5081,209,52,0,0,168,2777765,1777220,985631,316380,68160,78016,85800,0,0,437275,832404,366215,0,466189,572431,0,12576946,97537,0,621793,1315590,0,4.0,0.0,2.0,1.0,1.0,580.1212120333333,594.3181820000001,374.40909100000005,370.12121203333334,577.8363636333332,1.299829,23.534516033333333,1.0,1.0,1.0,1.0,none,0:1.0500|1:0.9300|2:1.0300|3:0.9400|4:0.9500|5:1.1000|6:0.8200|,Emine Uçar:4:43853,1819434,7,165375,1275,30,35.48287922124442,35.46019638073727,none,271900
Temkinli,21,1335,2014,10,1401,1222,179,5944,186,59,0,0,157,3121745,1980424,1116567,326926,70432,81113,89218,0,0,548878,1028178,513562,0,514616,514616,0,13111149,97537,0,638330,1359443,0,4.0,0.0,2.0,1.0,1.0,579.6187685806451,599.318182,363.454545,366.7727273870968,580.4164223870968,1.308077,24.794966741935482,1.0,1.0,1.0,1.0,none,0:1.0500|1:0.9200|2:1.0300|3:0.9300|4:0.9400|5:1.1000|6:0.8200|,Emine Uçar:4:43853,1971800,7,165375,1305,31,35.767399323134974,37.29420703715,none,383503
Temkinli,21,1365,2014,11,1409,1235,174,5718,210,54,0,0,161,3157105,2026726,1116874,316380,68160,79007,86910,0,0,566417,837637,223298,0,614339,499059,0,13432686,97537,0,654867,1315590,0,4.0,0.0,2.0,1.0,1.0,583.6666668333332,602.272727,377.136364,373.2363636666667,582.9318182666667,1.316655,25.3628611,1.0,1.0,1.0,1.0,none,0:1.0500|1:0.9250|2:1.0300|3:0.9350|4:0.9450|5:1.1000|6:0.8200|,Emine Uçar:4:43853,2081604,7,165375,1336,30,35.37652374564672,35.38497477573243,none,401042
Temkinli,21,1396,2014,12,1316,1158,158,5394,244,48,0,0,137,3207770,2040984,1152161,326926,70432,82167,99417,0,0,573219,1123339,580737,0,542602,657882,0,13916426,102414,0,672231,1361367,0,4.0,0.0,2.0,1.0,1.0,590.9897360645161,606.818182,376.636364,375.84457474193545,590.457478,1.32501,23.095077870967742,1.0,1.0,1.0,1.0,none,0:1.0500|1:0.9300|2:1.0300|3:0.9400|4:0.9500|5:1.1000|6:0.8200|,Emine Uçar:4:43853,2046198,7,173644,1366,31,35.917818297446516,36.27023600983757,none,399575
Temkinli,21,1427,2015,1,1440,1224,216,5606,223,64,0,0,195,3401145,2173894,1210936,335926,72540,82696,100068,0,0,619706,683798,188915,0,494883,494883,0,13886224,102414,0,689595,1419087,0,4.0,0.0,2.0,1.0,1.0,587.587976483871,610.227273,374.954545,375.24340190322584,588.8343108709677,1.3337,22.97104529032258,1.0,1.0,1.0,1.0,none,0:1.0500|1:0.9300|2:1.0300|3:0.9400|4:0.9500|5:1.1000|6:0.8200|,Emine Uçar:4:45777,2184686,8,173644,1397,31,35.60377461119711,36.18750553002639,none,446062
Temkinli,21,1455,2015,2,1166,985,181,4623,194,43,0,0,162,2779650,1770360,993495,303688,65520,75225,91000,0,0,458062,920006,409076,0,510930,510930,0,14364307,102414,0,706959,1281756,0,4.0,0.0,2.0,1.0,1.0,596.14448025,614.5454550000001,383.5,380.1525974285714,595.3246753571428,1.342972,21.632585357142858,1.0,1.0,1.0,1.0,none,0:1.0500|1:0.9300|2:1.0300|3:0.9400|4:0.9500|5:1.1000|6:0.8200|,Emine Uçar:4:45777,1798872,8,173644,1428,28,35.74173007393017,35.66995708168347,none,284418
Temkinli,21,1486,2015,3,1260,1067,193,5084,187,40,0,0,167,2864540,1814775,1034609,336226,72540,83812,92163,0,0,449868,1231394,546405,0,684989,684989,0,14905132,102414,0,724323,1419087,0,4.0,0.0,2.0,1.0,1.0,599.6187681612903,618.409091,377.136364,378.8005864516129,596.8123166774194,1.351403,22.568317741935484,1.0,1.0,1.0,1.0,none,0:1.0500|1:0.9300|2:1.0300|3:0.9400|4:0.9500|5:1.1000|6:0.8200|,Emine Uçar:4:45777,1834488,8,173644,1456,31,36.11780600026531,37.10397605524002,none,276224
Temkinli,21,1516,2015,4,1322,1121,201,5292,187,35,0,0,176,2960910,1876534,1065034,325380,70200,81678,89820,0,0,497956,1141331,579420,0,561911,561911,0,15476459,102414,0,741687,1373310,0,4.0,0.0,2.0,1.0,1.0,598.9848483999999,622.954545,379.818182,378.82424226666666,597.7696969333333,1.360799,23.1563417,1.0,1.0,1.0,1.0,none,0:1.0500|1:0.9300|2:1.0300|3:0.9400|4:0.9500|5:1.1000|6:0.8200|,Emine Uçar:4:45777,1890966,8,173644,1487,30,35.969820089094235,36.5896845279868,none,324312
Temkinli,21,1547,2015,5,1383,1217,166,5693,184,61,0,0,147,3180585,2002060,1156326,336226,72540,84959,93434,0,0,569167,1378672,656053,0,722619,586162,0,16272685,102414,0,759051,1419087,0,4.0,0.0,2.0,1.0,1.0,603.0938413870969,626.818182,379.909091,379.20381258064515,606.0234602903225,1.369954,23.478774258064515,1.0,1.0,1.0,1.0,none,0:1.0500|1:0.9300|2:1.0300|3:0.9400|4:0.9500|5:1.1000|6:0.8200|,Emine Uçar:4:45777,2033856,8,173644,1517,31,36.355764741391916,37.00663728778576,none,395523
Temkinli,21,1577,2015,6,1354,1143,211,5866,175,22,0,0,193,2849420,1786869,1042178,325380,70200,82789,104700,0,0,459109,279324,-201404,0,480728,617185,0,15894091,105665,0,776966,1375351,0,4.0,0.0,2.0,1.0,1.0,610.3560606,632.045455,384.045455,381.8833333666667,609.8575758666666,1.379479,24.021671033333334,1.0,1.0,1.0,1.0,none,0:1.0500|1:0.9300|2:1.0300|3:0.9400|4:0.9500|5:1.1000|6:0.8200|,Emine Uçar:4:45777,1843900,8,179156,1548,30,36.57509247495982,37.078456364884666,none,279953
Temkinli,21,1608,2015,7,1350,1160,190,5551,153,21,0,0,175,2843827,1818138,1012110,336026,72535,86137,108934,0,30284,378194,309063,-129726,0,438789,438789,0,15729979,105665,0,794881,1482358,0,3.870967741935484,0.0,2.0,0.8709677419354839,1.0,608.9222874193548,635.227273,393.727273,389.5058649677419,609.3269794516129,1.38876,23.86219422580645,1.0,1.0,1.0,1.0,none,0:1.0500|1:0.9300|2:1.0300|3:0.9400|4:0.9500|5:1.1000|6:0.8200|,Emine Uçar:4:47818,1827654,8,179156,1578,31,35.589717658633944,35.34030842118832,none,199038
Temkinli,21,1639,2015,8,1363,1172,191,5421,158,16,0,0,180,2779420,1789206,970536,368776,79856,86726,109678,0,1178,324322,125980,-425029,0,551009,551009,0,15081484,105665,0,812796,1482358,0,4.0,0.0,2.0,1.0,1.0,618.3211145806451,640.909091,402.772727,398.83431083870965,620.3240467741936,1.398416,22.89158564516129,1.0,1.0,1.0,1.0,none,0:1.0500|1:0.9300|2:1.0300|3:0.9400|4:0.9500|5:1.1000|6:0.8200|,Emine Uçar:4:47818,1810232,8,179156,1609,31,34.91865209288269,34.86026637256814,none,145166
Temkinli,21,1669,2015,9,1310,1138,172,5421,186,53,0,0,152,3191194,2048829,1124039,356880,77280,84499,92940,0,1351,511089,1128893,582697,0,546196,546196,0,15694470,105665,0,830711,1434540,0,4.0,0.0,2.0,1.0,1.0,625.1363638999999,644.090909,401.181818,400.8136364,622.7015151333333,1.408139,22.760893766666666,1.0,1.0,1.0,1.0,none,0:1.0500|1:0.9300|2:1.0300|3:0.9400|4:0.9500|5:1.1000|6:0.8200|,Emine Uçar:4:47818,2047716,8,179156,1640,30,35.22314845164537,35.82491098467355,none,331933
Temkinli,21,1700,2015,10,1338,1143,195,5248,216,59,0,0,169,3206315,2027581,1162258,368776,79856,87905,96689,0,789,528243,1397164,824081,0,573083,573083,0,16492634,105665,0,848626,1482358,0,4.0,0.0,2.0,1.0,1.0,631.7008799354838,648.8636359999999,399.227273,399.92228741935486,627.0967741612903,1.417612,21.768155548387096,1.0,1.0,1.0,1.0,none,0:1.0500|1:0.9300|2:1.0300|3:0.9400|4:0.9500|5:1.1000|6:0.8200|,Emine Uçar:4:47818,2083926,8,179156,1670,31,36.24902731016759,36.80121625906656,none,349087
Temkinli,21,1730,2015,11,1309,1119,190,5302,165,62,0,0,173,3041280,1934847,1086341,356880,77280,85669,94200,0,863,471449,1306659,568173,0,738486,738486,0,17075278,105665,0,866541,1434540,0,4.0,0.0,2.0,1.0,1.0,627.6363637333333,653.863636,399.136364,399.727273,629.3060605666667,1.427469,22.569398533333334,1.0,1.0,1.0,1.0,none,0:1.0500|1:0.9300|2:1.0300|3:0.9400|4:0.9500|5:1.1000|6:0.8200|,Emine Uçar:4:47818,1935638,8,179156,1701,30,35.71986137415825,36.40643100634894,none,292293
Temkinli,21,1761,2015,12,1328,1126,202,5054,214,59,0,0,183,3153640,2013404,1124371,368776,79856,89114,107818,0,0,478807,1593391,901864,0,691527,691527,0,17966416,110542,0,885283,1484582,0,4.0,0.0,2.0,1.0,1.0,633.9222876129032,658.181818,407.409091,404.5205279032258,634.4178886129033,1.437072,23.00355587096774,1.0,1.0,1.0,1.0,none,0:1.0500|1:0.9300|2:1.0300|3:0.9400|4:0.9500|5:1.1000|6:0.8200|,Emine Uçar:4:47818,2023106,8,187425,1731,31,35.65311830139141,35.73201337751682,none,291382
Temkinli,21,1792,2016,1,1341,1108,233,5308,214,68,0,0,198,3478339,2214176,1255950,377776,81964,89735,108562,0,320,597593,1775351,910047,0,865304,686701,0,19061260,110542,0,904025,1551302,0,4.0,0.0,2.0,1.0,1.0,635.021994,662.272727,406.0,405.45014641935484,635.6935483548388,1.447064,22.870943935483872,1.0,1.0,1.0,1.0,none,0:1.0500|1:0.9200|2:1.0300|3:0.9300|4:0.9400|5:1.1000|6:0.8200|,Emine Uçar:4:50042,2210680,8,187425,1762,31,36.10775142963351,36.065206585584804,none,410168
Temkinli,21,1821,2016,2,1261,1048,213,4834,206,61,0,0,192,3115455,1980424,1123849,353684,76676,84555,102312,0,383,506239,1358351,731276,0,627075,805678,0,19675639,110542,0,922767,1451218,0,4.0,0.0,2.0,1.0,1.0,643.957680413793,667.272727,410.946708862069,408.810344862069,642.4278996206897,1.4576940000000003,22.440914413793102,1.0,1.0,1.0,1.0,none,0:1.0500|1:0.9250|2:1.0300|3:0.9350|4:0.9450|5:1.1000|6:0.8200|,Emine Uçar:4:50042,2026272,8,187425,1793,29,36.07335044158879,36.18420567668303,none,318814
Temkinli,21,1852,2016,3,1420,1186,234,5680,221,41,0,0,206,3452905,2249779,1184577,378076,81964,91007,100099,0,401,533030,-409531,-934504,0,524973,524973,0,18318303,110542,0,941509,1551302,0,4.0,0.0,2.0,1.0,1.0,644.1129031612903,671.1363640000001,421.363636,417.3870968064516,644.260997032258,1.467709,23.643257064516128,1.0,1.0,1.0,1.0,none,0:1.0500|1:0.9300|2:1.0300|3:0.9400|4:0.9500|5:1.1000|6:0.8200|,Emine Uçar:4:50042,2303134,9,187425,1822,31,34.306678000118744,34.5823327041024,none,345605
Temkinli,21,1882,2016,4,1265,1028,237,4985,178,31,0,0,210,3100410,1993605,1087660,365880,79320,88731,97590,0,0,456139,1353417,746097,0,607320,607320,0,18858855,110542,0,960251,1501260,0,4.0,0.0,2.0,1.0,1.0,657.7348484333332,676.590909,425.0636366,422.89545449999997,653.9878788,1.4784910000000002,21.089099066666666,1.0,1.0,1.0,1.0,none,0:1.0500|1:0.9300|2:1.0300|3:0.9400|4:0.9500|5:1.1000|6:0.8200|,Emine Uçar:4:50042,2030424,9,187425,1853,30,35.081166684406256,35.37462130637227,none,268714
Temkinli,21,1913,2016,5,1345,1118,227,5291,203,36,0,0,213,3269630,2121059,1127274,378076,81964,92340,101556,0,0,473338,1790483,923912,0,866571,866571,0,19772267,110542,0,978993,1551302,0,4.0,0.0,2.0,1.0,1.0,657.0674487096774,680.909091,427.727273,425.8225805483871,651.9706745806451,1.489001,21.433199677419353,1.0,1.0,1.0,1.0,none,0:1.0500|1:0.9300|2:1.0300|3:0.9400|4:0.9500|5:1.1000|6:0.8200|,Emine Uçar:4:50042,2129400,9,187425,1883,31,34.47711208913547,34.903597212134976,none,285913
Temkinli,21,1943,2016,6,1403,1201,202,5733,181,21,0,0,184,3187950,2064873,1102598,365880,79320,90021,113850,0,357,453170,1372689,655650,0,717039,717039,0,20318533,117045,0,998838,1503612,0,4.0,0.0,2.0,1.0,1.0,657.2499997,685.6818179999999,426.48030296666667,426.38484853333335,661.0969697333334,1.499939,23.78366863333333,1.0,1.0,1.0,1.0,none,0:1.0500|1:0.9300|2:1.0300|3:0.9400|4:0.9500|5:1.1000|6:0.8200|,Emine Uçar:4:50042,2102014,9,198450,1914,30,34.58642701422544,35.11140309451009,none,254720
Temkinli,21,1974,2016,7,1466,1267,199,5976,120,34,0,0,189,3264240,2093616,1154024,390076,84754,93673,118482,0,826,466213,1552552,685105,0,867447,691552,0,21211465,117045,0,1018683,1624214,0,4.0,0.0,2.0,1.0,1.0,660.0513194193549,692.045455,424.18181799999996,425.14956035483874,662.5058651290323,1.510601,24.275981580645162,1.0,1.0,1.0,1.0,none,0:1.0500|1:0.9300|2:1.0300|3:0.9400|4:0.9500|5:1.1000|6:0.8200|,Emine Uçar:4:52394,2098656,9,198450,1944,31,35.353527926868125,35.73502460791209,none,267763
Temkinli,21,2005,2016,8,1405,1199,206,5609,149,17,0,0,184,3180930,2024479,1134998,390476,84754,94356,119350,0,468,445594,1341381,619180,0,722201,898096,0,21223517,117045,0,1038528,1624214,0,4.0,0.0,2.0,1.0,1.0,668.900293483871,696.590909,429.454545,427.451613,669.686217032258,1.521698,23.781950838709676,1.0,1.0,1.0,1.0,none,0:1.0500|1:0.9300|2:1.0300|3:0.9400|4:0.9500|5:1.1000|6:0.8200|,Emine Uçar:4:52394,2061492,9,198450,1975,31,35.68132590154452,35.79692680903939,none,247144
Temkinli,21,2035,2016,9,1308,1117,191,5435,170,37,0,0,176,3457250,2193566,1245466,377880,82020,92002,101160,0,0,592404,2708085,1736871,0,971214,971214,0,22944533,117045,0,1058373,1571820,0,4.0,0.0,2.0,1.0,1.0,674.0681819333333,702.272727,427.772727,427.85909066666665,678.6333333,1.5328759999999997,24.66443716666667,1.0,1.0,1.0,1.0,none,0:1.0500|1:0.9300|2:1.0300|3:0.9400|4:0.9500|5:1.1000|6:0.8200|,Emine Uçar:4:52394,2209580,9,198450,2006,30,36.02475956323668,36.53865610848435,none,393954
Temkinli,21,2066,2016,10,1297,1119,178,5232,173,32,0,0,163,3520820,2199851,1305342,390476,84754,95750,105276,0,428,628658,2919183,1621654,0,1297529,1297529,0,24447834,117045,0,1078218,1624214,0,4.0,0.0,2.0,1.0,1.0,686.5615835161291,706.1363640000001,426.95454570967746,427.2478005806452,680.3621700322581,1.543772,21.979167838709678,1.0,1.0,1.0,1.0,none,0:1.0500|1:0.9300|2:1.0300|3:0.9400|4:0.9500|5:1.1000|6:0.8200|,Emine Uçar:4:52394,2228326,9,198450,2036,31,37.07494276901404,37.812636774243984,none,430208
Temkinli,21,2096,2016,11,1291,1090,201,5085,140,59,0,0,184,3238557,2023834,1199495,377880,82020,93322,102630,0,950,542693,1246052,383951,0,862101,862101,0,24077822,117045,0,1098063,1571820,0,4.0,0.0,2.0,1.0,1.0,689.6363632,712.272727,432.363636,430.0606059666667,687.9939394666667,1.555113,22.300099033333332,1.0,1.0,1.0,1.0,none,0:1.0500|1:0.9300|2:1.0300|3:0.9400|4:0.9500|5:1.1000|6:0.8200|,Emine Uçar:4:52394,2035148,10,198450,2067,30,37.037946221110204,37.30556289204676,none,344243
Temkinli,21,2127,2016,12,1310,1098,212,4874,226,50,0,0,190,3417625,2173077,1227540,390476,84754,97115,117490,0,0,537705,3956922,2732571,0,1224351,1224351,0,26848872,123547,0,1119010,1627136,0,4.0,0.0,2.0,1.0,1.0,686.4002932903227,716.1363640000001,435.48387112903225,433.73313770967746,688.4780058387097,1.566167,22.166390290322582,1.0,1.0,1.0,1.0,none,0:1.0500|1:0.9300|2:1.0300|3:0.9400|4:0.9500|5:1.1000|6:0.8200|,Emine Uçar:4:52394,2167496,10,209475,2097,31,35.91792545993197,36.55540718936753,none,328230
Temkinli,21,2158,2017,1,1314,1091,223,4983,204,68,0,0,200,3513790,2215917,1275606,402476,87544,97833,118358,0,0,569395,3322640,1841905,0,1480735,1480735,0,28602568,123547,0,1139957,1714796,0,4.0,0.0,2.0,1.0,1.0,704.5967741935484,722.5,446.045455,442.1495600645161,700.3577712903226,1.577672,21.876569645161293,1.0,1.0,1.0,1.0,none,0:1.0500|1:0.9300|2:1.0300|3:0.9400|4:0.9500|5:1.1000|6:0.8200|,Emine Uçar:4:55316,2294140,10,209475,2128,31,36.30285247553212,36.69493370722216,none,359920
Temkinli,21,2186,2017,2,1186,980,206,4443,143,52,0,0,189,3130550,1997330,1114417,363888,79072,89150,107856,0,0,474451,1586107,584820,0,1001287,1001287,0,28385484,123547,0,1160904,1548848,0,4.0,0.0,2.0,1.0,1.0,704.5211037857143,729.0909089999999,450.136364,447.42045453571427,707.1818181071429,1.591718,22.122735928571426,1.0,1.0,1.0,1.0,none,0:1.0500|1:0.9300|2:1.0300|3:0.9400|4:0.9500|5:1.1000|6:0.8200|,Emine Uçar:4:55316,2016476,11,209475,2159,28,35.59812173579722,36.10746909053379,none,264976
Temkinli,21,2217,2017,3,1287,1084,203,5205,169,43,0,0,182,3549395,2253532,1280133,402876,87544,99508,109430,0,620,580155,4859224,3308425,0,1550799,1550799,0,31625503,123547,0,1181851,1714796,0,4.0,0.0,2.0,1.0,1.0,709.8093841612903,733.8636359999999,451.045455,449.3445748064516,706.2976538387096,1.604512,21.81789977419355,1.0,1.0,1.0,1.0,none,0:1.0500|1:0.9300|2:1.0300|3:0.9400|4:0.9500|5:1.1000|6:0.8200|,Emine Uçar:4:55316,2250410,11,209475,2187,31,36.06623100556574,36.45541111957055,none,370680
Temkinli,21,2247,2017,4,1239,1019,220,4493,186,33,0,0,202,3009710,1897950,1091028,389880,84720,97167,106830,0,401,412030,4436851,2564196,0,1872655,1523210,0,34491558,123547,0,1202798,1659480,0,4.0,0.0,2.0,1.0,1.0,723.8636365333333,740.6818179999999,460.09090899999995,455.97575756666663,718.2015152,1.618797,20.6110872,1.0,1.0,1.0,1.0,none,0:1.0500|1:0.9300|2:1.0300|3:0.9400|4:0.9500|5:1.1000|6:0.8200|,Emine Uçar:4:55316,1987072,11,209475,2218,30,36.25026995956421,36.43956046701993,none,202555
Temkinli,21,2278,2017,5,1269,1057,212,4948,182,35,0,0,188,3198200,2076341,1102402,402876,87544,101245,111352,0,983,398402,3819433,2315949,0,1503484,1852929,0,35544585,123547,0,1223745,1714796,0,4.0,0.0,2.0,1.0,1.0,705.2712613225806,747.272727,458.863636,458.0351907419355,707.382697935484,1.632742,23.123642193548385,1.0,1.0,1.0,1.0,none,0:1.0500|1:0.9100|2:1.0300|3:0.9200|4:0.9300|5:1.1000|6:0.8200|,Emine Uçar:4:55316,2080344,12,209475,2248,31,34.46945156650616,34.9379932000203,none,188927
Temkinli,21,2308,2017,6,1444,1201,243,6195,113,36,0,3,232,3647965,2368315,1259287,389880,84720,98878,125040,0,530,560239,4842102,3139419,0,1702683,1702683,0,32898794,130050,0,1245795,2238594,0,4.0,0.0,2.0,1.0,1.0,706.5681817000001,754.3181820000001,457.40909100000005,457.7045454666667,707.2000000666667,1.647278,25.829636333333333,1.0,1.0,1.0,1.0,none,0:1.0500|1:0.9050|2:1.0300|3:0.9150|4:0.9250|5:1.1000|6:0.8200|,Emine Uçar:4:55316|Serap Öztürk:6:22105,2364726,12,220500,2279,30,34.52025992573942,35.26327637631861,none,339739
Temkinli,21,2339,2017,7,1397,1160,237,5625,165,30,0,0,207,3486170,2179227,1291341,291126,62484,103043,130324,0,0,704364,4673897,2592456,0,2081441,2081441,0,33536144,130050,0,1267845,2535955,0,3.193548387096774,0.0,2.0,0.1935483870967742,1.0,729.1862168064516,760.0,458.227273,457.6759529354839,724.6129031612903,1.661468,23.24877064516129,1.0,1.0,1.0,1.0,none,0:1.0500|1:0.9250|2:1.0300|3:0.9350|4:0.9450|5:1.1000|6:0.8200|,Emine Uçar:4:58448|Serap Öztürk:6:23357,2242284,12,220500,2309,31,37.041825269565166,37.159087426685744,none,483864
Temkinli,21,2370,2017,8,1428,1190,238,5691,107,28,0,0,220,3594350,2241967,1335265,362626,78480,103972,131471,0,37705,621011,5371753,3576951,0,1794802,1794802,0,36940357,130050,0,1289895,2535955,0,3.5806451612903225,0.0,2.0,0.5806451612903226,1.0,739.7727273870967,766.818182,462.772727,460.5249267096774,739.0997067419354,1.67626,23.23280712903226,1.0,1.0,1.0,1.0,none,0:1.0500|1:0.9300|2:1.0300|3:0.9400|4:0.9500|5:1.1000|6:0.8200|,Emine Uçar:4:58448|Serap Öztürk:6:23357,2209126,12,220500,2340,31,37.14899773255248,37.443932458211926,none,400511
Temkinli,21,2400,2017,9,1332,1108,224,5189,162,60,0,0,199,3533865,2259478,1238816,421380,91800,101490,111630,0,1105,511411,5132752,3258691,0,1874061,1874061,0,40015825,130050,0,1311945,2454150,0,4.0,0.0,2.0,1.0,1.0,749.3257573333334,773.863636,482.636364,475.19242426666665,750.6287879333333,1.691183,23.199932333333333,1.0,1.0,1.0,1.0,none,0:1.0500|1:0.9300|2:1.0300|3:0.9400|4:0.9500|5:1.1000|6:0.8200|,Emine Uçar:4:58448|Serap Öztürk:6:23357,2373836,12,220500,2371,30,35.055555319741984,35.59058136242581,none,290911
Temkinli,21,2431,2017,10,1317,1069,248,5339,164,37,0,0,238,3817700,2406989,1385456,435426,94860,105802,116343,0,0,633025,4319939,2034129,0,2285810,2285810,0,39162488,130050,0,1333995,2535955,0,4.0,0.0,2.0,1.0,1.0,765.1099705806452,781.1363640000001,481.18181799999996,480.2888561290323,755.4956012903226,1.705752,21.764470548387095,1.0,1.0,1.0,1.0,none,0:1.0500|1:0.9300|2:1.0300|3:0.9400|4:0.9500|5:1.1000|6:0.8200|,Emine Uçar:4:58448|Serap Öztürk:6:23357,2433648,13,220500,2401,31,36.29033187521282,37.109456613821266,none,412525
Temkinli,21,2461,2017,11,1292,1050,242,4996,193,51,0,0,224,3413970,2155511,1233290,421380,91800,103290,113580,0,1057,502183,6672035,4447972,0,2224063,2224063,0,43520927,130050,0,1356045,2454150,0,4.0,0.0,2.0,1.0,1.0,772.0681817000001,787.272727,488.045455,484.8136363666666,765.8848485333333,1.720938,21.29714673333333,1.0,1.0,1.0,1.0,none,0:1.0500|1:0.9300|2:1.0300|3:0.9400|4:0.9500|5:1.1000|6:0.8200|,Emine Uçar:4:58448|Serap Öztürk:6:23357,2199670,13,220500,2432,30,36.12480484597111,36.78725965297736,none,281683
Temkinli,21,2492,2017,12,1356,1151,205,5498,167,90,0,0,182,3979042,2530415,1423466,435426,94860,107662,130231,0,3929,651358,6624439,3883821,0,2740618,2333309,0,47680576,136552,0,1379197,2540519,0,4.0,0.0,2.0,1.0,1.0,771.1217007096775,794.545455,488.0439881612904,486.86950158064514,770.6158356451613,1.735763,22.69633941935484,1.0,1.0,1.0,1.0,none,0:1.0500|1:0.9300|2:1.0300|3:0.9400|4:0.9500|5:1.1000|6:0.8200|,Emine Uçar:4:58448|Serap Öztürk:6:23357,2556990,13,231525,2462,31,35.77408833583561,36.70986204743888,none,419833
Temkinli,21,2523,2018,1,1344,1073,271,5207,206,74,0,0,238,3844440,2452601,1366807,447426,97650,108594,131378,0,0,581759,6505164,4066363,0,2438801,2846110,0,50308757,136552,0,1402349,2677439,0,4.0,0.0,2.0,1.0,1.0,764.1935482903225,801.590909,482.68181799999996,484.27565977419357,759.6290322580645,1.751216,24.822222838709678,1.0,1.0,1.0,1.0,none,0:1.0500|1:0.9200|2:1.0300|3:0.9300|4:0.9400|5:1.1000|6:0.8200|,Emine Uçar:4:61708|Serap Öztürk:6:24660,2484018,14,231525,2493,31,35.55282433852525,36.83775280753538,none,350234
Temkinli,21,2551,2018,2,1359,1120,239,5563,168,65,0,0,226,3987410,2536846,1430695,404488,88200,98980,119728,0,0,719299,7910854,5231224,0,2679630,2679630,0,54562626,136552,0,1425501,2418332,0,4.0,0.0,2.0,1.0,1.0,765.2759738928571,809.0909089999999,486.954545,485.39610392857145,764.0600649642857,1.766807,26.920450964285717,1.0,1.0,1.0,1.0,none,0:1.0500|1:0.9200|2:1.0300|3:0.9300|4:0.9400|5:1.1000|6:0.8200|,Emine Uçar:4:61708|Serap Öztürk:6:24660,2546556,15,231525,2524,28,35.88030827028071,36.3687660906265,none,487774
Temkinli,21,2582,2018,3,1484,1168,316,6143,167,53,0,0,288,4200010,2708973,1467733,447826,97650,110454,121458,0,1944,688401,10713045,7642452,0,3070593,3070593,0,61155098,136552,0,1448653,2677439,0,4.0,0.0,2.0,1.0,1.0,762.8739002258066,815.227273,488.772727,487.489736,764.7991201290323,1.781008,28.649591612903226,1.0,1.0,1.0,1.0,none,0:1.0500|1:0.9200|2:1.0300|3:0.9300|4:0.9400|5:1.1000|6:0.8200|,Emine Uçar:4:61708|Serap Öztürk:6:24660,2722874,16,231525,2552,31,34.94594060490332,35.93007614294762,none,456876
Temkinli,21,2612,2018,4,1350,1094,256,5472,194,26,0,0,237,3828875,2453690,1352432,433380,94500,107851,118590,0,1019,597092,10444664,6432269,0,4012395,4012395,0,66495779,136552,0,1471805,2591070,0,4.0,0.0,2.0,1.0,1.0,789.8106059,822.045455,507.545455,501.3984848666667,784.6681817666666,1.796864,25.965126333333334,1.0,1.0,1.0,1.0,none,0:1.0500|1:0.9300|2:1.0300|3:0.9400|4:0.9500|5:1.1000|6:0.8200|,Emine Uçar:4:61708|Serap Öztürk:6:24660,2527214,17,231525,2583,30,35.3219157063106,35.73833382224021,none,365567
Temkinli,21,2643,2018,5,1474,1194,280,6012,191,76,0,0,267,4478235,2864735,1592961,447826,97650,112407,123597,0,2823,808658,13917931,9796380,0,4121551,4121551,0,73019274,136552,0,1494957,2677439,0,4.0,0.0,2.0,1.0,1.0,795.9017594516129,829.772727,506.136364,505.5161290645161,789.2360704516129,1.812343,24.758342032258064,1.0,1.0,1.0,1.0,none,0:1.0500|1:0.9300|2:1.0300|3:0.9400|4:0.9500|5:1.1000|6:0.8200|,Emine Uçar:4:61708|Serap Öztürk:6:24660,2868576,18,231525,2613,31,35.57117927040452,36.40718116407547,none,577133
Temkinli,21,2673,2018,6,1550,1271,279,6706,138,35,0,2,266,4144005,2681827,1429134,433380,94500,109741,138780,0,1810,650923,14236630,10122230,0,4114400,4114400,0,81968768,144680,0,1519487,2595961,0,4.0,0.0,2.0,1.0,1.0,784.6893936333333,837.272727,498.09090899999995,500.83939403333335,789.7909091333333,1.828478,29.456910766666667,1.0,1.0,1.0,1.0,none,0:1.0500|1:0.9200|2:1.0300|3:0.9300|4:0.9400|5:1.1000|6:0.8200|,Emine Uçar:4:61708|Serap Öztürk:6:24660,2716154,19,245306,2644,30,34.48678271382395,36.52381272879216,none,405617
Temkinli,21,2704,2018,7,1513,1259,254,6608,170,29,0,0,235,4474850,2870135,1584311,468426,102390,114361,144646,0,40446,714042,14118357,8932491,0,5185866,5185866,0,85734829,144680,0,1544017,2829060,0,3.838709677419355,0.0,2.0,0.8387096774193549,1.0,811.6642230645161,844.318182,519.863636,513.4472140645162,801.3196481612903,1.84423,26.566221548387098,1.0,1.0,1.0,1.0,none,0:1.0500|1:0.9300|2:1.0300|3:0.9400|4:0.9500|5:1.1000|6:0.8200|,Emine Uçar:4:65203|Serap Öztürk:6:26057,2925082,20,245306,2674,31,35.4047845179168,35.95089924781888,none,468736
Temkinli,21,2735,2018,8,1499,1211,288,6257,163,41,0,0,261,4048720,2641802,1392381,528426,115785,115384,145917,0,542,486327,18261789,13047728,0,5214061,5214061,0,97423128,144680,0,1568547,2829060,0,4.0,0.0,2.0,1.0,1.0,804.1642229354838,851.590909,520.727273,519.3489735483871,809.5586511290322,1.860649,27.92124793548387,1.0,1.0,1.0,1.0,none,0:1.0500|1:0.9300|2:1.0300|3:0.9400|4:0.9500|5:1.1000|6:0.8200|,Emine Uçar:4:65203|Serap Öztürk:6:26057,2651850,21,245306,2705,31,34.39064692050821,35.246152695134676,none,241021
Temkinli,21,2765,2018,9,1452,1179,273,6219,165,52,0,0,258,4614985,2921938,1664093,511380,112050,112653,123900,0,1897,802213,25087143,17303216,0,7783927,6364235,0,115304273,144680,0,1593077,2737800,0,4.0,0.0,2.0,1.0,1.0,819.1287878666667,859.3181820000001,513.363636,515.5333333666666,822.6833334333334,1.877214,26.637995933333332,1.0,1.0,1.0,1.0,none,0:1.0500|1:0.9300|2:1.0300|3:0.9400|4:0.9500|5:1.1000|6:0.8200|,Emine Uçar:4:65203|Serap Öztürk:6:26057,2937990,22,245306,2736,30,36.058470395895114,37.32809252901479,none,556907
Temkinli,21,2796,2018,10,1358,1117,241,5451,212,35,0,0,218,4229645,2612624,1593459,528426,115785,117430,129115,0,1325,701378,26628402,19736825,0,6891577,8311269,0,132474146,144680,0,1617607,2829060,0,4.0,0.0,2.0,1.0,1.0,841.3636364193549,866.3636359999999,520.0,517.8064515806451,827.2844574838709,1.893385,23.676260322580646,1.0,1.0,1.0,1.0,none,0:1.0500|1:0.9300|2:1.0300|3:0.9400|4:0.9500|5:1.1000|6:0.8200|,Emine Uçar:4:65203|Serap Öztürk:6:26057,2684382,23,245306,2766,31,37.67358726323368,38.19556996627554,none,456072
Temkinli,21,2826,2018,11,1313,1077,236,5394,162,43,0,0,222,3986565,2557724,1401227,511380,112050,114633,126090,0,458,536616,25884659,18963179,0,6921480,6921480,0,147955032,144680,0,1642137,2737800,0,4.0,0.0,2.0,1.0,1.0,838.5681816333333,874.090909,541.1787880666667,533.6757576,837.3060605666667,1.910241,24.979442066666664,1.0,1.0,1.0,1.0,none,0:1.0500|1:0.9300|2:1.0300|3:0.9400|4:0.9500|5:1.1000|6:0.8200|,Emine Uçar:4:65203|Serap Öztürk:6:26057,2582910,24,245306,2797,30,35.148730799573066,35.46394915526393,none,291310
Temkinli,21,2857,2018,12,1359,1067,292,5151,201,75,0,0,263,4290200,2696786,1572137,528426,115785,119478,144553,0,567,663328,32624620,22958097,0,9666523,9666523,0,169998810,156060,0,1668597,2835854,0,4.0,0.0,2.0,1.0,1.0,839.7580642580646,881.3636359999999,523.772727,528.3401759354839,839.9017595483871,1.926697,24.438882387096776,1.0,1.0,1.0,1.0,none,0:1.0500|1:0.9200|2:1.0300|3:0.9300|4:0.9400|5:1.1000|6:0.8200|,Emine Uçar:4:65203|Serap Öztürk:6:26057,2681844,25,264600,2827,31,36.644841732320174,37.62813966392107,none,398728
Temkinli,21,2888,2019,1,1295,1022,273,5028,186,51,0,0,256,4298263,2702291,1566004,549426,120652,120574,145824,0,1116,628412,30493678,22566637,0,7927041,7927041,0,191189839,156060,0,1695057,3039674,0,4.0,0.0,2.0,1.0,1.0,853.2258065161291,889.318182,538.454545,534.0425220645161,850.9252198387097,1.94385,22.029749387096775,1.0,1.0,1.0,1.0,none,0:1.0500|1:0.9300|2:1.0300|3:0.9400|4:0.9500|5:1.1000|6:0.8200|,Emine Uçar:4:70058|Serap Öztürk:6:27996,2804838,26,264600,2858,31,36.43341507953329,36.89190588378889,none,363812
Temkinli,21,2916,2019,2,1148,902,246,4524,169,31,0,0,231,3719700,2352861,1355067,496888,108976,110195,133280,0,1121,504607,28277334,20165616,0,8111718,8111718,0,210141092,156060,0,1721517,2745512,0,4.0,0.0,2.0,1.0,1.0,872.7759737857143,900.0,553.181818,546.7613636428571,864.4935065357142,1.967061,21.429994714285716,1.0,1.0,1.0,1.0,none,0:1.0500|1:0.9300|2:1.0300|3:0.9400|4:0.9500|5:1.1000|6:0.8200|,Emine Uçar:4:70058|Serap Öztürk:6:27996,2371176,27,264600,2889,28,36.42947011855795,36.61812027197046,none,240007
Temkinli,21,2947,2019,3,1201,926,275,4237,167,18,0,0,245,3275760,2056105,1202940,550126,120652,123334,135594,0,1693,271541,35360518,24374348,0,10986170,9025360,0,235311479,156060,0,1747977,3039674,0,4.0,0.0,2.0,1.0,1.0,877.8005861612904,909.090909,552.7492672258064,550.9912024516128,877.9340177419355,1.988265,20.12632012903226,1.0,1.0,1.0,1.0,none,0:1.0500|1:0.9300|2:1.0300|3:0.9400|4:0.9500|5:1.1000|6:0.8200|,Emine Uçar:4:70058|Serap Öztürk:6:27996,2108800,28,264600,2917,31,36.72247051066012,37.03020071528613,none,6941
Temkinli,21,2977,2019,4,1250,1000,250,4757,182,35,0,0,225,3750775,2296982,1434242,532380,116760,120767,132780,0,3110,528445,40166435,29931953,0,10234482,12195292,0,261627438,156060,0,1774437,2941620,0,4.0,0.0,2.0,1.0,1.0,897.1212122,922.045455,549.045455,550.0742424333333,887.0590908666667,2.012006,19.508009166666668,1.0,1.0,1.0,1.0,none,0:1.0500|1:0.9300|2:1.0300|3:0.9400|4:0.9500|5:1.1000|6:0.8200|,Emine Uçar:4:70058|Serap Öztürk:6:27996,2314210,29,264600,2948,30,38.2385506995221,38.799189280835066,none,263845
Temkinli,21,3008,2019,5,1323,1057,266,5003,170,31,0,0,239,3925210,2440978,1458109,550126,120652,126249,138818,0,4237,518027,43255322,32583546,0,10671776,10671776,0,289487580,156060,0,1800897,3039674,0,4.0,0.0,2.0,1.0,1.0,888.9222873225807,931.818182,551.590909,550.5601171935484,887.8695015483871,2.035252,21.022717677419354,1.0,1.0,1.0,1.0,none,0:1.0500|1:0.9200|2:1.0300|3:0.9300|4:0.9400|5:1.1000|6:0.8200|,Emine Uçar:4:70058|Serap Öztürk:6:27996,2447616,30,264600,2978,31,37.147286387225144,37.94835421874923,none,253427
Temkinli,21,3038,2019,6,1301,1055,246,5035,159,34,0,0,228,3831355,2364546,1440116,532380,116760,123618,156330,0,0,511028,37475064,24729625,0,12745439,10191604,0,315409685,167439,0,1829286,2949038,0,4.0,0.0,2.0,1.0,1.0,898.8181819666667,942.954545,558.636364,555.2954545666666,896.8227272333334,2.059555,21.3487789,1.0,1.0,1.0,1.0,none,0:1.0500|1:0.9200|2:1.0300|3:0.9300|4:0.9400|5:1.1000|6:0.8200|,Emine Uçar:4:70058|Serap Öztürk:6:27996,2388428,31,283894,3009,30,37.587641970008,37.84767873991256,none,227134
Temkinli,21,3069,2019,7,1247,1007,240,4890,157,20,0,0,219,3865895,2396576,1451530,571126,125550,129226,163401,0,0,462227,33406171,24286699,0,9119472,11673307,0,325657893,167439,0,1857675,3269632,0,4.0,0.0,2.0,1.0,1.0,919.0909091935484,953.409091,577.909091,569.8211143870968,908.6671554193549,2.08335,19.505658258064514,1.0,1.0,1.0,1.0,none,0:1.0500|1:0.9300|2:1.0300|3:0.9400|4:0.9500|5:1.1000|6:0.8200|,Emine Uçar:4:75358|Serap Öztürk:6:30114,2464848,33,283894,3039,31,37.54706219387749,37.121661718198986,none,178333
Temkinli,21,3100,2019,8,1236,1001,235,4845,139,25,0,0,215,3706260,2311241,1358932,571826,125550,130747,165354,0,1442,364013,34965447,25230867,0,9734580,9734580,0,341190658,167439,0,1886064,3269632,0,4.0,0.0,2.0,1.0,1.0,930.2272726129033,965.454545,584.681818,580.526393,930.4897361612902,2.108227,20.49169841935484,1.0,1.0,1.0,1.0,none,0:1.0500|1:0.9300|2:1.0300|3:0.9400|4:0.9500|5:1.1000|6:0.8200|,Emine Uçar:4:75358|Serap Öztürk:6:30114,2338902,34,283894,3070,31,36.66585722534307,37.14634743424639,none,80119
Temkinli,21,3130,2019,9,1186,952,234,4525,212,38,0,0,211,4024905,2585455,1422172,553380,121500,128059,140790,0,1669,476774,35387240,22137644,0,13249596,13249596,0,349922169,167439,0,1914453,3164160,0,4.0,0.0,2.0,1.0,1.0,937.9166664666667,976.590909,614.5757576,601.0787879,940.3196971,2.133401,20.216025133333336,1.0,1.0,1.1625,0.95125,0,0:1.0500|1:0.9300|2:1.0300|3:0.9400|4:0.9500|5:1.1000|6:0.8200|,Emine Uçar:4:75358|Serap Öztürk:6:30114,2667394,35,283894,3101,30,35.33429981577205,34.474375008684014,none|0,192880
Temkinli,21,3161,2019,10,1248,996,252,4667,232,54,0,0,218,4198977,2767652,1406898,571826,125550,133848,147188,0,1095,427391,42376009,30515772,0,11860237,11860237,0,373304150,167439,0,1942842,3269632,0,4.0,0.0,2.0,1.0,1.0,950.7404692580645,987.727273,627.1363640000001,621.101173064516,947.6862169677419,2.158049,20.39874403225806,1.0,1.0,1.25,0.925,0,0:1.0500|1:0.9300|2:1.0300|3:0.9400|4:0.9500|5:1.1000|6:0.8200|,Emine Uçar:4:75358|Serap Öztürk:6:30114,2814280,36,283894,3131,31,33.50573246769392,34.03706013593778,0,143497
Temkinli,21,3191,2019,11,1125,885,240,4112,233,12,0,0,211,3647415,2341172,1287540,553380,121500,131090,144120,0,3609,333841,48308086,37264475,0,11043611,11043611,0,345358036,167439,0,1971231,3164160,0,4.0,0.0,2.0,1.0,1.0,968.8333330333334,999.772727,622.909091,623.1636362666667,962.3454545999999,2.183819,18.16776563333333,1.0,1.0,1.25,0.925,0,0:1.0500|1:0.9300|2:1.0300|3:0.9400|4:0.9500|5:1.1000|6:0.8200|,Emine Uçar:4:75358|Serap Öztürk:6:30114,2359022,37,283894,3162,30,35.30006867877661,35.705237447835785,0,49947
Temkinli,21,3222,2019,12,1185,928,257,4184,276,33,0,0,220,4293905,2803105,1466227,571826,125550,137011,165726,0,3287,462827,51734793,36239732,0,15495061,15495061,0,367006150,180444,0,2001825,3277530,0,4.0,0.0,2.0,1.0,1.0,967.3460411290323,1010.681818,627.3636359999999,625.0835777096773,966.1085044516128,2.209049,18.42816241935484,1.0,1.0,1.25,0.925,0,0:1.0500|1:0.9300|2:1.0300|3:0.9400|4:0.9500|5:1.1000|6:0.8200|,Emine Uçar:4:75358|Serap Öztürk:6:30114,2806734,38,305944,3192,31,34.14670329222468,35.14589305934656,0,156883
Temkinli,21,3253,2020,1,1235,934,301,4199,230,47,0,0,261,4193265,2714335,1443872,595826,131130,138654,167710,0,5117,405435,31225275,17047709,0,14177566,14177566,0,419142689,180444,0,2032419,3514470,0,4.0,0.0,2.0,1.0,1.0,979.6187683870967,1023.409091,630.545455,628.1158359032258,979.8240468387096,2.235427,19.953440903225808,1.0,1.0,1.25,0.925,0,0:1.0500|1:0.9300|2:1.0300|3:0.9400|4:0.9500|5:1.1000|6:0.8200|,Emine Uçar:4:81001|Serap Öztürk:6:32369,2800402,39,305944,3223,31,34.43312073050475,35.633587743713,0,99491
Temkinli,21,3282,2020,2,1119,847,272,3804,223,25,0,0,245,3925314,2534829,1359091,558134,122670,131247,158746,0,3233,385061,46317296,31708011,0,14609285,14609285,0,448856287,180444,0,2063013,3287730,0,4.0,0.0,2.0,1.0,1.0,998.315047,1035.227273,645.753918275862,638.7413793103449,1000.6536049310345,2.262121,19.361232793103447,0.9862068965517242,0.9862068965517242,1.2498275862068964,0.9227830344827587,1,0:1.0500|1:0.9300|2:1.0300|3:0.9400|4:0.9500|5:1.1000|6:0.8200|,Emine Uçar:4:81001|Serap Öztürk:6:32369,2585068,40,305944,3254,29,34.6237523928022,35.315618028958546,0|1,79117
Temkinli,21,3313,2020,3,1119,823,296,3756,296,17,0,0,250,3651106,2340881,1288199,596626,131130,141879,155992,0,2046,260526,56594447,36712723,0,19881724,19881724,0,464989073,180444,0,2093607,3514470,0,4.0,0.0,2.0,1.0,1.0,1009.5747798387097,1047.045455,646.2932551290322,644.2375366774193,1006.1011729354839,2.28738,19.29952780645161,0.9,0.9,1.2341666774193547,0.8015934193548386,1,0:1.0500|1:0.9300|2:1.0300|3:0.9400|4:0.9500|5:1.1000|6:0.8200|,Emine Uçar:4:81001|Serap Öztürk:6:32369,2401952,41,305944,3283,31,35.28243222738534,35.983617257922745,1,-45418
Temkinli,21,3343,2020,4,1257,946,311,4549,357,20,0,0,261,4202505,2760240,1421531,577380,126900,138924,152760,0,1475,424092,63444941,45401314,0,18043627,18043627,0,497895255,180444,0,2124201,3401100,0,4.0,0.0,2.0,1.0,1.0,1010.2121212666666,1058.863636,669.5121212,659.8636363666667,1009.7272726333334,2.314693,20.998345233333335,0.9,0.9,1.20875,0.8,1,0:1.0500|1:0.9200|2:1.0300|3:0.9300|4:0.9400|5:1.1000|6:0.8200|,Emine Uçar:4:81001|Serap Öztürk:6:32369,2782614,42,305944,3314,30,33.825801516000574,33.725590189857925,1,118148
Temkinli,21,3374,2020,5,1255,940,315,4688,295,13,0,0,269,4200617,2711652,1461947,596626,131130,145229,159681,0,1412,427869,74388205,50136698,0,24251507,19447884,0,532793226,180444,0,2154795,3514470,0,4.0,0.0,2.0,1.0,1.0,1032.8445746451612,1072.045455,668.9472140645162,667.4384163870967,1027.7829911935485,2.341436,19.756096322580646,0.9,0.9,1.183333322580645,0.8,1,0:1.0500|1:0.9300|2:1.0300|3:0.9400|4:0.9500|5:1.1000|6:0.8200|,Emine Uçar:4:81001|Serap Öztürk:6:32369,2724836,43,305944,3344,31,34.80314915642155,35.23253832317062,1,121925
Temkinli,21,3404,2020,6,1115,844,271,4121,270,23,0,0,228,3391340,2192171,1176866,577380,126900,142225,179850,0,2817,147694,76523987,55137111,0,21386876,26190499,0,577494793,193449,0,2187594,3409679,0,4.0,0.0,2.0,1.0,1.0,1032.6590911333333,1084.545455,674.0636364000001,671.1833332666666,1032.4060605333334,2.369395,20.125827266666665,0.9,0.9,1.1579166666666665,0.8,1,0:1.0500|1:0.9300|2:1.0300|3:0.9400|4:0.9500|5:1.1000|6:0.8200|,Emine Uçar:4:81001|Serap Öztürk:6:32369,2270572,44,327994,3375,30,34.70209415747168,34.725444032045296,1,-180300
Temkinli,21,3435,2020,7,1207,871,336,4084,280,20,0,0,276,3697295,2341478,1341530,620626,136710,148671,187984,0,2921,244618,84149886,64748445,0,19401441,19401441,0,575378017,193449,0,2220393,3780419,0,4.0,0.0,2.0,1.0,1.0,1051.2096774193549,1097.5,662.7961876774194,666.9780058709678,1049.1114370322582,2.39677,19.557571322580646,0.9,0.9,1.1325,0.8,1,0:1.0500|1:0.9300|2:1.0300|3:0.9400|4:0.9500|5:1.1000|6:0.8200|,Emine Uçar:4:87129|Serap Öztürk:6:34819,2351962,45,327994,3405,31,36.28409418236846,36.94919273341005,1,-83376
Temkinli,21,3466,2020,8,1165,869,296,4023,296,17,0,0,248,3600135,2261004,1319810,621426,136710,150439,190216,0,0,221019,85663828,54517513,0,31146315,31146315,0,629116815,193449,0,2253192,3780419,0,4.0,0.0,2.0,1.0,1.0,1063.6363633548387,1109.545455,669.5073313870968,667.1363637741935,1062.9604105483872,2.4253900000000006,19.87117687096774,0.9,0.9,1.1066666774193548,0.8,1,0:1.0500|1:0.9300|2:1.0300|3:0.9400|4:0.9500|5:1.1000|6:0.8200|,Emine Uçar:4:87129|Serap Öztürk:6:34819,2234642,46,327994,3436,31,36.6600141383587,37.05486626318519,1,-106975
Temkinli,21,3496,2020,9,1051,800,251,3636,281,14,0,0,204,3559050,2203752,1326343,601380,132300,147326,162000,0,746,282591,106755994,78504184,0,28251810,28251810,0,666354838,193449,0,2285991,3658470,0,4.0,0.0,2.0,1.0,1.0,1089.5075757333334,1123.8636359999998,677.2590908333333,673.5106060333333,1081.2651513666667,2.454351,19.149334333333336,0.9,0.9,1.08125,0.8,1,0:1.0500|1:0.9300|2:1.0300|3:0.9400|4:0.9500|5:1.1000|6:0.8200|,Emine Uçar:4:87129|Serap Öztürk:6:34819,2280944,47,327994,3467,30,37.26677062699316,37.838055841192386,1,-45403
Temkinli,21,3527,2020,10,1169,854,315,3932,368,18,0,0,257,4054855,2515302,1507411,621426,136710,153975,169322,0,2121,423857,125163689,94108006,0,31055683,31055683,0,746440994,193449,0,2318790,3780419,0,4.0,0.0,2.0,1.0,1.0,1096.055718548387,1136.590909,681.1862170645161,678.4002933225806,1090.0410558387096,2.482707,18.453192193548386,0.9,0.9,1.055833322580645,0.8,1,0:1.0500|1:0.9300|2:1.0300|3:0.9400|4:0.9500|5:1.1000|6:0.8200|,Emine Uçar:4:87129|Serap Öztürk:6:34819,2524786,48,327994,3497,31,37.175460034945765,37.85113242539556,1,95863
Temkinli,21,3557,2020,11,1097,812,285,3866,328,21,0,0,232,4088109,2555993,1507859,601380,132300,150808,165810,0,5517,452044,122454936,81978268,0,40476668,40476668,0,800456707,193449,0,2351589,3658470,0,4.0,0.0,2.0,1.0,1.0,1112.8863633666667,1150.454545,697.9606060666666,690.5393939999999,1103.0893938333334,2.512353,18.1543383,0.9,0.9,1.0304166666666668,0.8,1,0:1.0500|1:0.9300|2:1.0300|3:0.9400|4:0.9500|5:1.1000|6:0.8200|,Emine Uçar:4:87129|Serap Öztürk:6:34819,2588406,49,327994,3528,30,36.88402143876301,37.283748903597,1,124050
Temkinli,21,3588,2020,12,1193,878,315,3964,301,30,0,0,255,4415795,2733579,1655195,621426,136710,157633,190650,0,5057,543719,153796220,116019007,0,37777213,37777213,0,894260473,204829,0,2386318,3787792,0,4.0,0.0,2.0,1.0,1.0,1104.9046920645162,1163.409091,677.1920821935485,683.8005864838709,1105.2463342903225,2.54138,20.092900387096773,0.9,0.9,1.0062096774193547,0.8,1,0:1.0500|1:0.9200|2:1.0300|3:0.9300|4:0.9400|5:1.1000|6:0.8200|,Emine Uçar:4:87129|Serap Öztürk:6:34819,2789840,50,347287,3558,31,37.48351089667885,38.71036234553281,1,196432
Temkinli,21,3619,2021,1,1097,818,279,3740,268,45,0,0,239,4519700,2790961,1693786,669026,147575,159483,192944,0,60778,463980,111161766,72126078,0,39035688,30986258,0,927485704,204829,0,2421047,4008982,0,3.838709677419355,0.0,2.0,0.8387096774193549,1.0,1132.998533903226,1176.818182,705.5,695.5029325806452,1131.649560032258,2.571726,18.68765764516129,0.9193548387096774,0.9193548387096774,1.0,0.803225806451613,none,0:1.0500|1:0.9300|2:1.0300|3:0.9400|4:0.9500|5:1.1000|6:0.8200|,Emine Uçar:4:92398|Serap Öztürk:6:36924,2791026,51,347287,3589,31,37.475628913423456,37.73160521492258,1|none,116693
Temkinli,21,3647,2021,2,1098,829,269,4083,174,21,0,0,252,4840130,3009785,1808316,667688,147420,145450,175952,0,3077,668729,116235751,80698917,0,35536834,34959924,0,1005476456,204829,0,2455776,3621016,0,4.0,0.0,2.0,1.0,1.0,1138.9772727499999,1188.863636,706.636364,704.0730519642857,1140.2337662857142,2.596599,19.46132435714286,1.0,1.0,1.0,0.9285714285714286,none,0:1.0500|1:0.9300|2:1.0300|3:0.9400|4:0.9500|5:1.1000|6:0.8200|,Emine Uçar:4:92398|Serap Öztürk:6:36924,3143346,52,347287,3620,28,37.360897331270024,37.95869497080797,none,321442
Temkinli,21,3653,2021,3,248,199,49,878,27,6,0,0,49,959030,586385,365838,143076,31590,31434,34572,0,802,124364,33264695,33264695,0,0,8626340,0,1020311602,0,0,2455776,775932,0,4.0,0.0,2.0,1.0,1.0,1152.954545,1198.409091,704.909091,704.719697,1157.742424,2.619271,19.3654625,1.0,1.0,1.0,1.0,none,0:1.0500|1:0.9300|2:1.0300|3:0.9400|4:0.9500|5:1.1000|6:0.8200|,Emine Uçar:4:92398|Serap Öztürk:6:36924,511168,52,0,3648,6,38.146669030165896,38.86063470091096,none,124364
Temkinli,22,25,2011,3,1390,1222,168,5876,203,80,0,0,119,2468015,1798345,658681,167500,37675,50012,55000,0,12553,335941,214666,153228,0,61438,68991,548180,200559,71527,0,12127,0,0,3.0,1.0,2.0,0.0,0.0,449.98181828,457.7272730000001,320.77454548000003,329.19636363999996,448.61454535999997,1.0,27.245458319999997,1.0,1.0,1.0,1.0,none,0:1.0000|1:0.9200|2:1.0300|3:0.9400|4:0.9500|5:1.1000|6:0.8200|,,2062388,1,121275,1,25,26.688695165953206,28.713887439692307,none,214666
Temkinli,22,55,2011,4,1694,1532,162,7203,198,92,0,3,130,2944165,2055544,865518,201000,45210,60374,66390,0,12951,479593,358318,258428,0,99890,107791,976612,924007,71527,0,24254,0,0,3.0,1.0,2.0,0.0,0.0,443.7727272666667,459.09090899999995,306.49242423333334,309.73333333333335,441.7318181333333,1.00592,28.7426312,1.0,1.0,1.0,1.0,none,0:1.0000|1:0.9100|2:1.0300|3:0.9400|4:0.9500|5:1.1000|6:0.8200|,,2041334,1,121275,26,30,29.397740955415202,30.934821947911303,none,358318
Temkinli,22,86,2011,5,1764,1576,188,7253,207,89,0,0,149,3052055,2090228,943105,207700,46717,62821,69099,0,5783,550985,429710,285016,0,144694,150477,912306,1130228,71527,0,36381,0,0,3.0,1.0,2.0,0.0,0.0,450.60850429032257,464.31818200000004,308.26686212903223,307.8533724516129,449.9589442903226,1.01307,29.493857129032257,1.0,1.0,1.0,1.0,none,0:1.0000|1:0.9150|2:1.0300|3:0.9400|4:0.9500|5:1.1000|6:0.8200|,,2121970,1,121275,56,31,30.90065546000973,31.58876071046831,none,429710
Temkinli,22,116,2011,6,1592,1435,157,6645,170,63,0,0,123,2556475,1705283,832236,201000,45210,61245,77460,0,3952,443369,311069,216507,0,94562,98514,839354,1241298,78030,0,49611,0,0,3.0,1.0,2.0,0.0,0.0,461.62878786666664,466.818182,310.8075756333334,309.4848484666667,456.19545446666666,1.020512,27.0009791,1.0,1.0,1.0,1.0,none,0:1.0000|1:0.9300|2:1.0300|3:0.9400|4:0.9500|5:1.1000|6:0.8200|,,1754640,1,132300,87,30,32.55404414281384,32.67153526761752,none,311069
Temkinli,22,147,2011,7,1770,1597,173,7684,140,80,0,2,153,2877380,2005149,854975,222700,50220,63751,80600,0,5150,432554,344423,235426,0,108997,90073,929294,1577952,78030,0,62841,0,0,3.0,1.0,2.0,0.0,0.0,455.1979471612903,470.227273,320.59970670967743,317.3401759032258,455.56891496774193,1.027766,28.907413258064516,1.0,1.0,1.0,1.0,none,0:1.0000|1:0.9300|2:1.0300|3:0.9400|4:0.9500|5:1.1000|6:0.8200|,,2030450,1,132300,117,31,29.713663124092054,29.569166840710878,none,300254
Temkinli,22,178,2011,8,1746,1575,171,8350,124,75,0,7,141,3121515,2176507,928065,223200,50220,64216,81189,0,6984,502256,431181,325475,0,105706,131614,1005878,1977360,78030,0,76071,0,0,3.0,1.0,2.0,0.0,0.0,461.5322579032258,474.090909,321.5850440967742,320.65542516129034,459.56011719354836,1.035317,29.615373741935485,1.0,1.0,1.0,1.0,none,0:1.0500|1:0.9300|2:1.0300|3:0.9400|4:0.9500|5:1.1000|6:0.8200|,,2175188,1,132300,148,31,29.73123627469354,30.32230389317571,none,369956
Temkinli,22,208,2011,9,1648,1492,156,6826,171,87,0,0,125,2891610,2011571,856485,216000,48600,62595,68820,0,6645,453825,366135,273274,0,92861,99506,926984,2151940,78030,0,89301,0,0,3.0,1.0,2.0,0.0,0.0,464.49242440000006,477.272727,324.41666683333335,323.1939393,463.9257575666667,1.042922,27.6905417,1.0,1.0,1.0,1.0,none,0:1.0500|1:0.9300|2:1.0300|3:0.9400|4:0.9500|5:1.1000|6:0.8200|,,2052458,1,132300,179,30,29.619658252668927,30.15673673205911,none,321525
Temkinli,22,239,2011,10,1689,1512,177,6927,192,81,0,5,135,2972695,2041356,912532,223200,50220,65146,71641,0,11023,491302,389835,258259,0,131576,137349,0,1456351,78030,0,102531,0,0,3.0,1.0,2.0,0.0,0.0,472.4193549354839,481.136364,323.1979472903226,323.21114370967746,469.7258065483871,1.050335,27.129189483870967,1.0,1.0,1.0,1.0,none,0:1.0500|1:0.9300|2:1.0300|3:0.9400|4:0.9500|5:1.1000|6:0.8200|,,2085520,1,132300,209,31,30.697128363320154,31.586641420637772,none,359002
Temkinli,22,269,2011,11,1560,1413,147,6839,188,55,0,3,118,2899660,1993481,888951,177600,39960,63495,69840,0,21177,516879,384579,278493,0,106086,116663,0,1735646,78030,0,115761,0,0,2.466666666666667,0.4666666666666667,2.0,0.0,0.0,475.5681815,484.545455,326.34090903333333,325.11666656666665,471.5590909,1.058051,26.57407453333333,1.0,1.0,1.0,1.0,none,0:1.0500|1:0.9300|2:1.0300|3:0.9400|4:0.9500|5:1.1000|6:0.8200|,,2008406,1,132300,240,30,30.657077036618087,31.378733538477206,none,384579
Temkinli,22,300,2011,12,1566,1394,172,6200,233,118,0,3,119,2935380,2001780,917055,148800,33480,66077,79949,0,8584,580165,498388,388586,0,109802,118386,0,2173219,79655,0,129266,0,0,2.0,0.0,2.0,0.0,0.0,482.45601177419354,487.5,328.84897351612904,327.38123177419357,475.91495596774195,1.065572,24.518088903225806,1.0,1.0,1.0,1.0,none,0:1.0500|1:0.9300|2:1.0300|3:0.9400|4:0.9500|5:1.1000|6:0.8200|,,1969338,1,135056,270,31,31.24144063119596,31.838558233151012,none,445109
Temkinli,22,331,2012,1,1551,1376,175,6494,224,70,0,0,134,3211300,2191772,1005107,151800,34162,66569,80538,0,0,672038,583675,416743,0,166932,166932,0,2561155,79655,0,142771,0,0,2.0,0.0,2.0,0.0,0.0,480.1759529677419,491.81818200000004,324.2683283870968,325.28592383870966,478.82551335483873,1.0734,26.079736451612902,1.0,1.0,1.0,1.0,none,0:1.0500|1:0.9300|2:1.0300|3:0.9400|4:0.9500|5:1.1000|6:0.8200|,,2235000,1,135056,301,31,31.299068912901316,32.46885305627101,none,536982
Temkinli,22,360,2012,2,1553,1384,169,6511,183,100,0,0,129,3102125,2097613,991902,146560,31958,62623,75777,0,3122,671862,536806,404135,0,132671,132671,0,2959895,79655,0,156276,0,0,2.3448275862068964,0.0,2.0,0.0,0.3448275862068966,483.8871474137931,494.3181819999999,325.76802496551727,325.4498433103448,482.3589341724138,1.079586,26.86228048275862,1.0,1.0,1.0,1.0,none,0:1.0500|1:0.9300|2:1.0300|3:0.9400|4:0.9500|5:1.1000|6:0.8200|,,2115618,1,135056,332,29,31.974920417455778,32.67685932419719,none,536806
Temkinli,22,391,2012,3,1825,1638,187,9023,182,99,0,6,154,3797140,2742563,1035300,165726,34162,67313,74028,0,0,694071,637910,520134,0,117776,117776,0,3481843,79655,0,169781,0,0,3.0,0.0,2.0,0.0,1.0,456.64955993548386,496.590909,328.571847516129,327.6876832580645,444.9354835483871,1.085405,32.54606048387097,1.0,1.0,1.0,1.0,none,0:1.0500|1:0.9100|2:1.0300|3:0.9200|4:0.9300|5:1.1000|6:0.8200|,,2760026,1,135056,361,31,27.26525753593494,28.047265048815518,none,559015
Temkinli,22,421,2012,4,1777,1586,191,7780,129,105,0,8,147,3206915,2364301,821279,160380,33060,65502,72060,0,0,490277,355221,238000,0,117221,117221,0,3698017,79655,0,183286,0,0,3.0,0.0,2.0,0.0,1.0,444.41666710000004,499.318182,328.65454539999996,328.07121216666667,438.7136364,1.09166,34.74214546666667,1.0,1.0,1.0,1.0,none,0:1.0500|1:0.8900|2:1.0300|3:0.9000|4:0.9100|5:1.1000|6:0.8200|,,2407462,1,135056,392,30,25.609627944613436,26.048105363688343,none,355221
Temkinli,22,452,2012,5,1918,1729,189,8985,122,123,0,3,156,3741055,2802305,922089,165726,34162,68058,74865,0,0,579278,51985,-52442,0,104427,104427,0,3520861,79655,0,196791,0,0,3.0,0.0,2.0,0.0,1.0,444.545455,502.045455,333.60263938709676,332.21700880645164,441.05718496774193,1.097747,34.74542719354839,1.0,1.0,1.0,1.0,none,0:1.0500|1:0.8900|2:1.0300|3:0.9000|4:0.9100|5:1.1000|6:0.8200|,,2823618,1,135056,422,31,24.647833298361025,24.95646156429678,none,444222
Temkinli,22,482,2012,6,1797,1602,195,8643,124,87,0,8,159,3230940,2440310,776662,160380,33060,66252,83790,0,0,433180,245710,184852,0,60858,60858,0,3615868,82906,0,210847,0,0,3.0,0.0,2.0,0.0,1.0,444.545455,505.227273,337.7257575333333,336.7621212,443.6257575,1.104074,36.13339943333333,1.0,1.0,1.0,1.0,none,0:1.0500|1:0.8900|2:1.0300|3:0.9000|4:0.9100|5:1.1000|6:0.8200|,,2446662,2,140569,453,30,24.03826750109875,24.028970775703172,none,292611
Temkinli,22,513,2012,7,1851,1673,178,9455,87,64,0,6,152,3405295,2556782,817771,171726,35557,68833,87079,0,0,454576,483865,371256,0,112609,112609,0,3957970,82906,0,224903,0,0,3.0,0.0,2.0,0.0,1.0,444.545455,508.18181799999996,333.8782990967742,335.0102638709678,445.54545464516127,1.11023,37.71415903225807,1.0,1.0,1.0,1.0,none,0:1.0500|1:0.8900|2:1.0300|3:0.9000|4:0.9100|5:1.1000|6:0.8200|,,2572238,2,140569,483,31,24.01468888892152,24.894452222714957,none,314007
Temkinli,22,544,2012,8,1820,1625,195,9334,135,65,0,9,169,3556570,2576307,964714,171926,35557,69236,87575,0,0,600420,734652,558015,0,176637,176637,0,4531958,82906,0,238959,0,0,3.0,0.0,2.0,0.0,1.0,448.3724343548387,510.909091,323.8181819677419,326.2580646129032,448.98093832258064,1.116629,36.83137635483871,1.0,1.0,1.0,1.0,none,0:1.0500|1:0.9000|2:1.0300|3:0.9100|4:0.9200|5:1.1000|6:0.8200|,,2569138,2,140569,514,31,27.124842193461678,27.77919489326265,none,459851
Temkinli,22,574,2012,9,1836,1647,189,9208,152,151,0,9,143,3916170,2832195,1068411,166380,34410,67393,74130,0,0,726098,874787,615050,0,259737,208502,0,5206439,82906,0,253015,0,0,3.0,0.0,2.0,0.0,1.0,451.0757572666667,514.090909,324.4954545,324.6560607,451.5863639666667,1.123064,37.8766216,1.0,1.0,1.0,1.0,none,0:1.0500|1:0.9000|2:1.0300|3:0.9100|4:0.9200|5:1.1000|6:0.8200|,,2845658,2,140569,545,30,27.282038318050546,28.06187225261034,none,585529
Temkinli,22,605,2012,10,1723,1520,203,8202,126,127,0,9,157,3480910,2517273,943748,171926,35557,70042,77035,0,0,589188,281394,120960,0,160434,211669,0,5129237,82906,0,267071,0,0,3.0,0.0,2.0,0.0,1.0,454.8240472580645,516.818182,328.53958941935485,327.31964816129033,456.4296186129032,1.129326,37.103996967741935,1.0,1.0,1.0,1.0,none,0:1.0500|1:0.9100|2:1.0300|3:0.9200|4:0.9300|5:1.1000|6:0.8200|,,2561718,2,140569,575,31,27.112105742463896,27.765563100725107,none,448619
Temkinli,22,635,2012,11,1652,1482,170,8376,147,129,0,0,137,3631400,2601154,1013835,166380,34410,68172,74970,0,0,669903,621256,469188,0,152068,152068,0,5504950,82906,0,281127,0,0,3.0,0.0,2.0,0.0,1.0,470.2348485333333,520.227273,333.5727273,332.1621212,476.7651515333334,1.135835,36.31844586666667,1.0,1.0,1.0,1.0,none,0:1.0500|1:0.9200|2:1.0300|3:0.9300|4:0.9400|5:1.1000|6:0.8200|,,2620396,3,140569,606,30,27.918571349892602,29.062525174300394,none,529334
Temkinli,22,666,2012,12,1575,1409,166,7124,156,110,0,0,137,3467960,2384683,1066404,171926,35557,70818,85684,0,0,702419,1133635,799903,0,333732,333732,0,6339924,86158,0,295735,0,0,3.0,0.0,2.0,0.0,1.0,493.7096772580645,522.727273,332.8988270645162,332.70381241935485,496.1026392903226,1.142168,31.408941677419353,1.0,1.0,1.0,1.0,none,0:1.0500|1:0.9300|2:1.0300|3:0.9400|4:0.9500|5:1.1000|6:0.8200|,,2397458,3,146081,636,31,30.750181662994958,32.571946145890855,none,556338
Temkinli,22,697,2013,1,1487,1292,195,6532,164,153,0,0,149,3357950,2290660,1058472,295426,63402,71252,86180,0,24032,518180,512570,289612,0,222958,222958,0,6549097,86158,0,310343,0,0,3.806451612903226,0.0,2.0,0.8064516129032258,1.0,496.9794723548387,525.454545,333.7536658064516,332.7272727741935,498.1964810967742,1.148751,30.23589441935484,1.0,1.0,1.0,1.0,none,0:1.0500|1:0.9300|2:1.0300|3:0.9400|4:0.9500|5:1.1000|6:0.8200|,,2311720,3,146081,667,31,31.521374648222874,32.84357113885892,none,372099
Temkinli,22,725,2013,2,1369,1216,153,6320,159,102,0,0,120,3110610,2110297,975416,292488,63000,64749,78316,0,0,476863,757873,535262,0,222611,222611,0,6965138,86158,0,324951,0,0,4.0,0.0,2.0,1.0,1.0,501.96428564285713,528.863636,333.5730519285714,333.1655843214286,501.61525975,1.155828,31.1545275,1.0,1.0,1.0,1.0,none,0:1.0500|1:0.9300|2:1.0300|3:0.9400|4:0.9500|5:1.1000|6:0.8200|,,2156156,4,146081,698,28,31.35770797367719,33.54645709477717,none,330782
Temkinli,22,756,2013,3,1566,1374,192,6984,119,96,0,0,165,3146875,2103985,1029961,323826,69750,72089,79267,0,0,485029,697745,334560,0,363185,311906,0,7326725,86158,0,339559,0,0,4.0,0.0,2.0,1.0,1.0,498.36510287096775,531.818182,328.5351905806452,330.1495600322581,500.6568914193548,1.162259,30.711114548387094,1.0,1.0,1.0,1.0,none,0:1.0500|1:0.9300|2:1.0300|3:0.9400|4:0.9500|5:1.1000|6:0.8200|,,2088528,4,146081,726,31,32.72964448857994,34.077408572946055,none,338948
Temkinli,22,786,2013,4,1450,1284,166,6258,148,82,0,0,139,2948295,1893655,1040494,313380,67500,70184,77190,0,0,512240,699867,415659,0,284208,335487,0,7525155,86158,0,354167,0,0,4.0,0.0,2.0,1.0,1.0,515.9242422333333,535.454545,329.16515153333336,329.35909069999997,514.6530303000001,1.16942,28.561310166666665,1.0,1.0,1.0,1.0,none,0:1.0500|1:0.9300|2:1.0300|3:0.9400|4:0.9500|5:1.1000|6:0.8200|,,1923770,5,146081,757,30,35.29138027232689,36.19893686165182,none,366159
Temkinli,22,817,2013,5,1533,1362,171,6995,157,84,0,0,142,3284458,2118254,1146083,323826,69750,72957,80228,0,255,599067,1189541,822013,0,367528,367528,0,8249348,86158,0,368775,0,0,4.0,0.0,2.0,1.0,1.0,515.9017592903226,538.409091,332.60850432258064,331.49706751612905,520.3167154193549,1.176391,28.273191774193545,1.0,1.0,1.0,1.0,none,0:1.0500|1:0.9300|2:1.0300|3:0.9400|4:0.9500|5:1.1000|6:0.8200|,,2136084,6,146081,787,31,34.89412865075455,35.52871291229578,none,452986
Temkinli,22,847,2013,6,1471,1305,166,6504,139,49,0,0,144,2882030,1815886,1055113,313380,67500,71024,89850,0,613,512746,1696789,1113353,0,583436,470060,0,9314882,89409,0,383934,0,0,4.0,0.0,2.0,1.0,1.0,524.6969696666667,542.045455,328.227273,329.7378786666667,523.1257577,1.183639,27.433595333333333,1.0,1.0,1.0,1.0,none,0:1.0500|1:0.9300|2:1.0300|3:0.9400|4:0.9500|5:1.1000|6:0.8200|,,1822976,6,151594,818,30,36.61006304583922,37.444412303635254,none,361152
Temkinli,22,878,2013,7,1575,1406,169,7262,93,57,0,0,152,3136524,1977155,1143240,329826,71145,73826,93372,0,581,574490,1314806,846429,0,468377,581753,0,9978697,89409,0,399093,0,0,4.0,0.0,2.0,1.0,1.0,528.416422516129,545.0,332.727273,331.3900293225807,525.3826979677419,1.190696,28.53488790322581,1.0,1.0,1.0,1.0,none,0:1.0500|1:0.9300|2:1.0300|3:0.9400|4:0.9500|5:1.1000|6:0.8200|,,2000818,6,151594,848,31,36.44926676792526,37.03313166996735,none,422896
Temkinli,22,909,2013,8,1455,1306,149,6645,111,46,0,0,132,2845340,1779866,1050905,330026,71145,74291,93961,0,826,480656,557788,175882,0,381906,381906,232862,10261631,89409,0,414252,1128033,0,4.0,0.0,2.0,1.0,1.0,534.0689150645161,549.090909,335.66275693548386,334.01612903225805,531.6055719999999,1.198032,25.929611322580644,1.0,1.0,1.0,1.0,none,0:1.0500|1:0.9300|2:1.0300|3:0.9400|4:0.9500|5:1.1000|6:0.8200|,Osman Özkan:4:41779,1797404,7,151594,879,31,36.93425038835429,37.14991689884526,none,329062
Temkinli,22,939,2013,9,1403,1245,158,6054,163,56,0,0,132,2963845,1900778,1043435,319380,68850,72344,79560,0,1064,502237,963293,370683,0,592610,592610,882562,11242200,89409,0,429411,1253370,0,4.0,0.0,2.0,1.0,1.0,536.0833335,551.590909,344.40909100000005,341.2212121666667,534.0136364,1.205414,26.095311133333333,1.0,1.0,1.0,1.0,none,0:1.0500|1:0.9300|2:1.0300|3:0.9400|4:0.9500|5:1.1000|6:0.8200|,Osman Özkan:4:41779,1963052,7,151594,910,30,35.205451027297315,35.75456100240802,none,350643
Temkinli,22,970,2013,10,1415,1252,163,6271,130,50,0,0,139,3051070,1947886,1086684,330026,71145,75190,82708,0,782,526833,829426,355601,0,473825,473825,146778,10859221,89409,0,444570,1295149,0,4.0,0.0,2.0,1.0,1.0,541.209677483871,555.227273,346.18181799999996,344.68768332258065,537.2844574838709,1.2126,25.786601516129032,1.0,1.0,1.0,1.0,none,0:1.0500|1:0.9300|2:1.0300|3:0.9400|4:0.9500|5:1.1000|6:0.8200|,Osman Özkan:4:41779,1958094,7,151594,940,31,35.616488641689635,36.03554548221899,none,375239
Temkinli,22,1000,2013,11,1469,1292,177,6242,149,50,0,0,156,3112995,2027558,1066645,319380,68850,73215,80520,0,0,524680,962194,477871,0,484323,484323,0,11194720,89409,0,459729,1253370,0,4.0,0.0,2.0,1.0,1.0,537.25,558.409091,350.90909100000005,348.81363630000004,537.1378788333334,1.220071,26.547972366666666,1.0,1.0,1.0,1.0,none,0:1.0500|1:0.9250|2:1.0300|3:0.9350|4:0.9450|5:1.1000|6:0.8200|,Osman Özkan:4:41779,2061522,7,151594,971,30,34.264269618165144,34.684208282922285,none,373086
Temkinli,22,1031,2013,12,1239,1074,165,5149,192,51,0,0,127,2833340,1827615,993570,330026,71145,76120,92070,0,855,423354,924731,343368,0,581363,581363,0,11516702,94286,0,475715,1296883,0,4.0,0.0,2.0,1.0,1.0,546.5615837419355,562.045455,353.5,351.6554251935484,544.1187682903226,1.227345,23.474648580645162,1.0,1.0,1.0,1.0,none,0:1.0500|1:0.9300|2:1.0300|3:0.9400|4:0.9500|5:1.1000|6:0.8200|,Osman Özkan:4:41779,1869090,7,159862,1001,31,35.067093959778916,35.32293331341989,none,263492
Temkinli,22,1062,2014,1,1316,1132,184,5207,176,61,0,0,139,2862120,1826884,1022143,339026,73222,76586,92628,0,304,440377,1032438,531024,0,501414,501414,0,12007934,94286,0,491701,1348903,0,4.0,0.0,2.0,1.0,1.0,548.3944280967742,565.227273,348.20967738709675,349.6363636129032,548.8665688709677,1.234907,23.329521741935487,1.0,1.0,1.0,1.0,none,0:1.0500|1:0.9300|2:1.0300|3:0.9400|4:0.9500|5:1.1000|6:0.8200|,Osman Özkan:4:43513,1833030,7,159862,1032,31,35.71279331404693,36.503790055713544,none,280515
Temkinli,22,1090,2014,2,1243,1069,174,4890,152,75,0,0,142,2671930,1682516,975455,306488,66136,69623,84224,0,0,448984,873141,395065,0,478076,478076,0,12482133,94286,0,507687,1218364,0,4.0,0.0,2.0,1.0,1.0,558.5551948214286,569.545455,350.909091,349.99675314285713,555.6639610357144,1.243005,24.021975142857144,1.0,1.0,1.0,1.0,none,0:1.0500|1:0.9300|2:1.0300|3:0.9400|4:0.9500|5:1.1000|6:0.8200|,Osman Özkan:4:43513,1697520,7,159862,1063,28,36.50750581040671,37.175574723248886,none,289122
Temkinli,22,1121,2014,3,1342,1155,187,5540,161,85,0,0,150,3042095,1902962,1122250,339326,73222,77547,85281,0,0,546874,262725,-260224,0,522949,522949,0,12067444,94286,0,523673,1348903,0,4.0,0.0,2.0,1.0,1.0,561.6862169354838,572.954545,351.31818200000004,350.4912022580645,557.6554252903226,1.250366,24.12170351612903,1.0,1.0,1.0,1.0,none,0:1.0500|1:0.9300|2:1.0300|3:0.9400|4:0.9500|5:1.1000|6:0.8200|,Osman Özkan:4:43513,1931774,8,159862,1091,31,36.89069539248445,37.45294589623996,none,387012
Temkinli,22,1151,2014,4,1303,1129,174,5193,158,51,0,0,137,2698455,1669975,1011198,328380,70860,75526,83070,0,0,453362,803359,360784,0,442575,442575,0,12443007,94286,0,539659,1305390,0,4.0,0.0,2.0,1.0,1.0,567.4393942666667,575.454545,352.818182,351.5000000666667,561.5924243000001,1.258565,21.875362166666665,1.0,1.0,1.0,1.0,none,0:1.0500|1:0.9300|2:1.0300|3:0.9400|4:0.9500|5:1.1000|6:0.8200|,Osman Özkan:4:43513,1673946,8,159862,1122,30,37.4732207874506,37.82275507043947,none,293500
Temkinli,22,1182,2014,5,1438,1260,178,5860,174,60,0,0,147,3064650,1938499,1113550,339326,73222,78540,86366,0,0,536096,1071089,572405,0,498684,498684,0,13051565,94286,0,555645,1348903,0,4.0,0.0,2.0,1.0,1.0,563.7170089677419,579.772727,359.136364,356.22580641935485,563.2492669032258,1.266552,22.76314648387097,1.0,1.0,1.0,1.0,none,0:1.0500|1:0.9300|2:1.0300|3:0.9400|4:0.9500|5:1.1000|6:0.8200|,Osman Özkan:4:43513,1910592,8,159862,1152,31,36.33530745762159,36.29137345746628,none,376234
Temkinli,22,1212,2014,6,1344,1182,162,5584,120,45,0,0,135,2574715,1644070,916788,328380,70860,76516,96750,0,0,344282,280519,-231910,0,512429,512429,0,12755403,97537,0,572182,1307224,0,4.0,0.0,2.0,1.0,1.0,567.5227271,582.954545,365.59242446666667,362.4409091,566.5106059666667,1.274857,24.299041900000002,1.0,1.0,1.0,1.0,none,0:1.0500|1:0.9300|2:1.0300|3:0.9400|4:0.9500|5:1.1000|6:0.8200|,Osman Özkan:4:43513,1708056,8,165375,1183,30,35.6073584843371,35.581007242684805,none,178907
Temkinli,22,1243,2014,7,1430,1245,185,5819,121,47,0,0,154,2773145,1771648,984229,345326,74617,79563,100626,0,512,383585,247272,-185026,0,432298,432298,0,12559944,97537,0,588719,1405757,0,4.0,0.0,2.0,1.0,1.0,572.8079178709677,587.954545,369.727273,367.19061587096775,569.9941349032258,1.282947,23.76336741935484,1.0,1.0,1.0,1.0,none,0:1.0500|1:0.9300|2:1.0300|3:0.9400|4:0.9500|5:1.1000|6:0.8200|,Osman Özkan:4:45347,1791868,8,165375,1213,31,35.49143661799149,35.45353311905758,none,218210
Temkinli,22,1274,2014,8,1405,1244,161,6077,126,28,0,0,143,2870959,1834492,1020532,345526,74617,80090,101277,0,965,418057,321623,-181403,0,503026,391546,0,12226214,97537,0,605256,1405757,0,4.0,0.0,2.0,1.0,1.0,573.1304985806452,590.681818,370.8782990967742,369.53958932258064,574.6524926129032,1.291361,24.01327912903226,1.0,1.0,1.0,1.0,none,0:1.0500|1:0.9300|2:1.0300|3:0.9400|4:0.9500|5:1.1000|6:0.8200|,Osman Özkan:4:45347,1890132,8,165375,1244,31,35.54672846251026,35.28903102953822,none,252682
Temkinli,22,1304,2014,9,1362,1182,180,5400,179,41,0,0,148,3027640,1901758,1109496,334380,72210,78016,85800,0,403,538687,1442734,895693,0,547041,658521,0,13004001,97537,0,621793,1360410,0,4.0,0.0,2.0,1.0,1.0,579.3712119666667,594.3181820000001,361.0,364.06060603333333,579.5848485666667,1.299829,23.425836766666666,1.0,1.0,1.0,1.0,none,0:1.0500|1:0.9300|2:1.0300|3:0.9400|4:0.9500|5:1.1000|6:0.8200|,Osman Özkan:4:45347,1932952,8,165375,1275,30,36.645572128786775,37.69107050131279,none,373312
Temkinli,22,1335,2014,10,1387,1205,182,5614,130,44,0,0,156,3010975,1874937,1117172,345526,74617,81113,89218,0,0,526698,1395215,814583,0,580632,580632,0,13874630,97537,0,638330,1405757,0,4.0,0.0,2.0,1.0,1.0,581.1583576774194,599.318182,362.090909,362.5307917741936,581.2082110967742,1.308077,24.11433322580645,1.0,1.0,1.0,1.0,none,0:1.0500|1:0.9200|2:1.0300|3:0.9300|4:0.9400|5:1.1000|6:0.8200|,Osman Özkan:4:45347,1831998,8,165375,1305,31,37.1033303165918,37.69496657553294,none,361323
Temkinli,22,1365,2014,11,1350,1198,152,5421,154,59,0,0,125,2978090,1910721,1056696,334380,72210,79007,86910,0,0,484189,1231921,465740,0,766181,623817,0,14457811,97537,0,654867,1360410,0,4.0,0.0,2.0,1.0,1.0,577.6287878333334,602.272727,372.818182,369.20757573333333,579.1181817333332,1.316655,25.306043900000002,1.0,1.0,1.0,1.0,none,0:1.0500|1:0.9200|2:1.0300|3:0.9300|4:0.9400|5:1.1000|6:0.8200|,Osman Özkan:4:45347,1960260,8,165375,1336,30,35.48233935173215,35.45713270309315,none,318814
Temkinli,22,1396,2014,12,1342,1158,184,5462,199,75,0,0,135,3306820,2087680,1206205,345526,74617,82167,99417,0,0,604478,1546351,889070,0,657281,799645,0,15248801,102414,0,672231,1407748,0,4.0,0.0,2.0,1.0,1.0,590.9750732580645,606.818182,374.363636,372.7478005483871,588.1158359032258,1.32501,22.81772019354839,1.0,1.0,1.0,1.0,none,0:1.0500|1:0.9300|2:1.0300|3:0.9400|4:0.9500|5:1.1000|6:0.8200|,Osman Özkan:4:45347,2063902,8,173644,1366,31,36.47628234981039,36.65322736268363,none,430834
Temkinli,22,1427,2015,1,1320,1108,212,5087,183,95,0,0,171,3190465,2046730,1126079,354526,76725,82696,100068,0,0,512064,1204136,587859,0,616277,616277,0,15770487,102414,0,689595,1467478,0,4.0,0.0,2.0,1.0,1.0,591.4369499354839,610.227273,381.090909,378.2082111290323,593.6348974193547,1.3337,21.781298161290323,1.0,1.0,1.0,1.0,none,0:1.0500|1:0.9300|2:1.0300|3:0.9400|4:0.9500|5:1.1000|6:0.8200|,Osman Özkan:4:47338,2113920,8,173644,1397,31,35.29513722921267,35.56525187654055,none,338420
Temkinli,22,1455,2015,2,1131,952,179,4352,155,69,0,0,149,2733535,1746392,968642,320488,69300,75225,91000,0,0,412629,1272150,684227,0,587923,587923,0,16592067,102414,0,706959,1325464,0,4.0,0.0,2.0,1.0,1.0,594.5616885714286,614.5454550000001,378.12662314285717,378.3230519285714,596.2353895714285,1.342972,21.550339142857144,1.0,1.0,1.0,1.0,none,0:1.0500|1:0.9300|2:1.0300|3:0.9400|4:0.9500|5:1.1000|6:0.8200|,Osman Özkan:4:47338,1727040,8,173644,1428,28,35.43550750219039,36.40245740498459,none,238985
Temkinli,22,1486,2015,3,1343,1150,193,5520,183,47,0,0,168,3134110,2029003,1088949,354826,76725,83812,92163,0,0,481423,830638,223637,0,607001,607001,0,16748070,102414,0,724323,1467478,0,4.0,0.0,2.0,1.0,1.0,597.8005863225807,618.409091,390.090909,386.5351906451613,599.0469207741936,1.351403,22.621175096774195,1.0,1.0,1.0,1.0,none,0:1.0500|1:0.9300|2:1.0300|3:0.9400|4:0.9500|5:1.1000|6:0.8200|,Osman Özkan:4:47338,2107408,8,173644,1456,31,34.74507914527569,34.74564630328046,none,307779
Temkinli,22,1516,2015,4,1304,1144,160,5511,137,54,0,0,139,3126585,1998205,1109230,343380,74250,81678,89820,0,0,520102,917774,390775,0,526999,526999,0,17117247,102414,0,741687,1420140,0,4.0,0.0,2.0,1.0,1.0,606.7651515,622.954545,387.454545,387.9075757,599.7287878666667,1.360799,21.5760372,1.0,1.0,1.0,1.0,none,0:1.0500|1:0.9300|2:1.0300|3:0.9400|4:0.9500|5:1.1000|6:0.8200|,Osman Özkan:4:47338,2020592,8,173644,1487,30,35.47736588002565,36.144232403234845,none,346458
Temkinli,22,1547,2015,5,1294,1108,186,4987,169,33,0,0,161,2891610,1824587,1048197,354826,76725,84959,93434,0,529,437724,857646,224950,0,632696,508562,0,17484324,102414,0,759051,1467478,0,4.0,0.0,2.0,1.0,1.0,610.0733139032259,626.818182,383.090909,384.8152493870968,609.7624633870968,1.369954,21.31182293548387,1.0,1.0,1.0,1.0,none,0:1.0500|1:0.9300|2:1.0300|3:0.9400|4:0.9500|5:1.1000|6:0.8200|,Osman Özkan:4:47338,1850332,8,173644,1517,31,36.24959797483063,37.20575867365859,none,264080
Temkinli,22,1577,2015,6,1341,1147,194,5256,111,16,0,0,178,2662240,1678272,965532,343380,74250,82789,104700,0,2015,358398,-606258,-1079793,0,473535,597669,0,15926556,105665,0,776966,1422249,0,4.0,0.0,2.0,1.0,1.0,608.5303029333334,632.045455,383.954545,384.262121,608.5666666666667,1.379479,22.412107133333333,1.0,1.0,1.0,1.0,none,0:1.0500|1:0.9300|2:1.0300|3:0.9400|4:0.9500|5:1.1000|6:0.8200|,Osman Özkan:4:47338,1675364,9,179156,1548,30,36.26765430614821,36.90461376381719,none,179242
Temkinli,22,1608,2015,7,1351,1154,197,5589,116,31,0,0,179,2851887,1776349,1058471,360826,78120,86137,108934,0,842,423612,760451,214293,0,546158,546158,0,16078578,105665,0,794881,1532857,0,4.0,0.0,2.0,1.0,1.0,620.4985335806451,635.227273,390.772727,388.21114367741933,615.8416421935483,1.38876,20.64571412903226,1.0,1.0,1.0,1.0,none,0:1.0500|1:0.9300|2:1.0300|3:0.9400|4:0.9500|5:1.1000|6:0.8200|,Osman Özkan:4:49447,1797868,9,179156,1578,31,37.11475945575684,37.02277993390102,none,244456
Temkinli,22,1639,2015,8,1236,1056,180,5028,157,15,0,0,154,2759650,1717651,1023363,361026,78120,86726,109678,0,1837,385976,1221141,490552,0,730589,730589,0,16154821,105665,0,812796,1532857,0,4.0,0.0,2.0,1.0,1.0,624.1348977419354,640.909091,390.8944280645161,390.18475067741934,620.9912022258064,1.398416,20.328528838709676,1.0,1.0,1.0,1.0,none,0:1.0500|1:0.9300|2:1.0300|3:0.9400|4:0.9500|5:1.1000|6:0.8200|,Osman Özkan:4:49447,1743976,9,179156,1609,31,37.083072128711976,37.37020162167868,none,206820
Temkinli,22,1669,2015,9,1206,1031,175,4839,152,47,0,0,152,2823940,1788569,1019069,349380,75600,84499,92940,0,1589,415061,2077660,1364280,0,713380,713380,0,17455095,105665,0,830711,1483410,0,4.0,0.0,2.0,1.0,1.0,624.5378788666666,644.090909,401.045455,396.7939394333333,624.0863637333333,1.408139,20.56316383333333,1.0,1.0,1.0,1.0,none,0:1.0500|1:0.9300|2:1.0300|3:0.9400|4:0.9500|5:1.1000|6:0.8200|,Osman Özkan:4:49447,1847544,9,179156,1640,30,36.08677946415292,35.785247209061644,none,235905
Temkinli,22,1700,2015,10,1329,1129,200,5471,131,59,0,0,170,3138600,1990261,1130180,361026,78120,87905,96689,0,981,505459,2418227,1515873,0,902354,902354,0,18915810,105665,0,848626,1532857,0,4.0,0.0,2.0,1.0,1.0,630.6818180967742,648.8636359999999,403.09824048387094,401.0733138064516,629.1524926451613,1.417612,20.861672064516128,1.0,1.0,1.0,1.0,none,0:1.0500|1:0.9300|2:1.0300|3:0.9400|4:0.9500|5:1.1000|6:0.8200|,Osman Özkan:4:49447,1994182,9,179156,1670,31,36.009048620404,36.085324022767686,none,326303
Temkinli,22,1730,2015,11,1306,1110,196,5342,154,39,0,0,154,3164250,2027884,1116459,349380,75600,85669,94200,0,1169,510441,2563945,1377220,0,1186725,1186725,0,20276415,105665,0,866541,1483410,0,4.0,0.0,2.0,1.0,1.0,627.6060607666666,653.863636,404.318182,403.03181823333335,628.7984848333333,1.427469,23.049027766666665,1.0,1.0,1.0,1.0,none,0:1.0500|1:0.9300|2:1.0300|3:0.9400|4:0.9500|5:1.1000|6:0.8200|,Osman Özkan:4:49447,2079636,9,179156,1701,30,35.28352690210951,35.57771231429859,none,331285
Temkinli,22,1761,2015,12,1404,1202,202,6024,152,73,0,0,168,3601240,2370773,1213270,361026,78120,89114,107818,0,945,576247,2846410,1875962,0,970448,970448,0,22025343,110542,0,885283,1535159,0,4.0,0.0,2.0,1.0,1.0,619.2521991290322,658.181818,407.772727,405.76246329032256,622.6906158387097,1.437072,26.51282164516129,1.0,1.0,1.0,1.0,none,0:1.0500|1:0.9150|2:1.0300|3:0.9250|4:0.9350|5:1.1000|6:0.8200|,Osman Özkan:4:49447,2365854,9,187425,1731,31,33.690339994002066,34.150782577191414,none,388822
Temkinli,22,1792,2016,1,1338,1119,219,5494,146,48,0,0,193,3539495,2282700,1246990,370026,80197,89735,108562,0,464,598006,2613623,1439678,0,1173945,937532,0,23697599,110542,0,904025,1604219,0,4.0,0.0,2.0,1.0,1.0,642.6173020322581,662.272727,413.545455,410.9237535806452,637.9442814193549,1.447064,22.928324096774194,1.0,1.0,1.0,1.0,none,0:1.0500|1:0.9300|2:1.0300|3:0.9400|4:0.9500|5:1.1000|6:0.8200|,Osman Özkan:4:51749,2299152,9,187425,1762,31,35.23073206771022,35.64669770138855,none,410581
Temkinli,22,1821,2016,2,1259,1046,213,5104,159,62,0,0,180,3270770,2073838,1179760,346434,75023,84555,102312,0,783,570653,1062679,256171,0,806508,1042921,0,23094498,110542,0,922767,1500721,0,4.0,0.0,2.0,1.0,1.0,646.2617554827585,667.272727,404.590909,407.29153603448276,643.7147333793105,1.4576940000000003,22.449948137931035,1.0,1.0,1.0,1.0,none,0:1.0500|1:0.9300|2:1.0300|3:0.9400|4:0.9500|5:1.1000|6:0.8200|,Osman Özkan:4:51749,2101324,10,187425,1793,29,36.06979396288947,37.39519543473991,none,383228
Temkinli,22,1852,2016,3,1345,1135,210,5647,131,50,0,0,176,3339665,2132483,1187653,370326,80197,91007,100099,0,1347,544677,2644471,1635746,0,1008725,1008725,0,24692260,110542,0,941509,1604219,0,4.0,0.0,2.0,1.0,1.0,640.124633483871,671.1363640000001,410.227273,408.7258063870967,644.2375366129032,1.467709,24.190933161290324,1.0,1.0,1.0,1.0,none,0:1.0500|1:0.9300|2:1.0300|3:0.9400|4:0.9500|5:1.1000|6:0.8200|,Osman Özkan:4:51749,2155146,10,187425,1822,31,35.56203990520007,35.9144685985067,none,357252
Temkinli,22,1882,2016,4,1332,1130,202,5670,128,35,0,0,181,3344935,2126039,1204230,358380,77610,88731,97590,0,1019,580900,3129915,2026514,0,1103401,1103401,0,26435481,110542,0,960251,1552470,0,4.0,0.0,2.0,1.0,1.0,647.6590908000001,676.590909,412.9000002,411.4424241666667,646.5000001000001,1.4784910000000002,23.983105799999997,1.0,1.0,1.0,1.0,none,0:1.0500|1:0.9300|2:1.0300|3:0.9400|4:0.9500|5:1.1000|6:0.8200|,Osman Özkan:4:51749,2130314,10,187425,1853,30,36.00159644357812,36.247324238129885,none,393475
Temkinli,22,1913,2016,5,1380,1144,236,5693,151,54,0,0,189,3241725,2051968,1171797,370326,80197,92340,101556,0,1145,526233,1680405,454000,0,1226405,1226405,0,26200218,110542,0,978993,1604219,0,4.0,0.0,2.0,1.0,1.0,657.001465967742,680.909091,417.454545,415.07624629032256,652.7932550967741,1.489001,23.41958493548387,1.0,1.0,1.0,1.0,none,0:1.0500|1:0.9300|2:1.0300|3:0.9400|4:0.9500|5:1.1000|6:0.8200|,Osman Özkan:4:51749,2086454,11,187425,1883,31,36.14732896837332,36.46063720952237,none,338808
Temkinli,22,1943,2016,6,1373,1163,210,5935,130,41,0,0,187,3298080,2113788,1167358,358380,77610,90021,113850,0,505,526992,2823872,1659231,0,1164641,1164641,0,27766588,117045,0,998838,1554902,0,4.0,0.0,2.0,1.0,1.0,656.4772728333334,685.6818179999999,425.681818,422.0924242333333,658.9227272666667,1.499939,24.076973433333333,1.0,1.0,1.0,1.0,none,0:1.0500|1:0.9300|2:1.0300|3:0.9400|4:0.9500|5:1.1000|6:0.8200|,Osman Özkan:4:51749,2165472,11,198450,1914,30,35.39507834861495,35.15665574182456,none,328542
Temkinli,22,1974,2016,7,1303,1103,200,5512,122,35,0,0,181,3096025,1964450,1115622,382326,82987,93673,118482,0,1151,437003,2529520,1203111,0,1326409,1058759,0,29205310,117045,0,1018683,1679611,0,4.0,0.0,2.0,1.0,1.0,670.5571846774193,692.045455,431.68181799999996,428.61143683870966,669.1422286451613,1.510601,22.45506012903226,1.0,1.0,1.0,1.0,none,0:1.0500|1:0.9300|2:1.0300|3:0.9400|4:0.9500|5:1.1000|6:0.8200|,Osman Özkan:4:54181,2018492,11,198450,1944,31,36.034011353267495,35.623414696888766,none,238553
Temkinli,22,2005,2016,8,1426,1204,222,6224,121,35,0,0,197,3350347,2103621,1223646,382726,82987,94356,119350,0,1488,542739,2209879,1061587,0,1148292,1415942,0,28989226,117045,0,1038528,1679611,0,4.0,0.0,2.0,1.0,1.0,670.014662483871,696.590909,418.136364,422.3123167096774,670.7199413225806,1.521698,23.42039170967742,1.0,1.0,1.0,1.0,none,0:1.0500|1:0.9300|2:1.0300|3:0.9400|4:0.9500|5:1.1000|6:0.8200|,Osman Özkan:4:54181,2080854,12,198450,1975,31,36.52296314381764,37.59295319748833,none,344289
Temkinli,22,2035,2016,9,1347,1131,216,5651,123,65,0,0,195,3399240,2182746,1199050,370380,80310,92002,101160,0,762,554436,4664673,3064687,0,1599986,1599986,1023338,27596685,117045,0,1058373,1625430,0,4.0,0.0,2.0,1.0,1.0,675.2348484666667,702.272727,436.863636,431.50303030000003,676.5575757666667,1.5328759999999997,24.212194866666668,1.0,1.0,1.0,1.0,none,0:1.0500|1:0.9300|2:1.0300|3:0.9400|4:0.9500|5:1.1000|6:0.8200|,Osman Özkan:4:54181,2245060,12,198450,2006,30,35.274061260752404,35.30197130790326,none,355986
Temkinli,22,2066,2016,10,1281,1071,210,4777,130,51,0,0,196,3033820,1924075,1092830,382726,82987,95750,105276,0,530,425561,4412358,2422147,0,1990211,1990211,857230,29902856,117045,0,1078218,1858219,0,4.0,0.0,2.0,1.0,1.0,686.6202347096773,706.1363640000001,438.045455,435.98240474193545,683.2991201612903,1.543772,22.31212135483871,1.0,1.0,1.0,1.0,none,0:1.0500|1:0.9300|2:1.0300|3:0.9400|4:0.9500|5:1.1000|6:0.8200|,Osman Özkan:4:54181|Can Aksoy:6:22327,1942180,12,198450,2036,31,36.02158335036357,36.20265863775218,none,227111
Temkinli,22,2096,2016,11,1308,1103,205,5258,123,58,0,0,183,3360790,2130940,1212538,370380,80310,93322,102630,0,618,565278,5115722,3359126,0,1756596,1756596,0,30560423,117045,0,1098063,2295210,0,4.0,0.0,2.0,1.0,1.0,686.8106059333334,712.272727,433.545455,434.6712121,687.9378787333334,1.555113,22.8208081,1.0,1.0,1.0,1.0,none,0:1.0500|1:0.9300|2:1.0300|3:0.9400|4:0.9500|5:1.1000|6:0.8200|,Osman Özkan:4:54181|Can Aksoy:6:22327,2119596,12,198450,2067,30,36.07895762603435,36.875544545378936,none,366828
Temkinli,22,2127,2016,12,1329,1139,190,5222,116,82,0,0,161,3567985,2250002,1298478,382726,82987,97115,117490,0,713,617447,5587352,3827707,0,1759645,1759645,0,34536989,125173,0,1119286,2377769,0,4.0,0.0,2.0,1.0,1.0,691.151026483871,716.1363640000001,435.590909,434.841642,693.0014662903226,1.566167,23.205956709677416,1.0,1.0,1.0,1.0,none,0:1.0500|1:0.9300|2:1.0300|3:0.9400|4:0.9500|5:1.1000|6:0.8200|,Osman Özkan:4:54181|Can Aksoy:6:22327,2270972,12,212231,2097,31,36.39247362306736,36.97601648426906,none,405216
Temkinli,22,2158,2017,1,1217,988,229,4782,139,45,0,0,201,3422600,2158506,1244812,458576,100175,97845,118358,0,35923,433935,4439805,2420966,0,2018839,2018839,0,36897539,125173,0,1140509,2559329,0,3.967741935483871,0.0,2.0,0.967741935483871,1.0,702.4999999032258,722.5,443.636364,440.2008798387097,698.6510263225806,1.577672,21.02200906451613,1.0,1.0,1.0,1.0,none,0:1.0500|1:0.9300|2:1.0300|3:0.9400|4:0.9500|5:1.1000|6:0.8200|,Osman Özkan:4:58466|Can Aksoy:6:24093,2190254,12,212231,2128,31,36.37036171331736,36.84891614788413,none,221704
Temkinli,22,2186,2017,2,1077,907,170,4040,112,39,0,0,158,2975140,1863327,1094851,439488,96068,89497,108248,0,680,360870,2609246,1158561,0,1450685,1450685,0,37287029,125173,0,1161732,2311652,0,4.0,0.0,2.0,1.0,1.0,709.1720780357143,731.5909089999999,443.85064907142856,442.5551948928572,709.1866884285713,1.597686,21.757498964285713,1.0,1.0,1.0,1.0,none,0:1.0500|1:0.9300|2:1.0300|3:0.9400|4:0.9500|5:1.1000|6:0.8200|,Osman Özkan:4:58466|Can Aksoy:6:24093,1897360,13,212231,2159,28,36.799982521830906,37.41284198599314,none,148639
Temkinli,22,2217,2017,3,1208,1001,207,4594,154,35,0,0,174,3183800,1973216,1198660,486576,106361,100233,110205,0,793,394492,5680901,3814699,0,1866202,1866202,0,39048081,125173,0,1182955,2559329,0,4.0,0.0,2.0,1.0,1.0,723.2258061935485,739.772727,452.863636,448.532258032258,715.5894426451613,1.61598,20.753735258064516,1.0,1.0,1.0,1.0,none,0:1.0500|1:0.9300|2:1.0300|3:0.9400|4:0.9500|5:1.1000|6:0.8200|,Osman Özkan:4:58466|Can Aksoy:6:24093,1992518,13,212231,2187,31,37.64872165337019,37.38281569576551,none,182261
Temkinli,22,2247,2017,4,1227,1033,194,4771,113,51,0,0,172,3223580,2023789,1174672,470880,102930,98230,108000,0,1032,393600,6040868,3551882,0,2488986,2008070,0,43031042,125173,0,1204178,2476770,0,4.0,0.0,2.0,1.0,1.0,724.1818182000001,749.3181820000001,457.59090899999995,454.80151516666666,722.6803030333334,1.636479,21.222148,1.0,1.0,1.0,1.0,none,0:1.0500|1:0.9300|2:1.0300|3:0.9400|4:0.9500|5:1.1000|6:0.8200|,Osman Özkan:4:58466|Can Aksoy:6:24093,2085028,13,212231,2218,30,36.43998287618114,36.81270400610564,none,181369
Temkinli,22,2278,2017,5,1272,1034,238,4901,178,33,0,0,205,3389515,2065876,1307531,486576,106361,102745,112964,0,589,498296,6033777,3890579,0,2143198,2624114,0,45570117,125173,0,1225401,2559329,0,4.0,0.0,2.0,1.0,1.0,744.7947212258065,758.6363640000001,454.909091,455.1568914516129,733.1979470967742,1.656565,19.60715706451613,1.0,1.0,1.0,1.0,none,0:1.0500|1:0.9300|2:1.0300|3:0.9400|4:0.9500|5:1.1000|6:0.8200|,Osman Özkan:4:58466|Can Aksoy:6:24093,2079060,14,212231,2248,31,38.575754938390894,38.92154736928098,none,286065
Temkinli,22,2308,2017,6,1251,1047,204,4972,93,37,0,0,190,3044745,1863068,1164290,470880,102930,100691,127320,0,1639,360830,5438762,3317362,0,2121400,2121400,0,47689531,134926,0,1248277,2483404,0,4.0,0.0,2.0,1.0,1.0,743.5909094,767.727273,459.4424241666667,457.11818186666665,745.5348485666667,1.677579,21.455985899999998,1.0,1.0,1.0035714,0.9989285999999999,0,0:1.0500|1:0.9300|2:1.0300|3:0.9400|4:0.9500|5:1.1000|6:0.8200|,Osman Özkan:4:58466|Can Aksoy:6:24093,1906944,15,228769,2279,30,38.23932710292652,38.213012241181296,none|0,132061
Temkinli,22,2339,2017,7,1277,1031,246,4921,140,12,0,0,213,2948219,1834095,1097635,504576,110546,105319,133176,0,1416,242602,4827364,2134970,0,2692394,2692394,0,48955338,134926,0,1271153,2764983,0,4.0,0.0,2.0,1.0,1.0,757.3973607096774,777.045455,486.75073306451617,473.10117306451616,751.0307917419354,1.698169,21.059087032258063,1.0,1.0,1.2183179999999998,0.9345045806451613,0,0:1.0500|1:0.9200|2:1.0300|3:0.9300|4:0.9400|5:1.1000|6:0.8200|,Osman Özkan:4:63165|Can Aksoy:6:26029,1899904,16,228769,2309,31,37.230443192992105,35.73376957526849,0,13833
Temkinli,22,2370,2017,8,1352,1097,255,5425,147,24,0,0,233,3395637,2189170,1192730,505176,110546,106653,134881,0,2156,333318,7246622,4682697,0,2563925,2563925,0,53480385,134926,0,1294029,2764983,0,4.0,0.0,2.0,1.0,1.0,757.1920821935485,787.045455,495.090909,489.90175954838713,752.9076245161291,1.719711,23.335526612903227,1.0,1.0,1.25,0.925,0,0:1.0500|1:0.9200|2:1.0300|3:0.9300|4:0.9400|5:1.1000|6:0.8200|,Osman Özkan:4:63165|Can Aksoy:6:26029,2200750,16,228769,2340,31,35.12536822987852,34.61488562245054,0,104549
Temkinli,22,2400,2017,9,1245,1009,236,4598,167,26,0,0,203,3404335,2210245,1156560,488880,106980,104533,114930,0,1243,339994,10496341,7274024,0,3222317,3222317,0,60557011,134926,0,1316905,2675790,0,4.0,0.0,2.0,1.0,1.0,772.5151516999999,797.727273,504.681818,499.63484853333335,767.8454547333333,1.741526,21.444048366666667,1.0,1.0,1.25,0.925,0,0:1.0500|1:0.9300|2:1.0300|3:0.9400|4:0.9500|5:1.1000|6:0.8200|,Osman Özkan:4:63165|Can Aksoy:6:26029,2237868,16,228769,2371,30,33.97315481584509,34.670301690601775,0,111225
Temkinli,22,2431,2017,10,1273,1051,222,4748,191,46,0,0,195,3317230,2156848,1136810,505176,110546,109351,120218,0,1042,290477,7137316,3283614,0,3853702,3853702,0,62448393,134926,0,1339781,2764983,0,4.0,0.0,2.0,1.0,1.0,785.1246335806452,806.818182,517.5,511.5791788709678,777.6671554838709,1.762901,20.423070516129034,1.0,1.0,1.25,0.925,0,0:1.0500|1:0.9300|2:1.0300|3:0.9400|4:0.9500|5:1.1000|6:0.8200|,Osman Özkan:4:63165|Can Aksoy:6:26029,2243134,17,228769,2401,31,34.269857682463986,34.086898071216325,0,61708
Temkinli,22,2461,2017,11,1176,952,224,4383,183,29,0,0,187,3227870,2105613,1100279,488880,106980,107173,117840,0,498,278908,8718678,5578679,0,3139999,3139999,0,64901194,134926,0,1362657,2675790,0,4.0,0.0,2.0,1.0,1.0,799.7272729666666,817.272727,529.090909,523.2075758,791.1393939333334,1.785264,20.147406966666665,1.0,1.0,1.25,0.925,0,0:1.0500|1:0.9300|2:1.0300|3:0.9400|4:0.9500|5:1.1000|6:0.8200|,Osman Özkan:4:63165|Can Aksoy:6:26029,2145038,18,228769,2432,30,34.086843646119576,33.84108221828106,0,50139
Temkinli,22,2492,2017,12,1272,1037,235,4690,216,68,0,0,186,3684805,2441608,1224814,505176,110546,112080,135563,0,0,361449,11974247,7633104,0,4341143,3584197,0,72381513,144680,0,1387187,2770795,0,4.0,0.0,2.0,1.0,1.0,806.5762463225807,827.272727,534.887097032258,531.4692082258065,801.1847507419355,1.807175,20.686411806451613,0.9580645161290322,0.9580645161290322,1.2479032258064517,0.897454870967742,1,0:1.0500|1:0.9300|2:1.0300|3:0.9400|4:0.9500|5:1.1000|6:0.8200|,Osman Özkan:4:63165|Can Aksoy:6:26029,2475232,19,245306,2462,31,33.239587983624645,33.68424876495356,0|1,116143
Temkinli,22,2523,2018,1,1104,866,238,3944,297,40,0,0,179,3372470,2232523,1110948,523176,114731,113498,137299,0,3276,218968,12374122,8457055,0,3917067,4674013,0,75842323,144680,0,1411717,2945155,0,4.0,0.0,2.0,1.0,1.0,823.0865103870967,837.5,542.4750733225807,538.7844575483871,810.601173032258,1.8301,19.1520224516129,0.9,0.9,1.2266666774193549,0.7907742903225806,1,0:1.0500|1:0.9300|2:1.0300|3:0.9400|4:0.9500|5:1.1000|6:0.8200|,Osman Özkan:4:67279|Can Aksoy:6:27725,2276376,20,245306,2493,31,32.941671831031854,34.092581219991665,1,-26338
Temkinli,22,2551,2018,2,1032,815,217,3803,231,47,0,0,166,3268940,2137097,1114001,473088,103628,103579,125300,0,3606,304800,14010779,9299335,0,4711444,4711444,0,84502295,144680,0,1436247,2660140,0,4.0,0.0,2.0,1.0,1.0,822.9788958214286,846.5909089999999,529.6363636071429,534.1136364285715,819.69967525,1.849195,21.080304535714284,0.9,0.9,1.2020833214285713,0.8,1,0:1.0500|1:0.9300|2:1.0300|3:0.9400|4:0.9500|5:1.1000|6:0.8200|,Osman Özkan:4:67279|Can Aksoy:6:27725,2136304,20,245306,2524,28,34.07835567492826,35.643992051764066,1,59494
Temkinli,22,2582,2018,3,1193,964,229,4453,227,43,0,0,188,3339885,2154419,1162067,523776,114731,115762,127317,0,1959,278522,16960230,12280830,0,4679400,4679400,0,95660212,144680,0,1460777,2945155,0,4.0,0.0,2.0,1.0,1.0,827.0307915806452,854.318182,537.8343108387097,534.9868034838709,828.7419355483871,1.866614,21.549309967741934,0.9,0.9,1.1775,0.8,1,0:1.0500|1:0.9300|2:1.0300|3:0.9400|4:0.9500|5:1.1000|6:0.8200|,Osman Özkan:4:67279|Can Aksoy:6:27725,2185162,21,245306,2552,31,34.793623133730655,34.96804274834977,1,33216
Temkinli,22,2612,2018,4,1142,900,242,3975,204,13,0,0,200,2976120,1881807,1073202,506880,111030,113198,124470,0,1228,216396,19892297,13201512,0,6690785,6690785,0,107674673,144680,0,1485307,2850150,0,4.0,0.0,2.0,1.0,1.0,847.0000000333333,863.863636,539.4439393666667,537.7409090333333,842.1606061333333,1.886091,20.6587595,0.9,0.9,1.1520833333333333,0.8,1,0:1.0500|1:0.9300|2:1.0300|3:0.9400|4:0.9500|5:1.1000|6:0.8200|,Osman Özkan:4:67279|Can Aksoy:6:27725,1964168,22,245306,2583,30,36.06044111124552,36.311223217776025,1,-28910
Temkinli,22,2643,2018,5,1204,939,265,4047,253,24,0,0,209,3210295,2032606,1161037,523776,114731,118150,129921,0,3206,271253,25097853,18590684,0,6507169,6507169,0,125070507,144680,0,1509837,2945155,0,4.0,0.0,2.0,1.0,1.0,850.0073313225806,871.590909,539.2756598387097,538.4164223870968,847.4325512580646,1.905133,20.08635287096774,0.9,0.9,1.126666677419355,0.8,1,0:1.0500|1:0.9300|2:1.0300|3:0.9400|4:0.9500|5:1.1000|6:0.8200|,Osman Özkan:4:67279|Can Aksoy:6:27725,2000072,23,245306,2613,31,36.1660532754778,36.55635193173966,1,25947
Temkinli,22,2673,2018,6,1178,938,240,4536,236,12,0,0,186,3224710,2011561,1186588,506880,111030,115539,146100,0,3400,303639,21591772,15618182,0,5973590,5973590,0,137359926,154434,0,1536021,2856438,0,4.0,0.0,2.0,1.0,1.0,860.0833334333333,880.909091,541.6621212333333,540.0166667333334,851.4348484666666,1.925011,20.064210499999998,0.9,0.9,1.10125,0.8,1,0:1.0500|1:0.9300|2:1.0300|3:0.9400|4:0.9500|5:1.1000|6:0.8200|,Osman Özkan:4:67279|Can Aksoy:6:27725,2035002,24,261844,2644,30,36.79673521029798,37.02213492835708,1,41795
Temkinli,22,2704,2018,7,1196,918,278,4603,285,10,0,0,214,3293561,2073317,1209137,541776,118916,120599,152489,0,5268,270089,21354741,13897326,0,7457415,7457415,0,149807955,154434,0,1562205,3140083,0,4.0,0.0,2.0,1.0,1.0,869.1642228387096,889.772727,554.6612901935483,548.9985336129032,860.4413489354839,1.944446,19.492565225806448,0.9,0.9,1.0758333225806451,0.8,1,0:1.0500|1:0.9300|2:1.0300|3:0.9400|4:0.9500|5:1.1000|6:0.8200|,Osman Özkan:4:71732|Can Aksoy:6:29560,2108546,25,261844,2674,31,36.712148340352584,36.184523520536516,1,8245
Temkinli,22,2735,2018,8,1169,912,257,4252,257,12,0,0,205,3144798,1979383,1150418,542376,118916,121840,154101,0,3018,210167,25378779,18275858,0,7102921,7102921,0,166068841,154434,0,1588389,3140083,0,4.0,0.0,2.0,1.0,1.0,879.0909091935484,899.090909,555.9853372903226,554.2961876451614,868.703812483871,1.964735,19.54785248387097,0.9,0.9,1.0499999999999998,0.8,1,0:1.0500|1:0.9300|2:1.0300|3:0.9400|4:0.9500|5:1.1000|6:0.8200|,Osman Özkan:4:71732|Can Aksoy:6:29560,2023270,26,261844,2705,31,36.58161827882109,36.75451179442103,1,-51677
Temkinli,22,2765,2018,9,1171,913,258,4134,236,34,0,0,220,3438200,2196731,1214185,524880,115080,119141,131040,0,4576,319468,32262917,21963967,0,10298950,8327585,0,188968345,154434,0,1614573,3038790,0,4.0,0.0,2.0,1.0,1.0,877.0757576,908.1818179999999,562.7469697666667,560.0378787666667,868.6924242333333,1.985235,20.970421633333334,0.9,0.9,1.0245833333333334,0.8,1,0:1.0500|1:0.9250|2:1.0300|3:0.9350|4:0.9450|5:1.1000|6:0.8200|,Osman Özkan:4:71732|Can Aksoy:6:29560,2220494,27,261844,2736,30,35.31455412715956,35.838271108239475,1,57624
Temkinli,22,2796,2018,10,1195,933,262,4314,289,25,0,0,205,3678890,2335338,1318121,542376,118916,124382,136772,0,577,395098,36674095,27385038,0,9289057,11260422,0,213025687,154434,0,1640757,3140083,0,4.0,0.0,2.0,1.0,1.0,884.6114371290322,916.818182,559.8137830000001,560.2771261612903,877.5718474516129,2.005278,20.12213316129032,0.9,0.9,1.0028225806451612,0.8,1,0:1.0500|1:0.9300|2:1.0300|3:0.9400|4:0.9500|5:1.1000|6:0.8200|,Osman Özkan:4:71732|Can Aksoy:6:29560,2398264,28,261844,2766,31,35.82931264593396,36.71642039618533,1,133254
Temkinli,22,2826,2018,11,1218,983,235,4789,175,29,0,0,203,4175210,2610968,1539454,524880,115080,121601,133740,0,1582,642571,41115383,30839248,0,10276135,10276135,0,242739456,154434,0,1666941,3038790,0,4.0,0.0,2.0,1.0,1.0,886.8712122333333,927.045455,548.590909,552.8666667,886.0757575666667,2.026201,22.4168795,0.9433333333333334,0.9433333333333334,1.0,0.8173333333333334,none,0:1.0500|1:0.9200|2:1.0300|3:0.9300|4:0.9400|5:1.1000|6:0.8200|,Osman Özkan:4:71732|Can Aksoy:6:29560,2509060,29,261844,2797,30,36.87129509653407,38.143114644737466,1|none,380727
Temkinli,22,2857,2018,12,1293,1043,250,5064,177,58,0,0,220,4481265,2800794,1659269,542376,118916,126926,153543,0,7302,710206,43561547,30395363,0,13166184,13166184,0,268752059,162562,0,1694503,3145252,0,4.0,0.0,2.0,1.0,1.0,890.8284457741936,936.590909,552.818182,551.8973607419355,894.1656891612903,2.046658,23.555677193548387,1.0,1.0,1.0,0.9670967741935484,none,0:1.0500|1:0.9100|2:1.0300|3:0.9200|4:0.9300|5:1.1000|6:0.8200|,Osman Özkan:4:71732|Can Aksoy:6:29560,2863524,30,275625,2827,31,37.026799352415,37.943362201511036,none,434581
Temkinli,22,2888,2019,1,1327,1071,256,5251,136,62,0,0,226,4709475,2990695,1692844,557376,122419,128250,155155,0,4681,724963,41051858,30392355,0,10659503,10659503,0,292617456,162562,0,1722065,3300322,0,4.0,0.0,2.0,1.0,1.0,897.2653958064516,946.3636359999999,571.023460548387,565.7653959354839,896.4222873870967,2.068013,22.49835558064516,1.0,1.0,1.0,1.0,2,0:1.0500|1:0.9250|2:1.0300|3:0.9350|4:0.9450|5:1.1000|6:0.8200|,Osman Özkan:4:75394|Can Aksoy:6:31068,3030352,31,275625,2858,31,35.94549286279256,36.359580652817016,none|2,449338
Temkinli,22,2916,2019,2,1121,908,213,4533,152,69,0,0,179,4436835,2738648,1679841,503888,110572,116790,141260,0,11890,795441,39046631,28149849,0,10896782,10896782,0,317035619,162562,0,1749627,2980936,0,4.0,0.0,2.0,1.0,1.0,915.3327921428572,954.0909089999999,560.5,562.3474025714286,910.2516233214285,2.084821,21.710067714285714,1.0,1.0,1.0,1.0,2,0:1.0500|1:0.9300|2:1.0300|3:0.9400|4:0.9500|5:1.1000|6:0.8200|,Osman Özkan:4:75394|Can Aksoy:6:31068,2784444,32,275625,2889,28,37.86124568526889,38.76544085262904,2,519816
Temkinli,22,2947,2019,3,975,798,177,3895,115,13,0,0,156,3433020,2082925,1333154,557876,122419,130234,143220,0,10397,369008,28521633,17317435,0,11204198,9322134,0,325910666,162562,0,1777189,3300322,0,4.0,0.0,2.0,1.0,1.0,931.6642230322581,962.045455,570.545455,566.3753665483871,925.4281524838709,2.10012,20.290994032258062,1.0,1.0,1.0,1.0,2,0:1.0500|1:0.9300|2:1.0300|3:0.9400|4:0.9500|5:1.1000|6:0.8200|,Osman Özkan:4:75394|Can Aksoy:6:31068,2143132,33,275625,2917,31,38.83327216270223,38.76061343827675,2,93383
Temkinli,22,2977,2019,4,859,680,179,3323,107,12,0,0,164,2829840,1722569,1085556,539880,118470,127054,139740,0,8253,152159,25225165,16269210,0,8955955,10838019,0,334884264,162562,0,1804751,3193860,0,4.0,0.0,2.0,1.0,1.0,937.0530304333333,969.090909,574.454545,571.2318182,930.0893938666667,2.117189,19.5762198,1.0,1.0,1.0,1.0,2,0:1.0500|1:0.9300|2:1.0300|3:0.9400|4:0.9500|5:1.1000|6:0.8200|,Osman Özkan:4:75394|Can Aksoy:6:31068,1740732,34,275625,2948,30,38.36103807989144,38.695620595309556,2,-123466
Temkinli,22,3008,2019,5,1093,848,245,4494,135,17,0,0,210,4040805,2478500,1534361,557876,122419,132342,145514,0,14519,561691,49149260,36832578,0,12316682,12316682,0,318546113,162562,0,1832313,3300322,0,4.0,0.0,2.0,1.0,1.0,933.4090907096775,976.590909,568.409091,569.5777125483871,929.2507330645161,2.13384,20.983576419354836,1.0,1.0,1.0,1.0,2,0:1.0500|1:0.9250|2:1.0300|3:0.9350|4:0.9450|5:1.1000|6:0.8200|,Osman Özkan:4:75394|Can Aksoy:6:31068,2508352,35,275625,2978,31,37.97166653674206,39.103968810949276,2,286066
Temkinli,22,3038,2019,6,968,760,208,3792,84,1,0,0,193,3204145,1968844,1208952,539880,118470,129094,163260,0,9829,248419,36620123,24742508,0,11877615,8697361,0,341444493,170690,0,1861253,3199376,0,4.0,0.0,2.0,1.0,1.0,949.5984847333333,984.3181820000001,594.772727,584.2166666666667,944.5560605666667,2.151183,19.034663066666667,1.0,1.0,1.0,1.0,2,0:1.0500|1:0.9300|2:1.0300|3:0.9400|4:0.9500|5:1.1000|6:0.8200|,Osman Özkan:4:75394|Can Aksoy:6:31068,2058436,36,289406,3009,30,37.730876723743776,37.36587235951367,2,-40987
Temkinli,22,3069,2019,7,1044,845,199,4124,74,13,0,0,181,3360660,2070564,1278284,572876,125891,134451,170035,0,8183,266848,36752485,24827956,0,11924529,15104783,0,355117926,170690,0,1890193,3471318,0,4.0,0.0,2.0,1.0,1.0,949.3695016129032,992.5,581.272727,585.4076246774193,948.6451613225806,2.1681009999999996,20.347360322580645,1.0,1.0,1.0,1.0,2,0:1.0500|1:0.9300|2:1.0300|3:0.9400|4:0.9500|5:1.1000|6:0.8200|,Osman Özkan:4:79300|Can Aksoy:6:32678,2050592,38,289406,3039,31,38.036695172971974,38.77276171053905,2,-22558
Temkinli,22,3100,2019,8,1082,853,229,4367,102,8,0,0,212,3426266,2086459,1313662,573376,125891,135537,171430,0,9055,298373,56244596,41929064,0,14315532,14315532,0,377328129,170690,0,1919133,3471318,0,4.0,0.0,2.0,1.0,1.0,959.0469209354839,1000.909091,584.454545,583.621701032258,954.931085,2.185722,21.260449387096774,1.0,1.0,1.0,1.0,2,0:1.0500|1:0.9200|2:1.0300|3:0.9300|4:0.9400|5:1.1000|6:0.8200|,Osman Özkan:4:79300|Can Aksoy:6:32678,2120948,39,289406,3070,31,38.340922742133856,39.05881638930605,2,8967
Temkinli,22,3130,2019,9,982,760,222,3532,147,16,0,0,196,3322286,2012896,1286263,554880,121830,132245,145440,0,6458,325410,62865220,41834375,0,21030845,21030845,0,398403252,170690,0,1948073,3359340,0,4.0,0.0,2.0,1.0,1.0,974.0151514666667,1008.863636,596.045455,590.7196969666667,968.5878789666666,2.203487,19.3691182,1.0,1.0,1.0,1.0,2,0:1.0500|1:0.9300|2:1.0300|3:0.9400|4:0.9500|5:1.1000|6:0.8200|,Osman Özkan:4:79300|Can Aksoy:6:32678,2048202,40,289406,3101,30,38.716203240780594,38.80532000939842,2,36004
Temkinli,22,3161,2019,10,1003,808,195,3904,108,12,0,0,180,3737958,2299616,1409925,573376,125891,137738,151466,0,9539,411915,66894803,49354627,0,17540176,17540176,0,432108178,170690,0,1977013,3471318,0,4.0,0.0,2.0,1.0,1.0,979.1568917096774,1016.1363640000001,605.454545,600.6319649354839,978.9853373548387,2.220816,19.42719212903226,1.0,1.0,1.0,1.0,2,0:1.0500|1:0.9300|2:1.0300|3:0.9400|4:0.9500|5:1.1000|6:0.8200|,Osman Özkan:4:79300|Can Aksoy:6:32678,2314956,41,289406,3131,31,37.71912364986444,38.16572705291044,2,122509
Temkinli,22,3191,2019,11,918,716,202,3582,115,13,0,0,186,3411525,2104687,1282649,554880,121830,134375,147780,0,6511,317273,67455519,50634448,0,16821071,16821071,0,434215839,170690,0,2005953,3359340,0,4.0,0.0,2.0,1.0,1.0,991.4696971,1024.545455,617.136364,611.5151515666668,986.5636364333333,2.238867,19.40197456666667,1.0,1.0,1.0,1.0,2,0:1.0500|1:0.9300|2:1.0300|3:0.9400|4:0.9500|5:1.1000|6:0.8200|,Osman Özkan:4:79300|Can Aksoy:6:32678,2203262,42,289406,3162,30,37.59752603307905,37.755398293554165,2,27867
Temkinli,22,3222,2019,12,809,652,157,2952,116,1,0,0,136,3155522,1958626,1181566,573376,125891,139940,169291,0,7467,165601,66134418,44233654,0,21900764,21900764,0,462855056,186946,0,2037649,3482285,0,4.0,0.0,2.0,1.0,1.0,992.6759530967743,1032.954545,620.681818,617.2976539354838,991.0850440645161,2.256474,18.977353225806453,1.0,1.0,1.0,1.0,2,0:1.0500|1:0.9300|2:1.0300|3:0.9400|4:0.9500|5:1.1000|6:0.8200|,Osman Özkan:4:79300|Can Aksoy:6:32678,1966656,43,316969,3192,31,37.444391134018396,37.473873919912435,2,-151368
Temkinli,22,3253,2020,1,975,732,243,3509,138,32,0,0,215,3669980,2276992,1368580,603376,132866,141121,170655,0,6811,313751,72992119,53658125,0,19333994,19333994,0,479537812,186946,0,2069345,3811295,0,4.0,0.0,2.0,1.0,1.0,1005.3665688709677,1040.681818,622.5,619.9486804193548,1002.9002933225806,2.274814,18.996664580645163,1.0,1.0,1.0,1.0,2,0:1.0500|1:0.9300|2:1.0300|3:0.9400|4:0.9500|5:1.1000|6:0.8200|,Osman Özkan:4:87066|Can Aksoy:6:35879,2284716,44,316969,3223,31,37.29121139624739,38.08228567824063,2,-3218
Temkinli,22,3282,2020,2,761,550,211,2649,115,15,0,0,181,2804051,1721119,1056010,565384,124294,134076,162139,0,6441,63676,58626725,39080975,0,19545750,19545750,0,512667630,186946,0,2101041,3565405,0,4.0,0.0,2.0,1.0,1.0,1025.6034480689655,1057.5,632.454545,626.5924765172414,1019.6034483448276,2.310313,17.512120586206898,1.0,1.0,1.0,1.0,2,0:1.0500|1:0.9300|2:1.0300|3:0.9400|4:0.9500|5:1.1000|6:0.8200|,Osman Özkan:4:87066|Can Aksoy:6:35879,1791954,45,316969,3254,29,37.66015668045981,38.3334225142473,2,-253293
Temkinli,22,3313,2020,3,792,587,205,2994,89,6,0,0,189,3039595,1850382,1170929,604376,132866,145401,159867,0,8002,120417,63691291,39718685,0,23972606,23972606,0,516804037,186946,0,2132737,3811295,0,4.0,0.0,2.0,1.0,1.0,1034.5821116451611,1072.954545,630.181818,629.224340032258,1031.7302053225806,2.344024,19.17716777419355,1.0,1.0,1.0,1.0,2,0:1.0500|1:0.9300|2:1.0300|3:0.9400|4:0.9500|5:1.1000|6:0.8200|,Osman Özkan:4:87066|Can Aksoy:6:35879,1867200,46,316969,3283,31,38.52253342961809,39.08827429870173,2,-196552
Temkinli,22,3343,2020,4,1067,772,295,3749,138,12,0,0,263,3640578,2186408,1435245,584880,128580,142902,157110,0,6215,415558,115713899,86149978,0,29563921,29563921,0,569719564,186946,0,2164433,3688350,0,4.0,0.0,2.0,1.0,1.0,1055.3257576,1090.0,638.636364,634.1772726666667,1052.6590909333333,2.380603,18.5846361,1.0,1.0,1.0,1.0,none,0:1.0500|1:0.9300|2:1.0300|3:0.9400|4:0.9500|5:1.1000|6:0.8200|,Osman Özkan:4:87066|Can Aksoy:6:35879,2222800,47,316969,3314,30,39.4235475795327,39.484433180862226,2|none,98589
Temkinli,22,3374,2020,5,1155,889,266,4343,140,24,0,0,243,4174150,2525723,1623889,604376,132866,149899,164796,0,11549,560403,128440774,90699752,0,37741022,30381758,0,622363902,186946,0,2196129,3811295,0,4.0,0.0,2.0,1.0,1.0,1072.2873900322581,1106.363636,652.8636359999999,646.4369501612903,1067.9486802258064,2.416546,18.580260258064516,1.0,1.0,1.0,1.0,none,0:1.0500|1:0.9300|2:1.0300|3:0.9400|4:0.9500|5:1.1000|6:0.8200|,Osman Özkan:4:87066|Can Aksoy:6:35879,2550096,48,316969,3344,31,38.90346537618437,39.11486397500585,none,243434
Temkinli,22,3404,2020,6,1103,798,305,3782,192,9,0,0,264,3543244,2099158,1411416,584880,128580,147344,186270,0,10388,353954,121235643,89071327,0,32164316,39523580,0,684126156,204829,0,2230858,3700520,0,4.0,0.0,2.0,1.0,1.0,1099.2727275,1123.6363640000002,662.5,656.8242423666667,1084.2439393333334,2.454257,16.9023603,1.0,1.0,1.0,1.0,none,0:1.0500|1:0.9300|2:1.0300|3:0.9400|4:0.9500|5:1.1000|6:0.8200|,Osman Özkan:4:87066|Can Aksoy:6:35879,2176416,49,347287,3375,30,39.83400522233298,39.73288125625767,none,6667
Temkinli,22,3435,2020,7,1190,915,275,4688,105,16,0,0,256,4068697,2532922,1516895,667976,147438,154550,195393,0,66319,285219,114018303,84274534,0,29743769,29743769,0,725827747,204829,0,2265587,4188565,0,3.870967741935484,0.0,2.0,0.8709677419354839,1.0,1091.6422289999998,1140.681818,688.090909,675.6451613225806,1094.0909091612905,2.491312,20.621928806451614,0.9790322580645161,0.9790322580645161,1.0,0.9865207419354838,3,0:1.0500|1:0.9200|2:1.0300|3:0.9300|4:0.9400|5:1.1000|6:0.8200|,Osman Özkan:4:95685|Can Aksoy:6:39430,2619632,50,347287,3405,31,37.282083182896145,36.96736066812599,none|3,-62068
Temkinli,22,3466,2020,8,1180,881,299,4282,157,9,0,0,276,3993733,2479300,1491851,737676,162874,156939,198431,0,12770,223161,123917568,81780465,0,42137103,42137103,0,792773286,204829,0,2300316,4188565,0,4.0,0.0,2.0,1.0,1.0,1098.6290320967742,1158.409091,686.3636359999999,684.3944281612903,1101.8724340967742,2.5301889999999996,20.655939387096772,0.95,0.95,1.0,0.9251728064516129,3,0:1.0500|1:0.9250|2:1.0300|3:0.9350|4:0.9450|5:1.1000|6:0.8200|,Osman Özkan:4:95685|Can Aksoy:6:39430,2463070,51,347287,3436,31,37.35480063389315,37.525441623361296,3,-124126
Temkinli,22,3496,2020,9,1150,852,298,4377,176,21,0,0,265,4466882,2743456,1685713,713880,157620,154248,169590,0,14078,476297,142412255,106034705,0,36377550,36377550,0,852687988,204829,0,2335045,4053450,0,4.0,0.0,2.0,1.0,1.0,1122.6742423,1176.3636359999998,684.5,684.7636363333334,1123.7090908333334,2.569674,20.856137,0.95,0.95,1.0,0.925,3,0:1.0500|1:0.9300|2:1.0300|3:0.9400|4:0.9500|5:1.1000|6:0.8200|,Osman Özkan:4:95685|Can Aksoy:6:39430,2756226,52,347287,3467,30,37.738023972874146,39.029508809458505,3,129010
Temkinli,22,3527,2020,10,1199,890,309,4404,223,17,0,0,266,4593693,2809093,1758406,737676,162874,161808,177909,0,11398,506741,148344224,110501713,0,37842511,37842511,0,936769766,204829,0,2369774,4188565,0,4.0,0.0,2.0,1.0,1.0,1153.7536657096775,1193.863636,715.409091,702.9809384193549,1147.0483871290323,2.608471,18.753823709677416,0.95,0.95,1.0,0.925,3,0:1.0500|1:0.9300|2:1.0300|3:0.9400|4:0.9500|5:1.1000|6:0.8200|,Osman Özkan:4:95685|Can Aksoy:6:39430,2842470,53,347287,3497,31,38.27870081870948,37.992908515705594,3,159454
Temkinli,22,3557,2020,11,1082,817,265,4006,211,27,0,0,213,4420035,2752511,1636890,713880,157620,159020,174840,0,10811,420719,183725547,134637288,0,49088259,49088259,0,920703075,204829,0,2404503,4053450,0,4.0,0.0,2.0,1.0,1.0,1169.8787876666668,1212.5,731.3818182666668,723.0787879666666,1160.6651514,2.649177,18.544512133333335,0.95,0.95,1.0,0.925,3,0:1.0500|1:0.9300|2:1.0300|3:0.9400|4:0.9500|5:1.1000|6:0.8200|,Osman Özkan:4:95685|Can Aksoy:6:39430,2871442,54,347287,3528,30,37.033417156198986,37.48225662545656,3,73432
Temkinli,22,3588,2020,12,1154,809,345,4026,317,31,0,0,283,4716532,2925736,1761159,737676,162874,166802,201748,0,21197,470862,211324410,162804542,0,48519868,48519868,0,1038386122,234090,0,2444193,4207726,0,4.0,0.0,2.0,1.0,1.0,1190.7478007419354,1230.909091,740.409091,734.8284457419355,1174.0014663225807,2.689175,17.45939258064516,0.95,0.95,1.0,0.925,3,0:1.0500|1:0.9300|2:1.0300|3:0.9400|4:0.9500|5:1.1000|6:0.8200|,Osman Özkan:4:95685|Can Aksoy:6:39430,2931292,55,396900,3558,31,37.34012617745411,37.81982292651196,3,73962
Temkinli,22,3619,2021,1,1193,884,309,4411,193,64,0,0,258,5392018,3362660,1993000,791676,175429,169445,204879,0,12201,639370,127074895,74322550,0,52752345,42915746,0,1165093817,234090,0,2483883,4782556,0,4.0,0.0,2.0,1.0,1.0,1188.5997068709678,1250.227273,738.8636359999999,737.7961876451614,1190.859237516129,2.731141,20.737737774193548,0.95,0.95,1.0,0.925,3,0:1.0500|1:0.9300|2:1.0300|3:0.9400|4:0.9500|5:1.1000|6:0.8200|,Osman Özkan:4:109254|Can Aksoy:6:45022,3433588,56,396900,3589,31,36.96204278249813,37.83747112431271,3,242470
Temkinli,22,3647,2021,2,1000,710,290,3275,296,7,0,0,233,3937390,2367554,1546151,716688,158452,156494,189224,0,13794,311499,128401257,85950885,0,42450372,41354345,0,1258347284,234090,0,2523573,4319728,0,4.0,0.0,2.0,1.0,1.0,1244.9837663214287,1278.1818179999998,755.2272729999999,747.1379870357142,1221.0470779285715,2.792682,17.670223035714287,0.95,0.95,1.0,0.925,3,0:1.0500|1:0.9300|2:1.0300|3:0.9400|4:0.9500|5:1.1000|6:0.8200|,Osman Özkan:4:109254|Can Aksoy:6:45022,2424762,57,396900,3620,28,39.268424006765905,39.33838388660435,3,-85401
Temkinli,22,3653,2021,3,224,161,63,792,57,6,0,0,54,1010050,609819,397558,153576,33954,34194,37614,0,1226,136994,33556497,33556497,0,0,10932626,0,1274994853,0,0,2523573,925656,0,4.0,0.0,2.0,1.0,1.0,1273.0303033333332,1304.318182,775.318182,756.4621213333334,1250.742424,2.849458,17.688374999999997,0.9499999999999998,0.9499999999999998,1.0,0.9250000000000002,3,0:1.0500|1:0.9300|2:1.0300|3:0.9400|4:0.9500|5:1.1000|6:0.8200|,Osman Özkan:4:109254|Can Aksoy:6:45022,617778,57,0,3648,6,39.36022969159943,39.096643656487345,3,136994
Temkinli,23,25,2011,3,1334,1213,121,5595,213,59,0,0,98,2367435,1726862,630254,171250,38525,50012,55000,0,5000,310467,189192,134541,0,54651,54651,548746,183016,71527,0,12127,0,0,3.0,1.0,2.0,0.0,0.0,450.45454568,457.7272730000001,321.37636363999997,329.9,448.3745454,1.0,27.22310308,1.0,1.0,1.0,1.0,none,0:1.0000|1:0.9200|2:1.0300|3:0.9400|4:0.9500|5:1.1000|6:0.8200|,,1994896,1,121275,1,25,26.62180799050449,28.65509589766608,none,189192
Temkinli,23,55,2011,4,1664,1526,138,7068,187,102,0,2,108,2926070,2042663,860825,205500,46230,60374,66390,0,11997,470334,399355,295331,0,104024,110971,988798,937603,71527,0,24254,0,0,3.0,1.0,2.0,0.0,0.0,443.65151499999996,459.09090899999995,306.5000001,310.0439394333333,442.69696966666663,1.00592,28.385266933333334,1.0,1.0,1.0,1.0,none,0:1.0000|1:0.9150|2:1.0300|3:0.9300|4:0.9500|5:1.1000|6:0.8200|,,2044928,1,121275,26,30,29.419152651850435,30.91424468594454,none,349059
Temkinli,23,86,2011,5,1695,1563,132,7315,220,84,0,0,101,2964680,2049568,891903,212350,47771,62821,69099,0,5464,494398,373123,248647,0,124476,129940,928132,1118508,71527,0,36381,0,0,3.0,1.0,2.0,0.0,0.0,449.7507330322581,464.31818200000004,312.0058650645162,310.4266863225806,448.3049852903226,1.01307,29.591813032258063,1.0,1.0,1.0,1.0,none,0:1.0000|1:0.9150|2:1.0300|3:0.9300|4:0.9500|5:1.1000|6:0.8200|,,2077628,1,121275,56,31,30.08429240255272,30.62693573372392,none,373123
Temkinli,23,116,2011,6,1596,1457,139,6613,163,72,0,0,117,2553670,1759892,777660,205500,46230,61245,77460,0,5100,382125,249825,166693,0,83132,83132,808334,1154516,78030,0,49611,0,0,3.0,1.0,2.0,0.0,0.0,459.71212116666663,466.818182,319.94999996666667,317.12575763333336,455.38181820000005,1.020512,27.335123866666667,1.0,1.0,1.0,1.0,none,0:1.0000|1:0.9300|2:1.0300|3:0.9400|4:0.9500|5:1.1000|6:0.8200|,,1784590,1,132300,87,30,30.45264266722012,30.40209617386395,none,249825
Temkinli,23,147,2011,7,1770,1615,155,7830,131,49,0,0,131,2980815,2052980,912404,224350,50561,63751,80600,0,5150,487992,416922,293323,0,123599,95791,870882,1554744,78030,0,62841,0,0,3.0,1.0,2.0,0.0,0.0,460.8797654516129,470.227273,318.7111437096774,318.74046922580646,458.3137829032258,1.027766,26.930245258064513,1.0,1.0,1.0,1.0,none,0:1.0000|1:0.9300|2:1.0300|3:0.9400|4:0.9500|5:1.1000|6:0.8200|,,2050606,1,132300,117,31,30.609212581122947,30.847225762368947,none,355692
Temkinli,23,178,2011,8,1667,1510,157,7534,128,62,0,2,127,2822600,1945737,858351,224750,50561,64216,81189,0,0,437635,402801,311627,0,91174,118982,898760,1851729,78030,0,76071,0,0,3.0,1.0,2.0,0.0,0.0,458.4530789677419,474.090909,316.89002935483876,317.6524927419355,457.7521993548387,1.035317,26.979814645161287,1.0,1.0,1.0,1.0,none,0:1.0500|1:0.9250|2:1.0300|3:0.9350|4:0.9450|5:1.1000|6:0.8200|,,1977360,1,132300,148,31,30.409941188974702,30.878416158017323,none,305335
Temkinli,23,208,2011,9,1589,1443,146,6662,195,104,0,0,118,2878570,1985889,870674,217500,48930,62595,68820,0,12347,460482,410943,316056,0,94887,102034,890962,2153436,78030,0,89301,0,0,3.0,1.0,2.0,0.0,0.0,467.2424239333333,477.272727,324.3439393666667,322.0469697,466.82727270000004,1.042922,26.03788893333333,1.0,1.0,1.0,1.0,none,0:1.0500|1:0.9300|2:1.0300|3:0.9400|4:0.9500|5:1.1000|6:0.8200|,,2011352,1,132300,179,30,30.246754464890554,30.583371125361584,none,328182
Temkinli,23,239,2011,10,1627,1472,155,7041,195,104,0,2,108,3192415,2172836,997027,224750,50561,65146,71641,0,5250,579679,447379,300428,0,146951,146951,0,1552743,78030,0,102531,0,0,3.0,1.0,2.0,0.0,0.0,474.54545461290326,481.136364,322.0337244193548,322.5087977096774,471.9222874516129,1.050335,25.49514051612903,1.0,1.0,1.0,1.0,none,0:1.0500|1:0.9300|2:1.0300|3:0.9400|4:0.9500|5:1.1000|6:0.8200|,,2205226,1,132300,209,31,31.23112126712849,32.138487200969074,none,447379
Temkinli,23,269,2011,11,1576,1442,134,6539,199,83,0,3,99,2973860,2050188,908540,217500,48930,63495,69840,0,6262,502513,370213,264443,0,105770,112032,0,1842467,78030,0,115761,0,0,3.0,1.0,2.0,0.0,0.0,469.40151553333334,484.545455,320.8469697,321.47727269999996,470.89545453333335,1.058051,26.883928466666664,1.0,1.0,1.0,1.0,none,0:1.0500|1:0.9300|2:1.0300|3:0.9400|4:0.9500|5:1.1000|6:0.8200|,,2038662,1,132300,240,30,30.550866550543738,31.64764938275623,none,370213
Temkinli,23,300,2011,12,1586,1451,135,6800,235,128,0,0,88,3289925,2187700,1083557,224750,50561,66077,79949,0,15230,646990,589188,457970,0,131218,141098,0,2316982,79655,0,129266,0,0,3.0,1.0,2.0,0.0,0.0,482.04545467741934,487.5,317.3416421935484,318.67595306451614,476.89589451612903,1.065572,24.41290822580645,1.0,1.0,1.0,1.0,none,0:1.0500|1:0.9300|2:1.0300|3:0.9400|4:0.9500|5:1.1000|6:0.8200|,,2189368,1,135056,270,31,32.93561403375457,34.16769329234508,none,511934
Temkinli,23,331,2012,1,1522,1332,190,6097,256,103,0,0,136,2947885,1984193,945284,227750,51274,66569,80538,0,0,519153,416299,281448,0,134851,134851,0,2552427,79655,0,142771,0,0,3.0,1.0,2.0,0.0,0.0,487.360703967742,491.81818200000004,329.7727273548387,326.33284451612906,478.7052786451613,1.0734,23.68432403225806,1.0,1.0,1.0,1.0,none,0:1.0500|1:0.9300|2:1.0300|3:0.9400|4:0.9500|5:1.1000|6:0.8200|,,2045944,1,135056,301,31,32.06651548483065,32.33497804191737,none,384097
Temkinli,23,360,2012,2,1450,1284,166,5846,218,89,0,0,121,2904450,1958602,935225,217610,47966,62623,75777,0,16224,515025,417754,302780,0,114974,122676,0,2852522,79655,0,156276,0,0,3.3448275862068964,1.0,2.0,0.0,0.3448275862068966,484.92946706896555,494.3181819999999,324.29780562068964,325.71473362068963,483.59090896551726,1.079586,24.911446448275864,1.0,1.0,1.0,1.0,none,0:1.0500|1:0.9300|2:1.0300|3:0.9400|4:0.9500|5:1.1000|6:0.8200|,,1971320,1,135056,332,29,32.19972800358071,33.124747485273204,none,379969
Temkinli,23,391,2012,3,1715,1552,163,8465,235,75,0,0,125,3548770,2591331,937041,241676,51274,67313,74028,0,0,502750,486368,398279,0,88089,88089,0,3300701,79655,0,169781,0,0,4.0,1.0,2.0,0.0,1.0,457.3607037741935,496.590909,334.9222874516129,332.55571841935483,444.74926654838714,1.085405,31.853272838709678,1.0,1.0,1.0,1.0,none,0:1.0500|1:0.9100|2:1.0300|3:0.9200|4:0.9300|5:1.1000|6:0.8200|,,2561312,1,135056,361,31,26.40466978699662,26.770646300000113,none,367694
Temkinli,23,421,2012,4,1781,1602,179,8034,165,105,0,3,145,3220295,2414086,784928,233880,49620,65502,72060,0,0,363866,228810,135897,0,92913,92913,0,3394457,79655,0,183286,0,0,4.0,1.0,2.0,0.0,1.0,444.1969694,499.318182,332.16212110000004,333.0045454666667,438.71060616666665,1.09166,34.885812099999995,1.0,1.0,1.0,1.0,none,0:1.0500|1:0.8900|2:1.0300|3:0.9000|4:0.9100|5:1.1000|6:0.8200|,,2475688,1,135056,392,30,24.374412903165705,25.221884888438403,none,228810
Temkinli,23,452,2012,5,1980,1795,185,9200,173,109,0,7,142,3650655,2709181,922607,239226,50722,68058,74865,0,0,489736,-37557,-130422,0,92865,92865,0,3173983,79655,0,196791,0,0,3.967741935483871,0.967741935483871,2.0,0.0,1.0,444.090909,502.045455,325.8709678709677,327.78885632258067,440.6070382903226,1.097747,35.86810535483871,1.0,1.0,1.0,1.0,none,0:1.0500|1:0.8900|2:1.0300|3:0.9000|4:0.9100|5:1.1000|6:0.8200|,,2695630,1,135056,422,31,25.27236893105484,26.620662286296042,none,354680
Temkinli,23,482,2012,6,1834,1663,171,9130,128,75,0,4,141,3404540,2541070,849278,160380,33060,66252,83790,0,0,505796,-25126,-90945,0,65819,65819,0,3010568,82906,0,210847,0,0,3.0,0.0,2.0,0.0,1.0,444.09090899999995,505.227273,332.4181817666667,331.0363637333333,443.13333320000004,1.104074,36.79580443333334,1.0,1.0,1.0,1.0,none,0:1.0500|1:0.8950|2:1.0300|3:0.9050|4:0.9150|5:1.1000|6:0.8200|,,2552486,2,140569,453,30,24.945455186310046,25.146366424117293,none,365227
Temkinli,23,513,2012,7,1937,1739,198,9445,144,106,0,11,159,3394285,2516300,851612,171726,35557,68833,87079,0,559,487858,635079,508659,0,126420,126420,0,3482817,82906,0,224903,0,0,3.0,0.0,2.0,0.0,1.0,444.090909,508.18181799999996,326.9149560967742,328.5527859354839,445.2082112580645,1.11023,38.711601419354835,1.0,1.0,1.0,1.0,none,0:1.0500|1:0.8950|2:1.0300|3:0.9050|4:0.9150|5:1.1000|6:0.8200|,,2542614,2,140569,483,31,25.089584404373824,26.38557793652692,none,347289
Temkinli,23,544,2012,8,1897,1684,213,9746,159,89,0,10,180,3606930,2624688,969387,171926,35557,69236,87575,0,988,604105,791207,628491,0,162716,162716,0,4155258,82906,0,238959,0,0,3.0,0.0,2.0,0.0,1.0,447.1041058709677,510.909091,324.28592370967743,325.4926686451613,448.75366535483874,1.116629,37.90347977419355,1.0,1.0,1.0,1.0,none,0:1.0500|1:0.9000|2:1.0300|3:0.9100|4:0.9200|5:1.1000|6:0.8200|,,2593806,2,140569,514,31,26.875680980778668,27.469705723690016,none,463536
Temkinli,23,574,2012,9,1799,1628,171,9676,193,126,0,6,123,3965327,2921888,1028602,166380,34410,67393,74130,0,963,685326,856391,597210,0,259181,205602,0,4771207,82906,0,253015,0,0,3.0,0.0,2.0,0.0,1.0,450.16666626666665,514.090909,330.62272716666666,329.4060607,451.3696970666667,1.123064,38.78932436666666,1.0,1.0,1.0,1.0,none,0:1.0500|1:0.9000|2:1.0300|3:0.9100|4:0.9200|5:1.1000|6:0.8200|,,2972302,2,140569,545,30,25.939903569112964,26.55548445899043,none,544757
Temkinli,23,605,2012,10,1848,1638,210,8791,186,147,0,5,160,3651134,2665586,967300,171926,35557,70042,77035,0,1229,611511,352349,177480,0,174869,228448,0,4767263,82906,0,267071,0,0,3.0,0.0,2.0,0.0,1.0,452.43401780645166,516.818182,327.8416421935484,328.56744874193544,455.13929593548386,1.129326,37.931024032258065,1.0,1.0,1.0,1.0,none,0:1.0500|1:0.9100|2:1.0300|3:0.9200|4:0.9300|5:1.1000|6:0.8200|,,2690000,2,140569,575,31,26.493138843986554,27.53824219871174,none,470942
Temkinli,23,635,2012,11,1682,1505,177,8474,173,112,0,3,137,3548356,2580839,949354,166380,34410,68172,74970,0,907,604515,502257,363342,0,138915,138915,0,5005880,82906,0,281127,0,0,3.0,0.0,2.0,0.0,1.0,473.0151514666667,520.227273,339.53484843333337,336.97424243333336,476.79696966666666,1.135835,37.29361063333333,1.0,1.0,1.0,1.0,none,0:1.0500|1:0.9250|2:1.0300|3:0.9350|4:0.9450|5:1.1000|6:0.8200|,,2603746,3,140569,606,30,26.754756287136917,28.219033284547894,none,463946
Temkinli,23,666,2012,12,1702,1499,203,7480,247,141,0,3,158,3587024,2506105,1062105,171926,35557,70818,85684,0,737,697383,1102570,765195,0,337375,337375,0,5808324,86158,0,295735,0,0,3.0,0.0,2.0,0.0,1.0,487.9398826451613,522.727273,330.9237537419355,333.3621700967742,492.9310850967742,1.142168,33.21553158064516,1.0,1.0,1.0,1.0,none,0:1.0500|1:0.9300|2:1.0300|3:0.9400|4:0.9500|5:1.1000|6:0.8200|,,2513542,3,146081,636,31,29.609642979807216,32.17940047286742,none,551302
Temkinli,23,697,2013,1,1629,1456,173,7343,218,119,0,0,144,3526740,2391955,1119557,230726,48832,71252,86180,0,24358,658209,693977,435132,0,258845,258845,0,6157176,86158,0,310343,0,0,3.3548387096774195,0.0,2.0,0.3548387096774194,1.0,495.4545453548387,525.454545,326.4149557741935,328.01026390322585,496.5938417419355,1.148751,32.75111464516129,1.0,1.0,1.0,1.0,none,0:1.0500|1:0.9300|2:1.0300|3:0.9400|4:0.9500|5:1.1000|6:0.8200|,,2418826,3,146081,667,31,31.744812489721387,34.1180823075467,none,512128
Temkinli,23,725,2013,2,1465,1291,174,6668,133,123,0,0,147,3276270,2256823,994964,295288,63616,64749,78316,0,662,492333,818817,583678,0,235139,235139,0,6624003,86158,0,324951,0,0,4.0,0.0,2.0,1.0,1.0,496.7288960714286,528.863636,337.42532475,334.89935071428573,497.63149335714286,1.155828,32.219966285714285,1.0,1.0,1.0,1.0,none,0:1.0500|1:0.9300|2:1.0300|3:0.9400|4:0.9500|5:1.1000|6:0.8200|,,2308144,4,146081,698,28,30.368803547937137,32.07052631351671,none,346252
Temkinli,23,756,2013,3,1617,1424,193,7671,162,103,0,0,153,3327630,2276221,1037189,326926,70432,72089,79267,0,333,488142,667741,316704,0,351037,299148,0,6968304,86158,0,339559,0,0,4.0,0.0,2.0,1.0,1.0,495.9897359032258,531.818182,334.12463341935484,334.76832848387096,500.0967741935484,1.162259,33.11478406451612,1.0,1.0,1.0,1.0,none,0:1.0500|1:0.9300|2:1.0300|3:0.9400|4:0.9500|5:1.1000|6:0.8200|,,2258208,4,146081,726,31,31.169000159272514,32.63476857824594,none,342061
Temkinli,23,786,2013,4,1433,1268,165,6371,182,86,0,0,133,2966460,1919137,1032319,316380,68160,70184,77190,0,327,500078,991929,684737,0,307192,359081,0,7487688,86158,0,354167,0,0,4.0,0.0,2.0,1.0,1.0,515.5151514333334,535.454545,330.8060606333333,332.3515152333333,513.9878787666667,1.16942,28.347506166666665,1.0,1.0,1.0,1.0,none,0:1.0500|1:0.9300|2:1.0300|3:0.9400|4:0.9500|5:1.1000|6:0.8200|,,1956948,5,146081,757,30,34.79969391126124,35.83000233580656,none,353997
Temkinli,23,817,2013,5,1518,1346,172,7081,162,103,0,0,143,3237670,2092706,1127032,326926,70432,72957,80228,0,348,576141,1337412,961006,0,376406,376406,0,8439642,86158,0,368775,0,0,4.0,0.0,2.0,1.0,1.0,521.803519,538.409091,337.34017603225806,335.43695022580647,521.0102639677419,1.176391,27.766177677419357,1.0,1.0,1.0,1.0,none,0:1.0500|1:0.9300|2:1.0300|3:0.9400|4:0.9500|5:1.1000|6:0.8200|,,2100544,5,146081,787,31,34.80997136829881,35.351111338086234,none,430060
Temkinli,23,847,2013,6,1525,1357,168,6928,124,85,0,0,146,2857945,1828914,1012915,316380,68160,71024,89850,0,1063,466438,783519,360054,0,423465,365108,0,8667161,89409,0,383934,0,0,4.0,0.0,2.0,1.0,1.0,521.5530304333333,542.045455,330.3303029,332.53484846666663,523.1742424333333,1.183639,29.454266333333333,1.0,1.0,1.0,1.0,none,0:1.0500|1:0.9300|2:1.0300|3:0.9400|4:0.9500|5:1.1000|6:0.8200|,,1844234,5,151594,818,30,35.44207463754551,36.664100556458386,none,314844
Temkinli,23,878,2013,7,1647,1487,160,8237,101,47,0,0,139,3410334,2171420,1223510,332926,71827,73826,93372,0,879,650680,1357447,951970,0,405477,463834,0,9500614,89409,0,399093,0,0,4.0,0.0,2.0,1.0,1.0,527.1261,545.0,333.41495606451616,332.627566,524.7888562903225,1.190696,29.949709612903227,1.0,1.0,1.0,1.0,none,0:1.0500|1:0.9300|2:1.0300|3:0.9400|4:0.9500|5:1.1000|6:0.8200|,,2145632,6,151594,848,31,35.876544643427884,36.748539663561296,none,499086
Temkinli,23,909,2013,8,1512,1350,162,6980,117,57,0,0,140,2974435,1890960,1068396,333126,71827,74291,93961,0,395,494796,1277638,829520,0,448118,448118,0,10136061,89409,0,414252,0,0,4.0,0.0,2.0,1.0,1.0,526.0117304193549,549.090909,336.272727,334.7478005483871,527.8460410967742,1.198032,28.54168435483871,1.0,1.0,1.0,1.0,none,0:1.0500|1:0.9300|2:1.0300|3:0.9400|4:0.9500|5:1.1000|6:0.8200|,,1955628,7,151594,879,31,35.91929223533209,36.07124945067068,none,343202
Temkinli,23,939,2013,9,1398,1255,143,6352,153,61,0,0,123,2931945,1843408,1069431,322380,69510,72344,79560,0,375,525262,987569,387354,0,600215,600215,0,10464013,89409,0,429411,1054034,0,4.0,0.0,2.0,1.0,1.0,538.4621212666666,551.590909,335.954545,335.3181817666666,534.9863637333333,1.205414,26.905755933333335,1.0,1.0,1.0,1.0,none,0:1.0500|1:0.9300|2:1.0300|3:0.9400|4:0.9500|5:1.1000|6:0.8200|,Selin Doğan:4:36346,1870938,7,151594,910,30,36.475138517264135,37.60850917243579,none,373668
Temkinli,23,970,2013,10,1496,1341,155,6984,144,62,0,0,131,3415780,2194561,1206344,333126,71827,75190,82708,0,748,642745,909212,418342,0,490870,490870,0,10838483,89409,0,444570,1126726,0,4.0,0.0,2.0,1.0,1.0,538.8636363870968,555.227273,346.545455,343.2008797096774,538.7668621290322,1.2126,27.969890483870966,1.0,1.0,1.0,1.0,none,0:1.0500|1:0.9300|2:1.0300|3:0.9400|4:0.9500|5:1.1000|6:0.8200|,Selin Doğan:4:36346,2229864,7,151594,940,31,35.31679440713395,35.689582373107754,none,491151
Temkinli,23,1000,2013,11,1410,1247,163,6045,171,69,0,0,144,2876171,1842775,1015413,322380,69510,73215,80520,0,279,469509,952690,482959,0,469731,469731,0,11349272,89409,0,459729,1090380,0,4.0,0.0,2.0,1.0,1.0,542.2727272,558.409091,346.545455,345.4954545666667,541.2590908333334,1.220071,27.4506776,1.0,1.0,1.0,1.0,none,0:1.0500|1:0.9300|2:1.0300|3:0.9400|4:0.9500|5:1.1000|6:0.8200|,Selin Doğan:4:36346,1853226,7,151594,971,30,35.304333434973096,36.09388087994553,none,317915
Temkinli,23,1031,2013,12,1369,1203,166,5564,219,88,0,0,130,3052970,2007516,1033650,333126,71827,76120,92070,0,0,460507,1072265,461229,0,611036,611036,0,11803023,94286,0,475715,1128235,0,4.0,0.0,2.0,1.0,1.0,535.6598240645161,562.045455,353.68181799999996,350.7521994516129,539.1304985483871,1.227345,26.235157129032256,1.0,1.0,1.0,1.0,none,0:1.0500|1:0.9300|2:1.0300|3:0.9400|4:0.9500|5:1.1000|6:0.8200|,Selin Doğan:4:36346,2031210,7,159862,1001,31,33.85719479719749,33.972681520837426,none,300645
Temkinli,23,1062,2014,1,1398,1211,187,5810,210,96,0,0,147,3180545,2061527,1105169,342126,73935,76586,92628,0,0,519894,1130369,617894,0,512475,512475,0,12351711,94286,0,491701,1173505,0,4.0,0.0,2.0,1.0,1.0,546.1803517741936,565.227273,353.772727,352.7463343870968,546.0087976129032,1.234907,25.52313541935484,1.0,1.0,1.0,1.0,none,0:1.0500|1:0.9300|2:1.0300|3:0.9400|4:0.9500|5:1.1000|6:0.8200|,Selin Doğan:4:37855,2101836,7,159862,1032,31,34.74778693588677,35.227855441738846,none,360032
Temkinli,23,1090,2014,2,1305,1148,157,5344,188,107,0,0,124,2899183,1848510,1035153,309288,66780,69623,84224,0,301,504937,1217245,681650,0,535595,535595,0,13030379,94286,0,507687,1059940,0,4.0,0.0,2.0,1.0,1.0,553.5714283214286,569.545455,350.681818,351.4886363571428,551.5146103928571,1.243005,25.21458225,1.0,1.0,1.0,1.0,none,0:1.0500|1:0.9300|2:1.0300|3:0.9400|4:0.9500|5:1.1000|6:0.8200|,Selin Doğan:4:37855,1847352,7,159862,1063,28,35.704989992008095,36.651026397197235,none,345075
Temkinli,23,1121,2014,3,1396,1220,176,6031,160,79,0,0,153,2965620,1884254,1065077,342426,73935,77547,85281,0,0,485888,605354,21599,0,583755,583755,0,12946789,94286,0,523673,1173505,0,4.0,0.0,2.0,1.0,1.0,552.6173019677419,572.954545,350.227273,350.8343107741935,549.6891495806451,1.250366,26.34658106451613,1.0,1.0,1.0,1.0,none,0:1.0500|1:0.9300|2:1.0300|3:0.9400|4:0.9500|5:1.1000|6:0.8200|,Selin Doğan:4:37855,1898862,8,159862,1091,31,35.91414274249567,36.623903784242366,none,326026
Temkinli,23,1151,2014,4,1352,1177,175,5545,183,64,0,0,145,2902225,1822385,1061749,331380,71550,75526,83070,0,0,500223,1206805,627239,0,579566,579566,0,13553820,94286,0,539659,1135650,0,4.0,0.0,2.0,1.0,1.0,562.2196969333332,575.454545,353.818182,352.4045453333334,556.6363636666666,1.258565,23.3591287,1.0,1.0,1.0,1.0,none,0:1.0500|1:0.9300|2:1.0300|3:0.9400|4:0.9500|5:1.1000|6:0.8200|,Selin Doğan:4:37855,1860984,8,159862,1122,30,36.58396575041563,37.06762962416186,none,340361
Temkinli,23,1182,2014,5,1436,1286,150,6111,174,46,0,0,125,3147720,1993308,1140855,342426,73935,78540,86366,0,0,559588,1371267,774158,0,597109,597109,0,14321236,94286,0,555645,1173505,0,4.0,0.0,2.0,1.0,1.0,563.343108483871,579.772727,358.045455,355.9237535806452,562.4002931935485,1.266552,24.405657774193546,1.0,1.0,1.0,1.0,none,0:1.0500|1:0.9200|2:1.0300|3:0.9300|4:0.9400|5:1.1000|6:0.8200|,Selin Doğan:4:37855,2005050,8,159862,1152,31,36.24385269337807,36.442738074206666,none,399726
Temkinli,23,1212,2014,6,1496,1335,161,6121,160,30,0,0,135,2777520,1786415,980101,331380,71550,76516,96750,0,0,403905,893499,218820,0,674679,674679,0,14493190,97537,0,572182,1137245,0,4.0,0.0,2.0,1.0,1.0,564.7424240333334,582.954545,364.78787846666665,361.87272733333333,562.5681819666667,1.274857,25.635059066666667,1.0,1.0,1.0,1.0,none,0:1.0500|1:0.9250|2:1.0300|3:0.9350|4:0.9450|5:1.1000|6:0.8200|,Selin Doğan:4:37855,1813578,8,165375,1183,30,35.28691062530603,35.40632632813585,none,238530
Temkinli,23,1243,2014,7,1478,1287,191,6250,149,51,0,0,156,2944985,1844328,1078942,348426,75330,79563,100626,0,619,474378,1350341,716720,0,633621,633621,0,15212523,97537,0,588719,1222950,0,4.0,0.0,2.0,1.0,1.0,572.3607038064516,587.954545,357.636364,359.5263929032258,570.9340176451614,1.282947,24.4583885483871,1.0,1.0,1.0,1.0,none,0:1.0500|1:0.9300|2:1.0300|3:0.9400|4:0.9500|5:1.1000|6:0.8200|,Selin Doğan:4:39450,1859430,8,165375,1213,31,36.63658728312708,37.51556289214823,none,309003
Temkinli,23,1274,2014,8,1350,1191,159,5793,147,39,0,0,135,2859117,1799796,1043161,348626,75330,80090,101277,0,652,437186,1086305,465908,0,620397,487525,0,15796303,97537,0,605256,1222950,0,4.0,0.0,2.0,1.0,1.0,577.683284516129,590.681818,369.1964810967742,365.4340176774193,576.7991201290323,1.291361,23.284550096774193,1.0,1.0,1.0,1.0,none,0:1.0500|1:0.9300|2:1.0300|3:0.9400|4:0.9500|5:1.1000|6:0.8200|,Selin Doğan:4:39450,1839998,8,165375,1244,31,36.4854253953231,36.09015683983042,none,271811
Temkinli,23,1304,2014,9,1299,1138,161,5262,188,39,0,0,135,2807180,1782243,1010159,337380,72900,78016,85800,0,0,436063,1530145,886968,0,643177,776049,0,16571022,97537,0,621793,1183500,0,4.0,0.0,2.0,1.0,1.0,578.0681820333333,594.3181820000001,366.636364,366.7787879333334,574.8287878333334,1.299829,22.945778766666667,1.0,1.0,1.0,1.0,none,0:1.0500|1:0.9300|2:1.0300|3:0.9400|4:0.9500|5:1.1000|6:0.8200|,Selin Doğan:4:39450,1786152,8,165375,1275,30,35.984831752862306,36.57558478476185,none,270688
Temkinli,23,1335,2014,10,1289,1124,165,5127,171,57,0,0,133,2783145,1726324,1037903,348626,75330,81113,89218,0,0,443616,1358608,739021,0,619587,619587,0,17322655,97537,0,638330,1222950,0,4.0,0.0,2.0,1.0,1.0,591.9794722903226,599.318182,364.863636,365.89736070967746,584.4750732580645,1.308077,22.874319161290323,1.0,1.0,1.0,1.0,none,0:1.0500|1:0.9300|2:1.0300|3:0.9400|4:0.9500|5:1.1000|6:0.8200|,Selin Doğan:4:39450,1729104,8,165375,1305,31,37.29245152516308,38.365491866065746,none,278241
Temkinli,23,1365,2014,11,1330,1154,176,5395,180,79,0,0,144,2750715,1723618,1011687,337380,72900,79007,86910,0,0,435490,388861,-335372,0,724233,581489,0,16798211,97537,0,654867,1183500,0,4.0,0.0,2.0,1.0,1.0,583.7121212666666,602.272727,364.772727,365.45757573333333,577.7378788,1.316655,24.286328299999997,1.0,1.0,1.0,1.0,none,0:1.0500|1:0.9250|2:1.0300|3:0.9350|4:0.9450|5:1.1000|6:0.8200|,Selin Doğan:4:39450,1761330,9,165375,1336,30,36.77905562735507,37.50811166839639,none,270115
Temkinli,23,1396,2014,12,1322,1152,170,5308,222,72,0,0,135,3115175,1969383,1129732,348626,75330,82167,99417,0,0,524192,2103831,1358079,0,745752,888496,0,17805608,102414,0,672231,1224682,0,4.0,0.0,2.0,1.0,1.0,585.8211140967743,606.818182,372.5,369.69208216129033,587.9369501612903,1.32501,23.53701493548387,1.0,1.0,1.0,1.0,none,0:1.0500|1:0.9250|2:1.0300|3:0.9350|4:0.9450|5:1.1000|6:0.8200|,Selin Doğan:4:39450,2006502,9,173644,1366,31,36.26544255138155,36.41403646327689,none,350548
Temkinli,23,1427,2015,1,1318,1124,194,5190,180,70,0,0,161,3094865,1953042,1125617,357626,77407,82696,100068,0,0,507820,2598458,1731200,0,867258,867258,0,19572496,102414,0,689595,1276642,0,4.0,0.0,2.0,1.0,1.0,588.445747451613,610.227273,371.409091,371.03519067741934,590.6730205806451,1.3337,22.54896735483871,1.0,1.0,1.0,1.0,none,0:1.0500|1:0.9300|2:1.0300|3:0.9400|4:0.9500|5:1.1000|6:0.8200|,Selin Doğan:4:41182,1953456,9,173644,1397,31,36.37047173301582,36.88303592838176,none,334176
Temkinli,23,1455,2015,2,1212,1014,198,4743,204,68,0,0,157,2904110,1830741,1056877,323288,69916,75225,91000,0,0,497448,2392808,1493919,0,898889,898889,0,21063432,102414,0,706959,1153096,0,4.0,0.0,2.0,1.0,1.0,588.9529219642857,614.5454550000001,369.8409095,370.22727264285714,592.91071425,1.342972,22.659979035714287,1.0,1.0,1.0,1.0,none,0:1.0500|1:0.9300|2:1.0300|3:0.9400|4:0.9500|5:1.1000|6:0.8200|,Selin Doğan:4:41182,1836756,9,173644,1428,28,36.392457585972984,37.20365487507891,none,323804
Temkinli,23,1486,2015,3,1343,1161,182,5524,165,43,0,0,154,3025840,1926192,1086248,357926,77407,83812,92163,0,0,474940,541809,-322746,0,864555,864555,0,20139802,102414,0,724323,1276642,0,4.0,0.0,2.0,1.0,1.0,599.6774192258064,618.409091,385.227273,380.2478005483871,596.0513195161291,1.351403,24.62022241935484,1.0,1.0,1.0,1.0,none,0:1.0500|1:0.9300|2:1.0300|3:0.9400|4:0.9500|5:1.1000|6:0.8200|,Selin Doğan:4:41182,1952880,10,173644,1456,31,35.89905612986807,35.76091734497275,none,301296
Temkinli,23,1516,2015,4,1333,1151,182,5241,198,44,0,0,146,2912165,1860789,1034617,346380,74910,81678,89820,0,0,441829,1892245,1136131,0,756114,756114,0,20993200,102414,0,741687,1235460,0,4.0,0.0,2.0,1.0,1.0,604.5151516000001,622.954545,388.7,386.5818182333333,602.4075757333334,1.360799,22.226753233333334,1.0,1.0,1.0,1.0,none,0:1.0500|1:0.9300|2:1.0300|3:0.9400|4:0.9500|5:1.1000|6:0.8200|,Selin Doğan:4:41182,1889002,10,173644,1487,30,35.52741688743598,35.700536376762685,none,268185
Temkinli,23,1547,2015,5,1327,1137,190,5446,203,53,0,0,157,3088710,1992669,1077299,357926,77407,84959,93434,0,961,462612,2600172,1390479,0,1209693,975574,0,22623054,102414,0,759051,1276642,0,4.0,0.0,2.0,1.0,1.0,603.2331375161291,626.818182,390.5,389.0425220645161,608.1143695806452,1.369954,23.106381387096775,1.0,1.0,1.0,1.0,none,0:1.0500|1:0.9300|2:1.0300|3:0.9400|4:0.9500|5:1.1000|6:0.8200|,Selin Doğan:4:41182,2055372,10,173644,1517,31,34.878606278996735,35.26549260739859,none,288968
Temkinli,23,1577,2015,6,1331,1156,175,5478,173,40,0,0,146,2720314,1718235,979000,346380,74910,82789,104700,0,796,369425,1104187,318796,0,785391,1019510,0,21813209,105665,0,776966,1237295,0,4.0,0.0,2.0,1.0,1.0,610.3409091999999,632.045455,384.363636,386.63484853333335,611.469697,1.379479,23.486807666666667,1.0,1.0,1.0,1.0,none,0:1.0500|1:0.9300|2:1.0300|3:0.9400|4:0.9500|5:1.1000|6:0.8200|,Selin Doğan:4:41182,1704756,11,179156,1548,30,35.98849250490936,37.024762684873615,none,190269
Temkinli,23,1608,2015,7,1408,1217,191,5607,156,23,0,0,171,3018145,1909516,1090660,363926,78802,86137,108934,0,1425,451436,2523623,1546656,0,976967,976967,0,23316881,105665,0,794881,1333527,0,4.0,0.0,2.0,1.0,1.0,616.1217007096775,635.227273,393.909091,390.9369501612903,616.7096775483872,1.38876,22.40923590322581,1.0,1.0,1.0,1.0,none,0:1.0500|1:0.9300|2:1.0300|3:0.9400|4:0.9500|5:1.1000|6:0.8200|,Selin Doğan:4:43017,1932876,11,179156,1578,31,36.13676612621329,36.066350114550865,none,272280
Temkinli,23,1639,2015,8,1356,1174,182,5607,140,10,0,0,166,2985290,1892563,1073914,364126,78802,86726,109678,0,704,433878,3206174,1790179,0,1415995,1415995,0,24837101,105665,0,812796,1333527,0,4.0,0.0,2.0,1.0,1.0,617.7419356774193,640.909091,393.363636,392.5703812903226,619.9794720645161,1.398416,23.22812035483871,1.0,1.0,1.0,1.0,none,0:1.0500|1:0.9300|2:1.0300|3:0.9400|4:0.9500|5:1.1000|6:0.8200|,Selin Doğan:4:43017,1929680,11,179156,1609,31,35.97352351027873,36.32233570663529,none,254722
Temkinli,23,1669,2015,9,1256,1095,161,5143,183,45,0,0,135,3002835,1896150,1086222,352380,76260,84499,92940,0,1246,478897,4204066,2792180,0,1411886,1411886,0,27626242,105665,0,830711,1290510,0,4.0,0.0,2.0,1.0,1.0,620.5378789333333,644.090909,391.681818,392.0000000333333,622.2984848333333,1.408139,22.738443033333333,1.0,1.0,1.0,1.0,none,0:1.0500|1:0.9300|2:1.0300|3:0.9400|4:0.9500|5:1.1000|6:0.8200|,Selin Doğan:4:43017,1903484,11,179156,1640,30,36.1732163105865,36.88027253496964,none,299741
Temkinli,23,1700,2015,10,1289,1089,200,5118,177,41,0,0,169,2952375,1897996,1035666,364126,78802,87905,96689,0,459,407685,2574782,1411387,0,1163395,1163395,0,28329166,105665,0,848626,1333527,0,4.0,0.0,2.0,1.0,1.0,622.0967741290323,648.8636359999999,400.909091,397.6788856129032,621.5029324838711,1.417612,22.409858548387096,1.0,1.0,1.0,1.0,none,0:1.0500|1:0.9300|2:1.0300|3:0.9400|4:0.9500|5:1.1000|6:0.8200|,Selin Doğan:4:43017,1919726,12,179156,1670,31,35.079080401371776,35.555188891423924,none,228529
Temkinli,23,1730,2015,11,1355,1181,174,5859,162,70,0,0,143,3515660,2268915,1227219,352380,76260,85669,94200,0,895,617815,4550196,2628311,0,1921885,1921885,1072698,26995851,105665,0,866541,1425998,0,4.0,0.0,2.0,1.0,1.0,620.2727271,653.863636,399.272727,399.0621214666667,623.0393939,1.427469,24.630629600000002,1.0,1.0,1.0,1.0,none,0:1.0500|1:0.9200|2:1.0300|3:0.9300|4:0.9400|5:1.1000|6:0.8200|,Selin Doğan:4:43017|Gülay Kaplan:6:16936,2305728,12,179156,1701,30,34.90721514594699,35.629488520840695,none,438659
Temkinli,23,1761,2015,12,1359,1192,167,5705,228,60,0,0,127,3595325,2261691,1314199,364126,78802,89114,107818,0,3115,671224,5761312,4001548,0,1759764,1759764,0,28177439,113794,0,885835,1862752,0,4.0,0.0,2.0,1.0,1.0,633.0718475161291,658.181818,394.39002951612906,396.1026392903226,627.9413489032258,1.437072,24.436049,1.0,1.0,1.0,1.0,none,0:1.0500|1:0.9250|2:1.0300|3:0.9350|4:0.9450|5:1.1000|6:0.8200|,Selin Doğan:4:43017|Gülay Kaplan:6:16936,2257174,12,192937,1731,31,36.55299590440364,37.70216902496505,none,478287
Temkinli,23,1792,2016,1,1380,1205,175,5687,180,74,0,0,146,3819430,2420981,1390298,379126,82305,89747,108562,0,475,730083,4661853,2685575,0,1976278,1589091,0,31287264,113794,0,905129,1989022,0,4.0,0.0,2.0,1.0,1.0,640.1612903225806,662.272727,407.863636,403.75806458064517,639.2434017419355,1.447064,22.9497204516129,1.0,1.0,1.0,1.0,none,0:1.0500|1:0.9300|2:1.0300|3:0.9400|4:0.9500|5:1.1000|6:0.8200|,Selin Doğan:4:46038|Gülay Kaplan:6:18124,2451732,12,192937,1762,31,36.40066711525018,36.28736348702444,none,537146
Temkinli,23,1821,2016,2,1297,1075,222,5007,204,102,0,0,180,3175465,2026917,1134005,355134,76995,84913,102689,0,458,513816,4517120,2933107,0,1584013,1971200,0,33889704,113794,0,924423,1860698,0,4.0,0.0,2.0,1.0,1.0,639.8902820344828,669.318182,407.636364,406.4137929310345,643.9122256551724,1.463258,23.104756620689656,1.0,1.0,1.0,1.0,none,0:1.0500|1:0.9300|2:1.0300|3:0.9400|4:0.9500|5:1.1000|6:0.8200|,Selin Doğan:4:46038|Gülay Kaplan:6:18124,2069116,12,192937,1793,29,35.71146273065519,36.29589705535908,none,320879
Temkinli,23,1852,2016,3,1317,1132,185,5500,154,57,0,0,156,3248500,1998370,1228285,379626,82305,91700,100843,0,723,573088,3705566,2242807,0,1462759,1462759,0,35397470,113794,0,943717,1989022,0,4.0,0.0,2.0,1.0,1.0,655.5351906129032,676.590909,402.227273,403.84164216129034,653.2800587096774,1.47857,22.234059516129033,1.0,1.0,1.0,1.0,none,0:1.0500|1:0.9300|2:1.0300|3:0.9400|4:0.9500|5:1.1000|6:0.8200|,Selin Doğan:4:46038|Gülay Kaplan:6:18124,2020116,13,192937,1822,31,37.810835770355546,38.64139122356938,none,380151
Temkinli,23,1882,2016,4,1294,1095,199,5263,163,44,0,0,170,3255930,2067737,1175730,367380,79650,89733,98670,0,401,539896,5220448,3441795,0,1778653,1778653,0,36988910,113794,0,963011,1924860,0,4.0,0.0,2.0,1.0,1.0,655.4469697000001,684.545455,420.272727,414.6803030333333,657.3242424,1.495116,22.674071266666665,1.0,1.0,1.0,1.0,none,0:1.0500|1:0.9300|2:1.0300|3:0.9400|4:0.9500|5:1.1000|6:0.8200|,Selin Doğan:4:46038|Gülay Kaplan:6:18124,2081992,13,192937,1853,30,36.11042006431342,35.87998016187946,none,346959
Temkinli,23,1913,2016,5,1317,1098,219,5237,207,41,0,0,180,3157860,1963658,1172527,379626,82305,93746,103075,0,690,513085,4840952,2603896,0,2237056,2237056,0,38787891,113794,0,982305,1989022,0,4.0,0.0,2.0,1.0,1.0,675.1099705806452,692.272727,420.272727,418.91202351612907,668.3284456774194,1.511305,21.164784516129036,1.0,1.0,1.0,1.0,none,0:1.0500|1:0.9300|2:1.0300|3:0.9400|4:0.9500|5:1.1000|6:0.8200|,Selin Doğan:4:46038|Gülay Kaplan:6:18124,1999960,14,192937,1883,31,37.130430101397785,37.74751591380973,none,320148
Temkinli,23,1943,2016,6,1293,1113,180,5446,136,44,0,0,161,3144258,1934801,1191573,367380,79650,91714,115980,0,748,536101,5492478,3533484,0,1958994,1958994,0,41466814,121921,0,1002976,1929412,0,4.0,0.0,2.0,1.0,1.0,675.1060603666667,698.863636,414.863636,416.6318181666667,675.8666666,1.528217,21.6665783,1.0,1.0,1.0,1.0,none,0:1.0500|1:0.9300|2:1.0300|3:0.9400|4:0.9500|5:1.1000|6:0.8200|,Selin Doğan:4:46038|Gülay Kaplan:6:18124,1961092,15,206719,1914,30,37.896794728676845,38.548376269252074,none,329382
Temkinli,23,1974,2016,7,1292,1129,163,5278,118,34,0,0,153,3113573,1913207,1185850,384526,83508,95824,121148,0,34704,466140,6646909,3959128,0,2687781,2190762,0,45897957,121921,0,1023647,2130134,0,3.870967741935484,0.0,2.0,0.8709677419354839,1.0,685.4912023870968,706.818182,429.1319650322581,423.4428152903226,684.450146419355,1.544764,21.207278612903227,1.0,1.0,1.020737322580645,0.9937788064516129,0,0:1.0500|1:0.9300|2:1.0300|3:0.9400|4:0.9500|5:1.1000|6:0.8200|,Selin Doğan:4:49304|Gülay Kaplan:6:19410,1965756,15,206719,1944,31,38.08646850419117,37.3978887638696,none|0,259421
Temkinli,23,2005,2016,8,1251,1040,211,5103,210,22,0,0,173,2902685,1816917,1068002,435426,94860,96879,122512,0,1181,317144,2297376,513684,0,1783692,2280711,0,44738739,121921,0,1044318,2130134,0,4.0,0.0,2.0,1.0,1.0,694.9120234516129,715.0,449.2272730967742,439.0043987419355,693.768328516129,1.562051,20.625621193548387,1.0,1.0,1.2413594516129032,0.9275921612903226,0,0:1.0500|1:0.9300|2:1.0300|3:0.9400|4:0.9500|5:1.1000|6:0.8200|,Selin Doğan:4:49304|Gülay Kaplan:6:19410,1859018,16,206719,1975,31,36.793589383622404,35.35479917796326,0,110425
Temkinli,23,2035,2016,9,1218,1045,173,5071,230,46,0,0,135,3315120,2156995,1136450,421380,91800,94804,104250,0,968,423248,8923404,6292746,0,2630658,2630658,0,50693316,121921,0,1064989,2061420,0,4.0,0.0,2.0,1.0,1.0,703.3030303333333,723.1818179999999,465.227273,458.3333333333333,699.0166666333333,1.579531,20.85139416666667,1.0,1.0,1.25,0.925,0,0:1.0500|1:0.9300|2:1.0300|3:0.9400|4:0.9500|5:1.1000|6:0.8200|,Selin Doğan:4:49304|Gülay Kaplan:6:19410,2190930,16,206719,2006,30,34.28081034774005,33.8510922127687,0,216529
Temkinli,23,2066,2016,10,1354,1149,205,5434,194,59,0,0,171,3539625,2337075,1181754,435426,94860,99019,108903,0,1483,442063,10111630,6435221,0,3676409,3676409,0,57280513,121921,0,1085660,2130134,0,4.0,0.0,2.0,1.0,1.0,700.0513198709677,731.1363640000001,462.81818200000004,462.56891512903223,703.0058650967742,1.596634,22.53437583870968,1.0,1.0,1.25,0.925,0,0:1.0500|1:0.9200|2:1.0300|3:0.9300|4:0.9400|5:1.1000|6:0.8200|,Selin Doğan:4:49304|Gülay Kaplan:6:19410,2367320,16,206719,2036,31,33.38641805275983,33.8879638016673,0,235344
Temkinli,23,2096,2016,11,1293,1111,182,5287,185,33,0,0,158,3462685,2240273,1204662,421380,91800,96905,106560,0,594,487423,8758886,5813622,0,2945264,2945264,0,62090704,121921,0,1106331,2061420,0,4.0,0.0,2.0,1.0,1.0,713.5378787000001,738.863636,464.727273,463.2318181,708.6272726999999,1.614501,22.5173833,1.0,1.0,1.25,0.925,0,0:1.0500|1:0.9300|2:1.0300|3:0.9400|4:0.9500|5:1.1000|6:0.8200|,Selin Doğan:4:49304|Gülay Kaplan:6:19410,2260944,17,206719,2067,30,34.78982350401495,34.86999262790504,0,280704
Temkinli,23,2127,2016,12,1285,1068,217,4781,189,63,0,0,174,3214820,2137218,1060507,435426,94860,101220,122419,0,1485,305097,9016566,6178905,0,2837661,2837661,0,67558418,130050,0,1128381,2134610,0,4.0,0.0,2.0,1.0,1.0,716.458944516129,747.045455,483.136364,475.7316715483871,722.4369500967741,1.631982,22.731169967741934,1.0,1.0,1.25,0.925,0,0:1.0500|1:0.9300|2:1.0300|3:0.9400|4:0.9500|5:1.1000|6:0.8200|,Selin Doğan:4:49304|Gülay Kaplan:6:19410,2160110,18,220500,2097,31,32.98806776118103,32.56607825221678,0,84597
Temkinli,23,2158,2017,1,1233,1034,199,4641,271,50,0,0,161,3484035,2291719,1171471,450426,98332,102335,123814,0,1665,394899,10460611,6342381,0,4118230,4118230,0,70859828,130050,0,1150431,2268890,0,4.0,0.0,2.0,1.0,1.0,734.5454546129032,755.909091,478.9530789677419,478.9985338064516,726.9560117741935,1.650245,21.58011964516129,0.9419354838709677,0.9419354838709677,1.2458870967741935,0.8729952903225807,1,0:1.0500|1:0.9300|2:1.0300|3:0.9400|4:0.9500|5:1.1000|6:0.8200|,Selin Doğan:4:52516|Gülay Kaplan:6:20674,2366608,19,220500,2128,31,33.62397335273612,34.79599173067588,0|1,174399
Temkinli,23,2186,2017,2,1116,941,175,4348,238,21,0,0,152,3311060,2198480,1094409,407288,88816,93411,112980,0,1606,390308,10035225,6491064,0,3544161,3544161,0,76365931,130050,0,1172481,2049320,0,4.0,0.0,2.0,1.0,1.0,735.5844155714286,763.4090910000001,488.5519480714286,484.9480519285715,738.4610389642858,1.667464,22.299008642857142,0.9,0.9,1.2237500000000001,0.7945446428571429,1,0:1.0500|1:0.9300|2:1.0300|3:0.9400|4:0.9500|5:1.1000|6:0.8200|,Selin Doğan:4:52516|Gülay Kaplan:6:20674,2238108,20,220500,2159,28,33.05313102148557,33.583156775840095,1,169808
Temkinli,23,2217,2017,3,1415,1171,244,6051,233,47,0,0,206,3965820,2703858,1245059,450926,98332,104381,114793,0,2505,474122,14701906,10606206,0,4095700,4095700,0,82428611,130050,0,1194531,2268890,0,4.0,0.0,2.0,1.0,1.0,726.5395893548387,770.681818,493.271261,490.806451516129,731.0571846451613,1.683171,26.55387170967742,0.9,0.9,1.1991666774193548,0.8,1,0:1.0500|1:0.9100|2:1.0300|3:0.9200|4:0.9300|5:1.1000|6:0.8200|,Selin Doğan:4:52516|Gülay Kaplan:6:20674,2683048,21,220500,2187,31,31.394743079615314,32.10676083900384,1,253622
Temkinli,23,2247,2017,4,1287,1078,209,5031,235,37,0,0,169,3309505,2185995,1099396,436380,95160,102065,112260,0,1663,351868,18098647,11884799,0,6213848,4885655,0,94493688,130050,0,1216581,2195700,0,4.0,0.0,2.0,1.0,1.0,743.9545457666666,778.863636,487.03484846666663,488.9909091,741.2848484333333,1.700734,24.755215333333336,0.9,0.9,1.1737499999999998,0.8,1,0:1.0500|1:0.9250|2:1.0300|3:0.9350|4:0.9450|5:1.1000|6:0.8200|,Selin Doğan:4:52516|Gülay Kaplan:6:20674,2249932,22,220500,2218,30,33.219348512844064,34.53432723302158,1,131368
Temkinli,23,2278,2017,5,1323,1087,236,5394,245,19,0,0,193,3602925,2327178,1253140,450926,98332,106552,117149,0,1675,478506,21778758,16068780,0,5709978,7038171,0,108280924,130050,0,1238631,2268890,0,4.0,0.0,2.0,1.0,1.0,756.4882696774193,785.681818,485.75219938709677,486.86510264516124,756.4164222580646,1.717904,23.529986161290324,0.9,0.9,1.1483333225806451,0.8,1,0:1.0500|1:0.9300|2:1.0300|3:0.9400|4:0.9500|5:1.1000|6:0.8200|,Selin Doğan:4:52516|Gülay Kaplan:6:20674,2308280,23,220500,2248,31,34.78118473184982,35.78853514883575,1,258006
Temkinli,23,2308,2017,6,1275,1063,212,5236,254,55,0,0,172,3116071,1969033,1127682,436380,95160,104195,131760,0,2852,357335,19128873,13604065,0,5524808,5524808,0,120530384,138178,0,1262059,2200544,0,4.0,0.0,2.0,1.0,1.0,768.9696970333333,794.545455,487.5363636,487.0787878666667,761.0060606666666,1.735829,23.082816833333332,0.9,0.9,1.1229166666666666,0.8,1,0:1.0500|1:0.9300|2:1.0300|3:0.9400|4:0.9500|5:1.1000|6:0.8200|,Selin Doğan:4:52516|Gülay Kaplan:6:20674,1983218,24,234281,2279,30,36.18922675381915,36.59875473885335,1,123054
Temkinli,23,2339,2017,7,1282,1080,202,5572,209,42,0,0,177,3575146,2253414,1306059,465926,101835,108753,137516,0,6022,486007,21331908,13991742,0,7340166,7340166,0,131474037,138178,0,1285487,2419054,0,4.0,0.0,2.0,1.0,1.0,773.2478005483871,802.272727,485.9281524516129,486.8152492258065,771.8108503548387,1.753354,23.482075032258066,0.9,0.9,1.0975,0.8,1,0:1.0500|1:0.9300|2:1.0300|3:0.9400|4:0.9500|5:1.1000|6:0.8200|,Selin Doğan:4:55991|Gülay Kaplan:6:22043,2300092,25,234281,2309,31,36.53162696012974,37.15751249379658,1,251726
Temkinli,23,2370,2017,8,1285,1083,202,5157,233,27,0,0,169,3254941,2037179,1198409,466426,101835,109870,138942,0,3594,377742,25224388,18713695,0,6510693,6510693,0,149241633,138178,0,1308915,2419054,0,4.0,0.0,2.0,1.0,1.0,790.5205278387098,810.681818,501.1642228064516,495.7360703870968,783.6774193870967,1.7716490000000003,22.593948032258062,0.9,0.9,1.0716666774193546,0.8,1,0:1.0500|1:0.9300|2:1.0300|3:0.9400|4:0.9500|5:1.1000|6:0.8200|,Selin Doğan:4:55991|Gülay Kaplan:6:22043,2077434,26,234281,2340,31,36.81814816305426,36.60326264054912,1,143461
Temkinli,23,2400,2017,9,1253,1041,212,4632,222,40,0,0,179,3204135,2063246,1110173,451380,98550,107436,118140,0,1050,333617,31865070,24020687,0,7844383,7844383,0,171545994,138178,0,1332343,2341020,0,4.0,0.0,2.0,1.0,1.0,771.4393938,819.545455,491.9878788,494.98030313333334,777.3106059666667,1.790134,24.328605433333333,0.9,0.9,1.04625,0.8,1,0:1.0500|1:0.9200|2:1.0300|3:0.9300|4:0.9400|5:1.1000|6:0.8200|,Selin Doğan:4:55991|Gülay Kaplan:6:22043,2074146,27,234281,2371,30,34.64813436387668,36.22468819273823,1,99336
Temkinli,23,2431,2017,10,1219,1005,214,4444,287,34,0,0,172,3345900,2099101,1225484,466426,101835,112134,123318,0,1147,420624,31806831,21248499,0,10558332,10558332,0,191310661,138178,0,1355771,2419054,0,4.0,0.0,2.0,1.0,1.0,803.6656891612903,827.727273,506.771261,502.5073313548387,798.7434019354839,1.808208,21.72836677419355,0.9,0.9,1.0208333225806452,0.8,1,0:1.0500|1:0.9300|2:1.0300|3:0.9400|4:0.9500|5:1.1000|6:0.8200|,Selin Doğan:4:55991|Gülay Kaplan:6:22043,2179982,28,234281,2401,31,36.626438327505305,36.94252873618767,1,186343
Temkinli,23,2461,2017,11,1134,961,173,4533,257,30,0,0,135,3355963,2090628,1248085,451380,98550,109657,120600,0,1862,466036,34377382,25573676,0,8803706,8803706,0,215743125,138178,0,1379199,2341020,0,4.0,0.0,2.0,1.0,1.0,810.1742424333333,836.136364,505.0227273666667,503.88787859999996,807.5515150333334,1.827075,21.4329163,0.9,0.9,1.00125,0.8,1,0:1.0500|1:0.9300|2:1.0300|3:0.9400|4:0.9500|5:1.1000|6:0.8200|,Selin Doğan:4:55991|Gülay Kaplan:6:22043,2077526,29,234281,2432,30,37.1900703315263,37.664924294575634,1,231755
Temkinli,23,2492,2017,12,1246,998,248,4575,234,37,0,0,201,3621019,2226785,1367833,466426,101835,114460,138446,0,3336,543330,38387574,26958663,0,11428911,9566663,0,240837350,146306,0,1404005,2423406,0,4.0,0.0,2.0,1.0,1.0,821.0557183548386,845.227273,503.272727,503.3548387419355,817.5043987741935,1.845521,21.491556903225806,0.9580645161290322,0.9580645161290322,1.0,0.8329032258064516,none,0:1.0500|1:0.9300|2:1.0300|3:0.9400|4:0.9500|5:1.1000|6:0.8200|,Selin Doğan:4:55991|Gülay Kaplan:6:22043,2281560,30,248062,2462,31,37.774808693354,38.704193180894606,1|none,295268
Temkinli,23,2523,2018,1,1223,1008,215,4923,197,74,0,0,182,4383500,2720906,1639636,481426,105307,115663,139903,0,6040,791297,33705090,23955911,0,9749179,11611427,0,261641219,146306,0,1428811,2553966,0,4.0,0.0,2.0,1.0,1.0,830.359237516129,854.090909,517.590909,512.7008797741936,829.5381231935485,1.864777,20.766166838709676,1.0,1.0,1.0,0.983225806451613,none,0:1.0500|1:0.9300|2:1.0300|3:0.9400|4:0.9500|5:1.1000|6:0.8200|,Selin Doğan:4:59114|Gülay Kaplan:6:23273,2729474,31,248062,2493,31,37.4047222539067,37.66662841636103,none,543235
Temkinli,23,2551,2018,2,1296,1071,225,5299,159,103,0,0,197,4529475,2793469,1717920,435288,95116,105394,127484,0,7803,946835,37237629,27541689,0,9695940,9695940,0,280589343,146306,0,1453617,2306808,0,4.0,0.0,2.0,1.0,1.0,826.201298357143,861.363636,504.5405846071429,508.0730519285714,833.7743506428571,1.8813790000000001,22.975480535714286,1.0,1.0,1.0,1.0,2,0:1.0500|1:0.9300|2:1.0300|3:0.9400|4:0.9500|5:1.1000|6:0.8200|,Selin Doğan:4:59114|Gülay Kaplan:6:23273,2757612,32,248062,2524,28,37.927574387760174,38.93248708149033,none|2,698773
Temkinli,23,2582,2018,3,972,796,176,3825,144,12,0,0,155,3155383,1886860,1247567,481926,105307,117617,129332,0,11827,401558,24843158,16455103,0,8388055,8388055,0,292963023,146306,0,1478423,2553966,0,4.0,0.0,2.0,1.0,1.0,848.7023459999999,867.954545,511.0,508.56598229032255,841.398826935484,1.896501,20.766659161290324,1.0,1.0,1.0,1.0,2,0:1.0500|1:0.9300|2:1.0300|3:0.9400|4:0.9500|5:1.1000|6:0.8200|,Selin Doğan:4:59114|Gülay Kaplan:6:23273,1960072,33,248062,2552,31,39.53773598957718,39.790433900839,2,153496
Temkinli,23,2612,2018,4,862,704,158,3495,130,9,0,0,136,2751508,1654958,1076646,466380,101910,114843,126270,0,9559,257684,15495213,7518239,0,7976974,7976974,0,298370441,146306,0,1503229,2471580,0,4.0,0.0,2.0,1.0,1.0,852.9242425333333,875.6818179999999,517.318182,513.5439393666667,851.1227273000001,1.9133850000000001,20.889974366666664,1.0,1.0,1.0,1.0,2,0:1.0500|1:0.9300|2:1.0300|3:0.9400|4:0.9500|5:1.1000|6:0.8200|,Selin Doğan:4:59114|Gülay Kaplan:6:23273,1680952,34,248062,2583,30,39.12930654753684,39.34769863458506,2,9622
Temkinli,23,2643,2018,5,1020,844,176,4098,122,16,0,0,156,3300516,2001697,1282955,481926,105307,119694,131626,0,10544,433858,30997505,21240034,0,9757471,9757471,0,316597358,146306,0,1528035,2553966,0,4.0,0.0,2.0,1.0,1.0,851.642228967742,883.409091,516.045455,515.1304985483871,855.3123166774194,1.929868,22.891102838709678,1.0,1.0,1.0,1.0,2,0:1.0500|1:0.9300|2:1.0300|3:0.9400|4:0.9500|5:1.1000|6:0.8200|,Selin Doğan:4:59114|Gülay Kaplan:6:23273,2053210,35,248062,2613,31,38.8713461773856,39.40583998218501,2,185796
Temkinli,23,2673,2018,6,996,788,208,3863,137,25,0,0,182,2889908,1741615,1126345,466380,101910,116854,147780,0,7978,285443,29668472,22788097,0,6880375,6880375,0,292568869,154434,0,1554219,2476246,0,4.0,0.0,2.0,1.0,1.0,872.3484849,890.909091,536.863636,527.7075756666667,863.3500000666667,1.94705,19.486973066666668,1.0,1.0,1.0,1.0,2,0:1.0500|1:0.9300|2:1.0300|3:0.9400|4:0.9500|5:1.1000|6:0.8200|,Selin Doğan:4:59114|Gülay Kaplan:6:23273,1769728,36,261844,2644,30,38.975116162867465,38.45766396194953,2,23599
Temkinli,23,2704,2018,7,1078,881,197,4435,130,13,0,0,174,3454670,2115294,1322284,496926,108810,121803,154008,0,7947,432790,32039021,20148606,0,11890415,11890415,0,303236161,154434,0,1580403,2698612,0,4.0,0.0,2.0,1.0,1.0,872.7419355483871,898.409091,535.545455,534.0087976451613,867.8651025806453,1.963822,21.08643583870968,1.0,1.0,1.0,1.0,2,0:1.0500|1:0.9300|2:1.0300|3:0.9400|4:0.9500|5:1.1000|6:0.8200|,Selin Doğan:4:62462|Gülay Kaplan:6:24591,2161638,37,261844,2674,31,38.27526218133715,38.63644759278238,2,170946
Temkinli,23,2735,2018,8,1002,790,212,3821,116,13,0,0,197,2741744,1653920,1078205,532026,116594,122888,155403,0,51087,100207,42433374,29765765,0,12667609,12667609,0,320229775,154434,0,1606587,2698612,0,3.935483870967742,0.0,2.0,0.9354838709677419,1.0,881.8328444193548,907.045455,532.681818,533.8607038064516,878.4002931935485,1.9813059999999998,20.12083358064516,1.0,1.0,1.0,1.0,2,0:1.0500|1:0.9300|2:1.0300|3:0.9400|4:0.9500|5:1.1000|6:0.8200|,Selin Doğan:4:62462|Gülay Kaplan:6:24591,1658452,38,261844,2705,31,39.32551689727414,39.59378794166532,2,-161637
Temkinli,23,2765,2018,9,1036,840,196,3938,189,15,0,0,166,3182230,1913811,1243892,535380,117450,119974,131940,0,7633,331515,48269984,31982030,0,16287954,13449904,0,337882081,154434,0,1632771,2611560,0,4.0,0.0,2.0,1.0,1.0,899.8106062333334,915.454545,547.5090907333334,541.1469697,883.3393940666666,1.998945,19.683939833333334,1.0,1.0,1.0,1.0,2,0:1.0500|1:0.9300|2:1.0300|3:0.9400|4:0.9500|5:1.1000|6:0.8200|,Selin Doğan:4:62462|Gülay Kaplan:6:24591,1957590,39,261844,2736,30,39.088689378203334,39.15285206236425,2,69671
Temkinli,23,2796,2018,10,1073,904,169,4478,182,33,0,0,142,3875475,2378825,1474371,553226,121365,125028,137516,0,8986,528250,55488416,40587051,0,14901365,17739415,0,360673920,154434,0,1658955,2698612,0,4.0,0.0,2.0,1.0,1.0,890.9750734516128,922.954545,547.318182,545.843108516129,884.8900294516129,2.016165,21.18074512903226,1.0,1.0,1.0,1.0,2,0:1.0500|1:0.9250|2:1.0300|3:0.9350|4:0.9450|5:1.1000|6:0.8200|,Selin Doğan:4:62462|Gülay Kaplan:6:24591,2375134,40,261844,2766,31,38.04362045942755,38.57087607628523,2,266406
Temkinli,23,2826,2018,11,1001,824,177,4202,106,19,0,0,158,3465855,2118036,1325582,535380,117450,122075,134250,0,6267,410160,59186958,44442000,0,14744958,14744958,0,357515598,154434,0,1685139,2611560,0,4.0,0.0,2.0,1.0,1.0,897.2575759666666,931.8181820000001,548.8181820000001,547.3590908666666,894.7666666666667,2.034115,23.313857166666665,1.0,1.0,1.0,1.0,2,0:1.0500|1:0.9250|2:1.0300|3:0.9350|4:0.9450|5:1.1000|6:0.8200|,Selin Doğan:4:62462|Gülay Kaplan:6:24591,2168394,41,261844,2797,30,38.24689723026497,38.833820220606434,2,148316
Temkinli,23,2857,2018,12,834,674,160,3418,159,6,0,0,141,3130870,1874266,1236723,553226,121365,127230,153915,0,9027,271960,54462157,35129134,0,19333023,19333023,0,383160578,167439,0,1713528,2705896,0,4.0,0.0,2.0,1.0,1.0,926.2683282258065,939.318182,561.818182,555.3137830967742,909.6495601612903,2.051637,19.83971277419355,1.0,1.0,1.0,1.0,2,0:1.0500|1:0.9300|2:1.0300|3:0.9400|4:0.9500|5:1.1000|6:0.8200|,Selin Doğan:4:62462|Gülay Kaplan:6:24591,1868252,42,283894,2827,31,39.50093743911437,39.346065834279564,2,-11934
Temkinli,23,2888,2019,1,899,713,186,3569,130,24,0,0,164,3352260,2037085,1291416,577226,126945,128395,155279,0,11185,292386,59760572,41815373,0,17945199,17945199,0,395297484,167439,0,1741917,2924416,0,4.0,0.0,2.0,1.0,1.0,922.008797451613,947.272727,560.545455,558.9193549354839,912.0791789032259,2.069903,18.740357129032258,1.0,1.0,1.0,1.0,2,0:1.0500|1:0.9300|2:1.0300|3:0.9400|4:0.9500|5:1.1000|6:0.8200|,Selin Doğan:4:67689|Gülay Kaplan:6:26647,2110228,43,283894,2858,31,38.523742191834764,39.20389300521643,2,8492
Temkinli,23,2916,2019,2,813,658,155,3161,123,15,0,0,132,3242070,1984114,1247677,522088,114660,117511,142128,0,7580,343710,52588146,36268488,0,16319658,16319658,0,428320968,167439,0,1770306,2641408,0,4.0,0.0,2.0,1.0,1.0,934.6428572142858,959.7727270000001,578.318182,570.1168832142857,926.7824677142856,2.097689,18.594237357142855,1.0,1.0,1.0,1.0,2,0:1.0500|1:0.9300|2:1.0300|3:0.9400|4:0.9500|5:1.1000|6:0.8200|,Selin Doğan:4:67689|Gülay Kaplan:6:26647,2010256,44,283894,2889,28,38.48396240673397,38.12415324890148,2,59816
Temkinli,23,2947,2019,3,870,679,191,3337,131,6,0,0,170,2968025,1844314,1109013,578026,126945,131683,144801,0,8004,119554,51591449,30908241,0,20683208,17213830,0,433498892,167439,0,1798695,2924416,0,4.0,0.0,2.0,1.0,1.0,934.1202347419354,971.818182,585.772727,580.5923753548387,930.8885631612903,2.1231059999999995,19.90744316129032,1.0,1.0,1.0,1.0,2,0:1.0500|1:0.9300|2:1.0300|3:0.9400|4:0.9500|5:1.1000|6:0.8200|,Selin Doğan:4:67689|Gülay Kaplan:6:26647,1917282,45,283894,2917,31,37.36535238079194,37.2915064663139,2,-164340
Temkinli,23,2977,2019,4,730,605,125,2933,117,2,0,0,109,2798595,1688131,1097782,559380,122850,129146,142020,0,8122,136264,45557943,29352778,0,16205165,19674543,0,438109066,167439,0,1827084,2830080,0,4.0,0.0,2.0,1.0,1.0,957.6893942999999,984.3181820000001,572.3181820000001,577.7363636333333,948.7560606000001,2.151607,18.578523500000003,1.0,1.0,1.0,1.0,2,0:1.0500|1:0.9300|2:1.0300|3:0.9400|4:0.9500|5:1.1000|6:0.8200|,Selin Doğan:4:67689|Gülay Kaplan:6:26647,1614116,46,283894,2948,30,39.226183138324764,40.23968674955179,2,-147630
Temkinli,23,3008,2019,5,1033,818,215,3814,131,23,0,0,189,3339739,1998794,1324740,578026,126945,135188,148645,0,5787,330149,107626454,81797101,0,25829353,25829353,0,464519924,167439,0,1855473,2924416,0,4.0,0.0,2.0,1.0,1.0,967.8812316451613,997.727273,582.772727,579.3269794193549,959.5865102258065,2.179552,18.858425870967743,1.0,1.0,1.0,1.0,2,0:1.0500|1:0.9300|2:1.0300|3:0.9400|4:0.9500|5:1.1000|6:0.8200|,Selin Doğan:4:67689|Gülay Kaplan:6:26647,2069976,47,283894,2978,31,39.66597389796029,39.78881830269309,2,46255
Temkinli,23,3038,2019,6,1098,884,214,4519,107,27,0,0,195,3638618,2199864,1414655,559380,122850,132597,167640,0,6609,425579,102941942,69491085,0,33450857,26233657,0,520570141,180444,0,1886067,2838103,0,4.0,0.0,2.0,1.0,1.0,976.8560603666667,1010.6818179999999,601.227273,592.6030302,971.2545454333334,2.20881,19.498758066666667,1.0,1.0,1.0,1.0,none,0:1.0500|1:0.9300|2:1.0300|3:0.9400|4:0.9500|5:1.1000|6:0.8200|,Selin Doğan:4:67689|Gülay Kaplan:6:26647,2204752,48,305944,3009,30,38.87890952004305,38.45282868242359,2|none,119635
Temkinli,23,3069,2019,7,1162,957,205,4951,117,11,0,0,187,4072441,2460573,1597282,602026,132525,138785,175491,0,12166,536289,93699677,67472086,0,26227591,33444791,0,546397698,180444,0,1916661,3173129,0,4.0,0.0,2.0,1.0,1.0,991.099706967742,1024.318182,602.318182,599.6612902580645,978.9369500322581,2.237498,19.669212,1.0,1.0,1.0,1.0,none,0:1.0500|1:0.9300|2:1.0300|3:0.9400|4:0.9500|5:1.1000|6:0.8200|,Selin Doğan:4:73445|Gülay Kaplan:6:28914,2499616,50,305944,3039,31,39.22173458129903,39.227286844551145,none,230345
Temkinli,23,3100,2019,8,1246,1028,218,4790,160,8,0,0,197,4263580,2621511,1603977,602826,132525,140646,177847,0,8573,541560,112904435,83208937,0,29695498,29695498,0,602977864,180444,0,1947255,3173129,0,4.0,0.0,2.0,1.0,1.0,994.0835777741935,1037.727273,619.545455,612.6920821290323,996.6642229677419,2.267534,20.486776483870965,0.9709677419354839,0.9709677419354839,1.0,0.9745967741935483,3,0:1.0500|1:0.9300|2:1.0300|3:0.9400|4:0.9500|5:1.1000|6:0.8200|,Selin Doğan:4:73445|Gülay Kaplan:6:28914,2659590,51,305944,3070,31,37.62042696513259,37.67672368281191,none|3,235616
Temkinli,23,3130,2019,9,1095,859,236,3945,229,27,0,0,194,3594520,2193163,1370856,583380,128250,137940,151680,0,10849,358757,112336150,74688552,0,37647598,37647598,0,639194794,180444,0,1977849,3070770,0,4.0,0.0,2.0,1.0,1.0,1017.0151515333333,1051.136364,624.272727,620.7454546,1016.0818181333333,2.297973,19.769282066666666,0.95,0.95,1.0,0.925,3,0:1.0500|1:0.9300|2:1.0300|3:0.9400|4:0.9500|5:1.1000|6:0.8200|,Selin Doğan:4:73445|Gülay Kaplan:6:28914,2270772,52,305944,3101,30,38.13738691118703,38.617165530051686,3,52813
Temkinli,23,3161,2019,10,1082,858,224,4026,267,28,0,0,162,3833845,2296880,1502529,602826,132525,144398,158751,0,8397,455632,124395382,91864469,0,32530913,32530913,0,710235148,180444,0,2008443,3173129,0,4.0,0.0,2.0,1.0,1.0,1038.885630451613,1065.227273,624.727273,622.6451612258064,1027.0366569032258,2.327819,18.612585419354836,0.95,0.95,1.0,0.925,3,0:1.0500|1:0.9300|2:1.0300|3:0.9400|4:0.9500|5:1.1000|6:0.8200|,Selin Doğan:4:73445|Gülay Kaplan:6:28914,2341952,53,305944,3131,31,39.19117752543465,39.86563538005378,3,149688
Temkinli,23,3191,2019,11,1111,893,218,4305,227,29,0,0,177,4097795,2510625,1564486,583380,128250,141601,155700,0,9046,546509,149534180,117777137,0,31757043,31757043,0,695992133,180444,0,2039037,3070770,0,4.0,0.0,2.0,1.0,1.0,1043.5454545999999,1079.772727,644.545455,636.3166666333333,1040.7606061666668,2.359067,19.197515066666664,0.95,0.95,1.0,0.925,3,0:1.0500|1:0.9300|2:1.0300|3:0.9400|4:0.9500|5:1.1000|6:0.8200|,Selin Doğan:4:73445|Gülay Kaplan:6:28914,2608572,54,305944,3162,30,38.17872782801482,38.23503785495766,3,240565
Temkinli,23,3222,2019,12,1115,884,231,4210,267,49,0,0,179,4473727,2724870,1725929,602826,132525,148214,179273,0,11822,651269,175885039,125774580,0,50110459,50110459,0,784670372,208080,0,2074317,3188176,0,4.0,0.0,2.0,1.0,1.0,1054.3181815806452,1093.863636,641.227273,640.4237537419355,1048.0806451290323,2.389707,19.186876225806454,0.95,0.95,1.0,0.925,3,0:1.0500|1:0.9300|2:1.0300|3:0.9400|4:0.9500|5:1.1000|6:0.8200|,Selin Doğan:4:73445|Gülay Kaplan:6:28914,2690748,55,352800,3192,31,38.57922041286829,39.18085790395219,3,298469
Temkinli,23,3253,2020,1,1078,789,289,3892,273,27,0,0,217,4221157,2553305,1634939,706126,156136,150276,181691,0,67730,372980,107432782,70506123,0,36926659,36926659,0,892585582,208080,0,2109597,3639586,0,3.903225806451613,0.0,2.0,0.9032258064516129,1.0,1066.678885580645,1108.409091,645.3636359999999,642.8651026451613,1063.8592376129031,2.421786,18.57691070967742,0.95,0.95,1.0,0.925,3,0:1.0500|1:0.9300|2:1.0300|3:0.9400|4:0.9500|5:1.1000|6:0.8200|,Selin Doğan:4:84242|Gülay Kaplan:6:33164,2586944,56,352800,3223,31,38.73201115239258,39.49785219113087,3,20180
Temkinli,23,3282,2020,2,1024,793,231,3667,250,44,0,0,189,4261980,2587756,1651778,729234,161153,143831,173913,0,12924,430723,98639127,64572530,0,34066597,34066597,0,966582771,208080,0,2144877,3404774,0,4.0,0.0,2.0,1.0,1.0,1100.4231975517241,1134.318182,680.545455,666.6520376551724,1094.487460862069,2.477969,17.795245172413793,0.95,0.95,1.0,0.925,3,0:1.0500|1:0.9300|2:1.0300|3:0.9400|4:0.9500|5:1.1000|6:0.8200|,Selin Doğan:4:84242|Gülay Kaplan:6:33164,2656314,57,352800,3254,29,38.75611804841881,38.15602429009938,3,77923
Temkinli,23,3313,2020,3,1193,904,289,4336,279,28,0,0,240,4457670,2713635,1715601,779526,172267,157071,172670,0,9399,424668,124746789,82662186,0,42084603,42084603,0,970627880,208080,0,2180157,3639586,0,4.0,0.0,2.0,1.0,1.0,1123.607038,1159.772727,687.681818,682.2463342903226,1118.7697948064517,2.531706,19.288571322580644,0.95,0.95,1.0,0.925,3,0:1.0500|1:0.9300|2:1.0300|3:0.9400|4:0.9500|5:1.1000|6:0.8200|,Selin Doğan:4:84242|Gülay Kaplan:6:33164,2776942,58,352800,3283,31,38.48649630860965,38.79694637512586,3,71868
Temkinli,23,3343,2020,4,1109,841,268,3884,265,34,0,0,215,4159322,2521933,1611392,754380,166710,155546,170970,0,15105,348681,152535637,110270058,0,42265579,42265579,0,1044315808,208080,0,2215437,3522180,0,4.0,0.0,2.0,1.0,1.0,1154.5909090333334,1186.1363640000002,706.545455,697.7636363666667,1144.7045454666666,2.590438,18.235934466666667,0.95,0.95,1.0,0.925,3,0:1.0500|1:0.9300|2:1.0300|3:0.9400|4:0.9500|5:1.1000|6:0.8200|,Selin Doğan:4:84242|Gülay Kaplan:6:33164,2641270,59,352800,3314,30,38.74169876725101,38.8055587938462,3,-4119
Temkinli,23,3374,2020,5,1203,933,270,4386,234,30,0,0,226,4776925,2926759,1825213,779526,172267,164330,180637,0,15023,513430,184520381,128702680,0,55817701,44894157,0,1122129722,208080,0,2250717,3639586,0,4.0,0.0,2.0,1.0,1.0,1172.6466274516129,1212.5,726.090909,717.1085044193547,1169.630498548387,2.648573,18.74678741935484,0.95,0.95,1.0,0.925,3,0:1.0500|1:0.9300|2:1.0300|3:0.9400|4:0.9500|5:1.1000|6:0.8200|,Selin Doğan:4:84242|Gülay Kaplan:6:33164,2980420,60,352800,3344,31,38.20895241185491,38.08101332471015,3,160630
Temkinli,23,3404,2020,6,1160,863,297,4248,290,31,0,0,240,4213071,2511789,1666173,754380,166710,162722,205680,0,9821,366860,193341455,142895174,0,50446281,61369825,0,1220551038,238966,0,2291233,3539638,0,4.0,0.0,2.0,1.0,1.0,1207.2651514,1240.681818,726.045455,723.9242424333333,1199.0818182,2.710017,17.587855166666667,0.95,0.95,1.0,0.925,3,0:1.0500|1:0.9300|2:1.0300|3:0.9400|4:0.9500|5:1.1000|6:0.8200|,Selin Doğan:4:84242|Gülay Kaplan:6:33164,2540568,61,405169,3375,30,39.54770759856646,39.86031534513819,3,-38309
Temkinli,23,3435,2020,7,1187,900,287,4546,238,21,0,0,250,4759532,2942423,1798902,836526,185535,171930,217310,0,13515,374086,168901929,121604846,0,47297083,47297083,0,1320376695,238966,0,2331749,4180784,0,4.0,0.0,2.0,1.0,1.0,1210.7111436129032,1268.409091,764.772727,747.7492668064516,1211.1231671612904,2.770836,18.96135712903226,0.95,0.95,1.0,0.925,3,0:1.0500|1:0.9200|2:1.0300|3:0.9300|4:0.9400|5:1.1000|6:0.8200|,Selin Doğan:4:96768|Gülay Kaplan:6:38096,3041100,62,405169,3405,31,37.79577487870656,36.83276716873779,3,-31083
Temkinli,23,3466,2020,8,1155,869,286,4377,242,16,0,0,233,4532911,2741907,1761657,838426,185535,175902,222363,0,17129,322302,179455489,116178951,0,63276538,63276538,0,1423652427,238966,0,2372265,4180784,0,4.0,0.0,2.0,1.0,1.0,1252.7272726774193,1297.272727,762.6363640000001,760.1847507096775,1245.8152491612905,2.835116,18.088274,0.95,0.95,1.0,0.925,3,0:1.0500|1:0.9300|2:1.0300|3:0.9400|4:0.9500|5:1.1000|6:0.8200|,Selin Doğan:4:96768|Gülay Kaplan:6:38096,2723852,63,405169,3436,31,38.86370149336707,39.12191578857875,3,-82867
Temkinli,23,3496,2020,9,1136,864,272,3808,242,21,0,0,228,4562495,2741334,1783522,811380,179550,174190,191460,0,22518,404424,196027959,141310012,0,54717947,54717947,0,1543452746,238966,0,2412781,4045920,0,4.0,0.0,2.0,1.0,1.0,1280.4242423666667,1328.409091,775.545455,769.2575756666666,1274.7833332,2.900887,17.9272511,0.95,0.95,1.0,0.925,3,0:1.0500|1:0.9300|2:1.0300|3:0.9400|4:0.9500|5:1.1000|6:0.8200|,Selin Doğan:4:96768|Gülay Kaplan:6:38096,2834718,64,405169,3467,30,39.09093599006684,39.430586415130364,3,-745
Temkinli,23,3527,2020,10,1174,876,298,4220,313,19,0,0,239,5260195,3250612,1980990,838426,185535,184030,202275,0,17070,553654,205989940,151550779,0,54439161,54439161,0,1651912968,238966,0,2453297,4180784,0,4.0,0.0,2.0,1.0,1.0,1290.6671554838708,1356.818182,812.954545,795.8460411290323,1289.5659824516129,2.965989,19.28743141935484,0.95,0.95,1.0,0.925,3,0:1.0500|1:0.9300|2:1.0300|3:0.9400|4:0.9500|5:1.1000|6:0.8200|,Selin Doğan:4:96768|Gülay Kaplan:6:38096,3234982,65,405169,3497,31,37.66001070302527,37.01284319928142,3,148485
Temkinli,23,3557,2020,11,1121,849,272,4125,278,25,0,0,214,5171505,3183247,1946316,811380,179550,182236,200310,0,23580,549260,258299504,187017657,0,71281847,71281847,0,1613145027,238966,0,2493813,4045920,0,4.0,0.0,2.0,1.0,1.0,1319.5757576333333,1389.545455,815.042424,811.4212121666666,1316.8469697,3.034797,19.90393046666667,0.95,0.95,1.0,0.925,3,0:1.0500|1:0.9300|2:1.0300|3:0.9400|4:0.9500|5:1.1000|6:0.8200|,Selin Doğan:4:96768|Gülay Kaplan:6:38096,3292224,66,405169,3528,30,37.63538853776608,38.234510653501,3,144091
Temkinli,23,3588,2020,12,1197,875,322,3995,323,41,0,0,244,5632806,3522824,2086077,838426,185535,192530,232779,0,18033,618774,306888568,234243908,0,72644660,72644660,0,1797325808,269854,0,2539567,4198729,0,4.0,0.0,2.0,1.0,1.0,1345.4105573548386,1420.681818,855.0263929354838,839.4721406451613,1347.6085042580646,3.102904,19.643122129032257,0.95,0.95,1.0,0.925,3,0:1.0500|1:0.9300|2:1.0300|3:0.9400|4:0.9500|5:1.1000|6:0.8200|,Selin Doğan:4:96768|Gülay Kaplan:6:38096,3584574,67,457537,3558,31,37.03441943500273,36.44866332723602,3,161237
Temkinli,23,3619,2021,1,1108,806,302,3758,289,26,0,0,237,5321180,3284960,2001147,895426,198772,196984,238173,0,10580,461212,190690774,110697694,0,79993080,64843799,0,2013097070,269854,0,2585321,4737079,0,4.0,0.0,2.0,1.0,1.0,1396.6202345806453,1453.409091,869.090909,860.9237536774193,1382.6392961612903,3.174888,18.34893493548387,0.95,0.95,1.0,0.925,3,0:1.0500|1:0.9300|2:1.0300|3:0.9400|4:0.9500|5:1.1000|6:0.8200|,Selin Doğan:4:109644|Gülay Kaplan:6:43165,3376764,68,457537,3589,31,37.60720366535242,37.77185182620838,3,3675
Temkinli,23,3647,2021,2,1028,754,274,3743,285,37,0,0,211,5490542,3391120,2074697,810488,179536,181676,219688,0,21250,662059,164332571,104999057,0,59333514,60135543,0,2141743943,269854,0,2631075,4517793,0,4.0,0.0,2.0,1.0,1.0,1437.5081168214288,1484.545455,889.318182,879.0487013214286,1419.258116892857,3.242156,17.872273285714286,0.95,0.95,1.0,0.925,3,0:1.0500|1:0.9300|2:1.0300|3:0.9400|4:0.9500|5:1.1000|6:0.8200|,Selin Doğan:4:109644|Gülay Kaplan:6:43165|Tuncay Öztürk:1:34163,3469106,69,457537,3620,28,37.78674309385121,38.13473666037925,3,204522
Temkinli,23,3653,2021,3,231,172,59,750,50,2,0,0,50,1020270,618472,399965,173676,38472,39648,43614,0,1571,102984,47042712,47042712,0,0,14347252,0,2160965315,0,0,2631075,1121832,0,4.0,0.0,2.0,1.0,1.0,1469.318182,1513.181818,896.590909,887.0075756666666,1455.0757576666667,3.304138,17.963871833333332,0.9499999999999998,0.9499999999999998,1.0,0.9250000000000002,3,0:1.0500|1:0.9300|2:1.0300|3:0.9400|4:0.9500|5:1.1000|6:0.8200|,Selin Doğan:4:109644|Gülay Kaplan:6:43165|Tuncay Öztürk:1:34163,570520,69,0,3648,6,39.201877934272304,38.97911834320444,3,102984
Dengeli,21,25,2011,3,1338,1217,121,5567,186,88,0,0,97,2382565,1783024,590636,168750,37975,50012,55000,0,9737,269162,147887,96610,0,51277,56014,523112,94309,71527,0,12127,0,0,3.0,1.0,2.0,0.0,0.0,446.51818184,457.7272730000001,328.7618182,334.40181824,448.12727284,1.0,28.879036160000002,1.0,1.0,1.0,1.0,none,0:1.0000|1:0.9100|2:1.0300|3:0.9400|4:0.9500|5:1.1000|6:0.8200|,,2072572,1,121275,1,25,24.78992178597436,26.37213184796928,none,147887
Dengeli,21,55,2011,4,1585,1426,159,6213,201,53,0,2,140,2621475,1903280,694462,202500,45570,60374,66390,0,7904,311724,190449,123172,0,67277,75181,883942,588029,71527,0,24254,0,0,3.0,1.0,2.0,0.0,0.0,449.7727271333333,459.09090899999995,324.1772727,326.07575770000005,443.680303,1.00592,27.704730933333334,1.0,1.0,1.0,1.0,none,0:1.0000|1:0.9150|2:1.0300|3:0.9400|4:0.9500|5:1.1000|6:0.8200|,,1916682,1,121275,26,30,26.49126922820168,27.9242041272327,none,190449
Dengeli,21,86,2011,5,1765,1609,156,7007,228,70,0,2,133,2890230,2093913,775577,209250,47089,62821,69099,0,4977,382341,261066,163053,0,98013,102990,935610,821770,71527,0,36381,0,0,3.0,1.0,2.0,0.0,0.0,447.3093839032258,464.31818200000004,321.9956011935484,323.48826987096777,447.3328446129032,1.01307,29.44130558064516,1.0,1.0,1.0,1.0,none,0:1.0000|1:0.9100|2:1.0300|3:0.9400|4:0.9500|5:1.1000|6:0.8200|,,2091270,1,121275,56,31,26.834438781688654,28.01501314731835,none,261066
Dengeli,21,116,2011,6,1802,1663,139,8920,153,74,0,10,113,3022175,2253843,750133,202500,45570,61245,77460,0,5955,357403,255495,171084,0,84411,90366,1071746,1146713,78030,0,49611,0,0,3.0,1.0,2.0,0.0,0.0,428.5984847333333,466.818182,318.87272740000003,320.4136364,420.0893938333333,1.020512,36.0551144,1.0,1.0,1.0,1.0,none,0:1.0000|1:0.8900|2:1.0300|3:0.9200|4:0.9500|5:1.1000|6:0.8200|,,2251368,1,132300,87,30,24.820965033461,25.601060489423514,none,225103
Dengeli,21,147,2011,7,2011,1812,199,10073,136,81,0,16,172,3473985,2726316,725278,222750,50220,63751,80600,0,10435,297522,240006,162110,0,77896,67467,1230682,1460439,78030,0,62841,0,0,3.0,1.0,2.0,0.0,0.0,417.5,470.227273,330.4926687419355,327.9369500645161,413.99266832258064,1.027766,38.25323174193548,1.0,1.0,1.0,1.0,none,0:1.0500|1:0.8900|2:1.0300|3:0.9000|4:0.9500|5:1.1000|6:0.8200|,,2769762,1,132300,117,31,20.877407357832574,20.840079343248977,none,165222
Dengeli,21,178,2011,8,2154,1959,195,11333,150,106,0,27,154,3852890,3042646,787728,223200,50220,64216,81189,0,9166,359737,376446,298203,0,78243,97923,1402598,1917048,78030,0,76071,0,0,3.0,1.0,2.0,0.0,0.0,417.954545,474.090909,329.9222873548387,330.02052783870965,416.16568893548384,1.035317,38.81738538709677,1.0,1.0,1.0,1.0,none,0:1.0500|1:0.8900|2:1.0300|3:0.9000|4:0.9500|5:1.1000|6:0.8200|,,3059346,1,132300,148,31,20.445120416103236,21.062639154973485,none,227437
Dengeli,21,208,2011,9,1846,1653,193,9104,216,112,0,13,148,3587360,2757272,803361,216000,48600,62595,68820,0,9616,397730,398470,315203,0,83267,92883,1192008,2070659,78030,0,89301,0,0,3.0,1.0,2.0,0.0,0.0,422.68181853333334,477.272727,323.70151523333334,325.12878796666666,419.5015155333333,1.042922,36.501301733333335,1.0,1.0,1.0,1.0,none,0:1.0500|1:0.9100|2:1.0300|3:0.9200|4:0.9500|5:1.1000|6:0.8200|,,2734022,1,132300,179,30,22.39421189955845,23.41721336476039,none,265430
Dengeli,21,239,2011,10,1915,1730,185,10158,217,111,0,13,153,3818010,2925638,867327,192000,43200,65146,71641,0,8735,486605,354305,231153,0,123152,131887,1232320,2315092,78030,0,102531,0,0,2.5806451612903225,0.5806451612903226,2.0,0.0,0.0,426.51026412903224,481.136364,327.170088,326.4560117096774,422.84897332258066,1.050335,38.92109406451613,1.0,1.0,1.0,1.0,none,0:1.0500|1:0.9100|2:1.0300|3:0.9200|4:0.9500|5:1.1000|6:0.8200|,,2976348,1,132300,209,31,22.71672939567995,23.29139166952822,none,354305
Dengeli,21,269,2011,11,1925,1755,170,9916,246,131,0,21,127,3929875,3015541,897533,144000,32400,63495,69840,0,0,587798,455498,344133,0,111365,111365,1466128,2891199,78030,0,115761,0,0,2.0,0.0,2.0,0.0,0.0,431.2651513333333,484.545455,329.8666666,329.23636369999997,431.4848486333333,1.058051,39.358138833333335,1.0,1.0,1.0,1.0,none,0:1.0500|1:0.9150|2:1.0300|3:0.9250|4:0.9500|5:1.1000|6:0.8200|,,3034176,1,132300,240,30,22.83871624415535,23.511866057306452,none,455498
Dengeli,21,300,2011,12,1964,1759,205,9644,288,172,0,16,154,4083650,3131276,934990,148800,33480,66077,79949,0,9290,597394,81597,-30332,0,111929,115869,1355798,2727473,79655,0,129266,0,0,2.0,0.0,2.0,0.0,0.0,431.18768287096776,487.5,330.2991202903226,329.8592373548387,428.5087976451613,1.065572,38.35206941935484,1.0,1.0,1.0,1.0,none,0:1.0500|1:0.9250|2:1.0300|3:0.9350|4:0.9500|5:1.1000|6:0.8200|,,3055182,1,135056,270,31,22.89593868230627,23.397830362152508,none,462338
Dengeli,21,331,2012,1,1767,1582,185,8794,243,145,0,5,150,3896710,2879713,998978,165180,34162,66569,80538,0,8642,643887,26971,-191235,110696,107510,113030,1038408,9820396,79655,398225,540996,0,0,2.967741935483871,0.0,2.0,0.0,0.967741935483871,450.96774200000004,491.81818200000004,327.9736070322581,329.0689149032258,454.80791774193546,1.0734,37.57982841935483,1.0,1.0,1.0,1.0,none,0:1.0500|1:0.9300|2:1.0300|3:0.9400|4:0.9500|5:1.1000|6:0.8200|,,3004970,3,135056,301,31,25.636447156703987,27.273377564052453,none,508831
Dengeli,21,360,2012,2,1503,1354,149,7364,231,99,0,0,121,3151270,2235943,901271,155034,31958,62623,75777,0,0,575879,537859,396692,0,141167,141167,1022306,10211669,79655,0,554501,0,0,3.0,0.0,2.0,0.0,1.0,471.6457679655172,494.3181819999999,332.9341692413793,331.36520386206894,471.26959251724134,1.079586,33.729883689655175,1.0,1.0,1.0,1.0,none,0:1.0500|1:0.9300|2:1.0300|3:0.9400|4:0.9500|5:1.1000|6:0.8200|,,2250796,3,135056,332,29,28.60024688458939,29.41012262708977,none,440823
Dengeli,21,391,2012,3,1693,1516,177,8546,186,112,0,0,158,3504545,2476422,1009847,165726,34162,67313,74028,0,0,668618,886641,469243,217677,199721,199721,1060604,10554197,79655,0,568006,0,0,3.0,0.0,2.0,0.0,1.0,472.31671548387095,496.590909,329.0645160967742,330.04985335483866,473.5967741612903,1.085405,34.00946593548387,1.0,1.0,1.0,1.0,none,0:1.0500|1:0.9300|2:1.0300|3:0.9400|4:0.9500|5:1.1000|6:0.8200|,,2466346,3,135056,361,31,28.81535263493549,30.32969079663848,none,533562
Dengeli,21,421,2012,4,1478,1332,146,6476,197,93,0,0,120,2858320,1941472,896176,191180,39996,65502,72060,0,22296,505142,279686,-83317,106950,256053,256053,949660,10169645,79655,0,581511,0,0,3.2666666666666666,0.0,2.0,0.26666666666666666,1.0,479.01515156666665,499.318182,322.91363643333335,324.9651515,480.8954545666667,1.09166,29.572489333333333,1.0,1.0,1.0,1.0,none,0:1.0500|1:0.9300|2:1.0300|3:0.9400|4:0.9500|5:1.1000|6:0.8200|,,1992044,3,135056,392,30,31.353242464104788,32.58801201231063,none,370086
Dengeli,21,452,2012,5,1508,1341,167,6477,217,92,0,0,138,2887130,1966296,904603,285076,61039,68058,74865,0,0,415565,-450078,-711560,105668,155814,155814,929710,8910299,79655,0,595016,0,0,4.0,0.0,2.0,1.0,1.0,489.3108504516129,502.045455,335.10410564516127,331.81964816129033,483.87390032258065,1.097747,27.43299229032258,1.0,1.0,1.0,1.0,none,0:1.0500|1:0.9300|2:1.0300|3:0.9400|4:0.9500|5:1.1000|6:0.8200|,,2001396,5,135056,422,31,31.33225729357528,31.515087937274522,none,280509
Dengeli,21,482,2012,6,1466,1327,139,6622,161,66,0,0,121,2600725,1780561,807529,275880,59070,66252,83790,0,0,322537,379842,45344,104371,230127,230127,858448,8765164,82906,0,609072,0,0,4.0,0.0,2.0,1.0,1.0,484.4242424666666,505.227273,329.2333332333333,331.07575763333335,484.59393946666665,1.104074,29.083145133333336,1.0,1.0,1.0,1.0,none,0:1.0500|1:0.9300|2:1.0300|3:0.9400|4:0.9500|5:1.1000|6:0.8200|,,1772724,6,140569,453,30,31.050149477549528,32.03615666365253,none,181968
Dengeli,21,513,2012,7,1605,1462,143,7787,173,70,0,0,125,3100230,2062162,1008381,291076,62434,68833,87079,0,0,498959,1009603,574704,103056,331843,331843,936488,9326751,82906,0,623128,0,0,4.0,0.0,2.0,1.0,1.0,491.70821122580645,508.18181799999996,324.9721405483871,326.69501480645164,489.14076251612903,1.11023,29.19248409677419,1.0,1.0,1.0,1.0,none,0:1.0500|1:0.9300|2:1.0300|3:0.9400|4:0.9500|5:1.1000|6:0.8200|,,2070292,6,140569,483,31,32.526006135028695,33.9095558851364,none,358390
Dengeli,21,544,2012,8,1570,1409,161,6891,130,72,0,3,141,2945115,1971749,957697,291276,62434,69236,87575,0,0,447176,-92279,-467186,101725,273182,273182,770164,8315125,82906,0,637184,0,0,4.0,0.0,2.0,1.0,1.0,485.00733141935484,510.909091,326.863636,326.37243416129036,485.91202351612907,1.116629,28.016780870967743,1.0,1.0,1.0,1.0,none,0:1.0500|1:0.9300|2:1.0300|3:0.9400|4:0.9500|5:1.1000|6:0.8200|,,1995330,7,140569,514,31,32.518152941396174,32.606454619263914,none,306607
Dengeli,21,574,2012,9,1463,1298,165,6180,192,92,0,0,139,2925420,1965975,946520,281880,60420,67393,74130,0,0,462697,188505,-238296,0,426801,334346,898524,8449102,82906,0,651240,1005424,0,4.0,0.0,2.0,1.0,1.0,496.7500002333333,514.090909,334.4621215,332.0272727,497.37424243333334,1.123064,27.3389455,1.0,1.0,1.0,1.0,none,0:1.0500|1:0.9300|2:1.0300|3:0.9400|4:0.9500|5:1.1000|6:0.8200|,Selin Öztürk:4:35908,1988216,7,140569,545,30,32.355012271742176,32.66993027822918,none,322128
Dengeli,21,605,2012,10,1538,1370,168,6454,188,74,0,0,143,3053625,2024987,1012050,291276,62434,70042,77035,0,0,511263,931616,413176,125503,392937,485392,851490,8614854,82906,0,665296,1113148,0,4.0,0.0,2.0,1.0,1.0,490.1539589677419,516.818182,322.636364,325.56451603225804,490.62903222580644,1.129326,27.97806461290323,1.0,1.0,1.0,1.0,none,0:1.0500|1:0.9200|2:1.0300|3:0.9300|4:0.9400|5:1.1000|6:0.8200|,Selin Öztürk:4:35908,2028426,7,140569,575,31,33.14257644602726,34.17652594718032,none,370694
Dengeli,21,635,2012,11,1467,1320,147,6724,175,109,0,0,125,3038670,1983241,1037892,281880,60420,68172,74970,0,0,552450,1080753,543012,123737,414004,414004,884942,9054282,82906,0,679352,1077240,0,4.0,0.0,2.0,1.0,1.0,500.5454548333334,520.227273,325.045455,324.6242425666667,498.95000003333337,1.135835,29.3312003,1.0,1.0,1.0,1.0,none,0:1.0500|1:0.9250|2:1.0300|3:0.9350|4:0.9450|5:1.1000|6:0.8200|,Selin Öztürk:4:35908,2011572,7,140569,606,30,34.156127516314704,35.06175076382816,none,411881
Dengeli,21,666,2012,12,1453,1296,157,6155,222,85,0,0,136,3300700,2213546,1072187,291276,62434,70818,85684,0,0,561975,982049,312139,121944,547966,547966,1010564,9401404,86158,0,693960,1114553,0,4.0,0.0,2.0,1.0,1.0,501.1217007096774,522.727273,337.909091,334.18328451612905,502.8401758387097,1.142168,26.943699451612904,1.0,1.0,1.0,1.0,none,0:1.0500|1:0.9200|2:1.0300|3:0.9300|4:0.9400|5:1.1000|6:0.8200|,Selin Öztürk:4:35908,2246368,7,146081,636,31,32.48362468567274,32.5694555790618,none,415894
Dengeli,21,697,2013,1,1436,1283,153,6101,191,71,0,0,144,3024560,2024530,985471,297276,63829,71252,86180,0,0,466934,969189,405640,120122,443427,443427,938076,9594552,86158,0,708568,1156703,0,4.0,0.0,2.0,1.0,1.0,505.5205280322581,525.454545,336.090909,336.148094,506.11730203225807,1.148751,27.352877129032258,1.0,1.0,1.0,1.0,none,0:1.0500|1:0.9300|2:1.0300|3:0.9400|4:0.9500|5:1.1000|6:0.8200|,Selin Öztürk:4:37313,2031330,7,146081,667,31,32.582292961620865,33.51587317171154,none,320853
Dengeli,21,725,2013,2,1278,1149,129,5291,173,63,0,0,110,2713955,1795289,896498,268688,57652,64749,78316,0,0,427093,749937,215972,118271,415694,415694,872672,9626679,86158,0,723176,1044764,0,4.0,0.0,2.0,1.0,1.0,513.5389612857142,528.863636,339.772727,338.0649349642857,510.9204546428572,1.155828,26.688512107142856,1.0,1.0,1.0,1.0,none,0:1.0500|1:0.9300|2:1.0300|3:0.9400|4:0.9500|5:1.1000|6:0.8200|,Selin Öztürk:4:37313,1811194,7,146081,698,28,33.03289848210453,33.837010896051,none,281012
Dengeli,21,756,2013,3,1514,1363,151,6632,168,79,0,0,133,3069500,2075113,983406,297476,63829,72089,79267,0,0,470745,648059,115240,0,532819,432706,950880,10051776,86158,0,737784,1156703,0,4.0,0.0,2.0,1.0,1.0,499.7434018709678,531.818182,337.5645158387097,337.75659822580644,504.5087976451613,1.162259,30.041410838709677,1.0,1.0,1.0,1.0,none,0:1.0500|1:0.9150|2:1.0300|3:0.9250|4:0.9350|5:1.1000|6:0.8200|,Selin Öztürk:4:37313,2114560,7,146081,726,31,32.0379866427757,32.45243167295126,none,324664
Dengeli,21,786,2013,4,1455,1291,164,6427,159,48,0,0,148,2997820,1951472,1031376,287880,61770,70184,77190,0,0,534352,1003590,411064,103098,489428,589541,910146,10218517,86158,0,752392,1119390,0,4.0,0.0,2.0,1.0,1.0,515.1893939666667,535.454545,336.0,336.33484853333334,512.7212122333333,1.16942,26.233519633333334,1.0,1.0,1.0,1.0,none,0:1.0500|1:0.9300|2:1.0300|3:0.9400|4:0.9500|5:1.1000|6:0.8200|,Selin Öztürk:4:37313,1963380,7,146081,757,30,34.40420038561354,34.78126608682873,none,388271
Dengeli,21,817,2013,5,1452,1301,151,6292,177,49,0,0,145,2975840,1980037,977400,297476,63829,72957,80228,0,0,462910,722734,198016,101568,423150,423150,845144,10221564,86158,0,767000,1156703,0,4.0,0.0,2.0,1.0,1.0,515.740469,538.409091,345.545455,342.51173029032253,517.7478006129032,1.176391,27.702219677419357,1.0,1.0,1.0,1.0,none,0:1.0500|1:0.9300|2:1.0300|3:0.9400|4:0.9500|5:1.1000|6:0.8200|,Selin Öztürk:4:37313,1993278,7,146081,787,31,32.8445077692349,33.00012782204221,none,316829
Dengeli,21,847,2013,6,1453,1310,143,6234,174,45,0,0,130,2692370,1754883,920495,287880,61770,71024,89850,0,0,409971,342827,-210870,100016,453681,366486,817974,9933121,89409,0,782159,1120872,0,4.0,0.0,2.0,1.0,1.0,529.0909090333333,542.045455,347.5,345.8348484,527.8439392666667,1.183639,26.3707903,1.0,1.0,1.0,1.0,none,0:1.0500|1:0.9300|2:1.0300|3:0.9400|4:0.9500|5:1.1000|6:0.8200|,Selin Öztürk:4:37313,1826976,7,151594,818,30,34.18902305403789,34.321305834777235,none,258377
Dengeli,21,878,2013,7,1541,1362,179,6967,124,50,0,0,161,2880765,1922571,940539,303476,65224,73826,93372,0,0,404641,260734,-205327,98443,367618,454813,852902,9588666,89409,0,797318,1202645,0,4.0,0.0,2.0,1.0,1.0,524.6041056774194,545.0,351.363636,349.25219938709677,524.2991202258064,1.190696,27.572911161290325,1.0,1.0,1.0,1.0,none,0:1.0500|1:0.9300|2:1.0300|3:0.9400|4:0.9500|5:1.1000|6:0.8200|,Selin Öztürk:4:38795,1904880,7,151594,848,31,32.64893179415884,33.02308689592024,none,253047
Dengeli,21,909,2013,8,1383,1233,150,5682,163,45,0,0,131,2568485,1672942,880344,303676,65224,74291,93961,0,0,343192,140376,-314926,96848,358454,358454,727340,9021322,89409,0,812477,1202645,0,4.0,0.0,2.0,1.0,1.0,536.0117302580645,549.090909,353.2771261935484,351.8049853548387,534.9589444516129,1.198032,23.752440967741933,1.0,1.0,1.0,1.0,none,0:1.0500|1:0.9300|2:1.0300|3:0.9400|4:0.9500|5:1.1000|6:0.8200|,Selin Öztürk:4:38795,1710916,7,151594,879,31,34.27483516547692,34.091530791040334,none,191598
Dengeli,21,939,2013,9,1379,1224,155,5391,167,67,0,0,135,2746170,1817760,908767,293880,63120,72344,79560,0,0,399863,847913,344404,0,503509,503509,872820,9634668,89409,0,827636,1163850,0,4.0,0.0,2.0,1.0,1.0,527.1742424,551.590909,346.818182,348.6166667,529.8863635,1.205414,25.853002433333334,1.0,1.0,1.0,1.0,none,0:1.0500|1:0.9300|2:1.0300|3:0.9400|4:0.9500|5:1.1000|6:0.8200|,Selin Öztürk:4:38795,1832058,7,151594,910,30,33.09216108252585,34.21184987698103,none,248269
Dengeli,21,970,2013,10,1356,1201,155,5374,206,67,0,0,138,2808625,1814065,976521,303676,65224,75190,82708,0,0,449723,797669,294759,91249,411661,411661,874920,9797811,89409,0,842795,1202645,0,4.0,0.0,2.0,1.0,1.0,542.8079180645161,555.227273,350.590909,349.21114377419354,538.7565982580645,1.2126,23.669363354838712,1.0,1.0,1.0,1.0,none,0:1.0500|1:0.9300|2:1.0300|3:0.9400|4:0.9500|5:1.1000|6:0.8200|,Selin Öztürk:4:38795,1853050,7,151594,940,31,34.76865014019315,35.41160743378653,none,298129
Dengeli,21,1000,2013,11,1441,1294,147,6086,194,47,0,0,132,3195155,2059246,1117986,293880,63120,73215,80520,0,0,607251,1246719,663527,89865,493327,493327,925802,10437398,89409,0,857954,1163850,0,4.0,0.0,2.0,1.0,1.0,544.4015153666667,558.409091,350.454545,349.6530303,543.4424242666666,1.220071,24.244179799999998,1.0,1.0,1.0,1.0,none,0:1.0500|1:0.9300|2:1.0300|3:0.9400|4:0.9500|5:1.1000|6:0.8200|,Selin Öztürk:4:38795,2057568,7,151594,971,30,34.99003960684223,35.62572198867577,none,455657
Dengeli,21,1031,2013,12,1334,1172,162,5137,224,65,0,0,138,2877375,1840424,1026659,303676,65224,76120,92070,0,0,489569,1472198,712180,88463,671555,671555,896424,10994921,94286,0,873940,1204255,0,4.0,0.0,2.0,1.0,1.0,547.2287390967742,562.045455,348.136364,348.91202345161287,548.2140763870967,1.227345,23.220821225806453,1.0,1.0,1.0,1.0,none,0:1.0500|1:0.9300|2:1.0300|3:0.9400|4:0.9500|5:1.1000|6:0.8200|,Selin Öztürk:4:38795,1856244,7,159862,1001,31,35.68040314522786,36.381929689106826,none,329707
Dengeli,21,1062,2014,1,1323,1147,176,5338,221,54,0,0,152,3056125,1987664,1053047,312676,67301,76586,92628,0,0,503856,961608,389872,87043,484693,484693,809334,10983155,94286,0,889926,1252555,0,4.0,0.0,2.0,1.0,1.0,551.2316716774193,565.227273,360.909091,357.02639296774197,548.8782991290323,1.234907,22.66922512903226,1.0,1.0,1.0,1.0,none,0:1.0500|1:0.9300|2:1.0300|3:0.9400|4:0.9500|5:1.1000|6:0.8200|,Selin Öztürk:4:40405,2031618,7,159862,1032,31,34.4569348439609,34.52678618742285,none,343994
Dengeli,21,1090,2014,2,1261,1096,165,4841,185,62,0,0,149,2857375,1837053,1003426,282688,60788,69623,84224,0,0,506103,1179085,580099,85604,513382,513382,943908,11632164,94286,0,905912,1131340,0,4.0,0.0,2.0,1.0,1.0,558.814935,569.545455,354.454545,355.83441557142856,554.3944805357143,1.243005,22.471513214285714,1.0,1.0,1.0,1.0,none,0:1.0500|1:0.9300|2:1.0300|3:0.9400|4:0.9500|5:1.1000|6:0.8200|,Selin Öztürk:4:40405,1831356,7,159862,1063,28,35.11705673913995,36.570316432219194,none,346241
Dengeli,21,1121,2014,3,1360,1198,162,5315,196,50,0,0,144,2881825,1861268,1004396,312976,67301,77547,85281,0,0,461291,948989,253220,84147,611622,611622,764812,11402748,94286,0,921898,1252555,0,4.0,0.0,2.0,1.0,1.0,557.7492667741935,572.954545,362.954545,359.8651026451613,554.9032256774193,1.250366,23.789922193548385,1.0,1.0,1.0,1.0,none,0:1.0500|1:0.9200|2:1.0300|3:0.9300|4:0.9400|5:1.1000|6:0.8200|,Selin Öztürk:4:40405,1888532,7,159862,1091,31,34.85277558491581,34.92514170405118,none,301429
Dengeli,21,1151,2014,4,1340,1174,166,5197,172,42,0,0,153,2812185,1823594,969726,302880,65130,75526,83070,0,0,443120,973570,367706,82672,523192,523192,838120,11553503,94286,0,937884,1212150,0,4.0,0.0,2.0,1.0,1.0,561.6515153666666,575.454545,366.954545,364.59393946666665,558.1106060000001,1.258565,22.935516266666664,1.0,1.0,1.0,1.0,none,0:1.0500|1:0.9300|2:1.0300|3:0.9400|4:0.9500|5:1.1000|6:0.8200|,Selin Öztürk:4:40405,1862624,7,159862,1122,30,34.48300876364819,34.665084138437926,none,283258
Dengeli,21,1182,2014,5,1484,1325,159,6111,182,51,0,0,141,3311390,2184360,1111204,312976,67301,78540,86366,0,0,566021,1492584,828320,81177,583087,583087,885518,12148792,94286,0,953870,1252555,0,4.0,0.0,2.0,1.0,1.0,555.1612902580645,579.772727,365.5,365.4222873548387,557.8636362580646,1.266552,25.561304806451613,1.0,1.0,1.0,1.0,none,0:1.0500|1:0.9200|2:1.0300|3:0.9300|4:0.9400|5:1.1000|6:0.8200|,Selin Öztürk:4:40405,2192760,7,159862,1152,31,33.55702590150964,34.16327715678829,none,406159
Dengeli,21,1212,2014,6,1413,1252,161,5947,160,45,0,0,156,2885025,1901495,972023,302880,65130,76516,96750,0,0,430747,953475,201049,79663,672763,672763,812572,12181081,97537,0,970407,1213853,0,4.0,0.0,2.0,1.0,1.0,556.9621212000001,582.954545,369.318182,367.56969706666666,560.259091,1.274857,26.3249187,1.0,1.0,1.0,1.0,none,0:1.0500|1:0.9200|2:1.0300|3:0.9300|4:0.9400|5:1.1000|6:0.8200|,Selin Öztürk:4:40405,1952668,7,165375,1183,30,33.69201306747775,33.6906105563719,none,265372
Dengeli,21,1243,2014,7,1518,1308,210,6195,145,36,0,0,189,3024330,2005159,998367,318976,68696,79563,100626,0,0,430506,795681,205108,78129,512444,512444,859248,12284437,97537,0,986944,1305348,0,4.0,0.0,2.0,1.0,1.0,566.6055717096775,587.954545,378.636364,375.28005864516126,567.2976539677419,1.282947,25.73811312903226,1.0,1.0,1.0,1.0,none,0:1.0500|1:0.9300|2:1.0300|3:0.9400|4:0.9500|5:1.1000|6:0.8200|,Selin Öztürk:4:42108,2043804,7,165375,1213,31,33.01117933558838,33.1746133633135,none,265131
Dengeli,21,1274,2014,8,1436,1247,189,5998,147,17,0,0,175,2918510,1897612,1000329,207526,43582,80090,101277,0,0,567854,1158113,480803,76575,600735,469441,857806,12837736,97537,0,1003481,1305348,0,3.064516129032258,0.0,2.0,0.06451612903225806,1.0,571.1290321935484,590.681818,369.454545,372.3870966451613,569.0219941935483,1.291361,24.655372870967742,1.0,1.0,1.0,1.0,none,0:1.0500|1:0.9200|2:1.0300|3:0.9300|4:0.9400|5:1.1000|6:0.8200|,Selin Öztürk:4:42108,1861206,7,165375,1244,31,34.27533227571603,35.311545347112286,none,402479
Dengeli,21,1304,2014,9,1296,1130,166,5244,183,55,0,0,142,2923860,1928303,978801,193380,40500,78016,85800,0,0,581105,1290797,646768,75002,569027,700321,880176,13006797,97537,0,1020018,1263240,0,3.0,0.0,2.0,0.0,1.0,577.1363637333333,594.3181820000001,383.454545,379.45303026666664,577.5818182333334,1.299829,23.790861633333336,1.0,1.0,1.0,1.0,none,0:1.0500|1:0.9300|2:1.0300|3:0.9400|4:0.9500|5:1.1000|6:0.8200|,Selin Öztürk:4:42108,2004308,7,165375,1275,30,33.47632923600993,33.55910854073722,none,415730
Dengeli,21,1335,2014,10,1406,1224,182,5842,176,47,0,0,168,3072385,1985867,1064111,199826,41850,81113,89218,0,0,652104,1568269,856626,73408,638235,638235,880960,13836208,97537,0,1036555,1305348,0,3.0,0.0,2.0,0.0,1.0,582.4926689032258,599.318182,372.31818200000004,375.699413483871,582.2302052580645,1.308077,24.813073741935483,1.0,1.0,1.0,1.0,none,0:1.0500|1:0.9300|2:1.0300|3:0.9400|4:0.9500|5:1.1000|6:0.8200|,Selin Öztürk:4:42108,1977506,7,165375,1305,31,34.634689337436555,36.08191109065164,none,486729
Dengeli,21,1365,2014,11,1375,1207,168,5578,192,59,0,0,150,3097570,2008192,1076259,320780,69172,79007,86910,0,27119,493271,1185759,400254,71793,713712,581417,895312,14233648,97537,0,1053092,1263240,0,3.933333333333333,0.0,2.0,0.9333333333333333,1.0,591.7954546666666,602.272727,386.0,381.88181826666664,587.7924242666667,1.316655,24.20633036666667,1.0,1.0,1.0,1.0,none,0:1.0500|1:0.9300|2:1.0300|3:0.9400|4:0.9500|5:1.1000|6:0.8200|,Selin Öztürk:4:42108,2055984,7,165375,1336,30,34.74526806496706,34.77476094887929,none,327896
Dengeli,21,1396,2014,12,1300,1131,169,4996,246,62,0,0,142,3032715,1977556,1042290,340876,73594,82167,99417,0,0,446236,1471308,790008,70158,611142,743437,873216,14762498,102414,0,1070456,1307197,0,4.0,0.0,2.0,1.0,1.0,592.2140762258065,606.818182,385.545455,384.59384177419355,591.1700880967742,1.32501,22.492208903225805,1.0,1.0,1.0,1.0,none,0:1.0500|1:0.9300|2:1.0300|3:0.9400|4:0.9500|5:1.1000|6:0.8200|,Selin Öztürk:4:42108,1978632,7,173644,1366,31,34.36821461957355,34.89762056027277,none,272592
Dengeli,21,1427,2015,1,1416,1218,198,5559,205,75,0,0,176,3349840,2191140,1142579,349876,75671,82696,100068,0,0,534268,1484720,816768,68501,599451,599451,933232,15369161,102414,0,1087820,1362667,0,4.0,0.0,2.0,1.0,1.0,589.4794722580644,610.227273,383.81818200000004,384.1642229677419,588.8797654193548,1.3337,22.818015838709677,1.0,1.0,1.0,1.0,none,0:1.0500|1:0.9300|2:1.0300|3:0.9400|4:0.9500|5:1.1000|6:0.8200|,Selin Öztürk:4:43957,2186310,7,173644,1397,31,34.10846488190481,34.8886263113212,none,360624
Dengeli,21,1455,2015,2,1174,1003,171,4617,171,49,0,0,156,2729805,1782479,930853,316288,68348,75225,91000,0,0,379992,1133687,485733,66823,581131,581131,959982,15789419,102414,0,1105184,1230796,0,4.0,0.0,2.0,1.0,1.0,596.5909093571428,614.5454550000001,392.681818,389.2581168214286,595.3847402857143,1.342972,21.45144657142857,1.0,1.0,1.0,1.0,none,0:1.0500|1:0.9300|2:1.0300|3:0.9400|4:0.9500|5:1.1000|6:0.8200|,Selin Öztürk:4:43957,1803932,7,173644,1428,28,34.099615173977625,34.17904767889696,none,206348
Dengeli,21,1486,2015,3,1267,1100,167,5124,182,22,0,0,152,2953395,1913492,1020801,350176,75671,83812,92163,0,0,418979,363846,-465076,65124,763798,763798,850226,14801560,102414,0,1122548,1362667,0,4.0,0.0,2.0,1.0,1.0,601.0777125806452,618.409091,386.0,387.7008798064516,596.8592374516129,1.351403,22.69426858064516,1.0,1.0,1.0,1.0,none,0:1.0500|1:0.9300|2:1.0300|3:0.9400|4:0.9500|5:1.1000|6:0.8200|,Selin Öztürk:4:43957,1971210,7,173644,1456,31,34.56364624440686,35.78201421863379,none,245335
Dengeli,21,1516,2015,4,1340,1146,194,5282,160,40,0,0,178,2958155,1930686,1008174,338880,73230,81678,89820,0,0,424566,1410142,757540,63402,589200,589200,902550,14929713,102414,0,1139912,1318710,0,4.0,0.0,2.0,1.0,1.0,596.1818182333334,622.954545,388.954545,387.9272729333333,594.2106059333333,1.360799,23.747937166666667,1.0,1.0,1.0,1.0,none,0:1.0500|1:0.9200|2:1.0300|3:0.9300|4:0.9400|5:1.1000|6:0.8200|,Selin Öztürk:4:43957,1951122,8,173644,1487,30,34.08117559762758,34.75907296995577,none,250922
Dengeli,21,1547,2015,5,1396,1200,196,5595,173,52,0,0,179,3122896,2021281,1084009,350176,75671,84959,93434,0,320,479449,2409252,1364175,0,1045077,873246,861796,16504158,102414,0,1157276,1362667,0,4.0,0.0,2.0,1.0,1.0,600.9384164838709,626.818182,389.045455,388.26099687096774,602.476539451613,1.369954,23.926486483870967,1.0,1.0,1.0,1.0,none,0:1.0500|1:0.9300|2:1.0300|3:0.9400|4:0.9500|5:1.1000|6:0.8200|,Selin Öztürk:4:43957,2029366,8,173644,1517,31,34.71165866554634,35.260345431678374,none,305805
Dengeli,21,1577,2015,6,1442,1217,225,6409,183,22,0,0,207,3059749,1983249,1055365,338880,73230,82789,104700,0,300,455466,2240644,1312986,71007,856651,1028482,975390,17490436,105665,0,1175191,1320668,0,4.0,0.0,2.0,1.0,1.0,605.8636362333333,632.045455,393.227273,391.01212116666665,607.3969697,1.379479,25.8343461,1.0,1.0,1.0,1.0,none,0:1.0500|1:0.9300|2:1.0300|3:0.9400|4:0.9500|5:1.1000|6:0.8200|,Selin Öztürk:4:43957,2027068,8,179156,1548,30,34.49188152361517,35.096406273084476,none,276310
Dengeli,21,1608,2015,7,1446,1257,189,5871,159,28,0,0,170,2961937,1941606,1003478,356176,77066,86137,108934,0,705,374460,1773121,928804,69975,774342,774342,757968,18191896,105665,0,1193106,1423365,0,4.0,0.0,2.0,1.0,1.0,608.4237536451614,635.227273,403.227273,399.1099705483871,608.2741935483871,1.38876,25.22585493548387,1.0,1.0,1.0,1.0,none,0:1.0500|1:0.9300|2:1.0300|3:0.9400|4:0.9500|5:1.1000|6:0.8200|,Selin Öztürk:4:45915,1948422,8,179156,1578,31,33.879113566561344,33.72591543571356,none,195304
Dengeli,21,1639,2015,8,1406,1216,190,6018,164,31,0,0,184,3029720,2010623,997466,356376,77066,86726,109678,0,1192,366428,1276281,356762,68928,850591,850591,949816,13822315,105665,0,1211021,1423365,0,4.0,0.0,2.0,1.0,1.0,616.5249268064516,640.909091,412.68181799999996,408.6715541612903,618.5249265161291,1.398416,24.525274225806452,1.0,1.0,1.0,1.0,none,0:1.0500|1:0.9300|2:1.0300|3:0.9400|4:0.9500|5:1.1000|6:0.8200|,Selin Öztürk:4:45915,2086638,8,179156,1609,31,32.92271232985227,33.06323879917429,none,187272
Dengeli,21,1669,2015,9,1344,1138,206,5532,188,69,0,0,180,3311624,2207968,1082194,344880,74580,84499,92940,0,1139,484156,1558747,720941,67866,769940,769940,974882,14443293,105665,0,1228936,1377450,0,4.0,0.0,2.0,1.0,1.0,618.0606062333334,644.090909,410.90909100000005,410.73787890000006,620.3500000333333,1.408139,24.074932433333334,1.0,1.0,1.0,1.0,none,0:1.0500|1:0.9300|2:1.0300|3:0.9400|4:0.9500|5:1.1000|6:0.8200|,Selin Öztürk:4:45915,2222748,8,179156,1640,30,32.67864950851909,33.516375763824115,none,305000
Dengeli,21,1700,2015,10,1349,1164,185,5374,206,60,0,0,164,3350435,2172844,1157048,356376,77066,87905,96689,0,299,538713,1853821,974151,66788,812882,812882,934632,15347166,105665,0,1246851,1423365,0,4.0,0.0,2.0,1.0,1.0,631.6568914193549,648.8636359999999,408.727273,409.69061596774196,626.9648093225807,1.417612,22.122044967741935,1.0,1.0,1.0,1.0,none,0:1.0500|1:0.9300|2:1.0300|3:0.9400|4:0.9500|5:1.1000|6:0.8200|,Selin Öztürk:4:45915,2207772,8,179156,1670,31,34.53426196896821,35.29283404451178,none,359557
Dengeli,21,1730,2015,11,1344,1166,178,5549,172,37,0,0,161,3216600,2093415,1102397,344880,74580,85669,94200,0,864,502204,1820715,806266,0,1014449,1014449,996102,16331192,105665,0,1264766,1377450,0,4.0,0.0,2.0,1.0,1.0,628.9015152666667,653.863636,408.59090899999995,409.3212118333333,630.4090908666666,1.427469,22.641134366666666,1.0,1.0,1.0,1.0,none,0:1.0500|1:0.9300|2:1.0300|3:0.9400|4:0.9500|5:1.1000|6:0.8200|,Selin Öztürk:4:45915,2071866,8,179156,1701,30,34.27211962942237,35.03101851698524,none,323048
Dengeli,21,1761,2015,12,1366,1169,197,5374,208,59,0,0,182,3522875,2317276,1185819,356376,77066,89114,107818,0,0,555445,2191540,1250713,67009,873818,873818,981888,17472289,110542,0,1283508,1425502,0,4.0,0.0,2.0,1.0,1.0,633.6510266451613,658.181818,417.18181799999996,414.4897361935484,635.398826967742,1.437072,23.15130664516129,1.0,1.0,1.0,1.0,none,0:1.0500|1:0.9300|2:1.0300|3:0.9400|4:0.9500|5:1.1000|6:0.8200|,Selin Öztürk:4:45915,2345240,8,187425,1731,31,33.66054713834581,34.1622122497376,none,368020
Dengeli,21,1792,2016,1,1346,1131,215,5289,192,59,0,0,192,3590494,2351322,1228462,365376,79174,89735,108562,0,320,585295,2072249,952410,66035,1053804,840923,1129788,18674608,110542,0,1302250,1887667,0,4.0,0.0,2.0,1.0,1.0,635.2639299032259,662.272727,415.863636,415.4090908064516,635.3709677096774,1.447064,23.13957222580645,1.0,1.0,1.0,1.0,none,0:1.0500|1:0.9200|2:1.0300|3:0.9300|4:0.9400|5:1.1000|6:0.8200|,Selin Öztürk:4:48052|Mehmet Kocabaş:6:18956,2393436,8,187425,1762,31,34.214289175807004,34.536872562030815,none,397870
Dengeli,21,1821,2016,2,1282,1076,206,5187,217,33,0,0,187,3426855,2238244,1175869,342084,74066,84555,102312,0,381,572471,1684830,787880,65047,831903,1044784,1063678,17388295,110542,0,1320992,1943203,0,4.0,0.0,2.0,1.0,1.0,642.6959248275862,667.272727,420.954545,418.56269579310344,641.1238243448277,1.4576940000000003,23.253211344827584,1.0,1.0,1.0,1.0,none,0:1.0500|1:0.9250|2:1.0300|3:0.9350|4:0.9450|5:1.1000|6:0.8200|,Selin Öztürk:4:48052|Mehmet Kocabaş:6:18956,2245626,8,187425,1793,29,34.31335729116056,34.50175600336535,none,385046
Dengeli,21,1852,2016,3,1457,1222,235,5945,217,40,0,0,203,3624815,2440185,1158871,365676,79174,91007,100099,0,401,522514,1335030,496993,64045,773992,773992,1033740,17757741,110542,0,1339734,2077217,0,4.0,0.0,2.0,1.0,1.0,638.4457478387096,671.1363640000001,431.18181799999996,427.4736070967742,640.8240469032257,1.467709,24.784867,1.0,1.0,1.0,1.0,none,0:1.0500|1:0.9250|2:1.0300|3:0.9350|4:0.9450|5:1.1000|6:0.8200|,Selin Öztürk:4:48052|Mehmet Kocabaş:6:18956,2481916,8,187425,1822,31,31.970486769669623,32.46382806062179,none,335089
Dengeli,21,1882,2016,4,1298,1074,224,4955,155,34,0,0,211,3170545,2107954,1046032,353880,76620,88731,97590,0,0,429211,1051341,253608,63028,734705,734705,1071416,17967112,110542,0,1358476,2010210,0,4.0,0.0,2.0,1.0,1.0,655.1590907333334,676.590909,437.21363670000005,434.18787883333334,653.3287878,1.4784910000000002,22.2303544,1.0,1.0,1.0,1.0,none,0:1.0500|1:0.9300|2:1.0300|3:0.9400|4:0.9500|5:1.1000|6:0.8200|,Selin Öztürk:4:48052|Mehmet Kocabaş:6:18956,2174380,8,187425,1853,30,32.99218273199087,33.266035244871965,none,241786
Dengeli,21,1913,2016,5,1357,1140,217,5265,177,53,0,0,208,3272685,2187335,1064182,365676,79174,92340,101556,0,492,424944,1146148,214301,0,931847,931847,998222,18149321,110542,0,1377218,2077217,0,4.0,0.0,2.0,1.0,1.0,657.5513197741935,680.909091,441.227273,438.86363641935486,652.2008798387097,1.489001,21.72637690322581,1.0,1.0,1.0,1.0,none,0:1.0500|1:0.9300|2:1.0300|3:0.9400|4:0.9500|5:1.1000|6:0.8200|,Selin Öztürk:4:48052|Mehmet Kocabaş:6:18956,2210436,8,187425,1883,31,32.517092234663586,32.89842788977753,none,237519
Dengeli,21,1943,2016,6,1394,1214,180,6003,152,29,0,0,174,3330180,2221488,1089480,353880,76620,90021,113850,0,357,454752,903391,138340,63236,701815,701815,920016,18194667,117045,0,1397063,2013360,0,4.0,0.0,2.0,1.0,1.0,658.6136364666667,685.6818179999999,440.727273,439.8984847,661.9545455,1.499939,23.581540800000003,1.0,1.0,1.0,1.0,none,0:1.0500|1:0.9300|2:1.0300|3:0.9400|4:0.9500|5:1.1000|6:0.8200|,Selin Öztürk:4:48052|Mehmet Kocabaş:6:18956,2213142,8,198450,1914,30,32.715348719889015,33.08257700760409,none,256302
Dengeli,21,1974,2016,7,1504,1276,228,5889,145,25,0,0,214,3312370,2193001,1103449,277576,59436,93673,118482,0,873,553409,724550,-191685,62317,853918,683295,1049970,18245749,117045,0,1416908,2174867,0,3.2903225806451615,0.0,2.0,0.2903225806451613,1.0,661.4149561935484,692.045455,439.18181799999996,439.5850438064516,664.0850439999999,1.510601,23.650253903225806,1.0,1.0,1.0,1.0,none,0:1.0500|1:0.9300|2:1.0300|3:0.9400|4:0.9500|5:1.1000|6:0.8200|,Selin Öztürk:4:50311|Mehmet Kocabaş:6:19846,2205156,8,198450,1944,31,33.31297530167222,33.59965421291696,none,354959
Dengeli,21,2005,2016,8,1402,1198,204,5668,158,23,0,0,185,3289750,2157950,1109916,237026,50220,94356,119350,0,470,608494,713168,-46313,61385,698096,868719,1049938,17907701,117045,0,1436753,2174867,0,3.0,0.0,2.0,0.0,1.0,670.5205278064517,696.590909,444.545455,442.2932551290323,670.5967741935484,1.521698,23.30990377419355,1.0,1.0,1.0,1.0,none,0:1.0500|1:0.9300|2:1.0300|3:0.9400|4:0.9500|5:1.1000|6:0.8200|,Selin Öztürk:4:50311|Mehmet Kocabaş:6:19846,2216050,8,198450,1975,31,33.73861235656205,33.70143991649429,none,410044
Dengeli,21,2035,2016,9,1296,1094,202,5404,167,46,0,0,189,3426325,2252451,1155085,229380,48600,92002,101160,0,0,683943,1545373,734509,60439,750425,750425,1114222,18604820,117045,0,1456598,2104710,0,3.0,0.0,2.0,0.0,1.0,674.0530302666666,702.272727,443.136364,442.9727271,678.7681819000001,1.5328759999999997,24.100000833333336,1.0,1.0,1.0,1.0,none,0:1.0500|1:0.9300|2:1.0300|3:0.9400|4:0.9500|5:1.1000|6:0.8200|,Selin Öztürk:4:50311|Mehmet Kocabaş:6:19846,2259240,8,198450,2006,30,33.71206759428834,34.2579375654334,none,485493
Dengeli,21,2066,2016,10,1287,1111,176,5140,164,36,0,0,164,3474355,2241948,1211628,237026,50220,95750,105276,0,428,722928,1826514,695837,59479,1071198,1071198,1019610,19140614,117045,0,1476443,2174867,0,3.0,0.0,2.0,0.0,1.0,687.1774194193548,706.1363640000001,440.636364,441.752199483871,680.9472140645162,1.543772,21.589227032258062,1.0,1.0,1.0,1.0,none,0:1.0500|1:0.9300|2:1.0300|3:0.9400|4:0.9500|5:1.1000|6:0.8200|,Selin Öztürk:4:50311|Mehmet Kocabaş:6:19846,2294526,8,198450,2036,31,34.873465722414664,35.877351096267816,none,524478
Dengeli,21,2096,2016,11,1248,1038,210,5093,144,35,0,0,192,3382362,2163410,1203741,229380,48600,93322,102630,0,908,728901,1780463,880950,0,899513,899513,996604,20099689,117045,0,1496288,2104710,0,3.0,0.0,2.0,0.0,1.0,695.3636368,712.272727,446.318182,444.19393933333333,688.8803030333333,1.555113,20.889241933333334,1.0,1.0,1.0,1.0,none,0:1.0500|1:0.9300|2:1.0300|3:0.9400|4:0.9500|5:1.1000|6:0.8200|,Selin Öztürk:4:50311|Mehmet Kocabaş:6:19846,2174084,8,198450,2067,30,35.58876903181859,35.815139248017694,none,530451
Dengeli,21,2127,2016,12,1274,1079,195,4671,197,38,0,0,181,3292735,2155871,1113667,237026,50220,97115,117490,0,0,611816,1945990,1024289,59676,862025,862025,1005152,20923189,123547,0,1517235,2178780,0,3.0,0.0,2.0,0.0,1.0,689.4721407096774,716.1363640000001,451.31818200000004,448.62023458064516,689.3475072258066,1.566167,21.040966870967743,1.0,1.0,1.0,1.0,none,0:1.0500|1:0.9300|2:1.0300|3:0.9400|4:0.9500|5:1.1000|6:0.8200|,Selin Öztürk:4:50311|Mehmet Kocabaş:6:19846,2141150,8,209475,2097,31,33.82194437147235,34.54149118549507,none,402341
Dengeli,21,2158,2017,1,1313,1086,227,5077,193,65,0,0,205,3662745,2411095,1230057,249026,53010,97833,118358,0,0,711830,1349027,250284,58809,1039934,1039934,1038816,21129177,123547,0,1538182,2296170,0,3.0,0.0,2.0,0.0,1.0,699.2375369032258,722.5,463.39442812903224,459.10557190322584,694.4926686129032,1.577672,21.854151096774196,1.0,1.0,1.0,1.0,none,0:1.0500|1:0.9300|2:1.0300|3:0.9400|4:0.9500|5:1.1000|6:0.8200|,Selin Öztürk:4:53116|Mehmet Kocabaş:6:20954,2486948,8,209475,2128,31,33.58292755842954,33.72861099801542,none,502355
Dengeli,21,2186,2017,2,1202,997,205,4374,163,35,0,0,185,3246570,2153308,1077984,225288,47880,89150,107856,0,0,607810,1256992,406302,57929,792761,792761,1032796,21483643,123547,0,1559129,2073960,0,3.0,0.0,2.0,0.0,1.0,704.9512986785714,729.0909089999999,467.681818,464.9366882142857,706.1574675357143,1.591718,22.595175821428573,1.0,1.0,1.0,1.0,none,0:1.0500|1:0.9300|2:1.0300|3:0.9400|4:0.9500|5:1.1000|6:0.8200|,Selin Öztürk:4:53116|Mehmet Kocabaş:6:20954,2164318,8,209475,2159,28,33.203781221412136,33.657570547544516,none,398335
Dengeli,21,2217,2017,3,1317,1102,215,5294,171,36,0,0,198,3526480,2343273,1167812,249426,53010,99508,109430,0,612,655826,1408481,503210,57036,848235,848235,993402,21874990,123547,0,1580076,2296170,0,3.0,0.0,2.0,0.0,1.0,706.099706967742,733.8636359999999,468.727273,466.99266861290323,705.1788854516129,1.604512,22.869169387096775,1.0,1.0,1.0,1.0,none,0:1.0500|1:0.9300|2:1.0300|3:0.9400|4:0.9500|5:1.1000|6:0.8200|,Selin Öztürk:4:53116|Mehmet Kocabaş:6:20954,2345550,8,209475,2187,31,33.11551462081169,33.617410066222604,none,446351
Dengeli,21,2247,2017,4,1257,1042,215,4797,167,12,0,0,202,3326566,2182016,1114211,241380,51300,97167,106830,0,383,617151,699968,-333296,56131,977133,786657,1082966,21501160,123547,0,1601023,2222100,0,3.0,0.0,2.0,0.0,1.0,723.2651516999999,740.6818179999999,478.181818,474.3045454,718.0484849000001,1.618797,21.2235548,1.0,1.0,1.0,1.0,none,0:1.0500|1:0.9300|2:1.0300|3:0.9400|4:0.9500|5:1.1000|6:0.8200|,Selin Öztürk:4:53116|Mehmet Kocabaş:6:20954,2301948,8,209475,2218,30,33.49433018915001,33.885682605327155,none,407676
Dengeli,21,2278,2017,5,1280,1085,195,5028,146,41,0,0,181,3305480,2228014,1056759,249426,53010,101245,111352,0,2631,539095,1482597,580297,55212,847088,1037564,977100,21789147,123547,0,1621970,2296170,0,3.0,0.0,2.0,0.0,1.0,705.4472144193547,747.272727,477.0,476.2639295483871,707.4794721290323,1.632742,23.54491322580645,1.0,1.0,1.0,1.0,none,0:1.0500|1:0.9100|2:1.0300|3:0.9200|4:0.9300|5:1.1000|6:0.8200|,Selin Öztürk:4:53116|Mehmet Kocabaş:6:20954,2208078,8,209475,2248,31,31.969910572745864,32.38331795064028,none,329620
Dengeli,21,2308,2017,6,1441,1196,245,6068,119,46,0,3,233,3663280,2461781,1180323,241380,51300,98878,125040,0,963,662762,1340180,444044,54279,841857,841857,1140588,22311478,130050,0,1644020,2226294,0,3.0,0.0,2.0,0.0,1.0,708.2651515666668,754.3181820000001,475.5,475.8393938666667,707.6060606,1.647278,25.5240005,1.0,1.0,1.0,1.0,none,0:1.0500|1:0.9050|2:1.0300|3:0.9150|4:0.9250|5:1.1000|6:0.8200|,Selin Öztürk:4:53116|Mehmet Kocabaş:6:20954,2472896,8,220500,2279,30,32.220387193990085,32.864125963531514,none,442262
Dengeli,21,2339,2017,7,1382,1152,230,5425,148,14,0,0,213,3388040,2197843,1171902,261426,55800,103043,130324,0,634,620675,1064685,30301,53334,981050,981050,1018452,22151176,130050,0,1666070,2426184,0,3.0,0.0,2.0,0.0,1.0,730.6011731290322,760.0,476.18181799999996,475.90322587096773,724.4354838387096,1.661468,22.80425464516129,1.0,1.0,1.0,1.0,none,0:1.0500|1:0.9250|2:1.0300|3:0.9350|4:0.9450|5:1.1000|6:0.8200|,Selin Öztürk:4:56125|Mehmet Kocabaş:6:22139,2273298,8,220500,2309,31,34.589379110045925,34.823288613047296,none,400175
Dengeli,21,2370,2017,8,1438,1215,223,5957,112,29,0,0,210,3766445,2433301,1313809,261826,55800,103972,131471,0,2052,758688,1220058,333620,52374,834064,834064,1022220,22360646,130050,0,1688120,2426184,0,3.0,0.0,2.0,0.0,1.0,740.0073315161289,766.818182,480.772727,478.59090906451615,739.1392962258064,1.67626,23.374204161290322,1.0,1.0,1.0,1.0,none,0:1.0500|1:0.9300|2:1.0300|3:0.9400|4:0.9500|5:1.1000|6:0.8200|,Selin Öztürk:4:56125|Mehmet Kocabaş:6:22139,2411688,8,220500,2340,31,34.88193774235386,35.03135624143189,none,538188
Dengeli,21,2400,2017,9,1324,1105,219,5215,169,49,0,0,202,3588702,2379406,1173884,253380,54000,101490,111630,0,972,652412,976276,113514,51400,811362,811362,1122324,22414979,130050,0,1710170,2347920,0,3.0,0.0,2.0,0.0,1.0,750.0833331666668,773.863636,501.863636,493.98333336666667,750.6287878999999,1.691183,22.836413,1.0,1.0,1.0,1.0,none,0:1.0500|1:0.9300|2:1.0300|3:0.9400|4:0.9500|5:1.1000|6:0.8200|,Selin Öztürk:4:56125|Mehmet Kocabaş:6:22139,2453622,8,220500,2371,30,32.71054548413326,33.09228270927504,none,431912
Dengeli,21,2431,2017,10,1316,1073,243,5039,136,26,0,0,227,3478570,2279980,1175387,261826,55800,105802,116343,0,0,635616,1307396,135520,99822,1072054,1072054,1038702,22303668,130050,0,1732220,2426184,0,3.0,0.0,2.0,0.0,1.0,765.1686216129032,781.1363640000001,500.227273,499.37683280645166,755.3592376451612,1.705752,21.733024,1.0,1.0,1.0,1.0,none,0:1.0500|1:0.9300|2:1.0300|3:0.9400|4:0.9500|5:1.1000|6:0.8200|,Selin Öztürk:4:56125|Mehmet Kocabaş:6:22139,2325872,8,220500,2401,31,33.78937321945512,34.62522392181109,none,415116
Dengeli,21,2461,2017,11,1312,1081,231,5344,171,30,0,0,213,3743277,2467311,1250445,253380,54000,103290,113580,0,844,725351,1333612,422100,48393,863119,863119,1187148,22537482,130050,0,1754270,2347920,0,3.0,0.0,2.0,0.0,1.0,768.9393938,787.272727,507.272727,504.1515152,765.5378789,1.720938,21.946688666666667,1.0,1.0,1.0,1.0,none,0:1.0500|1:0.9300|2:1.0300|3:0.9400|4:0.9500|5:1.1000|6:0.8200|,Selin Öztürk:4:56125|Mehmet Kocabaş:6:22139,2512180,8,220500,2432,30,33.405088642919026,34.02955667375511,none,504851
Dengeli,21,2492,2017,12,1358,1131,227,5481,198,65,0,0,204,4331787,2883902,1423649,261826,55800,107662,130231,0,3845,864285,1908766,677511,47362,1183893,933687,1299488,23657461,136552,0,1777422,2430549,0,3.0,0.0,2.0,0.0,1.0,772.3533723870968,794.545455,511.545455,509.15835787096773,770.1422285806451,1.735763,22.65366748387097,1.0,1.0,1.0,1.0,none,0:1.0500|1:0.9300|2:1.0300|3:0.9400|4:0.9500|5:1.1000|6:0.8200|,Selin Öztürk:4:56125|Mehmet Kocabaş:6:22139,2918616,8,231525,2462,31,32.86516626971733,33.76795217207676,none,632760
Dengeli,21,2523,2018,1,1344,1075,269,5280,206,81,0,0,234,4001785,2700229,1274664,273826,58590,108594,131378,0,0,702276,1776788,781318,46315,949155,1199361,1332192,24074804,136552,0,1800574,2561499,0,3.0,0.0,2.0,0.0,1.0,759.8900294193548,801.590909,506.5,507.81378293548386,758.8328447096775,1.751216,24.78384441935484,1.0,1.0,1.0,1.0,none,0:1.0500|1:0.9200|2:1.0300|3:0.9300|4:0.9400|5:1.1000|6:0.8200|,Selin Öztürk:4:59254|Mehmet Kocabaş:6:23374,2734664,8,231525,2493,31,31.852385872804263,33.34561839335812,none,470751
Dengeli,21,2551,2018,2,1360,1117,243,5544,166,61,0,0,229,4193120,2800135,1371931,247688,52920,98980,119728,0,0,852615,2110093,1062913,45253,1001927,1001927,1367130,25097923,136552,0,1823726,2313612,0,3.0,0.0,2.0,0.0,1.0,765.7305195,809.0909089999999,510.863636,509.2840909285714,764.0000000357143,1.766807,26.8269855,1.0,1.0,1.0,1.0,none,0:1.0500|1:0.9200|2:1.0300|3:0.9300|4:0.9400|5:1.1000|6:0.8200|,Selin Öztürk:4:59254|Mehmet Kocabaş:6:23374,2806338,8,231525,2524,28,32.71862002518411,33.28414853654009,none,621090
Dengeli,21,2582,2018,3,1488,1197,291,6358,188,40,0,0,273,4425345,2985827,1411840,354176,76582,110454,121458,0,40088,709082,2137944,1091361,44175,1002408,1002408,1461308,25995280,136552,0,1846878,2561499,0,3.4193548387096775,0.0,2.0,0.41935483870967744,1.0,764.0542522258065,815.227273,511.909091,510.7228738387097,764.9120234838709,1.781008,28.928759354838707,1.0,1.0,1.0,1.0,none,0:1.0500|1:0.9200|2:1.0300|3:0.9300|4:0.9400|5:1.1000|6:0.8200|,Selin Öztürk:4:59254|Mehmet Kocabaş:6:23374,3000104,8,231525,2552,31,31.903501308937496,33.00094993140464,none,477557
Dengeli,21,2612,2018,4,1369,1114,255,5867,165,45,0,0,237,4135414,2783781,1324844,449880,98220,107851,118590,0,1002,549301,1099517,-92871,43082,1149306,1149306,1257058,25650641,136552,0,1870030,2478870,0,4.0,0.0,2.0,1.0,1.0,787.3106058666667,822.045455,531.727273,525.489394,784.7030302999999,1.796864,26.640782933333334,1.0,1.0,1.0,1.0,none,0:1.0500|1:0.9300|2:1.0300|3:0.9400|4:0.9500|5:1.1000|6:0.8200|,Selin Öztürk:4:59254|Mehmet Kocabaş:6:23374,2878728,8,231525,2583,30,32.03655063314096,32.46283372307962,none,317776
Dengeli,21,2643,2018,5,1490,1217,273,6229,180,46,0,0,252,4398760,2945368,1429095,464876,101494,112407,123597,0,1855,624866,1946526,910691,41973,993862,993862,1352738,26594462,136552,0,1893182,2561499,0,4.0,0.0,2.0,1.0,1.0,797.140762483871,829.772727,530.409091,529.7140763225806,789.3181818387096,1.812343,25.26835341935484,1.0,1.0,1.0,1.0,none,0:1.0500|1:0.9300|2:1.0300|3:0.9400|4:0.9500|5:1.1000|6:0.8200|,Selin Öztürk:4:59254|Mehmet Kocabaş:6:23374,2934580,8,231525,2613,31,32.48858769289527,33.46105029841174,none,393341
Dengeli,21,2673,2018,6,1544,1269,275,6655,127,40,0,2,264,4071215,2754079,1282790,449880,98220,109741,138780,0,2116,484053,1511310,570363,40848,900099,900099,1230546,27020431,144680,0,1917712,2483549,0,4.0,0.0,2.0,1.0,1.0,784.9772728666667,837.272727,521.772727,524.6257576,787.8696969333333,1.828478,29.405049533333333,1.0,1.0,1.0,1.0,none,0:1.0500|1:0.9100|2:1.0300|3:0.9200|4:0.9300|5:1.1000|6:0.8200|,Selin Öztürk:4:59254|Mehmet Kocabaş:6:23374,2790972,8,245306,2644,30,31.50877563577458,33.53021227040972,none,238747
Dengeli,21,2704,2018,7,1509,1222,287,6248,157,36,0,0,271,4194345,2838417,1338662,479876,104966,114361,144646,0,159,494654,539468,-543743,39706,1043505,1043505,1284996,26083357,144680,0,1942242,2706548,0,4.0,0.0,2.0,1.0,1.0,803.5850439999999,844.318182,544.590909,537.7932550967741,794.8020528387096,1.84423,26.383146903225807,1.0,1.0,1.0,1.0,none,0:1.0500|1:0.9250|2:1.0300|3:0.9350|4:0.9450|5:1.1000|6:0.8200|,Selin Öztürk:4:62610|Mehmet Kocabaş:6:24698,2907128,8,245306,2674,31,31.915877210863673,32.22983515357709,none,249348
Dengeli,21,2735,2018,8,1514,1215,299,6643,169,26,0,0,286,4378465,3037721,1327021,480376,104966,115384,145917,0,534,479844,685551,-248274,38548,895277,895277,1250610,25774601,144680,0,1966772,2706548,0,4.0,0.0,2.0,1.0,1.0,792.4120234516129,851.590909,545.818182,544.1656891290323,798.3533723548387,1.860649,28.551478096774193,1.0,1.0,1.0,1.0,none,0:1.0500|1:0.9150|2:1.0300|3:0.9250|4:0.9350|5:1.1000|6:0.8200|,Selin Öztürk:4:62610|Mehmet Kocabaş:6:24698,3031884,8,245306,2705,31,30.307904710897542,31.119396747350173,none,234538
Dengeli,21,2765,2018,9,1505,1255,250,6631,171,52,0,0,238,4740620,3211639,1498773,464880,101580,112653,123900,0,1741,694019,2277619,1067623,37372,1172624,946787,1479106,27288496,144680,0,1991302,2619240,0,4.0,0.0,2.0,1.0,1.0,807.8939392666667,859.3181820000001,537.954545,540.0924243333334,808.6166666333334,1.877214,28.7978751,1.0,1.0,1.0,1.0,none,0:1.0500|1:0.9200|2:1.0300|3:0.9300|4:0.9400|5:1.1000|6:0.8200|,Selin Öztürk:4:62610|Mehmet Kocabaş:6:24698,3242364,8,245306,2736,30,31.61554817724264,33.41272673882086,none,448713
Dengeli,21,2796,2018,10,1404,1126,278,5744,199,38,0,0,257,4415085,2911156,1483092,480376,104966,117430,129115,0,2749,648456,1905487,828543,36180,1040764,1266601,1308020,27612068,144680,0,2015832,2706548,0,4.0,0.0,2.0,1.0,1.0,830.7991202580645,866.3636359999999,544.8636359999999,542.6524927419355,824.0469208387098,1.893385,25.29658622580645,1.0,1.0,1.0,1.0,none,0:1.0500|1:0.9300|2:1.0300|3:0.9400|4:0.9500|5:1.1000|6:0.8200|,Selin Öztürk:4:62610|Mehmet Kocabaş:6:24698,2950550,8,245306,2766,31,33.59147105888108,34.41692188711595,none,403150
Dengeli,21,2826,2018,11,1344,1088,256,5772,156,56,0,0,240,4384108,2968094,1392222,464880,101580,114633,126090,0,479,584560,1403652,441363,34970,927319,927319,1260606,27625467,144680,0,2040362,2619240,0,4.0,0.0,2.0,1.0,1.0,836.2954546333333,874.090909,566.772727,559.8484849333333,836.4681817000001,1.910241,26.2365443,1.0,1.0,1.0,1.0,none,0:1.0500|1:0.9300|2:1.0300|3:0.9400|4:0.9500|5:1.1000|6:0.8200|,Selin Öztürk:4:62610|Mehmet Kocabaş:6:24698,3030738,8,245306,2797,30,31.7561063732919,32.228170814524304,none,339254
Dengeli,21,2857,2018,12,1407,1139,268,5382,218,66,0,0,255,4503245,3012810,1473428,480376,104966,119478,144553,0,567,623488,2352208,1019068,33743,1299397,1299397,1231724,28718017,156060,0,2066822,2713048,0,4.0,0.0,2.0,1.0,1.0,835.6085043225806,881.3636359999999,551.0,555.071847483871,838.6554251290323,1.926697,26.124907612903225,1.0,1.0,1.0,1.0,none,0:1.0500|1:0.9200|2:1.0300|3:0.9300|4:0.9400|5:1.1000|6:0.8200|,Selin Öztürk:4:62610|Mehmet Kocabaş:6:24698,2989500,8,264600,2827,31,32.719250229556685,34.06002964908906,none,358888
Dengeli,21,2888,2019,1,1302,1023,279,5020,191,52,0,0,260,4305488,2848181,1428902,510426,111894,120574,145824,0,44455,495729,1417288,379047,32497,1005744,1005744,1268718,28927121,156060,0,2093282,2908048,0,3.903225806451613,0.0,2.0,0.9032258064516129,1.0,854.9266862580646,889.318182,566.0014663870968,561.4369501612903,851.2961876451614,1.94385,22.330302548387095,1.0,1.0,1.0,1.0,none,0:1.0500|1:0.9300|2:1.0300|3:0.9400|4:0.9500|5:1.1000|6:0.8200|,Selin Öztürk:4:67271|Mehmet Kocabaş:6:26537,2932962,8,264600,2858,31,33.18792201952485,33.79532122638104,none,231129
Dengeli,21,2916,2019,2,1104,852,252,3982,148,31,0,0,238,3489820,2305417,1166480,523488,114968,110195,133280,0,1135,283414,731713,-226123,31234,926602,926602,1103646,28388393,156060,0,2119742,2626624,0,4.0,0.0,2.0,1.0,1.0,874.8782466428572,900.0,582.545455,575.4642858214286,865.8847403214286,1.967061,19.832702107142858,1.0,1.0,1.0,1.0,none,0:1.0500|1:0.9300|2:1.0300|3:0.9400|4:0.9500|5:1.1000|6:0.8200|,Selin Öztürk:4:67271|Mehmet Kocabaş:6:26537,2366000,8,264600,2889,28,33.42521963883524,33.41411136516615,none,18814
Dengeli,21,2947,2019,3,1163,883,280,4146,158,31,0,0,252,3336975,2200455,1119953,579576,127286,123334,135594,0,1690,152473,796499,-380299,29952,1146846,921057,887970,27735844,156060,0,2146202,2908048,0,4.0,0.0,2.0,1.0,1.0,880.5058652258064,909.090909,582.409091,580.3445748387096,878.0381233225806,1.988265,18.866419806451614,1.0,1.0,1.0,1.0,none,0:1.0500|1:0.9300|2:1.0300|3:0.9400|4:0.9500|5:1.1000|6:0.8200|,Selin Öztürk:4:67271|Mehmet Kocabaş:6:26537,2213868,8,264600,2917,31,33.561923598468674,33.855171895914545,none,-112127
Dengeli,21,2977,2019,4,1240,982,258,4604,134,31,0,0,242,3748630,2426986,1293540,560880,123180,120767,132780,0,3004,352929,1375135,330324,28651,1016160,1241949,1169946,28063979,156060,0,2172662,2814240,0,4.0,0.0,2.0,1.0,1.0,897.4318181,922.045455,582.136364,580.8727273333333,887.0545454,2.012006,19.2671898,1.0,1.0,1.0,1.0,none,0:1.0500|1:0.9300|2:1.0300|3:0.9400|4:0.9500|5:1.1000|6:0.8200|,Selin Öztürk:4:67271|Mehmet Kocabaş:6:26537,2479404,8,264600,2948,30,34.507006559729824,35.133081727314796,none,88329
Dengeli,21,3008,2019,5,1304,1044,260,4973,150,50,0,0,233,4165800,2733190,1406736,579576,127286,126249,138818,0,3796,431011,2260973,1165999,27332,1067642,1067642,1318030,29279581,156060,0,2199122,2908048,0,4.0,0.0,2.0,1.0,1.0,892.258064483871,931.818182,584.681818,582.5762464193548,888.2756598387097,2.035252,20.425616387096774,1.0,1.0,1.0,1.0,none,0:1.0500|1:0.9200|2:1.0300|3:0.9300|4:0.9400|5:1.1000|6:0.8200|,Selin Öztürk:4:67271|Mehmet Kocabaş:6:26537,2729086,8,264600,2978,31,33.76868788708051,34.471668985338816,none,166411
Dengeli,21,3038,2019,6,1294,1082,212,5291,131,27,0,0,200,4036770,2628131,1377243,560880,123180,123618,156330,0,0,413235,1216600,-2509,25993,1193116,973476,1214964,29326868,167439,0,2227511,2821338,0,4.0,0.0,2.0,1.0,1.0,900.969697,942.954545,592.454545,588.8787878999999,896.8378789,2.059555,21.155789866666666,1.0,1.0,1.0,1.0,none,0:1.0500|1:0.9200|2:1.0300|3:0.9300|4:0.9400|5:1.1000|6:0.8200|,Selin Öztürk:4:67271|Mehmet Kocabaş:6:26537,2688018,8,283894,3009,30,34.11745033777005,34.242566983914884,none,129341
Dengeli,21,3069,2019,7,1243,1006,237,4984,120,25,0,0,224,3906545,2558250,1331688,600576,132184,129226,163401,0,0,306301,275,-965553,24634,941194,1160834,1210448,27763715,167439,0,2255900,3128086,0,4.0,0.0,2.0,1.0,1.0,921.495601032258,953.409091,612.772727,604.4912023548387,908.5454545161291,2.08335,19.34588190322581,1.0,1.0,1.0,1.0,none,0:1.0500|1:0.9300|2:1.0300|3:0.9400|4:0.9500|5:1.1000|6:0.8200|,Selin Öztürk:4:72361|Mehmet Kocabaş:6:28545,2625140,8,283894,3039,31,34.088638426026066,33.50237089427525,none,22407
Dengeli,21,3100,2019,8,1234,1000,234,4770,128,24,0,0,217,3790380,2509981,1244758,601276,132184,130747,165354,0,1263,213934,-221632,-1173316,0,951684,951684,1162884,26669361,167439,0,2284289,3128086,0,4.0,0.0,2.0,1.0,1.0,926.451612967742,965.454545,619.772727,615.4296188064516,930.441348967742,2.108227,20.576876870967745,1.0,1.0,1.0,1.0,none,0:1.0500|1:0.9300|2:1.0300|3:0.9400|4:0.9500|5:1.1000|6:0.8200|,Selin Öztürk:4:72361|Mehmet Kocabaş:6:28545,2533392,8,283894,3070,31,32.83992633983928,33.10252599003464,none,-69960
Dengeli,21,3130,2019,9,1181,946,235,4288,173,28,0,0,215,3958400,2697523,1233966,581880,127920,128059,140790,0,1665,253652,-6188671,-7389846,33210,1167965,1167965,1201320,19187962,167439,0,2312678,3027180,0,4.0,0.0,2.0,1.0,1.0,940.2499999333334,976.590909,653.2424241666666,637.5454545333334,940.2363637333333,2.133401,20.02981306666667,1.0,1.0,1.1625,0.95125,0,0:1.0500|1:0.9300|2:1.0300|3:0.9400|4:0.9500|5:1.1000|6:0.8200|,Selin Öztürk:4:72361|Mehmet Kocabaş:6:28545,2774904,8,283894,3101,30,31.173352869846404,30.524602583038174,none|0,-30242
Dengeli,21,3161,2019,10,1246,989,257,4721,204,50,0,0,232,4350552,3080416,1236999,601276,132184,133848,147188,0,1077,221426,-281544,-1253889,32796,939549,939549,1361556,17974383,167439,0,2341067,3128086,0,4.0,0.0,2.0,1.0,1.0,947.7639298064516,987.727273,673.409091,666.3724340645161,947.8357771290323,2.158049,20.279507161290322,1.0,1.0,1.25,0.925,0,0:1.0500|1:0.9300|2:1.0300|3:0.9400|4:0.9500|5:1.1000|6:0.8200|,Selin Öztürk:4:72361|Mehmet Kocabaş:6:28545,3198386,8,283894,3131,31,28.433150551929963,28.947592346385164,0,-62468
Dengeli,21,3191,2019,11,1130,895,235,4210,183,22,0,0,204,3843255,2650835,1164666,581880,127920,131090,144120,0,3464,176192,573178,-401845,32374,942649,942649,1342238,17703924,167439,0,2369456,3027180,0,4.0,0.0,2.0,1.0,1.0,969.9090908000001,999.772727,668.545455,669.0030303,962.4227271666666,2.183819,18.2279241,1.0,1.0,1.25,0.925,0,0:1.0500|1:0.9300|2:1.0300|3:0.9400|4:0.9500|5:1.1000|6:0.8200|,Selin Öztürk:4:72361|Mehmet Kocabaş:6:28545,2653032,8,283894,3162,30,30.30415624256002,31.071328092350335,0,-107702
Dengeli,21,3222,2019,12,1190,958,232,4459,244,33,0,0,200,4582315,3218558,1343690,601276,132184,137011,165726,0,4597,302896,1008742,-259835,31943,1236634,1236634,1502066,17470892,180444,0,2400050,3135640,0,4.0,0.0,2.0,1.0,1.0,968.1378301935483,1010.681818,673.7067451612902,671.274193516129,966.170088032258,2.209049,18.685363806451612,1.0,1.0,1.25,0.925,0,0:1.0500|1:0.9300|2:1.0300|3:0.9400|4:0.9500|5:1.1000|6:0.8200|,Selin Öztürk:4:72361|Mehmet Kocabaş:6:28545,3240260,8,305944,3192,31,29.32338785090069,30.412104129160618,0,-3048
Dengeli,21,3253,2020,1,1241,953,288,4400,182,37,0,0,270,4480340,3132025,1309578,625276,137764,138654,167710,0,4452,235722,474169,-572704,31503,1015370,1015370,1502808,16799636,180444,0,2430644,3362260,0,4.0,0.0,2.0,1.0,1.0,979.846041,1023.409091,677.545455,675.0923753870967,979.7419354193548,2.235427,20.199054741935484,1.0,1.0,1.25,0.925,0,0:1.0500|1:0.9300|2:1.0300|3:0.9400|4:0.9500|5:1.1000|6:0.8200|,Selin Öztürk:4:77779|Mehmet Kocabaş:6:30681,3184598,8,305944,3223,31,29.229433480494784,30.851845427826767,0,-70222
Dengeli,21,3282,2020,2,1115,843,272,4020,188,31,0,0,251,4071474,2832856,1201147,585684,128876,131247,158746,0,3767,192827,14290,-996461,0,1010751,1010751,1465610,15851574,180444,0,2461238,3145340,0,4.0,0.0,2.0,1.0,1.0,998.753918275862,1035.227273,693.8087777241379,686.5721004482758,1000.5862067931034,2.262121,19.229140931034483,0.9862068965517242,0.9862068965517242,1.2498275862068964,0.9227830344827587,1,0:1.0500|1:0.9300|2:1.0300|3:0.9400|4:0.9500|5:1.1000|6:0.8200|,Selin Öztürk:4:77779|Mehmet Kocabaş:6:30681,2902856,8,305944,3254,29,29.50152696541842,30.532560120329492,0|1,-113117
Dengeli,21,3313,2020,3,1129,834,295,3850,260,9,0,0,262,3592340,2473772,1096252,626076,137764,141879,155992,0,2270,32271,-137818,-1411624,27797,1246009,1246009,1173716,14097406,180444,0,2491832,3362260,0,4.0,0.0,2.0,1.0,1.0,1008.51173,1047.045455,694.741935483871,692.6260997741934,1005.8123167096775,2.28738,19.648823548387096,0.9,0.9,1.2341666774193547,0.8015934193548386,1,0:1.0500|1:0.9300|2:1.0300|3:0.9400|4:0.9500|5:1.1000|6:0.8200|,Selin Öztürk:4:77779|Mehmet Kocabaş:6:30681,2497078,8,305944,3283,31,30.5163765122455,31.112161136304184,1,-273673
Dengeli,21,3343,2020,4,1266,964,302,4725,270,20,0,0,268,4423615,3130540,1267927,605880,133320,138924,152760,0,2086,234957,93190,-951297,29978,1014509,1014509,1455474,13370422,180444,0,2522426,3253800,0,4.0,0.0,2.0,1.0,1.0,1010.6363637333333,1058.863636,719.7151514666667,710.2606059333334,1010.8545453333334,2.314693,21.314798866666667,0.9,0.9,1.20875,0.8,1,0:1.0500|1:0.9250|2:1.0300|3:0.9350|4:0.9450|5:1.1000|6:0.8200|,Selin Öztürk:4:77779|Mehmet Kocabaş:6:30681,3150460,8,305944,3314,30,28.66268877377439,28.785943461601892,1,-70987
Dengeli,21,3374,2020,5,1254,931,323,4470,283,30,0,0,283,4191902,2920740,1239770,626076,137764,145229,159681,0,1414,169606,465494,-818031,29616,1253909,1001901,1194452,12548544,180444,0,2553020,3362260,0,4.0,0.0,2.0,1.0,1.0,1035.5131963870967,1072.045455,719.1876832903225,717.9560118064516,1029.2214076451612,2.341436,19.594675064516128,0.9,0.9,1.183333322580645,0.8,1,0:1.0500|1:0.9300|2:1.0300|3:0.9400|4:0.9500|5:1.1000|6:0.8200|,Selin Öztürk:4:77779|Mehmet Kocabaş:6:30681,2968482,8,305944,3344,31,29.575357439176774,30.547704674400407,1,-136338
Dengeli,21,3404,2020,6,1110,841,269,3966,208,17,0,0,249,3375605,2352222,996250,605880,133320,142225,179850,0,2484,-67509,-388409,-1391485,21935,981141,1233149,1230940,10853024,193449,0,2585819,3262008,0,4.0,0.0,2.0,1.0,1.0,1033.0833333666667,1084.545455,724.3484848666667,721.35,1032.6727272333333,2.369395,19.944666966666666,0.9,0.9,1.1579166666666665,0.8,1,0:1.0500|1:0.9300|2:1.0300|3:0.9400|4:0.9500|5:1.1000|6:0.8200|,Selin Öztürk:4:77779|Mehmet Kocabaş:6:30681,2449316,8,327994,3375,30,29.513227999129047,29.884796175530052,1,-395503
Dengeli,21,3435,2020,7,1223,955,268,4684,202,13,0,0,245,4164484,2814871,1337231,650076,143344,148671,187984,0,2903,204253,-145935,-1218603,28728,1043940,1043940,1213946,9214379,193449,0,2618618,3616708,0,4.0,0.0,2.0,1.0,1.0,1053.5263927419355,1097.5,712.3005864838709,716.8504399354838,1048.2624633870967,2.39677,20.01284306451613,0.9,0.9,1.1325,0.8,1,0:1.0500|1:0.9200|2:1.0300|3:0.9300|4:0.9400|5:1.1000|6:0.8200|,Selin Öztürk:4:83664|Mehmet Kocabaş:6:33004,2818138,8,327994,3405,31,32.110364693441014,32.388918645880466,1,-123741
Dengeli,21,3466,2020,8,1181,909,272,4508,198,13,0,0,246,4102258,2786438,1288153,650876,143344,150439,190216,0,1212,152066,-669252,-1950807,0,1281555,1281555,1360550,7443487,193449,0,2651417,3616708,0,4.0,0.0,2.0,1.0,1.0,1060.4472143225805,1109.545455,719.5630499032259,717.3123166774194,1056.4648095483872,2.4253900000000006,20.298181741935487,0.9,0.9,1.1066666774193548,0.8,1,0:1.0500|1:0.9300|2:1.0300|3:0.9400|4:0.9500|5:1.1000|6:0.8200|,Selin Öztürk:4:83664|Mehmet Kocabaş:6:33004,2790060,8,327994,3436,31,31.40107228750605,32.1453213149429,1,-175928
Dengeli,21,3496,2020,9,1045,777,268,3598,278,26,0,0,235,3632800,2419003,1187133,629880,138720,147326,162000,0,738,108469,979665,-198450,29010,1149105,1149105,1059430,6862811,193449,0,2684216,3500040,0,4.0,0.0,2.0,1.0,1.0,1091.6136361666665,1123.8636359999998,727.8954546,723.9287878666668,1081.1590909333333,2.454351,18.89172243333333,0.9,0.9,1.08125,0.8,1,0:1.0500|1:0.9300|2:1.0300|3:0.9400|4:0.9500|5:1.1000|6:0.8200|,Selin Öztürk:4:83664|Mehmet Kocabaş:6:33004,2462456,8,327994,3467,30,32.67818211847611,33.31931459228624,1,-219525
Dengeli,21,3527,2020,10,1172,915,257,4179,260,22,0,0,237,4336620,2893177,1411990,650876,143344,153975,169322,0,1969,292504,1656032,478099,28520,1149413,1149413,1288704,7629854,193449,0,2717015,3616708,0,4.0,0.0,2.0,1.0,1.0,1096.473607,1136.590909,732.159824,729.4956010967742,1089.797654064516,2.482707,18.76879351612903,0.9,0.9,1.055833322580645,0.8,1,0:1.0500|1:0.9300|2:1.0300|3:0.9400|4:0.9500|5:1.1000|6:0.8200|,Selin Öztürk:4:83664|Mehmet Kocabaş:6:33004,2919136,8,327994,3497,31,32.55968934331346,33.22595096445399,1,-35490
Dengeli,21,3557,2020,11,1103,817,286,3856,255,31,0,0,258,4185889,2814051,1350388,629880,138720,150808,165810,0,4931,260239,1409519,-54054,28017,1435556,1435556,1273626,7469011,193449,0,2749814,3500040,0,4.0,0.0,2.0,1.0,1.0,1112.8712119666668,1150.454545,749.9560605666667,742.0318181,1103.0575756666667,2.512353,18.284111199999998,0.9,0.9,1.0304166666666668,0.8,1,0:1.0500|1:0.9300|2:1.0300|3:0.9400|4:0.9500|5:1.1000|6:0.8200|,Selin Öztürk:4:83664|Mehmet Kocabaş:6:33004,2850384,8,327994,3528,30,32.260482779165905,32.61070530871728,1,-67755
Dengeli,21,3588,2020,12,1191,897,294,4118,272,22,0,0,262,4772870,3193075,1541228,650876,143344,157633,190650,0,4886,393839,3279336,1975125,27500,1276711,1276711,1321176,9419987,204829,0,2784543,3623763,0,4.0,0.0,2.0,1.0,1.0,1106.0263926451612,1163.409091,727.944281516129,734.1906158064517,1105.9750733225806,2.54138,20.16266674193548,0.9,0.9,1.0062096774193547,0.8,1,0:1.0500|1:0.9250|2:1.0300|3:0.9350|4:0.9450|5:1.1000|6:0.8200|,Selin Öztürk:4:83664|Mehmet Kocabaş:6:33004,3226536,8,347287,3558,31,32.29143052293484,34.183823608839475,1,46552
Dengeli,21,3619,2021,1,1089,813,276,3835,217,41,0,0,249,4578380,3038751,1511124,671876,148211,159483,192944,0,4549,334061,1359166,-150948,26970,1483144,1200217,1491316,9786246,204829,0,2819272,3835413,0,4.0,0.0,2.0,1.0,1.0,1136.9134896451612,1176.818182,758.090909,747.4164223548387,1133.7140761935484,2.571726,18.295553709677417,0.9193548387096774,0.9193548387096774,1.0,0.803225806451613,none,0:1.0500|1:0.9300|2:1.0300|3:0.9400|4:0.9500|5:1.1000|6:0.8200|,Selin Öztürk:4:88723|Mehmet Kocabaş:6:34999,3091480,8,347287,3589,31,33.00564828607499,33.320264390863585,1|none,-13226
Dengeli,21,3647,2021,2,1100,842,258,4000,145,23,0,0,244,4836529,3252275,1559365,607488,133868,145450,175952,0,4682,491925,1499860,283351,0,1216509,1224967,1599598,10119788,204829,0,2854001,3464244,0,4.0,0.0,2.0,1.0,1.0,1138.1818182499999,1188.863636,759.318182,756.4853896071428,1139.965909142857,2.596599,19.674800535714287,1.0,1.0,1.0,0.9285714285714286,none,0:1.0500|1:0.9300|2:1.0300|3:0.9400|4:0.9500|5:1.1000|6:0.8200|,Selin Öztürk:4:88723|Mehmet Kocabaş:6:34999,3293166,8,347287,3620,28,32.24140700903479,33.28674120207946,none,144638
Dengeli,21,3653,2021,3,250,198,52,953,35,14,0,0,47,989665,649674,332861,130176,28686,31434,34572,0,789,107204,545007,545007,0,0,274469,1512590,10377872,0,0,2854001,742338,0,4.0,0.0,2.0,1.0,1.0,1153.181818,1198.409091,757.545455,757.2651516666666,1157.7272725,2.619271,19.472988666666666,1.0,1.0,1.0,1.0,none,0:1.0500|1:0.9300|2:1.0300|3:0.9400|4:0.9500|5:1.1000|6:0.8200|,Selin Öztürk:4:88723|Mehmet Kocabaş:6:34999,665706,8,0,3648,6,33.63370433429494,34.30823802669425,none,107204
Dengeli,22,25,2011,3,1389,1232,157,5699,197,75,0,0,110,2406940,1785680,610338,167500,37675,50012,55000,0,11560,288591,167316,115471,0,51845,58405,595200,207566,71527,0,12127,0,0,3.0,1.0,2.0,0.0,0.0,449.98181828,457.7272730000001,329.10363639999997,334.59454548,447.73999988,1.0,27.26892256,1.0,1.0,1.0,1.0,none,0:1.0000|1:0.9200|2:1.0300|3:0.9400|4:0.9500|5:1.1000|6:0.8200|,,2051986,1,121275,1,25,25.357424780011133,26.862903559535358,none,167316
Dengeli,22,55,2011,4,1692,1514,178,6957,172,81,0,2,147,2832380,2053101,754832,201000,45210,60374,66390,0,11539,370319,249044,168050,0,80994,87483,977886,755630,71527,0,24254,0,0,3.0,1.0,2.0,0.0,0.0,443.8257574,459.09090899999995,318.66363636666665,321.76818173333334,442.31212116666666,1.00592,28.66788473333333,1.0,1.0,1.0,1.0,none,0:1.0000|1:0.9200|2:1.0300|3:0.9400|4:0.9500|5:1.1000|6:0.8200|,,2079266,1,121275,26,30,26.65009638537202,28.200733947158096,none,249044
Dengeli,22,86,2011,5,1766,1605,161,7367,197,65,0,2,133,3017500,2142010,854737,207700,46717,62821,69099,0,3915,464485,343210,221621,0,121589,125504,968246,973416,71527,0,36381,0,0,3.0,1.0,2.0,0.0,0.0,451.22434012903227,464.31818200000004,320.38269809677416,320.1524926774194,451.3607037419355,1.01307,29.70144058064516,1.0,1.0,1.0,1.0,none,0:1.0000|1:0.9250|2:1.0300|3:0.9400|4:0.9500|5:1.1000|6:0.8200|,,2155784,1,121275,56,31,28.32599834299917,28.997026622021895,none,343210
Dengeli,22,116,2011,6,1824,1658,166,8814,146,69,0,7,131,3096285,2326618,750542,201000,45210,61245,77460,0,3090,362537,319309,240476,0,78833,81923,1144310,1406827,78030,0,49611,0,0,3.0,1.0,2.0,0.0,0.0,428.6742424,466.818182,321.8909089333334,321.55606059999997,417.0999999,1.020512,36.02242986666667,1.0,1.0,1.0,1.0,none,0:1.0000|1:0.9000|2:1.0300|3:0.9100|4:0.9500|5:1.1000|6:0.8200|,,2326444,1,132300,87,30,24.240081258669665,24.910135227351986,none,230237
Dengeli,22,147,2011,7,2045,1851,194,10226,95,88,0,22,154,3516095,2751824,747441,222700,50220,63751,80600,0,5150,325020,192720,109589,0,83131,66632,1224354,1573996,78030,0,62841,0,0,3.0,1.0,2.0,0.0,0.0,417.4486802903226,470.227273,329.3812317419355,327.63489741935484,412.96334277419356,1.027766,38.333163322580646,1.0,1.0,1.0,1.0,none,0:1.0500|1:0.8900|2:1.0300|3:0.9000|4:0.9500|5:1.1000|6:0.8200|,,2808000,1,132300,117,31,21.257702081428402,21.09659287631211,none,192720
Dengeli,22,178,2011,8,1988,1780,208,10166,98,94,0,22,164,3421975,2687528,714717,223200,50220,64216,81189,0,4183,291709,220634,157055,0,63579,84261,1208092,1704072,78030,0,76071,0,0,3.0,1.0,2.0,0.0,0.0,417.954545,474.090909,330.2683285806452,329.5747801935484,416.1642226774194,1.035317,38.37453961290323,1.0,1.0,1.0,1.0,none,0:1.0500|1:0.8900|2:1.0300|3:0.9000|4:0.9500|5:1.1000|6:0.8200|,,2699150,1,132300,148,31,20.88609647937229,20.979845169372382,none,159409
Dengeli,22,208,2011,9,1905,1709,196,9195,116,133,0,10,149,3444525,2711819,706819,192000,43200,62595,68820,0,5783,334421,232954,168629,0,64325,70108,1231338,1912026,78030,0,89301,0,0,2.6666666666666665,0.6666666666666666,2.0,0.0,0.0,421.89393973333335,477.272727,333.9000001,332.91363636666665,419.466667,1.042922,37.032742533333334,1.0,1.0,1.0,1.0,none,0:1.0500|1:0.9100|2:1.0300|3:0.9200|4:0.9500|5:1.1000|6:0.8200|,,2720090,1,132300,179,30,20.520071708000376,20.85688637503343,none,202121
Dengeli,22,239,2011,10,2019,1817,202,10419,167,142,0,14,153,3993735,3114074,859217,148800,33480,65146,71641,0,11334,528816,427349,294012,0,133337,139421,1406890,2357598,78030,0,102531,0,0,2.0,0.0,2.0,0.0,0.0,426.51026412903224,481.136364,331.1803519677419,331.9428152580645,423.3181815483871,1.050335,38.93628725806452,1.0,1.0,1.0,1.0,none,0:1.0500|1:0.9100|2:1.0300|3:0.9200|4:0.9500|5:1.1000|6:0.8200|,,3158510,1,132300,209,31,21.514121492788078,22.351141386001945,none,396516
Dengeli,22,269,2011,11,1884,1704,180,9645,148,147,0,10,143,3729695,2889060,823456,144000,32400,63495,69840,0,19419,494302,362002,262924,0,99078,107897,1402242,2615383,78030,0,115761,0,0,2.0,0.0,2.0,0.0,0.0,433.0606059333333,484.545455,334.3196968333333,333.51212126666667,431.34242439999997,1.058051,38.93460996666667,1.0,1.0,1.0,1.0,none,0:1.0500|1:0.9150|2:1.0300|3:0.9250|4:0.9500|5:1.1000|6:0.8200|,,2906730,1,132300,240,30,22.07837370079859,22.800713744717868,none,362002
Dengeli,22,300,2011,12,1947,1743,204,9404,224,163,0,13,149,3916375,3056534,840568,148800,33480,66077,79949,0,7763,504499,460017,363501,0,96516,104279,1321716,2978723,79655,0,129266,0,0,2.0,0.0,2.0,0.0,0.0,431.15102661290325,487.5,335.7155425483871,335.14076238709674,428.5190615483871,1.065572,38.053703806451615,1.0,1.0,1.0,1.0,none,0:1.0500|1:0.9250|2:1.0300|3:0.9350|4:0.9500|5:1.1000|6:0.8200|,,2995442,1,135056,270,31,21.46290894002745,22.13504739029654,none,369443
Dengeli,22,331,2012,1,1903,1684,219,9709,215,155,0,9,163,4288735,3243618,1029884,151800,34162,66569,80538,0,0,696815,264094,119083,0,145011,145011,1359226,9377721,79655,0,142771,0,0,2.0,0.0,2.0,0.0,0.0,441.52492641935487,491.81818200000004,331.3709678387097,332.324047,433.8357770322581,1.0734,38.89089841935484,1.0,1.0,1.0,1.0,none,0:1.0500|1:0.9300|2:1.0300|3:0.9400|4:0.9500|5:1.1000|6:0.8200|,,3319046,1,135056,301,31,24.013701009738302,24.948525437502095,none,561759
Dengeli,22,360,2012,2,1681,1504,177,8464,154,141,0,11,137,3726380,2709029,1005552,152804,31958,62623,75777,0,3122,679268,-27021,-122649,0,95628,95628,1130460,8686697,79655,0,156276,0,0,2.8275862068965516,0.0,2.0,0.0,0.8275862068965517,461.74764865517244,494.3181819999999,331.0956111724138,331.8369906896552,465.0297806896552,1.079586,36.58635796551724,1.0,1.0,1.0,1.0,none,0:1.0500|1:0.9300|2:1.0300|3:0.9400|4:0.9500|5:1.1000|6:0.8200|,,2720860,3,135056,332,29,26.98468755199416,28.295117011051207,none,544212
Dengeli,22,391,2012,3,1683,1512,171,8382,155,105,0,0,146,3574560,2495568,1060520,165726,34162,67313,74028,0,0,719291,843397,519102,164927,159368,159368,1132264,9091420,79655,0,169781,0,0,3.0,0.0,2.0,0.0,1.0,473.50439870967745,496.590909,326.8548386129033,328.0381230967742,474.58357777419354,1.085405,34.050503258064516,1.0,1.0,1.0,1.0,none,0:1.0500|1:0.9300|2:1.0300|3:0.9400|4:0.9500|5:1.1000|6:0.8200|,,2512760,3,135056,361,31,29.668546618325053,30.971108293059444,none,584235
Dengeli,22,421,2012,4,1450,1281,169,6153,139,48,0,0,139,2690060,1823321,848760,160380,33060,65502,72060,0,0,517758,718719,368293,81066,269360,269360,922376,9151652,79655,0,183286,0,0,3.0,0.0,2.0,0.0,1.0,480.7045452666667,499.318182,326.6681819666667,326.6712122333334,480.37575756666666,1.09166,28.8273542,1.0,1.0,1.0,1.0,none,0:1.0500|1:0.9300|2:1.0300|3:0.9400|4:0.9500|5:1.1000|6:0.8200|,,1864030,3,135056,392,30,31.55171260120592,32.04387493664111,none,382702
Dengeli,22,452,2012,5,1530,1375,155,7064,158,91,0,0,120,3204320,2187789,1000852,238626,50578,68058,74865,0,22296,546429,-97888,-356187,80119,178180,178180,1006150,8588463,79655,0,196791,0,0,3.5806451612903225,0.0,2.0,0.5806451612903226,1.0,485.3885630967742,502.045455,331.8328446451613,330.3284458387097,483.3651027096774,1.097747,27.661954193548386,1.0,1.0,1.0,1.0,none,0:1.0500|1:0.9300|2:1.0300|3:0.9400|4:0.9500|5:1.1000|6:0.8200|,,2206930,4,135056,422,31,31.23445848105058,31.635627644773695,none,411373
Dengeli,22,482,2012,6,1498,1341,157,7253,128,64,0,0,137,2948495,2019063,916604,281880,60420,66252,83790,0,0,424262,-64058,-324818,79159,181601,181601,895566,7693101,82906,0,210847,0,0,4.0,0.0,2.0,1.0,1.0,487.94696949999997,505.227273,335.2787878666667,334.080303,487.77121206666664,1.104074,28.6768474,1.0,1.0,1.0,1.0,none,0:1.0500|1:0.9300|2:1.0300|3:0.9400|4:0.9500|5:1.1000|6:0.8200|,,2022562,6,140569,453,30,31.087181765612627,31.2878634720844,none,283693
Dengeli,22,513,2012,7,1544,1378,166,7226,94,38,0,0,146,2801300,1908014,869686,297276,63829,68833,87079,0,0,352669,767330,358203,78187,330940,330940,834054,7894399,82906,0,224903,0,0,4.0,0.0,2.0,1.0,1.0,491.20967703225807,508.18181799999996,332.1158358064516,333.3035190967742,488.8856305483871,1.11023,29.273636258064514,1.0,1.0,1.0,1.0,none,0:1.0500|1:0.9300|2:1.0300|3:0.9400|4:0.9500|5:1.1000|6:0.8200|,,1942464,6,140569,483,31,31.045800164209474,32.38817325159469,none,212100
Dengeli,22,544,2012,8,1485,1322,163,6468,92,49,0,3,140,2631165,1725609,890404,297476,63829,69236,87575,0,0,372288,1208945,800903,77202,330840,330840,693988,8488158,82906,0,238959,0,0,4.0,0.0,2.0,1.0,1.0,493.1744868064516,510.909091,322.5601171935484,325.6832844516129,494.3313782258065,1.116629,27.201536935483873,1.0,1.0,1.0,1.0,none,0:1.0500|1:0.9300|2:1.0300|3:0.9400|4:0.9500|5:1.1000|6:0.8200|,,1705388,6,140569,514,31,33.84067513819924,34.5951329959738,none,231719
Dengeli,22,574,2012,9,1469,1324,145,6315,117,102,0,0,115,3121660,2037412,1069546,287880,61770,67393,74130,0,0,578373,1660870,981140,76205,603525,487291,879288,9727258,82906,0,253015,0,0,4.0,0.0,2.0,1.0,1.0,496.88636363333336,514.090909,323.90909100000005,323.8833332333333,498.9712121,1.123064,27.000009033333335,1.0,1.0,1.0,1.0,none,0:1.0500|1:0.9300|2:1.0300|3:0.9400|4:0.9500|5:1.1000|6:0.8200|,,2035884,6,140569,545,30,34.26209132320624,34.81223983859983,none,437804
Dengeli,22,605,2012,10,1394,1227,167,5934,134,87,0,0,130,2748035,1786477,946752,297476,63829,70042,77035,0,0,438370,1284079,775413,75194,433472,549706,844932,10228471,82906,0,267071,0,0,4.0,0.0,2.0,1.0,1.0,503.4457479032258,516.818182,328.363636,326.7199413548387,498.3005864516129,1.129326,26.929925387096773,1.0,1.0,1.0,1.0,none,0:1.0500|1:0.9300|2:1.0300|3:0.9400|4:0.9500|5:1.1000|6:0.8200|,,1854722,6,140569,575,31,34.45196294807017,34.77675849531274,none,297801
Dengeli,22,635,2012,11,1433,1286,147,6461,139,99,0,0,125,2944835,1945619,985283,287880,61770,68172,74970,0,0,492491,149940,-300801,74171,376570,376570,918426,9389030,82906,0,281127,184860,0,4.0,0.0,2.0,1.0,1.0,501.84848486666664,520.227273,333.772727,331.4863636,499.03181813333333,1.135835,27.94967973333333,1.0,1.0,1.0,1.0,none,0:1.0500|1:0.9200|2:1.0300|3:0.9300|4:0.9400|5:1.1000|6:0.8200|,Emine Aksoy:4:36972,1961160,7,140569,606,30,33.45800358933523,33.49133512106185,none,351922
Dengeli,22,666,2012,12,1423,1295,128,6046,142,73,0,0,117,3186635,2102785,1066707,297476,63829,70818,85684,0,0,548900,1161416,603559,0,557857,557857,903928,10119792,86158,0,295735,1147577,0,4.0,0.0,2.0,1.0,1.0,506.4956011612903,522.727273,334.2052783225806,333.56451596774195,506.48826974193554,1.142168,25.767226129032256,1.0,1.0,1.0,1.0,none,0:1.0500|1:0.9300|2:1.0300|3:0.9400|4:0.9500|5:1.1000|6:0.8200|,Emine Aksoy:4:36972,2109668,7,146081,636,31,33.47440168076984,34.01615383108627,none,402819
Dengeli,22,697,2013,1,1349,1185,164,5473,146,100,0,0,127,2946685,1946357,988319,303476,65224,71252,86180,0,0,462187,1274297,654844,79410,540043,540043,941712,10680736,86158,0,310343,1190927,0,4.0,0.0,2.0,1.0,1.0,509.64076216129035,525.454545,336.863636,335.3035190967742,509.3401758387097,1.148751,24.965471741935485,1.0,1.0,1.0,1.0,none,0:1.0500|1:0.9300|2:1.0300|3:0.9400|4:0.9500|5:1.1000|6:0.8200|,Emine Aksoy:4:38417,1983848,7,146081,667,31,33.540028879910814,33.901747856387146,none,316106
Dengeli,22,725,2013,2,1235,1087,148,4953,148,82,0,0,121,2536870,1651008,866941,274288,58912,64749,78316,0,0,390676,1120412,491112,78231,551069,551069,824048,10998290,86158,0,324951,1075676,0,4.0,0.0,2.0,1.0,1.0,518.2548701071429,528.863636,337.38311699999997,336.3474025714286,513.3961039285714,1.155828,25.31861614285714,1.0,1.0,1.0,1.0,none,0:1.0500|1:0.9300|2:1.0300|3:0.9400|4:0.9500|5:1.1000|6:0.8200|,Emine Aksoy:4:38417,1676914,7,146081,698,28,34.17364705325854,34.900155027920896,none,244595
Dengeli,22,756,2013,3,1445,1257,188,5946,127,75,0,0,162,2791755,1816923,960895,303676,65224,72089,79267,0,0,440639,940212,225349,77036,637827,529433,809028,11160441,86158,0,339559,1190927,0,4.0,0.0,2.0,1.0,1.0,513.6070381290323,531.818182,333.18181799999996,334.51173029032253,512.205278516129,1.162259,26.008677193548387,1.0,1.0,1.0,1.0,none,0:1.0500|1:0.9300|2:1.0300|3:0.9400|4:0.9500|5:1.1000|6:0.8200|,Emine Aksoy:4:38417,1811536,7,146081,726,31,34.41903032321962,35.129039661583555,none,294558
Dengeli,22,786,2013,4,1347,1186,161,5495,134,47,0,0,144,2818105,1799537,1006058,293880,63120,70184,77190,0,378,501306,1432611,803803,75824,552984,661378,889914,11695907,86158,0,354167,1152510,0,4.0,0.0,2.0,1.0,1.0,523.3409092333334,535.454545,334.636364,334.3272727,519.9742425,1.16942,24.651192666666667,1.0,1.0,1.0,1.0,none,0:1.0500|1:0.9300|2:1.0300|3:0.9400|4:0.9500|5:1.1000|6:0.8200|,Emine Aksoy:4:38417,1820826,7,146081,757,30,35.699805365662385,36.05767137710971,none,355225
Dengeli,22,817,2013,5,1446,1287,159,6227,149,56,0,0,136,3114716,2024379,1071554,303676,65224,72957,80228,0,543,548926,1547989,884860,74596,588533,588533,923800,12357694,86158,0,368775,1190927,0,4.0,0.0,2.0,1.0,1.0,520.1466276129032,538.409091,340.363636,338.199413516129,523.4956012580645,1.176391,25.245848161290322,1.0,1.0,1.0,1.0,none,0:1.0500|1:0.9300|2:1.0300|3:0.9400|4:0.9500|5:1.1000|6:0.8200|,Emine Aksoy:4:38417,2050278,7,146081,787,31,34.40294396021981,34.56390603510728,none,402845
Dengeli,22,847,2013,6,1383,1219,164,5828,127,45,0,0,149,2600205,1651258,935590,293880,63120,71024,89850,0,643,417073,1460833,674000,73351,713482,574288,740142,12994757,89409,0,383934,1154035,0,4.0,0.0,2.0,1.0,1.0,530.4924243666667,542.045455,337.045455,338.05757563333333,526.1757576,1.183639,24.216015000000002,1.0,1.0,1.0,1.0,none,0:1.0500|1:0.9300|2:1.0300|3:0.9400|4:0.9500|5:1.1000|6:0.8200|,Emine Aksoy:4:38417,1648946,7,151594,818,30,35.98139377472161,36.46554794776102,none,265479
Dengeli,22,878,2013,7,1472,1301,171,6289,110,33,0,0,150,2866704,1814877,1033670,309676,66619,73826,93372,0,583,489594,1287799,680465,72088,535246,674440,838044,13512995,89409,0,399093,1238202,0,4.0,0.0,2.0,1.0,1.0,535.0073315161289,545.0,341.0879762258064,339.58944283870966,528.8504399032257,1.190696,24.902110967741937,1.0,1.0,1.0,1.0,none,0:1.0500|1:0.9300|2:1.0300|3:0.9400|4:0.9500|5:1.1000|6:0.8200|,Emine Aksoy:4:39942,1846108,7,151594,848,31,36.05778622417941,36.24611175715756,none,338000
Dengeli,22,909,2013,8,1369,1213,156,5965,114,37,0,0,138,2704560,1707633,984350,309876,66619,74291,93961,0,0,439603,1158173,589154,70809,498210,498210,772158,13934019,89409,0,414252,1238202,0,4.0,0.0,2.0,1.0,1.0,536.994134967742,549.090909,343.5,341.76832851612903,533.3137829032258,1.198032,23.062506838709677,1.0,1.0,1.0,1.0,none,0:1.0500|1:0.9300|2:1.0300|3:0.9400|4:0.9500|5:1.1000|6:0.8200|,Emine Aksoy:4:39942,1732704,7,151594,879,31,36.39593871091786,36.0328209132797,none,288009
Dengeli,22,939,2013,9,1340,1189,151,5613,136,68,0,0,125,2784447,1812450,952290,299880,64470,72344,79560,0,1038,434998,1312463,540331,69511,702621,702621,835666,14236297,89409,0,429411,1198260,0,4.0,0.0,2.0,1.0,1.0,536.3560605333333,551.590909,352.136364,348.80303033333337,535.7439393666667,1.205414,23.667575199999998,1.0,1.0,1.0,1.0,none,0:1.0500|1:0.9300|2:1.0300|3:0.9400|4:0.9500|5:1.1000|6:0.8200|,Emine Aksoy:4:39942,1869660,7,151594,910,30,34.20032774910063,34.346530241524974,none,283404
Dengeli,22,970,2013,10,1346,1195,151,5682,142,50,0,0,133,2932675,1905911,1014497,309876,66619,75190,82708,0,820,479284,1340153,676221,68196,595736,595736,828570,14876336,89409,0,444570,1238202,0,4.0,0.0,2.0,1.0,1.0,542.991202548387,555.227273,354.0,352.39882693548384,538.8387096451613,1.2126,23.31428012903226,1.0,1.0,1.0,1.0,none,0:1.0500|1:0.9300|2:1.0300|3:0.9400|4:0.9500|5:1.1000|6:0.8200|,Emine Aksoy:4:39942,1901082,7,151594,940,31,34.59288874491718,34.80557358229863,none,327690
Dengeli,22,1000,2013,11,1401,1233,168,5951,139,71,0,0,136,3049390,2015899,1012606,299880,64470,73215,80520,0,0,494521,364554,-225717,66863,523408,523408,908964,14013613,89409,0,459729,1198260,0,4.0,0.0,2.0,1.0,1.0,540.1742425333333,558.409091,358.454545,356.45000009999995,539.0424241666667,1.220071,24.078910699999998,1.0,1.0,1.0,1.0,none,0:1.0500|1:0.9250|2:1.0300|3:0.9350|4:0.9450|5:1.1000|6:0.8200|,Emine Aksoy:4:39942,2053260,8,151594,971,30,33.20683808892926,33.640940871429954,none,342927
Dengeli,22,1031,2013,12,1215,1068,147,4991,155,69,0,0,114,2751445,1810097,928551,309876,66619,76120,92070,0,857,383009,2320434,1391200,65511,863723,863723,820076,15124273,94286,0,475715,1239861,0,4.0,0.0,2.0,1.0,1.0,548.1671552258065,562.045455,361.272727,359.31231677419356,544.7536657741936,1.227345,22.690997129032258,1.0,1.0,1.0,1.0,none,0:1.0500|1:0.9300|2:1.0300|3:0.9400|4:0.9500|5:1.1000|6:0.8200|,Emine Aksoy:4:39942,1871520,8,159862,1001,31,33.74775799625288,34.09442292266108,none,223147
Dengeli,22,1062,2014,1,1299,1131,168,5263,137,77,0,0,134,2902630,1886996,1002049,318876,68696,76586,92628,0,309,444954,2700482,1750624,64141,885717,885717,821136,16578903,94286,0,491701,1289631,0,4.0,0.0,2.0,1.0,1.0,551.9648094516128,565.227273,355.727273,357.1495600322581,549.8181817419355,1.234907,22.707145451612902,1.0,1.0,1.0,1.0,none,0:1.0500|1:0.9300|2:1.0300|3:0.9400|4:0.9500|5:1.1000|6:0.8200|,Emine Aksoy:4:41601,1862268,8,159862,1032,31,34.52210581438213,35.5525448527377,none,285092
Dengeli,22,1090,2014,2,1238,1078,160,4842,146,60,0,0,132,2688570,1730249,941600,288288,62048,69623,84224,0,0,437417,2433644,1490922,62752,879970,879970,884998,18084999,94286,0,507687,1164828,0,4.0,0.0,2.0,1.0,1.0,557.5487012857143,569.545455,357.909091,357.15584421428576,556.2159090714285,1.243005,23.90203071428571,1.0,1.0,1.0,1.0,none,0:1.0500|1:0.9300|2:1.0300|3:0.9400|4:0.9500|5:1.1000|6:0.8200|,Emine Aksoy:4:41601,1759254,8,159862,1063,28,35.02233529348315,35.80666761941026,none,277555
Dengeli,22,1121,2014,3,1318,1148,170,5369,142,42,0,0,146,2934945,1861872,1056110,319176,68696,77547,85281,0,0,505410,2005041,997935,0,1007106,1007106,812234,14796027,94286,0,523673,1289631,0,4.0,0.0,2.0,1.0,1.0,564.0029324838711,572.954545,358.363636,357.6334312258064,558.8328446451612,1.250366,23.288775806451614,1.0,1.0,1.0,1.0,none,0:1.0500|1:0.9300|2:1.0300|3:0.9400|4:0.9500|5:1.1000|6:0.8200|,Emine Aksoy:4:41601,1895428,8,159862,1091,31,35.98397925685149,36.46067859580709,none,345548
Dengeli,22,1151,2014,4,1296,1131,165,5167,136,42,0,0,134,2720695,1721977,979407,308880,66480,75526,83070,0,0,445451,2047920,1170795,62571,814554,814554,923242,16014811,94286,0,539659,1294173,0,4.0,0.0,2.0,1.0,1.0,565.6666667000001,575.454545,359.90909100000005,358.65454543333334,561.3999999333333,1.258565,21.7160406,1.0,1.0,1.0,1.0,none,0:1.0500|1:0.9300|2:1.0300|3:0.9400|4:0.9500|5:1.1000|6:0.8200|,Emine Aksoy:4:41601|Volkan Duman:6:15381,1718174,8,159862,1122,30,35.99841217041969,36.374350445705694,none,285589
Dengeli,22,1182,2014,5,1457,1285,172,5839,158,40,0,0,148,3121165,2025426,1078721,319176,68696,78540,86366,0,0,525943,1954673,1101968,61642,791063,791063,916208,15515862,94286,0,555645,1766442,0,4.0,0.0,2.0,1.0,1.0,561.4002931935485,579.772727,366.545455,363.85190622580643,563.1290323225807,1.266552,23.464359870967744,1.0,1.0,1.0,1.0,none,0:1.0500|1:0.9300|2:1.0300|3:0.9400|4:0.9500|5:1.1000|6:0.8200|,Emine Aksoy:4:41601|Volkan Duman:6:15381,2039822,8,159862,1152,31,34.561485855441795,34.7087168560438,none,366081
Dengeli,22,1212,2014,6,1365,1209,156,5835,117,44,0,0,137,2664155,1737654,913104,308880,66480,76516,96750,0,0,364478,985822,105115,60700,820007,820007,848354,15447588,97537,0,572182,1711861,0,4.0,0.0,2.0,1.0,1.0,565.1439394666667,582.954545,373.045455,369.8969696666666,566.2439394666667,1.274857,25.144770466666667,1.0,1.0,1.0,1.0,none,0:1.0500|1:0.9300|2:1.0300|3:0.9400|4:0.9500|5:1.1000|6:0.8200|,Emine Aksoy:4:41601|Volkan Duman:6:15381,1798254,8,165375,1183,30,34.273681523785214,33.9910721944488,none,199103
Dengeli,22,1243,2014,7,1443,1240,203,5923,126,27,0,0,182,2935350,1919385,993970,325176,70091,79563,100626,0,515,417999,992717,245218,59746,687753,687753,776880,15536357,97537,0,588719,1840873,0,4.0,0.0,2.0,1.0,1.0,573.7243403548387,587.954545,378.36510296774196,375.78005867741933,569.7331378387097,1.282947,24.152825645161293,1.0,1.0,1.0,1.0,none,0:1.0500|1:0.9300|2:1.0300|3:0.9400|4:0.9500|5:1.1000|6:0.8200|,Emine Aksoy:4:43354|Volkan Duman:6:16029,1928244,8,165375,1213,31,33.862060742330556,34.05106314057904,none,252624
Dengeli,22,1274,2014,8,1419,1264,155,6264,104,26,0,0,139,3014454,1975998,1019063,325376,70091,80090,101277,0,961,441268,1090307,293106,58778,738423,590387,893682,15992564,97537,0,605256,1840873,0,4.0,0.0,2.0,1.0,1.0,573.431085,590.681818,380.363636,378.69794732258066,574.489736,1.291361,24.442420161290322,1.0,1.0,1.0,1.0,none,0:1.0500|1:0.9300|2:1.0300|3:0.9400|4:0.9500|5:1.1000|6:0.8200|,Emine Aksoy:4:43354|Volkan Duman:6:16029,2035432,8,165375,1244,31,33.80588988918059,33.66881462312076,none,275893
Dengeli,22,1304,2014,9,1374,1198,176,5418,142,64,0,0,149,3047430,1972491,1058616,314880,67830,78016,85800,0,401,511689,1983793,1161107,0,822686,970722,909324,17077615,97537,0,621793,1781490,0,4.0,0.0,2.0,1.0,1.0,577.7121212000001,594.3181820000001,371.272727,374.03181820000003,579.4333333666667,1.299829,23.898260666666665,1.0,1.0,1.0,1.0,none,0:1.0500|1:0.9300|2:1.0300|3:0.9400|4:0.9500|5:1.1000|6:0.8200|,Emine Aksoy:4:43354|Volkan Duman:6:16029,1993554,8,165375,1275,30,34.737992341087406,35.73395582754826,none,346314
Dengeli,22,1335,2014,10,1413,1212,201,5733,120,66,0,0,177,3075200,1979504,1079806,325376,70091,81113,89218,0,0,514008,1816810,964787,58953,793070,793070,936972,17869057,97537,0,638330,1840873,0,4.0,0.0,2.0,1.0,1.0,577.9398827419354,599.318182,371.909091,372.6011732903226,581.3431084516129,1.308077,25.104736645161292,1.0,1.0,1.0,1.0,none,0:1.0500|1:0.9300|2:1.0300|3:0.9400|4:0.9500|5:1.1000|6:0.8200|,Emine Aksoy:4:43354|Volkan Duman:6:16029,1969356,8,165375,1305,31,35.11335848074922,35.649173537645154,none,348633
Dengeli,22,1365,2014,11,1347,1190,157,5700,139,50,0,0,132,3148060,2060154,1074696,314880,67830,79007,86910,0,0,526069,1636897,586801,58077,992019,811961,1022652,18746073,97537,0,654867,1781490,0,4.0,0.0,2.0,1.0,1.0,582.9848483666667,602.272727,383.272727,379.5924242666667,583.9393939666667,1.316655,25.22624956666667,1.0,1.0,1.0,1.0,none,0:1.0500|1:0.9300|2:1.0300|3:0.9400|4:0.9500|5:1.1000|6:0.8200|,Emine Aksoy:4:43354|Volkan Duman:6:16029,2083210,8,165375,1336,30,34.13835822697153,34.2568287882944,none,360694
Dengeli,22,1396,2014,12,1335,1138,197,5053,192,81,0,0,160,3129240,2028056,1085368,325376,70091,82167,99417,0,0,508317,1990378,1105037,57190,828151,1008209,852624,19467168,102414,0,672231,1843481,0,4.0,0.0,2.0,1.0,1.0,593.570380967742,606.818182,384.954545,383.34164216129034,590.231671516129,1.32501,22.48817877419355,1.0,1.0,1.0,1.0,none,0:1.0500|1:0.9300|2:1.0300|3:0.9400|4:0.9500|5:1.1000|6:0.8200|,Emine Aksoy:4:43354|Volkan Duman:6:16029,2014704,8,173644,1366,31,34.68471577763291,35.14593090504619,none,334673
Dengeli,22,1427,2015,1,1331,1135,196,5347,164,90,0,0,160,3386645,2247410,1121674,334376,72199,82696,100068,0,0,532335,1634850,787496,56291,791063,791063,917916,20214644,102414,0,689595,1921721,0,4.0,0.0,2.0,1.0,1.0,591.0557187096774,610.227273,391.954545,389.2375366451613,592.8782990967742,1.3337,22.115639516129033,1.0,1.0,1.0,1.0,none,0:1.0500|1:0.9300|2:1.0300|3:0.9400|4:0.9500|5:1.1000|6:0.8200|,Emine Aksoy:4:45258|Volkan Duman:6:16733,2296298,8,173644,1397,31,33.12050716859901,33.68568603723714,none,358691
Dengeli,22,1455,2015,2,1146,974,172,4474,139,25,0,0,155,2732600,1793355,921845,302288,65212,75225,91000,0,0,388120,1381670,599755,55379,726536,726536,834954,20533216,102414,0,706959,1735748,0,4.0,0.0,2.0,1.0,1.0,594.0990258571429,614.5454550000001,388.181818,389.09415592857147,595.7873376071428,1.342972,22.029858142857144,1.0,1.0,1.0,1.0,none,0:1.0500|1:0.9300|2:1.0300|3:0.9400|4:0.9500|5:1.1000|6:0.8200|,Emine Aksoy:4:45258|Volkan Duman:6:16733,1783416,8,173644,1428,28,33.735087462489936,34.6604183637658,none,214476
Dengeli,22,1486,2015,3,1339,1130,209,5230,146,39,0,0,186,3019895,2005717,996899,334676,72199,83812,92163,0,0,414049,1386215,412765,54454,918996,918996,836138,20840555,102414,0,724323,1921721,0,4.0,0.0,2.0,1.0,1.0,597.0601173548387,618.409091,399.772727,396.27565977419357,598.9090909032259,1.351403,22.562840483870968,1.0,1.0,1.0,1.0,none,0:1.0500|1:0.9300|2:1.0300|3:0.9400|4:0.9500|5:1.1000|6:0.8200|,Emine Aksoy:4:45258|Volkan Duman:6:16733,2098642,8,173644,1456,31,33.011048397378055,33.04313663235169,none,240405
Dengeli,22,1516,2015,4,1303,1119,184,5160,132,55,0,0,161,2881280,1883778,980698,323880,69870,81678,89820,0,0,415450,436811,-392721,53517,776015,776015,880792,20109761,102414,0,741687,1859730,0,4.0,0.0,2.0,1.0,1.0,605.7575758666666,622.954545,396.90909100000005,397.27424260000004,599.4272726,1.360799,21.530141933333333,1.0,1.0,1.0,1.0,none,0:1.0500|1:0.9300|2:1.0300|3:0.9400|4:0.9500|5:1.1000|6:0.8200|,Emine Aksoy:4:45258|Volkan Duman:6:16733,1895080,8,173644,1487,30,34.03688638382941,34.47723861610213,none,241806
Dengeli,22,1547,2015,5,1304,1123,181,4979,138,40,0,0,168,2973355,1925918,1028658,334676,72199,84959,93434,0,530,442860,2064272,1052195,52567,959510,751777,871362,20836040,102414,0,759051,1921721,0,4.0,0.0,2.0,1.0,1.0,608.7829911290322,626.818182,392.545455,394.29178883870964,609.0777126129033,1.369954,21.744432387096776,1.0,1.0,1.0,1.0,none,0:1.0500|1:0.9300|2:1.0300|3:0.9400|4:0.9500|5:1.1000|6:0.8200|,Emine Aksoy:4:45258|Volkan Duman:6:16733,1947354,9,173644,1517,31,34.595868976291094,35.51964152743558,none,269216
Dengeli,22,1577,2015,6,1341,1152,189,5329,94,22,0,0,176,2747529,1768819,960302,323880,69870,82789,104700,0,1949,377114,2814747,1671208,51604,1091935,1299668,829600,21974695,105665,0,776966,1862491,0,4.0,0.0,2.0,1.0,1.0,607.9772728666667,632.045455,393.181818,393.5166668333333,607.8954545333333,1.379479,22.398912433333333,1.0,1.0,1.0,1.0,none,0:1.0500|1:0.9300|2:1.0300|3:0.9400|4:0.9500|5:1.1000|6:0.8200|,Emine Aksoy:4:45258|Volkan Duman:6:16733,1749776,9,179156,1548,30,34.95147821915619,35.329520436493794,none,197958
Dengeli,22,1608,2015,7,1372,1180,192,5497,103,24,0,0,178,2838927,1807081,1014571,264126,56352,86137,108934,0,30441,468581,2469286,1401932,50628,1016726,1016726,745438,23231745,105665,0,794881,2007312,0,3.3225806451612905,0.0,2.0,0.3225806451612903,1.0,620.5425219677419,635.227273,400.272727,397.5718474516129,615.5997068064515,1.38876,21.267701741935486,1.0,1.0,1.0,1.0,none,0:1.0500|1:0.9300|2:1.0300|3:0.9400|4:0.9500|5:1.1000|6:0.8200|,Emine Aksoy:4:47274|Volkan Duman:6:17478,1847866,9,179156,1578,31,35.73783334337234,35.49632574239487,none,289425
Dengeli,22,1639,2015,8,1261,1085,176,5238,103,20,0,0,165,2753875,1759165,976089,393576,85436,86726,109678,0,1850,298823,1562769,246516,49638,1266615,1266615,783800,23213580,105665,0,812796,2007312,0,4.0,0.0,2.0,1.0,1.0,622.6686218387097,640.909091,402.272727,400.4002932258064,620.7302054516128,1.398416,21.180384161290323,1.0,1.0,1.0,1.0,none,0:1.0500|1:0.9300|2:1.0300|3:0.9400|4:0.9500|5:1.1000|6:0.8200|,Emine Aksoy:4:47274|Volkan Duman:6:17478,1782894,9,179156,1609,31,35.44420135263946,35.395375181728525,none,119667
Dengeli,22,1669,2015,9,1223,1042,181,4917,137,38,0,0,157,2972440,1951212,1002607,380880,82680,84499,92940,0,1592,360016,2484978,1500939,48635,935404,935404,867282,24157950,105665,0,830711,1942560,0,4.0,0.0,2.0,1.0,1.0,624.9469697999999,644.090909,414.59090899999995,409.8863637333333,623.8757575666666,1.408139,21.061141033333335,1.0,1.0,1.0,1.0,none,0:1.0500|1:0.9300|2:1.0300|3:0.9400|4:0.9500|5:1.1000|6:0.8200|,Emine Aksoy:4:47274|Volkan Duman:6:17478,2008694,10,179156,1640,30,33.73010052347566,33.65982570766279,none,180860
Dengeli,22,1700,2015,10,1353,1145,208,5406,129,50,0,0,173,3120182,2037919,1061854,393576,85436,87905,96689,0,1033,397215,3639864,2320147,0,1319717,1319717,904200,26562544,105665,0,848626,2007312,0,4.0,0.0,2.0,1.0,1.0,632.9545453870968,648.8636359999999,416.3812319032258,414.3958944193548,629.2888563225807,1.417612,20.774703258064516,1.0,1.0,1.0,1.0,none,0:1.0500|1:0.9300|2:1.0300|3:0.9400|4:0.9500|5:1.1000|6:0.8200|,Emine Aksoy:4:47274|Volkan Duman:6:17478,2057280,10,179156,1670,31,34.0317968631317,34.21625060792019,none,218059
Dengeli,22,1730,2015,11,1338,1150,188,5390,138,55,0,0,165,3232020,2146406,1063973,380880,82680,85669,94200,0,1324,419220,3795257,2006032,51513,1737712,1737712,932340,28375160,105665,0,866541,1942560,0,4.0,0.0,2.0,1.0,1.0,626.9242424,653.863636,417.818182,416.50606080000006,629.1272727666667,1.427469,23.045180766666665,1.0,1.0,1.0,1.0,none,0:1.0500|1:0.9300|2:1.0300|3:0.9400|4:0.9500|5:1.1000|6:0.8200|,Emine Aksoy:4:47274|Volkan Duman:6:17478,2199882,10,179156,1701,30,32.919752971825666,33.3542789156625,none,240064
Dengeli,22,1761,2015,12,1418,1222,196,6069,163,68,0,0,158,3814489,2588255,1206973,393576,85436,89114,107818,0,996,530033,3275731,1833190,50765,1391776,1391776,1100072,29525317,110542,0,885283,2010326,0,4.0,0.0,2.0,1.0,1.0,620.9897361290322,658.181818,421.545455,419.5967741290322,623.7492668064516,1.437072,25.623362193548385,1.0,1.0,1.0,1.0,none,0:1.0500|1:0.9200|2:1.0300|3:0.9300|4:0.9400|5:1.1000|6:0.8200|,Emine Aksoy:4:47274|Volkan Duman:6:17478,2584056,11,187425,1731,31,31.641800513777863,32.117162253321155,none,342608
Dengeli,22,1792,2016,1,1348,1128,220,5243,154,67,0,0,189,3512496,2325344,1175979,402576,87544,89735,108562,0,483,487079,4452366,2588865,50005,1813496,1391278,1030632,32447678,110542,0,904025,2100746,0,4.0,0.0,2.0,1.0,1.0,645.7551318064516,662.272727,427.272727,424.6906159354839,639.7404692258065,1.447064,22.03013177419355,1.0,1.0,1.0,1.0,none,0:1.0500|1:0.9300|2:1.0300|3:0.9400|4:0.9500|5:1.1000|6:0.8200|,Emine Aksoy:4:49474|Volkan Duman:6:18292,2331228,11,187425,1762,31,33.479867308033946,33.83363043438206,none,299654
Dengeli,22,1821,2016,2,1279,1060,219,5130,142,39,0,0,195,3367623,2211052,1140491,376884,81896,84555,102312,0,824,494020,3912645,2129310,49235,1734100,2156318,1137642,33864808,110542,0,922767,1965214,0,4.0,0.0,2.0,1.0,1.0,645.815046724138,667.272727,418.363636,420.9592475862069,644.0971786896552,1.4576940000000003,21.93189775862069,1.0,1.0,1.0,1.0,none,0:1.0500|1:0.9300|2:1.0300|3:0.9400|4:0.9500|5:1.1000|6:0.8200|,Emine Aksoy:4:49474|Volkan Duman:6:18292,2252370,11,187425,1793,29,33.86635024169867,35.21928017593784,none,306595
Dengeli,22,1852,2016,3,1387,1171,216,5600,117,47,0,0,183,3408304,2247399,1133150,402876,87544,91007,100099,0,1380,450244,3933007,2276380,48453,1608174,1608174,1050916,35001293,110542,0,941509,2100746,0,4.0,0.0,2.0,1.0,1.0,638.1744869354839,671.1363640000001,421.04398838709676,420.3724339032258,642.107038,1.467709,24.022543032258067,1.0,1.0,1.0,1.0,none,0:1.0500|1:0.9200|2:1.0300|3:0.9300|4:0.9400|5:1.1000|6:0.8200|,Emine Aksoy:4:49474|Volkan Duman:6:18292,2274034,12,187425,1822,31,33.24674090104639,34.0236883475315,none,262819
Dengeli,22,1882,2016,4,1359,1143,216,5582,120,60,0,0,194,3369782,2194072,1159228,389880,84720,88731,97590,0,1044,497263,6661900,4659839,47660,1954401,1954401,927808,37176304,110542,0,960251,2032980,0,4.0,0.0,2.0,1.0,1.0,646.8863638,676.590909,424.045455,422.1196969666667,645.4363638,1.4784910000000002,23.535007933333336,1.0,1.0,1.0,1.0,none,0:1.0500|1:0.9300|2:1.0300|3:0.9400|4:0.9500|5:1.1000|6:0.8200|,Emine Aksoy:4:49474|Volkan Duman:6:18292,2205948,13,187425,1853,30,34.40068229932975,34.44823098309991,none,309838
Dengeli,22,1913,2016,5,1413,1195,218,5526,136,54,0,0,189,3268366,2120030,1124926,402876,87544,92340,101556,0,1181,439429,7705001,4737222,46855,2920924,2920924,995938,41852990,110542,0,978993,2100746,0,4.0,0.0,2.0,1.0,1.0,656.1363635806451,680.909091,429.454545,426.6026393548387,652.5000000322581,1.489001,23.24717719354839,1.0,1.0,1.0,1.0,none,0:1.0500|1:0.9300|2:1.0300|3:0.9400|4:0.9500|5:1.1000|6:0.8200|,Emine Aksoy:4:49474|Volkan Duman:6:18292,2175840,13,187425,1883,31,34.41860550501382,34.5479737388132,none,252004
Dengeli,22,1943,2016,6,1421,1185,236,5801,110,51,0,0,212,3105732,2052747,1032978,389880,84720,90021,113850,0,578,353929,4652483,2634584,46039,1971860,1971860,992478,43670326,117045,0,998838,2036165,0,4.0,0.0,2.0,1.0,1.0,654.9924242,685.6818179999999,437.90909100000005,434.1636364,658.8969696333334,1.499939,24.221692766666667,1.0,1.0,1.0,1.0,none,0:1.0500|1:0.9300|2:1.0300|3:0.9400|4:0.9500|5:1.1000|6:0.8200|,Emine Aksoy:4:49474|Volkan Duman:6:18292,2097024,14,198450,1914,30,33.26037146798243,33.142876952377414,none,155479
Dengeli,22,1974,2016,7,1314,1094,220,5350,115,27,0,0,204,3150931,2051010,1083227,414876,90334,93673,118482,0,1215,364647,4678319,2170167,45210,2462942,1965474,843180,45100913,117045,0,1018683,2199481,0,4.0,0.0,2.0,1.0,1.0,672.6246332258064,692.045455,444.18181799999996,441.0542521612903,669.8416422258064,1.510601,21.37562658064516,1.0,1.0,1.0,1.0,none,0:1.0500|1:0.9300|2:1.0300|3:0.9400|4:0.9500|5:1.1000|6:0.8200|,Emine Aksoy:4:51799|Volkan Duman:6:19152,2071272,15,198450,1944,31,34.377998121824945,33.96289757189372,none,166197
Dengeli,22,2005,2016,8,1421,1189,232,5789,134,31,0,0,207,3273763,2098904,1152395,415276,90334,94356,119350,0,1797,431282,7539851,4903992,44370,2591489,3088957,901362,48726107,117045,0,1038528,2199481,0,4.0,0.0,2.0,1.0,1.0,673.101172967742,696.590909,430.272727,434.5337242903226,671.9296188709677,1.521698,21.944887451612903,1.0,1.0,1.0,1.0,none,0:1.0500|1:0.9300|2:1.0300|3:0.9400|4:0.9500|5:1.1000|6:0.8200|,Emine Aksoy:4:51799|Volkan Duman:6:19152,2101770,16,198450,1975,31,35.20092932811569,36.07606935181784,none,232832
Dengeli,22,2035,2016,9,1358,1153,205,5770,131,67,0,0,177,3617835,2369816,1227629,401880,87420,92002,101160,0,792,544375,9741485,6664724,43517,3033244,3033244,1155304,54371952,117045,0,1058373,2128530,0,4.0,0.0,2.0,1.0,1.0,677.6742426666666,702.272727,449.272727,444.0136363333333,677.6909091,1.5328759999999997,23.173043399999997,1.0,1.0,1.0,1.0,none,0:1.0500|1:0.9300|2:1.0300|3:0.9400|4:0.9500|5:1.1000|6:0.8200|,Emine Aksoy:4:51799|Volkan Duman:6:19152,2404988,17,198450,2006,30,33.93269731759464,33.70373275039943,none,345925
Dengeli,22,2066,2016,10,1290,1082,208,4998,137,42,0,0,184,3218426,2082444,1118207,415276,90334,95750,105276,0,572,410999,10527517,6332540,42652,4152325,4152325,962774,60107169,117045,0,1078218,2199481,0,4.0,0.0,2.0,1.0,1.0,690.7991201612903,706.1363640000001,450.636364,448.89149558064514,683.826979548387,1.543772,21.484886193548387,1.0,1.0,1.0,1.0,none,0:1.0500|1:0.9300|2:1.0300|3:0.9400|4:0.9500|5:1.1000|6:0.8200|,Emine Aksoy:4:51799|Volkan Duman:6:19152,2115200,17,198450,2036,31,34.74390897910966,34.765932548555675,none,212549
Dengeli,22,2096,2016,11,1311,1101,210,5331,156,40,0,0,184,3487377,2255462,1213986,401880,87420,93322,102630,0,612,528122,11785459,8036483,41774,3707202,3707202,1052142,64674436,117045,0,1098063,2128530,0,4.0,0.0,2.0,1.0,1.0,690.7424242666667,712.272727,445.954545,447.39999993333333,688.7348485,1.555113,21.580343766666665,1.0,1.0,1.0,1.0,none,0:1.0500|1:0.9300|2:1.0300|3:0.9400|4:0.9500|5:1.1000|6:0.8200|,Emine Aksoy:4:51799|Volkan Duman:6:19152,2236620,19,198450,2067,30,34.81086214653592,35.43837335987406,none,329672
Dengeli,22,2127,2016,12,1357,1169,188,5452,124,76,0,0,154,3665605,2372390,1273399,415276,90334,97115,117490,0,714,552470,16201011,11909977,40884,4250150,4250150,1056192,72438284,125173,0,1119286,2205092,0,4.0,0.0,2.0,1.0,1.0,691.8401758709676,716.1363640000001,448.090909,447.45894458064515,692.6876832903225,1.566167,22.75294077419355,1.0,1.0,1.0,1.0,none,0:1.0500|1:0.9300|2:1.0300|3:0.9400|4:0.9500|5:1.1000|6:0.8200|,Emine Aksoy:4:51799|Volkan Duman:6:19152,2399034,20,212231,2097,31,34.73912219128902,35.232019673345526,none,340239
Dengeli,22,2158,2017,1,1284,1042,242,4963,154,80,0,0,203,3524669,2279478,1229596,430276,93806,97845,118358,0,923,488388,11213767,5381497,39980,5792290,5792290,1134520,76738849,125173,0,1140509,2373422,0,4.0,0.0,2.0,1.0,1.0,703.8782991612903,722.5,456.454545,452.90615832258067,698.6847505806452,1.577672,20.819299548387097,1.0,1.0,1.0,1.0,none,0:1.0500|1:0.9300|2:1.0300|3:0.9400|4:0.9500|5:1.1000|6:0.8200|,Emine Aksoy:4:55896|Volkan Duman:6:20667,2344516,20,212231,2128,31,34.8854317951558,35.15149628225637,none,276157
Dengeli,22,2186,2017,2,1173,982,191,4533,130,54,0,0,165,3275758,2110680,1147331,389088,84728,89497,108248,0,681,475089,9924571,5713119,39063,4172389,4172389,1000630,81227566,125173,0,1161732,2143736,0,4.0,0.0,2.0,1.0,1.0,709.8782467499999,731.5909089999999,458.06818182142854,456.33116875,708.7256492857143,1.597686,21.90777382142857,1.0,1.0,1.0,1.0,none,0:1.0500|1:0.9300|2:1.0300|3:0.9400|4:0.9500|5:1.1000|6:0.8200|,Emine Aksoy:4:55896|Volkan Duman:6:20667,2131576,21,212231,2159,28,35.02490110685832,35.472289238530806,none,262858
Dengeli,22,2217,2017,3,1313,1049,264,4940,159,50,0,0,222,3490247,2228560,1246645,430776,93806,100233,110205,0,1060,510565,18457932,13758383,38133,4661416,4661416,988468,92242885,125173,0,1182955,2373422,0,4.0,0.0,2.0,1.0,1.0,726.107038516129,739.772727,466.82551351612904,463.6480938387097,715.5791788387097,1.61598,20.198403322580642,1.0,1.0,1.0,1.0,none,0:1.0500|1:0.9300|2:1.0300|3:0.9400|4:0.9500|5:1.1000|6:0.8200|,Emine Aksoy:4:55896|Volkan Duman:6:20667,2271414,22,212231,2187,31,35.717959216066944,35.70844396851837,none,298334
Dengeli,22,2247,2017,4,1348,1121,227,5270,158,47,0,0,188,3757712,2430299,1301466,416880,90780,98230,108000,0,1523,586053,21869753,14582917,0,7286836,5781525,1029894,101789448,125173,0,1204178,2296860,0,4.0,0.0,2.0,1.0,1.0,726.7272725666667,749.3181820000001,470.19393933333333,468.4606060666667,722.6121213,1.636479,20.926074033333332,1.0,1.0,1.0,1.0,none,0:1.0500|1:0.9300|2:1.0300|3:0.9400|4:0.9500|5:1.1000|6:0.8200|,Emine Aksoy:4:55896|Volkan Duman:6:20667,2423220,22,212231,2218,30,34.63453292854801,35.29980818351634,none,373822
Dengeli,22,2278,2017,5,1402,1134,268,5235,205,27,0,0,231,3715987,2328533,1362804,430776,93806,102745,112964,0,616,621897,21270928,14973380,53107,6244441,7749752,1019172,104283869,125173,0,1225401,2373422,0,4.0,0.0,2.0,1.0,1.0,746.7228737741935,758.6363640000001,467.363636,468.17888558064516,733.1730203870968,1.656565,19.350056741935486,1.0,1.0,1.0,1.0,none,0:1.0500|1:0.9300|2:1.0300|3:0.9400|4:0.9500|5:1.1000|6:0.8200|,Emine Aksoy:4:55896|Volkan Duman:6:20667,2384940,23,212231,2248,31,36.67407878445215,37.411367400896154,none,409666
Dengeli,22,2308,2017,6,1383,1149,234,5559,100,60,0,0,210,3652745,2292113,1339293,416880,90780,100691,127320,0,3977,599645,20931311,14562662,52445,6316204,6316204,1005738,103991296,134926,0,1248277,2303012,0,4.0,0.0,2.0,1.0,1.0,746.3863636,767.727273,471.87272726666663,470.0000000666667,745.4848485,1.677579,20.961631066666666,1.0,1.0,1.0035714,0.9989285999999999,0,0:1.0500|1:0.9300|2:1.0300|3:0.9400|4:0.9500|5:1.1000|6:0.8200|,Emine Aksoy:4:55896|Volkan Duman:6:20667,2314224,24,228769,2279,30,36.66538452588396,36.77902621496036,none|0,370876
Dengeli,22,2339,2017,7,1453,1219,234,6095,108,23,0,0,212,3842337,2476938,1344434,448776,97991,105319,133176,0,2666,556506,22469889,14327567,51770,8090552,8090552,1195206,115278272,134926,0,1271153,2564134,0,4.0,0.0,2.0,1.0,1.0,755.8504398064516,777.045455,499.9428153548387,488.5234604193549,751.124633419355,1.698169,21.836639677419356,1.0,1.0,1.2183179999999998,0.9345045806451613,0,0:1.0500|1:0.9200|2:1.0300|3:0.9300|4:0.9400|5:1.1000|6:0.8200|,Emine Aksoy:4:60388|Volkan Duman:6:22327,2579726,24,228769,2309,31,34.990007383527264,33.856912819570816,0,327737
Dengeli,22,2370,2017,8,1531,1277,254,6627,160,22,0,0,231,4398135,2919917,1457720,449376,97991,106653,134881,0,5335,663484,23667002,16476187,51081,7139734,7139734,1382406,122879945,134926,0,1294029,2564134,0,4.0,0.0,2.0,1.0,1.0,757.9545454193548,787.045455,508.545455,505.045454516129,752.9633430645162,1.719711,23.94629864516129,1.0,1.0,1.25,0.925,0,0:1.0500|1:0.9200|2:1.0300|3:0.9300|4:0.9400|5:1.1000|6:0.8200|,Emine Aksoy:4:60388|Volkan Duman:6:22327,2895792,24,228769,2340,31,33.14404855694516,32.9055471633017,0,434715
Dengeli,22,2400,2017,9,1402,1160,242,5387,136,70,0,0,218,4108668,2750392,1314447,434880,94830,104533,114930,0,2667,562607,22629049,14636126,50377,7942546,7942546,1423424,126160977,134926,0,1316905,2481420,0,4.0,0.0,2.0,1.0,1.0,772.2045456666667,797.727273,518.818182,514.6530303333334,767.5939394666667,1.741526,21.6860847,1.0,1.0,1.25,0.925,0,0:1.0500|1:0.9300|2:1.0300|3:0.9400|4:0.9500|5:1.1000|6:0.8200|,Emine Aksoy:4:60388|Volkan Duman:6:22327,2796902,24,228769,2371,30,31.992047057586547,32.813373747743334,0,333838
Dengeli,22,2431,2017,10,1422,1164,258,5490,202,57,0,0,225,4122201,2762759,1334998,449376,97991,109351,120218,0,1061,557001,27271369,17901093,49660,9320616,9320616,1247520,131703329,134926,0,1339781,2564134,0,4.0,0.0,2.0,1.0,1.0,786.8914954838709,806.818182,531.545455,527.0659823870967,777.5879766129033,1.762901,20.304497064516127,1.0,1.0,1.25,0.925,0,0:1.0500|1:0.9300|2:1.0300|3:0.9400|4:0.9500|5:1.1000|6:0.8200|,Emine Aksoy:4:60388|Volkan Duman:6:22327,2846724,25,228769,2401,31,32.38556295532411,32.44996825475347,0,328232
Dengeli,22,2461,2017,11,1319,1081,238,4833,167,50,0,0,204,3664799,2465056,1183956,434880,94830,107173,117840,0,1096,428137,28580121,19934720,49906,8595495,8595495,1141554,148673556,134926,0,1362657,2481420,0,4.0,0.0,2.0,1.0,1.0,800.4545456333333,817.272727,543.409091,538.2045455,791.2515151333333,1.785264,20.278555700000002,1.0,1.0,1.25,0.925,0,0:1.0500|1:0.9300|2:1.0300|3:0.9400|4:0.9500|5:1.1000|6:0.8200|,Emine Aksoy:4:60388|Volkan Duman:6:22327,2509188,25,228769,2432,30,32.30616467642564,32.11243611964931,0,199368
Dengeli,22,2492,2017,12,1413,1169,244,5465,216,83,0,0,197,4619993,3153535,1435217,449376,97991,112080,135563,0,1145,639062,27431742,17280215,49284,10102243,8369959,1322442,153131121,144680,0,1387187,2569524,0,4.0,0.0,2.0,1.0,1.0,809.0982407096774,827.272727,549.5073315161289,546.8709677741936,801.0997068387097,1.807175,20.30449293548387,0.9580645161290322,0.9580645161290322,1.2479032258064517,0.897454870967742,1,0:1.0500|1:0.9300|2:1.0300|3:0.9400|4:0.9500|5:1.1000|6:0.8200|,Emine Aksoy:4:60388|Volkan Duman:6:22327,3240086,26,245306,2462,31,31.0653500990153,32.08397894498642,0|1,393756
Dengeli,22,2523,2018,1,1238,980,258,4596,297,45,0,0,203,3959947,2693112,1235375,467376,102176,113498,137299,0,4140,410886,18427328,10677342,48650,7701336,9433620,1294088,156985629,144680,0,1411717,2731224,0,4.0,0.0,2.0,1.0,1.0,823.9076247419355,837.5,557.2521993870968,553.7741935806451,810.3680351935484,1.8301,19.148320612903227,0.9,0.9,1.2266666774193549,0.7907742903225806,1,0:1.0500|1:0.9300|2:1.0300|3:0.9400|4:0.9500|5:1.1000|6:0.8200|,Emine Aksoy:4:64322|Volkan Duman:6:23782,2721802,27,245306,2493,31,31.196755916177665,32.36472358638028,1,165580
Dengeli,22,2551,2018,2,1128,884,244,4025,209,82,0,0,203,3451560,2303567,1129570,422688,92288,103579,125300,0,4434,381281,19582933,9286248,48002,10248683,10248683,1127556,161009344,144680,0,1436247,2466912,0,4.0,0.0,2.0,1.0,1.0,827.0779219285714,846.5909089999999,544.2224026785714,548.6152597500001,819.9886362857143,1.849195,20.194198285714286,0.9,0.9,1.2020833214285713,0.8,1,0:1.0500|1:0.9300|2:1.0300|3:0.9400|4:0.9500|5:1.1000|6:0.8200|,Emine Aksoy:4:64322|Volkan Duman:6:23782,2326766,27,245306,2524,28,32.72636141338989,34.19937973805909,1,135975
Dengeli,22,2582,2018,3,1298,1046,252,4739,246,45,0,0,213,3724294,2457805,1243142,467976,102176,115762,127317,0,2907,427004,30411195,21792065,47341,8571789,8571789,999694,177564486,144680,0,1460777,2731224,0,4.0,0.0,2.0,1.0,1.0,832.6173019032258,854.318182,552.5073313225806,549.9912023870968,828.9604105161291,1.866614,20.414465258064517,0.9,0.9,1.1775,0.8,1,0:1.0500|1:0.9300|2:1.0300|3:0.9400|4:0.9500|5:1.1000|6:0.8200|,Emine Aksoy:4:64322|Volkan Duman:6:23782,2453966,28,245306,2552,31,33.37926597631659,33.642103033453665,1,181698
Dengeli,22,2612,2018,4,1277,1034,243,4553,203,28,0,0,216,3637552,2367766,1244116,452880,98880,113198,124470,0,2580,452108,31369578,18725471,46667,12597440,12597440,1031430,182276814,144680,0,1485307,2643120,0,4.0,0.0,2.0,1.0,1.0,846.8106059333334,863.863636,554.0030302666667,552.6287877333333,842.0818181666667,1.886091,20.6435128,0.9,0.9,1.1520833333333333,0.8,1,0:1.0500|1:0.9300|2:1.0300|3:0.9400|4:0.9500|5:1.1000|6:0.8200|,Emine Aksoy:4:64322|Volkan Duman:6:23782,2444320,29,245306,2583,30,34.202012782222766,34.57769347892633,1,206802
Dengeli,22,2643,2018,5,1334,1058,276,4749,232,47,0,0,226,3850901,2498315,1336532,467976,102176,118150,129921,0,3252,515057,39672871,27561961,45979,12064931,12064931,1143504,205671476,144680,0,1509837,2731224,0,4.0,0.0,2.0,1.0,1.0,852.9545455806451,871.590909,552.885630483871,553.1480938387097,847.4134897419355,1.905133,19.704638774193548,0.9,0.9,1.126666677419355,0.8,1,0:1.0500|1:0.9300|2:1.0300|3:0.9400|4:0.9500|5:1.1000|6:0.8200|,Emine Aksoy:4:64322|Volkan Duman:6:23782,2440224,30,245306,2613,31,34.706994544912995,35.17994207915306,1,269751
Dengeli,22,2673,2018,6,1329,1061,268,5177,214,29,0,0,227,3738820,2384528,1319356,452880,98880,115539,146100,0,3436,502521,35952260,24149879,45277,11757104,11757104,1041218,211088467,154434,0,1536021,2648951,0,4.0,0.0,2.0,1.0,1.0,856.4924242,880.909091,549.7015152,549.9484848333334,851.1954545666666,1.925011,20.573162,0.9,0.9,1.10125,0.8,1,0:1.0500|1:0.9300|2:1.0300|3:0.9400|4:0.9500|5:1.1000|6:0.8200|,Emine Aksoy:4:64322|Volkan Duman:6:23782,2424656,32,261844,2644,30,35.28803205289369,35.81945389494316,1,240677
Dengeli,22,2704,2018,7,1358,1093,265,5165,222,30,0,0,228,3883185,2484769,1381167,541176,118775,120599,152489,0,48682,399446,39753186,23631714,44560,16076912,16076912,1015412,221866063,154434,0,1562205,2911985,0,3.967741935483871,0.0,2.0,0.967741935483871,1.0,869.5087977096774,889.772727,562.8929618709677,558.5087977096774,860.4105571612903,1.944446,19.858687322580646,0.9,0.9,1.0758333225806451,0.8,1,0:1.0500|1:0.9300|2:1.0300|3:0.9400|4:0.9500|5:1.1000|6:0.8200|,Emine Aksoy:4:68579|Volkan Duman:6:25356,2539460,33,261844,2674,31,35.56789079067827,35.263109084847514,1,137602
Dengeli,22,2735,2018,8,1335,1061,274,5320,201,14,0,0,237,3961947,2539848,1406033,568726,124837,121840,154101,0,4439,432090,49834150,35846896,43829,13943425,13943425,1237858,235820347,154434,0,1588389,2911985,0,4.0,0.0,2.0,1.0,1.0,877.7492669354839,899.090909,566.4134897419355,564.2976538064516,868.065982516129,1.964735,20.174019451612903,0.9,0.9,1.0499999999999998,0.8,1,0:1.0500|1:0.9300|2:1.0300|3:0.9400|4:0.9500|5:1.1000|6:0.8200|,Emine Aksoy:4:68579|Volkan Duman:6:25356,2568734,34,261844,2705,31,35.48843535766632,35.46978492850535,1,170246
Dengeli,22,2765,2018,9,1337,1069,268,4665,195,44,0,0,233,3815895,2486942,1299308,550380,120810,119141,131040,0,4768,373169,58751465,37792784,43083,20915598,16398792,1050076,259098050,154434,0,1614573,2818050,0,4.0,0.0,2.0,1.0,1.0,873.9318179666667,908.1818179999999,572.2075758333334,569.5499999333333,868.7424242333333,1.985235,21.8325632,0.9,0.9,1.0245833333333334,0.8,1,0:1.0500|1:0.9250|2:1.0300|3:0.9350|4:0.9450|5:1.1000|6:0.8200|,Emine Aksoy:4:68579|Volkan Duman:6:25356,2528028,35,261844,2736,30,34.04988868928521,34.52491784031161,1,111325
Dengeli,22,2796,2018,10,1363,1079,284,4980,260,62,0,0,234,4315282,2799731,1495106,568726,124837,124382,136772,0,2412,537977,51957639,36102857,42322,15812460,20329266,1340308,262159514,154434,0,1640757,2911985,0,4.0,0.0,2.0,1.0,1.0,884.2888562258064,916.818182,572.505865,571.4017595806451,878.3005864838709,2.005278,20.790278451612906,0.9,0.9,1.0028225806451612,0.8,1,0:1.0500|1:0.9300|2:1.0300|3:0.9400|4:0.9500|5:1.1000|6:0.8200|,Emine Aksoy:4:68579|Volkan Duman:6:25356,2855962,37,261844,2766,31,34.64677395359098,35.258048207970575,1,276133
Dengeli,22,2826,2018,11,1385,1112,273,5334,166,36,0,0,243,4622523,2949408,1649772,550380,120810,121601,133740,0,4003,719238,62483364,43082342,41545,19359477,19359477,1367388,297258092,154434,0,1666941,2818050,0,4.0,0.0,2.0,1.0,1.0,885.9015151666666,927.045455,560.909091,564.5060606333334,886.2606061,2.026201,23.0663852,0.9433333333333334,0.9433333333333334,1.0,0.8173333333333334,none,0:1.0500|1:0.9200|2:1.0300|3:0.9300|4:0.9400|5:1.1000|6:0.8200|,Emine Aksoy:4:68579|Volkan Duman:6:25356,2885512,38,261844,2797,30,35.689860277601646,36.684938291986676,1|none,457394
Dengeli,22,2857,2018,12,1440,1150,290,5539,166,66,0,0,266,5014242,3175246,1816251,568726,124837,126926,153543,0,9780,832439,85492384,57040513,40752,28411119,28411119,1557134,326373426,162562,0,1694503,2916779,0,4.0,0.0,2.0,1.0,1.0,893.306451548387,936.590909,565.7214079032258,564.2360704516129,895.2272727419355,2.046658,23.251433774193547,1.0,1.0,1.0,0.9670967741935484,none,0:1.0500|1:0.9200|2:1.0300|3:0.9300|4:0.9400|5:1.1000|6:0.8200|,Emine Aksoy:4:68579|Volkan Duman:6:25356,3230362,39,275625,2827,31,36.22184569472315,36.67107106159943,none,556814
Dengeli,22,2888,2019,1,1491,1212,279,6016,147,97,0,0,253,5535954,3569015,1934707,583726,128340,128250,155155,0,5418,933818,70735116,48145245,39943,22549928,22549928,1525728,362387560,162562,0,1722065,3060599,0,4.0,0.0,2.0,1.0,1.0,904.2228741612903,946.3636359999999,585.590909,579.970674548387,903.3680351935484,2.068013,22.661219709677418,1.0,1.0,1.0,1.0,2,0:1.0500|1:0.9300|2:1.0300|3:0.9400|4:0.9500|5:1.1000|6:0.8200|,Emine Aksoy:4:72079|Volkan Duman:6:26650,3607242,41,275625,2858,31,34.9480324439112,35.23821109445352,none|2,658193
Dengeli,22,2916,2019,2,1268,1027,241,5051,161,62,0,0,210,4926012,3135249,1768967,527688,115920,116790,141260,0,15983,851326,80210882,57325489,39118,22846275,22846275,1358562,364147489,162562,0,1749627,2764412,0,4.0,0.0,2.0,1.0,1.0,914.3344154285714,954.0909089999999,581.045455,581.8344157142857,910.3896105357143,2.084821,22.193723785714287,1.0,1.0,1.0,1.0,2,0:1.0500|1:0.9300|2:1.0300|3:0.9400|4:0.9500|5:1.1000|6:0.8200|,Emine Aksoy:4:72079|Volkan Duman:6:26650,3205872,43,275625,2889,28,35.91073265757371,36.45153838733617,2,575701
Dengeli,22,2947,2019,3,1099,914,185,4571,110,13,0,0,167,4270813,2686408,1564793,584226,128340,130234,143220,0,15416,563357,61839401,33957657,38276,27843468,21204707,1181500,384658882,162562,0,1777189,3060599,0,4.0,0.0,2.0,1.0,1.0,930.7184750322581,962.045455,591.8636359999999,588.1422287741937,925.5322581290322,2.10012,20.547259,1.0,1.0,1.0,1.0,2,0:1.0500|1:0.9300|2:1.0300|3:0.9400|4:0.9500|5:1.1000|6:0.8200|,Emine Aksoy:4:72079|Volkan Duman:6:26650,2750294,44,275625,2917,31,36.63923004823672,36.407877153240534,2,287732
Dengeli,22,2977,2019,4,970,790,180,3812,109,11,0,0,172,3446567,2170424,1258951,565380,124200,127054,139740,0,12934,289643,53898692,32542859,37416,21318417,27957178,1041898,395404540,162562,0,1804751,2961870,0,4.0,0.0,2.0,1.0,1.0,939.5303031333333,969.090909,595.5,592.7893940333332,930.1999999,2.117189,19.884661100000002,1.0,1.0,1.0,1.0,2,0:1.0500|1:0.9300|2:1.0300|3:0.9400|4:0.9500|5:1.1000|6:0.8200|,Emine Aksoy:4:72079|Volkan Duman:6:26650,2160958,46,275625,2948,30,36.52768102288451,36.61726524264223,2,14018
Dengeli,22,3008,2019,5,1231,977,254,4929,117,24,0,0,234,4616348,2903083,1683284,584226,128340,132342,145514,0,21991,670871,97870412,69126022,36540,28707850,28707850,1319942,437157500,162562,0,1832313,3060599,0,4.0,0.0,2.0,1.0,1.0,937.6246331290323,976.590909,589.318182,590.8123167096775,930.9032257419354,2.13384,21.200174677419355,1.0,1.0,1.0,1.0,2,0:1.0500|1:0.9300|2:1.0300|3:0.9400|4:0.9500|5:1.1000|6:0.8200|,Emine Aksoy:4:72079|Volkan Duman:6:26650,2945254,48,275625,2978,31,36.463542176629666,37.147749624139806,2,395246
Dengeli,22,3038,2019,6,1079,868,211,4462,109,9,0,0,193,3808372,2420376,1362207,565380,124200,129094,163260,0,11176,369097,87127543,52132475,35645,34959423,27542289,1192450,471891844,170690,0,1861253,2966985,0,4.0,0.0,2.0,1.0,1.0,951.4621211666667,984.3181820000001,616.5,606.6212121333333,944.5954545000001,2.151183,19.000318766666666,1.0,1.0,1.0,1.0,2,0:1.0500|1:0.9300|2:1.0300|3:0.9400|4:0.9500|5:1.1000|6:0.8200|,Emine Aksoy:4:72079|Volkan Duman:6:26650,2492392,50,289406,3009,30,35.76874843108814,35.204987536018976,2,79691
Dengeli,22,3069,2019,7,1157,920,237,4480,81,18,0,0,221,3867819,2459865,1392541,599226,131812,134451,170035,0,11116,345901,88892496,60712273,34732,28145491,35562625,1011480,469365283,170690,0,1890193,3219164,0,4.0,0.0,2.0,1.0,1.0,951.898827,992.5,602.454545,606.6480938709677,949.516129032258,2.1681009999999996,20.005487096774196,1.0,1.0,1.0,1.0,2,0:1.0500|1:0.9300|2:1.0300|3:0.9400|4:0.9500|5:1.1000|6:0.8200|,Emine Aksoy:4:75814|Volkan Duman:6:28030,2446284,52,289406,3039,31,36.00326178655206,36.710233492072575,2,56495
Dengeli,22,3100,2019,8,1211,960,251,5042,100,16,0,0,237,4018152,2527616,1460541,599726,131812,135537,171430,0,15767,406269,124831724,91441255,33800,33356669,33356669,1164100,523475807,170690,0,1919133,3219164,0,4.0,0.0,2.0,1.0,1.0,960.1906159354838,1000.909091,606.090909,605.2844573870968,954.5498533225806,2.185722,21.35114538709677,1.0,1.0,1.0,1.0,2,0:1.0500|1:0.9200|2:1.0300|3:0.9300|4:0.9400|5:1.1000|6:0.8200|,Emine Aksoy:4:75814|Volkan Duman:6:28030,2567056,54,289406,3070,31,36.34857516589716,36.87806369472748,2,116863
Dengeli,22,3130,2019,9,1100,854,246,4329,121,28,0,0,219,4149257,2600155,1517241,580380,127560,132245,145440,0,9277,522339,127138844,82188911,32849,44917084,44917084,1217246,563047152,170690,0,1948073,3115320,0,4.0,0.0,2.0,1.0,1.0,972.9621209666667,1008.863636,616.5606064,612.3909090333333,968.6636364666666,2.203487,19.274366566666668,1.0,1.0,1.0,1.0,2,0:1.0500|1:0.9300|2:1.0300|3:0.9400|4:0.9500|5:1.1000|6:0.8200|,Emine Aksoy:4:75814|Volkan Duman:6:28030,2660088,56,289406,3101,30,36.566570834248154,36.63056422099673,2,232933
Dengeli,22,3161,2019,10,1125,909,216,4385,117,9,0,0,198,4170388,2636985,1501053,599726,131812,137738,151466,0,12162,468149,105921704,74710367,31879,31179458,31179458,1203392,552402257,170690,0,1977013,3219164,0,4.0,0.0,2.0,1.0,1.0,978.042522032258,1016.1363640000001,621.960410451613,619.4120233870967,978.9090910322581,2.220816,19.437444806451612,1.0,1.0,1.0,1.0,2,0:1.0500|1:0.9300|2:1.0300|3:0.9400|4:0.9500|5:1.1000|6:0.8200|,Emine Aksoy:4:75814|Volkan Duman:6:28030,2627594,59,289406,3131,31,35.99312581946812,36.407630911665066,2,178743
Dengeli,22,3191,2019,11,1031,803,228,3907,108,23,0,0,210,3747424,2359205,1362705,580380,127560,134375,147780,0,12835,359775,76309328,42021939,30889,34256500,34256500,980718,595079387,170690,0,2005953,3417427,0,4.0,0.0,2.0,1.0,1.0,992.7575758333334,1024.545455,629.636364,625.4469696666667,987.1530302666666,2.238867,19.565320666666665,1.0,1.0,1.0,1.0,2,0:1.0500|1:0.9300|2:1.0300|3:0.9400|4:0.9500|5:1.1000|6:0.8200|,Emine Aksoy:4:75814|Volkan Duman:6:28030|Tuncay Bozkurt:1:23238,2463408,61,289406,3162,30,36.36377949225922,36.577027531472105,2,70369
Dengeli,22,3222,2019,12,892,694,198,3241,146,13,0,0,178,3548247,2254978,1274065,599726,131812,139940,169291,0,11100,222196,92113582,48917462,29879,43166241,43166241,976660,613145443,186946,0,2037649,4000161,0,4.0,0.0,2.0,1.0,1.0,994.582111483871,1032.954545,633.181818,630.1539589032258,991.2565983548386,2.256474,18.46560658064516,1.0,1.0,1.0,1.0,2,0:1.0500|1:0.9300|2:1.0300|3:0.9400|4:0.9500|5:1.1000|6:0.8200|,Emine Aksoy:4:75814|Volkan Duman:6:28030|Tuncay Bozkurt:1:23238|Meltem Erdoğan:1:22948,2257264,64,316969,3192,31,35.906885850956826,36.33689861410018,2,-94773
Dengeli,22,3253,2020,1,1050,804,246,3983,112,37,0,0,229,4192857,2659965,1499829,629726,138787,141121,170655,0,11832,407708,100198632,62457050,28848,37712734,37712734,1268114,660489474,186946,0,2069345,6469797,0,4.0,0.0,2.0,1.0,1.0,1004.0542523548387,1040.681818,635.318182,632.821114451613,1002.5234603548387,2.274814,19.247094451612906,1.0,1.0,1.0,1.0,2,0:1.0500|1:0.9300|2:1.0300|3:0.9400|4:0.9500|5:1.1000|6:0.8200|,Emine Aksoy:4:83239|Volkan Duman:6:30776|Tuncay Bozkurt:1:25514|Meltem Erdoğan:1:25195|Gamze Öztürk:1:22324|Onur Korkmaz:2:43851|İbrahim Tekin:1:21208,2686742,67,316969,3223,31,35.77105062252302,36.724715770092196,2,90739
Dengeli,22,3282,2020,2,874,656,218,3266,117,8,0,0,198,3614981,2256286,1330481,590034,129833,134076,162139,0,11168,303231,61589045,28553905,27796,33007344,33007344,996714,663210819,186946,0,2101041,8175371,0,4.0,0.0,2.0,1.0,1.0,1028.0956113448276,1057.5,645.1363639999998,640.2711599310344,1019.4514106896552,2.310313,17.93812351724138,1.0,1.0,1.0,1.0,2,0:1.0500|1:0.9300|2:1.0300|3:0.9400|4:0.9500|5:1.1000|6:0.8200|,Emine Aksoy:4:83239|Volkan Duman:6:30776|Tuncay Bozkurt:1:25514|Meltem Erdoğan:1:25195|Gamze Öztürk:1:22324|Onur Korkmaz:2:43851|İbrahim Tekin:1:21208|Yusuf Taş:1:22643|Mehmet Taş:1:25035|Halil Taş:2:43533,2339470,71,316969,3254,29,36.80464710602905,37.24938061391856,2,-13738
Dengeli,22,3313,2020,3,877,662,215,3447,85,12,0,0,202,3591061,2222757,1346864,630726,138787,145401,159867,0,14075,258008,54187480,12898870,26722,41261888,41261888,1295100,675463406,186946,0,2132737,10868182,0,4.0,0.0,2.0,1.0,1.0,1038.1304986451612,1072.954545,643.045455,642.3724340322581,1031.2947214516128,2.344024,18.980364774193546,1.0,1.0,1.0,1.0,2,0:1.0500|1:0.9300|2:1.0300|3:0.9400|4:0.9500|5:1.1000|6:0.8200|,Emine Aksoy:4:83239|Volkan Duman:6:30776|Tuncay Bozkurt:1:25514|Meltem Erdoğan:1:25195|Gamze Öztürk:1:22324|Onur Korkmaz:2:43851|İbrahim Tekin:1:21208|Yusuf Taş:1:22643|Mehmet Taş:1:25035|Halil Taş:2:43533|Yusuf Özkan:1:25035,2235300,75,316969,3283,31,37.50601841628421,38.057358314853204,2,-58961
Dengeli,22,3343,2020,4,1202,879,323,4233,115,18,0,0,301,4399593,2702512,1674213,610380,134310,142902,157110,0,9444,620067,155601749,107394914,25627,48181208,48181208,1076030,739509862,186946,0,2164433,11050620,0,4.0,0.0,2.0,1.0,1.0,1053.1666666666667,1090.0,651.636364,647.6863636333333,1051.2439394,2.380603,18.80227196666667,1.0,1.0,1.0,1.0,none,0:1.0500|1:0.9300|2:1.0300|3:0.9400|4:0.9500|5:1.1000|6:0.8200|,Emine Aksoy:4:83239|Volkan Duman:6:30776|Tuncay Bozkurt:1:25514|Meltem Erdoğan:1:25195|Gamze Öztürk:1:22324|Onur Korkmaz:2:43851|İbrahim Tekin:1:21208|Yusuf Taş:1:22643|Mehmet Taş:1:25035|Halil Taş:2:43533|Yusuf Özkan:1:25035,2545832,74,316969,3314,30,38.05381543247296,38.125998037664196,2|none,303098
Dengeli,22,3374,2020,5,1280,973,307,4736,140,22,0,0,284,4887779,3002979,1854390,630726,138787,149899,164796,0,14155,756027,145622626,86897559,24510,58700557,47129464,1373166,808630568,186946,0,2196129,11735976,0,4.0,0.0,2.0,1.0,1.0,1075.777126064516,1106.363636,665.909091,660.199413548387,1067.6803518709678,2.416546,18.23256048387097,1.0,1.0,1.0,1.0,none,0:1.0500|1:0.9300|2:1.0300|3:0.9400|4:0.9500|5:1.1000|6:0.8200|,Emine Aksoy:4:83239|Volkan Duman:6:30776|Tuncay Bozkurt:1:25514|Meltem Erdoğan:1:25195|Gamze Öztürk:1:22324|Onur Korkmaz:2:43851|İbrahim Tekin:1:21208|Yusuf Taş:1:22643|Mehmet Taş:1:25035|Halil Taş:2:43533|Yusuf Özkan:1:25035|Sevgi Uçar:1:22643,3086310,77,316969,3344,31,37.939317632814415,38.09971648718023,none,439058
Dengeli,22,3404,2020,6,1242,931,311,4715,144,11,0,0,291,4407749,2663089,1710165,610380,134310,147344,186270,0,13533,618328,120040789,74055991,23369,45961429,57532522,1317500,842672106,204829,0,2230858,16063374,0,4.0,0.0,2.0,1.0,1.0,1099.4242424666666,1123.6363640000002,675.954545,670.9621211666667,1083.8893939333334,2.454257,17.281072233333337,1.0,1.0,1.0,1.0,none,0:1.0500|1:0.9300|2:1.0300|3:0.9400|4:0.9500|5:1.1000|6:0.8200|,Emine Aksoy:4:83239|Volkan Duman:6:30776|Tuncay Bozkurt:1:25514|Meltem Erdoğan:1:25195|Gamze Öztürk:1:22324|Onur Korkmaz:2:43851|İbrahim Tekin:1:21208|Yusuf Taş:1:22643|Mehmet Taş:1:25035|Halil Taş:2:43533|Yusuf Özkan:1:25035|Sevgi Uçar:1:22643|Bülent Aydın:1:25195|Serkan Tekin:2:41938|Songül Erdoğan:1:21527|Pınar Öztürk:2:47041|Özlem Öztürk:3:69366|Sevgi Duman:1:25514,2758138,81,347287,3375,30,38.79905593535385,38.51740584840757,none,271041
Dengeli,22,3435,2020,7,1358,1030,328,5294,89,9,0,0,317,4825789,3043843,1762515,663726,146475,154550,195393,0,13759,588612,115862871,71866118,22205,43974548,43974548,1558154,891723522,204829,0,2265587,21846690,0,4.0,0.0,2.0,1.0,1.0,1091.510264096774,1140.681818,702.0,690.5659823870967,1097.4545453548387,2.491312,20.85201,0.9790322580645161,0.9790322580645161,1.0,0.9865207419354838,3,0:1.0500|1:0.9300|2:1.0300|3:0.9400|4:0.9500|5:1.1000|6:0.8200|,Emine Aksoy:4:91479|Volkan Duman:6:33822|Tuncay Bozkurt:1:28039|Meltem Erdoğan:1:27689|Gamze Öztürk:1:24534|Onur Korkmaz:2:48193|İbrahim Tekin:1:23308|Yusuf Taş:1:24885|Mehmet Taş:1:27513|Halil Taş:2:47842|Yusuf Özkan:1:27513|Sevgi Uçar:1:24885|Bülent Aydın:1:27689|Serkan Tekin:2:46089|Songül Erdoğan:1:23658|Pınar Öztürk:2:51697|Özlem Öztürk:3:76233|Sevgi Duman:1:28039|Levent Yılmaz:1:28039|Fatma Aksoy:1:27513,3073824,87,347287,3405,31,36.522835954908096,35.68544217209852,none|3,241325
Dengeli,22,3466,2020,8,1368,1047,321,5260,125,20,0,0,304,4881337,3055636,1791406,664826,146475,156939,198431,0,17933,606802,106699875,49715671,21018,56963186,56963186,1429882,908928897,204829,0,2300316,23642602,0,4.0,0.0,2.0,1.0,1.0,1107.243401516129,1158.409091,700.318182,699.114369483871,1111.9560117096773,2.5301889999999996,20.979124483870965,0.95,0.95,1.0,0.9251728064516129,3,0:1.0500|1:0.9300|2:1.0300|3:0.9400|4:0.9500|5:1.1000|6:0.8200|,Emine Aksoy:4:91479|Volkan Duman:6:33822|Tuncay Bozkurt:1:28039|Meltem Erdoğan:1:27689|Gamze Öztürk:1:24534|Onur Korkmaz:2:48193|İbrahim Tekin:1:23308|Yusuf Taş:1:24885|Mehmet Taş:1:27513|Halil Taş:2:47842|Yusuf Özkan:1:27513|Sevgi Uçar:1:24885|Bülent Aydın:1:27689|Serkan Tekin:2:46089|Songül Erdoğan:1:23658|Pınar Öztürk:2:51697|Özlem Öztürk:3:76233|Sevgi Duman:1:28039|Levent Yılmaz:1:28039|Fatma Aksoy:1:27513|Dilek Kocabaş:1:24009|Ahmet Kaya:1:26988,3066940,93,347287,3436,31,36.69908469749169,36.75119842294237,3,259515
Dengeli,22,3496,2020,9,1291,990,301,5115,158,28,0,0,278,5442183,3406928,1993460,643380,141750,154248,169590,0,17414,867078,126840588,75925385,0,50915203,50915203,1699028,905705233,204829,0,2335045,27480688,0,4.0,0.0,2.0,1.0,1.0,1121.5227275333334,1176.3636359999998,698.409091,698.9409091333333,1125.4030303333334,2.569674,21.502232499999998,0.95,0.95,1.0,0.925,3,0:1.0500|1:0.9300|2:1.0300|3:0.9400|4:0.9500|5:1.1000|6:0.8200|,Emine Aksoy:4:91479|Volkan Duman:6:33822|Tuncay Bozkurt:1:28039|Meltem Erdoğan:1:27689|Gamze Öztürk:1:24534|Onur Korkmaz:2:48193|İbrahim Tekin:1:23308|Yusuf Taş:1:24885|Mehmet Taş:1:27513|Halil Taş:2:47842|Yusuf Özkan:1:27513|Sevgi Uçar:1:24885|Bülent Aydın:1:27689|Serkan Tekin:2:46089|Songül Erdoğan:1:23658|Pınar Öztürk:2:51697|Özlem Öztürk:3:76233|Sevgi Duman:1:28039|Levent Yılmaz:1:28039|Fatma Aksoy:1:27513|Dilek Kocabaş:1:24009|Ahmet Kaya:1:26988|Sevgi Şimşek:1:25937|Yasemin Akgül:2:48018|Ebru Er:3:72902|Nesrin Kaya:1:26638,3452124,99,347287,3467,30,36.629786245703244,37.72671084998211,3,519791
Dengeli,22,3527,2020,10,1370,1031,339,4990,177,27,0,0,302,5177400,3235855,1910478,664826,146475,161808,177909,0,12885,746575,134984933,81594566,21851,53368516,53368516,1547336,981335365,204829,0,2369774,29857743,0,4.0,0.0,2.0,1.0,1.0,1148.5263930967742,1193.863636,729.909091,718.895894483871,1146.7800586451613,2.608471,19.513340967741936,0.95,0.95,1.0,0.925,3,0:1.0500|1:0.9300|2:1.0300|3:0.9400|4:0.9500|5:1.1000|6:0.8200|,Emine Aksoy:4:91479|Volkan Duman:6:33822|Tuncay Bozkurt:1:28039|Meltem Erdoğan:1:27689|Gamze Öztürk:1:24534|Onur Korkmaz:2:48193|İbrahim Tekin:1:23308|Yusuf Taş:1:24885|Mehmet Taş:1:27513|Halil Taş:2:47842|Yusuf Özkan:1:27513|Sevgi Uçar:1:24885|Bülent Aydın:1:27689|Serkan Tekin:2:46089|Songül Erdoğan:1:23658|Pınar Öztürk:2:51697|Özlem Öztürk:3:76233|Sevgi Duman:1:28039|Levent Yılmaz:1:28039|Fatma Aksoy:1:27513|Dilek Kocabaş:1:24009|Ahmet Kaya:1:26988|Sevgi Şimşek:1:25937|Yasemin Akgül:2:48018|Ebru Er:3:72902|Nesrin Kaya:1:26638,3276300,100,347287,3497,31,36.90033607602271,36.44820916723172,3,399288
Dengeli,22,3557,2020,11,1163,864,299,4065,207,23,0,0,255,4609024,2915680,1661830,643380,141750,159020,174840,0,13052,529788,122501550,57838200,21591,64641759,64641759,1396416,1002752459,204829,0,2404503,29725967,0,4.0,0.0,2.0,1.0,1.0,1169.5303032333331,1212.5,746.545455,738.690909,1160.7439393,2.649177,18.267195933333333,0.95,0.95,1.0,0.925,3,0:1.0500|1:0.9300|2:1.0300|3:0.9400|4:0.9500|5:1.1000|6:0.8200|,Emine Aksoy:4:91479|Volkan Duman:6:33822|Tuncay Bozkurt:1:28039|Meltem Erdoğan:1:27689|Gamze Öztürk:1:24534|Onur Korkmaz:2:48193|İbrahim Tekin:1:23308|Yusuf Taş:1:24885|Mehmet Taş:1:27513|Halil Taş:2:47842|Yusuf Özkan:1:27513|Sevgi Uçar:1:24885|Bülent Aydın:1:27689|Serkan Tekin:2:46089|Songül Erdoğan:1:23658|Pınar Öztürk:2:51697|Özlem Öztürk:3:76233|Sevgi Duman:1:28039|Levent Yılmaz:1:28039|Fatma Aksoy:1:27513|Dilek Kocabaş:1:24009|Ahmet Kaya:1:26988|Sevgi Şimşek:1:25937|Yasemin Akgül:2:48018|Ebru Er:3:72902|Nesrin Kaya:1:26638|Erdem Aksoy:1:26112|Can Bozkurt:1:22607|Murat Koç:2:51522,3033648,104,347287,3528,30,36.05600665129971,36.16707040971331,3,182501
Dengeli,22,3588,2020,12,1300,965,335,4783,249,63,0,0,281,5783025,3666698,2078856,664826,146475,166802,201748,0,25196,873809,155104331,100803976,21325,54279030,54279030,1650248,1041236548,234090,0,2444193,34590167,0,4.0,0.0,2.0,1.0,1.0,1185.7404694193547,1230.909091,756.045455,751.0982404193549,1174.1422287419355,2.689175,17.78887922580645,0.95,0.95,1.0,0.925,3,0:1.0500|1:0.9300|2:1.0300|3:0.9400|4:0.9500|5:1.1000|6:0.8200|,Emine Aksoy:4:91479|Volkan Duman:6:33822|Tuncay Bozkurt:1:28039|Meltem Erdoğan:1:27689|Gamze Öztürk:1:24534|Onur Korkmaz:2:48193|İbrahim Tekin:1:23308|Yusuf Taş:1:24885|Mehmet Taş:1:27513|Halil Taş:2:47842|Yusuf Özkan:1:27513|Sevgi Uçar:1:24885|Bülent Aydın:1:27689|Serkan Tekin:2:46089|Songül Erdoğan:1:23658|Pınar Öztürk:2:51697|Özlem Öztürk:3:76233|Sevgi Duman:1:28039|Levent Yılmaz:1:28039|Fatma Aksoy:1:27513|Dilek Kocabaş:1:24009|Ahmet Kaya:1:26988|Sevgi Şimşek:1:25937|Yasemin Akgül:2:48018|Ebru Er:3:72902|Nesrin Kaya:1:26638|Erdem Aksoy:1:26112|Can Bozkurt:1:22607|Murat Koç:2:51522|Yasemin Kaya:1:24534|Murat Özkan:2:50121|Levent Kaplan:1:28916,3631180,110,396900,3558,31,35.947553399821025,36.23853832278931,3,476909
Dengeli,22,3619,2021,1,1333,978,355,5002,209,54,0,0,307,6145957,3913007,2198550,787076,174381,169445,204879,0,81219,781550,92631419,27543304,21053,65067062,53810651,1697842,1097717056,234090,0,2483883,41306291,0,3.838709677419355,0.0,2.0,0.8387096774193549,1.0,1190.894427935484,1250.227273,754.5439882258065,753.7346041290323,1191.3812317419356,2.731141,20.691602161290323,0.95,0.95,1.0,0.925,3,0:1.0500|1:0.9300|2:1.0300|3:0.9400|4:0.9500|5:1.1000|6:0.8200|,Emine Aksoy:4:104452|Volkan Duman:6:38619|Tuncay Bozkurt:1:32015|Meltem Erdoğan:1:31616|Gamze Öztürk:1:28015|Onur Korkmaz:2:55027|İbrahim Tekin:1:26613|Yusuf Taş:1:28414|Mehmet Taş:1:31415|Halil Taş:2:54628|Yusuf Özkan:1:31415|Sevgi Uçar:1:28414|Bülent Aydın:1:31616|Serkan Tekin:2:52626|Songül Erdoğan:1:27014|Pınar Öztürk:2:59029|Özlem Öztürk:3:87044|Sevgi Duman:1:32015|Levent Yılmaz:1:32015|Fatma Aksoy:1:31415|Dilek Kocabaş:1:27413|Ahmet Kaya:1:30815|Sevgi Şimşek:1:29614|Yasemin Akgül:2:54827|Ebru Er:3:83241|Nesrin Kaya:1:30416|Erdem Aksoy:1:29815|Can Bozkurt:1:25813|Murat Koç:2:58829|Yasemin Kaya:1:28015|Murat Özkan:2:57228|Levent Kaplan:1:33016,3955230,111,396900,3589,31,35.77229713777692,36.64056439210382,3,384650
Dengeli,22,3647,2021,2,1103,775,328,3678,240,40,0,0,261,4706921,2892391,1789186,797888,176708,156494,189224,0,20712,448160,91081772,39280938,20775,51780059,49446549,1641108,1112806059,234090,0,2523573,37308908,0,4.0,0.0,2.0,1.0,1.0,1244.5048699285715,1278.1818179999998,772.1753245714286,764.6834415000001,1221.1428571071428,2.792682,17.179059642857144,0.95,0.95,1.0,0.925,3,0:1.0500|1:0.9300|2:1.0300|3:0.9400|4:0.9500|5:1.1000|6:0.8200|,Emine Aksoy:4:104452|Volkan Duman:6:38619|Tuncay Bozkurt:1:32015|Meltem Erdoğan:1:31616|Gamze Öztürk:1:28015|Onur Korkmaz:2:55027|İbrahim Tekin:1:26613|Yusuf Taş:1:28414|Mehmet Taş:1:31415|Halil Taş:2:54628|Yusuf Özkan:1:31415|Sevgi Uçar:1:28414|Bülent Aydın:1:31616|Serkan Tekin:2:52626|Songül Erdoğan:1:27014|Pınar Öztürk:2:59029|Özlem Öztürk:3:87044|Sevgi Duman:1:32015|Levent Yılmaz:1:32015|Fatma Aksoy:1:31415|Dilek Kocabaş:1:27413|Ahmet Kaya:1:30815|Sevgi Şimşek:1:29614|Yasemin Akgül:2:54827|Ebru Er:3:83241|Nesrin Kaya:1:30416|Erdem Aksoy:1:29815|Can Bozkurt:1:25813|Murat Koç:2:58829|Yasemin Kaya:1:28015|Murat Özkan:2:57228|Levent Kaplan:1:33016,2978118,112,396900,3620,28,38.011812817763456,37.95320988854405,3,51260
Dengeli,22,3653,2021,3,250,172,78,834,33,19,0,0,68,1055139,642201,404005,170976,37866,34194,37614,0,4821,118534,27262867,27262867,0,0,13589921,1732392,1121055134,0,0,2523573,7994766,0,4.0,0.0,2.0,1.0,1.0,1266.8939393333333,1304.318182,792.909091,774.7121211666666,1250.742424,2.849458,17.47967866666667,0.9499999999999998,0.9499999999999998,1.0,0.9250000000000002,3,0:1.0500|1:0.9300|2:1.0300|3:0.9400|4:0.9500|5:1.1000|6:0.8200|,Emine Aksoy:4:104452|Volkan Duman:6:38619|Tuncay Bozkurt:1:32015|Meltem Erdoğan:1:31616|Gamze Öztürk:1:28015|Onur Korkmaz:2:55027|İbrahim Tekin:1:26613|Yusuf Taş:1:28414|Mehmet Taş:1:31415|Halil Taş:2:54628|Yusuf Özkan:1:31415|Sevgi Uçar:1:28414|Bülent Aydın:1:31616|Serkan Tekin:2:52626|Songül Erdoğan:1:27014|Pınar Öztürk:2:59029|Özlem Öztürk:3:87044|Sevgi Duman:1:32015|Levent Yılmaz:1:32015|Fatma Aksoy:1:31415|Dilek Kocabaş:1:27413|Ahmet Kaya:1:30815|Sevgi Şimşek:1:29614|Yasemin Akgül:2:54827|Ebru Er:3:83241|Nesrin Kaya:1:30416|Erdem Aksoy:1:29815|Can Bozkurt:1:25813|Murat Koç:2:58829|Yasemin Kaya:1:28015|Murat Özkan:2:57228|Levent Kaplan:1:33016,697568,112,0,3648,6,38.28926804904378,37.41314356454766,3,118534
Dengeli,23,25,2011,3,1333,1190,143,5601,233,60,0,0,107,2427015,1802550,614588,171250,38525,50012,55000,0,5000,294801,173526,121868,0,51658,51658,557222,178624,71527,0,12127,0,0,3.0,1.0,2.0,0.0,0.0,450.49090920000003,457.7272730000001,329.16363636,335.00727268,446.881818,1.0,26.97425184,1.0,1.0,1.0,1.0,none,0:1.0000|1:0.9300|2:1.0300|3:0.9400|4:0.9500|5:1.1000|6:0.8200|,,2070684,1,121275,1,25,25.322793637451767,26.932235559527253,none,173526
Dengeli,23,55,2011,4,1666,1533,133,6799,190,89,0,3,112,2845160,2058936,759712,205500,46230,60374,66390,0,10289,370929,249654,168249,0,81405,86644,981080,775393,71527,0,24254,0,0,3.0,1.0,2.0,0.0,0.0,444.0984846666667,459.09090899999995,318.3924242,321.56060603333333,443.76060606666664,1.00592,28.42692783333333,1.0,1.0,1.0,1.0,none,0:1.0000|1:0.9200|2:1.0300|3:0.9300|4:0.9500|5:1.1000|6:0.8200|,,2079432,1,121275,26,30,26.70190780131873,28.30589718427427,none,249654
Dengeli,23,86,2011,5,1699,1561,138,7356,206,74,0,0,109,2991425,2146348,824367,212350,47771,62821,69099,0,4771,427555,306280,196166,0,110114,114885,993038,993697,71527,0,36381,0,0,3.0,1.0,2.0,0.0,0.0,449.816715516129,464.31818200000004,323.89442822580645,322.21847519354844,449.0747799677419,1.01307,29.77106748387097,1.0,1.0,1.0,1.0,none,0:1.0000|1:0.9200|2:1.0300|3:0.9300|4:0.9500|5:1.1000|6:0.8200|,,2154684,1,121275,56,31,27.557669003902824,27.994132487014568,none,306280
Dengeli,23,116,2011,6,1801,1654,147,9034,170,83,0,6,116,3211130,2465857,727082,205500,46230,61245,77460,0,5100,331547,229639,153916,0,75723,75723,1190924,1339321,78030,0,49611,0,0,3.0,1.0,2.0,0.0,0.0,428.63636356666666,466.818182,330.4681818333333,328.66363643333335,417.67575746666665,1.020512,35.601018100000005,1.0,1.0,1.0,1.0,none,0:1.0000|1:0.9050|2:1.0300|3:0.9150|4:0.9500|5:1.1000|6:0.8200|,,2488610,1,132300,87,30,22.642558849999844,22.902439008319245,none,199247
Dengeli,23,147,2011,7,2111,1908,203,10682,131,109,0,22,160,3582065,2808160,751681,224350,50561,63751,80600,0,5150,327269,255976,169815,0,86161,65383,1178202,1517703,78030,0,62841,0,0,3.0,1.0,2.0,0.0,0.0,417.5,470.227273,327.21260996774197,328.2140762258064,412.9266859032258,1.027766,38.59049664516129,1.0,1.0,1.0,1.0,none,0:1.0500|1:0.8950|2:1.0300|3:0.9050|4:0.9500|5:1.1000|6:0.8200|,,2827748,1,132300,117,31,20.98457174841886,21.625722163415094,none,194969
Dengeli,23,178,2011,8,2003,1805,198,10350,118,91,0,20,161,3452140,2688621,743430,224750,50561,64216,81189,0,0,322714,287657,217324,0,70333,91111,1179028,1725240,78030,0,76071,0,0,3.0,1.0,2.0,0.0,0.0,417.954545,474.090909,324.91055703225805,326.2258063870967,416.60997048387094,1.035317,38.945602161290324,1.0,1.0,1.0,1.0,none,0:1.0500|1:0.8950|2:1.0300|3:0.9050|4:0.9500|5:1.1000|6:0.8200|,,2696686,1,132300,148,31,21.535337500796608,22.261748096971154,none,190414
Dengeli,23,208,2011,9,1902,1707,195,9730,186,138,0,11,145,3719085,2908419,785101,217500,48930,62595,68820,0,10838,376418,363381,281341,0,82040,87678,1342516,2161674,78030,0,89301,0,0,3.0,1.0,2.0,0.0,0.0,422.68181853333334,477.272727,332.3696970333333,330.9257576,419.5272731333333,1.042922,37.379966966666665,1.0,1.0,1.0,1.0,none,0:1.0500|1:0.9050|2:1.0300|3:0.9150|4:0.9500|5:1.1000|6:0.8200|,,2939340,1,132300,179,30,21.11005798469247,21.366455224730206,none,244118
Dengeli,23,239,2011,10,2007,1794,213,10501,180,153,0,19,157,4049285,3140389,886723,224750,50561,65146,71641,0,5250,469375,337075,221449,0,115626,115626,1373972,2417349,78030,0,102531,0,0,3.0,1.0,2.0,0.0,0.0,426.51026412903224,481.136364,329.5953079677419,330.3093841612903,423.88856277419353,1.050335,38.87862474193548,1.0,1.0,1.0,1.0,none,0:1.0500|1:0.9100|2:1.0300|3:0.9200|4:0.9500|5:1.1000|6:0.8200|,,3159678,1,132300,209,31,21.898261051025056,22.72277230166977,none,337075
Dengeli,23,269,2011,11,1899,1703,196,9767,192,156,0,13,141,3964990,3037621,907499,217500,48930,63495,69840,0,7306,500428,368128,262700,0,105428,112734,1392946,2738250,78030,0,115761,0,0,3.0,1.0,2.0,0.0,0.0,431.37121206666666,484.545455,328.3348484,328.7560606,426.7651517,1.058051,38.92528456666666,1.0,1.0,1.0,1.0,none,0:1.0500|1:0.9150|2:1.0300|3:0.9250|4:0.9500|5:1.1000|6:0.8200|,,3016124,1,132300,240,30,22.887800473645584,23.885776515550788,none,368128
Dengeli,23,300,2011,12,1978,1766,212,9858,267,171,0,16,139,4195745,3178748,999407,224750,50561,66077,79949,0,13388,564682,506880,392461,0,114419,122457,1353542,3107195,79655,0,129266,0,0,3.0,1.0,2.0,0.0,0.0,431.18768287096776,487.5,324.5718474193548,325.7184750645161,428.52346045161295,1.065572,38.12060577419355,1.0,1.0,1.0,1.0,none,0:1.0500|1:0.9250|2:1.0300|3:0.9350|4:0.9500|5:1.1000|6:0.8200|,,3180842,1,135056,270,31,23.81953622062351,24.726085574090384,none,429626
Dengeli,23,331,2012,1,1927,1693,234,9661,241,175,0,9,160,4188315,3195229,972507,227750,51274,66569,80538,0,0,546376,59985,-68046,0,128031,128031,1298620,11672179,79655,0,142771,0,0,3.0,1.0,2.0,0.0,0.0,441.39296206451615,491.81818200000004,336.78738987096773,334.39736061290324,433.2448679354839,1.0734,38.08737148387097,1.0,1.0,1.0,1.0,none,0:1.0500|1:0.9300|2:1.0300|3:0.9400|4:0.9500|5:1.1000|6:0.8200|,,3268804,1,135056,301,31,23.219528617116907,23.69896694869792,none,411320
Dengeli,23,360,2012,2,1660,1481,179,8572,180,155,0,10,130,3885735,2863368,1007938,223854,47966,62623,75777,0,3122,594596,-89246,-186003,0,96757,96757,1209794,11075218,79655,0,156276,0,0,3.8275862068965516,1.0,2.0,0.0,0.8275862068965517,454.4984326206897,494.3181819999999,329.1739811724138,331.12068965517244,459.5626959310345,1.079586,37.613256862068965,1.0,1.0,1.0,1.0,none,0:1.0500|1:0.9300|2:1.0300|3:0.9400|4:0.9500|5:1.1000|6:0.8200|,,2887132,3,135056,332,29,25.939442602236127,27.57423182422013,none,459540
Dengeli,23,391,2012,3,1614,1462,152,7940,187,105,0,0,125,3262320,2312896,930206,241676,51274,67313,74028,0,0,495915,240059,-128170,227609,140620,140620,960034,10521281,79655,0,169781,0,0,4.0,1.0,2.0,0.0,1.0,472.82258096774194,496.590909,333.428152483871,332.3137830645161,474.24633432258065,1.085405,34.04938364516129,1.0,1.0,1.0,1.0,none,0:1.0500|1:0.9300|2:1.0300|3:0.9400|4:0.9500|5:1.1000|6:0.8200|,,2324376,3,135056,361,31,28.513634468721644,29.48133911002467,none,360859
Dengeli,23,421,2012,4,1488,1339,149,6632,151,105,0,0,122,2929962,2048301,861492,189780,39684,65502,72060,0,546,493920,654723,373917,111876,168930,168930,895020,10721215,79655,0,183286,0,0,3.4,0.4,2.0,0.0,1.0,474.21969713333334,499.318182,330.3196969666667,331.23030306666664,479.26060609999996,1.09166,30.293227666666667,1.0,1.0,1.0,1.0,none,0:1.0500|1:0.9300|2:1.0300|3:0.9400|4:0.9500|5:1.1000|6:0.8200|,,2075732,3,135056,392,30,29.402838671627823,30.344585228438373,none,358864
Dengeli,23,452,2012,5,1590,1427,163,7531,166,97,0,0,133,3181640,2139834,1026945,235026,49768,68058,74865,0,22296,576932,-48445,-343818,110569,184804,184804,980104,10178955,79655,0,196791,0,0,3.5806451612903225,0.0,2.0,0.5806451612903226,1.0,487.54398838709676,502.045455,324.5278591612903,326.6246334516129,483.73900296774195,1.097747,28.941571870967742,1.0,1.0,1.0,1.0,none,0:1.0500|1:0.9300|2:1.0300|3:0.9400|4:0.9500|5:1.1000|6:0.8200|,,2142468,4,135056,422,31,32.27722181013565,33.43618896114376,none,441876
Dengeli,23,482,2012,6,1510,1379,131,7036,139,63,0,0,109,2711145,1819717,881356,275880,59070,66252,83790,0,0,396364,-959189,-1251726,109244,183293,183293,909478,8163284,82906,0,210847,0,0,4.0,0.0,2.0,1.0,1.0,490.3181817,505.227273,330.6060606333333,328.7499999333333,484.6681819,1.104074,28.630727200000003,1.0,1.0,1.0,1.0,none,0:1.0500|1:0.9300|2:1.0300|3:0.9400|4:0.9500|5:1.1000|6:0.8200|,,1827562,6,140569,453,30,32.508626429054885,32.57315902765894,none,255795
Dengeli,23,513,2012,7,1617,1470,147,7803,156,76,0,0,124,3143690,2086316,1033712,291076,62434,68833,87079,0,346,523944,65466,-351021,0,416487,416487,911346,7897005,82906,0,224903,873149,0,4.0,0.0,2.0,1.0,1.0,492.9912023870968,508.18181799999996,324.2228738387097,326.1935483548387,488.6832845806452,1.11023,29.925963161290323,1.0,1.0,1.0,1.0,none,0:1.0500|1:0.9300|2:1.0300|3:0.9400|4:0.9500|5:1.1000|6:0.8200|,Erdem Yılmaz:4:37963,2106858,7,140569,483,31,32.88212260114706,34.23353758265856,none,383375
Dengeli,23,544,2012,8,1531,1393,138,6855,95,47,0,3,122,2759545,1789780,956820,291276,62434,69236,87575,0,333,445966,553489,-37101,191718,398872,398872,751704,7547600,82906,0,238959,1176853,0,4.0,0.0,2.0,1.0,1.0,493.3870965483871,510.909091,320.454545,321.90322570967743,494.4002932258064,1.116629,27.580343870967745,1.0,1.0,1.0,1.0,none,0:1.0500|1:0.9300|2:1.0300|3:0.9400|4:0.9500|5:1.1000|6:0.8200|,Erdem Yılmaz:4:37963,1776054,7,140569,514,31,34.67310734197123,35.05007584474341,none,305397
Dengeli,23,574,2012,9,1428,1289,139,6124,140,85,0,0,108,2804575,1827064,964423,281880,60420,67393,74130,0,757,479843,901163,238609,141154,521400,416778,823612,7755431,82906,0,253015,1138890,0,4.0,0.0,2.0,1.0,1.0,500.4015153666667,514.090909,327.76515183333333,325.959091,498.7227272666667,1.123064,27.314643866666664,1.0,1.0,1.0,1.0,none,0:1.0500|1:0.9300|2:1.0300|3:0.9400|4:0.9500|5:1.1000|6:0.8200|,Erdem Yılmaz:4:37963,1862216,7,140569,545,30,34.387491865969,34.49956849288015,none,339274
Dengeli,23,605,2012,10,1512,1351,161,6439,160,87,0,0,125,2855395,1886712,953338,291276,62434,70042,77035,0,677,451874,880704,271088,183554,426062,530684,842938,5639108,82906,0,267071,1176853,0,4.0,0.0,2.0,1.0,1.0,492.36803522580647,516.818182,324.227273,325.4002931935484,493.7404693548387,1.129326,28.30731661290323,1.0,1.0,1.0,1.0,none,0:1.0500|1:0.9200|2:1.0300|3:0.9300|4:0.9400|5:1.1000|6:0.8200|,Erdem Yılmaz:4:37963,1897434,7,140569,575,31,33.38725465303399,34.149406581338056,none,311305
Dengeli,23,635,2012,11,1483,1332,151,6856,172,84,0,0,119,3120945,2120276,984586,281880,60420,68172,74970,0,647,498497,733085,181462,131747,419876,419876,929616,5656795,82906,0,281127,1138890,0,4.0,0.0,2.0,1.0,1.0,491.96212116666663,520.227273,336.3787879333333,333.1469696666666,495.5863635333333,1.135835,29.515451566666666,1.0,1.0,1.0,1.0,none,0:1.0500|1:0.9150|2:1.0300|3:0.9250|4:0.9350|5:1.1000|6:0.8200|,Erdem Yılmaz:4:37963,2135904,7,140569,606,30,31.547688280312535,31.62506350374583,none,357928
Dengeli,23,666,2012,12,1510,1325,185,6052,224,95,0,0,145,3086431,2047754,1019760,291276,62434,70818,85684,0,484,509064,1182262,511429,126885,543948,543948,887892,5960126,86158,0,295735,1178337,0,4.0,0.0,2.0,1.0,1.0,500.60850445161293,522.727273,329.409091,331.1466276129032,502.4384164516129,1.142168,26.046124193548387,1.0,1.0,1.0,1.0,none,0:1.0500|1:0.9300|2:1.0300|3:0.9400|4:0.9500|5:1.1000|6:0.8200|,Erdem Yılmaz:4:37963,2064438,7,146081,636,31,33.04010360186248,34.19826309965544,none,362983
Dengeli,23,697,2013,1,1448,1307,141,6017,155,84,0,0,114,3090860,2014627,1060506,297276,63829,71252,86180,0,303,541666,1075855,603748,0,472107,472107,840202,6561384,86158,0,310343,1222857,0,4.0,0.0,2.0,1.0,1.0,507.33137848387094,525.454545,328.772727,329.7140762580645,508.3460410322581,1.148751,25.864500516129034,1.0,1.0,1.0,1.0,none,0:1.0500|1:0.9300|2:1.0300|3:0.9400|4:0.9500|5:1.1000|6:0.8200|,Erdem Yılmaz:4:39447,2042482,7,146081,667,31,34.31103317523279,35.19566481724089,none,395585
Dengeli,23,725,2013,2,1294,1144,150,5262,148,112,0,0,117,2703830,1780797,898900,268688,57652,64749,78316,0,671,428824,751982,220696,82901,448385,448385,870238,6790800,86158,0,324951,1104516,0,4.0,0.0,2.0,1.0,1.0,514.4967530357143,528.863636,340.954545,337.4058441428571,509.8100649285715,1.155828,25.17325917857143,1.0,1.0,1.0,1.0,none,0:1.0500|1:0.9300|2:1.0300|3:0.9400|4:0.9500|5:1.1000|6:0.8200|,Erdem Yılmaz:4:39447,1848046,7,146081,698,28,33.24543332975816,33.730476822594774,none,282743
Dengeli,23,756,2013,3,1466,1308,158,6256,186,74,0,0,125,3068355,2039846,1012198,297476,63829,72089,79267,0,355,499182,812449,216526,81709,514214,414005,891094,7081426,86158,0,339559,1222857,0,4.0,0.0,2.0,1.0,1.0,509.25953077419354,531.818182,339.31818200000004,339.1730206451613,510.2756598064516,1.162259,27.334494612903224,1.0,1.0,1.0,1.0,none,0:1.0500|1:0.9250|2:1.0300|3:0.9350|4:0.9450|5:1.1000|6:0.8200|,Erdem Yılmaz:4:39447,2036412,7,146081,726,31,32.98829503105084,33.37028342225484,none,353101
Dengeli,23,786,2013,4,1305,1161,144,5397,176,56,0,0,109,2696425,1730303,950772,287880,61770,70184,77190,0,330,453418,718050,197800,80499,439751,539960,824458,7032613,86158,0,354167,1183410,0,4.0,0.0,2.0,1.0,1.0,524.4015150666667,535.454545,336.681818,337.7560605666667,520.0500000666666,1.16942,23.65351233333333,1.0,1.0,1.0,1.0,none,0:1.0500|1:0.9300|2:1.0300|3:0.9400|4:0.9500|5:1.1000|6:0.8200|,Erdem Yılmaz:4:39447,1743914,7,146081,757,30,35.260465245649335,35.79694025918327,none,307337
Dengeli,23,817,2013,5,1434,1280,154,6057,162,74,0,0,129,2912140,1911966,984790,297476,63829,72957,80228,0,351,469949,621472,144599,79272,397601,397601,933650,7169754,86158,0,368775,1222857,0,4.0,0.0,2.0,1.0,1.0,521.7228738709678,538.409091,344.909091,342.10703819354836,522.8005865806451,1.176391,25.04488283870968,1.0,1.0,1.0,1.0,none,0:1.0500|1:0.9200|2:1.0300|3:0.9300|4:0.9400|5:1.1000|6:0.8200|,Erdem Yılmaz:4:39447,1931410,7,146081,787,31,33.816712108621154,33.89036435360457,none,323868
Dengeli,23,847,2013,6,1469,1318,151,6503,132,38,0,0,132,2728690,1782643,930045,287880,61770,71024,89850,0,1051,418470,596400,35149,78025,483226,392773,792666,7114049,89409,0,383934,1184977,0,4.0,0.0,2.0,1.0,1.0,517.3560604333334,542.045455,337.545455,340.05909080000004,520.8636363333333,1.183639,27.363273433333333,1.0,1.0,1.0,1.0,none,0:1.0500|1:0.9200|2:1.0300|3:0.9300|4:0.9400|5:1.1000|6:0.8200|,Erdem Yılmaz:4:39447,1784640,7,151594,818,30,34.083937713701445,34.75567779813489,none,266876
Dengeli,23,878,2013,7,1571,1404,167,7610,116,69,0,0,143,3195049,2068353,1108346,303476,65224,73826,93372,0,867,571581,525838,126610,0,399228,489681,880548,7340220,89409,0,399093,1271434,0,4.0,0.0,2.0,1.0,1.0,526.5615836774193,545.0,341.272727,340.34897377419355,522.8607036774193,1.190696,27.221990516129033,1.0,1.0,1.0,1.0,none,0:1.0500|1:0.9250|2:1.0300|3:0.9350|4:0.9450|5:1.1000|6:0.8200|,Erdem Yılmaz:4:41014,2077208,7,151594,848,31,34.68948363546224,35.18844944657613,none,419987
Dengeli,23,909,2013,8,1451,1292,159,6073,143,35,0,0,132,2770425,1794452,960471,303676,65224,74291,93961,0,508,422811,382100,-60746,67421,375425,375425,873474,7185656,89409,0,414252,1271434,0,4.0,0.0,2.0,1.0,1.0,526.0557185806451,549.090909,344.909091,343.0395894516129,528.5249267419355,1.198032,26.27980093548387,1.0,1.0,1.0,1.0,none,0:1.0500|1:0.9300|2:1.0300|3:0.9400|4:0.9500|5:1.1000|6:0.8200|,Erdem Yılmaz:4:41014,1836872,7,151594,879,31,34.66872411272639,34.43487470669423,none,271217
Dengeli,23,939,2013,9,1359,1215,144,6017,145,56,0,0,119,2912350,1874808,1016478,293880,63120,72344,79560,0,390,507184,869388,269968,66399,533021,533021,924854,7411886,89409,0,429411,1230420,0,4.0,0.0,2.0,1.0,1.0,534.7954542666668,551.590909,344.454545,343.89090893333326,535.760606,1.205414,25.428018466666668,1.0,1.0,1.0,1.0,none,0:1.0500|1:0.9300|2:1.0300|3:0.9400|4:0.9500|5:1.1000|6:0.8200|,Erdem Yılmaz:4:41014,1900808,7,151594,910,30,34.902329733720194,35.59134763545624,none,355590
Dengeli,23,970,2013,10,1438,1276,162,6386,177,71,0,0,127,3146610,2060417,1073238,303676,65224,75190,82708,0,843,545597,509676,28845,65363,415468,415468,921498,7324195,89409,0,444570,1271434,0,4.0,0.0,2.0,1.0,1.0,538.9222873225807,555.227273,355.363636,351.73460403225806,540.0337244516129,1.2126,25.853453677419353,1.0,1.0,1.0,1.0,none,0:1.0500|1:0.9300|2:1.0300|3:0.9400|4:0.9500|5:1.1000|6:0.8200|,Erdem Yılmaz:4:41014,2091144,7,151594,940,31,34.1077540591303,34.06031920381661,none,394003
Dengeli,23,1000,2013,11,1337,1178,159,5496,184,59,0,0,124,2778075,1803559,957165,293880,63120,73215,80520,0,300,446130,702979,228560,64314,410105,410105,843200,7406607,89409,0,459729,1230420,0,4.0,0.0,2.0,1.0,1.0,546.9090909333333,558.409091,355.5,354.2651514666667,543.0000000666666,1.220071,24.73502243333333,1.0,1.0,1.0,1.0,none,0:1.0500|1:0.9300|2:1.0300|3:0.9400|4:0.9500|5:1.1000|6:0.8200|,Erdem Yılmaz:4:41014,1815244,7,151594,971,30,34.45425339488675,34.99833776883873,none,294536
Dengeli,23,1031,2013,12,1357,1214,143,5643,197,75,0,0,118,3218800,2178390,1028642,303676,65224,76120,92070,0,0,491552,799532,195629,63251,540652,540652,947080,7611225,94286,0,475715,1273137,0,4.0,0.0,2.0,1.0,1.0,534.3108504838709,562.045455,362.727273,359.8328446129032,538.516129,1.227345,25.974387903225804,1.0,1.0,1.0,1.0,none,0:1.0500|1:0.9200|2:1.0300|3:0.9300|4:0.9400|5:1.1000|6:0.8200|,Erdem Yılmaz:4:41014,2197830,7,159862,1001,31,31.957313284453832,32.113062523152045,none,331690
Dengeli,23,1062,2014,1,1389,1220,169,5538,203,117,0,0,123,3095750,2066634,1016231,312676,67301,76586,92628,0,0,467040,641988,198845,0,443143,443143,826876,7712411,94286,0,491701,1324227,0,4.0,0.0,2.0,1.0,1.0,544.5014661612904,565.227273,362.954545,361.79618767741937,545.9369501290322,1.234907,25.1631934516129,1.0,1.0,1.0,1.0,none,0:1.0500|1:0.9300|2:1.0300|3:0.9400|4:0.9500|5:1.1000|6:0.8200|,Erdem Yılmaz:4:42717,2106876,7,159862,1032,31,32.82664943874667,33.34186084771959,none,307178
Dengeli,23,1090,2014,2,1280,1133,147,5481,187,73,0,0,117,3087005,2018025,1053183,282688,60788,69623,84224,0,316,555544,942864,399052,67509,476303,476303,958758,8180692,94286,0,507687,1196076,0,4.0,0.0,2.0,1.0,1.0,554.77272725,569.545455,359.454545,360.3441558571429,553.0048701428572,1.243005,24.234054571428572,1.0,1.0,1.0,1.0,none,0:1.0500|1:0.9300|2:1.0300|3:0.9400|4:0.9500|5:1.1000|6:0.8200|,Erdem Yılmaz:4:42717,2012756,7,159862,1063,28,34.116659998931006,35.20688250451482,none,395682
Dengeli,23,1121,2014,3,1369,1210,159,5808,164,53,0,0,134,2929705,1891597,1019245,312976,67301,77547,85281,0,0,476140,762771,140387,66507,555877,555877,851810,8199908,94286,0,523673,1324227,0,4.0,0.0,2.0,1.0,1.0,557.947213967742,572.954545,359.18181799999996,359.8519059677419,554.0278592903226,1.250366,25.254878258064515,1.0,1.0,1.0,1.0,none,0:1.0500|1:0.9300|2:1.0300|3:0.9400|4:0.9500|5:1.1000|6:0.8200|,Erdem Yılmaz:4:42717,1917230,7,159862,1091,31,34.79002152093811,35.62440872394673,none,316278
Dengeli,23,1151,2014,4,1337,1162,175,5505,145,82,0,0,145,2933980,1891545,1021346,302880,65130,75526,83070,0,0,494740,794556,246389,65491,482676,482676,913056,8389599,94286,0,539659,1281510,0,4.0,0.0,2.0,1.0,1.0,561.2045453666667,575.454545,362.954545,361.51060613333334,557.3393939333333,1.258565,22.715611866666666,1.0,1.0,1.0,1.0,none,0:1.0500|1:0.9300|2:1.0300|3:0.9400|4:0.9500|5:1.1000|6:0.8200|,Erdem Yılmaz:4:42717,1955448,7,159862,1122,30,34.81093940653992,35.325800905111834,none,334878
Dengeli,23,1182,2014,5,1433,1267,166,5819,194,31,0,0,144,3078100,1989465,1075335,312976,67301,78540,86366,0,0,530152,858795,339803,64461,454531,454531,876506,8645401,94286,0,555645,1324227,0,4.0,0.0,2.0,1.0,1.0,564.2448680967742,579.772727,367.409091,365.0865102258065,562.6363635483871,1.266552,24.08670019354839,1.0,1.0,1.0,1.0,none,0:1.0500|1:0.9250|2:1.0300|3:0.9350|4:0.9450|5:1.1000|6:0.8200|,Erdem Yılmaz:4:42717,1977258,7,159862,1152,31,34.93502485299373,34.884814772123846,none,370290
Dengeli,23,1212,2014,6,1396,1242,154,5849,113,25,0,0,136,2730000,1768824,949615,302880,65130,76516,96750,0,0,408339,89967,-457963,63417,484513,484513,869006,8071186,97537,0,572182,1283309,0,4.0,0.0,2.0,1.0,1.0,572.7878787666667,582.954545,374.90909100000005,371.61818186666665,567.2257576666667,1.274857,23.905313933333332,1.0,1.0,1.0,1.0,none,0:1.0500|1:0.9300|2:1.0300|3:0.9400|4:0.9500|5:1.1000|6:0.8200|,Erdem Yılmaz:4:42717,1809684,7,165375,1183,30,34.78443223443224,34.54660880616774,none,242964
Dengeli,23,1243,2014,7,1401,1225,176,5997,145,28,0,0,153,2845790,1832013,994247,253526,53974,79563,100626,0,686,505872,341482,-70917,0,412399,412399,807728,8019830,97537,0,588719,1379996,0,3.4516129032258065,0.0,2.0,0.45161290322580644,1.0,572.9692079032258,587.954545,368.68181799999996,370.48387106451617,572.1099707419354,1.282947,24.337648967741938,1.0,1.0,1.0,1.0,none,0:1.0500|1:0.9300|2:1.0300|3:0.9400|4:0.9500|5:1.1000|6:0.8200|,Erdem Yılmaz:4:44516,1848290,7,165375,1213,31,34.937469033203435,35.65416554422063,none,340497
Dengeli,23,1274,2014,8,1346,1167,179,5734,120,32,0,0,158,2851557,1843539,989962,199826,41850,80090,101277,0,1011,565908,347243,-188390,63605,472028,377327,771828,7824478,97537,0,605256,1379996,0,3.0,0.0,2.0,0.0,1.0,578.5410558709676,590.681818,381.045455,377.0249267419355,576.2170087096774,1.291361,22.861044741935487,1.0,1.0,1.0,1.0,none,0:1.0500|1:0.9300|2:1.0300|3:0.9400|4:0.9500|5:1.1000|6:0.8200|,Erdem Yılmaz:4:44516,1875828,7,165375,1244,31,34.716542576564315,34.13683417396313,none,400533
Dengeli,23,1304,2014,9,1302,1148,154,5279,152,50,0,0,132,2895805,1903109,977186,193380,40500,78016,85800,0,0,579490,783775,291933,62661,429181,523882,907626,8080942,97537,0,621793,1335480,0,3.0,0.0,2.0,0.0,1.0,577.3636363333334,594.3181820000001,379.59090899999995,379.0227273,574.7469696333334,1.299829,23.045751533333334,1.0,1.0,1.0,1.0,none,0:1.0500|1:0.9300|2:1.0300|3:0.9400|4:0.9500|5:1.1000|6:0.8200|,Erdem Yılmaz:4:44516,1913394,7,165375,1275,30,33.744882683744244,34.25444813070145,none,414115
Dengeli,23,1335,2014,10,1305,1154,151,5113,173,58,0,0,132,2730340,1752595,960393,199826,41850,81113,89218,0,0,548386,713803,227600,61703,424500,424500,813954,8140244,97537,0,638330,1379996,0,3.0,0.0,2.0,0.0,1.0,589.3841642903225,599.318182,377.590909,378.3621701290323,584.0850440645161,1.308077,23.31937177419355,1.0,1.0,1.0,1.0,none,0:1.0500|1:0.9300|2:1.0300|3:0.9400|4:0.9500|5:1.1000|6:0.8200|,Erdem Yılmaz:4:44516,1761504,7,165375,1305,31,35.174850018678995,35.934670139185485,none,383011
Dengeli,23,1365,2014,11,1361,1176,185,5356,205,40,0,0,149,2857485,1869180,975729,193380,40500,79007,86910,0,0,575932,981765,363609,60733,557423,443226,740952,8490319,97537,0,654867,1335480,0,3.0,0.0,2.0,0.0,1.0,579.3560603333334,602.272727,377.454545,378.05303036666663,577.1924242,1.316655,25.164355166666667,1.0,1.0,1.0,1.0,none,0:1.0500|1:0.9250|2:1.0300|3:0.9350|4:0.9450|5:1.1000|6:0.8200|,Erdem Yılmaz:4:44516,1888908,7,165375,1336,30,34.146425965490636,34.84929720372116,none,410557
Dengeli,23,1396,2014,12,1401,1231,170,5572,200,77,0,0,138,3363985,2209662,1140732,199826,41850,82167,99417,0,0,717472,1143033,552439,59749,530845,645042,996420,9064827,102414,0,672231,1381952,0,3.0,0.0,2.0,0.0,1.0,585.4325510967742,606.818182,385.727273,383.0835776129032,588.2565983225807,1.32501,24.1112975483871,1.0,1.0,1.0,1.0,none,0:1.0500|1:0.9300|2:1.0300|3:0.9400|4:0.9500|5:1.1000|6:0.8200|,Erdem Yılmaz:4:44516,2263990,7,173644,1366,31,33.91013931393868,34.11243152138326,none,543828
Dengeli,23,1427,2015,1,1313,1133,180,5209,178,65,0,0,148,3158745,2060641,1081775,208826,43927,82696,100068,0,0,646258,1107420,607284,0,500136,500136,886968,9706241,102414,0,689595,1440632,0,3.0,0.0,2.0,0.0,1.0,591.1436948709677,610.227273,384.18181799999996,384.18181841935484,590.9164223225807,1.3337,22.37083593548387,1.0,1.0,1.0,1.0,none,0:1.0500|1:0.9300|2:1.0300|3:0.9400|4:0.9500|5:1.1000|6:0.8200|,Erdem Yılmaz:4:46472,2030196,7,173644,1397,31,34.24698733199419,35.01041771512804,none,472614
Dengeli,23,1455,2015,2,1198,1015,183,4585,175,63,0,0,149,2769695,1795103,958404,188888,39676,75225,91000,0,0,563615,1148228,554491,63559,530178,530178,924018,10214008,102414,0,706959,1301216,0,3.0,0.0,2.0,0.0,1.0,592.5243504642857,614.5454550000001,382.340909,383.30519475,593.4496753571428,1.342972,22.16832264285714,1.0,1.0,1.0,1.0,none,0:1.0500|1:0.9300|2:1.0300|3:0.9400|4:0.9500|5:1.1000|6:0.8200|,Erdem Yılmaz:4:46472,1819542,7,173644,1428,28,34.60323248588743,35.4725407149245,none,389971
Dengeli,23,1486,2015,3,1345,1158,187,5428,150,49,0,0,160,2977000,1985725,978357,209126,43927,83812,92163,0,0,549329,590702,-23488,62635,551555,551555,909720,10079346,102414,0,724323,1440632,0,3.0,0.0,2.0,0.0,1.0,591.392962,618.409091,398.545455,393.8548387741936,596.0571846774193,1.351403,24.673931225806452,1.0,1.0,1.0,1.0,none,0:1.0500|1:0.9300|2:1.0300|3:0.9400|4:0.9500|5:1.1000|6:0.8200|,Erdem Yılmaz:4:46472,2020368,7,173644,1456,31,32.86385623110514,32.6090297638679,none,375685
Dengeli,23,1516,2015,4,1356,1193,163,5248,192,33,0,0,136,3074085,2045817,1005660,202380,42510,81678,89820,0,0,589272,587888,76849,61698,449341,449341,1010132,10176289,102414,0,741687,1394160,0,3.0,0.0,2.0,0.0,1.0,603.2272729,622.954545,403.045455,400.54242426666667,602.3575757333333,1.360799,23.004837633333334,1.0,1.0,1.0,1.0,none,0:1.0500|1:0.9300|2:1.0300|3:0.9400|4:0.9500|5:1.1000|6:0.8200|,Erdem Yılmaz:4:46472,2080318,7,173644,1487,30,32.71412469076164,33.18514047576644,none,415628
Dengeli,23,1547,2015,5,1326,1136,190,5432,166,42,0,0,162,3124190,2084748,1018121,209126,43927,84959,93434,0,739,585936,650928,45929,60747,544252,434827,908808,10167054,102414,0,759051,1440632,0,3.0,0.0,2.0,0.0,1.0,605.5058649354838,626.818182,406.045455,404.0161291612903,607.9868034838709,1.369954,23.09950980645161,1.0,1.0,1.0,1.0,none,0:1.0500|1:0.9300|2:1.0300|3:0.9400|4:0.9500|5:1.1000|6:0.8200|,Erdem Yılmaz:4:46472,2129724,7,173644,1517,31,32.58831889225687,32.941119398857715,none,412292
Dengeli,23,1577,2015,6,1327,1151,176,5433,137,22,0,0,158,2802223,1836738,944884,202380,42510,82789,104700,0,1017,511488,541440,61459,59783,420198,529623,891858,10047123,105665,0,776966,1396230,0,3.0,0.0,2.0,0.0,1.0,611.0984846333334,632.045455,399.772727,401.6818181,611.3151515333334,1.379479,23.3393626,1.0,1.0,1.0,1.0,none,0:1.0500|1:0.9300|2:1.0300|3:0.9400|4:0.9500|5:1.1000|6:0.8200|,Erdem Yılmaz:4:46472,1831948,7,179156,1548,30,33.71908659660562,34.58129302351838,none,332332
Dengeli,23,1608,2015,7,1397,1201,196,5444,141,42,0,0,172,2886727,1892751,978114,215126,45322,86137,108934,0,783,521812,31279,-374752,0,406031,406031,807206,9616451,105665,0,794881,1504802,0,3.0,0.0,2.0,0.0,1.0,617.1920821935485,635.227273,409.727273,406.45014664516134,616.7111438064517,1.38876,22.187133258064513,1.0,1.0,1.0,1.0,none,0:1.0500|1:0.9300|2:1.0300|3:0.9400|4:0.9500|5:1.1000|6:0.8200|,Erdem Yılmaz:4:48542,1943754,7,179156,1578,31,33.883148631651004,33.61430179988739,none,342656
Dengeli,23,1639,2015,8,1359,1173,186,5663,147,15,0,0,172,3110845,2055169,1038654,215326,45322,86726,109678,0,760,580842,347936,-232095,59980,520051,520051,914834,9469448,105665,0,812796,1504802,0,3.0,0.0,2.0,0.0,1.0,616.6568913548388,640.909091,408.909091,408.23167148387097,619.3870966774193,1.398416,23.35276177419355,1.0,1.0,1.0,1.0,none,0:1.0500|1:0.9300|2:1.0300|3:0.9400|4:0.9500|5:1.1000|6:0.8200|,Erdem Yılmaz:4:48542,2062584,7,179156,1609,31,33.38816302323002,33.68936652899511,none,401686
Dengeli,23,1669,2015,9,1269,1102,167,5190,160,34,0,0,144,3112902,2045068,1050396,208380,43860,84499,92940,0,1221,619496,674464,165138,59109,450217,450217,805486,9469523,105665,0,830711,1456260,0,3.0,0.0,2.0,0.0,1.0,620.7575756000001,644.090909,407.181818,407.58030299999996,621.1530301333333,1.408139,23.053260266666666,1.0,1.0,1.0,1.0,none,0:1.0500|1:0.9300|2:1.0300|3:0.9400|4:0.9500|5:1.1000|6:0.8200|,Erdem Yılmaz:4:48542,2059544,7,179156,1640,30,33.743304479228705,34.40566269264875,none,440340
Dengeli,23,1700,2015,10,1293,1107,186,5193,161,40,0,0,155,3118725,2089621,1005978,215326,45322,87905,96689,0,302,560434,497974,2281,58224,437469,437469,999240,9586237,105665,0,848626,1504802,0,3.0,0.0,2.0,0.0,1.0,621.9721407419355,648.8636359999999,417.7448679032258,414.2228739032258,621.8929618709677,1.417612,22.47299393548387,1.0,1.0,1.0,1.0,none,0:1.0500|1:0.9300|2:1.0300|3:0.9400|4:0.9500|5:1.1000|6:0.8200|,Erdem Yılmaz:4:48542,2132592,7,179156,1670,31,32.25606618089123,32.83543738712991,none,381278
Dengeli,23,1730,2015,11,1372,1197,175,5629,135,75,0,0,152,3312298,2231920,1059247,208380,43860,85669,94200,0,1066,626072,716955,98913,57327,560715,560715,1035472,9651889,105665,0,866541,1456260,0,3.0,0.0,2.0,0.0,1.0,619.7651516333333,653.863636,416.772727,416.6015152666667,621.4090908666666,1.427469,25.34544023333333,1.0,1.0,1.0,1.0,none,0:1.0500|1:0.9200|2:1.0300|3:0.9300|4:0.9400|5:1.1000|6:0.8200|,Erdem Yılmaz:4:48542,2255604,7,179156,1701,30,31.97921805344809,32.75312012919179,none,446916
Dengeli,23,1761,2015,12,1371,1198,173,5550,209,62,0,0,146,3497950,2308772,1175293,215326,45322,89114,107818,0,425,717288,1271340,732345,56417,482578,482578,1081614,10346924,113794,0,885835,1508210,0,3.0,0.0,2.0,0.0,1.0,630.3225804516129,658.181818,413.590909,414.8841640967742,626.741935483871,1.437072,24.997605451612902,1.0,1.0,1.0,1.0,none,0:1.0500|1:0.9250|2:1.0300|3:0.9350|4:0.9450|5:1.1000|6:0.8200|,Erdem Yılmaz:4:48542,2316936,7,192937,1731,31,33.599479695250075,34.384246760813994,none,524351
Dengeli,23,1792,2016,1,1379,1162,217,5485,203,100,0,0,171,3705690,2474893,1221039,230326,48825,89747,108562,0,451,743128,611149,33656,0,577493,465321,1015782,10518282,113794,0,905129,1610450,0,3.0,0.0,2.0,0.0,1.0,641.0850442258064,662.272727,429.454545,425.0058650967742,639.1847506774194,1.447064,22.766685193548387,1.0,1.0,1.0,1.0,none,0:1.0500|1:0.9300|2:1.0300|3:0.9400|4:0.9500|5:1.1000|6:0.8200|,Erdem Yılmaz:4:51950,2478876,7,192937,1762,31,32.950381710288774,33.011298755437004,none,550191
Dengeli,23,1821,2016,2,1279,1077,202,4967,201,82,0,0,164,3352980,2245343,1093358,215934,45675,84913,102689,0,445,643702,710112,166574,72776,470762,582934,1130656,10584547,113794,0,924423,1506550,0,3.0,0.0,2.0,0.0,1.0,644.114420275862,669.318182,429.3181819999999,428.1551724137931,644.664576586207,1.463258,22.532253103448276,1.0,1.0,1.0,1.0,none,0:1.0500|1:0.9300|2:1.0300|3:0.9400|4:0.9500|5:1.1000|6:0.8200|,Erdem Yılmaz:4:51950,2304162,7,192937,1793,29,32.608545234388515,33.34752825187005,none,450765
Dengeli,23,1852,2016,3,1306,1111,195,5498,165,55,0,0,160,3453095,2234964,1198019,230826,48825,91700,100843,0,445,725380,890372,303430,71827,515115,515115,1051978,10779483,113794,0,943717,1610450,0,3.0,0.0,2.0,0.0,1.0,657.7052787741935,676.590909,424.0,425.54545448387097,653.2199413225806,1.47857,21.87318241935484,1.0,1.0,1.0,1.0,none,0:1.0500|1:0.9300|2:1.0300|3:0.9400|4:0.9500|5:1.1000|6:0.8200|,Erdem Yılmaz:4:51950,2248632,7,192937,1822,31,34.69406431042297,35.53343515955424,none,532443
Dengeli,23,1882,2016,4,1317,1112,205,5276,134,50,0,0,181,3212219,2142166,1053980,223380,47250,89733,98670,0,374,594573,470386,-73380,70862,472904,472904,993564,10597043,113794,0,963011,1558500,0,3.0,0.0,2.0,0.0,1.0,655.1893939999999,684.545455,442.40909100000005,436.4030302333333,656.8348484333333,1.495116,23.602433266666665,1.0,1.0,1.0,1.0,none,0:1.0500|1:0.9300|2:1.0300|3:0.9400|4:0.9500|5:1.1000|6:0.8200|,Erdem Yılmaz:4:51950,2165112,7,192937,1853,30,32.81158600954667,32.47615192623217,none,401636
Dengeli,23,1913,2016,5,1310,1095,215,5177,191,56,0,0,173,3182315,2080648,1081461,230826,48825,93746,103075,0,872,604117,655365,1908,69878,583579,583579,944472,10479591,113794,0,982305,1610450,0,3.0,0.0,2.0,0.0,1.0,673.5263931935483,692.272727,442.409091,440.9076246129032,667.6436950645161,1.511305,21.800487741935484,1.0,1.0,1.0,1.0,none,0:1.0500|1:0.9300|2:1.0300|3:0.9400|4:0.9500|5:1.1000|6:0.8200|,Erdem Yılmaz:4:51950,2126304,7,192937,1883,31,33.98346800992359,34.31451306573121,none,411180
Dengeli,23,1943,2016,6,1311,1117,194,5380,129,39,0,0,180,3121158,2025627,1071820,223380,47250,91714,115980,0,717,592779,615997,77012,68875,470110,470110,910634,10462331,121921,0,1002976,1562186,0,3.0,0.0,2.0,0.0,1.0,673.9848485666666,698.863636,437.272727,438.95757573333333,675.8378787999999,1.528217,22.279241633333335,1.0,1.0,1.0,1.0,none,0:1.0500|1:0.9300|2:1.0300|3:0.9400|4:0.9500|5:1.1000|6:0.8200|,Erdem Yılmaz:4:51950,2036252,7,206719,1914,30,34.34045953457018,35.12128233595632,none,386060
Dengeli,23,1974,2016,7,1288,1114,174,5287,129,22,0,0,159,3235433,2090714,1128339,245826,52297,95824,121148,0,787,612457,-100551,-648427,0,547876,447038,926690,10001464,121921,0,1023647,1724716,0,3.0,0.0,2.0,0.0,1.0,687.741935483871,706.818182,452.19354870967743,446.3416421935484,684.4296186774194,1.544764,21.043899967741936,1.0,1.0,1.020737322580645,0.9937788064516129,0,0:1.0500|1:0.9300|2:1.0300|3:0.9400|4:0.9500|5:1.1000|6:0.8200|,Erdem Yılmaz:4:55636,2126522,7,206719,1944,31,34.87443566286182,34.249530909943715,none|0,405738
Dengeli,23,2005,2016,8,1249,1066,183,5216,142,48,0,0,157,3053803,2010415,1021532,246326,52297,96879,122512,0,789,502729,-488576,-978465,69211,420678,521516,843204,8732659,121921,0,1044318,1724716,0,3.0,0.0,2.0,0.0,1.0,697.4633431612903,715.0,473.49266829032257,464.2272727096774,693.3387097741936,1.562051,20.61341835483871,1.0,1.0,1.2413594516129032,0.9275921612903226,0,0:1.0500|1:0.9300|2:1.0300|3:0.9400|4:0.9500|5:1.1000|6:0.8200|,Erdem Yılmaz:4:55636,2082510,7,206719,1975,31,33.451142722696915,32.11217866387192,0,296010
Dengeli,23,2035,2016,9,1210,1044,166,4840,170,35,0,0,136,3307460,2267430,1015732,238380,50610,94804,104250,0,928,526760,-428290,-929181,68309,432582,432582,1076130,7923732,121921,0,1064989,1669080,0,3.0,0.0,2.0,0.0,1.0,706.1969695666667,723.1818179999999,490.51818180000004,483.4560605666667,698.9318181666666,1.579531,20.574608966666666,1.0,1.0,1.25,0.925,0,0:1.0500|1:0.9300|2:1.0300|3:0.9400|4:0.9500|5:1.1000|6:0.8200|,Erdem Yılmaz:4:55636,2329992,7,206719,2006,30,30.71033360947676,30.540882651905243,0,320041
Dengeli,23,2066,2016,10,1331,1122,209,5293,179,53,0,0,171,3457250,2391767,1044665,246326,52297,99019,108903,0,0,538120,-104341,-730604,67391,558872,558872,1065538,7179986,121921,0,1085660,1724716,0,3.0,0.0,2.0,0.0,1.0,704.8167154516129,731.1363640000001,488.090909,487.65982396774194,704.1026392258065,1.596634,21.704181129032257,1.0,1.0,1.25,0.925,0,0:1.0500|1:0.9200|2:1.0300|3:0.9300|4:0.9400|5:1.1000|6:0.8200|,Erdem Yılmaz:4:55636,2397504,7,206719,2036,31,30.21664617832092,30.749243271386568,0,331401
Dengeli,23,2096,2016,11,1294,1112,182,5248,146,29,0,0,161,3579275,2459070,1104332,238380,50610,96905,106560,0,0,611877,65320,-470105,66455,468970,468970,1094340,6680658,121921,0,1106331,1669080,0,3.0,0.0,2.0,0.0,1.0,712.7575757666667,738.863636,490.045455,488.66363636666665,707.4151516000001,1.614501,22.5337015,1.0,1.0,1.25,0.925,0,0:1.0500|1:0.9250|2:1.0300|3:0.9350|4:0.9450|5:1.1000|6:0.8200|,Erdem Yılmaz:4:55636,2466426,7,206719,2067,30,30.85351083669179,31.246545577170448,0,405158
Dengeli,23,2127,2016,12,1284,1084,200,5198,194,56,0,0,161,3581070,2523934,1033351,246326,52297,101220,122419,0,0,511089,-195195,-703267,65501,442571,442571,1237698,6129429,130050,0,1128381,1728341,0,3.0,0.0,2.0,0.0,1.0,717.9472140645162,747.045455,509.31818200000004,501.9530791290323,719.7683284193548,1.631982,22.7276764516129,1.0,1.0,1.25,0.925,0,0:1.0500|1:0.9250|2:1.0300|3:0.9350|4:0.9450|5:1.1000|6:0.8200|,Erdem Yılmaz:4:55636,2518236,7,220500,2097,31,28.855928535326033,29.05910462182925,0,290589
Dengeli,23,2158,2017,1,1246,1036,210,4614,231,39,0,0,169,3559840,2497187,1041842,261326,55800,102335,123814,0,1068,497499,-215676,-797115,0,581439,581439,938236,4940099,130050,0,1150431,1837091,0,3.0,0.0,2.0,0.0,1.0,731.5249266129032,755.909091,505.04692106451614,505.35483870967744,724.4017594838709,1.650245,22.011984451612904,0.9419354838709677,0.9419354838709677,1.2458870967741935,0.8729952903225807,1,0:1.0500|1:0.9300|2:1.0300|3:0.9400|4:0.9500|5:1.1000|6:0.8200|,Erdem Yılmaz:4:59261,2638022,7,220500,2128,31,29.266540069216592,30.95971132481055,0|1,276999
Dengeli,23,2186,2017,2,1127,950,177,4335,217,42,0,0,145,3045635,2124258,905071,236488,50400,93411,112980,0,425,411367,-217426,-745822,65821,462575,462575,1082726,4262496,130050,0,1172481,1659308,0,3.0,0.0,2.0,0.0,1.0,738.4659090714285,763.4090910000001,515.1136364642857,511.1379870714286,738.4448051071429,1.667464,22.494773464285714,0.9,0.9,1.2237500000000001,0.7945446428571429,1,0:1.0500|1:0.9300|2:1.0300|3:0.9400|4:0.9500|5:1.1000|6:0.8200|,Erdem Yılmaz:4:59261,2146840,7,220500,2159,28,29.71698841128369,30.245441240204755,1,190867
Dengeli,23,2217,2017,3,1400,1163,237,5740,248,26,0,0,209,3817440,2734979,1063801,261826,55800,104381,114793,0,0,527001,-273518,-814907,70738,470651,470651,1317946,3720410,130050,0,1194531,1837091,0,3.0,0.0,2.0,0.0,1.0,728.0278592580645,770.681818,519.6686217096774,517.1950147419354,731.4780059032258,1.683171,26.060158677419356,0.9,0.9,1.1991666774193548,0.8,1,0:1.0500|1:0.9100|2:1.0300|3:0.9200|4:0.9300|5:1.1000|6:0.8200|,Erdem Yılmaz:4:59261,2716412,7,220500,2187,31,27.86686889643321,28.619679164575743,1,306501
Dengeli,23,2247,2017,4,1278,1048,230,4995,225,33,0,0,192,3408485,2366428,1017249,253380,54000,102065,112260,0,498,495046,77387,-595077,69904,602560,486105,1069070,2935718,130050,0,1216581,1777830,0,3.0,0.0,2.0,0.0,1.0,745.1590910333333,778.863636,513.0151515666666,515.0818182,743.7227272666667,1.700734,24.3978918,0.9,0.9,1.1737499999999998,0.8,1,0:1.0500|1:0.9300|2:1.0300|3:0.9400|4:0.9500|5:1.1000|6:0.8200|,Erdem Yılmaz:4:59261,2416862,7,220500,2218,30,29.844608381729714,31.153607633605606,1,274546
Dengeli,23,2278,2017,5,1319,1085,234,5212,207,61,0,0,193,3510895,2382196,1100490,261826,55800,106552,117149,0,1006,558157,318751,-243669,51791,510629,627084,1135134,2573219,130050,0,1238631,1837091,0,3.0,0.0,2.0,0.0,1.0,757.785924064516,785.681818,511.62463338709676,512.9340175483871,757.3005865483871,1.717904,23.52439035483871,0.9,0.9,1.1483333225806451,0.8,1,0:1.0500|1:0.9300|2:1.0300|3:0.9400|4:0.9500|5:1.1000|6:0.8200|,Erdem Yılmaz:4:59261,2406872,7,220500,2248,31,31.34499892477559,32.4842785884819,1,337657
Dengeli,23,2308,2017,6,1274,1075,199,4964,181,30,0,0,168,3139795,2084758,1029538,253380,54000,104195,131760,0,1434,484769,-153911,-687733,67833,465989,465989,1002558,858360,138178,0,1262059,1781751,0,3.0,0.0,2.0,0.0,1.0,770.0606059666667,794.545455,514.1515151,512.9454545333333,761.1772727666666,1.735829,22.982282766666668,0.9,0.9,1.1229166666666666,0.8,1,0:1.0500|1:0.9300|2:1.0300|3:0.9400|4:0.9500|5:1.1000|6:0.8200|,Erdem Yılmaz:4:59261,2078948,7,234281,2279,30,32.78997514168919,33.23233118066348,1,250488
Dengeli,23,2339,2017,7,1277,1090,187,5544,166,20,0,0,166,3690187,2446687,1225171,276826,59272,108753,137516,0,2082,640722,-204700,-824400,0,619700,619700,1014664,147780,138178,0,1285487,1958642,0,3.0,0.0,2.0,0.0,1.0,776.5175952903226,802.272727,512.624633483871,512.8079179677419,773.1876833548387,1.753354,23.19793867741935,0.9,0.9,1.0975,0.8,1,0:1.0500|1:0.9300|2:1.0300|3:0.9400|4:0.9500|5:1.1000|6:0.8200|,Erdem Yılmaz:4:63182,2456952,7,234281,2309,31,33.20078359172584,33.9841573979773,1,406441
Dengeli,23,2370,2017,8,1285,1030,255,4712,158,348,0,0,157,3197696,2131426,1052116,277326,59272,109870,138942,0,108407,358299,-313371,-906723,65713,527639,428914,848623,-5865,0,0,1170737,1958642,0,3.0,0.0,2.0,0.0,1.0,790.6598241935484,810.681818,529.8695014516129,523.6715543225806,782.454545548387,1.7716490000000003,22.189497903225806,0.9,0.9,1.0716666774193546,0.8,1,0:1.0500|1:0.9300|2:1.0300|3:0.9400|4:0.9500|5:1.1000|6:0.8200|,Erdem Yılmaz:4:63182,1458476,7,0,2340,31,32.902314666559924,32.9838844420778,1,358299
Dengeli,23,2400,2017,9,777,59,718,164,9,1682,0,0,12,150360,102912,47448,268380,57360,107436,118140,0,68500,-572368,-6764223,-6914263,0,150040,63719,858679,-6098596,0,0,1055987,1895460,0,3.0,0.0,2.0,0.0,1.0,775.7500000333333,819.545455,528.1454546,526.227273,782.3863635333333,1.790134,6.405279833333333,0.9,0.9,1.04625,0.8,1,0:1.0500|1:0.9300|2:1.0300|3:0.9400|4:0.9500|5:1.1000|6:0.8200|,Erdem Yılmaz:4:63182,0,7,0,2371,30,31.556264964086193,31.918085133444276,1,-572368
Dengeli,23,2431,2017,10,794,59,735,278,27,1653,0,0,13,229642,180335,45408,277326,59272,112134,123318,0,56656,-583298,-7233179,-7233538,0,359,317054,0,2208674,92119,0,1033356,1705914,0,3.0,0.0,2.0,0.0,1.0,800.5205279677419,827.727273,586.516129032258,532.9736072903225,790.6744869032258,1.808208,5.518256677419354,0.9,0.9,1.0208333225806452,0.8,1,0:1.0500|1:0.9300|2:1.0300|3:0.9400|4:0.9500|5:1.1000|6:0.8200|,Erdem Yılmaz:4:63182,1160984,1,156187,2401,31,19.773386401442245,26.733155672943276,1,-739485
Dengeli,23,2461,2017,11,1505,1263,242,7163,253,79,0,0,217,4983793,4017035,930195,268380,57360,109657,120600,0,1676,372522,277543,275184,0,2359,2359,0,2590578,92119,0,1010725,0,0,3.0,0.0,2.0,0.0,1.0,732.7272725,836.136364,587.4136363333333,590.0060606000001,734.8060604333333,1.827075,31.42888986666667,0.9,0.9,1.00125,0.8,1,0:1.0500|1:0.8900|2:1.0300|3:0.9000|4:0.9100|5:1.1000|6:0.8200|,,3946878,1,156187,2432,30,18.664398782212665,19.831885835349016,1,216335
Dengeli,23,2492,2017,12,1658,1347,311,6502,186,75,0,0,279,4827709,3791408,998005,277326,59272,114460,138446,0,3419,405082,340601,273671,0,66930,56926,803130,3612613,97537,0,986762,0,0,3.0,0.0,2.0,0.0,1.0,746.4222872903226,845.227273,581.9002932258065,583.5601173870967,742.8108502258065,1.845521,30.644306322580643,0.9580645161290322,0.9580645161290322,1.0,0.8329032258064516,none,0:1.0500|1:0.8900|2:1.0300|3:0.9000|4:0.9100|5:1.1000|6:0.8200|,,3894474,1,165375,2462,31,20.672434896138107,22.041409650530024,1|none,239707
Dengeli,23,2523,2018,1,1687,1423,264,7414,168,159,0,2,234,5928669,4751480,1149028,292326,62775,115663,139903,0,5598,532763,548217,474856,0,73361,83365,2132428,5424022,97537,0,962799,0,0,3.0,0.0,2.0,0.0,1.0,746.590909,854.090909,596.9985337419355,593.6085043548387,750.1334309354838,1.864777,31.633268064516127,1.0,1.0,1.0,0.983225806451613,none,0:1.0500|1:0.8900|2:1.0300|3:0.9000|4:0.9100|5:1.1000|6:0.8200|,,4762382,1,165375,2493,31,19.380876213531234,20.036726064402764,none,367388
Dengeli,23,2551,2018,2,1741,1417,324,7686,152,145,0,9,286,6082689,4822096,1233153,264488,56700,105394,127484,0,6744,672343,544778,458930,0,85848,85848,2500210,6294716,97537,0,938836,0,0,3.0,0.0,2.0,0.0,1.0,746.5909089999999,861.363636,585.4724024999999,588.2613636071428,755.91233775,1.8813790000000001,33.02055607142857,1.0,1.0,1.0,1.0,2,0:1.0500|1:0.8900|2:1.0300|3:0.9000|4:0.9100|5:1.1000|6:0.8200|,,4805554,1,165375,2524,28,20.273155507375108,21.580560995017418,none|2,506968
Dengeli,23,2582,2018,3,1339,1129,210,5987,109,45,0,0,194,4565379,3509775,1023139,292826,62775,117617,129332,0,11475,409114,224147,168839,0,55308,55308,1479170,5352603,97537,0,914873,0,0,3.0,0.0,2.0,0.0,1.0,768.233137483871,867.954545,594.0205277741936,590.983870967742,762.7741938064515,1.896501,31.685188677419355,1.0,1.0,1.0,1.0,2,0:1.0500|1:0.9000|2:1.0300|3:0.9100|4:0.9200|5:1.1000|6:0.8200|,,3632152,1,165375,2552,31,22.410822847347394,22.677049610260397,2,243739
Dengeli,23,2612,2018,4,1196,970,226,5240,97,32,0,0,214,3909779,3065201,815201,283380,60750,114843,126270,0,7731,222227,94607,-325468,354525,65550,65550,1433428,4921683,97537,0,890910,0,0,3.0,0.0,2.0,0.0,1.0,769.7424239666667,875.6818179999999,607.4969696,602.9409091333333,769.6833332666666,1.9133850000000001,32.26571223333333,1.0,1.0,1.0,1.0,2,0:1.0500|1:0.9000|2:1.0300|3:0.9100|4:0.9200|5:1.1000|6:0.8200|,,3097462,1,165375,2583,30,20.850308930504767,21.077889085361445,2,56852
Dengeli,23,2643,2018,5,1379,1152,227,6253,140,67,0,0,206,4766825,3749595,991358,292826,62775,119694,131626,0,8571,375866,330686,-80529,353341,57874,57874,1707658,5026325,97537,0,866947,0,0,3.0,0.0,2.0,0.0,1.0,772.1554253870968,883.409091,607.4765396129033,606.9809383548387,775.7859237419356,1.929868,33.249587258064516,1.0,1.0,1.0,1.0,2,0:1.0500|1:0.9000|2:1.0300|3:0.9100|4:0.9200|5:1.1000|6:0.8200|,,3806516,1,165375,2613,31,20.797029469300846,21.327168127017533,2,210491
Dengeli,23,2673,2018,6,1428,1179,249,6323,100,58,0,0,220,4321941,3405978,875319,283380,60750,116854,147780,0,6009,260546,250451,-152470,352133,50788,50788,1435372,4606781,102956,0,841653,0,0,3.0,0.0,2.0,0.0,1.0,788.4015152666667,890.909091,631.1515152333334,623.3757575666666,783.0166663,1.94705,32.3960558,1.0,1.0,1.0,1.0,2,0:1.0500|1:0.9150|2:1.0300|3:0.9250|4:0.9350|5:1.1000|6:0.8200|,,3382192,1,174562,2644,30,20.252914142048677,19.945420827881783,2,85984
Dengeli,23,2704,2018,7,1521,1287,234,7038,137,37,0,0,217,5069478,4019487,1028240,307826,66247,121803,154008,0,8684,369672,300941,-131497,350899,81539,81539,1911818,4783126,102956,0,816359,0,0,3.0,0.0,2.0,0.0,1.0,791.9281529354838,898.409091,629.2302053548386,629.2976540967742,789.417888516129,1.963822,33.844993096774196,1.0,1.0,1.0,1.0,2,0:1.0500|1:0.9200|2:1.0300|3:0.9300|4:0.9400|5:1.1000|6:0.8200|,,4149390,1,174562,2674,31,20.282956154460084,20.54453386681149,2,195110
Dengeli,23,2735,2018,8,1486,1234,252,7514,127,54,0,0,244,5156579,4065961,1071751,308326,66247,122888,155403,0,6920,411967,261524,-152963,349639,64848,64848,1928902,4632677,102956,0,791065,0,0,3.0,0.0,2.0,0.0,1.0,792.045455,907.045455,625.2375366774193,626.6217008387097,796.8797656129032,1.9813059999999998,35.6020904516129,1.0,1.0,1.0,1.0,2,0:1.0500|1:0.9200|2:1.0300|3:0.9300|4:0.9400|5:1.1000|6:0.8200|,,4037686,1,174562,2705,31,20.784147784800737,21.060397136245257,2,237405
Dengeli,23,2765,2018,9,1540,1248,292,7209,121,70,0,0,269,5570330,4390630,1146565,298380,64110,119974,131940,0,7677,524484,329942,-99721,348354,81309,69186,2173596,4698629,102956,0,765771,0,0,3.0,0.0,2.0,0.0,1.0,808.9696971666667,915.454545,640.0666666,636.1954546,804.0878787333334,1.998945,34.8651052,1.0,1.0,1.0,1.0,2,0:1.0500|1:0.9300|2:1.0300|3:0.9400|4:0.9500|5:1.1000|6:0.8200|,,4451912,1,174562,2736,30,20.583430425127418,20.87878336583339,2,349922
Dengeli,23,2796,2018,10,1553,1276,277,7656,172,96,0,0,246,6067450,4773745,1258390,308326,66247,125028,137516,0,7757,613516,478090,48453,347041,82596,94719,2170550,4693685,102956,0,740477,0,0,3.0,0.0,2.0,0.0,1.0,810.454545,922.954545,636.1950147419354,637.2052786129032,810.7375363870967,2.016165,35.72913461290322,1.0,1.0,1.0,1.0,2,0:1.0500|1:0.9300|2:1.0300|3:0.9400|4:0.9500|5:1.1000|6:0.8200|,,4782978,1,174562,2766,31,20.7400143388079,21.501456353491683,2,438954
Dengeli,23,2826,2018,11,1427,1176,251,7123,133,67,0,0,231,5381420,4222003,1123779,298380,64110,122075,134250,0,5269,499695,452232,41738,345702,64792,64792,1750926,4259193,102956,0,715183,0,0,3.0,0.0,2.0,0.0,1.0,813.0151515333333,931.8181820000001,637.3651516000001,636.9696969,817.9409088666667,2.034115,37.5319473,1.0,1.0,1.0,1.0,2,0:1.0500|1:0.9300|2:1.0300|3:0.9400|4:0.9500|5:1.1000|6:0.8200|,,4248598,1,174562,2797,30,20.882573744476364,21.604763404723787,2,325133
Dengeli,23,2857,2018,12,1250,1041,209,6024,161,61,0,0,190,5161285,4056097,1071507,308326,66247,127230,153915,0,8403,407386,363535,-59185,344334,78386,78386,1793908,4198043,111626,0,687759,0,0,3.0,0.0,2.0,0.0,1.0,831.4076248064516,939.318182,655.5469208709678,650.2932551612903,825.6407623870969,2.051637,35.79804116129032,1.0,1.0,1.0,1.0,2,0:1.0500|1:0.9300|2:1.0300|3:0.9400|4:0.9500|5:1.1000|6:0.8200|,,4067708,1,189262,2827,31,20.760469534234208,21.1521639552468,2,218124
Dengeli,23,2888,2019,1,1339,1069,270,6216,115,67,0,0,254,5364140,4242204,1088658,332326,71827,128395,155279,0,10474,390357,240190,-172716,342938,69968,69968,1813566,3930560,111626,0,660335,0,0,3.0,0.0,2.0,0.0,1.0,831.818182,947.272727,654.0102638387098,654.2199413225806,832.1407622258064,2.069903,33.35864422580645,1.0,1.0,1.0,1.0,2,0:1.0500|1:0.9300|2:1.0300|3:0.9400|4:0.9500|5:1.1000|6:0.8200|,,4321494,1,189262,2858,31,20.2951078830903,21.375815293406298,2,201095
Dengeli,23,2916,2019,2,1227,993,234,5654,171,78,0,0,206,5081520,4029776,1025092,300888,64876,117511,142128,0,6947,392742,183908,-220010,341512,62406,62406,2035280,3789177,111626,0,632911,0,0,3.0,0.0,2.0,0.0,1.0,846.3149347142856,959.7727270000001,674.2922078214286,668.9009740714285,843.53571425,2.097689,32.636877500000004,1.0,1.0,1.0,1.0,2,0:1.0500|1:0.9300|2:1.0300|3:0.9400|4:0.9500|5:1.1000|6:0.8200|,,4129676,1,189262,2889,28,20.172940380043766,20.32608900502643,2,203480
Dengeli,23,2947,2019,3,1269,1014,255,5938,136,52,0,0,239,4880635,3924869,933167,333126,71827,131683,144801,0,7899,243831,32621,-376126,340057,68690,62314,1888368,3165313,111626,0,605487,0,0,3.0,0.0,2.0,0.0,1.0,848.8269793548387,971.818182,685.5498532903225,681.4956011612904,853.7844577741935,2.1231059999999995,34.15231719354839,1.0,1.0,1.0,1.0,2,0:1.0500|1:0.9300|2:1.0300|3:0.9400|4:0.9500|5:1.1000|6:0.8200|,,3983376,1,189262,2917,31,19.119786667103767,19.23561927645337,2,54569
Dengeli,23,2977,2019,4,1085,886,199,5388,106,36,0,0,181,4329430,3357788,949037,322380,69510,129146,142020,0,7543,278438,130597,-271239,338572,63264,69640,1911312,2855050,111626,0,578063,0,0,3.0,0.0,2.0,0.0,1.0,870.9090905666667,984.3181820000001,672.9196970333334,676.7909091333333,864.8151517666666,2.151607,33.282695833333335,1.0,1.0,1.0,1.0,2,0:1.0500|1:0.9300|2:1.0300|3:0.9400|4:0.9500|5:1.1000|6:0.8200|,,3363206,1,189262,2948,30,21.920599247475995,22.733646448047672,2,89176
Dengeli,23,3008,2019,5,1556,1257,299,7779,121,60,0,0,274,6343355,4960771,1347828,333126,71827,135188,148645,0,5894,653148,534944,113806,337056,84082,84082,2208648,3241716,111626,0,550639,0,0,3.0,0.0,2.0,0.0,1.0,872.1700879032257,997.727273,681.6774193548387,680.3460411612903,876.642229032258,2.179552,34.09950367741936,1.0,1.0,1.0,1.0,2,0:1.0500|1:0.9300|2:1.0300|3:0.9400|4:0.9500|5:1.1000|6:0.8200|,,4945708,1,189262,2978,31,21.247872773950064,21.841229272875932,2,463886
Dengeli,23,3038,2019,6,1586,1276,310,7828,159,78,0,3,279,5902196,4608923,1257827,322380,69510,132597,167640,0,6142,559558,398064,-33252,335508,95808,77664,2045292,3013030,120296,0,521085,0,0,3.0,0.0,2.0,0.0,1.0,889.2651519333333,1010.6818179999999,701.0969697666666,696.0030303,888.3545455333333,2.20881,32.65091373333333,1.0,1.0,1.0,1.0,none,0:1.0500|1:0.9300|2:1.0300|3:0.9400|4:0.9500|5:1.1000|6:0.8200|,,4618748,1,203962,3009,30,21.31116960534689,21.15996356739878,2|none,355596
Dengeli,23,3069,2019,7,1705,1412,293,8643,111,65,0,0,277,6378698,4995687,1353375,357126,77407,138785,175491,0,10980,593586,460093,47918,333928,78247,96391,2218940,3115490,120296,0,491531,0,0,3.0,0.0,2.0,0.0,1.0,892.272727,1024.318182,701.4398826129033,700.9222874193548,898.7023457419355,2.237498,34.06252822580645,1.0,1.0,1.0,1.0,none,0:1.0500|1:0.9300|2:1.0300|3:0.9400|4:0.9500|5:1.1000|6:0.8200|,,5048862,1,203962,3039,31,21.217104180194767,21.387277523175577,none,389624
Dengeli,23,3100,2019,8,1771,1456,315,8837,162,74,0,3,282,6719835,5255049,1418657,357926,77407,140646,177847,0,8483,656348,479970,64470,332315,83185,83185,2401458,3275098,120296,0,461977,0,0,3.0,0.0,2.0,0.0,1.0,913.760996935484,1037.727273,721.244868,716.6070381612903,912.1085046451612,2.267534,33.25164187096774,0.9709677419354839,0.9709677419354839,1.0,0.9745967741935483,3,0:1.0500|1:0.9300|2:1.0300|3:0.9400|4:0.9500|5:1.1000|6:0.8200|,,5309522,1,203962,3070,31,21.111485624275,21.068543041466295,none|3,452386
Dengeli,23,3130,2019,9,1601,1258,343,7635,210,103,0,0,315,6476970,5103058,1333186,346380,74910,137940,151680,0,9793,612483,385541,-47863,330668,102736,102736,2260564,2948626,120296,0,432423,0,0,3.0,0.0,2.0,0.0,1.0,919.8030302999999,1051.136364,726.8166665666666,725.0818182,923.6681816333333,2.297973,33.8444149,0.95,0.95,1.0,0.925,3,0:1.0500|1:0.9300|2:1.0300|3:0.9400|4:0.9500|5:1.1000|6:0.8200|,,5200816,1,203962,3101,30,20.58348270873572,20.98127070427127,3,408521
Dengeli,23,3161,2019,10,1597,1301,296,7614,200,112,0,0,271,6662600,5144440,1467974,357926,77407,144398,158751,0,6706,722786,494768,78410,328988,87370,87370,2563094,3266601,120296,0,402869,0,0,3.0,0.0,2.0,0.0,1.0,941.1876833870967,1065.227273,728.5410557096774,727.409090935484,936.020527516129,2.327819,32.430767677419354,0.95,0.95,1.0,0.925,3,0:1.0500|1:0.9300|2:1.0300|3:0.9400|4:0.9500|5:1.1000|6:0.8200|,,5175228,1,203962,3131,31,22.033050160597966,22.593435021605664,3,518824
Dengeli,23,3191,2019,11,1645,1293,352,8147,222,85,0,0,323,6919210,5449860,1430135,346380,74910,141601,155700,0,8475,703069,728294,315663,327272,85359,85359,2360476,3306300,120296,0,373315,0,0,3.0,0.0,2.0,0.0,1.0,946.0227272,1079.772727,749.6303030333333,744.7818182333334,948.7530300666666,2.359067,33.479516833333335,0.95,0.95,1.0,0.925,3,0:1.0500|1:0.9300|2:1.0300|3:0.9400|4:0.9500|5:1.1000|6:0.8200|,,5478342,1,203962,3162,30,20.66905036846692,20.759799793387735,3,499107
Dengeli,23,3222,2019,12,1597,1280,317,7186,229,137,0,0,267,6846834,5308943,1504560,357926,77407,148214,179273,0,10038,731702,747977,310027,325520,112430,112430,2345710,3497396,138720,0,339235,0,0,3.0,0.0,2.0,0.0,1.0,967.0454548064516,1093.863636,746.760997032258,747.0322579354838,961.2727276129032,2.389707,31.708383709677417,0.95,0.95,1.0,0.925,3,0:1.0500|1:0.9300|2:1.0300|3:0.9400|4:0.9500|5:1.1000|6:0.8200|,,5360608,1,235200,3192,31,21.97453596801091,22.77912136180633,3,496502
Dengeli,23,3253,2020,1,1587,1232,355,7413,148,128,0,0,316,7007539,5425453,1533418,408926,89280,150276,181691,0,8765,694480,643351,220538,323732,99081,99081,2492418,3730828,138720,0,305155,0,0,3.0,0.0,2.0,0.0,1.0,972.4926687419355,1108.409091,752.5395894193548,750.9897360322581,974.0703815483871,2.421786,32.4160539032258,0.95,0.95,1.0,0.925,3,0:1.0500|1:0.9300|2:1.0300|3:0.9400|4:0.9500|5:1.1000|6:0.8200|,,5520316,1,235200,3223,31,21.882404079377938,22.617453724059725,3,459280
Dengeli,23,3282,2020,2,1510,1159,351,6695,190,142,0,0,302,7361058,5780591,1536504,384134,83520,143831,173913,0,11056,740050,480896,67360,321907,91629,91629,2479932,3614926,138720,0,271075,0,0,3.0,0.0,2.0,0.0,1.0,1004.7884011034483,1134.318182,790.822884,782.8855799655173,997.0188085172414,2.477969,30.848334931034483,0.95,0.95,1.0,0.925,3,0:1.0500|1:0.9300|2:1.0300|3:0.9400|4:0.9500|5:1.1000|6:0.8200|,,5905886,1,235200,3254,29,20.873412490432763,21.294584697481934,3,504850
Dengeli,23,3313,2020,3,1688,1312,376,7594,190,118,0,0,342,7218390,5626024,1553663,410626,89280,157071,172670,0,7805,716211,562639,129972,320043,112624,112624,2570388,3767971,138720,0,236995,0,0,3.0,0.0,2.0,0.0,1.0,1027.8958947741935,1159.772727,801.1187682580645,797.8005865483871,1019.227273,2.531706,30.993153903225807,0.95,0.95,1.0,0.925,3,0:1.0500|1:0.9300|2:1.0300|3:0.9400|4:0.9500|5:1.1000|6:0.8200|,,5640802,1,235200,3283,31,21.523677717607388,22.06226600077501,3,481011
Dengeli,23,3343,2020,4,1618,1239,379,7206,179,93,0,2,338,7100157,5538531,1525414,397380,86400,155546,170970,0,11904,703214,771715,354746,318141,98828,98828,2914280,4221030,138720,0,202915,0,0,3.0,0.0,2.0,0.0,1.0,1050.8409094666667,1186.1363640000002,823.7909090666667,818.0090909333334,1042.5378789,2.590438,31.068272266666668,0.95,0.95,1.0,0.925,3,0:1.0500|1:0.9300|2:1.0300|3:0.9400|4:0.9500|5:1.1000|6:0.8200|,,5727112,1,235200,3314,30,21.484229151552565,21.606505642727093,3,468014
Dengeli,23,3374,2020,5,1743,1354,389,7718,207,80,0,6,353,7737800,6060616,1632300,410626,89280,164330,180637,0,14450,772977,694147,268562,316199,109386,91103,2693820,4149323,138720,0,168835,0,0,3.0,0.0,2.0,0.0,1.0,1075.3885634193548,1212.5,845.8108503225807,840.1744868709677,1065.6994134838708,2.648573,31.385945225806452,0.95,0.95,1.0,0.925,3,0:1.0500|1:0.9300|2:1.0300|3:0.9400|4:0.9500|5:1.1000|6:0.8200|,,6148440,1,235200,3344,31,21.095143322391376,21.34834988079084,3,537777
Dengeli,23,3404,2020,6,1746,1361,385,7978,198,36,0,0,366,7402634,5691156,1654122,397380,86400,162722,205680,0,8765,793175,571924,148327,314217,109380,127663,2721350,4218957,159311,0,129696,0,0,3.0,0.0,2.0,0.0,1.0,1096.7196972,1240.681818,846.7893939333334,845.8030303666667,1090.1757578,2.710017,31.497183466666666,0.95,0.95,1.0,0.925,3,0:1.0500|1:0.9300|2:1.0300|3:0.9400|4:0.9500|5:1.1000|6:0.8200|,,5739318,1,270112,3375,30,22.34504637133215,22.788895276045068,3,523063
Dengeli,23,3435,2020,7,1709,1331,378,7796,123,60,0,0,356,7687347,6041454,1614332,467626,102517,171930,217310,0,12464,642485,487374,82599,312193,92582,92582,2982258,4355775,159311,0,90557,0,0,3.0,0.0,2.0,0.0,1.0,1117.082111483871,1268.409091,892.6847507419355,879.8665688709677,1114.8973608387096,2.770836,31.31318519354839,0.95,0.95,1.0,0.925,3,0:1.0500|1:0.9300|2:1.0300|3:0.9400|4:0.9500|5:1.1000|6:0.8200|,,6180546,1,270112,3405,31,20.999858598811787,20.087812564096847,3,372373
Dengeli,23,3466,2020,8,1700,1327,373,7812,141,62,0,3,344,7379809,5718497,1614900,469526,102517,175902,222363,0,14875,629717,411611,-19829,310127,121313,121313,2661042,4042829,159311,0,51418,0,0,3.0,0.0,2.0,0.0,1.0,1142.2214071935484,1297.272727,891.0469207741936,890.4149560967742,1140.1832843548389,2.835116,31.627968193548387,0.95,0.95,1.0,0.925,3,0:1.0500|1:0.9300|2:1.0300|3:0.9400|4:0.9500|5:1.1000|6:0.8200|,,5635586,1,270112,3436,31,21.882680161505537,21.989999910480886,3,359605
Dengeli,23,3496,2020,9,1688,1288,400,7384,176,82,0,3,364,8137840,6290651,1791058,454380,99210,174190,191460,0,21373,850445,632624,211776,308018,112830,112830,2912548,4344596,159311,0,12279,0,0,3.0,0.0,2.0,0.0,1.0,1169.9469695666667,1328.409091,905.1772727333333,901.680303,1167.1757575000001,2.900887,30.910557266666668,0.95,0.95,1.0,0.925,3,0:1.0500|1:0.9300|2:1.0300|3:0.9400|4:0.9500|5:1.1000|6:0.8200|,,6404964,1,270112,3467,30,22.009009761804116,22.6309143679735,3,580333
Dengeli,23,3527,2020,10,1687,1292,395,7313,214,107,0,0,363,8311645,6575811,1681046,469526,102517,184030,202275,0,17896,704802,491058,94915,305866,90277,90277,3189490,4577861,159311,0,0,0,0,3.0,0.0,2.0,0.0,1.0,1191.8841644193546,1356.818182,948.9501466451613,937.4134898064516,1192.6055717741935,2.965989,31.515865387096778,0.95,0.95,1.0,0.925,3,0:1.0500|1:0.9300|2:1.0300|3:0.9400|4:0.9500|5:1.1000|6:0.8200|,,6663706,1,270112,3497,31,20.22519007970143,20.38235132459726,3,434690
Dengeli,23,3557,2020,11,1570,1221,349,6964,208,101,0,0,318,8011810,6217973,1737833,454380,99210,182236,200310,0,25288,776409,758162,319378,303668,135116,135116,2763812,4267203,159311,0,0,0,0,3.0,0.0,2.0,0.0,1.0,1225.159091,1389.545455,951.5090909333334,949.6999999333333,1220.8257578,3.034797,31.362961933333334,0.95,0.95,1.0,0.925,3,0:1.0500|1:0.9300|2:1.0300|3:0.9400|4:0.9500|5:1.1000|6:0.8200|,,6370652,1,270112,3528,30,21.69089132168636,22.335874751033995,3,506297
Dengeli,23,3588,2020,12,1670,1292,378,7170,281,145,0,0,333,8911259,7099194,1762598,469526,102517,192530,232779,0,16764,748482,608985,200740,301425,106820,106820,3319150,4890568,179902,0,0,0,0,3.0,0.0,2.0,0.0,1.0,1251.6862173548386,1420.681818,1000.5982405161291,988.3548386774194,1248.2580643225806,3.102904,30.818407290322583,0.95,0.95,1.0,0.925,3,0:1.0500|1:0.9300|2:1.0300|3:0.9400|4:0.9500|5:1.1000|6:0.8200|,,7171448,1,305025,3558,31,19.779449794916744,20.05997776098616,3,443457
Dengeli,23,3619,2021,1,1590,1236,354,7099,194,121,0,0,315,9412351,7490714,1869953,526526,115785,196984,238173,0,9396,783089,575216,140717,299134,135365,107425,3153624,4790642,179902,0,0,0,0,3.0,0.0,2.0,0.0,1.0,1283.812316451613,1453.409091,1014.8929619677418,1010.2932550645162,1277.008798032258,3.174888,30.059761354838706,0.95,0.95,1.0,0.925,3,0:1.0500|1:0.9300|2:1.0300|3:0.9400|4:0.9500|5:1.1000|6:0.8200|,,7533238,1,305025,3589,31,19.867013034256797,20.946936794246493,3,478064
Dengeli,23,3647,2021,2,1476,1128,348,6122,200,88,0,0,300,8224760,6494104,1688659,477288,104580,181676,219688,0,20068,685359,553144,149858,296797,106489,118380,3435288,5004384,179902,0,0,0,0,3.0,0.0,2.0,0.0,1.0,1315.7954545357145,1484.545455,1039.5178571071428,1032.3717531428572,1304.6590910714287,3.242156,29.703633107142856,0.95,0.95,1.0,0.925,3,0:1.0500|1:0.9300|2:1.0300|3:0.9400|4:0.9500|5:1.1000|6:0.8200|,,6627436,1,305025,3620,28,20.531407603382956,20.997001963808856,3,380334
Dengeli,23,3653,2021,3,339,257,82,1392,41,30,0,0,72,1853455,1470226,370024,102276,22410,39648,43614,0,1579,160497,153891,153891,0,0,16049,3316896,5104839,0,0,0,0,0,3.0,0.0,2.0,0.0,1.0,1324.772727,1513.181818,1048.8030301666668,1040.901515,1329.6060601666668,3.304138,31.181074166666665,0.9499999999999998,0.9499999999999998,1.0,0.9250000000000002,3,0:1.0500|1:0.9300|2:1.0300|3:0.9400|4:0.9500|5:1.1000|6:0.8200|,,1402426,1,0,3648,6,19.964013153812743,20.831474803853904,3,160497
Atak,21,25,2011,3,1481,1341,140,6065,208,75,0,4,112,2529530,1875968,644021,168750,37975,50012,55000,0,10442,321842,200567,139997,0,60570,66012,490282,140790,71527,0,12127,0,0,3.0,1.0,2.0,0.0,0.0,433.58181832,457.7272730000001,312.31272712,323.31272732,432.97454511999996,1.0,33.17696092,1.0,1.0,1.0,1.0,none,0:1.0000|1:0.9100|2:1.0300|3:0.9400|4:0.9500|5:1.1000|6:0.8200|,,2130312,1,121275,1,25,25.46010523694125,27.9691366372053,none,200567
Atak,21,55,2011,4,1743,1554,189,7301,240,90,0,5,145,2976755,2061953,891707,202500,45570,60374,66390,0,10552,506321,385046,279480,0,105566,116118,935548,899612,71527,0,24254,0,0,3.0,1.0,2.0,0.0,0.0,434.2954547,459.09090899999995,298.52727276666667,301.05303026666667,433.8196969333333,1.00592,30.453901433333332,1.0,1.0,1.0,1.0,none,0:1.0000|1:0.9200|2:1.0300|3:0.9400|4:0.9500|5:1.1000|6:0.8200|,,2049670,1,121275,26,30,29.955673207905924,31.261709157678947,none,385046
Atak,21,86,2011,5,2190,1945,245,11111,244,141,0,36,178,3921535,2901981,995687,209250,47089,62821,69099,0,9544,597884,476609,322059,0,154550,164094,1451066,1764874,71527,0,36381,0,0,3.0,1.0,2.0,0.0,0.0,405.61583593548386,464.31818200000004,295.0469207419355,296.48973606451614,407.2082110967742,1.01307,42.54341583870968,1.0,1.0,1.0,1.0,none,0:1.0000|1:0.8900|2:1.0300|3:0.9100|4:0.9500|5:1.1000|6:0.8200|,,2893388,1,121275,56,31,25.390236221275597,27.259516369359694,none,476609
Atak,21,116,2011,6,2064,1854,210,10632,240,68,0,31,153,3618110,2555856,1043469,202500,45570,61245,77460,0,9214,647480,545572,407461,0,138111,147325,1093608,1825880,78030,0,49611,0,0,3.0,1.0,2.0,0.0,0.0,419.5075758666666,466.818182,291.32727259999996,292.1924242333333,423.3045453666667,1.020512,42.14602576666667,1.0,1.0,1.0,1.0,none,0:1.0500|1:0.8950|2:1.0300|3:0.9050|4:0.9500|5:1.1000|6:0.8200|,,2560704,1,132300,87,30,28.840167932981583,30.554943614988876,none,515180
Atak,21,147,2011,7,2192,1983,209,11483,216,81,0,30,166,3953625,2880209,1052471,222750,50220,63751,80600,0,13570,621580,564064,408738,0,155326,129783,1331778,2471622,78030,0,62841,0,0,3.0,1.0,2.0,0.0,0.0,420.65249290322583,470.227273,303.45454551612903,301.0762464193548,421.15249277419355,1.027766,41.177234870967744,1.0,1.0,1.0,1.0,none,0:1.0500|1:0.9050|2:1.0300|3:0.9150|4:0.9500|5:1.1000|6:0.8200|,,2934560,1,132300,117,31,26.620405324227765,27.860989620726922,none,489280
Atak,21,178,2011,8,2339,2083,256,11631,222,125,0,67,167,3999000,2927740,1051001,223200,50220,64216,81189,0,10339,621837,186458,53850,0,132608,171710,1410014,2431592,78030,0,76071,0,0,3.0,1.0,2.0,0.0,0.0,421.136364,474.090909,303.91348954838713,303.7023460645161,426.98827006451614,1.035317,41.34006980645161,1.0,1.0,1.0,1.0,none,0:1.0500|1:0.9050|2:1.0300|3:0.9150|4:0.9500|5:1.1000|6:0.8200|,,2969638,1,132300,148,31,26.281595398849714,27.834897309322088,none,489537
Atak,21,208,2011,9,1998,1788,210,10583,234,133,0,18,156,4009660,3015437,969783,227180,48600,62595,68820,0,7399,555189,-5551,-91292,0,85741,90130,1287584,10465393,78030,0,89301,0,0,3.8666666666666667,1.0,2.0,0.0,0.8666666666666667,398.65909096666667,477.272727,295.75757566666664,297.9696970333333,408.5636364,1.042922,44.545492366666664,1.0,1.0,1.0,1.0,none,0:1.0500|1:0.8900|2:1.0300|3:0.9000|4:0.9300|5:1.1000|6:0.8200|,,2984902,3,132300,179,30,24.18616541053356,25.811907374414798,none,422889
Atak,21,239,2011,10,1933,1730,203,10022,247,104,0,15,159,3701975,2747445,932142,222130,46980,65146,71641,0,0,526245,827559,515241,116600,195718,195718,1189880,10921011,78030,0,102531,0,0,3.806451612903226,0.8064516129032258,2.0,0.0,1.0,399.7067448709677,481.136364,293.0410556774193,293.45014658064514,408.66862187096774,1.050335,44.97050141935484,1.0,1.0,1.0,1.0,none,0:1.0500|1:0.8950|2:1.0300|3:0.9050|4:0.9350|5:1.1000|6:0.8200|,,2745062,3,132300,209,31,25.179586572032495,26.685986804646483,none,393945
Atak,21,269,2011,11,1959,1761,198,10469,208,121,0,22,150,4009980,2969601,1025269,156900,32400,63495,69840,0,0,702634,1055192,671359,116600,267233,267233,1344348,11770747,78030,0,115761,0,0,3.0,0.0,2.0,0.0,1.0,400.0,484.545455,293.72121203333336,293.56515153333334,409.51363626666665,1.058051,46.13431886666667,1.0,1.0,1.0,1.0,none,0:1.0500|1:0.9000|2:1.0300|3:0.9100|4:0.9400|5:1.1000|6:0.8200|,,2961688,3,132300,240,30,25.567933007147168,26.56969699166666,none,570334
Atak,21,300,2011,12,1988,1790,198,9838,290,146,0,19,145,4127255,3000389,1109789,242130,51480,66077,79949,0,21502,648651,-1025601,-1374277,116600,232076,232076,1226712,5317710,79655,0,129266,0,0,3.6451612903225805,0.0,2.0,0.6451612903225806,1.0,408.629032,487.5,294.08211135483873,294.3313782258065,417.747800516129,1.065572,44.55064164516129,1.0,1.0,1.0,1.0,none,0:1.0500|1:0.9050|2:1.0300|3:0.9150|4:0.9450|5:1.1000|6:0.8200|,,3008426,5,135056,270,31,26.889276286539115,28.03200743826769,none,513595
Atak,21,331,2012,1,1952,1743,209,10148,220,158,0,20,161,4200235,3012582,1171585,289130,62062,66569,80538,0,0,673286,743820,231029,126140,386651,386651,1229352,5533161,79655,0,142771,0,0,4.0,0.0,2.0,1.0,1.0,409.479472516129,491.81818200000004,289.945748,291.120234516129,418.60410583870964,1.0734,46.06414348387097,1.0,1.0,1.0,1.0,none,0:1.0500|1:0.9100|2:1.0300|3:0.9200|4:0.9500|5:1.1000|6:0.8200|,,3065108,5,135056,301,31,27.893320254700036,29.19162803977206,none,538230
Atak,21,360,2012,2,1855,1640,215,9321,227,152,0,18,165,3839085,2813682,1011450,270570,58058,62623,75777,0,0,544422,872510,544773,0,327737,327737,1388382,6206627,79655,0,156276,0,0,4.0,0.0,2.0,1.0,1.0,409.184953,494.3181819999999,298.0815047931034,296.36990596551726,419.3385580689655,1.079586,46.683173172413795,1.0,1.0,1.0,1.0,none,0:1.0500|1:0.9100|2:1.0300|3:0.9200|4:0.9500|5:1.1000|6:0.8200|,,2858880,5,135056,332,29,26.346121536772433,27.152378745192173,none,409366
Atak,21,391,2012,3,2108,1854,254,11140,257,132,0,28,198,4424525,3233059,1175782,289230,62062,67313,74028,0,0,683149,1384616,773408,246754,364454,364454,1449308,6842984,79655,0,169781,0,0,4.0,0.0,2.0,1.0,1.0,409.31818200000004,496.590909,295.1202349354839,295.6627567096774,419.7932553548387,1.085405,47.90052061290322,1.0,1.0,1.0,1.0,none,0:1.0500|1:0.9100|2:1.0300|3:0.9200|4:0.9500|5:1.1000|6:0.8200|,,3199898,5,135056,361,31,26.57419723021115,27.899553962280653,none,548093
Atak,21,421,2012,4,1883,1694,189,9651,269,103,0,16,148,3933710,2705048,1210963,279900,60060,65502,72060,0,0,733441,1552434,815888,120561,615985,615985,1309262,7624866,79655,0,183286,0,0,4.0,0.0,2.0,1.0,1.0,424.4621214,499.318182,289.0,290.43181823333333,433.5227275,1.09166,43.8916015,1.0,1.0,1.0,1.0,none,0:1.0500|1:0.9300|2:1.0300|3:0.9400|4:0.9500|5:1.1000|6:0.8200|,,2768558,5,135056,392,30,30.7842469322853,31.91383036799759,none,598385
Atak,21,452,2012,5,2014,1795,219,10141,258,130,0,19,172,4108025,2898550,1194202,289230,62062,68058,74865,0,0,699987,1259727,674355,121830,463542,463542,1377934,8226811,79655,0,196791,52984,0,4.0,0.0,2.0,1.0,1.0,426.136364,502.045455,300.636364,298.22434016129034,435.2785921935484,1.097747,44.36425596774193,1.0,1.0,1.0,1.0,none,0:1.0500|1:0.9300|2:1.0300|3:0.9400|4:0.9500|5:1.1000|6:0.8200|,Can Taş:6:13246,2896888,5,135056,422,31,29.069978882796477,29.45066664153543,none,564931
Atak,21,482,2012,6,1958,1787,171,10765,212,87,0,13,134,3841620,2699966,1130278,279900,60060,66252,83790,0,0,640276,502328,142979,2935,356414,356414,1200248,8346884,82906,0,210847,397875,0,4.0,0.0,2.0,1.0,1.0,426.136364,505.227273,298.636364,299.03939379999997,436.2560605,1.104074,46.939361999999996,1.0,1.0,1.0,1.0,none,0:1.0500|1:0.9300|2:1.0300|3:0.9400|4:0.9500|5:1.1000|6:0.8200|,Can Taş:6:13246,2711544,5,140569,453,30,29.421910548154163,29.919999974468265,none,499707
Atak,21,513,2012,7,2134,1919,215,11652,203,88,0,24,165,4317455,3024775,1263880,295230,63457,68833,87079,0,0,749281,-182838,-765659,121721,461100,461100,1439124,31959241,82906,0,224903,425971,0,4.0,0.0,2.0,1.0,1.0,426.79618787096774,508.18181799999996,297.3064518064516,297.78885641935483,436.8988266451613,1.11023,47.8259985483871,1.0,1.0,1.0,1.0,none,0:1.0500|1:0.9300|2:1.0300|3:0.9400|4:0.9500|5:1.1000|6:0.8200|,Can Taş:6:13741,3078540,5,140569,483,31,29.27372723050964,30.339946734403462,none,608712
Atak,21,544,2012,8,1960,1745,215,9485,209,103,0,27,168,3855320,2619161,1224713,295430,63457,69236,87575,0,0,709015,-3748240,-4742232,542644,451348,451348,965198,22386195,82906,0,238959,878983,0,4.0,0.0,2.0,1.0,1.0,441.56158374193546,510.909091,300.227273,299.43841645161285,448.705278483871,1.116629,39.95942203225807,1.0,1.0,1.0,1.0,none,0:1.0500|1:0.9300|2:1.0300|3:0.9400|4:0.9500|5:1.1000|6:0.8200|,Can Taş:6:13741|Özlem Yavuz:4:37751,2610668,9,140569,514,31,31.766831287675213,32.00783671990277,none,568446
Atak,21,574,2012,9,1837,1634,203,8719,210,122,0,9,165,3855300,2673807,1167733,285900,61410,67393,74130,0,0,678900,2850229,945917,540648,1363664,1043741,1160562,22352099,82906,0,253015,1544760,0,4.0,0.0,2.0,1.0,1.0,444.4999997333333,514.090909,307.454545,305.7212121333333,451.79090900000006,1.123064,37.967822166666664,1.0,1.0,1.0,1.0,none,0:1.0500|1:0.9300|2:1.0300|3:0.9400|4:0.9500|5:1.1000|6:0.8200|,Can Taş:6:13741|Özlem Yavuz:4:37751,2693768,11,140569,545,30,30.289030685030998,30.831373411822344,none,538331
Atak,21,605,2012,10,1916,1694,222,8788,223,106,0,12,186,3928000,2682837,1228553,295430,63457,70042,77035,0,0,722589,7900958,5841926,436247,1622785,1942708,1090632,27410940,82906,0,267071,1596252,0,4.0,0.0,2.0,1.0,1.0,443.9222874516129,516.818182,297.909091,299.8387098387097,452.1304985483871,1.129326,39.11700138709677,1.0,1.0,1.0,1.0,none,0:1.0500|1:0.9300|2:1.0300|3:0.9400|4:0.9500|5:1.1000|6:0.8200|,Can Taş:6:13741|Özlem Yavuz:4:37751,2678638,11,140569,575,31,31.27680753564155,32.8916120183599,none,582020
Atak,21,635,2012,11,1817,1629,188,8714,195,107,0,3,162,3716850,2528248,1173496,285900,61410,68172,74970,0,0,683044,6641242,4105648,536564,1999030,1999030,1076310,23325034,82906,0,281127,1544760,0,4.0,0.0,2.0,1.0,1.0,445.0,520.227273,299.90909100000005,299.6333332333333,453.9515149,1.135835,40.8495069,1.0,1.0,1.0,1.0,none,0:1.0500|1:0.9300|2:1.0300|3:0.9400|4:0.9500|5:1.1000|6:0.8200|,Can Taş:6:13741|Özlem Yavuz:4:37751,2558226,12,140569,606,30,31.572326028760912,32.60469865168538,none,542475
Atak,21,666,2012,12,1812,1622,190,7976,295,140,0,6,149,4013125,2757484,1242341,295430,63457,70818,85684,0,0,726952,7491513,4772273,1381,2717859,2717859,1221882,28989713,86158,0,295735,1598264,0,4.0,0.0,2.0,1.0,1.0,455.05131974193546,522.727273,309.79911980645164,307.800586516129,462.5351907096774,1.142168,38.13318270967742,1.0,1.0,1.0,1.0,none,0:1.0500|1:0.9300|2:1.0300|3:0.9400|4:0.9500|5:1.1000|6:0.8200|,Can Taş:6:13741|Özlem Yavuz:4:37751,2802660,12,146081,636,31,30.956947515963247,31.919960152595078,none,580871
Atak,21,697,2013,1,1760,1559,201,8011,215,138,0,3,170,3817500,2592518,1211745,301430,64852,71252,86180,0,0,688031,5271782,2553616,388355,2329811,2329811,1255286,96366579,86158,0,310343,1658624,0,4.0,0.0,2.0,1.0,1.0,456.8768326774193,525.454545,307.363636,307.6583578064516,463.94868025806454,1.148751,37.35795693548387,1.0,1.0,1.0,1.0,none,0:1.0500|1:0.9300|2:1.0300|3:0.9400|4:0.9500|5:1.1000|6:0.8200|,Can Taş:6:14277|Özlem Yavuz:4:39227,2586584,12,146081,667,31,31.741846758349705,32.725055416190045,none,541950
Atak,21,725,2013,2,1581,1378,203,7062,228,145,0,3,159,3478325,2379553,1076352,272440,58576,64749,78316,0,0,602271,-7337655,-9448904,1237280,873969,873969,1209818,39987195,86158,0,324951,1498112,0,4.0,0.0,2.0,1.0,1.0,458.61201310714284,528.863636,310.636364,309.34577932142855,465.4366883928572,1.155828,37.22507339285715,1.0,1.0,1.0,1.0,none,0:1.0500|1:0.9300|2:1.0300|3:0.9400|4:0.9500|5:1.1000|6:0.8200|,Can Taş:6:14277|Özlem Yavuz:4:39227,2413500,17,146081,698,28,30.944549459869332,32.2659775317687,none,456190
Atak,21,756,2013,3,1803,1583,220,8137,190,113,0,12,182,3597605,2437670,1148523,301630,64852,72089,79267,0,0,630685,14034380,10275002,1384556,2374822,1653207,1031312,34675599,86158,0,339559,1658624,0,4.0,0.0,2.0,1.0,1.0,457.44868048387093,531.818182,307.20674467741935,308.0425220645161,465.7228739677419,1.162259,38.43112361290323,1.0,1.0,1.0,1.0,none,0:1.0500|1:0.9300|2:1.0300|3:0.9400|4:0.9500|5:1.1000|6:0.8200|,Can Taş:6:14277|Özlem Yavuz:4:39227,2450458,18,146081,726,31,31.924655430487782,32.84345156434415,none,484604
Atak,21,786,2013,4,1776,1546,230,8022,243,108,0,4,193,3641900,2372963,1255222,291900,62760,70184,77190,0,0,753188,20772104,14299502,1378521,5094081,5815696,1113042,39649361,86158,0,354167,1605120,0,4.0,0.0,2.0,1.0,1.0,472.15909089999997,535.454545,305.4242422666667,306.3424242,478.5181819,1.16942,35.4175451,1.0,1.0,1.0,1.0,none,0:1.0500|1:0.9300|2:1.0300|3:0.9400|4:0.9500|5:1.1000|6:0.8200|,Can Taş:6:14277|Özlem Yavuz:4:39227,2380958,18,146081,757,30,34.46613031659299,35.313277208221024,none,607107
Atak,21,817,2013,5,1716,1508,208,7580,237,94,0,2,167,3451400,2256645,1176501,301630,64852,72957,80228,0,0,656834,20378015,13741271,1372388,5264356,5264356,1011384,51595399,86158,0,368775,1658624,0,4.0,0.0,2.0,1.0,1.0,477.6906160645161,538.409091,313.954545,311.7888564516129,484.5630498709677,1.176391,35.20785735483871,1.0,1.0,1.0,1.0,none,0:1.0500|1:0.9300|2:1.0300|3:0.9400|4:0.9500|5:1.1000|6:0.8200|,Can Taş:6:14277|Özlem Yavuz:4:39227,2296578,18,146081,787,31,34.08764559309266,34.276593585502255,none,510753
Atak,21,847,2013,6,1764,1550,214,8261,198,82,0,9,180,3589020,2345191,1226406,291900,62760,71024,89850,0,0,710872,16459832,10044642,0,6415190,5163592,1035548,66325029,89409,0,383934,1607244,0,4.0,0.0,2.0,1.0,1.0,479.6363634,542.045455,315.454545,314.3545456666667,486.4106060333333,1.183639,35.231550266666666,1.0,1.0,1.0,1.0,none,0:1.0500|1:0.9300|2:1.0300|3:0.9400|4:0.9500|5:1.1000|6:0.8200|,Can Taş:6:14277|Özlem Yavuz:4:39227,2361638,18,151594,818,30,34.17105505123961,34.23047769692935,none,559278
Atak,21,878,2013,7,1871,1656,215,8928,165,87,0,8,185,3721910,2454606,1244923,307630,66247,73826,93372,0,0,703848,17826573,11844906,1200504,4781163,6032761,1162212,70850001,89409,0,399093,1724468,0,4.0,0.0,2.0,1.0,1.0,480.04398799999996,545.0,319.272727,317.68621706451614,486.4428155483871,1.190696,34.83903577419355,1.0,1.0,1.0,1.0,none,0:1.0500|1:0.9300|2:1.0300|3:0.9400|4:0.9500|5:1.1000|6:0.8200|,Can Taş:6:14845|Özlem Yavuz:4:40784,2496936,18,151594,848,31,33.44849821731315,33.49094354244886,none,552254
Atak,21,909,2013,8,1696,1504,192,7272,179,59,0,3,160,3244155,2078644,1150544,307830,66247,74291,93961,0,0,608215,14158363,8437927,1182091,4538345,4538345,902198,68308027,89409,0,414252,1724468,0,4.0,0.0,2.0,1.0,1.0,496.37096777419356,549.090909,321.02492677419355,320.03665677419355,498.96187658064514,1.198032,31.24516793548387,1.0,1.0,1.0,1.0,none,0:1.0500|1:0.9300|2:1.0300|3:0.9400|4:0.9500|5:1.1000|6:0.8200|,Can Taş:6:14845|Özlem Yavuz:4:40784,2091760,19,151594,879,31,35.465136530159626,35.32560370850849,none,456621
Atak,21,939,2013,9,1580,1393,187,6317,223,84,0,0,158,3263955,2099691,1144180,297900,64110,72344,79560,0,0,630266,23266609,15231383,1163442,6871784,6871784,1038420,77849104,89409,0,429411,1668840,0,4.0,0.0,2.0,1.0,1.0,495.6060606666667,551.590909,314.5,316.2742424,499.5136363666667,1.205414,30.763011133333336,1.0,1.0,1.0,1.0,none,0:1.0500|1:0.9300|2:1.0300|3:0.9400|4:0.9500|5:1.1000|6:0.8200|,Can Taş:6:14845|Özlem Yavuz:4:40784,2117604,19,151594,910,30,35.05501760900503,36.5423417992611,none,478672
Atak,21,970,2013,10,1624,1439,185,6705,231,59,0,0,160,3298720,2105557,1180102,307830,66247,75190,82708,0,0,648127,26272143,18965346,1144552,6162245,6162245,989184,83097748,89409,0,444570,1724468,0,4.0,0.0,2.0,1.0,1.0,498.4604109032258,555.227273,318.227273,317.0131963870968,502.1671552258064,1.2126,30.923498161290322,1.0,1.0,1.0,1.0,none,0:1.0500|1:0.9300|2:1.0300|3:0.9400|4:0.9500|5:1.1000|6:0.8200|,Can Taş:6:14845|Özlem Yavuz:4:40784,2111178,19,151594,940,31,35.7745428529854,36.15796439613684,none,496533
Atak,21,1000,2013,11,1736,1535,201,7421,255,97,0,0,163,3727495,2384372,1325793,297900,64110,73215,80520,0,0,810048,31372417,23668730,1125418,6578269,6578269,1061784,84847017,89409,0,459729,1668840,0,4.0,0.0,2.0,1.0,1.0,499.0454545,558.409091,317.818182,317.4227272,504.8363634,1.220071,31.7010644,1.0,1.0,1.0,1.0,none,0:1.0500|1:0.9300|2:1.0300|3:0.9400|4:0.9500|5:1.1000|6:0.8200|,Can Taş:6:14845|Özlem Yavuz:4:40784,2407482,19,151594,971,30,35.567935034118086,36.31478272486701,none,658454
Atak,21,1031,2013,12,1587,1395,192,6218,331,97,0,0,147,3513725,2201671,1298769,307830,66247,76120,92070,0,0,756502,29114940,19353769,1106037,8655134,8655134,937386,88635656,94286,0,475715,1726779,0,4.0,0.0,2.0,1.0,1.0,510.7478009354839,562.045455,316.07038132258066,316.58504403225805,510.8753665483871,1.227345,29.88987535483871,1.0,1.0,1.0,1.0,none,0:1.0500|1:0.9300|2:1.0300|3:0.9400|4:0.9500|5:1.1000|6:0.8200|,Can Taş:6:14845|Özlem Yavuz:4:40784,2196626,20,159862,1001,31,36.962738973596394,38.11615424605505,none,596640
Atak,21,1062,2014,1,1610,1407,203,6637,284,87,0,0,173,3898860,2529330,1353633,316830,68355,76586,92628,0,0,799234,19197631,12080509,1086408,6030714,6030714,1103994,90922121,94286,0,491701,1796109,0,4.0,0.0,2.0,1.0,1.0,511.796188,565.227273,328.18181799999996,325.40615835483874,513.1686214516129,1.234907,30.34825077419355,1.0,1.0,1.0,1.0,none,0:1.0500|1:0.9300|2:1.0300|3:0.9400|4:0.9500|5:1.1000|6:0.8200|,Can Taş:6:15461|Özlem Yavuz:4:42478,2586246,21,159862,1032,31,34.71868700081562,35.876462995461004,none,639372
Atak,21,1090,2014,2,1626,1404,222,6185,250,100,0,5,179,3559210,2268617,1274171,286440,61740,69623,84224,0,0,772144,19908750,11660788,1066524,7181438,7181438,1175200,108276952,94286,0,507687,1622292,0,4.0,0.0,2.0,1.0,1.0,513.3116884285714,569.545455,322.363636,323.64123382142856,516.1525971071429,1.243005,30.107971678571428,1.0,1.0,1.0,1.0,none,0:1.0500|1:0.9300|2:1.0300|3:0.9400|4:0.9500|5:1.1000|6:0.8200|,Can Taş:6:15461|Özlem Yavuz:4:42478,2287304,21,159862,1063,28,35.79926444351415,37.19924107185849,none,612282
Atak,21,1121,2014,3,1798,1548,250,7167,249,88,0,3,207,3808800,2450410,1338535,317130,68355,77547,85281,0,0,790222,29327771,18961753,1046385,9319633,9319633,1070124,113114907,94286,0,523673,1796109,0,4.0,0.0,2.0,1.0,1.0,512.8739003870968,572.954545,329.954545,328.0175952258065,518.0909090967742,1.250366,30.60621058064516,1.0,1.0,1.0,1.0,none,0:1.0500|1:0.9300|2:1.0300|3:0.9400|4:0.9500|5:1.1000|6:0.8200|,Can Taş:6:15461|Özlem Yavuz:4:42478,2486872,21,159862,1091,31,35.14322096198278,35.66556131030192,none,630360
Atak,21,1151,2014,4,1730,1465,265,7057,296,98,0,2,219,3812710,2439213,1352427,306900,66150,75526,83070,0,0,820781,28172837,19647205,1025987,7499645,7499645,1162198,117094474,94286,0,539659,1738170,0,4.0,0.0,2.0,1.0,1.0,525.5909091333334,575.454545,333.59090899999995,332.0136363333333,523.3045454,1.258565,28.04023126666667,1.0,1.0,1.0,1.0,none,0:1.0500|1:0.9300|2:1.0300|3:0.9400|4:0.9500|5:1.1000|6:0.8200|,Can Taş:6:15461|Özlem Yavuz:4:42478,2452208,21,159862,1122,30,35.47154123969565,36.53031222513522,none,660919
Atak,21,1182,2014,5,1873,1617,256,7742,288,99,0,2,212,4138520,2651468,1471992,317130,68355,78540,86366,0,0,921601,26023183,18320711,563,7701909,7701909,1073112,116757200,94286,0,555645,1796109,0,4.0,0.0,2.0,1.0,1.0,524.5087976451613,579.772727,332.31818200000004,332.38269777419356,526.1906158709677,1.266552,29.500731451612904,1.0,1.0,1.0,1.0,none,0:1.0500|1:0.9300|2:1.0300|3:0.9400|4:0.9500|5:1.1000|6:0.8200|,Can Taş:6:15461|Özlem Yavuz:4:42478,2655264,22,159862,1152,31,35.56807747697244,36.64201944905818,none,761739
Atak,21,1212,2014,6,1806,1594,212,7780,232,79,0,6,176,3622395,2309422,1299324,306900,66150,76516,96750,0,0,753008,22808462,11621731,1091259,10095472,10095472,988458,128321542,97537,0,572182,1740611,0,4.0,0.0,2.0,1.0,1.0,523.7272730666666,582.954545,335.818182,334.501515,527.3257575666667,1.274857,31.231425033333334,1.0,1.0,1.0,1.0,none,0:1.0500|1:0.9300|2:1.0300|3:0.9400|4:0.9500|5:1.1000|6:0.8200|,Can Taş:6:15461|Özlem Yavuz:4:42478,2361732,22,165375,1183,30,35.86919703676711,35.879187647870914,none,587633
Atak,21,1243,2014,7,1989,1757,232,8643,214,101,0,17,190,4163780,2707672,1434626,323130,69750,79563,100626,0,0,861557,26595316,18262024,1074779,7258513,7258513,1125504,129966255,97537,0,588719,1871780,0,4.0,0.0,2.0,1.0,1.0,526.1510263548387,587.954545,343.909091,341.6686216451613,530.8636360322581,1.282947,32.12168158064516,1.0,1.0,1.0,1.0,none,0:1.0500|1:0.9300|2:1.0300|3:0.9400|4:0.9500|5:1.1000|6:0.8200|,Can Taş:6:16112|Özlem Yavuz:4:44268,2724744,23,165375,1213,31,34.454894350806235,34.63681076846059,none,696182
Atak,21,1274,2014,8,1879,1623,256,7826,208,51,0,13,212,3790885,2404654,1364696,323330,69750,80090,101277,0,0,790249,29144996,17699279,1058358,10387359,8578688,1094322,141490092,97537,0,605256,1871780,0,4.0,0.0,2.0,1.0,1.0,532.9178887419355,590.681818,336.136364,338.13049861290324,536.7111435483871,1.291361,30.36004541935484,1.0,1.0,1.0,1.0,none,0:1.0500|1:0.9300|2:1.0300|3:0.9400|4:0.9500|5:1.1000|6:0.8200|,Can Taş:6:16112|Özlem Yavuz:4:44268,2434824,23,165375,1244,31,35.99940383314186,36.925299168785564,none,624874
Atak,21,1304,2014,9,1738,1527,211,7132,281,78,0,0,173,3973015,2574965,1381892,312900,67500,78016,85800,0,0,837676,36980058,26982344,1045478,8952236,10760907,1206240,134308844,97537,0,621793,1811400,0,4.0,0.0,2.0,1.0,1.0,537.045455,594.3181820000001,348.636364,345.61969700000003,539.5651512333334,1.299829,31.098937466666666,1.0,1.0,1.0,1.0,none,0:1.0500|1:0.9300|2:1.0300|3:0.9400|4:0.9500|5:1.1000|6:0.8200|,Can Taş:6:16112|Özlem Yavuz:4:44268,2619548,24,165375,1275,30,34.78194771477077,35.082522204754525,none,672301
Atak,21,1335,2014,10,1873,1645,228,8109,266,103,0,3,193,4326755,2750391,1557209,323330,69750,81113,89218,0,0,993798,37136332,25710301,1028309,10397722,10397722,1268976,151588430,97537,0,638330,1871780,0,4.0,0.0,2.0,1.0,1.0,538.0058648709678,599.318182,338.31818200000004,340.6730205483871,542.3035191612903,1.308077,31.741267032258065,1.0,1.0,1.0,1.0,none,0:1.0500|1:0.9300|2:1.0300|3:0.9400|4:0.9500|5:1.1000|6:0.8200|,Can Taş:6:16112|Özlem Yavuz:4:44268,2713572,24,165375,1305,31,35.99022824264374,37.116265065039705,none,828423
Atak,21,1365,2014,11,1847,1598,249,7687,255,103,0,9,218,4196170,2728567,1455128,312900,67500,79007,86910,0,0,908811,43037633,30443342,3174,12591117,9755918,1245152,147277671,97537,0,654867,1811400,0,4.0,0.0,2.0,1.0,1.0,539.5000004,602.272727,350.772727,348.0318181666667,544.5848483666666,1.316655,31.723023166666668,1.0,1.0,1.0,1.0,none,0:1.0500|1:0.9300|2:1.0300|3:0.9400|4:0.9500|5:1.1000|6:0.8200|,Can Taş:6:16112|Özlem Yavuz:4:44268,2779554,24,165375,1336,30,34.677527364239296,34.981885683053285,none,743436
Atak,21,1396,2014,12,1760,1538,222,6928,315,113,0,5,181,4375185,2811031,1546692,323330,69750,82167,99417,0,0,972028,46657747,33509594,1030757,12117396,14952595,1285304,171418540,102414,0,672231,1874430,0,4.0,0.0,2.0,1.0,1.0,551.5175949677421,606.818182,350.409091,350.03225838709676,552.7653961935483,1.32501,29.90408606451613,1.0,1.0,1.0,1.0,none,0:1.0500|1:0.9300|2:1.0300|3:0.9400|4:0.9500|5:1.1000|6:0.8200|,Can Taş:6:16112|Özlem Yavuz:4:44268,2796100,24,173644,1366,31,35.35146513804559,36.464567187472014,none,798384
Atak,21,1427,2015,1,1793,1514,279,7111,301,131,0,4,224,4253905,2735063,1501841,332330,71827,82696,100068,0,0,914920,17290653,7952560,1015191,8322902,8322902,1260430,159639261,102414,0,689595,1953930,0,4.0,0.0,2.0,1.0,1.0,552.302053064516,610.227273,348.81818200000004,349.23900312903226,553.9340176774194,1.3337,28.1457125483871,1.0,1.0,1.0,1.0,none,0:1.0500|1:0.9300|2:1.0300|3:0.9400|4:0.9500|5:1.1000|6:0.8200|,Can Taş:6:16819|Özlem Yavuz:4:46211,2790022,27,173644,1397,31,35.30499623287309,36.84285979663857,none,741276
Atak,21,1455,2015,2,1554,1351,203,6368,229,95,0,0,170,3739690,2416840,1303382,290440,62636,75225,91000,0,28310,755771,22791486,11569361,999412,10222713,10222713,1260606,175502693,102414,0,706959,1764840,0,3.8214285714285716,0.0,2.0,0.8214285714285714,1.0,553.57954575,614.5454550000001,356.954545,354.33279214285716,557.0698051428571,1.342972,27.964168464285713,1.0,1.0,1.0,1.0,none,0:1.0500|1:0.9300|2:1.0300|3:0.9400|4:0.9500|5:1.1000|6:0.8200|,Can Taş:6:16819|Özlem Yavuz:4:46211,2414694,28,173644,1428,28,34.85267495434113,35.51883415121647,none,582127
Atak,21,1486,2015,3,1659,1415,244,6760,251,87,0,4,203,3845765,2459393,1370216,348130,75330,83812,92163,0,0,770781,44446889,28869135,983418,14594336,14594336,1057392,187787536,102414,0,724323,1953930,0,4.0,0.0,2.0,1.0,1.0,556.0043991290322,618.409091,350.37683248387094,351.9516129032258,558.6363635806451,1.351403,28.154623387096773,1.0,1.0,1.0,1.0,none,0:1.0500|1:0.9300|2:1.0300|3:0.9400|4:0.9500|5:1.1000|6:0.8200|,Can Taş:6:16819|Özlem Yavuz:4:46211,2497030,28,173644,1456,31,35.62921811395132,36.98308268194857,none,597137
Atak,21,1516,2015,4,1716,1482,234,6922,271,59,0,6,202,4008380,2536179,1448631,336900,72900,81678,89820,0,0,867333,43469629,29438212,967203,13064214,13064214,1128538,200514650,102414,0,741687,1890900,0,4.0,0.0,2.0,1.0,1.0,561.0606060000001,622.954545,352.59090899999995,351.9500000666667,565.7833332666667,1.360799,28.107930333333336,1.0,1.0,1.0,1.0,none,0:1.0500|1:0.9300|2:1.0300|3:0.9400|4:0.9500|5:1.1000|6:0.8200|,Can Taş:6:16819|Özlem Yavuz:4:46211,2574730,28,173644,1487,30,36.14006157100874,37.15635971775928,none,693689
Atak,21,1547,2015,5,1771,1519,252,7331,263,76,0,7,209,4067040,2550256,1495645,348130,75330,84959,93434,0,849,892943,46948375,30156157,950766,15841452,12856752,1070972,211992165,102414,0,759051,1953930,0,4.0,0.0,2.0,1.0,1.0,566.2096772580646,626.818182,352.81818200000004,352.34164203225805,570.1715544193548,1.369954,27.93599829032258,1.0,1.0,1.0,1.0,none,0:1.0500|1:0.9300|2:1.0300|3:0.9400|4:0.9500|5:1.1000|6:0.8200|,Can Taş:6:16819|Özlem Yavuz:4:46211,2570910,29,173644,1517,31,36.77477969235611,37.687716022699824,none,719299
Atak,21,1577,2015,6,1797,1526,271,7508,205,74,0,5,236,3854959,2401372,1431859,336900,72900,82789,104700,0,338,834232,42785036,29803863,991,12980182,15964882,1076476,212277712,105665,0,776966,1893709,0,4.0,0.0,2.0,1.0,1.0,567.5,632.045455,354.15454539999996,353.70757573333333,572.1469699333334,1.379479,29.041143233333333,1.0,1.0,1.0,1.0,none,0:1.0500|1:0.9300|2:1.0300|3:0.9400|4:0.9500|5:1.1000|6:0.8200|,Can Taş:6:16819|Özlem Yavuz:4:46211,2423878,31,179156,1548,30,37.14330035676125,37.59391270484582,none,655076
Atak,21,1608,2015,7,1787,1533,254,7320,204,50,0,8,219,3850190,2423918,1407767,354130,76725,86137,108934,0,727,781114,45477710,31256390,1010123,13211197,13211197,1025286,225422443,105665,0,794881,2041009,0,4.0,0.0,2.0,1.0,1.0,574.8607037096774,635.227273,361.545455,359.04985341935486,577.843108548387,1.38876,27.73279312903226,1.0,1.0,1.0,1.0,none,0:1.0500|1:0.9300|2:1.0300|3:0.9400|4:0.9500|5:1.1000|6:0.8200|,Can Taş:6:17569|Özlem Yavuz:4:48270,2482500,31,179156,1578,31,36.5635721873466,37.10729352921786,none,601958
Atak,21,1639,2015,8,1738,1465,273,6953,216,51,0,3,237,3706380,2347329,1341229,354330,76725,86726,109678,0,1206,712564,40965670,23812880,995123,16157667,16157667,1033408,223860020,105665,0,812796,2041009,0,4.0,0.0,2.0,1.0,1.0,582.1774193548387,640.909091,369.545455,366.7727272258065,583.7111437419355,1.398416,27.060102419354838,1.0,1.0,1.0,1.0,none,0:1.0500|1:0.9300|2:1.0300|3:0.9400|4:0.9500|5:1.1000|6:0.8200|,Can Taş:6:17569|Özlem Yavuz:4:48270,2365944,33,179156,1609,31,36.187034249051635,36.52356777947084,none,533408
Atak,21,1669,2015,9,1683,1441,242,6927,293,111,0,3,190,4168502,2667152,1480218,342900,74250,84499,92940,0,1670,883959,68214120,50711392,979907,16522821,16522821,1161270,231273409,105665,0,830711,1975170,0,4.0,0.0,2.0,1.0,1.0,582.5,644.090909,368.0,368.0863639666667,584.9727273999999,1.408139,27.2319508,1.0,1.0,1.0,1.0,none,0:1.0500|1:0.9300|2:1.0300|3:0.9400|4:0.9500|5:1.1000|6:0.8200|,Can Taş:6:17569|Özlem Yavuz:4:48270,2689654,33,179156,1640,30,35.50959073547284,36.82403433476395,none,704803
Atak,21,1700,2015,10,1748,1477,271,6961,278,99,0,0,211,4261755,2669517,1573016,354330,76725,87905,96689,0,1149,956218,63737748,45768191,964808,17004749,17004749,1172930,261449673,105665,0,848626,2041009,0,4.0,0.0,2.0,1.0,1.0,589.3548385161291,648.8636359999999,366.409091,366.9706743548387,591.8782991612903,1.417612,26.948098612903227,1.0,1.0,1.0,1.0,none,0:1.0500|1:0.9300|2:1.0300|3:0.9400|4:0.9500|5:1.1000|6:0.8200|,Can Taş:6:17569|Özlem Yavuz:4:48270,2689412,33,179156,1670,31,36.910052314128805,37.82878037914465,none,777062
Atak,21,1730,2015,11,1700,1429,271,6638,253,101,0,0,236,3971415,2488160,1463595,342900,74250,85669,94200,0,1086,865490,72494375,51741421,953918,19799036,19799036,1156606,221608504,105665,0,866541,1975170,0,4.0,0.0,2.0,1.0,1.0,592.2575753666666,653.863636,366.40909100000005,366.681818,595.0090907666668,1.427469,27.3570976,1.0,1.0,1.0,1.0,none,0:1.0500|1:0.9300|2:1.0300|3:0.9400|4:0.9500|5:1.1000|6:0.8200|,Can Taş:6:17569|Özlem Yavuz:4:48270,2495696,34,179156,1701,30,36.85323744811358,38.13349018403755,none,686334
Atak,21,1761,2015,12,1716,1453,263,6671,266,129,0,4,216,4210290,2656183,1534104,354330,76725,89114,107818,0,856,905261,85471668,64292752,4086,21174830,21174830,1231576,271514273,110542,0,885283,2044074,0,4.0,0.0,2.0,1.0,1.0,593.1378296774194,658.181818,373.954545,371.617302,597.2697948387097,1.437072,27.715548548387098,1.0,1.0,1.0,1.0,none,0:1.0500|1:0.9300|2:1.0300|3:0.9400|4:0.9500|5:1.1000|6:0.8200|,Can Taş:6:17569|Özlem Yavuz:4:48270,2671560,34,187425,1731,31,36.43701502746842,36.95317912813337,none,717836
Atak,21,1792,2016,1,1712,1450,262,6651,316,99,0,3,215,4577420,2824153,1744983,363330,78802,89735,108562,0,878,1103676,38993278,17763280,956361,20273637,16230026,1193232,284150603,110542,0,904025,2136024,0,4.0,0.0,2.0,1.0,1.0,606.7448681290323,662.272727,372.590909,372.46920803225805,609.4604105483871,1.447064,26.79602035483871,1.0,1.0,1.0,1.0,none,0:1.0500|1:0.9300|2:1.0300|3:0.9400|4:0.9500|5:1.1000|6:0.8200|,Can Taş:6:18387|Özlem Yavuz:4:50517,2820372,36,187425,1762,31,38.12154008153065,38.59183182728401,none,916251
Atak,21,1821,2016,2,1590,1314,276,6116,296,61,0,0,233,4129770,2508126,1604688,340170,73718,84555,102312,0,387,1003546,22784245,6118427,942165,15723653,19767264,1152024,300025456,110542,0,922767,1998216,0,4.0,0.0,2.0,1.0,1.0,615.2899682413794,667.272727,376.863636,375.18965524137934,615.5454545172413,1.4576940000000003,25.851950379310345,1.0,1.0,1.0,1.0,none,0:1.0500|1:0.9300|2:1.0300|3:0.9400|4:0.9500|5:1.1000|6:0.8200|,Can Taş:6:18387|Özlem Yavuz:4:50517,2550398,39,187425,1793,29,38.856594919329645,38.750238838258504,none,816121
Atak,21,1852,2016,3,1779,1486,293,6803,295,83,0,2,248,4291355,2687854,1577476,363630,78802,91007,100099,0,441,943497,67253745,47641636,927763,18684346,18684346,1149894,304187228,110542,0,941509,2136024,0,4.0,0.0,2.0,1.0,1.0,613.2404689032259,671.1363640000001,386.454545,383.52052793548387,616.0835775806452,1.467709,26.80046993548387,1.0,1.0,1.0,1.0,none,0:1.0500|1:0.9300|2:1.0300|3:0.9400|4:0.9500|5:1.1000|6:0.8200|,Can Taş:6:18387|Özlem Yavuz:4:50517,2738780,40,187425,1822,31,36.75939184709725,36.98156521027226,none,756072
Atak,21,1882,2016,4,1622,1331,291,6373,300,71,0,0,243,3976375,2478806,1478056,351900,76260,88731,97590,0,619,862956,78328555,55907065,913151,21508339,21508339,1269360,332821107,110542,0,960251,2067120,0,4.0,0.0,2.0,1.0,1.0,625.2424241333334,676.590909,390.681818,388.65606060000005,625.0469696,1.4784910000000002,25.149880933333336,1.0,1.0,1.0,1.0,none,0:1.0500|1:0.9300|2:1.0300|3:0.9400|4:0.9500|5:1.1000|6:0.8200|,Can Taş:6:18387|Özlem Yavuz:4:50517,2522976,40,187425,1853,30,37.170940869510545,37.515145658656266,none,675531
Atak,21,1913,2016,5,1729,1458,271,6864,259,83,0,0,231,4244825,2667739,1555284,363630,78802,92340,101556,0,894,918062,77957520,49145767,898327,27913426,27913426,1216112,351489067,110542,0,978993,2565354,0,4.0,0.0,2.0,1.0,1.0,627.2434016774193,680.909091,394.0,392.3255131935484,626.8299117741936,1.489001,25.542603161290323,1.0,1.0,1.0,1.0,none,0:1.0500|1:0.9300|2:1.0300|3:0.9400|4:0.9500|5:1.1000|6:0.8200|,Can Taş:6:18387|Özlem Yavuz:4:50517|Erdem Çetin:1:14312,2678912,41,187425,1883,31,36.63953166502741,37.18546915817099,none,730637
Atak,21,1943,2016,6,1753,1486,267,7199,210,79,0,2,238,4083120,2561850,1500586,351900,76260,90021,113850,0,746,867809,71299449,48523442,883288,21892719,21892719,1163364,360247462,117045,0,998838,2500361,0,4.0,0.0,2.0,1.0,1.0,627.5,685.6818179999999,393.818182,393.0530306666667,631.9090911333333,1.499939,26.865016299999997,1.0,1.0,1.0,1.0,none,0:1.0500|1:0.9300|2:1.0300|3:0.9400|4:0.9500|5:1.1000|6:0.8200|,Can Taş:6:18387|Özlem Yavuz:4:50517|Erdem Çetin:1:14312,2596464,44,198450,1914,30,36.75096494837281,37.24013035856574,none,669359
Atak,21,1974,2016,7,1767,1470,297,6965,221,53,0,7,246,3839395,2346888,1477332,267630,57304,93673,118482,0,879,939364,68924362,43503920,1551,25418891,19796902,1020408,374582705,117045,0,1018683,2700906,0,3.225806451612903,0.0,2.0,0.22580645161290322,1.0,636.7008798709677,692.045455,392.272727,392.6642229354839,638.2184750967742,1.510601,25.469730258064516,1.0,1.0,1.0,1.0,none,0:1.0500|1:0.9300|2:1.0300|3:0.9400|4:0.9500|5:1.1000|6:0.8200|,Can Taş:6:19251|Özlem Yavuz:4:52891|Erdem Çetin:1:14984,2370900,45,198450,1944,31,38.478249828423486,38.38979348049636,none,740914
Atak,21,2005,2016,8,1758,1490,268,7189,213,69,0,0,230,3957465,2448044,1487075,414130,90180,94356,119350,0,32910,736149,63653989,39654075,884980,23114934,28736923,1125104,390051941,117045,0,1038528,3311388,0,3.774193548387097,0.0,2.0,0.7741935483870968,1.0,639.5747801612903,696.590909,397.3020524838709,395.50000006451614,641.611436967742,1.521698,26.938152096774193,1.0,1.0,1.0,1.0,none,0:1.0500|1:0.9300|2:1.0300|3:0.9400|4:0.9500|5:1.1000|6:0.8200|,Can Taş:6:19251|Özlem Yavuz:4:52891|Erdem Çetin:1:14984|İbrahim Avcı:1:13595|Osman Aydın:1:15381|Tuncay Özdemir:1:14488|Serkan Çetin:2:28976,2490450,48,198450,1975,31,37.576453613613765,37.88028158588776,none,537699
Atak,21,2035,2016,9,1727,1451,276,7092,199,71,0,7,247,4377850,2697434,1659906,450900,98550,92002,101160,0,0,917294,94582184,68867945,871752,24842487,24842487,1365024,410948845,117045,0,1058373,4786980,0,4.0,0.0,2.0,1.0,1.0,642.5,702.272727,394.0909092,394.7075757,646.9893941666667,1.5328759999999997,28.033088133333333,1.0,1.0,1.0,1.0,none,0:1.0500|1:0.9300|2:1.0300|3:0.9400|4:0.9500|5:1.1000|6:0.8200|,Can Taş:6:19251|Özlem Yavuz:4:52891|Erdem Çetin:1:14984|İbrahim Avcı:1:13595|Osman Aydın:1:15381|Tuncay Özdemir:1:14488|Serkan Çetin:2:28976,2697804,52,198450,2006,30,37.91600899985153,38.66289350972763,none,718844
Atak,21,2066,2016,10,1628,1371,257,6452,309,62,0,3,204,4211990,2516886,1680576,465930,101835,95750,105276,0,519,911266,99400429,64060494,858332,34481603,34481603,1164120,424430235,117045,0,1078218,4946546,0,4.0,0.0,2.0,1.0,1.0,656.1436952580646,706.1363640000001,392.045455,392.95014664516134,651.6598239354838,1.543772,25.40319151612903,1.0,1.0,1.0,1.0,none,0:1.0500|1:0.9300|2:1.0300|3:0.9400|4:0.9500|5:1.1000|6:0.8200|,Can Taş:6:19251|Özlem Yavuz:4:52891|Erdem Çetin:1:14984|İbrahim Avcı:1:13595|Osman Aydın:1:15381|Tuncay Özdemir:1:14488|Serkan Çetin:2:28976,2550372,52,198450,2036,31,39.89980982860833,40.250061406776666,none,712816
Atak,21,2096,2016,11,1619,1346,273,6511,261,79,0,0,235,4247195,2558704,1674090,450900,98550,93322,102630,0,924,927764,133704442,106691466,844717,26168259,26168259,1179814,358101467,117045,0,1098063,4786980,0,4.0,0.0,2.0,1.0,1.0,658.4545457999999,712.272727,395.8454544,394.8727272666667,656.0151514333334,1.555113,25.61755743333333,1.0,1.0,1.0,1.0,none,0:1.0500|1:0.9300|2:1.0300|3:0.9400|4:0.9500|5:1.1000|6:0.8200|,Can Taş:6:19251|Özlem Yavuz:4:52891|Erdem Çetin:1:14984|İbrahim Avcı:1:13595|Osman Aydın:1:15381|Tuncay Özdemir:1:14488|Serkan Çetin:2:28976,2563574,54,198450,2067,30,39.416367743887434,39.882645366346246,none,729314
Atak,21,2127,2016,12,1684,1415,269,6356,269,76,0,3,225,4354310,2648724,1686823,465930,101835,97115,117490,0,574,903879,155749199,118911083,831305,36006811,36006811,1195596,429472040,123547,0,1119010,4955444,0,4.0,0.0,2.0,1.0,1.0,655.6891498709676,716.1363640000001,399.090909,397.38709677419354,658.9589444838709,1.566167,26.41137277419355,1.0,1.0,1.0,1.0,none,0:1.0500|1:0.9300|2:1.0300|3:0.9400|4:0.9500|5:1.1000|6:0.8200|,Can Taş:6:19251|Özlem Yavuz:4:52891|Erdem Çetin:1:14984|İbrahim Avcı:1:13595|Osman Aydın:1:15381|Tuncay Özdemir:1:14488|Serkan Çetin:2:28976,2654678,54,209475,2097,31,38.739157294726375,39.13412947605787,none,694404
Atak,21,2158,2017,1,1646,1350,296,6228,307,106,0,0,242,4496265,2745246,1732110,477930,104625,97833,118358,0,0,933364,53024259,17353479,4894,35665886,35665886,1192568,501277859,123547,0,1139957,5496046,0,4.0,0.0,2.0,1.0,1.0,670.8137831612903,722.5,409.5,406.45014667741935,667.7888562903225,1.577672,24.807736677419356,1.0,1.0,1.0,1.0,none,0:1.0500|1:0.9300|2:1.0300|3:0.9400|4:0.9500|5:1.1000|6:0.8200|,Can Taş:6:20325|Özlem Yavuz:4:55840|Erdem Çetin:1:15820|İbrahim Avcı:1:14353|Osman Aydın:1:16239|Tuncay Özdemir:1:15295|Serkan Çetin:2:30592|Burak Tekin:1:15191|Mehmet Kalkan:1:15295,2800956,56,209475,2128,31,38.52330767870666,38.95474269026164,none,723889
Atak,21,2186,2017,2,1502,1210,292,5760,251,89,0,0,249,4207710,2564983,1623552,432040,94500,89150,107856,0,473,899533,30776750,6258377,933883,23584490,23584490,1235980,486393644,123547,0,1160904,6336344,0,4.0,0.0,2.0,1.0,1.0,673.8068183571429,729.0909089999999,412.5373376428571,411.0860390357143,673.2321428571429,1.591718,24.87558135714286,1.0,1.0,1.0,1.0,none,0:1.0500|1:0.9300|2:1.0300|3:0.9400|4:0.9500|5:1.1000|6:0.8200|,Can Taş:6:20325|Özlem Yavuz:4:55840|Erdem Çetin:1:15820|İbrahim Avcı:1:14353|Osman Aydın:1:16239|Tuncay Özdemir:1:15295|Serkan Çetin:2:30592|Burak Tekin:1:15191|Mehmet Kalkan:1:15295|Halil Kaya:1:16867|Tuğba Kaya:1:15714|Murat Özkan:1:14038,2588126,62,209475,2159,28,38.585168654683905,38.7751316247149,none,690058
Atak,21,2217,2017,3,1622,1332,290,6329,237,67,0,0,256,4279780,2624844,1636787,478330,104625,99508,109430,0,593,844301,108812203,77901690,920566,29989947,29989947,1226430,478886075,123547,0,1181851,7612701,0,4.0,0.0,2.0,1.0,1.0,675.227273,733.8636359999999,412.545455,411.95454545161294,675.6524927419355,1.604512,25.19197735483871,1.0,1.0,1.0,1.0,none,0:1.0500|1:0.9300|2:1.0300|3:0.9400|4:0.9500|5:1.1000|6:0.8200|,Can Taş:6:20325|Özlem Yavuz:4:55840|Erdem Çetin:1:15820|İbrahim Avcı:1:14353|Osman Aydın:1:16239|Tuncay Özdemir:1:15295|Serkan Çetin:2:30592|Burak Tekin:1:15191|Mehmet Kalkan:1:15295|Halil Kaya:1:16867|Tuğba Kaya:1:15714|Murat Özkan:1:14038,2654586,63,209475,2187,31,38.24465276252518,38.90272631212276,none,634826
Atak,21,2247,2017,4,1578,1288,290,6075,293,53,0,3,246,4062346,2488331,1550003,462900,101250,97167,106830,0,403,781453,124416965,78547985,907034,44961946,35709452,1132740,529179944,123547,0,1202798,7367130,0,4.0,0.0,2.0,1.0,1.0,683.1136359333334,740.6818179999999,420.681818,417.7075758666667,685.7454543,1.618797,24.984665399999997,1.0,1.0,1.0,1.0,none,0:1.0500|1:0.9300|2:1.0300|3:0.9400|4:0.9500|5:1.1000|6:0.8200|,Can Taş:6:20325|Özlem Yavuz:4:55840|Erdem Çetin:1:15820|İbrahim Avcı:1:14353|Osman Aydın:1:16239|Tuncay Özdemir:1:15295|Serkan Çetin:2:30592|Burak Tekin:1:15191|Mehmet Kalkan:1:15295|Halil Kaya:1:16867|Tuğba Kaya:1:15714|Murat Özkan:1:14038,2500584,63,209475,2218,30,38.15536638188869,38.41700767322184,none,571978
Atak,21,2278,2017,5,1589,1287,302,6180,282,62,0,2,251,4139880,2519184,1602384,478330,104625,101245,111352,0,925,805907,139166749,100310306,893284,37963159,47215653,1097196,575759745,123547,0,1223745,8649881,0,4.0,0.0,2.0,1.0,1.0,684.8753667096775,747.272727,419.68181799999996,419.1950145483871,686.1847509032258,1.632742,25.276075516129033,1.0,1.0,1.0,1.0,none,0:1.0500|1:0.9200|2:1.0300|3:0.9300|4:0.9400|5:1.1000|6:0.8200|,Can Taş:6:20325|Özlem Yavuz:4:55840|Erdem Çetin:1:15820|İbrahim Avcı:1:14353|Osman Aydın:1:16239|Tuncay Özdemir:1:15295|Serkan Çetin:2:30592|Burak Tekin:1:15191|Mehmet Kalkan:1:15295|Halil Kaya:1:16867|Tuğba Kaya:1:15714|Murat Özkan:1:14038|Sinan Avcı:1:14563|Dilek Tekin:1:15401|İbrahim Akgül:2:29439|Fatma Yıldız:3:44316,2572178,63,209475,2248,31,38.70604945070872,38.72143189843978,none,596432
Atak,21,2308,2017,6,1743,1444,299,6951,211,77,0,5,265,4262835,2591435,1657147,462900,101250,98878,125040,0,1085,867994,115315964,78117115,879311,36319538,36319538,1219820,596559445,130050,0,1245795,10694237,0,4.0,0.0,2.0,1.0,1.0,687.0530305,754.3181820000001,418.363636,418.6075758,690.9272728,1.647278,27.004980933333332,1.0,1.0,1.0,1.0,none,0:1.0500|1:0.9250|2:1.0300|3:0.9350|4:0.9450|5:1.1000|6:0.8200|,Can Taş:6:20325|Özlem Yavuz:4:55840|Erdem Çetin:1:15820|İbrahim Avcı:1:14353|Osman Aydın:1:16239|Tuncay Özdemir:1:15295|Serkan Çetin:2:30592|Burak Tekin:1:15191|Mehmet Kalkan:1:15295|Halil Kaya:1:16867|Tuğba Kaya:1:15714|Murat Özkan:1:14038|Sinan Avcı:1:14563|Dilek Tekin:1:15401|İbrahim Akgül:2:29439|Fatma Yıldız:3:44316|Can Bulut:1:16239,2582456,68,220500,2279,30,38.874293750520486,39.107519008316196,none,647494
Atak,21,2339,2017,7,1747,1432,315,6853,214,42,0,0,282,4393615,2624733,1752828,490330,107415,103043,130324,0,464,921252,90244365,47747867,865113,41631385,41631385,1108836,612415254,130050,0,1267845,13095724,0,4.0,0.0,2.0,1.0,1.0,698.7243402580646,760.0,418.954545,418.6246337419355,703.1026392903226,1.661468,26.414794612903226,1.0,1.0,1.0,1.0,none,0:1.0500|1:0.9300|2:1.0300|3:0.9400|4:0.9500|5:1.1000|6:0.8200|,Can Taş:6:21475|Özlem Yavuz:4:59002|Erdem Çetin:1:16715|İbrahim Avcı:1:15165|Osman Aydın:1:17159|Tuncay Özdemir:1:16161|Serkan Çetin:2:32324|Burak Tekin:1:16051|Mehmet Kalkan:1:16161|Halil Kaya:1:17823|Tuğba Kaya:1:16605|Murat Özkan:1:14834|Sinan Avcı:1:15387|Dilek Tekin:1:16273|İbrahim Akgül:2:31106|Fatma Yıldız:3:46826|Can Bulut:1:17159|Barış Aksoy:1:17601|Esra Çetin:2:29113|Fatma Kalkan:1:16937|Songül Taş:2:32878|Merve Şahin:3:45165,2680282,71,220500,2309,31,39.89489292985389,40.040081494046035,none,700752
Atak,21,2370,2017,8,1789,1485,304,7063,238,51,0,2,268,4561710,2721111,1818254,490730,107415,103972,131471,0,2174,982492,107142833,70136784,850686,36155363,36155363,1119554,634899898,130050,0,1289895,16744645,0,4.0,0.0,2.0,1.0,1.0,706.3343110645161,766.818182,423.136364,421.52492667741933,707.9149560000001,1.67626,26.11388264516129,1.0,1.0,1.0,1.0,none,0:1.0500|1:0.9300|2:1.0300|3:0.9400|4:0.9500|5:1.1000|6:0.8200|,Can Taş:6:21475|Özlem Yavuz:4:59002|Erdem Çetin:1:16715|İbrahim Avcı:1:15165|Osman Aydın:1:17159|Tuncay Özdemir:1:16161|Serkan Çetin:2:32324|Burak Tekin:1:16051|Mehmet Kalkan:1:16161|Halil Kaya:1:17823|Tuğba Kaya:1:16605|Murat Özkan:1:14834|Sinan Avcı:1:15387|Dilek Tekin:1:16273|İbrahim Akgül:2:31106|Fatma Yıldız:3:46826|Can Bulut:1:17159|Barış Aksoy:1:17601|Esra Çetin:2:29113|Fatma Kalkan:1:16937|Songül Taş:2:32878|Merve Şahin:3:45165|Arzu Tekin:1:15165,2680836,80,220500,2340,31,39.85904408653772,40.09403799706524,none,761992
Atak,21,2400,2017,9,1652,1378,274,6583,217,69,0,0,238,4523290,2770233,1721232,474900,103950,101490,111630,0,1660,927602,135980473,96715084,1713,39263676,39263676,1356300,650865212,130050,0,1311945,16292550,0,4.0,0.0,2.0,1.0,1.0,714.1818185999999,773.863636,441.59090899999995,436.37272723333336,714.5606059,1.691183,25.72262936666667,1.0,1.0,1.0,1.0,none,0:1.0500|1:0.9300|2:1.0300|3:0.9400|4:0.9500|5:1.1000|6:0.8200|,Can Taş:6:21475|Özlem Yavuz:4:59002|Erdem Çetin:1:16715|İbrahim Avcı:1:15165|Osman Aydın:1:17159|Tuncay Özdemir:1:16161|Serkan Çetin:2:32324|Burak Tekin:1:16051|Mehmet Kalkan:1:16161|Halil Kaya:1:17823|Tuğba Kaya:1:16605|Murat Özkan:1:14834|Sinan Avcı:1:15387|Dilek Tekin:1:16273|İbrahim Akgül:2:31106|Fatma Yıldız:3:46826|Can Bulut:1:17159|Barış Aksoy:1:17601|Esra Çetin:2:29113|Fatma Kalkan:1:16937|Songül Taş:2:32878|Merve Şahin:3:45165|Arzu Tekin:1:15165,2876684,81,220500,2371,30,38.05265636295705,38.16827907133731,none,707102
Atak,21,2431,2017,10,1644,1347,297,6036,298,88,0,0,256,4277535,2617352,1638914,490730,107415,105802,116343,0,726,817898,156744780,100232400,1692317,54820063,54820063,1262682,691524999,130050,0,1333995,16969361,0,4.0,0.0,2.0,1.0,1.0,719.8826981612904,781.1363640000001,441.5894431612903,440.98826970967747,722.626099451613,1.705752,24.72063874193548,1.0,1.0,1.0,1.0,none,0:1.0500|1:0.9300|2:1.0300|3:0.9400|4:0.9500|5:1.1000|6:0.8200|,Can Taş:6:21475|Özlem Yavuz:4:59002|Erdem Çetin:1:16715|İbrahim Avcı:1:15165|Osman Aydın:1:17159|Tuncay Özdemir:1:16161|Serkan Çetin:2:32324|Burak Tekin:1:16051|Mehmet Kalkan:1:16161|Halil Kaya:1:17823|Tuğba Kaya:1:16605|Murat Özkan:1:14834|Sinan Avcı:1:15387|Dilek Tekin:1:16273|İbrahim Akgül:2:31106|Fatma Yıldız:3:46826|Can Bulut:1:17159|Barış Aksoy:1:17601|Esra Çetin:2:29113|Fatma Kalkan:1:16937|Songül Taş:2:32878|Merve Şahin:3:45165|Arzu Tekin:1:15165|Onur Aktaş:1:16495|Ayşe Doğan:1:17269|Hatice Arslan:2:33099,2671480,81,220500,2401,31,38.31444979409871,38.658139126111934,none,597398
Atak,21,2461,2017,11,1653,1358,295,6579,273,68,0,0,241,4893800,3005012,1862063,474900,103950,103290,113580,0,1006,1065337,197556915,154980816,827560,41748539,41748539,1461642,606789055,130050,0,1356045,18298440,0,4.0,0.0,2.0,1.0,1.0,725.833333,787.272727,447.772727,445.67424243333335,727.8909092666667,1.720938,25.15440346666667,1.0,1.0,1.0,1.0,none,0:1.0500|1:0.9300|2:1.0300|3:0.9400|4:0.9500|5:1.1000|6:0.8200|,Can Taş:6:21475|Özlem Yavuz:4:59002|Erdem Çetin:1:16715|İbrahim Avcı:1:15165|Osman Aydın:1:17159|Tuncay Özdemir:1:16161|Serkan Çetin:2:32324|Burak Tekin:1:16051|Mehmet Kalkan:1:16161|Halil Kaya:1:17823|Tuğba Kaya:1:16605|Murat Özkan:1:14834|Sinan Avcı:1:15387|Dilek Tekin:1:16273|İbrahim Akgül:2:31106|Fatma Yıldız:3:46826|Can Bulut:1:17159|Barış Aksoy:1:17601|Esra Çetin:2:29113|Fatma Kalkan:1:16937|Songül Taş:2:32878|Merve Şahin:3:45165|Arzu Tekin:1:15165|Onur Aktaş:1:16495|Ayşe Doğan:1:17269|Hatice Arslan:2:33099,3018126,81,220500,2432,30,38.049429890882344,38.309153542277464,none,844837
Atak,21,2492,2017,12,1687,1407,280,6279,307,103,0,0,242,4919802,3025245,1872814,490730,107415,107662,130231,0,3858,1032918,221679863,151857434,814895,69007534,54935877,1351428,730318026,136552,0,1379197,18942402,0,4.0,0.0,2.0,1.0,1.0,733.9076243225807,794.545455,451.727273,449.99706741935483,732.9296186774194,1.735763,25.397643032258063,1.0,1.0,1.0,1.0,none,0:1.0500|1:0.9300|2:1.0300|3:0.9400|4:0.9500|5:1.1000|6:0.8200|,Can Taş:6:21475|Özlem Yavuz:4:59002|Erdem Çetin:1:16715|İbrahim Avcı:1:15165|Osman Aydın:1:17159|Tuncay Özdemir:1:16161|Serkan Çetin:2:32324|Burak Tekin:1:16051|Mehmet Kalkan:1:16161|Halil Kaya:1:17823|Tuğba Kaya:1:16605|Murat Özkan:1:14834|Sinan Avcı:1:15387|Dilek Tekin:1:16273|İbrahim Akgül:2:31106|Fatma Yıldız:3:46826|Can Bulut:1:17159|Barış Aksoy:1:17601|Esra Çetin:2:29113|Fatma Kalkan:1:16937|Songül Taş:2:32878|Merve Şahin:3:45165|Arzu Tekin:1:15165|Onur Aktaş:1:16495|Ayşe Doğan:1:17269|Hatice Arslan:2:33099,3067208,81,231525,2462,31,38.06685716213783,38.449028456822724,none,801393
Atak,21,2523,2018,1,1644,1283,361,6365,324,97,0,2,307,4791060,2942833,1823920,502730,110205,108594,131378,0,0,971013,85972963,45677656,802467,39492840,53564497,1440090,729139725,136552,0,1402349,19962822,0,4.0,0.0,2.0,1.0,1.0,728.8709677741936,801.590909,447.090909,448.31085041935484,733.5454546129032,1.751216,26.83414606451613,1.0,1.0,1.0,1.0,none,0:1.0500|1:0.9200|2:1.0300|3:0.9300|4:0.9400|5:1.1000|6:0.8200|,Can Taş:6:22674|Özlem Yavuz:4:62292|Erdem Çetin:1:17647|İbrahim Avcı:1:16012|Osman Aydın:1:18115|Tuncay Özdemir:1:17063|Serkan Çetin:2:34126|Burak Tekin:1:16947|Mehmet Kalkan:1:17063|Halil Kaya:1:18816|Tuğba Kaya:1:17531|Murat Özkan:1:15660|Sinan Avcı:1:16245|Dilek Tekin:1:17181|İbrahim Akgül:2:32841|Fatma Yıldız:3:49437|Can Bulut:1:18115|Barış Aksoy:1:18582|Esra Çetin:2:30738|Fatma Kalkan:1:17881|Songül Taş:2:34710|Merve Şahin:3:47683|Arzu Tekin:1:16012|Onur Aktaş:1:17413|Ayşe Doğan:1:18232|Hatice Arslan:2:34944,2974984,85,231525,2493,31,38.069237287781824,38.6598000513981,none,739488
Atak,21,2551,2018,2,1661,1336,325,6587,297,96,0,4,283,5039110,3100084,1918493,454440,99540,98980,119728,0,715,1145090,61242638,16434260,796769,44011609,44011609,1602368,814939056,136552,0,1425501,18030936,0,4.0,0.0,2.0,1.0,1.0,732.1996753214286,809.0909089999999,451.363636,450.0876623928571,737.8035715,1.766807,29.00136835714286,1.0,1.0,1.0,1.0,none,0:1.0500|1:0.9200|2:1.0300|3:0.9300|4:0.9400|5:1.1000|6:0.8200|,Can Taş:6:22674|Özlem Yavuz:4:62292|Erdem Çetin:1:17647|İbrahim Avcı:1:16012|Osman Aydın:1:18115|Tuncay Özdemir:1:17063|Serkan Çetin:2:34126|Burak Tekin:1:16947|Mehmet Kalkan:1:17063|Halil Kaya:1:18816|Tuğba Kaya:1:17531|Murat Özkan:1:15660|Sinan Avcı:1:16245|Dilek Tekin:1:17181|İbrahim Akgül:2:32841|Fatma Yıldız:3:49437|Can Bulut:1:18115|Barış Aksoy:1:18582|Esra Çetin:2:30738|Fatma Kalkan:1:17881|Songül Taş:2:34710|Merve Şahin:3:47683|Arzu Tekin:1:16012|Onur Aktaş:1:17413|Ayşe Doğan:1:18232|Hatice Arslan:2:34944,3083866,91,231525,2524,28,38.072060343989314,38.3551166146235,none,913565
Atak,21,2582,2018,3,1850,1493,357,7637,271,103,0,5,310,5330375,3274903,2030901,503130,110205,110454,121458,0,1812,1183842,145146010,100491512,6403,44648095,44648095,1408154,834679092,136552,0,1448653,19962822,0,4.0,0.0,2.0,1.0,1.0,739.3914958709678,815.227273,452.090909,451.2023460967742,739.9956012580645,1.781008,30.0361294516129,1.0,1.0,1.0,1.0,none,0:1.0500|1:0.9250|2:1.0300|3:0.9350|4:0.9450|5:1.1000|6:0.8200|,Can Taş:6:22674|Özlem Yavuz:4:62292|Erdem Çetin:1:17647|İbrahim Avcı:1:16012|Osman Aydın:1:18115|Tuncay Özdemir:1:17063|Serkan Çetin:2:34126|Burak Tekin:1:16947|Mehmet Kalkan:1:17063|Halil Kaya:1:18816|Tuğba Kaya:1:17531|Murat Özkan:1:15660|Sinan Avcı:1:16245|Dilek Tekin:1:17181|İbrahim Akgül:2:32841|Fatma Yıldız:3:49437|Can Bulut:1:18115|Barış Aksoy:1:18582|Esra Çetin:2:30738|Fatma Kalkan:1:17881|Songül Taş:2:34710|Merve Şahin:3:47683|Arzu Tekin:1:16012|Onur Aktaş:1:17413|Ayşe Doğan:1:18232|Hatice Arslan:2:34944,3318296,99,231525,2552,31,38.10052763642333,38.85635532398725,none,952317
Atak,21,2612,2018,4,1707,1370,337,7256,272,81,0,7,299,5116640,3220138,1868817,486900,106650,107851,118590,0,1008,1047818,143770592,80731758,879693,62159141,62159141,1439264,837058491,136552,0,1471805,19318860,0,4.0,0.0,2.0,1.0,1.0,743.4090912666667,822.045455,469.5,465.19696966666663,752.5272728333333,1.796864,30.043999633333332,1.0,1.0,1.0,1.0,none,0:1.0500|1:0.9300|2:1.0300|3:0.9400|4:0.9500|5:1.1000|6:0.8200|,Can Taş:6:22674|Özlem Yavuz:4:62292|Erdem Çetin:1:17647|İbrahim Avcı:1:16012|Osman Aydın:1:18115|Tuncay Özdemir:1:17063|Serkan Çetin:2:34126|Burak Tekin:1:16947|Mehmet Kalkan:1:17063|Halil Kaya:1:18816|Tuğba Kaya:1:17531|Murat Özkan:1:15660|Sinan Avcı:1:16245|Dilek Tekin:1:17181|İbrahim Akgül:2:32841|Fatma Yıldız:3:49437|Can Bulut:1:18115|Barış Aksoy:1:18582|Esra Çetin:2:30738|Fatma Kalkan:1:17881|Songül Taş:2:34710|Merve Şahin:3:47683|Arzu Tekin:1:16012|Onur Aktaş:1:17413|Ayşe Doğan:1:18232|Hatice Arslan:2:34944,3294806,101,231525,2583,30,36.5243011038494,36.84500155896175,none,816293
Atak,21,2643,2018,5,1921,1552,369,7893,292,108,0,9,311,5610010,3522440,2067323,503130,110205,112407,123597,0,2667,1215317,187385905,133862866,867509,52655530,52655530,1499824,887112048,136552,0,1494957,19962822,0,4.0,0.0,2.0,1.0,1.0,751.1950148709677,829.772727,468.454545,468.22434012903227,755.2712609032258,1.812343,30.344966838709677,1.0,1.0,1.0,1.0,none,0:1.0500|1:0.9300|2:1.0300|3:0.9400|4:0.9500|5:1.1000|6:0.8200|,Can Taş:6:22674|Özlem Yavuz:4:62292|Erdem Çetin:1:17647|İbrahim Avcı:1:16012|Osman Aydın:1:18115|Tuncay Özdemir:1:17063|Serkan Çetin:2:34126|Burak Tekin:1:16947|Mehmet Kalkan:1:17063|Halil Kaya:1:18816|Tuğba Kaya:1:17531|Murat Özkan:1:15660|Sinan Avcı:1:16245|Dilek Tekin:1:17181|İbrahim Akgül:2:32841|Fatma Yıldız:3:49437|Can Bulut:1:18115|Barış Aksoy:1:18582|Esra Çetin:2:30738|Fatma Kalkan:1:17881|Songül Taş:2:34710|Merve Şahin:3:47683|Arzu Tekin:1:16012|Onur Aktaş:1:17413|Ayşe Doğan:1:18232|Hatice Arslan:2:34944,3500142,102,231525,2613,31,36.850611674488995,37.6387574829066,none,983792
Atak,21,2673,2018,6,1908,1530,378,8551,198,67,0,9,340,5429620,3360630,2035656,486900,106650,109741,138780,0,2217,1191368,168100247,112095729,855108,55149410,55149410,1490742,941926650,144680,0,1519487,19355328,0,4.0,0.0,2.0,1.0,1.0,752.121212,837.272727,460.772727,462.73787883333335,759.7424242,1.828478,32.351367366666665,1.0,1.0,1.0,1.0,none,0:1.0500|1:0.9200|2:1.0300|3:0.9300|4:0.9400|5:1.1000|6:0.8200|,Can Taş:6:22674|Özlem Yavuz:4:62292|Erdem Çetin:1:17647|İbrahim Avcı:1:16012|Osman Aydın:1:18115|Tuncay Özdemir:1:17063|Serkan Çetin:2:34126|Burak Tekin:1:16947|Mehmet Kalkan:1:17063|Halil Kaya:1:18816|Tuğba Kaya:1:17531|Murat Özkan:1:15660|Sinan Avcı:1:16245|Dilek Tekin:1:17181|İbrahim Akgül:2:32841|Fatma Yıldız:3:49437|Can Bulut:1:18115|Barış Aksoy:1:18582|Esra Çetin:2:30738|Fatma Kalkan:1:17881|Songül Taş:2:34710|Merve Şahin:3:47683|Arzu Tekin:1:16012|Onur Aktaş:1:17413|Ayşe Doğan:1:18232|Hatice Arslan:2:34944,3409042,106,245306,2644,30,37.49168450094113,38.73690574758049,none,946062
Atak,21,2704,2018,7,1863,1532,331,7684,278,75,0,4,296,5254460,3256993,1979766,518130,113677,114361,144646,0,961,1087991,113505995,54078656,842485,58584854,58584854,1356126,938542515,144680,0,1544017,21093330,0,4.0,0.0,2.0,1.0,1.0,771.27566,844.318182,480.81818200000004,475.72140761290325,773.3372433870968,1.84423,29.091611838709678,1.0,1.0,1.0,1.0,none,0:1.0500|1:0.9300|2:1.0300|3:0.9400|4:0.9500|5:1.1000|6:0.8200|,Can Taş:6:23957|Özlem Yavuz:4:65820|Erdem Çetin:1:18647|İbrahim Avcı:1:16918|Osman Aydın:1:19141|Tuncay Özdemir:1:18030|Serkan Çetin:2:36059|Burak Tekin:1:17906|Mehmet Kalkan:1:18030|Halil Kaya:1:19882|Tuğba Kaya:1:18523|Murat Özkan:1:16547|Sinan Avcı:1:17165|Dilek Tekin:1:18153|İbrahim Akgül:2:34701|Fatma Yıldız:3:52236|Can Bulut:1:19141|Barış Aksoy:1:19634|Esra Çetin:2:32478|Fatma Kalkan:1:18894|Songül Taş:2:36676|Merve Şahin:3:50384|Arzu Tekin:1:16918|Onur Aktaş:1:18399|Ayşe Doğan:1:19264|Hatice Arslan:2:36924,3241896,109,245306,2674,31,37.677820365936746,37.65936007885948,none,842685
Atak,21,2735,2018,8,1841,1486,355,7882,237,61,0,11,326,5381410,3383980,1983267,518630,113677,115384,145917,0,1067,1088592,147172725,92412411,829638,53930676,53930676,1075336,1009967808,144680,0,1568547,21093330,0,4.0,0.0,2.0,1.0,1.0,773.0718476774193,851.590909,481.81818200000004,480.75953070967745,780.1950147419354,1.860649,30.498483290322582,1.0,1.0,1.0,1.0,none,0:1.0500|1:0.9300|2:1.0300|3:0.9400|4:0.9500|5:1.1000|6:0.8200|,Can Taş:6:23957|Özlem Yavuz:4:65820|Erdem Çetin:1:18647|İbrahim Avcı:1:16918|Osman Aydın:1:19141|Tuncay Özdemir:1:18030|Serkan Çetin:2:36059|Burak Tekin:1:17906|Mehmet Kalkan:1:18030|Halil Kaya:1:19882|Tuğba Kaya:1:18523|Murat Özkan:1:16547|Sinan Avcı:1:17165|Dilek Tekin:1:18153|İbrahim Akgül:2:34701|Fatma Yıldız:3:52236|Can Bulut:1:19141|Barış Aksoy:1:19634|Esra Çetin:2:32478|Fatma Kalkan:1:18894|Songül Taş:2:36676|Merve Şahin:3:50384|Arzu Tekin:1:16918|Onur Aktaş:1:18399|Ayşe Doğan:1:19264|Hatice Arslan:2:36924,3093480,110,245306,2705,31,36.854040112163915,37.67485086314397,none,843286
Atak,21,2765,2018,9,1817,1495,322,7774,230,84,0,10,295,5676460,3465820,2182845,501900,110010,112653,123900,0,2173,1332209,183842345,112314566,816562,70711217,55233791,1581164,1021856089,144680,0,1593077,20412900,0,4.0,0.0,2.0,1.0,1.0,783.6666666666666,859.3181820000001,475.045455,476.8575758,786.2363636666666,1.877214,30.303057866666666,1.0,1.0,1.0,1.0,none,0:1.0500|1:0.9300|2:1.0300|3:0.9400|4:0.9500|5:1.1000|6:0.8200|,Can Taş:6:23957|Özlem Yavuz:4:65820|Erdem Çetin:1:18647|İbrahim Avcı:1:16918|Osman Aydın:1:19141|Tuncay Özdemir:1:18030|Serkan Çetin:2:36059|Burak Tekin:1:17906|Mehmet Kalkan:1:18030|Halil Kaya:1:19882|Tuğba Kaya:1:18523|Murat Özkan:1:16547|Sinan Avcı:1:17165|Dilek Tekin:1:18153|İbrahim Akgül:2:34701|Fatma Yıldız:3:52236|Can Bulut:1:19141|Barış Aksoy:1:19634|Esra Çetin:2:32478|Fatma Kalkan:1:18894|Songül Taş:2:36676|Merve Şahin:3:50384|Arzu Tekin:1:16918|Onur Aktaş:1:18399|Ayşe Doğan:1:19264|Hatice Arslan:2:36924,3541222,120,245306,2736,30,38.45433597699975,39.38169438536793,none,1086903
Atak,21,2796,2018,10,1737,1417,320,6771,301,78,0,0,268,5200265,3119772,2055811,518630,113677,117430,129115,0,2031,1174928,202321145,139354694,803253,62163198,77640624,1320180,1049433475,144680,0,1617607,21093330,0,4.0,0.0,2.0,1.0,1.0,799.149559967742,866.3636359999999,480.909091,479.4149560322581,799.4369499354839,1.893385,26.124207483870965,1.0,1.0,1.0,1.0,none,0:1.0500|1:0.9300|2:1.0300|3:0.9400|4:0.9500|5:1.1000|6:0.8200|,Can Taş:6:23957|Özlem Yavuz:4:65820|Erdem Çetin:1:18647|İbrahim Avcı:1:16918|Osman Aydın:1:19141|Tuncay Özdemir:1:18030|Serkan Çetin:2:36059|Burak Tekin:1:17906|Mehmet Kalkan:1:18030|Halil Kaya:1:19882|Tuğba Kaya:1:18523|Murat Özkan:1:16547|Sinan Avcı:1:17165|Dilek Tekin:1:18153|İbrahim Akgül:2:34701|Fatma Yıldız:3:52236|Can Bulut:1:19141|Barış Aksoy:1:19634|Esra Çetin:2:32478|Fatma Kalkan:1:18894|Songül Taş:2:36676|Merve Şahin:3:50384|Arzu Tekin:1:16918|Onur Aktaş:1:18399|Ayşe Doğan:1:19264|Hatice Arslan:2:36924,3142248,121,245306,2766,31,39.53281227014393,39.822391816193694,none,929622
Atak,21,2826,2018,11,1581,1281,300,6131,263,79,0,0,264,4950455,3083901,1841128,501900,110010,114633,126090,0,1212,987283,270121218,213601171,1857,56518190,56518190,1344056,872459992,144680,0,1642137,20412900,0,4.0,0.0,2.0,1.0,1.0,798.3636365666666,874.090909,500.40909100000005,495.2818181,806.8803030333333,1.910241,26.16928976666667,1.0,1.0,1.0,1.0,none,0:1.0500|1:0.9300|2:1.0300|3:0.9400|4:0.9500|5:1.1000|6:0.8200|,Can Taş:6:23957|Özlem Yavuz:4:65820|Erdem Çetin:1:18647|İbrahim Avcı:1:16918|Osman Aydın:1:19141|Tuncay Özdemir:1:18030|Serkan Çetin:2:36059|Burak Tekin:1:17906|Mehmet Kalkan:1:18030|Halil Kaya:1:19882|Tuğba Kaya:1:18523|Murat Özkan:1:16547|Sinan Avcı:1:17165|Dilek Tekin:1:18153|İbrahim Akgül:2:34701|Fatma Yıldız:3:52236|Can Bulut:1:19141|Barış Aksoy:1:19634|Esra Çetin:2:32478|Fatma Kalkan:1:18894|Songül Taş:2:36676|Merve Şahin:3:50384|Arzu Tekin:1:16918|Onur Aktaş:1:18399|Ayşe Doğan:1:19264|Hatice Arslan:2:36924,3166240,124,245306,2797,30,37.19108647588959,37.3206558915946,none,741977
Atak,21,2857,2018,12,1667,1352,315,6449,304,81,0,0,273,5228530,3167056,2044294,518630,113677,119478,144553,0,1947,1146009,322352168,223028164,804854,98519150,98519150,1356582,983146829,156060,0,1668597,21143996,0,4.0,0.0,2.0,1.0,1.0,805.8870967419355,881.3636359999999,486.31818200000004,490.06304987096775,809.2917889677419,1.926697,26.554850032258063,1.0,1.0,1.0,1.0,none,0:1.0500|1:0.9200|2:1.0300|3:0.9300|4:0.9400|5:1.1000|6:0.8200|,Can Taş:6:23957|Özlem Yavuz:4:65820|Erdem Çetin:1:18647|İbrahim Avcı:1:16918|Osman Aydın:1:19141|Tuncay Özdemir:1:18030|Serkan Çetin:2:36059|Burak Tekin:1:17906|Mehmet Kalkan:1:18030|Halil Kaya:1:19882|Tuğba Kaya:1:18523|Murat Özkan:1:16547|Sinan Avcı:1:17165|Dilek Tekin:1:18153|İbrahim Akgül:2:34701|Fatma Yıldız:3:52236|Can Bulut:1:19141|Barış Aksoy:1:19634|Esra Çetin:2:32478|Fatma Kalkan:1:18894|Songül Taş:2:36676|Merve Şahin:3:50384|Arzu Tekin:1:16918|Onur Aktaş:1:18399|Ayşe Doğan:1:19264|Hatice Arslan:2:36924,3051762,124,264600,2827,31,39.098828925147224,39.654303441995566,none,881409
Atak,21,2888,2019,1,1586,1218,368,5822,346,57,0,0,307,5071918,3083793,1963414,539630,118575,120574,145824,0,2496,1036315,116195452,53263791,793532,62138129,62138129,1188940,1158603613,156060,0,1695057,22663976,0,4.0,0.0,2.0,1.0,1.0,818.9516130000001,889.318182,499.954545,496.6407624516129,820.9178885483872,1.94385,23.966608741935485,1.0,1.0,1.0,1.0,none,0:1.0500|1:0.9300|2:1.0300|3:0.9400|4:0.9500|5:1.1000|6:0.8200|,Can Taş:6:25741|Özlem Yavuz:4:70722|Erdem Çetin:1:20035|İbrahim Avcı:1:18178|Osman Aydın:1:20567|Tuncay Özdemir:1:19372|Serkan Çetin:2:38744|Burak Tekin:1:19240|Mehmet Kalkan:1:19372|Halil Kaya:1:21363|Tuğba Kaya:1:19903|Murat Özkan:1:17780|Sinan Avcı:1:18444|Dilek Tekin:1:19504|İbrahim Akgül:2:37284|Fatma Yıldız:3:56126|Can Bulut:1:20567|Barış Aksoy:1:21097|Esra Çetin:2:34897|Fatma Kalkan:1:20301|Songül Taş:2:39407|Merve Şahin:3:54135|Arzu Tekin:1:18178|Onur Aktaş:1:19770|Ayşe Doğan:1:20699|Hatice Arslan:2:39673,3036914,123,264600,2858,31,38.71146970436036,38.95188225241337,none,771715
Atak,21,2916,2019,2,1432,1131,301,5429,270,63,0,0,276,4935515,3091057,1825024,488040,107100,110195,133280,0,3146,983263,44841158,-10984945,782008,55044095,55044095,1586812,1176700991,156060,0,1721517,20470688,0,4.0,0.0,2.0,1.0,1.0,822.0373376428571,900.0,513.883117,509.35227271428573,831.163961,1.967061,24.132872035714286,1.0,1.0,1.0,1.0,none,0:1.0500|1:0.9300|2:1.0300|3:0.9400|4:0.9500|5:1.1000|6:0.8200|,Can Taş:6:25741|Özlem Yavuz:4:70722|Erdem Çetin:1:20035|İbrahim Avcı:1:18178|Osman Aydın:1:20567|Tuncay Özdemir:1:19372|Serkan Çetin:2:38744|Burak Tekin:1:19240|Mehmet Kalkan:1:19372|Halil Kaya:1:21363|Tuğba Kaya:1:19903|Murat Özkan:1:17780|Sinan Avcı:1:18444|Dilek Tekin:1:19504|İbrahim Akgül:2:37284|Fatma Yıldız:3:56126|Can Bulut:1:20567|Barış Aksoy:1:21097|Esra Çetin:2:34897|Fatma Kalkan:1:20301|Songül Taş:2:39407|Merve Şahin:3:54135|Arzu Tekin:1:18178|Onur Aktaş:1:19770|Ayşe Doğan:1:20699|Hatice Arslan:2:39673,3136672,131,264600,2889,28,36.97737723418934,37.486645257072006,none,718663
Atak,21,2947,2019,3,1495,1191,304,5650,303,73,0,0,238,4760250,2911966,1831881,540330,118575,123334,135594,0,1667,912381,157592842,82360481,770919,74461442,58137644,952656,1194983737,156060,0,1747977,22663976,0,4.0,0.0,2.0,1.0,1.0,839.2228743225807,909.090909,514.090909,512.8431086451612,842.4002932580646,1.988265,22.501898322580647,1.0,1.0,1.0,1.0,none,0:1.0500|1:0.9300|2:1.0300|3:0.9400|4:0.9500|5:1.1000|6:0.8200|,Can Taş:6:25741|Özlem Yavuz:4:70722|Erdem Çetin:1:20035|İbrahim Avcı:1:18178|Osman Aydın:1:20567|Tuncay Özdemir:1:19372|Serkan Çetin:2:38744|Burak Tekin:1:19240|Mehmet Kalkan:1:19372|Halil Kaya:1:21363|Tuğba Kaya:1:19903|Murat Özkan:1:17780|Sinan Avcı:1:18444|Dilek Tekin:1:19504|İbrahim Akgül:2:37284|Fatma Yıldız:3:56126|Can Bulut:1:20567|Barış Aksoy:1:21097|Esra Çetin:2:34897|Fatma Kalkan:1:20301|Songül Taş:2:39407|Merve Şahin:3:54135|Arzu Tekin:1:18178|Onur Aktaş:1:19770|Ayşe Doğan:1:20699|Hatice Arslan:2:39673,2686002,137,264600,2917,31,38.48287379864503,38.74202852073434,none,647781
Atak,21,2977,2019,4,1597,1239,358,5789,271,52,0,0,316,4818250,2944722,1846033,522900,114750,120767,132780,0,4900,949936,208814445,137002172,768743,71043530,87367328,1313244,1209767040,156060,0,1774437,21932880,0,4.0,0.0,2.0,1.0,1.0,843.1136367333332,922.045455,514.045455,513.2484849666666,850.3272727666666,2.012006,23.146258699999997,1.0,1.0,1.0,1.0,none,0:1.0500|1:0.9300|2:1.0300|3:0.9400|4:0.9500|5:1.1000|6:0.8200|,Can Taş:6:25741|Özlem Yavuz:4:70722|Erdem Çetin:1:20035|İbrahim Avcı:1:18178|Osman Aydın:1:20567|Tuncay Özdemir:1:19372|Serkan Çetin:2:38744|Burak Tekin:1:19240|Mehmet Kalkan:1:19372|Halil Kaya:1:21363|Tuğba Kaya:1:19903|Murat Özkan:1:17780|Sinan Avcı:1:18444|Dilek Tekin:1:19504|İbrahim Akgül:2:37284|Fatma Yıldız:3:56126|Can Bulut:1:20567|Barış Aksoy:1:21097|Esra Çetin:2:34897|Fatma Kalkan:1:20301|Songül Taş:2:39407|Merve Şahin:3:54135|Arzu Tekin:1:18178|Onur Aktaş:1:19770|Ayşe Doğan:1:20699|Hatice Arslan:2:39673,2838960,137,264600,2948,30,38.31335028277902,39.03011022432479,none,685336
Atak,21,3008,2019,5,1614,1243,371,5767,325,50,0,0,326,4967225,2990077,1951019,540330,118575,126249,138818,0,4050,1022997,251580077,177120930,8428,74450719,74450719,1318334,1274783425,156060,0,1800897,22663976,0,4.0,0.0,2.0,1.0,1.0,857.939882516129,931.818182,516.5,514.8988269354838,861.3870968709678,2.035252,22.500364548387097,1.0,1.0,1.0,1.0,none,0:1.0500|1:0.9300|2:1.0300|3:0.9400|4:0.9500|5:1.1000|6:0.8200|,Can Taş:6:25741|Özlem Yavuz:4:70722|Erdem Çetin:1:20035|İbrahim Avcı:1:18178|Osman Aydın:1:20567|Tuncay Özdemir:1:19372|Serkan Çetin:2:38744|Burak Tekin:1:19240|Mehmet Kalkan:1:19372|Halil Kaya:1:21363|Tuğba Kaya:1:19903|Murat Özkan:1:17780|Sinan Avcı:1:18444|Dilek Tekin:1:19504|İbrahim Akgül:2:37284|Fatma Yıldız:3:56126|Can Bulut:1:20567|Barış Aksoy:1:21097|Esra Çetin:2:34897|Fatma Kalkan:1:20301|Songül Taş:2:39407|Merve Şahin:3:54135|Arzu Tekin:1:18178|Onur Aktaş:1:19770|Ayşe Doğan:1:20699|Hatice Arslan:2:39673,2996842,138,264600,2978,31,39.277846282381006,39.797646603718775,none,758397
Atak,21,3038,2019,6,1583,1252,331,5935,251,75,0,2,281,4687670,2818754,1841304,522900,114750,123618,156330,0,0,923706,200821968,110862395,877310,89082263,71784337,1277238,1341263864,167439,0,1829286,21988191,0,4.0,0.0,2.0,1.0,1.0,863.9090908000001,942.954545,523.227273,520.5984848666667,870.9560606666666,2.059555,22.8620107,1.0,1.0,1.0,1.0,none,0:1.0500|1:0.9300|2:1.0300|3:0.9400|4:0.9500|5:1.1000|6:0.8200|,Can Taş:6:25741|Özlem Yavuz:4:70722|Erdem Çetin:1:20035|İbrahim Avcı:1:18178|Osman Aydın:1:20567|Tuncay Özdemir:1:19372|Serkan Çetin:2:38744|Burak Tekin:1:19240|Mehmet Kalkan:1:19372|Halil Kaya:1:21363|Tuğba Kaya:1:19903|Murat Özkan:1:17780|Sinan Avcı:1:18444|Dilek Tekin:1:19504|İbrahim Akgül:2:37284|Fatma Yıldız:3:56126|Can Bulut:1:20567|Barış Aksoy:1:21097|Esra Çetin:2:34897|Fatma Kalkan:1:20301|Songül Taş:2:39407|Merve Şahin:3:54135|Arzu Tekin:1:18178|Onur Aktaş:1:19770|Ayşe Doğan:1:20699|Hatice Arslan:2:39673,2873880,142,283894,3009,30,39.279727455217625,39.43491525069157,none,639812
Atak,21,3069,2019,7,1520,1178,342,5447,373,28,0,0,267,4258560,2522243,1721022,561330,123442,129226,163401,0,0,743623,135294310,74482100,865762,59946448,77244374,971514,1314685268,167439,0,1857675,24378617,0,4.0,0.0,2.0,1.0,1.0,900.0439881935484,953.409091,540.954545,534.0777126774193,892.3211142903226,2.08335,20.959363193548388,1.0,1.0,1.0,1.0,none,0:1.0500|1:0.9300|2:1.0300|3:0.9400|4:0.9500|5:1.1000|6:0.8200|,Can Taş:6:27689|Özlem Yavuz:4:76071|Erdem Çetin:1:21551|İbrahim Avcı:1:19553|Osman Aydın:1:22122|Tuncay Özdemir:1:20837|Serkan Çetin:2:41676|Burak Tekin:1:20695|Mehmet Kalkan:1:20837|Halil Kaya:1:22979|Tuğba Kaya:1:21408|Murat Özkan:1:19125|Sinan Avcı:1:19839|Dilek Tekin:1:20981|İbrahim Akgül:2:40105|Fatma Yıldız:3:60372|Can Bulut:1:22122|Barış Aksoy:1:22693|Esra Çetin:2:37536|Fatma Kalkan:1:21837|Songül Taş:2:42389|Merve Şahin:3:58232|Arzu Tekin:1:19553|Onur Aktaş:1:21266|Ayşe Doğan:1:22264|Hatice Arslan:2:42674,2289150,145,283894,3039,31,40.413238277727686,39.89687703089558,none,459729
Atak,21,3100,2019,8,1493,1142,351,5598,276,34,0,2,292,4210497,2505744,1692256,562030,123442,130747,165354,0,1827,708856,171084567,99549157,853980,70681430,70681430,720124,1394543833,167439,0,1886064,24378617,0,4.0,0.0,2.0,1.0,1.0,911.4076246129033,965.454545,547.454545,544.0117300967743,912.8431085806451,2.108227,21.851263870967742,1.0,1.0,1.0,1.0,none,0:1.0500|1:0.9300|2:1.0300|3:0.9400|4:0.9500|5:1.1000|6:0.8200|,Can Taş:6:27689|Özlem Yavuz:4:76071|Erdem Çetin:1:21551|İbrahim Avcı:1:19553|Osman Aydın:1:22122|Tuncay Özdemir:1:20837|Serkan Çetin:2:41676|Burak Tekin:1:20695|Mehmet Kalkan:1:20837|Halil Kaya:1:22979|Tuğba Kaya:1:21408|Murat Özkan:1:19125|Sinan Avcı:1:19839|Dilek Tekin:1:20981|İbrahim Akgül:2:40105|Fatma Yıldız:3:60372|Can Bulut:1:22122|Barış Aksoy:1:22693|Esra Çetin:2:37536|Fatma Kalkan:1:21837|Songül Taş:2:42389|Merve Şahin:3:58232|Arzu Tekin:1:19553|Onur Aktaş:1:21266|Ayşe Doğan:1:22264|Hatice Arslan:2:42674,2138384,145,283894,3070,31,40.19135983234283,39.93307382824264,none,424962
Atak,21,3130,2019,9,1438,1097,341,5110,398,37,0,0,255,4692150,2896863,1775230,543900,119460,128059,140790,0,2959,840062,98000257,27246812,841958,69911487,69911487,1025928,1245549414,167439,0,1914453,23592210,0,4.0,0.0,2.0,1.0,1.0,918.9242422333334,976.590909,576.7954544666667,564.4969696,922.1803029333333,2.133401,21.464845500000003,1.0,1.0,1.1625,0.95125,0,0:1.0500|1:0.9300|2:1.0300|3:0.9400|4:0.9500|5:1.1000|6:0.8200|,Can Taş:6:27689|Özlem Yavuz:4:76071|Erdem Çetin:1:21551|İbrahim Avcı:1:19553|Osman Aydın:1:22122|Tuncay Özdemir:1:20837|Serkan Çetin:2:41676|Burak Tekin:1:20695|Mehmet Kalkan:1:20837|Halil Kaya:1:22979|Tuğba Kaya:1:21408|Murat Özkan:1:19125|Sinan Avcı:1:19839|Dilek Tekin:1:20981|İbrahim Akgül:2:40105|Fatma Yıldız:3:60372|Can Bulut:1:22122|Barış Aksoy:1:22693|Esra Çetin:2:37536|Fatma Kalkan:1:21837|Songül Taş:2:42389|Merve Şahin:3:58232|Arzu Tekin:1:19553|Onur Aktaş:1:21266|Ayşe Doğan:1:22264|Hatice Arslan:2:42674,2732146,151,283894,3101,30,37.83404196370534,37.231446515674065,none|0,556168
Atak,21,3161,2019,10,1490,1134,356,4956,483,68,0,0,263,4565572,2908551,1626740,562030,123442,133848,147188,0,1668,658564,-214612779,-260768238,829693,45325766,45325766,1106610,1540278344,167439,0,1942842,24378617,0,4.0,0.0,2.0,1.0,1.0,932.7272727741936,987.727273,594.409091,588.0806450967742,932.9354838709677,2.158049,20.99678048387097,1.0,1.0,1.25,0.925,0,0:1.0500|1:0.9300|2:1.0300|3:0.9400|4:0.9500|5:1.1000|6:0.8200|,Can Taş:6:27689|Özlem Yavuz:4:76071|Erdem Çetin:1:21551|İbrahim Avcı:1:19553|Osman Aydın:1:22122|Tuncay Özdemir:1:20837|Serkan Çetin:2:41676|Burak Tekin:1:20695|Mehmet Kalkan:1:20837|Halil Kaya:1:22979|Tuğba Kaya:1:21408|Murat Özkan:1:19125|Sinan Avcı:1:19839|Dilek Tekin:1:20981|İbrahim Akgül:2:40105|Fatma Yıldız:3:60372|Can Bulut:1:22122|Barış Aksoy:1:22693|Esra Çetin:2:37536|Fatma Kalkan:1:21837|Songül Taş:2:42389|Merve Şahin:3:58232|Arzu Tekin:1:19553|Onur Aktaş:1:21266|Ayşe Doğan:1:22264|Hatice Arslan:2:42674,2797350,150,283894,3131,31,35.63058473286589,36.27192981802066,0,374670
Atak,21,3191,2019,11,1390,1035,355,4870,465,27,0,0,254,4120523,2572781,1531807,543900,119460,131090,144120,0,4332,588905,33496067,-16582008,817179,49260896,49260896,943404,1435807074,167439,0,1971231,23592210,0,4.0,0.0,2.0,1.0,1.0,943.9318184,999.772727,590.227273,590.3909091,945.3621210666666,2.183819,20.119388933333333,1.0,1.0,1.25,0.925,0,0:1.0500|1:0.9300|2:1.0300|3:0.9400|4:0.9500|5:1.1000|6:0.8200|,Can Taş:6:27689|Özlem Yavuz:4:76071|Erdem Çetin:1:21551|İbrahim Avcı:1:19553|Osman Aydın:1:22122|Tuncay Özdemir:1:20837|Serkan Çetin:2:41676|Burak Tekin:1:20695|Mehmet Kalkan:1:20837|Halil Kaya:1:22979|Tuğba Kaya:1:21408|Murat Özkan:1:19125|Sinan Avcı:1:19839|Dilek Tekin:1:20981|İbrahim Akgül:2:40105|Fatma Yıldız:3:60372|Can Bulut:1:22122|Barış Aksoy:1:22693|Esra Çetin:2:37536|Fatma Kalkan:1:21837|Songül Taş:2:42389|Merve Şahin:3:58232|Arzu Tekin:1:19553|Onur Aktaş:1:21266|Ayşe Doğan:1:22264|Hatice Arslan:2:42674,2293290,150,283894,3162,30,37.17506248599996,37.47140826331531,0,305011
Atak,21,3222,2019,12,1500,1168,332,5178,479,44,0,0,244,5178370,3277446,1880122,562030,123442,137011,165726,0,5944,885969,98193567,24315520,3261,73874786,73874786,1555156,1352396923,180444,0,2001825,24437498,0,4.0,0.0,2.0,1.0,1.0,953.1085041935484,1010.681818,594.818182,592.6700879677419,951.2551318709677,2.209049,21.38830822580645,1.0,1.0,1.25,0.925,0,0:1.0500|1:0.9300|2:1.0300|3:0.9400|4:0.9500|5:1.1000|6:0.8200|,Can Taş:6:27689|Özlem Yavuz:4:76071|Erdem Çetin:1:21551|İbrahim Avcı:1:19553|Osman Aydın:1:22122|Tuncay Özdemir:1:20837|Serkan Çetin:2:41676|Burak Tekin:1:20695|Mehmet Kalkan:1:20837|Halil Kaya:1:22979|Tuğba Kaya:1:21408|Murat Özkan:1:19125|Sinan Avcı:1:19839|Dilek Tekin:1:20981|İbrahim Akgül:2:40105|Fatma Yıldız:3:60372|Can Bulut:1:22122|Barış Aksoy:1:22693|Esra Çetin:2:37536|Fatma Kalkan:1:21837|Songül Taş:2:42389|Merve Şahin:3:58232|Arzu Tekin:1:19553|Onur Aktaş:1:21266|Ayşe Doğan:1:22264|Hatice Arslan:2:42674,3191140,153,305944,3192,31,36.30721636345027,37.591766374669774,0,580025
Atak,21,3253,2020,1,1501,1093,408,5223,452,37,0,0,317,5177578,3252731,1885748,586030,129022,138654,167710,12283,6910,857422,26120450,-33893513,819640,59194323,59194323,639560,1448576173,180444,0,2032419,26203928,0,4.0,0.0,2.0,1.0,1.0,959.1055718064516,1023.409091,597.681818,595.656891483871,964.0718475806452,2.235427,21.455895193548386,1.0,1.0,1.25,0.925,0,0:1.0500|1:0.9300|2:1.0300|3:0.9400|4:0.9500|5:1.1000|6:0.8200|,Can Taş:6:29761|Özlem Yavuz:4:81768|Erdem Çetin:1:23165|İbrahim Avcı:1:21017|Osman Aydın:1:23778|Tuncay Özdemir:1:22398|Serkan Çetin:2:44796|Burak Tekin:1:22245|Mehmet Kalkan:1:22398|Halil Kaya:1:24698|Tuğba Kaya:1:23012|Murat Özkan:1:20557|Sinan Avcı:1:21324|Dilek Tekin:1:22551|İbrahim Akgül:2:43108|Fatma Yıldız:3:64892|Can Bulut:1:23778|Barış Aksoy:1:24392|Esra Çetin:2:40347|Fatma Kalkan:1:23472|Songül Taş:2:45563|Merve Şahin:3:62591|Arzu Tekin:1:21017|Onur Aktaş:1:22858|Ayşe Doğan:1:23932|Hatice Arslan:2:45870,2464528,148,305944,3223,31,36.42143102431291,37.68341717854051,0,551478
Atak,21,3282,2020,2,1458,1048,410,4947,456,63,0,0,309,5042662,3173110,1834238,548970,120698,131247,158746,0,5904,868673,14897280,-42388417,808649,56477048,56477048,1261062,1427291150,180444,0,2063013,24513352,0,4.0,0.0,2.0,1.0,1.0,977.311912275862,1035.227273,611.7993732068965,606.2727272413794,979.7962383103448,2.262121,21.51545527586207,0.9862068965517242,0.9862068965517242,1.2498275862068964,0.9227830344827587,1,0:1.0500|1:0.9300|2:1.0300|3:0.9400|4:0.9500|5:1.1000|6:0.8200|,Can Taş:6:29761|Özlem Yavuz:4:81768|Erdem Çetin:1:23165|İbrahim Avcı:1:21017|Osman Aydın:1:23778|Tuncay Özdemir:1:22398|Serkan Çetin:2:44796|Burak Tekin:1:22245|Mehmet Kalkan:1:22398|Halil Kaya:1:24698|Tuğba Kaya:1:23012|Murat Özkan:1:20557|Sinan Avcı:1:21324|Dilek Tekin:1:22551|İbrahim Akgül:2:43108|Fatma Yıldız:3:64892|Can Bulut:1:23778|Barış Aksoy:1:24392|Esra Çetin:2:40347|Fatma Kalkan:1:23472|Songül Taş:2:45563|Merve Şahin:3:62591|Arzu Tekin:1:21017|Onur Aktaş:1:22858|Ayşe Doğan:1:23932|Hatice Arslan:2:45870,3011566,159,305944,3254,29,36.37439907731274,37.39978347524672,0|1,562729
Atak,21,3313,2020,3,1401,1003,398,4820,557,53,0,0,281,4428946,2767900,1640809,586830,129022,141879,155992,0,4659,622427,43059741,-27163521,797435,69425827,69425827,1038590,1372264873,180444,0,2093607,26203928,0,4.0,0.0,2.0,1.0,1.0,980.7844576129032,1047.045455,612.3944281935484,610.9340175806452,986.055718451613,2.28738,21.81287235483871,0.9,0.9,1.2341666774193547,0.8015934193548386,1,0:1.0500|1:0.9300|2:1.0300|3:0.9400|4:0.9500|5:1.1000|6:0.8200|,Can Taş:6:29761|Özlem Yavuz:4:81768|Erdem Çetin:1:23165|İbrahim Avcı:1:21017|Osman Aydın:1:23778|Tuncay Özdemir:1:22398|Serkan Çetin:2:44796|Burak Tekin:1:22245|Mehmet Kalkan:1:22398|Halil Kaya:1:24698|Tuğba Kaya:1:23012|Murat Özkan:1:20557|Sinan Avcı:1:21324|Dilek Tekin:1:22551|İbrahim Akgül:2:43108|Fatma Yıldız:3:64892|Can Bulut:1:23778|Barış Aksoy:1:24392|Esra Çetin:2:40347|Fatma Kalkan:1:23472|Songül Taş:2:45563|Merve Şahin:3:62591|Arzu Tekin:1:21017|Onur Aktaş:1:22858|Ayşe Doğan:1:23932|Hatice Arslan:2:45870,2635616,165,305944,3283,31,37.047392314108144,37.560753186889436,1,316483
Atak,21,3343,2020,4,1553,1159,394,5600,567,58,0,0,295,5098900,3250221,1830017,567900,124860,138924,152760,0,4580,840993,97215173,41110096,785993,55319084,55319084,1315122,1366471794,180444,0,2124201,25358640,0,4.0,0.0,2.0,1.0,1.0,996.5303028333333,1058.863636,634.5318181333333,627.1909090666667,996.5257575333333,2.314693,23.101161833333332,0.9,0.9,1.20875,0.8,1,0:1.0500|1:0.9300|2:1.0300|3:0.9400|4:0.9500|5:1.1000|6:0.8200|,Can Taş:6:29761|Özlem Yavuz:4:81768|Erdem Çetin:1:23165|İbrahim Avcı:1:21017|Osman Aydın:1:23778|Tuncay Özdemir:1:22398|Serkan Çetin:2:44796|Burak Tekin:1:22245|Mehmet Kalkan:1:22398|Halil Kaya:1:24698|Tuğba Kaya:1:23012|Murat Özkan:1:20557|Sinan Avcı:1:21324|Dilek Tekin:1:22551|İbrahim Akgül:2:43108|Fatma Yıldız:3:64892|Can Bulut:1:23778|Barış Aksoy:1:24392|Esra Çetin:2:40347|Fatma Kalkan:1:23472|Songül Taş:2:45563|Merve Şahin:3:62591|Arzu Tekin:1:21017|Onur Aktaş:1:22858|Ayşe Doğan:1:23932|Hatice Arslan:2:45870,3161804,165,305944,3314,30,35.89042734707486,36.325888301717114,1,535049
Atak,21,3374,2020,5,1573,1157,416,5509,616,56,0,3,298,4703442,2947062,1726784,586830,129022,145229,159681,0,3526,702496,110070998,30995238,775173,78300587,63994423,1145040,1414172998,180444,0,2154795,26203928,0,4.0,0.0,2.0,1.0,1.0,1009.4794719354838,1072.045455,633.9662756451613,633.0043987741935,1011.0469207741936,2.341436,22.316635193548386,0.9,0.9,1.183333322580645,0.8,1,0:1.0500|1:0.9300|2:1.0300|3:0.9400|4:0.9500|5:1.1000|6:0.8200|,Can Taş:6:29761|Özlem Yavuz:4:81768|Erdem Çetin:1:23165|İbrahim Avcı:1:21017|Osman Aydın:1:23778|Tuncay Özdemir:1:22398|Serkan Çetin:2:44796|Burak Tekin:1:22245|Mehmet Kalkan:1:22398|Halil Kaya:1:24698|Tuğba Kaya:1:23012|Murat Özkan:1:20557|Sinan Avcı:1:21324|Dilek Tekin:1:22551|İbrahim Akgül:2:43108|Fatma Yıldız:3:64892|Can Bulut:1:23778|Barış Aksoy:1:24392|Esra Çetin:2:40347|Fatma Kalkan:1:23472|Songül Taş:2:45563|Merve Şahin:3:62591|Arzu Tekin:1:21017|Onur Aktaş:1:22858|Ayşe Doğan:1:23932|Hatice Arslan:2:45870,2971164,166,305944,3344,31,36.713198546936475,37.19869563769809,1,396552
Atak,21,3404,2020,6,1377,957,420,4728,552,26,0,0,304,3670588,2294748,1357479,567900,124860,142225,179850,0,5164,337480,60211870,1855836,773401,57582633,71888797,428190,1396299452,193449,0,2187594,25422601,0,4.0,0.0,2.0,1.0,1.0,1018.7803028,1084.545455,639.2378788,636.4696969333332,1018.7818180666667,2.369395,22.059500533333335,0.9,0.9,1.1579166666666665,0.8,1,0:1.0500|1:0.9300|2:1.0300|3:0.9400|4:0.9500|5:1.1000|6:0.8200|,Can Taş:6:29761|Özlem Yavuz:4:81768|Erdem Çetin:1:23165|İbrahim Avcı:1:21017|Osman Aydın:1:23778|Tuncay Özdemir:1:22398|Serkan Çetin:2:44796|Burak Tekin:1:22245|Mehmet Kalkan:1:22398|Halil Kaya:1:24698|Tuğba Kaya:1:23012|Murat Özkan:1:20557|Sinan Avcı:1:21324|Dilek Tekin:1:22551|İbrahim Akgül:2:43108|Fatma Yıldız:3:64892|Can Bulut:1:23778|Barış Aksoy:1:24392|Esra Çetin:2:40347|Fatma Kalkan:1:23472|Songül Taş:2:45563|Merve Şahin:3:62591|Arzu Tekin:1:21017|Onur Aktaş:1:22858|Ayşe Doğan:1:23932|Hatice Arslan:2:45870,1653758,165,327994,3375,30,36.98260333221816,37.254589920601276,1,9486
Atak,21,3435,2020,7,1472,1046,426,5031,651,30,0,0,287,4176453,2541247,1597745,433230,94642,148671,187984,27716,3498,729720,-57322010,-110355485,8561,53024914,53024914,371592,1435473856,193449,0,2220393,28186719,0,3.225806451612903,0.0,2.0,0.22580645161290322,1.0,1034.589442967742,1097.5,629.1862169999999,633.215542483871,1033.4912023225806,2.39677,20.905887483870966,0.9,0.9,1.1325,0.8,1,0:1.0500|1:0.9300|2:1.0300|3:0.9400|4:0.9500|5:1.1000|6:0.8200|,Can Taş:6:32013|Özlem Yavuz:4:87955|Erdem Çetin:1:24918|İbrahim Avcı:1:22607|Osman Aydın:1:25578|Tuncay Özdemir:1:24092|Serkan Çetin:2:48185|Burak Tekin:1:23928|Mehmet Kalkan:1:24092|Halil Kaya:1:26568|Tuğba Kaya:1:24752|Murat Özkan:1:22112|Sinan Avcı:1:22938|Dilek Tekin:1:24257|İbrahim Akgül:2:46370|Fatma Yıldız:3:69803|Can Bulut:1:25578|Barış Aksoy:1:26238|Esra Çetin:2:43399|Fatma Kalkan:1:25247|Songül Taş:2:49010|Merve Şahin:3:67327|Arzu Tekin:1:22607|Onur Aktaş:1:24588|Ayşe Doğan:1:25743|Hatice Arslan:2:49341,1749896,160,327994,3405,31,38.256027303551605,39.18493743806569,1,401726
Atak,21,3466,2020,8,1378,933,445,4490,674,35,0,0,283,3882453,2336777,1521511,390930,84945,150439,190216,0,55132,649849,74532906,4803204,681734,69047968,69047968,1157212,1439975728,193449,0,2253192,28186719,0,3.032258064516129,0.0,2.0,0.03225806451612903,1.0,1049.0322582903225,1109.545455,635.6173020967741,634.1026393225807,1047.4076247419355,2.4253900000000006,20.053930451612903,0.9,0.9,1.1066666774193548,0.8,1,0:1.0500|1:0.9300|2:1.0300|3:0.9400|4:0.9500|5:1.1000|6:0.8200|,Can Taş:6:32013|Özlem Yavuz:4:87955|Erdem Çetin:1:24918|İbrahim Avcı:1:22607|Osman Aydın:1:25578|Tuncay Özdemir:1:24092|Serkan Çetin:2:48185|Burak Tekin:1:23928|Mehmet Kalkan:1:24092|Halil Kaya:1:26568|Tuğba Kaya:1:24752|Murat Özkan:1:22112|Sinan Avcı:1:22938|Dilek Tekin:1:24257|İbrahim Akgül:2:46370|Fatma Yıldız:3:69803|Can Bulut:1:25578|Barış Aksoy:1:26238|Esra Çetin:2:43399|Fatma Kalkan:1:25247|Songül Taş:2:49010|Merve Şahin:3:67327|Arzu Tekin:1:22607|Onur Aktaş:1:24588|Ayşe Doğan:1:25743|Hatice Arslan:2:49341,2106206,159,327994,3436,31,39.189424830126725,39.40917478241501,1,321855
Atak,21,3496,2020,9,1252,867,385,3882,698,14,0,0,241,3732095,2239784,1465406,630900,139050,147326,162000,0,2509,383621,88194763,26887416,672029,60635318,60635318,982642,1437689115,193449,0,2285991,27277470,0,4.0,0.0,2.0,1.0,1.0,1066.5075758666667,1123.8636359999998,643.0393939999999,639.6212120333333,1061.1636363666667,2.454351,19.707764533333332,0.9,0.9,1.08125,0.8,1,0:1.0500|1:0.9300|2:1.0300|3:0.9400|4:0.9500|5:1.1000|6:0.8200|,Can Taş:6:32013|Özlem Yavuz:4:87955|Erdem Çetin:1:24918|İbrahim Avcı:1:22607|Osman Aydın:1:25578|Tuncay Özdemir:1:24092|Serkan Çetin:2:48185|Burak Tekin:1:23928|Mehmet Kalkan:1:24092|Halil Kaya:1:26568|Tuğba Kaya:1:24752|Murat Özkan:1:22112|Sinan Avcı:1:22938|Dilek Tekin:1:24257|İbrahim Akgül:2:46370|Fatma Yıldız:3:69803|Can Bulut:1:25578|Barış Aksoy:1:26238|Esra Çetin:2:43399|Fatma Kalkan:1:25247|Songül Taş:2:49010|Merve Şahin:3:67327|Arzu Tekin:1:22607|Onur Aktaş:1:24588|Ayşe Doğan:1:25743|Hatice Arslan:2:49341,2318694,163,327994,3467,30,39.26497047904729,39.706064115160885,1,55627
Atak,21,3527,2020,10,1434,983,451,4364,704,8,0,0,302,4106215,2474290,1607969,651930,143685,153975,169322,0,5455,483602,97298065,36438771,662151,60197143,60197143,1002980,1458005296,193449,0,2318790,28186719,0,4.0,0.0,2.0,1.0,1.0,1073.7976537096774,1136.590909,646.7991201935483,644.3739003548387,1071.249267032258,2.482707,20.276978354838707,0.9,0.9,1.055833322580645,0.8,1,0:1.0500|1:0.9300|2:1.0300|3:0.9400|4:0.9500|5:1.1000|6:0.8200|,Can Taş:6:32013|Özlem Yavuz:4:87955|Erdem Çetin:1:24918|İbrahim Avcı:1:22607|Osman Aydın:1:25578|Tuncay Özdemir:1:24092|Serkan Çetin:2:48185|Burak Tekin:1:23928|Mehmet Kalkan:1:24092|Halil Kaya:1:26568|Tuğba Kaya:1:24752|Murat Özkan:1:22112|Sinan Avcı:1:22938|Dilek Tekin:1:24257|İbrahim Akgül:2:46370|Fatma Yıldız:3:69803|Can Bulut:1:25578|Barış Aksoy:1:26238|Esra Çetin:2:43399|Fatma Kalkan:1:25247|Songül Taş:2:49010|Merve Şahin:3:67327|Arzu Tekin:1:22607|Onur Aktaş:1:24588|Ayşe Doğan:1:25743|Hatice Arslan:2:49341,2189826,165,327994,3497,31,39.15939618359,39.76526974527891,1,155608
Atak,21,3557,2020,11,1359,980,379,4431,713,27,0,0,251,4632415,2808926,1799490,630900,139050,150808,165810,0,6710,706212,100529310,23089302,652098,76787910,76787910,1172560,1449960664,193449,0,2351589,27277470,0,4.0,0.0,2.0,1.0,1.0,1085.3939393333335,1150.454545,662.5469696666667,655.6469697333334,1083.8939392333334,2.512353,20.099220866666666,0.9,0.9,1.0304166666666668,0.8,1,0:1.0500|1:0.9300|2:1.0300|3:0.9400|4:0.9500|5:1.1000|6:0.8200|,Can Taş:6:32013|Özlem Yavuz:4:87955|Erdem Çetin:1:24918|İbrahim Avcı:1:22607|Osman Aydın:1:25578|Tuncay Özdemir:1:24092|Serkan Çetin:2:48185|Burak Tekin:1:23928|Mehmet Kalkan:1:24092|Halil Kaya:1:26568|Tuğba Kaya:1:24752|Murat Özkan:1:22112|Sinan Avcı:1:22938|Dilek Tekin:1:24257|İbrahim Akgül:2:46370|Fatma Yıldız:3:69803|Can Bulut:1:25578|Barış Aksoy:1:26238|Esra Çetin:2:43399|Fatma Kalkan:1:25247|Songül Taş:2:49010|Merve Şahin:3:67327|Arzu Tekin:1:22607|Onur Aktaş:1:24588|Ayşe Doğan:1:25743|Hatice Arslan:2:49341,2499510,167,327994,3528,30,38.84561292543954,38.957926181749855,1,378218
Atak,21,3588,2020,12,1431,977,454,4330,700,38,0,0,300,4477850,2667835,1781045,651930,143685,157633,190650,0,6978,630169,187355807,110016732,641866,76697209,76697209,1210294,1505341529,204829,0,2386318,28241704,0,4.0,0.0,2.0,1.0,1.0,1096.2609972580644,1163.409091,643.0073313548387,649.3973606774193,1096.5190616451612,2.54138,20.85770629032258,0.9,0.9,1.0062096774193547,0.8,1,0:1.0500|1:0.9300|2:1.0300|3:0.9400|4:0.9500|5:1.1000|6:0.8200|,Can Taş:6:32013|Özlem Yavuz:4:87955|Erdem Çetin:1:24918|İbrahim Avcı:1:22607|Osman Aydın:1:25578|Tuncay Özdemir:1:24092|Serkan Çetin:2:48185|Burak Tekin:1:23928|Mehmet Kalkan:1:24092|Halil Kaya:1:26568|Tuğba Kaya:1:24752|Murat Özkan:1:22112|Sinan Avcı:1:22938|Dilek Tekin:1:24257|İbrahim Akgül:2:46370|Fatma Yıldız:3:69803|Can Bulut:1:25578|Barış Aksoy:1:26238|Esra Çetin:2:43399|Fatma Kalkan:1:25247|Songül Taş:2:49010|Merve Şahin:3:67327|Arzu Tekin:1:22607|Onur Aktaş:1:24588|Ayşe Doğan:1:25743|Hatice Arslan:2:49341,2677846,168,347287,3558,31,39.774556986053575,41.345415647997186,1,282882
Atak,21,3619,2021,1,1352,951,401,4370,591,51,0,0,287,4920435,2936682,1961086,672930,148552,159483,192944,0,5282,781895,73128736,-6741188,631452,79238472,64180814,1401988,1534570151,204829,0,2421047,29891254,0,4.0,0.0,2.0,1.0,1.0,1111.752199516129,1176.818182,669.590909,660.5557183870967,1112.2302053548387,2.571726,20.427748612903226,0.9193548387096774,0.9193548387096774,1.0,0.803225806451613,none,0:1.0500|1:0.9300|2:1.0300|3:0.9400|4:0.9500|5:1.1000|6:0.8200|,Can Taş:6:33950|Özlem Yavuz:4:93273|Erdem Çetin:1:26424|İbrahim Avcı:1:23974|Osman Aydın:1:27124|Tuncay Özdemir:1:25550|Serkan Çetin:2:51100|Burak Tekin:1:25375|Mehmet Kalkan:1:25550|Halil Kaya:1:28175|Tuğba Kaya:1:26249|Murat Özkan:1:23450|Sinan Avcı:1:24325|Dilek Tekin:1:25725|İbrahim Akgül:2:49174|Fatma Yıldız:3:74023|Can Bulut:1:27124|Barış Aksoy:1:27825|Esra Çetin:2:46024|Fatma Kalkan:1:26775|Songül Taş:2:51974|Merve Şahin:3:71399|Arzu Tekin:1:23974|Onur Aktaş:1:26074|Ayşe Doğan:1:27299|Hatice Arslan:2:52325,2810012,170,347287,3589,31,39.85594769568138,39.771568764026014,1|none,434608
Atak,21,3647,2021,2,1370,1006,364,4811,275,53,0,0,304,5672419,3442912,2209662,608440,134176,145450,175952,0,7038,1138606,34455956,-27806431,620855,61641532,62053752,1589268,1553048752,204829,0,2455776,26998552,0,4.0,0.0,2.0,1.0,1.0,1109.715909,1188.863636,670.636364,668.2110389285715,1118.336039142857,2.596599,21.98699757142857,1.0,1.0,1.0,0.9285714285714286,none,0:1.0500|1:0.9300|2:1.0300|3:0.9400|4:0.9500|5:1.1000|6:0.8200|,Can Taş:6:33950|Özlem Yavuz:4:93273|Erdem Çetin:1:26424|İbrahim Avcı:1:23974|Osman Aydın:1:27124|Tuncay Özdemir:1:25550|Serkan Çetin:2:51100|Burak Tekin:1:25375|Mehmet Kalkan:1:25550|Halil Kaya:1:28175|Tuğba Kaya:1:26249|Murat Özkan:1:23450|Sinan Avcı:1:24325|Dilek Tekin:1:25725|İbrahim Akgül:2:49174|Fatma Yıldız:3:74023|Can Bulut:1:27124|Barış Aksoy:1:27825|Esra Çetin:2:46024|Fatma Kalkan:1:26775|Songül Taş:2:51974|Merve Şahin:3:71399|Arzu Tekin:1:23974|Onur Aktaş:1:26074|Ayşe Doğan:1:27299|Hatice Arslan:2:52325,3166086,172,347287,3620,28,38.95449190195576,39.56684241786427,none,791319
Atak,21,3653,2021,3,311,233,78,1088,54,20,0,0,71,1143840,674687,461546,130380,28752,31434,34572,0,2716,233692,29371573,29371573,0,0,14645438,1573126,1560475996,0,0,2455776,5785404,0,4.0,0.0,2.0,1.0,1.0,1135.454545,1198.409091,669.090909,669.0833333333334,1133.5227276666667,2.619271,21.70979566666667,1.0,1.0,1.0,1.0,none,0:1.0500|1:0.9300|2:1.0300|3:0.9400|4:0.9500|5:1.1000|6:0.8200|,Can Taş:6:33950|Özlem Yavuz:4:93273|Erdem Çetin:1:26424|İbrahim Avcı:1:23974|Osman Aydın:1:27124|Tuncay Özdemir:1:25550|Serkan Çetin:2:51100|Burak Tekin:1:25375|Mehmet Kalkan:1:25550|Halil Kaya:1:28175|Tuğba Kaya:1:26249|Murat Özkan:1:23450|Sinan Avcı:1:24325|Dilek Tekin:1:25725|İbrahim Akgül:2:49174|Fatma Yıldız:3:74023|Can Bulut:1:27124|Barış Aksoy:1:27825|Esra Çetin:2:46024|Fatma Kalkan:1:26775|Songül Taş:2:51974|Merve Şahin:3:71399|Arzu Tekin:1:23974|Onur Aktaş:1:26074|Ayşe Doğan:1:27299|Hatice Arslan:2:52325,666766,172,0,3648,6,40.350573506784166,41.07285827104598,none,233692
Atak,22,25,2011,3,1552,1382,170,6513,196,109,0,6,120,2702940,1995811,694305,167500,37675,50012,55000,0,14100,370018,248743,180616,0,68127,77227,533876,259246,71527,0,12127,0,0,3.0,1.0,2.0,0.0,0.0,434.25454556,457.7272730000001,311.38727267999997,322.36181816,432.29999991999995,1.0,31.97579588,1.0,1.0,1.0,1.0,none,0:1.0000|1:0.9100|2:1.0300|3:0.9400|4:0.9500|5:1.1000|6:0.8200|,,2215742,1,121275,1,25,25.6870296787942,28.29383690654396,none,248743
Atak,22,55,2011,4,1866,1661,205,7908,237,96,0,14,151,3213625,2211643,977457,201000,45210,60374,66390,0,12935,591548,470273,349461,0,120812,128697,992980,1101493,71527,0,24254,0,0,3.0,1.0,2.0,0.0,0.0,431.0909092333333,459.09090899999995,293.34545453333334,296.3015150333333,431.19696963333337,1.00592,31.808879366666666,1.0,1.0,1.0,1.0,none,0:1.0000|1:0.9050|2:1.0300|3:0.9400|4:0.9500|5:1.1000|6:0.8200|,,2201498,1,121275,26,30,30.41602551635614,31.952762572741594,none,470273
Atak,22,86,2011,5,2218,1965,253,11390,188,167,0,44,171,4033315,2964810,1048528,207700,46717,62821,69099,0,8390,653801,532526,358545,0,173981,182371,1417652,1855552,71527,0,36381,0,0,3.0,1.0,2.0,0.0,0.0,404.6334310967742,464.31818200000004,293.7434017096774,293.954545483871,406.8313782580645,1.01307,43.357124258064516,1.0,1.0,1.0,1.0,none,0:1.0000|1:0.8900|2:1.0300|3:0.9100|4:0.9500|5:1.1000|6:0.8200|,,3012236,1,121275,56,31,25.99668015019903,27.405058718585153,none,532526
Atak,22,116,2011,6,2023,1812,211,10267,215,105,0,28,150,3548985,2523675,1007319,201000,45210,61245,77460,0,9028,613376,481076,354771,0,126305,130233,1190264,1998060,78030,0,49611,0,0,3.0,1.0,2.0,0.0,0.0,419.0303030333333,466.818182,294.0636364,293.5954546,422.19545453333336,1.020512,42.43744316666667,1.0,1.0,1.0,1.0,none,0:1.0500|1:0.8950|2:1.0300|3:0.9150|4:0.9500|5:1.1000|6:0.8200|,,2523874,1,132300,87,30,28.38329832332343,29.82282324898884,none,481076
Atak,22,147,2011,7,2247,1994,253,11565,187,99,0,52,167,4019735,2921335,1080068,222700,50220,63751,80600,0,5150,657647,605711,442367,0,163344,128487,1290760,2560355,78030,0,62841,0,0,3.0,1.0,2.0,0.0,0.0,420.7038123870968,470.227273,302.72434016129034,300.90762464516126,426.3269795806451,1.027766,42.234569580645164,1.0,1.0,1.0,1.0,none,0:1.0500|1:0.9100|2:1.0300|3:0.9300|4:0.9500|5:1.1000|6:0.8200|,,2955530,1,132300,117,31,26.86913440811397,28.043357048842598,none,525347
Atak,22,178,2011,8,2244,1991,253,11787,167,121,0,60,160,4092230,2994159,1077523,223200,50220,64216,81189,0,13079,645619,218614,109120,0,109494,152230,1403802,2633830,78030,0,76071,0,0,3.0,1.0,2.0,0.0,0.0,421.136364,474.090909,303.7478005806451,303.23167138709675,428.22140793548385,1.035317,42.55945696774193,1.0,1.0,1.0,1.0,none,0:1.0500|1:0.9100|2:1.0300|3:0.9300|4:0.9500|5:1.1000|6:0.8200|,,3013200,1,132300,148,31,26.33094914019984,27.874240615173974,none,513319
Atak,22,208,2011,9,1880,1679,201,9492,211,115,0,11,148,3566520,2540807,1001924,203180,43200,62595,68820,0,3010,621119,-54898,-153363,0,98465,98465,1095236,11085633,78030,0,89301,0,0,3.533333333333333,0.6666666666666666,2.0,0.0,0.8666666666666667,433.9696969,477.272727,303.5499999333333,304.1636362333333,437.18636376666666,1.042922,39.65154486666667,1.0,1.0,1.0,1.0,none,0:1.0500|1:0.9300|2:1.0300|3:0.9400|4:0.9500|5:1.1000|6:0.8200|,,2570750,3,132300,179,30,28.09248230768368,30.05271978626641,none,488819
Atak,22,239,2011,10,1947,1733,214,9558,175,118,0,16,166,3688145,2557661,1110974,162130,33480,65146,71641,0,0,778577,1006795,641854,126500,238441,238441,1089542,11739848,78030,0,102531,0,0,3.0,0.0,2.0,0.0,1.0,435.89442822580645,481.136364,296.1803519677419,297.6744867419355,440.57624629032256,1.050335,40.70506235483871,1.0,1.0,1.0,1.0,none,0:1.0500|1:0.9300|2:1.0300|3:0.9400|4:0.9500|5:1.1000|6:0.8200|,,2573686,3,132300,209,31,30.122839530441453,32.05227394778454,none,646277
Atak,22,269,2011,11,1830,1631,199,9055,186,125,0,8,149,3508275,2427001,1065915,156900,32400,63495,69840,0,0,743280,954179,573499,126500,254180,254180,1107934,12348709,78030,0,115761,0,0,3.0,0.0,2.0,0.0,1.0,435.90909100000005,484.545455,297.5560607666667,297.1136363333333,443.26363649999996,1.058051,41.55628143333333,1.0,1.0,1.0,1.0,none,0:1.0500|1:0.9300|2:1.0300|3:0.9400|4:0.9500|5:1.1000|6:0.8200|,,2422818,3,132300,240,30,30.382880475447337,31.73896417621016,none,610980
Atak,22,300,2011,12,1804,1616,188,8534,227,142,0,7,134,3701725,2468277,1216985,216730,45765,66077,79949,0,21502,786962,-705001,-1080734,126500,249233,249233,1057122,10479749,79655,0,129266,0,0,3.4193548387096775,0.0,2.0,0.41935483870967744,1.0,450.64516103225804,487.5,298.51173009677416,297.9413490967742,453.2038123870968,1.065572,36.846478612903226,1.0,1.0,1.0,1.0,none,0:1.0500|1:0.9300|2:1.0300|3:0.9400|4:0.9500|5:1.1000|6:0.8200|,,2490520,4,135056,270,31,32.87615908799276,33.75902907445042,none,651906
Atak,22,331,2012,1,1730,1534,196,7902,225,117,0,2,140,3469260,2251737,1205526,295330,63457,66569,80538,0,0,699632,-2794970,-3446140,126500,524670,524670,974372,13677503,79655,377400,520171,582219,0,4.0,0.0,2.0,1.0,1.0,454.52346083870964,491.81818200000004,290.3724341290323,292.69648093548386,457.2844574516129,1.0734,36.679742612903226,1.0,1.0,1.0,1.0,none,0:1.0500|1:0.9300|2:1.0300|3:0.9400|4:0.9500|5:1.1000|6:0.8200|,Tolga Güler:6:12222|Esin Yıldız:4:33457,2273414,8,135056,301,31,34.748793690873555,36.11497334082109,none,564576
Atak,22,360,2012,2,1725,1533,192,8069,215,150,0,6,140,3616895,2318811,1286479,276370,59363,62623,75777,0,0,812346,3311735,2445160,0,866575,866575,1111992,16115872,79655,0,533676,1324691,0,4.0,0.0,2.0,1.0,1.0,454.4043886551724,494.3181819999999,287.636364,288.3150472413793,459.6081503448276,1.079586,37.57599537931035,1.0,1.0,1.0,1.0,none,0:1.0500|1:0.9300|2:1.0300|3:0.9400|4:0.9500|5:1.1000|6:0.8200|,Tolga Güler:6:12222|Esin Yıldız:4:33457,2329536,8,135056,332,29,35.56860235091148,36.70035519435208,none,677290
Atak,22,391,2012,3,1881,1678,203,8911,207,116,0,6,149,3663695,2361265,1287729,295430,63457,67313,74028,0,0,787501,4491746,2760773,766814,964159,964159,1079088,18055330,79655,0,547181,1416049,0,4.0,0.0,2.0,1.0,1.0,454.61876809677415,496.590909,290.954545,290.0659824516129,461.75953096774197,1.085405,38.38582987096774,1.0,1.0,1.0,1.0,none,0:1.0500|1:0.9300|2:1.0300|3:0.9400|4:0.9500|5:1.1000|6:0.8200|,Tolga Güler:6:12222|Esin Yıldız:4:33457,2377848,8,135056,361,31,35.14836797277066,36.000322595994355,none,652445
Atak,22,421,2012,4,1706,1518,188,7881,215,76,0,5,143,3401880,2149161,1234033,285900,61410,65502,72060,0,0,749161,4366249,2314434,427012,1624803,1624803,1063396,13130307,79655,0,560686,1370370,0,4.0,0.0,2.0,1.0,1.0,464.37121219999995,499.318182,292.136364,291.28030306666665,465.3030301333334,1.09166,36.1704121,1.0,1.0,1.0,1.0,none,0:1.0500|1:0.9300|2:1.0300|3:0.9400|4:0.9500|5:1.1000|6:0.8200|,Tolga Güler:6:12222|Esin Yıldız:4:33457,2158856,8,135056,392,30,36.27503027737604,37.089906453077056,none,614105
Atak,22,452,2012,5,1827,1624,203,8679,208,100,0,3,159,3761715,2406005,1342140,295430,63457,68058,74865,0,0,840330,4843700,3125869,313437,1404394,1404394,1104524,15884419,79655,0,574191,1416049,0,4.0,0.0,2.0,1.0,1.0,465.909091,502.045455,296.8826975806452,295.343108516129,468.3152492258065,1.097747,35.636200064516125,1.0,1.0,1.0,1.0,none,0:1.0500|1:0.9300|2:1.0300|3:0.9400|4:0.9500|5:1.1000|6:0.8200|,Tolga Güler:6:12222|Esin Yıldız:4:33457,2450984,8,135056,422,31,35.67893899458093,36.27883565366077,none,705274
Atak,22,482,2012,6,1793,1616,177,8750,158,61,0,10,148,3398520,2207219,1178494,285900,61410,66252,83790,0,0,681142,3827031,2316669,305002,1205360,1205360,1015630,17641570,82906,0,588247,1372073,0,4.0,0.0,2.0,1.0,1.0,467.1363634,505.227273,302.636364,300.6681819,471.57424223333334,1.104074,37.14645723333333,1.0,1.0,1.0,1.0,none,0:1.0500|1:0.9300|2:1.0300|3:0.9400|4:0.9500|5:1.1000|6:0.8200|,Tolga Güler:6:12222|Esin Yıldız:4:33457,2242394,8,140569,453,30,34.676682791332695,35.214556666645485,none,540573
Atak,22,513,2012,7,1844,1658,186,9177,140,77,0,6,151,3489545,2274122,1188686,301430,64852,68833,87079,0,0,666492,2879740,1118209,296411,1465120,1465120,1014920,71153135,82906,0,602303,1468842,0,4.0,0.0,2.0,1.0,1.0,467.93255087096776,508.18181799999996,302.81818200000004,301.9882698387097,472.6422290322581,1.11023,37.972858096774196,1.0,1.0,1.0,1.0,none,0:1.0500|1:0.9300|2:1.0300|3:0.9400|4:0.9500|5:1.1000|6:0.8200|,Tolga Güler:6:12678|Esin Yıldız:4:34704,2281882,8,140569,483,31,34.064211809849134,35.285933531155,none,525923
Atak,22,544,2012,8,1731,1567,164,8281,120,75,0,7,133,3301430,2037018,1252195,301630,64852,69236,87575,0,0,728902,-181373,-2131051,974441,975237,975237,799384,48963161,82906,0,616359,1468842,0,4.0,0.0,2.0,1.0,1.0,482.0527859032258,510.909091,295.0,296.8504397741935,480.5777125483871,1.116629,33.071972483870965,1.0,1.0,1.0,1.0,none,0:1.0500|1:0.9300|2:1.0300|3:0.9400|4:0.9500|5:1.1000|6:0.8200|,Tolga Güler:6:12678|Esin Yıldız:4:34704,2044390,13,140569,514,31,37.92886718785496,38.8033824040128,none,588333
Atak,22,574,2012,9,1652,1456,196,7006,187,104,0,5,147,3266125,2001292,1251981,291900,62760,67393,74130,0,0,755798,-2339507,-5308560,965528,2003525,1549907,919358,36626388,82906,0,630415,1421460,0,4.0,0.0,2.0,1.0,1.0,482.70454540000003,514.090909,294.74242433333336,294.9954544333333,484.26666670000003,1.123064,30.9640893,1.0,1.0,1.0,1.0,none,0:1.0500|1:0.9300|2:1.0300|3:0.9400|4:0.9500|5:1.1000|6:0.8200|,Tolga Güler:6:12678|Esin Yıldız:4:34704,2024418,17,140569,545,30,38.33230510161123,38.939372512208095,none,615229
Atak,22,605,2012,10,1595,1405,190,7215,161,95,0,0,153,3190650,1968179,1205472,301630,64852,70042,77035,0,0,691913,10295827,7838554,1911,2455362,2908980,911212,44839616,82906,0,644471,1468842,0,4.0,0.0,2.0,1.0,1.0,483.409091,516.818182,297.12316719354845,296.0571847096774,485.3841642580645,1.129326,32.18263790322581,1.0,1.0,1.0,1.0,none,0:1.0500|1:0.9300|2:1.0300|3:0.9400|4:0.9500|5:1.1000|6:0.8200|,Tolga Güler:6:12678|Esin Yıldız:4:34704,1990716,17,140569,575,31,37.78139250622914,38.535875157228176,none,551344
Atak,22,635,2012,11,1655,1470,185,7580,179,116,0,0,144,3394420,2123286,1257377,291900,62760,68172,74970,0,0,759575,12813706,8227488,1090974,3495244,3495244,1069104,47009187,82906,0,658527,1421460,0,4.0,0.0,2.0,1.0,1.0,481.79545443333336,520.227273,301.681818,300.1030302333333,487.15454536666664,1.135835,33.66954376666667,1.0,1.0,1.0,1.0,none,0:1.0500|1:0.9300|2:1.0300|3:0.9400|4:0.9500|5:1.1000|6:0.8200|,Tolga Güler:6:12678|Esin Yıldız:4:34704,2143158,17,140569,606,30,37.042469700272804,37.38383888348948,none,619006
Atak,22,666,2012,12,1596,1390,206,6400,252,130,0,0,142,3199540,1952356,1234705,301630,64852,70818,85684,0,0,711721,14459261,8698688,1075385,4685188,4685188,838628,51324784,86158,0,673135,1470696,0,4.0,0.0,2.0,1.0,1.0,495.21260977419354,522.727273,302.954545,301.99413509677424,493.6158355483871,1.142168,29.37145338709677,1.0,1.0,1.0,1.0,none,0:1.0500|1:0.9300|2:1.0300|3:0.9400|4:0.9500|5:1.1000|6:0.8200|,Tolga Güler:6:12678|Esin Yıldız:4:34704,1971730,17,146081,636,31,38.59007857379498,38.82333789154908,none,565640
Atak,22,697,2013,1,1517,1325,192,6368,224,152,0,0,135,3339240,2059530,1268142,307630,66247,71252,86180,0,0,736833,9646151,5127206,1059549,3459396,3459396,981228,164747626,86158,0,687743,1526316,0,4.0,0.0,2.0,1.0,1.0,497.331378483871,525.454545,307.636364,305.5762463870968,495.7448682258065,1.148751,28.543426999999998,1.0,1.0,1.0,1.0,none,0:1.0500|1:0.9300|2:1.0300|3:0.9400|4:0.9500|5:1.1000|6:0.8200|,Tolga Güler:6:13174|Esin Yıldız:4:36063,2062104,17,146081,667,31,37.9769648183419,38.1425791113687,none,590752
Atak,22,725,2013,2,1364,1169,195,5483,210,95,0,0,141,2817185,1739210,1059015,278040,59836,64749,78316,0,0,578074,324725,-2854335,2527202,651858,651858,736876,53736784,86158,0,702351,1378608,0,4.0,0.0,2.0,1.0,1.0,498.5795457142857,528.863636,307.9090907857143,307.099026,499.16720789285716,1.155828,28.850899571428574,1.0,1.0,1.0,1.0,none,0:1.0500|1:0.9300|2:1.0300|3:0.9400|4:0.9500|5:1.1000|6:0.8200|,Tolga Güler:6:13174|Esin Yıldız:4:36063,1791660,23,146081,698,28,37.59124800110749,38.242735099653764,none,431993
Atak,22,756,2013,3,1456,1251,205,6229,155,81,0,0,162,2955837,1803507,1139282,307830,66247,72089,79267,0,646,613203,23684184,15226061,2510863,5947260,4317043,810644,55928965,86158,0,716959,1526316,0,4.0,0.0,2.0,1.0,1.0,498.49706754838707,531.818182,302.40615838709675,304.2096775161291,500.94281532258066,1.162259,29.366085096774192,1.0,1.0,1.0,1.0,none,0:1.0500|1:0.9300|2:1.0300|3:0.9400|4:0.9500|5:1.1000|6:0.8200|,Tolga Güler:6:13174|Esin Yıldız:4:36063,1816226,23,146081,726,31,38.54346501515476,39.3364218019711,none,467122
Atak,22,786,2013,4,1362,1175,187,5630,176,72,0,0,153,2770424,1642217,1117643,297900,64110,70184,77190,0,381,607878,25451396,18194239,283,7256874,8887091,816310,67368466,86158,0,731567,1477080,0,4.0,0.0,2.0,1.0,1.0,510.0681821,535.454545,302.90909100000005,302.65606080000003,505.70454573333336,1.16942,27.920736833333333,1.0,1.0,1.0,1.0,none,0:1.0500|1:0.9300|2:1.0300|3:0.9400|4:0.9500|5:1.1000|6:0.8200|,Tolga Güler:6:13174|Esin Yıldız:4:36063,1658780,23,146081,757,30,40.341947658553345,40.61399992587383,none,461797
Atak,22,817,2013,5,1472,1293,179,6002,172,64,0,0,142,2845094,1709888,1121029,307830,66247,72957,80228,0,551,593216,31039550,20942952,2505917,7590681,7590681,789504,80305671,86158,0,746175,1526316,0,4.0,0.0,2.0,1.0,1.0,508.555718483871,538.409091,307.954545,305.74633432258065,508.80058638709676,1.176391,29.106622709677417,1.0,1.0,1.0,1.0,none,0:1.0500|1:0.9300|2:1.0300|3:0.9400|4:0.9500|5:1.1000|6:0.8200|,Tolga Güler:6:13174|Esin Yıldız:4:36063,1714962,23,146081,787,31,39.40217792452552,39.44526945482241,none,447135
Atak,22,847,2013,6,1426,1274,152,5941,141,48,0,0,121,2595945,1535750,1049119,297900,64110,71024,89850,0,361,525874,29063392,17026489,2468711,9568192,7648161,716294,92367947,89409,0,761334,1554155,0,4.0,0.0,2.0,1.0,1.0,512.9545452666666,542.045455,304.863636,305.7742424666667,512.1272726000001,1.183639,28.4628022,1.0,1.0,1.0,1.0,none,0:1.0500|1:0.9300|2:1.0300|3:0.9400|4:0.9500|5:1.1000|6:0.8200|,Tolga Güler:6:13174|Esin Yıldız:4:36063|Erdem Güneş:1:10671,1572680,23,151594,818,30,40.41376069215642,40.567124550672936,none,374280
Atak,22,878,2013,7,1600,1401,199,7101,145,69,0,0,158,3139925,1872572,1250738,313830,67642,73826,93372,0,326,701742,22916600,13827620,2434201,6654779,8574810,845164,98449693,89409,0,776493,1930835,0,4.0,0.0,2.0,1.0,1.0,513.3504395806452,545.0,309.0,307.47653951612904,514.2008798709677,1.190696,28.635893580645163,1.0,1.0,1.0,1.0,none,0:1.0500|1:0.9300|2:1.0300|3:0.9400|4:0.9500|5:1.1000|6:0.8200|,Tolga Güler:6:13697|Esin Yıldız:4:37494|Erdem Güneş:1:11095,1867910,23,151594,848,31,39.8333718162058,39.807200661516646,none,550148
Atak,22,909,2013,8,1566,1391,175,6750,191,74,0,2,125,2911731,1707981,1191115,314030,67642,74291,93961,0,336,640855,21315623,12473272,2395713,6446638,6446638,773816,95271966,89409,0,791652,1930835,0,4.0,0.0,2.0,1.0,1.0,523.8049856774193,549.090909,311.5,309.8636363548387,518.9941346451612,1.198032,27.145332193548388,1.0,1.0,1.0,1.0,none,0:1.0500|1:0.9300|2:1.0300|3:0.9400|4:0.9500|5:1.1000|6:0.8200|,Tolga Güler:6:13697|Esin Yıldız:4:37494|Erdem Güneş:1:11095,1710214,24,151594,879,31,40.90745333274262,40.53130296246654,none,489261
Atak,22,939,2013,9,1541,1339,202,6099,185,81,0,0,158,2961163,1787629,1155912,303900,65460,72344,79560,0,1120,633528,33578663,21640403,2356698,9581562,9581562,752124,97640760,89409,0,806811,1868550,0,4.0,0.0,2.0,1.0,1.0,523.2651519,551.590909,319.363636,316.59090903333333,521.4863636,1.205414,27.813339733333336,1.0,1.0,1.0,1.0,none,0:1.0500|1:0.9300|2:1.0300|3:0.9400|4:0.9500|5:1.1000|6:0.8200|,Tolga Güler:6:13697|Esin Yıldız:4:37494|Erdem Güneş:1:11095,1861764,24,151594,910,30,39.035743726366974,38.967149858847684,none,481934
Atak,22,970,2013,10,1579,1382,197,6532,196,63,0,2,154,3351218,2042990,1293458,314030,67642,75190,82708,0,789,753099,29992443,21248646,2443,8741354,8741354,839388,117893065,89409,0,821970,1930835,0,4.0,0.0,2.0,1.0,1.0,524.1348977741935,555.227273,321.0,319.6143697419355,524.806451483871,1.2126,28.37353370967742,1.0,1.0,1.0,1.0,none,0:1.0500|1:0.9300|2:1.0300|3:0.9400|4:0.9500|5:1.1000|6:0.8200|,Tolga Güler:6:13697|Esin Yıldız:4:37494|Erdem Güneş:1:11095,2045088,24,151594,940,31,38.59665351522939,38.75622452098345,none,601505
Atak,22,1000,2013,11,1614,1395,219,6389,199,84,0,0,174,3258390,2003134,1236408,303900,65460,73215,80520,0,0,713313,36367987,25937636,2220090,8210261,8210261,945494,115973967,89409,0,837129,1868550,0,4.0,0.0,2.0,1.0,1.0,525.9999997,558.409091,325.2681817,323.2954545,527.7727273333334,1.220071,28.358439566666668,1.0,1.0,1.0,1.0,none,0:1.0500|1:0.9300|2:1.0300|3:0.9400|4:0.9500|5:1.1000|6:0.8200|,Tolga Güler:6:13697|Esin Yıldız:4:37494|Erdem Güneş:1:11095,2027958,24,151594,971,30,37.94536565604486,38.161942607316696,none,561719
Atak,22,1031,2013,12,1384,1185,199,5299,221,67,0,0,142,2978468,1812284,1156165,314030,67642,76120,92070,0,879,605424,32154559,18571603,2186185,11396771,11396771,796636,132926051,94286,0,853115,1933421,0,4.0,0.0,2.0,1.0,1.0,538.1671553870968,562.045455,328.272727,326.4985338709678,530.4794723225807,1.227345,26.034342516129033,1.0,1.0,1.0,1.0,none,0:1.0500|1:0.9300|2:1.0300|3:0.9400|4:0.9500|5:1.1000|6:0.8200|,Tolga Güler:6:13697|Esin Yıldız:4:37494|Erdem Güneş:1:11095,1873658,24,159862,1001,31,38.81743903241532,39.001716527297624,none,445562
Atak,22,1062,2014,1,1427,1207,220,5541,236,83,0,0,148,3113986,1882121,1217967,323030,69750,76586,92628,0,325,655648,13850081,5073863,2151844,6624374,6624374,764808,118166350,94286,0,869101,2011001,0,4.0,0.0,2.0,1.0,1.0,539.1129031935484,565.227273,323.31818200000004,324.5043986451613,533.8870966129033,1.234907,25.92514148387097,1.0,1.0,1.0,1.0,none,0:1.0500|1:0.9300|2:1.0300|3:0.9400|4:0.9500|5:1.1000|6:0.8200|,Tolga Güler:6:14265|Esin Yıldız:4:39051|Erdem Güneş:1:11555,1874034,28,159862,1032,31,39.11279626819132,40.02774185430233,none,495786
Atak,22,1090,2014,2,1346,1144,202,5218,214,95,0,0,151,3029900,1829852,1186290,292040,63000,69623,84224,0,0,677403,26183691,15069508,2117059,8997124,8997124,902520,140053179,94286,0,885087,1816388,0,4.0,0.0,2.0,1.0,1.0,539.2288960714286,569.545455,325.409091,324.84577889285714,538.9870128214286,1.243005,27.410998642857145,1.0,1.0,1.0,1.0,none,0:1.0500|1:0.9300|2:1.0300|3:0.9400|4:0.9500|5:1.1000|6:0.8200|,Tolga Güler:6:14265|Esin Yıldız:4:39051|Erdem Güneş:1:11555,1816344,28,159862,1063,28,39.152777319383475,39.65288333567071,none,517541
Atak,22,1121,2014,3,1478,1282,196,5879,173,57,0,0,165,3039700,1827098,1198485,323330,69750,77547,85281,0,0,642577,35246922,21088262,2081825,12076835,12076835,825980,146407754,94286,0,901073,2011001,0,4.0,0.0,2.0,1.0,1.0,540.3885631612903,572.954545,325.545455,325.0997067741936,542.0278592258065,1.250366,28.312829,1.0,1.0,1.0,1.0,none,0:1.0500|1:0.9300|2:1.0300|3:0.9400|4:0.9500|5:1.1000|6:0.8200|,Tolga Güler:6:14265|Esin Yıldız:4:39051|Erdem Güneş:1:11555,1864984,28,159862,1091,31,39.42773957956377,39.75715305750575,none,482715
Atak,22,1151,2014,4,1435,1223,212,5641,254,23,0,0,174,2966940,1746128,1199902,312900,67500,75526,83070,0,0,660906,32318008,20834621,2046138,9437249,9437249,849642,146307292,94286,0,917059,1946130,0,4.0,0.0,2.0,1.0,1.0,553.4166666,575.454545,327.09090899999995,325.99393933333334,544.5696968,1.258565,25.66821463333333,1.0,1.0,1.0,1.0,none,0:1.0500|1:0.9300|2:1.0300|3:0.9400|4:0.9500|5:1.1000|6:0.8200|,Tolga Güler:6:14265|Esin Yıldız:4:39051|Erdem Güneş:1:11555,1781372,29,159862,1122,30,40.442408676953356,40.89608630518249,none,501044
Atak,22,1182,2014,5,1568,1322,246,6406,225,72,0,0,207,3384440,2024674,1345589,323330,69750,78540,86366,0,0,787603,38583528,27728211,563,10854754,10854754,851514,162185641,94286,0,933045,2011001,0,4.0,0.0,2.0,1.0,1.0,552.9398826451613,579.772727,333.045455,330.656891483871,548.3709675161291,1.266552,26.15072412903226,1.0,1.0,1.0,1.0,none,0:1.0500|1:0.9300|2:1.0300|3:0.9400|4:0.9500|5:1.1000|6:0.8200|,Tolga Güler:6:14265|Esin Yıldız:4:39051|Erdem Güneş:1:11555,2038032,29,159862,1152,31,39.75809882875749,39.76823422344349,none,627741
Atak,22,1212,2014,6,1463,1288,175,6296,203,38,0,0,148,2900730,1758367,1131932,312900,67500,76516,96750,0,0,578266,32051608,16995789,2182130,12873689,12873689,815148,165177727,97537,0,949582,1948864,0,4.0,0.0,2.0,1.0,1.0,552.7954544,582.954545,337.2727273333333,335.6818181666667,551.4303032,1.274857,28.02197526666667,1.0,1.0,1.0,1.0,none,0:1.0500|1:0.9300|2:1.0300|3:0.9400|4:0.9500|5:1.1000|6:0.8200|,Tolga Güler:6:14265|Esin Yıldız:4:39051|Erdem Güneş:1:11555,1785084,30,165375,1183,30,39.02231507241281,38.98778930817972,none,412891
Atak,22,1243,2014,7,1555,1355,200,6313,150,56,0,0,164,2923304,1773568,1128541,329330,71145,79563,100626,0,565,547312,33631045,21045476,2149453,10436116,10436116,664158,174222114,97537,0,966119,2095755,0,4.0,0.0,2.0,1.0,1.0,553.9149559032259,587.954545,339.363636,337.5014662258065,555.5879768387097,1.282947,29.204452903225807,1.0,1.0,1.0,1.0,none,0:1.0500|1:0.9300|2:1.0300|3:0.9400|4:0.9500|5:1.1000|6:0.8200|,Tolga Güler:6:14867|Esin Yıldız:4:40696|Erdem Güneş:1:12043,1801984,31,165375,1213,31,38.604982581353156,38.7336210399616,none,381937
Atak,22,1274,2014,8,1459,1278,181,6163,126,51,0,0,157,2853097,1700289,1137912,329530,71145,80090,101277,0,1009,554861,29716044,15365701,2116614,12233729,9233778,720390,178528953,97537,0,982656,2095755,0,4.0,0.0,2.0,1.0,1.0,565.6451611290323,590.681818,340.954545,339.3387098064516,559.3841643225807,1.291361,27.247198322580644,1.0,1.0,1.0,1.0,none,0:1.0500|1:0.9300|2:1.0300|3:0.9400|4:0.9500|5:1.1000|6:0.8200|,Tolga Güler:6:14867|Esin Yıldız:4:40696|Erdem Güneş:1:12043,1722036,33,165375,1244,31,39.88339688415781,39.72289194175161,none,389486
Atak,22,1304,2014,9,1429,1232,197,5674,161,64,0,0,170,3097610,1836756,1247346,318900,68850,78016,85800,0,466,695314,51460748,36188122,2087089,13185537,16185488,822508,191684746,97537,0,999193,2028150,0,4.0,0.0,2.0,1.0,1.0,565.6818179999999,594.3181820000001,332.772727,335.1878786666667,562.368182,1.299829,27.382508233333333,1.0,1.0,1.0,1.0,none,0:1.0500|1:0.9300|2:1.0300|3:0.9400|4:0.9500|5:1.1000|6:0.8200|,Tolga Güler:6:14867|Esin Yıldız:4:40696|Erdem Güneş:1:12043,1863228,33,165375,1275,30,40.268013081052814,41.17316194171897,none,529939
Atak,22,1335,2014,10,1459,1284,175,6116,172,57,0,0,148,3313585,1948124,1348059,329530,71145,81113,89218,0,0,777053,48310990,33526144,2053046,12731800,12731800,906882,196451759,97537,0,1015730,2095755,0,4.0,0.0,2.0,1.0,1.0,567.8958946774193,599.318182,333.545455,333.7903224838709,566.6055717096775,1.308077,28.123103935483872,1.0,1.0,1.0,1.0,none,0:1.0500|1:0.9300|2:1.0300|3:0.9400|4:0.9500|5:1.1000|6:0.8200|,Tolga Güler:6:14867|Esin Yıldız:4:40696|Erdem Güneş:1:12043,1939678,34,165375,1305,31,40.682795220282564,41.26644370453441,none,611678
Atak,22,1365,2014,11,1375,1195,180,5748,166,42,0,0,152,3117735,1859841,1247813,318900,68850,79007,86910,0,0,694146,55141710,38570194,3174,16568342,12954650,931988,189608683,97537,0,1032267,2028150,0,4.0,0.0,2.0,1.0,1.0,569.7045456333333,602.272727,343.545455,340.1075758,569.5939393333334,1.316655,27.8450557,1.0,1.0,1.0,1.0,none,0:1.0500|1:0.9300|2:1.0300|3:0.9400|4:0.9500|5:1.1000|6:0.8200|,Tolga Güler:6:14867|Esin Yıldız:4:40696|Erdem Güneş:1:12043,1895032,34,165375,1336,30,40.02306161363939,39.69761034325522,none,528771
Atak,22,1396,2014,12,1406,1211,195,5397,232,69,0,0,153,3278690,1943467,1323843,329530,71145,82167,99417,0,0,741584,56719188,38395710,2058542,16264936,19878628,810438,219029916,102414,0,1049631,2098723,0,4.0,0.0,2.0,1.0,1.0,580.3372432258064,606.818182,345.136364,343.59384164516126,574.0351909032257,1.32501,26.545450483870965,1.0,1.0,1.0,1.0,none,0:1.0500|1:0.9300|2:1.0300|3:0.9400|4:0.9500|5:1.1000|6:0.8200|,Tolga Güler:6:14867|Esin Yıldız:4:40696|Erdem Güneş:1:12043,1931160,34,173644,1366,31,40.377193330263005,40.52831038698147,none,567940
Atak,22,1427,2015,1,1324,1111,213,5180,194,91,0,0,173,3136025,1884701,1237567,338530,73222,82696,100068,0,0,643051,28971643,15004085,2027717,11939841,11939841,740082,230285241,102414,0,1066995,2187763,0,4.0,0.0,2.0,1.0,1.0,581.6715543870968,610.227273,351.0,348.3284457419355,577.8460409354839,1.3337,24.604512419354837,1.0,1.0,1.0,1.0,none,0:1.0500|1:0.9300|2:1.0300|3:0.9400|4:0.9500|5:1.1000|6:0.8200|,Tolga Güler:6:15520|Esin Yıldız:4:42483|Erdem Güneş:1:12571,1927950,38,173644,1397,31,39.46291882239459,39.65666752092661,none,469407
Atak,22,1455,2015,2,1126,954,172,4629,173,62,0,0,128,2763355,1645862,1102379,306040,66136,75225,91000,0,0,563978,36391997,20675269,1996468,13720260,13720260,837008,239494965,102414,0,1084359,1976044,0,4.0,0.0,2.0,1.0,1.0,583.7905840714286,614.5454550000001,347.954545,348.1785713214286,581.6801949642856,1.342972,24.477374464285713,1.0,1.0,1.0,1.0,none,0:1.0500|1:0.9300|2:1.0300|3:0.9400|4:0.9500|5:1.1000|6:0.8200|,Tolga Güler:6:15520|Esin Yıldız:4:42483|Erdem Güneş:1:12571,1659056,40,173644,1428,28,39.892775267745186,40.39736945167538,none,390334
Atak,22,1486,2015,3,1297,1079,218,5130,215,53,0,0,172,2891025,1749185,1127651,338830,73222,83812,92163,0,0,539624,65041409,42449875,1964792,20626742,20626742,735892,241472000,102414,0,1101723,2187763,0,4.0,0.0,2.0,1.0,1.0,586.0777122258065,618.409091,358.090909,354.5747799677419,585.1788855806451,1.351403,24.295887322580644,1.0,1.0,1.0,1.0,none,0:1.0500|1:0.9300|2:1.0300|3:0.9400|4:0.9500|5:1.1000|6:0.8200|,Tolga Güler:6:15520|Esin Yıldız:4:42483|Erdem Güneş:1:12571,1792654,40,173644,1456,31,39.0052317084771,38.90043904927864,none,365980
Atak,22,1516,2015,4,1259,1075,184,5183,211,47,0,0,133,2888820,1723935,1150177,327900,70860,81678,89820,0,0,579919,68519748,48170668,1932679,18416401,18416401,811650,266007977,102414,0,1119087,2117190,0,4.0,0.0,2.0,1.0,1.0,595.7196965666667,622.954545,355.772727,355.8681817,587.2363635,1.360799,23.449927166666665,1.0,1.0,1.0,1.0,none,0:1.0500|1:0.9300|2:1.0300|3:0.9400|4:0.9500|5:1.1000|6:0.8200|,Tolga Güler:6:15520|Esin Yıldız:4:42483|Erdem Güneş:1:12571,1738110,40,173644,1487,30,39.814768659868044,40.27850194471694,none,406275
Atak,22,1547,2015,5,1286,1085,201,4937,180,34,0,0,169,2767811,1634560,1116503,338830,73222,84959,93434,0,571,525487,69072028,43697038,1900126,23474864,18480578,741048,288979363,102414,0,1136451,2187763,0,4.0,0.0,2.0,1.0,1.0,597.9178883548387,626.818182,351.68181799999996,353.35483870967744,593.3489735483871,1.369954,24.382798322580648,1.0,1.0,1.0,1.0,none,0:1.0500|1:0.9300|2:1.0300|3:0.9400|4:0.9500|5:1.1000|6:0.8200|,Tolga Güler:6:15520|Esin Yıldız:4:42483|Erdem Güneş:1:12571,1652700,41,173644,1517,31,40.33884539081606,41.18225514750082,none,351843
Atak,22,1577,2015,6,1318,1116,202,5366,184,40,0,0,169,2722850,1595391,1111292,327900,70860,82789,104700,0,2090,522953,61476035,41314674,1867125,18294236,23288522,729474,293077937,105665,0,1154366,2120335,0,4.0,0.0,2.0,1.0,1.0,600.1287881999999,632.045455,352.363636,352.7499999333333,596.5742425000001,1.379479,24.799726866666667,1.0,1.0,1.0,1.0,none,0:1.0500|1:0.9300|2:1.0300|3:0.9400|4:0.9500|5:1.1000|6:0.8200|,Tolga Güler:6:15520|Esin Yıldız:4:42483|Erdem Güneş:1:12571,1624056,43,179156,1548,30,40.813559322033896,41.285330261048784,none,343797
Atak,22,1608,2015,7,1359,1161,198,5907,174,31,0,0,160,3024383,1767126,1242456,344830,74617,86137,108934,0,852,627086,56592530,37575319,1833673,17183538,17183538,810076,304413538,105665,0,1172281,2285258,0,4.0,0.0,2.0,1.0,1.0,608.3797654193548,635.227273,358.636364,356.3049854193548,601.214076548387,1.38876,24.14564648387097,1.0,1.0,1.0,1.0,none,0:1.0500|1:0.9300|2:1.0300|3:0.9400|4:0.9500|5:1.1000|6:0.8200|,Tolga Güler:6:16210|Esin Yıldız:4:44376|Erdem Güneş:1:13132,1764852,44,179156,1578,31,41.081304847964034,41.050576566629765,none,447930
Atak,22,1639,2015,8,1287,1086,201,5162,146,25,0,0,182,2690089,1583174,1093904,345030,74617,86726,109678,0,1923,475930,62702813,38990414,334,23712065,23712065,767336,312182766,105665,0,1190196,2297846,0,4.0,0.0,2.0,1.0,1.0,608.5630501935483,640.909091,360.8401756129032,358.8636363870968,606.6260999354839,1.398416,25.439332677419355,1.0,1.0,1.0,1.0,none,0:1.0500|1:0.9300|2:1.0300|3:0.9400|4:0.9500|5:1.1000|6:0.8200|,Tolga Güler:6:16210|Esin Yıldız:4:44376|Erdem Güneş:1:13132|Derya Çelik:1:12588,1624172,46,179156,1609,31,40.66423081169433,40.706197082103316,none,296774
Atak,22,1669,2015,9,1250,1063,187,5003,178,46,0,0,157,2899898,1747250,1136660,333900,72210,84499,92940,0,1321,551790,96438552,71647617,1946651,22844284,22844284,828540,321792919,105665,0,1208111,2589180,0,4.0,0.0,2.0,1.0,1.0,609.7272728,644.090909,371.681818,367.13181820000005,609.2257578333333,1.408139,25.35228783333333,1.0,1.0,1.0,1.0,none,0:1.0500|1:0.9300|2:1.0300|3:0.9400|4:0.9500|5:1.1000|6:0.8200|,Tolga Güler:6:16210|Esin Yıldız:4:44376|Erdem Güneş:1:13132|Derya Çelik:1:12588,1776600,47,179156,1640,30,39.196551051105935,39.041300171278806,none,372634
Atak,22,1700,2015,10,1345,1137,208,5051,191,34,0,0,169,2964026,1769403,1175835,345030,74617,87905,96689,0,1008,570586,79723999,54527912,1918364,23277723,23277723,834462,334583641,105665,0,1226026,2675486,0,4.0,0.0,2.0,1.0,1.0,620.7551318064516,648.8636359999999,373.2067445806452,371.0909090967742,613.7976539032258,1.417612,24.396795677419355,1.0,1.0,1.0,1.0,none,0:1.0500|1:0.9300|2:1.0300|3:0.9400|4:0.9500|5:1.1000|6:0.8200|,Tolga Güler:6:16210|Esin Yıldız:4:44376|Erdem Güneş:1:13132|Derya Çelik:1:12588,1792952,48,179156,1670,31,39.67019857450643,39.8785889220793,none,391430
Atak,22,1730,2015,11,1270,1078,192,4914,163,36,0,0,163,2884272,1738744,1129145,333900,72210,85669,94200,0,1206,541960,96482796,68072901,1894095,26515800,26515800,772952,302653844,105665,0,1243941,2589180,0,4.0,0.0,2.0,1.0,1.0,619.4242423666667,653.863636,374.3181816,373.11363643333334,616.9469697333334,1.427469,25.109260300000003,1.0,1.0,1.0,1.0,none,0:1.0500|1:0.9300|2:1.0300|3:0.9400|4:0.9500|5:1.1000|6:0.8200|,Tolga Güler:6:16210|Esin Yıldız:4:44376|Erdem Güneş:1:13132|Derya Çelik:1:12588,1759524,49,179156,1701,30,39.14835355334032,39.56998192873064,none,362804
Atak,22,1761,2015,12,1321,1125,196,5569,190,44,0,0,163,3422425,2096628,1309372,345030,74617,89114,107818,0,941,691852,114066179,83342898,1864633,28858648,28858648,928206,380879337,110542,0,1262683,2679503,0,4.0,0.0,2.0,1.0,1.0,614.6700878387097,658.181818,376.2829910967742,374.7668621935484,617.4956012580645,1.437072,27.078062000000003,1.0,1.0,1.0,1.0,none,0:1.0500|1:0.9250|2:1.0300|3:0.9350|4:0.9450|5:1.1000|6:0.8200|,Tolga Güler:6:16210|Esin Yıldız:4:44376|Erdem Güneş:1:13132|Derya Çelik:1:12588,2095142,49,187425,1731,31,38.25860318341527,38.78293436730382,none,504427
Atak,22,1792,2016,1,1310,1129,181,5464,174,49,0,0,157,3427203,2061556,1356207,321830,69480,89735,108562,0,31439,735161,51655225,21857128,1834742,27963355,23147715,946412,424107283,110542,0,1281425,2800013,0,3.5806451612903225,0.0,2.0,0.5806451612903226,1.0,634.0762467419355,662.272727,381.363636,378.97507335483874,625.5410559677418,1.447064,25.199952677419354,1.0,1.0,1.0,1.0,none,0:1.0500|1:0.9300|2:1.0300|3:0.9400|4:0.9500|5:1.1000|6:0.8200|,Tolga Güler:6:16965|Esin Yıldız:4:46441|Erdem Güneş:1:13743|Derya Çelik:1:13174,2098280,51,187425,1762,31,39.57183160729026,39.85524012931331,none,547736
Atak,22,1821,2016,2,1226,999,227,4559,179,57,0,0,194,2846354,1692720,1139005,377870,82215,84555,102312,0,809,491244,27305401,6094943,1804415,19406043,24221683,819794,402640052,110542,0,1300167,3968147,0,4.0,0.0,2.0,1.0,1.0,635.227273,667.272727,373.5,376.02351103448274,630.1927898965517,1.4576940000000003,24.534349689655173,1.0,1.0,1.0,1.0,none,0:1.0500|1:0.9300|2:1.0300|3:0.9400|4:0.9500|5:1.1000|6:0.8200|,Tolga Güler:6:16965|Esin Yıldız:4:46441|Erdem Güneş:1:13743|Derya Çelik:1:13174|Esin Soylu:1:15354|Volkan Soylu:1:14122|Ercan Aydın:1:13838|Esin Güler:2:25685,1714542,55,187425,1793,29,40.0162804767081,41.20214671576294,none,303819
Atak,22,1852,2016,3,1295,1069,226,4991,170,17,0,0,191,2914644,1742338,1156543,403930,87885,91007,100099,0,1406,472216,71864729,49874611,3026,21987092,21987092,809886,402306188,110542,0,1318909,4938951,0,4.0,0.0,2.0,1.0,1.0,632.6539588064517,671.1363640000001,377.881231516129,376.9912023548387,632.3049852580646,1.467709,25.831595935483872,1.0,1.0,1.0,1.0,none,0:1.0500|1:0.9300|2:1.0300|3:0.9400|4:0.9500|5:1.1000|6:0.8200|,Tolga Güler:6:16965|Esin Yıldız:4:46441|Erdem Güneş:1:13743|Derya Çelik:1:13174|Esin Soylu:1:15354|Volkan Soylu:1:14122|Ercan Aydın:1:13838|Esin Güler:2:25685,1733676,61,187425,1822,31,39.68042066200881,40.27047072794269,none,284791
Atak,22,1882,2016,4,1262,1072,190,5015,166,43,0,0,153,3025557,1787050,1220830,390900,85050,88731,97590,0,1025,557534,101342252,71915035,1808697,27618520,27618520,794300,431863437,110542,0,1337651,4779630,0,4.0,0.0,2.0,1.0,1.0,642.8257575666667,676.590909,378.681818,378.03030293333336,636.5939393333334,1.4784910000000002,24.826903866666665,1.0,1.0,1.0,1.0,none,0:1.0500|1:0.9300|2:1.0300|3:0.9400|4:0.9500|5:1.1000|6:0.8200|,Tolga Güler:6:16965|Esin Yıldız:4:46441|Erdem Güneş:1:13743|Derya Çelik:1:13174|Esin Soylu:1:15354|Volkan Soylu:1:14122|Ercan Aydın:1:13838|Esin Güler:2:25685,1842480,61,187425,1853,30,40.350586685360746,41.091063395864715,none,370109
Atak,22,1913,2016,5,1347,1149,198,5520,163,48,0,0,171,3116533,1844074,1253562,403930,87885,92340,101556,0,1456,566395,99241054,62583774,1782087,34875193,34875193,771356,442430215,110542,0,1356393,5129548,0,4.0,0.0,2.0,1.0,1.0,646.1436953548387,680.909091,383.590909,381.28445748387094,640.5381231935485,1.489001,25.965066258064518,1.0,1.0,1.0,1.0,none,0:1.0500|1:0.9300|2:1.0300|3:0.9400|4:0.9500|5:1.1000|6:0.8200|,Tolga Güler:6:16965|Esin Yıldız:4:46441|Erdem Güneş:1:13743|Derya Çelik:1:13174|Esin Soylu:1:15354|Volkan Soylu:1:14122|Ercan Aydın:1:13838|Esin Güler:2:25685|Elif Taş:1:12605|Sinan Korkmaz:1:13269|Dilek Yavuz:2:25306,1844568,63,187425,1883,31,40.22296571221931,40.63380765646165,none,378970
Atak,22,1943,2016,6,1350,1141,209,5953,124,33,0,0,184,3233953,1946062,1268919,390900,85050,90021,113850,0,574,588524,92448959,61878021,1755089,28815849,28815849,1025914,473429383,117045,0,1376238,6536572,0,4.0,0.0,2.0,1.0,1.0,644.7954548333332,685.6818179999999,391.0,387.4303029666667,645.7803029333334,1.499939,26.878406833333333,1.0,1.0,1.0,1.0,none,0:1.0500|1:0.9300|2:1.0300|3:0.9400|4:0.9500|5:1.1000|6:0.8200|,Tolga Güler:6:16965|Esin Yıldız:4:46441|Erdem Güneş:1:13743|Derya Çelik:1:13174|Esin Soylu:1:15354|Volkan Soylu:1:14122|Ercan Aydın:1:13838|Esin Güler:2:25685|Elif Taş:1:12605|Sinan Korkmaz:1:13269|Dilek Yavuz:2:25306|Seda Güler:1:14122|Fatma Güneş:1:13743,1998236,66,198450,1914,30,39.237397698729694,39.36061473927949,none,390074
Atak,22,1974,2016,7,1306,1101,205,5342,169,42,0,0,162,3078377,1842926,1223376,415930,90675,93673,118482,0,1199,503417,74369695,40060356,1727700,32581639,26188331,841978,487123986,117045,0,1396083,7736732,0,4.0,0.0,2.0,1.0,1.0,654.7214078387098,692.045455,396.636364,393.65689158064515,654.1436953548387,1.510601,25.924985258064517,1.0,1.0,1.0,1.0,none,0:1.0500|1:0.9300|2:1.0300|3:0.9400|4:0.9500|5:1.1000|6:0.8200|,Tolga Güler:6:17762|Esin Yıldız:4:48624|Erdem Güneş:1:14389|Derya Çelik:1:13793|Esin Soylu:1:16076|Volkan Soylu:1:14786|Ercan Aydın:1:14488|Esin Güler:2:26892|Elif Taş:1:13198|Sinan Korkmaz:1:13893|Dilek Yavuz:2:26496|Seda Güler:1:14786|Fatma Güneş:1:14389,1812766,68,198450,1944,31,39.740941411659456,39.41906294017025,none,304967
Atak,22,2005,2016,8,1387,1161,226,5809,170,16,0,0,198,3159182,1850275,1287667,416330,90675,94356,119350,0,1804,565152,94236147,61896690,1699910,30639547,37032855,888268,505054271,117045,0,1415928,8170484,0,4.0,0.0,2.0,1.0,1.0,662.3533726451612,696.590909,384.409091,388.3372432903226,657.3108506451613,1.521698,25.58702177419355,1.0,1.0,1.0,1.0,none,0:1.0500|1:0.9300|2:1.0300|3:0.9400|4:0.9500|5:1.1000|6:0.8200|,Tolga Güler:6:17762|Esin Yıldız:4:48624|Erdem Güneş:1:14389|Derya Çelik:1:13793|Esin Soylu:1:16076|Volkan Soylu:1:14786|Ercan Aydın:1:14488|Esin Güler:2:26892|Elif Taş:1:13198|Sinan Korkmaz:1:13893|Dilek Yavuz:2:26496|Seda Güler:1:14786|Fatma Güneş:1:14389|Dilek Akgül:1:13992,1852872,69,198450,1975,31,40.759506733072044,41.9631412964908,none,366702
Atak,22,2035,2016,9,1304,1090,214,5162,163,50,0,0,189,3136786,1874317,1245566,402900,87750,92002,101160,0,781,560973,126293336,93419906,785,32872645,32872645,957484,510341306,117045,0,1435773,7906920,0,4.0,0.0,2.0,1.0,1.0,665.227273,702.272727,401.136364,395.1969697,662.9045456666666,1.5328759999999997,26.1410742,1.0,1.0,1.0,1.0,none,0:1.0500|1:0.9300|2:1.0300|3:0.9400|4:0.9500|5:1.1000|6:0.8200|,Tolga Güler:6:17762|Esin Yıldız:4:48624|Erdem Güneş:1:14389|Derya Çelik:1:13793|Esin Soylu:1:16076|Volkan Soylu:1:14786|Ercan Aydın:1:14488|Esin Güler:2:26892|Elif Taş:1:13198|Sinan Korkmaz:1:13893|Dilek Yavuz:2:26496|Seda Güler:1:14786|Fatma Güneş:1:14389|Dilek Akgül:1:13992,1910190,74,198450,2006,30,39.70835115943517,39.69935084125752,none,362523
Atak,22,2066,2016,10,1251,1020,231,4840,213,24,0,0,182,3074057,1837280,1220001,416330,90675,95750,105276,0,543,511427,103230632,59916102,1704746,41609784,41609784,812076,533725305,117045,0,1455618,8255031,0,4.0,0.0,2.0,1.0,1.0,670.8724338709678,706.1363640000001,402.590909,400.67888561290323,668.0806453870968,1.543772,24.74239977419355,1.0,1.0,1.0,1.0,none,0:1.0500|1:0.9300|2:1.0300|3:0.9400|4:0.9500|5:1.1000|6:0.8200|,Tolga Güler:6:17762|Esin Yıldız:4:48624|Erdem Güneş:1:14389|Derya Çelik:1:13793|Esin Soylu:1:16076|Volkan Soylu:1:14786|Ercan Aydın:1:14488|Esin Güler:2:26892|Elif Taş:1:13198|Sinan Korkmaz:1:13893|Dilek Yavuz:2:26496|Seda Güler:1:14786|Fatma Güneş:1:14389|Dilek Akgül:1:13992|Hasan Aksoy:1:12900|Can Uçar:2:29175|Meltem Demir:3:42472,1858290,75,198450,2036,31,39.68699994827682,39.989946124775145,none,312977
Atak,22,2096,2016,11,1265,1050,215,5261,170,48,0,0,185,3391944,1997711,1378136,402900,87750,93322,102630,0,431,691103,141821802,108695194,1679585,31447023,31447023,910584,466391592,117045,0,1475463,10443330,0,4.0,0.0,2.0,1.0,1.0,679.3787879666667,712.272727,398.227273,399.3969697333333,673.3151513333333,1.555113,24.566210766666664,1.0,1.0,1.0,1.0,none,0:1.0500|1:0.9300|2:1.0300|3:0.9400|4:0.9500|5:1.1000|6:0.8200|,Tolga Güler:6:17762|Esin Yıldız:4:48624|Erdem Güneş:1:14389|Derya Çelik:1:13793|Esin Soylu:1:16076|Volkan Soylu:1:14786|Ercan Aydın:1:14488|Esin Güler:2:26892|Elif Taş:1:13198|Sinan Korkmaz:1:13893|Dilek Yavuz:2:26496|Seda Güler:1:14786|Fatma Güneş:1:14389|Dilek Akgül:1:13992|Hasan Aksoy:1:12900|Can Uçar:2:29175|Meltem Demir:3:42472,1990524,78,198450,2067,30,40.62968020698455,41.38361690804824,none,492653
Atak,22,2127,2016,12,1281,1060,221,5347,192,41,0,0,187,3624306,2135665,1471672,416330,90675,97115,117490,0,705,749357,149594847,105227744,1654458,42712645,42712645,1048896,590308003,125173,0,1496686,10818968,0,4.0,0.0,2.0,1.0,1.0,681.6422289032258,716.1363640000001,400.136364,399.35630483870966,677.126099451613,1.566167,24.897186612903223,1.0,1.0,1.0,1.0,none,0:1.0500|1:0.9300|2:1.0300|3:0.9400|4:0.9500|5:1.1000|6:0.8200|,Tolga Güler:6:17762|Esin Yıldız:4:48624|Erdem Güneş:1:14389|Derya Çelik:1:13793|Esin Soylu:1:16076|Volkan Soylu:1:14786|Ercan Aydın:1:14488|Esin Güler:2:26892|Elif Taş:1:13198|Sinan Korkmaz:1:13893|Dilek Yavuz:2:26496|Seda Güler:1:14786|Fatma Güneş:1:14389|Dilek Akgül:1:13992|Hasan Aksoy:1:12900|Can Uçar:2:29175|Meltem Demir:3:42472,2149470,78,212231,2097,31,40.605622152213414,41.29818443851016,none,537126
Atak,22,2158,2017,1,1204,978,226,4459,188,52,0,0,186,3231175,1913469,1298839,431330,94147,97845,118358,0,959,556200,51689546,9943741,1633858,40111947,40111947,938934,629660258,125173,0,1517909,12493382,0,4.0,0.0,2.0,1.0,1.0,687.1700877096774,722.5,407.772727,404.51026390322585,682.4398827419354,1.577672,23.716977612903225,1.0,1.0,1.0,1.0,none,0:1.0500|1:0.9300|2:1.0300|3:0.9400|4:0.9500|5:1.1000|6:0.8200|,Tolga Güler:6:19168|Esin Yıldız:4:52469|Erdem Güneş:1:15527|Derya Çelik:1:14884|Esin Soylu:1:17347|Volkan Soylu:1:15954|Ercan Aydın:1:15633|Esin Güler:2:29019|Elif Taş:1:14242|Sinan Korkmaz:1:14992|Dilek Yavuz:2:28590|Seda Güler:1:15954|Fatma Güneş:1:15527|Dilek Akgül:1:15098|Hasan Aksoy:1:13921|Can Uçar:2:31481|Meltem Demir:3:45831|Tolga Kaya:1:14134|Dilek Erdoğan:1:14456|Nazlı Er:1:17562|Burak Özdemir:2:32124|Kadir Yıldırım:3:45831,1973472,81,212231,2128,31,40.197110958088004,40.65912729712998,none,343969
Atak,22,2186,2017,2,1102,890,212,4251,189,59,0,0,164,3056629,1796655,1240395,390040,85036,89497,108248,0,710,566864,22988945,-4549540,1607612,25930873,25930873,845712,609110338,125173,0,1539132,15354058,0,4.0,0.0,2.0,1.0,1.0,697.9788960357143,731.5909089999999,410.727273,408.4220778571429,692.0,1.597686,23.654402928571425,1.0,1.0,1.0,1.0,none,0:1.0500|1:0.9300|2:1.0300|3:0.9400|4:0.9500|5:1.1000|6:0.8200|,Tolga Güler:6:19168|Esin Yıldız:4:52469|Erdem Güneş:1:15527|Derya Çelik:1:14884|Esin Soylu:1:17347|Volkan Soylu:1:15954|Ercan Aydın:1:15633|Esin Güler:2:29019|Elif Taş:1:14242|Sinan Korkmaz:1:14992|Dilek Yavuz:2:28590|Seda Güler:1:15954|Fatma Güneş:1:15527|Dilek Akgül:1:15098|Hasan Aksoy:1:13921|Can Uçar:2:31481|Meltem Demir:3:45831|Tolga Kaya:1:14134|Dilek Erdoğan:1:14456|Nazlı Er:1:17562|Burak Özdemir:2:32124|Kadir Yıldırım:3:45831|Tuncay Polat:1:15419|Ufuk Kurt:2:30625|Esin Kocabaş:1:16812|Can Özdemir:1:16598,1820940,88,212231,2159,28,40.58048915979008,41.15477196620228,none,354633
Atak,22,2217,2017,3,1215,981,234,4757,220,45,0,0,177,3282571,1942564,1326432,431830,94147,100233,110205,0,807,589210,81703298,50597232,4128,31101938,31101938,951396,603435186,125173,0,1560355,17955138,0,4.0,0.0,2.0,1.0,1.0,705.2199412258065,739.772727,420.090909,415.9193548064516,699.2829912258064,1.61598,23.443154838709678,1.0,1.0,1.0,1.0,none,0:1.0500|1:0.9300|2:1.0300|3:0.9400|4:0.9500|5:1.1000|6:0.8200|,Tolga Güler:6:19168|Esin Yıldız:4:52469|Erdem Güneş:1:15527|Derya Çelik:1:14884|Esin Soylu:1:17347|Volkan Soylu:1:15954|Ercan Aydın:1:15633|Esin Güler:2:29019|Elif Taş:1:14242|Sinan Korkmaz:1:14992|Dilek Yavuz:2:28590|Seda Güler:1:15954|Fatma Güneş:1:15527|Dilek Akgül:1:15098|Hasan Aksoy:1:13921|Can Uçar:2:31481|Meltem Demir:3:45831|Tolga Kaya:1:14134|Dilek Erdoğan:1:14456|Nazlı Er:1:17562|Burak Özdemir:2:32124|Kadir Yıldırım:3:45831|Tuncay Polat:1:15419|Ufuk Kurt:2:30625|Esin Kocabaş:1:16812|Can Özdemir:1:16598,1994144,93,212231,2187,31,40.408326278395805,40.43122089403739,none,376979
Atak,22,2247,2017,4,1228,995,233,4588,182,40,0,0,193,3140510,1861602,1255384,417900,91110,98230,108000,0,1050,539094,128492456,77767381,2255488,48469587,38424797,866334,630276066,125173,0,1581578,17375940,0,4.0,0.0,2.0,1.0,1.0,712.1515151666666,749.3181820000001,424.454545,421.72878783333334,707.1742421666667,1.636479,24.246974466666664,1.0,1.0,1.0,1.0,none,0:1.0500|1:0.9300|2:1.0300|3:0.9400|4:0.9500|5:1.1000|6:0.8200|,Tolga Güler:6:19168|Esin Yıldız:4:52469|Erdem Güneş:1:15527|Derya Çelik:1:14884|Esin Soylu:1:17347|Volkan Soylu:1:15954|Ercan Aydın:1:15633|Esin Güler:2:29019|Elif Taş:1:14242|Sinan Korkmaz:1:14992|Dilek Yavuz:2:28590|Seda Güler:1:15954|Fatma Güneş:1:15527|Dilek Akgül:1:15098|Hasan Aksoy:1:13921|Can Uçar:2:31481|Meltem Demir:3:45831|Tolga Kaya:1:14134|Dilek Erdoğan:1:14456|Nazlı Er:1:17562|Burak Özdemir:2:32124|Kadir Yıldırım:3:45831|Tuncay Polat:1:15419|Ufuk Kurt:2:30625|Esin Kocabaş:1:16812|Can Özdemir:1:16598,1875772,93,212231,2218,30,39.97388959118105,40.398280989311125,none,326863
Atak,22,2278,2017,5,1271,1004,267,4571,252,25,0,0,224,3138976,1829808,1291110,431830,94147,102745,112964,0,592,548832,151129041,105722101,2227032,43179908,53224698,858090,674449579,125173,0,1602801,17955138,0,4.0,0.0,2.0,1.0,1.0,724.5967742580646,758.6363640000001,422.090909,422.4369501612903,716.6994135806451,1.656565,22.697378548387096,1.0,1.0,1.0,1.0,none,0:1.0500|1:0.9300|2:1.0300|3:0.9400|4:0.9500|5:1.1000|6:0.8200|,Tolga Güler:6:19168|Esin Yıldız:4:52469|Erdem Güneş:1:15527|Derya Çelik:1:14884|Esin Soylu:1:17347|Volkan Soylu:1:15954|Ercan Aydın:1:15633|Esin Güler:2:29019|Elif Taş:1:14242|Sinan Korkmaz:1:14992|Dilek Yavuz:2:28590|Seda Güler:1:15954|Fatma Güneş:1:15527|Dilek Akgül:1:15098|Hasan Aksoy:1:13921|Can Uçar:2:31481|Meltem Demir:3:45831|Tolga Kaya:1:14134|Dilek Erdoğan:1:14456|Nazlı Er:1:17562|Burak Özdemir:2:32124|Kadir Yıldırım:3:45831|Tuncay Polat:1:15419|Ufuk Kurt:2:30625|Esin Kocabaş:1:16812|Can Özdemir:1:16598,1740694,92,212231,2248,31,41.13156647263311,41.74816615321107,none,336601
Atak,22,2308,2017,6,1239,1042,197,5030,159,26,0,0,167,3224388,1863891,1341038,417900,91110,100691,127320,0,3655,600362,137691365,92781638,2197997,42711730,42711730,837796,697807027,134926,0,1625677,18335765,0,4.0,0.0,2.0,1.0,1.0,733.8787876,767.727273,426.34697006666664,424.05606073333337,726.4727273999999,1.677579,24.319419733333334,1.0,1.0,1.0035714,0.9989285999999999,0,0:1.0500|1:0.9300|2:1.0300|3:0.9400|4:0.9500|5:1.1000|6:0.8200|,Tolga Güler:6:19168|Esin Yıldız:4:52469|Erdem Güneş:1:15527|Derya Çelik:1:14884|Esin Soylu:1:17347|Volkan Soylu:1:15954|Ercan Aydın:1:15633|Esin Güler:2:29019|Elif Taş:1:14242|Sinan Korkmaz:1:14992|Dilek Yavuz:2:28590|Seda Güler:1:15954|Fatma Güneş:1:15527|Dilek Akgül:1:15098|Hasan Aksoy:1:13921|Can Uçar:2:31481|Meltem Demir:3:45831|Tolga Kaya:1:14134|Dilek Erdoğan:1:14456|Nazlı Er:1:17562|Burak Özdemir:2:32124|Kadir Yıldırım:3:45831|Tuncay Polat:1:15419|Ufuk Kurt:2:30625|Esin Kocabaş:1:16812|Can Özdemir:1:16598|Merve Kaya:1:15954|Murat Avcı:2:31910,1885264,94,228769,2279,30,41.59046615977978,41.90498795299059,none|0,371593
Atak,22,2339,2017,7,1308,1052,256,5006,225,8,0,0,221,3077378,1840816,1223151,449830,98332,105319,133176,0,2165,434329,46157526,8079158,2168373,35909995,35909995,826134,667283703,134926,0,1648553,21001043,0,4.0,0.0,2.0,1.0,1.0,733.5043988064516,777.045455,451.65982390322586,439.8739002903226,733.935483967742,1.698169,24.34159512903226,1.0,1.0,1.2183179999999998,0.9345045806451613,0,0:1.0500|1:0.9300|2:1.0300|3:0.9400|4:0.9500|5:1.1000|6:0.8200|,Tolga Güler:6:20707|Esin Yıldız:4:56686|Erdem Güneş:1:16774|Derya Çelik:1:16081|Esin Soylu:1:18741|Volkan Soylu:1:17237|Ercan Aydın:1:16890|Esin Güler:2:31350|Elif Taş:1:15386|Sinan Korkmaz:1:16196|Dilek Yavuz:2:30888|Seda Güler:1:17237|Fatma Güneş:1:16774|Dilek Akgül:1:16312|Hasan Aksoy:1:15039|Can Uçar:2:34011|Meltem Demir:3:49513|Tolga Kaya:1:15271|Dilek Erdoğan:1:15618|Nazlı Er:1:18973|Burak Özdemir:2:34705|Kadir Yıldırım:3:49513|Tuncay Polat:1:16659|Ufuk Kurt:2:33086|Esin Kocabaş:1:18163|Can Özdemir:1:17932|Merve Kaya:1:17237|Murat Avcı:2:34474,1889892,94,228769,2309,31,39.74653097539529,38.42438782396389,0,205560
Atak,22,2370,2017,8,1318,1090,228,5356,218,31,0,0,183,3269300,1970370,1282924,450430,98332,106653,134881,0,2966,489662,-80019441,-109126788,2138147,26969200,26969200,894956,793608071,134926,0,1671429,21001043,0,4.0,0.0,2.0,1.0,1.0,748.9296185483871,787.045455,458.9105568387097,454.4428151612903,744.0205279032258,1.719711,25.467457741935483,1.0,1.0,1.25,0.925,0,0:1.0500|1:0.9300|2:1.0300|3:0.9400|4:0.9500|5:1.1000|6:0.8200|,Tolga Güler:6:20707|Esin Yıldız:4:56686|Erdem Güneş:1:16774|Derya Çelik:1:16081|Esin Soylu:1:18741|Volkan Soylu:1:17237|Ercan Aydın:1:16890|Esin Güler:2:31350|Elif Taş:1:15386|Sinan Korkmaz:1:16196|Dilek Yavuz:2:30888|Seda Güler:1:17237|Fatma Güneş:1:16774|Dilek Akgül:1:16312|Hasan Aksoy:1:15039|Can Uçar:2:34011|Meltem Demir:3:49513|Tolga Kaya:1:15271|Dilek Erdoğan:1:15618|Nazlı Er:1:18973|Burak Özdemir:2:34705|Kadir Yıldırım:3:49513|Tuncay Polat:1:16659|Ufuk Kurt:2:33086|Esin Kocabaş:1:18163|Can Özdemir:1:17932|Merve Kaya:1:17237|Murat Avcı:2:34474,1992074,94,228769,2340,31,39.24155017893739,38.72447484074764,0,260893
Atak,22,2400,2017,9,1218,961,257,4576,247,27,0,0,195,3168229,1948820,1183643,435900,95160,104533,114930,0,1917,431203,36735845,3181284,1713,33552848,33552848,867408,774098828,134926,0,1694305,20323590,0,4.0,0.0,2.0,1.0,1.0,755.5757575333333,797.727273,467.90909100000005,463.0181819,753.4378788333332,1.741526,24.3674251,1.0,1.0,1.25,0.925,0,0:1.0500|1:0.9300|2:1.0300|3:0.9400|4:0.9500|5:1.1000|6:0.8200|,Tolga Güler:6:20707|Esin Yıldız:4:56686|Erdem Güneş:1:16774|Derya Çelik:1:16081|Esin Soylu:1:18741|Volkan Soylu:1:17237|Ercan Aydın:1:16890|Esin Güler:2:31350|Elif Taş:1:15386|Sinan Korkmaz:1:16196|Dilek Yavuz:2:30888|Seda Güler:1:17237|Fatma Güneş:1:16774|Dilek Akgül:1:16312|Hasan Aksoy:1:15039|Can Uçar:2:34011|Meltem Demir:3:49513|Tolga Kaya:1:15271|Dilek Erdoğan:1:15618|Nazlı Er:1:18973|Burak Özdemir:2:34705|Kadir Yıldırım:3:49513|Tuncay Polat:1:16659|Ufuk Kurt:2:33086|Esin Kocabaş:1:18163|Can Özdemir:1:17932|Merve Kaya:1:17237|Murat Avcı:2:34474,1925112,94,228769,2371,30,37.35976787031493,38.07251141466678,0,202434
Atak,22,2431,2017,10,1297,1033,264,4699,288,40,0,0,193,3301313,2049793,1231067,450430,98332,109351,120218,0,1051,451685,37704945,-4294560,4270807,37728698,37728698,908274,713064959,134926,0,1717181,21001043,0,4.0,0.0,2.0,1.0,1.0,766.1143692258064,806.818182,479.363636,473.8812317096774,761.4472140967741,1.762901,24.388688258064516,1.0,1.0,1.25,0.925,0,0:1.0500|1:0.9300|2:1.0300|3:0.9400|4:0.9500|5:1.1000|6:0.8200|,Tolga Güler:6:20707|Esin Yıldız:4:56686|Erdem Güneş:1:16774|Derya Çelik:1:16081|Esin Soylu:1:18741|Volkan Soylu:1:17237|Ercan Aydın:1:16890|Esin Güler:2:31350|Elif Taş:1:15386|Sinan Korkmaz:1:16196|Dilek Yavuz:2:30888|Seda Güler:1:17237|Fatma Güneş:1:16774|Dilek Akgül:1:16312|Hasan Aksoy:1:15039|Can Uçar:2:34011|Meltem Demir:3:49513|Tolga Kaya:1:15271|Dilek Erdoğan:1:15618|Nazlı Er:1:18973|Burak Özdemir:2:34705|Kadir Yıldırım:3:49513|Tuncay Polat:1:16659|Ufuk Kurt:2:33086|Esin Kocabaş:1:18163|Can Özdemir:1:17932|Merve Kaya:1:17237|Murat Avcı:2:34474,2122092,100,228769,2401,31,37.29022361708811,37.429233120321335,0,222916
Atak,22,2461,2017,11,1201,975,226,4616,253,28,0,0,178,3318849,2080618,1218459,435900,95160,107173,117840,0,1076,461310,88660907,48482282,2094065,38084560,38084560,1040530,763077744,134926,0,1740057,20323590,0,4.0,0.0,2.0,1.0,1.0,776.3939392333334,817.272727,490.454545,484.83484853333334,772.3636363333334,1.785264,24.058181400000002,1.0,1.0,1.25,0.925,0,0:1.0500|1:0.9300|2:1.0300|3:0.9400|4:0.9500|5:1.1000|6:0.8200|,Tolga Güler:6:20707|Esin Yıldız:4:56686|Erdem Güneş:1:16774|Derya Çelik:1:16081|Esin Soylu:1:18741|Volkan Soylu:1:17237|Ercan Aydın:1:16890|Esin Güler:2:31350|Elif Taş:1:15386|Sinan Korkmaz:1:16196|Dilek Yavuz:2:30888|Seda Güler:1:17237|Fatma Güneş:1:16774|Dilek Akgül:1:16312|Hasan Aksoy:1:15039|Can Uçar:2:34011|Meltem Demir:3:49513|Tolga Kaya:1:15271|Dilek Erdoğan:1:15618|Nazlı Er:1:18973|Burak Özdemir:2:34705|Kadir Yıldırım:3:49513|Tuncay Polat:1:16659|Ufuk Kurt:2:33086|Esin Kocabaş:1:18163|Can Özdemir:1:17932|Merve Kaya:1:17237|Murat Avcı:2:34474,2123258,101,228769,2432,30,36.71330030381014,36.829163622231555,0,232541
Atak,22,2492,2017,12,1301,1053,248,4756,288,52,0,0,175,3741262,2382907,1337731,450430,98332,112080,135563,0,1162,540164,137919633,80263782,2065760,55590091,44087324,1035932,810901212,144680,0,1764587,21045185,0,4.0,0.0,2.0,1.0,1.0,781.3416424193549,827.272727,495.68621706451614,492.65689158064515,782.0337241935484,1.807175,24.867459516129035,0.9580645161290322,0.9580645161290322,1.2479032258064517,0.897454870967742,1,0:1.0500|1:0.9300|2:1.0300|3:0.9400|4:0.9500|5:1.1000|6:0.8200|,Tolga Güler:6:20707|Esin Yıldız:4:56686|Erdem Güneş:1:16774|Derya Çelik:1:16081|Esin Soylu:1:18741|Volkan Soylu:1:17237|Ercan Aydın:1:16890|Esin Güler:2:31350|Elif Taş:1:15386|Sinan Korkmaz:1:16196|Dilek Yavuz:2:30888|Seda Güler:1:17237|Fatma Güneş:1:16774|Dilek Akgül:1:16312|Hasan Aksoy:1:15039|Can Uçar:2:34011|Meltem Demir:3:49513|Tolga Kaya:1:15271|Dilek Erdoğan:1:15618|Nazlı Er:1:18973|Burak Özdemir:2:34705|Kadir Yıldırım:3:49513|Tuncay Polat:1:16659|Ufuk Kurt:2:33086|Esin Kocabaş:1:18163|Can Özdemir:1:17932|Merve Kaya:1:17237|Murat Avcı:2:34474,2389608,103,245306,2462,31,35.756143247920086,36.559605919675825,0|1,294858
Atak,22,2523,2018,1,1117,851,266,3724,439,50,0,0,180,3020438,1909418,1088937,468430,102517,113498,137299,0,3835,263358,14414222,-22362713,2037322,34739613,46242380,934664,791354098,144680,0,1789117,22369445,0,4.0,0.0,2.0,1.0,1.0,802.2873900322581,837.5,502.68914961290324,498.88709674193547,791.1217008064516,1.8301,22.462843774193548,0.9,0.9,1.2266666774193549,0.7907742903225806,1,0:1.0500|1:0.9300|2:1.0300|3:0.9400|4:0.9500|5:1.1000|6:0.8200|,Tolga Güler:6:22057|Esin Yıldız:4:60379|Erdem Güneş:1:17868|Derya Çelik:1:17128|Esin Soylu:1:19963|Volkan Soylu:1:18360|Ercan Aydın:1:17990|Esin Güler:2:33393|Elif Taş:1:16388|Sinan Korkmaz:1:17252|Dilek Yavuz:2:32901|Seda Güler:1:18360|Fatma Güneş:1:17868|Dilek Akgül:1:17374|Hasan Aksoy:1:16019|Can Uçar:2:36227|Meltem Demir:3:52739|Tolga Kaya:1:16266|Dilek Erdoğan:1:16635|Nazlı Er:1:20209|Burak Özdemir:2:36967|Kadir Yıldırım:3:52739|Tuncay Polat:1:17744|Ufuk Kurt:2:35242|Esin Kocabaş:1:19346|Can Özdemir:1:19099|Merve Kaya:1:18360|Murat Avcı:2:36721,1976894,106,245306,2493,31,36.05228778077881,37.343007523439795,1,18052
Atak,22,2551,2018,2,1031,806,225,3450,325,32,0,0,162,2888523,1820520,1050891,423640,92596,103579,125300,0,4301,301475,-28578584,-65029279,8006,36442689,36442689,879046,814590219,144680,0,1813647,20204660,0,4.0,0.0,2.0,1.0,1.0,796.4448054285714,846.5909089999999,490.8668831071428,494.9788961071428,800.4675324642857,1.849195,24.394880535714286,0.9,0.9,1.2020833214285713,0.8,1,0:1.0500|1:0.9300|2:1.0300|3:0.9400|4:0.9500|5:1.1000|6:0.8200|,Tolga Güler:6:22057|Esin Yıldız:4:60379|Erdem Güneş:1:17868|Derya Çelik:1:17128|Esin Soylu:1:19963|Volkan Soylu:1:18360|Ercan Aydın:1:17990|Esin Güler:2:33393|Elif Taş:1:16388|Sinan Korkmaz:1:17252|Dilek Yavuz:2:32901|Seda Güler:1:18360|Fatma Güneş:1:17868|Dilek Akgül:1:17374|Hasan Aksoy:1:16019|Can Uçar:2:36227|Meltem Demir:3:52739|Tolga Kaya:1:16266|Dilek Erdoğan:1:16635|Nazlı Er:1:20209|Burak Özdemir:2:36967|Kadir Yıldırım:3:52739|Tuncay Polat:1:17744|Ufuk Kurt:2:35242|Esin Kocabaş:1:19346|Can Özdemir:1:19099|Merve Kaya:1:18360|Murat Avcı:2:36721,1740596,107,245306,2524,28,36.38160402392503,38.367746294358135,1,56169
Atak,22,2582,2018,3,1195,954,241,4175,339,11,0,0,188,3185912,1951768,1214904,469030,102517,115762,127317,0,1835,398443,49370634,19034231,1972259,28364144,28364144,807602,819736444,144680,0,1838177,22369445,0,4.0,0.0,2.0,1.0,1.0,812.001465967742,854.318182,498.3372434516129,495.3709677419355,806.8651028064517,1.866614,25.063687193548386,0.9,0.9,1.1775,0.8,1,0:1.0500|1:0.9300|2:1.0300|3:0.9400|4:0.9500|5:1.1000|6:0.8200|,Tolga Güler:6:22057|Esin Yıldız:4:60379|Erdem Güneş:1:17868|Derya Çelik:1:17128|Esin Soylu:1:19963|Volkan Soylu:1:18360|Ercan Aydın:1:17990|Esin Güler:2:33393|Elif Taş:1:16388|Sinan Korkmaz:1:17252|Dilek Yavuz:2:32901|Seda Güler:1:18360|Fatma Güneş:1:17868|Dilek Akgül:1:17374|Hasan Aksoy:1:16019|Can Uçar:2:36227|Meltem Demir:3:52739|Tolga Kaya:1:16266|Dilek Erdoğan:1:16635|Nazlı Er:1:20209|Burak Özdemir:2:36967|Kadir Yıldırım:3:52739|Tuncay Polat:1:17744|Ufuk Kurt:2:35242|Esin Kocabaş:1:19346|Can Özdemir:1:19099|Merve Kaya:1:18360|Murat Avcı:2:36721,1783398,108,245306,2552,31,38.13363332069436,38.62852909290066,1,153137
Atak,22,2612,2018,4,1119,834,285,3841,369,30,0,0,188,2974608,1801769,1157301,453900,99210,113198,124470,0,1691,364832,89184254,38152850,1946605,49084799,49084799,758006,826604711,144680,0,1862707,21647850,0,4.0,0.0,2.0,1.0,1.0,824.4393936666668,863.863636,500.0303031,498.40151506666666,818.4378789333333,1.886091,22.766676433333334,0.9,0.9,1.1520833333333333,0.8,1,0:1.0500|1:0.9300|2:1.0300|3:0.9400|4:0.9500|5:1.1000|6:0.8200|,Tolga Güler:6:22057|Esin Yıldız:4:60379|Erdem Güneş:1:17868|Derya Çelik:1:17128|Esin Soylu:1:19963|Volkan Soylu:1:18360|Ercan Aydın:1:17990|Esin Güler:2:33393|Elif Taş:1:16388|Sinan Korkmaz:1:17252|Dilek Yavuz:2:32901|Seda Güler:1:18360|Fatma Güneş:1:17868|Dilek Akgül:1:17374|Hasan Aksoy:1:16019|Can Uçar:2:36227|Meltem Demir:3:52739|Tolga Kaya:1:16266|Dilek Erdoğan:1:16635|Nazlı Er:1:20209|Burak Özdemir:2:36967|Kadir Yıldırım:3:52739|Tuncay Polat:1:17744|Ufuk Kurt:2:35242|Esin Kocabaş:1:19346|Can Özdemir:1:19099|Merve Kaya:1:18360|Murat Avcı:2:36721,1866748,108,245306,2583,30,38.90600038727792,39.349052587585376,1,119526
Atak,22,2643,2018,5,1211,944,267,4118,351,42,0,0,188,3193101,1941335,1235536,469030,102517,118150,129921,0,2673,413245,84251829,42371816,1920451,39959562,39959562,906322,836650922,144680,0,1887237,22369445,0,4.0,0.0,2.0,1.0,1.0,824.8240469032257,871.590909,499.741935483871,499.0997067419355,824.8841642903225,1.905133,23.482854258064517,0.9,0.9,1.126666677419355,0.8,1,0:1.0500|1:0.9300|2:1.0300|3:0.9400|4:0.9500|5:1.1000|6:0.8200|,Tolga Güler:6:22057|Esin Yıldız:4:60379|Erdem Güneş:1:17868|Derya Çelik:1:17128|Esin Soylu:1:19963|Volkan Soylu:1:18360|Ercan Aydın:1:17990|Esin Güler:2:33393|Elif Taş:1:16388|Sinan Korkmaz:1:17252|Dilek Yavuz:2:32901|Seda Güler:1:18360|Fatma Güneş:1:17868|Dilek Akgül:1:17374|Hasan Aksoy:1:16019|Can Uçar:2:36227|Meltem Demir:3:52739|Tolga Kaya:1:16266|Dilek Erdoğan:1:16635|Nazlı Er:1:20209|Burak Özdemir:2:36967|Kadir Yıldırım:3:52739|Tuncay Polat:1:17744|Ufuk Kurt:2:35242|Esin Kocabaş:1:19346|Can Özdemir:1:19099|Merve Kaya:1:18360|Murat Avcı:2:36721,1904810,113,245306,2613,31,38.693921676765,39.41229800948029,1,167939
Atak,22,2673,2018,6,1164,866,298,3954,407,18,0,0,198,2934298,1750538,1163069,453900,99210,115539,146100,0,3379,344941,62434705,21213511,1893785,39327409,39327409,902536,850355022,154434,0,1913421,21695606,0,4.0,0.0,2.0,1.0,1.0,837.9696970666666,880.909091,502.05,500.51212123333335,831.7212119,1.925011,22.800054733333333,0.9,0.9,1.10125,0.8,1,0:1.0500|1:0.9300|2:1.0300|3:0.9400|4:0.9500|5:1.1000|6:0.8200|,Tolga Güler:6:22057|Esin Yıldız:4:60379|Erdem Güneş:1:17868|Derya Çelik:1:17128|Esin Soylu:1:19963|Volkan Soylu:1:18360|Ercan Aydın:1:17990|Esin Güler:2:33393|Elif Taş:1:16388|Sinan Korkmaz:1:17252|Dilek Yavuz:2:32901|Seda Güler:1:18360|Fatma Güneş:1:17868|Dilek Akgül:1:17374|Hasan Aksoy:1:16019|Can Uçar:2:36227|Meltem Demir:3:52739|Tolga Kaya:1:16266|Dilek Erdoğan:1:16635|Nazlı Er:1:20209|Burak Özdemir:2:36967|Kadir Yıldırım:3:52739|Tuncay Polat:1:17744|Ufuk Kurt:2:35242|Esin Kocabaş:1:19346|Can Özdemir:1:19099|Merve Kaya:1:18360|Murat Avcı:2:36721,1806410,116,261844,2644,30,39.63704436291065,40.08733230360975,1,83097
Atak,22,2704,2018,7,1198,924,274,4325,376,37,0,0,174,3180966,1915952,1251132,347830,75382,120599,152489,0,6124,548708,56249517,9921949,1866598,44460970,44460970,864954,818942396,154434,0,1939605,23849881,0,3.225806451612903,0.0,2.0,0.22580645161290322,1.0,843.4604107741935,889.772727,513.9604105806452,508.4076246774194,840.4677418387097,1.944446,22.543586774193546,0.9,0.9,1.0758333225806451,0.8,1,0:1.0500|1:0.9300|2:1.0300|3:0.9400|4:0.9500|5:1.1000|6:0.8200|,Tolga Güler:6:23516|Esin Yıldız:4:64375|Erdem Güneş:1:19050|Derya Çelik:1:18261|Esin Soylu:1:21283|Volkan Soylu:1:19575|Ercan Aydın:1:19181|Esin Güler:2:35603|Elif Taş:1:17473|Sinan Korkmaz:1:18393|Dilek Yavuz:2:35078|Seda Güler:1:19575|Fatma Güneş:1:19050|Dilek Akgül:1:18524|Hasan Aksoy:1:17079|Can Uçar:2:38625|Meltem Demir:3:56230|Tolga Kaya:1:17342|Dilek Erdoğan:1:17736|Nazlı Er:1:21547|Burak Özdemir:2:39413|Kadir Yıldırım:3:56230|Tuncay Polat:1:18919|Ufuk Kurt:2:37574|Esin Kocabaş:1:20627|Can Özdemir:1:20363|Merve Kaya:1:19575|Murat Avcı:2:39151,1868360,116,261844,2674,31,39.33182561523763,39.06525973057913,1,286864
Atak,22,2735,2018,8,1160,867,293,4067,384,18,0,0,210,3108072,1885985,1212091,307830,66247,121840,154101,0,3835,558238,94966050,49501661,4211,45460178,45460178,743506,893032206,154434,0,1965789,23849881,0,3.0,0.0,2.0,0.0,1.0,849.9046918064516,899.090909,517.3343108709678,514.6099707096774,849.6906155806453,1.964735,22.207050967741935,0.9,0.9,1.0499999999999998,0.8,1,0:1.0500|1:0.9300|2:1.0300|3:0.9400|4:0.9500|5:1.1000|6:0.8200|,Tolga Güler:6:23516|Esin Yıldız:4:64375|Erdem Güneş:1:19050|Derya Çelik:1:18261|Esin Soylu:1:21283|Volkan Soylu:1:19575|Ercan Aydın:1:19181|Esin Güler:2:35603|Elif Taş:1:17473|Sinan Korkmaz:1:18393|Dilek Yavuz:2:35078|Seda Güler:1:19575|Fatma Güneş:1:19050|Dilek Akgül:1:18524|Hasan Aksoy:1:17079|Can Uçar:2:38625|Meltem Demir:3:56230|Tolga Kaya:1:17342|Dilek Erdoğan:1:17736|Nazlı Er:1:21547|Burak Özdemir:2:39413|Kadir Yıldırım:3:56230|Tuncay Polat:1:18919|Ufuk Kurt:2:37574|Esin Kocabaş:1:20627|Can Özdemir:1:20363|Merve Kaya:1:19575|Murat Avcı:2:39151,1789660,115,261844,2705,31,38.99816349170804,39.13031474489377,1,296394
Atak,22,2765,2018,9,1169,910,259,4296,336,14,0,0,176,3514298,2154209,1332983,297900,64110,119141,131040,0,4636,716156,119724048,61456860,1874902,56392286,44762205,940494,889327060,154434,0,1991973,23080530,0,3.0,0.0,2.0,0.0,1.0,855.0151513000001,908.1818179999999,523.4909090666666,520.3045455333333,857.4530303666667,1.985235,23.957112966666667,0.9,0.9,1.0245833333333334,0.8,1,0:1.0500|1:0.9300|2:1.0300|3:0.9400|4:0.9500|5:1.1000|6:0.8200|,Tolga Güler:6:23516|Esin Yıldız:4:64375|Erdem Güneş:1:19050|Derya Çelik:1:18261|Esin Soylu:1:21283|Volkan Soylu:1:19575|Ercan Aydın:1:19181|Esin Güler:2:35603|Elif Taş:1:17473|Sinan Korkmaz:1:18393|Dilek Yavuz:2:35078|Seda Güler:1:19575|Fatma Güneş:1:19050|Dilek Akgül:1:18524|Hasan Aksoy:1:17079|Can Uçar:2:38625|Meltem Demir:3:56230|Tolga Kaya:1:17342|Dilek Erdoğan:1:17736|Nazlı Er:1:21547|Burak Özdemir:2:39413|Kadir Yıldırım:3:56230|Tuncay Polat:1:18919|Ufuk Kurt:2:37574|Esin Kocabaş:1:20627|Can Özdemir:1:20363|Merve Kaya:1:19575|Murat Avcı:2:39151,2177756,115,261844,2736,30,37.930277967320926,38.77407806508111,1,454312
Atak,22,2796,2018,10,1156,877,279,3925,462,34,0,0,172,3212874,1940494,1252156,467630,102202,124382,136772,0,44737,376433,109864169,60332276,1850373,47681520,59311601,925720,910046369,154434,0,2018157,23849881,0,3.5483870967741935,0.0,2.0,0.5483870967741935,1.0,869.4868035806452,916.818182,523.8504400967742,522.3724338709678,863.2683284193548,2.005278,22.425761580645162,0.9,0.9,1.0028225806451612,0.8,1,0:1.0500|1:0.9300|2:1.0300|3:0.9400|4:0.9500|5:1.1000|6:0.8200|,Tolga Güler:6:23516|Esin Yıldız:4:64375|Erdem Güneş:1:19050|Derya Çelik:1:18261|Esin Soylu:1:21283|Volkan Soylu:1:19575|Ercan Aydın:1:19181|Esin Güler:2:35603|Elif Taş:1:17473|Sinan Korkmaz:1:18393|Dilek Yavuz:2:35078|Seda Güler:1:19575|Fatma Güneş:1:19050|Dilek Akgül:1:18524|Hasan Aksoy:1:17079|Can Uçar:2:38625|Meltem Demir:3:56230|Tolga Kaya:1:17342|Dilek Erdoğan:1:17736|Nazlı Er:1:21547|Burak Özdemir:2:39413|Kadir Yıldırım:3:56230|Tuncay Polat:1:18919|Ufuk Kurt:2:37574|Esin Kocabaş:1:20627|Can Özdemir:1:20363|Merve Kaya:1:19575|Murat Avcı:2:39151,1966268,116,261844,2766,31,38.9730814218049,39.75176645125622,1,114589
Atak,22,2826,2018,11,1206,949,257,4854,255,42,0,0,207,4010875,2384718,1600528,579900,127560,121601,133740,0,3916,633811,95745442,46717461,1825364,47202617,47202617,1142526,935706536,154434,0,2044341,23080530,0,4.0,0.0,2.0,1.0,1.0,872.1287880666666,927.045455,513.045455,516.7257575666666,875.0787880666667,2.026201,25.227954466666667,0.9433333333333334,0.9433333333333334,1.0,0.8173333333333334,none,0:1.0500|1:0.9300|2:1.0300|3:0.9400|4:0.9500|5:1.1000|6:0.8200|,Tolga Güler:6:23516|Esin Yıldız:4:64375|Erdem Güneş:1:19050|Derya Çelik:1:18261|Esin Soylu:1:21283|Volkan Soylu:1:19575|Ercan Aydın:1:19181|Esin Güler:2:35603|Elif Taş:1:17473|Sinan Korkmaz:1:18393|Dilek Yavuz:2:35078|Seda Güler:1:19575|Fatma Güneş:1:19050|Dilek Akgül:1:18524|Hasan Aksoy:1:17079|Can Uçar:2:38625|Meltem Demir:3:56230|Tolga Kaya:1:17342|Dilek Erdoğan:1:17736|Nazlı Er:1:21547|Burak Özdemir:2:39413|Kadir Yıldırım:3:56230|Tuncay Polat:1:18919|Ufuk Kurt:2:37574|Esin Kocabaş:1:20627|Can Özdemir:1:20363|Merve Kaya:1:19575|Murat Avcı:2:39151,2365754,120,261844,2797,30,39.90470907220993,41.17320033233646,1|none,371967
Atak,22,2857,2018,12,1254,1005,249,4890,161,57,0,0,219,4376630,2576640,1783233,599230,131812,126926,153543,0,8558,763164,172139804,102260655,1799867,68079282,68079282,1208888,971052205,162562,0,2071903,23889144,0,4.0,0.0,2.0,1.0,1.0,877.2653957096775,936.590909,517.363636,516.2346041612903,882.5351907419355,2.046658,25.33913206451613,1.0,1.0,1.0,0.9670967741935484,none,0:1.0500|1:0.9300|2:1.0300|3:0.9400|4:0.9500|5:1.1000|6:0.8200|,Tolga Güler:6:23516|Esin Yıldız:4:64375|Erdem Güneş:1:19050|Derya Çelik:1:18261|Esin Soylu:1:21283|Volkan Soylu:1:19575|Ercan Aydın:1:19181|Esin Güler:2:35603|Elif Taş:1:17473|Sinan Korkmaz:1:18393|Dilek Yavuz:2:35078|Seda Güler:1:19575|Fatma Güneş:1:19050|Dilek Akgül:1:18524|Hasan Aksoy:1:17079|Can Uçar:2:38625|Meltem Demir:3:56230|Tolga Kaya:1:17342|Dilek Erdoğan:1:17736|Nazlı Er:1:21547|Burak Özdemir:2:39413|Kadir Yıldırım:3:56230|Tuncay Polat:1:18919|Ufuk Kurt:2:37574|Esin Kocabaş:1:20627|Can Özdemir:1:20363|Merve Kaya:1:19575|Murat Avcı:2:39151,2581170,122,275625,2827,31,40.74443121762635,41.025413913486155,none,487539
Atak,22,2888,2019,1,1277,993,284,4937,192,66,0,0,230,4594932,2747972,1824101,614230,135315,128250,155155,0,5511,785640,105660644,54774854,1773873,49111917,49111917,1202006,1003720275,162562,0,2099465,25067034,0,4.0,0.0,2.0,1.0,1.0,889.0689146774195,946.3636359999999,535.045455,529.1055719032258,892.3357770322581,2.068013,24.099221870967742,1.0,1.0,1.0,1.0,2,0:1.0500|1:0.9300|2:1.0300|3:0.9400|4:0.9500|5:1.1000|6:0.8200|,Tolga Güler:6:24717|Esin Yıldız:4:67660|Erdem Güneş:1:20023|Derya Çelik:1:19193|Esin Soylu:1:22370|Volkan Soylu:1:20574|Ercan Aydın:1:20160|Esin Güler:2:37420|Elif Taş:1:18365|Sinan Korkmaz:1:19332|Dilek Yavuz:2:36868|Seda Güler:1:20574|Fatma Güneş:1:20023|Dilek Akgül:1:19470|Hasan Aksoy:1:17951|Can Uçar:2:40596|Meltem Demir:3:59100|Tolga Kaya:1:18227|Dilek Erdoğan:1:18641|Nazlı Er:1:22645|Burak Özdemir:2:41425|Kadir Yıldırım:3:59100|Tuncay Polat:1:19884|Ufuk Kurt:2:39492|Esin Kocabaş:1:21679|Can Özdemir:1:21403|Merve Kaya:1:20574|Murat Avcı:2:41149,2770272,122,275625,2858,31,39.69810652257748,39.81957459460493,none|2,510015
Atak,22,2916,2019,2,1100,861,239,4096,213,63,0,0,200,3903117,2332720,1551587,555240,122220,116790,141260,0,14932,601145,86335912,32154322,1747370,52434220,52434220,969936,1062110092,162562,0,2127027,22641192,0,4.0,0.0,2.0,1.0,1.0,891.1769481428572,954.0909089999999,530.681818,531.3279220357143,896.4415585357143,2.084821,23.975154142857143,1.0,1.0,1.0,1.0,2,0:1.0500|1:0.9300|2:1.0300|3:0.9400|4:0.9500|5:1.1000|6:0.8200|,Tolga Güler:6:24717|Esin Yıldız:4:67660|Erdem Güneş:1:20023|Derya Çelik:1:19193|Esin Soylu:1:22370|Volkan Soylu:1:20574|Ercan Aydın:1:20160|Esin Güler:2:37420|Elif Taş:1:18365|Sinan Korkmaz:1:19332|Dilek Yavuz:2:36868|Seda Güler:1:20574|Fatma Güneş:1:20023|Dilek Akgül:1:19470|Hasan Aksoy:1:17951|Can Uçar:2:40596|Meltem Demir:3:59100|Tolga Kaya:1:18227|Dilek Erdoğan:1:18641|Nazlı Er:1:22645|Burak Özdemir:2:41425|Kadir Yıldırım:3:59100|Tuncay Polat:1:19884|Ufuk Kurt:2:39492|Esin Kocabaş:1:21679|Can Özdemir:1:21403|Merve Kaya:1:20574|Murat Avcı:2:41149,2414046,124,275625,2889,28,39.75251062163906,40.4515770851233,2,325520
Atak,22,2947,2019,3,942,733,209,3595,154,16,0,0,174,3215552,1894187,1312800,614730,135315,130234,143220,0,13697,275604,45587334,-7934222,1721095,51800461,41105494,780058,1015589065,162562,0,2154589,25067034,0,4.0,0.0,2.0,1.0,1.0,908.9296184193549,962.045455,540.818182,536.4809383548387,908.3152493225806,2.10012,21.87246422580645,1.0,1.0,1.0,1.0,2,0:1.0500|1:0.9300|2:1.0300|3:0.9400|4:0.9500|5:1.1000|6:0.8200|,Tolga Güler:6:24717|Esin Yıldız:4:67660|Erdem Güneş:1:20023|Derya Çelik:1:19193|Esin Soylu:1:22370|Volkan Soylu:1:20574|Ercan Aydın:1:20160|Esin Güler:2:37420|Elif Taş:1:18365|Sinan Korkmaz:1:19332|Dilek Yavuz:2:36868|Seda Güler:1:20574|Fatma Güneş:1:20023|Dilek Akgül:1:19470|Hasan Aksoy:1:17951|Can Uçar:2:40596|Meltem Demir:3:59100|Tolga Kaya:1:18227|Dilek Erdoğan:1:18641|Nazlı Er:1:22645|Burak Özdemir:2:41425|Kadir Yıldırım:3:59100|Tuncay Polat:1:19884|Ufuk Kurt:2:39492|Esin Kocabaş:1:21679|Can Özdemir:1:21403|Merve Kaya:1:20574|Murat Avcı:2:41149,1796978,128,275625,2917,31,40.82658280755528,40.49944340679616,2,-21
Atak,22,2977,2019,4,835,638,197,3001,202,6,0,0,160,2664124,1562017,1089868,594900,130950,127054,139740,0,11327,85897,70023550,26415103,7438,43601009,54295976,446140,1004686434,162562,0,2182151,24258420,0,4.0,0.0,2.0,1.0,1.0,919.4393937666666,969.090909,543.727273,540.5242425,914.1030301,2.117189,21.259917366666667,1.0,1.0,1.0,1.0,2,0:1.0500|1:0.9300|2:1.0300|3:0.9400|4:0.9500|5:1.1000|6:0.8200|,Tolga Güler:6:24717|Esin Yıldız:4:67660|Erdem Güneş:1:20023|Derya Çelik:1:19193|Esin Soylu:1:22370|Volkan Soylu:1:20574|Ercan Aydın:1:20160|Esin Güler:2:37420|Elif Taş:1:18365|Sinan Korkmaz:1:19332|Dilek Yavuz:2:36868|Seda Güler:1:20574|Fatma Güneş:1:20023|Dilek Akgül:1:19470|Hasan Aksoy:1:17951|Can Uçar:2:40596|Meltem Demir:3:59100|Tolga Kaya:1:18227|Dilek Erdoğan:1:18641|Nazlı Er:1:22645|Burak Özdemir:2:41425|Kadir Yıldırım:3:59100|Tuncay Polat:1:19884|Ufuk Kurt:2:39492|Esin Kocabaş:1:21679|Can Özdemir:1:21403|Merve Kaya:1:20574|Murat Avcı:2:41149,1289320,125,275625,2948,30,40.90905678564511,40.86317415958077,2,-189728
Atak,22,3008,2019,5,1059,835,224,4496,183,15,0,0,187,4004455,2349376,1624134,614730,135315,132342,145514,5720,21342,574891,160945201,100628929,1440897,58875375,58875375,830646,1074463802,162562,0,2209713,25067034,0,4.0,0.0,2.0,1.0,1.0,915.5131963870967,976.590909,538.181818,539.252199483871,918.3709679032257,2.13384,22.908081258064517,1.0,1.0,1.0,1.0,2,0:1.0500|1:0.9250|2:1.0300|3:0.9350|4:0.9450|5:1.1000|6:0.8200|,Tolga Güler:6:24717|Esin Yıldız:4:67660|Erdem Güneş:1:20023|Derya Çelik:1:19193|Esin Soylu:1:22370|Volkan Soylu:1:20574|Ercan Aydın:1:20160|Esin Güler:2:37420|Elif Taş:1:18365|Sinan Korkmaz:1:19332|Dilek Yavuz:2:36868|Seda Güler:1:20574|Fatma Güneş:1:20023|Dilek Akgül:1:19470|Hasan Aksoy:1:17951|Can Uçar:2:40596|Meltem Demir:3:59100|Tolga Kaya:1:18227|Dilek Erdoğan:1:18641|Nazlı Er:1:22645|Burak Özdemir:2:41425|Kadir Yıldırım:3:59100|Tuncay Polat:1:19884|Ufuk Kurt:2:39492|Esin Kocabaş:1:21679|Can Özdemir:1:21403|Merve Kaya:1:20574|Murat Avcı:2:41149,2104722,123,275625,2978,31,40.5581783288862,41.21528557711294,2,299266
Atak,22,3038,2019,6,946,736,210,3575,184,7,0,0,178,2870872,1695411,1152883,594900,130950,129094,163260,0,10833,123846,85910011,20198601,1420361,64291049,52289746,835342,1107117123,170690,0,2238653,24300320,0,4.0,0.0,2.0,1.0,1.0,929.2272724666667,984.3181820000001,562.909091,552.8666667333333,927.8212121333332,2.151183,20.931257266666666,1.0,1.0,1.0,1.0,2,0:1.0500|1:0.9300|2:1.0300|3:0.9400|4:0.9500|5:1.1000|6:0.8200|,Tolga Güler:6:24717|Esin Yıldız:4:67660|Erdem Güneş:1:20023|Derya Çelik:1:19193|Esin Soylu:1:22370|Volkan Soylu:1:20574|Ercan Aydın:1:20160|Esin Güler:2:37420|Elif Taş:1:18365|Sinan Korkmaz:1:19332|Dilek Yavuz:2:36868|Seda Güler:1:20574|Fatma Güneş:1:20023|Dilek Akgül:1:19470|Hasan Aksoy:1:17951|Can Uçar:2:40596|Meltem Demir:3:59100|Tolga Kaya:1:18227|Dilek Erdoğan:1:18641|Nazlı Er:1:22645|Burak Özdemir:2:41425|Kadir Yıldırım:3:59100|Tuncay Polat:1:19884|Ufuk Kurt:2:39492|Esin Kocabaş:1:21679|Can Özdemir:1:21403|Merve Kaya:1:20574|Murat Avcı:2:41149,1770856,126,289406,3009,30,40.15793807595741,39.4218069487201,2,-165560
Atak,22,3069,2019,7,1015,795,220,4003,160,14,0,0,179,3263078,1911015,1340354,629730,138787,134451,170035,0,9297,258054,-3261031,-50679424,1399494,46018899,58020202,809270,1165912340,170690,0,2267593,26365934,0,4.0,0.0,2.0,1.0,1.0,938.6656890322581,992.5,550.4120235483871,553.9046920967742,934.92522,2.1681009999999996,21.37389809677419,1.0,1.0,1.0,1.0,2,0:1.0500|1:0.9300|2:1.0300|3:0.9400|4:0.9500|5:1.1000|6:0.8200|,Tolga Güler:6:25998|Esin Yıldız:4:71166|Erdem Güneş:1:21059|Derya Çelik:1:20188|Esin Soylu:1:23529|Volkan Soylu:1:21641|Ercan Aydın:1:21205|Esin Güler:2:39359|Elif Taş:1:19317|Sinan Korkmaz:1:20334|Dilek Yavuz:2:38779|Seda Güler:1:21641|Fatma Güneş:1:21059|Dilek Akgül:1:20478|Hasan Aksoy:1:18881|Can Uçar:2:42700|Meltem Demir:3:62161|Tolga Kaya:1:19171|Dilek Erdoğan:1:19607|Nazlı Er:1:23819|Burak Özdemir:2:43572|Kadir Yıldırım:3:62161|Tuncay Polat:1:20914|Ufuk Kurt:2:41539|Esin Kocabaş:1:22802|Can Özdemir:1:22512|Merve Kaya:1:21641|Murat Avcı:2:43280,1789950,126,289406,3039,31,41.07637022467743,41.36229437385224,2,-31352
Atak,22,3100,2019,8,1091,846,245,4396,139,6,0,0,218,3677454,2150608,1497002,630230,138787,135537,171430,0,14547,406471,141468083,83430859,1378288,56658936,56658936,959094,1225114083,170690,0,2296533,26365934,0,4.0,0.0,2.0,1.0,1.0,939.5674484193548,1000.909091,554.0,553.1422287741937,940.8988268387097,2.185722,22.9636105483871,1.0,1.0,1.0,1.0,2,0:1.0500|1:0.9200|2:1.0300|3:0.9300|4:0.9400|5:1.1000|6:0.8200|,Tolga Güler:6:25998|Esin Yıldız:4:71166|Erdem Güneş:1:21059|Derya Çelik:1:20188|Esin Soylu:1:23529|Volkan Soylu:1:21641|Ercan Aydın:1:21205|Esin Güler:2:39359|Elif Taş:1:19317|Sinan Korkmaz:1:20334|Dilek Yavuz:2:38779|Seda Güler:1:21641|Fatma Güneş:1:21059|Dilek Akgül:1:20478|Hasan Aksoy:1:18881|Can Uçar:2:42700|Meltem Demir:3:62161|Tolga Kaya:1:19171|Dilek Erdoğan:1:19607|Nazlı Er:1:23819|Burak Özdemir:2:43572|Kadir Yıldırım:3:62161|Tuncay Polat:1:20914|Ufuk Kurt:2:41539|Esin Kocabaş:1:22802|Can Özdemir:1:22512|Merve Kaya:1:21641|Murat Avcı:2:43280,2166442,126,289406,3070,31,40.70756561468886,41.03669715974084,2,117065
Atak,22,3130,2019,9,952,706,246,3448,227,14,0,0,188,3221398,1883291,1314903,609900,134310,132245,145440,0,12266,280742,81365174,14658068,1356739,65350367,65350367,876876,1122077922,170690,0,2325473,25515420,0,4.0,0.0,2.0,1.0,1.0,952.6515147000001,1008.863636,564.5,559.5045455,952.8227275666667,2.203487,20.3964312,1.0,1.0,1.0,1.0,2,0:1.0500|1:0.9300|2:1.0300|3:0.9400|4:0.9500|5:1.1000|6:0.8200|,Tolga Güler:6:25998|Esin Yıldız:4:71166|Erdem Güneş:1:21059|Derya Çelik:1:20188|Esin Soylu:1:23529|Volkan Soylu:1:21641|Ercan Aydın:1:21205|Esin Güler:2:39359|Elif Taş:1:19317|Sinan Korkmaz:1:20334|Dilek Yavuz:2:38779|Seda Güler:1:21641|Fatma Güneş:1:21059|Dilek Akgül:1:20478|Hasan Aksoy:1:18881|Can Uçar:2:42700|Meltem Demir:3:62161|Tolga Kaya:1:19171|Dilek Erdoğan:1:19607|Nazlı Er:1:23819|Burak Özdemir:2:43572|Kadir Yıldırım:3:62161|Tuncay Polat:1:20914|Ufuk Kurt:2:41539|Esin Kocabaş:1:22802|Can Özdemir:1:22512|Merve Kaya:1:21641|Murat Avcı:2:43280,1922808,145,289406,3101,30,40.81777538820102,40.74433396793927,2,-8664
Atak,22,3161,2019,10,954,736,218,3496,217,4,0,0,170,3297538,1929933,1340671,630230,138787,137738,151466,0,12721,269729,87320909,33667656,1334843,52318410,52318410,837192,1156532260,170690,0,2354413,26365934,0,4.0,0.0,2.0,1.0,1.0,967.4266861290322,1016.1363640000001,573.772727,568.8269794838709,960.7595308064516,2.220816,20.23786958064516,1.0,1.0,1.0,1.0,2,0:1.0500|1:0.9300|2:1.0300|3:0.9400|4:0.9500|5:1.1000|6:0.8200|,Tolga Güler:6:25998|Esin Yıldız:4:71166|Erdem Güneş:1:21059|Derya Çelik:1:20188|Esin Soylu:1:23529|Volkan Soylu:1:21641|Ercan Aydın:1:21205|Esin Güler:2:39359|Elif Taş:1:19317|Sinan Korkmaz:1:20334|Dilek Yavuz:2:38779|Seda Güler:1:21641|Fatma Güneş:1:21059|Dilek Akgül:1:20478|Hasan Aksoy:1:18881|Can Uçar:2:42700|Meltem Demir:3:62161|Tolga Kaya:1:19171|Dilek Erdoğan:1:19607|Nazlı Er:1:23819|Burak Özdemir:2:43572|Kadir Yıldırım:3:62161|Tuncay Polat:1:20914|Ufuk Kurt:2:41539|Esin Kocabaş:1:22802|Can Özdemir:1:22512|Merve Kaya:1:21641|Murat Avcı:2:43280,1973880,145,289406,3131,31,40.65672632127363,40.69083112686928,2,-19677
Atak,22,3191,2019,11,880,689,191,3205,168,7,0,0,154,2963476,1755975,1187263,609900,134310,134375,147780,0,13350,147548,53767552,4135964,3252,49628336,49628336,696270,1152422619,170690,0,2383353,25515420,0,4.0,0.0,2.0,1.0,1.0,969.1287878999999,1024.545455,584.863636,579.0651515333334,969.1045454666667,2.238867,21.062161466666666,1.0,1.0,1.0,1.0,2,0:1.0500|1:0.9300|2:1.0300|3:0.9400|4:0.9500|5:1.1000|6:0.8200|,Tolga Güler:6:25998|Esin Yıldız:4:71166|Erdem Güneş:1:21059|Derya Çelik:1:20188|Esin Soylu:1:23529|Volkan Soylu:1:21641|Ercan Aydın:1:21205|Esin Güler:2:39359|Elif Taş:1:19317|Sinan Korkmaz:1:20334|Dilek Yavuz:2:38779|Seda Güler:1:21641|Fatma Güneş:1:21059|Dilek Akgül:1:20478|Hasan Aksoy:1:18881|Can Uçar:2:42700|Meltem Demir:3:62161|Tolga Kaya:1:19171|Dilek Erdoğan:1:19607|Nazlı Er:1:23819|Burak Özdemir:2:43572|Kadir Yıldırım:3:62161|Tuncay Polat:1:20914|Ufuk Kurt:2:41539|Esin Kocabaş:1:22802|Can Özdemir:1:22512|Merve Kaya:1:21641|Murat Avcı:2:43280,1838584,145,289406,3162,30,40.063189308771186,39.650576548516526,2,-141858
Atak,22,3222,2019,12,846,642,204,3234,199,7,0,0,166,3248523,1943014,1208298,630230,138787,139940,169291,84250,12852,117198,62417922,5162535,1338144,55917243,55917243,180890,1123346010,186946,0,2415049,26449225,0,4.0,0.0,2.0,1.0,1.0,976.7961874193549,1032.954545,588.181818,584.6055718709678,973.6612901290323,2.256474,20.811174064516127,1.0,1.0,1.0,1.0,2,0:1.0500|1:0.9300|2:1.0300|3:0.9400|4:0.9500|5:1.1000|6:0.8200|,Tolga Güler:6:25998|Esin Yıldız:4:71166|Erdem Güneş:1:21059|Derya Çelik:1:20188|Esin Soylu:1:23529|Volkan Soylu:1:21641|Ercan Aydın:1:21205|Esin Güler:2:39359|Elif Taş:1:19317|Sinan Korkmaz:1:20334|Dilek Yavuz:2:38779|Seda Güler:1:21641|Fatma Güneş:1:21059|Dilek Akgül:1:20478|Hasan Aksoy:1:18881|Can Uçar:2:42700|Meltem Demir:3:62161|Tolga Kaya:1:19171|Dilek Erdoğan:1:19607|Nazlı Er:1:23819|Burak Özdemir:2:43572|Kadir Yıldırım:3:62161|Tuncay Polat:1:20914|Ufuk Kurt:2:41539|Esin Kocabaş:1:22802|Can Özdemir:1:22512|Merve Kaya:1:21641|Murat Avcı:2:43280,1130964,136,316969,3192,31,37.1953038350044,39.78459113830634,2,-199771
Atak,22,3253,2020,1,1163,869,294,4177,212,7,0,0,253,4115251,2460317,1620339,660230,145762,141121,170655,15085,15536,487035,57193396,7871745,1318920,48002731,48002731,414810,1140510453,186946,0,2446745,28947955,0,4.0,0.0,2.0,1.0,1.0,984.9193548709677,1040.681818,589.9193544193549,586.8035190967743,982.5278593225806,2.274814,21.539315096774192,1.0,1.0,1.0,1.0,2,0:1.0500|1:0.9300|2:1.0300|3:0.9400|4:0.9500|5:1.1000|6:0.8200|,Tolga Güler:6:28544|Esin Yıldız:4:78135|Erdem Güneş:1:23122|Derya Çelik:1:22165|Esin Soylu:1:25833|Volkan Soylu:1:23760|Ercan Aydın:1:23281|Esin Güler:2:43214|Elif Taş:1:21208|Sinan Korkmaz:1:22324|Dilek Yavuz:2:42576|Seda Güler:1:23760|Fatma Güneş:1:23122|Dilek Akgül:1:22484|Hasan Aksoy:1:20729|Can Uçar:2:46882|Meltem Demir:3:68250|Tolga Kaya:1:21049|Dilek Erdoğan:1:21527|Nazlı Er:1:26151|Burak Özdemir:2:47839|Kadir Yıldırım:3:68250|Tuncay Polat:1:22963|Ufuk Kurt:2:45606|Esin Kocabaş:1:25035|Can Özdemir:1:24717|Merve Kaya:1:23760|Murat Avcı:2:47519,1325928,130,316969,3223,31,39.37400173160762,40.104806398424465,2,170066
Atak,22,3282,2020,2,915,679,236,3208,192,12,0,0,200,3387599,2015528,1333020,618570,136358,134076,162139,19245,13688,268189,4966965,-41596792,1299384,45264373,45264373,468236,1163626500,186946,0,2478441,27080345,0,4.0,0.0,2.0,1.0,1.0,1002.6332291034482,1057.5,598.9686523793102,593.7727273793103,998.661441862069,2.310313,20.278172068965517,1.0,1.0,1.0,1.0,2,0:1.0500|1:0.9300|2:1.0300|3:0.9400|4:0.9500|5:1.1000|6:0.8200|,Tolga Güler:6:28544|Esin Yıldız:4:78135|Erdem Güneş:1:23122|Derya Çelik:1:22165|Esin Soylu:1:25833|Volkan Soylu:1:23760|Ercan Aydın:1:23281|Esin Güler:2:43214|Elif Taş:1:21208|Sinan Korkmaz:1:22324|Dilek Yavuz:2:42576|Seda Güler:1:23760|Fatma Güneş:1:23122|Dilek Akgül:1:22484|Hasan Aksoy:1:20729|Can Uçar:2:46882|Meltem Demir:3:68250|Tolga Kaya:1:21049|Dilek Erdoğan:1:21527|Nazlı Er:1:26151|Burak Özdemir:2:47839|Kadir Yıldırım:3:68250|Tuncay Polat:1:22963|Ufuk Kurt:2:45606|Esin Kocabaş:1:25035|Can Özdemir:1:24717|Merve Kaya:1:23760|Murat Avcı:2:47519,1569394,126,316969,3254,29,39.34999390423719,40.26044270297063,2,-48780
Atak,22,3313,2020,3,924,683,241,3426,216,3,0,0,197,3357569,1966484,1355638,661230,145762,145401,159867,25821,17032,226346,-7342429,-63053949,1279533,54431987,54431987,446918,1081458472,186946,0,2510137,28947955,0,4.0,0.0,2.0,1.0,1.0,1017.4999998709677,1072.954545,596.409091,595.521994032258,1011.4692080645161,2.344024,20.852845,1.0,1.0,1.0,1.0,2,0:1.0500|1:0.9300|2:1.0300|3:0.9400|4:0.9500|5:1.1000|6:0.8200|,Tolga Güler:6:28544|Esin Yıldız:4:78135|Erdem Güneş:1:23122|Derya Çelik:1:22165|Esin Soylu:1:25833|Volkan Soylu:1:23760|Ercan Aydın:1:23281|Esin Güler:2:43214|Elif Taş:1:21208|Sinan Korkmaz:1:22324|Dilek Yavuz:2:42576|Seda Güler:1:23760|Fatma Güneş:1:23122|Dilek Akgül:1:22484|Hasan Aksoy:1:20729|Can Uçar:2:46882|Meltem Demir:3:68250|Tolga Kaya:1:21049|Dilek Erdoğan:1:21527|Nazlı Er:1:26151|Burak Özdemir:2:47839|Kadir Yıldırım:3:68250|Tuncay Polat:1:22963|Ufuk Kurt:2:45606|Esin Kocabaş:1:25035|Can Özdemir:1:24717|Merve Kaya:1:23760|Murat Avcı:2:47519,1260036,126,316969,3283,31,40.3755812613233,41.38485591394275,2,-90623
Atak,22,3343,2020,4,1242,896,346,4203,301,26,0,0,276,4051795,2336291,1697024,639900,141060,142902,157110,0,16009,600043,145665365,94715522,1259360,49690483,49690483,1105122,1156865444,186946,0,2541833,28014150,0,4.0,0.0,2.0,1.0,1.0,1035.9318179333334,1090.0,604.8000002,600.7363635666667,1031.2151514333334,2.380603,20.206056633333333,1.0,1.0,1.0,1.0,none,0:1.0500|1:0.9300|2:1.0300|3:0.9400|4:0.9500|5:1.1000|6:0.8200|,Tolga Güler:6:28544|Esin Yıldız:4:78135|Erdem Güneş:1:23122|Derya Çelik:1:22165|Esin Soylu:1:25833|Volkan Soylu:1:23760|Ercan Aydın:1:23281|Esin Güler:2:43214|Elif Taş:1:21208|Sinan Korkmaz:1:22324|Dilek Yavuz:2:42576|Seda Güler:1:23760|Fatma Güneş:1:23122|Dilek Akgül:1:22484|Hasan Aksoy:1:20729|Can Uçar:2:46882|Meltem Demir:3:68250|Tolga Kaya:1:21049|Dilek Erdoğan:1:21527|Nazlı Er:1:26151|Burak Özdemir:2:47839|Kadir Yıldırım:3:68250|Tuncay Polat:1:22963|Ufuk Kurt:2:45606|Esin Kocabaş:1:25035|Can Özdemir:1:24717|Merve Kaya:1:23760|Murat Avcı:2:47519,2337726,127,316969,3314,30,41.88326408418985,41.61777930457181,2|none,283074
Atak,22,3374,2020,5,1338,966,372,4688,303,26,0,0,302,4535301,2642647,1870122,661230,145762,149899,164796,0,21260,727175,151283135,77890317,1239539,72153279,58189810,1191376,1240881857,186946,0,2573529,28947955,0,4.0,0.0,2.0,1.0,1.0,1049.4354841612903,1106.363636,618.3504399032257,612.3914956129032,1046.4574779032257,2.416546,20.021312258064516,1.0,1.0,1.0,1.0,none,0:1.0500|1:0.9300|2:1.0300|3:0.9400|4:0.9500|5:1.1000|6:0.8200|,Tolga Güler:6:28544|Esin Yıldız:4:78135|Erdem Güneş:1:23122|Derya Çelik:1:22165|Esin Soylu:1:25833|Volkan Soylu:1:23760|Ercan Aydın:1:23281|Esin Güler:2:43214|Elif Taş:1:21208|Sinan Korkmaz:1:22324|Dilek Yavuz:2:42576|Seda Güler:1:23760|Fatma Güneş:1:23122|Dilek Akgül:1:22484|Hasan Aksoy:1:20729|Can Uçar:2:46882|Meltem Demir:3:68250|Tolga Kaya:1:21049|Dilek Erdoğan:1:21527|Nazlı Er:1:26151|Burak Özdemir:2:47839|Kadir Yıldırım:3:68250|Tuncay Polat:1:22963|Ufuk Kurt:2:45606|Esin Kocabaş:1:25035|Can Özdemir:1:24717|Merve Kaya:1:23760|Murat Avcı:2:47519,2693080,128,316969,3344,31,41.234793456928216,41.07780332991009,none,410206
Atak,22,3404,2020,6,1305,947,358,4662,308,30,0,0,281,4369401,2506591,1832574,639900,141060,147344,186270,0,16763,701237,112518516,53597241,12082,58909193,72872662,1300086,1248313467,204829,0,2608258,28106596,0,4.0,0.0,2.0,1.0,1.0,1076.3333331333333,1123.6363640000002,626.909091,621.8681818333333,1062.2484849333334,2.454257,19.050784466666666,1.0,1.0,1.0,1.0,none,0:1.0500|1:0.9300|2:1.0300|3:0.9400|4:0.9500|5:1.1000|6:0.8200|,Tolga Güler:6:28544|Esin Yıldız:4:78135|Erdem Güneş:1:23122|Derya Çelik:1:22165|Esin Soylu:1:25833|Volkan Soylu:1:23760|Ercan Aydın:1:23281|Esin Güler:2:43214|Elif Taş:1:21208|Sinan Korkmaz:1:22324|Dilek Yavuz:2:42576|Seda Güler:1:23760|Fatma Güneş:1:23122|Dilek Akgül:1:22484|Hasan Aksoy:1:20729|Can Uçar:2:46882|Meltem Demir:3:68250|Tolga Kaya:1:21049|Dilek Erdoğan:1:21527|Nazlı Er:1:26151|Burak Özdemir:2:47839|Kadir Yıldırım:3:68250|Tuncay Polat:1:22963|Ufuk Kurt:2:45606|Esin Kocabaş:1:25035|Can Özdemir:1:24717|Merve Kaya:1:23760|Murat Avcı:2:47519,2556150,132,347287,3375,30,41.941080711063144,41.75511696037568,none,353950
Atak,22,3435,2020,7,1423,1050,373,5562,157,55,0,0,332,4943602,2938391,1989234,694230,153450,154550,195393,0,18569,773042,131679230,69661542,1701451,60316237,60316237,1341962,1310427063,204829,0,2642987,31813781,0,4.0,0.0,2.0,1.0,1.0,1073.1451613548388,1140.681818,651.090909,641.409090935484,1076.5923752903227,2.491312,22.486755387096775,0.9790322580645161,0.9790322580645161,1.0,0.9865207419354838,3,0:1.0500|1:0.9300|2:1.0300|3:0.9400|4:0.9500|5:1.1000|6:0.8200|,Tolga Güler:6:31370|Esin Yıldız:4:85871|Erdem Güneş:1:25411|Derya Çelik:1:24359|Esin Soylu:1:28391|Volkan Soylu:1:26112|Ercan Aydın:1:25587|Esin Güler:2:47492|Elif Taş:1:23308|Sinan Korkmaz:1:24534|Dilek Yavuz:2:46791|Seda Güler:1:26112|Fatma Güneş:1:25411|Dilek Akgül:1:24709|Hasan Aksoy:1:22783|Can Uçar:2:51522|Meltem Demir:3:75006|Tolga Kaya:1:23133|Dilek Erdoğan:1:23658|Nazlı Er:1:28741|Burak Özdemir:2:52575|Kadir Yıldırım:3:75006|Tuncay Polat:1:25235|Ufuk Kurt:2:50121|Esin Kocabaş:1:27513|Can Özdemir:1:27163|Merve Kaya:1:26112|Murat Avcı:2:52224,2870558,131,347287,3405,31,40.238554802753136,39.32871968802413,none|3,425755
Atak,22,3466,2020,8,1409,1028,381,5148,356,29,0,0,313,4757385,2796768,1929083,695330,153450,156939,198431,0,22122,702811,117232246,37516941,1680391,78034914,78034914,1268424,1336533308,204829,0,2677716,31813781,0,4.0,0.0,2.0,1.0,1.0,1091.840176,1158.409091,649.454545,648.2463343870967,1092.6510263870966,2.5301889999999996,22.492930322580644,0.95,0.95,1.0,0.9251728064516129,3,0:1.0500|1:0.9300|2:1.0300|3:0.9400|4:0.9500|5:1.1000|6:0.8200|,Tolga Güler:6:31370|Esin Yıldız:4:85871|Erdem Güneş:1:25411|Derya Çelik:1:24359|Esin Soylu:1:28391|Volkan Soylu:1:26112|Ercan Aydın:1:25587|Esin Güler:2:47492|Elif Taş:1:23308|Sinan Korkmaz:1:24534|Dilek Yavuz:2:46791|Seda Güler:1:26112|Fatma Güneş:1:25411|Dilek Akgül:1:24709|Hasan Aksoy:1:22783|Can Uçar:2:51522|Meltem Demir:3:75006|Tolga Kaya:1:23133|Dilek Erdoğan:1:23658|Nazlı Er:1:28741|Burak Özdemir:2:52575|Kadir Yıldırım:3:75006|Tuncay Polat:1:25235|Ufuk Kurt:2:50121|Esin Kocabaş:1:27513|Can Özdemir:1:27163|Merve Kaya:1:26112|Murat Avcı:2:52224,2798802,132,347287,3436,31,40.54923030194109,40.517434760524864,3,355524
Atak,22,3496,2020,9,1340,1004,336,4950,352,48,0,0,260,4939940,2909184,1994969,672900,148500,154248,169590,0,24714,825017,128412799,62749523,1658868,64004408,64004408,1363630,1376623968,204829,0,2712445,30787530,0,4.0,0.0,2.0,1.0,1.0,1106.1212120000002,1176.3636359999998,647.863636,648.0242422,1106.4712121,2.569674,23.40081566666667,0.95,0.95,1.0,0.925,3,0:1.0500|1:0.9300|2:1.0300|3:0.9400|4:0.9500|5:1.1000|6:0.8200|,Tolga Güler:6:31370|Esin Yıldız:4:85871|Erdem Güneş:1:25411|Derya Çelik:1:24359|Esin Soylu:1:28391|Volkan Soylu:1:26112|Ercan Aydın:1:25587|Esin Güler:2:47492|Elif Taş:1:23308|Sinan Korkmaz:1:24534|Dilek Yavuz:2:46791|Seda Güler:1:26112|Fatma Güneş:1:25411|Dilek Akgül:1:24709|Hasan Aksoy:1:22783|Can Uçar:2:51522|Meltem Demir:3:75006|Tolga Kaya:1:23133|Dilek Erdoğan:1:23658|Nazlı Er:1:28741|Burak Özdemir:2:52575|Kadir Yıldırım:3:75006|Tuncay Polat:1:25235|Ufuk Kurt:2:50121|Esin Kocabaş:1:27513|Can Özdemir:1:27163|Merve Kaya:1:26112|Murat Avcı:2:52224,2981390,136,347287,3467,30,40.38447835398811,41.42923678060701,3,477730
Atak,22,3527,2020,10,1421,1030,391,4787,476,34,0,0,284,4758877,2789270,1940587,695330,153450,161808,177909,0,22967,729123,118333285,52804809,1636872,63891604,63891604,1318842,1414643981,204829,0,2747174,31813781,0,4.0,0.0,2.0,1.0,1.0,1134.941349,1193.863636,677.0,665.7580644516129,1126.058651,2.608471,21.00266406451613,0.95,0.95,1.0,0.925,3,0:1.0500|1:0.9300|2:1.0300|3:0.9400|4:0.9500|5:1.1000|6:0.8200|,Tolga Güler:6:31370|Esin Yıldız:4:85871|Erdem Güneş:1:25411|Derya Çelik:1:24359|Esin Soylu:1:28391|Volkan Soylu:1:26112|Ercan Aydın:1:25587|Esin Güler:2:47492|Elif Taş:1:23308|Sinan Korkmaz:1:24534|Dilek Yavuz:2:46791|Seda Güler:1:26112|Fatma Güneş:1:25411|Dilek Akgül:1:24709|Hasan Aksoy:1:22783|Can Uçar:2:51522|Meltem Demir:3:75006|Tolga Kaya:1:23133|Dilek Erdoğan:1:23658|Nazlı Er:1:28741|Burak Özdemir:2:52575|Kadir Yıldırım:3:75006|Tuncay Polat:1:25235|Ufuk Kurt:2:50121|Esin Kocabaş:1:27513|Can Özdemir:1:27163|Merve Kaya:1:26112|Murat Avcı:2:52224,2751672,138,347287,3497,31,40.77825503790075,40.349340466227034,3,381836
Atak,22,3557,2020,11,1282,939,343,4610,354,46,0,0,264,4574558,2723806,1826489,672900,148500,159020,174840,0,18953,652276,137943463,52781358,1614392,83547713,83547713,1419876,1453673828,204829,0,2781903,30787530,0,4.0,0.0,2.0,1.0,1.0,1151.4848489333333,1212.5,692.409091,684.9303031,1141.5151515,2.649177,20.918022399999998,0.95,0.95,1.0,0.925,3,0:1.0500|1:0.9300|2:1.0300|3:0.9400|4:0.9500|5:1.1000|6:0.8200|,Tolga Güler:6:31370|Esin Yıldız:4:85871|Erdem Güneş:1:25411|Derya Çelik:1:24359|Esin Soylu:1:28391|Volkan Soylu:1:26112|Ercan Aydın:1:25587|Esin Güler:2:47492|Elif Taş:1:23308|Sinan Korkmaz:1:24534|Dilek Yavuz:2:46791|Seda Güler:1:26112|Fatma Güneş:1:25411|Dilek Akgül:1:24709|Hasan Aksoy:1:22783|Can Uçar:2:51522|Meltem Demir:3:75006|Tolga Kaya:1:23133|Dilek Erdoğan:1:23658|Nazlı Er:1:28741|Burak Özdemir:2:52575|Kadir Yıldırım:3:75006|Tuncay Polat:1:25235|Ufuk Kurt:2:50121|Esin Kocabaş:1:27513|Can Özdemir:1:27163|Merve Kaya:1:26112|Murat Avcı:2:52224,2839524,139,347287,3528,30,39.92711426983765,39.868154440641895,3,304989
Atak,22,3588,2020,12,1370,951,419,4333,590,75,0,0,293,4908701,2925235,1956230,695330,153450,166802,201748,0,30485,708415,155854023,82372906,1591417,71889700,71889700,1404306,1508916572,234090,0,2821593,31959315,0,4.0,0.0,2.0,1.0,1.0,1167.3826980000001,1230.909091,701.454545,696.0469207741936,1156.835777032258,2.689175,19.718844967741934,0.95,0.95,1.0,0.925,3,0:1.0500|1:0.9300|2:1.0300|3:0.9400|4:0.9500|5:1.1000|6:0.8200|,Tolga Güler:6:31370|Esin Yıldız:4:85871|Erdem Güneş:1:25411|Derya Çelik:1:24359|Esin Soylu:1:28391|Volkan Soylu:1:26112|Ercan Aydın:1:25587|Esin Güler:2:47492|Elif Taş:1:23308|Sinan Korkmaz:1:24534|Dilek Yavuz:2:46791|Seda Güler:1:26112|Fatma Güneş:1:25411|Dilek Akgül:1:24709|Hasan Aksoy:1:22783|Can Uçar:2:51522|Meltem Demir:3:75006|Tolga Kaya:1:23133|Dilek Erdoğan:1:23658|Nazlı Er:1:28741|Burak Özdemir:2:52575|Kadir Yıldırım:3:75006|Tuncay Polat:1:25235|Ufuk Kurt:2:50121|Esin Kocabaş:1:27513|Can Özdemir:1:27163|Merve Kaya:1:26112|Murat Avcı:2:52224,2916828,141,396900,3558,31,39.85229493505512,39.912203067446875,3,311515
Atak,22,3619,2021,1,1365,983,382,4691,463,63,0,0,274,5511646,3281520,2200169,749330,166005,169445,204879,0,24558,885952,87265741,6262603,5385,80997753,65621127,1563802,1532974726,234090,0,2861283,36325335,0,4.0,0.0,2.0,1.0,1.0,1178.8416421935483,1250.227273,699.681818,698.8724338064517,1173.9296186774195,2.731141,21.656579806451614,0.95,0.95,1.0,0.925,3,0:1.0500|1:0.9300|2:1.0300|3:0.9400|4:0.9500|5:1.1000|6:0.8200|,Tolga Güler:6:35818|Esin Yıldız:4:98049|Erdem Güneş:1:29014|Derya Çelik:1:27814|Esin Soylu:1:32416|Volkan Soylu:1:29815|Ercan Aydın:1:29215|Esin Güler:2:54227|Elif Taş:1:26613|Sinan Korkmaz:1:28015|Dilek Yavuz:2:53427|Seda Güler:1:29815|Fatma Güneş:1:29014|Dilek Akgül:1:28214|Hasan Aksoy:1:26013|Can Uçar:2:58829|Meltem Demir:3:85642|Tolga Kaya:1:26413|Dilek Erdoğan:1:27014|Nazlı Er:1:32817|Burak Özdemir:2:60030|Kadir Yıldırım:3:85642|Tuncay Polat:1:28814|Ufuk Kurt:2:57228|Esin Kocabaş:1:31415|Can Özdemir:1:31016|Merve Kaya:1:29815|Murat Avcı:2:59629,3354504,142,396900,3589,31,39.91854701844059,40.64666593402181,3,489052
Atak,22,3647,2021,2,1135,754,381,3416,682,13,0,0,225,4087048,2372329,1697157,678440,149940,156494,189224,0,21162,501897,100090802,30168734,2259732,67662336,65991757,1251230,1565647983,234090,0,2900973,32809980,0,4.0,0.0,2.0,1.0,1.0,1225.38961025,1278.1818179999998,715.636364,707.448051892857,1200.595779142857,2.792682,18.25211025,0.95,0.95,1.0,0.925,3,0:1.0500|1:0.9300|2:1.0300|3:0.9400|4:0.9500|5:1.1000|6:0.8200|,Tolga Güler:6:35818|Esin Yıldız:4:98049|Erdem Güneş:1:29014|Derya Çelik:1:27814|Esin Soylu:1:32416|Volkan Soylu:1:29815|Ercan Aydın:1:29215|Esin Güler:2:54227|Elif Taş:1:26613|Sinan Korkmaz:1:28015|Dilek Yavuz:2:53427|Seda Güler:1:29815|Fatma Güneş:1:29014|Dilek Akgül:1:28214|Hasan Aksoy:1:26013|Can Uçar:2:58829|Meltem Demir:3:85642|Tolga Kaya:1:26413|Dilek Erdoğan:1:27014|Nazlı Er:1:32817|Burak Özdemir:2:60030|Kadir Yıldırım:3:85642|Tuncay Polat:1:28814|Ufuk Kurt:2:57228|Esin Kocabaş:1:31415|Can Özdemir:1:31016|Merve Kaya:1:29815|Murat Avcı:2:59629,2096316,140,396900,3620,28,41.52525245605141,41.599279281142415,3,104997
Atak,22,3653,2021,3,258,185,73,861,93,13,0,0,56,995144,567001,420967,145380,32130,34194,37614,0,4644,167005,25778628,25778628,0,0,17047205,1455244,1573491167,0,0,2900973,7030710,0,4.0,0.0,2.0,1.0,1.0,1252.3484846666668,1304.318182,734.5,716.2954543333334,1229.6136363333333,2.849458,18.8780535,0.9499999999999998,0.9499999999999998,1.0,0.9250000000000002,3,0:1.0500|1:0.9300|2:1.0300|3:0.9400|4:0.9500|5:1.1000|6:0.8200|,Tolga Güler:6:35818|Esin Yıldız:4:98049|Erdem Güneş:1:29014|Derya Çelik:1:27814|Esin Soylu:1:32416|Volkan Soylu:1:29815|Ercan Aydın:1:29215|Esin Güler:2:54227|Elif Taş:1:26613|Sinan Korkmaz:1:28015|Dilek Yavuz:2:53427|Seda Güler:1:29815|Fatma Güneş:1:29014|Dilek Akgül:1:28214|Hasan Aksoy:1:26013|Can Uçar:2:58829|Meltem Demir:3:85642|Tolga Kaya:1:26413|Dilek Erdoğan:1:27014|Nazlı Er:1:32817|Burak Özdemir:2:60030|Kadir Yıldırım:3:85642|Tuncay Polat:1:28814|Ufuk Kurt:2:57228|Esin Kocabaş:1:31415|Can Özdemir:1:31016|Merve Kaya:1:29815|Murat Avcı:2:59629,554940,140,0,3648,6,42.30211909030251,41.350190542570964,3,167005
Atak,23,25,2011,3,1510,1361,149,6445,203,84,0,9,107,2713770,2019866,683968,171250,38525,50012,55000,0,5000,364181,242906,174068,0,68838,68838,541522,259990,71527,0,12127,0,0,3.0,1.0,2.0,0.0,0.0,430.90909092000004,457.7272730000001,311.60545460000003,321.92181812,430.71818176,1.0,32.72682492,1.0,1.0,1.0,1.0,none,0:1.0000|1:0.9000|2:1.0300|3:0.9400|4:0.9500|5:1.1000|6:0.8200|,,2242772,1,121275,1,25,25.20360973848189,27.68649787946785,none,242906
Atak,23,55,2011,4,1887,1728,159,8554,225,109,0,6,119,3331075,2307268,999998,205500,46230,60374,66390,0,13927,607577,486302,361142,0,125160,134037,1120458,1212383,71527,0,24254,0,0,3.0,1.0,2.0,0.0,0.0,427.6136363,459.09090899999995,292.8666666666667,295.8833332666666,429.9621212666667,1.00592,32.97791326666667,1.0,1.0,1.0,1.0,none,0:1.0000|1:0.8950|2:1.0300|3:0.9300|4:0.9500|5:1.1000|6:0.8200|,,2316572,1,121275,26,30,30.02027873884557,31.511382751788386,none,486302
Atak,23,86,2011,5,2130,1908,222,10975,221,131,0,31,155,3939455,2926241,990448,212350,47771,62821,69099,0,6927,591480,470205,315805,0,154400,161327,1377330,1791004,71527,0,36381,0,0,3.0,1.0,2.0,0.0,0.0,403.7170090645161,464.31818200000004,296.8196482580645,296.0410557419355,406.2287390322581,1.01307,43.09012483870968,1.0,1.0,1.0,1.0,none,0:1.0000|1:0.8900|2:1.0300|3:0.9000|4:0.9500|5:1.1000|6:0.8200|,,2939574,1,121275,56,31,25.141751841307997,26.478290090910896,none,470205
Atak,23,116,2011,6,2081,1881,200,10745,281,68,0,28,143,3755845,2737064,998570,205500,46230,61245,77460,0,5100,603035,470735,344300,0,126435,126435,1262430,2048782,78030,0,49611,0,0,3.0,1.0,2.0,0.0,0.0,419.4772728,466.818182,302.27121213333334,300.7484849,423.55757566666665,1.020512,42.113254633333334,1.0,1.0,1.0,1.0,none,0:1.0500|1:0.9000|2:1.0300|3:0.9100|4:0.9500|5:1.1000|6:0.8200|,,2726752,1,132300,87,30,26.587092917838728,27.940979944948914,none,470735
Atak,23,147,2011,7,2305,2084,221,11964,222,121,0,48,141,4079905,2965426,1094173,224350,50561,63751,80600,0,5150,669761,598691,432386,0,166305,135829,1194152,2419456,78030,0,62841,0,0,3.0,1.0,2.0,0.0,0.0,420.11730232258066,470.227273,300.91788864516127,301.1744867741935,421.73900296774195,1.027766,41.59706090322581,1.0,1.0,1.0,1.0,none,0:1.0500|1:0.9050|2:1.0300|3:0.9150|4:0.9500|5:1.1000|6:0.8200|,,3007400,1,132300,117,31,26.818590138740976,28.37288848101141,none,537461
Atak,23,178,2011,8,2172,1929,243,11257,203,111,0,57,149,3954070,2863565,1070570,224750,50561,64216,81189,0,0,649854,214475,104309,0,110166,140642,1286360,2467909,78030,0,76071,0,0,3.0,1.0,2.0,0.0,0.0,421.136364,474.090909,299.21260996774197,299.8343108709677,426.9897363548387,1.035317,41.51803870967742,1.0,1.0,1.0,1.0,none,0:1.0500|1:0.9100|2:1.0300|3:0.9200|4:0.9500|5:1.1000|6:0.8200|,,2885492,1,132300,148,31,27.075140298477265,28.951134229828234,none,517554
Atak,23,208,2011,9,1873,1685,188,9215,248,130,0,12,145,3617635,2553585,1040316,228680,48930,62595,68820,0,3010,628281,61271,-39653,0,100924,100924,1011312,10812726,78030,0,89301,0,0,3.8666666666666667,1.0,2.0,0.0,0.8666666666666667,435.69696949999997,477.272727,303.1166667,302.9590909666667,437.6939394666667,1.042922,38.456706966666665,1.0,1.0,1.0,1.0,none,0:1.0500|1:0.9300|2:1.0300|3:0.9400|4:0.9500|5:1.1000|6:0.8200|,,2546960,3,132300,179,30,28.756798295018708,30.42947554860144,none,495981
Atak,23,239,2011,10,1930,1728,202,9352,235,113,0,14,152,3744805,2583519,1140510,238080,50561,65146,71641,0,0,715082,1026785,636448,122788,267549,267549,1128028,11546138,78030,0,102531,0,0,4.0,1.0,2.0,0.0,1.0,435.74046919354834,481.136364,295.5087975806452,296.9882697419355,440.7360703548387,1.050335,40.63740693548387,1.0,1.0,1.0,1.0,none,0:1.0500|1:0.9300|2:1.0300|3:0.9400|4:0.9500|5:1.1000|6:0.8200|,,2646018,3,132300,209,31,30.4557914230514,32.182384131645726,none,582782
Atak,23,269,2011,11,1831,1638,193,9099,271,106,0,9,133,3677615,2510223,1150383,230400,48930,63495,69840,0,0,737718,1105369,700706,122788,281875,281875,1171850,12321811,78030,0,115761,0,0,4.0,1.0,2.0,0.0,1.0,435.90909100000005,484.545455,292.95151503333335,293.7045453666667,443.1378789,1.058051,41.0630684,1.0,1.0,1.0,1.0,none,0:1.0500|1:0.9300|2:1.0300|3:0.9400|4:0.9500|5:1.1000|6:0.8200|,,2482100,3,132300,240,30,31.280680549758472,32.79527289479418,none,605418
Atak,23,300,2011,12,1842,1657,185,9030,287,152,0,5,129,3935240,2560689,1357439,328530,70919,66077,79949,0,21502,790462,-1094507,-1453406,122788,236111,236111,1023648,5169697,79655,0,129266,0,0,4.870967741935484,1.0,2.0,0.8709677419354839,1.0,451.45894403225805,487.5,289.30938412903225,290.76979474193547,453.85190619354836,1.065572,37.184848129032254,1.0,1.0,1.0,1.0,none,0:1.0500|1:0.9300|2:1.0300|3:0.9400|4:0.9500|5:1.1000|6:0.8200|,,2571736,5,135056,270,31,34.49443998333012,35.91678978712176,none,655406
Atak,23,331,2012,1,1768,1568,200,8526,231,163,0,2,136,3709440,2432202,1260388,344930,74617,66569,80538,0,0,693734,1309040,705767,132834,470439,470439,1031796,5901308,79655,0,142771,0,0,5.0,1.0,2.0,1.0,1.0,454.47947258064517,491.81818200000004,295.9061584193548,294.52199412903224,456.46187683870966,1.0734,36.32054161290323,1.0,1.0,1.0,1.0,none,0:1.0500|1:0.9300|2:1.0300|3:0.9400|4:0.9500|5:1.1000|6:0.8200|,,2465700,5,135056,301,31,33.9778511042098,34.891193932450335,none,558678
Atak,23,360,2012,2,1665,1470,195,7826,220,134,0,4,142,3436895,2220044,1205509,322770,69803,62623,75777,0,0,674536,1754990,1250935,0,504055,504055,1113778,7209851,79655,0,156276,0,0,5.0,1.0,2.0,1.0,1.0,454.4043886551724,494.3181819999999,289.5,291.07680248275864,459.6724136896552,1.079586,37.133777344827585,1.0,1.0,1.0,1.0,none,0:1.0500|1:0.9300|2:1.0300|3:0.9400|4:0.9500|5:1.1000|6:0.8200|,,2264806,5,135056,332,29,35.07552601985222,36.29022799344289,none,539480
Atak,23,391,2012,3,1796,1601,195,8426,248,101,0,5,147,3551530,2332213,1203336,345030,74617,67313,74028,0,0,642348,1778836,999329,259849,519658,519658,969068,7824552,79655,0,169781,0,0,5.0,1.0,2.0,1.0,1.0,454.772727,496.590909,297.205278483871,295.6700879354838,461.53225822580646,1.085405,38.1747725483871,1.0,1.0,1.0,1.0,none,0:1.0500|1:0.9300|2:1.0300|3:0.9400|4:0.9500|5:1.1000|6:0.8200|,,2311982,5,135056,361,31,33.88218598744766,34.647514936868454,none,507292
Atak,23,421,2012,4,1715,1527,188,7996,219,68,0,2,147,3297920,2117165,1160415,333900,72210,65502,72060,0,0,616743,477703,-329499,126958,680244,680244,1011000,32711777,79655,0,183286,15431,0,5.0,1.0,2.0,1.0,1.0,463.29545433333334,499.318182,295.09090899999995,295.40909093333335,465.4015152666667,1.09166,36.671023633333334,1.0,1.0,1.0,1.0,none,0:1.0500|1:0.9300|2:1.0300|3:0.9400|4:0.9500|5:1.1000|6:0.8200|,Zeynep Güneş:6:15431,2151528,5,135056,392,30,35.18626892101688,36.30610742239509,none,481687
Atak,23,452,2012,5,1902,1703,199,9600,239,135,0,2,151,3856250,2443924,1392641,345030,74617,68058,74865,0,0,830071,-2586700,-3648355,564738,496917,496917,1125998,25393636,79655,0,196791,868938,0,5.0,1.0,2.0,1.0,1.0,463.863636,502.045455,290.0,291.5542521935484,466.90762470967746,1.097747,37.60765990322581,1.0,1.0,1.0,1.0,none,0:1.0500|1:0.9300|2:1.0300|3:0.9400|4:0.9500|5:1.1000|6:0.8200|,Zeynep Güneş:6:15431|Serap Karaca:4:35507,2435312,9,135056,422,31,36.11386709886548,37.48162660459118,none,695015
Atak,23,482,2012,6,1851,1693,158,9567,190,76,0,6,129,3494910,2240815,1239274,333900,72210,66252,83790,0,0,683122,-156382,-1002806,2935,843489,843489,1056060,23389521,82906,0,210847,1530039,0,5.0,1.0,2.0,1.0,1.0,465.0909093,505.227273,296.7136364,295.0484849,469.25000016666667,1.104074,38.8141537,1.0,1.0,1.0,1.0,none,0:1.0500|1:0.9300|2:1.0300|3:0.9400|4:0.9500|5:1.1000|6:0.8200|,Zeynep Güneş:6:15431|Serap Karaca:4:35507,2221326,12,140569,453,30,35.45939666543631,36.203088371136225,none,542553
Atak,23,513,2012,7,1956,1749,207,9713,189,108,0,12,155,3478330,2213170,1241081,354030,76725,68833,87079,0,296,654118,6592937,4452563,584147,1556227,1556227,1049232,26485655,82906,0,224903,1637947,0,5.0,1.0,2.0,1.0,1.0,465.8870968709677,508.18181799999996,292.545455,293.46041048387093,471.0469209677419,1.11023,39.81205409677419,1.0,1.0,1.0,1.0,none,0:1.0500|1:0.9300|2:1.0300|3:0.9400|4:0.9500|5:1.1000|6:0.8200|,Zeynep Güneş:6:16007|Serap Karaca:4:36830,2268480,12,140569,483,31,35.680369602654146,37.20679173885266,none,513549
Atak,23,544,2012,8,1796,1618,178,8293,171,74,0,6,146,3181905,1947899,1219215,354330,76725,69236,87575,0,328,631021,6394902,3749656,759146,1886100,1886100,830310,19674391,82906,0,238959,1637947,0,5.0,1.0,2.0,1.0,1.0,479.941349,510.909091,291.5,292.27565987096773,479.5366568709677,1.116629,34.207644290322584,1.0,1.0,1.0,1.0,none,0:1.0500|1:0.9300|2:1.0300|3:0.9400|4:0.9500|5:1.1000|6:0.8200|,Zeynep Güneş:6:16007|Serap Karaca:4:36830,1964050,12,140569,514,31,38.31714020374587,39.263411954947024,none,490452
Atak,23,574,2012,9,1643,1478,165,7630,240,108,0,3,119,3352820,2079009,1258554,342900,74250,67393,74130,0,741,699140,8043505,4835660,546081,2661764,2120129,973822,24333292,82906,0,253015,1585110,0,5.0,1.0,2.0,1.0,1.0,481.59090899999995,514.090909,298.9636364,296.96515156666663,483.3030304,1.123064,32.7884511,1.0,1.0,1.0,1.0,none,0:1.0500|1:0.9300|2:1.0300|3:0.9400|4:0.9500|5:1.1000|6:0.8200|,Zeynep Güneş:6:16007|Serap Karaca:4:36830,2095382,12,140569,545,30,37.53717765940313,37.921661141655804,none,558571
Atak,23,605,2012,10,1718,1530,188,7770,211,115,0,0,137,3271845,2037769,1217760,354330,76725,70042,77035,0,685,638943,4741046,2040218,526408,2174420,2716055,924728,84597869,82906,0,267071,1637947,0,5.0,1.0,2.0,1.0,1.0,480.28592383870966,516.818182,297.227273,297.765396,482.66422290322583,1.129326,33.15583919354839,1.0,1.0,1.0,1.0,none,0:1.0500|1:0.9300|2:1.0300|3:0.9400|4:0.9500|5:1.1000|6:0.8200|,Zeynep Güneş:6:16007|Serap Karaca:4:36830,2058344,12,140569,575,31,37.219367054368405,38.114515073771905,none,498374
Atak,23,635,2012,11,1704,1535,169,8215,210,100,0,2,130,3493435,2238640,1238830,342900,74250,68172,74970,0,669,677869,-5852212,-7758442,1414544,491686,491686,1034442,40027188,82906,0,281127,1585110,0,5.0,1.0,2.0,1.0,1.0,481.33333346666666,520.227273,308.636364,305.9121212333333,487.3484847666667,1.135835,35.47446956666667,1.0,1.0,1.0,1.0,none,0:1.0500|1:0.9300|2:1.0300|3:0.9400|4:0.9500|5:1.1000|6:0.8200|,Zeynep Güneş:6:16007|Serap Karaca:4:36830,2274234,16,140569,606,30,35.461658797143784,35.878871762914436,none,537300
Atak,23,666,2012,12,1709,1511,198,7024,310,123,0,3,136,3453493,2127343,1307930,354330,76725,70818,85684,0,571,719802,15030637,12211557,1381,2817699,2817699,875460,37015049,86158,0,295735,1640013,0,5.0,1.0,2.0,1.0,1.0,493.22580641935485,522.727273,301.3753668387097,303.27419348387093,492.97947216129035,1.142168,30.21348329032258,1.0,1.0,1.0,1.0,none,0:1.0500|1:0.9300|2:1.0300|3:0.9400|4:0.9500|5:1.1000|6:0.8200|,Zeynep Güneş:6:16007|Serap Karaca:4:36830,2127012,17,146081,636,31,37.87266978679268,38.89708062386508,none,573721
Atak,23,697,2013,1,1593,1383,210,6521,289,117,0,0,147,3261130,1982386,1261731,292980,62989,71252,86180,0,367,747963,17642468,11351638,1466179,4824651,4824651,867930,47593062,86158,0,310343,1701993,0,4.32258064516129,1.0,2.0,0.3225806451612903,1.0,497.45601187096776,525.454545,300.26246332258063,301.5381232580645,495.5659822580645,1.148751,28.40979480645161,1.0,1.0,1.0,1.0,none,0:1.0500|1:0.9300|2:1.0300|3:0.9400|4:0.9500|5:1.1000|6:0.8200|,Zeynep Güneş:6:16633|Serap Karaca:4:38270,2011618,17,146081,667,31,38.68999395914913,39.6403991192564,none,601882
Atak,23,725,2013,2,1450,1277,173,6158,251,110,0,0,120,3225795,2001202,1202005,234640,50092,64749,78316,0,794,773414,15428913,9189654,1446178,4793081,4793081,968560,59371715,86158,0,324951,1537284,0,4.0,1.0,2.0,0.0,1.0,498.4009741785714,528.863636,310.272727,307.5048700357143,497.32792217857144,1.155828,28.725191535714288,1.0,1.0,1.0,1.0,none,0:1.0500|1:0.9300|2:1.0300|3:0.9400|4:0.9500|5:1.1000|6:0.8200|,Zeynep Güneş:6:16633|Serap Karaca:4:38270,2036954,17,146081,698,28,37.262287281119846,37.74636425794128,none,627333
Atak,23,756,2013,3,1625,1442,183,7232,216,74,0,0,150,3408340,2114246,1279359,289180,62074,72089,79267,0,24424,752325,19676658,12185041,1425829,6065788,4841443,890804,67480928,86158,0,339559,1701993,0,4.225806451612903,1.0,2.0,0.22580645161290322,1.0,498.4017596451613,531.818182,307.9589442580645,308.4838708387097,501.54692093548385,1.162259,30.372378967741938,1.0,1.0,1.0,1.0,none,0:1.0500|1:0.9300|2:1.0300|3:0.9400|4:0.9500|5:1.1000|6:0.8200|,Zeynep Güneş:6:16633|Serap Karaca:4:38270,2139298,17,146081,726,31,37.5361319586661,38.21070285198896,none,606244
Atak,23,786,2013,4,1491,1305,186,6353,283,62,0,0,132,3110350,1865206,1229234,377400,82020,70184,77190,0,374,622066,19195170,12874816,1405125,4915229,6139574,934980,68193836,86158,0,354167,1647090,0,5.0,1.0,2.0,1.0,1.0,510.0681821,535.454545,305.181818,306.4530303,505.6318184666667,1.16942,27.975012566666667,1.0,1.0,1.0,1.0,none,0:1.0500|1:0.9300|2:1.0300|3:0.9400|4:0.9500|5:1.1000|6:0.8200|,Zeynep Güneş:6:16633|Serap Karaca:4:38270,1860008,17,146081,757,30,39.52076132911087,40.16842674962846,none,475985
Atak,23,817,2013,5,1641,1452,189,6917,221,81,0,0,148,3182965,1943317,1221336,389980,84754,72957,80228,0,355,593062,19428082,13255181,1384060,4788841,4788841,914768,71567320,86158,0,368775,1701993,0,5.0,1.0,2.0,1.0,1.0,508.9882697419355,538.409091,313.045455,310.58797645161286,508.77859222580645,1.176391,29.410384967741937,1.0,1.0,1.0,1.0,none,0:1.0500|1:0.9300|2:1.0300|3:0.9400|4:0.9500|5:1.1000|6:0.8200|,Zeynep Güneş:6:16633|Serap Karaca:4:38270,1953676,17,146081,787,31,38.37101570391129,38.49652858233478,none,446981
Atak,23,847,2013,6,1595,1396,199,6957,173,75,0,0,162,2968845,1773562,1178196,377400,82020,71024,89850,0,966,556936,16749136,9269995,1362914,6116227,5247589,782090,73512551,89409,0,383934,1649270,0,5.0,1.0,2.0,1.0,1.0,512.6666662666668,542.045455,306.045455,308.0106060666667,512.4424241,1.183639,29.115758066666668,1.0,1.0,1.0,1.0,none,0:1.0500|1:0.9300|2:1.0300|3:0.9400|4:0.9500|5:1.1000|6:0.8200|,Zeynep Güneş:6:16633|Serap Karaca:4:38270,1794894,17,151594,818,30,39.68533217463357,40.30322719659551,none,405342
Atak,23,878,2013,7,1711,1518,193,7683,163,78,0,0,152,3133954,1870638,1244803,398980,86831,73826,93372,0,896,590898,18264481,13309900,3206,4951375,5820013,862570,74117443,89409,0,399093,1769573,0,5.0,1.0,2.0,1.0,1.0,513.3724343548387,545.0,309.727273,308.5337242903226,513.979471935484,1.190696,29.237669806451613,1.0,1.0,1.0,1.0,none,0:1.0500|1:0.9300|2:1.0300|3:0.9400|4:0.9500|5:1.1000|6:0.8200|,Zeynep Güneş:6:17293|Serap Karaca:4:39789,1888066,18,151594,848,31,39.719887401027584,39.66811377606629,none,439304
Atak,23,909,2013,8,1561,1381,180,6465,210,58,0,0,142,2924775,1742203,1167647,399280,86831,74291,93961,0,450,512834,23912922,17070730,1012835,5829357,5829357,816800,84734330,89409,0,414252,1769573,0,5.0,1.0,2.0,1.0,1.0,519.6774196774194,549.090909,313.1744872580645,311.39442816129036,517.6656890322581,1.198032,27.770015741935484,1.0,1.0,1.0,1.0,none,0:1.0500|1:0.9300|2:1.0300|3:0.9400|4:0.9500|5:1.1000|6:0.8200|,Zeynep Güneş:6:17293|Serap Karaca:4:39789,1771276,18,151594,879,31,39.92262652682685,39.73675295484994,none,361240
Atak,23,939,2013,9,1514,1334,180,6508,219,75,0,0,130,3215655,1928014,1267668,386400,84030,72344,79560,0,327,645007,22973610,14694254,997263,7282093,7282093,922344,79386224,89409,0,429411,1712490,0,5.0,1.0,2.0,1.0,1.0,522.6515152999999,551.590909,313.0,312.4757573333334,521.1075756666667,1.205414,28.797515633333333,1.0,1.0,1.0,1.0,none,0:1.0500|1:0.9300|2:1.0300|3:0.9400|4:0.9500|5:1.1000|6:0.8200|,Zeynep Güneş:6:17293|Serap Karaca:4:39789,1945110,19,151594,910,30,39.42176632754447,40.11305988076219,none,493413
Atak,23,970,2013,10,1641,1451,190,7022,215,83,0,2,142,3287280,2019561,1253416,399280,86831,75190,82708,0,816,608591,27264272,19437590,981490,6845192,6845192,908970,90042410,89409,0,444570,1769573,0,5.0,1.0,2.0,1.0,1.0,523.1011733870968,555.227273,323.0,319.86510274193546,524.2873898064516,1.2126,30.54858829032258,1.0,1.0,1.0,1.0,none,0:1.0500|1:0.9300|2:1.0300|3:0.9400|4:0.9500|5:1.1000|6:0.8200|,Zeynep Güneş:6:17293|Serap Karaca:4:39789,2076392,19,151594,940,31,38.12927405027865,38.252862652063136,none,456997
Atak,23,1000,2013,11,1554,1369,185,6758,209,82,0,0,148,3337185,2055882,1260457,386400,84030,73215,80520,0,322,635970,32267739,24587445,965514,6714780,6714780,948700,89393570,89409,0,459729,1712490,0,5.0,1.0,2.0,1.0,1.0,525.2727269000001,558.409091,323.09090899999995,322.0303029666667,527.2287877666666,1.220071,30.19265623333333,1.0,1.0,1.0,1.0,none,0:1.0500|1:0.9300|2:1.0300|3:0.9400|4:0.9500|5:1.1000|6:0.8200|,Zeynep Güneş:6:17293|Serap Karaca:4:39789,2044366,19,151594,971,30,37.770066687942084,38.49082724953487,none,484376
Atak,23,1031,2013,12,1483,1299,184,5951,283,87,0,0,144,3368580,2083965,1271081,399280,86831,76120,92070,0,0,616780,31476956,20560434,949332,9967190,9967190,914444,100915826,94286,0,475715,1771943,0,5.0,1.0,2.0,1.0,1.0,531.6788857096774,562.045455,329.636364,327.2492669032258,529.6422287741937,1.227345,27.838276064516126,1.0,1.0,1.0,1.0,none,0:1.0500|1:0.9300|2:1.0300|3:0.9400|4:0.9500|5:1.1000|6:0.8200|,Zeynep Güneş:6:17293|Serap Karaca:4:39789,2102048,19,159862,1001,31,37.7334366409585,38.00085486561948,none,456918
Atak,23,1062,2014,1,1527,1326,201,6220,299,98,0,0,145,3444025,2118226,1311560,412780,89962,76586,92628,0,0,639604,16382106,10842439,1655,5538012,5538012,903530,105814825,94286,0,491701,1843043,0,5.0,1.0,2.0,1.0,1.0,537.2727273870967,565.227273,329.772727,328.84017606451613,533.1920822580645,1.234907,27.68648793548387,1.0,1.0,1.0,1.0,none,0:1.0500|1:0.9300|2:1.0300|3:0.9400|4:0.9500|5:1.1000|6:0.8200|,Zeynep Güneş:6:18011|Serap Karaca:4:41442,2146694,21,159862,1032,31,38.082185814562905,38.620981451306044,none,479742
Atak,23,1090,2014,2,1538,1314,224,6024,244,122,0,3,170,3292348,2013688,1260957,373240,81256,69623,84224,0,282,652332,14219289,6369674,1012583,6837032,6837032,987594,107223259,94286,0,507687,1664684,0,5.0,1.0,2.0,1.0,1.0,537.38636375,569.545455,326.636364,327.4724025714286,537.37500025,1.243005,28.24615585714286,1.0,1.0,1.0,1.0,none,0:1.0500|1:0.9300|2:1.0300|3:0.9400|4:0.9500|5:1.1000|6:0.8200|,Zeynep Güneş:6:18011|Serap Karaca:4:41442,2013678,22,159862,1063,28,38.299626892418416,39.21759351676515,none,492470
Atak,23,1121,2014,3,1718,1486,232,7020,241,142,0,5,171,3402480,2067031,1316926,413230,89962,77547,85281,0,721,650185,30112571,20093706,997299,9021566,9021566,947742,110303808,94286,0,523673,1843043,0,5.0,1.0,2.0,1.0,1.0,537.5879768064516,572.954545,326.31818200000004,326.93694983870967,539.5674485806452,1.250366,29.510935838709678,1.0,1.0,1.0,1.0,none,0:1.0500|1:0.9300|2:1.0300|3:0.9400|4:0.9500|5:1.1000|6:0.8200|,Zeynep Güneş:6:18011|Serap Karaca:4:41442,2102582,22,159862,1091,31,38.70488584796971,39.29957586877269,none,490323
Atak,23,1151,2014,4,1691,1461,230,6683,316,86,0,0,168,3357500,2002271,1339279,399900,87060,75526,83070,0,1116,692607,31508304,21935929,981805,8590570,8590570,886146,119818499,94286,0,539659,1783590,0,5.0,1.0,2.0,1.0,1.0,551.0833332999999,575.454545,329.818182,328.6333332666666,542.3666668,1.258565,26.56158183333333,1.0,1.0,1.0,1.0,none,0:1.0500|1:0.9300|2:1.0300|3:0.9400|4:0.9500|5:1.1000|6:0.8200|,Zeynep Güneş:6:18011|Serap Karaca:4:41442,2021580,22,159862,1122,30,39.88917349218168,40.150942322101976,none,532745
Atak,23,1182,2014,5,1792,1542,250,7477,303,81,0,2,185,3846120,2317968,1513045,413230,89962,78540,86366,0,1236,843711,34960185,24916404,966098,9077683,9077683,1000422,133722821,94286,0,555645,1843043,0,5.0,1.0,2.0,1.0,1.0,551.4222874516129,579.772727,333.81818200000004,332.18181806451616,548.1979470967742,1.266552,27.262569193548387,1.0,1.0,1.0,1.0,none,0:1.0500|1:0.9300|2:1.0300|3:0.9400|4:0.9500|5:1.1000|6:0.8200|,Zeynep Güneş:6:18011|Serap Karaca:4:41442,2334324,22,159862,1152,31,39.339516187742454,39.4623341137091,none,683849
Atak,23,1212,2014,6,1824,1616,208,7573,194,58,0,2,177,3457800,2109471,1333939,399900,87060,76516,96750,0,481,673232,25317533,14218429,950177,10148927,10148927,1046202,131673949,97537,0,572182,1786094,0,5.0,1.0,2.0,1.0,1.0,552.5681814000001,582.954545,340.454545,337.8863636666667,551.3303030333334,1.274857,28.7107408,1.0,1.0,1.0,1.0,none,0:1.0500|1:0.9300|2:1.0300|3:0.9400|4:0.9500|5:1.1000|6:0.8200|,Zeynep Güneş:6:18011|Serap Karaca:4:41442,2131776,23,165375,1183,30,38.577679449360865,38.38687125678931,none,507857
Atak,23,1243,2014,7,1927,1665,262,8147,205,101,0,14,207,3867110,2339533,1503862,422230,92070,79563,100626,0,1114,808259,29402582,19304422,934038,9164122,9164122,1005782,148147166,97537,0,588719,1920667,0,5.0,1.0,2.0,1.0,1.0,553.6876829032259,587.954545,334.909091,336.2463343870968,555.5909093870968,1.282947,28.983234096774193,1.0,1.0,1.0,1.0,none,0:1.0500|1:0.9300|2:1.0300|3:0.9400|4:0.9500|5:1.1000|6:0.8200|,Zeynep Güneş:6:18769|Serap Karaca:4:43187,2357654,23,165375,1213,31,38.8885239881979,39.512995982875104,none,642884
Atak,23,1274,2014,8,1708,1491,217,7032,216,68,0,0,184,3519072,2124503,1373198,422530,92070,80090,101277,0,769,676462,23310958,12475653,917964,9917341,7911891,930260,139347641,97537,0,605256,1920667,0,5.0,1.0,2.0,1.0,1.0,565.4178881290323,590.681818,346.227273,343.09824045161287,559.5043990645162,1.291361,26.93301916129032,1.0,1.0,1.0,1.0,none,0:1.0500|1:0.9300|2:1.0300|3:0.9400|4:0.9500|5:1.1000|6:0.8200|,Zeynep Güneş:6:18769|Serap Karaca:4:43187,2179920,25,165375,1244,31,39.02159432941412,38.76612674111426,none,511087
Atak,23,1304,2014,9,1666,1438,228,6329,262,78,0,0,187,3399020,2082111,1301115,408900,89100,78016,85800,0,0,639299,40385459,29730308,3766,10651385,12656835,1023912,149112056,97537,0,621793,1858710,0,5.0,1.0,2.0,1.0,1.0,564.0757573333334,594.3181820000001,344.636364,344.6439395,560.4500002,1.299829,27.188215233333334,1.0,1.0,1.0,1.0,none,0:1.0500|1:0.9300|2:1.0300|3:0.9400|4:0.9500|5:1.1000|6:0.8200|,Zeynep Güneş:6:18769|Serap Karaca:4:43187,2090070,25,165375,1275,30,38.27912162917547,38.90246841501087,none,473924
Atak,23,1335,2014,10,1681,1482,199,6917,252,77,0,7,153,3805567,2304266,1479741,422530,92070,81113,89218,0,321,794489,45078041,32460561,923174,11694306,11694306,1024596,167556209,97537,0,638330,1920667,0,5.0,1.0,2.0,1.0,1.0,568.6950147419354,599.318182,343.31818200000004,343.79618774193546,567.1158357096775,1.308077,27.88500148387097,1.0,1.0,1.0,1.0,none,0:1.0500|1:0.9300|2:1.0300|3:0.9400|4:0.9500|5:1.1000|6:0.8200|,Zeynep Güneş:6:18769|Serap Karaca:4:43187,2312736,25,165375,1305,31,38.88358817490271,39.63052724212955,none,629114
Atak,23,1365,2014,11,1691,1467,224,6754,272,96,0,8,155,3699595,2237655,1447662,408900,89100,79007,86910,0,425,783320,54023593,38814505,909221,14299867,11146501,973298,156549342,97537,0,654867,1858710,0,5.0,1.0,2.0,1.0,1.0,568.2575758333334,602.272727,343.136364,343.54090943333335,567.6303029333334,1.316655,28.0751897,1.0,1.0,1.0,1.0,none,0:1.0500|1:0.9300|2:1.0300|3:0.9400|4:0.9500|5:1.1000|6:0.8200|,Zeynep Güneş:6:18769|Serap Karaca:4:43187,2264948,25,165375,1336,30,39.13028317964534,39.6160511372329,none,617945
Atak,23,1396,2014,12,1719,1476,243,6534,298,106,0,0,186,3758680,2264896,1479661,422530,92070,82167,99417,0,766,782711,54903638,40194125,895078,13814435,16967801,992146,185458293,102414,0,672231,1923388,0,5.0,1.0,2.0,1.0,1.0,580.4178882580645,606.818182,350.545455,348.1803519032258,574.0953080645161,1.32501,26.198732612903225,1.0,1.0,1.0,1.0,none,0:1.0500|1:0.9300|2:1.0300|3:0.9400|4:0.9500|5:1.1000|6:0.8200|,Zeynep Güneş:6:18769|Serap Karaca:4:43187,2284766,25,173644,1366,31,39.366506326689155,39.604643121519196,none,609067
Atak,23,1427,2015,1,1623,1377,246,6611,275,99,0,0,175,4000775,2422427,1560567,436030,95201,82696,100068,0,0,846572,17989466,7721206,880740,9387520,9387520,1091050,182559331,102414,0,689595,2005018,0,5.0,1.0,2.0,1.0,1.0,580.931084967742,610.227273,349.31818200000004,349.20821103225813,577.3137828709677,1.3337,24.68154548387097,1.0,1.0,1.0,1.0,none,0:1.0500|1:0.9300|2:1.0300|3:0.9400|4:0.9500|5:1.1000|6:0.8200|,Zeynep Güneş:6:19594|Serap Karaca:4:45084,2412444,28,173644,1397,31,39.0066174678656,39.86925626136927,none,672928
Atak,23,1455,2015,2,1489,1256,233,5796,294,109,0,0,165,3427055,2055309,1354817,394240,85988,75225,91000,0,0,708364,19511958,8866506,866206,9779246,9779246,1042368,192125662,102414,0,706959,1810984,0,5.0,1.0,2.0,1.0,1.0,581.2418832857143,614.5454550000001,347.1688313571429,348.051948,580.1769480357143,1.342972,24.568731500000002,1.0,1.0,1.0,1.0,none,0:1.0500|1:0.9300|2:1.0300|3:0.9400|4:0.9500|5:1.1000|6:0.8200|,Zeynep Güneş:6:19594|Serap Karaca:4:45084,2078538,30,173644,1428,28,39.53298094136219,40.27119494647822,none,534720
Atak,23,1486,2015,3,1620,1363,257,6193,253,71,0,0,191,3350990,2042933,1295807,436480,95201,83812,92163,0,0,588151,47667317,31915944,1949,15749424,15749424,906802,193849493,102414,0,724323,2005018,0,5.0,1.0,2.0,1.0,1.0,583.1524925806451,618.409091,357.5,354.5014662903226,583.4090909677419,1.351403,25.86806287096774,1.0,1.0,1.0,1.0,none,0:1.0500|1:0.9300|2:1.0300|3:0.9400|4:0.9500|5:1.1000|6:0.8200|,Zeynep Güneş:6:19594|Serap Karaca:4:45084,2102310,30,173644,1456,31,38.669378303128326,38.695280471503644,none,414507
Atak,23,1516,2015,4,1653,1420,233,6441,278,51,0,0,181,3557970,2153518,1382263,422400,92130,81678,89820,0,0,696235,52073656,36821496,920664,14331496,14331496,990664,213321927,102414,0,741687,1940340,0,5.0,1.0,2.0,1.0,1.0,593.3484849,622.954545,361.09090899999995,359.0848484,589.0378787333334,1.360799,24.897038533333333,1.0,1.0,1.0,1.0,none,0:1.0500|1:0.9300|2:1.0300|3:0.9400|4:0.9500|5:1.1000|6:0.8200|,Zeynep Güneş:6:19594|Serap Karaca:4:45084,2159420,30,173644,1487,30,38.84976545614494,39.143535681083534,none,522591
Atak,23,1547,2015,5,1640,1422,218,6602,263,98,0,2,171,3672270,2241266,1408788,436480,95201,84959,93434,0,1406,697308,53832020,34473647,906990,18451383,15092579,984906,232136600,102414,0,759051,2005018,0,5.0,1.0,2.0,1.0,1.0,594.9633433548386,626.818182,363.863636,362.3548388064516,593.4750734516128,1.369954,25.710875451612903,1.0,1.0,1.0,1.0,none,0:1.0500|1:0.9300|2:1.0300|3:0.9400|4:0.9500|5:1.1000|6:0.8200|,Zeynep Güneş:6:19594|Serap Karaca:4:45084,2287854,30,173644,1517,31,38.36286547557778,38.84267996272331,none,523664
Atak,23,1577,2015,6,1665,1429,236,6749,229,70,0,2,191,3516419,2116608,1379872,422400,92130,82789,104700,0,763,677090,46243445,31458033,893118,13892294,17251098,1035142,232659032,105665,0,776966,1943222,0,5.0,1.0,2.0,1.0,1.0,598.1818179999999,632.045455,358.40909100000005,360.0787878333333,597.2454542,1.379479,26.523179966666664,1.0,1.0,1.0,1.0,none,0:1.0500|1:0.9300|2:1.0300|3:0.9400|4:0.9500|5:1.1000|6:0.8200|,Zeynep Güneş:6:19594|Serap Karaca:4:45084,2119316,33,179156,1548,30,39.24082994660193,40.083586592730555,none,497934
Atak,23,1608,2015,7,1728,1465,263,6760,235,93,0,3,216,3592815,2154936,1416177,445480,97309,86137,108934,0,1939,676378,51112802,35825331,879045,14408426,14408426,884484,242426961,105665,0,794881,2094360,0,5.0,1.0,2.0,1.0,1.0,607.7126096774194,635.227273,367.33137796774196,364.80645158064516,601.8401763870967,1.38876,24.384497483870966,1.0,1.0,1.0,1.0,none,0:1.0500|1:0.9300|2:1.0300|3:0.9400|4:0.9500|5:1.1000|6:0.8200|,Zeynep Güneş:6:20467|Serap Karaca:4:47093,2197472,33,179156,1578,31,39.41691960203907,39.55508374875988,none,497222
Atak,23,1639,2015,8,1676,1439,237,6859,218,37,0,0,207,3587135,2159587,1406332,445780,97309,86726,109678,0,695,666144,51114306,30157715,864767,20091824,20091824,948496,264339639,105665,0,812796,2094360,0,5.0,1.0,2.0,1.0,1.0,608.3357771935483,640.909091,366.727273,366.2346043548387,606.4780060322581,1.398416,25.73032738709677,1.0,1.0,1.0,1.0,none,0:1.0500|1:0.9300|2:1.0300|3:0.9400|4:0.9500|5:1.1000|6:0.8200|,Zeynep Güneş:6:20467|Serap Karaca:4:47093,2169722,34,179156,1609,31,39.204880775326274,39.71630689027813,none,486988
Atak,23,1669,2015,9,1567,1362,205,6306,245,93,0,0,164,3746955,2254175,1471740,431400,94170,84499,92940,0,1236,767495,69101645,50812594,0,18289051,18289051,917428,279263169,105665,0,830711,2026800,0,5.0,1.0,2.0,1.0,1.0,609.4469696666667,644.090909,365.318182,365.79393933333336,609.0272728666666,1.408139,25.569487233333334,1.0,1.0,1.0,1.0,none,0:1.0500|1:0.9300|2:1.0300|3:0.9400|4:0.9500|5:1.1000|6:0.8200|,Zeynep Güneş:6:20467|Serap Karaca:4:47093,2291256,35,179156,1640,30,39.27829397470746,40.05742908200717,none,588339
Atak,23,1700,2015,10,1599,1359,240,6639,261,76,0,0,184,3863380,2354328,1487857,445780,97309,87905,96689,0,453,759721,68369289,49671808,867288,17830193,17830193,1043998,291278846,105665,0,848626,2094360,0,5.0,1.0,2.0,1.0,1.0,612.2800589032258,648.8636359999999,373.863636,371.2243400967742,609.3152492903225,1.417612,24.806295451612904,1.0,1.0,1.0,1.0,none,0:1.0500|1:0.9300|2:1.0300|3:0.9400|4:0.9500|5:1.1000|6:0.8200|,Zeynep Güneş:6:20467|Serap Karaca:4:47093,2355404,36,179156,1670,31,38.51179537089285,38.939112818781,none,580565
Atak,23,1730,2015,11,1649,1422,227,6891,245,121,0,0,177,4069825,2472214,1578185,431400,94170,85669,94200,0,900,871846,92003520,67069765,859115,24074640,24074640,1203402,260883358,105665,0,866541,2026800,0,5.0,1.0,2.0,1.0,1.0,614.2121210333333,653.863636,372.5,372.48181793333333,614.8636364333332,1.427469,26.350563933333333,1.0,1.0,1.0,1.0,none,0:1.0500|1:0.9300|2:1.0300|3:0.9400|4:0.9500|5:1.1000|6:0.8200|,Zeynep Güneş:6:20467|Serap Karaca:4:47093,2544960,36,179156,1701,30,38.77771157236491,39.35319944951324,none,692690
Atak,23,1761,2015,12,1682,1458,224,7004,270,151,0,0,169,4421865,2660118,1738864,445780,97309,89114,107818,0,2950,995893,104622657,79159346,845985,24617326,24617326,1294506,318358125,113794,0,885835,2099103,0,5.0,1.0,2.0,1.0,1.0,619.4428150322581,658.181818,369.68181799999996,370.7653957741935,618.8900294516129,1.437072,27.104388903225804,1.0,1.0,1.0,1.0,none,0:1.0500|1:0.9300|2:1.0300|3:0.9400|4:0.9500|5:1.1000|6:0.8200|,Zeynep Güneş:6:20467|Serap Karaca:4:47093,2622162,36,192937,1731,31,39.3242217932931,40.320267015971694,none,802956
Atak,23,1792,2016,1,1680,1414,266,6480,320,111,0,3,198,4136895,2491558,1635456,467230,102286,89747,108562,0,32547,835084,29571829,7657645,832663,21081521,17448313,1111068,334004076,113794,0,905129,2241393,0,4.806451612903226,1.0,2.0,0.8064516129032258,1.0,633.4017595483871,662.272727,383.909091,379.9046920322581,625.6730203870968,1.447064,24.52184606451613,1.0,1.0,1.0,1.0,none,0:1.0500|1:0.9300|2:1.0300|3:0.9400|4:0.9500|5:1.1000|6:0.8200|,Zeynep Güneş:6:21904|Serap Karaca:4:50399,2540616,39,192937,1762,31,39.533418179576714,39.38932356712655,none,642147
Atak,23,1821,2016,2,1597,1346,251,6299,274,132,0,0,182,4235895,2579114,1642033,472120,103414,84913,102689,0,1830,877067,28465687,10786336,819148,16860203,20493411,1258568,322255308,113794,0,924423,2526828,0,5.0,1.0,2.0,1.0,1.0,630.4388713103449,669.318182,383.727273,382.5736675862069,630.4968654137931,1.463258,25.267932758620688,1.0,1.0,1.0,1.0,none,0:1.0500|1:0.9300|2:1.0300|3:0.9400|4:0.9500|5:1.1000|6:0.8200|,Zeynep Güneş:6:21904|Serap Karaca:4:50399|Tuncay Aktaş:1:14829,2618880,43,192937,1793,29,38.764723865912636,39.13331006978734,none,684130
Atak,23,1852,2016,3,1619,1360,259,6314,286,98,0,0,202,3776680,2214020,1535953,504680,110546,91700,100843,0,1566,726618,85444669,62871166,3026,22570477,22570477,1006554,328165463,113794,0,943717,2701092,0,5.0,1.0,2.0,1.0,1.0,647.7419357096774,676.590909,378.863636,380.18621706451614,639.0029326129032,1.47857,24.01196893548387,1.0,1.0,1.0,1.0,none,0:1.0500|1:0.9300|2:1.0300|3:0.9400|4:0.9500|5:1.1000|6:0.8200|,Zeynep Güneş:6:21904|Serap Karaca:4:50399|Tuncay Aktaş:1:14829,2219386,43,192937,1822,31,40.66939746020314,41.510096056246475,none,533681
Atak,23,1882,2016,4,1605,1356,249,6465,236,101,0,0,196,3977835,2416204,1546165,488400,106980,89733,98670,0,543,761839,92444502,66317100,1054967,25072435,25072435,1184334,354929670,113794,0,963011,2613960,0,5.0,1.0,2.0,1.0,1.0,646.5227275666667,684.545455,395.727273,391.1227272,644.9469697000001,1.495116,25.252876466666667,1.0,1.0,1.0,1.0,none,0:1.0500|1:0.9300|2:1.0300|3:0.9400|4:0.9500|5:1.1000|6:0.8200|,Zeynep Güneş:6:21904|Serap Karaca:4:50399|Tuncay Aktaş:1:14829,2461488,43,192937,1853,30,38.86951067603357,38.79143669250293,none,568902
Atak,23,1913,2016,5,1641,1358,283,6458,365,69,0,0,205,3965515,2353756,1590801,504680,110546,93746,103075,0,1538,777216,95115609,60378258,1040891,33696460,33696460,1004580,391929114,113794,0,982305,2731526,0,5.0,1.0,2.0,1.0,1.0,665.051319483871,692.272727,395.68181799999996,394.74340167741934,653.1539592580644,1.511305,23.687613838709677,1.0,1.0,1.0,1.0,none,0:1.0500|1:0.9300|2:1.0300|3:0.9400|4:0.9500|5:1.1000|6:0.8200|,Zeynep Güneş:6:21904|Serap Karaca:4:50399|Tuncay Aktaş:1:14829|Cengiz Güler:1:15217,2398386,43,192937,1883,31,40.115873978537465,40.503566204924105,none,584279
Atak,23,1943,2016,6,1617,1361,256,6446,199,62,0,0,220,3626838,2129442,1478737,488400,106980,91714,115980,0,1215,674448,85859227,58979692,1026553,25852982,25852982,1061244,420232607,121921,0,1002976,3773885,0,5.0,1.0,2.0,1.0,1.0,665.6060605333333,698.863636,390.2818183,392.1333333666667,660.8848485,1.528217,24.473816600000003,1.0,1.0,1.0,1.0,none,0:1.0500|1:0.9300|2:1.0300|3:0.9400|4:0.9500|5:1.1000|6:0.8200|,Zeynep Güneş:6:21904|Serap Karaca:4:50399|Tuncay Aktaş:1:14829|Cengiz Güler:1:15217|Fatma Kaya:1:13763|Mustafa Kaya:1:13956|Cengiz Erdoğan:2:26460,2135454,46,206719,1914,30,40.77207198115824,41.36444340857158,none,467729
Atak,23,1974,2016,7,1627,1386,241,6451,235,51,0,0,193,3789018,2221949,1548960,527180,115785,95824,121148,0,1326,687697,63428684,35305367,1011950,27111367,21786384,981118,412122052,121921,0,1023647,5196623,0,5.0,1.0,2.0,1.0,1.0,676.8475073225807,706.818182,402.1260994838709,397.2653959354839,668.9428154516129,1.544764,24.36934506451613,1.0,1.0,1.020737322580645,0.9937788064516129,0,0:1.0500|1:0.9300|2:1.0300|3:0.9400|4:0.9500|5:1.1000|6:0.8200|,Zeynep Güneş:6:23459|Serap Karaca:4:53975|Tuncay Aktaş:1:15881|Cengiz Güler:1:16296|Fatma Kaya:1:14739|Mustafa Kaya:1:14946|Cengiz Erdoğan:2:28337,2245324,50,206719,1944,31,40.88024918329762,40.58837550062506,none|0,480978
Atak,23,2005,2016,8,1596,1313,283,6253,329,41,0,0,219,3449144,2075187,1351333,527930,115785,96879,122512,0,1981,486246,42975652,22212687,997074,19765891,25090874,914368,424436049,121921,0,1044318,5196623,0,5.0,1.0,2.0,1.0,1.0,682.954545,715.0,419.5483870967742,412.8123167096774,676.5865100645162,1.562051,24.19132493548387,1.0,1.0,1.2413594516129032,0.9275921612903226,0,0:1.0500|1:0.9300|2:1.0300|3:0.9400|4:0.9500|5:1.1000|6:0.8200|,Zeynep Güneş:6:23459|Serap Karaca:4:53975|Tuncay Aktaş:1:15881|Cengiz Güler:1:16296|Fatma Kaya:1:14739|Mustafa Kaya:1:14946|Cengiz Erdoğan:2:28337,2143528,50,206719,1975,31,39.178793346986964,38.56862214793897,0,279527
Atak,23,2035,2016,9,1526,1251,275,5737,435,83,0,0,168,3679133,2291783,1369323,510900,112050,94804,104250,0,2241,545078,-11632714,-30154510,785,18521011,18521011,1123844,460785432,121921,0,1064989,5028990,0,5.0,1.0,2.0,1.0,1.0,688.2272728666667,723.1818179999999,432.0,426.61969693333333,682.4818185,1.579531,23.52518286666667,1.0,1.0,1.25,0.925,0,0:1.0500|1:0.9300|2:1.0300|3:0.9400|4:0.9500|5:1.1000|6:0.8200|,Zeynep Güneş:6:23459|Serap Karaca:4:53975|Tuncay Aktaş:1:15881|Cengiz Güler:1:16296|Fatma Kaya:1:14739|Mustafa Kaya:1:14946|Cengiz Erdoğan:2:28337,2335164,50,206719,2006,30,37.21863275940283,37.230037658839876,0,338359
Atak,23,2066,2016,10,1650,1342,308,6494,442,98,0,0,197,4265590,2667847,1577178,527930,115785,99019,108903,0,3215,722326,34522975,5561610,1001154,27960211,27960211,1179794,463139392,121921,0,1085660,5211777,0,5.0,1.0,2.0,1.0,1.0,692.1260997741934,731.1363640000001,430.81818170967745,430.4398827419355,688.8049854516129,1.596634,24.01919429032258,1.0,1.0,1.25,0.925,0,0:1.0500|1:0.9200|2:1.0300|3:0.9300|4:0.9400|5:1.1000|6:0.8200|,Zeynep Güneş:6:23459|Serap Karaca:4:53975|Tuncay Aktaş:1:15881|Cengiz Güler:1:16296|Fatma Kaya:1:14739|Mustafa Kaya:1:14946|Cengiz Erdoğan:2:28337|Esin Akgül:1:15154,2651046,52,206719,2036,31,36.974439643753854,37.754380039962065,0,515607
Atak,23,2096,2016,11,1577,1286,291,6006,386,66,0,0,199,3912204,2425419,1472697,510900,112050,96905,106560,0,942,645340,68062333,42394704,987721,24679908,24679908,1155648,461852254,121921,0,1106331,6247544,0,5.0,1.0,2.0,1.0,1.0,697.5151514,738.863636,432.818182,431.8121214,696.9999999333334,1.614501,24.30377286666667,1.0,1.0,1.25,0.925,0,0:1.0500|1:0.9250|2:1.0300|3:0.9350|4:0.9450|5:1.1000|6:0.8200|,Zeynep Güneş:6:23459|Serap Karaca:4:53975|Tuncay Aktaş:1:15881|Cengiz Güler:1:16296|Fatma Kaya:1:14739|Mustafa Kaya:1:14946|Cengiz Erdoğan:2:28337|Esin Akgül:1:15154|Burak Kara:1:14220|Seda Güneş:1:16192|Derya Tunç:1:14739,2427294,57,206719,2067,30,37.64366582110749,37.948561958649954,0,438621
Atak,23,2127,2016,12,1585,1306,279,5999,361,78,0,3,200,4182550,2653866,1505238,527930,115785,101220,122419,0,1873,636011,108574966,79128124,974439,28472403,28472403,1251914,457388896,130050,0,1128381,7080930,0,5.0,1.0,2.0,1.0,1.0,708.2038124516129,747.045455,450.2668623225806,444.718475032258,705.2404692258065,1.631982,25.009670741935484,1.0,1.0,1.25,0.925,0,0:1.0500|1:0.9300|2:1.0300|3:0.9400|4:0.9500|5:1.1000|6:0.8200|,Zeynep Güneş:6:23459|Serap Karaca:4:53975|Tuncay Aktaş:1:15881|Cengiz Güler:1:16296|Fatma Kaya:1:14739|Mustafa Kaya:1:14946|Cengiz Erdoğan:2:28337|Esin Akgül:1:15154|Burak Kara:1:14220|Seda Güneş:1:16192|Derya Tunç:1:14739,2705998,57,220500,2097,31,35.98852374747462,36.42128799562986,0,415511
Atak,23,2158,2017,1,1542,1242,300,5504,494,83,0,0,197,4109415,2620821,1466492,550430,121024,102335,123814,0,3884,565005,46417488,11759060,967707,33690721,33690721,1063728,508963166,130050,0,1150431,7664802,0,5.0,1.0,2.0,1.0,1.0,712.7272725483871,755.909091,446.5454545806452,447.225806483871,712.3460411290323,1.650245,24.45719422580645,0.9419354838709677,0.9419354838709677,1.2458870967741935,0.8729952903225807,1,0:1.0500|1:0.9300|2:1.0300|3:0.9400|4:0.9500|5:1.1000|6:0.8200|,Zeynep Güneş:6:24986|Serap Karaca:4:57492|Tuncay Aktaş:1:16916|Cengiz Güler:1:17358|Fatma Kaya:1:15700|Mustafa Kaya:1:15920|Cengiz Erdoğan:2:30183|Esin Akgül:1:16142|Burak Kara:1:15147|Seda Güneş:1:17247|Derya Tunç:1:15700|Yusuf Aktaş:1:15368,2663654,57,220500,2128,31,35.68614997511811,37.346938754847606,0|1,344505
Atak,23,2186,2017,2,1366,1086,280,4923,460,60,0,0,184,3576315,2257169,1299842,497840,109312,93411,112980,0,4282,482017,10700659,-10121147,953405,19868401,19868401,1099386,494513926,130050,0,1172481,7228424,0,5.0,1.0,2.0,1.0,1.0,724.7077925,763.4090910000001,455.2418831071428,452.45454553571426,721.21590925,1.667464,24.031343928571427,0.9,0.9,1.2237500000000001,0.7945446428571429,1,0:1.0500|1:0.9300|2:1.0300|3:0.9400|4:0.9500|5:1.1000|6:0.8200|,Zeynep Güneş:6:24986|Serap Karaca:4:57492|Tuncay Aktaş:1:16916|Cengiz Güler:1:17358|Fatma Kaya:1:15700|Mustafa Kaya:1:15920|Cengiz Erdoğan:2:30183|Esin Akgül:1:16142|Burak Kara:1:15147|Seda Güneş:1:17247|Derya Tunç:1:15700|Yusuf Aktaş:1:15368,2332822,61,220500,2159,28,36.34584761129822,37.18269793447228,1,261517
Atak,23,2217,2017,3,1693,1372,321,7123,377,67,0,2,235,4471630,2876330,1573927,551180,121024,104381,114793,0,4339,678210,53463667,28300555,5758,25157354,25157354,1372398,514198317,130050,0,1194531,8002898,0,5.0,1.0,2.0,1.0,1.0,717.9985337419355,770.681818,459.4384164516129,457.4780058387097,719.9999999032258,1.683171,28.22323270967742,0.9,0.9,1.1991666774193548,0.8,1,0:1.0500|1:0.9100|2:1.0300|3:0.9200|4:0.9300|5:1.1000|6:0.8200|,Zeynep Güneş:6:24986|Serap Karaca:4:57492|Tuncay Aktaş:1:16916|Cengiz Güler:1:17358|Fatma Kaya:1:15700|Mustafa Kaya:1:15920|Cengiz Erdoğan:2:30183|Esin Akgül:1:16142|Burak Kara:1:15147|Seda Güneş:1:17247|Derya Tunç:1:15700|Yusuf Aktaş:1:15368,2831054,61,220500,2187,31,35.19805976791461,36.01123193703552,1,457710
Atak,23,2247,2017,4,1540,1247,293,5653,485,41,0,0,202,3744005,2344843,1377304,533400,117120,102065,112260,0,2992,509467,78864446,42177396,914664,35772386,29011320,1041462,532216532,130050,0,1216581,8396377,0,5.0,1.0,2.0,1.0,1.0,734.1287878666667,778.863636,453.5090909333333,455.39545449999997,734.6666669,1.700734,25.752623966666665,0.9,0.9,1.1737499999999998,0.8,1,0:1.0500|1:0.9250|2:1.0300|3:0.9350|4:0.9450|5:1.1000|6:0.8200|,Zeynep Güneş:6:24986|Serap Karaca:4:57492|Tuncay Aktaş:1:16916|Cengiz Güler:1:17358|Fatma Kaya:1:15700|Mustafa Kaya:1:15920|Cengiz Erdoğan:2:30183|Esin Akgül:1:16142|Burak Kara:1:15147|Seda Güneş:1:17247|Derya Tunç:1:15700|Yusuf Aktaş:1:15368|Ufuk Kurt:1:15589|Hatice Kaya:2:30625|Hüseyin Özdemir:3:46877,2388642,61,220500,2218,30,36.786916684139044,38.22485939405769,1,288967
Atak,23,2278,2017,5,1607,1279,328,6107,497,46,0,0,224,4235760,2593045,1622388,551180,121024,106552,117149,0,2556,723927,75048364,44170623,902009,29975732,36736798,1225334,541458212,130050,0,1238631,11551413,0,5.0,1.0,2.0,1.0,1.0,744.7800587741935,785.681818,452.4017594516129,453.35777125806453,741.3475074193549,1.717904,25.21160551612903,0.9,0.9,1.1483333225806451,0.8,1,0:1.0500|1:0.9300|2:1.0300|3:0.9400|4:0.9500|5:1.1000|6:0.8200|,Zeynep Güneş:6:24986|Serap Karaca:4:57492|Tuncay Aktaş:1:16916|Cengiz Güler:1:17358|Fatma Kaya:1:15700|Mustafa Kaya:1:15920|Cengiz Erdoğan:2:30183|Esin Akgül:1:16142|Burak Kara:1:15147|Seda Güneş:1:17247|Derya Tunç:1:15700|Yusuf Aktaş:1:15368|Ufuk Kurt:1:15589|Hatice Kaya:2:30625|Hüseyin Özdemir:3:46877|Tuncay Sarı:1:14925|Nazlı Kocabaş:1:17911,2629826,65,220500,2248,31,38.30217009462292,39.256998878809334,1,503427
Atak,23,2308,2017,6,1550,1250,300,5738,474,56,0,3,197,3492346,2108985,1364631,533400,117120,104195,131760,0,3125,475031,72864540,42276503,889128,29698909,29698909,964396,553590197,138178,0,1262059,11547973,0,5.0,1.0,2.0,1.0,1.0,752.4924239333334,794.545455,455.4909090333333,454.2121212,747.4015150333333,1.735829,24.73797676666667,0.9,0.9,1.1229166666666666,0.8,1,0:1.0500|1:0.9300|2:1.0300|3:0.9400|4:0.9500|5:1.1000|6:0.8200|,Zeynep Güneş:6:24986|Serap Karaca:4:57492|Tuncay Aktaş:1:16916|Cengiz Güler:1:17358|Fatma Kaya:1:15700|Mustafa Kaya:1:15920|Cengiz Erdoğan:2:30183|Esin Akgül:1:16142|Burak Kara:1:15147|Seda Güneş:1:17247|Derya Tunç:1:15700|Yusuf Aktaş:1:15368|Ufuk Kurt:1:15589|Hatice Kaya:2:30625|Hüseyin Özdemir:3:46877|Tuncay Sarı:1:14925|Nazlı Kocabaş:1:17911,2108638,73,234281,2279,30,39.07490838536617,39.469037222667474,1,240750
Atak,23,2339,2017,7,1595,1294,301,6546,420,53,0,0,199,4074990,2446382,1614177,517730,113652,108753,137516,0,45923,690603,66403975,30168352,876016,35359607,35359607,1151042,565856780,138178,0,1285487,13120044,0,4.645161290322581,1.0,2.0,0.6451612903225806,1.0,761.5469205483871,802.272727,454.3255131612903,454.43401758064516,757.0351907741936,1.753354,25.429315580645163,0.9,0.9,1.0975,0.8,1,0:1.0500|1:0.9300|2:1.0300|3:0.9400|4:0.9500|5:1.1000|6:0.8200|,Zeynep Güneş:6:26640|Serap Karaca:4:61297|Tuncay Aktaş:1:18036|Cengiz Güler:1:18507|Fatma Kaya:1:16738|Mustafa Kaya:1:16975|Cengiz Erdoğan:2:32181|Esin Akgül:1:17210|Burak Kara:1:16149|Seda Güneş:1:18388|Derya Tunç:1:16738|Yusuf Aktaş:1:16384|Ufuk Kurt:1:16621|Hatice Kaya:2:32652|Hüseyin Özdemir:3:49980|Tuncay Sarı:1:15914|Nazlı Kocabaş:1:19097|Ahmet Doğan:1:18388|Burak Çetin:2:34774,2479478,73,234281,2309,31,39.611802728350256,40.341756902630216,1,456322
Atak,23,2370,2017,8,1568,1254,314,6087,485,66,0,0,214,4218999,2551427,1646389,664330,146475,109870,138942,0,6668,580104,65759685,34295881,862671,30601133,30601133,1088698,594274199,138178,0,1308915,15523431,0,5.0,1.0,2.0,1.0,1.0,769.9486804838709,810.681818,469.33577712903224,464.6700880322581,765.5982405161291,1.7716490000000003,24.44966570967742,0.9,0.9,1.0716666774193546,0.8,1,0:1.0500|1:0.9300|2:1.0300|3:0.9400|4:0.9500|5:1.1000|6:0.8200|,Zeynep Güneş:6:26640|Serap Karaca:4:61297|Tuncay Aktaş:1:18036|Cengiz Güler:1:18507|Fatma Kaya:1:16738|Mustafa Kaya:1:16975|Cengiz Erdoğan:2:32181|Esin Akgül:1:17210|Burak Kara:1:16149|Seda Güneş:1:18388|Derya Tunç:1:16738|Yusuf Aktaş:1:16384|Ufuk Kurt:1:16621|Hatice Kaya:2:32652|Hüseyin Özdemir:3:49980|Tuncay Sarı:1:15914|Nazlı Kocabaş:1:19097|Ahmet Doğan:1:18388|Burak Çetin:2:34774|Emine Yavuz:1:18271|Dilek Yıldız:2:33713|Serap Tunç:3:48919|Halil Turan:1:17682,2557860,76,234281,2340,31,39.02321380024029,39.04323898132014,1,345823
Atak,23,2400,2017,9,1505,1200,305,5598,435,66,0,0,214,4227570,2580631,1603621,642900,141750,107436,118140,0,3096,590299,96764463,64249531,2418,32512514,32512514,1261446,603576062,138178,0,1332343,17886417,0,5.0,1.0,2.0,1.0,1.0,765.2348486333334,819.545455,461.0015151,463.3272727666666,770.4666667333333,1.790134,25.4432083,0.9,0.9,1.04625,0.8,1,0:1.0500|1:0.9300|2:1.0300|3:0.9400|4:0.9500|5:1.1000|6:0.8200|,Zeynep Güneş:6:26640|Serap Karaca:4:61297|Tuncay Aktaş:1:18036|Cengiz Güler:1:18507|Fatma Kaya:1:16738|Mustafa Kaya:1:16975|Cengiz Erdoğan:2:32181|Esin Akgül:1:17210|Burak Kara:1:16149|Seda Güneş:1:18388|Derya Tunç:1:16738|Yusuf Aktaş:1:16384|Ufuk Kurt:1:16621|Hatice Kaya:2:32652|Hüseyin Özdemir:3:49980|Tuncay Sarı:1:15914|Nazlı Kocabaş:1:19097|Ahmet Doğan:1:18388|Burak Çetin:2:34774|Emine Yavuz:1:18271|Dilek Yıldız:2:33713|Serap Tunç:3:48919|Halil Turan:1:17682|Özlem Soylu:1:16621,2601846,77,234281,2371,30,37.932452922127844,39.75685818238376,1,356018
Atak,23,2431,2017,10,1480,1116,364,4991,617,47,0,0,205,3773670,2272027,1478167,664330,146475,112134,123318,0,1842,430068,85141042,40212079,1718759,43210204,43210204,1121248,619121879,138178,0,1355771,18630816,0,5.0,1.0,2.0,1.0,1.0,786.3196478387098,827.727273,475.5146627741936,470.67155425806453,782.6788856129032,1.808208,23.29700541935484,0.9,0.9,1.0208333225806452,0.8,1,0:1.0500|1:0.9300|2:1.0300|3:0.9400|4:0.9500|5:1.1000|6:0.8200|,Zeynep Güneş:6:26640|Serap Karaca:4:61297|Tuncay Aktaş:1:18036|Cengiz Güler:1:18507|Fatma Kaya:1:16738|Mustafa Kaya:1:16975|Cengiz Erdoğan:2:32181|Esin Akgül:1:17210|Burak Kara:1:16149|Seda Güneş:1:18388|Derya Tunç:1:16738|Yusuf Aktaş:1:16384|Ufuk Kurt:1:16621|Hatice Kaya:2:32652|Hüseyin Özdemir:3:49980|Tuncay Sarı:1:15914|Nazlı Kocabaş:1:19097|Ahmet Doğan:1:18388|Burak Çetin:2:34774|Emine Yavuz:1:18271|Dilek Yıldız:2:33713|Serap Tunç:3:48919|Halil Turan:1:17682|Özlem Soylu:1:16621|Ebru Er:1:16975|Volkan Akgül:2:31355,2396044,79,234281,2401,31,39.170542204273296,39.52654444268301,1,195787
Atak,23,2461,2017,11,1409,1106,303,5252,487,55,0,0,183,3901208,2352771,1522822,642900,141750,109657,120600,0,2459,505456,76232890,41170309,841012,34221569,34221569,1106556,640522890,138178,0,1379199,19386180,0,5.0,1.0,2.0,1.0,1.0,788.7499998333334,836.136364,475.2075757,473.8712121666667,790.2409090666666,1.827075,23.919228933333333,0.9,0.9,1.00125,0.8,1,0:1.0500|1:0.9300|2:1.0300|3:0.9400|4:0.9500|5:1.1000|6:0.8200|,Zeynep Güneş:6:26640|Serap Karaca:4:61297|Tuncay Aktaş:1:18036|Cengiz Güler:1:18507|Fatma Kaya:1:16738|Mustafa Kaya:1:16975|Cengiz Erdoğan:2:32181|Esin Akgül:1:17210|Burak Kara:1:16149|Seda Güneş:1:18388|Derya Tunç:1:16738|Yusuf Aktaş:1:16384|Ufuk Kurt:1:16621|Hatice Kaya:2:32652|Hüseyin Özdemir:3:49980|Tuncay Sarı:1:15914|Nazlı Kocabaş:1:19097|Ahmet Doğan:1:18388|Burak Çetin:2:34774|Emine Yavuz:1:18271|Dilek Yıldız:2:33713|Serap Tunç:3:48919|Halil Turan:1:17682|Özlem Soylu:1:16621|Ebru Er:1:16975|Volkan Akgül:2:31355,2349308,82,234281,2432,30,39.03462722315754,39.751812893766896,1,271175
Atak,23,2492,2017,12,1500,1160,340,5246,465,68,0,0,223,4260633,2527893,1705939,664330,146475,114460,138446,0,5908,636320,143845297,91749577,828474,51267246,40242894,1152150,679036007,146306,0,1404005,20068418,0,5.0,1.0,2.0,1.0,1.0,803.3504397096774,845.227273,473.636364,473.66275677419355,798.7463342258064,1.845521,23.03481412903226,0.9580645161290322,0.9580645161290322,1.0,0.8329032258064516,none,0:1.0500|1:0.9300|2:1.0300|3:0.9400|4:0.9500|5:1.1000|6:0.8200|,Zeynep Güneş:6:26640|Serap Karaca:4:61297|Tuncay Aktaş:1:18036|Cengiz Güler:1:18507|Fatma Kaya:1:16738|Mustafa Kaya:1:16975|Cengiz Erdoğan:2:32181|Esin Akgül:1:17210|Burak Kara:1:16149|Seda Güneş:1:18388|Derya Tunç:1:16738|Yusuf Aktaş:1:16384|Ufuk Kurt:1:16621|Hatice Kaya:2:32652|Hüseyin Özdemir:3:49980|Tuncay Sarı:1:15914|Nazlı Kocabaş:1:19097|Ahmet Doğan:1:18388|Burak Çetin:2:34774|Emine Yavuz:1:18271|Dilek Yıldız:2:33713|Serap Tunç:3:48919|Halil Turan:1:17682|Özlem Soylu:1:16621|Ebru Er:1:16975|Volkan Akgül:2:31355,2503200,82,248062,2462,31,40.03956689064747,41.04237197266397,1|none,388258
Atak,23,2523,2018,1,1578,1298,280,6120,296,112,0,0,214,5232555,3159954,2047357,686830,151714,115663,139903,0,6626,946621,69253154,33819228,816343,34617583,45641935,1440108,702048642,146306,0,1428811,21149378,0,5.0,1.0,2.0,1.0,1.0,807.3460410967742,854.090909,487.045455,483.1979471935484,808.0747800645161,1.864777,24.12486435483871,1.0,1.0,1.0,0.983225806451613,none,0:1.0500|1:0.9300|2:1.0300|3:0.9400|4:0.9500|5:1.1000|6:0.8200|,Zeynep Güneş:6:28126|Serap Karaca:4:64714|Tuncay Aktaş:1:19041|Cengiz Güler:1:19539|Fatma Kaya:1:17672|Mustafa Kaya:1:17921|Cengiz Erdoğan:2:33975|Esin Akgül:1:18169|Burak Kara:1:17050|Seda Güneş:1:19414|Derya Tunç:1:17672|Yusuf Aktaş:1:17298|Ufuk Kurt:1:17548|Hatice Kaya:2:34473|Hüseyin Özdemir:3:52767|Tuncay Sarı:1:16801|Nazlı Kocabaş:1:20161|Ahmet Doğan:1:19414|Burak Çetin:2:36713|Emine Yavuz:1:19290|Dilek Yıldız:2:35592|Serap Tunç:3:51647|Halil Turan:1:18668|Özlem Soylu:1:17548|Ebru Er:1:17921|Volkan Akgül:2:33104,3243888,82,248062,2493,31,39.12729058748546,39.6732714093263,none,698559
Atak,23,2551,2018,2,1584,1302,282,6374,294,109,0,0,230,5432040,3199542,2211183,621040,137032,105394,127484,0,11751,1208482,68055690,31062068,811375,36182247,36182247,1696080,720673920,146306,0,1453617,19102664,0,5.0,1.0,2.0,1.0,1.0,818.9853898214286,861.363636,480.227273,482.0860389642857,814.1233764285714,1.8813790000000001,24.812142249999997,1.0,1.0,1.0,1.0,2,0:1.0500|1:0.9300|2:1.0300|3:0.9400|4:0.9500|5:1.1000|6:0.8200|,Zeynep Güneş:6:28126|Serap Karaca:4:64714|Tuncay Aktaş:1:19041|Cengiz Güler:1:19539|Fatma Kaya:1:17672|Mustafa Kaya:1:17921|Cengiz Erdoğan:2:33975|Esin Akgül:1:18169|Burak Kara:1:17050|Seda Güneş:1:19414|Derya Tunç:1:17672|Yusuf Aktaş:1:17298|Ufuk Kurt:1:17548|Hatice Kaya:2:34473|Hüseyin Özdemir:3:52767|Tuncay Sarı:1:16801|Nazlı Kocabaş:1:20161|Ahmet Doğan:1:19414|Burak Çetin:2:36713|Emine Yavuz:1:19290|Dilek Yıldız:2:35592|Serap Tunç:3:51647|Halil Turan:1:18668|Özlem Soylu:1:17548|Ebru Er:1:17921|Volkan Akgül:2:33104,3143672,88,248062,2524,28,40.706309231890785,41.36314530535048,none|2,960420
Atak,23,2582,2018,3,1225,977,248,4802,258,12,0,0,204,4010260,2346831,1637858,687580,151714,117617,129332,0,18933,532682,58198155,22867583,798242,34532330,34532330,964032,730934887,146306,0,1478423,21149378,0,5.0,1.0,2.0,1.0,1.0,826.2903228064516,867.954545,486.409091,484.55718477419356,821.2932550967741,1.896501,24.070086,1.0,1.0,1.0,1.0,2,0:1.0500|1:0.9300|2:1.0300|3:0.9400|4:0.9500|5:1.1000|6:0.8200|,Zeynep Güneş:6:28126|Serap Karaca:4:64714|Tuncay Aktaş:1:19041|Cengiz Güler:1:19539|Fatma Kaya:1:17672|Mustafa Kaya:1:17921|Cengiz Erdoğan:2:33975|Esin Akgül:1:18169|Burak Kara:1:17050|Seda Güneş:1:19414|Derya Tunç:1:17672|Yusuf Aktaş:1:17298|Ufuk Kurt:1:17548|Hatice Kaya:2:34473|Hüseyin Özdemir:3:52767|Tuncay Sarı:1:16801|Nazlı Kocabaş:1:20161|Ahmet Doğan:1:19414|Burak Çetin:2:36713|Emine Yavuz:1:19290|Dilek Yıldız:2:35592|Serap Tunç:3:51647|Halil Turan:1:18668|Özlem Soylu:1:17548|Ebru Er:1:17921|Volkan Akgül:2:33104,2482854,93,248062,2552,31,40.84169106242488,41.133391306346525,2,284620
Atak,23,2612,2018,4,1103,902,201,4468,220,44,0,0,170,3603689,2129056,1454601,665400,146820,114843,126270,0,17744,383524,56817326,15845293,6246,40965787,40965787,934644,700496632,146306,0,1503229,20467140,0,5.0,1.0,2.0,1.0,1.0,828.7121213666667,875.6818179999999,493.045455,489.8833333666667,829.3515154666667,1.9133850000000001,24.6479443,1.0,1.0,1.0,1.0,2,0:1.0500|1:0.9300|2:1.0300|3:0.9400|4:0.9500|5:1.1000|6:0.8200|,Zeynep Güneş:6:28126|Serap Karaca:4:64714|Tuncay Aktaş:1:19041|Cengiz Güler:1:19539|Fatma Kaya:1:17672|Mustafa Kaya:1:17921|Cengiz Erdoğan:2:33975|Esin Akgül:1:18169|Burak Kara:1:17050|Seda Güneş:1:19414|Derya Tunç:1:17672|Yusuf Aktaş:1:17298|Ufuk Kurt:1:17548|Hatice Kaya:2:34473|Hüseyin Özdemir:3:52767|Tuncay Sarı:1:16801|Nazlı Kocabaş:1:20161|Ahmet Doğan:1:19414|Burak Çetin:2:36713|Emine Yavuz:1:19290|Dilek Yıldız:2:35592|Serap Tunç:3:51647|Halil Turan:1:18668|Özlem Soylu:1:17548|Ebru Er:1:17921|Volkan Akgül:2:33104,2130456,94,248062,2583,30,40.36422121886766,40.50461646598141,2,135462
Atak,23,2643,2018,5,1257,1018,239,5245,206,37,0,0,200,4291480,2529475,1737670,687580,151714,119694,131626,0,16359,630697,105350567,65066890,799865,39483812,39483812,1212246,723512024,146306,0,1528035,21149378,0,5.0,1.0,2.0,1.0,1.0,834.7140764193548,883.409091,491.954545,491.284457483871,834.9325513870967,1.929868,24.93380612903226,1.0,1.0,1.0,1.0,2,0:1.0500|1:0.9300|2:1.0300|3:0.9400|4:0.9500|5:1.1000|6:0.8200|,Zeynep Güneş:6:28126|Serap Karaca:4:64714|Tuncay Aktaş:1:19041|Cengiz Güler:1:19539|Fatma Kaya:1:17672|Mustafa Kaya:1:17921|Cengiz Erdoğan:2:33975|Esin Akgül:1:18169|Burak Kara:1:17050|Seda Güneş:1:19414|Derya Tunç:1:17672|Yusuf Aktaş:1:17298|Ufuk Kurt:1:17548|Hatice Kaya:2:34473|Hüseyin Özdemir:3:52767|Tuncay Sarı:1:16801|Nazlı Kocabaş:1:20161|Ahmet Doğan:1:19414|Burak Çetin:2:36713|Emine Yavuz:1:19290|Dilek Yıldız:2:35592|Serap Tunç:3:51647|Halil Turan:1:18668|Özlem Soylu:1:17548|Ebru Er:1:17921|Volkan Akgül:2:33104,2571624,94,248062,2613,31,40.49115922711978,41.06310664960617,2,382635
Atak,23,2673,2018,6,1297,1050,247,5331,221,40,0,0,209,4163226,2470610,1660854,665400,146820,116854,147780,0,19097,564903,112125077,68402585,788698,42933794,42933794,1028760,771847709,154434,0,1554219,20505777,0,5.0,1.0,2.0,1.0,1.0,848.7575759666666,890.909091,511.227273,504.6469696666666,842.9787877333333,1.94705,24.035938733333335,1.0,1.0,1.0,1.0,2,0:1.0500|1:0.9300|2:1.0300|3:0.9400|4:0.9500|5:1.1000|6:0.8200|,Zeynep Güneş:6:28126|Serap Karaca:4:64714|Tuncay Aktaş:1:19041|Cengiz Güler:1:19539|Fatma Kaya:1:17672|Mustafa Kaya:1:17921|Cengiz Erdoğan:2:33975|Esin Akgül:1:18169|Burak Kara:1:17050|Seda Güneş:1:19414|Derya Tunç:1:17672|Yusuf Aktaş:1:17298|Ufuk Kurt:1:17548|Hatice Kaya:2:34473|Hüseyin Özdemir:3:52767|Tuncay Sarı:1:16801|Nazlı Kocabaş:1:20161|Ahmet Doğan:1:19414|Burak Çetin:2:36713|Emine Yavuz:1:19290|Dilek Yıldız:2:35592|Serap Tunç:3:51647|Halil Turan:1:18668|Özlem Soylu:1:17548|Ebru Er:1:17921|Volkan Akgül:2:33104,2496750,94,261844,2644,30,39.893438405697886,39.76757469083522,2,303059
Atak,23,2704,2018,7,1372,1133,239,5731,212,30,0,0,203,4347109,2595618,1734202,710080,156922,121803,154008,0,16511,574878,20097937,-26492259,777331,45812865,45812865,897258,816015058,154434,0,1580403,22347125,0,5.0,1.0,2.0,1.0,1.0,850.3225801935484,898.409091,509.9897356774194,509.0791788387097,850.2697945806452,1.963822,24.793915322580645,1.0,1.0,1.0,1.0,2,0:1.0500|1:0.9300|2:1.0300|3:0.9400|4:0.9500|5:1.1000|6:0.8200|,Zeynep Güneş:6:29718|Serap Karaca:4:68379|Tuncay Aktaş:1:20119|Cengiz Güler:1:20645|Fatma Kaya:1:18673|Mustafa Kaya:1:18936|Cengiz Erdoğan:2:35899|Esin Akgül:1:19198|Burak Kara:1:18015|Seda Güneş:1:20514|Derya Tunç:1:18673|Yusuf Aktaş:1:18278|Ufuk Kurt:1:18542|Hatice Kaya:2:36425|Hüseyin Özdemir:3:55755|Tuncay Sarı:1:17753|Nazlı Kocabaş:1:21303|Ahmet Doğan:1:20514|Burak Çetin:2:38792|Emine Yavuz:1:20383|Dilek Yıldız:2:37609|Serap Tunç:3:54571|Halil Turan:1:19725|Özlem Soylu:1:18542|Ebru Er:1:18936|Volkan Akgül:2:34979,2453160,92,261844,2674,31,39.893225589696506,40.023968837645505,2,313034
Atak,23,2735,2018,8,1322,1078,244,5538,208,34,0,0,200,4029769,2378450,1636377,710830,156922,122888,155403,0,15314,475020,85807982,41306584,765762,43735636,43735636,1079730,906331945,154434,0,1606587,22347125,0,5.0,1.0,2.0,1.0,1.0,856.3636362903226,907.045455,507.68181799999996,508.70527854838707,858.0938415483871,1.9813059999999998,24.40384064516129,1.0,1.0,1.0,1.0,2,0:1.0500|1:0.9300|2:1.0300|3:0.9400|4:0.9500|5:1.1000|6:0.8200|,Zeynep Güneş:6:29718|Serap Karaca:4:68379|Tuncay Aktaş:1:20119|Cengiz Güler:1:20645|Fatma Kaya:1:18673|Mustafa Kaya:1:18936|Cengiz Erdoğan:2:35899|Esin Akgül:1:19198|Burak Kara:1:18015|Seda Güneş:1:20514|Derya Tunç:1:18673|Yusuf Aktaş:1:18278|Ufuk Kurt:1:18542|Hatice Kaya:2:36425|Hüseyin Özdemir:3:55755|Tuncay Sarı:1:17753|Nazlı Kocabaş:1:21303|Ahmet Doğan:1:20514|Burak Çetin:2:38792|Emine Yavuz:1:20383|Dilek Yıldız:2:37609|Serap Tunç:3:54571|Halil Turan:1:19725|Özlem Soylu:1:18542|Ebru Er:1:18936|Volkan Akgül:2:34979,2309610,92,261844,2705,31,40.60721594711757,40.71656052571028,2,213176
Atak,23,2765,2018,9,1328,1082,246,5070,282,44,0,0,199,4321795,2554517,1735471,687900,151860,119974,131940,0,12719,631078,78804091,29736435,753986,48313670,39277554,1252070,839892928,154434,0,1632771,21626250,0,5.0,1.0,2.0,1.0,1.0,873.4015155,915.454545,521.636364,517.2106060333333,863.1454543333333,1.998945,23.470220666666666,1.0,1.0,1.0,1.0,2,0:1.0500|1:0.9300|2:1.0300|3:0.9400|4:0.9500|5:1.1000|6:0.8200|,Zeynep Güneş:6:29718|Serap Karaca:4:68379|Tuncay Aktaş:1:20119|Cengiz Güler:1:20645|Fatma Kaya:1:18673|Mustafa Kaya:1:18936|Cengiz Erdoğan:2:35899|Esin Akgül:1:19198|Burak Kara:1:18015|Seda Güneş:1:20514|Derya Tunç:1:18673|Yusuf Aktaş:1:18278|Ufuk Kurt:1:18542|Hatice Kaya:2:36425|Hüseyin Özdemir:3:55755|Tuncay Sarı:1:17753|Nazlı Kocabaş:1:21303|Ahmet Doğan:1:20514|Burak Çetin:2:38792|Emine Yavuz:1:20383|Dilek Yıldız:2:37609|Serap Tunç:3:54571|Halil Turan:1:19725|Özlem Soylu:1:18542|Ebru Er:1:18936|Volkan Akgül:2:34979,2644912,97,261844,2736,30,40.1562545192449,40.27530812087308,2,369234
Atak,23,2796,2018,10,1352,1088,264,5661,282,65,0,0,198,5027600,3007592,1998150,710830,156922,125028,137516,0,14316,853538,62799956,24307113,742001,37750842,46786958,1276266,828357158,154434,0,1658955,22347125,0,5.0,1.0,2.0,1.0,1.0,870.8064513870968,922.954545,519.727273,519.5586510967742,870.369501483871,2.016165,24.395176032258064,1.0,1.0,1.0,1.0,2,0:1.0500|1:0.9300|2:1.0300|3:0.9400|4:0.9500|5:1.1000|6:0.8200|,Zeynep Güneş:6:29718|Serap Karaca:4:68379|Tuncay Aktaş:1:20119|Cengiz Güler:1:20645|Fatma Kaya:1:18673|Mustafa Kaya:1:18936|Cengiz Erdoğan:2:35899|Esin Akgül:1:19198|Burak Kara:1:18015|Seda Güneş:1:20514|Derya Tunç:1:18673|Yusuf Aktaş:1:18278|Ufuk Kurt:1:18542|Hatice Kaya:2:36425|Hüseyin Özdemir:3:55755|Tuncay Sarı:1:17753|Nazlı Kocabaş:1:21303|Ahmet Doğan:1:20514|Burak Çetin:2:38792|Emine Yavuz:1:20383|Dilek Yıldız:2:37609|Serap Tunç:3:54571|Halil Turan:1:19725|Özlem Soylu:1:18542|Ebru Er:1:18936|Volkan Akgül:2:34979,3003088,102,261844,2766,31,39.743615243853924,40.31655689135825,2,591694
Atak,23,2826,2018,11,1251,1013,238,5002,177,47,0,0,198,4027005,2387432,1613545,687900,151860,122075,134250,0,13778,503682,60305022,20742829,729802,38832391,38832391,1011306,827853552,154434,0,1685139,21626250,0,5.0,1.0,2.0,1.0,1.0,875.6287877333333,931.8181820000001,521.363636,520.2318182,879.4303030666667,2.034115,26.191501300000002,1.0,1.0,1.0,1.0,2,0:1.0500|1:0.9300|2:1.0300|3:0.9400|4:0.9500|5:1.1000|6:0.8200|,Zeynep Güneş:6:29718|Serap Karaca:4:68379|Tuncay Aktaş:1:20119|Cengiz Güler:1:20645|Fatma Kaya:1:18673|Mustafa Kaya:1:18936|Cengiz Erdoğan:2:35899|Esin Akgül:1:19198|Burak Kara:1:18015|Seda Güneş:1:20514|Derya Tunç:1:18673|Yusuf Aktaş:1:18278|Ufuk Kurt:1:18542|Hatice Kaya:2:36425|Hüseyin Özdemir:3:55755|Tuncay Sarı:1:17753|Nazlı Kocabaş:1:21303|Ahmet Doğan:1:20514|Burak Çetin:2:38792|Emine Yavuz:1:20383|Dilek Yıldız:2:37609|Serap Tunç:3:54571|Halil Turan:1:19725|Özlem Soylu:1:18542|Ebru Er:1:18936|Volkan Akgül:2:34979,2465274,103,261844,2797,30,40.06811513767676,40.45837193754099,2,241838
Atak,23,2857,2018,12,1086,875,211,4553,228,26,0,0,160,4244235,2515167,1708706,710830,156922,127230,153915,0,14452,545357,79861113,34463625,1329,45396159,45396159,799110,809910588,167439,0,1713528,22407446,0,5.0,1.0,2.0,1.0,1.0,896.1217010645161,939.318182,533.772727,528.5982405161291,887.8475071612904,2.051637,24.39952522580645,1.0,1.0,1.0,1.0,2,0:1.0500|1:0.9300|2:1.0300|3:0.9400|4:0.9500|5:1.1000|6:0.8200|,Zeynep Güneş:6:29718|Serap Karaca:4:68379|Tuncay Aktaş:1:20119|Cengiz Güler:1:20645|Fatma Kaya:1:18673|Mustafa Kaya:1:18936|Cengiz Erdoğan:2:35899|Esin Akgül:1:19198|Burak Kara:1:18015|Seda Güneş:1:20514|Derya Tunç:1:18673|Yusuf Aktaş:1:18278|Ufuk Kurt:1:18542|Hatice Kaya:2:36425|Hüseyin Özdemir:3:55755|Tuncay Sarı:1:17753|Nazlı Kocabaş:1:21303|Ahmet Doğan:1:20514|Burak Çetin:2:38792|Emine Yavuz:1:20383|Dilek Yıldız:2:37609|Serap Tunç:3:54571|Halil Turan:1:19725|Özlem Soylu:1:18542|Ebru Er:1:18936|Volkan Akgül:2:34979,2113206,101,283894,2827,31,40.25945782926723,40.43524151173622,2,261463
Atak,23,2888,2019,1,1158,920,238,4615,262,46,0,0,189,4354748,2594562,1736436,746830,165292,128395,155279,0,15670,524970,56246252,16333572,731048,39181632,39181632,1014622,842276127,167439,0,1741917,24217076,0,5.0,1.0,2.0,1.0,1.0,896.6495601935484,947.272727,532.772727,531.5410556451612,893.5205278387098,2.069903,22.491163096774194,1.0,1.0,1.0,1.0,2,0:1.0500|1:0.9300|2:1.0300|3:0.9400|4:0.9500|5:1.1000|6:0.8200|,Zeynep Güneş:6:32205|Serap Karaca:4:74101|Tuncay Aktaş:1:21803|Cengiz Güler:1:22373|Fatma Kaya:1:20236|Mustafa Kaya:1:20520|Cengiz Erdoğan:2:38904|Esin Akgül:1:20805|Burak Kara:1:19523|Seda Güneş:1:22230|Derya Tunç:1:20236|Yusuf Aktaş:1:19808|Ufuk Kurt:1:20092|Hatice Kaya:2:39473|Hüseyin Özdemir:3:60421|Tuncay Sarı:1:19237|Nazlı Kocabaş:1:23085|Ahmet Doğan:1:22230|Burak Çetin:2:42038|Emine Yavuz:1:22088|Dilek Yıldız:2:40756|Serap Tunç:3:59138|Halil Turan:1:21375|Özlem Soylu:1:20092|Ebru Er:1:20520|Volkan Akgül:2:37905,2531734,100,283894,2858,31,39.874546127583045,40.581833678143205,2,241076
Atak,23,2916,2019,2,1044,839,205,4114,220,30,0,0,160,4166424,2487979,1660580,675640,149296,117511,142128,0,15204,560801,34281126,-4638876,720651,38199351,38199351,1246056,879419728,167439,0,1770306,21873488,0,5.0,1.0,2.0,1.0,1.0,914.9350647857143,959.7727270000001,549.5,543.3636363214285,907.5454544285715,2.097689,21.14113560714286,1.0,1.0,1.0,1.0,2,0:1.0500|1:0.9300|2:1.0300|3:0.9400|4:0.9500|5:1.1000|6:0.8200|,Zeynep Güneş:6:32205|Serap Karaca:4:74101|Tuncay Aktaş:1:21803|Cengiz Güler:1:22373|Fatma Kaya:1:20236|Mustafa Kaya:1:20520|Cengiz Erdoğan:2:38904|Esin Akgül:1:20805|Burak Kara:1:19523|Seda Güneş:1:22230|Derya Tunç:1:20236|Yusuf Aktaş:1:19808|Ufuk Kurt:1:20092|Hatice Kaya:2:39473|Hüseyin Özdemir:3:60421|Tuncay Sarı:1:19237|Nazlı Kocabaş:1:23085|Ahmet Doğan:1:22230|Burak Çetin:2:42038|Emine Yavuz:1:22088|Dilek Yıldız:2:40756|Serap Tunç:3:59138|Halil Turan:1:21375|Özlem Soylu:1:20092|Ebru Er:1:20520|Volkan Akgül:2:37905,2543502,100,283894,2889,28,39.856241227489086,39.94109296393644,2,276907
Atak,23,2947,2019,3,1084,864,220,4048,227,15,0,0,172,3586860,2163598,1401571,748030,165292,131683,144801,0,11203,200562,15861804,-26705807,710749,41856862,33517207,994316,833149430,167439,0,1798695,24217076,0,5.0,1.0,2.0,1.0,1.0,916.554252548387,971.818182,556.818182,552.7580645483871,918.2653957741935,2.1231059999999995,22.363259612903224,1.0,1.0,1.0,1.0,2,0:1.0500|1:0.9300|2:1.0300|3:0.9400|4:0.9500|5:1.1000|6:0.8200|,Zeynep Güneş:6:32205|Serap Karaca:4:74101|Tuncay Aktaş:1:21803|Cengiz Güler:1:22373|Fatma Kaya:1:20236|Mustafa Kaya:1:20520|Cengiz Erdoğan:2:38904|Esin Akgül:1:20805|Burak Kara:1:19523|Seda Güneş:1:22230|Derya Tunç:1:20236|Yusuf Aktaş:1:19808|Ufuk Kurt:1:20092|Hatice Kaya:2:39473|Hüseyin Özdemir:3:60421|Tuncay Sarı:1:19237|Nazlı Kocabaş:1:23085|Ahmet Doğan:1:22230|Burak Çetin:2:42038|Emine Yavuz:1:22088|Dilek Yıldız:2:40756|Serap Tunç:3:59138|Halil Turan:1:21375|Özlem Soylu:1:20092|Ebru Er:1:20520|Volkan Akgül:2:37905,2221316,102,283894,2917,31,39.075152082880294,39.24874818355565,2,-83332
Atak,23,2977,2019,4,898,718,180,3476,226,22,0,0,134,3270450,1911592,1345272,723900,159960,129146,142020,0,15621,174625,21287151,-13544296,711285,34120162,42459817,579070,816682412,167439,0,1827084,23435880,0,5.0,1.0,2.0,1.0,1.0,937.3333330333334,984.3181820000001,543.636364,548.6651514333333,929.6590909666667,2.151607,20.2650331,1.0,1.0,1.0,1.0,2,0:1.0500|1:0.9300|2:1.0300|3:0.9400|4:0.9500|5:1.1000|6:0.8200|,Zeynep Güneş:6:32205|Serap Karaca:4:74101|Tuncay Aktaş:1:21803|Cengiz Güler:1:22373|Fatma Kaya:1:20236|Mustafa Kaya:1:20520|Cengiz Erdoğan:2:38904|Esin Akgül:1:20805|Burak Kara:1:19523|Seda Güneş:1:22230|Derya Tunç:1:20236|Yusuf Aktaş:1:19808|Ufuk Kurt:1:20092|Hatice Kaya:2:39473|Hüseyin Özdemir:3:60421|Tuncay Sarı:1:19237|Nazlı Kocabaş:1:23085|Ahmet Doğan:1:22230|Burak Çetin:2:42038|Emine Yavuz:1:22088|Dilek Yıldız:2:40756|Serap Tunç:3:59138|Halil Turan:1:21375|Özlem Soylu:1:20092|Ebru Er:1:20520|Volkan Akgül:2:37905,1375556,98,283894,2948,30,41.13415585011237,42.00181036550556,2,-109269
Atak,23,3008,2019,5,1314,1034,280,5195,245,57,0,0,221,4648696,2728087,1893564,748030,165292,135188,148645,0,13594,682815,132047058,91276985,700234,40069839,40069839,1160520,859427658,167439,0,1855473,24217076,0,5.0,1.0,2.0,1.0,1.0,940.0659822258065,997.727273,553.590909,551.0073314516129,941.3958945483871,2.179552,21.977536096774195,1.0,1.0,1.0,1.0,2,0:1.0500|1:0.9300|2:1.0300|3:0.9400|4:0.9500|5:1.1000|6:0.8200|,Zeynep Güneş:6:32205|Serap Karaca:4:74101|Tuncay Aktaş:1:21803|Cengiz Güler:1:22373|Fatma Kaya:1:20236|Mustafa Kaya:1:20520|Cengiz Erdoğan:2:38904|Esin Akgül:1:20805|Burak Kara:1:19523|Seda Güneş:1:22230|Derya Tunç:1:20236|Yusuf Aktaş:1:19808|Ufuk Kurt:1:20092|Hatice Kaya:2:39473|Hüseyin Özdemir:3:60421|Tuncay Sarı:1:19237|Nazlı Kocabaş:1:23085|Ahmet Doğan:1:22230|Burak Çetin:2:42038|Emine Yavuz:1:22088|Dilek Yıldız:2:40756|Serap Tunç:3:59138|Halil Turan:1:21375|Özlem Soylu:1:20092|Ebru Er:1:20520|Volkan Akgül:2:37905,2681448,98,283894,2978,31,40.73322927547854,41.111483718487975,2,398921
Atak,23,3038,2019,6,1332,1050,282,5169,275,51,0,0,219,4163396,2438748,1700567,723900,159960,132597,167640,0,13119,503351,130954981,70032785,9017,60913179,48977482,1046968,921531536,180444,0,1886067,23502319,0,5.0,1.0,2.0,1.0,1.0,957.3712123666667,1010.6818179999999,571.1818179999999,564.9863636333333,953.4696969,2.20881,20.67384716666667,1.0,1.0,1.0,1.0,none,0:1.0500|1:0.9300|2:1.0300|3:0.9400|4:0.9500|5:1.1000|6:0.8200|,Zeynep Güneş:6:32205|Serap Karaca:4:74101|Tuncay Aktaş:1:21803|Cengiz Güler:1:22373|Fatma Kaya:1:20236|Mustafa Kaya:1:20520|Cengiz Erdoğan:2:38904|Esin Akgül:1:20805|Burak Kara:1:19523|Seda Güneş:1:22230|Derya Tunç:1:20236|Yusuf Aktaş:1:19808|Ufuk Kurt:1:20092|Hatice Kaya:2:39473|Hüseyin Özdemir:3:60421|Tuncay Sarı:1:19237|Nazlı Kocabaş:1:23085|Ahmet Doğan:1:22230|Burak Çetin:2:42038|Emine Yavuz:1:22088|Dilek Yıldız:2:40756|Serap Tunç:3:59138|Halil Turan:1:21375|Özlem Soylu:1:20092|Ebru Er:1:20520|Volkan Akgül:2:37905,2511638,98,305944,3009,30,40.845670217293765,40.3385217121777,2|none,197407
Atak,23,3069,2019,7,1417,1143,274,5781,234,37,0,0,228,4700133,2753229,1924807,784030,173662,138785,175491,0,14502,638337,92337685,44504041,863053,46970591,58906288,1215512,955895746,180444,0,1916661,26276685,0,5.0,1.0,2.0,1.0,1.0,969.4868037096775,1024.318182,572.3328448709677,570.3665688387097,963.7228738709678,2.237498,21.300537387096774,1.0,1.0,1.0,1.0,none,0:1.0500|1:0.9300|2:1.0300|3:0.9400|4:0.9500|5:1.1000|6:0.8200|,Zeynep Güneş:6:34944|Serap Karaca:4:80403|Tuncay Aktaş:1:23657|Cengiz Güler:1:24276|Fatma Kaya:1:21957|Mustafa Kaya:1:22266|Cengiz Erdoğan:2:42212|Esin Akgül:1:22574|Burak Kara:1:21183|Seda Güneş:1:24121|Derya Tunç:1:21957|Yusuf Aktaş:1:21493|Ufuk Kurt:1:21801|Hatice Kaya:2:42830|Hüseyin Özdemir:3:65560|Tuncay Sarı:1:20874|Nazlı Kocabaş:1:25049|Ahmet Doğan:1:24121|Burak Çetin:2:45613|Emine Yavuz:1:23966|Dilek Yıldız:2:44221|Serap Tunç:3:64168|Halil Turan:1:23193|Özlem Soylu:1:21801|Ebru Er:1:22266|Volkan Akgül:2:41129,2803160,99,305944,3039,31,40.9521815659259,40.96538058269862,none,332393
Atak,23,3100,2019,8,1477,1116,361,5491,456,47,0,3,246,4622840,2731255,1851634,785230,173662,140646,177847,0,16806,557443,109101520,60731268,852027,47518225,47518225,1159524,997206882,180444,0,1947255,26276685,0,5.0,1.0,2.0,1.0,1.0,980.8064519032258,1037.727273,589.181818,583.0131964516129,979.6099708387096,2.267534,20.710923322580648,0.9709677419354839,0.9709677419354839,1.0,0.9745967741935483,3,0:1.0500|1:0.9300|2:1.0300|3:0.9400|4:0.9500|5:1.1000|6:0.8200|,Zeynep Güneş:6:34944|Serap Karaca:4:80403|Tuncay Aktaş:1:23657|Cengiz Güler:1:24276|Fatma Kaya:1:21957|Mustafa Kaya:1:22266|Cengiz Erdoğan:2:42212|Esin Akgül:1:22574|Burak Kara:1:21183|Seda Güneş:1:24121|Derya Tunç:1:21957|Yusuf Aktaş:1:21493|Ufuk Kurt:1:21801|Hatice Kaya:2:42830|Hüseyin Özdemir:3:65560|Tuncay Sarı:1:20874|Nazlı Kocabaş:1:25049|Ahmet Doğan:1:24121|Burak Çetin:2:45613|Emine Yavuz:1:23966|Dilek Yıldız:2:44221|Serap Tunç:3:64168|Halil Turan:1:23193|Özlem Soylu:1:21801|Ebru Er:1:22266|Volkan Akgül:2:41129,2786498,101,305944,3070,31,40.05403604710524,39.928839491552054,none|3,251499
Atak,23,3130,2019,9,1313,978,335,4773,482,36,0,0,223,4573980,2723138,1817624,759900,168060,137940,151680,0,18154,581890,81598028,23434502,840759,57322767,57322767,1206814,987882271,180444,0,1977849,25429050,0,5.0,1.0,2.0,1.0,1.0,998.1060609666666,1051.136364,593.545455,590.5469697666666,995.4378789666666,2.297973,20.59412083333333,0.95,0.95,1.0,0.925,3,0:1.0500|1:0.9300|2:1.0300|3:0.9400|4:0.9500|5:1.1000|6:0.8200|,Zeynep Güneş:6:34944|Serap Karaca:4:80403|Tuncay Aktaş:1:23657|Cengiz Güler:1:24276|Fatma Kaya:1:21957|Mustafa Kaya:1:22266|Cengiz Erdoğan:2:42212|Esin Akgül:1:22574|Burak Kara:1:21183|Seda Güneş:1:24121|Derya Tunç:1:21957|Yusuf Aktaş:1:21493|Ufuk Kurt:1:21801|Hatice Kaya:2:42830|Hüseyin Özdemir:3:65560|Tuncay Sarı:1:20874|Nazlı Kocabaş:1:25049|Ahmet Doğan:1:24121|Burak Çetin:2:45613|Emine Yavuz:1:23966|Dilek Yıldız:2:44221|Serap Tunç:3:64168|Halil Turan:1:23193|Özlem Soylu:1:21801|Ebru Er:1:22266|Volkan Akgül:2:41129,2772364,104,305944,3101,30,39.73834603561887,40.5328273004223,3,275946
Atak,23,3161,2019,10,1296,942,354,4367,632,39,0,0,194,4183566,2441985,1716681,785230,173662,144398,158751,0,13579,441061,80153718,31596824,829243,47727651,47727651,1162328,1011229192,180444,0,2008443,26276685,0,5.0,1.0,2.0,1.0,1.0,1014.1788859354839,1065.227273,594.090909,592.2873900967742,1007.1700882580645,2.327819,19.35153870967742,0.95,0.95,1.0,0.925,3,0:1.0500|1:0.9300|2:1.0300|3:0.9400|4:0.9500|5:1.1000|6:0.8200|,Zeynep Güneş:6:34944|Serap Karaca:4:80403|Tuncay Aktaş:1:23657|Cengiz Güler:1:24276|Fatma Kaya:1:21957|Mustafa Kaya:1:22266|Cengiz Erdoğan:2:42212|Esin Akgül:1:22574|Burak Kara:1:21183|Seda Güneş:1:24121|Derya Tunç:1:21957|Yusuf Aktaş:1:21493|Ufuk Kurt:1:21801|Hatice Kaya:2:42830|Hüseyin Özdemir:3:65560|Tuncay Sarı:1:20874|Nazlı Kocabaş:1:25049|Ahmet Doğan:1:24121|Burak Çetin:2:45613|Emine Yavuz:1:23966|Dilek Yıldız:2:44221|Serap Tunç:3:64168|Halil Turan:1:23193|Özlem Soylu:1:21801|Ebru Er:1:22266|Volkan Akgül:2:41129,2500076,106,305944,3131,31,41.033916998082496,41.42148715194288,3,135117
Atak,23,3191,2019,11,1332,985,347,4812,593,40,0,0,197,4711050,2792659,1895720,759900,168060,141601,155700,0,14603,655856,105357725,55861326,817476,48678923,48678923,1276476,1050837533,180444,0,2039037,25429050,0,5.0,1.0,2.0,1.0,1.0,1026.2045453,1079.772727,612.909091,605.4787879333333,1020.6484849333334,2.359067,19.984035333333335,0.95,0.95,1.0,0.925,3,0:1.0500|1:0.9300|2:1.0300|3:0.9400|4:0.9500|5:1.1000|6:0.8200|,Zeynep Güneş:6:34944|Serap Karaca:4:80403|Tuncay Aktaş:1:23657|Cengiz Güler:1:24276|Fatma Kaya:1:21957|Mustafa Kaya:1:22266|Cengiz Erdoğan:2:42212|Esin Akgül:1:22574|Burak Kara:1:21183|Seda Güneş:1:24121|Derya Tunç:1:21957|Yusuf Aktaş:1:21493|Ufuk Kurt:1:21801|Hatice Kaya:2:42830|Hüseyin Özdemir:3:65560|Tuncay Sarı:1:20874|Nazlı Kocabaş:1:25049|Ahmet Doğan:1:24121|Burak Çetin:2:45613|Emine Yavuz:1:23966|Dilek Yıldız:2:44221|Serap Tunç:3:64168|Halil Turan:1:23193|Özlem Soylu:1:21801|Ebru Er:1:22266|Volkan Akgül:2:41129,2793240,107,305944,3162,30,40.239861601978326,40.27417888498803,3,349912
Atak,23,3222,2019,12,1348,994,354,4778,627,50,0,0,190,4862969,2880738,1959893,785230,173662,148214,179273,0,18686,654828,138343776,69031796,805450,68506530,68506530,1301404,1068065756,208080,0,2074317,26401297,0,5.0,1.0,2.0,1.0,1.0,1031.9354837419355,1093.863636,609.6363640000001,609.4662755806452,1031.190616,2.389707,20.427873612903227,0.95,0.95,1.0,0.925,3,0:1.0500|1:0.9300|2:1.0300|3:0.9400|4:0.9500|5:1.1000|6:0.8200|,Zeynep Güneş:6:34944|Serap Karaca:4:80403|Tuncay Aktaş:1:23657|Cengiz Güler:1:24276|Fatma Kaya:1:21957|Mustafa Kaya:1:22266|Cengiz Erdoğan:2:42212|Esin Akgül:1:22574|Burak Kara:1:21183|Seda Güneş:1:24121|Derya Tunç:1:21957|Yusuf Aktaş:1:21493|Ufuk Kurt:1:21801|Hatice Kaya:2:42830|Hüseyin Özdemir:3:65560|Tuncay Sarı:1:20874|Nazlı Kocabaş:1:25049|Ahmet Doğan:1:24121|Burak Çetin:2:45613|Emine Yavuz:1:23966|Dilek Yıldız:2:44221|Serap Tunç:3:64168|Halil Turan:1:23193|Özlem Soylu:1:21801|Ebru Er:1:22266|Volkan Akgül:2:41129,2901956,108,352800,3192,31,40.30239551187762,40.92301567251303,3,302028
Atak,23,3253,2020,1,1326,928,398,4602,540,38,0,0,250,4677667,2758727,1887093,861730,191456,150276,181691,0,19020,482920,63219749,14244492,2895,48972362,48972362,1120374,1112645682,208080,0,2109597,30139657,0,5.0,1.0,2.0,1.0,1.0,1047.6759532258063,1108.409091,613.545455,611.5190615161291,1046.0043988064517,2.421786,20.400504032258063,0.95,0.95,1.0,0.925,3,0:1.0500|1:0.9300|2:1.0300|3:0.9400|4:0.9500|5:1.1000|6:0.8200|,Zeynep Güneş:6:40082|Serap Karaca:4:92223|Tuncay Aktaş:1:27135|Cengiz Güler:1:27844|Fatma Kaya:1:25184|Mustafa Kaya:1:25539|Cengiz Erdoğan:2:48417|Esin Akgül:1:25894|Burak Kara:1:24298|Seda Güneş:1:27667|Derya Tunç:1:25184|Yusuf Aktaş:1:24652|Ufuk Kurt:1:25007|Hatice Kaya:2:49126|Hüseyin Özdemir:3:75198|Tuncay Sarı:1:23943|Nazlı Kocabaş:1:28731|Ahmet Doğan:1:27667|Burak Çetin:2:52319|Emine Yavuz:1:27490|Dilek Yıldız:2:50722|Serap Tunç:3:73602|Halil Turan:1:26603|Özlem Soylu:1:25007|Ebru Er:1:25539|Volkan Akgül:2:47176,2829264,109,352800,3223,31,40.34261096396986,41.437478534189275,3,130120
Atak,23,3282,2020,2,1242,889,353,4209,605,70,0,0,209,4809995,2851291,1935625,808520,179104,143831,173913,0,20960,609297,47656905,-207722,1142616,46722011,46722011,941014,1120134614,208080,0,2144877,28195163,0,5.0,1.0,2.0,1.0,1.0,1074.6551724482758,1134.318182,646.954545,635.0062695517241,1071.2492163103448,2.477969,19.39007303448276,0.95,0.95,1.0,0.925,3,0:1.0500|1:0.9300|2:1.0300|3:0.9400|4:0.9500|5:1.1000|6:0.8200|,Zeynep Güneş:6:40082|Serap Karaca:4:92223|Tuncay Aktaş:1:27135|Cengiz Güler:1:27844|Fatma Kaya:1:25184|Mustafa Kaya:1:25539|Cengiz Erdoğan:2:48417|Esin Akgül:1:25894|Burak Kara:1:24298|Seda Güneş:1:27667|Derya Tunç:1:25184|Yusuf Aktaş:1:24652|Ufuk Kurt:1:25007|Hatice Kaya:2:49126|Hüseyin Özdemir:3:75198|Tuncay Sarı:1:23943|Nazlı Kocabaş:1:28731|Ahmet Doğan:1:27667|Burak Çetin:2:52319|Emine Yavuz:1:27490|Dilek Yıldız:2:50722|Serap Tunç:3:73602|Halil Turan:1:26603|Özlem Soylu:1:25007|Ebru Er:1:25539|Volkan Akgül:2:47176,2624722,107,352800,3254,29,40.24172582299982,39.79887115546931,3,256497
Atak,23,3313,2020,3,1434,1029,405,5018,560,50,0,0,276,5273533,3131510,2123223,864280,191456,157071,172670,343,17663,720083,77607807,16751142,1131104,59725561,59725561,1011216,1118394174,208080,0,2180157,30139657,0,5.0,1.0,2.0,1.0,1.0,1095.3885633548387,1159.772727,653.8636359999999,648.9296187741935,1095.9222873548385,2.531706,20.367846258064517,0.95,0.95,1.0,0.925,3,0:1.0500|1:0.9300|2:1.0300|3:0.9400|4:0.9500|5:1.1000|6:0.8200|,Zeynep Güneş:6:40082|Serap Karaca:4:92223|Tuncay Aktaş:1:27135|Cengiz Güler:1:27844|Fatma Kaya:1:25184|Mustafa Kaya:1:25539|Cengiz Erdoğan:2:48417|Esin Akgül:1:25894|Burak Kara:1:24298|Seda Güneş:1:27667|Derya Tunç:1:25184|Yusuf Aktaş:1:24652|Ufuk Kurt:1:25007|Hatice Kaya:2:49126|Hüseyin Özdemir:3:75198|Tuncay Sarı:1:23943|Nazlı Kocabaş:1:28731|Ahmet Doğan:1:27667|Burak Çetin:2:52319|Emine Yavuz:1:27490|Dilek Yıldız:2:50722|Serap Tunç:3:73602|Halil Turan:1:26603|Özlem Soylu:1:25007|Ebru Er:1:25539|Volkan Akgül:2:47176,2691264,105,352800,3283,31,40.26186998355751,40.30760792340058,3,367283
Atak,23,3343,2020,4,1396,1002,394,4803,547,71,0,0,277,5045021,2992406,2029129,836400,185280,155546,170970,0,21285,659648,108732629,53209748,1119245,54403636,54403636,1560538,1156638072,208080,0,2215437,29167410,0,5.0,1.0,2.0,1.0,1.0,1119.1060609333333,1186.1363640000002,671.409091,664.0045454333334,1118.8727272666665,2.590438,20.808158533333334,0.95,0.95,1.0,0.925,3,0:1.0500|1:0.9300|2:1.0300|3:0.9400|4:0.9500|5:1.1000|6:0.8200|,Zeynep Güneş:6:40082|Serap Karaca:4:92223|Tuncay Aktaş:1:27135|Cengiz Güler:1:27844|Fatma Kaya:1:25184|Mustafa Kaya:1:25539|Cengiz Erdoğan:2:48417|Esin Akgül:1:25894|Burak Kara:1:24298|Seda Güneş:1:27667|Derya Tunç:1:25184|Yusuf Aktaş:1:24652|Ufuk Kurt:1:25007|Hatice Kaya:2:49126|Hüseyin Özdemir:3:75198|Tuncay Sarı:1:23943|Nazlı Kocabaş:1:28731|Ahmet Doğan:1:27667|Burak Çetin:2:52319|Emine Yavuz:1:27490|Dilek Yıldız:2:50722|Serap Tunç:3:73602|Halil Turan:1:26603|Özlem Soylu:1:25007|Ebru Er:1:25539|Volkan Akgül:2:47176,3069242,105,352800,3314,30,40.22042722914335,40.00487402954055,3,306848
Atak,23,3374,2020,5,1489,1076,413,5269,572,52,0,3,279,5473870,3253597,2198752,864280,191456,164330,180637,0,25817,772232,143995394,70749457,1108029,72137908,57948866,1401360,1207518945,208080,0,2250717,30139657,0,5.0,1.0,2.0,1.0,1.0,1146.8841644193546,1212.5,690.227273,683.1803519032258,1146.483871,2.648573,20.63394412903226,0.95,0.95,1.0,0.925,3,0:1.0500|1:0.9300|2:1.0300|3:0.9400|4:0.9500|5:1.1000|6:0.8200|,Zeynep Güneş:6:40082|Serap Karaca:4:92223|Tuncay Aktaş:1:27135|Cengiz Güler:1:27844|Fatma Kaya:1:25184|Mustafa Kaya:1:25539|Cengiz Erdoğan:2:48417|Esin Akgül:1:25894|Burak Kara:1:24298|Seda Güneş:1:27667|Derya Tunç:1:25184|Yusuf Aktaş:1:24652|Ufuk Kurt:1:25007|Hatice Kaya:2:49126|Hüseyin Özdemir:3:75198|Tuncay Sarı:1:23943|Nazlı Kocabaş:1:28731|Ahmet Doğan:1:27667|Burak Çetin:2:52319|Emine Yavuz:1:27490|Dilek Yıldız:2:50722|Serap Tunç:3:73602|Halil Turan:1:26603|Özlem Soylu:1:25007|Ebru Er:1:25539|Volkan Akgül:2:47176,3287208,105,352800,3344,31,40.16814429279468,39.81717644959822,3,419432
Atak,23,3404,2020,6,1419,964,455,4400,685,41,0,0,293,4132200,2386455,1712688,836400,185280,162722,205680,0,21113,301493,119599811,58700569,1115774,59783468,73972510,1187694,1211348223,238966,0,2291233,29311961,0,5.0,1.0,2.0,1.0,1.0,1183.0909089666668,1240.681818,690.136364,688.4878788,1173.7772726,2.710017,19.12156003333333,0.95,0.95,1.0,0.925,3,0:1.0500|1:0.9300|2:1.0300|3:0.9400|4:0.9500|5:1.1000|6:0.8200|,Zeynep Güneş:6:40082|Serap Karaca:4:92223|Tuncay Aktaş:1:27135|Cengiz Güler:1:27844|Fatma Kaya:1:25184|Mustafa Kaya:1:25539|Cengiz Erdoğan:2:48417|Esin Akgül:1:25894|Burak Kara:1:24298|Seda Güneş:1:27667|Derya Tunç:1:25184|Yusuf Aktaş:1:24652|Ufuk Kurt:1:25007|Hatice Kaya:2:49126|Hüseyin Özdemir:3:75198|Tuncay Sarı:1:23943|Nazlı Kocabaş:1:28731|Ahmet Doğan:1:27667|Burak Çetin:2:52319|Emine Yavuz:1:27490|Dilek Yıldız:2:50722|Serap Tunç:3:73602|Halil Turan:1:26603|Özlem Soylu:1:25007|Ebru Er:1:25539|Volkan Akgül:2:47176,2437292,108,405169,3375,30,41.44736459997096,41.666666629804666,3,-103676
Atak,23,3435,2020,7,1432,987,445,4911,559,34,0,0,293,5035766,2999713,2016185,727030,161215,171930,217310,0,24451,714249,92985835,37661862,17944,55306029,55306029,1538968,1241629597,238966,0,2331749,34620738,0,4.129032258064516,1.0,2.0,0.12903225806451613,1.0,1195.6671553870967,1268.409091,726.909091,711.2140762580644,1196.9677419677419,2.770836,19.915347225806453,0.95,0.95,1.0,0.925,3,0:1.0500|1:0.9300|2:1.0300|3:0.9400|4:0.9500|5:1.1000|6:0.8200|,Zeynep Güneş:6:46040|Serap Karaca:4:105934|Tuncay Aktaş:1:31169|Cengiz Güler:1:31985|Fatma Kaya:1:28928|Mustafa Kaya:1:29336|Cengiz Erdoğan:2:55616|Esin Akgül:1:29743|Burak Kara:1:27909|Seda Güneş:1:31780|Derya Tunç:1:28928|Yusuf Aktaş:1:28317|Ufuk Kurt:1:28725|Hatice Kaya:2:56431|Hüseyin Özdemir:3:86377|Tuncay Sarı:1:27502|Nazlı Kocabaş:1:33003|Ahmet Doğan:1:31780|Burak Çetin:2:60097|Emine Yavuz:1:31577|Dilek Yıldız:2:58265|Serap Tunç:3:84545|Halil Turan:1:30558|Özlem Soylu:1:28725|Ebru Er:1:29336|Volkan Akgül:2:54190,3069704,109,405169,3405,31,40.03730514880954,39.204728696870205,3,309080
Atak,23,3466,2020,8,1428,1042,386,5254,566,36,0,0,262,4997848,2916300,2056293,696880,153791,175902,222363,0,25129,782228,108066697,30981945,1122763,75961989,75961989,1335696,1267213203,238966,0,2372265,34620738,0,4.0,1.0,2.0,0.0,1.0,1230.4398823548388,1297.272727,724.954545,723.0997068387097,1225.107037967742,2.835116,20.187263032258066,0.95,0.95,1.0,0.925,3,0:1.0500|1:0.9300|2:1.0300|3:0.9400|4:0.9500|5:1.1000|6:0.8200|,Zeynep Güneş:6:46040|Serap Karaca:4:105934|Tuncay Aktaş:1:31169|Cengiz Güler:1:31985|Fatma Kaya:1:28928|Mustafa Kaya:1:29336|Cengiz Erdoğan:2:55616|Esin Akgül:1:29743|Burak Kara:1:27909|Seda Güneş:1:31780|Derya Tunç:1:28928|Yusuf Aktaş:1:28317|Ufuk Kurt:1:28725|Hatice Kaya:2:56431|Hüseyin Özdemir:3:86377|Tuncay Sarı:1:27502|Nazlı Kocabaş:1:33003|Ahmet Doğan:1:31780|Burak Çetin:2:60097|Emine Yavuz:1:31577|Dilek Yıldız:2:58265|Serap Tunç:3:84545|Halil Turan:1:30558|Özlem Soylu:1:28725|Ebru Er:1:29336|Volkan Akgül:2:54190,2696634,108,405169,3436,31,41.14356819174973,41.081676935522566,3,377059
Atak,23,3496,2020,9,1412,987,425,4573,592,35,0,0,302,5403570,3144300,2228265,674400,148830,174190,191460,0,28101,1011284,136567204,69737642,1111087,65718475,65718475,1540554,1311332360,238966,0,2412781,33503940,0,4.0,1.0,2.0,0.0,1.0,1258.3636367333334,1328.409091,737.136364,731.9242424333333,1252.6242424333332,2.900887,20.049288466666667,0.95,0.95,1.0,0.925,3,0:1.0500|1:0.9300|2:1.0300|3:0.9400|4:0.9500|5:1.1000|6:0.8200|,Zeynep Güneş:6:46040|Serap Karaca:4:105934|Tuncay Aktaş:1:31169|Cengiz Güler:1:31985|Fatma Kaya:1:28928|Mustafa Kaya:1:29336|Cengiz Erdoğan:2:55616|Esin Akgül:1:29743|Burak Kara:1:27909|Seda Güneş:1:31780|Derya Tunç:1:28928|Yusuf Aktaş:1:28317|Ufuk Kurt:1:28725|Hatice Kaya:2:56431|Hüseyin Özdemir:3:86377|Tuncay Sarı:1:27502|Nazlı Kocabaş:1:33003|Ahmet Doğan:1:31780|Burak Çetin:2:60097|Emine Yavuz:1:31577|Dilek Yıldız:2:58265|Serap Tunç:3:84545|Halil Turan:1:30558|Özlem Soylu:1:28725|Ebru Er:1:29336|Volkan Akgül:2:54190,3239226,108,405169,3467,30,41.23690449091989,41.42103741065028,3,606115
Atak,23,3527,2020,10,1402,968,434,4829,671,28,0,0,258,5966790,3543286,2393738,772180,170735,184030,202275,0,94650,969868,122741847,57033272,1099050,64609525,64609525,1720802,1371392050,238966,0,2453297,34620738,0,4.193548387096774,1.0,2.0,0.1935483870967742,1.0,1280.4985339677419,1356.818182,772.727273,759.0615835806452,1278.244868,2.965989,19.691141580645162,0.95,0.95,1.0,0.925,3,0:1.0500|1:0.9300|2:1.0300|3:0.9400|4:0.9500|5:1.1000|6:0.8200|,Zeynep Güneş:6:46040|Serap Karaca:4:105934|Tuncay Aktaş:1:31169|Cengiz Güler:1:31985|Fatma Kaya:1:28928|Mustafa Kaya:1:29336|Cengiz Erdoğan:2:55616|Esin Akgül:1:29743|Burak Kara:1:27909|Seda Güneş:1:31780|Derya Tunç:1:28928|Yusuf Aktaş:1:28317|Ufuk Kurt:1:28725|Hatice Kaya:2:56431|Hüseyin Özdemir:3:86377|Tuncay Sarı:1:27502|Nazlı Kocabaş:1:33003|Ahmet Doğan:1:31780|Burak Çetin:2:60097|Emine Yavuz:1:31577|Dilek Yıldız:2:58265|Serap Tunç:3:84545|Halil Turan:1:30558|Özlem Soylu:1:28725|Ebru Er:1:29336|Volkan Akgül:2:54190,3435858,107,405169,3497,31,40.11768471824884,39.65418526441933,3,564699
Atak,23,3557,2020,11,1292,866,426,4183,718,52,0,0,231,5053830,2978161,2038379,1050900,233550,182236,200310,0,37563,333820,138012487,54796583,1086639,82129265,82129265,1377316,1389736739,238966,0,2493813,33503940,0,5.0,1.0,2.0,1.0,1.0,1312.8787879333333,1389.545455,775.727273,772.0348485,1305.1939395333332,3.034797,19.137908033333336,0.95,0.95,1.0,0.925,3,0:1.0500|1:0.9300|2:1.0300|3:0.9400|4:0.9500|5:1.1000|6:0.8200|,Zeynep Güneş:6:46040|Serap Karaca:4:105934|Tuncay Aktaş:1:31169|Cengiz Güler:1:31985|Fatma Kaya:1:28928|Mustafa Kaya:1:29336|Cengiz Erdoğan:2:55616|Esin Akgül:1:29743|Burak Kara:1:27909|Seda Güneş:1:31780|Derya Tunç:1:28928|Yusuf Aktaş:1:28317|Ufuk Kurt:1:28725|Hatice Kaya:2:56431|Hüseyin Özdemir:3:86377|Tuncay Sarı:1:27502|Nazlı Kocabaş:1:33003|Ahmet Doğan:1:31780|Burak Çetin:2:60097|Emine Yavuz:1:31577|Dilek Yıldız:2:58265|Serap Tunç:3:84545|Halil Turan:1:30558|Özlem Soylu:1:28725|Ebru Er:1:29336|Volkan Akgül:2:54190,3038812,110,405169,3528,30,40.333351141609434,40.9140219089753,3,-71349
Atak,23,3588,2020,12,1406,984,422,4469,665,79,0,0,268,5754437,3454650,2274451,1085930,241335,192530,232779,0,27710,494167,184257673,110727791,1073843,72456039,72456039,1356762,1458069850,269854,0,2539567,34769345,0,5.0,1.0,2.0,1.0,1.0,1337.8519063548385,1420.681818,815.9428155806452,801.6158356451613,1333.3357771612905,3.102904,19.633745903225805,0.95,0.95,1.0,0.925,3,0:1.0500|1:0.9300|2:1.0300|3:0.9400|4:0.9500|5:1.1000|6:0.8200|,Zeynep Güneş:6:46040|Serap Karaca:4:105934|Tuncay Aktaş:1:31169|Cengiz Güler:1:31985|Fatma Kaya:1:28928|Mustafa Kaya:1:29336|Cengiz Erdoğan:2:55616|Esin Akgül:1:29743|Burak Kara:1:27909|Seda Güneş:1:31780|Derya Tunç:1:28928|Yusuf Aktaş:1:28317|Ufuk Kurt:1:28725|Hatice Kaya:2:56431|Hüseyin Özdemir:3:86377|Tuncay Sarı:1:27502|Nazlı Kocabaş:1:33003|Ahmet Doğan:1:31780|Burak Çetin:2:60097|Emine Yavuz:1:31577|Dilek Yıldız:2:58265|Serap Tunç:3:84545|Halil Turan:1:30558|Özlem Soylu:1:28725|Ebru Er:1:29336|Volkan Akgül:2:54190,3553236,110,457537,3558,31,39.5251698819537,39.01097634910926,3,36630
Atak,23,3619,2021,1,1371,928,443,4640,779,63,0,0,237,6195335,3699002,2459836,1171430,261206,196984,238173,0,32664,559379,90231685,7542746,8862,82680077,67076027,1766354,1519403975,269854,0,2585321,39227555,0,5.0,1.0,2.0,1.0,1.0,1378.3651026129032,1453.409091,829.045455,821.8093841935483,1362.7668622258063,3.174888,18.867779677419353,0.95,0.95,1.0,0.925,3,0:1.0500|1:0.9300|2:1.0300|3:0.9400|4:0.9500|5:1.1000|6:0.8200|,Zeynep Güneş:6:52168|Serap Karaca:4:120032|Tuncay Aktaş:1:35317|Cengiz Güler:1:36240|Fatma Kaya:1:32777|Mustafa Kaya:1:33239|Cengiz Erdoğan:2:63016|Esin Akgül:1:33701|Burak Kara:1:31623|Seda Güneş:1:36009|Derya Tunç:1:32777|Yusuf Aktaş:1:32085|Ufuk Kurt:1:32547|Hatice Kaya:2:63940|Hüseyin Özdemir:3:97871|Tuncay Sarı:1:31162|Nazlı Kocabaş:1:37394|Ahmet Doğan:1:36009|Burak Çetin:2:68095|Emine Yavuz:1:35779|Dilek Yıldız:2:66018|Serap Tunç:3:95794|Halil Turan:1:34625|Özlem Soylu:1:32547|Ebru Er:1:33239|Volkan Akgül:2:61401,3793326,110,457537,3589,31,39.70464873973724,39.8529857271911,3,101842
Atak,23,3647,2021,2,1193,822,371,3888,719,22,0,0,214,5436456,3256574,2151513,1060640,235928,181676,219688,0,30434,423147,60545181,-2205483,1022798,61727866,61974070,1727350,1510781668,269854,0,2631075,35431340,0,5.0,1.0,2.0,1.0,1.0,1415.6006492142858,1484.545455,848.363636,838.3376623214286,1397.1655845,3.242156,18.082396464285715,0.95,0.95,1.0,0.925,3,0:1.0500|1:0.9300|2:1.0300|3:0.9400|4:0.9500|5:1.1000|6:0.8200|,Zeynep Güneş:6:52168|Serap Karaca:4:120032|Tuncay Aktaş:1:35317|Cengiz Güler:1:36240|Fatma Kaya:1:32777|Mustafa Kaya:1:33239|Cengiz Erdoğan:2:63016|Esin Akgül:1:33701|Burak Kara:1:31623|Seda Güneş:1:36009|Derya Tunç:1:32777|Yusuf Aktaş:1:32085|Ufuk Kurt:1:32547|Hatice Kaya:2:63940|Hüseyin Özdemir:3:97871|Tuncay Sarı:1:31162|Nazlı Kocabaş:1:37394|Ahmet Doğan:1:36009|Burak Çetin:2:68095|Emine Yavuz:1:35779|Dilek Yıldız:2:66018|Serap Tunç:3:95794|Halil Turan:1:34625|Özlem Soylu:1:32547|Ebru Er:1:33239|Volkan Akgül:2:61401,3097942,110,457537,3620,28,39.5756536979238,40.07041205647403,3,-34390
Atak,23,3653,2021,3,232,166,66,760,98,3,0,0,42,1024031,605530,410869,227280,50556,39648,43614,0,5802,43969,29437544,29437544,0,0,15357846,1599688,1510589702,0,0,2631075,7592430,0,5.0,1.0,2.0,1.0,1.0,1438.4090910000002,1513.181818,855.272727,846.1666668333334,1428.2196968333335,3.304138,19.099973000000002,0.9499999999999998,0.9499999999999998,1.0,0.9250000000000002,3,0:1.0500|1:0.9300|2:1.0300|3:0.9400|4:0.9500|5:1.1000|6:0.8200|,Zeynep Güneş:6:52168|Serap Karaca:4:120032|Tuncay Aktaş:1:35317|Cengiz Güler:1:36240|Fatma Kaya:1:32777|Mustafa Kaya:1:33239|Cengiz Erdoğan:2:63016|Esin Akgül:1:33701|Burak Kara:1:31623|Seda Güneş:1:36009|Derya Tunç:1:32777|Yusuf Aktaş:1:32085|Ufuk Kurt:1:32547|Hatice Kaya:2:63940|Hüseyin Özdemir:3:97871|Tuncay Sarı:1:31162|Nazlı Kocabaş:1:37394|Ahmet Doğan:1:36009|Burak Çetin:2:68095|Emine Yavuz:1:35779|Dilek Yıldız:2:66018|Serap Tunç:3:95794|Halil Turan:1:34625|Özlem Soylu:1:32547|Ebru Er:1:33239|Volkan Akgül:2:61401,594174,110,0,3648,6,40.122711128862306,40.54036974937334,3,43969
